ISO-10303-21;
HEADER;
FILE_DESCRIPTION(('Open CASCADE Model'),'2;1');
FILE_NAME('Open CASCADE Shape Model','2026-07-11T19:49:43',('Author'),(
    'Open CASCADE'),'Open CASCADE STEP processor 7.8','Open CASCADE 7.8'
  ,'Unknown');
FILE_SCHEMA(('AUTOMOTIVE_DESIGN { 1 0 10303 214 1 1 1 1 }'));
ENDSEC;
DATA;
#1 = APPLICATION_PROTOCOL_DEFINITION('international standard',
  'automotive_design',2000,#2);
#2 = APPLICATION_CONTEXT(
  'core data for automotive mechanical design processes');
#3 = SHAPE_DEFINITION_REPRESENTATION(#4,#10);
#4 = PRODUCT_DEFINITION_SHAPE('','',#5);
#5 = PRODUCT_DEFINITION('design','',#6,#9);
#6 = PRODUCT_DEFINITION_FORMATION('','',#7);
#7 = PRODUCT('Open CASCADE STEP translator 7.8 1',
  'Open CASCADE STEP translator 7.8 1','',(#8));
#8 = PRODUCT_CONTEXT('',#2,'mechanical');
#9 = PRODUCT_DEFINITION_CONTEXT('part definition',#2,'design');
#10 = ADVANCED_BREP_SHAPE_REPRESENTATION('',(#11,#15),#4461);
#11 = AXIS2_PLACEMENT_3D('',#12,#13,#14);
#12 = CARTESIAN_POINT('',(0.,0.,0.));
#13 = DIRECTION('',(0.,0.,1.));
#14 = DIRECTION('',(1.,0.,-0.));
#15 = MANIFOLD_SOLID_BREP('',#16);
#16 = CLOSED_SHELL('',(#17,#137,#319,#400,#1515,#1631,#1680,#1844,#1871,
    #1925,#1974,#2275,#2302,#2351,#2400,#2449,#2498,#2547,#2596,#2645,
    #2672,#2721,#2837,#2886,#2980,#3029,#3078,#3127,#3176,#3225,#3274,
    #3323,#3350,#3377,#3404,#3431,#3458,#3485,#3492,#3504,#3531,#3558,
    #3585,#3612,#3619,#3672,#3725,#3778,#3831,#3880,#4044,#4071,#4083,
    #4138,#4193,#4248,#4303,#4330,#4357,#4384,#4411,#4438,#4445,#4449,
    #4453,#4457));
#17 = ADVANCED_FACE('',(#18),#32,.F.);
#18 = FACE_BOUND('',#19,.F.);
#19 = EDGE_LOOP('',(#20,#55,#83,#111));
#20 = ORIENTED_EDGE('',*,*,#21,.F.);
#21 = EDGE_CURVE('',#22,#24,#26,.T.);
#22 = VERTEX_POINT('',#23);
#23 = CARTESIAN_POINT('',(-50.,-49.,0.));
#24 = VERTEX_POINT('',#25);
#25 = CARTESIAN_POINT('',(-50.,-49.,29.65));
#26 = SURFACE_CURVE('',#27,(#31,#43),.PCURVE_S1.);
#27 = LINE('',#28,#29);
#28 = CARTESIAN_POINT('',(-50.,-49.,0.));
#29 = VECTOR('',#30,1.);
#30 = DIRECTION('',(0.,0.,1.));
#31 = PCURVE('',#32,#37);
#32 = PLANE('',#33);
#33 = AXIS2_PLACEMENT_3D('',#34,#35,#36);
#34 = CARTESIAN_POINT('',(-50.,-50.,0.));
#35 = DIRECTION('',(1.,0.,0.));
#36 = DIRECTION('',(0.,0.,1.));
#37 = DEFINITIONAL_REPRESENTATION('',(#38),#42);
#38 = LINE('',#39,#40);
#39 = CARTESIAN_POINT('',(0.,-1.));
#40 = VECTOR('',#41,1.);
#41 = DIRECTION('',(1.,0.));
#42 = ( GEOMETRIC_REPRESENTATION_CONTEXT(2) 
PARAMETRIC_REPRESENTATION_CONTEXT() REPRESENTATION_CONTEXT('2D SPACE',''
  ) );
#43 = PCURVE('',#44,#49);
#44 = PLANE('',#45);
#45 = AXIS2_PLACEMENT_3D('',#46,#47,#48);
#46 = CARTESIAN_POINT('',(-49.5,-49.5,0.));
#47 = DIRECTION('',(-0.707106781187,-0.707106781187,0.));
#48 = DIRECTION('',(-0.,-0.,-1.));
#49 = DEFINITIONAL_REPRESENTATION('',(#50),#54);
#50 = LINE('',#51,#52);
#51 = CARTESIAN_POINT('',(-0.,-0.707106781187));
#52 = VECTOR('',#53,1.);
#53 = DIRECTION('',(-1.,0.));
#54 = ( GEOMETRIC_REPRESENTATION_CONTEXT(2) 
PARAMETRIC_REPRESENTATION_CONTEXT() REPRESENTATION_CONTEXT('2D SPACE',''
  ) );
#55 = ORIENTED_EDGE('',*,*,#56,.T.);
#56 = EDGE_CURVE('',#22,#57,#59,.T.);
#57 = VERTEX_POINT('',#58);
#58 = CARTESIAN_POINT('',(-50.,49.,0.));
#59 = SURFACE_CURVE('',#60,(#64,#71),.PCURVE_S1.);
#60 = LINE('',#61,#62);
#61 = CARTESIAN_POINT('',(-50.,-50.,0.));
#62 = VECTOR('',#63,1.);
#63 = DIRECTION('',(0.,1.,0.));
#64 = PCURVE('',#32,#65);
#65 = DEFINITIONAL_REPRESENTATION('',(#66),#70);
#66 = LINE('',#67,#68);
#67 = CARTESIAN_POINT('',(0.,0.));
#68 = VECTOR('',#69,1.);
#69 = DIRECTION('',(0.,-1.));
#70 = ( GEOMETRIC_REPRESENTATION_CONTEXT(2) 
PARAMETRIC_REPRESENTATION_CONTEXT() REPRESENTATION_CONTEXT('2D SPACE',''
  ) );
#71 = PCURVE('',#72,#77);
#72 = PLANE('',#73);
#73 = AXIS2_PLACEMENT_3D('',#74,#75,#76);
#74 = CARTESIAN_POINT('',(-50.,-50.,0.));
#75 = DIRECTION('',(0.,0.,1.));
#76 = DIRECTION('',(1.,0.,0.));
#77 = DEFINITIONAL_REPRESENTATION('',(#78),#82);
#78 = LINE('',#79,#80);
#79 = CARTESIAN_POINT('',(0.,0.));
#80 = VECTOR('',#81,1.);
#81 = DIRECTION('',(0.,1.));
#82 = ( GEOMETRIC_REPRESENTATION_CONTEXT(2) 
PARAMETRIC_REPRESENTATION_CONTEXT() REPRESENTATION_CONTEXT('2D SPACE',''
  ) );
#83 = ORIENTED_EDGE('',*,*,#84,.T.);
#84 = EDGE_CURVE('',#57,#85,#87,.T.);
#85 = VERTEX_POINT('',#86);
#86 = CARTESIAN_POINT('',(-50.,49.,29.65));
#87 = SURFACE_CURVE('',#88,(#92,#99),.PCURVE_S1.);
#88 = LINE('',#89,#90);
#89 = CARTESIAN_POINT('',(-50.,49.,0.));
#90 = VECTOR('',#91,1.);
#91 = DIRECTION('',(0.,0.,1.));
#92 = PCURVE('',#32,#93);
#93 = DEFINITIONAL_REPRESENTATION('',(#94),#98);
#94 = LINE('',#95,#96);
#95 = CARTESIAN_POINT('',(0.,-99.));
#96 = VECTOR('',#97,1.);
#97 = DIRECTION('',(1.,0.));
#98 = ( GEOMETRIC_REPRESENTATION_CONTEXT(2) 
PARAMETRIC_REPRESENTATION_CONTEXT() REPRESENTATION_CONTEXT('2D SPACE',''
  ) );
#99 = PCURVE('',#100,#105);
#100 = PLANE('',#101);
#101 = AXIS2_PLACEMENT_3D('',#102,#103,#104);
#102 = CARTESIAN_POINT('',(-49.5,49.5,0.));
#103 = DIRECTION('',(0.707106781187,-0.707106781187,0.));
#104 = DIRECTION('',(-0.,-0.,-1.));
#105 = DEFINITIONAL_REPRESENTATION('',(#106),#110);
#106 = LINE('',#107,#108);
#107 = CARTESIAN_POINT('',(-0.,-0.707106781187));
#108 = VECTOR('',#109,1.);
#109 = DIRECTION('',(-1.,0.));
#110 = ( GEOMETRIC_REPRESENTATION_CONTEXT(2) 
PARAMETRIC_REPRESENTATION_CONTEXT() REPRESENTATION_CONTEXT('2D SPACE',''
  ) );
#111 = ORIENTED_EDGE('',*,*,#112,.F.);
#112 = EDGE_CURVE('',#24,#85,#113,.T.);
#113 = SURFACE_CURVE('',#114,(#118,#125),.PCURVE_S1.);
#114 = LINE('',#115,#116);
#115 = CARTESIAN_POINT('',(-50.,-49.,29.65));
#116 = VECTOR('',#117,1.);
#117 = DIRECTION('',(0.,1.,0.));
#118 = PCURVE('',#32,#119);
#119 = DEFINITIONAL_REPRESENTATION('',(#120),#124);
#120 = LINE('',#121,#122);
#121 = CARTESIAN_POINT('',(29.65,-1.));
#122 = VECTOR('',#123,1.);
#123 = DIRECTION('',(0.,-1.));
#124 = ( GEOMETRIC_REPRESENTATION_CONTEXT(2) 
PARAMETRIC_REPRESENTATION_CONTEXT() REPRESENTATION_CONTEXT('2D SPACE',''
  ) );
#125 = PCURVE('',#126,#131);
#126 = PLANE('',#127);
#127 = AXIS2_PLACEMENT_3D('',#128,#129,#130);
#128 = CARTESIAN_POINT('',(-49.825,-49.,29.825));
#129 = DIRECTION('',(0.707106781187,0.,-0.707106781187));
#130 = DIRECTION('',(0.,1.,0.));
#131 = DEFINITIONAL_REPRESENTATION('',(#132),#136);
#132 = LINE('',#133,#134);
#133 = CARTESIAN_POINT('',(0.,-0.247487373415));
#134 = VECTOR('',#135,1.);
#135 = DIRECTION('',(1.,0.));
#136 = ( GEOMETRIC_REPRESENTATION_CONTEXT(2) 
PARAMETRIC_REPRESENTATION_CONTEXT() REPRESENTATION_CONTEXT('2D SPACE',''
  ) );
#137 = ADVANCED_FACE('',(#138),#44,.T.);
#138 = FACE_BOUND('',#139,.F.);
#139 = EDGE_LOOP('',(#140,#141,#169,#197,#220,#246,#272,#298));
#140 = ORIENTED_EDGE('',*,*,#21,.T.);
#141 = ORIENTED_EDGE('',*,*,#142,.T.);
#142 = EDGE_CURVE('',#24,#143,#145,.T.);
#143 = VERTEX_POINT('',#144);
#144 = CARTESIAN_POINT('',(-49.,-50.,29.65));
#145 = SURFACE_CURVE('',#146,(#150,#157),.PCURVE_S1.);
#146 = LINE('',#147,#148);
#147 = CARTESIAN_POINT('',(-50.,-49.,29.65));
#148 = VECTOR('',#149,1.);
#149 = DIRECTION('',(0.707106781187,-0.707106781187,0.));
#150 = PCURVE('',#44,#151);
#151 = DEFINITIONAL_REPRESENTATION('',(#152),#156);
#152 = LINE('',#153,#154);
#153 = CARTESIAN_POINT('',(-29.65,-0.707106781187));
#154 = VECTOR('',#155,1.);
#155 = DIRECTION('',(-0.,1.));
#156 = ( GEOMETRIC_REPRESENTATION_CONTEXT(2) 
PARAMETRIC_REPRESENTATION_CONTEXT() REPRESENTATION_CONTEXT('2D SPACE',''
  ) );
#157 = PCURVE('',#158,#163);
#158 = PLANE('',#159);
#159 = AXIS2_PLACEMENT_3D('',#160,#161,#162);
#160 = CARTESIAN_POINT('',(-49.87625631329,-48.87625631329,29.825));
#161 = DIRECTION('',(0.5,0.5,-0.707106781187));
#162 = DIRECTION('',(0.707106781187,-0.707106781187,5.551115123126E-17)
  );
#163 = DEFINITIONAL_REPRESENTATION('',(#164),#168);
#164 = LINE('',#165,#166);
#165 = CARTESIAN_POINT('',(7.105427357601E-15,0.247487373415));
#166 = VECTOR('',#167,1.);
#167 = DIRECTION('',(1.,0.));
#168 = ( GEOMETRIC_REPRESENTATION_CONTEXT(2) 
PARAMETRIC_REPRESENTATION_CONTEXT() REPRESENTATION_CONTEXT('2D SPACE',''
  ) );
#169 = ORIENTED_EDGE('',*,*,#170,.F.);
#170 = EDGE_CURVE('',#171,#143,#173,.T.);
#171 = VERTEX_POINT('',#172);
#172 = CARTESIAN_POINT('',(-49.,-50.,0.));
#173 = SURFACE_CURVE('',#174,(#178,#185),.PCURVE_S1.);
#174 = LINE('',#175,#176);
#175 = CARTESIAN_POINT('',(-49.,-50.,0.));
#176 = VECTOR('',#177,1.);
#177 = DIRECTION('',(0.,0.,1.));
#178 = PCURVE('',#44,#179);
#179 = DEFINITIONAL_REPRESENTATION('',(#180),#184);
#180 = LINE('',#181,#182);
#181 = CARTESIAN_POINT('',(-0.,0.707106781187));
#182 = VECTOR('',#183,1.);
#183 = DIRECTION('',(-1.,0.));
#184 = ( GEOMETRIC_REPRESENTATION_CONTEXT(2) 
PARAMETRIC_REPRESENTATION_CONTEXT() REPRESENTATION_CONTEXT('2D SPACE',''
  ) );
#185 = PCURVE('',#186,#191);
#186 = PLANE('',#187);
#187 = AXIS2_PLACEMENT_3D('',#188,#189,#190);
#188 = CARTESIAN_POINT('',(-50.,-50.,0.));
#189 = DIRECTION('',(0.,1.,0.));
#190 = DIRECTION('',(0.,0.,1.));
#191 = DEFINITIONAL_REPRESENTATION('',(#192),#196);
#192 = LINE('',#193,#194);
#193 = CARTESIAN_POINT('',(0.,1.));
#194 = VECTOR('',#195,1.);
#195 = DIRECTION('',(1.,0.));
#196 = ( GEOMETRIC_REPRESENTATION_CONTEXT(2) 
PARAMETRIC_REPRESENTATION_CONTEXT() REPRESENTATION_CONTEXT('2D SPACE',''
  ) );
#197 = ORIENTED_EDGE('',*,*,#198,.F.);
#198 = EDGE_CURVE('',#199,#171,#201,.T.);
#199 = VERTEX_POINT('',#200);
#200 = CARTESIAN_POINT('',(-49.3,-49.7,0.));
#201 = SURFACE_CURVE('',#202,(#206,#213),.PCURVE_S1.);
#202 = LINE('',#203,#204);
#203 = CARTESIAN_POINT('',(-49.5,-49.5,0.));
#204 = VECTOR('',#205,1.);
#205 = DIRECTION('',(0.707106781187,-0.707106781187,0.));
#206 = PCURVE('',#44,#207);
#207 = DEFINITIONAL_REPRESENTATION('',(#208),#212);
#208 = LINE('',#209,#210);
#209 = CARTESIAN_POINT('',(-0.,0.));
#210 = VECTOR('',#211,1.);
#211 = DIRECTION('',(-0.,1.));
#212 = ( GEOMETRIC_REPRESENTATION_CONTEXT(2) 
PARAMETRIC_REPRESENTATION_CONTEXT() REPRESENTATION_CONTEXT('2D SPACE',''
  ) );
#213 = PCURVE('',#72,#214);
#214 = DEFINITIONAL_REPRESENTATION('',(#215),#219);
#215 = LINE('',#216,#217);
#216 = CARTESIAN_POINT('',(0.5,0.5));
#217 = VECTOR('',#218,1.);
#218 = DIRECTION('',(0.707106781187,-0.707106781187));
#219 = ( GEOMETRIC_REPRESENTATION_CONTEXT(2) 
PARAMETRIC_REPRESENTATION_CONTEXT() REPRESENTATION_CONTEXT('2D SPACE',''
  ) );
#220 = ORIENTED_EDGE('',*,*,#221,.T.);
#221 = EDGE_CURVE('',#199,#222,#224,.T.);
#222 = VERTEX_POINT('',#223);
#223 = CARTESIAN_POINT('',(-49.3,-49.7,1.));
#224 = SURFACE_CURVE('',#225,(#229,#235),.PCURVE_S1.);
#225 = LINE('',#226,#227);
#226 = CARTESIAN_POINT('',(-49.3,-49.7,0.));
#227 = VECTOR('',#228,1.);
#228 = DIRECTION('',(0.,0.,1.));
#229 = PCURVE('',#44,#230);
#230 = DEFINITIONAL_REPRESENTATION('',(#231),#234);
#231 = B_SPLINE_CURVE_WITH_KNOTS('',1,(#232,#233),.UNSPECIFIED.,.F.,.F.,
  (2,2),(0.,1.),.PIECEWISE_BEZIER_KNOTS.);
#232 = CARTESIAN_POINT('',(0.,0.282842712475));
#233 = CARTESIAN_POINT('',(-1.,0.282842712475));
#234 = ( GEOMETRIC_REPRESENTATION_CONTEXT(2) 
PARAMETRIC_REPRESENTATION_CONTEXT() REPRESENTATION_CONTEXT('2D SPACE',''
  ) );
#235 = PCURVE('',#236,#241);
#236 = PLANE('',#237);
#237 = AXIS2_PLACEMENT_3D('',#238,#239,#240);
#238 = CARTESIAN_POINT('',(-49.3,-86.,0.));
#239 = DIRECTION('',(-1.,0.,0.));
#240 = DIRECTION('',(0.,1.,0.));
#241 = DEFINITIONAL_REPRESENTATION('',(#242),#245);
#242 = B_SPLINE_CURVE_WITH_KNOTS('',1,(#243,#244),.UNSPECIFIED.,.F.,.F.,
  (2,2),(0.,1.),.PIECEWISE_BEZIER_KNOTS.);
#243 = CARTESIAN_POINT('',(36.3,0.));
#244 = CARTESIAN_POINT('',(36.3,-1.));
#245 = ( GEOMETRIC_REPRESENTATION_CONTEXT(2) 
PARAMETRIC_REPRESENTATION_CONTEXT() REPRESENTATION_CONTEXT('2D SPACE',''
  ) );
#246 = ORIENTED_EDGE('',*,*,#247,.F.);
#247 = EDGE_CURVE('',#248,#222,#250,.T.);
#248 = VERTEX_POINT('',#249);
#249 = CARTESIAN_POINT('',(-49.7,-49.3,1.));
#250 = SURFACE_CURVE('',#251,(#255,#261),.PCURVE_S1.);
#251 = LINE('',#252,#253);
#252 = CARTESIAN_POINT('',(-49.5,-49.5,1.));
#253 = VECTOR('',#254,1.);
#254 = DIRECTION('',(0.707106781187,-0.707106781187,0.));
#255 = PCURVE('',#44,#256);
#256 = DEFINITIONAL_REPRESENTATION('',(#257),#260);
#257 = B_SPLINE_CURVE_WITH_KNOTS('',1,(#258,#259),.UNSPECIFIED.,.F.,.F.,
  (2,2),(-0.282842712475,0.282842712475),.PIECEWISE_BEZIER_KNOTS.);
#258 = CARTESIAN_POINT('',(-1.,-0.282842712475));
#259 = CARTESIAN_POINT('',(-1.,0.282842712475));
#260 = ( GEOMETRIC_REPRESENTATION_CONTEXT(2) 
PARAMETRIC_REPRESENTATION_CONTEXT() REPRESENTATION_CONTEXT('2D SPACE',''
  ) );
#261 = PCURVE('',#262,#267);
#262 = PLANE('',#263);
#263 = AXIS2_PLACEMENT_3D('',#264,#265,#266);
#264 = CARTESIAN_POINT('',(-81.12292819924,-81.12292819924,1.));
#265 = DIRECTION('',(0.,0.,1.));
#266 = DIRECTION('',(1.,0.,-0.));
#267 = DEFINITIONAL_REPRESENTATION('',(#268),#271);
#268 = B_SPLINE_CURVE_WITH_KNOTS('',1,(#269,#270),.UNSPECIFIED.,.F.,.F.,
  (2,2),(-0.282842712475,0.282842712475),.PIECEWISE_BEZIER_KNOTS.);
#269 = CARTESIAN_POINT('',(31.422928199248,31.822928199248));
#270 = CARTESIAN_POINT('',(31.822928199248,31.422928199248));
#271 = ( GEOMETRIC_REPRESENTATION_CONTEXT(2) 
PARAMETRIC_REPRESENTATION_CONTEXT() REPRESENTATION_CONTEXT('2D SPACE',''
  ) );
#272 = ORIENTED_EDGE('',*,*,#273,.T.);
#273 = EDGE_CURVE('',#248,#274,#276,.T.);
#274 = VERTEX_POINT('',#275);
#275 = CARTESIAN_POINT('',(-49.7,-49.3,0.));
#276 = SURFACE_CURVE('',#277,(#281,#287),.PCURVE_S1.);
#277 = LINE('',#278,#279);
#278 = CARTESIAN_POINT('',(-49.7,-49.3,0.));
#279 = VECTOR('',#280,1.);
#280 = DIRECTION('',(0.,-0.,-1.));
#281 = PCURVE('',#44,#282);
#282 = DEFINITIONAL_REPRESENTATION('',(#283),#286);
#283 = B_SPLINE_CURVE_WITH_KNOTS('',1,(#284,#285),.UNSPECIFIED.,.F.,.F.,
  (2,2),(-1.,0.),.PIECEWISE_BEZIER_KNOTS.);
#284 = CARTESIAN_POINT('',(-1.,-0.282842712475));
#285 = CARTESIAN_POINT('',(0.,-0.282842712475));
#286 = ( GEOMETRIC_REPRESENTATION_CONTEXT(2) 
PARAMETRIC_REPRESENTATION_CONTEXT() REPRESENTATION_CONTEXT('2D SPACE',''
  ) );
#287 = PCURVE('',#288,#293);
#288 = PLANE('',#289);
#289 = AXIS2_PLACEMENT_3D('',#290,#291,#292);
#290 = CARTESIAN_POINT('',(-49.3,-49.3,0.));
#291 = DIRECTION('',(0.,-1.,0.));
#292 = DIRECTION('',(-1.,0.,0.));
#293 = DEFINITIONAL_REPRESENTATION('',(#294),#297);
#294 = B_SPLINE_CURVE_WITH_KNOTS('',1,(#295,#296),.UNSPECIFIED.,.F.,.F.,
  (2,2),(-1.,0.),.PIECEWISE_BEZIER_KNOTS.);
#295 = CARTESIAN_POINT('',(0.4,-1.));
#296 = CARTESIAN_POINT('',(0.4,0.));
#297 = ( GEOMETRIC_REPRESENTATION_CONTEXT(2) 
PARAMETRIC_REPRESENTATION_CONTEXT() REPRESENTATION_CONTEXT('2D SPACE',''
  ) );
#298 = ORIENTED_EDGE('',*,*,#299,.F.);
#299 = EDGE_CURVE('',#22,#274,#300,.T.);
#300 = SURFACE_CURVE('',#301,(#305,#312),.PCURVE_S1.);
#301 = LINE('',#302,#303);
#302 = CARTESIAN_POINT('',(-49.5,-49.5,0.));
#303 = VECTOR('',#304,1.);
#304 = DIRECTION('',(0.707106781187,-0.707106781187,0.));
#305 = PCURVE('',#44,#306);
#306 = DEFINITIONAL_REPRESENTATION('',(#307),#311);
#307 = LINE('',#308,#309);
#308 = CARTESIAN_POINT('',(-0.,0.));
#309 = VECTOR('',#310,1.);
#310 = DIRECTION('',(-0.,1.));
#311 = ( GEOMETRIC_REPRESENTATION_CONTEXT(2) 
PARAMETRIC_REPRESENTATION_CONTEXT() REPRESENTATION_CONTEXT('2D SPACE',''
  ) );
#312 = PCURVE('',#72,#313);
#313 = DEFINITIONAL_REPRESENTATION('',(#314),#318);
#314 = LINE('',#315,#316);
#315 = CARTESIAN_POINT('',(0.5,0.5));
#316 = VECTOR('',#317,1.);
#317 = DIRECTION('',(0.707106781187,-0.707106781187));
#318 = ( GEOMETRIC_REPRESENTATION_CONTEXT(2) 
PARAMETRIC_REPRESENTATION_CONTEXT() REPRESENTATION_CONTEXT('2D SPACE',''
  ) );
#319 = ADVANCED_FACE('',(#320),#126,.F.);
#320 = FACE_BOUND('',#321,.F.);
#321 = EDGE_LOOP('',(#322,#345,#346,#374));
#322 = ORIENTED_EDGE('',*,*,#323,.F.);
#323 = EDGE_CURVE('',#24,#324,#326,.T.);
#324 = VERTEX_POINT('',#325);
#325 = CARTESIAN_POINT('',(-49.65,-48.85502525316,30.));
#326 = SURFACE_CURVE('',#327,(#331,#338),.PCURVE_S1.);
#327 = LINE('',#328,#329);
#328 = CARTESIAN_POINT('',(-49.83882650037,-48.93323975055,
    29.811173499627));
#329 = VECTOR('',#330,1.);
#330 = DIRECTION('',(0.678598344546,0.281084637715,0.678598344546));
#331 = PCURVE('',#126,#332);
#332 = DEFINITIONAL_REPRESENTATION('',(#333),#337);
#333 = LINE('',#334,#335);
#334 = CARTESIAN_POINT('',(6.67602494407E-02,-1.955362434748E-02));
#335 = VECTOR('',#336,1.);
#336 = DIRECTION('',(0.281084637715,0.959682982261));
#337 = ( GEOMETRIC_REPRESENTATION_CONTEXT(2) 
PARAMETRIC_REPRESENTATION_CONTEXT() REPRESENTATION_CONTEXT('2D SPACE',''
  ) );
#338 = PCURVE('',#158,#339);
#339 = DEFINITIONAL_REPRESENTATION('',(#340),#344);
#340 = LINE('',#341,#342);
#341 = CARTESIAN_POINT('',(6.676024944067E-02,1.955362434746E-02));
#342 = VECTOR('',#343,1.);
#343 = DIRECTION('',(0.281084637715,-0.959682982261));
#344 = ( GEOMETRIC_REPRESENTATION_CONTEXT(2) 
PARAMETRIC_REPRESENTATION_CONTEXT() REPRESENTATION_CONTEXT('2D SPACE',''
  ) );
#345 = ORIENTED_EDGE('',*,*,#112,.T.);
#346 = ORIENTED_EDGE('',*,*,#347,.T.);
#347 = EDGE_CURVE('',#85,#348,#350,.T.);
#348 = VERTEX_POINT('',#349);
#349 = CARTESIAN_POINT('',(-49.65,48.855025253169,30.));
#350 = SURFACE_CURVE('',#351,(#355,#362),.PCURVE_S1.);
#351 = LINE('',#352,#353);
#352 = CARTESIAN_POINT('',(-40.49239157867,45.061819646155,
    39.157608421324));
#353 = VECTOR('',#354,1.);
#354 = DIRECTION('',(0.678598344546,-0.281084637715,0.678598344546));
#355 = PCURVE('',#126,#356);
#356 = DEFINITIONAL_REPRESENTATION('',(#357),#361);
#357 = LINE('',#358,#359);
#358 = CARTESIAN_POINT('',(94.061819646155,13.198301401753));
#359 = VECTOR('',#360,1.);
#360 = DIRECTION('',(-0.281084637715,0.959682982261));
#361 = ( GEOMETRIC_REPRESENTATION_CONTEXT(2) 
PARAMETRIC_REPRESENTATION_CONTEXT() REPRESENTATION_CONTEXT('2D SPACE',''
  ) );
#362 = PCURVE('',#363,#368);
#363 = PLANE('',#364);
#364 = AXIS2_PLACEMENT_3D('',#365,#366,#367);
#365 = CARTESIAN_POINT('',(-49.87625631329,48.876256313292,29.825));
#366 = DIRECTION('',(-0.5,0.5,0.707106781187));
#367 = DIRECTION('',(0.707106781187,0.707106781187,5.551115123126E-17));
#368 = DEFINITIONAL_REPRESENTATION('',(#369),#373);
#369 = LINE('',#370,#371);
#370 = CARTESIAN_POINT('',(3.938180353845,-13.19830140175));
#371 = VECTOR('',#372,1.);
#372 = DIRECTION('',(0.281084637715,-0.959682982261));
#373 = ( GEOMETRIC_REPRESENTATION_CONTEXT(2) 
PARAMETRIC_REPRESENTATION_CONTEXT() REPRESENTATION_CONTEXT('2D SPACE',''
  ) );
#374 = ORIENTED_EDGE('',*,*,#375,.F.);
#375 = EDGE_CURVE('',#324,#348,#376,.T.);
#376 = SURFACE_CURVE('',#377,(#381,#388),.PCURVE_S1.);
#377 = LINE('',#378,#379);
#378 = CARTESIAN_POINT('',(-49.65,-49.,30.));
#379 = VECTOR('',#380,1.);
#380 = DIRECTION('',(0.,1.,0.));
#381 = PCURVE('',#126,#382);
#382 = DEFINITIONAL_REPRESENTATION('',(#383),#387);
#383 = LINE('',#384,#385);
#384 = CARTESIAN_POINT('',(0.,0.247487373415));
#385 = VECTOR('',#386,1.);
#386 = DIRECTION('',(1.,0.));
#387 = ( GEOMETRIC_REPRESENTATION_CONTEXT(2) 
PARAMETRIC_REPRESENTATION_CONTEXT() REPRESENTATION_CONTEXT('2D SPACE',''
  ) );
#388 = PCURVE('',#389,#394);
#389 = PLANE('',#390);
#390 = AXIS2_PLACEMENT_3D('',#391,#392,#393);
#391 = CARTESIAN_POINT('',(-50.,-50.,30.));
#392 = DIRECTION('',(0.,0.,1.));
#393 = DIRECTION('',(1.,0.,0.));
#394 = DEFINITIONAL_REPRESENTATION('',(#395),#399);
#395 = LINE('',#396,#397);
#396 = CARTESIAN_POINT('',(0.35,1.));
#397 = VECTOR('',#398,1.);
#398 = DIRECTION('',(0.,1.));
#399 = ( GEOMETRIC_REPRESENTATION_CONTEXT(2) 
PARAMETRIC_REPRESENTATION_CONTEXT() REPRESENTATION_CONTEXT('2D SPACE',''
  ) );
#400 = ADVANCED_FACE('',(#401),#72,.F.);
#401 = FACE_BOUND('',#402,.F.);
#402 = EDGE_LOOP('',(#403,#404,#405,#428,#456,#484,#512,#540,#568,#596,
    #617,#618,#641,#669,#697,#725,#753,#781,#809,#837,#865,#893,#916,
    #944,#972,#1000,#1028,#1056,#1084,#1112,#1140,#1168,#1196,#1219,
    #1247,#1270,#1298,#1326,#1354,#1382,#1410,#1438,#1466,#1494));
#403 = ORIENTED_EDGE('',*,*,#56,.F.);
#404 = ORIENTED_EDGE('',*,*,#299,.T.);
#405 = ORIENTED_EDGE('',*,*,#406,.T.);
#406 = EDGE_CURVE('',#274,#407,#409,.T.);
#407 = VERTEX_POINT('',#408);
#408 = CARTESIAN_POINT('',(-86.,-49.3,0.));
#409 = SURFACE_CURVE('',#410,(#414,#421),.PCURVE_S1.);
#410 = LINE('',#411,#412);
#411 = CARTESIAN_POINT('',(-49.3,-49.3,0.));
#412 = VECTOR('',#413,1.);
#413 = DIRECTION('',(-1.,0.,0.));
#414 = PCURVE('',#72,#415);
#415 = DEFINITIONAL_REPRESENTATION('',(#416),#420);
#416 = LINE('',#417,#418);
#417 = CARTESIAN_POINT('',(0.7,0.7));
#418 = VECTOR('',#419,1.);
#419 = DIRECTION('',(-1.,0.));
#420 = ( GEOMETRIC_REPRESENTATION_CONTEXT(2) 
PARAMETRIC_REPRESENTATION_CONTEXT() REPRESENTATION_CONTEXT('2D SPACE',''
  ) );
#421 = PCURVE('',#288,#422);
#422 = DEFINITIONAL_REPRESENTATION('',(#423),#427);
#423 = LINE('',#424,#425);
#424 = CARTESIAN_POINT('',(0.,-0.));
#425 = VECTOR('',#426,1.);
#426 = DIRECTION('',(1.,0.));
#427 = ( GEOMETRIC_REPRESENTATION_CONTEXT(2) 
PARAMETRIC_REPRESENTATION_CONTEXT() REPRESENTATION_CONTEXT('2D SPACE',''
  ) );
#428 = ORIENTED_EDGE('',*,*,#429,.T.);
#429 = EDGE_CURVE('',#407,#430,#432,.T.);
#430 = VERTEX_POINT('',#431);
#431 = CARTESIAN_POINT('',(-86.,-68.,0.));
#432 = SURFACE_CURVE('',#433,(#437,#444),.PCURVE_S1.);
#433 = LINE('',#434,#435);
#434 = CARTESIAN_POINT('',(-86.,-49.3,0.));
#435 = VECTOR('',#436,1.);
#436 = DIRECTION('',(0.,-1.,0.));
#437 = PCURVE('',#72,#438);
#438 = DEFINITIONAL_REPRESENTATION('',(#439),#443);
#439 = LINE('',#440,#441);
#440 = CARTESIAN_POINT('',(-36.,0.7));
#441 = VECTOR('',#442,1.);
#442 = DIRECTION('',(0.,-1.));
#443 = ( GEOMETRIC_REPRESENTATION_CONTEXT(2) 
PARAMETRIC_REPRESENTATION_CONTEXT() REPRESENTATION_CONTEXT('2D SPACE',''
  ) );
#444 = PCURVE('',#445,#450);
#445 = PLANE('',#446);
#446 = AXIS2_PLACEMENT_3D('',#447,#448,#449);
#447 = CARTESIAN_POINT('',(-86.,-49.3,0.));
#448 = DIRECTION('',(1.,0.,-0.));
#449 = DIRECTION('',(0.,-1.,0.));
#450 = DEFINITIONAL_REPRESENTATION('',(#451),#455);
#451 = LINE('',#452,#453);
#452 = CARTESIAN_POINT('',(0.,0.));
#453 = VECTOR('',#454,1.);
#454 = DIRECTION('',(1.,0.));
#455 = ( GEOMETRIC_REPRESENTATION_CONTEXT(2) 
PARAMETRIC_REPRESENTATION_CONTEXT() REPRESENTATION_CONTEXT('2D SPACE',''
  ) );
#456 = ORIENTED_EDGE('',*,*,#457,.T.);
#457 = EDGE_CURVE('',#430,#458,#460,.T.);
#458 = VERTEX_POINT('',#459);
#459 = CARTESIAN_POINT('',(-114.,-82.,0.));
#460 = SURFACE_CURVE('',#461,(#465,#472),.PCURVE_S1.);
#461 = LINE('',#462,#463);
#462 = CARTESIAN_POINT('',(-86.,-68.,0.));
#463 = VECTOR('',#464,1.);
#464 = DIRECTION('',(-0.894427191,-0.4472135955,0.));
#465 = PCURVE('',#72,#466);
#466 = DEFINITIONAL_REPRESENTATION('',(#467),#471);
#467 = LINE('',#468,#469);
#468 = CARTESIAN_POINT('',(-36.,-18.));
#469 = VECTOR('',#470,1.);
#470 = DIRECTION('',(-0.894427191,-0.4472135955));
#471 = ( GEOMETRIC_REPRESENTATION_CONTEXT(2) 
PARAMETRIC_REPRESENTATION_CONTEXT() REPRESENTATION_CONTEXT('2D SPACE',''
  ) );
#472 = PCURVE('',#473,#478);
#473 = PLANE('',#474);
#474 = AXIS2_PLACEMENT_3D('',#475,#476,#477);
#475 = CARTESIAN_POINT('',(-86.,-68.,0.));
#476 = DIRECTION('',(0.4472135955,-0.894427191,0.));
#477 = DIRECTION('',(-0.894427191,-0.4472135955,0.));
#478 = DEFINITIONAL_REPRESENTATION('',(#479),#483);
#479 = LINE('',#480,#481);
#480 = CARTESIAN_POINT('',(0.,0.));
#481 = VECTOR('',#482,1.);
#482 = DIRECTION('',(1.,0.));
#483 = ( GEOMETRIC_REPRESENTATION_CONTEXT(2) 
PARAMETRIC_REPRESENTATION_CONTEXT() REPRESENTATION_CONTEXT('2D SPACE',''
  ) );
#484 = ORIENTED_EDGE('',*,*,#485,.T.);
#485 = EDGE_CURVE('',#458,#486,#488,.T.);
#486 = VERTEX_POINT('',#487);
#487 = CARTESIAN_POINT('',(-114.,-114.,0.));
#488 = SURFACE_CURVE('',#489,(#493,#500),.PCURVE_S1.);
#489 = LINE('',#490,#491);
#490 = CARTESIAN_POINT('',(-114.,-82.,0.));
#491 = VECTOR('',#492,1.);
#492 = DIRECTION('',(0.,-1.,0.));
#493 = PCURVE('',#72,#494);
#494 = DEFINITIONAL_REPRESENTATION('',(#495),#499);
#495 = LINE('',#496,#497);
#496 = CARTESIAN_POINT('',(-64.,-32.));
#497 = VECTOR('',#498,1.);
#498 = DIRECTION('',(0.,-1.));
#499 = ( GEOMETRIC_REPRESENTATION_CONTEXT(2) 
PARAMETRIC_REPRESENTATION_CONTEXT() REPRESENTATION_CONTEXT('2D SPACE',''
  ) );
#500 = PCURVE('',#501,#506);
#501 = PLANE('',#502);
#502 = AXIS2_PLACEMENT_3D('',#503,#504,#505);
#503 = CARTESIAN_POINT('',(-114.,-82.,0.));
#504 = DIRECTION('',(1.,0.,-0.));
#505 = DIRECTION('',(0.,-1.,0.));
#506 = DEFINITIONAL_REPRESENTATION('',(#507),#511);
#507 = LINE('',#508,#509);
#508 = CARTESIAN_POINT('',(0.,0.));
#509 = VECTOR('',#510,1.);
#510 = DIRECTION('',(1.,0.));
#511 = ( GEOMETRIC_REPRESENTATION_CONTEXT(2) 
PARAMETRIC_REPRESENTATION_CONTEXT() REPRESENTATION_CONTEXT('2D SPACE',''
  ) );
#512 = ORIENTED_EDGE('',*,*,#513,.T.);
#513 = EDGE_CURVE('',#486,#514,#516,.T.);
#514 = VERTEX_POINT('',#515);
#515 = CARTESIAN_POINT('',(-82.,-114.,0.));
#516 = SURFACE_CURVE('',#517,(#521,#528),.PCURVE_S1.);
#517 = LINE('',#518,#519);
#518 = CARTESIAN_POINT('',(-114.,-114.,0.));
#519 = VECTOR('',#520,1.);
#520 = DIRECTION('',(1.,0.,0.));
#521 = PCURVE('',#72,#522);
#522 = DEFINITIONAL_REPRESENTATION('',(#523),#527);
#523 = LINE('',#524,#525);
#524 = CARTESIAN_POINT('',(-64.,-64.));
#525 = VECTOR('',#526,1.);
#526 = DIRECTION('',(1.,0.));
#527 = ( GEOMETRIC_REPRESENTATION_CONTEXT(2) 
PARAMETRIC_REPRESENTATION_CONTEXT() REPRESENTATION_CONTEXT('2D SPACE',''
  ) );
#528 = PCURVE('',#529,#534);
#529 = PLANE('',#530);
#530 = AXIS2_PLACEMENT_3D('',#531,#532,#533);
#531 = CARTESIAN_POINT('',(-114.,-114.,0.));
#532 = DIRECTION('',(0.,1.,0.));
#533 = DIRECTION('',(1.,0.,0.));
#534 = DEFINITIONAL_REPRESENTATION('',(#535),#539);
#535 = LINE('',#536,#537);
#536 = CARTESIAN_POINT('',(0.,0.));
#537 = VECTOR('',#538,1.);
#538 = DIRECTION('',(1.,0.));
#539 = ( GEOMETRIC_REPRESENTATION_CONTEXT(2) 
PARAMETRIC_REPRESENTATION_CONTEXT() REPRESENTATION_CONTEXT('2D SPACE',''
  ) );
#540 = ORIENTED_EDGE('',*,*,#541,.T.);
#541 = EDGE_CURVE('',#514,#542,#544,.T.);
#542 = VERTEX_POINT('',#543);
#543 = CARTESIAN_POINT('',(-68.,-86.,0.));
#544 = SURFACE_CURVE('',#545,(#549,#556),.PCURVE_S1.);
#545 = LINE('',#546,#547);
#546 = CARTESIAN_POINT('',(-82.,-114.,0.));
#547 = VECTOR('',#548,1.);
#548 = DIRECTION('',(0.4472135955,0.894427191,0.));
#549 = PCURVE('',#72,#550);
#550 = DEFINITIONAL_REPRESENTATION('',(#551),#555);
#551 = LINE('',#552,#553);
#552 = CARTESIAN_POINT('',(-32.,-64.));
#553 = VECTOR('',#554,1.);
#554 = DIRECTION('',(0.4472135955,0.894427191));
#555 = ( GEOMETRIC_REPRESENTATION_CONTEXT(2) 
PARAMETRIC_REPRESENTATION_CONTEXT() REPRESENTATION_CONTEXT('2D SPACE',''
  ) );
#556 = PCURVE('',#557,#562);
#557 = PLANE('',#558);
#558 = AXIS2_PLACEMENT_3D('',#559,#560,#561);
#559 = CARTESIAN_POINT('',(-82.,-114.,0.));
#560 = DIRECTION('',(-0.894427191,0.4472135955,0.));
#561 = DIRECTION('',(0.4472135955,0.894427191,0.));
#562 = DEFINITIONAL_REPRESENTATION('',(#563),#567);
#563 = LINE('',#564,#565);
#564 = CARTESIAN_POINT('',(0.,0.));
#565 = VECTOR('',#566,1.);
#566 = DIRECTION('',(1.,0.));
#567 = ( GEOMETRIC_REPRESENTATION_CONTEXT(2) 
PARAMETRIC_REPRESENTATION_CONTEXT() REPRESENTATION_CONTEXT('2D SPACE',''
  ) );
#568 = ORIENTED_EDGE('',*,*,#569,.T.);
#569 = EDGE_CURVE('',#542,#570,#572,.T.);
#570 = VERTEX_POINT('',#571);
#571 = CARTESIAN_POINT('',(-49.3,-86.,0.));
#572 = SURFACE_CURVE('',#573,(#577,#584),.PCURVE_S1.);
#573 = LINE('',#574,#575);
#574 = CARTESIAN_POINT('',(-68.,-86.,0.));
#575 = VECTOR('',#576,1.);
#576 = DIRECTION('',(1.,0.,0.));
#577 = PCURVE('',#72,#578);
#578 = DEFINITIONAL_REPRESENTATION('',(#579),#583);
#579 = LINE('',#580,#581);
#580 = CARTESIAN_POINT('',(-18.,-36.));
#581 = VECTOR('',#582,1.);
#582 = DIRECTION('',(1.,0.));
#583 = ( GEOMETRIC_REPRESENTATION_CONTEXT(2) 
PARAMETRIC_REPRESENTATION_CONTEXT() REPRESENTATION_CONTEXT('2D SPACE',''
  ) );
#584 = PCURVE('',#585,#590);
#585 = PLANE('',#586);
#586 = AXIS2_PLACEMENT_3D('',#587,#588,#589);
#587 = CARTESIAN_POINT('',(-68.,-86.,0.));
#588 = DIRECTION('',(0.,1.,0.));
#589 = DIRECTION('',(1.,0.,0.));
#590 = DEFINITIONAL_REPRESENTATION('',(#591),#595);
#591 = LINE('',#592,#593);
#592 = CARTESIAN_POINT('',(0.,0.));
#593 = VECTOR('',#594,1.);
#594 = DIRECTION('',(1.,0.));
#595 = ( GEOMETRIC_REPRESENTATION_CONTEXT(2) 
PARAMETRIC_REPRESENTATION_CONTEXT() REPRESENTATION_CONTEXT('2D SPACE',''
  ) );
#596 = ORIENTED_EDGE('',*,*,#597,.T.);
#597 = EDGE_CURVE('',#570,#199,#598,.T.);
#598 = SURFACE_CURVE('',#599,(#603,#610),.PCURVE_S1.);
#599 = LINE('',#600,#601);
#600 = CARTESIAN_POINT('',(-49.3,-86.,0.));
#601 = VECTOR('',#602,1.);
#602 = DIRECTION('',(0.,1.,0.));
#603 = PCURVE('',#72,#604);
#604 = DEFINITIONAL_REPRESENTATION('',(#605),#609);
#605 = LINE('',#606,#607);
#606 = CARTESIAN_POINT('',(0.7,-36.));
#607 = VECTOR('',#608,1.);
#608 = DIRECTION('',(0.,1.));
#609 = ( GEOMETRIC_REPRESENTATION_CONTEXT(2) 
PARAMETRIC_REPRESENTATION_CONTEXT() REPRESENTATION_CONTEXT('2D SPACE',''
  ) );
#610 = PCURVE('',#236,#611);
#611 = DEFINITIONAL_REPRESENTATION('',(#612),#616);
#612 = LINE('',#613,#614);
#613 = CARTESIAN_POINT('',(0.,0.));
#614 = VECTOR('',#615,1.);
#615 = DIRECTION('',(1.,0.));
#616 = ( GEOMETRIC_REPRESENTATION_CONTEXT(2) 
PARAMETRIC_REPRESENTATION_CONTEXT() REPRESENTATION_CONTEXT('2D SPACE',''
  ) );
#617 = ORIENTED_EDGE('',*,*,#198,.T.);
#618 = ORIENTED_EDGE('',*,*,#619,.T.);
#619 = EDGE_CURVE('',#171,#620,#622,.T.);
#620 = VERTEX_POINT('',#621);
#621 = CARTESIAN_POINT('',(49.,-50.,0.));
#622 = SURFACE_CURVE('',#623,(#627,#634),.PCURVE_S1.);
#623 = LINE('',#624,#625);
#624 = CARTESIAN_POINT('',(-50.,-50.,0.));
#625 = VECTOR('',#626,1.);
#626 = DIRECTION('',(1.,0.,0.));
#627 = PCURVE('',#72,#628);
#628 = DEFINITIONAL_REPRESENTATION('',(#629),#633);
#629 = LINE('',#630,#631);
#630 = CARTESIAN_POINT('',(0.,0.));
#631 = VECTOR('',#632,1.);
#632 = DIRECTION('',(1.,0.));
#633 = ( GEOMETRIC_REPRESENTATION_CONTEXT(2) 
PARAMETRIC_REPRESENTATION_CONTEXT() REPRESENTATION_CONTEXT('2D SPACE',''
  ) );
#634 = PCURVE('',#186,#635);
#635 = DEFINITIONAL_REPRESENTATION('',(#636),#640);
#636 = LINE('',#637,#638);
#637 = CARTESIAN_POINT('',(0.,0.));
#638 = VECTOR('',#639,1.);
#639 = DIRECTION('',(0.,1.));
#640 = ( GEOMETRIC_REPRESENTATION_CONTEXT(2) 
PARAMETRIC_REPRESENTATION_CONTEXT() REPRESENTATION_CONTEXT('2D SPACE',''
  ) );
#641 = ORIENTED_EDGE('',*,*,#642,.T.);
#642 = EDGE_CURVE('',#620,#643,#645,.T.);
#643 = VERTEX_POINT('',#644);
#644 = CARTESIAN_POINT('',(49.3,-49.7,0.));
#645 = SURFACE_CURVE('',#646,(#650,#657),.PCURVE_S1.);
#646 = LINE('',#647,#648);
#647 = CARTESIAN_POINT('',(24.5,-74.5,0.));
#648 = VECTOR('',#649,1.);
#649 = DIRECTION('',(0.707106781187,0.707106781187,-0.));
#650 = PCURVE('',#72,#651);
#651 = DEFINITIONAL_REPRESENTATION('',(#652),#656);
#652 = LINE('',#653,#654);
#653 = CARTESIAN_POINT('',(74.5,-24.5));
#654 = VECTOR('',#655,1.);
#655 = DIRECTION('',(0.707106781187,0.707106781187));
#656 = ( GEOMETRIC_REPRESENTATION_CONTEXT(2) 
PARAMETRIC_REPRESENTATION_CONTEXT() REPRESENTATION_CONTEXT('2D SPACE',''
  ) );
#657 = PCURVE('',#658,#663);
#658 = PLANE('',#659);
#659 = AXIS2_PLACEMENT_3D('',#660,#661,#662);
#660 = CARTESIAN_POINT('',(49.5,-49.5,0.));
#661 = DIRECTION('',(-0.707106781187,0.707106781187,0.));
#662 = DIRECTION('',(0.,0.,1.));
#663 = DEFINITIONAL_REPRESENTATION('',(#664),#668);
#664 = LINE('',#665,#666);
#665 = CARTESIAN_POINT('',(0.,-35.35533905932));
#666 = VECTOR('',#667,1.);
#667 = DIRECTION('',(0.,1.));
#668 = ( GEOMETRIC_REPRESENTATION_CONTEXT(2) 
PARAMETRIC_REPRESENTATION_CONTEXT() REPRESENTATION_CONTEXT('2D SPACE',''
  ) );
#669 = ORIENTED_EDGE('',*,*,#670,.F.);
#670 = EDGE_CURVE('',#671,#643,#673,.T.);
#671 = VERTEX_POINT('',#672);
#672 = CARTESIAN_POINT('',(49.3,-86.,0.));
#673 = SURFACE_CURVE('',#674,(#678,#685),.PCURVE_S1.);
#674 = LINE('',#675,#676);
#675 = CARTESIAN_POINT('',(49.3,-86.,0.));
#676 = VECTOR('',#677,1.);
#677 = DIRECTION('',(0.,1.,0.));
#678 = PCURVE('',#72,#679);
#679 = DEFINITIONAL_REPRESENTATION('',(#680),#684);
#680 = LINE('',#681,#682);
#681 = CARTESIAN_POINT('',(99.3,-36.));
#682 = VECTOR('',#683,1.);
#683 = DIRECTION('',(0.,1.));
#684 = ( GEOMETRIC_REPRESENTATION_CONTEXT(2) 
PARAMETRIC_REPRESENTATION_CONTEXT() REPRESENTATION_CONTEXT('2D SPACE',''
  ) );
#685 = PCURVE('',#686,#691);
#686 = PLANE('',#687);
#687 = AXIS2_PLACEMENT_3D('',#688,#689,#690);
#688 = CARTESIAN_POINT('',(49.3,-86.,0.));
#689 = DIRECTION('',(-1.,0.,0.));
#690 = DIRECTION('',(0.,1.,0.));
#691 = DEFINITIONAL_REPRESENTATION('',(#692),#696);
#692 = LINE('',#693,#694);
#693 = CARTESIAN_POINT('',(0.,0.));
#694 = VECTOR('',#695,1.);
#695 = DIRECTION('',(1.,0.));
#696 = ( GEOMETRIC_REPRESENTATION_CONTEXT(2) 
PARAMETRIC_REPRESENTATION_CONTEXT() REPRESENTATION_CONTEXT('2D SPACE',''
  ) );
#697 = ORIENTED_EDGE('',*,*,#698,.F.);
#698 = EDGE_CURVE('',#699,#671,#701,.T.);
#699 = VERTEX_POINT('',#700);
#700 = CARTESIAN_POINT('',(68.,-86.,0.));
#701 = SURFACE_CURVE('',#702,(#706,#713),.PCURVE_S1.);
#702 = LINE('',#703,#704);
#703 = CARTESIAN_POINT('',(68.,-86.,0.));
#704 = VECTOR('',#705,1.);
#705 = DIRECTION('',(-1.,0.,0.));
#706 = PCURVE('',#72,#707);
#707 = DEFINITIONAL_REPRESENTATION('',(#708),#712);
#708 = LINE('',#709,#710);
#709 = CARTESIAN_POINT('',(118.,-36.));
#710 = VECTOR('',#711,1.);
#711 = DIRECTION('',(-1.,0.));
#712 = ( GEOMETRIC_REPRESENTATION_CONTEXT(2) 
PARAMETRIC_REPRESENTATION_CONTEXT() REPRESENTATION_CONTEXT('2D SPACE',''
  ) );
#713 = PCURVE('',#714,#719);
#714 = PLANE('',#715);
#715 = AXIS2_PLACEMENT_3D('',#716,#717,#718);
#716 = CARTESIAN_POINT('',(68.,-86.,0.));
#717 = DIRECTION('',(0.,-1.,0.));
#718 = DIRECTION('',(-1.,0.,0.));
#719 = DEFINITIONAL_REPRESENTATION('',(#720),#724);
#720 = LINE('',#721,#722);
#721 = CARTESIAN_POINT('',(0.,-0.));
#722 = VECTOR('',#723,1.);
#723 = DIRECTION('',(1.,0.));
#724 = ( GEOMETRIC_REPRESENTATION_CONTEXT(2) 
PARAMETRIC_REPRESENTATION_CONTEXT() REPRESENTATION_CONTEXT('2D SPACE',''
  ) );
#725 = ORIENTED_EDGE('',*,*,#726,.F.);
#726 = EDGE_CURVE('',#727,#699,#729,.T.);
#727 = VERTEX_POINT('',#728);
#728 = CARTESIAN_POINT('',(82.,-114.,0.));
#729 = SURFACE_CURVE('',#730,(#734,#741),.PCURVE_S1.);
#730 = LINE('',#731,#732);
#731 = CARTESIAN_POINT('',(82.,-114.,0.));
#732 = VECTOR('',#733,1.);
#733 = DIRECTION('',(-0.4472135955,0.894427191,0.));
#734 = PCURVE('',#72,#735);
#735 = DEFINITIONAL_REPRESENTATION('',(#736),#740);
#736 = LINE('',#737,#738);
#737 = CARTESIAN_POINT('',(132.,-64.));
#738 = VECTOR('',#739,1.);
#739 = DIRECTION('',(-0.4472135955,0.894427191));
#740 = ( GEOMETRIC_REPRESENTATION_CONTEXT(2) 
PARAMETRIC_REPRESENTATION_CONTEXT() REPRESENTATION_CONTEXT('2D SPACE',''
  ) );
#741 = PCURVE('',#742,#747);
#742 = PLANE('',#743);
#743 = AXIS2_PLACEMENT_3D('',#744,#745,#746);
#744 = CARTESIAN_POINT('',(82.,-114.,0.));
#745 = DIRECTION('',(-0.894427191,-0.4472135955,0.));
#746 = DIRECTION('',(-0.4472135955,0.894427191,0.));
#747 = DEFINITIONAL_REPRESENTATION('',(#748),#752);
#748 = LINE('',#749,#750);
#749 = CARTESIAN_POINT('',(0.,0.));
#750 = VECTOR('',#751,1.);
#751 = DIRECTION('',(1.,0.));
#752 = ( GEOMETRIC_REPRESENTATION_CONTEXT(2) 
PARAMETRIC_REPRESENTATION_CONTEXT() REPRESENTATION_CONTEXT('2D SPACE',''
  ) );
#753 = ORIENTED_EDGE('',*,*,#754,.F.);
#754 = EDGE_CURVE('',#755,#727,#757,.T.);
#755 = VERTEX_POINT('',#756);
#756 = CARTESIAN_POINT('',(114.,-114.,0.));
#757 = SURFACE_CURVE('',#758,(#762,#769),.PCURVE_S1.);
#758 = LINE('',#759,#760);
#759 = CARTESIAN_POINT('',(114.,-114.,0.));
#760 = VECTOR('',#761,1.);
#761 = DIRECTION('',(-1.,0.,0.));
#762 = PCURVE('',#72,#763);
#763 = DEFINITIONAL_REPRESENTATION('',(#764),#768);
#764 = LINE('',#765,#766);
#765 = CARTESIAN_POINT('',(164.,-64.));
#766 = VECTOR('',#767,1.);
#767 = DIRECTION('',(-1.,0.));
#768 = ( GEOMETRIC_REPRESENTATION_CONTEXT(2) 
PARAMETRIC_REPRESENTATION_CONTEXT() REPRESENTATION_CONTEXT('2D SPACE',''
  ) );
#769 = PCURVE('',#770,#775);
#770 = PLANE('',#771);
#771 = AXIS2_PLACEMENT_3D('',#772,#773,#774);
#772 = CARTESIAN_POINT('',(114.,-114.,0.));
#773 = DIRECTION('',(0.,-1.,0.));
#774 = DIRECTION('',(-1.,0.,0.));
#775 = DEFINITIONAL_REPRESENTATION('',(#776),#780);
#776 = LINE('',#777,#778);
#777 = CARTESIAN_POINT('',(0.,-0.));
#778 = VECTOR('',#779,1.);
#779 = DIRECTION('',(1.,0.));
#780 = ( GEOMETRIC_REPRESENTATION_CONTEXT(2) 
PARAMETRIC_REPRESENTATION_CONTEXT() REPRESENTATION_CONTEXT('2D SPACE',''
  ) );
#781 = ORIENTED_EDGE('',*,*,#782,.F.);
#782 = EDGE_CURVE('',#783,#755,#785,.T.);
#783 = VERTEX_POINT('',#784);
#784 = CARTESIAN_POINT('',(114.,-82.,0.));
#785 = SURFACE_CURVE('',#786,(#790,#797),.PCURVE_S1.);
#786 = LINE('',#787,#788);
#787 = CARTESIAN_POINT('',(114.,-82.,0.));
#788 = VECTOR('',#789,1.);
#789 = DIRECTION('',(0.,-1.,0.));
#790 = PCURVE('',#72,#791);
#791 = DEFINITIONAL_REPRESENTATION('',(#792),#796);
#792 = LINE('',#793,#794);
#793 = CARTESIAN_POINT('',(164.,-32.));
#794 = VECTOR('',#795,1.);
#795 = DIRECTION('',(0.,-1.));
#796 = ( GEOMETRIC_REPRESENTATION_CONTEXT(2) 
PARAMETRIC_REPRESENTATION_CONTEXT() REPRESENTATION_CONTEXT('2D SPACE',''
  ) );
#797 = PCURVE('',#798,#803);
#798 = PLANE('',#799);
#799 = AXIS2_PLACEMENT_3D('',#800,#801,#802);
#800 = CARTESIAN_POINT('',(114.,-82.,0.));
#801 = DIRECTION('',(1.,0.,-0.));
#802 = DIRECTION('',(0.,-1.,0.));
#803 = DEFINITIONAL_REPRESENTATION('',(#804),#808);
#804 = LINE('',#805,#806);
#805 = CARTESIAN_POINT('',(0.,0.));
#806 = VECTOR('',#807,1.);
#807 = DIRECTION('',(1.,0.));
#808 = ( GEOMETRIC_REPRESENTATION_CONTEXT(2) 
PARAMETRIC_REPRESENTATION_CONTEXT() REPRESENTATION_CONTEXT('2D SPACE',''
  ) );
#809 = ORIENTED_EDGE('',*,*,#810,.F.);
#810 = EDGE_CURVE('',#811,#783,#813,.T.);
#811 = VERTEX_POINT('',#812);
#812 = CARTESIAN_POINT('',(86.,-68.,0.));
#813 = SURFACE_CURVE('',#814,(#818,#825),.PCURVE_S1.);
#814 = LINE('',#815,#816);
#815 = CARTESIAN_POINT('',(86.,-68.,0.));
#816 = VECTOR('',#817,1.);
#817 = DIRECTION('',(0.894427191,-0.4472135955,0.));
#818 = PCURVE('',#72,#819);
#819 = DEFINITIONAL_REPRESENTATION('',(#820),#824);
#820 = LINE('',#821,#822);
#821 = CARTESIAN_POINT('',(136.,-18.));
#822 = VECTOR('',#823,1.);
#823 = DIRECTION('',(0.894427191,-0.4472135955));
#824 = ( GEOMETRIC_REPRESENTATION_CONTEXT(2) 
PARAMETRIC_REPRESENTATION_CONTEXT() REPRESENTATION_CONTEXT('2D SPACE',''
  ) );
#825 = PCURVE('',#826,#831);
#826 = PLANE('',#827);
#827 = AXIS2_PLACEMENT_3D('',#828,#829,#830);
#828 = CARTESIAN_POINT('',(86.,-68.,0.));
#829 = DIRECTION('',(0.4472135955,0.894427191,-0.));
#830 = DIRECTION('',(0.894427191,-0.4472135955,0.));
#831 = DEFINITIONAL_REPRESENTATION('',(#832),#836);
#832 = LINE('',#833,#834);
#833 = CARTESIAN_POINT('',(0.,0.));
#834 = VECTOR('',#835,1.);
#835 = DIRECTION('',(1.,0.));
#836 = ( GEOMETRIC_REPRESENTATION_CONTEXT(2) 
PARAMETRIC_REPRESENTATION_CONTEXT() REPRESENTATION_CONTEXT('2D SPACE',''
  ) );
#837 = ORIENTED_EDGE('',*,*,#838,.F.);
#838 = EDGE_CURVE('',#839,#811,#841,.T.);
#839 = VERTEX_POINT('',#840);
#840 = CARTESIAN_POINT('',(86.,-49.3,0.));
#841 = SURFACE_CURVE('',#842,(#846,#853),.PCURVE_S1.);
#842 = LINE('',#843,#844);
#843 = CARTESIAN_POINT('',(86.,-49.3,0.));
#844 = VECTOR('',#845,1.);
#845 = DIRECTION('',(0.,-1.,0.));
#846 = PCURVE('',#72,#847);
#847 = DEFINITIONAL_REPRESENTATION('',(#848),#852);
#848 = LINE('',#849,#850);
#849 = CARTESIAN_POINT('',(136.,0.7));
#850 = VECTOR('',#851,1.);
#851 = DIRECTION('',(0.,-1.));
#852 = ( GEOMETRIC_REPRESENTATION_CONTEXT(2) 
PARAMETRIC_REPRESENTATION_CONTEXT() REPRESENTATION_CONTEXT('2D SPACE',''
  ) );
#853 = PCURVE('',#854,#859);
#854 = PLANE('',#855);
#855 = AXIS2_PLACEMENT_3D('',#856,#857,#858);
#856 = CARTESIAN_POINT('',(86.,-49.3,0.));
#857 = DIRECTION('',(1.,0.,-0.));
#858 = DIRECTION('',(0.,-1.,0.));
#859 = DEFINITIONAL_REPRESENTATION('',(#860),#864);
#860 = LINE('',#861,#862);
#861 = CARTESIAN_POINT('',(0.,0.));
#862 = VECTOR('',#863,1.);
#863 = DIRECTION('',(1.,0.));
#864 = ( GEOMETRIC_REPRESENTATION_CONTEXT(2) 
PARAMETRIC_REPRESENTATION_CONTEXT() REPRESENTATION_CONTEXT('2D SPACE',''
  ) );
#865 = ORIENTED_EDGE('',*,*,#866,.F.);
#866 = EDGE_CURVE('',#867,#839,#869,.T.);
#867 = VERTEX_POINT('',#868);
#868 = CARTESIAN_POINT('',(49.7,-49.3,0.));
#869 = SURFACE_CURVE('',#870,(#874,#881),.PCURVE_S1.);
#870 = LINE('',#871,#872);
#871 = CARTESIAN_POINT('',(49.3,-49.3,0.));
#872 = VECTOR('',#873,1.);
#873 = DIRECTION('',(1.,0.,0.));
#874 = PCURVE('',#72,#875);
#875 = DEFINITIONAL_REPRESENTATION('',(#876),#880);
#876 = LINE('',#877,#878);
#877 = CARTESIAN_POINT('',(99.3,0.7));
#878 = VECTOR('',#879,1.);
#879 = DIRECTION('',(1.,0.));
#880 = ( GEOMETRIC_REPRESENTATION_CONTEXT(2) 
PARAMETRIC_REPRESENTATION_CONTEXT() REPRESENTATION_CONTEXT('2D SPACE',''
  ) );
#881 = PCURVE('',#882,#887);
#882 = PLANE('',#883);
#883 = AXIS2_PLACEMENT_3D('',#884,#885,#886);
#884 = CARTESIAN_POINT('',(49.3,-49.3,0.));
#885 = DIRECTION('',(0.,1.,0.));
#886 = DIRECTION('',(1.,0.,0.));
#887 = DEFINITIONAL_REPRESENTATION('',(#888),#892);
#888 = LINE('',#889,#890);
#889 = CARTESIAN_POINT('',(0.,0.));
#890 = VECTOR('',#891,1.);
#891 = DIRECTION('',(1.,0.));
#892 = ( GEOMETRIC_REPRESENTATION_CONTEXT(2) 
PARAMETRIC_REPRESENTATION_CONTEXT() REPRESENTATION_CONTEXT('2D SPACE',''
  ) );
#893 = ORIENTED_EDGE('',*,*,#894,.T.);
#894 = EDGE_CURVE('',#867,#895,#897,.T.);
#895 = VERTEX_POINT('',#896);
#896 = CARTESIAN_POINT('',(50.,-49.,0.));
#897 = SURFACE_CURVE('',#898,(#902,#909),.PCURVE_S1.);
#898 = LINE('',#899,#900);
#899 = CARTESIAN_POINT('',(24.5,-74.5,0.));
#900 = VECTOR('',#901,1.);
#901 = DIRECTION('',(0.707106781187,0.707106781187,-0.));
#902 = PCURVE('',#72,#903);
#903 = DEFINITIONAL_REPRESENTATION('',(#904),#908);
#904 = LINE('',#905,#906);
#905 = CARTESIAN_POINT('',(74.5,-24.5));
#906 = VECTOR('',#907,1.);
#907 = DIRECTION('',(0.707106781187,0.707106781187));
#908 = ( GEOMETRIC_REPRESENTATION_CONTEXT(2) 
PARAMETRIC_REPRESENTATION_CONTEXT() REPRESENTATION_CONTEXT('2D SPACE',''
  ) );
#909 = PCURVE('',#658,#910);
#910 = DEFINITIONAL_REPRESENTATION('',(#911),#915);
#911 = LINE('',#912,#913);
#912 = CARTESIAN_POINT('',(0.,-35.35533905932));
#913 = VECTOR('',#914,1.);
#914 = DIRECTION('',(0.,1.));
#915 = ( GEOMETRIC_REPRESENTATION_CONTEXT(2) 
PARAMETRIC_REPRESENTATION_CONTEXT() REPRESENTATION_CONTEXT('2D SPACE',''
  ) );
#916 = ORIENTED_EDGE('',*,*,#917,.T.);
#917 = EDGE_CURVE('',#895,#918,#920,.T.);
#918 = VERTEX_POINT('',#919);
#919 = CARTESIAN_POINT('',(50.,49.,0.));
#920 = SURFACE_CURVE('',#921,(#925,#932),.PCURVE_S1.);
#921 = LINE('',#922,#923);
#922 = CARTESIAN_POINT('',(50.,-50.,0.));
#923 = VECTOR('',#924,1.);
#924 = DIRECTION('',(0.,1.,0.));
#925 = PCURVE('',#72,#926);
#926 = DEFINITIONAL_REPRESENTATION('',(#927),#931);
#927 = LINE('',#928,#929);
#928 = CARTESIAN_POINT('',(100.,0.));
#929 = VECTOR('',#930,1.);
#930 = DIRECTION('',(0.,1.));
#931 = ( GEOMETRIC_REPRESENTATION_CONTEXT(2) 
PARAMETRIC_REPRESENTATION_CONTEXT() REPRESENTATION_CONTEXT('2D SPACE',''
  ) );
#932 = PCURVE('',#933,#938);
#933 = PLANE('',#934);
#934 = AXIS2_PLACEMENT_3D('',#935,#936,#937);
#935 = CARTESIAN_POINT('',(50.,-50.,0.));
#936 = DIRECTION('',(1.,0.,0.));
#937 = DIRECTION('',(0.,0.,1.));
#938 = DEFINITIONAL_REPRESENTATION('',(#939),#943);
#939 = LINE('',#940,#941);
#940 = CARTESIAN_POINT('',(0.,0.));
#941 = VECTOR('',#942,1.);
#942 = DIRECTION('',(0.,-1.));
#943 = ( GEOMETRIC_REPRESENTATION_CONTEXT(2) 
PARAMETRIC_REPRESENTATION_CONTEXT() REPRESENTATION_CONTEXT('2D SPACE',''
  ) );
#944 = ORIENTED_EDGE('',*,*,#945,.F.);
#945 = EDGE_CURVE('',#946,#918,#948,.T.);
#946 = VERTEX_POINT('',#947);
#947 = CARTESIAN_POINT('',(49.7,49.3,0.));
#948 = SURFACE_CURVE('',#949,(#953,#960),.PCURVE_S1.);
#949 = LINE('',#950,#951);
#950 = CARTESIAN_POINT('',(49.5,49.5,0.));
#951 = VECTOR('',#952,1.);
#952 = DIRECTION('',(0.707106781187,-0.707106781187,0.));
#953 = PCURVE('',#72,#954);
#954 = DEFINITIONAL_REPRESENTATION('',(#955),#959);
#955 = LINE('',#956,#957);
#956 = CARTESIAN_POINT('',(99.5,99.5));
#957 = VECTOR('',#958,1.);
#958 = DIRECTION('',(0.707106781187,-0.707106781187));
#959 = ( GEOMETRIC_REPRESENTATION_CONTEXT(2) 
PARAMETRIC_REPRESENTATION_CONTEXT() REPRESENTATION_CONTEXT('2D SPACE',''
  ) );
#960 = PCURVE('',#961,#966);
#961 = PLANE('',#962);
#962 = AXIS2_PLACEMENT_3D('',#963,#964,#965);
#963 = CARTESIAN_POINT('',(49.5,49.5,0.));
#964 = DIRECTION('',(0.707106781187,0.707106781187,0.));
#965 = DIRECTION('',(0.,-0.,1.));
#966 = DEFINITIONAL_REPRESENTATION('',(#967),#971);
#967 = LINE('',#968,#969);
#968 = CARTESIAN_POINT('',(0.,0.));
#969 = VECTOR('',#970,1.);
#970 = DIRECTION('',(0.,1.));
#971 = ( GEOMETRIC_REPRESENTATION_CONTEXT(2) 
PARAMETRIC_REPRESENTATION_CONTEXT() REPRESENTATION_CONTEXT('2D SPACE',''
  ) );
#972 = ORIENTED_EDGE('',*,*,#973,.T.);
#973 = EDGE_CURVE('',#946,#974,#976,.T.);
#974 = VERTEX_POINT('',#975);
#975 = CARTESIAN_POINT('',(86.,49.3,0.));
#976 = SURFACE_CURVE('',#977,(#981,#988),.PCURVE_S1.);
#977 = LINE('',#978,#979);
#978 = CARTESIAN_POINT('',(49.3,49.3,0.));
#979 = VECTOR('',#980,1.);
#980 = DIRECTION('',(1.,0.,0.));
#981 = PCURVE('',#72,#982);
#982 = DEFINITIONAL_REPRESENTATION('',(#983),#987);
#983 = LINE('',#984,#985);
#984 = CARTESIAN_POINT('',(99.3,99.3));
#985 = VECTOR('',#986,1.);
#986 = DIRECTION('',(1.,0.));
#987 = ( GEOMETRIC_REPRESENTATION_CONTEXT(2) 
PARAMETRIC_REPRESENTATION_CONTEXT() REPRESENTATION_CONTEXT('2D SPACE',''
  ) );
#988 = PCURVE('',#989,#994);
#989 = PLANE('',#990);
#990 = AXIS2_PLACEMENT_3D('',#991,#992,#993);
#991 = CARTESIAN_POINT('',(49.3,49.3,0.));
#992 = DIRECTION('',(0.,1.,0.));
#993 = DIRECTION('',(1.,0.,0.));
#994 = DEFINITIONAL_REPRESENTATION('',(#995),#999);
#995 = LINE('',#996,#997);
#996 = CARTESIAN_POINT('',(0.,0.));
#997 = VECTOR('',#998,1.);
#998 = DIRECTION('',(1.,0.));
#999 = ( GEOMETRIC_REPRESENTATION_CONTEXT(2) 
PARAMETRIC_REPRESENTATION_CONTEXT() REPRESENTATION_CONTEXT('2D SPACE',''
  ) );
#1000 = ORIENTED_EDGE('',*,*,#1001,.T.);
#1001 = EDGE_CURVE('',#974,#1002,#1004,.T.);
#1002 = VERTEX_POINT('',#1003);
#1003 = CARTESIAN_POINT('',(86.,68.,0.));
#1004 = SURFACE_CURVE('',#1005,(#1009,#1016),.PCURVE_S1.);
#1005 = LINE('',#1006,#1007);
#1006 = CARTESIAN_POINT('',(86.,49.3,0.));
#1007 = VECTOR('',#1008,1.);
#1008 = DIRECTION('',(0.,1.,0.));
#1009 = PCURVE('',#72,#1010);
#1010 = DEFINITIONAL_REPRESENTATION('',(#1011),#1015);
#1011 = LINE('',#1012,#1013);
#1012 = CARTESIAN_POINT('',(136.,99.3));
#1013 = VECTOR('',#1014,1.);
#1014 = DIRECTION('',(0.,1.));
#1015 = ( GEOMETRIC_REPRESENTATION_CONTEXT(2) 
PARAMETRIC_REPRESENTATION_CONTEXT() REPRESENTATION_CONTEXT('2D SPACE',''
  ) );
#1016 = PCURVE('',#1017,#1022);
#1017 = PLANE('',#1018);
#1018 = AXIS2_PLACEMENT_3D('',#1019,#1020,#1021);
#1019 = CARTESIAN_POINT('',(86.,49.3,0.));
#1020 = DIRECTION('',(-1.,0.,0.));
#1021 = DIRECTION('',(0.,1.,0.));
#1022 = DEFINITIONAL_REPRESENTATION('',(#1023),#1027);
#1023 = LINE('',#1024,#1025);
#1024 = CARTESIAN_POINT('',(0.,0.));
#1025 = VECTOR('',#1026,1.);
#1026 = DIRECTION('',(1.,0.));
#1027 = ( GEOMETRIC_REPRESENTATION_CONTEXT(2) 
PARAMETRIC_REPRESENTATION_CONTEXT() REPRESENTATION_CONTEXT('2D SPACE',''
  ) );
#1028 = ORIENTED_EDGE('',*,*,#1029,.T.);
#1029 = EDGE_CURVE('',#1002,#1030,#1032,.T.);
#1030 = VERTEX_POINT('',#1031);
#1031 = CARTESIAN_POINT('',(114.,82.,0.));
#1032 = SURFACE_CURVE('',#1033,(#1037,#1044),.PCURVE_S1.);
#1033 = LINE('',#1034,#1035);
#1034 = CARTESIAN_POINT('',(86.,68.,0.));
#1035 = VECTOR('',#1036,1.);
#1036 = DIRECTION('',(0.894427191,0.4472135955,0.));
#1037 = PCURVE('',#72,#1038);
#1038 = DEFINITIONAL_REPRESENTATION('',(#1039),#1043);
#1039 = LINE('',#1040,#1041);
#1040 = CARTESIAN_POINT('',(136.,118.));
#1041 = VECTOR('',#1042,1.);
#1042 = DIRECTION('',(0.894427191,0.4472135955));
#1043 = ( GEOMETRIC_REPRESENTATION_CONTEXT(2) 
PARAMETRIC_REPRESENTATION_CONTEXT() REPRESENTATION_CONTEXT('2D SPACE',''
  ) );
#1044 = PCURVE('',#1045,#1050);
#1045 = PLANE('',#1046);
#1046 = AXIS2_PLACEMENT_3D('',#1047,#1048,#1049);
#1047 = CARTESIAN_POINT('',(86.,68.,0.));
#1048 = DIRECTION('',(-0.4472135955,0.894427191,0.));
#1049 = DIRECTION('',(0.894427191,0.4472135955,0.));
#1050 = DEFINITIONAL_REPRESENTATION('',(#1051),#1055);
#1051 = LINE('',#1052,#1053);
#1052 = CARTESIAN_POINT('',(0.,0.));
#1053 = VECTOR('',#1054,1.);
#1054 = DIRECTION('',(1.,0.));
#1055 = ( GEOMETRIC_REPRESENTATION_CONTEXT(2) 
PARAMETRIC_REPRESENTATION_CONTEXT() REPRESENTATION_CONTEXT('2D SPACE',''
  ) );
#1056 = ORIENTED_EDGE('',*,*,#1057,.T.);
#1057 = EDGE_CURVE('',#1030,#1058,#1060,.T.);
#1058 = VERTEX_POINT('',#1059);
#1059 = CARTESIAN_POINT('',(114.,114.,0.));
#1060 = SURFACE_CURVE('',#1061,(#1065,#1072),.PCURVE_S1.);
#1061 = LINE('',#1062,#1063);
#1062 = CARTESIAN_POINT('',(114.,82.,0.));
#1063 = VECTOR('',#1064,1.);
#1064 = DIRECTION('',(0.,1.,0.));
#1065 = PCURVE('',#72,#1066);
#1066 = DEFINITIONAL_REPRESENTATION('',(#1067),#1071);
#1067 = LINE('',#1068,#1069);
#1068 = CARTESIAN_POINT('',(164.,132.));
#1069 = VECTOR('',#1070,1.);
#1070 = DIRECTION('',(0.,1.));
#1071 = ( GEOMETRIC_REPRESENTATION_CONTEXT(2) 
PARAMETRIC_REPRESENTATION_CONTEXT() REPRESENTATION_CONTEXT('2D SPACE',''
  ) );
#1072 = PCURVE('',#1073,#1078);
#1073 = PLANE('',#1074);
#1074 = AXIS2_PLACEMENT_3D('',#1075,#1076,#1077);
#1075 = CARTESIAN_POINT('',(114.,82.,0.));
#1076 = DIRECTION('',(-1.,0.,0.));
#1077 = DIRECTION('',(0.,1.,0.));
#1078 = DEFINITIONAL_REPRESENTATION('',(#1079),#1083);
#1079 = LINE('',#1080,#1081);
#1080 = CARTESIAN_POINT('',(0.,0.));
#1081 = VECTOR('',#1082,1.);
#1082 = DIRECTION('',(1.,0.));
#1083 = ( GEOMETRIC_REPRESENTATION_CONTEXT(2) 
PARAMETRIC_REPRESENTATION_CONTEXT() REPRESENTATION_CONTEXT('2D SPACE',''
  ) );
#1084 = ORIENTED_EDGE('',*,*,#1085,.T.);
#1085 = EDGE_CURVE('',#1058,#1086,#1088,.T.);
#1086 = VERTEX_POINT('',#1087);
#1087 = CARTESIAN_POINT('',(82.,114.,0.));
#1088 = SURFACE_CURVE('',#1089,(#1093,#1100),.PCURVE_S1.);
#1089 = LINE('',#1090,#1091);
#1090 = CARTESIAN_POINT('',(114.,114.,0.));
#1091 = VECTOR('',#1092,1.);
#1092 = DIRECTION('',(-1.,0.,0.));
#1093 = PCURVE('',#72,#1094);
#1094 = DEFINITIONAL_REPRESENTATION('',(#1095),#1099);
#1095 = LINE('',#1096,#1097);
#1096 = CARTESIAN_POINT('',(164.,164.));
#1097 = VECTOR('',#1098,1.);
#1098 = DIRECTION('',(-1.,0.));
#1099 = ( GEOMETRIC_REPRESENTATION_CONTEXT(2) 
PARAMETRIC_REPRESENTATION_CONTEXT() REPRESENTATION_CONTEXT('2D SPACE',''
  ) );
#1100 = PCURVE('',#1101,#1106);
#1101 = PLANE('',#1102);
#1102 = AXIS2_PLACEMENT_3D('',#1103,#1104,#1105);
#1103 = CARTESIAN_POINT('',(114.,114.,0.));
#1104 = DIRECTION('',(0.,-1.,0.));
#1105 = DIRECTION('',(-1.,0.,0.));
#1106 = DEFINITIONAL_REPRESENTATION('',(#1107),#1111);
#1107 = LINE('',#1108,#1109);
#1108 = CARTESIAN_POINT('',(0.,-0.));
#1109 = VECTOR('',#1110,1.);
#1110 = DIRECTION('',(1.,0.));
#1111 = ( GEOMETRIC_REPRESENTATION_CONTEXT(2) 
PARAMETRIC_REPRESENTATION_CONTEXT() REPRESENTATION_CONTEXT('2D SPACE',''
  ) );
#1112 = ORIENTED_EDGE('',*,*,#1113,.T.);
#1113 = EDGE_CURVE('',#1086,#1114,#1116,.T.);
#1114 = VERTEX_POINT('',#1115);
#1115 = CARTESIAN_POINT('',(68.,86.,0.));
#1116 = SURFACE_CURVE('',#1117,(#1121,#1128),.PCURVE_S1.);
#1117 = LINE('',#1118,#1119);
#1118 = CARTESIAN_POINT('',(82.,114.,0.));
#1119 = VECTOR('',#1120,1.);
#1120 = DIRECTION('',(-0.4472135955,-0.894427191,0.));
#1121 = PCURVE('',#72,#1122);
#1122 = DEFINITIONAL_REPRESENTATION('',(#1123),#1127);
#1123 = LINE('',#1124,#1125);
#1124 = CARTESIAN_POINT('',(132.,164.));
#1125 = VECTOR('',#1126,1.);
#1126 = DIRECTION('',(-0.4472135955,-0.894427191));
#1127 = ( GEOMETRIC_REPRESENTATION_CONTEXT(2) 
PARAMETRIC_REPRESENTATION_CONTEXT() REPRESENTATION_CONTEXT('2D SPACE',''
  ) );
#1128 = PCURVE('',#1129,#1134);
#1129 = PLANE('',#1130);
#1130 = AXIS2_PLACEMENT_3D('',#1131,#1132,#1133);
#1131 = CARTESIAN_POINT('',(82.,114.,0.));
#1132 = DIRECTION('',(0.894427191,-0.4472135955,0.));
#1133 = DIRECTION('',(-0.4472135955,-0.894427191,0.));
#1134 = DEFINITIONAL_REPRESENTATION('',(#1135),#1139);
#1135 = LINE('',#1136,#1137);
#1136 = CARTESIAN_POINT('',(0.,0.));
#1137 = VECTOR('',#1138,1.);
#1138 = DIRECTION('',(1.,0.));
#1139 = ( GEOMETRIC_REPRESENTATION_CONTEXT(2) 
PARAMETRIC_REPRESENTATION_CONTEXT() REPRESENTATION_CONTEXT('2D SPACE',''
  ) );
#1140 = ORIENTED_EDGE('',*,*,#1141,.T.);
#1141 = EDGE_CURVE('',#1114,#1142,#1144,.T.);
#1142 = VERTEX_POINT('',#1143);
#1143 = CARTESIAN_POINT('',(49.3,86.,0.));
#1144 = SURFACE_CURVE('',#1145,(#1149,#1156),.PCURVE_S1.);
#1145 = LINE('',#1146,#1147);
#1146 = CARTESIAN_POINT('',(68.,86.,0.));
#1147 = VECTOR('',#1148,1.);
#1148 = DIRECTION('',(-1.,0.,0.));
#1149 = PCURVE('',#72,#1150);
#1150 = DEFINITIONAL_REPRESENTATION('',(#1151),#1155);
#1151 = LINE('',#1152,#1153);
#1152 = CARTESIAN_POINT('',(118.,136.));
#1153 = VECTOR('',#1154,1.);
#1154 = DIRECTION('',(-1.,0.));
#1155 = ( GEOMETRIC_REPRESENTATION_CONTEXT(2) 
PARAMETRIC_REPRESENTATION_CONTEXT() REPRESENTATION_CONTEXT('2D SPACE',''
  ) );
#1156 = PCURVE('',#1157,#1162);
#1157 = PLANE('',#1158);
#1158 = AXIS2_PLACEMENT_3D('',#1159,#1160,#1161);
#1159 = CARTESIAN_POINT('',(68.,86.,0.));
#1160 = DIRECTION('',(0.,-1.,0.));
#1161 = DIRECTION('',(-1.,0.,0.));
#1162 = DEFINITIONAL_REPRESENTATION('',(#1163),#1167);
#1163 = LINE('',#1164,#1165);
#1164 = CARTESIAN_POINT('',(0.,-0.));
#1165 = VECTOR('',#1166,1.);
#1166 = DIRECTION('',(1.,0.));
#1167 = ( GEOMETRIC_REPRESENTATION_CONTEXT(2) 
PARAMETRIC_REPRESENTATION_CONTEXT() REPRESENTATION_CONTEXT('2D SPACE',''
  ) );
#1168 = ORIENTED_EDGE('',*,*,#1169,.T.);
#1169 = EDGE_CURVE('',#1142,#1170,#1172,.T.);
#1170 = VERTEX_POINT('',#1171);
#1171 = CARTESIAN_POINT('',(49.3,49.7,0.));
#1172 = SURFACE_CURVE('',#1173,(#1177,#1184),.PCURVE_S1.);
#1173 = LINE('',#1174,#1175);
#1174 = CARTESIAN_POINT('',(49.3,86.,0.));
#1175 = VECTOR('',#1176,1.);
#1176 = DIRECTION('',(0.,-1.,0.));
#1177 = PCURVE('',#72,#1178);
#1178 = DEFINITIONAL_REPRESENTATION('',(#1179),#1183);
#1179 = LINE('',#1180,#1181);
#1180 = CARTESIAN_POINT('',(99.3,136.));
#1181 = VECTOR('',#1182,1.);
#1182 = DIRECTION('',(0.,-1.));
#1183 = ( GEOMETRIC_REPRESENTATION_CONTEXT(2) 
PARAMETRIC_REPRESENTATION_CONTEXT() REPRESENTATION_CONTEXT('2D SPACE',''
  ) );
#1184 = PCURVE('',#1185,#1190);
#1185 = PLANE('',#1186);
#1186 = AXIS2_PLACEMENT_3D('',#1187,#1188,#1189);
#1187 = CARTESIAN_POINT('',(49.3,86.,0.));
#1188 = DIRECTION('',(1.,0.,-0.));
#1189 = DIRECTION('',(0.,-1.,0.));
#1190 = DEFINITIONAL_REPRESENTATION('',(#1191),#1195);
#1191 = LINE('',#1192,#1193);
#1192 = CARTESIAN_POINT('',(0.,0.));
#1193 = VECTOR('',#1194,1.);
#1194 = DIRECTION('',(1.,0.));
#1195 = ( GEOMETRIC_REPRESENTATION_CONTEXT(2) 
PARAMETRIC_REPRESENTATION_CONTEXT() REPRESENTATION_CONTEXT('2D SPACE',''
  ) );
#1196 = ORIENTED_EDGE('',*,*,#1197,.F.);
#1197 = EDGE_CURVE('',#1198,#1170,#1200,.T.);
#1198 = VERTEX_POINT('',#1199);
#1199 = CARTESIAN_POINT('',(49.,50.,0.));
#1200 = SURFACE_CURVE('',#1201,(#1205,#1212),.PCURVE_S1.);
#1201 = LINE('',#1202,#1203);
#1202 = CARTESIAN_POINT('',(49.5,49.5,0.));
#1203 = VECTOR('',#1204,1.);
#1204 = DIRECTION('',(0.707106781187,-0.707106781187,0.));
#1205 = PCURVE('',#72,#1206);
#1206 = DEFINITIONAL_REPRESENTATION('',(#1207),#1211);
#1207 = LINE('',#1208,#1209);
#1208 = CARTESIAN_POINT('',(99.5,99.5));
#1209 = VECTOR('',#1210,1.);
#1210 = DIRECTION('',(0.707106781187,-0.707106781187));
#1211 = ( GEOMETRIC_REPRESENTATION_CONTEXT(2) 
PARAMETRIC_REPRESENTATION_CONTEXT() REPRESENTATION_CONTEXT('2D SPACE',''
  ) );
#1212 = PCURVE('',#961,#1213);
#1213 = DEFINITIONAL_REPRESENTATION('',(#1214),#1218);
#1214 = LINE('',#1215,#1216);
#1215 = CARTESIAN_POINT('',(0.,0.));
#1216 = VECTOR('',#1217,1.);
#1217 = DIRECTION('',(0.,1.));
#1218 = ( GEOMETRIC_REPRESENTATION_CONTEXT(2) 
PARAMETRIC_REPRESENTATION_CONTEXT() REPRESENTATION_CONTEXT('2D SPACE',''
  ) );
#1219 = ORIENTED_EDGE('',*,*,#1220,.F.);
#1220 = EDGE_CURVE('',#1221,#1198,#1223,.T.);
#1221 = VERTEX_POINT('',#1222);
#1222 = CARTESIAN_POINT('',(-49.,50.,0.));
#1223 = SURFACE_CURVE('',#1224,(#1228,#1235),.PCURVE_S1.);
#1224 = LINE('',#1225,#1226);
#1225 = CARTESIAN_POINT('',(-50.,50.,0.));
#1226 = VECTOR('',#1227,1.);
#1227 = DIRECTION('',(1.,0.,0.));
#1228 = PCURVE('',#72,#1229);
#1229 = DEFINITIONAL_REPRESENTATION('',(#1230),#1234);
#1230 = LINE('',#1231,#1232);
#1231 = CARTESIAN_POINT('',(0.,100.));
#1232 = VECTOR('',#1233,1.);
#1233 = DIRECTION('',(1.,0.));
#1234 = ( GEOMETRIC_REPRESENTATION_CONTEXT(2) 
PARAMETRIC_REPRESENTATION_CONTEXT() REPRESENTATION_CONTEXT('2D SPACE',''
  ) );
#1235 = PCURVE('',#1236,#1241);
#1236 = PLANE('',#1237);
#1237 = AXIS2_PLACEMENT_3D('',#1238,#1239,#1240);
#1238 = CARTESIAN_POINT('',(-50.,50.,0.));
#1239 = DIRECTION('',(0.,1.,0.));
#1240 = DIRECTION('',(0.,0.,1.));
#1241 = DEFINITIONAL_REPRESENTATION('',(#1242),#1246);
#1242 = LINE('',#1243,#1244);
#1243 = CARTESIAN_POINT('',(0.,0.));
#1244 = VECTOR('',#1245,1.);
#1245 = DIRECTION('',(0.,1.));
#1246 = ( GEOMETRIC_REPRESENTATION_CONTEXT(2) 
PARAMETRIC_REPRESENTATION_CONTEXT() REPRESENTATION_CONTEXT('2D SPACE',''
  ) );
#1247 = ORIENTED_EDGE('',*,*,#1248,.F.);
#1248 = EDGE_CURVE('',#1249,#1221,#1251,.T.);
#1249 = VERTEX_POINT('',#1250);
#1250 = CARTESIAN_POINT('',(-49.3,49.7,0.));
#1251 = SURFACE_CURVE('',#1252,(#1256,#1263),.PCURVE_S1.);
#1252 = LINE('',#1253,#1254);
#1253 = CARTESIAN_POINT('',(-74.5,24.5,0.));
#1254 = VECTOR('',#1255,1.);
#1255 = DIRECTION('',(0.707106781187,0.707106781187,-0.));
#1256 = PCURVE('',#72,#1257);
#1257 = DEFINITIONAL_REPRESENTATION('',(#1258),#1262);
#1258 = LINE('',#1259,#1260);
#1259 = CARTESIAN_POINT('',(-24.5,74.5));
#1260 = VECTOR('',#1261,1.);
#1261 = DIRECTION('',(0.707106781187,0.707106781187));
#1262 = ( GEOMETRIC_REPRESENTATION_CONTEXT(2) 
PARAMETRIC_REPRESENTATION_CONTEXT() REPRESENTATION_CONTEXT('2D SPACE',''
  ) );
#1263 = PCURVE('',#100,#1264);
#1264 = DEFINITIONAL_REPRESENTATION('',(#1265),#1269);
#1265 = LINE('',#1266,#1267);
#1266 = CARTESIAN_POINT('',(-0.,-35.35533905932));
#1267 = VECTOR('',#1268,1.);
#1268 = DIRECTION('',(-0.,1.));
#1269 = ( GEOMETRIC_REPRESENTATION_CONTEXT(2) 
PARAMETRIC_REPRESENTATION_CONTEXT() REPRESENTATION_CONTEXT('2D SPACE',''
  ) );
#1270 = ORIENTED_EDGE('',*,*,#1271,.F.);
#1271 = EDGE_CURVE('',#1272,#1249,#1274,.T.);
#1272 = VERTEX_POINT('',#1273);
#1273 = CARTESIAN_POINT('',(-49.3,86.,0.));
#1274 = SURFACE_CURVE('',#1275,(#1279,#1286),.PCURVE_S1.);
#1275 = LINE('',#1276,#1277);
#1276 = CARTESIAN_POINT('',(-49.3,86.,0.));
#1277 = VECTOR('',#1278,1.);
#1278 = DIRECTION('',(0.,-1.,0.));
#1279 = PCURVE('',#72,#1280);
#1280 = DEFINITIONAL_REPRESENTATION('',(#1281),#1285);
#1281 = LINE('',#1282,#1283);
#1282 = CARTESIAN_POINT('',(0.7,136.));
#1283 = VECTOR('',#1284,1.);
#1284 = DIRECTION('',(0.,-1.));
#1285 = ( GEOMETRIC_REPRESENTATION_CONTEXT(2) 
PARAMETRIC_REPRESENTATION_CONTEXT() REPRESENTATION_CONTEXT('2D SPACE',''
  ) );
#1286 = PCURVE('',#1287,#1292);
#1287 = PLANE('',#1288);
#1288 = AXIS2_PLACEMENT_3D('',#1289,#1290,#1291);
#1289 = CARTESIAN_POINT('',(-49.3,86.,0.));
#1290 = DIRECTION('',(1.,0.,-0.));
#1291 = DIRECTION('',(0.,-1.,0.));
#1292 = DEFINITIONAL_REPRESENTATION('',(#1293),#1297);
#1293 = LINE('',#1294,#1295);
#1294 = CARTESIAN_POINT('',(0.,0.));
#1295 = VECTOR('',#1296,1.);
#1296 = DIRECTION('',(1.,0.));
#1297 = ( GEOMETRIC_REPRESENTATION_CONTEXT(2) 
PARAMETRIC_REPRESENTATION_CONTEXT() REPRESENTATION_CONTEXT('2D SPACE',''
  ) );
#1298 = ORIENTED_EDGE('',*,*,#1299,.F.);
#1299 = EDGE_CURVE('',#1300,#1272,#1302,.T.);
#1300 = VERTEX_POINT('',#1301);
#1301 = CARTESIAN_POINT('',(-68.,86.,0.));
#1302 = SURFACE_CURVE('',#1303,(#1307,#1314),.PCURVE_S1.);
#1303 = LINE('',#1304,#1305);
#1304 = CARTESIAN_POINT('',(-68.,86.,0.));
#1305 = VECTOR('',#1306,1.);
#1306 = DIRECTION('',(1.,0.,0.));
#1307 = PCURVE('',#72,#1308);
#1308 = DEFINITIONAL_REPRESENTATION('',(#1309),#1313);
#1309 = LINE('',#1310,#1311);
#1310 = CARTESIAN_POINT('',(-18.,136.));
#1311 = VECTOR('',#1312,1.);
#1312 = DIRECTION('',(1.,0.));
#1313 = ( GEOMETRIC_REPRESENTATION_CONTEXT(2) 
PARAMETRIC_REPRESENTATION_CONTEXT() REPRESENTATION_CONTEXT('2D SPACE',''
  ) );
#1314 = PCURVE('',#1315,#1320);
#1315 = PLANE('',#1316);
#1316 = AXIS2_PLACEMENT_3D('',#1317,#1318,#1319);
#1317 = CARTESIAN_POINT('',(-68.,86.,0.));
#1318 = DIRECTION('',(0.,1.,0.));
#1319 = DIRECTION('',(1.,0.,0.));
#1320 = DEFINITIONAL_REPRESENTATION('',(#1321),#1325);
#1321 = LINE('',#1322,#1323);
#1322 = CARTESIAN_POINT('',(0.,0.));
#1323 = VECTOR('',#1324,1.);
#1324 = DIRECTION('',(1.,0.));
#1325 = ( GEOMETRIC_REPRESENTATION_CONTEXT(2) 
PARAMETRIC_REPRESENTATION_CONTEXT() REPRESENTATION_CONTEXT('2D SPACE',''
  ) );
#1326 = ORIENTED_EDGE('',*,*,#1327,.F.);
#1327 = EDGE_CURVE('',#1328,#1300,#1330,.T.);
#1328 = VERTEX_POINT('',#1329);
#1329 = CARTESIAN_POINT('',(-82.,114.,0.));
#1330 = SURFACE_CURVE('',#1331,(#1335,#1342),.PCURVE_S1.);
#1331 = LINE('',#1332,#1333);
#1332 = CARTESIAN_POINT('',(-82.,114.,0.));
#1333 = VECTOR('',#1334,1.);
#1334 = DIRECTION('',(0.4472135955,-0.894427191,0.));
#1335 = PCURVE('',#72,#1336);
#1336 = DEFINITIONAL_REPRESENTATION('',(#1337),#1341);
#1337 = LINE('',#1338,#1339);
#1338 = CARTESIAN_POINT('',(-32.,164.));
#1339 = VECTOR('',#1340,1.);
#1340 = DIRECTION('',(0.4472135955,-0.894427191));
#1341 = ( GEOMETRIC_REPRESENTATION_CONTEXT(2) 
PARAMETRIC_REPRESENTATION_CONTEXT() REPRESENTATION_CONTEXT('2D SPACE',''
  ) );
#1342 = PCURVE('',#1343,#1348);
#1343 = PLANE('',#1344);
#1344 = AXIS2_PLACEMENT_3D('',#1345,#1346,#1347);
#1345 = CARTESIAN_POINT('',(-82.,114.,0.));
#1346 = DIRECTION('',(0.894427191,0.4472135955,-0.));
#1347 = DIRECTION('',(0.4472135955,-0.894427191,0.));
#1348 = DEFINITIONAL_REPRESENTATION('',(#1349),#1353);
#1349 = LINE('',#1350,#1351);
#1350 = CARTESIAN_POINT('',(0.,0.));
#1351 = VECTOR('',#1352,1.);
#1352 = DIRECTION('',(1.,0.));
#1353 = ( GEOMETRIC_REPRESENTATION_CONTEXT(2) 
PARAMETRIC_REPRESENTATION_CONTEXT() REPRESENTATION_CONTEXT('2D SPACE',''
  ) );
#1354 = ORIENTED_EDGE('',*,*,#1355,.F.);
#1355 = EDGE_CURVE('',#1356,#1328,#1358,.T.);
#1356 = VERTEX_POINT('',#1357);
#1357 = CARTESIAN_POINT('',(-114.,114.,0.));
#1358 = SURFACE_CURVE('',#1359,(#1363,#1370),.PCURVE_S1.);
#1359 = LINE('',#1360,#1361);
#1360 = CARTESIAN_POINT('',(-114.,114.,0.));
#1361 = VECTOR('',#1362,1.);
#1362 = DIRECTION('',(1.,0.,0.));
#1363 = PCURVE('',#72,#1364);
#1364 = DEFINITIONAL_REPRESENTATION('',(#1365),#1369);
#1365 = LINE('',#1366,#1367);
#1366 = CARTESIAN_POINT('',(-64.,164.));
#1367 = VECTOR('',#1368,1.);
#1368 = DIRECTION('',(1.,0.));
#1369 = ( GEOMETRIC_REPRESENTATION_CONTEXT(2) 
PARAMETRIC_REPRESENTATION_CONTEXT() REPRESENTATION_CONTEXT('2D SPACE',''
  ) );
#1370 = PCURVE('',#1371,#1376);
#1371 = PLANE('',#1372);
#1372 = AXIS2_PLACEMENT_3D('',#1373,#1374,#1375);
#1373 = CARTESIAN_POINT('',(-114.,114.,0.));
#1374 = DIRECTION('',(0.,1.,0.));
#1375 = DIRECTION('',(1.,0.,0.));
#1376 = DEFINITIONAL_REPRESENTATION('',(#1377),#1381);
#1377 = LINE('',#1378,#1379);
#1378 = CARTESIAN_POINT('',(0.,0.));
#1379 = VECTOR('',#1380,1.);
#1380 = DIRECTION('',(1.,0.));
#1381 = ( GEOMETRIC_REPRESENTATION_CONTEXT(2) 
PARAMETRIC_REPRESENTATION_CONTEXT() REPRESENTATION_CONTEXT('2D SPACE',''
  ) );
#1382 = ORIENTED_EDGE('',*,*,#1383,.F.);
#1383 = EDGE_CURVE('',#1384,#1356,#1386,.T.);
#1384 = VERTEX_POINT('',#1385);
#1385 = CARTESIAN_POINT('',(-114.,82.,0.));
#1386 = SURFACE_CURVE('',#1387,(#1391,#1398),.PCURVE_S1.);
#1387 = LINE('',#1388,#1389);
#1388 = CARTESIAN_POINT('',(-114.,82.,0.));
#1389 = VECTOR('',#1390,1.);
#1390 = DIRECTION('',(0.,1.,0.));
#1391 = PCURVE('',#72,#1392);
#1392 = DEFINITIONAL_REPRESENTATION('',(#1393),#1397);
#1393 = LINE('',#1394,#1395);
#1394 = CARTESIAN_POINT('',(-64.,132.));
#1395 = VECTOR('',#1396,1.);
#1396 = DIRECTION('',(0.,1.));
#1397 = ( GEOMETRIC_REPRESENTATION_CONTEXT(2) 
PARAMETRIC_REPRESENTATION_CONTEXT() REPRESENTATION_CONTEXT('2D SPACE',''
  ) );
#1398 = PCURVE('',#1399,#1404);
#1399 = PLANE('',#1400);
#1400 = AXIS2_PLACEMENT_3D('',#1401,#1402,#1403);
#1401 = CARTESIAN_POINT('',(-114.,82.,0.));
#1402 = DIRECTION('',(-1.,0.,0.));
#1403 = DIRECTION('',(0.,1.,0.));
#1404 = DEFINITIONAL_REPRESENTATION('',(#1405),#1409);
#1405 = LINE('',#1406,#1407);
#1406 = CARTESIAN_POINT('',(0.,0.));
#1407 = VECTOR('',#1408,1.);
#1408 = DIRECTION('',(1.,0.));
#1409 = ( GEOMETRIC_REPRESENTATION_CONTEXT(2) 
PARAMETRIC_REPRESENTATION_CONTEXT() REPRESENTATION_CONTEXT('2D SPACE',''
  ) );
#1410 = ORIENTED_EDGE('',*,*,#1411,.F.);
#1411 = EDGE_CURVE('',#1412,#1384,#1414,.T.);
#1412 = VERTEX_POINT('',#1413);
#1413 = CARTESIAN_POINT('',(-86.,68.,0.));
#1414 = SURFACE_CURVE('',#1415,(#1419,#1426),.PCURVE_S1.);
#1415 = LINE('',#1416,#1417);
#1416 = CARTESIAN_POINT('',(-86.,68.,0.));
#1417 = VECTOR('',#1418,1.);
#1418 = DIRECTION('',(-0.894427191,0.4472135955,0.));
#1419 = PCURVE('',#72,#1420);
#1420 = DEFINITIONAL_REPRESENTATION('',(#1421),#1425);
#1421 = LINE('',#1422,#1423);
#1422 = CARTESIAN_POINT('',(-36.,118.));
#1423 = VECTOR('',#1424,1.);
#1424 = DIRECTION('',(-0.894427191,0.4472135955));
#1425 = ( GEOMETRIC_REPRESENTATION_CONTEXT(2) 
PARAMETRIC_REPRESENTATION_CONTEXT() REPRESENTATION_CONTEXT('2D SPACE',''
  ) );
#1426 = PCURVE('',#1427,#1432);
#1427 = PLANE('',#1428);
#1428 = AXIS2_PLACEMENT_3D('',#1429,#1430,#1431);
#1429 = CARTESIAN_POINT('',(-86.,68.,0.));
#1430 = DIRECTION('',(-0.4472135955,-0.894427191,0.));
#1431 = DIRECTION('',(-0.894427191,0.4472135955,0.));
#1432 = DEFINITIONAL_REPRESENTATION('',(#1433),#1437);
#1433 = LINE('',#1434,#1435);
#1434 = CARTESIAN_POINT('',(0.,0.));
#1435 = VECTOR('',#1436,1.);
#1436 = DIRECTION('',(1.,0.));
#1437 = ( GEOMETRIC_REPRESENTATION_CONTEXT(2) 
PARAMETRIC_REPRESENTATION_CONTEXT() REPRESENTATION_CONTEXT('2D SPACE',''
  ) );
#1438 = ORIENTED_EDGE('',*,*,#1439,.F.);
#1439 = EDGE_CURVE('',#1440,#1412,#1442,.T.);
#1440 = VERTEX_POINT('',#1441);
#1441 = CARTESIAN_POINT('',(-86.,49.3,0.));
#1442 = SURFACE_CURVE('',#1443,(#1447,#1454),.PCURVE_S1.);
#1443 = LINE('',#1444,#1445);
#1444 = CARTESIAN_POINT('',(-86.,49.3,0.));
#1445 = VECTOR('',#1446,1.);
#1446 = DIRECTION('',(0.,1.,0.));
#1447 = PCURVE('',#72,#1448);
#1448 = DEFINITIONAL_REPRESENTATION('',(#1449),#1453);
#1449 = LINE('',#1450,#1451);
#1450 = CARTESIAN_POINT('',(-36.,99.3));
#1451 = VECTOR('',#1452,1.);
#1452 = DIRECTION('',(0.,1.));
#1453 = ( GEOMETRIC_REPRESENTATION_CONTEXT(2) 
PARAMETRIC_REPRESENTATION_CONTEXT() REPRESENTATION_CONTEXT('2D SPACE',''
  ) );
#1454 = PCURVE('',#1455,#1460);
#1455 = PLANE('',#1456);
#1456 = AXIS2_PLACEMENT_3D('',#1457,#1458,#1459);
#1457 = CARTESIAN_POINT('',(-86.,49.3,0.));
#1458 = DIRECTION('',(-1.,0.,0.));
#1459 = DIRECTION('',(0.,1.,0.));
#1460 = DEFINITIONAL_REPRESENTATION('',(#1461),#1465);
#1461 = LINE('',#1462,#1463);
#1462 = CARTESIAN_POINT('',(0.,0.));
#1463 = VECTOR('',#1464,1.);
#1464 = DIRECTION('',(1.,0.));
#1465 = ( GEOMETRIC_REPRESENTATION_CONTEXT(2) 
PARAMETRIC_REPRESENTATION_CONTEXT() REPRESENTATION_CONTEXT('2D SPACE',''
  ) );
#1466 = ORIENTED_EDGE('',*,*,#1467,.F.);
#1467 = EDGE_CURVE('',#1468,#1440,#1470,.T.);
#1468 = VERTEX_POINT('',#1469);
#1469 = CARTESIAN_POINT('',(-49.7,49.3,0.));
#1470 = SURFACE_CURVE('',#1471,(#1475,#1482),.PCURVE_S1.);
#1471 = LINE('',#1472,#1473);
#1472 = CARTESIAN_POINT('',(-49.3,49.3,0.));
#1473 = VECTOR('',#1474,1.);
#1474 = DIRECTION('',(-1.,0.,0.));
#1475 = PCURVE('',#72,#1476);
#1476 = DEFINITIONAL_REPRESENTATION('',(#1477),#1481);
#1477 = LINE('',#1478,#1479);
#1478 = CARTESIAN_POINT('',(0.7,99.3));
#1479 = VECTOR('',#1480,1.);
#1480 = DIRECTION('',(-1.,0.));
#1481 = ( GEOMETRIC_REPRESENTATION_CONTEXT(2) 
PARAMETRIC_REPRESENTATION_CONTEXT() REPRESENTATION_CONTEXT('2D SPACE',''
  ) );
#1482 = PCURVE('',#1483,#1488);
#1483 = PLANE('',#1484);
#1484 = AXIS2_PLACEMENT_3D('',#1485,#1486,#1487);
#1485 = CARTESIAN_POINT('',(-49.3,49.3,0.));
#1486 = DIRECTION('',(0.,-1.,0.));
#1487 = DIRECTION('',(-1.,0.,0.));
#1488 = DEFINITIONAL_REPRESENTATION('',(#1489),#1493);
#1489 = LINE('',#1490,#1491);
#1490 = CARTESIAN_POINT('',(0.,-0.));
#1491 = VECTOR('',#1492,1.);
#1492 = DIRECTION('',(1.,0.));
#1493 = ( GEOMETRIC_REPRESENTATION_CONTEXT(2) 
PARAMETRIC_REPRESENTATION_CONTEXT() REPRESENTATION_CONTEXT('2D SPACE',''
  ) );
#1494 = ORIENTED_EDGE('',*,*,#1495,.F.);
#1495 = EDGE_CURVE('',#57,#1468,#1496,.T.);
#1496 = SURFACE_CURVE('',#1497,(#1501,#1508),.PCURVE_S1.);
#1497 = LINE('',#1498,#1499);
#1498 = CARTESIAN_POINT('',(-74.5,24.5,0.));
#1499 = VECTOR('',#1500,1.);
#1500 = DIRECTION('',(0.707106781187,0.707106781187,-0.));
#1501 = PCURVE('',#72,#1502);
#1502 = DEFINITIONAL_REPRESENTATION('',(#1503),#1507);
#1503 = LINE('',#1504,#1505);
#1504 = CARTESIAN_POINT('',(-24.5,74.5));
#1505 = VECTOR('',#1506,1.);
#1506 = DIRECTION('',(0.707106781187,0.707106781187));
#1507 = ( GEOMETRIC_REPRESENTATION_CONTEXT(2) 
PARAMETRIC_REPRESENTATION_CONTEXT() REPRESENTATION_CONTEXT('2D SPACE',''
  ) );
#1508 = PCURVE('',#100,#1509);
#1509 = DEFINITIONAL_REPRESENTATION('',(#1510),#1514);
#1510 = LINE('',#1511,#1512);
#1511 = CARTESIAN_POINT('',(-0.,-35.35533905932));
#1512 = VECTOR('',#1513,1.);
#1513 = DIRECTION('',(-0.,1.));
#1514 = ( GEOMETRIC_REPRESENTATION_CONTEXT(2) 
PARAMETRIC_REPRESENTATION_CONTEXT() REPRESENTATION_CONTEXT('2D SPACE',''
  ) );
#1515 = ADVANCED_FACE('',(#1516),#100,.F.);
#1516 = FACE_BOUND('',#1517,.T.);
#1517 = EDGE_LOOP('',(#1518,#1519,#1542,#1563,#1564,#1585,#1611,#1630));
#1518 = ORIENTED_EDGE('',*,*,#84,.T.);
#1519 = ORIENTED_EDGE('',*,*,#1520,.T.);
#1520 = EDGE_CURVE('',#85,#1521,#1523,.T.);
#1521 = VERTEX_POINT('',#1522);
#1522 = CARTESIAN_POINT('',(-49.,50.,29.65));
#1523 = SURFACE_CURVE('',#1524,(#1528,#1535),.PCURVE_S1.);
#1524 = LINE('',#1525,#1526);
#1525 = CARTESIAN_POINT('',(-50.,49.,29.65));
#1526 = VECTOR('',#1527,1.);
#1527 = DIRECTION('',(0.707106781187,0.707106781187,-0.));
#1528 = PCURVE('',#100,#1529);
#1529 = DEFINITIONAL_REPRESENTATION('',(#1530),#1534);
#1530 = LINE('',#1531,#1532);
#1531 = CARTESIAN_POINT('',(-29.65,-0.707106781187));
#1532 = VECTOR('',#1533,1.);
#1533 = DIRECTION('',(-0.,1.));
#1534 = ( GEOMETRIC_REPRESENTATION_CONTEXT(2) 
PARAMETRIC_REPRESENTATION_CONTEXT() REPRESENTATION_CONTEXT('2D SPACE',''
  ) );
#1535 = PCURVE('',#363,#1536);
#1536 = DEFINITIONAL_REPRESENTATION('',(#1537),#1541);
#1537 = LINE('',#1538,#1539);
#1538 = CARTESIAN_POINT('',(-7.105427357601E-15,0.247487373415));
#1539 = VECTOR('',#1540,1.);
#1540 = DIRECTION('',(1.,0.));
#1541 = ( GEOMETRIC_REPRESENTATION_CONTEXT(2) 
PARAMETRIC_REPRESENTATION_CONTEXT() REPRESENTATION_CONTEXT('2D SPACE',''
  ) );
#1542 = ORIENTED_EDGE('',*,*,#1543,.F.);
#1543 = EDGE_CURVE('',#1221,#1521,#1544,.T.);
#1544 = SURFACE_CURVE('',#1545,(#1549,#1556),.PCURVE_S1.);
#1545 = LINE('',#1546,#1547);
#1546 = CARTESIAN_POINT('',(-49.,50.,0.));
#1547 = VECTOR('',#1548,1.);
#1548 = DIRECTION('',(0.,0.,1.));
#1549 = PCURVE('',#100,#1550);
#1550 = DEFINITIONAL_REPRESENTATION('',(#1551),#1555);
#1551 = LINE('',#1552,#1553);
#1552 = CARTESIAN_POINT('',(-0.,0.707106781187));
#1553 = VECTOR('',#1554,1.);
#1554 = DIRECTION('',(-1.,0.));
#1555 = ( GEOMETRIC_REPRESENTATION_CONTEXT(2) 
PARAMETRIC_REPRESENTATION_CONTEXT() REPRESENTATION_CONTEXT('2D SPACE',''
  ) );
#1556 = PCURVE('',#1236,#1557);
#1557 = DEFINITIONAL_REPRESENTATION('',(#1558),#1562);
#1558 = LINE('',#1559,#1560);
#1559 = CARTESIAN_POINT('',(0.,1.));
#1560 = VECTOR('',#1561,1.);
#1561 = DIRECTION('',(1.,0.));
#1562 = ( GEOMETRIC_REPRESENTATION_CONTEXT(2) 
PARAMETRIC_REPRESENTATION_CONTEXT() REPRESENTATION_CONTEXT('2D SPACE',''
  ) );
#1563 = ORIENTED_EDGE('',*,*,#1248,.F.);
#1564 = ORIENTED_EDGE('',*,*,#1565,.F.);
#1565 = EDGE_CURVE('',#1566,#1249,#1568,.T.);
#1566 = VERTEX_POINT('',#1567);
#1567 = CARTESIAN_POINT('',(-49.3,49.7,1.));
#1568 = SURFACE_CURVE('',#1569,(#1573,#1579),.PCURVE_S1.);
#1569 = LINE('',#1570,#1571);
#1570 = CARTESIAN_POINT('',(-49.3,49.7,0.));
#1571 = VECTOR('',#1572,1.);
#1572 = DIRECTION('',(0.,-0.,-1.));
#1573 = PCURVE('',#100,#1574);
#1574 = DEFINITIONAL_REPRESENTATION('',(#1575),#1578);
#1575 = B_SPLINE_CURVE_WITH_KNOTS('',1,(#1576,#1577),.UNSPECIFIED.,.F.,
  .F.,(2,2),(-1.,0.),.PIECEWISE_BEZIER_KNOTS.);
#1576 = CARTESIAN_POINT('',(-1.,0.282842712475));
#1577 = CARTESIAN_POINT('',(0.,0.282842712475));
#1578 = ( GEOMETRIC_REPRESENTATION_CONTEXT(2) 
PARAMETRIC_REPRESENTATION_CONTEXT() REPRESENTATION_CONTEXT('2D SPACE',''
  ) );
#1579 = PCURVE('',#1287,#1580);
#1580 = DEFINITIONAL_REPRESENTATION('',(#1581),#1584);
#1581 = B_SPLINE_CURVE_WITH_KNOTS('',1,(#1582,#1583),.UNSPECIFIED.,.F.,
  .F.,(2,2),(-1.,0.),.PIECEWISE_BEZIER_KNOTS.);
#1582 = CARTESIAN_POINT('',(36.3,-1.));
#1583 = CARTESIAN_POINT('',(36.3,0.));
#1584 = ( GEOMETRIC_REPRESENTATION_CONTEXT(2) 
PARAMETRIC_REPRESENTATION_CONTEXT() REPRESENTATION_CONTEXT('2D SPACE',''
  ) );
#1585 = ORIENTED_EDGE('',*,*,#1586,.T.);
#1586 = EDGE_CURVE('',#1566,#1587,#1589,.T.);
#1587 = VERTEX_POINT('',#1588);
#1588 = CARTESIAN_POINT('',(-49.7,49.3,1.));
#1589 = SURFACE_CURVE('',#1590,(#1594,#1600),.PCURVE_S1.);
#1590 = LINE('',#1591,#1592);
#1591 = CARTESIAN_POINT('',(-49.5,49.5,1.));
#1592 = VECTOR('',#1593,1.);
#1593 = DIRECTION('',(-0.707106781187,-0.707106781187,0.));
#1594 = PCURVE('',#100,#1595);
#1595 = DEFINITIONAL_REPRESENTATION('',(#1596),#1599);
#1596 = B_SPLINE_CURVE_WITH_KNOTS('',1,(#1597,#1598),.UNSPECIFIED.,.F.,
  .F.,(2,2),(-0.282842712475,0.282842712475),.PIECEWISE_BEZIER_KNOTS.);
#1597 = CARTESIAN_POINT('',(-1.,0.282842712475));
#1598 = CARTESIAN_POINT('',(-1.,-0.282842712475));
#1599 = ( GEOMETRIC_REPRESENTATION_CONTEXT(2) 
PARAMETRIC_REPRESENTATION_CONTEXT() REPRESENTATION_CONTEXT('2D SPACE',''
  ) );
#1600 = PCURVE('',#1601,#1606);
#1601 = PLANE('',#1602);
#1602 = AXIS2_PLACEMENT_3D('',#1603,#1604,#1605);
#1603 = CARTESIAN_POINT('',(-81.12292819924,81.122928199248,1.));
#1604 = DIRECTION('',(-0.,-0.,-1.));
#1605 = DIRECTION('',(-1.,0.,0.));
#1606 = DEFINITIONAL_REPRESENTATION('',(#1607),#1610);
#1607 = B_SPLINE_CURVE_WITH_KNOTS('',1,(#1608,#1609),.UNSPECIFIED.,.F.,
  .F.,(2,2),(-0.282842712475,0.282842712475),.PIECEWISE_BEZIER_KNOTS.);
#1608 = CARTESIAN_POINT('',(-31.82292819924,-31.42292819924));
#1609 = CARTESIAN_POINT('',(-31.42292819924,-31.82292819924));
#1610 = ( GEOMETRIC_REPRESENTATION_CONTEXT(2) 
PARAMETRIC_REPRESENTATION_CONTEXT() REPRESENTATION_CONTEXT('2D SPACE',''
  ) );
#1611 = ORIENTED_EDGE('',*,*,#1612,.F.);
#1612 = EDGE_CURVE('',#1468,#1587,#1613,.T.);
#1613 = SURFACE_CURVE('',#1614,(#1618,#1624),.PCURVE_S1.);
#1614 = LINE('',#1615,#1616);
#1615 = CARTESIAN_POINT('',(-49.7,49.3,0.));
#1616 = VECTOR('',#1617,1.);
#1617 = DIRECTION('',(0.,0.,1.));
#1618 = PCURVE('',#100,#1619);
#1619 = DEFINITIONAL_REPRESENTATION('',(#1620),#1623);
#1620 = B_SPLINE_CURVE_WITH_KNOTS('',1,(#1621,#1622),.UNSPECIFIED.,.F.,
  .F.,(2,2),(0.,1.),.PIECEWISE_BEZIER_KNOTS.);
#1621 = CARTESIAN_POINT('',(0.,-0.282842712475));
#1622 = CARTESIAN_POINT('',(-1.,-0.282842712475));
#1623 = ( GEOMETRIC_REPRESENTATION_CONTEXT(2) 
PARAMETRIC_REPRESENTATION_CONTEXT() REPRESENTATION_CONTEXT('2D SPACE',''
  ) );
#1624 = PCURVE('',#1483,#1625);
#1625 = DEFINITIONAL_REPRESENTATION('',(#1626),#1629);
#1626 = B_SPLINE_CURVE_WITH_KNOTS('',1,(#1627,#1628),.UNSPECIFIED.,.F.,
  .F.,(2,2),(0.,1.),.PIECEWISE_BEZIER_KNOTS.);
#1627 = CARTESIAN_POINT('',(0.4,0.));
#1628 = CARTESIAN_POINT('',(0.4,-1.));
#1629 = ( GEOMETRIC_REPRESENTATION_CONTEXT(2) 
PARAMETRIC_REPRESENTATION_CONTEXT() REPRESENTATION_CONTEXT('2D SPACE',''
  ) );
#1630 = ORIENTED_EDGE('',*,*,#1495,.F.);
#1631 = ADVANCED_FACE('',(#1632),#288,.F.);
#1632 = FACE_BOUND('',#1633,.F.);
#1633 = EDGE_LOOP('',(#1634,#1635,#1636,#1659));
#1634 = ORIENTED_EDGE('',*,*,#406,.F.);
#1635 = ORIENTED_EDGE('',*,*,#273,.F.);
#1636 = ORIENTED_EDGE('',*,*,#1637,.T.);
#1637 = EDGE_CURVE('',#248,#1638,#1640,.T.);
#1638 = VERTEX_POINT('',#1639);
#1639 = CARTESIAN_POINT('',(-86.,-49.3,1.));
#1640 = SURFACE_CURVE('',#1641,(#1645,#1652),.PCURVE_S1.);
#1641 = LINE('',#1642,#1643);
#1642 = CARTESIAN_POINT('',(-49.3,-49.3,1.));
#1643 = VECTOR('',#1644,1.);
#1644 = DIRECTION('',(-1.,0.,0.));
#1645 = PCURVE('',#288,#1646);
#1646 = DEFINITIONAL_REPRESENTATION('',(#1647),#1651);
#1647 = LINE('',#1648,#1649);
#1648 = CARTESIAN_POINT('',(0.,-1.));
#1649 = VECTOR('',#1650,1.);
#1650 = DIRECTION('',(1.,0.));
#1651 = ( GEOMETRIC_REPRESENTATION_CONTEXT(2) 
PARAMETRIC_REPRESENTATION_CONTEXT() REPRESENTATION_CONTEXT('2D SPACE',''
  ) );
#1652 = PCURVE('',#262,#1653);
#1653 = DEFINITIONAL_REPRESENTATION('',(#1654),#1658);
#1654 = LINE('',#1655,#1656);
#1655 = CARTESIAN_POINT('',(31.822928199248,31.822928199248));
#1656 = VECTOR('',#1657,1.);
#1657 = DIRECTION('',(-1.,0.));
#1658 = ( GEOMETRIC_REPRESENTATION_CONTEXT(2) 
PARAMETRIC_REPRESENTATION_CONTEXT() REPRESENTATION_CONTEXT('2D SPACE',''
  ) );
#1659 = ORIENTED_EDGE('',*,*,#1660,.F.);
#1660 = EDGE_CURVE('',#407,#1638,#1661,.T.);
#1661 = SURFACE_CURVE('',#1662,(#1666,#1673),.PCURVE_S1.);
#1662 = LINE('',#1663,#1664);
#1663 = CARTESIAN_POINT('',(-86.,-49.3,0.));
#1664 = VECTOR('',#1665,1.);
#1665 = DIRECTION('',(0.,0.,1.));
#1666 = PCURVE('',#288,#1667);
#1667 = DEFINITIONAL_REPRESENTATION('',(#1668),#1672);
#1668 = LINE('',#1669,#1670);
#1669 = CARTESIAN_POINT('',(36.7,0.));
#1670 = VECTOR('',#1671,1.);
#1671 = DIRECTION('',(0.,-1.));
#1672 = ( GEOMETRIC_REPRESENTATION_CONTEXT(2) 
PARAMETRIC_REPRESENTATION_CONTEXT() REPRESENTATION_CONTEXT('2D SPACE',''
  ) );
#1673 = PCURVE('',#445,#1674);
#1674 = DEFINITIONAL_REPRESENTATION('',(#1675),#1679);
#1675 = LINE('',#1676,#1677);
#1676 = CARTESIAN_POINT('',(0.,0.));
#1677 = VECTOR('',#1678,1.);
#1678 = DIRECTION('',(0.,-1.));
#1679 = ( GEOMETRIC_REPRESENTATION_CONTEXT(2) 
PARAMETRIC_REPRESENTATION_CONTEXT() REPRESENTATION_CONTEXT('2D SPACE',''
  ) );
#1680 = ADVANCED_FACE('',(#1681),#262,.T.);
#1681 = FACE_BOUND('',#1682,.T.);
#1682 = EDGE_LOOP('',(#1683,#1684,#1685,#1708,#1731,#1754,#1777,#1800,
    #1823));
#1683 = ORIENTED_EDGE('',*,*,#247,.F.);
#1684 = ORIENTED_EDGE('',*,*,#1637,.T.);
#1685 = ORIENTED_EDGE('',*,*,#1686,.T.);
#1686 = EDGE_CURVE('',#1638,#1687,#1689,.T.);
#1687 = VERTEX_POINT('',#1688);
#1688 = CARTESIAN_POINT('',(-86.,-68.,1.));
#1689 = SURFACE_CURVE('',#1690,(#1694,#1701),.PCURVE_S1.);
#1690 = LINE('',#1691,#1692);
#1691 = CARTESIAN_POINT('',(-86.,-49.3,1.));
#1692 = VECTOR('',#1693,1.);
#1693 = DIRECTION('',(0.,-1.,0.));
#1694 = PCURVE('',#262,#1695);
#1695 = DEFINITIONAL_REPRESENTATION('',(#1696),#1700);
#1696 = LINE('',#1697,#1698);
#1697 = CARTESIAN_POINT('',(-4.877071800752,31.822928199248));
#1698 = VECTOR('',#1699,1.);
#1699 = DIRECTION('',(0.,-1.));
#1700 = ( GEOMETRIC_REPRESENTATION_CONTEXT(2) 
PARAMETRIC_REPRESENTATION_CONTEXT() REPRESENTATION_CONTEXT('2D SPACE',''
  ) );
#1701 = PCURVE('',#445,#1702);
#1702 = DEFINITIONAL_REPRESENTATION('',(#1703),#1707);
#1703 = LINE('',#1704,#1705);
#1704 = CARTESIAN_POINT('',(0.,-1.));
#1705 = VECTOR('',#1706,1.);
#1706 = DIRECTION('',(1.,0.));
#1707 = ( GEOMETRIC_REPRESENTATION_CONTEXT(2) 
PARAMETRIC_REPRESENTATION_CONTEXT() REPRESENTATION_CONTEXT('2D SPACE',''
  ) );
#1708 = ORIENTED_EDGE('',*,*,#1709,.T.);
#1709 = EDGE_CURVE('',#1687,#1710,#1712,.T.);
#1710 = VERTEX_POINT('',#1711);
#1711 = CARTESIAN_POINT('',(-114.,-82.,1.));
#1712 = SURFACE_CURVE('',#1713,(#1717,#1724),.PCURVE_S1.);
#1713 = LINE('',#1714,#1715);
#1714 = CARTESIAN_POINT('',(-86.,-68.,1.));
#1715 = VECTOR('',#1716,1.);
#1716 = DIRECTION('',(-0.894427191,-0.4472135955,0.));
#1717 = PCURVE('',#262,#1718);
#1718 = DEFINITIONAL_REPRESENTATION('',(#1719),#1723);
#1719 = LINE('',#1720,#1721);
#1720 = CARTESIAN_POINT('',(-4.877071800752,13.122928199248));
#1721 = VECTOR('',#1722,1.);
#1722 = DIRECTION('',(-0.894427191,-0.4472135955));
#1723 = ( GEOMETRIC_REPRESENTATION_CONTEXT(2) 
PARAMETRIC_REPRESENTATION_CONTEXT() REPRESENTATION_CONTEXT('2D SPACE',''
  ) );
#1724 = PCURVE('',#473,#1725);
#1725 = DEFINITIONAL_REPRESENTATION('',(#1726),#1730);
#1726 = LINE('',#1727,#1728);
#1727 = CARTESIAN_POINT('',(0.,-1.));
#1728 = VECTOR('',#1729,1.);
#1729 = DIRECTION('',(1.,0.));
#1730 = ( GEOMETRIC_REPRESENTATION_CONTEXT(2) 
PARAMETRIC_REPRESENTATION_CONTEXT() REPRESENTATION_CONTEXT('2D SPACE',''
  ) );
#1731 = ORIENTED_EDGE('',*,*,#1732,.T.);
#1732 = EDGE_CURVE('',#1710,#1733,#1735,.T.);
#1733 = VERTEX_POINT('',#1734);
#1734 = CARTESIAN_POINT('',(-114.,-114.,1.));
#1735 = SURFACE_CURVE('',#1736,(#1740,#1747),.PCURVE_S1.);
#1736 = LINE('',#1737,#1738);
#1737 = CARTESIAN_POINT('',(-114.,-82.,1.));
#1738 = VECTOR('',#1739,1.);
#1739 = DIRECTION('',(0.,-1.,0.));
#1740 = PCURVE('',#262,#1741);
#1741 = DEFINITIONAL_REPRESENTATION('',(#1742),#1746);
#1742 = LINE('',#1743,#1744);
#1743 = CARTESIAN_POINT('',(-32.87707180075,-0.877071800752));
#1744 = VECTOR('',#1745,1.);
#1745 = DIRECTION('',(0.,-1.));
#1746 = ( GEOMETRIC_REPRESENTATION_CONTEXT(2) 
PARAMETRIC_REPRESENTATION_CONTEXT() REPRESENTATION_CONTEXT('2D SPACE',''
  ) );
#1747 = PCURVE('',#501,#1748);
#1748 = DEFINITIONAL_REPRESENTATION('',(#1749),#1753);
#1749 = LINE('',#1750,#1751);
#1750 = CARTESIAN_POINT('',(0.,-1.));
#1751 = VECTOR('',#1752,1.);
#1752 = DIRECTION('',(1.,0.));
#1753 = ( GEOMETRIC_REPRESENTATION_CONTEXT(2) 
PARAMETRIC_REPRESENTATION_CONTEXT() REPRESENTATION_CONTEXT('2D SPACE',''
  ) );
#1754 = ORIENTED_EDGE('',*,*,#1755,.T.);
#1755 = EDGE_CURVE('',#1733,#1756,#1758,.T.);
#1756 = VERTEX_POINT('',#1757);
#1757 = CARTESIAN_POINT('',(-82.,-114.,1.));
#1758 = SURFACE_CURVE('',#1759,(#1763,#1770),.PCURVE_S1.);
#1759 = LINE('',#1760,#1761);
#1760 = CARTESIAN_POINT('',(-114.,-114.,1.));
#1761 = VECTOR('',#1762,1.);
#1762 = DIRECTION('',(1.,0.,0.));
#1763 = PCURVE('',#262,#1764);
#1764 = DEFINITIONAL_REPRESENTATION('',(#1765),#1769);
#1765 = LINE('',#1766,#1767);
#1766 = CARTESIAN_POINT('',(-32.87707180075,-32.87707180075));
#1767 = VECTOR('',#1768,1.);
#1768 = DIRECTION('',(1.,0.));
#1769 = ( GEOMETRIC_REPRESENTATION_CONTEXT(2) 
PARAMETRIC_REPRESENTATION_CONTEXT() REPRESENTATION_CONTEXT('2D SPACE',''
  ) );
#1770 = PCURVE('',#529,#1771);
#1771 = DEFINITIONAL_REPRESENTATION('',(#1772),#1776);
#1772 = LINE('',#1773,#1774);
#1773 = CARTESIAN_POINT('',(0.,-1.));
#1774 = VECTOR('',#1775,1.);
#1775 = DIRECTION('',(1.,0.));
#1776 = ( GEOMETRIC_REPRESENTATION_CONTEXT(2) 
PARAMETRIC_REPRESENTATION_CONTEXT() REPRESENTATION_CONTEXT('2D SPACE',''
  ) );
#1777 = ORIENTED_EDGE('',*,*,#1778,.T.);
#1778 = EDGE_CURVE('',#1756,#1779,#1781,.T.);
#1779 = VERTEX_POINT('',#1780);
#1780 = CARTESIAN_POINT('',(-68.,-86.,1.));
#1781 = SURFACE_CURVE('',#1782,(#1786,#1793),.PCURVE_S1.);
#1782 = LINE('',#1783,#1784);
#1783 = CARTESIAN_POINT('',(-82.,-114.,1.));
#1784 = VECTOR('',#1785,1.);
#1785 = DIRECTION('',(0.4472135955,0.894427191,0.));
#1786 = PCURVE('',#262,#1787);
#1787 = DEFINITIONAL_REPRESENTATION('',(#1788),#1792);
#1788 = LINE('',#1789,#1790);
#1789 = CARTESIAN_POINT('',(-0.877071800752,-32.87707180075));
#1790 = VECTOR('',#1791,1.);
#1791 = DIRECTION('',(0.4472135955,0.894427191));
#1792 = ( GEOMETRIC_REPRESENTATION_CONTEXT(2) 
PARAMETRIC_REPRESENTATION_CONTEXT() REPRESENTATION_CONTEXT('2D SPACE',''
  ) );
#1793 = PCURVE('',#557,#1794);
#1794 = DEFINITIONAL_REPRESENTATION('',(#1795),#1799);
#1795 = LINE('',#1796,#1797);
#1796 = CARTESIAN_POINT('',(0.,-1.));
#1797 = VECTOR('',#1798,1.);
#1798 = DIRECTION('',(1.,0.));
#1799 = ( GEOMETRIC_REPRESENTATION_CONTEXT(2) 
PARAMETRIC_REPRESENTATION_CONTEXT() REPRESENTATION_CONTEXT('2D SPACE',''
  ) );
#1800 = ORIENTED_EDGE('',*,*,#1801,.T.);
#1801 = EDGE_CURVE('',#1779,#1802,#1804,.T.);
#1802 = VERTEX_POINT('',#1803);
#1803 = CARTESIAN_POINT('',(-49.3,-86.,1.));
#1804 = SURFACE_CURVE('',#1805,(#1809,#1816),.PCURVE_S1.);
#1805 = LINE('',#1806,#1807);
#1806 = CARTESIAN_POINT('',(-68.,-86.,1.));
#1807 = VECTOR('',#1808,1.);
#1808 = DIRECTION('',(1.,0.,0.));
#1809 = PCURVE('',#262,#1810);
#1810 = DEFINITIONAL_REPRESENTATION('',(#1811),#1815);
#1811 = LINE('',#1812,#1813);
#1812 = CARTESIAN_POINT('',(13.122928199248,-4.877071800752));
#1813 = VECTOR('',#1814,1.);
#1814 = DIRECTION('',(1.,0.));
#1815 = ( GEOMETRIC_REPRESENTATION_CONTEXT(2) 
PARAMETRIC_REPRESENTATION_CONTEXT() REPRESENTATION_CONTEXT('2D SPACE',''
  ) );
#1816 = PCURVE('',#585,#1817);
#1817 = DEFINITIONAL_REPRESENTATION('',(#1818),#1822);
#1818 = LINE('',#1819,#1820);
#1819 = CARTESIAN_POINT('',(0.,-1.));
#1820 = VECTOR('',#1821,1.);
#1821 = DIRECTION('',(1.,0.));
#1822 = ( GEOMETRIC_REPRESENTATION_CONTEXT(2) 
PARAMETRIC_REPRESENTATION_CONTEXT() REPRESENTATION_CONTEXT('2D SPACE',''
  ) );
#1823 = ORIENTED_EDGE('',*,*,#1824,.T.);
#1824 = EDGE_CURVE('',#1802,#222,#1825,.T.);
#1825 = SURFACE_CURVE('',#1826,(#1830,#1837),.PCURVE_S1.);
#1826 = LINE('',#1827,#1828);
#1827 = CARTESIAN_POINT('',(-49.3,-86.,1.));
#1828 = VECTOR('',#1829,1.);
#1829 = DIRECTION('',(0.,1.,0.));
#1830 = PCURVE('',#262,#1831);
#1831 = DEFINITIONAL_REPRESENTATION('',(#1832),#1836);
#1832 = LINE('',#1833,#1834);
#1833 = CARTESIAN_POINT('',(31.822928199248,-4.877071800752));
#1834 = VECTOR('',#1835,1.);
#1835 = DIRECTION('',(0.,1.));
#1836 = ( GEOMETRIC_REPRESENTATION_CONTEXT(2) 
PARAMETRIC_REPRESENTATION_CONTEXT() REPRESENTATION_CONTEXT('2D SPACE',''
  ) );
#1837 = PCURVE('',#236,#1838);
#1838 = DEFINITIONAL_REPRESENTATION('',(#1839),#1843);
#1839 = LINE('',#1840,#1841);
#1840 = CARTESIAN_POINT('',(0.,-1.));
#1841 = VECTOR('',#1842,1.);
#1842 = DIRECTION('',(1.,0.));
#1843 = ( GEOMETRIC_REPRESENTATION_CONTEXT(2) 
PARAMETRIC_REPRESENTATION_CONTEXT() REPRESENTATION_CONTEXT('2D SPACE',''
  ) );
#1844 = ADVANCED_FACE('',(#1845),#236,.F.);
#1845 = FACE_BOUND('',#1846,.F.);
#1846 = EDGE_LOOP('',(#1847,#1848,#1869,#1870));
#1847 = ORIENTED_EDGE('',*,*,#597,.F.);
#1848 = ORIENTED_EDGE('',*,*,#1849,.T.);
#1849 = EDGE_CURVE('',#570,#1802,#1850,.T.);
#1850 = SURFACE_CURVE('',#1851,(#1855,#1862),.PCURVE_S1.);
#1851 = LINE('',#1852,#1853);
#1852 = CARTESIAN_POINT('',(-49.3,-86.,0.));
#1853 = VECTOR('',#1854,1.);
#1854 = DIRECTION('',(0.,0.,1.));
#1855 = PCURVE('',#236,#1856);
#1856 = DEFINITIONAL_REPRESENTATION('',(#1857),#1861);
#1857 = LINE('',#1858,#1859);
#1858 = CARTESIAN_POINT('',(0.,0.));
#1859 = VECTOR('',#1860,1.);
#1860 = DIRECTION('',(0.,-1.));
#1861 = ( GEOMETRIC_REPRESENTATION_CONTEXT(2) 
PARAMETRIC_REPRESENTATION_CONTEXT() REPRESENTATION_CONTEXT('2D SPACE',''
  ) );
#1862 = PCURVE('',#585,#1863);
#1863 = DEFINITIONAL_REPRESENTATION('',(#1864),#1868);
#1864 = LINE('',#1865,#1866);
#1865 = CARTESIAN_POINT('',(18.7,0.));
#1866 = VECTOR('',#1867,1.);
#1867 = DIRECTION('',(0.,-1.));
#1868 = ( GEOMETRIC_REPRESENTATION_CONTEXT(2) 
PARAMETRIC_REPRESENTATION_CONTEXT() REPRESENTATION_CONTEXT('2D SPACE',''
  ) );
#1869 = ORIENTED_EDGE('',*,*,#1824,.T.);
#1870 = ORIENTED_EDGE('',*,*,#221,.F.);
#1871 = ADVANCED_FACE('',(#1872),#186,.F.);
#1872 = FACE_BOUND('',#1873,.F.);
#1873 = EDGE_LOOP('',(#1874,#1875,#1903,#1924));
#1874 = ORIENTED_EDGE('',*,*,#170,.T.);
#1875 = ORIENTED_EDGE('',*,*,#1876,.T.);
#1876 = EDGE_CURVE('',#143,#1877,#1879,.T.);
#1877 = VERTEX_POINT('',#1878);
#1878 = CARTESIAN_POINT('',(49.,-50.,29.65));
#1879 = SURFACE_CURVE('',#1880,(#1884,#1891),.PCURVE_S1.);
#1880 = LINE('',#1881,#1882);
#1881 = CARTESIAN_POINT('',(-49.,-50.,29.65));
#1882 = VECTOR('',#1883,1.);
#1883 = DIRECTION('',(1.,0.,0.));
#1884 = PCURVE('',#186,#1885);
#1885 = DEFINITIONAL_REPRESENTATION('',(#1886),#1890);
#1886 = LINE('',#1887,#1888);
#1887 = CARTESIAN_POINT('',(29.65,1.));
#1888 = VECTOR('',#1889,1.);
#1889 = DIRECTION('',(0.,1.));
#1890 = ( GEOMETRIC_REPRESENTATION_CONTEXT(2) 
PARAMETRIC_REPRESENTATION_CONTEXT() REPRESENTATION_CONTEXT('2D SPACE',''
  ) );
#1891 = PCURVE('',#1892,#1897);
#1892 = PLANE('',#1893);
#1893 = AXIS2_PLACEMENT_3D('',#1894,#1895,#1896);
#1894 = CARTESIAN_POINT('',(-49.,-49.825,29.825));
#1895 = DIRECTION('',(0.,0.707106781187,-0.707106781187));
#1896 = DIRECTION('',(1.,0.,0.));
#1897 = DEFINITIONAL_REPRESENTATION('',(#1898),#1902);
#1898 = LINE('',#1899,#1900);
#1899 = CARTESIAN_POINT('',(0.,0.247487373415));
#1900 = VECTOR('',#1901,1.);
#1901 = DIRECTION('',(1.,0.));
#1902 = ( GEOMETRIC_REPRESENTATION_CONTEXT(2) 
PARAMETRIC_REPRESENTATION_CONTEXT() REPRESENTATION_CONTEXT('2D SPACE',''
  ) );
#1903 = ORIENTED_EDGE('',*,*,#1904,.F.);
#1904 = EDGE_CURVE('',#620,#1877,#1905,.T.);
#1905 = SURFACE_CURVE('',#1906,(#1910,#1917),.PCURVE_S1.);
#1906 = LINE('',#1907,#1908);
#1907 = CARTESIAN_POINT('',(49.,-50.,0.));
#1908 = VECTOR('',#1909,1.);
#1909 = DIRECTION('',(0.,0.,1.));
#1910 = PCURVE('',#186,#1911);
#1911 = DEFINITIONAL_REPRESENTATION('',(#1912),#1916);
#1912 = LINE('',#1913,#1914);
#1913 = CARTESIAN_POINT('',(0.,99.));
#1914 = VECTOR('',#1915,1.);
#1915 = DIRECTION('',(1.,0.));
#1916 = ( GEOMETRIC_REPRESENTATION_CONTEXT(2) 
PARAMETRIC_REPRESENTATION_CONTEXT() REPRESENTATION_CONTEXT('2D SPACE',''
  ) );
#1917 = PCURVE('',#658,#1918);
#1918 = DEFINITIONAL_REPRESENTATION('',(#1919),#1923);
#1919 = LINE('',#1920,#1921);
#1920 = CARTESIAN_POINT('',(0.,-0.707106781187));
#1921 = VECTOR('',#1922,1.);
#1922 = DIRECTION('',(1.,0.));
#1923 = ( GEOMETRIC_REPRESENTATION_CONTEXT(2) 
PARAMETRIC_REPRESENTATION_CONTEXT() REPRESENTATION_CONTEXT('2D SPACE',''
  ) );
#1924 = ORIENTED_EDGE('',*,*,#619,.F.);
#1925 = ADVANCED_FACE('',(#1926),#158,.F.);
#1926 = FACE_BOUND('',#1927,.F.);
#1927 = EDGE_LOOP('',(#1928,#1929,#1952,#1973));
#1928 = ORIENTED_EDGE('',*,*,#323,.T.);
#1929 = ORIENTED_EDGE('',*,*,#1930,.T.);
#1930 = EDGE_CURVE('',#324,#1931,#1933,.T.);
#1931 = VERTEX_POINT('',#1932);
#1932 = CARTESIAN_POINT('',(-48.85502525316,-49.65,30.));
#1933 = SURFACE_CURVE('',#1934,(#1938,#1945),.PCURVE_S1.);
#1934 = LINE('',#1935,#1936);
#1935 = CARTESIAN_POINT('',(-49.75251262658,-48.75251262658,30.));
#1936 = VECTOR('',#1937,1.);
#1937 = DIRECTION('',(0.707106781187,-0.707106781187,0.));
#1938 = PCURVE('',#158,#1939);
#1939 = DEFINITIONAL_REPRESENTATION('',(#1940),#1944);
#1940 = LINE('',#1941,#1942);
#1941 = CARTESIAN_POINT('',(7.105427357601E-15,-0.247487373415));
#1942 = VECTOR('',#1943,1.);
#1943 = DIRECTION('',(1.,0.));
#1944 = ( GEOMETRIC_REPRESENTATION_CONTEXT(2) 
PARAMETRIC_REPRESENTATION_CONTEXT() REPRESENTATION_CONTEXT('2D SPACE',''
  ) );
#1945 = PCURVE('',#389,#1946);
#1946 = DEFINITIONAL_REPRESENTATION('',(#1947),#1951);
#1947 = LINE('',#1948,#1949);
#1948 = CARTESIAN_POINT('',(0.247487373415,1.247487373415));
#1949 = VECTOR('',#1950,1.);
#1950 = DIRECTION('',(0.707106781187,-0.707106781187));
#1951 = ( GEOMETRIC_REPRESENTATION_CONTEXT(2) 
PARAMETRIC_REPRESENTATION_CONTEXT() REPRESENTATION_CONTEXT('2D SPACE',''
  ) );
#1952 = ORIENTED_EDGE('',*,*,#1953,.T.);
#1953 = EDGE_CURVE('',#1931,#143,#1954,.T.);
#1954 = SURFACE_CURVE('',#1955,(#1959,#1966),.PCURVE_S1.);
#1955 = LINE('',#1956,#1957);
#1956 = CARTESIAN_POINT('',(-48.87737225242,-49.70395042867,
    29.946049571322));
#1957 = VECTOR('',#1958,1.);
#1958 = DIRECTION('',(-0.281084637715,-0.678598344546,-0.678598344546));
#1959 = PCURVE('',#158,#1960);
#1960 = DEFINITIONAL_REPRESENTATION('',(#1961),#1965);
#1961 = LINE('',#1962,#1963);
#1962 = CARTESIAN_POINT('',(1.291585814797,-0.171189945483));
#1963 = VECTOR('',#1964,1.);
#1964 = DIRECTION('',(0.281084637715,0.959682982261));
#1965 = ( GEOMETRIC_REPRESENTATION_CONTEXT(2) 
PARAMETRIC_REPRESENTATION_CONTEXT() REPRESENTATION_CONTEXT('2D SPACE',''
  ) );
#1966 = PCURVE('',#1892,#1967);
#1967 = DEFINITIONAL_REPRESENTATION('',(#1968),#1972);
#1968 = LINE('',#1969,#1970);
#1969 = CARTESIAN_POINT('',(0.122627747576,-0.171189945483));
#1970 = VECTOR('',#1971,1.);
#1971 = DIRECTION('',(-0.281084637715,0.959682982261));
#1972 = ( GEOMETRIC_REPRESENTATION_CONTEXT(2) 
PARAMETRIC_REPRESENTATION_CONTEXT() REPRESENTATION_CONTEXT('2D SPACE',''
  ) );
#1973 = ORIENTED_EDGE('',*,*,#142,.F.);
#1974 = ADVANCED_FACE('',(#1975,#2135,#2170,#2205,#2240),#389,.T.);
#1975 = FACE_BOUND('',#1976,.T.);
#1976 = EDGE_LOOP('',(#1977,#1978,#1979,#2002,#2030,#2058,#2086,#2114));
#1977 = ORIENTED_EDGE('',*,*,#375,.F.);
#1978 = ORIENTED_EDGE('',*,*,#1930,.T.);
#1979 = ORIENTED_EDGE('',*,*,#1980,.T.);
#1980 = EDGE_CURVE('',#1931,#1981,#1983,.T.);
#1981 = VERTEX_POINT('',#1982);
#1982 = CARTESIAN_POINT('',(48.855025253169,-49.65,30.));
#1983 = SURFACE_CURVE('',#1984,(#1988,#1995),.PCURVE_S1.);
#1984 = LINE('',#1985,#1986);
#1985 = CARTESIAN_POINT('',(-49.,-49.65,30.));
#1986 = VECTOR('',#1987,1.);
#1987 = DIRECTION('',(1.,0.,0.));
#1988 = PCURVE('',#389,#1989);
#1989 = DEFINITIONAL_REPRESENTATION('',(#1990),#1994);
#1990 = LINE('',#1991,#1992);
#1991 = CARTESIAN_POINT('',(1.,0.35));
#1992 = VECTOR('',#1993,1.);
#1993 = DIRECTION('',(1.,0.));
#1994 = ( GEOMETRIC_REPRESENTATION_CONTEXT(2) 
PARAMETRIC_REPRESENTATION_CONTEXT() REPRESENTATION_CONTEXT('2D SPACE',''
  ) );
#1995 = PCURVE('',#1892,#1996);
#1996 = DEFINITIONAL_REPRESENTATION('',(#1997),#2001);
#1997 = LINE('',#1998,#1999);
#1998 = CARTESIAN_POINT('',(0.,-0.247487373415));
#1999 = VECTOR('',#2000,1.);
#2000 = DIRECTION('',(1.,0.));
#2001 = ( GEOMETRIC_REPRESENTATION_CONTEXT(2) 
PARAMETRIC_REPRESENTATION_CONTEXT() REPRESENTATION_CONTEXT('2D SPACE',''
  ) );
#2002 = ORIENTED_EDGE('',*,*,#2003,.T.);
#2003 = EDGE_CURVE('',#1981,#2004,#2006,.T.);
#2004 = VERTEX_POINT('',#2005);
#2005 = CARTESIAN_POINT('',(49.65,-48.85502525316,30.));
#2006 = SURFACE_CURVE('',#2007,(#2011,#2018),.PCURVE_S1.);
#2007 = LINE('',#2008,#2009);
#2008 = CARTESIAN_POINT('',(48.752512626585,-49.75251262658,30.));
#2009 = VECTOR('',#2010,1.);
#2010 = DIRECTION('',(0.707106781187,0.707106781187,-0.));
#2011 = PCURVE('',#389,#2012);
#2012 = DEFINITIONAL_REPRESENTATION('',(#2013),#2017);
#2013 = LINE('',#2014,#2015);
#2014 = CARTESIAN_POINT('',(98.752512626585,0.247487373415));
#2015 = VECTOR('',#2016,1.);
#2016 = DIRECTION('',(0.707106781187,0.707106781187));
#2017 = ( GEOMETRIC_REPRESENTATION_CONTEXT(2) 
PARAMETRIC_REPRESENTATION_CONTEXT() REPRESENTATION_CONTEXT('2D SPACE',''
  ) );
#2018 = PCURVE('',#2019,#2024);
#2019 = PLANE('',#2020);
#2020 = AXIS2_PLACEMENT_3D('',#2021,#2022,#2023);
#2021 = CARTESIAN_POINT('',(48.876256313292,-49.87625631329,29.825));
#2022 = DIRECTION('',(-0.5,0.5,-0.707106781187));
#2023 = DIRECTION('',(0.707106781187,0.707106781187,5.551115123126E-17)
  );
#2024 = DEFINITIONAL_REPRESENTATION('',(#2025),#2029);
#2025 = LINE('',#2026,#2027);
#2026 = CARTESIAN_POINT('',(0.,-0.247487373415));
#2027 = VECTOR('',#2028,1.);
#2028 = DIRECTION('',(1.,0.));
#2029 = ( GEOMETRIC_REPRESENTATION_CONTEXT(2) 
PARAMETRIC_REPRESENTATION_CONTEXT() REPRESENTATION_CONTEXT('2D SPACE',''
  ) );
#2030 = ORIENTED_EDGE('',*,*,#2031,.T.);
#2031 = EDGE_CURVE('',#2004,#2032,#2034,.T.);
#2032 = VERTEX_POINT('',#2033);
#2033 = CARTESIAN_POINT('',(49.65,48.855025253169,30.));
#2034 = SURFACE_CURVE('',#2035,(#2039,#2046),.PCURVE_S1.);
#2035 = LINE('',#2036,#2037);
#2036 = CARTESIAN_POINT('',(49.65,-49.,30.));
#2037 = VECTOR('',#2038,1.);
#2038 = DIRECTION('',(0.,1.,0.));
#2039 = PCURVE('',#389,#2040);
#2040 = DEFINITIONAL_REPRESENTATION('',(#2041),#2045);
#2041 = LINE('',#2042,#2043);
#2042 = CARTESIAN_POINT('',(99.65,1.));
#2043 = VECTOR('',#2044,1.);
#2044 = DIRECTION('',(0.,1.));
#2045 = ( GEOMETRIC_REPRESENTATION_CONTEXT(2) 
PARAMETRIC_REPRESENTATION_CONTEXT() REPRESENTATION_CONTEXT('2D SPACE',''
  ) );
#2046 = PCURVE('',#2047,#2052);
#2047 = PLANE('',#2048);
#2048 = AXIS2_PLACEMENT_3D('',#2049,#2050,#2051);
#2049 = CARTESIAN_POINT('',(49.825,-49.,29.825));
#2050 = DIRECTION('',(0.707106781187,0.,0.707106781187));
#2051 = DIRECTION('',(0.,-1.,-0.));
#2052 = DEFINITIONAL_REPRESENTATION('',(#2053),#2057);
#2053 = LINE('',#2054,#2055);
#2054 = CARTESIAN_POINT('',(-0.,-0.247487373415));
#2055 = VECTOR('',#2056,1.);
#2056 = DIRECTION('',(-1.,0.));
#2057 = ( GEOMETRIC_REPRESENTATION_CONTEXT(2) 
PARAMETRIC_REPRESENTATION_CONTEXT() REPRESENTATION_CONTEXT('2D SPACE',''
  ) );
#2058 = ORIENTED_EDGE('',*,*,#2059,.F.);
#2059 = EDGE_CURVE('',#2060,#2032,#2062,.T.);
#2060 = VERTEX_POINT('',#2061);
#2061 = CARTESIAN_POINT('',(48.855025253169,49.65,30.));
#2062 = SURFACE_CURVE('',#2063,(#2067,#2074),.PCURVE_S1.);
#2063 = LINE('',#2064,#2065);
#2064 = CARTESIAN_POINT('',(48.752512626585,49.752512626585,30.));
#2065 = VECTOR('',#2066,1.);
#2066 = DIRECTION('',(0.707106781187,-0.707106781187,0.));
#2067 = PCURVE('',#389,#2068);
#2068 = DEFINITIONAL_REPRESENTATION('',(#2069),#2073);
#2069 = LINE('',#2070,#2071);
#2070 = CARTESIAN_POINT('',(98.752512626585,99.752512626585));
#2071 = VECTOR('',#2072,1.);
#2072 = DIRECTION('',(0.707106781187,-0.707106781187));
#2073 = ( GEOMETRIC_REPRESENTATION_CONTEXT(2) 
PARAMETRIC_REPRESENTATION_CONTEXT() REPRESENTATION_CONTEXT('2D SPACE',''
  ) );
#2074 = PCURVE('',#2075,#2080);
#2075 = PLANE('',#2076);
#2076 = AXIS2_PLACEMENT_3D('',#2077,#2078,#2079);
#2077 = CARTESIAN_POINT('',(48.876256313292,49.876256313292,29.825));
#2078 = DIRECTION('',(0.5,0.5,0.707106781187));
#2079 = DIRECTION('',(0.707106781187,-0.707106781187,5.551115123126E-17)
  );
#2080 = DEFINITIONAL_REPRESENTATION('',(#2081),#2085);
#2081 = LINE('',#2082,#2083);
#2082 = CARTESIAN_POINT('',(0.,-0.247487373415));
#2083 = VECTOR('',#2084,1.);
#2084 = DIRECTION('',(1.,0.));
#2085 = ( GEOMETRIC_REPRESENTATION_CONTEXT(2) 
PARAMETRIC_REPRESENTATION_CONTEXT() REPRESENTATION_CONTEXT('2D SPACE',''
  ) );
#2086 = ORIENTED_EDGE('',*,*,#2087,.F.);
#2087 = EDGE_CURVE('',#2088,#2060,#2090,.T.);
#2088 = VERTEX_POINT('',#2089);
#2089 = CARTESIAN_POINT('',(-48.85502525316,49.65,30.));
#2090 = SURFACE_CURVE('',#2091,(#2095,#2102),.PCURVE_S1.);
#2091 = LINE('',#2092,#2093);
#2092 = CARTESIAN_POINT('',(-49.,49.65,30.));
#2093 = VECTOR('',#2094,1.);
#2094 = DIRECTION('',(1.,0.,0.));
#2095 = PCURVE('',#389,#2096);
#2096 = DEFINITIONAL_REPRESENTATION('',(#2097),#2101);
#2097 = LINE('',#2098,#2099);
#2098 = CARTESIAN_POINT('',(1.,99.65));
#2099 = VECTOR('',#2100,1.);
#2100 = DIRECTION('',(1.,0.));
#2101 = ( GEOMETRIC_REPRESENTATION_CONTEXT(2) 
PARAMETRIC_REPRESENTATION_CONTEXT() REPRESENTATION_CONTEXT('2D SPACE',''
  ) );
#2102 = PCURVE('',#2103,#2108);
#2103 = PLANE('',#2104);
#2104 = AXIS2_PLACEMENT_3D('',#2105,#2106,#2107);
#2105 = CARTESIAN_POINT('',(-49.,49.825,29.825));
#2106 = DIRECTION('',(0.,0.707106781187,0.707106781187));
#2107 = DIRECTION('',(1.,0.,-0.));
#2108 = DEFINITIONAL_REPRESENTATION('',(#2109),#2113);
#2109 = LINE('',#2110,#2111);
#2110 = CARTESIAN_POINT('',(0.,-0.247487373415));
#2111 = VECTOR('',#2112,1.);
#2112 = DIRECTION('',(1.,0.));
#2113 = ( GEOMETRIC_REPRESENTATION_CONTEXT(2) 
PARAMETRIC_REPRESENTATION_CONTEXT() REPRESENTATION_CONTEXT('2D SPACE',''
  ) );
#2114 = ORIENTED_EDGE('',*,*,#2115,.F.);
#2115 = EDGE_CURVE('',#348,#2088,#2116,.T.);
#2116 = SURFACE_CURVE('',#2117,(#2121,#2128),.PCURVE_S1.);
#2117 = LINE('',#2118,#2119);
#2118 = CARTESIAN_POINT('',(-49.75251262658,48.752512626585,30.));
#2119 = VECTOR('',#2120,1.);
#2120 = DIRECTION('',(0.707106781187,0.707106781187,-0.));
#2121 = PCURVE('',#389,#2122);
#2122 = DEFINITIONAL_REPRESENTATION('',(#2123),#2127);
#2123 = LINE('',#2124,#2125);
#2124 = CARTESIAN_POINT('',(0.247487373415,98.752512626585));
#2125 = VECTOR('',#2126,1.);
#2126 = DIRECTION('',(0.707106781187,0.707106781187));
#2127 = ( GEOMETRIC_REPRESENTATION_CONTEXT(2) 
PARAMETRIC_REPRESENTATION_CONTEXT() REPRESENTATION_CONTEXT('2D SPACE',''
  ) );
#2128 = PCURVE('',#363,#2129);
#2129 = DEFINITIONAL_REPRESENTATION('',(#2130),#2134);
#2130 = LINE('',#2131,#2132);
#2131 = CARTESIAN_POINT('',(0.,-0.247487373415));
#2132 = VECTOR('',#2133,1.);
#2133 = DIRECTION('',(1.,0.));
#2134 = ( GEOMETRIC_REPRESENTATION_CONTEXT(2) 
PARAMETRIC_REPRESENTATION_CONTEXT() REPRESENTATION_CONTEXT('2D SPACE',''
  ) );
#2135 = FACE_BOUND('',#2136,.T.);
#2136 = EDGE_LOOP('',(#2137));
#2137 = ORIENTED_EDGE('',*,*,#2138,.T.);
#2138 = EDGE_CURVE('',#2139,#2139,#2141,.T.);
#2139 = VERTEX_POINT('',#2140);
#2140 = CARTESIAN_POINT('',(-11.45,-15.,30.));
#2141 = SURFACE_CURVE('',#2142,(#2147,#2158),.PCURVE_S1.);
#2142 = CIRCLE('',#2143,3.55);
#2143 = AXIS2_PLACEMENT_3D('',#2144,#2145,#2146);
#2144 = CARTESIAN_POINT('',(-15.,-15.,30.));
#2145 = DIRECTION('',(0.,-0.,-1.));
#2146 = DIRECTION('',(1.,0.,-0.));
#2147 = PCURVE('',#389,#2148);
#2148 = DEFINITIONAL_REPRESENTATION('',(#2149),#2157);
#2149 = ( BOUNDED_CURVE() B_SPLINE_CURVE(2,(#2150,#2151,#2152,#2153,
#2154,#2155,#2156),.UNSPECIFIED.,.T.,.F.) B_SPLINE_CURVE_WITH_KNOTS((1,2
    ,2,2,2,1),(-2.094395102393,0.,2.094395102393,4.188790204786,
6.28318530718,8.377580409573),.UNSPECIFIED.) CURVE() 
GEOMETRIC_REPRESENTATION_ITEM() RATIONAL_B_SPLINE_CURVE((1.,0.5,1.,0.5,
1.,0.5,1.)) REPRESENTATION_ITEM('') );
#2150 = CARTESIAN_POINT('',(38.55,35.));
#2151 = CARTESIAN_POINT('',(38.55,28.85121963313));
#2152 = CARTESIAN_POINT('',(33.225,31.925609816565));
#2153 = CARTESIAN_POINT('',(27.9,35.));
#2154 = CARTESIAN_POINT('',(33.225,38.074390183435));
#2155 = CARTESIAN_POINT('',(38.55,41.14878036687));
#2156 = CARTESIAN_POINT('',(38.55,35.));
#2157 = ( GEOMETRIC_REPRESENTATION_CONTEXT(2) 
PARAMETRIC_REPRESENTATION_CONTEXT() REPRESENTATION_CONTEXT('2D SPACE',''
  ) );
#2158 = PCURVE('',#2159,#2164);
#2159 = CONICAL_SURFACE('',#2160,3.2,0.785398163397);
#2160 = AXIS2_PLACEMENT_3D('',#2161,#2162,#2163);
#2161 = CARTESIAN_POINT('',(-15.,-15.,29.65));
#2162 = DIRECTION('',(0.,0.,1.));
#2163 = DIRECTION('',(1.,0.,-0.));
#2164 = DEFINITIONAL_REPRESENTATION('',(#2165),#2169);
#2165 = LINE('',#2166,#2167);
#2166 = CARTESIAN_POINT('',(0.,0.35));
#2167 = VECTOR('',#2168,1.);
#2168 = DIRECTION('',(-1.,-0.));
#2169 = ( GEOMETRIC_REPRESENTATION_CONTEXT(2) 
PARAMETRIC_REPRESENTATION_CONTEXT() REPRESENTATION_CONTEXT('2D SPACE',''
  ) );
#2170 = FACE_BOUND('',#2171,.T.);
#2171 = EDGE_LOOP('',(#2172));
#2172 = ORIENTED_EDGE('',*,*,#2173,.T.);
#2173 = EDGE_CURVE('',#2174,#2174,#2176,.T.);
#2174 = VERTEX_POINT('',#2175);
#2175 = CARTESIAN_POINT('',(18.55,-15.,30.));
#2176 = SURFACE_CURVE('',#2177,(#2182,#2193),.PCURVE_S1.);
#2177 = CIRCLE('',#2178,3.55);
#2178 = AXIS2_PLACEMENT_3D('',#2179,#2180,#2181);
#2179 = CARTESIAN_POINT('',(15.,-15.,30.));
#2180 = DIRECTION('',(0.,-0.,-1.));
#2181 = DIRECTION('',(1.,0.,-0.));
#2182 = PCURVE('',#389,#2183);
#2183 = DEFINITIONAL_REPRESENTATION('',(#2184),#2192);
#2184 = ( BOUNDED_CURVE() B_SPLINE_CURVE(2,(#2185,#2186,#2187,#2188,
#2189,#2190,#2191),.UNSPECIFIED.,.T.,.F.) B_SPLINE_CURVE_WITH_KNOTS((1,2
    ,2,2,2,1),(-2.094395102393,0.,2.094395102393,4.188790204786,
6.28318530718,8.377580409573),.UNSPECIFIED.) CURVE() 
GEOMETRIC_REPRESENTATION_ITEM() RATIONAL_B_SPLINE_CURVE((1.,0.5,1.,0.5,
1.,0.5,1.)) REPRESENTATION_ITEM('') );
#2185 = CARTESIAN_POINT('',(68.55,35.));
#2186 = CARTESIAN_POINT('',(68.55,28.85121963313));
#2187 = CARTESIAN_POINT('',(63.225,31.925609816565));
#2188 = CARTESIAN_POINT('',(57.9,35.));
#2189 = CARTESIAN_POINT('',(63.225,38.074390183435));
#2190 = CARTESIAN_POINT('',(68.55,41.14878036687));
#2191 = CARTESIAN_POINT('',(68.55,35.));
#2192 = ( GEOMETRIC_REPRESENTATION_CONTEXT(2) 
PARAMETRIC_REPRESENTATION_CONTEXT() REPRESENTATION_CONTEXT('2D SPACE',''
  ) );
#2193 = PCURVE('',#2194,#2199);
#2194 = CONICAL_SURFACE('',#2195,3.2,0.785398163397);
#2195 = AXIS2_PLACEMENT_3D('',#2196,#2197,#2198);
#2196 = CARTESIAN_POINT('',(15.,-15.,29.65));
#2197 = DIRECTION('',(0.,0.,1.));
#2198 = DIRECTION('',(1.,0.,-0.));
#2199 = DEFINITIONAL_REPRESENTATION('',(#2200),#2204);
#2200 = LINE('',#2201,#2202);
#2201 = CARTESIAN_POINT('',(0.,0.35));
#2202 = VECTOR('',#2203,1.);
#2203 = DIRECTION('',(-1.,-0.));
#2204 = ( GEOMETRIC_REPRESENTATION_CONTEXT(2) 
PARAMETRIC_REPRESENTATION_CONTEXT() REPRESENTATION_CONTEXT('2D SPACE',''
  ) );
#2205 = FACE_BOUND('',#2206,.T.);
#2206 = EDGE_LOOP('',(#2207));
#2207 = ORIENTED_EDGE('',*,*,#2208,.T.);
#2208 = EDGE_CURVE('',#2209,#2209,#2211,.T.);
#2209 = VERTEX_POINT('',#2210);
#2210 = CARTESIAN_POINT('',(-11.45,15.,30.));
#2211 = SURFACE_CURVE('',#2212,(#2217,#2228),.PCURVE_S1.);
#2212 = CIRCLE('',#2213,3.55);
#2213 = AXIS2_PLACEMENT_3D('',#2214,#2215,#2216);
#2214 = CARTESIAN_POINT('',(-15.,15.,30.));
#2215 = DIRECTION('',(0.,-0.,-1.));
#2216 = DIRECTION('',(1.,0.,-0.));
#2217 = PCURVE('',#389,#2218);
#2218 = DEFINITIONAL_REPRESENTATION('',(#2219),#2227);
#2219 = ( BOUNDED_CURVE() B_SPLINE_CURVE(2,(#2220,#2221,#2222,#2223,
#2224,#2225,#2226),.UNSPECIFIED.,.T.,.F.) B_SPLINE_CURVE_WITH_KNOTS((1,2
    ,2,2,2,1),(-2.094395102393,0.,2.094395102393,4.188790204786,
6.28318530718,8.377580409573),.UNSPECIFIED.) CURVE() 
GEOMETRIC_REPRESENTATION_ITEM() RATIONAL_B_SPLINE_CURVE((1.,0.5,1.,0.5,
1.,0.5,1.)) REPRESENTATION_ITEM('') );
#2220 = CARTESIAN_POINT('',(38.55,65.));
#2221 = CARTESIAN_POINT('',(38.55,58.85121963313));
#2222 = CARTESIAN_POINT('',(33.225,61.925609816565));
#2223 = CARTESIAN_POINT('',(27.9,65.));
#2224 = CARTESIAN_POINT('',(33.225,68.074390183435));
#2225 = CARTESIAN_POINT('',(38.55,71.14878036687));
#2226 = CARTESIAN_POINT('',(38.55,65.));
#2227 = ( GEOMETRIC_REPRESENTATION_CONTEXT(2) 
PARAMETRIC_REPRESENTATION_CONTEXT() REPRESENTATION_CONTEXT('2D SPACE',''
  ) );
#2228 = PCURVE('',#2229,#2234);
#2229 = CONICAL_SURFACE('',#2230,3.2,0.785398163397);
#2230 = AXIS2_PLACEMENT_3D('',#2231,#2232,#2233);
#2231 = CARTESIAN_POINT('',(-15.,15.,29.65));
#2232 = DIRECTION('',(0.,0.,1.));
#2233 = DIRECTION('',(1.,0.,-0.));
#2234 = DEFINITIONAL_REPRESENTATION('',(#2235),#2239);
#2235 = LINE('',#2236,#2237);
#2236 = CARTESIAN_POINT('',(0.,0.35));
#2237 = VECTOR('',#2238,1.);
#2238 = DIRECTION('',(-1.,-0.));
#2239 = ( GEOMETRIC_REPRESENTATION_CONTEXT(2) 
PARAMETRIC_REPRESENTATION_CONTEXT() REPRESENTATION_CONTEXT('2D SPACE',''
  ) );
#2240 = FACE_BOUND('',#2241,.T.);
#2241 = EDGE_LOOP('',(#2242));
#2242 = ORIENTED_EDGE('',*,*,#2243,.T.);
#2243 = EDGE_CURVE('',#2244,#2244,#2246,.T.);
#2244 = VERTEX_POINT('',#2245);
#2245 = CARTESIAN_POINT('',(18.55,15.,30.));
#2246 = SURFACE_CURVE('',#2247,(#2252,#2263),.PCURVE_S1.);
#2247 = CIRCLE('',#2248,3.55);
#2248 = AXIS2_PLACEMENT_3D('',#2249,#2250,#2251);
#2249 = CARTESIAN_POINT('',(15.,15.,30.));
#2250 = DIRECTION('',(0.,-0.,-1.));
#2251 = DIRECTION('',(1.,0.,-0.));
#2252 = PCURVE('',#389,#2253);
#2253 = DEFINITIONAL_REPRESENTATION('',(#2254),#2262);
#2254 = ( BOUNDED_CURVE() B_SPLINE_CURVE(2,(#2255,#2256,#2257,#2258,
#2259,#2260,#2261),.UNSPECIFIED.,.T.,.F.) B_SPLINE_CURVE_WITH_KNOTS((1,2
    ,2,2,2,1),(-2.094395102393,0.,2.094395102393,4.188790204786,
6.28318530718,8.377580409573),.UNSPECIFIED.) CURVE() 
GEOMETRIC_REPRESENTATION_ITEM() RATIONAL_B_SPLINE_CURVE((1.,0.5,1.,0.5,
1.,0.5,1.)) REPRESENTATION_ITEM('') );
#2255 = CARTESIAN_POINT('',(68.55,65.));
#2256 = CARTESIAN_POINT('',(68.55,58.85121963313));
#2257 = CARTESIAN_POINT('',(63.225,61.925609816565));
#2258 = CARTESIAN_POINT('',(57.9,65.));
#2259 = CARTESIAN_POINT('',(63.225,68.074390183435));
#2260 = CARTESIAN_POINT('',(68.55,71.14878036687));
#2261 = CARTESIAN_POINT('',(68.55,65.));
#2262 = ( GEOMETRIC_REPRESENTATION_CONTEXT(2) 
PARAMETRIC_REPRESENTATION_CONTEXT() REPRESENTATION_CONTEXT('2D SPACE',''
  ) );
#2263 = PCURVE('',#2264,#2269);
#2264 = CONICAL_SURFACE('',#2265,3.2,0.785398163397);
#2265 = AXIS2_PLACEMENT_3D('',#2266,#2267,#2268);
#2266 = CARTESIAN_POINT('',(15.,15.,29.65));
#2267 = DIRECTION('',(0.,0.,1.));
#2268 = DIRECTION('',(1.,0.,-0.));
#2269 = DEFINITIONAL_REPRESENTATION('',(#2270),#2274);
#2270 = LINE('',#2271,#2272);
#2271 = CARTESIAN_POINT('',(0.,0.35));
#2272 = VECTOR('',#2273,1.);
#2273 = DIRECTION('',(-1.,-0.));
#2274 = ( GEOMETRIC_REPRESENTATION_CONTEXT(2) 
PARAMETRIC_REPRESENTATION_CONTEXT() REPRESENTATION_CONTEXT('2D SPACE',''
  ) );
#2275 = ADVANCED_FACE('',(#2276),#363,.T.);
#2276 = FACE_BOUND('',#2277,.T.);
#2277 = EDGE_LOOP('',(#2278,#2279,#2280,#2301));
#2278 = ORIENTED_EDGE('',*,*,#347,.T.);
#2279 = ORIENTED_EDGE('',*,*,#2115,.T.);
#2280 = ORIENTED_EDGE('',*,*,#2281,.T.);
#2281 = EDGE_CURVE('',#2088,#1521,#2282,.T.);
#2282 = SURFACE_CURVE('',#2283,(#2287,#2294),.PCURVE_S1.);
#2283 = LINE('',#2284,#2285);
#2284 = CARTESIAN_POINT('',(-48.87737225242,49.703950428678,
    29.946049571322));
#2285 = VECTOR('',#2286,1.);
#2286 = DIRECTION('',(-0.281084637715,0.678598344546,-0.678598344546));
#2287 = PCURVE('',#363,#2288);
#2288 = DEFINITIONAL_REPRESENTATION('',(#2289),#2293);
#2289 = LINE('',#2290,#2291);
#2290 = CARTESIAN_POINT('',(1.291585814797,-0.171189945483));
#2291 = VECTOR('',#2292,1.);
#2292 = DIRECTION('',(0.281084637715,0.959682982261));
#2293 = ( GEOMETRIC_REPRESENTATION_CONTEXT(2) 
PARAMETRIC_REPRESENTATION_CONTEXT() REPRESENTATION_CONTEXT('2D SPACE',''
  ) );
#2294 = PCURVE('',#2103,#2295);
#2295 = DEFINITIONAL_REPRESENTATION('',(#2296),#2300);
#2296 = LINE('',#2297,#2298);
#2297 = CARTESIAN_POINT('',(0.122627747576,-0.171189945483));
#2298 = VECTOR('',#2299,1.);
#2299 = DIRECTION('',(-0.281084637715,0.959682982261));
#2300 = ( GEOMETRIC_REPRESENTATION_CONTEXT(2) 
PARAMETRIC_REPRESENTATION_CONTEXT() REPRESENTATION_CONTEXT('2D SPACE',''
  ) );
#2301 = ORIENTED_EDGE('',*,*,#1520,.F.);
#2302 = ADVANCED_FACE('',(#2303),#1483,.T.);
#2303 = FACE_BOUND('',#2304,.T.);
#2304 = EDGE_LOOP('',(#2305,#2306,#2307,#2330));
#2305 = ORIENTED_EDGE('',*,*,#1467,.F.);
#2306 = ORIENTED_EDGE('',*,*,#1612,.T.);
#2307 = ORIENTED_EDGE('',*,*,#2308,.T.);
#2308 = EDGE_CURVE('',#1587,#2309,#2311,.T.);
#2309 = VERTEX_POINT('',#2310);
#2310 = CARTESIAN_POINT('',(-86.,49.3,1.));
#2311 = SURFACE_CURVE('',#2312,(#2316,#2323),.PCURVE_S1.);
#2312 = LINE('',#2313,#2314);
#2313 = CARTESIAN_POINT('',(-49.3,49.3,1.));
#2314 = VECTOR('',#2315,1.);
#2315 = DIRECTION('',(-1.,0.,0.));
#2316 = PCURVE('',#1483,#2317);
#2317 = DEFINITIONAL_REPRESENTATION('',(#2318),#2322);
#2318 = LINE('',#2319,#2320);
#2319 = CARTESIAN_POINT('',(0.,-1.));
#2320 = VECTOR('',#2321,1.);
#2321 = DIRECTION('',(1.,0.));
#2322 = ( GEOMETRIC_REPRESENTATION_CONTEXT(2) 
PARAMETRIC_REPRESENTATION_CONTEXT() REPRESENTATION_CONTEXT('2D SPACE',''
  ) );
#2323 = PCURVE('',#1601,#2324);
#2324 = DEFINITIONAL_REPRESENTATION('',(#2325),#2329);
#2325 = LINE('',#2326,#2327);
#2326 = CARTESIAN_POINT('',(-31.82292819924,-31.82292819924));
#2327 = VECTOR('',#2328,1.);
#2328 = DIRECTION('',(1.,0.));
#2329 = ( GEOMETRIC_REPRESENTATION_CONTEXT(2) 
PARAMETRIC_REPRESENTATION_CONTEXT() REPRESENTATION_CONTEXT('2D SPACE',''
  ) );
#2330 = ORIENTED_EDGE('',*,*,#2331,.F.);
#2331 = EDGE_CURVE('',#1440,#2309,#2332,.T.);
#2332 = SURFACE_CURVE('',#2333,(#2337,#2344),.PCURVE_S1.);
#2333 = LINE('',#2334,#2335);
#2334 = CARTESIAN_POINT('',(-86.,49.3,0.));
#2335 = VECTOR('',#2336,1.);
#2336 = DIRECTION('',(0.,0.,1.));
#2337 = PCURVE('',#1483,#2338);
#2338 = DEFINITIONAL_REPRESENTATION('',(#2339),#2343);
#2339 = LINE('',#2340,#2341);
#2340 = CARTESIAN_POINT('',(36.7,0.));
#2341 = VECTOR('',#2342,1.);
#2342 = DIRECTION('',(0.,-1.));
#2343 = ( GEOMETRIC_REPRESENTATION_CONTEXT(2) 
PARAMETRIC_REPRESENTATION_CONTEXT() REPRESENTATION_CONTEXT('2D SPACE',''
  ) );
#2344 = PCURVE('',#1455,#2345);
#2345 = DEFINITIONAL_REPRESENTATION('',(#2346),#2350);
#2346 = LINE('',#2347,#2348);
#2347 = CARTESIAN_POINT('',(0.,0.));
#2348 = VECTOR('',#2349,1.);
#2349 = DIRECTION('',(0.,-1.));
#2350 = ( GEOMETRIC_REPRESENTATION_CONTEXT(2) 
PARAMETRIC_REPRESENTATION_CONTEXT() REPRESENTATION_CONTEXT('2D SPACE',''
  ) );
#2351 = ADVANCED_FACE('',(#2352),#1455,.T.);
#2352 = FACE_BOUND('',#2353,.T.);
#2353 = EDGE_LOOP('',(#2354,#2355,#2378,#2399));
#2354 = ORIENTED_EDGE('',*,*,#2331,.T.);
#2355 = ORIENTED_EDGE('',*,*,#2356,.T.);
#2356 = EDGE_CURVE('',#2309,#2357,#2359,.T.);
#2357 = VERTEX_POINT('',#2358);
#2358 = CARTESIAN_POINT('',(-86.,68.,1.));
#2359 = SURFACE_CURVE('',#2360,(#2364,#2371),.PCURVE_S1.);
#2360 = LINE('',#2361,#2362);
#2361 = CARTESIAN_POINT('',(-86.,49.3,1.));
#2362 = VECTOR('',#2363,1.);
#2363 = DIRECTION('',(0.,1.,0.));
#2364 = PCURVE('',#1455,#2365);
#2365 = DEFINITIONAL_REPRESENTATION('',(#2366),#2370);
#2366 = LINE('',#2367,#2368);
#2367 = CARTESIAN_POINT('',(0.,-1.));
#2368 = VECTOR('',#2369,1.);
#2369 = DIRECTION('',(1.,0.));
#2370 = ( GEOMETRIC_REPRESENTATION_CONTEXT(2) 
PARAMETRIC_REPRESENTATION_CONTEXT() REPRESENTATION_CONTEXT('2D SPACE',''
  ) );
#2371 = PCURVE('',#1601,#2372);
#2372 = DEFINITIONAL_REPRESENTATION('',(#2373),#2377);
#2373 = LINE('',#2374,#2375);
#2374 = CARTESIAN_POINT('',(4.877071800752,-31.82292819924));
#2375 = VECTOR('',#2376,1.);
#2376 = DIRECTION('',(0.,1.));
#2377 = ( GEOMETRIC_REPRESENTATION_CONTEXT(2) 
PARAMETRIC_REPRESENTATION_CONTEXT() REPRESENTATION_CONTEXT('2D SPACE',''
  ) );
#2378 = ORIENTED_EDGE('',*,*,#2379,.F.);
#2379 = EDGE_CURVE('',#1412,#2357,#2380,.T.);
#2380 = SURFACE_CURVE('',#2381,(#2385,#2392),.PCURVE_S1.);
#2381 = LINE('',#2382,#2383);
#2382 = CARTESIAN_POINT('',(-86.,68.,0.));
#2383 = VECTOR('',#2384,1.);
#2384 = DIRECTION('',(0.,0.,1.));
#2385 = PCURVE('',#1455,#2386);
#2386 = DEFINITIONAL_REPRESENTATION('',(#2387),#2391);
#2387 = LINE('',#2388,#2389);
#2388 = CARTESIAN_POINT('',(18.7,0.));
#2389 = VECTOR('',#2390,1.);
#2390 = DIRECTION('',(0.,-1.));
#2391 = ( GEOMETRIC_REPRESENTATION_CONTEXT(2) 
PARAMETRIC_REPRESENTATION_CONTEXT() REPRESENTATION_CONTEXT('2D SPACE',''
  ) );
#2392 = PCURVE('',#1427,#2393);
#2393 = DEFINITIONAL_REPRESENTATION('',(#2394),#2398);
#2394 = LINE('',#2395,#2396);
#2395 = CARTESIAN_POINT('',(0.,0.));
#2396 = VECTOR('',#2397,1.);
#2397 = DIRECTION('',(0.,-1.));
#2398 = ( GEOMETRIC_REPRESENTATION_CONTEXT(2) 
PARAMETRIC_REPRESENTATION_CONTEXT() REPRESENTATION_CONTEXT('2D SPACE',''
  ) );
#2399 = ORIENTED_EDGE('',*,*,#1439,.F.);
#2400 = ADVANCED_FACE('',(#2401),#1427,.T.);
#2401 = FACE_BOUND('',#2402,.T.);
#2402 = EDGE_LOOP('',(#2403,#2404,#2427,#2448));
#2403 = ORIENTED_EDGE('',*,*,#2379,.T.);
#2404 = ORIENTED_EDGE('',*,*,#2405,.T.);
#2405 = EDGE_CURVE('',#2357,#2406,#2408,.T.);
#2406 = VERTEX_POINT('',#2407);
#2407 = CARTESIAN_POINT('',(-114.,82.,1.));
#2408 = SURFACE_CURVE('',#2409,(#2413,#2420),.PCURVE_S1.);
#2409 = LINE('',#2410,#2411);
#2410 = CARTESIAN_POINT('',(-86.,68.,1.));
#2411 = VECTOR('',#2412,1.);
#2412 = DIRECTION('',(-0.894427191,0.4472135955,0.));
#2413 = PCURVE('',#1427,#2414);
#2414 = DEFINITIONAL_REPRESENTATION('',(#2415),#2419);
#2415 = LINE('',#2416,#2417);
#2416 = CARTESIAN_POINT('',(0.,-1.));
#2417 = VECTOR('',#2418,1.);
#2418 = DIRECTION('',(1.,0.));
#2419 = ( GEOMETRIC_REPRESENTATION_CONTEXT(2) 
PARAMETRIC_REPRESENTATION_CONTEXT() REPRESENTATION_CONTEXT('2D SPACE',''
  ) );
#2420 = PCURVE('',#1601,#2421);
#2421 = DEFINITIONAL_REPRESENTATION('',(#2422),#2426);
#2422 = LINE('',#2423,#2424);
#2423 = CARTESIAN_POINT('',(4.877071800752,-13.12292819924));
#2424 = VECTOR('',#2425,1.);
#2425 = DIRECTION('',(0.894427191,0.4472135955));
#2426 = ( GEOMETRIC_REPRESENTATION_CONTEXT(2) 
PARAMETRIC_REPRESENTATION_CONTEXT() REPRESENTATION_CONTEXT('2D SPACE',''
  ) );
#2427 = ORIENTED_EDGE('',*,*,#2428,.F.);
#2428 = EDGE_CURVE('',#1384,#2406,#2429,.T.);
#2429 = SURFACE_CURVE('',#2430,(#2434,#2441),.PCURVE_S1.);
#2430 = LINE('',#2431,#2432);
#2431 = CARTESIAN_POINT('',(-114.,82.,0.));
#2432 = VECTOR('',#2433,1.);
#2433 = DIRECTION('',(0.,0.,1.));
#2434 = PCURVE('',#1427,#2435);
#2435 = DEFINITIONAL_REPRESENTATION('',(#2436),#2440);
#2436 = LINE('',#2437,#2438);
#2437 = CARTESIAN_POINT('',(31.304951684997,0.));
#2438 = VECTOR('',#2439,1.);
#2439 = DIRECTION('',(0.,-1.));
#2440 = ( GEOMETRIC_REPRESENTATION_CONTEXT(2) 
PARAMETRIC_REPRESENTATION_CONTEXT() REPRESENTATION_CONTEXT('2D SPACE',''
  ) );
#2441 = PCURVE('',#1399,#2442);
#2442 = DEFINITIONAL_REPRESENTATION('',(#2443),#2447);
#2443 = LINE('',#2444,#2445);
#2444 = CARTESIAN_POINT('',(0.,0.));
#2445 = VECTOR('',#2446,1.);
#2446 = DIRECTION('',(0.,-1.));
#2447 = ( GEOMETRIC_REPRESENTATION_CONTEXT(2) 
PARAMETRIC_REPRESENTATION_CONTEXT() REPRESENTATION_CONTEXT('2D SPACE',''
  ) );
#2448 = ORIENTED_EDGE('',*,*,#1411,.F.);
#2449 = ADVANCED_FACE('',(#2450),#1399,.T.);
#2450 = FACE_BOUND('',#2451,.T.);
#2451 = EDGE_LOOP('',(#2452,#2453,#2476,#2497));
#2452 = ORIENTED_EDGE('',*,*,#2428,.T.);
#2453 = ORIENTED_EDGE('',*,*,#2454,.T.);
#2454 = EDGE_CURVE('',#2406,#2455,#2457,.T.);
#2455 = VERTEX_POINT('',#2456);
#2456 = CARTESIAN_POINT('',(-114.,114.,1.));
#2457 = SURFACE_CURVE('',#2458,(#2462,#2469),.PCURVE_S1.);
#2458 = LINE('',#2459,#2460);
#2459 = CARTESIAN_POINT('',(-114.,82.,1.));
#2460 = VECTOR('',#2461,1.);
#2461 = DIRECTION('',(0.,1.,0.));
#2462 = PCURVE('',#1399,#2463);
#2463 = DEFINITIONAL_REPRESENTATION('',(#2464),#2468);
#2464 = LINE('',#2465,#2466);
#2465 = CARTESIAN_POINT('',(0.,-1.));
#2466 = VECTOR('',#2467,1.);
#2467 = DIRECTION('',(1.,0.));
#2468 = ( GEOMETRIC_REPRESENTATION_CONTEXT(2) 
PARAMETRIC_REPRESENTATION_CONTEXT() REPRESENTATION_CONTEXT('2D SPACE',''
  ) );
#2469 = PCURVE('',#1601,#2470);
#2470 = DEFINITIONAL_REPRESENTATION('',(#2471),#2475);
#2471 = LINE('',#2472,#2473);
#2472 = CARTESIAN_POINT('',(32.877071800752,0.877071800752));
#2473 = VECTOR('',#2474,1.);
#2474 = DIRECTION('',(0.,1.));
#2475 = ( GEOMETRIC_REPRESENTATION_CONTEXT(2) 
PARAMETRIC_REPRESENTATION_CONTEXT() REPRESENTATION_CONTEXT('2D SPACE',''
  ) );
#2476 = ORIENTED_EDGE('',*,*,#2477,.F.);
#2477 = EDGE_CURVE('',#1356,#2455,#2478,.T.);
#2478 = SURFACE_CURVE('',#2479,(#2483,#2490),.PCURVE_S1.);
#2479 = LINE('',#2480,#2481);
#2480 = CARTESIAN_POINT('',(-114.,114.,0.));
#2481 = VECTOR('',#2482,1.);
#2482 = DIRECTION('',(0.,0.,1.));
#2483 = PCURVE('',#1399,#2484);
#2484 = DEFINITIONAL_REPRESENTATION('',(#2485),#2489);
#2485 = LINE('',#2486,#2487);
#2486 = CARTESIAN_POINT('',(32.,0.));
#2487 = VECTOR('',#2488,1.);
#2488 = DIRECTION('',(0.,-1.));
#2489 = ( GEOMETRIC_REPRESENTATION_CONTEXT(2) 
PARAMETRIC_REPRESENTATION_CONTEXT() REPRESENTATION_CONTEXT('2D SPACE',''
  ) );
#2490 = PCURVE('',#1371,#2491);
#2491 = DEFINITIONAL_REPRESENTATION('',(#2492),#2496);
#2492 = LINE('',#2493,#2494);
#2493 = CARTESIAN_POINT('',(0.,0.));
#2494 = VECTOR('',#2495,1.);
#2495 = DIRECTION('',(0.,-1.));
#2496 = ( GEOMETRIC_REPRESENTATION_CONTEXT(2) 
PARAMETRIC_REPRESENTATION_CONTEXT() REPRESENTATION_CONTEXT('2D SPACE',''
  ) );
#2497 = ORIENTED_EDGE('',*,*,#1383,.F.);
#2498 = ADVANCED_FACE('',(#2499),#1371,.T.);
#2499 = FACE_BOUND('',#2500,.T.);
#2500 = EDGE_LOOP('',(#2501,#2502,#2525,#2546));
#2501 = ORIENTED_EDGE('',*,*,#2477,.T.);
#2502 = ORIENTED_EDGE('',*,*,#2503,.T.);
#2503 = EDGE_CURVE('',#2455,#2504,#2506,.T.);
#2504 = VERTEX_POINT('',#2505);
#2505 = CARTESIAN_POINT('',(-82.,114.,1.));
#2506 = SURFACE_CURVE('',#2507,(#2511,#2518),.PCURVE_S1.);
#2507 = LINE('',#2508,#2509);
#2508 = CARTESIAN_POINT('',(-114.,114.,1.));
#2509 = VECTOR('',#2510,1.);
#2510 = DIRECTION('',(1.,0.,0.));
#2511 = PCURVE('',#1371,#2512);
#2512 = DEFINITIONAL_REPRESENTATION('',(#2513),#2517);
#2513 = LINE('',#2514,#2515);
#2514 = CARTESIAN_POINT('',(0.,-1.));
#2515 = VECTOR('',#2516,1.);
#2516 = DIRECTION('',(1.,0.));
#2517 = ( GEOMETRIC_REPRESENTATION_CONTEXT(2) 
PARAMETRIC_REPRESENTATION_CONTEXT() REPRESENTATION_CONTEXT('2D SPACE',''
  ) );
#2518 = PCURVE('',#1601,#2519);
#2519 = DEFINITIONAL_REPRESENTATION('',(#2520),#2524);
#2520 = LINE('',#2521,#2522);
#2521 = CARTESIAN_POINT('',(32.877071800752,32.877071800752));
#2522 = VECTOR('',#2523,1.);
#2523 = DIRECTION('',(-1.,0.));
#2524 = ( GEOMETRIC_REPRESENTATION_CONTEXT(2) 
PARAMETRIC_REPRESENTATION_CONTEXT() REPRESENTATION_CONTEXT('2D SPACE',''
  ) );
#2525 = ORIENTED_EDGE('',*,*,#2526,.F.);
#2526 = EDGE_CURVE('',#1328,#2504,#2527,.T.);
#2527 = SURFACE_CURVE('',#2528,(#2532,#2539),.PCURVE_S1.);
#2528 = LINE('',#2529,#2530);
#2529 = CARTESIAN_POINT('',(-82.,114.,0.));
#2530 = VECTOR('',#2531,1.);
#2531 = DIRECTION('',(0.,0.,1.));
#2532 = PCURVE('',#1371,#2533);
#2533 = DEFINITIONAL_REPRESENTATION('',(#2534),#2538);
#2534 = LINE('',#2535,#2536);
#2535 = CARTESIAN_POINT('',(32.,0.));
#2536 = VECTOR('',#2537,1.);
#2537 = DIRECTION('',(0.,-1.));
#2538 = ( GEOMETRIC_REPRESENTATION_CONTEXT(2) 
PARAMETRIC_REPRESENTATION_CONTEXT() REPRESENTATION_CONTEXT('2D SPACE',''
  ) );
#2539 = PCURVE('',#1343,#2540);
#2540 = DEFINITIONAL_REPRESENTATION('',(#2541),#2545);
#2541 = LINE('',#2542,#2543);
#2542 = CARTESIAN_POINT('',(0.,0.));
#2543 = VECTOR('',#2544,1.);
#2544 = DIRECTION('',(0.,-1.));
#2545 = ( GEOMETRIC_REPRESENTATION_CONTEXT(2) 
PARAMETRIC_REPRESENTATION_CONTEXT() REPRESENTATION_CONTEXT('2D SPACE',''
  ) );
#2546 = ORIENTED_EDGE('',*,*,#1355,.F.);
#2547 = ADVANCED_FACE('',(#2548),#1343,.T.);
#2548 = FACE_BOUND('',#2549,.T.);
#2549 = EDGE_LOOP('',(#2550,#2551,#2574,#2595));
#2550 = ORIENTED_EDGE('',*,*,#2526,.T.);
#2551 = ORIENTED_EDGE('',*,*,#2552,.T.);
#2552 = EDGE_CURVE('',#2504,#2553,#2555,.T.);
#2553 = VERTEX_POINT('',#2554);
#2554 = CARTESIAN_POINT('',(-68.,86.,1.));
#2555 = SURFACE_CURVE('',#2556,(#2560,#2567),.PCURVE_S1.);
#2556 = LINE('',#2557,#2558);
#2557 = CARTESIAN_POINT('',(-82.,114.,1.));
#2558 = VECTOR('',#2559,1.);
#2559 = DIRECTION('',(0.4472135955,-0.894427191,0.));
#2560 = PCURVE('',#1343,#2561);
#2561 = DEFINITIONAL_REPRESENTATION('',(#2562),#2566);
#2562 = LINE('',#2563,#2564);
#2563 = CARTESIAN_POINT('',(0.,-1.));
#2564 = VECTOR('',#2565,1.);
#2565 = DIRECTION('',(1.,0.));
#2566 = ( GEOMETRIC_REPRESENTATION_CONTEXT(2) 
PARAMETRIC_REPRESENTATION_CONTEXT() REPRESENTATION_CONTEXT('2D SPACE',''
  ) );
#2567 = PCURVE('',#1601,#2568);
#2568 = DEFINITIONAL_REPRESENTATION('',(#2569),#2573);
#2569 = LINE('',#2570,#2571);
#2570 = CARTESIAN_POINT('',(0.877071800752,32.877071800752));
#2571 = VECTOR('',#2572,1.);
#2572 = DIRECTION('',(-0.4472135955,-0.894427191));
#2573 = ( GEOMETRIC_REPRESENTATION_CONTEXT(2) 
PARAMETRIC_REPRESENTATION_CONTEXT() REPRESENTATION_CONTEXT('2D SPACE',''
  ) );
#2574 = ORIENTED_EDGE('',*,*,#2575,.F.);
#2575 = EDGE_CURVE('',#1300,#2553,#2576,.T.);
#2576 = SURFACE_CURVE('',#2577,(#2581,#2588),.PCURVE_S1.);
#2577 = LINE('',#2578,#2579);
#2578 = CARTESIAN_POINT('',(-68.,86.,0.));
#2579 = VECTOR('',#2580,1.);
#2580 = DIRECTION('',(0.,0.,1.));
#2581 = PCURVE('',#1343,#2582);
#2582 = DEFINITIONAL_REPRESENTATION('',(#2583),#2587);
#2583 = LINE('',#2584,#2585);
#2584 = CARTESIAN_POINT('',(31.304951684997,0.));
#2585 = VECTOR('',#2586,1.);
#2586 = DIRECTION('',(0.,-1.));
#2587 = ( GEOMETRIC_REPRESENTATION_CONTEXT(2) 
PARAMETRIC_REPRESENTATION_CONTEXT() REPRESENTATION_CONTEXT('2D SPACE',''
  ) );
#2588 = PCURVE('',#1315,#2589);
#2589 = DEFINITIONAL_REPRESENTATION('',(#2590),#2594);
#2590 = LINE('',#2591,#2592);
#2591 = CARTESIAN_POINT('',(0.,0.));
#2592 = VECTOR('',#2593,1.);
#2593 = DIRECTION('',(0.,-1.));
#2594 = ( GEOMETRIC_REPRESENTATION_CONTEXT(2) 
PARAMETRIC_REPRESENTATION_CONTEXT() REPRESENTATION_CONTEXT('2D SPACE',''
  ) );
#2595 = ORIENTED_EDGE('',*,*,#1327,.F.);
#2596 = ADVANCED_FACE('',(#2597),#1315,.T.);
#2597 = FACE_BOUND('',#2598,.T.);
#2598 = EDGE_LOOP('',(#2599,#2600,#2623,#2644));
#2599 = ORIENTED_EDGE('',*,*,#2575,.T.);
#2600 = ORIENTED_EDGE('',*,*,#2601,.T.);
#2601 = EDGE_CURVE('',#2553,#2602,#2604,.T.);
#2602 = VERTEX_POINT('',#2603);
#2603 = CARTESIAN_POINT('',(-49.3,86.,1.));
#2604 = SURFACE_CURVE('',#2605,(#2609,#2616),.PCURVE_S1.);
#2605 = LINE('',#2606,#2607);
#2606 = CARTESIAN_POINT('',(-68.,86.,1.));
#2607 = VECTOR('',#2608,1.);
#2608 = DIRECTION('',(1.,0.,0.));
#2609 = PCURVE('',#1315,#2610);
#2610 = DEFINITIONAL_REPRESENTATION('',(#2611),#2615);
#2611 = LINE('',#2612,#2613);
#2612 = CARTESIAN_POINT('',(0.,-1.));
#2613 = VECTOR('',#2614,1.);
#2614 = DIRECTION('',(1.,0.));
#2615 = ( GEOMETRIC_REPRESENTATION_CONTEXT(2) 
PARAMETRIC_REPRESENTATION_CONTEXT() REPRESENTATION_CONTEXT('2D SPACE',''
  ) );
#2616 = PCURVE('',#1601,#2617);
#2617 = DEFINITIONAL_REPRESENTATION('',(#2618),#2622);
#2618 = LINE('',#2619,#2620);
#2619 = CARTESIAN_POINT('',(-13.12292819924,4.877071800752));
#2620 = VECTOR('',#2621,1.);
#2621 = DIRECTION('',(-1.,0.));
#2622 = ( GEOMETRIC_REPRESENTATION_CONTEXT(2) 
PARAMETRIC_REPRESENTATION_CONTEXT() REPRESENTATION_CONTEXT('2D SPACE',''
  ) );
#2623 = ORIENTED_EDGE('',*,*,#2624,.F.);
#2624 = EDGE_CURVE('',#1272,#2602,#2625,.T.);
#2625 = SURFACE_CURVE('',#2626,(#2630,#2637),.PCURVE_S1.);
#2626 = LINE('',#2627,#2628);
#2627 = CARTESIAN_POINT('',(-49.3,86.,0.));
#2628 = VECTOR('',#2629,1.);
#2629 = DIRECTION('',(0.,0.,1.));
#2630 = PCURVE('',#1315,#2631);
#2631 = DEFINITIONAL_REPRESENTATION('',(#2632),#2636);
#2632 = LINE('',#2633,#2634);
#2633 = CARTESIAN_POINT('',(18.7,0.));
#2634 = VECTOR('',#2635,1.);
#2635 = DIRECTION('',(0.,-1.));
#2636 = ( GEOMETRIC_REPRESENTATION_CONTEXT(2) 
PARAMETRIC_REPRESENTATION_CONTEXT() REPRESENTATION_CONTEXT('2D SPACE',''
  ) );
#2637 = PCURVE('',#1287,#2638);
#2638 = DEFINITIONAL_REPRESENTATION('',(#2639),#2643);
#2639 = LINE('',#2640,#2641);
#2640 = CARTESIAN_POINT('',(0.,0.));
#2641 = VECTOR('',#2642,1.);
#2642 = DIRECTION('',(0.,-1.));
#2643 = ( GEOMETRIC_REPRESENTATION_CONTEXT(2) 
PARAMETRIC_REPRESENTATION_CONTEXT() REPRESENTATION_CONTEXT('2D SPACE',''
  ) );
#2644 = ORIENTED_EDGE('',*,*,#1299,.F.);
#2645 = ADVANCED_FACE('',(#2646),#1287,.T.);
#2646 = FACE_BOUND('',#2647,.T.);
#2647 = EDGE_LOOP('',(#2648,#2649,#2650,#2671));
#2648 = ORIENTED_EDGE('',*,*,#1271,.F.);
#2649 = ORIENTED_EDGE('',*,*,#2624,.T.);
#2650 = ORIENTED_EDGE('',*,*,#2651,.T.);
#2651 = EDGE_CURVE('',#2602,#1566,#2652,.T.);
#2652 = SURFACE_CURVE('',#2653,(#2657,#2664),.PCURVE_S1.);
#2653 = LINE('',#2654,#2655);
#2654 = CARTESIAN_POINT('',(-49.3,86.,1.));
#2655 = VECTOR('',#2656,1.);
#2656 = DIRECTION('',(0.,-1.,0.));
#2657 = PCURVE('',#1287,#2658);
#2658 = DEFINITIONAL_REPRESENTATION('',(#2659),#2663);
#2659 = LINE('',#2660,#2661);
#2660 = CARTESIAN_POINT('',(0.,-1.));
#2661 = VECTOR('',#2662,1.);
#2662 = DIRECTION('',(1.,0.));
#2663 = ( GEOMETRIC_REPRESENTATION_CONTEXT(2) 
PARAMETRIC_REPRESENTATION_CONTEXT() REPRESENTATION_CONTEXT('2D SPACE',''
  ) );
#2664 = PCURVE('',#1601,#2665);
#2665 = DEFINITIONAL_REPRESENTATION('',(#2666),#2670);
#2666 = LINE('',#2667,#2668);
#2667 = CARTESIAN_POINT('',(-31.82292819924,4.877071800752));
#2668 = VECTOR('',#2669,1.);
#2669 = DIRECTION('',(0.,-1.));
#2670 = ( GEOMETRIC_REPRESENTATION_CONTEXT(2) 
PARAMETRIC_REPRESENTATION_CONTEXT() REPRESENTATION_CONTEXT('2D SPACE',''
  ) );
#2671 = ORIENTED_EDGE('',*,*,#1565,.T.);
#2672 = ADVANCED_FACE('',(#2673),#1236,.T.);
#2673 = FACE_BOUND('',#2674,.T.);
#2674 = EDGE_LOOP('',(#2675,#2676,#2699,#2720));
#2675 = ORIENTED_EDGE('',*,*,#1543,.T.);
#2676 = ORIENTED_EDGE('',*,*,#2677,.T.);
#2677 = EDGE_CURVE('',#1521,#2678,#2680,.T.);
#2678 = VERTEX_POINT('',#2679);
#2679 = CARTESIAN_POINT('',(49.,50.,29.65));
#2680 = SURFACE_CURVE('',#2681,(#2685,#2692),.PCURVE_S1.);
#2681 = LINE('',#2682,#2683);
#2682 = CARTESIAN_POINT('',(-49.,50.,29.65));
#2683 = VECTOR('',#2684,1.);
#2684 = DIRECTION('',(1.,0.,0.));
#2685 = PCURVE('',#1236,#2686);
#2686 = DEFINITIONAL_REPRESENTATION('',(#2687),#2691);
#2687 = LINE('',#2688,#2689);
#2688 = CARTESIAN_POINT('',(29.65,1.));
#2689 = VECTOR('',#2690,1.);
#2690 = DIRECTION('',(0.,1.));
#2691 = ( GEOMETRIC_REPRESENTATION_CONTEXT(2) 
PARAMETRIC_REPRESENTATION_CONTEXT() REPRESENTATION_CONTEXT('2D SPACE',''
  ) );
#2692 = PCURVE('',#2103,#2693);
#2693 = DEFINITIONAL_REPRESENTATION('',(#2694),#2698);
#2694 = LINE('',#2695,#2696);
#2695 = CARTESIAN_POINT('',(0.,0.247487373415));
#2696 = VECTOR('',#2697,1.);
#2697 = DIRECTION('',(1.,0.));
#2698 = ( GEOMETRIC_REPRESENTATION_CONTEXT(2) 
PARAMETRIC_REPRESENTATION_CONTEXT() REPRESENTATION_CONTEXT('2D SPACE',''
  ) );
#2699 = ORIENTED_EDGE('',*,*,#2700,.F.);
#2700 = EDGE_CURVE('',#1198,#2678,#2701,.T.);
#2701 = SURFACE_CURVE('',#2702,(#2706,#2713),.PCURVE_S1.);
#2702 = LINE('',#2703,#2704);
#2703 = CARTESIAN_POINT('',(49.,50.,0.));
#2704 = VECTOR('',#2705,1.);
#2705 = DIRECTION('',(0.,0.,1.));
#2706 = PCURVE('',#1236,#2707);
#2707 = DEFINITIONAL_REPRESENTATION('',(#2708),#2712);
#2708 = LINE('',#2709,#2710);
#2709 = CARTESIAN_POINT('',(0.,99.));
#2710 = VECTOR('',#2711,1.);
#2711 = DIRECTION('',(1.,0.));
#2712 = ( GEOMETRIC_REPRESENTATION_CONTEXT(2) 
PARAMETRIC_REPRESENTATION_CONTEXT() REPRESENTATION_CONTEXT('2D SPACE',''
  ) );
#2713 = PCURVE('',#961,#2714);
#2714 = DEFINITIONAL_REPRESENTATION('',(#2715),#2719);
#2715 = LINE('',#2716,#2717);
#2716 = CARTESIAN_POINT('',(0.,-0.707106781187));
#2717 = VECTOR('',#2718,1.);
#2718 = DIRECTION('',(1.,0.));
#2719 = ( GEOMETRIC_REPRESENTATION_CONTEXT(2) 
PARAMETRIC_REPRESENTATION_CONTEXT() REPRESENTATION_CONTEXT('2D SPACE',''
  ) );
#2720 = ORIENTED_EDGE('',*,*,#1220,.F.);
#2721 = ADVANCED_FACE('',(#2722),#961,.T.);
#2722 = FACE_BOUND('',#2723,.T.);
#2723 = EDGE_LOOP('',(#2724,#2725,#2748,#2769,#2770,#2791,#2817,#2836));
#2724 = ORIENTED_EDGE('',*,*,#2700,.T.);
#2725 = ORIENTED_EDGE('',*,*,#2726,.T.);
#2726 = EDGE_CURVE('',#2678,#2727,#2729,.T.);
#2727 = VERTEX_POINT('',#2728);
#2728 = CARTESIAN_POINT('',(50.,49.,29.65));
#2729 = SURFACE_CURVE('',#2730,(#2734,#2741),.PCURVE_S1.);
#2730 = LINE('',#2731,#2732);
#2731 = CARTESIAN_POINT('',(49.,50.,29.65));
#2732 = VECTOR('',#2733,1.);
#2733 = DIRECTION('',(0.707106781187,-0.707106781187,0.));
#2734 = PCURVE('',#961,#2735);
#2735 = DEFINITIONAL_REPRESENTATION('',(#2736),#2740);
#2736 = LINE('',#2737,#2738);
#2737 = CARTESIAN_POINT('',(29.65,-0.707106781187));
#2738 = VECTOR('',#2739,1.);
#2739 = DIRECTION('',(0.,1.));
#2740 = ( GEOMETRIC_REPRESENTATION_CONTEXT(2) 
PARAMETRIC_REPRESENTATION_CONTEXT() REPRESENTATION_CONTEXT('2D SPACE',''
  ) );
#2741 = PCURVE('',#2075,#2742);
#2742 = DEFINITIONAL_REPRESENTATION('',(#2743),#2747);
#2743 = LINE('',#2744,#2745);
#2744 = CARTESIAN_POINT('',(-7.105427357601E-15,0.247487373415));
#2745 = VECTOR('',#2746,1.);
#2746 = DIRECTION('',(1.,0.));
#2747 = ( GEOMETRIC_REPRESENTATION_CONTEXT(2) 
PARAMETRIC_REPRESENTATION_CONTEXT() REPRESENTATION_CONTEXT('2D SPACE',''
  ) );
#2748 = ORIENTED_EDGE('',*,*,#2749,.F.);
#2749 = EDGE_CURVE('',#918,#2727,#2750,.T.);
#2750 = SURFACE_CURVE('',#2751,(#2755,#2762),.PCURVE_S1.);
#2751 = LINE('',#2752,#2753);
#2752 = CARTESIAN_POINT('',(50.,49.,0.));
#2753 = VECTOR('',#2754,1.);
#2754 = DIRECTION('',(0.,0.,1.));
#2755 = PCURVE('',#961,#2756);
#2756 = DEFINITIONAL_REPRESENTATION('',(#2757),#2761);
#2757 = LINE('',#2758,#2759);
#2758 = CARTESIAN_POINT('',(0.,0.707106781187));
#2759 = VECTOR('',#2760,1.);
#2760 = DIRECTION('',(1.,0.));
#2761 = ( GEOMETRIC_REPRESENTATION_CONTEXT(2) 
PARAMETRIC_REPRESENTATION_CONTEXT() REPRESENTATION_CONTEXT('2D SPACE',''
  ) );
#2762 = PCURVE('',#933,#2763);
#2763 = DEFINITIONAL_REPRESENTATION('',(#2764),#2768);
#2764 = LINE('',#2765,#2766);
#2765 = CARTESIAN_POINT('',(0.,-99.));
#2766 = VECTOR('',#2767,1.);
#2767 = DIRECTION('',(1.,0.));
#2768 = ( GEOMETRIC_REPRESENTATION_CONTEXT(2) 
PARAMETRIC_REPRESENTATION_CONTEXT() REPRESENTATION_CONTEXT('2D SPACE',''
  ) );
#2769 = ORIENTED_EDGE('',*,*,#945,.F.);
#2770 = ORIENTED_EDGE('',*,*,#2771,.T.);
#2771 = EDGE_CURVE('',#946,#2772,#2774,.T.);
#2772 = VERTEX_POINT('',#2773);
#2773 = CARTESIAN_POINT('',(49.7,49.3,1.));
#2774 = SURFACE_CURVE('',#2775,(#2779,#2785),.PCURVE_S1.);
#2775 = LINE('',#2776,#2777);
#2776 = CARTESIAN_POINT('',(49.7,49.3,0.));
#2777 = VECTOR('',#2778,1.);
#2778 = DIRECTION('',(0.,0.,1.));
#2779 = PCURVE('',#961,#2780);
#2780 = DEFINITIONAL_REPRESENTATION('',(#2781),#2784);
#2781 = B_SPLINE_CURVE_WITH_KNOTS('',1,(#2782,#2783),.UNSPECIFIED.,.F.,
  .F.,(2,2),(0.,1.),.PIECEWISE_BEZIER_KNOTS.);
#2782 = CARTESIAN_POINT('',(0.,0.282842712475));
#2783 = CARTESIAN_POINT('',(1.,0.282842712475));
#2784 = ( GEOMETRIC_REPRESENTATION_CONTEXT(2) 
PARAMETRIC_REPRESENTATION_CONTEXT() REPRESENTATION_CONTEXT('2D SPACE',''
  ) );
#2785 = PCURVE('',#989,#2786);
#2786 = DEFINITIONAL_REPRESENTATION('',(#2787),#2790);
#2787 = B_SPLINE_CURVE_WITH_KNOTS('',1,(#2788,#2789),.UNSPECIFIED.,.F.,
  .F.,(2,2),(0.,1.),.PIECEWISE_BEZIER_KNOTS.);
#2788 = CARTESIAN_POINT('',(0.4,0.));
#2789 = CARTESIAN_POINT('',(0.4,-1.));
#2790 = ( GEOMETRIC_REPRESENTATION_CONTEXT(2) 
PARAMETRIC_REPRESENTATION_CONTEXT() REPRESENTATION_CONTEXT('2D SPACE',''
  ) );
#2791 = ORIENTED_EDGE('',*,*,#2792,.F.);
#2792 = EDGE_CURVE('',#2793,#2772,#2795,.T.);
#2793 = VERTEX_POINT('',#2794);
#2794 = CARTESIAN_POINT('',(49.3,49.7,1.));
#2795 = SURFACE_CURVE('',#2796,(#2800,#2806),.PCURVE_S1.);
#2796 = LINE('',#2797,#2798);
#2797 = CARTESIAN_POINT('',(49.5,49.5,1.));
#2798 = VECTOR('',#2799,1.);
#2799 = DIRECTION('',(0.707106781187,-0.707106781187,0.));
#2800 = PCURVE('',#961,#2801);
#2801 = DEFINITIONAL_REPRESENTATION('',(#2802),#2805);
#2802 = B_SPLINE_CURVE_WITH_KNOTS('',1,(#2803,#2804),.UNSPECIFIED.,.F.,
  .F.,(2,2),(-0.282842712475,0.282842712475),.PIECEWISE_BEZIER_KNOTS.);
#2803 = CARTESIAN_POINT('',(1.,-0.282842712475));
#2804 = CARTESIAN_POINT('',(1.,0.282842712475));
#2805 = ( GEOMETRIC_REPRESENTATION_CONTEXT(2) 
PARAMETRIC_REPRESENTATION_CONTEXT() REPRESENTATION_CONTEXT('2D SPACE',''
  ) );
#2806 = PCURVE('',#2807,#2812);
#2807 = PLANE('',#2808);
#2808 = AXIS2_PLACEMENT_3D('',#2809,#2810,#2811);
#2809 = CARTESIAN_POINT('',(81.122928199248,81.122928199248,1.));
#2810 = DIRECTION('',(0.,0.,1.));
#2811 = DIRECTION('',(1.,0.,-0.));
#2812 = DEFINITIONAL_REPRESENTATION('',(#2813),#2816);
#2813 = B_SPLINE_CURVE_WITH_KNOTS('',1,(#2814,#2815),.UNSPECIFIED.,.F.,
  .F.,(2,2),(-0.282842712475,0.282842712475),.PIECEWISE_BEZIER_KNOTS.);
#2814 = CARTESIAN_POINT('',(-31.82292819924,-31.42292819924));
#2815 = CARTESIAN_POINT('',(-31.42292819924,-31.82292819924));
#2816 = ( GEOMETRIC_REPRESENTATION_CONTEXT(2) 
PARAMETRIC_REPRESENTATION_CONTEXT() REPRESENTATION_CONTEXT('2D SPACE',''
  ) );
#2817 = ORIENTED_EDGE('',*,*,#2818,.T.);
#2818 = EDGE_CURVE('',#2793,#1170,#2819,.T.);
#2819 = SURFACE_CURVE('',#2820,(#2824,#2830),.PCURVE_S1.);
#2820 = LINE('',#2821,#2822);
#2821 = CARTESIAN_POINT('',(49.3,49.7,0.));
#2822 = VECTOR('',#2823,1.);
#2823 = DIRECTION('',(-0.,0.,-1.));
#2824 = PCURVE('',#961,#2825);
#2825 = DEFINITIONAL_REPRESENTATION('',(#2826),#2829);
#2826 = B_SPLINE_CURVE_WITH_KNOTS('',1,(#2827,#2828),.UNSPECIFIED.,.F.,
  .F.,(2,2),(-1.,0.),.PIECEWISE_BEZIER_KNOTS.);
#2827 = CARTESIAN_POINT('',(1.,-0.282842712475));
#2828 = CARTESIAN_POINT('',(0.,-0.282842712475));
#2829 = ( GEOMETRIC_REPRESENTATION_CONTEXT(2) 
PARAMETRIC_REPRESENTATION_CONTEXT() REPRESENTATION_CONTEXT('2D SPACE',''
  ) );
#2830 = PCURVE('',#1185,#2831);
#2831 = DEFINITIONAL_REPRESENTATION('',(#2832),#2835);
#2832 = B_SPLINE_CURVE_WITH_KNOTS('',1,(#2833,#2834),.UNSPECIFIED.,.F.,
  .F.,(2,2),(-1.,0.),.PIECEWISE_BEZIER_KNOTS.);
#2833 = CARTESIAN_POINT('',(36.3,-1.));
#2834 = CARTESIAN_POINT('',(36.3,0.));
#2835 = ( GEOMETRIC_REPRESENTATION_CONTEXT(2) 
PARAMETRIC_REPRESENTATION_CONTEXT() REPRESENTATION_CONTEXT('2D SPACE',''
  ) );
#2836 = ORIENTED_EDGE('',*,*,#1197,.F.);
#2837 = ADVANCED_FACE('',(#2838),#933,.T.);
#2838 = FACE_BOUND('',#2839,.T.);
#2839 = EDGE_LOOP('',(#2840,#2863,#2864,#2865));
#2840 = ORIENTED_EDGE('',*,*,#2841,.F.);
#2841 = EDGE_CURVE('',#895,#2842,#2844,.T.);
#2842 = VERTEX_POINT('',#2843);
#2843 = CARTESIAN_POINT('',(50.,-49.,29.65));
#2844 = SURFACE_CURVE('',#2845,(#2849,#2856),.PCURVE_S1.);
#2845 = LINE('',#2846,#2847);
#2846 = CARTESIAN_POINT('',(50.,-49.,0.));
#2847 = VECTOR('',#2848,1.);
#2848 = DIRECTION('',(0.,0.,1.));
#2849 = PCURVE('',#933,#2850);
#2850 = DEFINITIONAL_REPRESENTATION('',(#2851),#2855);
#2851 = LINE('',#2852,#2853);
#2852 = CARTESIAN_POINT('',(0.,-1.));
#2853 = VECTOR('',#2854,1.);
#2854 = DIRECTION('',(1.,0.));
#2855 = ( GEOMETRIC_REPRESENTATION_CONTEXT(2) 
PARAMETRIC_REPRESENTATION_CONTEXT() REPRESENTATION_CONTEXT('2D SPACE',''
  ) );
#2856 = PCURVE('',#658,#2857);
#2857 = DEFINITIONAL_REPRESENTATION('',(#2858),#2862);
#2858 = LINE('',#2859,#2860);
#2859 = CARTESIAN_POINT('',(0.,0.707106781187));
#2860 = VECTOR('',#2861,1.);
#2861 = DIRECTION('',(1.,0.));
#2862 = ( GEOMETRIC_REPRESENTATION_CONTEXT(2) 
PARAMETRIC_REPRESENTATION_CONTEXT() REPRESENTATION_CONTEXT('2D SPACE',''
  ) );
#2863 = ORIENTED_EDGE('',*,*,#917,.T.);
#2864 = ORIENTED_EDGE('',*,*,#2749,.T.);
#2865 = ORIENTED_EDGE('',*,*,#2866,.F.);
#2866 = EDGE_CURVE('',#2842,#2727,#2867,.T.);
#2867 = SURFACE_CURVE('',#2868,(#2872,#2879),.PCURVE_S1.);
#2868 = LINE('',#2869,#2870);
#2869 = CARTESIAN_POINT('',(50.,-49.,29.65));
#2870 = VECTOR('',#2871,1.);
#2871 = DIRECTION('',(0.,1.,0.));
#2872 = PCURVE('',#933,#2873);
#2873 = DEFINITIONAL_REPRESENTATION('',(#2874),#2878);
#2874 = LINE('',#2875,#2876);
#2875 = CARTESIAN_POINT('',(29.65,-1.));
#2876 = VECTOR('',#2877,1.);
#2877 = DIRECTION('',(0.,-1.));
#2878 = ( GEOMETRIC_REPRESENTATION_CONTEXT(2) 
PARAMETRIC_REPRESENTATION_CONTEXT() REPRESENTATION_CONTEXT('2D SPACE',''
  ) );
#2879 = PCURVE('',#2047,#2880);
#2880 = DEFINITIONAL_REPRESENTATION('',(#2881),#2885);
#2881 = LINE('',#2882,#2883);
#2882 = CARTESIAN_POINT('',(-0.,0.247487373415));
#2883 = VECTOR('',#2884,1.);
#2884 = DIRECTION('',(-1.,0.));
#2885 = ( GEOMETRIC_REPRESENTATION_CONTEXT(2) 
PARAMETRIC_REPRESENTATION_CONTEXT() REPRESENTATION_CONTEXT('2D SPACE',''
  ) );
#2886 = ADVANCED_FACE('',(#2887),#658,.F.);
#2887 = FACE_BOUND('',#2888,.F.);
#2888 = EDGE_LOOP('',(#2889,#2890,#2911,#2912,#2913,#2934,#2960,#2979));
#2889 = ORIENTED_EDGE('',*,*,#1904,.T.);
#2890 = ORIENTED_EDGE('',*,*,#2891,.T.);
#2891 = EDGE_CURVE('',#1877,#2842,#2892,.T.);
#2892 = SURFACE_CURVE('',#2893,(#2897,#2904),.PCURVE_S1.);
#2893 = LINE('',#2894,#2895);
#2894 = CARTESIAN_POINT('',(49.,-50.,29.65));
#2895 = VECTOR('',#2896,1.);
#2896 = DIRECTION('',(0.707106781187,0.707106781187,-0.));
#2897 = PCURVE('',#658,#2898);
#2898 = DEFINITIONAL_REPRESENTATION('',(#2899),#2903);
#2899 = LINE('',#2900,#2901);
#2900 = CARTESIAN_POINT('',(29.65,-0.707106781187));
#2901 = VECTOR('',#2902,1.);
#2902 = DIRECTION('',(0.,1.));
#2903 = ( GEOMETRIC_REPRESENTATION_CONTEXT(2) 
PARAMETRIC_REPRESENTATION_CONTEXT() REPRESENTATION_CONTEXT('2D SPACE',''
  ) );
#2904 = PCURVE('',#2019,#2905);
#2905 = DEFINITIONAL_REPRESENTATION('',(#2906),#2910);
#2906 = LINE('',#2907,#2908);
#2907 = CARTESIAN_POINT('',(-7.105427357601E-15,0.247487373415));
#2908 = VECTOR('',#2909,1.);
#2909 = DIRECTION('',(1.,0.));
#2910 = ( GEOMETRIC_REPRESENTATION_CONTEXT(2) 
PARAMETRIC_REPRESENTATION_CONTEXT() REPRESENTATION_CONTEXT('2D SPACE',''
  ) );
#2911 = ORIENTED_EDGE('',*,*,#2841,.F.);
#2912 = ORIENTED_EDGE('',*,*,#894,.F.);
#2913 = ORIENTED_EDGE('',*,*,#2914,.F.);
#2914 = EDGE_CURVE('',#2915,#867,#2917,.T.);
#2915 = VERTEX_POINT('',#2916);
#2916 = CARTESIAN_POINT('',(49.7,-49.3,1.));
#2917 = SURFACE_CURVE('',#2918,(#2922,#2928),.PCURVE_S1.);
#2918 = LINE('',#2919,#2920);
#2919 = CARTESIAN_POINT('',(49.7,-49.3,0.));
#2920 = VECTOR('',#2921,1.);
#2921 = DIRECTION('',(0.,0.,-1.));
#2922 = PCURVE('',#658,#2923);
#2923 = DEFINITIONAL_REPRESENTATION('',(#2924),#2927);
#2924 = B_SPLINE_CURVE_WITH_KNOTS('',1,(#2925,#2926),.UNSPECIFIED.,.F.,
  .F.,(2,2),(-1.,0.),.PIECEWISE_BEZIER_KNOTS.);
#2925 = CARTESIAN_POINT('',(1.,0.282842712475));
#2926 = CARTESIAN_POINT('',(0.,0.282842712475));
#2927 = ( GEOMETRIC_REPRESENTATION_CONTEXT(2) 
PARAMETRIC_REPRESENTATION_CONTEXT() REPRESENTATION_CONTEXT('2D SPACE',''
  ) );
#2928 = PCURVE('',#882,#2929);
#2929 = DEFINITIONAL_REPRESENTATION('',(#2930),#2933);
#2930 = B_SPLINE_CURVE_WITH_KNOTS('',1,(#2931,#2932),.UNSPECIFIED.,.F.,
  .F.,(2,2),(-1.,0.),.PIECEWISE_BEZIER_KNOTS.);
#2931 = CARTESIAN_POINT('',(0.4,-1.));
#2932 = CARTESIAN_POINT('',(0.4,0.));
#2933 = ( GEOMETRIC_REPRESENTATION_CONTEXT(2) 
PARAMETRIC_REPRESENTATION_CONTEXT() REPRESENTATION_CONTEXT('2D SPACE',''
  ) );
#2934 = ORIENTED_EDGE('',*,*,#2935,.T.);
#2935 = EDGE_CURVE('',#2915,#2936,#2938,.T.);
#2936 = VERTEX_POINT('',#2937);
#2937 = CARTESIAN_POINT('',(49.3,-49.7,1.));
#2938 = SURFACE_CURVE('',#2939,(#2943,#2949),.PCURVE_S1.);
#2939 = LINE('',#2940,#2941);
#2940 = CARTESIAN_POINT('',(49.5,-49.5,1.));
#2941 = VECTOR('',#2942,1.);
#2942 = DIRECTION('',(-0.707106781187,-0.707106781187,0.));
#2943 = PCURVE('',#658,#2944);
#2944 = DEFINITIONAL_REPRESENTATION('',(#2945),#2948);
#2945 = B_SPLINE_CURVE_WITH_KNOTS('',1,(#2946,#2947),.UNSPECIFIED.,.F.,
  .F.,(2,2),(-0.282842712475,0.282842712475),.PIECEWISE_BEZIER_KNOTS.);
#2946 = CARTESIAN_POINT('',(1.,0.282842712475));
#2947 = CARTESIAN_POINT('',(1.,-0.282842712475));
#2948 = ( GEOMETRIC_REPRESENTATION_CONTEXT(2) 
PARAMETRIC_REPRESENTATION_CONTEXT() REPRESENTATION_CONTEXT('2D SPACE',''
  ) );
#2949 = PCURVE('',#2950,#2955);
#2950 = PLANE('',#2951);
#2951 = AXIS2_PLACEMENT_3D('',#2952,#2953,#2954);
#2952 = CARTESIAN_POINT('',(81.122928199248,-81.12292819924,1.));
#2953 = DIRECTION('',(-0.,-0.,-1.));
#2954 = DIRECTION('',(-1.,0.,0.));
#2955 = DEFINITIONAL_REPRESENTATION('',(#2956),#2959);
#2956 = B_SPLINE_CURVE_WITH_KNOTS('',1,(#2957,#2958),.UNSPECIFIED.,.F.,
  .F.,(2,2),(-0.282842712475,0.282842712475),.PIECEWISE_BEZIER_KNOTS.);
#2957 = CARTESIAN_POINT('',(31.422928199248,31.822928199248));
#2958 = CARTESIAN_POINT('',(31.822928199248,31.422928199248));
#2959 = ( GEOMETRIC_REPRESENTATION_CONTEXT(2) 
PARAMETRIC_REPRESENTATION_CONTEXT() REPRESENTATION_CONTEXT('2D SPACE',''
  ) );
#2960 = ORIENTED_EDGE('',*,*,#2961,.F.);
#2961 = EDGE_CURVE('',#643,#2936,#2962,.T.);
#2962 = SURFACE_CURVE('',#2963,(#2967,#2973),.PCURVE_S1.);
#2963 = LINE('',#2964,#2965);
#2964 = CARTESIAN_POINT('',(49.3,-49.7,0.));
#2965 = VECTOR('',#2966,1.);
#2966 = DIRECTION('',(0.,0.,1.));
#2967 = PCURVE('',#658,#2968);
#2968 = DEFINITIONAL_REPRESENTATION('',(#2969),#2972);
#2969 = B_SPLINE_CURVE_WITH_KNOTS('',1,(#2970,#2971),.UNSPECIFIED.,.F.,
  .F.,(2,2),(0.,1.),.PIECEWISE_BEZIER_KNOTS.);
#2970 = CARTESIAN_POINT('',(0.,-0.282842712475));
#2971 = CARTESIAN_POINT('',(1.,-0.282842712475));
#2972 = ( GEOMETRIC_REPRESENTATION_CONTEXT(2) 
PARAMETRIC_REPRESENTATION_CONTEXT() REPRESENTATION_CONTEXT('2D SPACE',''
  ) );
#2973 = PCURVE('',#686,#2974);
#2974 = DEFINITIONAL_REPRESENTATION('',(#2975),#2978);
#2975 = B_SPLINE_CURVE_WITH_KNOTS('',1,(#2976,#2977),.UNSPECIFIED.,.F.,
  .F.,(2,2),(0.,1.),.PIECEWISE_BEZIER_KNOTS.);
#2976 = CARTESIAN_POINT('',(36.3,0.));
#2977 = CARTESIAN_POINT('',(36.3,-1.));
#2978 = ( GEOMETRIC_REPRESENTATION_CONTEXT(2) 
PARAMETRIC_REPRESENTATION_CONTEXT() REPRESENTATION_CONTEXT('2D SPACE',''
  ) );
#2979 = ORIENTED_EDGE('',*,*,#642,.F.);
#2980 = ADVANCED_FACE('',(#2981),#882,.T.);
#2981 = FACE_BOUND('',#2982,.T.);
#2982 = EDGE_LOOP('',(#2983,#2984,#2985,#3008));
#2983 = ORIENTED_EDGE('',*,*,#866,.F.);
#2984 = ORIENTED_EDGE('',*,*,#2914,.F.);
#2985 = ORIENTED_EDGE('',*,*,#2986,.T.);
#2986 = EDGE_CURVE('',#2915,#2987,#2989,.T.);
#2987 = VERTEX_POINT('',#2988);
#2988 = CARTESIAN_POINT('',(86.,-49.3,1.));
#2989 = SURFACE_CURVE('',#2990,(#2994,#3001),.PCURVE_S1.);
#2990 = LINE('',#2991,#2992);
#2991 = CARTESIAN_POINT('',(49.3,-49.3,1.));
#2992 = VECTOR('',#2993,1.);
#2993 = DIRECTION('',(1.,0.,0.));
#2994 = PCURVE('',#882,#2995);
#2995 = DEFINITIONAL_REPRESENTATION('',(#2996),#3000);
#2996 = LINE('',#2997,#2998);
#2997 = CARTESIAN_POINT('',(0.,-1.));
#2998 = VECTOR('',#2999,1.);
#2999 = DIRECTION('',(1.,0.));
#3000 = ( GEOMETRIC_REPRESENTATION_CONTEXT(2) 
PARAMETRIC_REPRESENTATION_CONTEXT() REPRESENTATION_CONTEXT('2D SPACE',''
  ) );
#3001 = PCURVE('',#2950,#3002);
#3002 = DEFINITIONAL_REPRESENTATION('',(#3003),#3007);
#3003 = LINE('',#3004,#3005);
#3004 = CARTESIAN_POINT('',(31.822928199248,31.822928199248));
#3005 = VECTOR('',#3006,1.);
#3006 = DIRECTION('',(-1.,0.));
#3007 = ( GEOMETRIC_REPRESENTATION_CONTEXT(2) 
PARAMETRIC_REPRESENTATION_CONTEXT() REPRESENTATION_CONTEXT('2D SPACE',''
  ) );
#3008 = ORIENTED_EDGE('',*,*,#3009,.F.);
#3009 = EDGE_CURVE('',#839,#2987,#3010,.T.);
#3010 = SURFACE_CURVE('',#3011,(#3015,#3022),.PCURVE_S1.);
#3011 = LINE('',#3012,#3013);
#3012 = CARTESIAN_POINT('',(86.,-49.3,0.));
#3013 = VECTOR('',#3014,1.);
#3014 = DIRECTION('',(0.,0.,1.));
#3015 = PCURVE('',#882,#3016);
#3016 = DEFINITIONAL_REPRESENTATION('',(#3017),#3021);
#3017 = LINE('',#3018,#3019);
#3018 = CARTESIAN_POINT('',(36.7,0.));
#3019 = VECTOR('',#3020,1.);
#3020 = DIRECTION('',(0.,-1.));
#3021 = ( GEOMETRIC_REPRESENTATION_CONTEXT(2) 
PARAMETRIC_REPRESENTATION_CONTEXT() REPRESENTATION_CONTEXT('2D SPACE',''
  ) );
#3022 = PCURVE('',#854,#3023);
#3023 = DEFINITIONAL_REPRESENTATION('',(#3024),#3028);
#3024 = LINE('',#3025,#3026);
#3025 = CARTESIAN_POINT('',(0.,0.));
#3026 = VECTOR('',#3027,1.);
#3027 = DIRECTION('',(0.,-1.));
#3028 = ( GEOMETRIC_REPRESENTATION_CONTEXT(2) 
PARAMETRIC_REPRESENTATION_CONTEXT() REPRESENTATION_CONTEXT('2D SPACE',''
  ) );
#3029 = ADVANCED_FACE('',(#3030),#854,.T.);
#3030 = FACE_BOUND('',#3031,.T.);
#3031 = EDGE_LOOP('',(#3032,#3033,#3056,#3077));
#3032 = ORIENTED_EDGE('',*,*,#3009,.T.);
#3033 = ORIENTED_EDGE('',*,*,#3034,.T.);
#3034 = EDGE_CURVE('',#2987,#3035,#3037,.T.);
#3035 = VERTEX_POINT('',#3036);
#3036 = CARTESIAN_POINT('',(86.,-68.,1.));
#3037 = SURFACE_CURVE('',#3038,(#3042,#3049),.PCURVE_S1.);
#3038 = LINE('',#3039,#3040);
#3039 = CARTESIAN_POINT('',(86.,-49.3,1.));
#3040 = VECTOR('',#3041,1.);
#3041 = DIRECTION('',(0.,-1.,0.));
#3042 = PCURVE('',#854,#3043);
#3043 = DEFINITIONAL_REPRESENTATION('',(#3044),#3048);
#3044 = LINE('',#3045,#3046);
#3045 = CARTESIAN_POINT('',(0.,-1.));
#3046 = VECTOR('',#3047,1.);
#3047 = DIRECTION('',(1.,0.));
#3048 = ( GEOMETRIC_REPRESENTATION_CONTEXT(2) 
PARAMETRIC_REPRESENTATION_CONTEXT() REPRESENTATION_CONTEXT('2D SPACE',''
  ) );
#3049 = PCURVE('',#2950,#3050);
#3050 = DEFINITIONAL_REPRESENTATION('',(#3051),#3055);
#3051 = LINE('',#3052,#3053);
#3052 = CARTESIAN_POINT('',(-4.877071800752,31.822928199248));
#3053 = VECTOR('',#3054,1.);
#3054 = DIRECTION('',(0.,-1.));
#3055 = ( GEOMETRIC_REPRESENTATION_CONTEXT(2) 
PARAMETRIC_REPRESENTATION_CONTEXT() REPRESENTATION_CONTEXT('2D SPACE',''
  ) );
#3056 = ORIENTED_EDGE('',*,*,#3057,.F.);
#3057 = EDGE_CURVE('',#811,#3035,#3058,.T.);
#3058 = SURFACE_CURVE('',#3059,(#3063,#3070),.PCURVE_S1.);
#3059 = LINE('',#3060,#3061);
#3060 = CARTESIAN_POINT('',(86.,-68.,0.));
#3061 = VECTOR('',#3062,1.);
#3062 = DIRECTION('',(0.,0.,1.));
#3063 = PCURVE('',#854,#3064);
#3064 = DEFINITIONAL_REPRESENTATION('',(#3065),#3069);
#3065 = LINE('',#3066,#3067);
#3066 = CARTESIAN_POINT('',(18.7,0.));
#3067 = VECTOR('',#3068,1.);
#3068 = DIRECTION('',(0.,-1.));
#3069 = ( GEOMETRIC_REPRESENTATION_CONTEXT(2) 
PARAMETRIC_REPRESENTATION_CONTEXT() REPRESENTATION_CONTEXT('2D SPACE',''
  ) );
#3070 = PCURVE('',#826,#3071);
#3071 = DEFINITIONAL_REPRESENTATION('',(#3072),#3076);
#3072 = LINE('',#3073,#3074);
#3073 = CARTESIAN_POINT('',(0.,0.));
#3074 = VECTOR('',#3075,1.);
#3075 = DIRECTION('',(0.,-1.));
#3076 = ( GEOMETRIC_REPRESENTATION_CONTEXT(2) 
PARAMETRIC_REPRESENTATION_CONTEXT() REPRESENTATION_CONTEXT('2D SPACE',''
  ) );
#3077 = ORIENTED_EDGE('',*,*,#838,.F.);
#3078 = ADVANCED_FACE('',(#3079),#826,.T.);
#3079 = FACE_BOUND('',#3080,.T.);
#3080 = EDGE_LOOP('',(#3081,#3082,#3105,#3126));
#3081 = ORIENTED_EDGE('',*,*,#3057,.T.);
#3082 = ORIENTED_EDGE('',*,*,#3083,.T.);
#3083 = EDGE_CURVE('',#3035,#3084,#3086,.T.);
#3084 = VERTEX_POINT('',#3085);
#3085 = CARTESIAN_POINT('',(114.,-82.,1.));
#3086 = SURFACE_CURVE('',#3087,(#3091,#3098),.PCURVE_S1.);
#3087 = LINE('',#3088,#3089);
#3088 = CARTESIAN_POINT('',(86.,-68.,1.));
#3089 = VECTOR('',#3090,1.);
#3090 = DIRECTION('',(0.894427191,-0.4472135955,0.));
#3091 = PCURVE('',#826,#3092);
#3092 = DEFINITIONAL_REPRESENTATION('',(#3093),#3097);
#3093 = LINE('',#3094,#3095);
#3094 = CARTESIAN_POINT('',(0.,-1.));
#3095 = VECTOR('',#3096,1.);
#3096 = DIRECTION('',(1.,0.));
#3097 = ( GEOMETRIC_REPRESENTATION_CONTEXT(2) 
PARAMETRIC_REPRESENTATION_CONTEXT() REPRESENTATION_CONTEXT('2D SPACE',''
  ) );
#3098 = PCURVE('',#2950,#3099);
#3099 = DEFINITIONAL_REPRESENTATION('',(#3100),#3104);
#3100 = LINE('',#3101,#3102);
#3101 = CARTESIAN_POINT('',(-4.877071800752,13.122928199248));
#3102 = VECTOR('',#3103,1.);
#3103 = DIRECTION('',(-0.894427191,-0.4472135955));
#3104 = ( GEOMETRIC_REPRESENTATION_CONTEXT(2) 
PARAMETRIC_REPRESENTATION_CONTEXT() REPRESENTATION_CONTEXT('2D SPACE',''
  ) );
#3105 = ORIENTED_EDGE('',*,*,#3106,.F.);
#3106 = EDGE_CURVE('',#783,#3084,#3107,.T.);
#3107 = SURFACE_CURVE('',#3108,(#3112,#3119),.PCURVE_S1.);
#3108 = LINE('',#3109,#3110);
#3109 = CARTESIAN_POINT('',(114.,-82.,0.));
#3110 = VECTOR('',#3111,1.);
#3111 = DIRECTION('',(0.,0.,1.));
#3112 = PCURVE('',#826,#3113);
#3113 = DEFINITIONAL_REPRESENTATION('',(#3114),#3118);
#3114 = LINE('',#3115,#3116);
#3115 = CARTESIAN_POINT('',(31.304951684997,0.));
#3116 = VECTOR('',#3117,1.);
#3117 = DIRECTION('',(0.,-1.));
#3118 = ( GEOMETRIC_REPRESENTATION_CONTEXT(2) 
PARAMETRIC_REPRESENTATION_CONTEXT() REPRESENTATION_CONTEXT('2D SPACE',''
  ) );
#3119 = PCURVE('',#798,#3120);
#3120 = DEFINITIONAL_REPRESENTATION('',(#3121),#3125);
#3121 = LINE('',#3122,#3123);
#3122 = CARTESIAN_POINT('',(0.,0.));
#3123 = VECTOR('',#3124,1.);
#3124 = DIRECTION('',(0.,-1.));
#3125 = ( GEOMETRIC_REPRESENTATION_CONTEXT(2) 
PARAMETRIC_REPRESENTATION_CONTEXT() REPRESENTATION_CONTEXT('2D SPACE',''
  ) );
#3126 = ORIENTED_EDGE('',*,*,#810,.F.);
#3127 = ADVANCED_FACE('',(#3128),#798,.T.);
#3128 = FACE_BOUND('',#3129,.T.);
#3129 = EDGE_LOOP('',(#3130,#3131,#3154,#3175));
#3130 = ORIENTED_EDGE('',*,*,#3106,.T.);
#3131 = ORIENTED_EDGE('',*,*,#3132,.T.);
#3132 = EDGE_CURVE('',#3084,#3133,#3135,.T.);
#3133 = VERTEX_POINT('',#3134);
#3134 = CARTESIAN_POINT('',(114.,-114.,1.));
#3135 = SURFACE_CURVE('',#3136,(#3140,#3147),.PCURVE_S1.);
#3136 = LINE('',#3137,#3138);
#3137 = CARTESIAN_POINT('',(114.,-82.,1.));
#3138 = VECTOR('',#3139,1.);
#3139 = DIRECTION('',(0.,-1.,0.));
#3140 = PCURVE('',#798,#3141);
#3141 = DEFINITIONAL_REPRESENTATION('',(#3142),#3146);
#3142 = LINE('',#3143,#3144);
#3143 = CARTESIAN_POINT('',(0.,-1.));
#3144 = VECTOR('',#3145,1.);
#3145 = DIRECTION('',(1.,0.));
#3146 = ( GEOMETRIC_REPRESENTATION_CONTEXT(2) 
PARAMETRIC_REPRESENTATION_CONTEXT() REPRESENTATION_CONTEXT('2D SPACE',''
  ) );
#3147 = PCURVE('',#2950,#3148);
#3148 = DEFINITIONAL_REPRESENTATION('',(#3149),#3153);
#3149 = LINE('',#3150,#3151);
#3150 = CARTESIAN_POINT('',(-32.87707180075,-0.877071800752));
#3151 = VECTOR('',#3152,1.);
#3152 = DIRECTION('',(0.,-1.));
#3153 = ( GEOMETRIC_REPRESENTATION_CONTEXT(2) 
PARAMETRIC_REPRESENTATION_CONTEXT() REPRESENTATION_CONTEXT('2D SPACE',''
  ) );
#3154 = ORIENTED_EDGE('',*,*,#3155,.F.);
#3155 = EDGE_CURVE('',#755,#3133,#3156,.T.);
#3156 = SURFACE_CURVE('',#3157,(#3161,#3168),.PCURVE_S1.);
#3157 = LINE('',#3158,#3159);
#3158 = CARTESIAN_POINT('',(114.,-114.,0.));
#3159 = VECTOR('',#3160,1.);
#3160 = DIRECTION('',(0.,0.,1.));
#3161 = PCURVE('',#798,#3162);
#3162 = DEFINITIONAL_REPRESENTATION('',(#3163),#3167);
#3163 = LINE('',#3164,#3165);
#3164 = CARTESIAN_POINT('',(32.,0.));
#3165 = VECTOR('',#3166,1.);
#3166 = DIRECTION('',(0.,-1.));
#3167 = ( GEOMETRIC_REPRESENTATION_CONTEXT(2) 
PARAMETRIC_REPRESENTATION_CONTEXT() REPRESENTATION_CONTEXT('2D SPACE',''
  ) );
#3168 = PCURVE('',#770,#3169);
#3169 = DEFINITIONAL_REPRESENTATION('',(#3170),#3174);
#3170 = LINE('',#3171,#3172);
#3171 = CARTESIAN_POINT('',(0.,-0.));
#3172 = VECTOR('',#3173,1.);
#3173 = DIRECTION('',(0.,-1.));
#3174 = ( GEOMETRIC_REPRESENTATION_CONTEXT(2) 
PARAMETRIC_REPRESENTATION_CONTEXT() REPRESENTATION_CONTEXT('2D SPACE',''
  ) );
#3175 = ORIENTED_EDGE('',*,*,#782,.F.);
#3176 = ADVANCED_FACE('',(#3177),#770,.T.);
#3177 = FACE_BOUND('',#3178,.T.);
#3178 = EDGE_LOOP('',(#3179,#3180,#3203,#3224));
#3179 = ORIENTED_EDGE('',*,*,#3155,.T.);
#3180 = ORIENTED_EDGE('',*,*,#3181,.T.);
#3181 = EDGE_CURVE('',#3133,#3182,#3184,.T.);
#3182 = VERTEX_POINT('',#3183);
#3183 = CARTESIAN_POINT('',(82.,-114.,1.));
#3184 = SURFACE_CURVE('',#3185,(#3189,#3196),.PCURVE_S1.);
#3185 = LINE('',#3186,#3187);
#3186 = CARTESIAN_POINT('',(114.,-114.,1.));
#3187 = VECTOR('',#3188,1.);
#3188 = DIRECTION('',(-1.,0.,0.));
#3189 = PCURVE('',#770,#3190);
#3190 = DEFINITIONAL_REPRESENTATION('',(#3191),#3195);
#3191 = LINE('',#3192,#3193);
#3192 = CARTESIAN_POINT('',(0.,-1.));
#3193 = VECTOR('',#3194,1.);
#3194 = DIRECTION('',(1.,0.));
#3195 = ( GEOMETRIC_REPRESENTATION_CONTEXT(2) 
PARAMETRIC_REPRESENTATION_CONTEXT() REPRESENTATION_CONTEXT('2D SPACE',''
  ) );
#3196 = PCURVE('',#2950,#3197);
#3197 = DEFINITIONAL_REPRESENTATION('',(#3198),#3202);
#3198 = LINE('',#3199,#3200);
#3199 = CARTESIAN_POINT('',(-32.87707180075,-32.87707180075));
#3200 = VECTOR('',#3201,1.);
#3201 = DIRECTION('',(1.,0.));
#3202 = ( GEOMETRIC_REPRESENTATION_CONTEXT(2) 
PARAMETRIC_REPRESENTATION_CONTEXT() REPRESENTATION_CONTEXT('2D SPACE',''
  ) );
#3203 = ORIENTED_EDGE('',*,*,#3204,.F.);
#3204 = EDGE_CURVE('',#727,#3182,#3205,.T.);
#3205 = SURFACE_CURVE('',#3206,(#3210,#3217),.PCURVE_S1.);
#3206 = LINE('',#3207,#3208);
#3207 = CARTESIAN_POINT('',(82.,-114.,0.));
#3208 = VECTOR('',#3209,1.);
#3209 = DIRECTION('',(0.,0.,1.));
#3210 = PCURVE('',#770,#3211);
#3211 = DEFINITIONAL_REPRESENTATION('',(#3212),#3216);
#3212 = LINE('',#3213,#3214);
#3213 = CARTESIAN_POINT('',(32.,0.));
#3214 = VECTOR('',#3215,1.);
#3215 = DIRECTION('',(0.,-1.));
#3216 = ( GEOMETRIC_REPRESENTATION_CONTEXT(2) 
PARAMETRIC_REPRESENTATION_CONTEXT() REPRESENTATION_CONTEXT('2D SPACE',''
  ) );
#3217 = PCURVE('',#742,#3218);
#3218 = DEFINITIONAL_REPRESENTATION('',(#3219),#3223);
#3219 = LINE('',#3220,#3221);
#3220 = CARTESIAN_POINT('',(0.,0.));
#3221 = VECTOR('',#3222,1.);
#3222 = DIRECTION('',(0.,-1.));
#3223 = ( GEOMETRIC_REPRESENTATION_CONTEXT(2) 
PARAMETRIC_REPRESENTATION_CONTEXT() REPRESENTATION_CONTEXT('2D SPACE',''
  ) );
#3224 = ORIENTED_EDGE('',*,*,#754,.F.);
#3225 = ADVANCED_FACE('',(#3226),#742,.T.);
#3226 = FACE_BOUND('',#3227,.T.);
#3227 = EDGE_LOOP('',(#3228,#3229,#3252,#3273));
#3228 = ORIENTED_EDGE('',*,*,#3204,.T.);
#3229 = ORIENTED_EDGE('',*,*,#3230,.T.);
#3230 = EDGE_CURVE('',#3182,#3231,#3233,.T.);
#3231 = VERTEX_POINT('',#3232);
#3232 = CARTESIAN_POINT('',(68.,-86.,1.));
#3233 = SURFACE_CURVE('',#3234,(#3238,#3245),.PCURVE_S1.);
#3234 = LINE('',#3235,#3236);
#3235 = CARTESIAN_POINT('',(82.,-114.,1.));
#3236 = VECTOR('',#3237,1.);
#3237 = DIRECTION('',(-0.4472135955,0.894427191,0.));
#3238 = PCURVE('',#742,#3239);
#3239 = DEFINITIONAL_REPRESENTATION('',(#3240),#3244);
#3240 = LINE('',#3241,#3242);
#3241 = CARTESIAN_POINT('',(0.,-1.));
#3242 = VECTOR('',#3243,1.);
#3243 = DIRECTION('',(1.,0.));
#3244 = ( GEOMETRIC_REPRESENTATION_CONTEXT(2) 
PARAMETRIC_REPRESENTATION_CONTEXT() REPRESENTATION_CONTEXT('2D SPACE',''
  ) );
#3245 = PCURVE('',#2950,#3246);
#3246 = DEFINITIONAL_REPRESENTATION('',(#3247),#3251);
#3247 = LINE('',#3248,#3249);
#3248 = CARTESIAN_POINT('',(-0.877071800752,-32.87707180075));
#3249 = VECTOR('',#3250,1.);
#3250 = DIRECTION('',(0.4472135955,0.894427191));
#3251 = ( GEOMETRIC_REPRESENTATION_CONTEXT(2) 
PARAMETRIC_REPRESENTATION_CONTEXT() REPRESENTATION_CONTEXT('2D SPACE',''
  ) );
#3252 = ORIENTED_EDGE('',*,*,#3253,.F.);
#3253 = EDGE_CURVE('',#699,#3231,#3254,.T.);
#3254 = SURFACE_CURVE('',#3255,(#3259,#3266),.PCURVE_S1.);
#3255 = LINE('',#3256,#3257);
#3256 = CARTESIAN_POINT('',(68.,-86.,0.));
#3257 = VECTOR('',#3258,1.);
#3258 = DIRECTION('',(0.,0.,1.));
#3259 = PCURVE('',#742,#3260);
#3260 = DEFINITIONAL_REPRESENTATION('',(#3261),#3265);
#3261 = LINE('',#3262,#3263);
#3262 = CARTESIAN_POINT('',(31.304951684997,0.));
#3263 = VECTOR('',#3264,1.);
#3264 = DIRECTION('',(0.,-1.));
#3265 = ( GEOMETRIC_REPRESENTATION_CONTEXT(2) 
PARAMETRIC_REPRESENTATION_CONTEXT() REPRESENTATION_CONTEXT('2D SPACE',''
  ) );
#3266 = PCURVE('',#714,#3267);
#3267 = DEFINITIONAL_REPRESENTATION('',(#3268),#3272);
#3268 = LINE('',#3269,#3270);
#3269 = CARTESIAN_POINT('',(0.,-0.));
#3270 = VECTOR('',#3271,1.);
#3271 = DIRECTION('',(0.,-1.));
#3272 = ( GEOMETRIC_REPRESENTATION_CONTEXT(2) 
PARAMETRIC_REPRESENTATION_CONTEXT() REPRESENTATION_CONTEXT('2D SPACE',''
  ) );
#3273 = ORIENTED_EDGE('',*,*,#726,.F.);
#3274 = ADVANCED_FACE('',(#3275),#714,.T.);
#3275 = FACE_BOUND('',#3276,.T.);
#3276 = EDGE_LOOP('',(#3277,#3278,#3301,#3322));
#3277 = ORIENTED_EDGE('',*,*,#3253,.T.);
#3278 = ORIENTED_EDGE('',*,*,#3279,.T.);
#3279 = EDGE_CURVE('',#3231,#3280,#3282,.T.);
#3280 = VERTEX_POINT('',#3281);
#3281 = CARTESIAN_POINT('',(49.3,-86.,1.));
#3282 = SURFACE_CURVE('',#3283,(#3287,#3294),.PCURVE_S1.);
#3283 = LINE('',#3284,#3285);
#3284 = CARTESIAN_POINT('',(68.,-86.,1.));
#3285 = VECTOR('',#3286,1.);
#3286 = DIRECTION('',(-1.,0.,0.));
#3287 = PCURVE('',#714,#3288);
#3288 = DEFINITIONAL_REPRESENTATION('',(#3289),#3293);
#3289 = LINE('',#3290,#3291);
#3290 = CARTESIAN_POINT('',(0.,-1.));
#3291 = VECTOR('',#3292,1.);
#3292 = DIRECTION('',(1.,0.));
#3293 = ( GEOMETRIC_REPRESENTATION_CONTEXT(2) 
PARAMETRIC_REPRESENTATION_CONTEXT() REPRESENTATION_CONTEXT('2D SPACE',''
  ) );
#3294 = PCURVE('',#2950,#3295);
#3295 = DEFINITIONAL_REPRESENTATION('',(#3296),#3300);
#3296 = LINE('',#3297,#3298);
#3297 = CARTESIAN_POINT('',(13.122928199248,-4.877071800752));
#3298 = VECTOR('',#3299,1.);
#3299 = DIRECTION('',(1.,0.));
#3300 = ( GEOMETRIC_REPRESENTATION_CONTEXT(2) 
PARAMETRIC_REPRESENTATION_CONTEXT() REPRESENTATION_CONTEXT('2D SPACE',''
  ) );
#3301 = ORIENTED_EDGE('',*,*,#3302,.F.);
#3302 = EDGE_CURVE('',#671,#3280,#3303,.T.);
#3303 = SURFACE_CURVE('',#3304,(#3308,#3315),.PCURVE_S1.);
#3304 = LINE('',#3305,#3306);
#3305 = CARTESIAN_POINT('',(49.3,-86.,0.));
#3306 = VECTOR('',#3307,1.);
#3307 = DIRECTION('',(0.,0.,1.));
#3308 = PCURVE('',#714,#3309);
#3309 = DEFINITIONAL_REPRESENTATION('',(#3310),#3314);
#3310 = LINE('',#3311,#3312);
#3311 = CARTESIAN_POINT('',(18.7,0.));
#3312 = VECTOR('',#3313,1.);
#3313 = DIRECTION('',(0.,-1.));
#3314 = ( GEOMETRIC_REPRESENTATION_CONTEXT(2) 
PARAMETRIC_REPRESENTATION_CONTEXT() REPRESENTATION_CONTEXT('2D SPACE',''
  ) );
#3315 = PCURVE('',#686,#3316);
#3316 = DEFINITIONAL_REPRESENTATION('',(#3317),#3321);
#3317 = LINE('',#3318,#3319);
#3318 = CARTESIAN_POINT('',(0.,0.));
#3319 = VECTOR('',#3320,1.);
#3320 = DIRECTION('',(0.,-1.));
#3321 = ( GEOMETRIC_REPRESENTATION_CONTEXT(2) 
PARAMETRIC_REPRESENTATION_CONTEXT() REPRESENTATION_CONTEXT('2D SPACE',''
  ) );
#3322 = ORIENTED_EDGE('',*,*,#698,.F.);
#3323 = ADVANCED_FACE('',(#3324),#686,.T.);
#3324 = FACE_BOUND('',#3325,.T.);
#3325 = EDGE_LOOP('',(#3326,#3327,#3328,#3349));
#3326 = ORIENTED_EDGE('',*,*,#670,.F.);
#3327 = ORIENTED_EDGE('',*,*,#3302,.T.);
#3328 = ORIENTED_EDGE('',*,*,#3329,.T.);
#3329 = EDGE_CURVE('',#3280,#2936,#3330,.T.);
#3330 = SURFACE_CURVE('',#3331,(#3335,#3342),.PCURVE_S1.);
#3331 = LINE('',#3332,#3333);
#3332 = CARTESIAN_POINT('',(49.3,-86.,1.));
#3333 = VECTOR('',#3334,1.);
#3334 = DIRECTION('',(0.,1.,0.));
#3335 = PCURVE('',#686,#3336);
#3336 = DEFINITIONAL_REPRESENTATION('',(#3337),#3341);
#3337 = LINE('',#3338,#3339);
#3338 = CARTESIAN_POINT('',(0.,-1.));
#3339 = VECTOR('',#3340,1.);
#3340 = DIRECTION('',(1.,0.));
#3341 = ( GEOMETRIC_REPRESENTATION_CONTEXT(2) 
PARAMETRIC_REPRESENTATION_CONTEXT() REPRESENTATION_CONTEXT('2D SPACE',''
  ) );
#3342 = PCURVE('',#2950,#3343);
#3343 = DEFINITIONAL_REPRESENTATION('',(#3344),#3348);
#3344 = LINE('',#3345,#3346);
#3345 = CARTESIAN_POINT('',(31.822928199248,-4.877071800752));
#3346 = VECTOR('',#3347,1.);
#3347 = DIRECTION('',(0.,1.));
#3348 = ( GEOMETRIC_REPRESENTATION_CONTEXT(2) 
PARAMETRIC_REPRESENTATION_CONTEXT() REPRESENTATION_CONTEXT('2D SPACE',''
  ) );
#3349 = ORIENTED_EDGE('',*,*,#2961,.F.);
#3350 = ADVANCED_FACE('',(#3351),#585,.F.);
#3351 = FACE_BOUND('',#3352,.F.);
#3352 = EDGE_LOOP('',(#3353,#3374,#3375,#3376));
#3353 = ORIENTED_EDGE('',*,*,#3354,.T.);
#3354 = EDGE_CURVE('',#542,#1779,#3355,.T.);
#3355 = SURFACE_CURVE('',#3356,(#3360,#3367),.PCURVE_S1.);
#3356 = LINE('',#3357,#3358);
#3357 = CARTESIAN_POINT('',(-68.,-86.,0.));
#3358 = VECTOR('',#3359,1.);
#3359 = DIRECTION('',(0.,0.,1.));
#3360 = PCURVE('',#585,#3361);
#3361 = DEFINITIONAL_REPRESENTATION('',(#3362),#3366);
#3362 = LINE('',#3363,#3364);
#3363 = CARTESIAN_POINT('',(0.,0.));
#3364 = VECTOR('',#3365,1.);
#3365 = DIRECTION('',(0.,-1.));
#3366 = ( GEOMETRIC_REPRESENTATION_CONTEXT(2) 
PARAMETRIC_REPRESENTATION_CONTEXT() REPRESENTATION_CONTEXT('2D SPACE',''
  ) );
#3367 = PCURVE('',#557,#3368);
#3368 = DEFINITIONAL_REPRESENTATION('',(#3369),#3373);
#3369 = LINE('',#3370,#3371);
#3370 = CARTESIAN_POINT('',(31.304951684997,0.));
#3371 = VECTOR('',#3372,1.);
#3372 = DIRECTION('',(0.,-1.));
#3373 = ( GEOMETRIC_REPRESENTATION_CONTEXT(2) 
PARAMETRIC_REPRESENTATION_CONTEXT() REPRESENTATION_CONTEXT('2D SPACE',''
  ) );
#3374 = ORIENTED_EDGE('',*,*,#1801,.T.);
#3375 = ORIENTED_EDGE('',*,*,#1849,.F.);
#3376 = ORIENTED_EDGE('',*,*,#569,.F.);
#3377 = ADVANCED_FACE('',(#3378),#557,.F.);
#3378 = FACE_BOUND('',#3379,.F.);
#3379 = EDGE_LOOP('',(#3380,#3401,#3402,#3403));
#3380 = ORIENTED_EDGE('',*,*,#3381,.T.);
#3381 = EDGE_CURVE('',#514,#1756,#3382,.T.);
#3382 = SURFACE_CURVE('',#3383,(#3387,#3394),.PCURVE_S1.);
#3383 = LINE('',#3384,#3385);
#3384 = CARTESIAN_POINT('',(-82.,-114.,0.));
#3385 = VECTOR('',#3386,1.);
#3386 = DIRECTION('',(0.,0.,1.));
#3387 = PCURVE('',#557,#3388);
#3388 = DEFINITIONAL_REPRESENTATION('',(#3389),#3393);
#3389 = LINE('',#3390,#3391);
#3390 = CARTESIAN_POINT('',(0.,0.));
#3391 = VECTOR('',#3392,1.);
#3392 = DIRECTION('',(0.,-1.));
#3393 = ( GEOMETRIC_REPRESENTATION_CONTEXT(2) 
PARAMETRIC_REPRESENTATION_CONTEXT() REPRESENTATION_CONTEXT('2D SPACE',''
  ) );
#3394 = PCURVE('',#529,#3395);
#3395 = DEFINITIONAL_REPRESENTATION('',(#3396),#3400);
#3396 = LINE('',#3397,#3398);
#3397 = CARTESIAN_POINT('',(32.,0.));
#3398 = VECTOR('',#3399,1.);
#3399 = DIRECTION('',(0.,-1.));
#3400 = ( GEOMETRIC_REPRESENTATION_CONTEXT(2) 
PARAMETRIC_REPRESENTATION_CONTEXT() REPRESENTATION_CONTEXT('2D SPACE',''
  ) );
#3401 = ORIENTED_EDGE('',*,*,#1778,.T.);
#3402 = ORIENTED_EDGE('',*,*,#3354,.F.);
#3403 = ORIENTED_EDGE('',*,*,#541,.F.);
#3404 = ADVANCED_FACE('',(#3405),#529,.F.);
#3405 = FACE_BOUND('',#3406,.F.);
#3406 = EDGE_LOOP('',(#3407,#3428,#3429,#3430));
#3407 = ORIENTED_EDGE('',*,*,#3408,.T.);
#3408 = EDGE_CURVE('',#486,#1733,#3409,.T.);
#3409 = SURFACE_CURVE('',#3410,(#3414,#3421),.PCURVE_S1.);
#3410 = LINE('',#3411,#3412);
#3411 = CARTESIAN_POINT('',(-114.,-114.,0.));
#3412 = VECTOR('',#3413,1.);
#3413 = DIRECTION('',(0.,0.,1.));
#3414 = PCURVE('',#529,#3415);
#3415 = DEFINITIONAL_REPRESENTATION('',(#3416),#3420);
#3416 = LINE('',#3417,#3418);
#3417 = CARTESIAN_POINT('',(0.,0.));
#3418 = VECTOR('',#3419,1.);
#3419 = DIRECTION('',(0.,-1.));
#3420 = ( GEOMETRIC_REPRESENTATION_CONTEXT(2) 
PARAMETRIC_REPRESENTATION_CONTEXT() REPRESENTATION_CONTEXT('2D SPACE',''
  ) );
#3421 = PCURVE('',#501,#3422);
#3422 = DEFINITIONAL_REPRESENTATION('',(#3423),#3427);
#3423 = LINE('',#3424,#3425);
#3424 = CARTESIAN_POINT('',(32.,0.));
#3425 = VECTOR('',#3426,1.);
#3426 = DIRECTION('',(0.,-1.));
#3427 = ( GEOMETRIC_REPRESENTATION_CONTEXT(2) 
PARAMETRIC_REPRESENTATION_CONTEXT() REPRESENTATION_CONTEXT('2D SPACE',''
  ) );
#3428 = ORIENTED_EDGE('',*,*,#1755,.T.);
#3429 = ORIENTED_EDGE('',*,*,#3381,.F.);
#3430 = ORIENTED_EDGE('',*,*,#513,.F.);
#3431 = ADVANCED_FACE('',(#3432),#501,.F.);
#3432 = FACE_BOUND('',#3433,.F.);
#3433 = EDGE_LOOP('',(#3434,#3455,#3456,#3457));
#3434 = ORIENTED_EDGE('',*,*,#3435,.T.);
#3435 = EDGE_CURVE('',#458,#1710,#3436,.T.);
#3436 = SURFACE_CURVE('',#3437,(#3441,#3448),.PCURVE_S1.);
#3437 = LINE('',#3438,#3439);
#3438 = CARTESIAN_POINT('',(-114.,-82.,0.));
#3439 = VECTOR('',#3440,1.);
#3440 = DIRECTION('',(0.,0.,1.));
#3441 = PCURVE('',#501,#3442);
#3442 = DEFINITIONAL_REPRESENTATION('',(#3443),#3447);
#3443 = LINE('',#3444,#3445);
#3444 = CARTESIAN_POINT('',(0.,0.));
#3445 = VECTOR('',#3446,1.);
#3446 = DIRECTION('',(0.,-1.));
#3447 = ( GEOMETRIC_REPRESENTATION_CONTEXT(2) 
PARAMETRIC_REPRESENTATION_CONTEXT() REPRESENTATION_CONTEXT('2D SPACE',''
  ) );
#3448 = PCURVE('',#473,#3449);
#3449 = DEFINITIONAL_REPRESENTATION('',(#3450),#3454);
#3450 = LINE('',#3451,#3452);
#3451 = CARTESIAN_POINT('',(31.304951684997,0.));
#3452 = VECTOR('',#3453,1.);
#3453 = DIRECTION('',(0.,-1.));
#3454 = ( GEOMETRIC_REPRESENTATION_CONTEXT(2) 
PARAMETRIC_REPRESENTATION_CONTEXT() REPRESENTATION_CONTEXT('2D SPACE',''
  ) );
#3455 = ORIENTED_EDGE('',*,*,#1732,.T.);
#3456 = ORIENTED_EDGE('',*,*,#3408,.F.);
#3457 = ORIENTED_EDGE('',*,*,#485,.F.);
#3458 = ADVANCED_FACE('',(#3459),#473,.F.);
#3459 = FACE_BOUND('',#3460,.F.);
#3460 = EDGE_LOOP('',(#3461,#3482,#3483,#3484));
#3461 = ORIENTED_EDGE('',*,*,#3462,.T.);
#3462 = EDGE_CURVE('',#430,#1687,#3463,.T.);
#3463 = SURFACE_CURVE('',#3464,(#3468,#3475),.PCURVE_S1.);
#3464 = LINE('',#3465,#3466);
#3465 = CARTESIAN_POINT('',(-86.,-68.,0.));
#3466 = VECTOR('',#3467,1.);
#3467 = DIRECTION('',(0.,0.,1.));
#3468 = PCURVE('',#473,#3469);
#3469 = DEFINITIONAL_REPRESENTATION('',(#3470),#3474);
#3470 = LINE('',#3471,#3472);
#3471 = CARTESIAN_POINT('',(0.,0.));
#3472 = VECTOR('',#3473,1.);
#3473 = DIRECTION('',(0.,-1.));
#3474 = ( GEOMETRIC_REPRESENTATION_CONTEXT(2) 
PARAMETRIC_REPRESENTATION_CONTEXT() REPRESENTATION_CONTEXT('2D SPACE',''
  ) );
#3475 = PCURVE('',#445,#3476);
#3476 = DEFINITIONAL_REPRESENTATION('',(#3477),#3481);
#3477 = LINE('',#3478,#3479);
#3478 = CARTESIAN_POINT('',(18.7,0.));
#3479 = VECTOR('',#3480,1.);
#3480 = DIRECTION('',(0.,-1.));
#3481 = ( GEOMETRIC_REPRESENTATION_CONTEXT(2) 
PARAMETRIC_REPRESENTATION_CONTEXT() REPRESENTATION_CONTEXT('2D SPACE',''
  ) );
#3482 = ORIENTED_EDGE('',*,*,#1709,.T.);
#3483 = ORIENTED_EDGE('',*,*,#3435,.F.);
#3484 = ORIENTED_EDGE('',*,*,#457,.F.);
#3485 = ADVANCED_FACE('',(#3486),#445,.F.);
#3486 = FACE_BOUND('',#3487,.F.);
#3487 = EDGE_LOOP('',(#3488,#3489,#3490,#3491));
#3488 = ORIENTED_EDGE('',*,*,#1660,.T.);
#3489 = ORIENTED_EDGE('',*,*,#1686,.T.);
#3490 = ORIENTED_EDGE('',*,*,#3462,.F.);
#3491 = ORIENTED_EDGE('',*,*,#429,.F.);
#3492 = ADVANCED_FACE('',(#3493),#1601,.F.);
#3493 = FACE_BOUND('',#3494,.F.);
#3494 = EDGE_LOOP('',(#3495,#3496,#3497,#3498,#3499,#3500,#3501,#3502,
    #3503));
#3495 = ORIENTED_EDGE('',*,*,#1586,.T.);
#3496 = ORIENTED_EDGE('',*,*,#2308,.T.);
#3497 = ORIENTED_EDGE('',*,*,#2356,.T.);
#3498 = ORIENTED_EDGE('',*,*,#2405,.T.);
#3499 = ORIENTED_EDGE('',*,*,#2454,.T.);
#3500 = ORIENTED_EDGE('',*,*,#2503,.T.);
#3501 = ORIENTED_EDGE('',*,*,#2552,.T.);
#3502 = ORIENTED_EDGE('',*,*,#2601,.T.);
#3503 = ORIENTED_EDGE('',*,*,#2651,.T.);
#3504 = ADVANCED_FACE('',(#3505),#1892,.F.);
#3505 = FACE_BOUND('',#3506,.F.);
#3506 = EDGE_LOOP('',(#3507,#3508,#3509,#3530));
#3507 = ORIENTED_EDGE('',*,*,#1953,.F.);
#3508 = ORIENTED_EDGE('',*,*,#1980,.T.);
#3509 = ORIENTED_EDGE('',*,*,#3510,.T.);
#3510 = EDGE_CURVE('',#1981,#1877,#3511,.T.);
#3511 = SURFACE_CURVE('',#3512,(#3516,#3523),.PCURVE_S1.);
#3512 = LINE('',#3513,#3514);
#3513 = CARTESIAN_POINT('',(45.061819646155,-40.49239157867,
    39.157608421324));
#3514 = VECTOR('',#3515,1.);
#3515 = DIRECTION('',(0.281084637715,-0.678598344546,-0.678598344546));
#3516 = PCURVE('',#1892,#3517);
#3517 = DEFINITIONAL_REPRESENTATION('',(#3518),#3522);
#3518 = LINE('',#3519,#3520);
#3519 = CARTESIAN_POINT('',(94.061819646155,-13.19830140175));
#3520 = VECTOR('',#3521,1.);
#3521 = DIRECTION('',(0.281084637715,0.959682982261));
#3522 = ( GEOMETRIC_REPRESENTATION_CONTEXT(2) 
PARAMETRIC_REPRESENTATION_CONTEXT() REPRESENTATION_CONTEXT('2D SPACE',''
  ) );
#3523 = PCURVE('',#2019,#3524);
#3524 = DEFINITIONAL_REPRESENTATION('',(#3525),#3529);
#3525 = LINE('',#3526,#3527);
#3526 = CARTESIAN_POINT('',(3.938180353845,-13.19830140175));
#3527 = VECTOR('',#3528,1.);
#3528 = DIRECTION('',(-0.281084637715,0.959682982261));
#3529 = ( GEOMETRIC_REPRESENTATION_CONTEXT(2) 
PARAMETRIC_REPRESENTATION_CONTEXT() REPRESENTATION_CONTEXT('2D SPACE',''
  ) );
#3530 = ORIENTED_EDGE('',*,*,#1876,.F.);
#3531 = ADVANCED_FACE('',(#3532),#2103,.T.);
#3532 = FACE_BOUND('',#3533,.T.);
#3533 = EDGE_LOOP('',(#3534,#3535,#3536,#3557));
#3534 = ORIENTED_EDGE('',*,*,#2281,.F.);
#3535 = ORIENTED_EDGE('',*,*,#2087,.T.);
#3536 = ORIENTED_EDGE('',*,*,#3537,.T.);
#3537 = EDGE_CURVE('',#2060,#2678,#3538,.T.);
#3538 = SURFACE_CURVE('',#3539,(#3543,#3550),.PCURVE_S1.);
#3539 = LINE('',#3540,#3541);
#3540 = CARTESIAN_POINT('',(45.061819646155,40.492391578676,
    39.157608421324));
#3541 = VECTOR('',#3542,1.);
#3542 = DIRECTION('',(0.281084637715,0.678598344546,-0.678598344546));
#3543 = PCURVE('',#2103,#3544);
#3544 = DEFINITIONAL_REPRESENTATION('',(#3545),#3549);
#3545 = LINE('',#3546,#3547);
#3546 = CARTESIAN_POINT('',(94.061819646155,-13.19830140175));
#3547 = VECTOR('',#3548,1.);
#3548 = DIRECTION('',(0.281084637715,0.959682982261));
#3549 = ( GEOMETRIC_REPRESENTATION_CONTEXT(2) 
PARAMETRIC_REPRESENTATION_CONTEXT() REPRESENTATION_CONTEXT('2D SPACE',''
  ) );
#3550 = PCURVE('',#2075,#3551);
#3551 = DEFINITIONAL_REPRESENTATION('',(#3552),#3556);
#3552 = LINE('',#3553,#3554);
#3553 = CARTESIAN_POINT('',(3.938180353845,-13.19830140175));
#3554 = VECTOR('',#3555,1.);
#3555 = DIRECTION('',(-0.281084637715,0.959682982261));
#3556 = ( GEOMETRIC_REPRESENTATION_CONTEXT(2) 
PARAMETRIC_REPRESENTATION_CONTEXT() REPRESENTATION_CONTEXT('2D SPACE',''
  ) );
#3557 = ORIENTED_EDGE('',*,*,#2677,.F.);
#3558 = ADVANCED_FACE('',(#3559),#2019,.F.);
#3559 = FACE_BOUND('',#3560,.F.);
#3560 = EDGE_LOOP('',(#3561,#3562,#3563,#3584));
#3561 = ORIENTED_EDGE('',*,*,#3510,.F.);
#3562 = ORIENTED_EDGE('',*,*,#2003,.T.);
#3563 = ORIENTED_EDGE('',*,*,#3564,.T.);
#3564 = EDGE_CURVE('',#2004,#2842,#3565,.T.);
#3565 = SURFACE_CURVE('',#3566,(#3570,#3577),.PCURVE_S1.);
#3566 = LINE('',#3567,#3568);
#3567 = CARTESIAN_POINT('',(49.703950428678,-48.87737225242,
    29.946049571322));
#3568 = VECTOR('',#3569,1.);
#3569 = DIRECTION('',(0.678598344546,-0.281084637715,-0.678598344546));
#3570 = PCURVE('',#2019,#3571);
#3571 = DEFINITIONAL_REPRESENTATION('',(#3572),#3576);
#3572 = LINE('',#3573,#3574);
#3573 = CARTESIAN_POINT('',(1.291585814797,-0.171189945483));
#3574 = VECTOR('',#3575,1.);
#3575 = DIRECTION('',(0.281084637715,0.959682982261));
#3576 = ( GEOMETRIC_REPRESENTATION_CONTEXT(2) 
PARAMETRIC_REPRESENTATION_CONTEXT() REPRESENTATION_CONTEXT('2D SPACE',''
  ) );
#3577 = PCURVE('',#2047,#3578);
#3578 = DEFINITIONAL_REPRESENTATION('',(#3579),#3583);
#3579 = LINE('',#3580,#3581);
#3580 = CARTESIAN_POINT('',(-0.122627747576,-0.171189945483));
#3581 = VECTOR('',#3582,1.);
#3582 = DIRECTION('',(0.281084637715,0.959682982261));
#3583 = ( GEOMETRIC_REPRESENTATION_CONTEXT(2) 
PARAMETRIC_REPRESENTATION_CONTEXT() REPRESENTATION_CONTEXT('2D SPACE',''
  ) );
#3584 = ORIENTED_EDGE('',*,*,#2891,.F.);
#3585 = ADVANCED_FACE('',(#3586),#2075,.T.);
#3586 = FACE_BOUND('',#3587,.T.);
#3587 = EDGE_LOOP('',(#3588,#3589,#3590,#3611));
#3588 = ORIENTED_EDGE('',*,*,#3537,.F.);
#3589 = ORIENTED_EDGE('',*,*,#2059,.T.);
#3590 = ORIENTED_EDGE('',*,*,#3591,.T.);
#3591 = EDGE_CURVE('',#2032,#2727,#3592,.T.);
#3592 = SURFACE_CURVE('',#3593,(#3597,#3604),.PCURVE_S1.);
#3593 = LINE('',#3594,#3595);
#3594 = CARTESIAN_POINT('',(40.357515506982,45.00595214802,
    39.292484493018));
#3595 = VECTOR('',#3596,1.);
#3596 = DIRECTION('',(0.678598344546,0.281084637715,-0.678598344546));
#3597 = PCURVE('',#2075,#3598);
#3598 = DEFINITIONAL_REPRESENTATION('',(#3599),#3603);
#3599 = LINE('',#3600,#3601);
#3600 = CARTESIAN_POINT('',(-2.579834289608,-13.38904497158));
#3601 = VECTOR('',#3602,1.);
#3602 = DIRECTION('',(0.281084637715,0.959682982261));
#3603 = ( GEOMETRIC_REPRESENTATION_CONTEXT(2) 
PARAMETRIC_REPRESENTATION_CONTEXT() REPRESENTATION_CONTEXT('2D SPACE',''
  ) );
#3604 = PCURVE('',#2047,#3605);
#3605 = DEFINITIONAL_REPRESENTATION('',(#3606),#3610);
#3606 = LINE('',#3607,#3608);
#3607 = CARTESIAN_POINT('',(-94.00595214802,-13.38904497158));
#3608 = VECTOR('',#3609,1.);
#3609 = DIRECTION('',(-0.281084637715,0.959682982261));
#3610 = ( GEOMETRIC_REPRESENTATION_CONTEXT(2) 
PARAMETRIC_REPRESENTATION_CONTEXT() REPRESENTATION_CONTEXT('2D SPACE',''
  ) );
#3611 = ORIENTED_EDGE('',*,*,#2726,.F.);
#3612 = ADVANCED_FACE('',(#3613),#2047,.T.);
#3613 = FACE_BOUND('',#3614,.F.);
#3614 = EDGE_LOOP('',(#3615,#3616,#3617,#3618));
#3615 = ORIENTED_EDGE('',*,*,#3564,.F.);
#3616 = ORIENTED_EDGE('',*,*,#2031,.T.);
#3617 = ORIENTED_EDGE('',*,*,#3591,.T.);
#3618 = ORIENTED_EDGE('',*,*,#2866,.F.);
#3619 = ADVANCED_FACE('',(#3620),#2159,.F.);
#3620 = FACE_BOUND('',#3621,.F.);
#3621 = EDGE_LOOP('',(#3622,#3643,#3644,#3645));
#3622 = ORIENTED_EDGE('',*,*,#3623,.F.);
#3623 = EDGE_CURVE('',#2139,#3624,#3626,.T.);
#3624 = VERTEX_POINT('',#3625);
#3625 = CARTESIAN_POINT('',(-11.8,-15.,29.65));
#3626 = SEAM_CURVE('',#3627,(#3631,#3637),.PCURVE_S1.);
#3627 = LINE('',#3628,#3629);
#3628 = CARTESIAN_POINT('',(-11.8,-15.,29.65));
#3629 = VECTOR('',#3630,1.);
#3630 = DIRECTION('',(-0.707106781187,0.,-0.707106781187));
#3631 = PCURVE('',#2159,#3632);
#3632 = DEFINITIONAL_REPRESENTATION('',(#3633),#3636);
#3633 = B_SPLINE_CURVE_WITH_KNOTS('',1,(#3634,#3635),.UNSPECIFIED.,.F.,
  .F.,(2,2),(-0.494974746831,0.),.PIECEWISE_BEZIER_KNOTS.);
#3634 = CARTESIAN_POINT('',(0.,0.35));
#3635 = CARTESIAN_POINT('',(0.,0.));
#3636 = ( GEOMETRIC_REPRESENTATION_CONTEXT(2) 
PARAMETRIC_REPRESENTATION_CONTEXT() REPRESENTATION_CONTEXT('2D SPACE',''
  ) );
#3637 = PCURVE('',#2159,#3638);
#3638 = DEFINITIONAL_REPRESENTATION('',(#3639),#3642);
#3639 = B_SPLINE_CURVE_WITH_KNOTS('',1,(#3640,#3641),.UNSPECIFIED.,.F.,
  .F.,(2,2),(-0.494974746831,0.),.PIECEWISE_BEZIER_KNOTS.);
#3640 = CARTESIAN_POINT('',(-6.28318530718,0.35));
#3641 = CARTESIAN_POINT('',(-6.28318530718,0.));
#3642 = ( GEOMETRIC_REPRESENTATION_CONTEXT(2) 
PARAMETRIC_REPRESENTATION_CONTEXT() REPRESENTATION_CONTEXT('2D SPACE',''
  ) );
#3643 = ORIENTED_EDGE('',*,*,#2138,.T.);
#3644 = ORIENTED_EDGE('',*,*,#3623,.T.);
#3645 = ORIENTED_EDGE('',*,*,#3646,.F.);
#3646 = EDGE_CURVE('',#3624,#3624,#3647,.T.);
#3647 = SURFACE_CURVE('',#3648,(#3653,#3660),.PCURVE_S1.);
#3648 = CIRCLE('',#3649,3.2);
#3649 = AXIS2_PLACEMENT_3D('',#3650,#3651,#3652);
#3650 = CARTESIAN_POINT('',(-15.,-15.,29.65));
#3651 = DIRECTION('',(0.,-0.,-1.));
#3652 = DIRECTION('',(1.,0.,-0.));
#3653 = PCURVE('',#2159,#3654);
#3654 = DEFINITIONAL_REPRESENTATION('',(#3655),#3659);
#3655 = LINE('',#3656,#3657);
#3656 = CARTESIAN_POINT('',(-0.,-0.));
#3657 = VECTOR('',#3658,1.);
#3658 = DIRECTION('',(-1.,-0.));
#3659 = ( GEOMETRIC_REPRESENTATION_CONTEXT(2) 
PARAMETRIC_REPRESENTATION_CONTEXT() REPRESENTATION_CONTEXT('2D SPACE',''
  ) );
#3660 = PCURVE('',#3661,#3666);
#3661 = CYLINDRICAL_SURFACE('',#3662,3.2);
#3662 = AXIS2_PLACEMENT_3D('',#3663,#3664,#3665);
#3663 = CARTESIAN_POINT('',(-15.,-15.,5.));
#3664 = DIRECTION('',(-0.,-0.,-1.));
#3665 = DIRECTION('',(1.,0.,0.));
#3666 = DEFINITIONAL_REPRESENTATION('',(#3667),#3671);
#3667 = LINE('',#3668,#3669);
#3668 = CARTESIAN_POINT('',(-6.28318530718,-24.65));
#3669 = VECTOR('',#3670,1.);
#3670 = DIRECTION('',(1.,-0.));
#3671 = ( GEOMETRIC_REPRESENTATION_CONTEXT(2) 
PARAMETRIC_REPRESENTATION_CONTEXT() REPRESENTATION_CONTEXT('2D SPACE',''
  ) );
#3672 = ADVANCED_FACE('',(#3673),#2194,.F.);
#3673 = FACE_BOUND('',#3674,.F.);
#3674 = EDGE_LOOP('',(#3675,#3696,#3697,#3698));
#3675 = ORIENTED_EDGE('',*,*,#3676,.F.);
#3676 = EDGE_CURVE('',#2174,#3677,#3679,.T.);
#3677 = VERTEX_POINT('',#3678);
#3678 = CARTESIAN_POINT('',(18.2,-15.,29.65));
#3679 = SEAM_CURVE('',#3680,(#3684,#3690),.PCURVE_S1.);
#3680 = LINE('',#3681,#3682);
#3681 = CARTESIAN_POINT('',(18.2,-15.,29.65));
#3682 = VECTOR('',#3683,1.);
#3683 = DIRECTION('',(-0.707106781187,0.,-0.707106781187));
#3684 = PCURVE('',#2194,#3685);
#3685 = DEFINITIONAL_REPRESENTATION('',(#3686),#3689);
#3686 = B_SPLINE_CURVE_WITH_KNOTS('',1,(#3687,#3688),.UNSPECIFIED.,.F.,
  .F.,(2,2),(-0.494974746831,0.),.PIECEWISE_BEZIER_KNOTS.);
#3687 = CARTESIAN_POINT('',(0.,0.35));
#3688 = CARTESIAN_POINT('',(0.,0.));
#3689 = ( GEOMETRIC_REPRESENTATION_CONTEXT(2) 
PARAMETRIC_REPRESENTATION_CONTEXT() REPRESENTATION_CONTEXT('2D SPACE',''
  ) );
#3690 = PCURVE('',#2194,#3691);
#3691 = DEFINITIONAL_REPRESENTATION('',(#3692),#3695);
#3692 = B_SPLINE_CURVE_WITH_KNOTS('',1,(#3693,#3694),.UNSPECIFIED.,.F.,
  .F.,(2,2),(-0.494974746831,0.),.PIECEWISE_BEZIER_KNOTS.);
#3693 = CARTESIAN_POINT('',(-6.28318530718,0.35));
#3694 = CARTESIAN_POINT('',(-6.28318530718,0.));
#3695 = ( GEOMETRIC_REPRESENTATION_CONTEXT(2) 
PARAMETRIC_REPRESENTATION_CONTEXT() REPRESENTATION_CONTEXT('2D SPACE',''
  ) );
#3696 = ORIENTED_EDGE('',*,*,#2173,.T.);
#3697 = ORIENTED_EDGE('',*,*,#3676,.T.);
#3698 = ORIENTED_EDGE('',*,*,#3699,.F.);
#3699 = EDGE_CURVE('',#3677,#3677,#3700,.T.);
#3700 = SURFACE_CURVE('',#3701,(#3706,#3713),.PCURVE_S1.);
#3701 = CIRCLE('',#3702,3.2);
#3702 = AXIS2_PLACEMENT_3D('',#3703,#3704,#3705);
#3703 = CARTESIAN_POINT('',(15.,-15.,29.65));
#3704 = DIRECTION('',(0.,-0.,-1.));
#3705 = DIRECTION('',(1.,0.,-0.));
#3706 = PCURVE('',#2194,#3707);
#3707 = DEFINITIONAL_REPRESENTATION('',(#3708),#3712);
#3708 = LINE('',#3709,#3710);
#3709 = CARTESIAN_POINT('',(-0.,-0.));
#3710 = VECTOR('',#3711,1.);
#3711 = DIRECTION('',(-1.,-0.));
#3712 = ( GEOMETRIC_REPRESENTATION_CONTEXT(2) 
PARAMETRIC_REPRESENTATION_CONTEXT() REPRESENTATION_CONTEXT('2D SPACE',''
  ) );
#3713 = PCURVE('',#3714,#3719);
#3714 = CYLINDRICAL_SURFACE('',#3715,3.2);
#3715 = AXIS2_PLACEMENT_3D('',#3716,#3717,#3718);
#3716 = CARTESIAN_POINT('',(15.,-15.,5.));
#3717 = DIRECTION('',(-0.,-0.,-1.));
#3718 = DIRECTION('',(1.,0.,0.));
#3719 = DEFINITIONAL_REPRESENTATION('',(#3720),#3724);
#3720 = LINE('',#3721,#3722);
#3721 = CARTESIAN_POINT('',(-6.28318530718,-24.65));
#3722 = VECTOR('',#3723,1.);
#3723 = DIRECTION('',(1.,-0.));
#3724 = ( GEOMETRIC_REPRESENTATION_CONTEXT(2) 
PARAMETRIC_REPRESENTATION_CONTEXT() REPRESENTATION_CONTEXT('2D SPACE',''
  ) );
#3725 = ADVANCED_FACE('',(#3726),#2229,.F.);
#3726 = FACE_BOUND('',#3727,.F.);
#3727 = EDGE_LOOP('',(#3728,#3749,#3750,#3751));
#3728 = ORIENTED_EDGE('',*,*,#3729,.F.);
#3729 = EDGE_CURVE('',#2209,#3730,#3732,.T.);
#3730 = VERTEX_POINT('',#3731);
#3731 = CARTESIAN_POINT('',(-11.8,15.,29.65));
#3732 = SEAM_CURVE('',#3733,(#3737,#3743),.PCURVE_S1.);
#3733 = LINE('',#3734,#3735);
#3734 = CARTESIAN_POINT('',(-11.8,15.,29.65));
#3735 = VECTOR('',#3736,1.);
#3736 = DIRECTION('',(-0.707106781187,0.,-0.707106781187));
#3737 = PCURVE('',#2229,#3738);
#3738 = DEFINITIONAL_REPRESENTATION('',(#3739),#3742);
#3739 = B_SPLINE_CURVE_WITH_KNOTS('',1,(#3740,#3741),.UNSPECIFIED.,.F.,
  .F.,(2,2),(-0.494974746831,0.),.PIECEWISE_BEZIER_KNOTS.);
#3740 = CARTESIAN_POINT('',(0.,0.35));
#3741 = CARTESIAN_POINT('',(0.,0.));
#3742 = ( GEOMETRIC_REPRESENTATION_CONTEXT(2) 
PARAMETRIC_REPRESENTATION_CONTEXT() REPRESENTATION_CONTEXT('2D SPACE',''
  ) );
#3743 = PCURVE('',#2229,#3744);
#3744 = DEFINITIONAL_REPRESENTATION('',(#3745),#3748);
#3745 = B_SPLINE_CURVE_WITH_KNOTS('',1,(#3746,#3747),.UNSPECIFIED.,.F.,
  .F.,(2,2),(-0.494974746831,0.),.PIECEWISE_BEZIER_KNOTS.);
#3746 = CARTESIAN_POINT('',(-6.28318530718,0.35));
#3747 = CARTESIAN_POINT('',(-6.28318530718,0.));
#3748 = ( GEOMETRIC_REPRESENTATION_CONTEXT(2) 
PARAMETRIC_REPRESENTATION_CONTEXT() REPRESENTATION_CONTEXT('2D SPACE',''
  ) );
#3749 = ORIENTED_EDGE('',*,*,#2208,.T.);
#3750 = ORIENTED_EDGE('',*,*,#3729,.T.);
#3751 = ORIENTED_EDGE('',*,*,#3752,.F.);
#3752 = EDGE_CURVE('',#3730,#3730,#3753,.T.);
#3753 = SURFACE_CURVE('',#3754,(#3759,#3766),.PCURVE_S1.);
#3754 = CIRCLE('',#3755,3.2);
#3755 = AXIS2_PLACEMENT_3D('',#3756,#3757,#3758);
#3756 = CARTESIAN_POINT('',(-15.,15.,29.65));
#3757 = DIRECTION('',(0.,-0.,-1.));
#3758 = DIRECTION('',(1.,0.,-0.));
#3759 = PCURVE('',#2229,#3760);
#3760 = DEFINITIONAL_REPRESENTATION('',(#3761),#3765);
#3761 = LINE('',#3762,#3763);
#3762 = CARTESIAN_POINT('',(-0.,-0.));
#3763 = VECTOR('',#3764,1.);
#3764 = DIRECTION('',(-1.,-0.));
#3765 = ( GEOMETRIC_REPRESENTATION_CONTEXT(2) 
PARAMETRIC_REPRESENTATION_CONTEXT() REPRESENTATION_CONTEXT('2D SPACE',''
  ) );
#3766 = PCURVE('',#3767,#3772);
#3767 = CYLINDRICAL_SURFACE('',#3768,3.2);
#3768 = AXIS2_PLACEMENT_3D('',#3769,#3770,#3771);
#3769 = CARTESIAN_POINT('',(-15.,15.,5.));
#3770 = DIRECTION('',(-0.,-0.,-1.));
#3771 = DIRECTION('',(1.,0.,0.));
#3772 = DEFINITIONAL_REPRESENTATION('',(#3773),#3777);
#3773 = LINE('',#3774,#3775);
#3774 = CARTESIAN_POINT('',(-6.28318530718,-24.65));
#3775 = VECTOR('',#3776,1.);
#3776 = DIRECTION('',(1.,-0.));
#3777 = ( GEOMETRIC_REPRESENTATION_CONTEXT(2) 
PARAMETRIC_REPRESENTATION_CONTEXT() REPRESENTATION_CONTEXT('2D SPACE',''
  ) );
#3778 = ADVANCED_FACE('',(#3779),#2264,.F.);
#3779 = FACE_BOUND('',#3780,.F.);
#3780 = EDGE_LOOP('',(#3781,#3802,#3803,#3804));
#3781 = ORIENTED_EDGE('',*,*,#3782,.F.);
#3782 = EDGE_CURVE('',#2244,#3783,#3785,.T.);
#3783 = VERTEX_POINT('',#3784);
#3784 = CARTESIAN_POINT('',(18.2,15.,29.65));
#3785 = SEAM_CURVE('',#3786,(#3790,#3796),.PCURVE_S1.);
#3786 = LINE('',#3787,#3788);
#3787 = CARTESIAN_POINT('',(18.2,15.,29.65));
#3788 = VECTOR('',#3789,1.);
#3789 = DIRECTION('',(-0.707106781187,0.,-0.707106781187));
#3790 = PCURVE('',#2264,#3791);
#3791 = DEFINITIONAL_REPRESENTATION('',(#3792),#3795);
#3792 = B_SPLINE_CURVE_WITH_KNOTS('',1,(#3793,#3794),.UNSPECIFIED.,.F.,
  .F.,(2,2),(-0.494974746831,0.),.PIECEWISE_BEZIER_KNOTS.);
#3793 = CARTESIAN_POINT('',(0.,0.35));
#3794 = CARTESIAN_POINT('',(0.,0.));
#3795 = ( GEOMETRIC_REPRESENTATION_CONTEXT(2) 
PARAMETRIC_REPRESENTATION_CONTEXT() REPRESENTATION_CONTEXT('2D SPACE',''
  ) );
#3796 = PCURVE('',#2264,#3797);
#3797 = DEFINITIONAL_REPRESENTATION('',(#3798),#3801);
#3798 = B_SPLINE_CURVE_WITH_KNOTS('',1,(#3799,#3800),.UNSPECIFIED.,.F.,
  .F.,(2,2),(-0.494974746831,0.),.PIECEWISE_BEZIER_KNOTS.);
#3799 = CARTESIAN_POINT('',(-6.28318530718,0.35));
#3800 = CARTESIAN_POINT('',(-6.28318530718,0.));
#3801 = ( GEOMETRIC_REPRESENTATION_CONTEXT(2) 
PARAMETRIC_REPRESENTATION_CONTEXT() REPRESENTATION_CONTEXT('2D SPACE',''
  ) );
#3802 = ORIENTED_EDGE('',*,*,#2243,.T.);
#3803 = ORIENTED_EDGE('',*,*,#3782,.T.);
#3804 = ORIENTED_EDGE('',*,*,#3805,.F.);
#3805 = EDGE_CURVE('',#3783,#3783,#3806,.T.);
#3806 = SURFACE_CURVE('',#3807,(#3812,#3819),.PCURVE_S1.);
#3807 = CIRCLE('',#3808,3.2);
#3808 = AXIS2_PLACEMENT_3D('',#3809,#3810,#3811);
#3809 = CARTESIAN_POINT('',(15.,15.,29.65));
#3810 = DIRECTION('',(0.,-0.,-1.));
#3811 = DIRECTION('',(1.,0.,-0.));
#3812 = PCURVE('',#2264,#3813);
#3813 = DEFINITIONAL_REPRESENTATION('',(#3814),#3818);
#3814 = LINE('',#3815,#3816);
#3815 = CARTESIAN_POINT('',(-0.,-0.));
#3816 = VECTOR('',#3817,1.);
#3817 = DIRECTION('',(-1.,-0.));
#3818 = ( GEOMETRIC_REPRESENTATION_CONTEXT(2) 
PARAMETRIC_REPRESENTATION_CONTEXT() REPRESENTATION_CONTEXT('2D SPACE',''
  ) );
#3819 = PCURVE('',#3820,#3825);
#3820 = CYLINDRICAL_SURFACE('',#3821,3.2);
#3821 = AXIS2_PLACEMENT_3D('',#3822,#3823,#3824);
#3822 = CARTESIAN_POINT('',(15.,15.,5.));
#3823 = DIRECTION('',(-0.,-0.,-1.));
#3824 = DIRECTION('',(1.,0.,0.));
#3825 = DEFINITIONAL_REPRESENTATION('',(#3826),#3830);
#3826 = LINE('',#3827,#3828);
#3827 = CARTESIAN_POINT('',(-6.28318530718,-24.65));
#3828 = VECTOR('',#3829,1.);
#3829 = DIRECTION('',(1.,-0.));
#3830 = ( GEOMETRIC_REPRESENTATION_CONTEXT(2) 
PARAMETRIC_REPRESENTATION_CONTEXT() REPRESENTATION_CONTEXT('2D SPACE',''
  ) );
#3831 = ADVANCED_FACE('',(#3832),#1185,.F.);
#3832 = FACE_BOUND('',#3833,.F.);
#3833 = EDGE_LOOP('',(#3834,#3835,#3858,#3879));
#3834 = ORIENTED_EDGE('',*,*,#1169,.F.);
#3835 = ORIENTED_EDGE('',*,*,#3836,.T.);
#3836 = EDGE_CURVE('',#1142,#3837,#3839,.T.);
#3837 = VERTEX_POINT('',#3838);
#3838 = CARTESIAN_POINT('',(49.3,86.,1.));
#3839 = SURFACE_CURVE('',#3840,(#3844,#3851),.PCURVE_S1.);
#3840 = LINE('',#3841,#3842);
#3841 = CARTESIAN_POINT('',(49.3,86.,0.));
#3842 = VECTOR('',#3843,1.);
#3843 = DIRECTION('',(0.,0.,1.));
#3844 = PCURVE('',#1185,#3845);
#3845 = DEFINITIONAL_REPRESENTATION('',(#3846),#3850);
#3846 = LINE('',#3847,#3848);
#3847 = CARTESIAN_POINT('',(0.,0.));
#3848 = VECTOR('',#3849,1.);
#3849 = DIRECTION('',(0.,-1.));
#3850 = ( GEOMETRIC_REPRESENTATION_CONTEXT(2) 
PARAMETRIC_REPRESENTATION_CONTEXT() REPRESENTATION_CONTEXT('2D SPACE',''
  ) );
#3851 = PCURVE('',#1157,#3852);
#3852 = DEFINITIONAL_REPRESENTATION('',(#3853),#3857);
#3853 = LINE('',#3854,#3855);
#3854 = CARTESIAN_POINT('',(18.7,0.));
#3855 = VECTOR('',#3856,1.);
#3856 = DIRECTION('',(0.,-1.));
#3857 = ( GEOMETRIC_REPRESENTATION_CONTEXT(2) 
PARAMETRIC_REPRESENTATION_CONTEXT() REPRESENTATION_CONTEXT('2D SPACE',''
  ) );
#3858 = ORIENTED_EDGE('',*,*,#3859,.T.);
#3859 = EDGE_CURVE('',#3837,#2793,#3860,.T.);
#3860 = SURFACE_CURVE('',#3861,(#3865,#3872),.PCURVE_S1.);
#3861 = LINE('',#3862,#3863);
#3862 = CARTESIAN_POINT('',(49.3,86.,1.));
#3863 = VECTOR('',#3864,1.);
#3864 = DIRECTION('',(0.,-1.,0.));
#3865 = PCURVE('',#1185,#3866);
#3866 = DEFINITIONAL_REPRESENTATION('',(#3867),#3871);
#3867 = LINE('',#3868,#3869);
#3868 = CARTESIAN_POINT('',(0.,-1.));
#3869 = VECTOR('',#3870,1.);
#3870 = DIRECTION('',(1.,0.));
#3871 = ( GEOMETRIC_REPRESENTATION_CONTEXT(2) 
PARAMETRIC_REPRESENTATION_CONTEXT() REPRESENTATION_CONTEXT('2D SPACE',''
  ) );
#3872 = PCURVE('',#2807,#3873);
#3873 = DEFINITIONAL_REPRESENTATION('',(#3874),#3878);
#3874 = LINE('',#3875,#3876);
#3875 = CARTESIAN_POINT('',(-31.82292819924,4.877071800752));
#3876 = VECTOR('',#3877,1.);
#3877 = DIRECTION('',(0.,-1.));
#3878 = ( GEOMETRIC_REPRESENTATION_CONTEXT(2) 
PARAMETRIC_REPRESENTATION_CONTEXT() REPRESENTATION_CONTEXT('2D SPACE',''
  ) );
#3879 = ORIENTED_EDGE('',*,*,#2818,.T.);
#3880 = ADVANCED_FACE('',(#3881),#2807,.T.);
#3881 = FACE_BOUND('',#3882,.T.);
#3882 = EDGE_LOOP('',(#3883,#3884,#3907,#3930,#3953,#3976,#3999,#4022,
    #4043));
#3883 = ORIENTED_EDGE('',*,*,#2792,.T.);
#3884 = ORIENTED_EDGE('',*,*,#3885,.T.);
#3885 = EDGE_CURVE('',#2772,#3886,#3888,.T.);
#3886 = VERTEX_POINT('',#3887);
#3887 = CARTESIAN_POINT('',(86.,49.3,1.));
#3888 = SURFACE_CURVE('',#3889,(#3893,#3900),.PCURVE_S1.);
#3889 = LINE('',#3890,#3891);
#3890 = CARTESIAN_POINT('',(49.3,49.3,1.));
#3891 = VECTOR('',#3892,1.);
#3892 = DIRECTION('',(1.,0.,0.));
#3893 = PCURVE('',#2807,#3894);
#3894 = DEFINITIONAL_REPRESENTATION('',(#3895),#3899);
#3895 = LINE('',#3896,#3897);
#3896 = CARTESIAN_POINT('',(-31.82292819924,-31.82292819924));
#3897 = VECTOR('',#3898,1.);
#3898 = DIRECTION('',(1.,0.));
#3899 = ( GEOMETRIC_REPRESENTATION_CONTEXT(2) 
PARAMETRIC_REPRESENTATION_CONTEXT() REPRESENTATION_CONTEXT('2D SPACE',''
  ) );
#3900 = PCURVE('',#989,#3901);
#3901 = DEFINITIONAL_REPRESENTATION('',(#3902),#3906);
#3902 = LINE('',#3903,#3904);
#3903 = CARTESIAN_POINT('',(0.,-1.));
#3904 = VECTOR('',#3905,1.);
#3905 = DIRECTION('',(1.,0.));
#3906 = ( GEOMETRIC_REPRESENTATION_CONTEXT(2) 
PARAMETRIC_REPRESENTATION_CONTEXT() REPRESENTATION_CONTEXT('2D SPACE',''
  ) );
#3907 = ORIENTED_EDGE('',*,*,#3908,.T.);
#3908 = EDGE_CURVE('',#3886,#3909,#3911,.T.);
#3909 = VERTEX_POINT('',#3910);
#3910 = CARTESIAN_POINT('',(86.,68.,1.));
#3911 = SURFACE_CURVE('',#3912,(#3916,#3923),.PCURVE_S1.);
#3912 = LINE('',#3913,#3914);
#3913 = CARTESIAN_POINT('',(86.,49.3,1.));
#3914 = VECTOR('',#3915,1.);
#3915 = DIRECTION('',(0.,1.,0.));
#3916 = PCURVE('',#2807,#3917);
#3917 = DEFINITIONAL_REPRESENTATION('',(#3918),#3922);
#3918 = LINE('',#3919,#3920);
#3919 = CARTESIAN_POINT('',(4.877071800752,-31.82292819924));
#3920 = VECTOR('',#3921,1.);
#3921 = DIRECTION('',(0.,1.));
#3922 = ( GEOMETRIC_REPRESENTATION_CONTEXT(2) 
PARAMETRIC_REPRESENTATION_CONTEXT() REPRESENTATION_CONTEXT('2D SPACE',''
  ) );
#3923 = PCURVE('',#1017,#3924);
#3924 = DEFINITIONAL_REPRESENTATION('',(#3925),#3929);
#3925 = LINE('',#3926,#3927);
#3926 = CARTESIAN_POINT('',(0.,-1.));
#3927 = VECTOR('',#3928,1.);
#3928 = DIRECTION('',(1.,0.));
#3929 = ( GEOMETRIC_REPRESENTATION_CONTEXT(2) 
PARAMETRIC_REPRESENTATION_CONTEXT() REPRESENTATION_CONTEXT('2D SPACE',''
  ) );
#3930 = ORIENTED_EDGE('',*,*,#3931,.T.);
#3931 = EDGE_CURVE('',#3909,#3932,#3934,.T.);
#3932 = VERTEX_POINT('',#3933);
#3933 = CARTESIAN_POINT('',(114.,82.,1.));
#3934 = SURFACE_CURVE('',#3935,(#3939,#3946),.PCURVE_S1.);
#3935 = LINE('',#3936,#3937);
#3936 = CARTESIAN_POINT('',(86.,68.,1.));
#3937 = VECTOR('',#3938,1.);
#3938 = DIRECTION('',(0.894427191,0.4472135955,0.));
#3939 = PCURVE('',#2807,#3940);
#3940 = DEFINITIONAL_REPRESENTATION('',(#3941),#3945);
#3941 = LINE('',#3942,#3943);
#3942 = CARTESIAN_POINT('',(4.877071800752,-13.12292819924));
#3943 = VECTOR('',#3944,1.);
#3944 = DIRECTION('',(0.894427191,0.4472135955));
#3945 = ( GEOMETRIC_REPRESENTATION_CONTEXT(2) 
PARAMETRIC_REPRESENTATION_CONTEXT() REPRESENTATION_CONTEXT('2D SPACE',''
  ) );
#3946 = PCURVE('',#1045,#3947);
#3947 = DEFINITIONAL_REPRESENTATION('',(#3948),#3952);
#3948 = LINE('',#3949,#3950);
#3949 = CARTESIAN_POINT('',(0.,-1.));
#3950 = VECTOR('',#3951,1.);
#3951 = DIRECTION('',(1.,0.));
#3952 = ( GEOMETRIC_REPRESENTATION_CONTEXT(2) 
PARAMETRIC_REPRESENTATION_CONTEXT() REPRESENTATION_CONTEXT('2D SPACE',''
  ) );
#3953 = ORIENTED_EDGE('',*,*,#3954,.T.);
#3954 = EDGE_CURVE('',#3932,#3955,#3957,.T.);
#3955 = VERTEX_POINT('',#3956);
#3956 = CARTESIAN_POINT('',(114.,114.,1.));
#3957 = SURFACE_CURVE('',#3958,(#3962,#3969),.PCURVE_S1.);
#3958 = LINE('',#3959,#3960);
#3959 = CARTESIAN_POINT('',(114.,82.,1.));
#3960 = VECTOR('',#3961,1.);
#3961 = DIRECTION('',(0.,1.,0.));
#3962 = PCURVE('',#2807,#3963);
#3963 = DEFINITIONAL_REPRESENTATION('',(#3964),#3968);
#3964 = LINE('',#3965,#3966);
#3965 = CARTESIAN_POINT('',(32.877071800752,0.877071800752));
#3966 = VECTOR('',#3967,1.);
#3967 = DIRECTION('',(0.,1.));
#3968 = ( GEOMETRIC_REPRESENTATION_CONTEXT(2) 
PARAMETRIC_REPRESENTATION_CONTEXT() REPRESENTATION_CONTEXT('2D SPACE',''
  ) );
#3969 = PCURVE('',#1073,#3970);
#3970 = DEFINITIONAL_REPRESENTATION('',(#3971),#3975);
#3971 = LINE('',#3972,#3973);
#3972 = CARTESIAN_POINT('',(0.,-1.));
#3973 = VECTOR('',#3974,1.);
#3974 = DIRECTION('',(1.,0.));
#3975 = ( GEOMETRIC_REPRESENTATION_CONTEXT(2) 
PARAMETRIC_REPRESENTATION_CONTEXT() REPRESENTATION_CONTEXT('2D SPACE',''
  ) );
#3976 = ORIENTED_EDGE('',*,*,#3977,.T.);
#3977 = EDGE_CURVE('',#3955,#3978,#3980,.T.);
#3978 = VERTEX_POINT('',#3979);
#3979 = CARTESIAN_POINT('',(82.,114.,1.));
#3980 = SURFACE_CURVE('',#3981,(#3985,#3992),.PCURVE_S1.);
#3981 = LINE('',#3982,#3983);
#3982 = CARTESIAN_POINT('',(114.,114.,1.));
#3983 = VECTOR('',#3984,1.);
#3984 = DIRECTION('',(-1.,0.,0.));
#3985 = PCURVE('',#2807,#3986);
#3986 = DEFINITIONAL_REPRESENTATION('',(#3987),#3991);
#3987 = LINE('',#3988,#3989);
#3988 = CARTESIAN_POINT('',(32.877071800752,32.877071800752));
#3989 = VECTOR('',#3990,1.);
#3990 = DIRECTION('',(-1.,0.));
#3991 = ( GEOMETRIC_REPRESENTATION_CONTEXT(2) 
PARAMETRIC_REPRESENTATION_CONTEXT() REPRESENTATION_CONTEXT('2D SPACE',''
  ) );
#3992 = PCURVE('',#1101,#3993);
#3993 = DEFINITIONAL_REPRESENTATION('',(#3994),#3998);
#3994 = LINE('',#3995,#3996);
#3995 = CARTESIAN_POINT('',(0.,-1.));
#3996 = VECTOR('',#3997,1.);
#3997 = DIRECTION('',(1.,0.));
#3998 = ( GEOMETRIC_REPRESENTATION_CONTEXT(2) 
PARAMETRIC_REPRESENTATION_CONTEXT() REPRESENTATION_CONTEXT('2D SPACE',''
  ) );
#3999 = ORIENTED_EDGE('',*,*,#4000,.T.);
#4000 = EDGE_CURVE('',#3978,#4001,#4003,.T.);
#4001 = VERTEX_POINT('',#4002);
#4002 = CARTESIAN_POINT('',(68.,86.,1.));
#4003 = SURFACE_CURVE('',#4004,(#4008,#4015),.PCURVE_S1.);
#4004 = LINE('',#4005,#4006);
#4005 = CARTESIAN_POINT('',(82.,114.,1.));
#4006 = VECTOR('',#4007,1.);
#4007 = DIRECTION('',(-0.4472135955,-0.894427191,0.));
#4008 = PCURVE('',#2807,#4009);
#4009 = DEFINITIONAL_REPRESENTATION('',(#4010),#4014);
#4010 = LINE('',#4011,#4012);
#4011 = CARTESIAN_POINT('',(0.877071800752,32.877071800752));
#4012 = VECTOR('',#4013,1.);
#4013 = DIRECTION('',(-0.4472135955,-0.894427191));
#4014 = ( GEOMETRIC_REPRESENTATION_CONTEXT(2) 
PARAMETRIC_REPRESENTATION_CONTEXT() REPRESENTATION_CONTEXT('2D SPACE',''
  ) );
#4015 = PCURVE('',#1129,#4016);
#4016 = DEFINITIONAL_REPRESENTATION('',(#4017),#4021);
#4017 = LINE('',#4018,#4019);
#4018 = CARTESIAN_POINT('',(0.,-1.));
#4019 = VECTOR('',#4020,1.);
#4020 = DIRECTION('',(1.,0.));
#4021 = ( GEOMETRIC_REPRESENTATION_CONTEXT(2) 
PARAMETRIC_REPRESENTATION_CONTEXT() REPRESENTATION_CONTEXT('2D SPACE',''
  ) );
#4022 = ORIENTED_EDGE('',*,*,#4023,.T.);
#4023 = EDGE_CURVE('',#4001,#3837,#4024,.T.);
#4024 = SURFACE_CURVE('',#4025,(#4029,#4036),.PCURVE_S1.);
#4025 = LINE('',#4026,#4027);
#4026 = CARTESIAN_POINT('',(68.,86.,1.));
#4027 = VECTOR('',#4028,1.);
#4028 = DIRECTION('',(-1.,0.,0.));
#4029 = PCURVE('',#2807,#4030);
#4030 = DEFINITIONAL_REPRESENTATION('',(#4031),#4035);
#4031 = LINE('',#4032,#4033);
#4032 = CARTESIAN_POINT('',(-13.12292819924,4.877071800752));
#4033 = VECTOR('',#4034,1.);
#4034 = DIRECTION('',(-1.,0.));
#4035 = ( GEOMETRIC_REPRESENTATION_CONTEXT(2) 
PARAMETRIC_REPRESENTATION_CONTEXT() REPRESENTATION_CONTEXT('2D SPACE',''
  ) );
#4036 = PCURVE('',#1157,#4037);
#4037 = DEFINITIONAL_REPRESENTATION('',(#4038),#4042);
#4038 = LINE('',#4039,#4040);
#4039 = CARTESIAN_POINT('',(0.,-1.));
#4040 = VECTOR('',#4041,1.);
#4041 = DIRECTION('',(1.,0.));
#4042 = ( GEOMETRIC_REPRESENTATION_CONTEXT(2) 
PARAMETRIC_REPRESENTATION_CONTEXT() REPRESENTATION_CONTEXT('2D SPACE',''
  ) );
#4043 = ORIENTED_EDGE('',*,*,#3859,.T.);
#4044 = ADVANCED_FACE('',(#4045),#989,.F.);
#4045 = FACE_BOUND('',#4046,.F.);
#4046 = EDGE_LOOP('',(#4047,#4048,#4049,#4050));
#4047 = ORIENTED_EDGE('',*,*,#973,.F.);
#4048 = ORIENTED_EDGE('',*,*,#2771,.T.);
#4049 = ORIENTED_EDGE('',*,*,#3885,.T.);
#4050 = ORIENTED_EDGE('',*,*,#4051,.F.);
#4051 = EDGE_CURVE('',#974,#3886,#4052,.T.);
#4052 = SURFACE_CURVE('',#4053,(#4057,#4064),.PCURVE_S1.);
#4053 = LINE('',#4054,#4055);
#4054 = CARTESIAN_POINT('',(86.,49.3,0.));
#4055 = VECTOR('',#4056,1.);
#4056 = DIRECTION('',(0.,0.,1.));
#4057 = PCURVE('',#989,#4058);
#4058 = DEFINITIONAL_REPRESENTATION('',(#4059),#4063);
#4059 = LINE('',#4060,#4061);
#4060 = CARTESIAN_POINT('',(36.7,0.));
#4061 = VECTOR('',#4062,1.);
#4062 = DIRECTION('',(0.,-1.));
#4063 = ( GEOMETRIC_REPRESENTATION_CONTEXT(2) 
PARAMETRIC_REPRESENTATION_CONTEXT() REPRESENTATION_CONTEXT('2D SPACE',''
  ) );
#4064 = PCURVE('',#1017,#4065);
#4065 = DEFINITIONAL_REPRESENTATION('',(#4066),#4070);
#4066 = LINE('',#4067,#4068);
#4067 = CARTESIAN_POINT('',(0.,0.));
#4068 = VECTOR('',#4069,1.);
#4069 = DIRECTION('',(0.,-1.));
#4070 = ( GEOMETRIC_REPRESENTATION_CONTEXT(2) 
PARAMETRIC_REPRESENTATION_CONTEXT() REPRESENTATION_CONTEXT('2D SPACE',''
  ) );
#4071 = ADVANCED_FACE('',(#4072),#2950,.F.);
#4072 = FACE_BOUND('',#4073,.F.);
#4073 = EDGE_LOOP('',(#4074,#4075,#4076,#4077,#4078,#4079,#4080,#4081,
    #4082));
#4074 = ORIENTED_EDGE('',*,*,#2935,.F.);
#4075 = ORIENTED_EDGE('',*,*,#2986,.T.);
#4076 = ORIENTED_EDGE('',*,*,#3034,.T.);
#4077 = ORIENTED_EDGE('',*,*,#3083,.T.);
#4078 = ORIENTED_EDGE('',*,*,#3132,.T.);
#4079 = ORIENTED_EDGE('',*,*,#3181,.T.);
#4080 = ORIENTED_EDGE('',*,*,#3230,.T.);
#4081 = ORIENTED_EDGE('',*,*,#3279,.T.);
#4082 = ORIENTED_EDGE('',*,*,#3329,.T.);
#4083 = ADVANCED_FACE('',(#4084),#3661,.F.);
#4084 = FACE_BOUND('',#4085,.T.);
#4085 = EDGE_LOOP('',(#4086,#4109,#4136,#4137));
#4086 = ORIENTED_EDGE('',*,*,#4087,.F.);
#4087 = EDGE_CURVE('',#4088,#3624,#4090,.T.);
#4088 = VERTEX_POINT('',#4089);
#4089 = CARTESIAN_POINT('',(-11.8,-15.,5.));
#4090 = SEAM_CURVE('',#4091,(#4095,#4102),.PCURVE_S1.);
#4091 = LINE('',#4092,#4093);
#4092 = CARTESIAN_POINT('',(-11.8,-15.,5.));
#4093 = VECTOR('',#4094,1.);
#4094 = DIRECTION('',(0.,0.,1.));
#4095 = PCURVE('',#3661,#4096);
#4096 = DEFINITIONAL_REPRESENTATION('',(#4097),#4101);
#4097 = LINE('',#4098,#4099);
#4098 = CARTESIAN_POINT('',(-6.28318530718,0.));
#4099 = VECTOR('',#4100,1.);
#4100 = DIRECTION('',(-0.,-1.));
#4101 = ( GEOMETRIC_REPRESENTATION_CONTEXT(2) 
PARAMETRIC_REPRESENTATION_CONTEXT() REPRESENTATION_CONTEXT('2D SPACE',''
  ) );
#4102 = PCURVE('',#3661,#4103);
#4103 = DEFINITIONAL_REPRESENTATION('',(#4104),#4108);
#4104 = LINE('',#4105,#4106);
#4105 = CARTESIAN_POINT('',(-0.,0.));
#4106 = VECTOR('',#4107,1.);
#4107 = DIRECTION('',(-0.,-1.));
#4108 = ( GEOMETRIC_REPRESENTATION_CONTEXT(2) 
PARAMETRIC_REPRESENTATION_CONTEXT() REPRESENTATION_CONTEXT('2D SPACE',''
  ) );
#4109 = ORIENTED_EDGE('',*,*,#4110,.F.);
#4110 = EDGE_CURVE('',#4088,#4088,#4111,.T.);
#4111 = SURFACE_CURVE('',#4112,(#4117,#4124),.PCURVE_S1.);
#4112 = CIRCLE('',#4113,3.2);
#4113 = AXIS2_PLACEMENT_3D('',#4114,#4115,#4116);
#4114 = CARTESIAN_POINT('',(-15.,-15.,5.));
#4115 = DIRECTION('',(0.,0.,1.));
#4116 = DIRECTION('',(1.,0.,0.));
#4117 = PCURVE('',#3661,#4118);
#4118 = DEFINITIONAL_REPRESENTATION('',(#4119),#4123);
#4119 = LINE('',#4120,#4121);
#4120 = CARTESIAN_POINT('',(-0.,0.));
#4121 = VECTOR('',#4122,1.);
#4122 = DIRECTION('',(-1.,0.));
#4123 = ( GEOMETRIC_REPRESENTATION_CONTEXT(2) 
PARAMETRIC_REPRESENTATION_CONTEXT() REPRESENTATION_CONTEXT('2D SPACE',''
  ) );
#4124 = PCURVE('',#4125,#4130);
#4125 = PLANE('',#4126);
#4126 = AXIS2_PLACEMENT_3D('',#4127,#4128,#4129);
#4127 = CARTESIAN_POINT('',(-15.,-15.,5.));
#4128 = DIRECTION('',(0.,0.,1.));
#4129 = DIRECTION('',(1.,0.,-0.));
#4130 = DEFINITIONAL_REPRESENTATION('',(#4131),#4135);
#4131 = CIRCLE('',#4132,3.2);
#4132 = AXIS2_PLACEMENT_2D('',#4133,#4134);
#4133 = CARTESIAN_POINT('',(0.,0.));
#4134 = DIRECTION('',(1.,0.));
#4135 = ( GEOMETRIC_REPRESENTATION_CONTEXT(2) 
PARAMETRIC_REPRESENTATION_CONTEXT() REPRESENTATION_CONTEXT('2D SPACE',''
  ) );
#4136 = ORIENTED_EDGE('',*,*,#4087,.T.);
#4137 = ORIENTED_EDGE('',*,*,#3646,.F.);
#4138 = ADVANCED_FACE('',(#4139),#3714,.F.);
#4139 = FACE_BOUND('',#4140,.T.);
#4140 = EDGE_LOOP('',(#4141,#4164,#4191,#4192));
#4141 = ORIENTED_EDGE('',*,*,#4142,.F.);
#4142 = EDGE_CURVE('',#4143,#3677,#4145,.T.);
#4143 = VERTEX_POINT('',#4144);
#4144 = CARTESIAN_POINT('',(18.2,-15.,5.));
#4145 = SEAM_CURVE('',#4146,(#4150,#4157),.PCURVE_S1.);
#4146 = LINE('',#4147,#4148);
#4147 = CARTESIAN_POINT('',(18.2,-15.,5.));
#4148 = VECTOR('',#4149,1.);
#4149 = DIRECTION('',(0.,0.,1.));
#4150 = PCURVE('',#3714,#4151);
#4151 = DEFINITIONAL_REPRESENTATION('',(#4152),#4156);
#4152 = LINE('',#4153,#4154);
#4153 = CARTESIAN_POINT('',(-6.28318530718,0.));
#4154 = VECTOR('',#4155,1.);
#4155 = DIRECTION('',(-0.,-1.));
#4156 = ( GEOMETRIC_REPRESENTATION_CONTEXT(2) 
PARAMETRIC_REPRESENTATION_CONTEXT() REPRESENTATION_CONTEXT('2D SPACE',''
  ) );
#4157 = PCURVE('',#3714,#4158);
#4158 = DEFINITIONAL_REPRESENTATION('',(#4159),#4163);
#4159 = LINE('',#4160,#4161);
#4160 = CARTESIAN_POINT('',(-0.,0.));
#4161 = VECTOR('',#4162,1.);
#4162 = DIRECTION('',(-0.,-1.));
#4163 = ( GEOMETRIC_REPRESENTATION_CONTEXT(2) 
PARAMETRIC_REPRESENTATION_CONTEXT() REPRESENTATION_CONTEXT('2D SPACE',''
  ) );
#4164 = ORIENTED_EDGE('',*,*,#4165,.F.);
#4165 = EDGE_CURVE('',#4143,#4143,#4166,.T.);
#4166 = SURFACE_CURVE('',#4167,(#4172,#4179),.PCURVE_S1.);
#4167 = CIRCLE('',#4168,3.2);
#4168 = AXIS2_PLACEMENT_3D('',#4169,#4170,#4171);
#4169 = CARTESIAN_POINT('',(15.,-15.,5.));
#4170 = DIRECTION('',(0.,0.,1.));
#4171 = DIRECTION('',(1.,0.,0.));
#4172 = PCURVE('',#3714,#4173);
#4173 = DEFINITIONAL_REPRESENTATION('',(#4174),#4178);
#4174 = LINE('',#4175,#4176);
#4175 = CARTESIAN_POINT('',(-0.,0.));
#4176 = VECTOR('',#4177,1.);
#4177 = DIRECTION('',(-1.,0.));
#4178 = ( GEOMETRIC_REPRESENTATION_CONTEXT(2) 
PARAMETRIC_REPRESENTATION_CONTEXT() REPRESENTATION_CONTEXT('2D SPACE',''
  ) );
#4179 = PCURVE('',#4180,#4185);
#4180 = PLANE('',#4181);
#4181 = AXIS2_PLACEMENT_3D('',#4182,#4183,#4184);
#4182 = CARTESIAN_POINT('',(15.,-15.,5.));
#4183 = DIRECTION('',(0.,0.,1.));
#4184 = DIRECTION('',(1.,0.,-0.));
#4185 = DEFINITIONAL_REPRESENTATION('',(#4186),#4190);
#4186 = CIRCLE('',#4187,3.2);
#4187 = AXIS2_PLACEMENT_2D('',#4188,#4189);
#4188 = CARTESIAN_POINT('',(0.,0.));
#4189 = DIRECTION('',(1.,0.));
#4190 = ( GEOMETRIC_REPRESENTATION_CONTEXT(2) 
PARAMETRIC_REPRESENTATION_CONTEXT() REPRESENTATION_CONTEXT('2D SPACE',''
  ) );
#4191 = ORIENTED_EDGE('',*,*,#4142,.T.);
#4192 = ORIENTED_EDGE('',*,*,#3699,.F.);
#4193 = ADVANCED_FACE('',(#4194),#3767,.F.);
#4194 = FACE_BOUND('',#4195,.T.);
#4195 = EDGE_LOOP('',(#4196,#4219,#4246,#4247));
#4196 = ORIENTED_EDGE('',*,*,#4197,.F.);
#4197 = EDGE_CURVE('',#4198,#3730,#4200,.T.);
#4198 = VERTEX_POINT('',#4199);
#4199 = CARTESIAN_POINT('',(-11.8,15.,5.));
#4200 = SEAM_CURVE('',#4201,(#4205,#4212),.PCURVE_S1.);
#4201 = LINE('',#4202,#4203);
#4202 = CARTESIAN_POINT('',(-11.8,15.,5.));
#4203 = VECTOR('',#4204,1.);
#4204 = DIRECTION('',(0.,0.,1.));
#4205 = PCURVE('',#3767,#4206);
#4206 = DEFINITIONAL_REPRESENTATION('',(#4207),#4211);
#4207 = LINE('',#4208,#4209);
#4208 = CARTESIAN_POINT('',(-6.28318530718,0.));
#4209 = VECTOR('',#4210,1.);
#4210 = DIRECTION('',(-0.,-1.));
#4211 = ( GEOMETRIC_REPRESENTATION_CONTEXT(2) 
PARAMETRIC_REPRESENTATION_CONTEXT() REPRESENTATION_CONTEXT('2D SPACE',''
  ) );
#4212 = PCURVE('',#3767,#4213);
#4213 = DEFINITIONAL_REPRESENTATION('',(#4214),#4218);
#4214 = LINE('',#4215,#4216);
#4215 = CARTESIAN_POINT('',(-0.,0.));
#4216 = VECTOR('',#4217,1.);
#4217 = DIRECTION('',(-0.,-1.));
#4218 = ( GEOMETRIC_REPRESENTATION_CONTEXT(2) 
PARAMETRIC_REPRESENTATION_CONTEXT() REPRESENTATION_CONTEXT('2D SPACE',''
  ) );
#4219 = ORIENTED_EDGE('',*,*,#4220,.F.);
#4220 = EDGE_CURVE('',#4198,#4198,#4221,.T.);
#4221 = SURFACE_CURVE('',#4222,(#4227,#4234),.PCURVE_S1.);
#4222 = CIRCLE('',#4223,3.2);
#4223 = AXIS2_PLACEMENT_3D('',#4224,#4225,#4226);
#4224 = CARTESIAN_POINT('',(-15.,15.,5.));
#4225 = DIRECTION('',(0.,0.,1.));
#4226 = DIRECTION('',(1.,0.,0.));
#4227 = PCURVE('',#3767,#4228);
#4228 = DEFINITIONAL_REPRESENTATION('',(#4229),#4233);
#4229 = LINE('',#4230,#4231);
#4230 = CARTESIAN_POINT('',(-0.,0.));
#4231 = VECTOR('',#4232,1.);
#4232 = DIRECTION('',(-1.,0.));
#4233 = ( GEOMETRIC_REPRESENTATION_CONTEXT(2) 
PARAMETRIC_REPRESENTATION_CONTEXT() REPRESENTATION_CONTEXT('2D SPACE',''
  ) );
#4234 = PCURVE('',#4235,#4240);
#4235 = PLANE('',#4236);
#4236 = AXIS2_PLACEMENT_3D('',#4237,#4238,#4239);
#4237 = CARTESIAN_POINT('',(-15.,15.,5.));
#4238 = DIRECTION('',(0.,0.,1.));
#4239 = DIRECTION('',(1.,0.,-0.));
#4240 = DEFINITIONAL_REPRESENTATION('',(#4241),#4245);
#4241 = CIRCLE('',#4242,3.2);
#4242 = AXIS2_PLACEMENT_2D('',#4243,#4244);
#4243 = CARTESIAN_POINT('',(0.,0.));
#4244 = DIRECTION('',(1.,0.));
#4245 = ( GEOMETRIC_REPRESENTATION_CONTEXT(2) 
PARAMETRIC_REPRESENTATION_CONTEXT() REPRESENTATION_CONTEXT('2D SPACE',''
  ) );
#4246 = ORIENTED_EDGE('',*,*,#4197,.T.);
#4247 = ORIENTED_EDGE('',*,*,#3752,.F.);
#4248 = ADVANCED_FACE('',(#4249),#3820,.F.);
#4249 = FACE_BOUND('',#4250,.T.);
#4250 = EDGE_LOOP('',(#4251,#4274,#4301,#4302));
#4251 = ORIENTED_EDGE('',*,*,#4252,.F.);
#4252 = EDGE_CURVE('',#4253,#3783,#4255,.T.);
#4253 = VERTEX_POINT('',#4254);
#4254 = CARTESIAN_POINT('',(18.2,15.,5.));
#4255 = SEAM_CURVE('',#4256,(#4260,#4267),.PCURVE_S1.);
#4256 = LINE('',#4257,#4258);
#4257 = CARTESIAN_POINT('',(18.2,15.,5.));
#4258 = VECTOR('',#4259,1.);
#4259 = DIRECTION('',(0.,0.,1.));
#4260 = PCURVE('',#3820,#4261);
#4261 = DEFINITIONAL_REPRESENTATION('',(#4262),#4266);
#4262 = LINE('',#4263,#4264);
#4263 = CARTESIAN_POINT('',(-6.28318530718,0.));
#4264 = VECTOR('',#4265,1.);
#4265 = DIRECTION('',(-0.,-1.));
#4266 = ( GEOMETRIC_REPRESENTATION_CONTEXT(2) 
PARAMETRIC_REPRESENTATION_CONTEXT() REPRESENTATION_CONTEXT('2D SPACE',''
  ) );
#4267 = PCURVE('',#3820,#4268);
#4268 = DEFINITIONAL_REPRESENTATION('',(#4269),#4273);
#4269 = LINE('',#4270,#4271);
#4270 = CARTESIAN_POINT('',(-0.,0.));
#4271 = VECTOR('',#4272,1.);
#4272 = DIRECTION('',(-0.,-1.));
#4273 = ( GEOMETRIC_REPRESENTATION_CONTEXT(2) 
PARAMETRIC_REPRESENTATION_CONTEXT() REPRESENTATION_CONTEXT('2D SPACE',''
  ) );
#4274 = ORIENTED_EDGE('',*,*,#4275,.F.);
#4275 = EDGE_CURVE('',#4253,#4253,#4276,.T.);
#4276 = SURFACE_CURVE('',#4277,(#4282,#4289),.PCURVE_S1.);
#4277 = CIRCLE('',#4278,3.2);
#4278 = AXIS2_PLACEMENT_3D('',#4279,#4280,#4281);
#4279 = CARTESIAN_POINT('',(15.,15.,5.));
#4280 = DIRECTION('',(0.,0.,1.));
#4281 = DIRECTION('',(1.,0.,0.));
#4282 = PCURVE('',#3820,#4283);
#4283 = DEFINITIONAL_REPRESENTATION('',(#4284),#4288);
#4284 = LINE('',#4285,#4286);
#4285 = CARTESIAN_POINT('',(-0.,0.));
#4286 = VECTOR('',#4287,1.);
#4287 = DIRECTION('',(-1.,0.));
#4288 = ( GEOMETRIC_REPRESENTATION_CONTEXT(2) 
PARAMETRIC_REPRESENTATION_CONTEXT() REPRESENTATION_CONTEXT('2D SPACE',''
  ) );
#4289 = PCURVE('',#4290,#4295);
#4290 = PLANE('',#4291);
#4291 = AXIS2_PLACEMENT_3D('',#4292,#4293,#4294);
#4292 = CARTESIAN_POINT('',(15.,15.,5.));
#4293 = DIRECTION('',(0.,0.,1.));
#4294 = DIRECTION('',(1.,0.,-0.));
#4295 = DEFINITIONAL_REPRESENTATION('',(#4296),#4300);
#4296 = CIRCLE('',#4297,3.2);
#4297 = AXIS2_PLACEMENT_2D('',#4298,#4299);
#4298 = CARTESIAN_POINT('',(0.,0.));
#4299 = DIRECTION('',(1.,0.));
#4300 = ( GEOMETRIC_REPRESENTATION_CONTEXT(2) 
PARAMETRIC_REPRESENTATION_CONTEXT() REPRESENTATION_CONTEXT('2D SPACE',''
  ) );
#4301 = ORIENTED_EDGE('',*,*,#4252,.T.);
#4302 = ORIENTED_EDGE('',*,*,#3805,.F.);
#4303 = ADVANCED_FACE('',(#4304),#1157,.F.);
#4304 = FACE_BOUND('',#4305,.F.);
#4305 = EDGE_LOOP('',(#4306,#4327,#4328,#4329));
#4306 = ORIENTED_EDGE('',*,*,#4307,.T.);
#4307 = EDGE_CURVE('',#1114,#4001,#4308,.T.);
#4308 = SURFACE_CURVE('',#4309,(#4313,#4320),.PCURVE_S1.);
#4309 = LINE('',#4310,#4311);
#4310 = CARTESIAN_POINT('',(68.,86.,0.));
#4311 = VECTOR('',#4312,1.);
#4312 = DIRECTION('',(0.,0.,1.));
#4313 = PCURVE('',#1157,#4314);
#4314 = DEFINITIONAL_REPRESENTATION('',(#4315),#4319);
#4315 = LINE('',#4316,#4317);
#4316 = CARTESIAN_POINT('',(0.,-0.));
#4317 = VECTOR('',#4318,1.);
#4318 = DIRECTION('',(0.,-1.));
#4319 = ( GEOMETRIC_REPRESENTATION_CONTEXT(2) 
PARAMETRIC_REPRESENTATION_CONTEXT() REPRESENTATION_CONTEXT('2D SPACE',''
  ) );
#4320 = PCURVE('',#1129,#4321);
#4321 = DEFINITIONAL_REPRESENTATION('',(#4322),#4326);
#4322 = LINE('',#4323,#4324);
#4323 = CARTESIAN_POINT('',(31.304951684997,0.));
#4324 = VECTOR('',#4325,1.);
#4325 = DIRECTION('',(0.,-1.));
#4326 = ( GEOMETRIC_REPRESENTATION_CONTEXT(2) 
PARAMETRIC_REPRESENTATION_CONTEXT() REPRESENTATION_CONTEXT('2D SPACE',''
  ) );
#4327 = ORIENTED_EDGE('',*,*,#4023,.T.);
#4328 = ORIENTED_EDGE('',*,*,#3836,.F.);
#4329 = ORIENTED_EDGE('',*,*,#1141,.F.);
#4330 = ADVANCED_FACE('',(#4331),#1129,.F.);
#4331 = FACE_BOUND('',#4332,.F.);
#4332 = EDGE_LOOP('',(#4333,#4354,#4355,#4356));
#4333 = ORIENTED_EDGE('',*,*,#4334,.T.);
#4334 = EDGE_CURVE('',#1086,#3978,#4335,.T.);
#4335 = SURFACE_CURVE('',#4336,(#4340,#4347),.PCURVE_S1.);
#4336 = LINE('',#4337,#4338);
#4337 = CARTESIAN_POINT('',(82.,114.,0.));
#4338 = VECTOR('',#4339,1.);
#4339 = DIRECTION('',(0.,0.,1.));
#4340 = PCURVE('',#1129,#4341);
#4341 = DEFINITIONAL_REPRESENTATION('',(#4342),#4346);
#4342 = LINE('',#4343,#4344);
#4343 = CARTESIAN_POINT('',(0.,0.));
#4344 = VECTOR('',#4345,1.);
#4345 = DIRECTION('',(0.,-1.));
#4346 = ( GEOMETRIC_REPRESENTATION_CONTEXT(2) 
PARAMETRIC_REPRESENTATION_CONTEXT() REPRESENTATION_CONTEXT('2D SPACE',''
  ) );
#4347 = PCURVE('',#1101,#4348);
#4348 = DEFINITIONAL_REPRESENTATION('',(#4349),#4353);
#4349 = LINE('',#4350,#4351);
#4350 = CARTESIAN_POINT('',(32.,0.));
#4351 = VECTOR('',#4352,1.);
#4352 = DIRECTION('',(0.,-1.));
#4353 = ( GEOMETRIC_REPRESENTATION_CONTEXT(2) 
PARAMETRIC_REPRESENTATION_CONTEXT() REPRESENTATION_CONTEXT('2D SPACE',''
  ) );
#4354 = ORIENTED_EDGE('',*,*,#4000,.T.);
#4355 = ORIENTED_EDGE('',*,*,#4307,.F.);
#4356 = ORIENTED_EDGE('',*,*,#1113,.F.);
#4357 = ADVANCED_FACE('',(#4358),#1101,.F.);
#4358 = FACE_BOUND('',#4359,.F.);
#4359 = EDGE_LOOP('',(#4360,#4381,#4382,#4383));
#4360 = ORIENTED_EDGE('',*,*,#4361,.T.);
#4361 = EDGE_CURVE('',#1058,#3955,#4362,.T.);
#4362 = SURFACE_CURVE('',#4363,(#4367,#4374),.PCURVE_S1.);
#4363 = LINE('',#4364,#4365);
#4364 = CARTESIAN_POINT('',(114.,114.,0.));
#4365 = VECTOR('',#4366,1.);
#4366 = DIRECTION('',(0.,0.,1.));
#4367 = PCURVE('',#1101,#4368);
#4368 = DEFINITIONAL_REPRESENTATION('',(#4369),#4373);
#4369 = LINE('',#4370,#4371);
#4370 = CARTESIAN_POINT('',(0.,-0.));
#4371 = VECTOR('',#4372,1.);
#4372 = DIRECTION('',(0.,-1.));
#4373 = ( GEOMETRIC_REPRESENTATION_CONTEXT(2) 
PARAMETRIC_REPRESENTATION_CONTEXT() REPRESENTATION_CONTEXT('2D SPACE',''
  ) );
#4374 = PCURVE('',#1073,#4375);
#4375 = DEFINITIONAL_REPRESENTATION('',(#4376),#4380);
#4376 = LINE('',#4377,#4378);
#4377 = CARTESIAN_POINT('',(32.,0.));
#4378 = VECTOR('',#4379,1.);
#4379 = DIRECTION('',(0.,-1.));
#4380 = ( GEOMETRIC_REPRESENTATION_CONTEXT(2) 
PARAMETRIC_REPRESENTATION_CONTEXT() REPRESENTATION_CONTEXT('2D SPACE',''
  ) );
#4381 = ORIENTED_EDGE('',*,*,#3977,.T.);
#4382 = ORIENTED_EDGE('',*,*,#4334,.F.);
#4383 = ORIENTED_EDGE('',*,*,#1085,.F.);
#4384 = ADVANCED_FACE('',(#4385),#1073,.F.);
#4385 = FACE_BOUND('',#4386,.F.);
#4386 = EDGE_LOOP('',(#4387,#4408,#4409,#4410));
#4387 = ORIENTED_EDGE('',*,*,#4388,.T.);
#4388 = EDGE_CURVE('',#1030,#3932,#4389,.T.);
#4389 = SURFACE_CURVE('',#4390,(#4394,#4401),.PCURVE_S1.);
#4390 = LINE('',#4391,#4392);
#4391 = CARTESIAN_POINT('',(114.,82.,0.));
#4392 = VECTOR('',#4393,1.);
#4393 = DIRECTION('',(0.,0.,1.));
#4394 = PCURVE('',#1073,#4395);
#4395 = DEFINITIONAL_REPRESENTATION('',(#4396),#4400);
#4396 = LINE('',#4397,#4398);
#4397 = CARTESIAN_POINT('',(0.,0.));
#4398 = VECTOR('',#4399,1.);
#4399 = DIRECTION('',(0.,-1.));
#4400 = ( GEOMETRIC_REPRESENTATION_CONTEXT(2) 
PARAMETRIC_REPRESENTATION_CONTEXT() REPRESENTATION_CONTEXT('2D SPACE',''
  ) );
#4401 = PCURVE('',#1045,#4402);
#4402 = DEFINITIONAL_REPRESENTATION('',(#4403),#4407);
#4403 = LINE('',#4404,#4405);
#4404 = CARTESIAN_POINT('',(31.304951684997,0.));
#4405 = VECTOR('',#4406,1.);
#4406 = DIRECTION('',(0.,-1.));
#4407 = ( GEOMETRIC_REPRESENTATION_CONTEXT(2) 
PARAMETRIC_REPRESENTATION_CONTEXT() REPRESENTATION_CONTEXT('2D SPACE',''
  ) );
#4408 = ORIENTED_EDGE('',*,*,#3954,.T.);
#4409 = ORIENTED_EDGE('',*,*,#4361,.F.);
#4410 = ORIENTED_EDGE('',*,*,#1057,.F.);
#4411 = ADVANCED_FACE('',(#4412),#1045,.F.);
#4412 = FACE_BOUND('',#4413,.F.);
#4413 = EDGE_LOOP('',(#4414,#4435,#4436,#4437));
#4414 = ORIENTED_EDGE('',*,*,#4415,.T.);
#4415 = EDGE_CURVE('',#1002,#3909,#4416,.T.);
#4416 = SURFACE_CURVE('',#4417,(#4421,#4428),.PCURVE_S1.);
#4417 = LINE('',#4418,#4419);
#4418 = CARTESIAN_POINT('',(86.,68.,0.));
#4419 = VECTOR('',#4420,1.);
#4420 = DIRECTION('',(0.,0.,1.));
#4421 = PCURVE('',#1045,#4422);
#4422 = DEFINITIONAL_REPRESENTATION('',(#4423),#4427);
#4423 = LINE('',#4424,#4425);
#4424 = CARTESIAN_POINT('',(0.,0.));
#4425 = VECTOR('',#4426,1.);
#4426 = DIRECTION('',(0.,-1.));
#4427 = ( GEOMETRIC_REPRESENTATION_CONTEXT(2) 
PARAMETRIC_REPRESENTATION_CONTEXT() REPRESENTATION_CONTEXT('2D SPACE',''
  ) );
#4428 = PCURVE('',#1017,#4429);
#4429 = DEFINITIONAL_REPRESENTATION('',(#4430),#4434);
#4430 = LINE('',#4431,#4432);
#4431 = CARTESIAN_POINT('',(18.7,0.));
#4432 = VECTOR('',#4433,1.);
#4433 = DIRECTION('',(0.,-1.));
#4434 = ( GEOMETRIC_REPRESENTATION_CONTEXT(2) 
PARAMETRIC_REPRESENTATION_CONTEXT() REPRESENTATION_CONTEXT('2D SPACE',''
  ) );
#4435 = ORIENTED_EDGE('',*,*,#3931,.T.);
#4436 = ORIENTED_EDGE('',*,*,#4388,.F.);
#4437 = ORIENTED_EDGE('',*,*,#1029,.F.);
#4438 = ADVANCED_FACE('',(#4439),#1017,.F.);
#4439 = FACE_BOUND('',#4440,.F.);
#4440 = EDGE_LOOP('',(#4441,#4442,#4443,#4444));
#4441 = ORIENTED_EDGE('',*,*,#4051,.T.);
#4442 = ORIENTED_EDGE('',*,*,#3908,.T.);
#4443 = ORIENTED_EDGE('',*,*,#4415,.F.);
#4444 = ORIENTED_EDGE('',*,*,#1001,.F.);
#4445 = ADVANCED_FACE('',(#4446),#4125,.T.);
#4446 = FACE_BOUND('',#4447,.T.);
#4447 = EDGE_LOOP('',(#4448));
#4448 = ORIENTED_EDGE('',*,*,#4110,.T.);
#4449 = ADVANCED_FACE('',(#4450),#4180,.T.);
#4450 = FACE_BOUND('',#4451,.T.);
#4451 = EDGE_LOOP('',(#4452));
#4452 = ORIENTED_EDGE('',*,*,#4165,.T.);
#4453 = ADVANCED_FACE('',(#4454),#4235,.T.);
#4454 = FACE_BOUND('',#4455,.T.);
#4455 = EDGE_LOOP('',(#4456));
#4456 = ORIENTED_EDGE('',*,*,#4220,.T.);
#4457 = ADVANCED_FACE('',(#4458),#4290,.T.);
#4458 = FACE_BOUND('',#4459,.T.);
#4459 = EDGE_LOOP('',(#4460));
#4460 = ORIENTED_EDGE('',*,*,#4275,.T.);
#4461 = ( GEOMETRIC_REPRESENTATION_CONTEXT(3) 
GLOBAL_UNCERTAINTY_ASSIGNED_CONTEXT((#4465)) 
GLOBAL_UNIT_ASSIGNED_CONTEXT((#4462,#4463,#4464)) REPRESENTATION_CONTEXT
('Context #1','3D Context with UNIT and UNCERTAINTY') );
#4462 = ( LENGTH_UNIT() NAMED_UNIT(*) SI_UNIT(.MILLI.,.METRE.) );
#4463 = ( NAMED_UNIT(*) PLANE_ANGLE_UNIT() SI_UNIT($,.RADIAN.) );
#4464 = ( NAMED_UNIT(*) SI_UNIT($,.STERADIAN.) SOLID_ANGLE_UNIT() );
#4465 = UNCERTAINTY_MEASURE_WITH_UNIT(LENGTH_MEASURE(1.E-07),#4462,
  'distance_accuracy_value','confusion accuracy');
#4466 = PRODUCT_RELATED_PRODUCT_CATEGORY('part',$,(#7));
ENDSEC;
END-ISO-10303-21;
