ISO-10303-21;
HEADER;
FILE_DESCRIPTION(('Open CASCADE Model'),'2;1');
FILE_NAME('Open CASCADE Shape Model','2026-07-18T18:56:22',('Author'),(
    'Open CASCADE'),'Open CASCADE STEP processor 7.8','Open CASCADE 7.8'
  ,'Unknown');
FILE_SCHEMA(('AUTOMOTIVE_DESIGN { 1 0 10303 214 1 1 1 1 }'));
ENDSEC;
DATA;
#1 = APPLICATION_PROTOCOL_DEFINITION('international standard',
  'automotive_design',2000,#2);
#2 = APPLICATION_CONTEXT(
  'core data for automotive mechanical design processes');
#3 = SHAPE_DEFINITION_REPRESENTATION(#4,#10);
#4 = PRODUCT_DEFINITION_SHAPE('','',#5);
#5 = PRODUCT_DEFINITION('design','',#6,#9);
#6 = PRODUCT_DEFINITION_FORMATION('','',#7);
#7 = PRODUCT('Open CASCADE STEP translator 7.8 7',
  'Open CASCADE STEP translator 7.8 7','',(#8));
#8 = PRODUCT_CONTEXT('',#2,'mechanical');
#9 = PRODUCT_DEFINITION_CONTEXT('part definition',#2,'design');
#10 = ADVANCED_BREP_SHAPE_REPRESENTATION('',(#11,#15),#4657);
#11 = AXIS2_PLACEMENT_3D('',#12,#13,#14);
#12 = CARTESIAN_POINT('',(0.,0.,0.));
#13 = DIRECTION('',(0.,0.,1.));
#14 = DIRECTION('',(1.,0.,-0.));
#15 = MANIFOLD_SOLID_BREP('',#16);
#16 = CLOSED_SHELL('',(#17,#105,#461,#500,#2538,#2584,#2673,#2980,#3006,
    #3150,#4515,#4542,#4569,#4596,#4623,#4650));
#17 = ADVANCED_FACE('',(#18),#32,.T.);
#18 = FACE_BOUND('',#19,.F.);
#19 = EDGE_LOOP('',(#20,#50,#77,#78));
#20 = ORIENTED_EDGE('',*,*,#21,.T.);
#21 = EDGE_CURVE('',#22,#24,#26,.T.);
#22 = VERTEX_POINT('',#23);
#23 = CARTESIAN_POINT('',(0.,17.,22.5));
#24 = VERTEX_POINT('',#25);
#25 = CARTESIAN_POINT('',(1.7763568394E-15,17.,6.5));
#26 = SEAM_CURVE('',#27,(#31,#43),.PCURVE_S1.);
#27 = LINE('',#28,#29);
#28 = CARTESIAN_POINT('',(0.,17.,22.5));
#29 = VECTOR('',#30,1.);
#30 = DIRECTION('',(1.110223024625E-16,0.,-1.));
#31 = PCURVE('',#32,#37);
#32 = CYLINDRICAL_SURFACE('',#33,17.);
#33 = AXIS2_PLACEMENT_3D('',#34,#35,#36);
#34 = CARTESIAN_POINT('',(0.,0.,22.5));
#35 = DIRECTION('',(-1.110223024625E-16,-0.,1.));
#36 = DIRECTION('',(0.,1.,0.));
#37 = DEFINITIONAL_REPRESENTATION('',(#38),#42);
#38 = LINE('',#39,#40);
#39 = CARTESIAN_POINT('',(-0.,0.));
#40 = VECTOR('',#41,1.);
#41 = DIRECTION('',(-0.,-1.));
#42 = ( GEOMETRIC_REPRESENTATION_CONTEXT(2) 
PARAMETRIC_REPRESENTATION_CONTEXT() REPRESENTATION_CONTEXT('2D SPACE',''
  ) );
#43 = PCURVE('',#32,#44);
#44 = DEFINITIONAL_REPRESENTATION('',(#45),#49);
#45 = LINE('',#46,#47);
#46 = CARTESIAN_POINT('',(-6.28318530718,0.));
#47 = VECTOR('',#48,1.);
#48 = DIRECTION('',(-0.,-1.));
#49 = ( GEOMETRIC_REPRESENTATION_CONTEXT(2) 
PARAMETRIC_REPRESENTATION_CONTEXT() REPRESENTATION_CONTEXT('2D SPACE',''
  ) );
#50 = ORIENTED_EDGE('',*,*,#51,.T.);
#51 = EDGE_CURVE('',#24,#24,#52,.T.);
#52 = SURFACE_CURVE('',#53,(#58,#65),.PCURVE_S1.);
#53 = CIRCLE('',#54,17.);
#54 = AXIS2_PLACEMENT_3D('',#55,#56,#57);
#55 = CARTESIAN_POINT('',(1.7763568394E-15,0.,6.5));
#56 = DIRECTION('',(1.110223024625E-16,0.,-1.));
#57 = DIRECTION('',(0.,1.,0.));
#58 = PCURVE('',#32,#59);
#59 = DEFINITIONAL_REPRESENTATION('',(#60),#64);
#60 = LINE('',#61,#62);
#61 = CARTESIAN_POINT('',(-0.,-16.));
#62 = VECTOR('',#63,1.);
#63 = DIRECTION('',(-1.,0.));
#64 = ( GEOMETRIC_REPRESENTATION_CONTEXT(2) 
PARAMETRIC_REPRESENTATION_CONTEXT() REPRESENTATION_CONTEXT('2D SPACE',''
  ) );
#65 = PCURVE('',#66,#71);
#66 = PLANE('',#67);
#67 = AXIS2_PLACEMENT_3D('',#68,#69,#70);
#68 = CARTESIAN_POINT('',(3.01289403641E-15,-1.287002477684E-15,6.5));
#69 = DIRECTION('',(1.110223024625E-16,0.,-1.));
#70 = DIRECTION('',(1.,0.,1.110223024625E-16));
#71 = DEFINITIONAL_REPRESENTATION('',(#72),#76);
#72 = CIRCLE('',#73,17.);
#73 = AXIS2_PLACEMENT_2D('',#74,#75);
#74 = CARTESIAN_POINT('',(-1.236537197009E-15,-1.287002477684E-15));
#75 = DIRECTION('',(0.,-1.));
#76 = ( GEOMETRIC_REPRESENTATION_CONTEXT(2) 
PARAMETRIC_REPRESENTATION_CONTEXT() REPRESENTATION_CONTEXT('2D SPACE',''
  ) );
#77 = ORIENTED_EDGE('',*,*,#21,.F.);
#78 = ORIENTED_EDGE('',*,*,#79,.F.);
#79 = EDGE_CURVE('',#22,#22,#80,.T.);
#80 = SURFACE_CURVE('',#81,(#86,#93),.PCURVE_S1.);
#81 = CIRCLE('',#82,17.);
#82 = AXIS2_PLACEMENT_3D('',#83,#84,#85);
#83 = CARTESIAN_POINT('',(0.,0.,22.5));
#84 = DIRECTION('',(1.110223024625E-16,0.,-1.));
#85 = DIRECTION('',(0.,1.,0.));
#86 = PCURVE('',#32,#87);
#87 = DEFINITIONAL_REPRESENTATION('',(#88),#92);
#88 = LINE('',#89,#90);
#89 = CARTESIAN_POINT('',(-0.,0.));
#90 = VECTOR('',#91,1.);
#91 = DIRECTION('',(-1.,0.));
#92 = ( GEOMETRIC_REPRESENTATION_CONTEXT(2) 
PARAMETRIC_REPRESENTATION_CONTEXT() REPRESENTATION_CONTEXT('2D SPACE',''
  ) );
#93 = PCURVE('',#94,#99);
#94 = PLANE('',#95);
#95 = AXIS2_PLACEMENT_3D('',#96,#97,#98);
#96 = CARTESIAN_POINT('',(1.236537197009E-15,-1.287002477684E-15,22.5));
#97 = DIRECTION('',(1.110223024625E-16,0.,-1.));
#98 = DIRECTION('',(1.,0.,1.110223024625E-16));
#99 = DEFINITIONAL_REPRESENTATION('',(#100),#104);
#100 = CIRCLE('',#101,17.);
#101 = AXIS2_PLACEMENT_2D('',#102,#103);
#102 = CARTESIAN_POINT('',(-1.236537197009E-15,-1.287002477684E-15));
#103 = DIRECTION('',(0.,-1.));
#104 = ( GEOMETRIC_REPRESENTATION_CONTEXT(2) 
PARAMETRIC_REPRESENTATION_CONTEXT() REPRESENTATION_CONTEXT('2D SPACE',''
  ) );
#105 = ADVANCED_FACE('',(#106,#109),#94,.F.);
#106 = FACE_BOUND('',#107,.F.);
#107 = EDGE_LOOP('',(#108));
#108 = ORIENTED_EDGE('',*,*,#79,.T.);
#109 = FACE_BOUND('',#110,.F.);
#110 = EDGE_LOOP('',(#111,#402,#435));
#111 = ORIENTED_EDGE('',*,*,#112,.T.);
#112 = EDGE_CURVE('',#113,#115,#117,.T.);
#113 = VERTEX_POINT('',#114);
#114 = CARTESIAN_POINT('',(12.699999903209,3.68295061115E-08,
    22.500000027019));
#115 = VERTEX_POINT('',#116);
#116 = CARTESIAN_POINT('',(-11.99344064037,3.522411334003,22.5));
#117 = SURFACE_CURVE('',#118,(#161,#207),.PCURVE_S1.);
#118 = B_SPLINE_CURVE_WITH_KNOTS('',6,(#119,#120,#121,#122,#123,#124,
    #125,#126,#127,#128,#129,#130,#131,#132,#133,#134,#135,#136,#137,
    #138,#139,#140,#141,#142,#143,#144,#145,#146,#147,#148,#149,#150,
    #151,#152,#153,#154,#155,#156,#157,#158,#159,#160),.UNSPECIFIED.,.F.
  ,.F.,(7,5,5,5,5,5,5,5,7),(0.,0.109845328395,0.248614802795,
    0.374028292901,0.496170424712,0.625039805142,0.751629433449,
    0.873963807436,1.),.UNSPECIFIED.);
#119 = CARTESIAN_POINT('',(12.699999903209,2.731795806944E-06,22.5));
#120 = CARTESIAN_POINT('',(12.696006781487,0.724141769897,22.5));
#121 = CARTESIAN_POINT('',(12.642475842486,1.44803141835,22.5));
#122 = CARTESIAN_POINT('',(12.539393846887,2.167379966764,22.5));
#123 = CARTESIAN_POINT('',(12.38725464782,2.877974357929,22.5));
#124 = CARTESIAN_POINT('',(12.186998353607,3.575671829989,22.5));
#125 = CARTESIAN_POINT('',(11.628140858383,5.116410227261,22.5));
#126 = CARTESIAN_POINT('',(11.241689176524,5.94945869997,22.5));
#127 = CARTESIAN_POINT('',(10.78364208756,6.747306644216,22.5));
#128 = CARTESIAN_POINT('',(10.258088905166,7.502402896672,22.5));
#129 = CARTESIAN_POINT('',(9.670046735241,8.207762349262,22.5));
#130 = CARTESIAN_POINT('',(8.443355383844,9.444000256143,22.5));
#131 = CARTESIAN_POINT('',(7.814945112671,9.985217528419,22.5));
#132 = CARTESIAN_POINT('',(7.144983457437,10.476159490909,22.5));
#133 = CARTESIAN_POINT('',(6.438509751646,10.912934186874,22.5));
#134 = CARTESIAN_POINT('',(5.700992359263,11.292262186673,22.5));
#135 = CARTESIAN_POINT('',(4.195722842719,11.922635039808,22.5));
#136 = CARTESIAN_POINT('',(3.429180179977,12.176801954348,22.5));
#137 = CARTESIAN_POINT('',(2.644296712535,12.371755839109,22.5));
#138 = CARTESIAN_POINT('',(1.846768671191,12.50592797739,22.5));
#139 = CARTESIAN_POINT('',(1.042443472487,12.578415627232,22.5));
#140 = CARTESIAN_POINT('',(-0.612103623811,12.600410239547,22.5));
#141 = CARTESIAN_POINT('',(-1.4625169525,12.542925254266,22.5));
#142 = CARTESIAN_POINT('',(-2.306813825587,12.416514440132,22.5));
#143 = CARTESIAN_POINT('',(-3.138078116884,12.222035813052,22.5));
#144 = CARTESIAN_POINT('',(-3.949537402324,11.96117551049,22.5));
#145 = CARTESIAN_POINT('',(-5.505790426272,11.317831080985,22.5));
#146 = CARTESIAN_POINT('',(-6.251607124066,10.93753985745,22.5));
#147 = CARTESIAN_POINT('',(-6.965808382942,10.498288167708,22.5));
#148 = CARTESIAN_POINT('',(-7.642657189245,10.003408352405,22.5));
#149 = CARTESIAN_POINT('',(-8.276845080179,9.456895929599,22.5));
#150 = CARTESIAN_POINT('',(-9.430623624482,8.29014715108,22.5));
#151 = CARTESIAN_POINT('',(-9.953414529931,7.672941113676,22.5));
#152 = CARTESIAN_POINT('',(-10.42764336457,7.016239634639,22.5));
#153 = CARTESIAN_POINT('',(-10.84966732575,6.324828289395,22.5));
#154 = CARTESIAN_POINT('',(-11.21641848603,5.603889957042,22.5));
#155 = CARTESIAN_POINT('',(-11.84398974909,4.091729483786,22.5));
#156 = CARTESIAN_POINT('',(-12.10130620754,3.298950043866,22.5));
#157 = CARTESIAN_POINT('',(-12.29485585765,2.486920496019,22.5));
#158 = CARTESIAN_POINT('',(-12.42294520675,1.662025705015,22.5));
#159 = CARTESIAN_POINT('',(-12.48465051336,0.830816010675,22.5));
#160 = CARTESIAN_POINT('',(-12.47998861406,3.212612429286E-05,22.5));
#161 = PCURVE('',#94,#162);
#162 = DEFINITIONAL_REPRESENTATION('',(#163),#206);
#163 = B_SPLINE_CURVE_WITH_KNOTS('',6,(#164,#165,#166,#167,#168,#169,
    #170,#171,#172,#173,#174,#175,#176,#177,#178,#179,#180,#181,#182,
    #183,#184,#185,#186,#187,#188,#189,#190,#191,#192,#193,#194,#195,
    #196,#197,#198,#199,#200,#201,#202,#203,#204,#205),.UNSPECIFIED.,.F.
  ,.F.,(7,5,5,5,5,5,5,5,7),(0.,0.109845328395,0.248614802795,
    0.374028292901,0.496170424712,0.625039805142,0.751629433449,
    0.873963807436,1.),.UNSPECIFIED.);
#164 = CARTESIAN_POINT('',(12.699999903209,-2.731795808231E-06));
#165 = CARTESIAN_POINT('',(12.696006781487,-0.724141769897));
#166 = CARTESIAN_POINT('',(12.642475842486,-1.44803141835));
#167 = CARTESIAN_POINT('',(12.539393846887,-2.167379966764));
#168 = CARTESIAN_POINT('',(12.38725464782,-2.877974357929));
#169 = CARTESIAN_POINT('',(12.186998353607,-3.575671829989));
#170 = CARTESIAN_POINT('',(11.628140858383,-5.116410227261));
#171 = CARTESIAN_POINT('',(11.241689176524,-5.94945869997));
#172 = CARTESIAN_POINT('',(10.78364208756,-6.747306644216));
#173 = CARTESIAN_POINT('',(10.258088905166,-7.502402896672));
#174 = CARTESIAN_POINT('',(9.670046735241,-8.207762349262));
#175 = CARTESIAN_POINT('',(8.443355383844,-9.444000256143));
#176 = CARTESIAN_POINT('',(7.814945112671,-9.985217528419));
#177 = CARTESIAN_POINT('',(7.144983457437,-10.4761594909));
#178 = CARTESIAN_POINT('',(6.438509751646,-10.91293418687));
#179 = CARTESIAN_POINT('',(5.700992359263,-11.29226218667));
#180 = CARTESIAN_POINT('',(4.195722842719,-11.9226350398));
#181 = CARTESIAN_POINT('',(3.429180179977,-12.17680195434));
#182 = CARTESIAN_POINT('',(2.644296712535,-12.3717558391));
#183 = CARTESIAN_POINT('',(1.846768671191,-12.50592797739));
#184 = CARTESIAN_POINT('',(1.042443472487,-12.57841562723));
#185 = CARTESIAN_POINT('',(-0.612103623811,-12.60041023954));
#186 = CARTESIAN_POINT('',(-1.4625169525,-12.54292525426));
#187 = CARTESIAN_POINT('',(-2.306813825587,-12.41651444013));
#188 = CARTESIAN_POINT('',(-3.138078116884,-12.22203581305));
#189 = CARTESIAN_POINT('',(-3.949537402324,-11.96117551049));
#190 = CARTESIAN_POINT('',(-5.505790426272,-11.31783108098));
#191 = CARTESIAN_POINT('',(-6.251607124066,-10.93753985745));
#192 = CARTESIAN_POINT('',(-6.965808382942,-10.4982881677));
#193 = CARTESIAN_POINT('',(-7.642657189245,-10.0034083524));
#194 = CARTESIAN_POINT('',(-8.276845080179,-9.456895929599));
#195 = CARTESIAN_POINT('',(-9.430623624482,-8.29014715108));
#196 = CARTESIAN_POINT('',(-9.953414529931,-7.672941113676));
#197 = CARTESIAN_POINT('',(-10.42764336457,-7.016239634639));
#198 = CARTESIAN_POINT('',(-10.84966732575,-6.324828289395));
#199 = CARTESIAN_POINT('',(-11.21641848603,-5.603889957042));
#200 = CARTESIAN_POINT('',(-11.84398974909,-4.091729483786));
#201 = CARTESIAN_POINT('',(-12.10130620754,-3.298950043866));
#202 = CARTESIAN_POINT('',(-12.29485585765,-2.486920496019));
#203 = CARTESIAN_POINT('',(-12.42294520675,-1.662025705015));
#204 = CARTESIAN_POINT('',(-12.48465051336,-0.830816010675));
#205 = CARTESIAN_POINT('',(-12.47998861406,-3.212612429415E-05));
#206 = ( GEOMETRIC_REPRESENTATION_CONTEXT(2) 
PARAMETRIC_REPRESENTATION_CONTEXT() REPRESENTATION_CONTEXT('2D SPACE',''
  ) );
#207 = PCURVE('',#208,#357);
#208 = B_SPLINE_SURFACE_WITH_KNOTS('',1,10,(
    (#209,#210,#211,#212,#213,#214,#215,#216,#217,#218,#219,#220,#221
      ,#222,#223,#224,#225,#226,#227,#228,#229,#230,#231,#232,#233,#234
      ,#235,#236,#237,#238,#239,#240,#241,#242,#243,#244,#245,#246,#247
      ,#248,#249,#250,#251,#252,#253,#254,#255,#256,#257,#258,#259,#260
      ,#261,#262,#263,#264,#265,#266,#267,#268,#269,#270,#271,#272,#273
      ,#274,#275,#276,#277,#278,#279,#280,#281,#282)
    ,(#283,#284,#285,#286,#287,#288,#289,#290,#291,#292,#293,#294,#295
      ,#296,#297,#298,#299,#300,#301,#302,#303,#304,#305,#306,#307,#308
      ,#309,#310,#311,#312,#313,#314,#315,#316,#317,#318,#319,#320,#321
      ,#322,#323,#324,#325,#326,#327,#328,#329,#330,#331,#332,#333,#334
      ,#335,#336,#337,#338,#339,#340,#341,#342,#343,#344,#345,#346,#347
      ,#348,#349,#350,#351,#352,#353,#354,#355,#356
  )),.UNSPECIFIED.,.F.,.F.,.F.,(2,2),(11,9,9,9,9,9,9,9,11),(0.,
    0.456508488421),(0.,5.74010606028,11.480212120561,17.220318180841,
    22.960424241121,28.700530301401,34.440636361682,40.180742421962,
    45.920848482242),.UNSPECIFIED.);
#209 = CARTESIAN_POINT('',(12.479999855651,-1.139377481252E-10,
    22.900000000861));
#210 = CARTESIAN_POINT('',(12.480000111639,7.106282512334,
    22.827500000862));
#211 = CARTESIAN_POINT('',(7.984991807591,14.214593719347,
    22.755000000861));
#212 = CARTESIAN_POINT('',(-1.014807645195,18.106642834926,
    22.682500000863));
#213 = CARTESIAN_POINT('',(-11.86823256011,15.661784784381,
    22.61000000086));
#214 = CARTESIAN_POINT('',(-19.5311208421,5.924701921946,22.537500000862
    ));
#215 = CARTESIAN_POINT('',(-18.56929498028,-6.428663785807,
    22.465000000861));
#216 = CARTESIAN_POINT('',(-10.90329522444,-14.49132459095,
    22.392500000861));
#217 = CARTESIAN_POINT('',(-1.257925999743,-16.25522735064,
    22.320000000862));
#218 = CARTESIAN_POINT('',(6.428701475322,-12.84217430449,
    22.247500000861));
#219 = CARTESIAN_POINT('',(14.324779847332,-1.024858578563,
    22.102500000862));
#220 = CARTESIAN_POINT('',(14.536483245973,7.382778929774,
    22.030000000861));
#221 = CARTESIAN_POINT('',(9.215729987134,15.618920267407,
    21.957500000861));
#222 = CARTESIAN_POINT('',(-1.166853229748,19.615934801457,
    21.885000000862));
#223 = CARTESIAN_POINT('',(-12.94794550791,15.7771190089,21.81250000086)
  );
#224 = CARTESIAN_POINT('',(-19.01137869505,4.971308926044,
    21.740000000863));
#225 = CARTESIAN_POINT('',(-17.11670725361,-5.9915497567,21.66750000086)
  );
#226 = CARTESIAN_POINT('',(-10.07684768277,-12.81686134746,
    21.595000000862));
#227 = CARTESIAN_POINT('',(-1.789459848863,-14.24947286582,
    21.522500000861));
#228 = CARTESIAN_POINT('',(11.34123822733,-8.810560043168,
    21.377500000862));
#229 = CARTESIAN_POINT('',(16.188296298122,-1.937481049102,
    21.30500000086));
#230 = CARTESIAN_POINT('',(16.340006613193,7.866672322051,
    21.232500000864));
#231 = CARTESIAN_POINT('',(9.927826464753,16.958322625978,
    21.160000000858));
#232 = CARTESIAN_POINT('',(-2.00052554641,20.311688127773,
    21.087500000865));
#233 = CARTESIAN_POINT('',(-13.04547241513,14.695648397527,
    21.015000000859));
#234 = CARTESIAN_POINT('',(-17.56074863819,4.527741483859,
    20.942500000862));
#235 = CARTESIAN_POINT('',(-15.49925928154,-5.058434120191,
    20.870000000862));
#236 = CARTESIAN_POINT('',(-9.404464447216,-10.85383305406,
    20.797500000861));
#237 = CARTESIAN_POINT('',(4.535010055683,-13.62656730794,
    20.652500000862));
#238 = CARTESIAN_POINT('',(12.383669648932,-10.60469216329,
    20.58000000086));
#239 = CARTESIAN_POINT('',(17.956707938728,-2.537122295887,
    20.507500000864));
#240 = CARTESIAN_POINT('',(17.676225274606,8.584725076701,
    20.435000000858));
#241 = CARTESIAN_POINT('',(9.62119310568,17.99998389681,20.362500000866)
  );
#242 = CARTESIAN_POINT('',(-2.682449086716,19.466661225139,
    20.290000000859));
#243 = CARTESIAN_POINT('',(-12.08575047071,13.520908669121,
    20.217500000863));
#244 = CARTESIAN_POINT('',(-15.69747852866,4.404992833901,
    20.145000000861));
#245 = CARTESIAN_POINT('',(-13.84959296684,-3.799791857098,
    20.072500000862));
#246 = CARTESIAN_POINT('',(-3.79979212174,-13.84959322993,
    19.927500000861));
#247 = CARTESIAN_POINT('',(4.404993705597,-15.69747751409,
    19.855000000864));
#248 = CARTESIAN_POINT('',(13.520907362971,-12.08575250551,
    19.782500000854));
#249 = CARTESIAN_POINT('',(19.466661887238,-2.682446563457,
    19.710000000874));
#250 = CARTESIAN_POINT('',(17.999984949459,9.621191136468,
    19.637500000847));
#251 = CARTESIAN_POINT('',(8.584722610737,17.676226125873,
    19.565000000873));
#252 = CARTESIAN_POINT('',(-2.537119878286,17.956707894316,
    19.492500000855));
#253 = CARTESIAN_POINT('',(-10.60469349119,12.383669487792,
    19.420000000864));
#254 = CARTESIAN_POINT('',(-13.62656694216,4.535010129565,
    19.347500000861));
#255 = CARTESIAN_POINT('',(-10.85383342027,-9.404464518936,
    19.202500000862));
#256 = CARTESIAN_POINT('',(-5.058432831725,-15.49925892224,
    19.130000000862));
#257 = CARTESIAN_POINT('',(4.527739267334,-17.56074960441,19.05750000086
    ));
#258 = CARTESIAN_POINT('',(14.695650349923,-13.04547068497,
    18.985000000864));
#259 = CARTESIAN_POINT('',(20.311687908949,-2.000527768573,
    18.912500000858));
#260 = CARTESIAN_POINT('',(16.958321048569,9.927828542589,
    18.840000000865));
#261 = CARTESIAN_POINT('',(7.866674307525,16.340005233088,
    18.767500000859));
#262 = CARTESIAN_POINT('',(-1.93748224273,16.188296901914,
    18.695000000862));
#263 = CARTESIAN_POINT('',(-8.810559697987,11.34123808552,
    18.622500000861));
#264 = CARTESIAN_POINT('',(-14.24947321016,-1.789459704988,
    18.477500000861));
#265 = CARTESIAN_POINT('',(-12.81686007651,-10.07684810017,
    18.405000000862));
#266 = CARTESIAN_POINT('',(-5.991552136506,-17.11670682469,
    18.332500000859));
#267 = CARTESIAN_POINT('',(4.971311510687,-19.01137834285,
    18.260000000866));
#268 = CARTESIAN_POINT('',(15.777117592311,-12.94794723147,
    18.187500000856));
#269 = CARTESIAN_POINT('',(19.615934644349,-1.166850628777,
    18.115000000866));
#270 = CARTESIAN_POINT('',(15.618921151465,9.21572773955,18.042500000858
    ));
#271 = CARTESIAN_POINT('',(7.382778272792,14.536484408731,
    17.970000000863));
#272 = CARTESIAN_POINT('',(-1.024858370359,14.324779539233,
    17.897500000861));
#273 = CARTESIAN_POINT('',(-12.84217451083,6.428701783028,
    17.752500000862));
#274 = CARTESIAN_POINT('',(-16.25522652596,-1.257927034704,
    17.68000000086));
#275 = CARTESIAN_POINT('',(-14.49132633092,-10.9032935959,
    17.607500000864));
#276 = CARTESIAN_POINT('',(-6.428661441995,-18.56929602561,
    17.53500000086));
#277 = CARTESIAN_POINT('',(5.924699787897,-19.53112163537,
    17.462500000862));
#278 = CARTESIAN_POINT('',(15.66178609714,-11.86823013221,
    17.390000000863));
#279 = CARTESIAN_POINT('',(18.106642322905,-1.014810180713,
    17.317500000859));
#280 = CARTESIAN_POINT('',(14.214593817791,7.984993281047,
    17.245000000863));
#281 = CARTESIAN_POINT('',(7.106282515122,12.479999647084,
    17.172500000861));
#282 = CARTESIAN_POINT('',(1.141448491282E-10,12.479999903073,
    17.100000000862));
#283 = CARTESIAN_POINT('',(12.699999903209,3.682950566741E-08,
    22.500000027019));
#284 = CARTESIAN_POINT('',(12.699999626304,7.231554225765,22.42749974509
    ));
#285 = CARTESIAN_POINT('',(8.125754816893,14.465168726381,
    22.355000810158));
#286 = CARTESIAN_POINT('',(-1.032702167677,18.425835949905,
    22.282498645362));
#287 = CARTESIAN_POINT('',(-12.07743902006,15.93786849113,
    22.210001168227));
#288 = CARTESIAN_POINT('',(-19.87543032178,6.029144622898,
    22.137499921127));
#289 = CARTESIAN_POINT('',(-18.8966299804,-6.54198543951,22.06499898316)
  );
#290 = CARTESIAN_POINT('',(-11.09550463288,-14.74678594173,
    21.99250123408));
#291 = CARTESIAN_POINT('',(-1.280099960151,-16.54177487383,
    21.919999278388));
#292 = CARTESIAN_POINT('',(6.542027921798,-13.06855953418,
    21.847500204768));
#293 = CARTESIAN_POINT('',(14.57730007051,-1.04292418902,21.702499796215
    ));
#294 = CARTESIAN_POINT('',(14.79273530815,7.512920775043,21.63000073204)
  );
#295 = CARTESIAN_POINT('',(9.378185574527,15.894261208843,
    21.557498742177));
#296 = CARTESIAN_POINT('',(-1.187418302411,19.961718995279,
    21.485001070079));
#297 = CARTESIAN_POINT('',(-13.17620299955,16.055247956536,
    21.412500002298));
#298 = CARTESIAN_POINT('',(-19.34650601945,5.058943051526,
    21.339998929244));
#299 = CARTESIAN_POINT('',(-17.41845021638,-6.097172309242,
    21.267501261785));
#300 = CARTESIAN_POINT('',(-10.25448194637,-13.04279770295,
    21.194999268354));
#301 = CARTESIAN_POINT('',(-1.821005244483,-14.50066610707,
    21.122500206547));
#302 = CARTESIAN_POINT('',(11.541164402668,-8.965873767638,
    20.977499795342));
#303 = CARTESIAN_POINT('',(16.473665038224,-1.971638078722,
    20.905000733373));
#304 = CARTESIAN_POINT('',(16.628054725962,8.005354461016,
    20.832498740526));
#305 = CARTESIAN_POINT('',(10.102834639421,17.25725701606,
    20.760001071752));
#306 = CARTESIAN_POINT('',(-2.03579455233,20.669756965265,
    20.687500000915));
#307 = CARTESIAN_POINT('',(-13.27543368871,14.954700274632,
    20.614998930162));
#308 = CARTESIAN_POINT('',(-17.8703194893,4.607558949667,20.542501261314
    ));
#309 = CARTESIAN_POINT('',(-15.77248028724,-5.147605025049,
    20.469999268525));
#310 = CARTESIAN_POINT('',(-9.570248972699,-11.04516691815,
    20.397500206516));
#311 = CARTESIAN_POINT('',(4.614954913107,-13.86677898204,
    20.252499795357));
#312 = CARTESIAN_POINT('',(12.601968455688,-10.79163507287,
    20.180000733351));
#313 = CARTESIAN_POINT('',(18.273258859679,-2.58184326873,
    20.107498740554));
#314 = CARTESIAN_POINT('',(17.98781830246,8.736050605776,20.035001071724
    ));
#315 = CARTESIAN_POINT('',(9.790800386518,18.317301664109,
    19.962500000939));
#316 = CARTESIAN_POINT('',(-2.729733386002,19.809814627328,
    19.889998930146));
#317 = CARTESIAN_POINT('',(-12.29880501817,13.759262816349,
    19.817501261322));
#318 = CARTESIAN_POINT('',(-15.97419419274,4.482643394016,
    19.744999268521));
#319 = CARTESIAN_POINT('',(-14.09373716142,-3.866775203435,
    19.672500206517));
#320 = CARTESIAN_POINT('',(-3.866774857889,-14.09373692053,
    19.527499795356));
#321 = CARTESIAN_POINT('',(4.482642613981,-15.97419518158,
    19.455000733354));
#322 = CARTESIAN_POINT('',(13.759264193175,-12.29880290438,
    19.382498740545));
#323 = CARTESIAN_POINT('',(19.809813980768,-2.729735795557,
    19.310001071738));
#324 = CARTESIAN_POINT('',(18.317300555408,9.790802460882,
    19.237500000923));
#325 = CARTESIAN_POINT('',(8.736052968368,17.987817501328,
    19.164998930159));
#326 = CARTESIAN_POINT('',(-2.581845791152,18.273258889279,
    19.092501261315));
#327 = CARTESIAN_POINT('',(-10.79163381734,12.601968554879,
    19.019999268524));
#328 = CARTESIAN_POINT('',(-13.86677937431,4.614954759629,
    18.947500206516));
#329 = CARTESIAN_POINT('',(-11.04516649701,-9.570248964379,
    18.802499795357));
#330 = CARTESIAN_POINT('',(-5.147606222987,-15.77248067608,
    18.730000733349));
#331 = CARTESIAN_POINT('',(4.607561268793,-17.87031849664,
    18.657498740559));
#332 = CARTESIAN_POINT('',(14.95469839839,-13.27543533303,
    18.585001071712));
#333 = CARTESIAN_POINT('',(20.669757195835,-2.03579221152,
    18.512500000958));
#334 = CARTESIAN_POINT('',(17.257258535424,10.102832660635,
    18.439998930121));
#335 = CARTESIAN_POINT('',(8.005352380129,16.628056152026,
    18.367501261348));
#336 = CARTESIAN_POINT('',(-1.971636979668,16.47366442311,18.2949992685)
  );
#337 = CARTESIAN_POINT('',(-8.965874179063,11.541164493015,
    18.222500206532));
#338 = CARTESIAN_POINT('',(-14.50066575228,-1.821005471594,
    18.077499795326));
#339 = CARTESIAN_POINT('',(-13.04279891502,-10.25448160383,
    18.00500073352));
#340 = CARTESIAN_POINT('',(-6.097169829482,-17.41845068031,
    17.932498740085));
#341 = CARTESIAN_POINT('',(5.058940577978,-19.3465063426,17.860001072635
    ));
#342 = CARTESIAN_POINT('',(16.055249448705,-13.17620118384,
    17.787499999569));
#343 = CARTESIAN_POINT('',(19.961719159246,-1.187420788786,
    17.714998931799));
#344 = CARTESIAN_POINT('',(15.894260270928,9.378187913336,
    17.642501259694));
#345 = CARTESIAN_POINT('',(7.512921347124,14.792734188519,
    17.569999269834));
#346 = CARTESIAN_POINT('',(-1.042924480902,14.577300372623,
    17.497500205658));
#347 = CARTESIAN_POINT('',(-13.06855936539,6.542027539078,
    17.352499797106));
#348 = CARTESIAN_POINT('',(-16.54177569117,-1.280099020139,
    17.280000723485));
#349 = CARTESIAN_POINT('',(-14.74678413806,-11.09550634607,
    17.207498767794));
#350 = CARTESIAN_POINT('',(-6.541987674866,-18.89662897262,
    17.135001018713));
#351 = CARTESIAN_POINT('',(6.029146871033,-19.8754294939,17.062500080746
    ));
#352 = CARTESIAN_POINT('',(15.937867247707,-12.07744135647,
    16.989998833648));
#353 = CARTESIAN_POINT('',(18.425836467843,-1.032699526399,
    16.91750135651));
#354 = CARTESIAN_POINT('',(14.465168581301,8.12575342647,16.844999191716
    ));
#355 = CARTESIAN_POINT('',(7.231554150078,12.700000132369,
    16.772500256784));
#356 = CARTESIAN_POINT('',(-3.629713665187E-08,12.699999855788,
    16.699999974855));
#357 = DEFINITIONAL_REPRESENTATION('',(#358),#401);
#358 = B_SPLINE_CURVE_WITH_KNOTS('',6,(#359,#360,#361,#362,#363,#364,
    #365,#366,#367,#368,#369,#370,#371,#372,#373,#374,#375,#376,#377,
    #378,#379,#380,#381,#382,#383,#384,#385,#386,#387,#388,#389,#390,
    #391,#392,#393,#394,#395,#396,#397,#398,#399,#400),.UNSPECIFIED.,.F.
  ,.F.,(7,5,5,5,5,5,5,5,7),(0.,0.109845328395,0.248614802795,
    0.374028292901,0.496170424712,0.625039805142,0.751629433449,
    0.873963807436,1.),.UNSPECIFIED.);
#359 = CARTESIAN_POINT('',(0.456508488421,2.139151846352E-07));
#360 = CARTESIAN_POINT('',(0.448222984893,5.747935022267E-02));
#361 = CARTESIAN_POINT('',(0.439934357768,0.114980281136));
#362 = CARTESIAN_POINT('',(0.431642920966,0.172500772486));
#363 = CARTESIAN_POINT('',(0.423348291631,0.230043448454));
#364 = CARTESIAN_POINT('',(0.415050128203,0.287610659591));
#365 = CARTESIAN_POINT('',(0.396262188607,0.417949068243));
#366 = CARTESIAN_POINT('',(0.385769335494,0.490741615706));
#367 = CARTESIAN_POINT('',(0.375272486053,0.563561875995));
#368 = CARTESIAN_POINT('',(0.364770665622,0.636416608168));
#369 = CARTESIAN_POINT('',(0.354262828464,0.709313068511));
#370 = CARTESIAN_POINT('',(0.334250686949,0.848144122372));
#371 = CARTESIAN_POINT('',(0.324745857591,0.914082359584));
#372 = CARTESIAN_POINT('',(0.315237576447,0.980044538269));
#373 = CARTESIAN_POINT('',(0.305725200046,1.0460351255));
#374 = CARTESIAN_POINT('',(0.296208063039,1.112058738985));
#375 = CARTESIAN_POINT('',(0.277414944412,1.242432992003));
#376 = CARTESIAN_POINT('',(0.268138145533,1.306789301053));
#377 = CARTESIAN_POINT('',(0.258857985007,1.37116893346));
#378 = CARTESIAN_POINT('',(0.249573903002,1.435575773225));
#379 = CARTESIAN_POINT('',(0.240285322641,1.500013821987));
#380 = CARTESIAN_POINT('',(0.221189490463,1.632488124026));
#381 = CARTESIAN_POINT('',(0.211380665323,1.700535292185));
#382 = CARTESIAN_POINT('',(0.201568213079,1.768607624217));
#383 = CARTESIAN_POINT('',(0.191751392,1.836710264865));
#384 = CARTESIAN_POINT('',(0.181929432006,1.904848555742));
#385 = CARTESIAN_POINT('',(0.162451791272,2.039971600288));
#386 = CARTESIAN_POINT('',(0.152795033615,2.106963824923));
#387 = CARTESIAN_POINT('',(0.143134695696,2.173980886052));
#388 = CARTESIAN_POINT('',(0.133470079768,2.241027624022));
#389 = CARTESIAN_POINT('',(0.123800467544,2.308109021983));
#390 = CARTESIAN_POINT('',(0.104778943634,2.440067819379));
#391 = CARTESIAN_POINT('',(9.542622198711E-02,2.504950837848));
#392 = CARTESIAN_POINT('',(8.607004556104E-02,2.569857822796));
#393 = CARTESIAN_POINT('',(7.67098298833E-02,2.634792829242));
#394 = CARTESIAN_POINT('',(6.734497571522E-02,2.699760014608));
#395 = CARTESIAN_POINT('',(4.8324695922E-02,2.831710179208));
#396 = CARTESIAN_POINT('',(3.866792289048E-02,2.898702505878));
#397 = CARTESIAN_POINT('',(2.900755321693E-02,2.965719784206));
#398 = CARTESIAN_POINT('',(1.93429125613E-02,3.032766692388));
#399 = CARTESIAN_POINT('',(9.673301848763E-03,3.099848080016));
#400 = CARTESIAN_POINT('',(0.,3.166955074562));
#401 = ( GEOMETRIC_REPRESENTATION_CONTEXT(2) 
PARAMETRIC_REPRESENTATION_CONTEXT() REPRESENTATION_CONTEXT('2D SPACE',''
  ) );
#402 = ORIENTED_EDGE('',*,*,#403,.T.);
#403 = EDGE_CURVE('',#115,#404,#406,.T.);
#404 = VERTEX_POINT('',#405);
#405 = CARTESIAN_POINT('',(12.5,3.451703291807E-09,22.5));
#406 = SURFACE_CURVE('',#407,(#412,#423),.PCURVE_S1.);
#407 = CIRCLE('',#408,12.5);
#408 = AXIS2_PLACEMENT_3D('',#409,#410,#411);
#409 = CARTESIAN_POINT('',(0.,0.,22.5));
#410 = DIRECTION('',(-1.110223024625E-16,0.,1.));
#411 = DIRECTION('',(0.,1.,0.));
#412 = PCURVE('',#94,#413);
#413 = DEFINITIONAL_REPRESENTATION('',(#414),#422);
#414 = ( BOUNDED_CURVE() B_SPLINE_CURVE(2,(#415,#416,#417,#418,#419,#420
,#421),.UNSPECIFIED.,.T.,.F.) B_SPLINE_CURVE_WITH_KNOTS((1,2,2,2,2,1),(
    -2.094395102393,0.,2.094395102393,4.188790204786,6.28318530718,
8.377580409573),.UNSPECIFIED.) CURVE() GEOMETRIC_REPRESENTATION_ITEM() 
RATIONAL_B_SPLINE_CURVE((1.,0.5,1.,0.5,1.,0.5,1.)) REPRESENTATION_ITEM(
  '') );
#415 = CARTESIAN_POINT('',(-1.236537197009E-15,-12.5));
#416 = CARTESIAN_POINT('',(-21.65063509461,-12.5));
#417 = CARTESIAN_POINT('',(-10.8253175473,6.25));
#418 = CARTESIAN_POINT('',(-4.298154194878E-15,25.));
#419 = CARTESIAN_POINT('',(10.825317547305,6.25));
#420 = CARTESIAN_POINT('',(21.650635094611,-12.5));
#421 = CARTESIAN_POINT('',(-1.236537197009E-15,-12.5));
#422 = ( GEOMETRIC_REPRESENTATION_CONTEXT(2) 
PARAMETRIC_REPRESENTATION_CONTEXT() REPRESENTATION_CONTEXT('2D SPACE',''
  ) );
#423 = PCURVE('',#424,#429);
#424 = CYLINDRICAL_SURFACE('',#425,12.5);
#425 = AXIS2_PLACEMENT_3D('',#426,#427,#428);
#426 = CARTESIAN_POINT('',(-2.22044604925E-17,0.,22.7));
#427 = DIRECTION('',(-1.110223024625E-16,-0.,1.));
#428 = DIRECTION('',(0.,1.,0.));
#429 = DEFINITIONAL_REPRESENTATION('',(#430),#434);
#430 = LINE('',#431,#432);
#431 = CARTESIAN_POINT('',(-6.28318530718,-0.2));
#432 = VECTOR('',#433,1.);
#433 = DIRECTION('',(1.,-0.));
#434 = ( GEOMETRIC_REPRESENTATION_CONTEXT(2) 
PARAMETRIC_REPRESENTATION_CONTEXT() REPRESENTATION_CONTEXT('2D SPACE',''
  ) );
#435 = ORIENTED_EDGE('',*,*,#436,.T.);
#436 = EDGE_CURVE('',#404,#113,#437,.T.);
#437 = SURFACE_CURVE('',#438,(#442,#449),.PCURVE_S1.);
#438 = LINE('',#439,#440);
#439 = CARTESIAN_POINT('',(6.26931427505,-1.036381514298E-06,22.5));
#440 = VECTOR('',#441,1.);
#441 = DIRECTION('',(1.,1.668890507574E-07,1.110223024625E-16));
#442 = PCURVE('',#94,#443);
#443 = DEFINITIONAL_REPRESENTATION('',(#444),#448);
#444 = LINE('',#445,#446);
#445 = CARTESIAN_POINT('',(6.26931427505,1.036381513011E-06));
#446 = VECTOR('',#447,1.);
#447 = DIRECTION('',(1.,-1.668890507574E-07));
#448 = ( GEOMETRIC_REPRESENTATION_CONTEXT(2) 
PARAMETRIC_REPRESENTATION_CONTEXT() REPRESENTATION_CONTEXT('2D SPACE',''
  ) );
#449 = PCURVE('',#450,#455);
#450 = PLANE('',#451);
#451 = AXIS2_PLACEMENT_3D('',#452,#453,#454);
#452 = CARTESIAN_POINT('',(12.5386285501,9.898393960491E-09,
    22.500000007832));
#453 = DIRECTION('',(-1.668890507574E-07,1.,5.69599355607E-10));
#454 = DIRECTION('',(1.,1.668890507574E-07,1.110223024625E-16));
#455 = DEFINITIONAL_REPRESENTATION('',(#456),#460);
#456 = LINE('',#457,#458);
#457 = CARTESIAN_POINT('',(-6.26931427505,7.832173324416E-09));
#458 = VECTOR('',#459,1.);
#459 = DIRECTION('',(1.,0.));
#460 = ( GEOMETRIC_REPRESENTATION_CONTEXT(2) 
PARAMETRIC_REPRESENTATION_CONTEXT() REPRESENTATION_CONTEXT('2D SPACE',''
  ) );
#461 = ADVANCED_FACE('',(#462,#465),#66,.T.);
#462 = FACE_BOUND('',#463,.T.);
#463 = EDGE_LOOP('',(#464));
#464 = ORIENTED_EDGE('',*,*,#51,.T.);
#465 = FACE_BOUND('',#466,.T.);
#466 = EDGE_LOOP('',(#467));
#467 = ORIENTED_EDGE('',*,*,#468,.T.);
#468 = EDGE_CURVE('',#469,#469,#471,.T.);
#469 = VERTEX_POINT('',#470);
#470 = CARTESIAN_POINT('',(1.7763568394E-15,12.5,6.5));
#471 = SURFACE_CURVE('',#472,(#477,#488),.PCURVE_S1.);
#472 = CIRCLE('',#473,12.5);
#473 = AXIS2_PLACEMENT_3D('',#474,#475,#476);
#474 = CARTESIAN_POINT('',(1.7763568394E-15,0.,6.5));
#475 = DIRECTION('',(-1.110223024625E-16,0.,1.));
#476 = DIRECTION('',(0.,1.,0.));
#477 = PCURVE('',#66,#478);
#478 = DEFINITIONAL_REPRESENTATION('',(#479),#487);
#479 = ( BOUNDED_CURVE() B_SPLINE_CURVE(2,(#480,#481,#482,#483,#484,#485
,#486),.UNSPECIFIED.,.T.,.F.) B_SPLINE_CURVE_WITH_KNOTS((1,2,2,2,2,1),(
    -2.094395102393,0.,2.094395102393,4.188790204786,6.28318530718,
8.377580409573),.UNSPECIFIED.) CURVE() GEOMETRIC_REPRESENTATION_ITEM() 
RATIONAL_B_SPLINE_CURVE((1.,0.5,1.,0.5,1.,0.5,1.)) REPRESENTATION_ITEM(
  '') );
#480 = CARTESIAN_POINT('',(-1.236537197009E-15,-12.5));
#481 = CARTESIAN_POINT('',(-21.65063509461,-12.5));
#482 = CARTESIAN_POINT('',(-10.8253175473,6.25));
#483 = CARTESIAN_POINT('',(-4.298154194878E-15,25.));
#484 = CARTESIAN_POINT('',(10.825317547305,6.25));
#485 = CARTESIAN_POINT('',(21.650635094611,-12.5));
#486 = CARTESIAN_POINT('',(-1.236537197009E-15,-12.5));
#487 = ( GEOMETRIC_REPRESENTATION_CONTEXT(2) 
PARAMETRIC_REPRESENTATION_CONTEXT() REPRESENTATION_CONTEXT('2D SPACE',''
  ) );
#488 = PCURVE('',#489,#494);
#489 = CYLINDRICAL_SURFACE('',#490,12.5);
#490 = AXIS2_PLACEMENT_3D('',#491,#492,#493);
#491 = CARTESIAN_POINT('',(-2.22044604925E-17,0.,22.7));
#492 = DIRECTION('',(-1.110223024625E-16,-0.,1.));
#493 = DIRECTION('',(0.,1.,0.));
#494 = DEFINITIONAL_REPRESENTATION('',(#495),#499);
#495 = LINE('',#496,#497);
#496 = CARTESIAN_POINT('',(-6.28318530718,-16.2));
#497 = VECTOR('',#498,1.);
#498 = DIRECTION('',(1.,-0.));
#499 = ( GEOMETRIC_REPRESENTATION_CONTEXT(2) 
PARAMETRIC_REPRESENTATION_CONTEXT() REPRESENTATION_CONTEXT('2D SPACE',''
  ) );
#500 = ADVANCED_FACE('',(#501),#208,.F.);
#501 = FACE_BOUND('',#502,.F.);
#502 = EDGE_LOOP('',(#503,#531,#787,#1064,#1320,#1555,#1790,#2004,#2211,
    #2212,#2455));
#503 = ORIENTED_EDGE('',*,*,#504,.F.);
#504 = EDGE_CURVE('',#505,#507,#509,.T.);
#505 = VERTEX_POINT('',#506);
#506 = CARTESIAN_POINT('',(-1.597993900458E-09,12.5,17.063636178086));
#507 = VERTEX_POINT('',#508);
#508 = CARTESIAN_POINT('',(-1.809149479612E-08,12.589999872752,16.9));
#509 = SURFACE_CURVE('',#510,(#513,#520),.PCURVE_S1.);
#510 = B_SPLINE_CURVE_WITH_KNOTS('',1,(#511,#512),.UNSPECIFIED.,.F.,.F.,
  (2,2),(0.,0.456508488421),.PIECEWISE_BEZIER_KNOTS.);
#511 = CARTESIAN_POINT('',(1.141448491282E-10,12.479999903073,
    17.100000000862));
#512 = CARTESIAN_POINT('',(-3.629713665187E-08,12.699999855788,
    16.699999974855));
#513 = PCURVE('',#208,#514);
#514 = DEFINITIONAL_REPRESENTATION('',(#515),#519);
#515 = LINE('',#516,#517);
#516 = CARTESIAN_POINT('',(0.,45.920848482242));
#517 = VECTOR('',#518,1.);
#518 = DIRECTION('',(1.,0.));
#519 = ( GEOMETRIC_REPRESENTATION_CONTEXT(2) 
PARAMETRIC_REPRESENTATION_CONTEXT() REPRESENTATION_CONTEXT('2D SPACE',''
  ) );
#520 = PCURVE('',#521,#526);
#521 = PLANE('',#522);
#522 = AXIS2_PLACEMENT_3D('',#523,#524,#525);
#523 = CARTESIAN_POINT('',(-9.756384836143E-09,12.538628502678,
    16.699999993931));
#524 = DIRECTION('',(-1.,-1.644700332087E-07,5.696928764516E-10));
#525 = DIRECTION('',(1.644700332087E-07,-1.,1.825984177292E-23));
#526 = DEFINITIONAL_REPRESENTATION('',(#527),#530);
#527 = B_SPLINE_CURVE_WITH_KNOTS('',1,(#528,#529),.UNSPECIFIED.,.F.,.F.,
  (2,2),(0.,0.456508488421),.PIECEWISE_BEZIER_KNOTS.);
#528 = CARTESIAN_POINT('',(5.862859960539E-02,0.400000006931));
#529 = CARTESIAN_POINT('',(-0.16137135311,-1.907612556806E-08));
#530 = ( GEOMETRIC_REPRESENTATION_CONTEXT(2) 
PARAMETRIC_REPRESENTATION_CONTEXT() REPRESENTATION_CONTEXT('2D SPACE',''
  ) );
#531 = ORIENTED_EDGE('',*,*,#532,.F.);
#532 = EDGE_CURVE('',#533,#505,#535,.T.);
#533 = VERTEX_POINT('',#534);
#534 = CARTESIAN_POINT('',(5.147385445552E-16,12.5,17.863647365096));
#535 = SURFACE_CURVE('',#536,(#616,#699),.PCURVE_S1.);
#536 = B_SPLINE_CURVE_WITH_KNOTS('',8,(#537,#538,#539,#540,#541,#542,
    #543,#544,#545,#546,#547,#548,#549,#550,#551,#552,#553,#554,#555,
    #556,#557,#558,#559,#560,#561,#562,#563,#564,#565,#566,#567,#568,
    #569,#570,#571,#572,#573,#574,#575,#576,#577,#578,#579,#580,#581,
    #582,#583,#584,#585,#586,#587,#588,#589,#590,#591,#592,#593,#594,
    #595,#596,#597,#598,#599,#600,#601,#602,#603,#604,#605,#606,#607,
    #608,#609,#610,#611,#612,#613,#614,#615),.UNSPECIFIED.,.F.,.F.,(9,7,
    7,7,7,7,7,7,7,7,7,9),(0.,4.914392990254E-02,0.118125172766,
    0.193238853254,0.273697855043,0.376841818734,0.481085694211,
    0.567179295549,0.649863477972,0.777283752394,0.887244510601,1.),
  .UNSPECIFIED.);
#537 = CARTESIAN_POINT('',(1.827830693856E-14,12.5,17.863647365096));
#538 = CARTESIAN_POINT('',(-0.465938440503,12.5,17.858916710986));
#539 = CARTESIAN_POINT('',(-0.931909273516,12.480148421977,
    17.854185551821));
#540 = CARTESIAN_POINT('',(-1.396900003945,12.44044616555,
    17.849452712213));
#541 = CARTESIAN_POINT('',(-1.859912444834,12.380952183844,
    17.844717243374));
#542 = CARTESIAN_POINT('',(-2.319962717363,12.301783483495,
    17.83997842312));
#543 = CARTESIAN_POINT('',(-2.776081250851,12.203115124647,
    17.835235755865));
#544 = CARTESIAN_POINT('',(-3.227312782756,12.08518022095,17.83048897263
    ));
#545 = CARTESIAN_POINT('',(-4.297910402028,11.756094804422,
    17.819069336513));
#546 = CARTESIAN_POINT('',(-4.911677278767,11.526513026967,
    17.812389974702));
#547 = CARTESIAN_POINT('',(-5.511333344529,11.260334862444,
    17.805714521552));
#548 = CARTESIAN_POINT('',(-6.094322995109,10.958595455035,
    17.799020660883));
#549 = CARTESIAN_POINT('',(-6.658207670971,10.622529057824,
    17.792335034021));
#550 = CARTESIAN_POINT('',(-7.200661700402,10.253558508934,
    17.785683457116));
#551 = CARTESIAN_POINT('',(-7.719475378125,9.853298973274,
    17.779038054921));
#552 = CARTESIAN_POINT('',(-8.749491738447,8.955648448585,17.76515899515
    ));
#553 = CARTESIAN_POINT('',(-9.255996383835,8.452716936029,
    17.757925211197));
#554 = CARTESIAN_POINT('',(-9.729341406471,7.917148367337,
    17.750684516906));
#555 = CARTESIAN_POINT('',(-10.16708601853,7.351520945328,
    17.743432743995));
#556 = CARTESIAN_POINT('',(-10.56705286471,6.758595348545,
    17.736169432929));
#557 = CARTESIAN_POINT('',(-10.92731486567,6.141302176992,
    17.728897098373));
#558 = CARTESIAN_POINT('',(-11.24620289071,5.50274462503,17.721619874071
    ));
#559 = CARTESIAN_POINT('',(-11.81811598831,4.14296756202,17.706545251306
    ));
#560 = CARTESIAN_POINT('',(-12.06488155969,3.418998156612,
    17.698746633867));
#561 = CARTESIAN_POINT('',(-12.26088231135,2.678407320475,
    17.690951403812));
#562 = CARTESIAN_POINT('',(-12.4048445317,1.925374058972,17.683163651076
    ));
#563 = CARTESIAN_POINT('',(-12.49591049503,1.164143087581,
    17.675385132245));
#564 = CARTESIAN_POINT('',(-12.5336180191,0.399016983853,17.667615406325
    ));
#565 = CARTESIAN_POINT('',(-12.51791854516,-0.365645368688,
    17.659852810599));
#566 = CARTESIAN_POINT('',(-12.36118364188,-2.099418034557,
    17.642152831481));
#567 = CARTESIAN_POINT('',(-12.1860212751,-3.0657885871,17.632215275835)
  );
#568 = CARTESIAN_POINT('',(-11.92453035,-4.015063246181,17.622282578037)
  );
#569 = CARTESIAN_POINT('',(-11.57876537516,-4.938270868334,
    17.612348380582));
#570 = CARTESIAN_POINT('',(-11.15181290722,-5.826856926674,
    17.602406122416));
#571 = CARTESIAN_POINT('',(-10.64770895244,-6.672667040023,
    17.592452408734));
#572 = CARTESIAN_POINT('',(-10.07151252029,-7.467998727256,
    17.58248862821));
#573 = CARTESIAN_POINT('',(-8.780712189059,-8.951311010499,
    17.562446711874));
#574 = CARTESIAN_POINT('',(-8.064328695399,-9.638480496065,
    17.552362917718));
#575 = CARTESIAN_POINT('',(-7.286777720111,-10.2597582496,
    17.542275617032));
#576 = CARTESIAN_POINT('',(-6.455221673868,-10.8088873447,
    17.532189192883));
#577 = CARTESIAN_POINT('',(-5.577434822604,-11.28060151335,
    17.522105836448));
#578 = CARTESIAN_POINT('',(-4.661739162719,-11.6705562238,
    17.512026103383));
#579 = CARTESIAN_POINT('',(-3.717033854839,-11.97541484525,
    17.501950419659));
#580 = CARTESIAN_POINT('',(-1.956668200785,-12.37286477107,
    17.483565783339));
#581 = CARTESIAN_POINT('',(-1.146899823409,-12.49323622123,
    17.475251815879));
#582 = CARTESIAN_POINT('',(-0.328928624725,-12.55297770683,
    17.466940541844));
#583 = CARTESIAN_POINT('',(0.491940177888,-12.55149245408,
    17.458630861221));
#584 = CARTESIAN_POINT('',(1.310413873805,-12.48872743767,
    17.450320862944));
#585 = CARTESIAN_POINT('',(2.121217022949,-12.36514573152,
    17.442008905551));
#586 = CARTESIAN_POINT('',(2.919098799996,-12.1817572312,17.433694582188
    ));
#587 = CARTESIAN_POINT('',(4.447708153754,-11.70822393902,17.41739384313
    ));
#588 = CARTESIAN_POINT('',(5.220736653783,-11.40992826736,
    17.408971411301));
#589 = CARTESIAN_POINT('',(5.991054171277,-11.04241864973,
    17.400316960376));
#590 = CARTESIAN_POINT('',(6.739306466781,-10.60861731295,
    17.391557850756));
#591 = CARTESIAN_POINT('',(7.452112925452,-10.11495724778,
    17.382775985476));
#592 = CARTESIAN_POINT('',(8.120618831574,-9.568782255602,
    17.374023580213));
#593 = CARTESIAN_POINT('',(8.739652189321,-8.977164151498,17.36532655878
    ));
#594 = CARTESIAN_POINT('',(10.180090616174,-7.370752885263,
    17.343355039386));
#595 = CARTESIAN_POINT('',(10.937850795323,-6.29118601748,
    17.330026665552));
#596 = CARTESIAN_POINT('',(11.563709066591,-5.123531096614,
    17.316714083447));
#597 = CARTESIAN_POINT('',(12.046371480686,-3.886884371951,
    17.303413190949));
#598 = CARTESIAN_POINT('',(12.377511853341,-2.601354432091,
    17.290110878945));
#599 = CARTESIAN_POINT('',(12.552140491563,-1.288125924254,
    17.276790101505));
#600 = CARTESIAN_POINT('',(12.568265879042,3.072041729817E-02,
    17.263444979065));
#601 = CARTESIAN_POINT('',(12.30853658637,2.454605950761,17.238577843905
    ));
#602 = CARTESIAN_POINT('',(12.072244797106,3.565510075849,
    17.227042954602));
#603 = CARTESIAN_POINT('',(11.721368584097,4.649728799575,
    17.215503038456));
#604 = CARTESIAN_POINT('',(11.259691567435,5.693563214429,
    17.203964504085));
#605 = CARTESIAN_POINT('',(10.692659094721,6.684121432167,
    17.192436418784));
#606 = CARTESIAN_POINT('',(10.027427360772,7.609378091083,
    17.180927446747));
#607 = CARTESIAN_POINT('',(9.272785119283,8.458168638495,17.169436387477
    ));
#608 = CARTESIAN_POINT('',(7.585664456715,10.00242456959,17.146198098768
    ));
#609 = CARTESIAN_POINT('',(6.648312480669,10.6942147049,17.134440176679)
  );
#610 = CARTESIAN_POINT('',(5.639452693634,11.284974245074,
    17.122689822952));
#611 = CARTESIAN_POINT('',(4.571960733672,11.76639199685,17.110927675152
    ));
#612 = CARTESIAN_POINT('',(3.459480748863,12.132026421435,
    17.099130697019));
#613 = CARTESIAN_POINT('',(2.31642497696,12.377416402072,17.087280481127
    ));
#614 = CARTESIAN_POINT('',(1.157910706185,12.500000000148,
    17.075430502142));
#615 = CARTESIAN_POINT('',(-3.195974436613E-09,12.5,17.063636178086));
#616 = PCURVE('',#208,#617);
#617 = DEFINITIONAL_REPRESENTATION('',(#618),#698);
#618 = B_SPLINE_CURVE_WITH_KNOTS('',8,(#619,#620,#621,#622,#623,#624,
    #625,#626,#627,#628,#629,#630,#631,#632,#633,#634,#635,#636,#637,
    #638,#639,#640,#641,#642,#643,#644,#645,#646,#647,#648,#649,#650,
    #651,#652,#653,#654,#655,#656,#657,#658,#659,#660,#661,#662,#663,
    #664,#665,#666,#667,#668,#669,#670,#671,#672,#673,#674,#675,#676,
    #677,#678,#679,#680,#681,#682,#683,#684,#685,#686,#687,#688,#689,
    #690,#691,#692,#693,#694,#695,#696,#697),.UNSPECIFIED.,.F.,.F.,(9,7,
    7,7,7,7,7,7,7,7,7,9),(0.,4.914392990254E-02,0.118125172766,
    0.193238853254,0.273697855043,0.376841818734,0.481085694211,
    0.567179295549,0.649863477972,0.777283752394,0.887244510601,1.),
  .UNSPECIFIED.);
#619 = CARTESIAN_POINT('',(4.148812558855E-02,39.586938978948));
#620 = CARTESIAN_POINT('',(4.147053184172E-02,39.624515456841));
#621 = CARTESIAN_POINT('',(4.145317898199E-02,39.662094262633));
#622 = CARTESIAN_POINT('',(4.143761374137E-02,39.699673972134));
#623 = CARTESIAN_POINT('',(4.142505946479E-02,39.737253610457));
#624 = CARTESIAN_POINT('',(4.141641611006E-02,39.774832652016));
#625 = CARTESIAN_POINT('',(4.14122602479E-02,39.812411020527));
#626 = CARTESIAN_POINT('',(4.141284506191E-02,39.849989089011));
#627 = CARTESIAN_POINT('',(4.142547697089E-02,39.940315148332));
#628 = CARTESIAN_POINT('',(4.144432456251E-02,39.993067495923));
#629 = CARTESIAN_POINT('',(4.145868751587E-02,40.045820001367));
#630 = CARTESIAN_POINT('',(4.149479673039E-02,40.098567396738));
#631 = CARTESIAN_POINT('',(4.152137423151E-02,40.151315710682));
#632 = CARTESIAN_POINT('',(4.150846422467E-02,40.204068353257));
#633 = CARTESIAN_POINT('',(4.148917573558E-02,40.256816389718));
#634 = CARTESIAN_POINT('',(4.144644990024E-02,40.366998684748));
#635 = CARTESIAN_POINT('',(4.142218166578E-02,40.424439714939));
#636 = CARTESIAN_POINT('',(4.140605118453E-02,40.481879004668));
#637 = CARTESIAN_POINT('',(4.140297733842E-02,40.539315430589));
#638 = CARTESIAN_POINT('',(4.141317753782E-02,40.596751121997));
#639 = CARTESIAN_POINT('',(4.143338535732E-02,40.654188829179));
#640 = CARTESIAN_POINT('',(4.145877226053E-02,40.711629320658));
#641 = CARTESIAN_POINT('',(4.151428182019E-02,40.830595869307));
#642 = CARTESIAN_POINT('',(4.154456276308E-02,40.89213047938));
#643 = CARTESIAN_POINT('',(4.157131126674E-02,40.953662775046));
#644 = CARTESIAN_POINT('',(4.159008558732E-02,41.015191188677));
#645 = CARTESIAN_POINT('',(4.159849041412E-02,41.07671842998));
#646 = CARTESIAN_POINT('',(4.159659979083E-02,41.138247477012));
#647 = CARTESIAN_POINT('',(4.158641975686E-02,41.199777577769));
#648 = CARTESIAN_POINT('',(4.154984236086E-02,41.340168920927));
#649 = CARTESIAN_POINT('',(4.151971833608E-02,41.419057380198));
#650 = CARTESIAN_POINT('',(4.148531250941E-02,41.497937082542));
#651 = CARTESIAN_POINT('',(4.145416516046E-02,41.576806053531));
#652 = CARTESIAN_POINT('',(4.143215719397E-02,41.655675441841));
#653 = CARTESIAN_POINT('',(4.14216041614E-02,41.734556061681));
#654 = CARTESIAN_POINT('',(4.142135008388E-02,41.813444937702));
#655 = CARTESIAN_POINT('',(4.14364521647E-02,41.972019792045));
#656 = CARTESIAN_POINT('',(4.14519409012E-02,42.05174964993));
#657 = CARTESIAN_POINT('',(4.147278917027E-02,42.131470089687));
#658 = CARTESIAN_POINT('',(4.149437729463E-02,42.211178456981));
#659 = CARTESIAN_POINT('',(4.151250495132E-02,42.290886542314));
#660 = CARTESIAN_POINT('',(4.15248100554E-02,42.370606332822));
#661 = CARTESIAN_POINT('',(4.153110561106E-02,42.450335753087));
#662 = CARTESIAN_POINT('',(4.153389724397E-02,42.595874679974));
#663 = CARTESIAN_POINT('',(4.153190892549E-02,42.661713377059));
#664 = CARTESIAN_POINT('',(4.152729126286E-02,42.727548989672));
#665 = CARTESIAN_POINT('',(4.152140505583E-02,42.793380786732));
#666 = CARTESIAN_POINT('',(4.151577639998E-02,42.859213311867));
#667 = CARTESIAN_POINT('',(4.151165724713E-02,42.925050876027));
#668 = CARTESIAN_POINT('',(4.150972034187E-02,42.99089203342));
#669 = CARTESIAN_POINT('',(4.15100500665E-02,43.119949014781));
#670 = CARTESIAN_POINT('',(4.151217158535E-02,43.18661795414));
#671 = CARTESIAN_POINT('',(4.151657757314E-02,43.255108030527));
#672 = CARTESIAN_POINT('',(4.152283221878E-02,43.324413905748));
#673 = CARTESIAN_POINT('',(4.152911137182E-02,43.393899776556));
#674 = CARTESIAN_POINT('',(4.153340570893E-02,43.4631661706));
#675 = CARTESIAN_POINT('',(4.153446750731E-02,43.532016494881));
#676 = CARTESIAN_POINT('',(4.152770722744E-02,43.706020430796));
#677 = CARTESIAN_POINT('',(4.151472875071E-02,43.811636370635));
#678 = CARTESIAN_POINT('',(4.149085948956E-02,43.917202834835));
#679 = CARTESIAN_POINT('',(4.145848599147E-02,44.022735744942));
#680 = CARTESIAN_POINT('',(4.142770629641E-02,44.128268836939));
#681 = CARTESIAN_POINT('',(4.141322350707E-02,44.233835069166));
#682 = CARTESIAN_POINT('',(4.141938376968E-02,44.339450841427));
#683 = CARTESIAN_POINT('',(4.146071628349E-02,44.536046851776));
#684 = CARTESIAN_POINT('',(4.149181814979E-02,44.627157276649));
#685 = CARTESIAN_POINT('',(4.153192451761E-02,44.718245033025));
#686 = CARTESIAN_POINT('',(4.157305891458E-02,44.809314717066));
#687 = CARTESIAN_POINT('',(4.16023363125E-02,44.900383927725));
#688 = CARTESIAN_POINT('',(4.160726708655E-02,44.991470712654));
#689 = CARTESIAN_POINT('',(4.158845398178E-02,45.082580395973));
#690 = CARTESIAN_POINT('',(4.152151154803E-02,45.267031341055));
#691 = CARTESIAN_POINT('',(4.147264990235E-02,45.360462341095));
#692 = CARTESIAN_POINT('',(4.14187992329E-02,45.45386803204));
#693 = CARTESIAN_POINT('',(4.138119557008E-02,45.547254392126));
#694 = CARTESIAN_POINT('',(4.138343770244E-02,45.640640093944));
#695 = CARTESIAN_POINT('',(4.144396726733E-02,45.734042937291));
#696 = CARTESIAN_POINT('',(4.15010521001E-02,45.827467791176));
#697 = CARTESIAN_POINT('',(4.150098172261E-02,45.920848482242));
#698 = ( GEOMETRIC_REPRESENTATION_CONTEXT(2) 
PARAMETRIC_REPRESENTATION_CONTEXT() REPRESENTATION_CONTEXT('2D SPACE',''
  ) );
#699 = PCURVE('',#700,#705);
#700 = CYLINDRICAL_SURFACE('',#701,12.5);
#701 = AXIS2_PLACEMENT_3D('',#702,#703,#704);
#702 = CARTESIAN_POINT('',(-2.22044604925E-17,0.,22.7));
#703 = DIRECTION('',(-1.110223024625E-16,-0.,1.));
#704 = DIRECTION('',(0.,1.,0.));
#705 = DEFINITIONAL_REPRESENTATION('',(#706),#786);
#706 = B_SPLINE_CURVE_WITH_KNOTS('',8,(#707,#708,#709,#710,#711,#712,
    #713,#714,#715,#716,#717,#718,#719,#720,#721,#722,#723,#724,#725,
    #726,#727,#728,#729,#730,#731,#732,#733,#734,#735,#736,#737,#738,
    #739,#740,#741,#742,#743,#744,#745,#746,#747,#748,#749,#750,#751,
    #752,#753,#754,#755,#756,#757,#758,#759,#760,#761,#762,#763,#764,
    #765,#766,#767,#768,#769,#770,#771,#772,#773,#774,#775,#776,#777,
    #778,#779,#780,#781,#782,#783,#784,#785),.UNSPECIFIED.,.F.,.F.,(9,7,
    7,7,7,7,7,7,7,7,7,9),(0.,4.914392990254E-02,0.118125172766,
    0.193238853254,0.273697855043,0.376841818734,0.481085694211,
    0.567179295549,0.649863477972,0.777283752394,0.887244510601,1.),
  .UNSPECIFIED.);
#707 = CARTESIAN_POINT('',(-6.28318530718,-4.836352634904));
#708 = CARTESIAN_POINT('',(-6.245910231939,-4.841083289014));
#709 = CARTESIAN_POINT('',(-6.208632911667,-4.845814448179));
#710 = CARTESIAN_POINT('',(-6.1713547198,-4.850547287787));
#711 = CARTESIAN_POINT('',(-6.134076580793,-4.855282756626));
#712 = CARTESIAN_POINT('',(-6.096798970122,-4.86002157688));
#713 = CARTESIAN_POINT('',(-6.059521914278,-4.864764244135));
#714 = CARTESIAN_POINT('',(-6.022244990772,-4.86951102737));
#715 = CARTESIAN_POINT('',(-5.932642259608,-4.880930663487));
#716 = CARTESIAN_POINT('',(-5.88031175667,-4.887610025298));
#717 = CARTESIAN_POINT('',(-5.827981776913,-4.894285478448));
#718 = CARTESIAN_POINT('',(-5.775653584894,-4.900979339117));
#719 = CARTESIAN_POINT('',(-5.723326402699,-4.907664965979));
#720 = CARTESIAN_POINT('',(-5.67099897273,-4.914316542884));
#721 = CARTESIAN_POINT('',(-5.618671053471,-4.920961945079));
#722 = CARTESIAN_POINT('',(-5.509368971748,-4.93484100485));
#723 = CARTESIAN_POINT('',(-5.452386991805,-4.942074788803));
#724 = CARTESIAN_POINT('',(-5.395407436461,-4.949315483094));
#725 = CARTESIAN_POINT('',(-5.338431364635,-4.956567256005));
#726 = CARTESIAN_POINT('',(-5.28145639799,-4.963830567071));
#727 = CARTESIAN_POINT('',(-5.224479559356,-4.971102901627));
#728 = CARTESIAN_POINT('',(-5.167499938457,-4.978380125929));
#729 = CARTESIAN_POINT('',(-5.049487647509,-4.993454748694));
#730 = CARTESIAN_POINT('',(-4.988446479125,-5.001253366133));
#731 = CARTESIAN_POINT('',(-4.927407340268,-5.009048596188));
#732 = CARTESIAN_POINT('',(-4.866371780109,-5.016836348924));
#733 = CARTESIAN_POINT('',(-4.805337178747,-5.024614867755));
#734 = CARTESIAN_POINT('',(-4.744300682094,-5.032384593675));
#735 = CARTESIAN_POINT('',(-4.683263129412,-5.040147189401));
#736 = CARTESIAN_POINT('',(-4.54399570926,-5.057847168519));
#737 = CARTESIAN_POINT('',(-4.465738867141,-5.067784724165));
#738 = CARTESIAN_POINT('',(-4.387490906969,-5.077717421963));
#739 = CARTESIAN_POINT('',(-4.309253798805,-5.087651619418));
#740 = CARTESIAN_POINT('',(-4.231016396569,-5.097593877584));
#741 = CARTESIAN_POINT('',(-4.152767830885,-5.107547591266));
#742 = CARTESIAN_POINT('',(-4.074510921162,-5.11751137179));
#743 = CARTESIAN_POINT('',(-3.917206002999,-5.137553288126));
#744 = CARTESIAN_POINT('',(-3.838114461019,-5.147637082282));
#745 = CARTESIAN_POINT('',(-3.75903200848,-5.157724382968));
#746 = CARTESIAN_POINT('',(-3.679961304321,-5.167810807117));
#747 = CARTESIAN_POINT('',(-3.600890755454,-5.177894163552));
#748 = CARTESIAN_POINT('',(-3.521808621688,-5.187973896617));
#749 = CARTESIAN_POINT('',(-3.442717109005,-5.198049580341));
#750 = CARTESIAN_POINT('',(-3.298343068579,-5.216434216661));
#751 = CARTESIAN_POINT('',(-3.233031507845,-5.224748184121));
#752 = CARTESIAN_POINT('',(-3.167723217705,-5.233059458156));
#753 = CARTESIAN_POINT('',(-3.102418939891,-5.241369138779));
#754 = CARTESIAN_POINT('',(-3.03711414591,-5.249679137056));
#755 = CARTESIAN_POINT('',(-2.971804502265,-5.257991094449));
#756 = CARTESIAN_POINT('',(-2.906491364181,-5.266305417812));
#757 = CARTESIAN_POINT('',(-2.778469357693,-5.28260615687));
#758 = CARTESIAN_POINT('',(-2.712335066369,-5.291028588699));
#759 = CARTESIAN_POINT('',(-2.644394169855,-5.299683039624));
#760 = CARTESIAN_POINT('',(-2.575643845684,-5.308442149244));
#761 = CARTESIAN_POINT('',(-2.506714717206,-5.317224014524));
#762 = CARTESIAN_POINT('',(-2.438003050804,-5.325976419787));
#763 = CARTESIAN_POINT('',(-2.369703900725,-5.33467344122));
#764 = CARTESIAN_POINT('',(-2.197092521858,-5.356644960614));
#765 = CARTESIAN_POINT('',(-2.092321439516,-5.369973334448));
#766 = CARTESIAN_POINT('',(-1.987599256136,-5.383285916553));
#767 = CARTESIAN_POINT('',(-1.882910531836,-5.396586809051));
#768 = CARTESIAN_POINT('',(-1.778222190771,-5.409889121055));
#769 = CARTESIAN_POINT('',(-1.673501515536,-5.423209898495));
#770 = CARTESIAN_POINT('',(-1.568731936603,-5.436555020935));
#771 = CARTESIAN_POINT('',(-1.373711028845,-5.461422156095));
#772 = CARTESIAN_POINT('',(-1.283330559692,-5.472957045398));
#773 = CARTESIAN_POINT('',(-1.192972401874,-5.484496961545));
#774 = CARTESIAN_POINT('',(-1.102631860914,-5.496035495914));
#775 = CARTESIAN_POINT('',(-1.012291467183,-5.507563581216));
#776 = CARTESIAN_POINT('',(-0.921933683387,-5.519072553253));
#777 = CARTESIAN_POINT('',(-0.831553618602,-5.530563612523));
#778 = CARTESIAN_POINT('',(-0.648580789829,-5.553801901232));
#779 = CARTESIAN_POINT('',(-0.555899030724,-5.565559823321));
#780 = CARTESIAN_POINT('',(-0.463242988513,-5.577310177048));
#781 = CARTESIAN_POINT('',(-0.370606409104,-5.589072324848));
#782 = CARTESIAN_POINT('',(-0.277969933453,-5.600869302981));
#783 = CARTESIAN_POINT('',(-0.185313947555,-5.612719518873));
#784 = CARTESIAN_POINT('',(-9.263285675049E-02,-5.624569497858));
#785 = CARTESIAN_POINT('',(0.,-5.636363821914));
#786 = ( GEOMETRIC_REPRESENTATION_CONTEXT(2) 
PARAMETRIC_REPRESENTATION_CONTEXT() REPRESENTATION_CONTEXT('2D SPACE',''
  ) );
#787 = ORIENTED_EDGE('',*,*,#788,.F.);
#788 = EDGE_CURVE('',#789,#533,#791,.T.);
#789 = VERTEX_POINT('',#790);
#790 = CARTESIAN_POINT('',(4.259253791244E-16,12.5,18.663605242576));
#791 = SURFACE_CURVE('',#792,(#879,#969),.PCURVE_S1.);
#792 = B_SPLINE_CURVE_WITH_KNOTS('',8,(#793,#794,#795,#796,#797,#798,
    #799,#800,#801,#802,#803,#804,#805,#806,#807,#808,#809,#810,#811,
    #812,#813,#814,#815,#816,#817,#818,#819,#820,#821,#822,#823,#824,
    #825,#826,#827,#828,#829,#830,#831,#832,#833,#834,#835,#836,#837,
    #838,#839,#840,#841,#842,#843,#844,#845,#846,#847,#848,#849,#850,
    #851,#852,#853,#854,#855,#856,#857,#858,#859,#860,#861,#862,#863,
    #864,#865,#866,#867,#868,#869,#870,#871,#872,#873,#874,#875,#876,
    #877,#878),.UNSPECIFIED.,.F.,.F.,(9,7,7,7,7,7,7,7,7,7,7,7,9),(0.,
    9.756328046674E-02,0.14668942218,0.196886523742,0.285082583263,
    0.384066725404,0.475450257338,0.572128519292,0.676150530399,
    0.771561929999,0.859944565464,0.944728289554,1.),.UNSPECIFIED.);
#793 = CARTESIAN_POINT('',(9.307709576126E-15,12.5,18.663605242576));
#794 = CARTESIAN_POINT('',(-0.95361552631,12.5,18.653867508773));
#795 = CARTESIAN_POINT('',(-1.907477786035,12.416855632327,
    18.64413040863));
#796 = CARTESIAN_POINT('',(-2.852771889675,12.250496605326,
    18.634401872005));
#797 = CARTESIAN_POINT('',(-3.781028159558,12.002040944092,
    18.624688090643));
#798 = CARTESIAN_POINT('',(-4.684071893011,11.67357624347,
    18.614990338613));
#799 = CARTESIAN_POINT('',(-5.554015687597,11.268080932855,
    18.605304454869));
#800 = CARTESIAN_POINT('',(-6.383294328471,10.789485552771,
    18.595622987918));
#801 = CARTESIAN_POINT('',(-7.558225529384,9.967638172226,
    18.581064318801));
#802 = CARTESIAN_POINT('',(-7.939625512477,9.675127986859,
    18.576188024958));
#803 = CARTESIAN_POINT('',(-8.308054143346,9.365963245984,
    18.571309517759));
#804 = CARTESIAN_POINT('',(-8.662666814939,9.040814856645,
    18.566427628897));
#805 = CARTESIAN_POINT('',(-9.002662356884,8.7004048741,18.561541625089)
  );
#806 = CARTESIAN_POINT('',(-9.32728303549,8.345506501816,18.556651208077
    ));
#807 = CARTESIAN_POINT('',(-9.635814553749,7.976944091474,
    18.551756514628));
#808 = CARTESIAN_POINT('',(-10.22571822671,7.205928666461,18.54185293237
    ));
#809 = CARTESIAN_POINT('',(-10.50638085704,6.802875144803,
    18.536842446348));
#810 = CARTESIAN_POINT('',(-10.76886358008,6.387362419261,
    18.531829589969));
#811 = CARTESIAN_POINT('',(-11.01252093267,5.960353231785,
    18.526817056847));
#812 = CARTESIAN_POINT('',(-11.2367723507,5.522843225009,18.521807302715
    ));
#813 = CARTESIAN_POINT('',(-11.44110216915,5.075860942241,
    18.516802545423));
#814 = CARTESIAN_POINT('',(-11.62505962207,4.620467827473,
    18.511804764939));
#815 = CARTESIAN_POINT('',(-12.07499906693,3.344779739795,
    18.498049946766));
#816 = CARTESIAN_POINT('',(-12.2977210186,2.509033754739,18.489299254584
    ));
#817 = CARTESIAN_POINT('',(-12.45422042767,1.656632126571,18.48054518329
    ));
#818 = CARTESIAN_POINT('',(-12.54311138548,0.793737870425,18.47177541638
    ));
#819 = CARTESIAN_POINT('',(-12.56369382456,-7.34519381896E-02,
    18.462986256668));
#820 = CARTESIAN_POINT('',(-12.51590187677,-0.938717318186,
    18.454182059769));
#821 = CARTESIAN_POINT('',(-12.40033310954,-1.795820594093,
    18.445371608764));
#822 = CARTESIAN_POINT('',(-12.01412517648,-3.584267403557,
    18.426673596192));
#823 = CARTESIAN_POINT('',(-11.72617199953,-4.512211866726,
    18.416782803455));
#824 = CARTESIAN_POINT('',(-11.35637315562,-5.413313775038,
    18.406901990408));
#825 = CARTESIAN_POINT('',(-10.90775739096,-6.279180944202,
    18.39703772289));
#826 = CARTESIAN_POINT('',(-10.38428785023,-7.101946900294,
    18.387189673949));
#827 = CARTESIAN_POINT('',(-9.790780552023,-7.874243026094,
    18.377352392411));
#828 = CARTESIAN_POINT('',(-9.132961641307,-8.58925023725,18.36751936006
    ));
#829 = CARTESIAN_POINT('',(-7.757290185797,-9.842377829838,
    18.348614124287));
#830 = CARTESIAN_POINT('',(-7.047656658346,-10.39011045034,
    18.339537766582));
#831 = CARTESIAN_POINT('',(-6.294060663959,-10.87913803479,
    18.330458670602));
#832 = CARTESIAN_POINT('',(-5.50222466788,-11.30540303799,
    18.321373675516));
#833 = CARTESIAN_POINT('',(-4.678219088375,-11.66554883085,
    18.312280330893));
#834 = CARTESIAN_POINT('',(-3.828429351155,-11.95687703628,
    18.303178285153));
#835 = CARTESIAN_POINT('',(-2.959566682909,-12.17739375428,
    18.294069784931));
#836 = CARTESIAN_POINT('',(-1.146842808118,-12.48310258753,
    18.275320926639));
#837 = CARTESIAN_POINT('',(-0.201176652217,-12.5597769772,
    18.265676547728));
#838 = CARTESIAN_POINT('',(0.74985323053,-12.55448757994,18.256031904262
    ));
#839 = CARTESIAN_POINT('',(1.697952216606,-12.46692535449,
    18.246390491573));
#840 = CARTESIAN_POINT('',(2.634939099292,-12.29774648454,
    18.236753466168));
#841 = CARTESIAN_POINT('',(3.552751139614,-12.04850398343,
    18.227120384698));
#842 = CARTESIAN_POINT('',(4.443468721134,-11.72171690284,
    18.217490760405));
#843 = CARTESIAN_POINT('',(6.220264573163,-10.89000450925,
    18.197511043314));
#844 = CARTESIAN_POINT('',(7.1014608052,-10.373147603,18.187154973626));
#845 = CARTESIAN_POINT('',(7.933127667305,-9.774965274083,
    18.176801962543));
#846 = CARTESIAN_POINT('',(8.706547774168,-9.101152570688,
    18.166449553527));
#847 = CARTESIAN_POINT('',(9.413927027878,-8.358355261518,
    18.156094227244));
#848 = CARTESIAN_POINT('',(10.048319306663,-7.554068057645,
    18.145733849461));
#849 = CARTESIAN_POINT('',(10.60369181621,-6.696694459183,
    18.135369234416));
#850 = CARTESIAN_POINT('',(11.507615182591,-4.969375476888,
    18.115501789033));
#851 = CARTESIAN_POINT('',(11.869694575355,-4.105936803037,
    18.105994009159));
#852 = CARTESIAN_POINT('',(12.157532968791,-3.212701440997,
    18.096487703981));
#853 = CARTESIAN_POINT('',(12.368363161565,-2.297164024488,
    18.08698527941));
#854 = CARTESIAN_POINT('',(12.500330121691,-1.366993359873,
    18.077487358209));
#855 = CARTESIAN_POINT('',(12.552423980625,-0.430006576839,
    18.067993412371));
#856 = CARTESIAN_POINT('',(12.524538973058,0.505833422691,
    18.058502792897));
#857 = CARTESIAN_POINT('',(12.318651352298,2.290702938174,
    18.040228382261));
#858 = CARTESIAN_POINT('',(12.151827050278,3.141326137612,
    18.031441246067));
#859 = CARTESIAN_POINT('',(11.917893536948,3.977810346049,
    18.022655324066));
#860 = CARTESIAN_POINT('',(11.618309011908,4.793987487629,
    18.013868401625));
#861 = CARTESIAN_POINT('',(11.255167059765,5.583938828808,
    18.005077163707));
#862 = CARTESIAN_POINT('',(10.831157755408,6.341987839856,
    17.996278838622));
#863 = CARTESIAN_POINT('',(10.349604568515,7.062724969377,
    17.987472795606));
#864 = CARTESIAN_POINT('',(9.301335707147,8.391781942184,17.970210165642
    ));
#865 = CARTESIAN_POINT('',(8.724229832383,9.022067517455,17.96151257473)
  );
#866 = CARTESIAN_POINT('',(8.091585627219,9.611293646569,17.952730675648
    ));
#867 = CARTESIAN_POINT('',(7.413398109909,10.148122421698,
    17.943949994205));
#868 = CARTESIAN_POINT('',(6.698795352308,10.627260339961,
    17.935214263637));
#869 = CARTESIAN_POINT('',(5.954156465328,11.046984847942,
    17.926529543905));
#870 = CARTESIAN_POINT('',(5.181956048631,11.407590377894,
    17.917863461448));
#871 = CARTESIAN_POINT('',(3.85475049145,11.903932214744,17.903425968631
    ));
#872 = CARTESIAN_POINT('',(3.321014289752,12.073012414555,17.89773296976
    ));
#873 = CARTESIAN_POINT('',(2.778877055148,12.214720320368,17.89204456606
    ));
#874 = CARTESIAN_POINT('',(2.229946673402,12.328583516638,
    17.886360406371));
#875 = CARTESIAN_POINT('',(1.675874688212,12.414234118408,
    17.880679724641));
#876 = CARTESIAN_POINT('',(1.118357117452,12.471416339051,
    17.875001409924));
#877 = CARTESIAN_POINT('',(0.559135760982,12.500000002503,
    17.869324252359));
#878 = CARTESIAN_POINT('',(1.650195009916E-14,12.5,17.863647365096));
#879 = PCURVE('',#208,#880);
#880 = DEFINITIONAL_REPRESENTATION('',(#881),#968);
#881 = B_SPLINE_CURVE_WITH_KNOTS('',8,(#882,#883,#884,#885,#886,#887,
    #888,#889,#890,#891,#892,#893,#894,#895,#896,#897,#898,#899,#900,
    #901,#902,#903,#904,#905,#906,#907,#908,#909,#910,#911,#912,#913,
    #914,#915,#916,#917,#918,#919,#920,#921,#922,#923,#924,#925,#926,
    #927,#928,#929,#930,#931,#932,#933,#934,#935,#936,#937,#938,#939,
    #940,#941,#942,#943,#944,#945,#946,#947,#948,#949,#950,#951,#952,
    #953,#954,#955,#956,#957,#958,#959,#960,#961,#962,#963,#964,#965,
    #966,#967),.UNSPECIFIED.,.F.,.F.,(9,7,7,7,7,7,7,7,7,7,7,7,9),(0.,
    9.756328046674E-02,0.14668942218,0.196886523742,0.285082583263,
    0.384066725404,0.475450257338,0.572128519292,0.676150530399,
    0.771561929999,0.859944565464,0.944728289554,1.),.UNSPECIFIED.);
#882 = CARTESIAN_POINT('',(4.153633557972E-02,33.253027896444));
#883 = CARTESIAN_POINT('',(4.156406429458E-02,33.329932944741));
#884 = CARTESIAN_POINT('',(4.158827877711E-02,33.406857355366));
#885 = CARTESIAN_POINT('',(4.160381935667E-02,33.483774139197));
#886 = CARTESIAN_POINT('',(4.160398207635E-02,33.560680781748));
#887 = CARTESIAN_POINT('',(4.158588802252E-02,33.637587168145));
#888 = CARTESIAN_POINT('',(4.155280756823E-02,33.714503555764));
#889 = CARTESIAN_POINT('',(4.151343953082E-02,33.791428594539));
#890 = CARTESIAN_POINT('',(4.146037347357E-02,33.907063364472));
#891 = CARTESIAN_POINT('',(4.144335295364E-02,33.945788952433));
#892 = CARTESIAN_POINT('',(4.142883504544E-02,33.984514703229));
#893 = CARTESIAN_POINT('',(4.141812213146E-02,34.02324083167));
#894 = CARTESIAN_POINT('',(4.14120676149E-02,34.061967222965));
#895 = CARTESIAN_POINT('',(4.141107591965E-02,34.100693432726));
#896 = CARTESIAN_POINT('',(4.141510249025E-02,34.139418686961));
#897 = CARTESIAN_POINT('',(4.143239151381E-02,34.217709250705));
#898 = CARTESIAN_POINT('',(4.144711090772E-02,34.257277100299));
#899 = CARTESIAN_POINT('',(4.146448736112E-02,34.296845282087));
#900 = CARTESIAN_POINT('',(4.148146643805E-02,34.336413657733));
#901 = CARTESIAN_POINT('',(4.149526387917E-02,34.375982099342));
#902 = CARTESIAN_POINT('',(4.150336560174E-02,34.415550489461));
#903 = CARTESIAN_POINT('',(4.150352769966E-02,34.455118721076));
#904 = CARTESIAN_POINT('',(4.147664353436E-02,34.564207436963));
#905 = CARTESIAN_POINT('',(4.144042235844E-02,34.633741336858));
#906 = CARTESIAN_POINT('',(4.140863125771E-02,34.70327126219));
#907 = CARTESIAN_POINT('',(4.139570310508E-02,34.772794598852));
#908 = CARTESIAN_POINT('',(4.140510396175E-02,34.842316572051));
#909 = CARTESIAN_POINT('',(4.143094962468E-02,34.911843516601));
#910 = CARTESIAN_POINT('',(4.1463120064E-02,34.981376099184));
#911 = CARTESIAN_POINT('',(4.1532629601E-02,35.128933307618));
#912 = CARTESIAN_POINT('',(4.15698939085E-02,35.206984034453));
#913 = CARTESIAN_POINT('',(4.159709837066E-02,35.285025535309));
#914 = CARTESIAN_POINT('',(4.160710830133E-02,35.363055321994));
#915 = CARTESIAN_POINT('',(4.159873069152E-02,35.441084259889));
#916 = CARTESIAN_POINT('',(4.157657462972E-02,35.519123533656));
#917 = CARTESIAN_POINT('',(4.154826208122E-02,35.597171874681));
#918 = CARTESIAN_POINT('',(4.149196373705E-02,35.747242513017));
#919 = CARTESIAN_POINT('',(4.146420804303E-02,35.819296105059));
#920 = CARTESIAN_POINT('',(4.144037076538E-02,35.891344194087));
#921 = CARTESIAN_POINT('',(4.142435617586E-02,35.963384720433));
#922 = CARTESIAN_POINT('',(4.141797508032E-02,36.035424522914));
#923 = CARTESIAN_POINT('',(4.142059839797E-02,36.107470749215));
#924 = CARTESIAN_POINT('',(4.142981323705E-02,36.179522350798));
#925 = CARTESIAN_POINT('',(4.145711845315E-02,36.327774906491));
#926 = CARTESIAN_POINT('',(4.147566620724E-02,36.404004522207));
#927 = CARTESIAN_POINT('',(4.149563275434E-02,36.480226389913));
#928 = CARTESIAN_POINT('',(4.151325725355E-02,36.556438925815));
#929 = CARTESIAN_POINT('',(4.152583555263E-02,36.632651732889));
#930 = CARTESIAN_POINT('',(4.153252055093E-02,36.708874197854));
#931 = CARTESIAN_POINT('',(4.153419737048E-02,36.785104034136));
#932 = CARTESIAN_POINT('',(4.153053530271E-02,36.943316604887));
#933 = CARTESIAN_POINT('',(4.152466043835E-02,37.025350378918));
#934 = CARTESIAN_POINT('',(4.151673959951E-02,37.107374130067));
#935 = CARTESIAN_POINT('',(4.150983992045E-02,37.189386030015));
#936 = CARTESIAN_POINT('',(4.150660649407E-02,37.271395592892));
#937 = CARTESIAN_POINT('',(4.150788610291E-02,37.353413841984));
#938 = CARTESIAN_POINT('',(4.151235497263E-02,37.435443514251));
#939 = CARTESIAN_POINT('',(4.152312506576E-02,37.59266706402));
#940 = CARTESIAN_POINT('',(4.152921650556E-02,37.667901584224));
#941 = CARTESIAN_POINT('',(4.153476369043E-02,37.743128204636));
#942 = CARTESIAN_POINT('',(4.153736157901E-02,37.818344561369));
#943 = CARTESIAN_POINT('',(4.153500698673E-02,37.89355962056));
#944 = CARTESIAN_POINT('',(4.152692923453E-02,37.968782909076));
#945 = CARTESIAN_POINT('',(4.15139276979E-02,38.044014019674));
#946 = CARTESIAN_POINT('',(4.148366224406E-02,38.18890957686));
#947 = CARTESIAN_POINT('',(4.146678375542E-02,38.258597833485));
#948 = CARTESIAN_POINT('',(4.144915546007E-02,38.328281678562));
#949 = CARTESIAN_POINT('',(4.143348643252E-02,38.397959852319));
#950 = CARTESIAN_POINT('',(4.142272517712E-02,38.467638146283));
#951 = CARTESIAN_POINT('',(4.141923547215E-02,38.537322106576));
#952 = CARTESIAN_POINT('',(4.142404303298E-02,38.607009611379));
#953 = CARTESIAN_POINT('',(4.144776984148E-02,38.743519943491));
#954 = CARTESIAN_POINT('',(4.146645989577E-02,38.812252482622));
#955 = CARTESIAN_POINT('',(4.149187380197E-02,38.881605876158));
#956 = CARTESIAN_POINT('',(4.152152272242E-02,38.950920249055));
#957 = CARTESIAN_POINT('',(4.15503128224E-02,39.019884686128));
#958 = CARTESIAN_POINT('',(4.157345142367E-02,39.088484456957));
#959 = CARTESIAN_POINT('',(4.158742624343E-02,39.157000241696));
#960 = CARTESIAN_POINT('',(4.159233202869E-02,39.271273434325));
#961 = CARTESIAN_POINT('',(4.158953423079E-02,39.316366205522));
#962 = CARTESIAN_POINT('',(4.158177618398E-02,39.361457970283));
#963 = CARTESIAN_POINT('',(4.156887892935E-02,39.406551291804));
#964 = CARTESIAN_POINT('',(4.155142263663E-02,39.451647711469));
#965 = CARTESIAN_POINT('',(4.153090010043E-02,39.496747054125));
#966 = CARTESIAN_POINT('',(4.150931206871E-02,39.54184643782));
#967 = CARTESIAN_POINT('',(4.148820440372E-02,39.586938987975));
#968 = ( GEOMETRIC_REPRESENTATION_CONTEXT(2) 
PARAMETRIC_REPRESENTATION_CONTEXT() REPRESENTATION_CONTEXT('2D SPACE',''
  ) );
#969 = PCURVE('',#970,#975);
#970 = CYLINDRICAL_SURFACE('',#971,12.5);
#971 = AXIS2_PLACEMENT_3D('',#972,#973,#974);
#972 = CARTESIAN_POINT('',(-2.22044604925E-17,0.,22.7));
#973 = DIRECTION('',(-1.110223024625E-16,-0.,1.));
#974 = DIRECTION('',(0.,1.,0.));
#975 = DEFINITIONAL_REPRESENTATION('',(#976),#1063);
#976 = B_SPLINE_CURVE_WITH_KNOTS('',8,(#977,#978,#979,#980,#981,#982,
    #983,#984,#985,#986,#987,#988,#989,#990,#991,#992,#993,#994,#995,
    #996,#997,#998,#999,#1000,#1001,#1002,#1003,#1004,#1005,#1006,#1007,
    #1008,#1009,#1010,#1011,#1012,#1013,#1014,#1015,#1016,#1017,#1018,
    #1019,#1020,#1021,#1022,#1023,#1024,#1025,#1026,#1027,#1028,#1029,
    #1030,#1031,#1032,#1033,#1034,#1035,#1036,#1037,#1038,#1039,#1040,
    #1041,#1042,#1043,#1044,#1045,#1046,#1047,#1048,#1049,#1050,#1051,
    #1052,#1053,#1054,#1055,#1056,#1057,#1058,#1059,#1060,#1061,#1062),
  .UNSPECIFIED.,.F.,.F.,(9,7,7,7,7,7,7,7,7,7,7,7,9),(0.,
    9.756328046674E-02,0.14668942218,0.196886523742,0.285082583263,
    0.384066725404,0.475450257338,0.572128519292,0.676150530399,
    0.771561929999,0.859944565464,0.944728289554,1.),.UNSPECIFIED.);
#977 = CARTESIAN_POINT('',(-6.28318530718,-4.036394757424));
#978 = CARTESIAN_POINT('',(-6.206896065075,-4.046132491227));
#979 = CARTESIAN_POINT('',(-6.130587479708,-4.05586959137));
#980 = CARTESIAN_POINT('',(-6.054286342043,-4.065598127995));
#981 = CARTESIAN_POINT('',(-5.977995293734,-4.075311909357));
#982 = CARTESIAN_POINT('',(-5.901704745179,-4.085009661387));
#983 = CARTESIAN_POINT('',(-5.825404711144,-4.094695545131));
#984 = CARTESIAN_POINT('',(-5.749096563956,-4.104377012082));
#985 = CARTESIAN_POINT('',(-5.634389383535,-4.118935681199));
#986 = CARTESIAN_POINT('',(-5.595974500076,-4.123811975042));
#987 = CARTESIAN_POINT('',(-5.557559460049,-4.12869048224));
#988 = CARTESIAN_POINT('',(-5.519143997328,-4.133572371103));
#989 = CARTESIAN_POINT('',(-5.480728173503,-4.138458374911));
#990 = CARTESIAN_POINT('',(-5.442312377879,-4.143348791923));
#991 = CARTESIAN_POINT('',(-5.40389732748,-4.148243485372));
#992 = CARTESIAN_POINT('',(-5.326233389738,-4.15814706763));
#993 = CARTESIAN_POINT('',(-5.286981697648,-4.163157553652));
#994 = CARTESIAN_POINT('',(-5.247729544809,-4.168170410031));
#995 = CARTESIAN_POINT('',(-5.208477325596,-4.173182943153));
#996 = CARTESIAN_POINT('',(-5.169225274727,-4.178192697285));
#997 = CARTESIAN_POINT('',(-5.129973467257,-4.183197454577));
#998 = CARTESIAN_POINT('',(-5.090721818582,-4.188195235061));
#999 = CARTESIAN_POINT('',(-4.982504981413,-4.201950053234));
#1000 = CARTESIAN_POINT('',(-4.913525893329,-4.210700745416));
#1001 = CARTESIAN_POINT('',(-4.844551836914,-4.21945481671));
#1002 = CARTESIAN_POINT('',(-4.775585536666,-4.22822458362));
#1003 = CARTESIAN_POINT('',(-4.706621262414,-4.237013743332));
#1004 = CARTESIAN_POINT('',(-4.637652228711,-4.245817940231));
#1005 = CARTESIAN_POINT('',(-4.568677556071,-4.254628391236));
#1006 = CARTESIAN_POINT('',(-4.422303819458,-4.273326403808));
#1007 = CARTESIAN_POINT('',(-4.344878822319,-4.283217196545));
#1008 = CARTESIAN_POINT('',(-4.267462485523,-4.293098009592));
#1009 = CARTESIAN_POINT('',(-4.190057383916,-4.30296227711));
#1010 = CARTESIAN_POINT('',(-4.112652968148,-4.312810326051));
#1011 = CARTESIAN_POINT('',(-4.035238351662,-4.322647607589));
#1012 = CARTESIAN_POINT('',(-3.957814900793,-4.33248063994));
#1013 = CARTESIAN_POINT('',(-3.808946084086,-4.351385875713));
#1014 = CARTESIAN_POINT('',(-3.73746965333,-4.360462233418));
#1015 = CARTESIAN_POINT('',(-3.665998819414,-4.369541329398));
#1016 = CARTESIAN_POINT('',(-3.594535551999,-4.378626324484));
#1017 = CARTESIAN_POINT('',(-3.523072963023,-4.387719669107));
#1018 = CARTESIAN_POINT('',(-3.451603868529,-4.396821714847));
#1019 = CARTESIAN_POINT('',(-3.380129256004,-4.405930215069));
#1020 = CARTESIAN_POINT('',(-3.233063540364,-4.424679073361));
#1021 = CARTESIAN_POINT('',(-3.157443983998,-4.434323452272));
#1022 = CARTESIAN_POINT('',(-3.081831912307,-4.443968095738));
#1023 = CARTESIAN_POINT('',(-3.006228971029,-4.453609508427));
#1024 = CARTESIAN_POINT('',(-2.930625754629,-4.463246533832));
#1025 = CARTESIAN_POINT('',(-2.855013082912,-4.472879615302));
#1026 = CARTESIAN_POINT('',(-2.779393327081,-4.482509239595));
#1027 = CARTESIAN_POINT('',(-2.622447496825,-4.502488956686));
#1028 = CARTESIAN_POINT('',(-2.541070833961,-4.512845026374));
#1029 = CARTESIAN_POINT('',(-2.459704461231,-4.523198037457));
#1030 = CARTESIAN_POINT('',(-2.378350165318,-4.533550446473));
#1031 = CARTESIAN_POINT('',(-2.296998378036,-4.543905772756));
#1032 = CARTESIAN_POINT('',(-2.215637982407,-4.554266150539));
#1033 = CARTESIAN_POINT('',(-2.13426610502,-4.564630765584));
#1034 = CARTESIAN_POINT('',(-1.978302861784,-4.584498210967));
#1035 = CARTESIAN_POINT('',(-1.903671218094,-4.594005990841));
#1036 = CARTESIAN_POINT('',(-1.829047131397,-4.603512296019));
#1037 = CARTESIAN_POINT('',(-1.754432920645,-4.61301472059));
#1038 = CARTESIAN_POINT('',(-1.679819731837,-4.622512641791));
#1039 = CARTESIAN_POINT('',(-1.605198213449,-4.632006587629));
#1040 = CARTESIAN_POINT('',(-1.530568894661,-4.641497207103));
#1041 = CARTESIAN_POINT('',(-1.386832493712,-4.659771617739));
#1042 = CARTESIAN_POINT('',(-1.317701785243,-4.668558753933));
#1043 = CARTESIAN_POINT('',(-1.24857557529,-4.677344675934));
#1044 = CARTESIAN_POINT('',(-1.17945517666,-4.686131598375));
#1045 = CARTESIAN_POINT('',(-1.110334861539,-4.694922836293));
#1046 = CARTESIAN_POINT('',(-1.041209091332,-4.703721161378));
#1047 = CARTESIAN_POINT('',(-0.972079895514,-4.712527204394));
#1048 = CARTESIAN_POINT('',(-0.836663263326,-4.729789834358));
#1049 = CARTESIAN_POINT('',(-0.768481414039,-4.73848742527));
#1050 = CARTESIAN_POINT('',(-0.699683636307,-4.747269324352));
#1051 = CARTESIAN_POINT('',(-0.630924435581,-4.756050005795));
#1052 = CARTESIAN_POINT('',(-0.562512194129,-4.764785736363));
#1053 = CARTESIAN_POINT('',(-0.494461575437,-4.773470456095));
#1054 = CARTESIAN_POINT('',(-0.42649423799,-4.782136538552));
#1055 = CARTESIAN_POINT('',(-0.313135908856,-4.796574031369));
#1056 = CARTESIAN_POINT('',(-0.268404178653,-4.80226703024));
#1057 = CARTESIAN_POINT('',(-0.223673529907,-4.80795543394));
#1058 = CARTESIAN_POINT('',(-0.178941430785,-4.813639593629));
#1059 = CARTESIAN_POINT('',(-0.134206371463,-4.819320275359));
#1060 = CARTESIAN_POINT('',(-8.946855886684E-02,-4.824998590076));
#1061 = CARTESIAN_POINT('',(-4.473086087854E-02,-4.830675747641));
#1062 = CARTESIAN_POINT('',(0.,-4.836352634904));
#1063 = ( GEOMETRIC_REPRESENTATION_CONTEXT(2) 
PARAMETRIC_REPRESENTATION_CONTEXT() REPRESENTATION_CONTEXT('2D SPACE',''
  ) );
#1064 = ORIENTED_EDGE('',*,*,#1065,.F.);
#1065 = EDGE_CURVE('',#1066,#789,#1068,.T.);
#1066 = VERTEX_POINT('',#1067);
#1067 = CARTESIAN_POINT('',(3.370979535304E-16,12.5,19.463691564186));
#1068 = SURFACE_CURVE('',#1069,(#1149,#1232),.PCURVE_S1.);
#1069 = B_SPLINE_CURVE_WITH_KNOTS('',8,(#1070,#1071,#1072,#1073,#1074,
    #1075,#1076,#1077,#1078,#1079,#1080,#1081,#1082,#1083,#1084,#1085,
    #1086,#1087,#1088,#1089,#1090,#1091,#1092,#1093,#1094,#1095,#1096,
    #1097,#1098,#1099,#1100,#1101,#1102,#1103,#1104,#1105,#1106,#1107,
    #1108,#1109,#1110,#1111,#1112,#1113,#1114,#1115,#1116,#1117,#1118,
    #1119,#1120,#1121,#1122,#1123,#1124,#1125,#1126,#1127,#1128,#1129,
    #1130,#1131,#1132,#1133,#1134,#1135,#1136,#1137,#1138,#1139,#1140,
    #1141,#1142,#1143,#1144,#1145,#1146,#1147,#1148),.UNSPECIFIED.,.F.,
  .F.,(9,7,7,7,7,7,7,7,7,7,7,9),(0.,8.240068208792E-02,0.179860767723,
    0.246400478613,0.295052726995,0.339747947767,0.440310984085,
    0.567037668922,0.663012823351,0.755813181426,0.878264625438,1.),
  .UNSPECIFIED.);
#1070 = CARTESIAN_POINT('',(-4.99197256467E-15,12.5,19.463691564186));
#1071 = CARTESIAN_POINT('',(-0.808892692705,12.5,19.455461534633));
#1072 = CARTESIAN_POINT('',(-1.617847024879,12.440177476922,
    19.447227398155));
#1073 = CARTESIAN_POINT('',(-2.42157838953,12.32051742844,
    19.438988750491));
#1074 = CARTESIAN_POINT('',(-3.21493817844,12.141586266184,
    19.430744215528));
#1075 = CARTESIAN_POINT('',(-3.992899005916,11.904454820406,
    19.422492887241));
#1076 = CARTESIAN_POINT('',(-4.750553885123,11.61067466429,
    19.414235303839));
#1077 = CARTESIAN_POINT('',(-5.483129356999,11.262307757909,
    19.405973954102));
#1078 = CARTESIAN_POINT('',(-7.017353484994,10.388553244926,
    19.387942978065));
#1079 = CARTESIAN_POINT('',(-7.807494933444,9.842256487878,
    19.378169838517));
#1080 = CARTESIAN_POINT('',(-8.548661818749,9.227466610519,
    19.368401678348));
#1081 = CARTESIAN_POINT('',(-9.233985749005,8.549402247736,
    19.358645343367));
#1082 = CARTESIAN_POINT('',(-9.857346459395,7.813984934253,
    19.34890411898));
#1083 = CARTESIAN_POINT('',(-10.41332290824,7.02777306875,
    19.339176886238));
#1084 = CARTESIAN_POINT('',(-10.89725404845,6.197998107322,
    19.329459059072));
#1085 = CARTESIAN_POINT('',(-11.58407238603,4.741933064244,
    19.313113351456));
#1086 = CARTESIAN_POINT('',(-11.82747353927,4.134480496493,
    19.306481942711));
#1087 = CARTESIAN_POINT('',(-12.03442100574,3.512850285973,
    19.299849221985));
#1088 = CARTESIAN_POINT('',(-12.20396524419,2.879608473005,
    19.293212109247));
#1089 = CARTESIAN_POINT('',(-12.33537670778,2.23737525743,19.28656751779
    ));
#1090 = CARTESIAN_POINT('',(-12.42813891618,1.588821624226,
    19.279913577457));
#1091 = CARTESIAN_POINT('',(-12.48195679258,0.936669472583,
    19.273250862261));
#1092 = CARTESIAN_POINT('',(-12.5076188352,-0.193743918556,
    19.261708695727));
#1093 = CARTESIAN_POINT('',(-12.49761090527,-0.671671108213,
    19.256828806377));
#1094 = CARTESIAN_POINT('',(-12.46673151134,-1.149011347059,
    19.251948689737));
#1095 = CARTESIAN_POINT('',(-12.41502086538,-1.624697969743,
    19.247071860028));
#1096 = CARTESIAN_POINT('',(-12.3425843557,-2.097672619028,
    19.242200610292));
#1097 = CARTESIAN_POINT('',(-12.24959254701,-2.566885245795,
    19.237336012388));
#1098 = CARTESIAN_POINT('',(-12.13628118036,-3.03129410904,
    19.232477916998));
#1099 = CARTESIAN_POINT('',(-11.88046527987,-3.911140487126,
    19.223166695746));
#1100 = CARTESIAN_POINT('',(-11.74108209914,-4.327501752016,
    19.218711027809));
#1101 = CARTESIAN_POINT('',(-11.58503143973,-4.73815695448,
    19.214255501435));
#1102 = CARTESIAN_POINT('',(-11.41258660795,-5.142330270979,
    19.209798250777));
#1103 = CARTESIAN_POINT('',(-11.22406440772,-5.5392626705,
    19.205337992516));
#1104 = CARTESIAN_POINT('',(-11.01982514056,-5.928211914558,
    19.200874025865));
#1105 = CARTESIAN_POINT('',(-10.80027260556,-6.308452557192,
    19.196406232567));
#1106 = CARTESIAN_POINT('',(-10.03841880914,-7.513618524955,
    19.18187509771));
#1107 = CARTESIAN_POINT('',(-9.435516790192,-8.300629130578,
    19.17179392931));
#1108 = CARTESIAN_POINT('',(-8.762309914372,-9.031964852428,
    19.161698490049));
#1109 = CARTESIAN_POINT('',(-8.024909657547,-9.700368221217,
    19.151601792799));
#1110 = CARTESIAN_POINT('',(-7.230173128595,-10.29947102006,19.141514832
    ));
#1111 = CARTESIAN_POINT('',(-6.385639409301,-10.82372778172,
    19.131442254409));
#1112 = CARTESIAN_POINT('',(-5.49958380108,-11.26849325289,
    19.121383212979));
#1113 = CARTESIAN_POINT('',(-3.423805506061,-12.0861439128,
    19.098681123289));
#1114 = CARTESIAN_POINT('',(-2.213756817194,-12.41073426599,
    19.086032447632));
#1115 = CARTESIAN_POINT('',(-0.96961673156,-12.59632039702,
    19.073399679416));
#1116 = CARTESIAN_POINT('',(0.28989641443,-12.63927364916,
    19.060766894047));
#1117 = CARTESIAN_POINT('',(1.546091893997,-12.53861017847,
    19.048117253719));
#1118 = CARTESIAN_POINT('',(2.780359440571,-12.29619557173,
    19.035446681805));
#1119 = CARTESIAN_POINT('',(3.974224053003,-11.91649917053,
    19.022758246688));
#1120 = CARTESIAN_POINT('',(5.969296518322,-11.02293230237,
    19.000463122415));
#1121 = CARTESIAN_POINT('',(6.796108714228,-10.56369953297,
    18.990848866032));
#1122 = CARTESIAN_POINT('',(7.582186514259,-10.03373308192,
    18.981234301938));
#1123 = CARTESIAN_POINT('',(8.320521655721,-9.437334406086,
    18.971622897928));
#1124 = CARTESIAN_POINT('',(9.004727817036,-8.779536391566,
    18.962015822801));
#1125 = CARTESIAN_POINT('',(9.629007477434,-8.066044467245,
    18.952412667436));
#1126 = CARTESIAN_POINT('',(10.188209448799,-7.30327962278,
    18.942812968741));
#1127 = CARTESIAN_POINT('',(11.151543512451,-5.720387859912,
    18.923941481854));
#1128 = CARTESIAN_POINT('',(11.560426186452,-4.9026108038,
    18.914664856641));
#1129 = CARTESIAN_POINT('',(11.900578593985,-4.051715369652,
    18.905390432484));
#1130 = CARTESIAN_POINT('',(12.168944002578,-3.174501121599,
    18.896116683011));
#1131 = CARTESIAN_POINT('',(12.363288063991,-2.277984792548,
    18.886841027981));
#1132 = CARTESIAN_POINT('',(12.482141147089,-1.369372827212,
    18.877561657341));
#1133 = CARTESIAN_POINT('',(12.524850394561,-0.456065656729,
    18.868278935197));
#1134 = CARTESIAN_POINT('',(12.448053832411,1.65555554033,
    18.846747919803));
#1135 = CARTESIAN_POINT('',(12.272321468181,2.852716027109,
    18.83448938854));
#1136 = CARTESIAN_POINT('',(11.964927758335,4.027741440645,
    18.822234243451));
#1137 = CARTESIAN_POINT('',(11.529491792792,5.163857974036,
    18.809985691343));
#1138 = CARTESIAN_POINT('',(10.971765700898,6.245201414944,
    18.797745914598));
#1139 = CARTESIAN_POINT('',(10.299756368236,7.25691820261,
    18.785512862363));
#1140 = CARTESIAN_POINT('',(9.523568989579,8.185142087978,
    18.773281435723));
#1141 = CARTESIAN_POINT('',(7.794312025188,9.845139290014,
    18.748904717112));
#1142 = CARTESIAN_POINT('',(6.841313927297,10.578979422024,
    18.736745410872));
#1143 = CARTESIAN_POINT('',(5.810005531516,11.206649570547,
    18.724584748848));
#1144 = CARTESIAN_POINT('',(4.714386293197,11.718771364712,
    18.712414957773));
#1145 = CARTESIAN_POINT('',(3.569348522548,12.108052253221,
    18.700227518859));
#1146 = CARTESIAN_POINT('',(2.39068374419,12.369438068466,
    18.688022121951));
#1147 = CARTESIAN_POINT('',(1.194997881331,12.5,18.675807824164));
#1148 = CARTESIAN_POINT('',(9.307709576126E-15,12.5,18.663605242576));
#1149 = PCURVE('',#208,#1150);
#1150 = DEFINITIONAL_REPRESENTATION('',(#1151),#1231);
#1151 = B_SPLINE_CURVE_WITH_KNOTS('',8,(#1152,#1153,#1154,#1155,#1156,
    #1157,#1158,#1159,#1160,#1161,#1162,#1163,#1164,#1165,#1166,#1167,
    #1168,#1169,#1170,#1171,#1172,#1173,#1174,#1175,#1176,#1177,#1178,
    #1179,#1180,#1181,#1182,#1183,#1184,#1185,#1186,#1187,#1188,#1189,
    #1190,#1191,#1192,#1193,#1194,#1195,#1196,#1197,#1198,#1199,#1200,
    #1201,#1202,#1203,#1204,#1205,#1206,#1207,#1208,#1209,#1210,#1211,
    #1212,#1213,#1214,#1215,#1216,#1217,#1218,#1219,#1220,#1221,#1222,
    #1223,#1224,#1225,#1226,#1227,#1228,#1229,#1230),.UNSPECIFIED.,.F.,
  .F.,(9,7,7,7,7,7,7,7,7,7,7,9),(0.,8.240068208792E-02,0.179860767723,
    0.246400478613,0.295052726995,0.339747947767,0.440310984085,
    0.567037668922,0.663012823351,0.755813181426,0.878264625438,1.),
  .UNSPECIFIED.);
#1152 = CARTESIAN_POINT('',(4.143795695054E-02,26.919116808627));
#1153 = CARTESIAN_POINT('',(4.142738105504E-02,26.984350512467));
#1154 = CARTESIAN_POINT('',(4.142077305316E-02,27.049589205631));
#1155 = CARTESIAN_POINT('',(4.141994108667E-02,27.114823545025));
#1156 = CARTESIAN_POINT('',(4.142641513852E-02,27.180053811789));
#1157 = CARTESIAN_POINT('',(4.144051285021E-02,27.245284975633));
#1158 = CARTESIAN_POINT('',(4.146096560449E-02,27.310521576185));
#1159 = CARTESIAN_POINT('',(4.14851048732E-02,27.375762421337));
#1160 = CARTESIAN_POINT('',(4.153859108778E-02,27.518149593805));
#1161 = CARTESIAN_POINT('',(4.156798320823E-02,27.595323423383));
#1162 = CARTESIAN_POINT('',(4.159291423999E-02,27.672488777247));
#1163 = CARTESIAN_POINT('',(4.160594010314E-02,27.749643096866));
#1164 = CARTESIAN_POINT('',(4.160183705237E-02,27.826796609704));
#1165 = CARTESIAN_POINT('',(4.158033758324E-02,27.903960031148));
#1166 = CARTESIAN_POINT('',(4.154680878198E-02,27.981132437929));
#1167 = CARTESIAN_POINT('',(4.148633847359E-02,28.110967249117));
#1168 = CARTESIAN_POINT('',(4.146064437848E-02,28.163648933955));
#1169 = CARTESIAN_POINT('',(4.143654542209E-02,28.216329940865));
#1170 = CARTESIAN_POINT('',(4.141767719806E-02,28.26900943421));
#1171 = CARTESIAN_POINT('',(4.140743391965E-02,28.321688305648));
#1172 = CARTESIAN_POINT('',(4.140783412292E-02,28.374367358272));
#1173 = CARTESIAN_POINT('',(4.141837445862E-02,28.42704553864));
#1174 = CARTESIAN_POINT('',(4.144693386878E-02,28.518231221641));
#1175 = CARTESIAN_POINT('',(4.146461212191E-02,28.556744558458));
#1176 = CARTESIAN_POINT('',(4.148247663829E-02,28.59525840035));
#1177 = CARTESIAN_POINT('',(4.149651791812E-02,28.633772738006));
#1178 = CARTESIAN_POINT('',(4.150414665557E-02,28.672287379588));
#1179 = CARTESIAN_POINT('',(4.15041937388E-02,28.71080195073));
#1180 = CARTESIAN_POINT('',(4.149691024999E-02,28.749315894541));
#1181 = CARTESIAN_POINT('',(4.147207735455E-02,28.823208709752));
#1182 = CARTESIAN_POINT('',(4.145728404106E-02,28.858588584856));
#1183 = CARTESIAN_POINT('',(4.144230448656E-02,28.893968632652));
#1184 = CARTESIAN_POINT('',(4.142922760824E-02,28.929349133804));
#1185 = CARTESIAN_POINT('',(4.141951427868E-02,28.964730113901));
#1186 = CARTESIAN_POINT('',(4.141399732593E-02,29.000111343459));
#1187 = CARTESIAN_POINT('',(4.141288153341E-02,29.035492337923));
#1188 = CARTESIAN_POINT('',(4.142218330235E-02,29.150476443923));
#1189 = CARTESIAN_POINT('',(4.144902751256E-02,29.230106740467));
#1190 = CARTESIAN_POINT('',(4.149347098294E-02,29.309727931504));
#1191 = CARTESIAN_POINT('',(4.154070028917E-02,29.38933975445));
#1192 = CARTESIAN_POINT('',(4.157685771065E-02,29.468951297953));
#1193 = CARTESIAN_POINT('',(4.159528995243E-02,29.548571928405));
#1194 = CARTESIAN_POINT('',(4.159690043285E-02,29.62820208534));
#1195 = CARTESIAN_POINT('',(4.157096132088E-02,29.808123275211));
#1196 = CARTESIAN_POINT('',(4.153575892019E-02,29.908511952344));
#1197 = CARTESIAN_POINT('',(4.148754867978E-02,30.008864924096));
#1198 = CARTESIAN_POINT('',(4.144327485125E-02,30.109190724234));
#1199 = CARTESIAN_POINT('',(4.141843390205E-02,30.209515160099));
#1200 = CARTESIAN_POINT('',(4.141393506798E-02,30.309864200154));
#1201 = CARTESIAN_POINT('',(4.142450232412E-02,30.41025015214));
#1202 = CARTESIAN_POINT('',(4.145686575711E-02,30.586544780154));
#1203 = CARTESIAN_POINT('',(4.147532262189E-02,30.662536534655));
#1204 = CARTESIAN_POINT('',(4.149523052983E-02,30.738520659108));
#1205 = CARTESIAN_POINT('',(4.151286079756E-02,30.814495564647));
#1206 = CARTESIAN_POINT('',(4.152551708526E-02,30.890470702731));
#1207 = CARTESIAN_POINT('',(4.153233001956E-02,30.966455343589));
#1208 = CARTESIAN_POINT('',(4.153414395135E-02,31.042447296126));
#1209 = CARTESIAN_POINT('',(4.153090226423E-02,31.191882662423));
#1210 = CARTESIAN_POINT('',(4.152608788733E-02,31.26536269919));
#1211 = CARTESIAN_POINT('',(4.151937692087E-02,31.338838466362));
#1212 = CARTESIAN_POINT('',(4.1512969045E-02,31.412306788923));
#1213 = CARTESIAN_POINT('',(4.150878728577E-02,31.485774755032));
#1214 = CARTESIAN_POINT('',(4.15077948258E-02,31.559250013747));
#1215 = CARTESIAN_POINT('',(4.150978075719E-02,31.632731145542));
#1216 = CARTESIAN_POINT('',(4.151867382181E-02,31.803138845172));
#1217 = CARTESIAN_POINT('',(4.152697799642E-02,31.900136779651));
#1218 = CARTESIAN_POINT('',(4.153602959577E-02,31.997102719742));
#1219 = CARTESIAN_POINT('',(4.154099649699E-02,32.094044798151));
#1220 = CARTESIAN_POINT('',(4.153603368346E-02,32.190986285013));
#1221 = CARTESIAN_POINT('',(4.152008529957E-02,32.287950742474));
#1222 = CARTESIAN_POINT('',(4.149772941801E-02,32.384946780714));
#1223 = CARTESIAN_POINT('',(4.145274806989E-02,32.578258765834));
#1224 = CARTESIAN_POINT('',(4.1430096555E-02,32.674685849811));
#1225 = CARTESIAN_POINT('',(4.141337923825E-02,32.771082500235));
#1226 = CARTESIAN_POINT('',(4.14102596475E-02,32.867457096279));
#1227 = CARTESIAN_POINT('',(4.142725136322E-02,32.963831897306));
#1228 = CARTESIAN_POINT('',(4.146148976994E-02,33.060229231637));
#1229 = CARTESIAN_POINT('',(4.150158807971E-02,33.15665638482));
#1230 = CARTESIAN_POINT('',(4.153633557972E-02,33.253027896444));
#1231 = ( GEOMETRIC_REPRESENTATION_CONTEXT(2) 
PARAMETRIC_REPRESENTATION_CONTEXT() REPRESENTATION_CONTEXT('2D SPACE',''
  ) );
#1232 = PCURVE('',#1233,#1238);
#1233 = CYLINDRICAL_SURFACE('',#1234,12.5);
#1234 = AXIS2_PLACEMENT_3D('',#1235,#1236,#1237);
#1235 = CARTESIAN_POINT('',(-2.22044604925E-17,0.,22.7));
#1236 = DIRECTION('',(-1.110223024625E-16,-0.,1.));
#1237 = DIRECTION('',(0.,1.,0.));
#1238 = DEFINITIONAL_REPRESENTATION('',(#1239),#1319);
#1239 = B_SPLINE_CURVE_WITH_KNOTS('',8,(#1240,#1241,#1242,#1243,#1244,
    #1245,#1246,#1247,#1248,#1249,#1250,#1251,#1252,#1253,#1254,#1255,
    #1256,#1257,#1258,#1259,#1260,#1261,#1262,#1263,#1264,#1265,#1266,
    #1267,#1268,#1269,#1270,#1271,#1272,#1273,#1274,#1275,#1276,#1277,
    #1278,#1279,#1280,#1281,#1282,#1283,#1284,#1285,#1286,#1287,#1288,
    #1289,#1290,#1291,#1292,#1293,#1294,#1295,#1296,#1297,#1298,#1299,
    #1300,#1301,#1302,#1303,#1304,#1305,#1306,#1307,#1308,#1309,#1310,
    #1311,#1312,#1313,#1314,#1315,#1316,#1317,#1318),.UNSPECIFIED.,.F.,
  .F.,(9,7,7,7,7,7,7,7,7,7,7,9),(0.,8.240068208792E-02,0.179860767723,
    0.246400478613,0.295052726995,0.339747947767,0.440310984085,
    0.567037668922,0.663012823351,0.755813181426,0.878264625438,1.),
  .UNSPECIFIED.);
#1240 = CARTESIAN_POINT('',(-6.28318530718,-3.236308435814));
#1241 = CARTESIAN_POINT('',(-6.218473891763,-3.244538465367));
#1242 = CARTESIAN_POINT('',(-6.153757672359,-3.252772601845));
#1243 = CARTESIAN_POINT('',(-6.08904591279,-3.261011249509));
#1244 = CARTESIAN_POINT('',(-6.024338291072,-3.269255784472));
#1245 = CARTESIAN_POINT('',(-5.959629808917,-3.277507112759));
#1246 = CARTESIAN_POINT('',(-5.894915888649,-3.285764696161));
#1247 = CARTESIAN_POINT('',(-5.830197657529,-3.294026045898));
#1248 = CARTESIAN_POINT('',(-5.68895085228,-3.312057021935));
#1249 = CARTESIAN_POINT('',(-5.612394955267,-3.321830161483));
#1250 = CARTESIAN_POINT('',(-5.53584729721,-3.331598321652));
#1251 = CARTESIAN_POINT('',(-5.459310492536,-3.341354656633));
#1252 = CARTESIAN_POINT('',(-5.38277457946,-3.35109588102));
#1253 = CARTESIAN_POINT('',(-5.306229157554,-3.360823113762));
#1254 = CARTESIAN_POINT('',(-5.229675284767,-3.370540940928));
#1255 = CARTESIAN_POINT('',(-5.100881624339,-3.386886648544));
#1256 = CARTESIAN_POINT('',(-5.048622546232,-3.393518057289));
#1257 = CARTESIAN_POINT('',(-4.996364243259,-3.400150778015));
#1258 = CARTESIAN_POINT('',(-4.944107465036,-3.406787890753));
#1259 = CARTESIAN_POINT('',(-4.891851173464,-3.41343248221));
#1260 = CARTESIAN_POINT('',(-4.839594370293,-3.420086422543));
#1261 = CARTESIAN_POINT('',(-4.787337945878,-3.426749137739));
#1262 = CARTESIAN_POINT('',(-4.696881574948,-3.438291304273));
#1263 = CARTESIAN_POINT('',(-4.658675826402,-3.443171193623));
#1264 = CARTESIAN_POINT('',(-4.620469535096,-3.448051310263));
#1265 = CARTESIAN_POINT('',(-4.582262950402,-3.452928139972));
#1266 = CARTESIAN_POINT('',(-4.544056339429,-3.457799389708));
#1267 = CARTESIAN_POINT('',(-4.505849987022,-3.462663987612));
#1268 = CARTESIAN_POINT('',(-4.467644195763,-3.467522083002));
#1269 = CARTESIAN_POINT('',(-4.394341691622,-3.476833304254));
#1270 = CARTESIAN_POINT('',(-4.359244408144,-3.481288972191));
#1271 = CARTESIAN_POINT('',(-4.324147042981,-3.485744498565));
#1272 = CARTESIAN_POINT('',(-4.289049411206,-3.490201749223));
#1273 = CARTESIAN_POINT('',(-4.253951535523,-3.494662007484));
#1274 = CARTESIAN_POINT('',(-4.218853646265,-3.499125974135));
#1275 = CARTESIAN_POINT('',(-4.183756181397,-3.503593767433));
#1276 = CARTESIAN_POINT('',(-4.069693848488,-3.51812490229));
#1277 = CARTESIAN_POINT('',(-3.990702554292,-3.52820607069));
#1278 = CARTESIAN_POINT('',(-3.911720437095,-3.538301509951));
#1279 = CARTESIAN_POINT('',(-3.832747141646,-3.548398207201));
#1280 = CARTESIAN_POINT('',(-3.753773530056,-3.558485168));
#1281 = CARTESIAN_POINT('',(-3.674790521916,-3.568557745591));
#1282 = CARTESIAN_POINT('',(-3.595797865539,-3.578616787021));
#1283 = CARTESIAN_POINT('',(-3.417317020508,-3.601318876711));
#1284 = CARTESIAN_POINT('',(-3.317731950872,-3.613967552368));
#1285 = CARTESIAN_POINT('',(-3.218182572025,-3.626600320585));
#1286 = CARTESIAN_POINT('',(-3.118660624985,-3.639233105953));
#1287 = CARTESIAN_POINT('',(-3.019140227512,-3.651882746281));
#1288 = CARTESIAN_POINT('',(-2.919595238155,-3.664553318195));
#1289 = CARTESIAN_POINT('',(-2.820013278788,-3.677241753312));
#1290 = CARTESIAN_POINT('',(-2.645129987149,-3.699536877585));
#1291 = CARTESIAN_POINT('',(-2.569746391017,-3.709151133968));
#1292 = CARTESIAN_POINT('',(-2.494370163386,-3.718765698062));
#1293 = CARTESIAN_POINT('',(-2.419002953578,-3.728377102072));
#1294 = CARTESIAN_POINT('',(-2.343635504696,-3.737984177199));
#1295 = CARTESIAN_POINT('',(-2.268258750922,-3.747587332564));
#1296 = CARTESIAN_POINT('',(-2.192874968526,-3.757187031259));
#1297 = CARTESIAN_POINT('',(-2.044636051074,-3.776058518146));
#1298 = CARTESIAN_POINT('',(-1.971744570092,-3.785335143359));
#1299 = CARTESIAN_POINT('',(-1.898857602235,-3.794609567516));
#1300 = CARTESIAN_POINT('',(-1.825978278952,-3.803883316989));
#1301 = CARTESIAN_POINT('',(-1.753099494854,-3.813158972019));
#1302 = CARTESIAN_POINT('',(-1.68021354771,-3.822438342659));
#1303 = CARTESIAN_POINT('',(-1.607321722146,-3.831721064803));
#1304 = CARTESIAN_POINT('',(-1.438280344171,-3.853252080197));
#1305 = CARTESIAN_POINT('',(-1.342059894007,-3.86551061146));
#1306 = CARTESIAN_POINT('',(-1.245870736621,-3.877765756548));
#1307 = CARTESIAN_POINT('',(-1.149704685833,-3.890014308657));
#1308 = CARTESIAN_POINT('',(-1.053538740875,-3.902254085401));
#1309 = CARTESIAN_POINT('',(-0.957349828213,-3.914487137638));
#1310 = CARTESIAN_POINT('',(-0.861129673215,-3.926718564277));
#1311 = CARTESIAN_POINT('',(-0.669364477463,-3.951095282888));
#1312 = CARTESIAN_POINT('',(-0.573709186143,-3.963254589128));
#1313 = CARTESIAN_POINT('',(-0.478084458735,-3.975415251152));
#1314 = CARTESIAN_POINT('',(-0.38248200987,-3.987585042227));
#1315 = CARTESIAN_POINT('',(-0.286879573329,-3.999772481141));
#1316 = CARTESIAN_POINT('',(-0.191254636934,-4.011977878049));
#1317 = CARTESIAN_POINT('',(-9.559983050647E-02,-4.024192175836));
#1318 = CARTESIAN_POINT('',(0.,-4.036394757424));
#1319 = ( GEOMETRIC_REPRESENTATION_CONTEXT(2) 
PARAMETRIC_REPRESENTATION_CONTEXT() REPRESENTATION_CONTEXT('2D SPACE',''
  ) );
#1320 = ORIENTED_EDGE('',*,*,#1321,.F.);
#1321 = EDGE_CURVE('',#1322,#1066,#1324,.T.);
#1322 = VERTEX_POINT('',#1323);
#1323 = CARTESIAN_POINT('',(2.482894052921E-16,12.5,20.263607853693));
#1324 = SURFACE_CURVE('',#1325,(#1398,#1474),.PCURVE_S1.);
#1325 = B_SPLINE_CURVE_WITH_KNOTS('',8,(#1326,#1327,#1328,#1329,#1330,
    #1331,#1332,#1333,#1334,#1335,#1336,#1337,#1338,#1339,#1340,#1341,
    #1342,#1343,#1344,#1345,#1346,#1347,#1348,#1349,#1350,#1351,#1352,
    #1353,#1354,#1355,#1356,#1357,#1358,#1359,#1360,#1361,#1362,#1363,
    #1364,#1365,#1366,#1367,#1368,#1369,#1370,#1371,#1372,#1373,#1374,
    #1375,#1376,#1377,#1378,#1379,#1380,#1381,#1382,#1383,#1384,#1385,
    #1386,#1387,#1388,#1389,#1390,#1391,#1392,#1393,#1394,#1395,#1396,
    #1397),.UNSPECIFIED.,.F.,.F.,(9,7,7,7,7,7,7,7,7,7,9),(0.,
    0.143452343856,0.23632638729,0.326522221789,0.390498335703,
    0.45864818519,0.559362216011,0.663816914984,0.758075436424,
    0.855974564502,1.),.UNSPECIFIED.);
#1326 = CARTESIAN_POINT('',(7.353716762893E-15,12.5,20.263607853693));
#1327 = CARTESIAN_POINT('',(-1.408019139703,12.5,20.24926620863));
#1328 = CARTESIAN_POINT('',(-2.817649712996,12.318740701959,
    20.234916185797));
#1329 = CARTESIAN_POINT('',(-4.199138267453,11.955501594757,
    20.220586918084));
#1330 = CARTESIAN_POINT('',(-5.52544062523,11.416255021198,
    20.206274417355));
#1331 = CARTESIAN_POINT('',(-6.771211081982,10.710621680423,
    20.191962986114));
#1332 = CARTESIAN_POINT('',(-7.913190616805,9.852519000897,
    20.177629115604));
#1333 = CARTESIAN_POINT('',(-8.929924772813,8.859403822497,
    20.163264150074));
#1334 = CARTESIAN_POINT('',(-10.36905092893,7.040155824572,
    20.139599974073));
#1335 = CARTESIAN_POINT('',(-10.87513086746,6.277937277866,
    20.130291838585));
#1336 = CARTESIAN_POINT('',(-11.31694578873,5.474418611796,
    20.120979203068));
#1337 = CARTESIAN_POINT('',(-11.69063997524,4.635964403578,
    20.111665851681));
#1338 = CARTESIAN_POINT('',(-11.99313233392,3.769265914502,
    20.102355872575));
#1339 = CARTESIAN_POINT('',(-12.22207167522,2.881313376451,
    20.093053511891));
#1340 = CARTESIAN_POINT('',(-12.37589886585,1.979407352152,
    20.083762524676));
#1341 = CARTESIAN_POINT('',(-12.52988018435,0.189200698612,
    20.065475056063));
#1342 = CARTESIAN_POINT('',(-12.53437204537,-0.699139333252,
    20.056473838536));
#1343 = CARTESIAN_POINT('',(-12.46683845918,-1.586821224138,
    20.04748349476));
#1344 = CARTESIAN_POINT('',(-12.32751490236,-2.467016289876,
    20.038500768565));
#1345 = CARTESIAN_POINT('',(-12.1173801137,-3.333038321459,
    20.029517495386));
#1346 = CARTESIAN_POINT('',(-11.83810507404,-4.178343122211,
    20.020523551889));
#1347 = CARTESIAN_POINT('',(-11.49209615907,-4.996546125052,
    20.011512282842));
#1348 = CARTESIAN_POINT('',(-10.79219892031,-6.338197960965,
    19.996087747931));
#1349 = CARTESIAN_POINT('',(-10.46977455924,-6.878315893288,
    19.989678219952));
#1350 = CARTESIAN_POINT('',(-10.11649051102,-7.39961840395,
    19.983266427353));
#1351 = CARTESIAN_POINT('',(-9.733645397964,-7.900045712559,
    19.976845382604));
#1352 = CARTESIAN_POINT('',(-9.322690134229,-8.377660256653,
    19.970425212758));
#1353 = CARTESIAN_POINT('',(-8.885221529815,-8.830643703277,
    19.964022858906));
#1354 = CARTESIAN_POINT('',(-8.422986279016,-9.257301677006,
    19.957640163407));
#1355 = CARTESIAN_POINT('',(-7.421160816563,-10.08086475986,
    19.944463067364));
#1356 = CARTESIAN_POINT('',(-6.878386854787,-10.47409873771,
    19.937670383203));
#1357 = CARTESIAN_POINT('',(-6.311891968658,-10.83385263335,
    19.93087430024));
#1358 = CARTESIAN_POINT('',(-5.724116077725,-11.15846287036,
    19.924069879199));
#1359 = CARTESIAN_POINT('',(-5.117604414318,-11.44649754291,
    19.917255228864));
#1360 = CARTESIAN_POINT('',(-4.494998453012,-11.69674273702,
    19.910431312116));
#1361 = CARTESIAN_POINT('',(-3.859035434693,-11.90820465131,
    19.903600959425));
#1362 = CARTESIAN_POINT('',(-2.257169183047,-12.33420063587,
    19.886667778274));
#1363 = CARTESIAN_POINT('',(-1.278551518059,-12.50198992708,
    19.87655806287));
#1364 = CARTESIAN_POINT('',(-0.286189439073,-12.5808896673,
    19.866451885627));
#1365 = CARTESIAN_POINT('',(0.710474311675,-12.56973092577,
    19.856359716092));
#1366 = CARTESIAN_POINT('',(1.702044690822,-12.46850854215,
    19.846285028848));
#1367 = CARTESIAN_POINT('',(2.679188911897,-12.27828850446,
    19.836224533048));
#1368 = CARTESIAN_POINT('',(3.632661069101,-12.00129572746,
    19.826172153941));
#1369 = CARTESIAN_POINT('',(5.508207844718,-11.26769358687,
    19.805708278266));
#1370 = CARTESIAN_POINT('',(6.428377081586,-10.80456980111,
    19.795290938187));
#1371 = CARTESIAN_POINT('',(7.303555178922,-10.25572523202,
    19.784873662115));
#1372 = CARTESIAN_POINT('',(8.124489140622,-9.626402692961,
    19.774449569414));
#1373 = CARTESIAN_POINT('',(8.882788426108,-8.92288066941,
    19.764013964127));
#1374 = CARTESIAN_POINT('',(9.570862230426,-8.15237763152,
    19.753566142486));
#1375 = CARTESIAN_POINT('',(10.181998640404,-7.323125792703,
    19.74310909731));
#1376 = CARTESIAN_POINT('',(11.187633902867,-5.651804721089,
    19.723214114434));
#1377 = CARTESIAN_POINT('',(11.597687873332,-4.818503757219,
    19.713771809216));
#1378 = CARTESIAN_POINT('',(11.936598499472,-3.951526183457,
    19.704329684451));
#1379 = CARTESIAN_POINT('',(12.20122630175,-3.058001467336,
    19.694890935995));
#1380 = CARTESIAN_POINT('',(12.389296926995,-2.14528908971,
    19.685456542303));
#1381 = CARTESIAN_POINT('',(12.499344839064,-1.220951275897,
    19.676025979492));
#1382 = CARTESIAN_POINT('',(12.530775862129,-0.292755501626,
    19.666598654608));
#1383 = CARTESIAN_POINT('',(12.435516513463,1.591032073979,
    19.647389524573));
#1384 = CARTESIAN_POINT('',(12.302648148869,2.546766346305,
    19.637603385598));
#1385 = CARTESIAN_POINT('',(12.085824766071,3.489477106037,
    19.627819783897));
#1386 = CARTESIAN_POINT('',(11.786636183892,4.41056534264,
    19.618036761494));
#1387 = CARTESIAN_POINT('',(11.407655076708,5.301787599596,
    19.60825118443));
#1388 = CARTESIAN_POINT('',(10.952355610016,6.155243909292,
    19.598461051758));
#1389 = CARTESIAN_POINT('',(10.425176391569,6.963418035401,
    19.588667187792));
#1390 = CARTESIAN_POINT('',(8.958668882095,8.831250423249,
    19.564467423217));
#1391 = CARTESIAN_POINT('',(7.940897589507,9.831626920592,
    19.550041583168));
#1392 = CARTESIAN_POINT('',(6.796440542125,10.696289425461,
    19.535626843032));
#1393 = CARTESIAN_POINT('',(5.54695620651,11.407481343206,
    19.521226977959));
#1394 = CARTESIAN_POINT('',(4.215965869957,11.951061887065,
    19.506843875912));
#1395 = CARTESIAN_POINT('',(2.829117930145,12.317260725838,
    19.492465577334));
#1396 = CARTESIAN_POINT('',(1.413754804003,12.5,19.478075726538));
#1397 = CARTESIAN_POINT('',(-4.99197256467E-15,12.5,19.463691564186));
#1398 = PCURVE('',#208,#1399);
#1399 = DEFINITIONAL_REPRESENTATION('',(#1400),#1473);
#1400 = B_SPLINE_CURVE_WITH_KNOTS('',8,(#1401,#1402,#1403,#1404,#1405,
    #1406,#1407,#1408,#1409,#1410,#1411,#1412,#1413,#1414,#1415,#1416,
    #1417,#1418,#1419,#1420,#1421,#1422,#1423,#1424,#1425,#1426,#1427,
    #1428,#1429,#1430,#1431,#1432,#1433,#1434,#1435,#1436,#1437,#1438,
    #1439,#1440,#1441,#1442,#1443,#1444,#1445,#1446,#1447,#1448,#1449,
    #1450,#1451,#1452,#1453,#1454,#1455,#1456,#1457,#1458,#1459,#1460,
    #1461,#1462,#1463,#1464,#1465,#1466,#1467,#1468,#1469,#1470,#1471,
    #1472),.UNSPECIFIED.,.F.,.F.,(9,7,7,7,7,7,7,7,7,7,9),(0.,
    0.143452343856,0.23632638729,0.326522221789,0.390498335703,
    0.45864818519,0.559362216011,0.663816914984,0.758075436424,
    0.855974564502,1.),.UNSPECIFIED.);
#1401 = CARTESIAN_POINT('',(4.153292586132E-02,20.585210603279));
#1402 = CARTESIAN_POINT('',(4.153261992915E-02,20.698761089659));
#1403 = CARTESIAN_POINT('',(4.152325603177E-02,20.812440744974));
#1404 = CARTESIAN_POINT('',(4.150067738987E-02,20.92604774982));
#1405 = CARTESIAN_POINT('',(4.146545484001E-02,21.039609719481));
#1406 = CARTESIAN_POINT('',(4.142888590203E-02,21.15317256188));
#1407 = CARTESIAN_POINT('',(4.141136176694E-02,21.266780943739));
#1408 = CARTESIAN_POINT('',(4.141840137274E-02,21.380465108831));
#1409 = CARTESIAN_POINT('',(4.145994022496E-02,21.567535393684));
#1410 = CARTESIAN_POINT('',(4.148384766452E-02,21.641065655832));
#1411 = CARTESIAN_POINT('',(4.151381956828E-02,21.714589474781));
#1412 = CARTESIAN_POINT('',(4.154570114269E-02,21.788105713151));
#1413 = CARTESIAN_POINT('',(4.157367234237E-02,21.861622379279));
#1414 = CARTESIAN_POINT('',(4.159180130717E-02,21.935147006429));
#1415 = CARTESIAN_POINT('',(4.159618029226E-02,22.008676974147));
#1416 = CARTESIAN_POINT('',(4.1579354049E-02,22.153582680786));
#1417 = CARTESIAN_POINT('',(4.155885344274E-02,22.224991029227));
#1418 = CARTESIAN_POINT('',(4.152650032577E-02,22.296395511884));
#1419 = CARTESIAN_POINT('',(4.148632169877E-02,22.36779397266));
#1420 = CARTESIAN_POINT('',(4.144673400974E-02,22.439192665961));
#1421 = CARTESIAN_POINT('',(4.141839856731E-02,22.510597780846));
#1422 = CARTESIAN_POINT('',(4.140921186757E-02,22.582007227961));
#1423 = CARTESIAN_POINT('',(4.14215512644E-02,22.704043654972));
#1424 = CARTESIAN_POINT('',(4.143623308653E-02,22.754688524878));
#1425 = CARTESIAN_POINT('',(4.145316574184E-02,22.805335696537));
#1426 = CARTESIAN_POINT('',(4.148132052135E-02,22.855978287457));
#1427 = CARTESIAN_POINT('',(4.150832265106E-02,22.906621937215));
#1428 = CARTESIAN_POINT('',(4.15142138487E-02,22.957270956221));
#1429 = CARTESIAN_POINT('',(4.149822963139E-02,23.007916112999));
#1430 = CARTESIAN_POINT('',(4.146102646306E-02,23.1125023729));
#1431 = CARTESIAN_POINT('',(4.143642616895E-02,23.166453347152));
#1432 = CARTESIAN_POINT('',(4.141581432854E-02,23.220403564284));
#1433 = CARTESIAN_POINT('',(4.140508188336E-02,23.274351261702));
#1434 = CARTESIAN_POINT('',(4.140622622879E-02,23.328297555465));
#1435 = CARTESIAN_POINT('',(4.141785585034E-02,23.382244474959));
#1436 = CARTESIAN_POINT('',(4.143658452721E-02,23.436193101339));
#1437 = CARTESIAN_POINT('',(4.149290707545E-02,23.569868939358));
#1438 = CARTESIAN_POINT('',(4.153526023028E-02,23.649617660168));
#1439 = CARTESIAN_POINT('',(4.157500636483E-02,23.729356452071));
#1440 = CARTESIAN_POINT('',(4.16005673969E-02,23.809082744908));
#1441 = CARTESIAN_POINT('',(4.160625485681E-02,23.888808492398));
#1442 = CARTESIAN_POINT('',(4.159407703209E-02,23.96854581776));
#1443 = CARTESIAN_POINT('',(4.15712537646E-02,24.048292731021));
#1444 = CARTESIAN_POINT('',(4.151459095015E-02,24.21070625359));
#1445 = CARTESIAN_POINT('',(4.148053141058E-02,24.293420654404));
#1446 = CARTESIAN_POINT('',(4.144826635438E-02,24.376122099953));
#1447 = CARTESIAN_POINT('',(4.142549608611E-02,24.458811647437));
#1448 = CARTESIAN_POINT('',(4.141596364367E-02,24.541500509837));
#1449 = CARTESIAN_POINT('',(4.141881760566E-02,24.624200165657));
#1450 = CARTESIAN_POINT('',(4.143036014624E-02,24.706912572524));
#1451 = CARTESIAN_POINT('',(4.146116194E-02,24.86421518411));
#1452 = CARTESIAN_POINT('',(4.147955416192E-02,24.938845983019));
#1453 = CARTESIAN_POINT('',(4.149875161009E-02,25.013469767126));
#1454 = CARTESIAN_POINT('',(4.151534136426E-02,25.088084910052));
#1455 = CARTESIAN_POINT('',(4.152695889039E-02,25.162700068466));
#1456 = CARTESIAN_POINT('',(4.153295358948E-02,25.237323903493));
#1457 = CARTESIAN_POINT('',(4.153423492325E-02,25.311954800516));
#1458 = CARTESIAN_POINT('',(4.153028854213E-02,25.464068307146));
#1459 = CARTESIAN_POINT('',(4.15248304136E-02,25.541586827766));
#1460 = CARTESIAN_POINT('',(4.151751987207E-02,25.619098110307));
#1461 = CARTESIAN_POINT('',(4.151101119752E-02,25.696599243256));
#1462 = CARTESIAN_POINT('',(4.150746924722E-02,25.774100021127));
#1463 = CARTESIAN_POINT('',(4.150771824705E-02,25.851610568352));
#1464 = CARTESIAN_POINT('',(4.151108793594E-02,25.929129008488));
#1465 = CARTESIAN_POINT('',(4.152312033669E-02,26.12064445126));
#1466 = CARTESIAN_POINT('',(4.153357785143E-02,26.234786871221));
#1467 = CARTESIAN_POINT('',(4.154227058927E-02,26.348853652386));
#1468 = CARTESIAN_POINT('',(4.154062376153E-02,26.462874391857));
#1469 = CARTESIAN_POINT('',(4.151986214884E-02,26.576895018522));
#1470 = CARTESIAN_POINT('',(4.148702531366E-02,26.690961384636));
#1471 = CARTESIAN_POINT('',(4.145644113666E-02,26.805103586578));
#1472 = CARTESIAN_POINT('',(4.143795695054E-02,26.919116808627));
#1473 = ( GEOMETRIC_REPRESENTATION_CONTEXT(2) 
PARAMETRIC_REPRESENTATION_CONTEXT() REPRESENTATION_CONTEXT('2D SPACE',''
  ) );
#1474 = PCURVE('',#1475,#1480);
#1475 = CYLINDRICAL_SURFACE('',#1476,12.5);
#1476 = AXIS2_PLACEMENT_3D('',#1477,#1478,#1479);
#1477 = CARTESIAN_POINT('',(-2.22044604925E-17,0.,22.7));
#1478 = DIRECTION('',(-1.110223024625E-16,-0.,1.));
#1479 = DIRECTION('',(0.,1.,0.));
#1480 = DEFINITIONAL_REPRESENTATION('',(#1481),#1554);
#1481 = B_SPLINE_CURVE_WITH_KNOTS('',8,(#1482,#1483,#1484,#1485,#1486,
    #1487,#1488,#1489,#1490,#1491,#1492,#1493,#1494,#1495,#1496,#1497,
    #1498,#1499,#1500,#1501,#1502,#1503,#1504,#1505,#1506,#1507,#1508,
    #1509,#1510,#1511,#1512,#1513,#1514,#1515,#1516,#1517,#1518,#1519,
    #1520,#1521,#1522,#1523,#1524,#1525,#1526,#1527,#1528,#1529,#1530,
    #1531,#1532,#1533,#1534,#1535,#1536,#1537,#1538,#1539,#1540,#1541,
    #1542,#1543,#1544,#1545,#1546,#1547,#1548,#1549,#1550,#1551,#1552,
    #1553),.UNSPECIFIED.,.F.,.F.,(9,7,7,7,7,7,7,7,7,7,9),(0.,
    0.143452343856,0.23632638729,0.326522221789,0.390498335703,
    0.45864818519,0.559362216011,0.663816914984,0.758075436424,
    0.855974564502,1.),.UNSPECIFIED.);
#1482 = CARTESIAN_POINT('',(-6.28318530718,-2.436392146307));
#1483 = CARTESIAN_POINT('',(-6.170543776003,-2.45073379137));
#1484 = CARTESIAN_POINT('',(-6.057773577915,-2.465083814203));
#1485 = CARTESIAN_POINT('',(-5.945075107731,-2.479413081916));
#1486 = CARTESIAN_POINT('',(-5.832421398242,-2.493725582645));
#1487 = CARTESIAN_POINT('',(-5.719767489254,-2.508037013886));
#1488 = CARTESIAN_POINT('',(-5.607069081104,-2.522370884396));
#1489 = CARTESIAN_POINT('',(-5.494295771991,-2.536735849926));
#1490 = CARTESIAN_POINT('',(-5.308724267778,-2.560400025927));
#1491 = CARTESIAN_POINT('',(-5.235783103568,-2.569708161415));
#1492 = CARTESIAN_POINT('',(-5.162848236231,-2.579020796932));
#1493 = CARTESIAN_POINT('',(-5.08992070795,-2.588334148319));
#1494 = CARTESIAN_POINT('',(-5.016992566851,-2.597644127425));
#1495 = CARTESIAN_POINT('',(-4.944056435663,-2.606946488109));
#1496 = CARTESIAN_POINT('',(-4.871115076802,-2.616237475324));
#1497 = CARTESIAN_POINT('',(-4.727369744021,-2.634524943937));
#1498 = CARTESIAN_POINT('',(-4.656533417868,-2.643526161464));
#1499 = CARTESIAN_POINT('',(-4.585701206165,-2.65251650524));
#1500 = CARTESIAN_POINT('',(-4.514875395794,-2.661499231435));
#1501 = CARTESIAN_POINT('',(-4.444049725073,-2.670482504614));
#1502 = CARTESIAN_POINT('',(-4.373217720705,-2.679476448111));
#1503 = CARTESIAN_POINT('',(-4.302380976397,-2.688487717158));
#1504 = CARTESIAN_POINT('',(-4.181322027619,-2.703912252069));
#1505 = CARTESIAN_POINT('',(-4.131081953834,-2.710321780048));
#1506 = CARTESIAN_POINT('',(-4.080841409975,-2.716733572647));
#1507 = CARTESIAN_POINT('',(-4.030601209733,-2.723154617396));
#1508 = CARTESIAN_POINT('',(-3.980360883813,-2.729574787242));
#1509 = CARTESIAN_POINT('',(-3.930119909227,-2.735977141094));
#1510 = CARTESIAN_POINT('',(-3.879878978111,-2.742359836593));
#1511 = CARTESIAN_POINT('',(-3.776128187196,-2.755536932636));
#1512 = CARTESIAN_POINT('',(-3.722608112005,-2.762329616797));
#1513 = CARTESIAN_POINT('',(-3.669089334633,-2.76912569976));
#1514 = CARTESIAN_POINT('',(-3.615573676074,-2.775930120801));
#1515 = CARTESIAN_POINT('',(-3.562059861664,-2.782744771136));
#1516 = CARTESIAN_POINT('',(-3.508545672329,-2.789568687884));
#1517 = CARTESIAN_POINT('',(-3.455029881399,-2.796399040575));
#1518 = CARTESIAN_POINT('',(-3.322426459012,-2.813332221726));
#1519 = CARTESIAN_POINT('',(-3.243317466133,-2.82344193713));
#1520 = CARTESIAN_POINT('',(-3.164217844605,-2.833548114373));
#1521 = CARTESIAN_POINT('',(-3.085130103111,-2.843640283908));
#1522 = CARTESIAN_POINT('',(-3.006042561949,-2.853714971152));
#1523 = CARTESIAN_POINT('',(-2.926943447054,-2.863775466952));
#1524 = CARTESIAN_POINT('',(-2.847834928869,-2.873827846059));
#1525 = CARTESIAN_POINT('',(-2.686721844445,-2.894291721734));
#1526 = CARTESIAN_POINT('',(-2.604669886341,-2.904709061813));
#1527 = CARTESIAN_POINT('',(-2.522630995695,-2.915126337885));
#1528 = CARTESIAN_POINT('',(-2.440604064213,-2.925550430586));
#1529 = CARTESIAN_POINT('',(-2.358577794835,-2.935986035873));
#1530 = CARTESIAN_POINT('',(-2.276540631139,-2.946433857514));
#1531 = CARTESIAN_POINT('',(-2.194490569766,-2.95689090269));
#1532 = CARTESIAN_POINT('',(-2.038447162358,-2.976785885566));
#1533 = CARTESIAN_POINT('',(-1.964413592017,-2.986228190784));
#1534 = CARTESIAN_POINT('',(-1.890386797676,-2.995670315549));
#1535 = CARTESIAN_POINT('',(-1.816368469135,-3.005109064005));
#1536 = CARTESIAN_POINT('',(-1.742350134319,-3.014543457697));
#1537 = CARTESIAN_POINT('',(-1.668323322831,-3.023974020508));
#1538 = CARTESIAN_POINT('',(-1.594289729081,-3.033401345392));
#1539 = CARTESIAN_POINT('',(-1.443394163107,-3.052610475427));
#1540 = CARTESIAN_POINT('',(-1.366496587317,-3.062396614402));
#1541 = CARTESIAN_POINT('',(-1.289606502931,-3.072180216103));
#1542 = CARTESIAN_POINT('',(-1.212726767056,-3.081963238506));
#1543 = CARTESIAN_POINT('',(-1.135847565185,-3.09174881557));
#1544 = CARTESIAN_POINT('',(-1.05895871147,-3.101538948241));
#1545 = CARTESIAN_POINT('',(-0.982061922717,-3.111332812208));
#1546 = CARTESIAN_POINT('',(-0.792081846213,-3.135532576783));
#1547 = CARTESIAN_POINT('',(-0.678854081505,-3.149958416832));
#1548 = CARTESIAN_POINT('',(-0.565700643105,-3.164373156968));
#1549 = CARTESIAN_POINT('',(-0.452592077501,-3.178773022041));
#1550 = CARTESIAN_POINT('',(-0.339483192568,-3.193156124088));
#1551 = CARTESIAN_POINT('',(-0.226329162099,-3.207534422666));
#1552 = CARTESIAN_POINT('',(-0.11310038432,-3.221924273462));
#1553 = CARTESIAN_POINT('',(0.,-3.236308435814));
#1554 = ( GEOMETRIC_REPRESENTATION_CONTEXT(2) 
PARAMETRIC_REPRESENTATION_CONTEXT() REPRESENTATION_CONTEXT('2D SPACE',''
  ) );
#1555 = ORIENTED_EDGE('',*,*,#1556,.F.);
#1556 = EDGE_CURVE('',#1557,#1322,#1559,.T.);
#1557 = VERTEX_POINT('',#1558);
#1558 = CARTESIAN_POINT('',(1.594694668069E-16,12.5,21.063626737423));
#1559 = SURFACE_CURVE('',#1560,(#1633,#1709),.PCURVE_S1.);
#1560 = B_SPLINE_CURVE_WITH_KNOTS('',8,(#1561,#1562,#1563,#1564,#1565,
    #1566,#1567,#1568,#1569,#1570,#1571,#1572,#1573,#1574,#1575,#1576,
    #1577,#1578,#1579,#1580,#1581,#1582,#1583,#1584,#1585,#1586,#1587,
    #1588,#1589,#1590,#1591,#1592,#1593,#1594,#1595,#1596,#1597,#1598,
    #1599,#1600,#1601,#1602,#1603,#1604,#1605,#1606,#1607,#1608,#1609,
    #1610,#1611,#1612,#1613,#1614,#1615,#1616,#1617,#1618,#1619,#1620,
    #1621,#1622,#1623,#1624,#1625,#1626,#1627,#1628,#1629,#1630,#1631,
    #1632),.UNSPECIFIED.,.F.,.F.,(9,7,7,7,7,7,7,7,7,7,9),(0.,
    0.117378714233,0.218893673023,0.318631317676,0.40233260581,
    0.45256115595,0.496926014023,0.638984019,0.738273776042,
    0.845803629505,1.),.UNSPECIFIED.);
#1561 = CARTESIAN_POINT('',(-3.393244211994E-15,12.5,21.063626737423));
#1562 = CARTESIAN_POINT('',(-1.152114119087,12.5,21.051894533811));
#1563 = CARTESIAN_POINT('',(-2.304770376588,12.378640657817,
    21.040153687644));
#1564 = CARTESIAN_POINT('',(-3.442219018139,12.135722896149,
    21.02841125038));
#1565 = CARTESIAN_POINT('',(-4.549580690953,11.773734723767,
    21.016667004211));
#1566 = CARTESIAN_POINT('',(-5.612637240362,11.297040725518,
    21.004922233052));
#1567 = CARTESIAN_POINT('',(-6.617909284833,10.711962721252,
    20.99317963557));
#1568 = CARTESIAN_POINT('',(-7.552680168153,10.026679354228,
    20.981440999834));
#1569 = CARTESIAN_POINT('',(-9.142872299174,8.581995270235,
    20.959573630654));
#1570 = CARTESIAN_POINT('',(-9.81951899153,7.844631701359,
    20.949434256253));
#1571 = CARTESIAN_POINT('',(-10.42782710184,7.046609396499,
    20.939300680645));
#1572 = CARTESIAN_POINT('',(-10.96155677605,6.195406971196,
    20.929171080451));
#1573 = CARTESIAN_POINT('',(-11.41550266933,5.299111280662,
    20.919040241892));
#1574 = CARTESIAN_POINT('',(-11.7854215401,4.366352954194,
    20.908902413493));
#1575 = CARTESIAN_POINT('',(-12.06812482429,3.406335169019,
    20.898754699273));
#1576 = CARTESIAN_POINT('',(-12.45195782582,1.468688024546,
    20.878625055648));
#1577 = CARTESIAN_POINT('',(-12.5562864446,0.491123831681,
    20.868637864193));
#1578 = CARTESIAN_POINT('',(-12.57278694094,-0.494382975025,
    20.858642755505));
#1579 = CARTESIAN_POINT('',(-12.50090111882,-1.4786064856,
    20.848642161363));
#1580 = CARTESIAN_POINT('',(-12.34118720509,-2.452438124166,
    20.838639678025));
#1581 = CARTESIAN_POINT('',(-12.09522991448,-3.406894788932,
    20.828640703647));
#1582 = CARTESIAN_POINT('',(-11.76572106579,-4.333145828089,
    20.818651642941));
#1583 = CARTESIAN_POINT('',(-11.01346331765,-5.968967251491,
    20.80030738292));
#1584 = CARTESIAN_POINT('',(-10.61411301849,-6.689675038569,
    20.791945097209));
#1585 = CARTESIAN_POINT('',(-10.16095578582,-7.379635674706,
    20.783593148393));
#1586 = CARTESIAN_POINT('',(-9.656791678519,-8.034193626331,
    20.775250887817));
#1587 = CARTESIAN_POINT('',(-9.104856870041,-8.649034431574,
    20.766914013647));
#1588 = CARTESIAN_POINT('',(-8.508801678845,-9.220174191225,
    20.758575674677));
#1589 = CARTESIAN_POINT('',(-7.872714639205,-9.743988483502,
    20.750229356032));
#1590 = CARTESIAN_POINT('',(-6.798217000859,-10.50130001096,
    20.736859284782));
#1591 = CARTESIAN_POINT('',(-6.382433553583,-10.76715835489,
    20.731841237061));
#1592 = CARTESIAN_POINT('',(-5.954807835748,-11.01417667536,
    20.72681833231));
#1593 = CARTESIAN_POINT('',(-5.516337871933,-11.24174209034,
    20.72179032782));
#1594 = CARTESIAN_POINT('',(-5.068054146279,-11.44930789488,
    20.716757809441));
#1595 = CARTESIAN_POINT('',(-4.611019602491,-11.63639356106,
    20.711722191589));
#1596 = CARTESIAN_POINT('',(-4.146329643836,-11.80258473804,
    20.706685717239));
#1597 = CARTESIAN_POINT('',(-3.258904659008,-12.07556044442,
    20.697204899169));
#1598 = CARTESIAN_POINT('',(-2.837581609033,-12.18701933676,
    20.692760380066));
#1599 = CARTESIAN_POINT('',(-2.41193702013,-12.28167040099,
    20.688320823069));
#1600 = CARTESIAN_POINT('',(-1.982763482723,-12.35931900699,
    20.68388763028));
#1601 = CARTESIAN_POINT('',(-1.550852140746,-12.41981542262,
    20.679460683453));
#1602 = CARTESIAN_POINT('',(-1.116992691643,-12.46305481369,
    20.675038343998));
#1603 = CARTESIAN_POINT('',(-0.681973386366,-12.48897724396,
    20.670617452974));
#1604 = CARTESIAN_POINT('',(1.147562270165,-12.52507457083,
    20.652027120395));
#1605 = CARTESIAN_POINT('',(2.546680516979,-12.37487138286,
    20.637833867692));
#1606 = CARTESIAN_POINT('',(3.921995567409,-12.04574123763,
    20.62358725039));
#1607 = CARTESIAN_POINT('',(5.247169297559,-11.54287776034,
    20.609298871749));
#1608 = CARTESIAN_POINT('',(6.497374021375,-10.8750343331,
    20.595036465427));
#1609 = CARTESIAN_POINT('',(7.649645821065,-10.0551495682,
    20.580803121616));
#1610 = CARTESIAN_POINT('',(8.682723621025,-9.099704677751,
    20.566592903353));
#1611 = CARTESIAN_POINT('',(10.204782144458,-7.28438379962,
    20.542505809688));
#1612 = CARTESIAN_POINT('',(10.764564098162,-6.48158217889,
    20.532602442534));
#1613 = CARTESIAN_POINT('',(11.251862089079,-5.629956632406,
    20.522704054175));
#1614 = CARTESIAN_POINT('',(11.661812781988,-4.737207434077,
    20.512804338325));
#1615 = CARTESIAN_POINT('',(11.9905614573,-3.811467906597,
    20.502896752357));
#1616 = CARTESIAN_POINT('',(12.235193765467,-2.861258576549,
    20.492977856734));
#1617 = CARTESIAN_POINT('',(12.393822816737,-1.895502666739,
    20.483048937236));
#1618 = CARTESIAN_POINT('',(12.543816433853,0.128955161214,
    20.462358536831));
#1619 = CARTESIAN_POINT('',(12.520260501762,1.189425475011,
    20.451589208467));
#1620 = CARTESIAN_POINT('',(12.394143402178,2.24580393101,
    20.440816605225));
#1621 = CARTESIAN_POINT('',(12.166342957984,3.286528547879,
    20.430045202647));
#1622 = CARTESIAN_POINT('',(11.839129732734,4.300395720742,
    20.419278161804));
#1623 = CARTESIAN_POINT('',(11.416185461752,5.276585457418,
    20.408515814801));
#1624 = CARTESIAN_POINT('',(10.902568768895,6.204675016919,
    20.397757378694));
#1625 = CARTESIAN_POINT('',(9.448565668956,8.322580137578,
    20.371590968126));
#1626 = CARTESIAN_POINT('',(8.41799924356,9.453660852899,20.356160865013
    ));
#1627 = CARTESIAN_POINT('',(7.233813621752,10.436561864182,20.3407484644
    ));
#1628 = CARTESIAN_POINT('',(5.921686619718,11.248386915318,
    20.325337121182));
#1629 = CARTESIAN_POINT('',(4.509767745006,11.870627657568,
    20.309910931418));
#1630 = CARTESIAN_POINT('',(3.029236285502,12.290557145133,
    20.294471896155));
#1631 = CARTESIAN_POINT('',(1.51352861767,12.5,20.279024185485));
#1632 = CARTESIAN_POINT('',(7.353716762893E-15,12.5,20.263607853693));
#1633 = PCURVE('',#208,#1634);
#1634 = DEFINITIONAL_REPRESENTATION('',(#1635),#1708);
#1635 = B_SPLINE_CURVE_WITH_KNOTS('',8,(#1636,#1637,#1638,#1639,#1640,
    #1641,#1642,#1643,#1644,#1645,#1646,#1647,#1648,#1649,#1650,#1651,
    #1652,#1653,#1654,#1655,#1656,#1657,#1658,#1659,#1660,#1661,#1662,
    #1663,#1664,#1665,#1666,#1667,#1668,#1669,#1670,#1671,#1672,#1673,
    #1674,#1675,#1676,#1677,#1678,#1679,#1680,#1681,#1682,#1683,#1684,
    #1685,#1686,#1687,#1688,#1689,#1690,#1691,#1692,#1693,#1694,#1695,
    #1696,#1697,#1698,#1699,#1700,#1701,#1702,#1703,#1704,#1705,#1706,
    #1707),.UNSPECIFIED.,.F.,.F.,(9,7,7,7,7,7,7,7,7,7,9),(0.,
    0.117378714233,0.218893673023,0.318631317676,0.40233260581,
    0.45256115595,0.496926014023,0.638984019,0.738273776042,
    0.845803629505,1.),.UNSPECIFIED.);
#1636 = CARTESIAN_POINT('',(4.151191409941E-02,14.251296728608));
#1637 = CARTESIAN_POINT('',(4.150819865242E-02,14.344210907025));
#1638 = CARTESIAN_POINT('',(4.150802715388E-02,14.437168926175));
#1639 = CARTESIAN_POINT('',(4.15130409464E-02,14.530103570558));
#1640 = CARTESIAN_POINT('',(4.152264514793E-02,14.623020691743));
#1641 = CARTESIAN_POINT('',(4.153272476443E-02,14.715938671769));
#1642 = CARTESIAN_POINT('',(4.153769024753E-02,14.808874920962));
#1643 = CARTESIAN_POINT('',(4.153489707536E-02,14.901833628402));
#1644 = CARTESIAN_POINT('',(4.151622828627E-02,15.07509558078));
#1645 = CARTESIAN_POINT('',(4.150220735606E-02,15.155470207607));
#1646 = CARTESIAN_POINT('',(4.148298866332E-02,15.235834982005));
#1647 = CARTESIAN_POINT('',(4.146098503532E-02,15.316187601651));
#1648 = CARTESIAN_POINT('',(4.144035824868E-02,15.396540474229));
#1649 = CARTESIAN_POINT('',(4.142589686047E-02,15.476905916347));
#1650 = CARTESIAN_POINT('',(4.142127048896E-02,15.557281399082));
#1651 = CARTESIAN_POINT('',(4.143195623067E-02,15.716581460887));
#1652 = CARTESIAN_POINT('',(4.144693760699E-02,15.795549996089));
#1653 = CARTESIAN_POINT('',(4.147217560903E-02,15.874510060856));
#1654 = CARTESIAN_POINT('',(4.150532262162E-02,15.953458688048));
#1655 = CARTESIAN_POINT('',(4.15406963279E-02,16.032406824968));
#1656 = CARTESIAN_POINT('',(4.157050427989E-02,16.111365791444));
#1657 = CARTESIAN_POINT('',(4.158770919041E-02,16.190333699322));
#1658 = CARTESIAN_POINT('',(4.159290636142E-02,16.335536260537));
#1659 = CARTESIAN_POINT('',(4.158509354474E-02,16.401797917843));
#1660 = CARTESIAN_POINT('',(4.156593062384E-02,16.468056474137));
#1661 = CARTESIAN_POINT('',(4.153614123706E-02,16.534312045181));
#1662 = CARTESIAN_POINT('',(4.149992176084E-02,16.600569578783));
#1663 = CARTESIAN_POINT('',(4.146450245005E-02,16.666833159916));
#1664 = CARTESIAN_POINT('',(4.143768649106E-02,16.733100235802));
#1665 = CARTESIAN_POINT('',(4.141477392284E-02,16.839115232345));
#1666 = CARTESIAN_POINT('',(4.141050293749E-02,16.878874693467));
#1667 = CARTESIAN_POINT('',(4.141179862626E-02,16.918633991616));
#1668 = CARTESIAN_POINT('',(4.141895184137E-02,16.95839303047));
#1669 = CARTESIAN_POINT('',(4.143129967245E-02,16.998151770114));
#1670 = CARTESIAN_POINT('',(4.144722544654E-02,17.037910227044));
#1671 = CARTESIAN_POINT('',(4.146415872807E-02,17.077668474166));
#1672 = CARTESIAN_POINT('',(4.149130891375E-02,17.152543430242));
#1673 = CARTESIAN_POINT('',(4.150147764131E-02,17.187661860007));
#1674 = CARTESIAN_POINT('',(4.150600476196E-02,17.222780139249));
#1675 = CARTESIAN_POINT('',(4.150343240684E-02,17.257897282822));
#1676 = CARTESIAN_POINT('',(4.149392157786E-02,17.293013111274));
#1677 = CARTESIAN_POINT('',(4.147925214772E-02,17.328128250846));
#1678 = CARTESIAN_POINT('',(4.146282285987E-02,17.363244133471));
#1679 = CARTESIAN_POINT('',(4.140747557173E-02,17.510814966084));
#1680 = CARTESIAN_POINT('',(4.137889837568E-02,17.62338671079));
#1681 = CARTESIAN_POINT('',(4.142076099488E-02,17.735892297451));
#1682 = CARTESIAN_POINT('',(4.151646471373E-02,17.848355006571));
#1683 = CARTESIAN_POINT('',(4.158251238498E-02,17.960817812964));
#1684 = CARTESIAN_POINT('',(4.160928327442E-02,18.073322993971));
#1685 = CARTESIAN_POINT('',(4.159995741723E-02,18.18589549523));
#1686 = CARTESIAN_POINT('',(4.155083763428E-02,18.376943110013));
#1687 = CARTESIAN_POINT('',(4.152099400125E-02,18.455558940564));
#1688 = CARTESIAN_POINT('',(4.148670883735E-02,18.534166164693));
#1689 = CARTESIAN_POINT('',(4.145545410889E-02,18.612762876363));
#1690 = CARTESIAN_POINT('',(4.14331162141E-02,18.691360040246));
#1691 = CARTESIAN_POINT('',(4.142209236354E-02,18.769968258214));
#1692 = CARTESIAN_POINT('',(4.142134650696E-02,18.848584537597));
#1693 = CARTESIAN_POINT('',(4.143609053687E-02,19.012296175649));
#1694 = CARTESIAN_POINT('',(4.145292617109E-02,19.097444329813));
#1695 = CARTESIAN_POINT('',(4.147575887813E-02,19.182576808967));
#1696 = CARTESIAN_POINT('',(4.149915808387E-02,19.267695852036));
#1697 = CARTESIAN_POINT('',(4.151762429133E-02,19.352814583285));
#1698 = CARTESIAN_POINT('',(4.15288625806E-02,19.437946293797));
#1699 = CARTESIAN_POINT('',(4.153332248234E-02,19.523094063834));
#1700 = CARTESIAN_POINT('',(4.153229527318E-02,19.730270806637));
#1701 = CARTESIAN_POINT('',(4.152164806086E-02,19.852510777506));
#1702 = CARTESIAN_POINT('',(4.150649561422E-02,19.974641844348));
#1703 = CARTESIAN_POINT('',(4.149850466054E-02,20.09671485716));
#1704 = CARTESIAN_POINT('',(4.150765924783E-02,20.218786471387));
#1705 = CARTESIAN_POINT('',(4.152312079944E-02,20.340916035392));
#1706 = CARTESIAN_POINT('',(4.153325471841E-02,20.463151246386));
#1707 = CARTESIAN_POINT('',(4.153292586132E-02,20.585210603279));
#1708 = ( GEOMETRIC_REPRESENTATION_CONTEXT(2) 
PARAMETRIC_REPRESENTATION_CONTEXT() REPRESENTATION_CONTEXT('2D SPACE',''
  ) );
#1709 = PCURVE('',#1710,#1715);
#1710 = CYLINDRICAL_SURFACE('',#1711,12.5);
#1711 = AXIS2_PLACEMENT_3D('',#1712,#1713,#1714);
#1712 = CARTESIAN_POINT('',(-2.22044604925E-17,0.,22.7));
#1713 = DIRECTION('',(-1.110223024625E-16,-0.,1.));
#1714 = DIRECTION('',(0.,1.,0.));
#1715 = DEFINITIONAL_REPRESENTATION('',(#1716),#1789);
#1716 = B_SPLINE_CURVE_WITH_KNOTS('',8,(#1717,#1718,#1719,#1720,#1721,
    #1722,#1723,#1724,#1725,#1726,#1727,#1728,#1729,#1730,#1731,#1732,
    #1733,#1734,#1735,#1736,#1737,#1738,#1739,#1740,#1741,#1742,#1743,
    #1744,#1745,#1746,#1747,#1748,#1749,#1750,#1751,#1752,#1753,#1754,
    #1755,#1756,#1757,#1758,#1759,#1760,#1761,#1762,#1763,#1764,#1765,
    #1766,#1767,#1768,#1769,#1770,#1771,#1772,#1773,#1774,#1775,#1776,
    #1777,#1778,#1779,#1780,#1781,#1782,#1783,#1784,#1785,#1786,#1787,
    #1788),.UNSPECIFIED.,.F.,.F.,(9,7,7,7,7,7,7,7,7,7,9),(0.,
    0.117378714233,0.218893673023,0.318631317676,0.40233260581,
    0.45256115595,0.496926014023,0.638984019,0.738273776042,
    0.845803629505,1.),.UNSPECIFIED.);
#1717 = CARTESIAN_POINT('',(-6.28318530718,-1.636373262577));
#1718 = CARTESIAN_POINT('',(-6.191016177653,-1.648105466189));
#1719 = CARTESIAN_POINT('',(-6.09880372475,-1.659846312356));
#1720 = CARTESIAN_POINT('',(-6.006614429636,-1.67158874962));
#1721 = CARTESIAN_POINT('',(-5.914442238076,-1.683332995789));
#1722 = CARTESIAN_POINT('',(-5.822268704251,-1.695077766948));
#1723 = CARTESIAN_POINT('',(-5.730076545388,-1.70682036443));
#1724 = CARTESIAN_POINT('',(-5.637861747768,-1.718559000166));
#1725 = CARTESIAN_POINT('',(-5.465986013753,-1.740426369346));
#1726 = CARTESIAN_POINT('',(-5.386254311898,-1.750565743747));
#1727 = CARTESIAN_POINT('',(-5.306532368186,-1.760699319355));
#1728 = CARTESIAN_POINT('',(-5.226822624385,-1.770828919549));
#1729 = CARTESIAN_POINT('',(-5.147112884213,-1.780959758108));
#1730 = CARTESIAN_POINT('',(-5.067390951666,-1.791097586507));
#1731 = CARTESIAN_POINT('',(-4.987659268824,-1.801245300727));
#1732 = CARTESIAN_POINT('',(-4.829635387499,-1.821374944352));
#1733 = CARTESIAN_POINT('',(-4.751299579479,-1.831362135807));
#1734 = CARTESIAN_POINT('',(-4.672972186024,-1.841357244495));
#1735 = CARTESIAN_POINT('',(-4.59465599893,-1.851357838637));
#1736 = CARTESIAN_POINT('',(-4.516340066598,-1.861360321975));
#1737 = CARTESIAN_POINT('',(-4.438013187652,-1.871359296353));
#1738 = CARTESIAN_POINT('',(-4.359677376422,-1.881348357059));
#1739 = CARTESIAN_POINT('',(-4.215637305355,-1.89969261708));
#1740 = CARTESIAN_POINT('',(-4.149906223907,-1.908054902791));
#1741 = CARTESIAN_POINT('',(-4.084178389216,-1.916406851607));
#1742 = CARTESIAN_POINT('',(-4.018453819952,-1.924749112183));
#1743 = CARTESIAN_POINT('',(-3.952727662401,-1.933085986353));
#1744 = CARTESIAN_POINT('',(-3.886995775136,-1.941424325323));
#1745 = CARTESIAN_POINT('',(-3.821260456121,-1.949770643968));
#1746 = CARTESIAN_POINT('',(-3.716095719082,-1.963140715218));
#1747 = CARTESIAN_POINT('',(-3.676655072192,-1.968158762939));
#1748 = CARTESIAN_POINT('',(-3.637214392168,-1.97318166769));
#1749 = CARTESIAN_POINT('',(-3.597773698663,-1.97820967218));
#1750 = CARTESIAN_POINT('',(-3.558333010423,-1.983242190559));
#1751 = CARTESIAN_POINT('',(-3.518892345279,-1.988277808411));
#1752 = CARTESIAN_POINT('',(-3.479451720156,-1.993314282761));
#1753 = CARTESIAN_POINT('',(-3.405174882745,-2.002795100831));
#1754 = CARTESIAN_POINT('',(-3.370337383017,-2.007239619934));
#1755 = CARTESIAN_POINT('',(-3.335500112543,-2.011679176931));
#1756 = CARTESIAN_POINT('',(-3.300663847604,-2.01611236972));
#1757 = CARTESIAN_POINT('',(-3.265828680102,-2.020539316547));
#1758 = CARTESIAN_POINT('',(-3.230994017559,-2.024961656002));
#1759 = CARTESIAN_POINT('',(-3.196158583117,-2.029382547026));
#1760 = CARTESIAN_POINT('',(-3.049767244892,-2.047972879605));
#1761 = CARTESIAN_POINT('',(-2.938096860603,-2.062166132308));
#1762 = CARTESIAN_POINT('',(-2.826495667979,-2.07641274961));
#1763 = CARTESIAN_POINT('',(-2.714935866494,-2.090701128251));
#1764 = CARTESIAN_POINT('',(-2.603374362667,-2.104963534573));
#1765 = CARTESIAN_POINT('',(-2.491769939358,-2.119196878384));
#1766 = CARTESIAN_POINT('',(-2.380098518896,-2.133407096647));
#1767 = CARTESIAN_POINT('',(-2.19058035868,-2.157494190312));
#1768 = CARTESIAN_POINT('',(-2.112593957664,-2.167397557466));
#1769 = CARTESIAN_POINT('',(-2.034616286174,-2.177295945825));
#1770 = CARTESIAN_POINT('',(-1.956649249357,-2.187195661675));
#1771 = CARTESIAN_POINT('',(-1.878681887038,-2.197103247643));
#1772 = CARTESIAN_POINT('',(-1.800703542672,-2.207022143266));
#1773 = CARTESIAN_POINT('',(-1.72271705299,-2.216951062764));
#1774 = CARTESIAN_POINT('',(-1.560316509496,-2.237641463169));
#1775 = CARTESIAN_POINT('',(-1.475850047454,-2.248410791533));
#1776 = CARTESIAN_POINT('',(-1.391398848462,-2.259183394775));
#1777 = CARTESIAN_POINT('',(-1.306960709342,-2.269954797353));
#1778 = CARTESIAN_POINT('',(-1.222522756399,-2.280721838196));
#1779 = CARTESIAN_POINT('',(-1.138072010063,-2.291484185199));
#1780 = CARTESIAN_POINT('',(-1.053605567971,-2.302242621306));
#1781 = CARTESIAN_POINT('',(-0.848087341202,-2.328409031874));
#1782 = CARTESIAN_POINT('',(-0.726826572706,-2.343839134988));
#1783 = CARTESIAN_POINT('',(-0.605674678035,-2.3592515356));
#1784 = CARTESIAN_POINT('',(-0.484581103079,-2.374662878818));
#1785 = CARTESIAN_POINT('',(-0.36348888388,-2.390089068582));
#1786 = CARTESIAN_POINT('',(-0.242338410392,-2.405528103845));
#1787 = CARTESIAN_POINT('',(-0.121082289414,-2.420975814515));
#1788 = CARTESIAN_POINT('',(0.,-2.436392146307));
#1789 = ( GEOMETRIC_REPRESENTATION_CONTEXT(2) 
PARAMETRIC_REPRESENTATION_CONTEXT() REPRESENTATION_CONTEXT('2D SPACE',''
  ) );
#1790 = ORIENTED_EDGE('',*,*,#1791,.F.);
#1791 = EDGE_CURVE('',#1792,#1557,#1794,.T.);
#1792 = VERTEX_POINT('',#1793);
#1793 = CARTESIAN_POINT('',(7.065229396947E-17,12.5,21.863620710412));
#1794 = SURFACE_CURVE('',#1795,(#1861,#1930),.PCURVE_S1.);
#1795 = B_SPLINE_CURVE_WITH_KNOTS('',8,(#1796,#1797,#1798,#1799,#1800,
    #1801,#1802,#1803,#1804,#1805,#1806,#1807,#1808,#1809,#1810,#1811,
    #1812,#1813,#1814,#1815,#1816,#1817,#1818,#1819,#1820,#1821,#1822,
    #1823,#1824,#1825,#1826,#1827,#1828,#1829,#1830,#1831,#1832,#1833,
    #1834,#1835,#1836,#1837,#1838,#1839,#1840,#1841,#1842,#1843,#1844,
    #1845,#1846,#1847,#1848,#1849,#1850,#1851,#1852,#1853,#1854,#1855,
    #1856,#1857,#1858,#1859,#1860),.UNSPECIFIED.,.F.,.F.,(9,7,7,7,7,7,7,
    7,7,9),(0.,8.136916807404E-02,0.181767589126,0.274522191462,
    0.362681778624,0.517696478181,0.564107724516,0.706508288384,
    0.852708325205,1.),.UNSPECIFIED.);
#1796 = CARTESIAN_POINT('',(7.065229396947E-17,12.5,21.863620710412));
#1797 = CARTESIAN_POINT('',(-0.798593494626,12.5,21.855478347382));
#1798 = CARTESIAN_POINT('',(-1.59727525234,12.441691035667,
    21.847337951202));
#1799 = CARTESIAN_POINT('',(-2.390933464888,12.325051992794,
    21.839201424503));
#1800 = CARTESIAN_POINT('',(-3.174597023557,12.150623608363,
    21.831068613019));
#1801 = CARTESIAN_POINT('',(-3.943421176586,11.919430808488,
    21.822938104435));
#1802 = CARTESIAN_POINT('',(-4.692685744922,11.632953610872,
    21.814808102036));
#1803 = CARTESIAN_POINT('',(-5.417805896321,11.293146591814,
    21.806677373136));
#1804 = CARTESIAN_POINT('',(-6.973802364366,10.420511004457,
    21.788513606345));
#1805 = CARTESIAN_POINT('',(-7.790048311548,9.860959964243,
    21.778477008878));
#1806 = CARTESIAN_POINT('',(-8.554572953503,9.2285466689,21.768438688733
    ));
#1807 = CARTESIAN_POINT('',(-9.259866507829,8.528949084515,
    21.758398304994));
#1808 = CARTESIAN_POINT('',(-9.899247838253,7.768637069231,
    21.748355227565));
#1809 = CARTESIAN_POINT('',(-10.46681320797,6.954799566772,
    21.73831011917));
#1810 = CARTESIAN_POINT('',(-10.95751572369,6.095392195684,
    21.728265838806));
#1811 = CARTESIAN_POINT('',(-11.74603060642,4.371441719246,
    21.708953749238));
#1812 = CARTESIAN_POINT('',(-12.05585526547,3.511898261428,
    21.699680975674));
#1813 = CARTESIAN_POINT('',(-12.29363299068,2.627589241229,
    21.69041309206));
#1814 = CARTESIAN_POINT('',(-12.45713948693,1.725591199013,
    21.681150906328));
#1815 = CARTESIAN_POINT('',(-12.54497982403,0.813108661669,
    21.671892746017));
#1816 = CARTESIAN_POINT('',(-12.55653579626,-0.102544947676,
    21.662635568206));
#1817 = CARTESIAN_POINT('',(-12.49202343795,-1.013951316744,
    21.653376721584));
#1818 = CARTESIAN_POINT('',(-12.22020191075,-2.768634067977,
    21.635314753272));
#1819 = CARTESIAN_POINT('',(-12.02008187293,-3.613329286919,
    21.626508928698));
#1820 = CARTESIAN_POINT('',(-11.75326775874,-4.441219744236,
    21.617698713688));
#1821 = CARTESIAN_POINT('',(-11.42146557763,-5.246181321232,
    21.608882164057));
#1822 = CARTESIAN_POINT('',(-11.02700645692,-6.022365618667,
    21.600057697967));
#1823 = CARTESIAN_POINT('',(-10.57280702348,-6.764191505129,
    21.591225551882));
#1824 = CARTESIAN_POINT('',(-10.06240388159,-7.466370456214,
    21.582388559231));
#1825 = CARTESIAN_POINT('',(-8.511273200523,-9.280242954276,
    21.558015001792));
#1826 = CARTESIAN_POINT('',(-7.360167950196,-10.30070553357,
    21.54245253608));
#1827 = CARTESIAN_POINT('',(-6.070649169528,-11.15572263948,
    21.526922550121));
#1828 = CARTESIAN_POINT('',(-4.67113402013,-11.82497732051,
    21.511438682536));
#1829 = CARTESIAN_POINT('',(-3.192051593098,-12.29284141283,
    21.496020638805));
#1830 = CARTESIAN_POINT('',(-1.666282638482,-12.54991894821,
    21.480597992802));
#1831 = CARTESIAN_POINT('',(-0.128490192716,-12.59158557919,
    21.465099858232));
#1832 = CARTESIAN_POINT('',(1.83621784486,-12.37278378475,
    21.444940814189));
#1833 = CARTESIAN_POINT('',(2.286843718721,-12.30351104529,
    21.440291851038));
#1834 = CARTESIAN_POINT('',(2.734462377875,-12.2154848072,
    21.435639722546));
#1835 = CARTESIAN_POINT('',(3.178153639201,-12.10886119878,
    21.430985783399));
#1836 = CARTESIAN_POINT('',(3.617015075426,-11.98384811132,
    21.426331859968));
#1837 = CARTESIAN_POINT('',(4.050162015121,-11.84070519906,
    21.421680250308));
#1838 = CARTESIAN_POINT('',(4.476727542707,-11.6797438792,
    21.417033724158));
#1839 = CARTESIAN_POINT('',(6.181866619163,-10.95390361589,
    21.39816443628));
#1840 = CARTESIAN_POINT('',(7.399259521199,-10.2415733942,
    21.383986766442));
#1841 = CARTESIAN_POINT('',(8.52112523393,-9.375091099238,
    21.369800568178));
#1842 = CARTESIAN_POINT('',(9.525403167986,-8.370109503248,
    21.355515640463));
#1843 = CARTESIAN_POINT('',(10.392919293046,-7.244943586657,
    21.34120849547));
#1844 = CARTESIAN_POINT('',(11.10797380587,-6.020962599178,
    21.326905045423));
#1845 = CARTESIAN_POINT('',(11.657860155232,-4.722046900368,
    21.312622248853));
#1846 = CARTESIAN_POINT('',(12.422965756152,-1.994739093428,
    21.283760679219));
#1847 = CARTESIAN_POINT('',(12.629730945653,-0.560727871285,
    21.26915169333));
#1848 = CARTESIAN_POINT('',(12.646468334871,0.895602485894,
    21.254579382845));
#1849 = CARTESIAN_POINT('',(12.471675641438,2.345005712005,
    21.240017449816));
#1850 = CARTESIAN_POINT('',(12.108092196369,3.758925046973,
    21.225430537057));
#1851 = CARTESIAN_POINT('',(11.563535934563,5.109781805157,
    21.210811991649));
#1852 = CARTESIAN_POINT('',(10.84994406879,6.370829258953,
    21.196165208244));
#1853 = CARTESIAN_POINT('',(9.117747469704,8.67215612971,21.166785081819
    ));
#1854 = CARTESIAN_POINT('',(8.094706404706,9.713638028882,
    21.152014689277));
#1855 = CARTESIAN_POINT('',(6.936733571989,10.615332143391,
    21.137257561636));
#1856 = CARTESIAN_POINT('',(5.666736859499,11.357944563439,
    21.122521135897));
#1857 = CARTESIAN_POINT('',(4.309668908438,11.926035460041,
    21.107801192958));
#1858 = CARTESIAN_POINT('',(2.8928643651,12.308954076568,21.093080365043
    ));
#1859 = CARTESIAN_POINT('',(1.445529581898,12.5,21.078346848132));
#1860 = CARTESIAN_POINT('',(-3.393244211994E-15,12.5,21.063626737423));
#1861 = PCURVE('',#208,#1862);
#1862 = DEFINITIONAL_REPRESENTATION('',(#1863),#1929);
#1863 = B_SPLINE_CURVE_WITH_KNOTS('',8,(#1864,#1865,#1866,#1867,#1868,
    #1869,#1870,#1871,#1872,#1873,#1874,#1875,#1876,#1877,#1878,#1879,
    #1880,#1881,#1882,#1883,#1884,#1885,#1886,#1887,#1888,#1889,#1890,
    #1891,#1892,#1893,#1894,#1895,#1896,#1897,#1898,#1899,#1900,#1901,
    #1902,#1903,#1904,#1905,#1906,#1907,#1908,#1909,#1910,#1911,#1912,
    #1913,#1914,#1915,#1916,#1917,#1918,#1919,#1920,#1921,#1922,#1923,
    #1924,#1925,#1926,#1927,#1928),.UNSPECIFIED.,.F.,.F.,(9,7,7,7,7,7,7,
    7,7,9),(0.,8.136916807404E-02,0.181767589126,0.274522191462,
    0.362681778624,0.517696478181,0.564107724516,0.706508288384,
    0.852708325205,1.),.UNSPECIFIED.);
#1864 = CARTESIAN_POINT('',(4.151883625178E-02,7.917386291068));
#1865 = CARTESIAN_POINT('',(4.152799564581E-02,7.981788994566));
#1866 = CARTESIAN_POINT('',(4.153389377927E-02,8.046198750055));
#1867 = CARTESIAN_POINT('',(4.153595830345E-02,8.110604464207));
#1868 = CARTESIAN_POINT('',(4.153448082457E-02,8.175005335415));
#1869 = CARTESIAN_POINT('',(4.153043470447E-02,8.239405792967));
#1870 = CARTESIAN_POINT('',(4.152518636934E-02,8.303810582827));
#1871 = CARTESIAN_POINT('',(4.152010012623E-02,8.368220000009));
#1872 = CARTESIAN_POINT('',(4.151102251331E-02,8.512092556228));
#1873 = CARTESIAN_POINT('',(4.150756078028E-02,8.591580203463));
#1874 = CARTESIAN_POINT('',(4.150741967786E-02,8.671058453378));
#1875 = CARTESIAN_POINT('',(4.151130144938E-02,8.750525133551));
#1876 = CARTESIAN_POINT('',(4.15182478445E-02,8.829991880538));
#1877 = CARTESIAN_POINT('',(4.152583598485E-02,8.909470255738));
#1878 = CARTESIAN_POINT('',(4.153116444307E-02,8.988957751602));
#1879 = CARTESIAN_POINT('',(4.153398308272E-02,9.141839497621));
#1880 = CARTESIAN_POINT('',(4.153201654362E-02,9.215269283573));
#1881 = CARTESIAN_POINT('',(4.152537855969E-02,9.288692761587));
#1882 = CARTESIAN_POINT('',(4.151335163573E-02,9.362108512446));
#1883 = CARTESIAN_POINT('',(4.149669614155E-02,9.435524502639));
#1884 = CARTESIAN_POINT('',(4.147775030222E-02,9.508948602988));
#1885 = CARTESIAN_POINT('',(4.145978617653E-02,9.582379105433));
#1886 = CARTESIAN_POINT('',(4.143215877568E-02,9.725574373164));
#1887 = CARTESIAN_POINT('',(4.142214794675E-02,9.795362949341));
#1888 = CARTESIAN_POINT('',(4.141793958554E-02,9.865146032364));
#1889 = CARTESIAN_POINT('',(4.142185022772E-02,9.934922944388));
#1890 = CARTESIAN_POINT('',(4.143475985138E-02,10.004700104678));
#1891 = CARTESIAN_POINT('',(4.145548936913E-02,10.074483820768));
#1892 = CARTESIAN_POINT('',(4.148095825718E-02,10.144273029975));
#1893 = CARTESIAN_POINT('',(4.155312769278E-02,10.336747265437));
#1894 = CARTESIAN_POINT('',(4.160162596228E-02,10.45962488738));
#1895 = CARTESIAN_POINT('',(4.162931301675E-02,10.582389728887));
#1896 = CARTESIAN_POINT('',(4.161289880487E-02,10.705095380057));
#1897 = CARTESIAN_POINT('',(4.152105545984E-02,10.827803159301));
#1898 = CARTESIAN_POINT('',(4.142515295354E-02,10.95057554149));
#1899 = CARTESIAN_POINT('',(4.139927925081E-02,11.073459787199));
#1900 = CARTESIAN_POINT('',(4.142553913959E-02,11.232884588483));
#1901 = CARTESIAN_POINT('',(4.143593783145E-02,11.269620094718));
#1902 = CARTESIAN_POINT('',(4.144983454839E-02,11.306356394277));
#1903 = CARTESIAN_POINT('',(4.146578939791E-02,11.343092749909));
#1904 = CARTESIAN_POINT('',(4.148177263036E-02,11.379828782165));
#1905 = CARTESIAN_POINT('',(4.149516463887E-02,11.416564469391));
#1906 = CARTESIAN_POINT('',(4.150275595942E-02,11.453300147733));
#1907 = CARTESIAN_POINT('',(4.149458414396E-02,11.60275227027));
#1908 = CARTESIAN_POINT('',(4.141134927698E-02,11.715579811735));
#1909 = CARTESIAN_POINT('',(4.134694354229E-02,11.828344259675));
#1910 = CARTESIAN_POINT('',(4.140109950175E-02,11.941067881964));
#1911 = CARTESIAN_POINT('',(4.148065771679E-02,12.053791179566));
#1912 = CARTESIAN_POINT('',(4.154985421659E-02,12.166557101584));
#1913 = CARTESIAN_POINT('',(4.158528106159E-02,12.279393771041));
#1914 = CARTESIAN_POINT('',(4.15955997428E-02,12.507830419536));
#1915 = CARTESIAN_POINT('',(4.156869876729E-02,12.623682042501));
#1916 = CARTESIAN_POINT('',(4.151155178342E-02,12.739453118606));
#1917 = CARTESIAN_POINT('',(4.14493039449E-02,12.855177419768));
#1918 = CARTESIAN_POINT('',(4.141531569507E-02,12.970903450125));
#1919 = CARTESIAN_POINT('',(4.141021300624E-02,13.086679540697));
#1920 = CARTESIAN_POINT('',(4.142506393107E-02,13.202540778251));
#1921 = CARTESIAN_POINT('',(4.147173012934E-02,13.43483089265));
#1922 = CARTESIAN_POINT('',(4.150374378744E-02,13.551551728671));
#1923 = CARTESIAN_POINT('',(4.153292513957E-02,13.668187189898));
#1924 = CARTESIAN_POINT('',(4.154557930105E-02,13.784773400273));
#1925 = CARTESIAN_POINT('',(4.153934855918E-02,13.90136012003));
#1926 = CARTESIAN_POINT('',(4.152683645313E-02,14.017997421593));
#1927 = CARTESIAN_POINT('',(4.151657578043E-02,14.134719567322));
#1928 = CARTESIAN_POINT('',(4.151191409941E-02,14.251296728608));
#1929 = ( GEOMETRIC_REPRESENTATION_CONTEXT(2) 
PARAMETRIC_REPRESENTATION_CONTEXT() REPRESENTATION_CONTEXT('2D SPACE',''
  ) );
#1930 = PCURVE('',#1931,#1936);
#1931 = CYLINDRICAL_SURFACE('',#1932,12.5);
#1932 = AXIS2_PLACEMENT_3D('',#1933,#1934,#1935);
#1933 = CARTESIAN_POINT('',(-2.22044604925E-17,0.,22.7));
#1934 = DIRECTION('',(-1.110223024625E-16,-0.,1.));
#1935 = DIRECTION('',(0.,1.,0.));
#1936 = DEFINITIONAL_REPRESENTATION('',(#1937),#2003);
#1937 = B_SPLINE_CURVE_WITH_KNOTS('',8,(#1938,#1939,#1940,#1941,#1942,
    #1943,#1944,#1945,#1946,#1947,#1948,#1949,#1950,#1951,#1952,#1953,
    #1954,#1955,#1956,#1957,#1958,#1959,#1960,#1961,#1962,#1963,#1964,
    #1965,#1966,#1967,#1968,#1969,#1970,#1971,#1972,#1973,#1974,#1975,
    #1976,#1977,#1978,#1979,#1980,#1981,#1982,#1983,#1984,#1985,#1986,
    #1987,#1988,#1989,#1990,#1991,#1992,#1993,#1994,#1995,#1996,#1997,
    #1998,#1999,#2000,#2001,#2002),.UNSPECIFIED.,.F.,.F.,(9,7,7,7,7,7,7,
    7,7,9),(0.,8.136916807404E-02,0.181767589126,0.274522191462,
    0.362681778624,0.517696478181,0.564107724516,0.706508288384,
    0.852708325205,1.),.UNSPECIFIED.);
#1938 = CARTESIAN_POINT('',(-6.28318530718,-0.836379289588));
#1939 = CARTESIAN_POINT('',(-6.21929782761,-0.844521652618));
#1940 = CARTESIAN_POINT('',(-6.155403400458,-0.852662048798));
#1941 = CARTESIAN_POINT('',(-6.091513094988,-0.860798575497));
#1942 = CARTESIAN_POINT('',(-6.02762776896,-0.868931386981));
#1943 = CARTESIAN_POINT('',(-5.963743066767,-0.877061895565));
#1944 = CARTESIAN_POINT('',(-5.899854283698,-0.885191897964));
#1945 = CARTESIAN_POINT('',(-5.835961096319,-0.893322626864));
#1946 = CARTESIAN_POINT('',(-5.693241951099,-0.911486393655));
#1947 = CARTESIAN_POINT('',(-5.614391750147,-0.921522991122));
#1948 = CARTESIAN_POINT('',(-5.535550981905,-0.931561311267));
#1949 = CARTESIAN_POINT('',(-5.456721643508,-0.941601695006));
#1950 = CARTESIAN_POINT('',(-5.377892037641,-0.951644772435));
#1951 = CARTESIAN_POINT('',(-5.299050592891,-0.96168988083));
#1952 = CARTESIAN_POINT('',(-5.220199770277,-0.971734161194));
#1953 = CARTESIAN_POINT('',(-5.068542030022,-0.991046250762));
#1954 = CARTESIAN_POINT('',(-4.99569990187,-1.000319024326));
#1955 = CARTESIAN_POINT('',(-4.922863825763,-1.00958690794));
#1956 = CARTESIAN_POINT('',(-4.850035301409,-1.018849093672));
#1957 = CARTESIAN_POINT('',(-4.77720654206,-1.028107253983));
#1958 = CARTESIAN_POINT('',(-4.704369847421,-1.037364431794));
#1959 = CARTESIAN_POINT('',(-4.631526981298,-1.046623278416));
#1960 = CARTESIAN_POINT('',(-4.489478009458,-1.064685246728));
#1961 = CARTESIAN_POINT('',(-4.420248265821,-1.073491071302));
#1962 = CARTESIAN_POINT('',(-4.351024149135,-1.082301286312));
#1963 = CARTESIAN_POINT('',(-4.28180629202,-1.091117835943));
#1964 = CARTESIAN_POINT('',(-4.212588247565,-1.099942302033));
#1965 = CARTESIAN_POINT('',(-4.143363664058,-1.108774448118));
#1966 = CARTESIAN_POINT('',(-4.074133520563,-1.117611440769));
#1967 = CARTESIAN_POINT('',(-3.883200823244,-1.141984998208));
#1968 = CARTESIAN_POINT('',(-3.761306965419,-1.15754746392));
#1969 = CARTESIAN_POINT('',(-3.639524519023,-1.173077449879));
#1970 = CARTESIAN_POINT('',(-3.517800844842,-1.188561317464));
#1971 = CARTESIAN_POINT('',(-3.396076133229,-1.203979361194));
#1972 = CARTESIAN_POINT('',(-3.274290478876,-1.219402007198));
#1973 = CARTESIAN_POINT('',(-3.152392422178,-1.234900141768));
#1974 = CARTESIAN_POINT('',(-2.994244098923,-1.255059185811));
#1975 = CARTESIAN_POINT('',(-2.957802459489,-1.259708148962));
#1976 = CARTESIAN_POINT('',(-2.921359810343,-1.264360277454));
#1977 = CARTESIAN_POINT('',(-2.884916950834,-1.269014216601));
#1978 = CARTESIAN_POINT('',(-2.848474350099,-1.273668140032));
#1979 = CARTESIAN_POINT('',(-2.812032147063,-1.278319749692));
#1980 = CARTESIAN_POINT('',(-2.775590150437,-1.282966275842));
#1981 = CARTESIAN_POINT('',(-2.627334298983,-1.30183556372));
#1982 = CARTESIAN_POINT('',(-2.515404271149,-1.316013233558));
#1983 = CARTESIAN_POINT('',(-2.403543856541,-1.330199431822));
#1984 = CARTESIAN_POINT('',(-2.291726230716,-1.344484359536));
#1985 = CARTESIAN_POINT('',(-2.179907922042,-1.35879150453));
#1986 = CARTESIAN_POINT('',(-2.068046153076,-1.373094954577));
#1987 = CARTESIAN_POINT('',(-1.95611330759,-1.387377751147));
#1988 = CARTESIAN_POINT('',(-1.729505707303,-1.416239320781));
#1989 = CARTESIAN_POINT('',(-1.6145812997,-1.43084830667));
#1990 = CARTESIAN_POINT('',(-1.499736929022,-1.445420617155));
#1991 = CARTESIAN_POINT('',(-1.38493977389,-1.459982550184));
#1992 = CARTESIAN_POINT('',(-1.270141345525,-1.474569462943));
#1993 = CARTESIAN_POINT('',(-1.155292974983,-1.489188008351));
#1994 = CARTESIAN_POINT('',(-1.040359630145,-1.503834791756));
#1995 = CARTESIAN_POINT('',(-0.809928931857,-1.533214918181));
#1996 = CARTESIAN_POINT('',(-0.694141950363,-1.547985310723));
#1997 = CARTESIAN_POINT('',(-0.578439260676,-1.562742438364));
#1998 = CARTESIAN_POINT('',(-0.46278540944,-1.577478864103));
#1999 = CARTESIAN_POINT('',(-0.347131747984,-1.592198807042));
#2000 = CARTESIAN_POINT('',(-0.231428816183,-1.606919634957));
#2001 = CARTESIAN_POINT('',(-0.115642366552,-1.621653151868));
#2002 = CARTESIAN_POINT('',(0.,-1.636373262577));
#2003 = ( GEOMETRIC_REPRESENTATION_CONTEXT(2) 
PARAMETRIC_REPRESENTATION_CONTEXT() REPRESENTATION_CONTEXT('2D SPACE',''
  ) );
#2004 = ORIENTED_EDGE('',*,*,#2005,.F.);
#2005 = EDGE_CURVE('',#115,#1792,#2006,.T.);
#2006 = SURFACE_CURVE('',#2007,(#2073,#2142),.PCURVE_S1.);
#2007 = B_SPLINE_CURVE_WITH_KNOTS('',8,(#2008,#2009,#2010,#2011,#2012,
    #2013,#2014,#2015,#2016,#2017,#2018,#2019,#2020,#2021,#2022,#2023,
    #2024,#2025,#2026,#2027,#2028,#2029,#2030,#2031,#2032,#2033,#2034,
    #2035,#2036,#2037,#2038,#2039,#2040,#2041,#2042,#2043,#2044,#2045,
    #2046,#2047,#2048,#2049,#2050,#2051,#2052,#2053,#2054,#2055,#2056,
    #2057,#2058,#2059,#2060,#2061,#2062,#2063,#2064,#2065,#2066,#2067,
    #2068,#2069,#2070,#2071,#2072),.UNSPECIFIED.,.F.,.F.,(9,7,7,7,7,7,7,
    7,7,9),(0.,0.124641400542,0.252242089134,0.38431832488,
    0.501605218646,0.564261477304,0.606354315289,0.783396705626,
    0.892781144225,1.),.UNSPECIFIED.);
#2008 = CARTESIAN_POINT('',(-11.99342404189,3.522467849586,22.5000006));
#2009 = CARTESIAN_POINT('',(-12.26769714665,2.588613019711,
    22.490086290251));
#2010 = CARTESIAN_POINT('',(-12.45894328109,1.63009514066,
    22.480166711432));
#2011 = CARTESIAN_POINT('',(-12.56444495053,0.655892600947,
    22.470245523896));
#2012 = CARTESIAN_POINT('',(-12.58283078147,-0.325014402814,
    22.460324551536));
#2013 = CARTESIAN_POINT('',(-12.51382747601,-1.303656520845,
    22.45040475584));
#2014 = CARTESIAN_POINT('',(-12.35817608406,-2.271092199896,
    22.440487116036));
#2015 = CARTESIAN_POINT('',(-12.11771259357,-3.218428927722,
    22.430573415317));
#2016 = CARTESIAN_POINT('',(-11.46586565679,-5.077074123457,
    22.410525247162));
#2017 = CARTESIAN_POINT('',(-11.05037278672,-5.987525483234,
    22.400385500926));
#2018 = CARTESIAN_POINT('',(-10.55239006296,-6.858669441874,
    22.390251660395));
#2019 = CARTESIAN_POINT('',(-9.976374259539,-7.681845591474,
    22.380122015461));
#2020 = CARTESIAN_POINT('',(-9.327745363685,-8.44910933446,
    22.369991420151));
#2021 = CARTESIAN_POINT('',(-8.61279899623,-9.153190313235,
    22.359854108749));
#2022 = CARTESIAN_POINT('',(-7.838768978372,-9.787566461031,
    22.349707087823));
#2023 = CARTESIAN_POINT('',(-6.160384047821,-10.92535066494,
    22.329045008367));
#2024 = CARTESIAN_POINT('',(-5.25185989495,-11.4237591678,
    22.318522768164));
#2025 = CARTESIAN_POINT('',(-4.297692455045,-11.83548063545,
    22.307992164643));
#2026 = CARTESIAN_POINT('',(-3.307625045801,-12.15580605472,
    22.297455252949));
#2027 = CARTESIAN_POINT('',(-2.291758648614,-12.38129844466,
    22.286916444704));
#2028 = CARTESIAN_POINT('',(-1.260539294515,-12.50980940714,
    22.276383227572));
#2029 = CARTESIAN_POINT('',(-0.224734129703,-12.54046225434,
    22.265861510263));
#2030 = CARTESIAN_POINT('',(1.718457467275,-12.41514088132,
    22.24602976281));
#2031 = CARTESIAN_POINT('',(2.627683069738,-12.27965065476,
    22.23671145006));
#2032 = CARTESIAN_POINT('',(3.524401506446,-12.06806294429,
    22.227406129305));
#2033 = CARTESIAN_POINT('',(4.401191844349,-11.78180302041,
    22.218111788361));
#2034 = CARTESIAN_POINT('',(5.250923302162,-11.42310628212,
    22.208820379165));
#2035 = CARTESIAN_POINT('',(6.066746064059,-10.99495975042,
    22.199520561168));
#2036 = CARTESIAN_POINT('',(6.842122637782,-10.50115183271,
    22.190203685627));
#2037 = CARTESIAN_POINT('',(7.96022243621,-9.650090578808,
    22.175888452382));
#2038 = CARTESIAN_POINT('',(8.336292231201,-9.336332330594,
    22.170899368786));
#2039 = CARTESIAN_POINT('',(8.698193937376,-9.005852347029,
    22.165905793254));
#2040 = CARTESIAN_POINT('',(9.045062930959,-8.659398244674,
    22.160908569078));
#2041 = CARTESIAN_POINT('',(9.376085169172,-8.297768522995,
    22.155909359618));
#2042 = CARTESIAN_POINT('',(9.690497190234,-7.921812564361,
    22.150910648298));
#2043 = CARTESIAN_POINT('',(9.987586113359,-7.532430634046,
    22.145915738608));
#2044 = CARTESIAN_POINT('',(10.454193005979,-6.860604182165,
    22.13757846899));
#2045 = CARTESIAN_POINT('',(10.633558411428,-6.585039709306,
    22.134232932779));
#2046 = CARTESIAN_POINT('',(10.804605869148,-6.304139033382,
    22.130890860227));
#2047 = CARTESIAN_POINT('',(10.967162026106,-6.018176795886,
    22.127551097834));
#2048 = CARTESIAN_POINT('',(11.12106016219,-5.727443708081,
    22.124212623851));
#2049 = CARTESIAN_POINT('',(11.266140190218,-5.432246550993,
    22.120874548277));
#2050 = CARTESIAN_POINT('',(11.402248655928,-5.132908175417,
    22.117536112859));
#2051 = CARTESIAN_POINT('',(12.063358762978,-3.554758450143,
    22.100151089985));
#2052 = CARTESIAN_POINT('',(12.436878437034,-2.210940772426,
    22.08607441441));
#2053 = CARTESIAN_POINT('',(12.638402327457,-0.823914411526,
    22.07194585524));
#2054 = CARTESIAN_POINT('',(12.663119620846,0.580605257177,
    22.057781897084));
#2055 = CARTESIAN_POINT('',(12.509986400585,1.976986754819,
    22.04364538212));
#2056 = CARTESIAN_POINT('',(12.182372046364,3.339780729411,
    22.029537987455));
#2057 = CARTESIAN_POINT('',(11.687431862404,4.643793438579,
    22.015452866705));
#2058 = CARTESIAN_POINT('',(10.638182915638,6.618799386129,
    21.992715282805));
#2059 = CARTESIAN_POINT('',(10.178524749339,7.341865278857,
    21.984036861802));
#2060 = CARTESIAN_POINT('',(9.662822581993,8.028201368063,
    21.975362090506));
#2061 = CARTESIAN_POINT('',(9.094554849549,8.672771430858,
    21.966686887406));
#2062 = CARTESIAN_POINT('',(8.477676833524,9.270983885902,
    21.958006944348));
#2063 = CARTESIAN_POINT('',(7.816587553403,9.818670845088,
    21.949319537547));
#2064 = CARTESIAN_POINT('',(7.116151942399,10.312119843036,
    21.940624551138));
#2065 = CARTESIAN_POINT('',(5.661943730873,11.175563998448,
    21.923397113985));
#2066 = CARTESIAN_POINT('',(4.909291041996,11.547934944906,
    21.914862414095));
#2067 = CARTESIAN_POINT('',(4.128876826877,11.862233033918,
    21.906323066458));
#2068 = CARTESIAN_POINT('',(3.325957354638,12.116095274523,
    21.897781171558));
#2069 = CARTESIAN_POINT('',(2.505955774439,12.307737358799,
    21.889238426933));
#2070 = CARTESIAN_POINT('',(1.674447019291,12.43592314505,
    21.880696281833));
#2071 = CARTESIAN_POINT('',(0.837160415822,12.5,21.872156297124));
#2072 = CARTESIAN_POINT('',(7.065229396947E-17,12.5,21.863620710412));
#2073 = PCURVE('',#208,#2074);
#2074 = DEFINITIONAL_REPRESENTATION('',(#2075),#2141);
#2075 = B_SPLINE_CURVE_WITH_KNOTS('',8,(#2076,#2077,#2078,#2079,#2080,
    #2081,#2082,#2083,#2084,#2085,#2086,#2087,#2088,#2089,#2090,#2091,
    #2092,#2093,#2094,#2095,#2096,#2097,#2098,#2099,#2100,#2101,#2102,
    #2103,#2104,#2105,#2106,#2107,#2108,#2109,#2110,#2111,#2112,#2113,
    #2114,#2115,#2116,#2117,#2118,#2119,#2120,#2121,#2122,#2123,#2124,
    #2125,#2126,#2127,#2128,#2129,#2130,#2131,#2132,#2133,#2134,#2135,
    #2136,#2137,#2138,#2139,#2140),.UNSPECIFIED.,.F.,.F.,(9,7,7,7,7,7,7,
    7,7,9),(0.,0.124641400542,0.252242089134,0.38431832488,
    0.501605218646,0.564261477304,0.606354315289,0.783396705626,
    0.892781144225,1.),.UNSPECIFIED.);
#2076 = CARTESIAN_POINT('',(4.150989893901E-02,2.878981998965));
#2077 = CARTESIAN_POINT('',(4.151019427812E-02,2.95747538285));
#2078 = CARTESIAN_POINT('',(4.151347148277E-02,3.035989797801));
#2079 = CARTESIAN_POINT('',(4.151977439459E-02,3.114495959339));
#2080 = CARTESIAN_POINT('',(4.152745818547E-02,3.192990837851));
#2081 = CARTESIAN_POINT('',(4.153394156651E-02,3.271484728228));
#2082 = CARTESIAN_POINT('',(4.153658586281E-02,3.349988182974));
#2083 = CARTESIAN_POINT('',(4.153370095381E-02,3.428498808787));
#2084 = CARTESIAN_POINT('',(4.151746472246E-02,3.587340565752));
#2085 = CARTESIAN_POINT('',(4.150386647418E-02,3.667715204232));
#2086 = CARTESIAN_POINT('',(4.148494987914E-02,3.748079980363));
#2087 = CARTESIAN_POINT('',(4.146299832432E-02,3.828432592989));
#2088 = CARTESIAN_POINT('',(4.144209563398E-02,3.908785453711));
#2089 = CARTESIAN_POINT('',(4.142704581852E-02,3.989150884709));
#2090 = CARTESIAN_POINT('',(4.142162897719E-02,4.069526362151));
#2091 = CARTESIAN_POINT('',(4.143091782601E-02,4.233051615635));
#2092 = CARTESIAN_POINT('',(4.144639258451E-02,4.31625291644));
#2093 = CARTESIAN_POINT('',(4.147330042722E-02,4.399441117071));
#2094 = CARTESIAN_POINT('',(4.150913865125E-02,4.48261730827));
#2095 = CARTESIAN_POINT('',(4.15472343717E-02,4.565792853693));
#2096 = CARTESIAN_POINT('',(4.157733453874E-02,4.648979599818));
#2097 = CARTESIAN_POINT('',(4.15922917027E-02,4.732180349871));
#2098 = CARTESIAN_POINT('',(4.158941468786E-02,4.88921593932));
#2099 = CARTESIAN_POINT('',(4.157507214186E-02,4.963092132514));
#2100 = CARTESIAN_POINT('',(4.154677428599E-02,5.036962276724));
#2101 = CARTESIAN_POINT('',(4.150703614408E-02,5.110824855916));
#2102 = CARTESIAN_POINT('',(4.1463879172E-02,5.184687942359));
#2103 = CARTESIAN_POINT('',(4.142912482107E-02,5.25855931411));
#2104 = CARTESIAN_POINT('',(4.14129562125E-02,5.332436802215));
#2105 = CARTESIAN_POINT('',(4.141570507885E-02,5.445756990578));
#2106 = CARTESIAN_POINT('',(4.142185122695E-02,5.485214863761));
#2107 = CARTESIAN_POINT('',(4.14331430735E-02,5.524672603414));
#2108 = CARTESIAN_POINT('',(4.144860673121E-02,5.564130288704));
#2109 = CARTESIAN_POINT('',(4.146633771912E-02,5.603587961727));
#2110 = CARTESIAN_POINT('',(4.148350096257E-02,5.643045627502));
#2111 = CARTESIAN_POINT('',(4.14963307932E-02,5.682503253979));
#2112 = CARTESIAN_POINT('',(4.150268391565E-02,5.748468561523));
#2113 = CARTESIAN_POINT('',(4.150036861631E-02,5.774972524519));
#2114 = CARTESIAN_POINT('',(4.149428971114E-02,5.80147517458));
#2115 = CARTESIAN_POINT('',(4.148551956584E-02,5.827978205749));
#2116 = CARTESIAN_POINT('',(4.147509825168E-02,5.854482492556));
#2117 = CARTESIAN_POINT('',(4.146403354546E-02,5.880988090015));
#2118 = CARTESIAN_POINT('',(4.145330092953E-02,5.90749423363));
#2119 = CARTESIAN_POINT('',(4.140406604851E-02,6.045479759912));
#2120 = CARTESIAN_POINT('',(4.138312052329E-02,6.157075574675));
#2121 = CARTESIAN_POINT('',(4.143048094857E-02,6.268608308713));
#2122 = CARTESIAN_POINT('',(4.152428447695E-02,6.38009911446));
#2123 = CARTESIAN_POINT('',(4.158682689983E-02,6.491589506978));
#2124 = CARTESIAN_POINT('',(4.161023406955E-02,6.603120834889));
#2125 = CARTESIAN_POINT('',(4.159879244286E-02,6.714717568408));
#2126 = CARTESIAN_POINT('',(4.155047726211E-02,6.895075009631));
#2127 = CARTESIAN_POINT('',(4.152494151552E-02,6.963962581617));
#2128 = CARTESIAN_POINT('',(4.149590252645E-02,7.032845560785));
#2129 = CARTESIAN_POINT('',(4.146818097904E-02,7.101722819477));
#2130 = CARTESIAN_POINT('',(4.144586688921E-02,7.170600093272));
#2131 = CARTESIAN_POINT('',(4.143124493517E-02,7.239483097866));
#2132 = CARTESIAN_POINT('',(4.142461520235E-02,7.30837066877));
#2133 = CARTESIAN_POINT('',(4.142539567983E-02,7.444761553452));
#2134 = CARTESIAN_POINT('',(4.143251589524E-02,7.512284686378));
#2135 = CARTESIAN_POINT('',(4.144553097822E-02,7.579803722853));
#2136 = CARTESIAN_POINT('',(4.14621982894E-02,7.647317590398));
#2137 = CARTESIAN_POINT('',(4.147983515971E-02,7.714831459437));
#2138 = CARTESIAN_POINT('',(4.14960490853E-02,7.782350453199));
#2139 = CARTESIAN_POINT('',(4.150923451802E-02,7.849873351878));
#2140 = CARTESIAN_POINT('',(4.151883625178E-02,7.917386291068));
#2141 = ( GEOMETRIC_REPRESENTATION_CONTEXT(2) 
PARAMETRIC_REPRESENTATION_CONTEXT() REPRESENTATION_CONTEXT('2D SPACE',''
  ) );
#2142 = PCURVE('',#424,#2143);
#2143 = DEFINITIONAL_REPRESENTATION('',(#2144),#2210);
#2144 = B_SPLINE_CURVE_WITH_KNOTS('',8,(#2145,#2146,#2147,#2148,#2149,
    #2150,#2151,#2152,#2153,#2154,#2155,#2156,#2157,#2158,#2159,#2160,
    #2161,#2162,#2163,#2164,#2165,#2166,#2167,#2168,#2169,#2170,#2171,
    #2172,#2173,#2174,#2175,#2176,#2177,#2178,#2179,#2180,#2181,#2182,
    #2183,#2184,#2185,#2186,#2187,#2188,#2189,#2190,#2191,#2192,#2193,
    #2194,#2195,#2196,#2197,#2198,#2199,#2200,#2201,#2202,#2203,#2204,
    #2205,#2206,#2207,#2208,#2209),.UNSPECIFIED.,.F.,.F.,(9,7,7,7,7,7,7,
    7,7,9),(0.,0.124641400542,0.252242089134,0.38431832488,
    0.501605218646,0.564261477304,0.606354315289,0.783396705626,
    0.892781144225,1.),.UNSPECIFIED.);
#2145 = CARTESIAN_POINT('',(-4.998055922998,-0.1999994));
#2146 = CARTESIAN_POINT('',(-4.920192017962,-0.209913709749));
#2147 = CARTESIAN_POINT('',(-4.842307253716,-0.219833288568));
#2148 = CARTESIAN_POINT('',(-4.764430518509,-0.229754476104));
#2149 = CARTESIAN_POINT('',(-4.686564702907,-0.239675448464));
#2150 = CARTESIAN_POINT('',(-4.608699537363,-0.24959524416));
#2151 = CARTESIAN_POINT('',(-4.530824559869,-0.259512883964));
#2152 = CARTESIAN_POINT('',(-4.452942213697,-0.269426584683));
#2153 = CARTESIAN_POINT('',(-4.295371325165,-0.289474752838));
#2154 = CARTESIAN_POINT('',(-4.21563961444,-0.299614499074));
#2155 = CARTESIAN_POINT('',(-4.135917661592,-0.309748339605));
#2156 = CARTESIAN_POINT('',(-4.056207908269,-0.319877984539));
#2157 = CARTESIAN_POINT('',(-3.976498158124,-0.330008579849));
#2158 = CARTESIAN_POINT('',(-3.896776215179,-0.340145891251));
#2159 = CARTESIAN_POINT('',(-3.817044521652,-0.350292912177));
#2160 = CARTESIAN_POINT('',(-3.654829279561,-0.370954991633));
#2161 = CARTESIAN_POINT('',(-3.572294628002,-0.381477231836));
#2162 = CARTESIAN_POINT('',(-3.489772976583,-0.392007835356));
#2163 = CARTESIAN_POINT('',(-3.407263093103,-0.402544747052));
#2164 = CARTESIAN_POINT('',(-3.324753573671,-0.413083555296));
#2165 = CARTESIAN_POINT('',(-3.242232706807,-0.423616772428));
#2166 = CARTESIAN_POINT('',(-3.159697926419,-0.434138489737));
#2167 = CARTESIAN_POINT('',(-3.003919642354,-0.45397023719));
#2168 = CARTESIAN_POINT('',(-2.930635088593,-0.46328854994));
#2169 = CARTESIAN_POINT('',(-2.857356780595,-0.472593870695));
#2170 = CARTESIAN_POINT('',(-2.784086426295,-0.481888211639));
#2171 = CARTESIAN_POINT('',(-2.710816029583,-0.491179620835));
#2172 = CARTESIAN_POINT('',(-2.637537590512,-0.500479438832));
#2173 = CARTESIAN_POINT('',(-2.564252775517,-0.509796314373));
#2174 = CARTESIAN_POINT('',(-2.451840607716,-0.524111547618));
#2175 = CARTESIAN_POINT('',(-2.4126987595,-0.529100631214));
#2176 = CARTESIAN_POINT('',(-2.373556749777,-0.534094206746));
#2177 = CARTESIAN_POINT('',(-2.334414457083,-0.539091430922));
#2178 = CARTESIAN_POINT('',(-2.295271901715,-0.544090640382));
#2179 = CARTESIAN_POINT('',(-2.256129245729,-0.549089351702));
#2180 = CARTESIAN_POINT('',(-2.216986792937,-0.554084261392));
#2181 = CARTESIAN_POINT('',(-2.151549297939,-0.56242153101));
#2182 = CARTESIAN_POINT('',(-2.125257431,-0.565767067221));
#2183 = CARTESIAN_POINT('',(-2.098966776024,-0.569109139773));
#2184 = CARTESIAN_POINT('',(-2.072675594314,-0.572448902166));
#2185 = CARTESIAN_POINT('',(-2.046383020548,-0.575787376149));
#2186 = CARTESIAN_POINT('',(-2.020089062781,-0.579125451723));
#2187 = CARTESIAN_POINT('',(-1.993794602439,-0.582463887141));
#2188 = CARTESIAN_POINT('',(-1.856912214873,-0.599848910015));
#2189 = CARTESIAN_POINT('',(-1.746210312538,-0.61392558559));
#2190 = CARTESIAN_POINT('',(-1.635574110207,-0.62805414476));
#2191 = CARTESIAN_POINT('',(-1.524978262527,-0.642218102916));
#2192 = CARTESIAN_POINT('',(-1.414381280452,-0.65635461788));
#2193 = CARTESIAN_POINT('',(-1.303742866922,-0.670462012545));
#2194 = CARTESIAN_POINT('',(-1.193039395968,-0.684547133295));
#2195 = CARTESIAN_POINT('',(-1.014125841957,-0.707284717195));
#2196 = CARTESIAN_POINT('',(-0.945789817834,-0.715963138198));
#2197 = CARTESIAN_POINT('',(-0.877458485423,-0.724637909494));
#2198 = CARTESIAN_POINT('',(-0.809132980951,-0.733313112594));
#2199 = CARTESIAN_POINT('',(-0.740807572865,-0.741993055652));
#2200 = CARTESIAN_POINT('',(-0.672476508506,-0.750680462453));
#2201 = CARTESIAN_POINT('',(-0.604140853017,-0.759375448862));
#2202 = CARTESIAN_POINT('',(-0.468842490408,-0.776602886015));
#2203 = CARTESIAN_POINT('',(-0.401860126407,-0.785137585905));
#2204 = CARTESIAN_POINT('',(-0.334881666802,-0.793676933542));
#2205 = CARTESIAN_POINT('',(-0.267908151157,-0.802218828442));
#2206 = CARTESIAN_POINT('',(-0.200934469097,-0.810761573067));
#2207 = CARTESIAN_POINT('',(-0.133955598532,-0.819303718167));
#2208 = CARTESIAN_POINT('',(-6.697283326577E-02,-0.827843702876));
#2209 = CARTESIAN_POINT('',(0.,-0.836379289588));
#2210 = ( GEOMETRIC_REPRESENTATION_CONTEXT(2) 
PARAMETRIC_REPRESENTATION_CONTEXT() REPRESENTATION_CONTEXT('2D SPACE',''
  ) );
#2211 = ORIENTED_EDGE('',*,*,#112,.F.);
#2212 = ORIENTED_EDGE('',*,*,#2213,.T.);
#2213 = EDGE_CURVE('',#113,#2214,#2216,.T.);
#2214 = VERTEX_POINT('',#2215);
#2215 = CARTESIAN_POINT('',(12.700036337741,1.518977007819E-05,16.9));
#2216 = SURFACE_CURVE('',#2217,(#2292,#2299),.PCURVE_S1.);
#2217 = B_SPLINE_CURVE_WITH_KNOTS('',10,(#2218,#2219,#2220,#2221,#2222,
    #2223,#2224,#2225,#2226,#2227,#2228,#2229,#2230,#2231,#2232,#2233,
    #2234,#2235,#2236,#2237,#2238,#2239,#2240,#2241,#2242,#2243,#2244,
    #2245,#2246,#2247,#2248,#2249,#2250,#2251,#2252,#2253,#2254,#2255,
    #2256,#2257,#2258,#2259,#2260,#2261,#2262,#2263,#2264,#2265,#2266,
    #2267,#2268,#2269,#2270,#2271,#2272,#2273,#2274,#2275,#2276,#2277,
    #2278,#2279,#2280,#2281,#2282,#2283,#2284,#2285,#2286,#2287,#2288,
    #2289,#2290,#2291),.UNSPECIFIED.,.F.,.F.,(11,9,9,9,9,9,9,9,11),(0.,
    5.74010606028,11.480212120561,17.220318180841,22.960424241121,
    28.700530301401,34.440636361682,40.180742421962,45.920848482242),
  .UNSPECIFIED.);
#2218 = CARTESIAN_POINT('',(12.699999903209,3.682950566741E-08,
    22.500000027019));
#2219 = CARTESIAN_POINT('',(12.699999626304,7.231554225765,
    22.42749974509));
#2220 = CARTESIAN_POINT('',(8.125754816893,14.465168726381,
    22.355000810158));
#2221 = CARTESIAN_POINT('',(-1.032702167677,18.425835949905,
    22.282498645362));
#2222 = CARTESIAN_POINT('',(-12.07743902006,15.93786849113,
    22.210001168227));
#2223 = CARTESIAN_POINT('',(-19.87543032178,6.029144622898,
    22.137499921127));
#2224 = CARTESIAN_POINT('',(-18.8966299804,-6.54198543951,22.06499898316
    ));
#2225 = CARTESIAN_POINT('',(-11.09550463288,-14.74678594173,
    21.99250123408));
#2226 = CARTESIAN_POINT('',(-1.280099960151,-16.54177487383,
    21.919999278388));
#2227 = CARTESIAN_POINT('',(6.542027921798,-13.06855953418,
    21.847500204768));
#2228 = CARTESIAN_POINT('',(14.57730007051,-1.04292418902,
    21.702499796215));
#2229 = CARTESIAN_POINT('',(14.79273530815,7.512920775043,21.63000073204
    ));
#2230 = CARTESIAN_POINT('',(9.378185574527,15.894261208843,
    21.557498742177));
#2231 = CARTESIAN_POINT('',(-1.187418302411,19.961718995279,
    21.485001070079));
#2232 = CARTESIAN_POINT('',(-13.17620299955,16.055247956536,
    21.412500002298));
#2233 = CARTESIAN_POINT('',(-19.34650601945,5.058943051526,
    21.339998929244));
#2234 = CARTESIAN_POINT('',(-17.41845021638,-6.097172309242,
    21.267501261785));
#2235 = CARTESIAN_POINT('',(-10.25448194637,-13.04279770295,
    21.194999268354));
#2236 = CARTESIAN_POINT('',(-1.821005244483,-14.50066610707,
    21.122500206547));
#2237 = CARTESIAN_POINT('',(11.541164402668,-8.965873767638,
    20.977499795342));
#2238 = CARTESIAN_POINT('',(16.473665038224,-1.971638078722,
    20.905000733373));
#2239 = CARTESIAN_POINT('',(16.628054725962,8.005354461016,
    20.832498740526));
#2240 = CARTESIAN_POINT('',(10.102834639421,17.25725701606,
    20.760001071752));
#2241 = CARTESIAN_POINT('',(-2.03579455233,20.669756965265,
    20.687500000915));
#2242 = CARTESIAN_POINT('',(-13.27543368871,14.954700274632,
    20.614998930162));
#2243 = CARTESIAN_POINT('',(-17.8703194893,4.607558949667,
    20.542501261314));
#2244 = CARTESIAN_POINT('',(-15.77248028724,-5.147605025049,
    20.469999268525));
#2245 = CARTESIAN_POINT('',(-9.570248972699,-11.04516691815,
    20.397500206516));
#2246 = CARTESIAN_POINT('',(4.614954913107,-13.86677898204,
    20.252499795357));
#2247 = CARTESIAN_POINT('',(12.601968455688,-10.79163507287,
    20.180000733351));
#2248 = CARTESIAN_POINT('',(18.273258859679,-2.58184326873,
    20.107498740554));
#2249 = CARTESIAN_POINT('',(17.98781830246,8.736050605776,
    20.035001071724));
#2250 = CARTESIAN_POINT('',(9.790800386518,18.317301664109,
    19.962500000939));
#2251 = CARTESIAN_POINT('',(-2.729733386002,19.809814627328,
    19.889998930146));
#2252 = CARTESIAN_POINT('',(-12.29880501817,13.759262816349,
    19.817501261322));
#2253 = CARTESIAN_POINT('',(-15.97419419274,4.482643394016,
    19.744999268521));
#2254 = CARTESIAN_POINT('',(-14.09373716142,-3.866775203435,
    19.672500206517));
#2255 = CARTESIAN_POINT('',(-3.866774857889,-14.09373692053,
    19.527499795356));
#2256 = CARTESIAN_POINT('',(4.482642613981,-15.97419518158,
    19.455000733354));
#2257 = CARTESIAN_POINT('',(13.759264193175,-12.29880290438,
    19.382498740545));
#2258 = CARTESIAN_POINT('',(19.809813980768,-2.729735795557,
    19.310001071738));
#2259 = CARTESIAN_POINT('',(18.317300555408,9.790802460882,
    19.237500000923));
#2260 = CARTESIAN_POINT('',(8.736052968368,17.987817501328,
    19.164998930159));
#2261 = CARTESIAN_POINT('',(-2.581845791152,18.273258889279,
    19.092501261315));
#2262 = CARTESIAN_POINT('',(-10.79163381734,12.601968554879,
    19.019999268524));
#2263 = CARTESIAN_POINT('',(-13.86677937431,4.614954759629,
    18.947500206516));
#2264 = CARTESIAN_POINT('',(-11.04516649701,-9.570248964379,
    18.802499795357));
#2265 = CARTESIAN_POINT('',(-5.147606222987,-15.77248067608,
    18.730000733349));
#2266 = CARTESIAN_POINT('',(4.607561268793,-17.87031849664,
    18.657498740559));
#2267 = CARTESIAN_POINT('',(14.95469839839,-13.27543533303,
    18.585001071712));
#2268 = CARTESIAN_POINT('',(20.669757195835,-2.03579221152,
    18.512500000958));
#2269 = CARTESIAN_POINT('',(17.257258535424,10.102832660635,
    18.439998930121));
#2270 = CARTESIAN_POINT('',(8.005352380129,16.628056152026,
    18.367501261348));
#2271 = CARTESIAN_POINT('',(-1.971636979668,16.47366442311,18.2949992685
    ));
#2272 = CARTESIAN_POINT('',(-8.965874179063,11.541164493015,
    18.222500206532));
#2273 = CARTESIAN_POINT('',(-14.50066575228,-1.821005471594,
    18.077499795326));
#2274 = CARTESIAN_POINT('',(-13.04279891502,-10.25448160383,
    18.00500073352));
#2275 = CARTESIAN_POINT('',(-6.097169829482,-17.41845068031,
    17.932498740085));
#2276 = CARTESIAN_POINT('',(5.058940577978,-19.3465063426,
    17.860001072635));
#2277 = CARTESIAN_POINT('',(16.055249448705,-13.17620118384,
    17.787499999569));
#2278 = CARTESIAN_POINT('',(19.961719159246,-1.187420788786,
    17.714998931799));
#2279 = CARTESIAN_POINT('',(15.894260270928,9.378187913336,
    17.642501259694));
#2280 = CARTESIAN_POINT('',(7.512921347124,14.792734188519,
    17.569999269834));
#2281 = CARTESIAN_POINT('',(-1.042924480902,14.577300372623,
    17.497500205658));
#2282 = CARTESIAN_POINT('',(-13.06855936539,6.542027539078,
    17.352499797106));
#2283 = CARTESIAN_POINT('',(-16.54177569117,-1.280099020139,
    17.280000723485));
#2284 = CARTESIAN_POINT('',(-14.74678413806,-11.09550634607,
    17.207498767794));
#2285 = CARTESIAN_POINT('',(-6.541987674866,-18.89662897262,
    17.135001018713));
#2286 = CARTESIAN_POINT('',(6.029146871033,-19.8754294939,
    17.062500080746));
#2287 = CARTESIAN_POINT('',(15.937867247707,-12.07744135647,
    16.989998833648));
#2288 = CARTESIAN_POINT('',(18.425836467843,-1.032699526399,
    16.91750135651));
#2289 = CARTESIAN_POINT('',(14.465168581301,8.12575342647,
    16.844999191716));
#2290 = CARTESIAN_POINT('',(7.231554150078,12.700000132369,
    16.772500256784));
#2291 = CARTESIAN_POINT('',(-3.629713665187E-08,12.699999855788,
    16.699999974855));
#2292 = PCURVE('',#208,#2293);
#2293 = DEFINITIONAL_REPRESENTATION('',(#2294),#2298);
#2294 = LINE('',#2295,#2296);
#2295 = CARTESIAN_POINT('',(0.456508488421,0.));
#2296 = VECTOR('',#2297,1.);
#2297 = DIRECTION('',(0.,1.));
#2298 = ( GEOMETRIC_REPRESENTATION_CONTEXT(2) 
PARAMETRIC_REPRESENTATION_CONTEXT() REPRESENTATION_CONTEXT('2D SPACE',''
  ) );
#2299 = PCURVE('',#2300,#2449);
#2300 = B_SPLINE_SURFACE_WITH_KNOTS('',1,10,(
    (#2301,#2302,#2303,#2304,#2305,#2306,#2307,#2308,#2309,#2310,#2311
      ,#2312,#2313,#2314,#2315,#2316,#2317,#2318,#2319,#2320,#2321,#2322
      ,#2323,#2324,#2325,#2326,#2327,#2328,#2329,#2330,#2331,#2332,#2333
      ,#2334,#2335,#2336,#2337,#2338,#2339,#2340,#2341,#2342,#2343,#2344
      ,#2345,#2346,#2347,#2348,#2349,#2350,#2351,#2352,#2353,#2354,#2355
      ,#2356,#2357,#2358,#2359,#2360,#2361,#2362,#2363,#2364,#2365,#2366
      ,#2367,#2368,#2369,#2370,#2371,#2372,#2373,#2374)
    ,(#2375,#2376,#2377,#2378,#2379,#2380,#2381,#2382,#2383,#2384,#2385
      ,#2386,#2387,#2388,#2389,#2390,#2391,#2392,#2393,#2394,#2395,#2396
      ,#2397,#2398,#2399,#2400,#2401,#2402,#2403,#2404,#2405,#2406,#2407
      ,#2408,#2409,#2410,#2411,#2412,#2413,#2414,#2415,#2416,#2417,#2418
      ,#2419,#2420,#2421,#2422,#2423,#2424,#2425,#2426,#2427,#2428,#2429
      ,#2430,#2431,#2432,#2433,#2434,#2435,#2436,#2437,#2438,#2439,#2440
      ,#2441,#2442,#2443,#2444,#2445,#2446,#2447,#2448
  )),.UNSPECIFIED.,.F.,.F.,.F.,(2,2),(11,9,9,9,9,9,9,9,11),(0.,
    0.456508488421),(0.,5.74010606028,11.480212120561,17.220318180841,
    22.960424241121,28.700530301401,34.440636361682,40.180742421962,
    45.920848482242),.UNSPECIFIED.);
#2301 = CARTESIAN_POINT('',(12.699999903209,3.68295061115E-08,
    22.500000027019));
#2302 = CARTESIAN_POINT('',(12.699999626304,7.231554225765,
    22.42749974509));
#2303 = CARTESIAN_POINT('',(8.125754816893,14.465168726381,
    22.355000810158));
#2304 = CARTESIAN_POINT('',(-1.032702167677,18.425835949905,
    22.282498645362));
#2305 = CARTESIAN_POINT('',(-12.07743902006,15.937868491129,
    22.210001168227));
#2306 = CARTESIAN_POINT('',(-19.87543032178,6.029144622898,
    22.137499921127));
#2307 = CARTESIAN_POINT('',(-18.8966299804,-6.541985439511,
    22.06499898316));
#2308 = CARTESIAN_POINT('',(-11.09550463288,-14.74678594173,
    21.99250123408));
#2309 = CARTESIAN_POINT('',(-1.280099960151,-16.54177487383,
    21.919999278388));
#2310 = CARTESIAN_POINT('',(6.542027921798,-13.06855953418,
    21.847500204768));
#2311 = CARTESIAN_POINT('',(14.57730007051,-1.04292418902,
    21.702499796215));
#2312 = CARTESIAN_POINT('',(14.79273530815,7.512920775043,21.63000073204
    ));
#2313 = CARTESIAN_POINT('',(9.378185574526,15.894261208844,
    21.557498742177));
#2314 = CARTESIAN_POINT('',(-1.18741830241,19.961718995277,
    21.48500107008));
#2315 = CARTESIAN_POINT('',(-13.17620299955,16.055247956538,
    21.412500002297));
#2316 = CARTESIAN_POINT('',(-19.34650601945,5.058943051524,
    21.339998929244));
#2317 = CARTESIAN_POINT('',(-17.41845021638,-6.097172309241,
    21.267501261785));
#2318 = CARTESIAN_POINT('',(-10.25448194637,-13.04279770295,
    21.194999268354));
#2319 = CARTESIAN_POINT('',(-1.821005244483,-14.50066610707,
    21.122500206547));
#2320 = CARTESIAN_POINT('',(11.541164402668,-8.965873767638,
    20.977499795342));
#2321 = CARTESIAN_POINT('',(16.473665038224,-1.971638078721,
    20.905000733373));
#2322 = CARTESIAN_POINT('',(16.628054725961,8.005354461014,
    20.832498740526));
#2323 = CARTESIAN_POINT('',(10.102834639422,17.257257016063,
    20.760001071752));
#2324 = CARTESIAN_POINT('',(-2.035794552331,20.669756965261,
    20.687500000915));
#2325 = CARTESIAN_POINT('',(-13.27543368871,14.954700274635,
    20.614998930162));
#2326 = CARTESIAN_POINT('',(-17.8703194893,4.607558949665,
    20.542501261314));
#2327 = CARTESIAN_POINT('',(-15.77248028724,-5.147605025048,
    20.469999268525));
#2328 = CARTESIAN_POINT('',(-9.570248972699,-11.04516691815,
    20.397500206516));
#2329 = CARTESIAN_POINT('',(4.614954913107,-13.86677898204,
    20.252499795357));
#2330 = CARTESIAN_POINT('',(12.601968455688,-10.79163507287,
    20.180000733351));
#2331 = CARTESIAN_POINT('',(18.273258859679,-2.58184326873,
    20.107498740554));
#2332 = CARTESIAN_POINT('',(17.987818302459,8.736050605776,
    20.035001071724));
#2333 = CARTESIAN_POINT('',(9.790800386519,18.31730166411,
    19.962500000939));
#2334 = CARTESIAN_POINT('',(-2.729733386002,19.809814627328,
    19.889998930146));
#2335 = CARTESIAN_POINT('',(-12.29880501817,13.759262816349,
    19.817501261322));
#2336 = CARTESIAN_POINT('',(-15.97419419274,4.482643394016,
    19.744999268522));
#2337 = CARTESIAN_POINT('',(-14.09373716142,-3.866775203435,
    19.672500206517));
#2338 = CARTESIAN_POINT('',(-3.866774857889,-14.09373692053,
    19.527499795356));
#2339 = CARTESIAN_POINT('',(4.48264261398,-15.97419518158,
    19.455000733354));
#2340 = CARTESIAN_POINT('',(13.759264193176,-12.29880290438,
    19.382498740546));
#2341 = CARTESIAN_POINT('',(19.809813980766,-2.729735795558,
    19.310001071737));
#2342 = CARTESIAN_POINT('',(18.31730055541,9.790802460883,
    19.237500000924));
#2343 = CARTESIAN_POINT('',(8.736052968366,17.987817501327,
    19.164998930158));
#2344 = CARTESIAN_POINT('',(-2.581845791151,18.273258889279,
    19.092501261315));
#2345 = CARTESIAN_POINT('',(-10.79163381734,12.601968554879,
    19.019999268524));
#2346 = CARTESIAN_POINT('',(-13.86677937431,4.614954759629,
    18.947500206517));
#2347 = CARTESIAN_POINT('',(-11.04516649701,-9.570248964379,
    18.802499795357));
#2348 = CARTESIAN_POINT('',(-5.147606222987,-15.77248067608,
    18.730000733349));
#2349 = CARTESIAN_POINT('',(4.607561268794,-17.87031849664,
    18.657498740559));
#2350 = CARTESIAN_POINT('',(14.954698398389,-13.27543533303,
    18.585001071712));
#2351 = CARTESIAN_POINT('',(20.669757195836,-2.035792211521,
    18.512500000957));
#2352 = CARTESIAN_POINT('',(17.257258535423,10.102832660636,
    18.439998930122));
#2353 = CARTESIAN_POINT('',(8.00535238013,16.628056152026,
    18.367501261348));
#2354 = CARTESIAN_POINT('',(-1.971636979668,16.47366442311,18.2949992685
    ));
#2355 = CARTESIAN_POINT('',(-8.965874179063,11.541164493015,
    18.222500206532));
#2356 = CARTESIAN_POINT('',(-14.50066575228,-1.821005471594,
    18.077499795327));
#2357 = CARTESIAN_POINT('',(-13.04279891502,-10.25448160383,
    18.00500073352));
#2358 = CARTESIAN_POINT('',(-6.097169829482,-17.41845068031,
    17.932498740085));
#2359 = CARTESIAN_POINT('',(5.058940577979,-19.3465063426,
    17.860001072634));
#2360 = CARTESIAN_POINT('',(16.055249448705,-13.17620118384,
    17.78749999957));
#2361 = CARTESIAN_POINT('',(19.961719159246,-1.187420788787,
    17.714998931799));
#2362 = CARTESIAN_POINT('',(15.894260270927,9.378187913337,
    17.642501259694));
#2363 = CARTESIAN_POINT('',(7.512921347124,14.792734188519,
    17.569999269834));
#2364 = CARTESIAN_POINT('',(-1.042924480902,14.577300372623,
    17.497500205658));
#2365 = CARTESIAN_POINT('',(-13.06855936539,6.542027539078,
    17.352499797106));
#2366 = CARTESIAN_POINT('',(-16.54177569117,-1.280099020139,
    17.280000723485));
#2367 = CARTESIAN_POINT('',(-14.74678413806,-11.09550634607,
    17.207498767794));
#2368 = CARTESIAN_POINT('',(-6.541987674866,-18.89662897262,
    17.135001018712));
#2369 = CARTESIAN_POINT('',(6.029146871033,-19.8754294939,
    17.062500080746));
#2370 = CARTESIAN_POINT('',(15.937867247707,-12.07744135647,
    16.989998833647));
#2371 = CARTESIAN_POINT('',(18.425836467842,-1.032699526399,
    16.91750135651));
#2372 = CARTESIAN_POINT('',(14.465168581301,8.12575342647,
    16.844999191715));
#2373 = CARTESIAN_POINT('',(7.231554150078,12.700000132369,
    16.772500256784));
#2374 = CARTESIAN_POINT('',(-3.629713665187E-08,12.699999855788,
    16.699999974855));
#2375 = CARTESIAN_POINT('',(12.479999950767,3.41761285938E-10,
    22.100000000861));
#2376 = CARTESIAN_POINT('',(12.479999182803,7.106282518066,
    22.027500000862));
#2377 = CARTESIAN_POINT('',(7.984994754676,14.214593916541,
    21.955000000862));
#2378 = CARTESIAN_POINT('',(-1.014812716249,18.106641811292,
    21.882500000861));
#2379 = CARTESIAN_POINT('',(-11.86822770458,15.661787410231,
    21.810000000863));
#2380 = CARTESIAN_POINT('',(-19.53112242907,5.92469765398,
    21.737500000859));
#2381 = CARTESIAN_POINT('',(-18.56929707134,-6.428659098314,
    21.665000000864));
#2382 = CARTESIAN_POINT('',(-10.9032919676,-14.49132807121,
    21.59250000086));
#2383 = CARTESIAN_POINT('',(-1.257928069692,-16.25522570163,
    21.520000000862));
#2384 = CARTESIAN_POINT('',(6.428702090873,-12.84217471745,
    21.447500000861));
#2385 = CARTESIAN_POINT('',(14.324779231447,-1.024858162174,
    21.302500000862));
#2386 = CARTESIAN_POINT('',(14.536485571805,7.382777615963,
    21.230000000862));
#2387 = CARTESIAN_POINT('',(9.215725492179,15.618922035889,
    21.15750000086));
#2388 = CARTESIAN_POINT('',(-1.166848027849,19.615934487631,
    21.085000000864));
#2389 = CARTESIAN_POINT('',(-12.9479489553,15.777116176117,
    21.012500000858));
#2390 = CARTESIAN_POINT('',(-19.01137799108,4.971314095396,
    20.940000000865));
#2391 = CARTESIAN_POINT('',(-17.11670639614,-5.991554516414,
    20.867500000859));
#2392 = CARTESIAN_POINT('',(-10.0768485178,-12.81685880586,
    20.795000000863));
#2393 = CARTESIAN_POINT('',(-1.78945956115,-14.2494735548,
    20.722500000861));
#2394 = CARTESIAN_POINT('',(11.341237943957,-8.810559353003,
    20.577500000862));
#2395 = CARTESIAN_POINT('',(16.188297506066,-1.937483436386,
    20.505000000861));
#2396 = CARTESIAN_POINT('',(16.340003853333,7.866676293134,
    20.432500000863));
#2397 = CARTESIAN_POINT('',(9.927830620649,16.958319471591,
    20.36000000086));
#2398 = CARTESIAN_POINT('',(-2.000529990778,20.311687690505,
    20.287500000863));
#2399 = CARTESIAN_POINT('',(-13.04546895509,14.695652302691,
    20.215000000862));
#2400 = CARTESIAN_POINT('',(-17.560750571,4.527737050883,20.142500000861
    ));
#2401 = CARTESIAN_POINT('',(-15.49925856329,-5.058431543362,
    20.070000000862));
#2402 = CARTESIAN_POINT('',(-9.404464590862,-10.85383378671,
    19.997500000861));
#2403 = CARTESIAN_POINT('',(4.535010203546,-13.62656657668,
    19.852500000862));
#2404 = CARTESIAN_POINT('',(12.383669326929,-10.60469481929,
    19.780000000861));
#2405 = CARTESIAN_POINT('',(17.956707850287,-2.537117460814,
    19.707500000863));
#2406 = CARTESIAN_POINT('',(17.676226977539,8.584720145089,
    19.63500000086));
#2407 = CARTESIAN_POINT('',(9.621189167461,17.999986002347,
    19.562500000863));
#2408 = CARTESIAN_POINT('',(-2.682444040255,19.466662549902,
    19.490000000861));
#2409 = CARTESIAN_POINT('',(-12.08575454059,13.520906057033,
    19.417500000862));
#2410 = CARTESIAN_POINT('',(-15.69747649986,4.404994577423,
    19.345000000861));
#2411 = CARTESIAN_POINT('',(-13.84959349332,-3.79979238647,
    19.272500000862));
#2412 = CARTESIAN_POINT('',(-3.799791592534,-13.84959270406,
    19.127500000861));
#2413 = CARTESIAN_POINT('',(4.404991962271,-15.69747954358,
    19.055000000865));
#2414 = CARTESIAN_POINT('',(13.520909975644,-12.08574843617,
    18.982500000853));
#2415 = CARTESIAN_POINT('',(19.46666056334,-2.682451610032,
    18.910000000876));
#2416 = CARTESIAN_POINT('',(17.9999828447,9.621195075105,18.837500000844
    ));
#2417 = CARTESIAN_POINT('',(8.584727542734,17.676224423718,
    18.765000000876));
#2418 = CARTESIAN_POINT('',(-2.537124713476,17.956707983542,
    18.692500000853));
#2419 = CARTESIAN_POINT('',(-10.60469083565,12.383669810338,
    18.620000000865));
#2420 = CARTESIAN_POINT('',(-13.62656767401,4.535009981901,
    18.547500000861));
#2421 = CARTESIAN_POINT('',(-10.8538326881,-9.404464375703,
    18.402500000862));
#2422 = CARTESIAN_POINT('',(-5.058435408774,-15.49925964117,
    18.330000000862));
#2423 = CARTESIAN_POINT('',(4.527743700507,-17.56074767237,
    18.257500000859));
#2424 = CARTESIAN_POINT('',(14.695646445405,-13.04547414557,
    18.185000000866));
#2425 = CARTESIAN_POINT('',(20.311688347105,-2.000523324295,
    18.112500000855));
#2426 = CARTESIAN_POINT('',(16.9583242037,9.92782438713,18.040000000867)
  );
#2427 = CARTESIAN_POINT('',(7.866670336787,16.340007993663,
    17.967500000858));
#2428 = CARTESIAN_POINT('',(-1.937479855532,16.188295694681,
    17.895000000863));
#2429 = CARTESIAN_POINT('',(-8.810560388538,11.34123836939,
    17.822500000861));
#2430 = CARTESIAN_POINT('',(-14.2494725218,-1.789459992778,
    17.677500000861));
#2431 = CARTESIAN_POINT('',(-12.81686261867,-10.07684726558,
    17.605000000862));
#2432 = CARTESIAN_POINT('',(-5.991547377058,-17.11670768292,
    17.532500000859));
#2433 = CARTESIAN_POINT('',(4.971306341559,-19.01137904766,
    17.460000000867));
#2434 = CARTESIAN_POINT('',(15.777120425779,-12.94794378464,
    17.387500000855));
#2435 = CARTESIAN_POINT('',(19.61593495904,-1.166855830732,
    17.315000000868));
#2436 = CARTESIAN_POINT('',(15.618919383665,9.215732234912,
    17.242500000858));
#2437 = CARTESIAN_POINT('',(7.382779586928,14.536482083535,
    17.170000000863));
#2438 = CARTESIAN_POINT('',(-1.024858786792,14.324780155745,
    17.097500000861));
#2439 = CARTESIAN_POINT('',(-12.84217409843,6.428701167759,
    16.952500000862));
#2440 = CARTESIAN_POINT('',(-16.25522817568,-1.257924964811,
    16.880000000861));
#2441 = CARTESIAN_POINT('',(-14.49132285129,-10.90329685322,
    16.807500000863));
#2442 = CARTESIAN_POINT('',(-6.428666129766,-18.56929393537,
    16.735000000862));
#2443 = CARTESIAN_POINT('',(5.924704056119,-19.53112004924,
    16.662500000859));
#2444 = CARTESIAN_POINT('',(15.661783471979,-11.86823498827,
    16.590000000865));
#2445 = CARTESIAN_POINT('',(18.106643347332,-1.014805109699,
    16.517500000858));
#2446 = CARTESIAN_POINT('',(14.21459362122,7.984990334309,
    16.445000000863));
#2447 = CARTESIAN_POINT('',(7.106282509701,12.480000576469,
    16.372500000861));
#2448 = CARTESIAN_POINT('',(-3.416029459302E-10,12.479999808502,
    16.300000000862));
#2449 = DEFINITIONAL_REPRESENTATION('',(#2450),#2454);
#2450 = LINE('',#2451,#2452);
#2451 = CARTESIAN_POINT('',(0.,0.));
#2452 = VECTOR('',#2453,1.);
#2453 = DIRECTION('',(0.,1.));
#2454 = ( GEOMETRIC_REPRESENTATION_CONTEXT(2) 
PARAMETRIC_REPRESENTATION_CONTEXT() REPRESENTATION_CONTEXT('2D SPACE',''
  ) );
#2455 = ORIENTED_EDGE('',*,*,#2456,.T.);
#2456 = EDGE_CURVE('',#2214,#507,#2457,.T.);
#2457 = SURFACE_CURVE('',#2458,(#2481,#2507),.PCURVE_S1.);
#2458 = B_SPLINE_CURVE_WITH_KNOTS('',6,(#2459,#2460,#2461,#2462,#2463,
    #2464,#2465,#2466,#2467,#2468,#2469,#2470,#2471,#2472,#2473,#2474,
    #2475,#2476,#2477,#2478,#2479,#2480),.UNSPECIFIED.,.F.,.F.,(7,5,5,5,
    7),(0.,0.252814804442,0.501080890455,0.722867333164,1.),
  .UNSPECIFIED.);
#2459 = CARTESIAN_POINT('',(12.700036337741,1.518977007997E-05,16.9));
#2460 = CARTESIAN_POINT('',(12.695418274272,0.836954478676,16.9));
#2461 = CARTESIAN_POINT('',(12.624608638448,1.673577081504,16.9));
#2462 = CARTESIAN_POINT('',(12.487593926014,2.503227190022,16.9));
#2463 = CARTESIAN_POINT('',(12.285279424309,3.319416978497,16.9));
#2464 = CARTESIAN_POINT('',(12.019333546511,4.115802481033,16.9));
#2465 = CARTESIAN_POINT('',(11.371248057944,5.642786167955,16.9));
#2466 = CARTESIAN_POINT('',(10.991248229872,6.374397206477,16.9));
#2467 = CARTESIAN_POINT('',(10.554779392793,7.075218458672,16.9));
#2468 = CARTESIAN_POINT('',(10.065002593803,7.739882602685,16.9));
#2469 = CARTESIAN_POINT('',(9.525687534733,8.363419994906,16.9));
#2470 = CARTESIAN_POINT('',(8.419305291181,9.457637945056,16.9));
#2471 = CARTESIAN_POINT('',(7.86128842384,9.937573068764,16.9));
#2472 = CARTESIAN_POINT('',(7.270469409954,10.377958066121,16.9));
#2473 = CARTESIAN_POINT('',(6.650357425829,10.77604027998,16.9));
#2474 = CARTESIAN_POINT('',(6.004739832696,11.129453183073,16.9));
#2475 = CARTESIAN_POINT('',(4.504259461226,11.819686479543,16.9));
#2476 = CARTESIAN_POINT('',(3.63727169257,12.130409944385,16.9));
#2477 = CARTESIAN_POINT('',(2.744827353974,12.364660771545,16.9));
#2478 = CARTESIAN_POINT('',(1.835319044036,12.520004025835,16.9));
#2479 = CARTESIAN_POINT('',(0.917393624759,12.59510261491,16.9));
#2480 = CARTESIAN_POINT('',(-1.809148146847E-08,12.589999872752,16.9));
#2481 = PCURVE('',#208,#2482);
#2482 = DEFINITIONAL_REPRESENTATION('',(#2483),#2506);
#2483 = B_SPLINE_CURVE_WITH_KNOTS('',6,(#2484,#2485,#2486,#2487,#2488,
    #2489,#2490,#2491,#2492,#2493,#2494,#2495,#2496,#2497,#2498,#2499,
    #2500,#2501,#2502,#2503,#2504,#2505),.UNSPECIFIED.,.F.,.F.,(7,5,5,5,
    7),(0.,0.252814804442,0.501080890455,0.722867333164,1.),
  .UNSPECIFIED.);
#2484 = CARTESIAN_POINT('',(0.456508488421,44.337371003117));
#2485 = CARTESIAN_POINT('',(0.446932377476,44.403803750383));
#2486 = CARTESIAN_POINT('',(0.437351527806,44.470269367992));
#2487 = CARTESIAN_POINT('',(0.427767181014,44.536759242332));
#2488 = CARTESIAN_POINT('',(0.418178681765,44.603277920153));
#2489 = CARTESIAN_POINT('',(0.40858535234,44.669830104421));
#2490 = CARTESIAN_POINT('',(0.389564156181,44.80178660156));
#2491 = CARTESIAN_POINT('',(0.380135344401,44.867197470533));
#2492 = CARTESIAN_POINT('',(0.370703111188,44.932632076658));
#2493 = CARTESIAN_POINT('',(0.361266836739,44.998094721876));
#2494 = CARTESIAN_POINT('',(0.351825882264,45.063589839825));
#2495 = CARTESIAN_POINT('',(0.333944186582,45.187641267796));
#2496 = CARTESIAN_POINT('',(0.32550344422,45.246197584522));
#2497 = CARTESIAN_POINT('',(0.317059789544,45.304774110662));
#2498 = CARTESIAN_POINT('',(0.308612876478,45.363373246714));
#2499 = CARTESIAN_POINT('',(0.300162361633,45.421997372864));
#2500 = CARTESIAN_POINT('',(0.281145953626,45.553920728978));
#2501 = CARTESIAN_POINT('',(0.270576994551,45.62724122758));
#2502 = CARTESIAN_POINT('',(0.260004159502,45.700588604438));
#2503 = CARTESIAN_POINT('',(0.249426403042,45.773970097542));
#2504 = CARTESIAN_POINT('',(0.238842616755,45.847393372851));
#2505 = CARTESIAN_POINT('',(0.228254230353,45.920848482242));
#2506 = ( GEOMETRIC_REPRESENTATION_CONTEXT(2) 
PARAMETRIC_REPRESENTATION_CONTEXT() REPRESENTATION_CONTEXT('2D SPACE',''
  ) );
#2507 = PCURVE('',#2508,#2513);
#2508 = PLANE('',#2509);
#2509 = AXIS2_PLACEMENT_3D('',#2510,#2511,#2512);
#2510 = CARTESIAN_POINT('',(-14.7,-14.7,16.9));
#2511 = DIRECTION('',(1.110223024625E-16,0.,-1.));
#2512 = DIRECTION('',(1.,0.,1.110223024625E-16));
#2513 = DEFINITIONAL_REPRESENTATION('',(#2514),#2537);
#2514 = B_SPLINE_CURVE_WITH_KNOTS('',6,(#2515,#2516,#2517,#2518,#2519,
    #2520,#2521,#2522,#2523,#2524,#2525,#2526,#2527,#2528,#2529,#2530,
    #2531,#2532,#2533,#2534,#2535,#2536),.UNSPECIFIED.,.F.,.F.,(7,5,5,5,
    7),(0.,0.252814804442,0.501080890455,0.722867333164,1.),
  .UNSPECIFIED.);
#2515 = CARTESIAN_POINT('',(27.400036337741,-14.70001518977));
#2516 = CARTESIAN_POINT('',(27.395418274272,-15.53695447867));
#2517 = CARTESIAN_POINT('',(27.324608638448,-16.3735770815));
#2518 = CARTESIAN_POINT('',(27.187593926014,-17.20322719002));
#2519 = CARTESIAN_POINT('',(26.985279424309,-18.01941697849));
#2520 = CARTESIAN_POINT('',(26.719333546511,-18.81580248103));
#2521 = CARTESIAN_POINT('',(26.071248057944,-20.34278616795));
#2522 = CARTESIAN_POINT('',(25.691248229872,-21.07439720647));
#2523 = CARTESIAN_POINT('',(25.254779392793,-21.77521845867));
#2524 = CARTESIAN_POINT('',(24.765002593803,-22.43988260268));
#2525 = CARTESIAN_POINT('',(24.225687534733,-23.0634199949));
#2526 = CARTESIAN_POINT('',(23.119305291181,-24.15763794505));
#2527 = CARTESIAN_POINT('',(22.56128842384,-24.63757306876));
#2528 = CARTESIAN_POINT('',(21.970469409954,-25.07795806612));
#2529 = CARTESIAN_POINT('',(21.350357425829,-25.47604027998));
#2530 = CARTESIAN_POINT('',(20.704739832696,-25.82945318307));
#2531 = CARTESIAN_POINT('',(19.204259461226,-26.51968647954));
#2532 = CARTESIAN_POINT('',(18.33727169257,-26.83040994438));
#2533 = CARTESIAN_POINT('',(17.444827353974,-27.06466077154));
#2534 = CARTESIAN_POINT('',(16.535319044036,-27.22000402583));
#2535 = CARTESIAN_POINT('',(15.617393624759,-27.29510261491));
#2536 = CARTESIAN_POINT('',(14.699999981909,-27.28999987275));
#2537 = ( GEOMETRIC_REPRESENTATION_CONTEXT(2) 
PARAMETRIC_REPRESENTATION_CONTEXT() REPRESENTATION_CONTEXT('2D SPACE',''
  ) );
#2538 = ADVANCED_FACE('',(#2539),#450,.T.);
#2539 = FACE_BOUND('',#2540,.T.);
#2540 = EDGE_LOOP('',(#2541,#2542,#2563));
#2541 = ORIENTED_EDGE('',*,*,#436,.T.);
#2542 = ORIENTED_EDGE('',*,*,#2543,.T.);
#2543 = EDGE_CURVE('',#113,#2544,#2546,.T.);
#2544 = VERTEX_POINT('',#2545);
#2545 = CARTESIAN_POINT('',(12.5,3.658837879798E-09,22.136363736978));
#2546 = SURFACE_CURVE('',#2547,(#2550,#2556),.PCURVE_S1.);
#2547 = B_SPLINE_CURVE_WITH_KNOTS('',1,(#2548,#2549),.UNSPECIFIED.,.F.,
  .F.,(2,2),(0.,0.456508488421),.PIECEWISE_BEZIER_KNOTS.);
#2548 = CARTESIAN_POINT('',(12.699999903209,3.68295061115E-08,
    22.500000027019));
#2549 = CARTESIAN_POINT('',(12.479999950767,3.41761285938E-10,
    22.100000000861));
#2550 = PCURVE('',#450,#2551);
#2551 = DEFINITIONAL_REPRESENTATION('',(#2552),#2555);
#2552 = B_SPLINE_CURVE_WITH_KNOTS('',1,(#2553,#2554),.UNSPECIFIED.,.F.,
  .F.,(2,2),(0.,0.456508488421),.PIECEWISE_BEZIER_KNOTS.);
#2553 = CARTESIAN_POINT('',(0.16137135311,-1.918633785181E-08));
#2554 = CARTESIAN_POINT('',(-5.86285993322E-02,0.400000006971));
#2555 = ( GEOMETRIC_REPRESENTATION_CONTEXT(2) 
PARAMETRIC_REPRESENTATION_CONTEXT() REPRESENTATION_CONTEXT('2D SPACE',''
  ) );
#2556 = PCURVE('',#2300,#2557);
#2557 = DEFINITIONAL_REPRESENTATION('',(#2558),#2562);
#2558 = LINE('',#2559,#2560);
#2559 = CARTESIAN_POINT('',(0.,0.));
#2560 = VECTOR('',#2561,1.);
#2561 = DIRECTION('',(1.,0.));
#2562 = ( GEOMETRIC_REPRESENTATION_CONTEXT(2) 
PARAMETRIC_REPRESENTATION_CONTEXT() REPRESENTATION_CONTEXT('2D SPACE',''
  ) );
#2563 = ORIENTED_EDGE('',*,*,#2564,.T.);
#2564 = EDGE_CURVE('',#2544,#404,#2565,.T.);
#2565 = SURFACE_CURVE('',#2566,(#2570,#2577),.PCURVE_S1.);
#2566 = LINE('',#2567,#2568);
#2567 = CARTESIAN_POINT('',(12.5,3.33779203556E-09,22.7));
#2568 = VECTOR('',#2569,1.);
#2569 = DIRECTION('',(-1.110223024625E-16,-0.,1.));
#2570 = PCURVE('',#450,#2571);
#2571 = DEFINITIONAL_REPRESENTATION('',(#2572),#2576);
#2572 = LINE('',#2573,#2574);
#2573 = CARTESIAN_POINT('',(-3.862855009968E-02,-0.199999992168));
#2574 = VECTOR('',#2575,1.);
#2575 = DIRECTION('',(0.,-1.));
#2576 = ( GEOMETRIC_REPRESENTATION_CONTEXT(2) 
PARAMETRIC_REPRESENTATION_CONTEXT() REPRESENTATION_CONTEXT('2D SPACE',''
  ) );
#2577 = PCURVE('',#424,#2578);
#2578 = DEFINITIONAL_REPRESENTATION('',(#2579),#2583);
#2579 = LINE('',#2580,#2581);
#2580 = CARTESIAN_POINT('',(-1.570796326528,-1.193489751472E-15));
#2581 = VECTOR('',#2582,1.);
#2582 = DIRECTION('',(-0.,1.));
#2583 = ( GEOMETRIC_REPRESENTATION_CONTEXT(2) 
PARAMETRIC_REPRESENTATION_CONTEXT() REPRESENTATION_CONTEXT('2D SPACE',''
  ) );
#2584 = ADVANCED_FACE('',(#2585),#424,.F.);
#2585 = FACE_BOUND('',#2586,.T.);
#2586 = EDGE_LOOP('',(#2587,#2588,#2589,#2590,#2652));
#2587 = ORIENTED_EDGE('',*,*,#2005,.F.);
#2588 = ORIENTED_EDGE('',*,*,#403,.T.);
#2589 = ORIENTED_EDGE('',*,*,#2564,.F.);
#2590 = ORIENTED_EDGE('',*,*,#2591,.T.);
#2591 = EDGE_CURVE('',#2544,#2592,#2594,.T.);
#2592 = VERTEX_POINT('',#2593);
#2593 = CARTESIAN_POINT('',(6.258343776224E-17,12.5,21.936298506029));
#2594 = SURFACE_CURVE('',#2595,(#2612,#2632),.PCURVE_S1.);
#2595 = B_SPLINE_CURVE_WITH_KNOTS('',8,(#2596,#2597,#2598,#2599,#2600,
    #2601,#2602,#2603,#2604,#2605,#2606,#2607,#2608,#2609,#2610,#2611),
  .UNSPECIFIED.,.F.,.F.,(9,7,9),(0.,0.604684676518,1.),.UNSPECIFIED.);
#2596 = CARTESIAN_POINT('',(12.5,3.658832761416E-09,22.136363736978));
#2597 = CARTESIAN_POINT('',(12.499999999566,1.483577232371,
    22.12125241146));
#2598 = CARTESIAN_POINT('',(12.298764494439,2.969180554203,
    22.106038820024));
#2599 = CARTESIAN_POINT('',(11.895342537427,4.421696868334,
    22.090854190466));
#2600 = CARTESIAN_POINT('',(11.297242530243,5.809609423183,
    22.075807540388));
#2601 = CARTESIAN_POINT('',(10.516242027103,7.103467765693,
    22.060772931146));
#2602 = CARTESIAN_POINT('',(9.569443320057,8.276566448405,22.04571392823
    ));
#2603 = CARTESIAN_POINT('',(8.478096706677,9.304453833469,22.03060487816
    ));
#2604 = CARTESIAN_POINT('',(6.482457295046,10.731655847107,
    22.005605668351));
#2605 = CARTESIAN_POINT('',(5.643284542693,11.226061329648,
    21.995707873304));
#2606 = CARTESIAN_POINT('',(4.761350370525,11.645205474454,
    21.985800707131));
#2607 = CARTESIAN_POINT('',(3.844608419669,11.984870688009,
    21.97588989765));
#2608 = CARTESIAN_POINT('',(2.901348394223,12.241873161718,
    21.965981149199));
#2609 = CARTESIAN_POINT('',(1.940159434113,12.413982999652,
    21.956078297401));
#2610 = CARTESIAN_POINT('',(0.969949459469,12.5,21.946182882374));
#2611 = CARTESIAN_POINT('',(3.944499745593E-16,12.5,21.936298506029));
#2612 = PCURVE('',#424,#2613);
#2613 = DEFINITIONAL_REPRESENTATION('',(#2614),#2631);
#2614 = B_SPLINE_CURVE_WITH_KNOTS('',8,(#2615,#2616,#2617,#2618,#2619,
    #2620,#2621,#2622,#2623,#2624,#2625,#2626,#2627,#2628,#2629,#2630),
  .UNSPECIFIED.,.F.,.F.,(9,7,9),(0.,0.604684676518,1.),.UNSPECIFIED.);
#2615 = CARTESIAN_POINT('',(-1.570796326502,-0.563636263022));
#2616 = CARTESIAN_POINT('',(-1.452110148205,-0.57874758854));
#2617 = CARTESIAN_POINT('',(-1.333262291388,-0.593961179976));
#2618 = CARTESIAN_POINT('',(-1.214510922617,-0.609145809534));
#2619 = CARTESIAN_POINT('',(-1.09581365439,-0.624192459612));
#2620 = CARTESIAN_POINT('',(-0.977116120682,-0.639227068854));
#2621 = CARTESIAN_POINT('',(-0.858364007093,-0.65428607177));
#2622 = CARTESIAN_POINT('',(-0.739514075711,-0.66939512184));
#2623 = CARTESIAN_POINT('',(-0.543237010333,-0.694394331649));
#2624 = CARTESIAN_POINT('',(-0.465622545818,-0.704292126696));
#2625 = CARTESIAN_POINT('',(-0.388016156218,-0.714199292869));
#2626 = CARTESIAN_POINT('',(-0.310418013587,-0.72411010235));
#2627 = CARTESIAN_POINT('',(-0.232819811678,-0.734018850801));
#2628 = CARTESIAN_POINT('',(-0.155212762963,-0.743921702599));
#2629 = CARTESIAN_POINT('',(-7.759595675748E-02,-0.753817117626));
#2630 = CARTESIAN_POINT('',(0.,-0.763701493971));
#2631 = ( GEOMETRIC_REPRESENTATION_CONTEXT(2) 
PARAMETRIC_REPRESENTATION_CONTEXT() REPRESENTATION_CONTEXT('2D SPACE',''
  ) );
#2632 = PCURVE('',#2300,#2633);
#2633 = DEFINITIONAL_REPRESENTATION('',(#2634),#2651);
#2634 = B_SPLINE_CURVE_WITH_KNOTS('',8,(#2635,#2636,#2637,#2638,#2639,
    #2640,#2641,#2642,#2643,#2644,#2645,#2646,#2647,#2648,#2649,#2650),
  .UNSPECIFIED.,.F.,.F.,(9,7,9),(0.,0.604684676518,1.),.UNSPECIFIED.);
#2635 = CARTESIAN_POINT('',(0.415007605615,0.));
#2636 = CARTESIAN_POINT('',(0.41500729367,0.119644344093));
#2637 = CARTESIAN_POINT('',(0.415101265243,0.239444333442));
#2638 = CARTESIAN_POINT('',(0.415174899451,0.359156118667));
#2639 = CARTESIAN_POINT('',(0.415098612884,0.478815516184));
#2640 = CARTESIAN_POINT('',(0.415008786142,0.598473511107));
#2641 = CARTESIAN_POINT('',(0.414939066545,0.718185145668));
#2642 = CARTESIAN_POINT('',(0.414912378858,0.837994493405));
#2643 = CARTESIAN_POINT('',(0.414922081965,1.035855611983));
#2644 = CARTESIAN_POINT('',(0.414939946455,1.114096358582));
#2645 = CARTESIAN_POINT('',(0.414969670644,1.192329025056));
#2646 = CARTESIAN_POINT('',(0.415004720313,1.270553592525));
#2647 = CARTESIAN_POINT('',(0.415037376641,1.348778445849));
#2648 = CARTESIAN_POINT('',(0.415062000068,1.427012340586));
#2649 = CARTESIAN_POINT('',(0.415076718808,1.505256068226));
#2650 = CARTESIAN_POINT('',(0.415081883419,1.583478679056));
#2651 = ( GEOMETRIC_REPRESENTATION_CONTEXT(2) 
PARAMETRIC_REPRESENTATION_CONTEXT() REPRESENTATION_CONTEXT('2D SPACE',''
  ) );
#2652 = ORIENTED_EDGE('',*,*,#2653,.T.);
#2653 = EDGE_CURVE('',#2592,#1792,#2654,.T.);
#2654 = SURFACE_CURVE('',#2655,(#2659,#2666),.PCURVE_S1.);
#2655 = LINE('',#2656,#2657);
#2656 = CARTESIAN_POINT('',(-2.22044604925E-17,12.5,22.7));
#2657 = VECTOR('',#2658,1.);
#2658 = DIRECTION('',(1.110223024625E-16,0.,-1.));
#2659 = PCURVE('',#424,#2660);
#2660 = DEFINITIONAL_REPRESENTATION('',(#2661),#2665);
#2661 = LINE('',#2662,#2663);
#2662 = CARTESIAN_POINT('',(-0.,0.));
#2663 = VECTOR('',#2664,1.);
#2664 = DIRECTION('',(-0.,-1.));
#2665 = ( GEOMETRIC_REPRESENTATION_CONTEXT(2) 
PARAMETRIC_REPRESENTATION_CONTEXT() REPRESENTATION_CONTEXT('2D SPACE',''
  ) );
#2666 = PCURVE('',#1931,#2667);
#2667 = DEFINITIONAL_REPRESENTATION('',(#2668),#2672);
#2668 = LINE('',#2669,#2670);
#2669 = CARTESIAN_POINT('',(-6.28318530718,0.));
#2670 = VECTOR('',#2671,1.);
#2671 = DIRECTION('',(-0.,-1.));
#2672 = ( GEOMETRIC_REPRESENTATION_CONTEXT(2) 
PARAMETRIC_REPRESENTATION_CONTEXT() REPRESENTATION_CONTEXT('2D SPACE',''
  ) );
#2673 = ADVANCED_FACE('',(#2674),#489,.F.);
#2674 = FACE_BOUND('',#2675,.T.);
#2675 = EDGE_LOOP('',(#2676,#2887,#2915,#2936,#2937,#2938,#2959));
#2676 = ORIENTED_EDGE('',*,*,#2677,.T.);
#2677 = EDGE_CURVE('',#2678,#2680,#2682,.T.);
#2678 = VERTEX_POINT('',#2679);
#2679 = CARTESIAN_POINT('',(5.954844959034E-16,12.5,17.136352492289));
#2680 = VERTEX_POINT('',#2681);
#2681 = CARTESIAN_POINT('',(-11.99361291585,-3.521824701017,16.9));
#2682 = SURFACE_CURVE('',#2683,(#2749,#2818),.PCURVE_S1.);
#2683 = B_SPLINE_CURVE_WITH_KNOTS('',8,(#2684,#2685,#2686,#2687,#2688,
    #2689,#2690,#2691,#2692,#2693,#2694,#2695,#2696,#2697,#2698,#2699,
    #2700,#2701,#2702,#2703,#2704,#2705,#2706,#2707,#2708,#2709,#2710,
    #2711,#2712,#2713,#2714,#2715,#2716,#2717,#2718,#2719,#2720,#2721,
    #2722,#2723,#2724,#2725,#2726,#2727,#2728,#2729,#2730,#2731,#2732,
    #2733,#2734,#2735,#2736,#2737,#2738,#2739,#2740,#2741,#2742,#2743,
    #2744,#2745,#2746,#2747,#2748),.UNSPECIFIED.,.F.,.F.,(9,7,7,7,7,7,7,
    7,7,9),(0.,9.063707621473E-02,0.144522443434,0.205437972697,
    0.359744889437,0.496111057089,0.617448680907,0.743202332317,
    0.869483801394,1.),.UNSPECIFIED.);
#2684 = CARTESIAN_POINT('',(-1.00626565405E-14,12.5,17.136352492289));
#2685 = CARTESIAN_POINT('',(-0.66730853759,12.5,17.129533165247));
#2686 = CARTESIAN_POINT('',(-1.334710051494,12.459286670271,
    17.12271372245));
#2687 = CARTESIAN_POINT('',(-1.999202682985,12.377840798475,
    17.115897974707));
#2688 = CARTESIAN_POINT('',(-2.657858502867,12.255924174467,
    17.109089642108));
#2689 = CARTESIAN_POINT('',(-3.307818686205,12.094043940583,
    17.102291183751));
#2690 = CARTESIAN_POINT('',(-3.946291672391,11.89293449543,
    17.095502865965));
#2691 = CARTESIAN_POINT('',(-4.570554310548,11.653556951185,
    17.088722069041));
#2692 = CARTESIAN_POINT('',(-5.539067181492,11.212767127287,
    17.077912454764));
#2693 = CARTESIAN_POINT('',(-5.894222003332,11.0353162018,
    17.073883942449));
#2694 = CARTESIAN_POINT('',(-6.242860271632,10.845018507038,
    17.069853843768));
#2695 = CARTESIAN_POINT('',(-6.584438623466,10.64215541998,
    17.065819821134));
#2696 = CARTESIAN_POINT('',(-6.918430517131,10.427034555466,
    17.061780651137));
#2697 = CARTESIAN_POINT('',(-7.24432623215,10.199989766204,
    17.057736224543));
#2698 = CARTESIAN_POINT('',(-7.561632869274,9.961381142763,
    17.053687546295));
#2699 = CARTESIAN_POINT('',(-8.218330600052,9.429220501772,
    17.045057435127));
#2700 = CARTESIAN_POINT('',(-8.55520480124,9.132561351016,
    17.040475841876));
#2701 = CARTESIAN_POINT('',(-8.879814270078,8.822168653182,
    17.035894317799));
#2702 = CARTESIAN_POINT('',(-9.191510405513,8.498631892755,
    17.031314686386));
#2703 = CARTESIAN_POINT('',(-9.489678689399,8.162578946828,
    17.026738232579));
#2704 = CARTESIAN_POINT('',(-9.773738686498,7.814676085102,
    17.022165702767));
#2705 = CARTESIAN_POINT('',(-10.04314404448,7.455627969887,
    17.017597304791));
#2706 = CARTESIAN_POINT('',(-10.94140137917,6.150312212621,
    17.001469993561));
#2707 = CARTESIAN_POINT('',(-11.48854906991,5.14706805729,
    16.989924430532));
#2708 = CARTESIAN_POINT('',(-11.93005470438,4.088813336873,
    16.978399625203));
#2709 = CARTESIAN_POINT('',(-12.25975375766,2.988673221148,
    16.966873612148));
#2710 = CARTESIAN_POINT('',(-12.47332691791,1.860243250672,
    16.955325950566));
#2711 = CARTESIAN_POINT('',(-12.56837312031,0.71757292649,
    16.943753536635));
#2712 = CARTESIAN_POINT('',(-12.54432738387,-0.424891987469,
    16.932161017279));
#2713 = CARTESIAN_POINT('',(-12.27858451632,-2.548404526544,
    16.910316666171));
#2714 = CARTESIAN_POINT('',(-12.06242964596,-3.533475184779,
    16.90005847076));
#2715 = CARTESIAN_POINT('',(-11.75598274811,-4.49715165643,
    16.889800041867));
#2716 = CARTESIAN_POINT('',(-11.36184442087,-5.429802931461,
    16.879548222148));
#2717 = CARTESIAN_POINT('',(-10.88373621096,-6.322323067696,
    16.869306318143));
#2718 = CARTESIAN_POINT('',(-10.32640689401,-7.16609711258,
    16.85907396041));
#2719 = CARTESIAN_POINT('',(-9.695717306426,-7.953052330679,
    16.848848969941));
#2720 = CARTESIAN_POINT('',(-8.378855809133,-9.318949556798,
    16.829542746566));
#2721 = CARTESIAN_POINT('',(-7.706181269798,-9.91154602999,
    16.820455598966));
#2722 = CARTESIAN_POINT('',(-6.985830008431,-10.44840508728,
    16.811371785972));
#2723 = CARTESIAN_POINT('',(-6.22324419251,-10.92511055946,
    16.802288615286));
#2724 = CARTESIAN_POINT('',(-5.424260437454,-11.33791815591,
    16.793202713773));
#2725 = CARTESIAN_POINT('',(-4.5950762718,-11.68371721811,
    16.784111805338));
#2726 = CARTESIAN_POINT('',(-3.742265931149,-11.96007905341,
    16.775015943025));
#2727 = CARTESIAN_POINT('',(-1.971782869028,-12.3781769106,
    16.756489339232));
#2728 = CARTESIAN_POINT('',(-1.052526516981,-12.51473036911,
    16.747054857524));
#2729 = CARTESIAN_POINT('',(-0.122873994044,-12.57315804312,
    16.737618136267));
#2730 = CARTESIAN_POINT('',(0.80941758652,-12.55264129741,
    16.728181204581));
#2731 = CARTESIAN_POINT('',(1.736630593612,-12.45325568995,
    16.718745006382));
#2732 = CARTESIAN_POINT('',(2.651095349087,-12.27591243328,
    16.709309980355));
#2733 = CARTESIAN_POINT('',(3.545208043194,-12.02242267061,
    16.699876948161));
#2734 = CARTESIAN_POINT('',(5.281344001477,-11.36757506566,
    16.68098009937));
#2735 = CARTESIAN_POINT('',(6.123547761514,-10.96544454623,
    16.67151188237));
#2736 = CARTESIAN_POINT('',(6.930418735073,-10.4921123432,
    16.662046283871));
#2737 = CARTESIAN_POINT('',(7.694966297455,-9.951290416739,
    16.652582033052));
#2738 = CARTESIAN_POINT('',(8.410753912162,-9.347421448209,
    16.643116024885));
#2739 = CARTESIAN_POINT('',(9.071869458696,-8.685617711453,
    16.633645340333));
#2740 = CARTESIAN_POINT('',(9.672971814995,-7.971700719363,
    16.624169226127));
#2741 = CARTESIAN_POINT('',(10.76384464463,-6.427518184358,
    16.604894999907));
#2742 = CARTESIAN_POINT('',(11.249459911944,-5.593793779331,
    16.595092355251));
#2743 = CARTESIAN_POINT('',(11.661007551936,-4.718487041173,
    16.58528684585));
#2744 = CARTESIAN_POINT('',(11.994435325321,-3.809331727385,
    16.575480804834));
#2745 = CARTESIAN_POINT('',(12.246676733677,-2.874391953074,
    16.565676249678));
#2746 = CARTESIAN_POINT('',(12.415583103456,-1.922023681621,
    16.555875571971));
#2747 = CARTESIAN_POINT('',(12.500001718345,-0.960882495398,
    16.54608182003));
#2748 = CARTESIAN_POINT('',(12.49999999998,2.23534730317E-05,
    16.536298574368));
#2749 = PCURVE('',#489,#2750);
#2750 = DEFINITIONAL_REPRESENTATION('',(#2751),#2817);
#2751 = B_SPLINE_CURVE_WITH_KNOTS('',8,(#2752,#2753,#2754,#2755,#2756,
    #2757,#2758,#2759,#2760,#2761,#2762,#2763,#2764,#2765,#2766,#2767,
    #2768,#2769,#2770,#2771,#2772,#2773,#2774,#2775,#2776,#2777,#2778,
    #2779,#2780,#2781,#2782,#2783,#2784,#2785,#2786,#2787,#2788,#2789,
    #2790,#2791,#2792,#2793,#2794,#2795,#2796,#2797,#2798,#2799,#2800,
    #2801,#2802,#2803,#2804,#2805,#2806,#2807,#2808,#2809,#2810,#2811,
    #2812,#2813,#2814,#2815,#2816),.UNSPECIFIED.,.F.,.F.,(9,7,7,7,7,7,7,
    7,7,9),(0.,9.063707621473E-02,0.144522443434,0.205437972697,
    0.359744889437,0.496111057089,0.617448680907,0.743202332317,
    0.869483801394,1.),.UNSPECIFIED.);
#2752 = CARTESIAN_POINT('',(-6.28318530718,-5.563647507711));
#2753 = CARTESIAN_POINT('',(-6.229800624172,-5.570466834753));
#2754 = CARTESIAN_POINT('',(-6.176408537377,-5.57728627755));
#2755 = CARTESIAN_POINT('',(-6.123017202674,-5.584102025293));
#2756 = CARTESIAN_POINT('',(-6.0696290151,-5.590910357892));
#2757 = CARTESIAN_POINT('',(-6.016243009347,-5.597708816249));
#2758 = CARTESIAN_POINT('',(-5.962857014087,-5.604497134035));
#2759 = CARTESIAN_POINT('',(-5.909469560109,-5.611277930959));
#2760 = CARTESIAN_POINT('',(-5.824341408242,-5.622087545236));
#2761 = CARTESIAN_POINT('',(-5.792600955199,-5.626116057551));
#2762 = CARTESIAN_POINT('',(-5.760860382235,-5.630146156232));
#2763 = CARTESIAN_POINT('',(-5.729119849994,-5.634180178866));
#2764 = CARTESIAN_POINT('',(-5.697379480662,-5.638219348863));
#2765 = CARTESIAN_POINT('',(-5.665639357968,-5.642263775457));
#2766 = CARTESIAN_POINT('',(-5.633899527187,-5.646312453705));
#2767 = CARTESIAN_POINT('',(-5.566279560554,-5.654942564873));
#2768 = CARTESIAN_POINT('',(-5.530399830313,-5.659524158124));
#2769 = CARTESIAN_POINT('',(-5.494519998508,-5.664105682201));
#2770 = CARTESIAN_POINT('',(-5.458639669178,-5.668685313614));
#2771 = CARTESIAN_POINT('',(-5.422758856311,-5.673261767421));
#2772 = CARTESIAN_POINT('',(-5.38687798384,-5.677834297233));
#2773 = CARTESIAN_POINT('',(-5.350997885648,-5.682402695209));
#2774 = CARTESIAN_POINT('',(-5.22423598688,-5.698530006439));
#2775 = CARTESIAN_POINT('',(-5.133304989788,-5.710075569468));
#2776 = CARTESIAN_POINT('',(-5.042395459136,-5.721600374797));
#2777 = CARTESIAN_POINT('',(-4.951504340625,-5.733126387852));
#2778 = CARTESIAN_POINT('',(-4.860614528238,-5.744674049434));
#2779 = CARTESIAN_POINT('',(-4.769708343212,-5.756246463365));
#2780 = CARTESIAN_POINT('',(-4.678779698619,-5.767838982721));
#2781 = CARTESIAN_POINT('',(-4.507573628161,-5.789683333829));
#2782 = CARTESIAN_POINT('',(-4.427230613845,-5.79994152924));
#2783 = CARTESIAN_POINT('',(-4.346899396555,-5.810199958133));
#2784 = CARTESIAN_POINT('',(-4.266578781571,-5.820451777852));
#2785 = CARTESIAN_POINT('',(-4.186258310699,-5.830693681857));
#2786 = CARTESIAN_POINT('',(-4.105927530458,-5.84092603959));
#2787 = CARTESIAN_POINT('',(-4.025585265496,-5.851151030059));
#2788 = CARTESIAN_POINT('',(-3.873800166141,-5.870457253434));
#2789 = CARTESIAN_POINT('',(-3.802320617261,-5.879544401034));
#2790 = CARTESIAN_POINT('',(-3.7308467646,-5.888628214028));
#2791 = CARTESIAN_POINT('',(-3.659380037482,-5.897711384714));
#2792 = CARTESIAN_POINT('',(-3.587913313842,-5.906797286227));
#2793 = CARTESIAN_POINT('',(-3.516439470498,-5.915888194662));
#2794 = CARTESIAN_POINT('',(-3.444959933766,-5.924984056975));
#2795 = CARTESIAN_POINT('',(-3.299425528949,-5.943510660768));
#2796 = CARTESIAN_POINT('',(-3.225343215927,-5.952945142476));
#2797 = CARTESIAN_POINT('',(-3.151267582811,-5.962381863733));
#2798 = CARTESIAN_POINT('',(-3.077199936493,-5.971818795419));
#2799 = CARTESIAN_POINT('',(-3.00313176384,-5.981254993618));
#2800 = CARTESIAN_POINT('',(-2.929054933289,-5.990690019645));
#2801 = CARTESIAN_POINT('',(-2.854971933509,-6.000123051839));
#2802 = CARTESIAN_POINT('',(-2.706529493187,-6.01901990063));
#2803 = CARTESIAN_POINT('',(-2.632135386416,-6.02848811763));
#2804 = CARTESIAN_POINT('',(-2.557747598564,-6.037953716129));
#2805 = CARTESIAN_POINT('',(-2.483368606743,-6.047417966948));
#2806 = CARTESIAN_POINT('',(-2.408990089549,-6.056883975115));
#2807 = CARTESIAN_POINT('',(-2.334603386507,-6.066354659667));
#2808 = CARTESIAN_POINT('',(-2.260209922819,-6.075830773873));
#2809 = CARTESIAN_POINT('',(-2.108959069322,-6.095105000093));
#2810 = CARTESIAN_POINT('',(-2.032068216412,-6.104907644749));
#2811 = CARTESIAN_POINT('',(-1.955185535827,-6.11471315415));
#2812 = CARTESIAN_POINT('',(-1.878313044165,-6.124519195166));
#2813 = CARTESIAN_POINT('',(-1.801440527864,-6.134323750322));
#2814 = CARTESIAN_POINT('',(-1.724557794415,-6.144124428029));
#2815 = CARTESIAN_POINT('',(-1.647666926427,-6.15391817997));
#2816 = CARTESIAN_POINT('',(-1.570794538517,-6.163701425632));
#2817 = ( GEOMETRIC_REPRESENTATION_CONTEXT(2) 
PARAMETRIC_REPRESENTATION_CONTEXT() REPRESENTATION_CONTEXT('2D SPACE',''
  ) );
#2818 = PCURVE('',#2300,#2819);
#2819 = DEFINITIONAL_REPRESENTATION('',(#2820),#2886);
#2820 = B_SPLINE_CURVE_WITH_KNOTS('',8,(#2821,#2822,#2823,#2824,#2825,
    #2826,#2827,#2828,#2829,#2830,#2831,#2832,#2833,#2834,#2835,#2836,
    #2837,#2838,#2839,#2840,#2841,#2842,#2843,#2844,#2845,#2846,#2847,
    #2848,#2849,#2850,#2851,#2852,#2853,#2854,#2855,#2856,#2857,#2858,
    #2859,#2860,#2861,#2862,#2863,#2864,#2865,#2866,#2867,#2868,#2869,
    #2870,#2871,#2872,#2873,#2874,#2875,#2876,#2877,#2878,#2879,#2880,
    #2881,#2882,#2883,#2884,#2885),.UNSPECIFIED.,.F.,.F.,(9,7,7,7,7,7,7,
    7,7,9),(0.,9.063707621473E-02,0.144522443434,0.205437972697,
    0.359744889437,0.496111057089,0.617448680907,0.743202332317,
    0.869483801394,1.),.UNSPECIFIED.);
#2821 = CARTESIAN_POINT('',(0.41502034471,39.586938979018));
#2822 = CARTESIAN_POINT('',(0.415045557865,39.640755324825));
#2823 = CARTESIAN_POINT('',(0.415069810348,39.69457925226));
#2824 = CARTESIAN_POINT('',(0.41508995011,39.748402456472));
#2825 = CARTESIAN_POINT('',(0.415102096679,39.802222404043));
#2826 = CARTESIAN_POINT('',(0.415103331305,39.856039873382));
#2827 = CARTESIAN_POINT('',(0.415093065757,39.909856836057));
#2828 = CARTESIAN_POINT('',(0.415074089764,39.963674679066));
#2829 = CARTESIAN_POINT('',(0.415040935505,40.049488587086));
#2830 = CARTESIAN_POINT('',(0.415026420861,40.081484572465));
#2831 = CARTESIAN_POINT('',(0.415013690757,40.113480735905));
#2832 = CARTESIAN_POINT('',(0.415005419958,40.145477028981));
#2833 = CARTESIAN_POINT('',(0.415003020415,40.177473343131));
#2834 = CARTESIAN_POINT('',(0.415006641268,40.209469509652));
#2835 = CARTESIAN_POINT('',(0.415015168842,40.241465299703));
#2836 = CARTESIAN_POINT('',(0.415038727117,40.309629797357));
#2837 = CARTESIAN_POINT('',(0.41505395096,40.345798432942));
#2838 = CARTESIAN_POINT('',(0.415069065461,40.381967280858));
#2839 = CARTESIAN_POINT('',(0.415081918846,40.418136830959));
#2840 = CARTESIAN_POINT('',(0.415091040286,40.454307113157));
#2841 = CARTESIAN_POINT('',(0.415095639893,40.49047769742));
#2842 = CARTESIAN_POINT('',(0.415095608724,40.526647693773));
#2843 = CARTESIAN_POINT('',(0.415081158425,40.654434123885));
#2844 = CARTESIAN_POINT('',(0.415044254954,40.746100840441));
#2845 = CARTESIAN_POINT('',(0.414986778272,40.837745931432));
#2846 = CARTESIAN_POINT('',(0.414933490435,40.929371522577));
#2847 = CARTESIAN_POINT('',(0.414905203377,41.020995072618));
#2848 = CARTESIAN_POINT('',(0.414902833383,41.11263479991));
#2849 = CARTESIAN_POINT('',(0.414920146481,41.204297160794));
#2850 = CARTESIAN_POINT('',(0.41497238188,41.376884978209));
#2851 = CARTESIAN_POINT('',(0.415005040508,41.45787652217));
#2852 = CARTESIAN_POINT('',(0.415039649518,41.538856384546));
#2853 = CARTESIAN_POINT('',(0.415068226311,41.619825767608));
#2854 = CARTESIAN_POINT('',(0.415085497405,41.700795076217));
#2855 = CARTESIAN_POINT('',(0.415090390241,41.781774676033));
#2856 = CARTESIAN_POINT('',(0.415085234781,41.86276565526));
#2857 = CARTESIAN_POINT('',(0.415062835496,42.015775903273));
#2858 = CARTESIAN_POINT('',(0.415047000056,42.08783223048));
#2859 = CARTESIAN_POINT('',(0.415028215071,42.15988261845));
#2860 = CARTESIAN_POINT('',(0.415009755525,42.231925663324));
#2861 = CARTESIAN_POINT('',(0.414994424043,42.303968628656));
#2862 = CARTESIAN_POINT('',(0.414983767356,42.376018804889));
#2863 = CARTESIAN_POINT('',(0.414977917178,42.448074858234));
#2864 = CARTESIAN_POINT('',(0.414974126105,42.594783463188));
#2865 = CARTESIAN_POINT('',(0.414976463638,42.669463696062));
#2866 = CARTESIAN_POINT('',(0.414982287536,42.744137473898));
#2867 = CARTESIAN_POINT('',(0.414989468623,42.818803502202));
#2868 = CARTESIAN_POINT('',(0.41499569858,42.8934703213));
#2869 = CARTESIAN_POINT('',(0.414999309581,42.968146028319));
#2870 = CARTESIAN_POINT('',(0.414999744127,43.042827985512));
#2871 = CARTESIAN_POINT('',(0.414995597339,43.192470428931));
#2872 = CARTESIAN_POINT('',(0.414991000818,43.267465860228));
#2873 = CARTESIAN_POINT('',(0.414984360436,43.342454738951));
#2874 = CARTESIAN_POINT('',(0.414977500221,43.417434472872));
#2875 = CARTESIAN_POINT('',(0.414972760177,43.492413412358));
#2876 = CARTESIAN_POINT('',(0.414972208487,43.567400320887));
#2877 = CARTESIAN_POINT('',(0.41497689905,43.642393851111));
#2878 = CARTESIAN_POINT('',(0.414995760686,43.794864523988));
#2879 = CARTESIAN_POINT('',(0.415010242962,43.872375394423));
#2880 = CARTESIAN_POINT('',(0.415029180881,43.94987803603));
#2881 = CARTESIAN_POINT('',(0.415050184915,44.027370553356));
#2882 = CARTESIAN_POINT('',(0.415069454907,44.10486333611));
#2883 = CARTESIAN_POINT('',(0.415082778206,44.182366673584));
#2884 = CARTESIAN_POINT('',(0.415086987362,44.259878404617));
#2885 = CARTESIAN_POINT('',(0.415081877359,44.337371603117));
#2886 = ( GEOMETRIC_REPRESENTATION_CONTEXT(2) 
PARAMETRIC_REPRESENTATION_CONTEXT() REPRESENTATION_CONTEXT('2D SPACE',''
  ) );
#2887 = ORIENTED_EDGE('',*,*,#2888,.T.);
#2888 = EDGE_CURVE('',#2680,#2889,#2891,.T.);
#2889 = VERTEX_POINT('',#2890);
#2890 = CARTESIAN_POINT('',(-1.644607353998E-09,12.5,16.9));
#2891 = SURFACE_CURVE('',#2892,(#2897,#2904),.PCURVE_S1.);
#2892 = CIRCLE('',#2893,12.5);
#2893 = AXIS2_PLACEMENT_3D('',#2894,#2895,#2896);
#2894 = CARTESIAN_POINT('',(6.217248937901E-16,0.,16.9));
#2895 = DIRECTION('',(-1.110223024625E-16,0.,1.));
#2896 = DIRECTION('',(0.,1.,0.));
#2897 = PCURVE('',#489,#2898);
#2898 = DEFINITIONAL_REPRESENTATION('',(#2899),#2903);
#2899 = LINE('',#2900,#2901);
#2900 = CARTESIAN_POINT('',(-6.28318530718,-5.8));
#2901 = VECTOR('',#2902,1.);
#2902 = DIRECTION('',(1.,-0.));
#2903 = ( GEOMETRIC_REPRESENTATION_CONTEXT(2) 
PARAMETRIC_REPRESENTATION_CONTEXT() REPRESENTATION_CONTEXT('2D SPACE',''
  ) );
#2904 = PCURVE('',#2508,#2905);
#2905 = DEFINITIONAL_REPRESENTATION('',(#2906),#2914);
#2906 = ( BOUNDED_CURVE() B_SPLINE_CURVE(2,(#2907,#2908,#2909,#2910,
#2911,#2912,#2913),.UNSPECIFIED.,.T.,.F.) B_SPLINE_CURVE_WITH_KNOTS((1,2
    ,2,2,2,1),(-2.094395102393,0.,2.094395102393,4.188790204786,
6.28318530718,8.377580409573),.UNSPECIFIED.) CURVE() 
GEOMETRIC_REPRESENTATION_ITEM() RATIONAL_B_SPLINE_CURVE((1.,0.5,1.,0.5,
1.,0.5,1.)) REPRESENTATION_ITEM('') );
#2907 = CARTESIAN_POINT('',(14.7,-27.2));
#2908 = CARTESIAN_POINT('',(-6.950635094611,-27.2));
#2909 = CARTESIAN_POINT('',(3.874682452695,-8.45));
#2910 = CARTESIAN_POINT('',(14.7,10.3));
#2911 = CARTESIAN_POINT('',(25.525317547305,-8.45));
#2912 = CARTESIAN_POINT('',(36.350635094611,-27.2));
#2913 = CARTESIAN_POINT('',(14.7,-27.2));
#2914 = ( GEOMETRIC_REPRESENTATION_CONTEXT(2) 
PARAMETRIC_REPRESENTATION_CONTEXT() REPRESENTATION_CONTEXT('2D SPACE',''
  ) );
#2915 = ORIENTED_EDGE('',*,*,#2916,.T.);
#2916 = EDGE_CURVE('',#2889,#469,#2917,.T.);
#2917 = SEAM_CURVE('',#2918,(#2922,#2929),.PCURVE_S1.);
#2918 = LINE('',#2919,#2920);
#2919 = CARTESIAN_POINT('',(-2.22044604925E-17,12.5,22.7));
#2920 = VECTOR('',#2921,1.);
#2921 = DIRECTION('',(1.110223024625E-16,0.,-1.));
#2922 = PCURVE('',#489,#2923);
#2923 = DEFINITIONAL_REPRESENTATION('',(#2924),#2928);
#2924 = LINE('',#2925,#2926);
#2925 = CARTESIAN_POINT('',(-0.,0.));
#2926 = VECTOR('',#2927,1.);
#2927 = DIRECTION('',(-0.,-1.));
#2928 = ( GEOMETRIC_REPRESENTATION_CONTEXT(2) 
PARAMETRIC_REPRESENTATION_CONTEXT() REPRESENTATION_CONTEXT('2D SPACE',''
  ) );
#2929 = PCURVE('',#489,#2930);
#2930 = DEFINITIONAL_REPRESENTATION('',(#2931),#2935);
#2931 = LINE('',#2932,#2933);
#2932 = CARTESIAN_POINT('',(-6.28318530718,0.));
#2933 = VECTOR('',#2934,1.);
#2934 = DIRECTION('',(-0.,-1.));
#2935 = ( GEOMETRIC_REPRESENTATION_CONTEXT(2) 
PARAMETRIC_REPRESENTATION_CONTEXT() REPRESENTATION_CONTEXT('2D SPACE',''
  ) );
#2936 = ORIENTED_EDGE('',*,*,#468,.F.);
#2937 = ORIENTED_EDGE('',*,*,#2916,.F.);
#2938 = ORIENTED_EDGE('',*,*,#2939,.F.);
#2939 = EDGE_CURVE('',#505,#2889,#2940,.T.);
#2940 = SURFACE_CURVE('',#2941,(#2945,#2952),.PCURVE_S1.);
#2941 = LINE('',#2942,#2943);
#2942 = CARTESIAN_POINT('',(-2.22044604925E-17,12.5,22.7));
#2943 = VECTOR('',#2944,1.);
#2944 = DIRECTION('',(1.110223024625E-16,0.,-1.));
#2945 = PCURVE('',#489,#2946);
#2946 = DEFINITIONAL_REPRESENTATION('',(#2947),#2951);
#2947 = LINE('',#2948,#2949);
#2948 = CARTESIAN_POINT('',(-6.28318530718,0.));
#2949 = VECTOR('',#2950,1.);
#2950 = DIRECTION('',(-0.,-1.));
#2951 = ( GEOMETRIC_REPRESENTATION_CONTEXT(2) 
PARAMETRIC_REPRESENTATION_CONTEXT() REPRESENTATION_CONTEXT('2D SPACE',''
  ) );
#2952 = PCURVE('',#521,#2953);
#2953 = DEFINITIONAL_REPRESENTATION('',(#2954),#2958);
#2954 = LINE('',#2955,#2956);
#2955 = CARTESIAN_POINT('',(3.862850267794E-02,6.000000006069));
#2956 = VECTOR('',#2957,1.);
#2957 = DIRECTION('',(5.613223562782E-33,-1.));
#2958 = ( GEOMETRIC_REPRESENTATION_CONTEXT(2) 
PARAMETRIC_REPRESENTATION_CONTEXT() REPRESENTATION_CONTEXT('2D SPACE',''
  ) );
#2959 = ORIENTED_EDGE('',*,*,#2960,.F.);
#2960 = EDGE_CURVE('',#2678,#505,#2961,.T.);
#2961 = SURFACE_CURVE('',#2962,(#2966,#2973),.PCURVE_S1.);
#2962 = LINE('',#2963,#2964);
#2963 = CARTESIAN_POINT('',(-2.22044604925E-17,12.5,22.7));
#2964 = VECTOR('',#2965,1.);
#2965 = DIRECTION('',(1.110223024625E-16,0.,-1.));
#2966 = PCURVE('',#489,#2967);
#2967 = DEFINITIONAL_REPRESENTATION('',(#2968),#2972);
#2968 = LINE('',#2969,#2970);
#2969 = CARTESIAN_POINT('',(-6.28318530718,0.));
#2970 = VECTOR('',#2971,1.);
#2971 = DIRECTION('',(-0.,-1.));
#2972 = ( GEOMETRIC_REPRESENTATION_CONTEXT(2) 
PARAMETRIC_REPRESENTATION_CONTEXT() REPRESENTATION_CONTEXT('2D SPACE',''
  ) );
#2973 = PCURVE('',#700,#2974);
#2974 = DEFINITIONAL_REPRESENTATION('',(#2975),#2979);
#2975 = LINE('',#2976,#2977);
#2976 = CARTESIAN_POINT('',(-0.,0.));
#2977 = VECTOR('',#2978,1.);
#2978 = DIRECTION('',(-0.,-1.));
#2979 = ( GEOMETRIC_REPRESENTATION_CONTEXT(2) 
PARAMETRIC_REPRESENTATION_CONTEXT() REPRESENTATION_CONTEXT('2D SPACE',''
  ) );
#2980 = ADVANCED_FACE('',(#2981),#521,.F.);
#2981 = FACE_BOUND('',#2982,.F.);
#2982 = EDGE_LOOP('',(#2983,#3004,#3005));
#2983 = ORIENTED_EDGE('',*,*,#2984,.T.);
#2984 = EDGE_CURVE('',#507,#2889,#2985,.T.);
#2985 = SURFACE_CURVE('',#2986,(#2990,#2997),.PCURVE_S1.);
#2986 = LINE('',#2987,#2988);
#2987 = CARTESIAN_POINT('',(2.230326421929E-06,-1.080684539806,16.9));
#2988 = VECTOR('',#2989,1.);
#2989 = DIRECTION('',(1.644700332087E-07,-1.,1.825984177292E-23));
#2990 = PCURVE('',#521,#2991);
#2991 = DEFINITIONAL_REPRESENTATION('',(#2992),#2996);
#2992 = LINE('',#2993,#2994);
#2993 = CARTESIAN_POINT('',(13.619313042484,0.200000006069));
#2994 = VECTOR('',#2995,1.);
#2995 = DIRECTION('',(1.,-5.613223562782E-33));
#2996 = ( GEOMETRIC_REPRESENTATION_CONTEXT(2) 
PARAMETRIC_REPRESENTATION_CONTEXT() REPRESENTATION_CONTEXT('2D SPACE',''
  ) );
#2997 = PCURVE('',#2508,#2998);
#2998 = DEFINITIONAL_REPRESENTATION('',(#2999),#3003);
#2999 = LINE('',#3000,#3001);
#3000 = CARTESIAN_POINT('',(14.700002230326,-13.61931546019));
#3001 = VECTOR('',#3002,1.);
#3002 = DIRECTION('',(1.644700332087E-07,1.));
#3003 = ( GEOMETRIC_REPRESENTATION_CONTEXT(2) 
PARAMETRIC_REPRESENTATION_CONTEXT() REPRESENTATION_CONTEXT('2D SPACE',''
  ) );
#3004 = ORIENTED_EDGE('',*,*,#2939,.F.);
#3005 = ORIENTED_EDGE('',*,*,#504,.T.);
#3006 = ADVANCED_FACE('',(#3007),#2508,.F.);
#3007 = FACE_BOUND('',#3008,.F.);
#3008 = EDGE_LOOP('',(#3009,#3010,#3148,#3149));
#3009 = ORIENTED_EDGE('',*,*,#2456,.F.);
#3010 = ORIENTED_EDGE('',*,*,#3011,.F.);
#3011 = EDGE_CURVE('',#2680,#2214,#3012,.T.);
#3012 = SURFACE_CURVE('',#3013,(#3056,#3102),.PCURVE_S1.);
#3013 = B_SPLINE_CURVE_WITH_KNOTS('',6,(#3014,#3015,#3016,#3017,#3018,
    #3019,#3020,#3021,#3022,#3023,#3024,#3025,#3026,#3027,#3028,#3029,
    #3030,#3031,#3032,#3033,#3034,#3035,#3036,#3037,#3038,#3039,#3040,
    #3041,#3042,#3043,#3044,#3045,#3046,#3047,#3048,#3049,#3050,#3051,
    #3052,#3053,#3054,#3055),.UNSPECIFIED.,.F.,.F.,(7,5,5,5,5,5,5,5,7),(
    0.,0.128024063752,0.249367507344,0.368974768049,0.493830630024,
    0.618956299949,0.742345444101,0.869017848706,1.),.UNSPECIFIED.);
#3014 = CARTESIAN_POINT('',(-12.47995819617,9.975755869363E-06,16.9));
#3015 = CARTESIAN_POINT('',(-12.48469776892,-0.843878802265,16.9));
#3016 = CARTESIAN_POINT('',(-12.42096447625,-1.68820974485,16.9));
#3017 = CARTESIAN_POINT('',(-12.28873950649,-2.525915468118,16.9));
#3018 = CARTESIAN_POINT('',(-12.0890054884,-3.350133618691,16.9));
#3019 = CARTESIAN_POINT('',(-11.82356083493,-4.154179369067,16.9));
#3020 = CARTESIAN_POINT('',(-11.18396105709,-5.668431949704,16.9));
#3021 = CARTESIAN_POINT('',(-10.81616563146,-6.381431096828,16.9));
#3022 = CARTESIAN_POINT('',(-10.39415254594,-7.065084324137,16.9));
#3023 = CARTESIAN_POINT('',(-9.920940807358,-7.714348271701,16.9));
#3024 = CARTESIAN_POINT('',(-9.400105768978,-8.324567718877,16.9));
#3025 = CARTESIAN_POINT('',(-8.279730066951,-9.450423561841,16.9));
#3026 = CARTESIAN_POINT('',(-7.681365669724,-9.967345072064,16.9));
#3027 = CARTESIAN_POINT('',(-7.044824325999,-10.4382905707,16.9));
#3028 = CARTESIAN_POINT('',(-6.374567238703,-10.85986671242,16.9));
#3029 = CARTESIAN_POINT('',(-5.675405488455,-11.22921286627,16.9));
#3030 = CARTESIAN_POINT('',(-4.197996045703,-11.87280476482,16.9));
#3031 = CARTESIAN_POINT('',(-3.417541635826,-12.14220204766,16.9));
#3032 = CARTESIAN_POINT('',(-2.617133126177,-12.34972966783,16.9));
#3033 = CARTESIAN_POINT('',(-1.802893071851,-12.49370939132,16.9));
#3034 = CARTESIAN_POINT('',(-0.981089770447,-12.57319403705,16.9));
#3035 = CARTESIAN_POINT('',(0.666544573921,-12.60306724273,16.9));
#3036 = CARTESIAN_POINT('',(1.49247638872,-12.55317818369,16.9));
#3037 = CARTESIAN_POINT('',(2.313154886592,-12.43835039991,16.9));
#3038 = CARTESIAN_POINT('',(3.122267331884,-12.25937778706,16.9));
#3039 = CARTESIAN_POINT('',(3.913646556196,-12.01778790396,16.9));
#3040 = CARTESIAN_POINT('',(5.438308927072,-11.41837501734,16.9));
#3041 = CARTESIAN_POINT('',(6.172330610774,-11.06217835171,16.9));
#3042 = CARTESIAN_POINT('',(6.877622606116,-10.64967932813,16.9));
#3043 = CARTESIAN_POINT('',(7.548899671429,-10.1838733691,16.9));
#3044 = CARTESIAN_POINT('',(8.18126627214,-9.668343280934,16.9));
#3045 = CARTESIAN_POINT('',(9.37499668416,-8.531468669577,16.9));
#3046 = CARTESIAN_POINT('',(9.934093420403,-7.90760687178,16.9));
#3047 = CARTESIAN_POINT('',(10.442772647818,-7.240397512457,16.9));
#3048 = CARTESIAN_POINT('',(10.896994746731,-6.534989518656,16.9));
#3049 = CARTESIAN_POINT('',(11.293360603414,-5.796964594483,16.9));
#3050 = CARTESIAN_POINT('',(11.976556247208,-4.241865457229,16.9));
#3051 = CARTESIAN_POINT('',(12.259245557719,-3.422853435235,16.9));
#3052 = CARTESIAN_POINT('',(12.474376488807,-2.582119736158,16.9));
#3053 = CARTESIAN_POINT('',(12.620063678215,-1.726617556602,16.9));
#3054 = CARTESIAN_POINT('',(12.695278300499,-0.863466895781,16.9));
#3055 = CARTESIAN_POINT('',(12.700036337741,1.518977023096E-05,16.9));
#3056 = PCURVE('',#2508,#3057);
#3057 = DEFINITIONAL_REPRESENTATION('',(#3058),#3101);
#3058 = B_SPLINE_CURVE_WITH_KNOTS('',6,(#3059,#3060,#3061,#3062,#3063,
    #3064,#3065,#3066,#3067,#3068,#3069,#3070,#3071,#3072,#3073,#3074,
    #3075,#3076,#3077,#3078,#3079,#3080,#3081,#3082,#3083,#3084,#3085,
    #3086,#3087,#3088,#3089,#3090,#3091,#3092,#3093,#3094,#3095,#3096,
    #3097,#3098,#3099,#3100),.UNSPECIFIED.,.F.,.F.,(7,5,5,5,5,5,5,5,7),(
    0.,0.128024063752,0.249367507344,0.368974768049,0.493830630024,
    0.618956299949,0.742345444101,0.869017848706,1.),.UNSPECIFIED.);
#3059 = CARTESIAN_POINT('',(2.220041803829,-14.70000997575));
#3060 = CARTESIAN_POINT('',(2.215302231078,-13.85612119773));
#3061 = CARTESIAN_POINT('',(2.27903552375,-13.01179025515));
#3062 = CARTESIAN_POINT('',(2.411260493508,-12.17408453188));
#3063 = CARTESIAN_POINT('',(2.610994511598,-11.3498663813));
#3064 = CARTESIAN_POINT('',(2.876439165069,-10.54582063093));
#3065 = CARTESIAN_POINT('',(3.516038942903,-9.031568050296));
#3066 = CARTESIAN_POINT('',(3.883834368534,-8.318568903172));
#3067 = CARTESIAN_POINT('',(4.305847454051,-7.634915675863));
#3068 = CARTESIAN_POINT('',(4.779059192642,-6.985651728299));
#3069 = CARTESIAN_POINT('',(5.299894231022,-6.375432281123));
#3070 = CARTESIAN_POINT('',(6.420269933049,-5.249576438159));
#3071 = CARTESIAN_POINT('',(7.018634330276,-4.732654927936));
#3072 = CARTESIAN_POINT('',(7.655175674001,-4.261709429294));
#3073 = CARTESIAN_POINT('',(8.325432761297,-3.840133287575));
#3074 = CARTESIAN_POINT('',(9.024594511545,-3.470787133724));
#3075 = CARTESIAN_POINT('',(10.502003954297,-2.827195235173));
#3076 = CARTESIAN_POINT('',(11.282458364174,-2.557797952333));
#3077 = CARTESIAN_POINT('',(12.082866873823,-2.350270332163));
#3078 = CARTESIAN_POINT('',(12.897106928149,-2.206290608677));
#3079 = CARTESIAN_POINT('',(13.718910229553,-2.126805962941));
#3080 = CARTESIAN_POINT('',(15.366544573921,-2.096932757269));
#3081 = CARTESIAN_POINT('',(16.19247638872,-2.14682181631));
#3082 = CARTESIAN_POINT('',(17.013154886592,-2.261649600081));
#3083 = CARTESIAN_POINT('',(17.822267331884,-2.440622212935));
#3084 = CARTESIAN_POINT('',(18.613646556196,-2.682212096038));
#3085 = CARTESIAN_POINT('',(20.138308927072,-3.281624982651));
#3086 = CARTESIAN_POINT('',(20.872330610774,-3.637821648289));
#3087 = CARTESIAN_POINT('',(21.577622606116,-4.050320671864));
#3088 = CARTESIAN_POINT('',(22.248899671429,-4.516126630895));
#3089 = CARTESIAN_POINT('',(22.88126627214,-5.031656719066));
#3090 = CARTESIAN_POINT('',(24.07499668416,-6.168531330423));
#3091 = CARTESIAN_POINT('',(24.634093420403,-6.79239312822));
#3092 = CARTESIAN_POINT('',(25.142772647818,-7.459602487543));
#3093 = CARTESIAN_POINT('',(25.596994746731,-8.165010481344));
#3094 = CARTESIAN_POINT('',(25.993360603414,-8.903035405517));
#3095 = CARTESIAN_POINT('',(26.676556247208,-10.45813454277));
#3096 = CARTESIAN_POINT('',(26.959245557719,-11.27714656476));
#3097 = CARTESIAN_POINT('',(27.174376488807,-12.11788026384));
#3098 = CARTESIAN_POINT('',(27.320063678215,-12.97338244339));
#3099 = CARTESIAN_POINT('',(27.395278300499,-13.83653310421));
#3100 = CARTESIAN_POINT('',(27.400036337741,-14.70001518977));
#3101 = ( GEOMETRIC_REPRESENTATION_CONTEXT(2) 
PARAMETRIC_REPRESENTATION_CONTEXT() REPRESENTATION_CONTEXT('2D SPACE',''
  ) );
#3102 = PCURVE('',#2300,#3103);
#3103 = DEFINITIONAL_REPRESENTATION('',(#3104),#3147);
#3104 = B_SPLINE_CURVE_WITH_KNOTS('',6,(#3105,#3106,#3107,#3108,#3109,
    #3110,#3111,#3112,#3113,#3114,#3115,#3116,#3117,#3118,#3119,#3120,
    #3121,#3122,#3123,#3124,#3125,#3126,#3127,#3128,#3129,#3130,#3131,
    #3132,#3133,#3134,#3135,#3136,#3137,#3138,#3139,#3140,#3141,#3142,
    #3143,#3144,#3145,#3146),.UNSPECIFIED.,.F.,.F.,(7,5,5,5,5,5,5,5,7),(
    0.,0.128024063752,0.249367507344,0.368974768049,0.493830630024,
    0.618956299949,0.742345444101,0.869017848706,1.),.UNSPECIFIED.);
#3105 = CARTESIAN_POINT('',(0.456508488421,41.170415887452));
#3106 = CARTESIAN_POINT('',(0.446682646431,41.238581105346));
#3107 = CARTESIAN_POINT('',(0.43686062389,41.3067198257));
#3108 = CARTESIAN_POINT('',(0.427043783289,41.374822596068));
#3109 = CARTESIAN_POINT('',(0.417231354211,41.442894761315));
#3110 = CARTESIAN_POINT('',(0.407422594297,41.510941471958));
#3111 = CARTESIAN_POINT('',(0.388326774475,41.64341568266));
#3112 = CARTESIAN_POINT('',(0.379038138546,41.707854116106));
#3113 = CARTESIAN_POINT('',(0.369754037938,41.772261086952));
#3114 = CARTESIAN_POINT('',(0.360473896017,41.836640595875));
#3115 = CARTESIAN_POINT('',(0.351197152194,41.900996531977));
#3116 = CARTESIAN_POINT('',(0.332785231519,42.028726307549));
#3117 = CARTESIAN_POINT('',(0.323649008233,42.092107406454));
#3118 = CARTESIAN_POINT('',(0.314517145659,42.155458254381));
#3119 = CARTESIAN_POINT('',(0.30538910112,42.2187826158));
#3120 = CARTESIAN_POINT('',(0.296264347189,42.282084149244));
#3121 = CARTESIAN_POINT('',(0.277623105476,42.411404807039));
#3122 = CARTESIAN_POINT('',(0.268105965785,42.47742845388));
#3123 = CARTESIAN_POINT('',(0.258593583475,42.543419096416));
#3124 = CARTESIAN_POINT('',(0.249085296018,42.609381330407));
#3125 = CARTESIAN_POINT('',(0.239580466113,42.675319576812));
#3126 = CARTESIAN_POINT('',(0.220559560716,42.807274081401));
#3127 = CARTESIAN_POINT('',(0.211042408377,42.873297810029));
#3128 = CARTESIAN_POINT('',(0.201530002987,42.939288606123));
#3129 = CARTESIAN_POINT('',(0.192021698333,43.005250952942));
#3130 = CARTESIAN_POINT('',(0.182516870965,43.071189176073));
#3131 = CARTESIAN_POINT('',(0.163648408756,43.202086121744));
#3132 = CARTESIAN_POINT('',(0.15428360651,43.267052942972));
#3133 = CARTESIAN_POINT('',(0.144923407074,43.331987833515));
#3134 = CARTESIAN_POINT('',(0.135567212063,43.39689494521));
#3135 = CARTESIAN_POINT('',(0.126214437818,43.461778327632));
#3136 = CARTESIAN_POINT('',(0.107269160365,43.593208177992));
#3137 = CARTESIAN_POINT('',(9.76757997221E-02,43.659760594362));
#3138 = CARTESIAN_POINT('',(8.808730747556E-02,43.726279239351));
#3139 = CARTESIAN_POINT('',(7.850299329014E-02,43.792768902004));
#3140 = CARTESIAN_POINT('',(6.892218588873E-02,43.859234238653));
#3141 = CARTESIAN_POINT('',(4.944421626213E-02,43.994359575279));
#3142 = CARTESIAN_POINT('',(3.954610814579E-02,44.063026137285));
#3143 = CARTESIAN_POINT('',(2.965319979964E-02,44.131656626641));
#3144 = CARTESIAN_POINT('',(1.976469042042E-02,44.200256597411));
#3145 = CARTESIAN_POINT('',(9.879808463117E-03,44.268831400525));
#3146 = CARTESIAN_POINT('',(0.,44.337371003117));
#3147 = ( GEOMETRIC_REPRESENTATION_CONTEXT(2) 
PARAMETRIC_REPRESENTATION_CONTEXT() REPRESENTATION_CONTEXT('2D SPACE',''
  ) );
#3148 = ORIENTED_EDGE('',*,*,#2888,.T.);
#3149 = ORIENTED_EDGE('',*,*,#2984,.F.);
#3150 = ADVANCED_FACE('',(#3151),#2300,.F.);
#3151 = FACE_BOUND('',#3152,.F.);
#3152 = EDGE_LOOP('',(#3153,#3154,#3155,#3156,#3365,#3616,#3825,#4034,
    #4285,#4513,#4514));
#3153 = ORIENTED_EDGE('',*,*,#2213,.F.);
#3154 = ORIENTED_EDGE('',*,*,#2543,.T.);
#3155 = ORIENTED_EDGE('',*,*,#2591,.T.);
#3156 = ORIENTED_EDGE('',*,*,#3157,.T.);
#3157 = EDGE_CURVE('',#2592,#3158,#3160,.T.);
#3158 = VERTEX_POINT('',#3159);
#3159 = CARTESIAN_POINT('',(1.513922710693E-16,12.5,21.136379648851));
#3160 = SURFACE_CURVE('',#3161,(#3227,#3296),.PCURVE_S1.);
#3161 = B_SPLINE_CURVE_WITH_KNOTS('',8,(#3162,#3163,#3164,#3165,#3166,
    #3167,#3168,#3169,#3170,#3171,#3172,#3173,#3174,#3175,#3176,#3177,
    #3178,#3179,#3180,#3181,#3182,#3183,#3184,#3185,#3186,#3187,#3188,
    #3189,#3190,#3191,#3192,#3193,#3194,#3195,#3196,#3197,#3198,#3199,
    #3200,#3201,#3202,#3203,#3204,#3205,#3206,#3207,#3208,#3209,#3210,
    #3211,#3212,#3213,#3214,#3215,#3216,#3217,#3218,#3219,#3220,#3221,
    #3222,#3223,#3224,#3225,#3226),.UNSPECIFIED.,.F.,.F.,(9,7,7,7,7,7,7,
    7,7,9),(0.,0.152977531161,0.305992303047,0.460213319627,
    0.556312521878,0.635867694432,0.683960766083,0.831349014436,
    0.915368891403,1.),.UNSPECIFIED.);
#3162 = CARTESIAN_POINT('',(6.258343776224E-17,12.5,21.936298506029));
#3163 = CARTESIAN_POINT('',(-1.501307121197,12.5,21.920999271155));
#3164 = CARTESIAN_POINT('',(-3.004786278313,12.29392582448,
    21.905698013068));
#3165 = CARTESIAN_POINT('',(-4.473929171527,11.880746134711,
    21.8904288066));
#3166 = CARTESIAN_POINT('',(-5.876092190309,11.26838922969,
    21.875171790462));
#3167 = CARTESIAN_POINT('',(-7.180828902855,10.469189410475,
    21.85989879109));
#3168 = CARTESIAN_POINT('',(-8.360590441881,9.501050216546,
    21.844602100646));
#3169 = CARTESIAN_POINT('',(-9.390184084487,8.386200439357,
    21.829282771223));
#3170 = CARTESIAN_POINT('',(-11.10913090675,5.923868918392,
    21.798680073531));
#3171 = CARTESIAN_POINT('',(-11.80089339445,4.5727606237,21.783352466896
    ));
#3172 = CARTESIAN_POINT('',(-12.30308310491,3.131230087704,
    21.768042649362));
#3173 = CARTESIAN_POINT('',(-12.60352202959,1.630592478764,
    21.752751809388));
#3174 = CARTESIAN_POINT('',(-12.69487816863,0.102899022636,
    21.737470514329));
#3175 = CARTESIAN_POINT('',(-12.57608127051,-1.41898629335,
    21.722176531292));
#3176 = CARTESIAN_POINT('',(-12.25092913267,-2.901671990912,
    21.706857239559));
#3177 = CARTESIAN_POINT('',(-11.21102059748,-5.731812531204,
    21.676121368233));
#3178 = CARTESIAN_POINT('',(-10.49164503702,-7.082376551124,
    21.660658734263));
#3179 = CARTESIAN_POINT('',(-9.586794617341,-8.327271238587,
    21.645200609859));
#3180 = CARTESIAN_POINT('',(-8.515735099108,-9.437949154731,
    21.629749852788));
#3181 = CARTESIAN_POINT('',(-7.3011682652,-10.38954885292,
    21.614320676782));
#3182 = CARTESIAN_POINT('',(-5.970158951592,-11.16206058543,
    21.598918221684));
#3183 = CARTESIAN_POINT('',(-4.553041758769,-11.7392726984,
    21.583520025968));
#3184 = CARTESIAN_POINT('',(-2.172485140318,-12.34583984416,
    21.558562347493));
#3185 = CARTESIAN_POINT('',(-1.238283013941,-12.49995449834,
    21.548978295918));
#3186 = CARTESIAN_POINT('',(-0.292021919228,-12.57315705999,
    21.539390526535));
#3187 = CARTESIAN_POINT('',(0.658099824862,-12.56446161916,
    21.529793179759));
#3188 = CARTESIAN_POINT('',(1.603924373441,-12.47384936552,
    21.520181041104));
#3189 = CARTESIAN_POINT('',(2.537344761568,-12.30219626052,
    21.510553171431));
#3190 = CARTESIAN_POINT('',(3.450322315127,-12.05133791382,
    21.500914708404));
#3191 = CARTESIAN_POINT('',(5.067212783284,-11.45351174729,
    21.483298184479));
#3192 = CARTESIAN_POINT('',(5.780311303619,-11.13043139779,
    21.475317268646));
#3193 = CARTESIAN_POINT('',(6.469678928241,-10.75667111237,
    21.467339757998));
#3194 = CARTESIAN_POINT('',(7.131106416009,-10.33431638318,
    21.459372029036));
#3195 = CARTESIAN_POINT('',(7.760662232821,-9.865829359879,
    21.451418457326));
#3196 = CARTESIAN_POINT('',(8.354676742166,-9.354018105423,
    21.443479372971));
#3197 = CARTESIAN_POINT('',(8.909751337547,-8.802043445283,
    21.435549682651));
#3198 = CARTESIAN_POINT('',(9.732938612829,-7.857652204917,
    21.422823355339));
#3199 = CARTESIAN_POINT('',(10.02773649552,-7.48844645934,21.41802814286
    ));
#3200 = CARTESIAN_POINT('',(10.306503315803,-7.106632315502,
    21.413228044299));
#3201 = CARTESIAN_POINT('',(10.568609849376,-6.713026946013,
    21.408420619201));
#3202 = CARTESIAN_POINT('',(10.813480496647,-6.308478553799,
    21.403605463159));
#3203 = CARTESIAN_POINT('',(11.040593282733,-5.893866372103,
    21.398784207813));
#3204 = CARTESIAN_POINT('',(11.249479857465,-5.470100664484,
    21.393960520851));
#3205 = CARTESIAN_POINT('',(12.022761063021,-3.714263181859,
    21.374367240071));
#3206 = CARTESIAN_POINT('',(12.43144024899,-2.311626305124,
    21.359587477666));
#3207 = CARTESIAN_POINT('',(12.651930858668,-0.859550106971,
    21.344886647013));
#3208 = CARTESIAN_POINT('',(12.67859106797,0.612464283152,
    21.330242552581));
#3209 = CARTESIAN_POINT('',(12.510164505438,2.0750432213,21.315563114365
    ));
#3210 = CARTESIAN_POINT('',(12.150745215015,3.499076039407,
    21.300839038174));
#3211 = CARTESIAN_POINT('',(11.608793426718,4.8557673333,21.286071359143
    ));
#3212 = CARTESIAN_POINT('',(10.497310277614,6.836409063103,
    21.262889664224));
#3213 = CARTESIAN_POINT('',(10.03947989269,7.52521062959,21.254466716706
    ));
#3214 = CARTESIAN_POINT('',(9.530110648695,8.178754765645,
    21.246042230566));
#3215 = CARTESIAN_POINT('',(8.972415874933,8.792569534394,
    21.237620031355));
#3216 = CARTESIAN_POINT('',(8.370018099768,9.362575859822,
    21.229202548397));
#3217 = CARTESIAN_POINT('',(7.726922466791,9.88507002866,21.220790811478
    ));
#3218 = CARTESIAN_POINT('',(7.047534505158,10.356749655383,
    21.212385088409));
#3219 = CARTESIAN_POINT('',(5.620738953717,11.195857694062,
    21.195526137663));
#3220 = CARTESIAN_POINT('',(4.872680481497,11.562615643025,
    21.187070764975));
#3221 = CARTESIAN_POINT('',(4.09749414446,11.872114420906,
    21.178620908119));
#3222 = CARTESIAN_POINT('',(3.300319597002,12.122063182308,
    21.170174752642));
#3223 = CARTESIAN_POINT('',(2.486457893889,12.310731530878,
    21.161729377006));
#3224 = CARTESIAN_POINT('',(1.661357274792,12.436921106278,
    21.153282128727));
#3225 = CARTESIAN_POINT('',(0.830615680386,12.5,21.144831806579));
#3226 = CARTESIAN_POINT('',(1.92774911047E-15,12.5,21.136379648851));
#3227 = PCURVE('',#2300,#3228);
#3228 = DEFINITIONAL_REPRESENTATION('',(#3229),#3295);
#3229 = B_SPLINE_CURVE_WITH_KNOTS('',8,(#3230,#3231,#3232,#3233,#3234,
    #3235,#3236,#3237,#3238,#3239,#3240,#3241,#3242,#3243,#3244,#3245,
    #3246,#3247,#3248,#3249,#3250,#3251,#3252,#3253,#3254,#3255,#3256,
    #3257,#3258,#3259,#3260,#3261,#3262,#3263,#3264,#3265,#3266,#3267,
    #3268,#3269,#3270,#3271,#3272,#3273,#3274,#3275,#3276,#3277,#3278,
    #3279,#3280,#3281,#3282,#3283,#3284,#3285,#3286,#3287,#3288,#3289,
    #3290,#3291,#3292,#3293,#3294),.UNSPECIFIED.,.F.,.F.,(9,7,7,7,7,7,7,
    7,7,9),(0.,0.152977531161,0.305992303047,0.460213319627,
    0.556312521878,0.635867694432,0.683960766083,0.831349014436,
    0.915368891403,1.),.UNSPECIFIED.);
#3230 = CARTESIAN_POINT('',(0.415081883419,1.583478679056));
#3231 = CARTESIAN_POINT('',(0.415089877306,1.704553196424));
#3232 = CARTESIAN_POINT('',(0.415075027606,1.825802207186));
#3233 = CARTESIAN_POINT('',(0.415038762222,1.946946021597));
#3234 = CARTESIAN_POINT('',(0.414997045875,2.068031135827));
#3235 = CARTESIAN_POINT('',(0.414973556071,2.189116351255));
#3236 = CARTESIAN_POINT('',(0.414968624076,2.310260395355));
#3237 = CARTESIAN_POINT('',(0.414974305203,2.431510053294));
#3238 = CARTESIAN_POINT('',(0.414990904339,2.673688319381));
#3239 = CARTESIAN_POINT('',(0.415001842997,2.794967036577));
#3240 = CARTESIAN_POINT('',(0.415007570687,2.916141060358));
#3241 = CARTESIAN_POINT('',(0.414999960385,3.037257361634));
#3242 = CARTESIAN_POINT('',(0.414981464919,3.158373606719));
#3243 = CARTESIAN_POINT('',(0.414969244589,3.279546775571));
#3244 = CARTESIAN_POINT('',(0.414970740445,3.400825170227));
#3245 = CARTESIAN_POINT('',(0.414998234434,3.643982245896));
#3246 = CARTESIAN_POINT('',(0.415024485639,3.766223801625));
#3247 = CARTESIAN_POINT('',(0.415061406593,3.888355634081));
#3248 = CARTESIAN_POINT('',(0.415098605243,4.010427209876));
#3249 = CARTESIAN_POINT('',(0.415111223793,4.132498439694));
#3250 = CARTESIAN_POINT('',(0.415084876265,4.254628429208));
#3251 = CARTESIAN_POINT('',(0.415037853466,4.37686812551));
#3252 = CARTESIAN_POINT('',(0.414963405637,4.574984207309));
#3253 = CARTESIAN_POINT('',(0.4149353696,4.651059352825));
#3254 = CARTESIAN_POINT('',(0.414912706277,4.727126661236));
#3255 = CARTESIAN_POINT('',(0.4149024052,4.803184036653));
#3256 = CARTESIAN_POINT('',(0.41490903928,4.879241040718));
#3257 = CARTESIAN_POINT('',(0.414932264187,4.955307498148));
#3258 = CARTESIAN_POINT('',(0.414966395393,5.031382167875));
#3259 = CARTESIAN_POINT('',(0.415031590047,5.170406744254));
#3260 = CARTESIAN_POINT('',(0.415062137821,5.23338283153));
#3261 = CARTESIAN_POINT('',(0.415089211235,5.296356062337));
#3262 = CARTESIAN_POINT('',(0.415105938535,5.359323622958));
#3263 = CARTESIAN_POINT('',(0.415106910202,5.422288397545));
#3264 = CARTESIAN_POINT('',(0.415091166077,5.485254432615));
#3265 = CARTESIAN_POINT('',(0.415064330588,5.548223033771));
#3266 = CARTESIAN_POINT('',(0.415025124861,5.649254279309));
#3267 = CARTESIAN_POINT('',(0.415010690998,5.687319961925));
#3268 = CARTESIAN_POINT('',(0.415001810389,5.725385802891));
#3269 = CARTESIAN_POINT('',(0.415001334311,5.763451345852));
#3270 = CARTESIAN_POINT('',(0.41500974945,5.801516417679));
#3271 = CARTESIAN_POINT('',(0.415025177901,5.839581128473));
#3272 = CARTESIAN_POINT('',(0.415043377166,5.877645871564));
#3273 = CARTESIAN_POINT('',(0.415101757638,6.032368465433));
#3274 = CARTESIAN_POINT('',(0.41513228251,6.149173824496));
#3275 = CARTESIAN_POINT('',(0.415084397318,6.265898205856));
#3276 = CARTESIAN_POINT('',(0.414979286064,6.382570376529));
#3277 = CARTESIAN_POINT('',(0.414914861333,6.499240117166));
#3278 = CARTESIAN_POINT('',(0.41489444914,6.615957941305));
#3279 = CARTESIAN_POINT('',(0.414911573183,6.732760583267));
#3280 = CARTESIAN_POINT('',(0.414965815774,6.915922745251));
#3281 = CARTESIAN_POINT('',(0.414991240964,6.982434101314));
#3282 = CARTESIAN_POINT('',(0.41501897888,7.048941595242));
#3283 = CARTESIAN_POINT('',(0.415044800467,7.115444277192));
#3284 = CARTESIAN_POINT('',(0.4150652379,7.181946970824));
#3285 = CARTESIAN_POINT('',(0.415078422837,7.248454484262));
#3286 = CARTESIAN_POINT('',(0.415084190666,7.314965839076));
#3287 = CARTESIAN_POINT('',(0.415082705417,7.448454992167));
#3288 = CARTESIAN_POINT('',(0.415075372501,7.515450327197));
#3289 = CARTESIAN_POINT('',(0.415062318598,7.582441679906));
#3290 = CARTESIAN_POINT('',(0.415045749123,7.649428116234));
#3291 = CARTESIAN_POINT('',(0.415028279831,7.716414620652));
#3292 = CARTESIAN_POINT('',(0.415012235285,7.783406067502));
#3293 = CARTESIAN_POINT('',(0.414999174264,7.850401153524));
#3294 = CARTESIAN_POINT('',(0.414989642085,7.917386291573));
#3295 = ( GEOMETRIC_REPRESENTATION_CONTEXT(2) 
PARAMETRIC_REPRESENTATION_CONTEXT() REPRESENTATION_CONTEXT('2D SPACE',''
  ) );
#3296 = PCURVE('',#1931,#3297);
#3297 = DEFINITIONAL_REPRESENTATION('',(#3298),#3364);
#3298 = B_SPLINE_CURVE_WITH_KNOTS('',8,(#3299,#3300,#3301,#3302,#3303,
    #3304,#3305,#3306,#3307,#3308,#3309,#3310,#3311,#3312,#3313,#3314,
    #3315,#3316,#3317,#3318,#3319,#3320,#3321,#3322,#3323,#3324,#3325,
    #3326,#3327,#3328,#3329,#3330,#3331,#3332,#3333,#3334,#3335,#3336,
    #3337,#3338,#3339,#3340,#3341,#3342,#3343,#3344,#3345,#3346,#3347,
    #3348,#3349,#3350,#3351,#3352,#3353,#3354,#3355,#3356,#3357,#3358,
    #3359,#3360,#3361,#3362,#3363),.UNSPECIFIED.,.F.,.F.,(9,7,7,7,7,7,7,
    7,7,9),(0.,0.152977531161,0.305992303047,0.460213319627,
    0.556312521878,0.635867694432,0.683960766083,0.831349014436,
    0.915368891403,1.),.UNSPECIFIED.);
#3299 = CARTESIAN_POINT('',(-6.28318530718,-0.763701493971));
#3300 = CARTESIAN_POINT('',(-6.163080737484,-0.779000728845));
#3301 = CARTESIAN_POINT('',(-6.042802835837,-0.794301986932));
#3302 = CARTESIAN_POINT('',(-5.9226287044,-0.8095711934));
#3303 = CARTESIAN_POINT('',(-5.80251199625,-0.824828209538));
#3304 = CARTESIAN_POINT('',(-5.682394917609,-0.84010120891));
#3305 = CARTESIAN_POINT('',(-5.562220018505,-0.855397899354));
#3306 = CARTESIAN_POINT('',(-5.44194113155,-0.870717228777));
#3307 = CARTESIAN_POINT('',(-5.201703186878,-0.901319926469));
#3308 = CARTESIAN_POINT('',(-5.081396825258,-0.916647533104));
#3309 = CARTESIAN_POINT('',(-4.961194884496,-0.931957350638));
#3310 = CARTESIAN_POINT('',(-4.841050301438,-0.947248190612));
#3311 = CARTESIAN_POINT('',(-4.720905033461,-0.962529485671));
#3312 = CARTESIAN_POINT('',(-4.600702289565,-0.977823468708));
#3313 = CARTESIAN_POINT('',(-4.480394470405,-0.993142760441));
#3314 = CARTESIAN_POINT('',(-4.239182792554,-1.023878631767));
#3315 = CARTESIAN_POINT('',(-4.117918957865,-1.039341265737));
#3316 = CARTESIAN_POINT('',(-3.996764115998,-1.054799390141));
#3317 = CARTESIAN_POINT('',(-3.875669730768,-1.070250147212));
#3318 = CARTESIAN_POINT('',(-3.75457668782,-1.085679323218));
#3319 = CARTESIAN_POINT('',(-3.633425525409,-1.101081778316));
#3320 = CARTESIAN_POINT('',(-3.512165162992,-1.116479974032));
#3321 = CARTESIAN_POINT('',(-3.315635698275,-1.141437652507));
#3322 = CARTESIAN_POINT('',(-3.24016965897,-1.151021704082));
#3323 = CARTESIAN_POINT('',(-3.164711239629,-1.160609473465));
#3324 = CARTESIAN_POINT('',(-3.089262608033,-1.170206820241));
#3325 = CARTESIAN_POINT('',(-3.013814462969,-1.179818958896));
#3326 = CARTESIAN_POINT('',(-2.93835727273,-1.189446828569));
#3327 = CARTESIAN_POINT('',(-2.86289238841,-1.199085291596));
#3328 = CARTESIAN_POINT('',(-2.724982715679,-1.216701815521));
#3329 = CARTESIAN_POINT('',(-2.662511872257,-1.224682731354));
#3330 = CARTESIAN_POINT('',(-2.60004396895,-1.232660242002));
#3331 = CARTESIAN_POINT('',(-2.537581653127,-1.240627970964));
#3332 = CARTESIAN_POINT('',(-2.475121743455,-1.248581542674));
#3333 = CARTESIAN_POINT('',(-2.412659828626,-1.256520627029));
#3334 = CARTESIAN_POINT('',(-2.350194473629,-1.264450317349));
#3335 = CARTESIAN_POINT('',(-2.249970337452,-1.277176644661));
#3336 = CARTESIAN_POINT('',(-2.212209037682,-1.28197185714));
#3337 = CARTESIAN_POINT('',(-2.17444765201,-1.286771955701));
#3338 = CARTESIAN_POINT('',(-2.136686493412,-1.291579380799));
#3339 = CARTESIAN_POINT('',(-2.098925670119,-1.296394536841));
#3340 = CARTESIAN_POINT('',(-2.061165085609,-1.301215792187));
#3341 = CARTESIAN_POINT('',(-2.023404438614,-1.306039479149));
#3342 = CARTESIAN_POINT('',(-1.869918458261,-1.325632759929));
#3343 = CARTESIAN_POINT('',(-1.754048353477,-1.340412522334));
#3344 = CARTESIAN_POINT('',(-1.638262563391,-1.355113352987));
#3345 = CARTESIAN_POINT('',(-1.522526972645,-1.369757447419));
#3346 = CARTESIAN_POINT('',(-1.406792025582,-1.384436885635));
#3347 = CARTESIAN_POINT('',(-1.29100853582,-1.399160961826));
#3348 = CARTESIAN_POINT('',(-1.175140800246,-1.413928640857));
#3349 = CARTESIAN_POINT('',(-0.993445028978,-1.437110335776));
#3350 = CARTESIAN_POINT('',(-0.92746622851,-1.445533283294));
#3351 = CARTESIAN_POINT('',(-0.861491389662,-1.453957769434));
#3352 = CARTESIAN_POINT('',(-0.795521460432,-1.462379968645));
#3353 = CARTESIAN_POINT('',(-0.729551612137,-1.470797451603));
#3354 = CARTESIAN_POINT('',(-0.66357699992,-1.479209188522));
#3355 = CARTESIAN_POINT('',(-0.597598515675,-1.487614911591));
#3356 = CARTESIAN_POINT('',(-0.465178629647,-1.504473862337));
#3357 = CARTESIAN_POINT('',(-0.39871982943,-1.512929235025));
#3358 = CARTESIAN_POINT('',(-0.332264821985,-1.521379091881));
#3359 = CARTESIAN_POINT('',(-0.265814511442,-1.529825247358));
#3360 = CARTESIAN_POINT('',(-0.199363972399,-1.538270622994));
#3361 = CARTESIAN_POINT('',(-0.132908428564,-1.546717871273));
#3362 = CARTESIAN_POINT('',(-6.644925443085E-02,-1.555168193421));
#3363 = CARTESIAN_POINT('',(0.,-1.563620351149));
#3364 = ( GEOMETRIC_REPRESENTATION_CONTEXT(2) 
PARAMETRIC_REPRESENTATION_CONTEXT() REPRESENTATION_CONTEXT('2D SPACE',''
  ) );
#3365 = ORIENTED_EDGE('',*,*,#3366,.T.);
#3366 = EDGE_CURVE('',#3158,#3367,#3369,.T.);
#3367 = VERTEX_POINT('',#3368);
#3368 = CARTESIAN_POINT('',(2.402107907222E-16,12.5,20.336373544826));
#3369 = SURFACE_CURVE('',#3370,(#3450,#3533),.PCURVE_S1.);
#3370 = B_SPLINE_CURVE_WITH_KNOTS('',8,(#3371,#3372,#3373,#3374,#3375,
    #3376,#3377,#3378,#3379,#3380,#3381,#3382,#3383,#3384,#3385,#3386,
    #3387,#3388,#3389,#3390,#3391,#3392,#3393,#3394,#3395,#3396,#3397,
    #3398,#3399,#3400,#3401,#3402,#3403,#3404,#3405,#3406,#3407,#3408,
    #3409,#3410,#3411,#3412,#3413,#3414,#3415,#3416,#3417,#3418,#3419,
    #3420,#3421,#3422,#3423,#3424,#3425,#3426,#3427,#3428,#3429,#3430,
    #3431,#3432,#3433,#3434,#3435,#3436,#3437,#3438,#3439,#3440,#3441,
    #3442,#3443,#3444,#3445,#3446,#3447,#3448,#3449),.UNSPECIFIED.,.F.,
  .F.,(9,7,7,7,7,7,7,7,7,7,7,9),(0.,9.606060305074E-02,0.196777796043,
    0.277634194234,0.36727278174,0.457242786042,0.543071841175,
    0.612745318507,0.661963310654,0.751964818975,0.842318237231,1.),
  .UNSPECIFIED.);
#3371 = CARTESIAN_POINT('',(1.92774911047E-15,12.5,21.136379648851));
#3372 = CARTESIAN_POINT('',(-0.942921437552,12.5,21.126784693082));
#3373 = CARTESIAN_POINT('',(-1.88606780151,12.418710071066,
    21.117183515392));
#3374 = CARTESIAN_POINT('',(-2.82093278178,12.256066748049,
    21.10757836763));
#3375 = CARTESIAN_POINT('',(-3.739332477699,12.01313627231,
    21.097970230984));
#3376 = CARTESIAN_POINT('',(-4.633358945807,11.691911668428,
    21.08835970086));
#3377 = CARTESIAN_POINT('',(-5.495373492619,11.295241188743,
    21.07874775844));
#3378 = CARTESIAN_POINT('',(-6.318039712377,10.826888125747,
    21.0691364289));
#3379 = CARTESIAN_POINT('',(-7.908387133288,9.7306133897,21.049456514182
    ));
#3380 = CARTESIAN_POINT('',(-8.671868361725,9.095782304124,
    21.039383496066));
#3381 = CARTESIAN_POINT('',(-9.376716006122,8.392737292876,
    21.029315048963));
#3382 = CARTESIAN_POINT('',(-10.01590689915,7.627893122904,
    21.019250687613));
#3383 = CARTESIAN_POINT('',(-10.58333023687,6.808380830113,
    21.00918724609));
#3384 = CARTESIAN_POINT('',(-11.07372547915,5.941988423404,
    20.999120866232));
#3385 = CARTESIAN_POINT('',(-11.48276486401,5.037209365758,
    20.98904944823));
#3386 = CARTESIAN_POINT('',(-12.0678367485,3.353688616668,
    20.970890087662));
#3387 = CARTESIAN_POINT('',(-12.2740126388,2.584984673909,
    20.962799518821));
#3388 = CARTESIAN_POINT('',(-12.42414896456,1.802004111243,
    20.954706011093));
#3389 = CARTESIAN_POINT('',(-12.51713546255,1.00953833194,
    20.946609923289));
#3390 = CARTESIAN_POINT('',(-12.55235183171,0.212418144158,
    20.938511702311));
#3391 = CARTESIAN_POINT('',(-12.52964020048,-0.584493488223,
    20.930412425055));
#3392 = CARTESIAN_POINT('',(-12.44932737347,-1.376303920356,
    20.922314054071));
#3393 = CARTESIAN_POINT('',(-12.16038282042,-3.024786393835,
    20.905245562615));
#3394 = CARTESIAN_POINT('',(-11.9387189211,-3.879402681426,
    20.896273874109));
#3395 = CARTESIAN_POINT('',(-11.64845342142,-4.715169111158,
    20.887308568947));
#3396 = CARTESIAN_POINT('',(-11.29152225529,-5.525680143623,
    20.878351740971));
#3397 = CARTESIAN_POINT('',(-10.87052351628,-6.304841986181,
    20.86940301428));
#3398 = CARTESIAN_POINT('',(-10.38867367466,-7.046861520759,
    20.860460021612));
#3399 = CARTESIAN_POINT('',(-9.849845523964,-7.746275151673,
    20.851519697178));
#3400 = CARTESIAN_POINT('',(-8.665344529163,-9.05216965373,
    20.833608019849));
#3401 = CARTESIAN_POINT('',(-8.019073263139,-9.658529716645,
    20.824633497104));
#3402 = CARTESIAN_POINT('',(-7.324516262063,-10.21191671439,
    20.815655529233));
#3403 = CARTESIAN_POINT('',(-6.586794774922,-10.70789697654,
    20.806669478677));
#3404 = CARTESIAN_POINT('',(-5.811426696278,-11.14266859502,
    20.797671094694));
#3405 = CARTESIAN_POINT('',(-5.004293204339,-11.51302514501,
    20.788659144762));
#3406 = CARTESIAN_POINT('',(-4.171654437517,-11.81639874175,
    20.779636939485));
#3407 = CARTESIAN_POINT('',(-2.507962272375,-12.27476920221,
    20.762003908855));
#3408 = CARTESIAN_POINT('',(-1.678320605698,-12.43602944748,
    20.753390450949));
#3409 = CARTESIAN_POINT('',(-0.837111321505,-12.53311764396,
    20.744778857579));
#3410 = CARTESIAN_POINT('',(9.841767186496E-03,-12.56512902473,
    20.736177270646));
#3411 = CARTESIAN_POINT('',(0.856721449144,-12.53178487466,
    20.727591831535));
#3412 = CARTESIAN_POINT('',(1.697724419756,-12.43338849291,
    20.719023786135));
#3413 = CARTESIAN_POINT('',(2.527067587956,-12.27085182411,
    20.710467357043));
#3414 = CARTESIAN_POINT('',(3.998090628514,-11.86309649405,
    20.694960462018));
#3415 = CARTESIAN_POINT('',(4.645802759517,-11.63917422113,
    20.688015051525));
#3416 = CARTESIAN_POINT('',(5.279059828151,-11.37486807552,
    20.681044976669));
#3417 = CARTESIAN_POINT('',(5.894930061851,-11.07128670647,20.6740557232
    ));
#3418 = CARTESIAN_POINT('',(6.490606392961,-10.72977764978,
    20.667062163372));
#3419 = CARTESIAN_POINT('',(7.063403052512,-10.35191769761,
    20.660074922126));
#3420 = CARTESIAN_POINT('',(7.610762230399,-9.939521264508,
    20.653096383497));
#3421 = CARTESIAN_POINT('',(8.497256486778,-9.180417384534,
    20.64120263175));
#3422 = CARTESIAN_POINT('',(8.850324741601,-8.84998781059,
    20.636283739226));
#3423 = CARTESIAN_POINT('',(9.188670999316,-8.504076467538,
    20.631369525671));
#3424 = CARTESIAN_POINT('',(9.511523800253,-8.143432155876,
    20.626459231135));
#3425 = CARTESIAN_POINT('',(9.818146842362,-7.768855757872,
    20.621551755482));
#3426 = CARTESIAN_POINT('',(10.107843023752,-7.381203383821,
    20.616645931946));
#3427 = CARTESIAN_POINT('',(10.379960477589,-6.981390943574,
    20.611740788467));
#3428 = CARTESIAN_POINT('',(11.098263182679,-5.818849941575,
    20.597866380793));
#3429 = CARTESIAN_POINT('',(11.502005745196,-5.029656199982,
    20.588894406411));
#3430 = CARTESIAN_POINT('',(11.841432215629,-4.208720123274,
    20.579915486773));
#3431 = CARTESIAN_POINT('',(12.113698467626,-3.362196483297,
    20.570925360846));
#3432 = CARTESIAN_POINT('',(12.316678139871,-2.496446404,20.561922277884
    ));
#3433 = CARTESIAN_POINT('',(12.448918466897,-1.618015344817,
    20.552907957408));
#3434 = CARTESIAN_POINT('',(12.509686120569,-0.733636282456,
    20.54388712475));
#3435 = CARTESIAN_POINT('',(12.488478623695,1.036574148623,
    20.525808845084));
#3436 = CARTESIAN_POINT('',(12.40594072701,1.922703082525,20.51674838932
    ));
#3437 = CARTESIAN_POINT('',(12.251531563949,2.801087926424,
    20.507690588435));
#3438 = CARTESIAN_POINT('',(12.026160269968,3.664931622019,
    20.498639458569));
#3439 = CARTESIAN_POINT('',(11.731463034091,4.507648341024,
    20.489596335592));
#3440 = CARTESIAN_POINT('',(11.369754703601,5.322858853635,
    20.480560426932));
#3441 = CARTESIAN_POINT('',(10.944071883582,6.104413761354,
    20.471530278084));
#3442 = CARTESIAN_POINT('',(9.610567834896,8.141411978975,
    20.446757553986));
#3443 = CARTESIAN_POINT('',(8.578191754566,9.318526764704,20.43099672748
    ));
#3444 = CARTESIAN_POINT('',(7.382204007011,10.343422178906,
    20.415253941056));
#3445 = CARTESIAN_POINT('',(6.049737764209,11.19121717108,
    20.399504076587));
#3446 = CARTESIAN_POINT('',(4.610606023347,11.841691882863,
    20.383732190776));
#3447 = CARTESIAN_POINT('',(3.098044473062,12.28097760178,
    20.367944575756));
#3448 = CARTESIAN_POINT('',(1.547753115513,12.5,20.352143375227));
#3449 = CARTESIAN_POINT('',(-1.536146048678E-15,12.5,20.336373544826));
#3450 = PCURVE('',#2300,#3451);
#3451 = DEFINITIONAL_REPRESENTATION('',(#3452),#3532);
#3452 = B_SPLINE_CURVE_WITH_KNOTS('',8,(#3453,#3454,#3455,#3456,#3457,
    #3458,#3459,#3460,#3461,#3462,#3463,#3464,#3465,#3466,#3467,#3468,
    #3469,#3470,#3471,#3472,#3473,#3474,#3475,#3476,#3477,#3478,#3479,
    #3480,#3481,#3482,#3483,#3484,#3485,#3486,#3487,#3488,#3489,#3490,
    #3491,#3492,#3493,#3494,#3495,#3496,#3497,#3498,#3499,#3500,#3501,
    #3502,#3503,#3504,#3505,#3506,#3507,#3508,#3509,#3510,#3511,#3512,
    #3513,#3514,#3515,#3516,#3517,#3518,#3519,#3520,#3521,#3522,#3523,
    #3524,#3525,#3526,#3527,#3528,#3529,#3530,#3531),.UNSPECIFIED.,.F.,
  .F.,(9,7,7,7,7,7,7,7,7,7,7,9),(0.,9.606060305074E-02,0.196777796043,
    0.277634194234,0.36727278174,0.457242786042,0.543071841175,
    0.612745318507,0.661963310654,0.751964818975,0.842318237231,1.),
  .UNSPECIFIED.);
#3453 = CARTESIAN_POINT('',(0.414989642085,7.917386291573));
#3454 = CARTESIAN_POINT('',(0.414978821081,7.993428345866));
#3455 = CARTESIAN_POINT('',(0.414972529506,8.069488239094));
#3456 = CARTESIAN_POINT('',(0.414971778605,8.145541127065));
#3457 = CARTESIAN_POINT('',(0.414975754945,8.221584884377));
#3458 = CARTESIAN_POINT('',(0.414982442023,8.297628786142));
#3459 = CARTESIAN_POINT('',(0.414989366896,8.373682219665));
#3460 = CARTESIAN_POINT('',(0.414994471838,8.449743426084));
#3461 = CARTESIAN_POINT('',(0.414999878121,8.605519433069));
#3462 = CARTESIAN_POINT('',(0.414999901044,8.685271262405));
#3463 = CARTESIAN_POINT('',(0.414996300494,8.765012038541));
#3464 = CARTESIAN_POINT('',(0.414989400934,8.844743352697));
#3465 = CARTESIAN_POINT('',(0.414981398387,8.924475036279));
#3466 = CARTESIAN_POINT('',(0.414975332125,9.004216551468));
#3467 = CARTESIAN_POINT('',(0.414973549957,9.083968235732));
#3468 = CARTESIAN_POINT('',(0.414979511624,9.227701575764));
#3469 = CARTESIAN_POINT('',(0.414985447073,9.291716570033));
#3470 = CARTESIAN_POINT('',(0.414995099389,9.355729047624));
#3471 = CARTESIAN_POINT('',(0.415008277681,9.419737491946));
#3472 = CARTESIAN_POINT('',(0.415023936156,9.483745619655));
#3473 = CARTESIAN_POINT('',(0.4150402626,9.547757476405));
#3474 = CARTESIAN_POINT('',(0.415055083133,9.611772604806));
#3475 = CARTESIAN_POINT('',(0.41507933242,9.746742244668));
#3476 = CARTESIAN_POINT('',(0.41508797862,9.817714599675));
#3477 = CARTESIAN_POINT('',(0.415090114251,9.888681581031));
#3478 = CARTESIAN_POINT('',(0.415083506366,9.959642101598));
#3479 = CARTESIAN_POINT('',(0.415067615315,10.030602881195));
#3480 = CARTESIAN_POINT('',(0.415044190864,10.101570523637));
#3481 = CARTESIAN_POINT('',(0.41501694578,10.172543545287));
#3482 = CARTESIAN_POINT('',(0.41496356948,10.314727525207));
#3483 = CARTESIAN_POINT('',(0.41493748927,10.385963226558));
#3484 = CARTESIAN_POINT('',(0.414916153279,10.457193291958));
#3485 = CARTESIAN_POINT('',(0.414905071464,10.528416214549));
#3486 = CARTESIAN_POINT('',(0.414908099589,10.599638900649));
#3487 = CARTESIAN_POINT('',(0.414925622112,10.670868441863));
#3488 = CARTESIAN_POINT('',(0.41495399508,10.742103906465));
#3489 = CARTESIAN_POINT('',(0.415017018469,10.881274234728));
#3490 = CARTESIAN_POINT('',(0.41505121587,10.949233083976));
#3491 = CARTESIAN_POINT('',(0.415083877208,11.017187828271));
#3492 = CARTESIAN_POINT('',(0.41510607757,11.085135920024));
#3493 = CARTESIAN_POINT('',(0.415110140447,11.153081989608));
#3494 = CARTESIAN_POINT('',(0.415093877748,11.221031351326));
#3495 = CARTESIAN_POINT('',(0.415063860551,11.288984159339));
#3496 = CARTESIAN_POINT('',(0.41501650093,11.412086801966));
#3497 = CARTESIAN_POINT('',(0.414991948768,11.467246628681));
#3498 = CARTESIAN_POINT('',(0.414995573559,11.522406247364));
#3499 = CARTESIAN_POINT('',(0.415021463908,11.577563252524));
#3500 = CARTESIAN_POINT('',(0.415052495073,11.632718704703));
#3501 = CARTESIAN_POINT('',(0.415076021602,11.687876198844));
#3502 = CARTESIAN_POINT('',(0.415089055061,11.743037575864));
#3503 = CARTESIAN_POINT('',(0.415095661974,11.837159190573));
#3504 = CARTESIAN_POINT('',(0.41509342507,11.876119490417));
#3505 = CARTESIAN_POINT('',(0.415085972699,11.915078926573));
#3506 = CARTESIAN_POINT('',(0.415073883577,11.954039500929));
#3507 = CARTESIAN_POINT('',(0.415058255128,11.993002310361));
#3508 = CARTESIAN_POINT('',(0.415040435364,12.031967240936));
#3509 = CARTESIAN_POINT('',(0.415021790115,12.070932513566));
#3510 = CARTESIAN_POINT('',(0.414970070036,12.181140381403));
#3511 = CARTESIAN_POINT('',(0.414937765002,12.252399093046));
#3512 = CARTESIAN_POINT('',(0.414914237616,12.323651898263));
#3513 = CARTESIAN_POINT('',(0.414904566127,12.394897303998));
#3514 = CARTESIAN_POINT('',(0.414909747862,12.466142253135));
#3515 = CARTESIAN_POINT('',(0.414926798618,12.537393834319));
#3516 = CARTESIAN_POINT('',(0.41495046351,12.608651090429));
#3517 = CARTESIAN_POINT('',(0.415002717029,12.751421335365));
#3518 = CARTESIAN_POINT('',(0.41503127093,12.822958386575));
#3519 = CARTESIAN_POINT('',(0.415057567127,12.894490080902));
#3520 = CARTESIAN_POINT('',(0.415077233134,12.966014954499));
#3521 = CARTESIAN_POINT('',(0.415087763009,13.037539815382));
#3522 = CARTESIAN_POINT('',(0.415089081672,13.109071459438));
#3523 = CARTESIAN_POINT('',(0.415083068414,13.180608365178));
#3524 = CARTESIAN_POINT('',(0.415052792398,13.376953662726));
#3525 = CARTESIAN_POINT('',(0.41501830878,13.501977462813));
#3526 = CARTESIAN_POINT('',(0.414981126575,13.626877153702));
#3527 = CARTESIAN_POINT('',(0.414961253814,13.751712802118));
#3528 = CARTESIAN_POINT('',(0.414966445261,13.876548921989));
#3529 = CARTESIAN_POINT('',(0.414980132452,14.001450637221));
#3530 = CARTESIAN_POINT('',(0.414991561526,14.126475578815));
#3531 = CARTESIAN_POINT('',(0.414996564815,14.251296728561));
#3532 = ( GEOMETRIC_REPRESENTATION_CONTEXT(2) 
PARAMETRIC_REPRESENTATION_CONTEXT() REPRESENTATION_CONTEXT('2D SPACE',''
  ) );
#3533 = PCURVE('',#1710,#3534);
#3534 = DEFINITIONAL_REPRESENTATION('',(#3535),#3615);
#3535 = B_SPLINE_CURVE_WITH_KNOTS('',8,(#3536,#3537,#3538,#3539,#3540,
    #3541,#3542,#3543,#3544,#3545,#3546,#3547,#3548,#3549,#3550,#3551,
    #3552,#3553,#3554,#3555,#3556,#3557,#3558,#3559,#3560,#3561,#3562,
    #3563,#3564,#3565,#3566,#3567,#3568,#3569,#3570,#3571,#3572,#3573,
    #3574,#3575,#3576,#3577,#3578,#3579,#3580,#3581,#3582,#3583,#3584,
    #3585,#3586,#3587,#3588,#3589,#3590,#3591,#3592,#3593,#3594,#3595,
    #3596,#3597,#3598,#3599,#3600,#3601,#3602,#3603,#3604,#3605,#3606,
    #3607,#3608,#3609,#3610,#3611,#3612,#3613,#3614),.UNSPECIFIED.,.F.,
  .F.,(9,7,7,7,7,7,7,7,7,7,7,9),(0.,9.606060305074E-02,0.196777796043,
    0.277634194234,0.36727278174,0.457242786042,0.543071841175,
    0.612745318507,0.661963310654,0.751964818975,0.842318237231,1.),
  .UNSPECIFIED.);
#3536 = CARTESIAN_POINT('',(-6.28318530718,-1.563620351149));
#3537 = CARTESIAN_POINT('',(-6.207751592175,-1.573215306918));
#3538 = CARTESIAN_POINT('',(-6.132300247779,-1.582816484608));
#3539 = CARTESIAN_POINT('',(-6.056856025841,-1.59242163237));
#3540 = CARTESIAN_POINT('',(-5.98142113731,-1.602029769016));
#3541 = CARTESIAN_POINT('',(-5.905986428602,-1.61164029914));
#3542 = CARTESIAN_POINT('',(-5.830542559933,-1.62125224156));
#3543 = CARTESIAN_POINT('',(-5.755091185583,-1.6308635711));
#3544 = CARTESIAN_POINT('',(-5.600564331661,-1.650543485818));
#3545 = CARTESIAN_POINT('',(-5.521452129525,-1.660616503934));
#3546 = CARTESIAN_POINT('',(-5.442350871199,-1.670684951037));
#3547 = CARTESIAN_POINT('',(-5.363258823624,-1.680749312387));
#3548 = CARTESIAN_POINT('',(-5.284166106181,-1.69081275391));
#3549 = CARTESIAN_POINT('',(-5.205063282454,-1.700879133768));
#3550 = CARTESIAN_POINT('',(-5.12595006217,-1.71095055177));
#3551 = CARTESIAN_POINT('',(-4.983367006287,-1.729109912338));
#3552 = CARTESIAN_POINT('',(-4.919864177291,-1.737200481179));
#3553 = CARTESIAN_POINT('',(-4.856363749383,-1.745293988907));
#3554 = CARTESIAN_POINT('',(-4.792867297468,-1.753390076711));
#3555 = CARTESIAN_POINT('',(-4.729371208559,-1.761488297689));
#3556 = CARTESIAN_POINT('',(-4.665871529471,-1.769587574945));
#3557 = CARTESIAN_POINT('',(-4.602368747387,-1.777685945929));
#3558 = CARTESIAN_POINT('',(-4.468479636968,-1.794754437385));
#3559 = CARTESIAN_POINT('',(-4.398075639724,-1.803726125891));
#3560 = CARTESIAN_POINT('',(-4.327677150697,-1.812691431053));
#3561 = CARTESIAN_POINT('',(-4.257285196349,-1.821648259029));
#3562 = CARTESIAN_POINT('',(-4.186893021084,-1.83059698572));
#3563 = CARTESIAN_POINT('',(-4.116493975356,-1.839539978388));
#3564 = CARTESIAN_POINT('',(-4.04608946127,-1.848480302822));
#3565 = CARTESIAN_POINT('',(-3.90504415094,-1.866391980151));
#3566 = CARTESIAN_POINT('',(-3.834378808825,-1.875366502896));
#3567 = CARTESIAN_POINT('',(-3.763718927141,-1.884344470767));
#3568 = CARTESIAN_POINT('',(-3.693066068698,-1.893330521323));
#3569 = CARTESIAN_POINT('',(-3.622413524379,-1.902328905306));
#3570 = CARTESIAN_POINT('',(-3.55175443192,-1.911340855238));
#3571 = CARTESIAN_POINT('',(-3.481089830437,-1.920363060515));
#3572 = CARTESIAN_POINT('',(-3.343035346134,-1.937996091145));
#3573 = CARTESIAN_POINT('',(-3.275621654334,-1.946609549051));
#3574 = CARTESIAN_POINT('',(-3.208212214676,-1.955221142421));
#3575 = CARTESIAN_POINT('',(-3.140809430229,-1.963822729354));
#3576 = CARTESIAN_POINT('',(-3.073408316375,-1.972408168465));
#3577 = CARTESIAN_POINT('',(-3.006003058452,-1.980976213865));
#3578 = CARTESIAN_POINT('',(-2.938593278404,-1.989532642957));
#3579 = CARTESIAN_POINT('',(-2.816474039755,-2.005039537982));
#3580 = CARTESIAN_POINT('',(-2.761754840273,-2.011984948475));
#3581 = CARTESIAN_POINT('',(-2.70703728171,-2.018955023331));
#3582 = CARTESIAN_POINT('',(-2.652321644812,-2.0259442768));
#3583 = CARTESIAN_POINT('',(-2.597605954716,-2.032937836628));
#3584 = CARTESIAN_POINT('',(-2.542888286908,-2.039925077874));
#3585 = CARTESIAN_POINT('',(-2.488169045786,-2.046903616503));
#3586 = CARTESIAN_POINT('',(-2.394801444821,-2.05879736825));
#3587 = CARTESIAN_POINT('',(-2.356153464807,-2.063716260774));
#3588 = CARTESIAN_POINT('',(-2.317506503184,-2.068630474329));
#3589 = CARTESIAN_POINT('',(-2.278858507039,-2.073540768865));
#3590 = CARTESIAN_POINT('',(-2.240208322075,-2.078448244518));
#3591 = CARTESIAN_POINT('',(-2.201556009471,-2.083354068054));
#3592 = CARTESIAN_POINT('',(-2.162903300669,-2.088259211533));
#3593 = CARTESIAN_POINT('',(-2.053579258081,-2.102133619207));
#3594 = CARTESIAN_POINT('',(-1.982891759788,-2.111105593589));
#3595 = CARTESIAN_POINT('',(-1.912209732719,-2.120084513227));
#3596 = CARTESIAN_POINT('',(-1.841534736522,-2.129074639154));
#3597 = CARTESIAN_POINT('',(-1.770860047644,-2.138077722116));
#3598 = CARTESIAN_POINT('',(-1.700178791788,-2.147092042592));
#3599 = CARTESIAN_POINT('',(-1.629492014166,-2.15611287525));
#3600 = CARTESIAN_POINT('',(-1.487865017232,-2.174191154916));
#3601 = CARTESIAN_POINT('',(-1.416900929617,-2.18325161068));
#3602 = CARTESIAN_POINT('',(-1.345942307366,-2.192309411565));
#3603 = CARTESIAN_POINT('',(-1.274990547774,-2.201360541431));
#3604 = CARTESIAN_POINT('',(-1.204038801661,-2.210403664408));
#3605 = CARTESIAN_POINT('',(-1.133080229019,-2.219439573068));
#3606 = CARTESIAN_POINT('',(-1.062116271397,-2.228469721916));
#3607 = CARTESIAN_POINT('',(-0.867343052927,-2.253242446014));
#3608 = CARTESIAN_POINT('',(-0.743319749917,-2.26900327252));
#3609 = CARTESIAN_POINT('',(-0.619418965633,-2.284746058943));
#3610 = CARTESIAN_POINT('',(-0.495581451078,-2.300495923414));
#3611 = CARTESIAN_POINT('',(-0.371744195041,-2.316267809224));
#3612 = CARTESIAN_POINT('',(-0.247842956127,-2.332055424244));
#3613 = CARTESIAN_POINT('',(-0.123820249241,-2.347856624773));
#3614 = CARTESIAN_POINT('',(0.,-2.363626455174));
#3615 = ( GEOMETRIC_REPRESENTATION_CONTEXT(2) 
PARAMETRIC_REPRESENTATION_CONTEXT() REPRESENTATION_CONTEXT('2D SPACE',''
  ) );
#3616 = ORIENTED_EDGE('',*,*,#3617,.T.);
#3617 = EDGE_CURVE('',#3367,#3618,#3620,.T.);
#3618 = VERTEX_POINT('',#3619);
#3619 = CARTESIAN_POINT('',(3.290266444576E-16,12.5,19.536391453252));
#3620 = SURFACE_CURVE('',#3621,(#3687,#3756),.PCURVE_S1.);
#3621 = B_SPLINE_CURVE_WITH_KNOTS('',8,(#3622,#3623,#3624,#3625,#3626,
    #3627,#3628,#3629,#3630,#3631,#3632,#3633,#3634,#3635,#3636,#3637,
    #3638,#3639,#3640,#3641,#3642,#3643,#3644,#3645,#3646,#3647,#3648,
    #3649,#3650,#3651,#3652,#3653,#3654,#3655,#3656,#3657,#3658,#3659,
    #3660,#3661,#3662,#3663,#3664,#3665,#3666,#3667,#3668,#3669,#3670,
    #3671,#3672,#3673,#3674,#3675,#3676,#3677,#3678,#3679,#3680,#3681,
    #3682,#3683,#3684,#3685,#3686),.UNSPECIFIED.,.F.,.F.,(9,7,7,7,7,7,7,
    7,7,9),(0.,0.118110734457,0.219450156875,0.373645490758,
    0.449559950504,0.526659222593,0.64418309325,0.741544000797,
    0.846556596478,1.),.UNSPECIFIED.);
#3622 = CARTESIAN_POINT('',(-1.536146048678E-15,12.5,20.336373544826));
#3623 = CARTESIAN_POINT('',(-1.159218679697,12.5,20.324562435035));
#3624 = CARTESIAN_POINT('',(-2.319053123035,12.3771393091,
    20.312748180004));
#3625 = CARTESIAN_POINT('',(-3.463378942284,12.131190336887,
    20.300941722555));
#3626 = CARTESIAN_POINT('',(-4.577021701771,11.764727614739,
    20.289141886121));
#3627 = CARTESIAN_POINT('',(-5.645519591099,11.282235081721,
    20.277342496114));
#3628 = CARTESIAN_POINT('',(-6.655184593326,10.690185512166,
    20.265536085788));
#3629 = CARTESIAN_POINT('',(-7.593103712765,9.996928996445,
    20.253719537277));
#3630 = CARTESIAN_POINT('',(-9.18066839029,8.541346671889,
    20.231763847808));
#3631 = CARTESIAN_POINT('',(-9.852860118258,7.802325446795,
    20.221617528168));
#3632 = CARTESIAN_POINT('',(-10.45669464931,7.003156989908,
    20.211468329445));
#3633 = CARTESIAN_POINT('',(-10.98599576067,6.151308572001,
    20.20131788054));
#3634 = CARTESIAN_POINT('',(-11.43561803589,5.254840971331,
    20.191168711831));
#3635 = CARTESIAN_POINT('',(-11.80137261915,4.322355926838,
    20.181023903524));
#3636 = CARTESIAN_POINT('',(-12.0801171479,3.363033758565,
    20.170886209645));
#3637 = CARTESIAN_POINT('',(-12.55898245138,0.901222160019,
    20.145353056463));
#3638 = CARTESIAN_POINT('',(-12.64284424315,-0.626564543776,
    20.129942440414));
#3639 = CARTESIAN_POINT('',(-12.51335199847,-2.160034966749,
    20.114566655342));
#3640 = CARTESIAN_POINT('',(-12.17217002369,-3.664746769332,
    20.099208787871));
#3641 = CARTESIAN_POINT('',(-11.62587236596,-5.107655909267,
    20.083828857117));
#3642 = CARTESIAN_POINT('',(-10.88726915958,-6.457641713378,
    20.068382806794));
#3643 = CARTESIAN_POINT('',(-9.973903639846,-7.685156830528,
    20.052891808837));
#3644 = CARTESIAN_POINT('',(-8.390384813158,-9.295515033439,
    20.029811648429));
#3645 = CARTESIAN_POINT('',(-7.831731202558,-9.791244770643,
    20.022197286824));
#3646 = CARTESIAN_POINT('',(-7.239725813313,-10.24847532446,
    20.014587545382));
#3647 = CARTESIAN_POINT('',(-6.617490845341,-10.66460994261,
    20.006987590688));
#3648 = CARTESIAN_POINT('',(-5.968349591596,-11.03737504617,
    19.999400617102));
#3649 = CARTESIAN_POINT('',(-5.295813903029,-11.36480604317,
    19.991826174521));
#3650 = CARTESIAN_POINT('',(-4.603589779456,-11.6452621099,
    19.984259250153));
#3651 = CARTESIAN_POINT('',(-3.17656267035,-12.11330188475,
    19.96900282522));
#3652 = CARTESIAN_POINT('',(-2.441142298095,-12.2994077363,
    19.96131192411));
#3653 = CARTESIAN_POINT('',(-1.693450286059,-12.43442183199,
    19.953617009712));
#3654 = CARTESIAN_POINT('',(-0.937638449195,-12.51743840867,
    19.945837778345));
#3655 = CARTESIAN_POINT('',(-0.17789204594,-12.54794737292,
    19.938133467145));
#3656 = CARTESIAN_POINT('',(0.581572483668,-12.52582867681,
    19.930393415202));
#3657 = CARTESIAN_POINT('',(1.33651231043,-12.45135982534,
    19.922680479868));
#3658 = CARTESIAN_POINT('',(3.220017356283,-12.13309579834,
    19.903232574442));
#3659 = CARTESIAN_POINT('',(4.337738690341,-11.82085704991,
    19.891506856789));
#3660 = CARTESIAN_POINT('',(5.420109845166,-11.39098102409,
    19.879804925256));
#3661 = CARTESIAN_POINT('',(6.45278333893,-10.84844595803,
    19.868103789304));
#3662 = CARTESIAN_POINT('',(7.422427937666,-10.19997230855,
    19.856380568223));
#3663 = CARTESIAN_POINT('',(8.316795811092,-9.454074892132,
    19.844631536772));
#3664 = CARTESIAN_POINT('',(9.124690714579,-8.620942237798,
    19.832861155958));
#3665 = CARTESIAN_POINT('',(10.426156217856,-6.961212636144,
    19.811333152278));
#3666 = CARTESIAN_POINT('',(10.950265559153,-6.157516529884,
    19.801570220529));
#3667 = CARTESIAN_POINT('',(11.403296931557,-5.309049473236,
    19.791806300793));
#3668 = CARTESIAN_POINT('',(11.780884361514,-4.423204238633,
    19.78204754508));
#3669 = CARTESIAN_POINT('',(12.079607408617,-3.507746912947,
    19.772297005616));
#3670 = CARTESIAN_POINT('',(12.296928109009,-2.570776907795,
    19.762554850167));
#3671 = CARTESIAN_POINT('',(12.431267150417,-1.620738616138,
    19.752820100023));
#3672 = CARTESIAN_POINT('',(12.537175784393,0.362764925188,
    19.732603289044));
#3673 = CARTESIAN_POINT('',(12.49515550761,1.397523564853,
    19.722116493622));
#3674 = CARTESIAN_POINT('',(12.355460576394,2.426633457697,
    19.711635809726));
#3675 = CARTESIAN_POINT('',(12.119063446385,3.439340999567,
    19.701156445091));
#3676 = CARTESIAN_POINT('',(11.788259532336,4.425256205587,
    19.690672828595));
#3677 = CARTESIAN_POINT('',(11.366553355238,5.374332267904,
    19.680181530545));
#3678 = CARTESIAN_POINT('',(10.858766114255,6.276907929695,
    19.669682907177));
#3679 = CARTESIAN_POINT('',(9.413029555534,8.361406995629,
    19.643842092972));
#3680 = CARTESIAN_POINT('',(8.383044517651,9.482574398912,
    19.628469613296));
#3681 = CARTESIAN_POINT('',(7.201549863547,10.456465861755,
    19.613106748273));
#3682 = CARTESIAN_POINT('',(5.893919998624,11.26059109614,
    19.597757493705));
#3683 = CARTESIAN_POINT('',(4.487934676372,11.876802262914,
    19.582422988411));
#3684 = CARTESIAN_POINT('',(3.014337485547,12.29261627106,19.56708664139
    ));
#3685 = CARTESIAN_POINT('',(1.506069395928,12.5,19.551732376998));
#3686 = CARTESIAN_POINT('',(7.434454002059E-15,12.5,19.536391453252));
#3687 = PCURVE('',#2300,#3688);
#3688 = DEFINITIONAL_REPRESENTATION('',(#3689),#3755);
#3689 = B_SPLINE_CURVE_WITH_KNOTS('',8,(#3690,#3691,#3692,#3693,#3694,
    #3695,#3696,#3697,#3698,#3699,#3700,#3701,#3702,#3703,#3704,#3705,
    #3706,#3707,#3708,#3709,#3710,#3711,#3712,#3713,#3714,#3715,#3716,
    #3717,#3718,#3719,#3720,#3721,#3722,#3723,#3724,#3725,#3726,#3727,
    #3728,#3729,#3730,#3731,#3732,#3733,#3734,#3735,#3736,#3737,#3738,
    #3739,#3740,#3741,#3742,#3743,#3744,#3745,#3746,#3747,#3748,#3749,
    #3750,#3751,#3752,#3753,#3754),.UNSPECIFIED.,.F.,.F.,(9,7,7,7,7,7,7,
    7,7,9),(0.,0.118110734457,0.219450156875,0.373645490758,
    0.449559950504,0.526659222593,0.64418309325,0.741544000797,
    0.846556596478,1.),.UNSPECIFIED.);
#3690 = CARTESIAN_POINT('',(0.414996564815,14.251296728561));
#3691 = CARTESIAN_POINT('',(0.415000312121,14.344783866114));
#3692 = CARTESIAN_POINT('',(0.415000473528,14.438320782213));
#3693 = CARTESIAN_POINT('',(0.414995374306,14.531832456642));
#3694 = CARTESIAN_POINT('',(0.414985630938,14.625323928183));
#3695 = CARTESIAN_POINT('',(0.414975482944,14.718814672643));
#3696 = CARTESIAN_POINT('',(0.414970644462,14.812324166325));
#3697 = CARTESIAN_POINT('',(0.414973740234,14.905858885822));
#3698 = CARTESIAN_POINT('',(0.414993026774,15.079556795138));
#3699 = CARTESIAN_POINT('',(0.41500730651,15.159790078748));
#3700 = CARTESIAN_POINT('',(0.415026519338,15.240011934847));
#3701 = CARTESIAN_POINT('',(0.415048559774,15.320224073124));
#3702 = CARTESIAN_POINT('',(0.415069054217,15.400436800599));
#3703 = CARTESIAN_POINT('',(0.415083056481,15.480660043286));
#3704 = CARTESIAN_POINT('',(0.415087339871,15.560894381027));
#3705 = CARTESIAN_POINT('',(0.415072825537,15.763150944289));
#3706 = CARTESIAN_POINT('',(0.41504076276,15.885385195222));
#3707 = CARTESIAN_POINT('',(0.414984241192,16.007513353411));
#3708 = CARTESIAN_POINT('',(0.414916217528,16.129579443762));
#3709 = CARTESIAN_POINT('',(0.414873870897,16.251642086938));
#3710 = CARTESIAN_POINT('',(0.414898788878,16.373761588377));
#3711 = CARTESIAN_POINT('',(0.41495895868,16.495992407647));
#3712 = CARTESIAN_POINT('',(0.415044631192,16.678132652853));
#3713 = CARTESIAN_POINT('',(0.415072141918,16.73822765744));
#3714 = CARTESIAN_POINT('',(0.415094714573,16.798320340244));
#3715 = CARTESIAN_POINT('',(0.415106596231,16.858409705177));
#3716 = CARTESIAN_POINT('',(0.415103766808,16.918498349485));
#3717 = CARTESIAN_POINT('',(0.41508634466,16.978589014837));
#3718 = CARTESIAN_POINT('',(0.41506009698,17.038681378974));
#3719 = CARTESIAN_POINT('',(0.415013653377,17.159794597923));
#3720 = CARTESIAN_POINT('',(0.414993849992,17.220823827414));
#3721 = CARTESIAN_POINT('',(0.414977520211,17.281860672353));
#3722 = CARTESIAN_POINT('',(0.41506041449,17.342876835699));
#3723 = CARTESIAN_POINT('',(0.415055838875,17.403906576716));
#3724 = CARTESIAN_POINT('',(0.415092339528,17.464934359448));
#3725 = CARTESIAN_POINT('',(0.415097193354,17.52596698905));
#3726 = CARTESIAN_POINT('',(0.41508642672,17.68001829764));
#3727 = CARTESIAN_POINT('',(0.415051886322,17.7730949752));
#3728 = CARTESIAN_POINT('',(0.414993494119,17.866148794686));
#3729 = CARTESIAN_POINT('',(0.414937152864,17.959182084523));
#3730 = CARTESIAN_POINT('',(0.414906248773,18.052213762536));
#3731 = CARTESIAN_POINT('',(0.414902224029,18.145263318785));
#3732 = CARTESIAN_POINT('',(0.414918904987,18.238338263142));
#3733 = CARTESIAN_POINT('',(0.414969609814,18.408432053472));
#3734 = CARTESIAN_POINT('',(0.4150001964,18.485516777552));
#3735 = CARTESIAN_POINT('',(0.415033036451,18.562593691118));
#3736 = CARTESIAN_POINT('',(0.415061382536,18.639660895755));
#3737 = CARTESIAN_POINT('',(0.415080319542,18.716728323685));
#3738 = CARTESIAN_POINT('',(0.415088246842,18.79380575073));
#3739 = CARTESIAN_POINT('',(0.415086622408,18.870890811154));
#3740 = CARTESIAN_POINT('',(0.415068635305,19.03107992527));
#3741 = CARTESIAN_POINT('',(0.415051146181,19.11422927918));
#3742 = CARTESIAN_POINT('',(0.415028700987,19.197364627917));
#3743 = CARTESIAN_POINT('',(0.415006513487,19.28048774385));
#3744 = CARTESIAN_POINT('',(0.414989193176,19.363610757884));
#3745 = CARTESIAN_POINT('',(0.414978898932,19.446745847235));
#3746 = CARTESIAN_POINT('',(0.414974951931,19.529894900608));
#3747 = CARTESIAN_POINT('',(0.414976534294,19.73447566724));
#3748 = CARTESIAN_POINT('',(0.414987258468,19.856111150394));
#3749 = CARTESIAN_POINT('',(0.415002169519,19.977641464034));
#3750 = CARTESIAN_POINT('',(0.415009804662,20.099114493382));
#3751 = CARTESIAN_POINT('',(0.415000620386,20.220587429079));
#3752 = CARTESIAN_POINT('',(0.414985295938,20.342117543463));
#3753 = CARTESIAN_POINT('',(0.41497526422,20.463752799951));
#3754 = CARTESIAN_POINT('',(0.414975586657,20.585210603865));
#3755 = ( GEOMETRIC_REPRESENTATION_CONTEXT(2) 
PARAMETRIC_REPRESENTATION_CONTEXT() REPRESENTATION_CONTEXT('2D SPACE',''
  ) );
#3756 = PCURVE('',#1475,#3757);
#3757 = DEFINITIONAL_REPRESENTATION('',(#3758),#3824);
#3758 = B_SPLINE_CURVE_WITH_KNOTS('',8,(#3759,#3760,#3761,#3762,#3763,
    #3764,#3765,#3766,#3767,#3768,#3769,#3770,#3771,#3772,#3773,#3774,
    #3775,#3776,#3777,#3778,#3779,#3780,#3781,#3782,#3783,#3784,#3785,
    #3786,#3787,#3788,#3789,#3790,#3791,#3792,#3793,#3794,#3795,#3796,
    #3797,#3798,#3799,#3800,#3801,#3802,#3803,#3804,#3805,#3806,#3807,
    #3808,#3809,#3810,#3811,#3812,#3813,#3814,#3815,#3816,#3817,#3818,
    #3819,#3820,#3821,#3822,#3823),.UNSPECIFIED.,.F.,.F.,(9,7,7,7,7,7,7,
    7,7,9),(0.,0.118110734457,0.219450156875,0.373645490758,
    0.449559950504,0.526659222593,0.64418309325,0.741544000797,
    0.846556596478,1.),.UNSPECIFIED.);
#3759 = CARTESIAN_POINT('',(-6.28318530718,-2.363626455174));
#3760 = CARTESIAN_POINT('',(-6.190447812804,-2.375437564965));
#3761 = CARTESIAN_POINT('',(-6.097661106988,-2.387251819996));
#3762 = CARTESIAN_POINT('',(-6.004899409469,-2.399058277446));
#3763 = CARTESIAN_POINT('',(-5.912157467126,-2.410858113878));
#3764 = CARTESIAN_POINT('',(-5.819415745731,-2.422657503886));
#3765 = CARTESIAN_POINT('',(-5.72665491663,-2.434463914212));
#3766 = CARTESIAN_POINT('',(-5.633868703199,-2.446280462723));
#3767 = CARTESIAN_POINT('',(-5.461560486167,-2.468236152192));
#3768 = CARTESIAN_POINT('',(-5.38196899451,-2.478382471832));
#3769 = CARTESIAN_POINT('',(-5.302388833547,-2.488531670555));
#3770 = CARTESIAN_POINT('',(-5.222818454453,-2.49868211946));
#3771 = CARTESIAN_POINT('',(-5.143247746922,-2.508831288169));
#3772 = CARTESIAN_POINT('',(-5.063666888384,-2.518976096476));
#3773 = CARTESIAN_POINT('',(-4.984075225938,-2.529113790355));
#3774 = CARTESIAN_POINT('',(-4.783438984735,-2.554646943537));
#3775 = CARTESIAN_POINT('',(-4.662184213878,-2.570057559587));
#3776 = CARTESIAN_POINT('',(-4.541034523428,-2.585433344658));
#3777 = CARTESIAN_POINT('',(-4.419945828787,-2.60079121213));
#3778 = CARTESIAN_POINT('',(-4.298859454363,-2.616171142883));
#3779 = CARTESIAN_POINT('',(-4.177717332764,-2.631617193206));
#3780 = CARTESIAN_POINT('',(-4.056466261672,-2.647108191163));
#3781 = CARTESIAN_POINT('',(-3.875786914032,-2.670188351571));
#3782 = CARTESIAN_POINT('',(-3.816174073085,-2.677802713176));
#3783 = CARTESIAN_POINT('',(-3.756563580683,-2.685412454618));
#3784 = CARTESIAN_POINT('',(-3.696956268953,-2.693012409312));
#3785 = CARTESIAN_POINT('',(-3.637349273773,-2.700599382898));
#3786 = CARTESIAN_POINT('',(-3.577739554784,-2.708173825479));
#3787 = CARTESIAN_POINT('',(-3.518127363767,-2.715740749847));
#3788 = CARTESIAN_POINT('',(-3.397981649544,-2.73099717478));
#3789 = CARTESIAN_POINT('',(-3.337438114531,-2.73868807589));
#3790 = CARTESIAN_POINT('',(-3.276897468048,-2.746382990288));
#3791 = CARTESIAN_POINT('',(-3.216359597282,-2.754162221655));
#3792 = CARTESIAN_POINT('',(-3.155821620301,-2.761866532855));
#3793 = CARTESIAN_POINT('',(-3.095280796488,-2.769606584798));
#3794 = CARTESIAN_POINT('',(-3.034737192672,-2.777319520132));
#3795 = CARTESIAN_POINT('',(-2.881920790439,-2.796767425558));
#3796 = CARTESIAN_POINT('',(-2.789591135418,-2.808493143211));
#3797 = CARTESIAN_POINT('',(-2.697284281775,-2.820195074745));
#3798 = CARTESIAN_POINT('',(-2.604996827251,-2.831896210695));
#3799 = CARTESIAN_POINT('',(-2.512710201864,-2.843619431777));
#3800 = CARTESIAN_POINT('',(-2.420405483082,-2.855368463228));
#3801 = CARTESIAN_POINT('',(-2.328075559739,-2.867138844042));
#3802 = CARTESIAN_POINT('',(-2.159343539175,-2.888666847722));
#3803 = CARTESIAN_POINT('',(-2.08287604603,-2.898429779471));
#3804 = CARTESIAN_POINT('',(-2.006416493567,-2.908193699207));
#3805 = CARTESIAN_POINT('',(-1.92996675245,-2.91795245492));
#3806 = CARTESIAN_POINT('',(-1.853516875483,-2.927702994384));
#3807 = CARTESIAN_POINT('',(-1.777057032822,-2.937445149833));
#3808 = CARTESIAN_POINT('',(-1.700589457265,-2.947179899977));
#3809 = CARTESIAN_POINT('',(-1.54168313644,-2.967396710956));
#3810 = CARTESIAN_POINT('',(-1.459199420177,-2.977883506378));
#3811 = CARTESIAN_POINT('',(-1.376729327515,-2.988364190274));
#3812 = CARTESIAN_POINT('',(-1.294271130384,-2.998843554909));
#3813 = CARTESIAN_POINT('',(-1.211812938581,-3.009327171405));
#3814 = CARTESIAN_POINT('',(-1.129342859736,-3.019818469455));
#3815 = CARTESIAN_POINT('',(-1.046859160262,-3.030317092823));
#3816 = CARTESIAN_POINT('',(-0.843916164473,-3.056157907028));
#3817 = CARTESIAN_POINT('',(-0.723255065906,-3.071530386704));
#3818 = CARTESIAN_POINT('',(-0.602699125079,-3.086893251727));
#3819 = CARTESIAN_POINT('',(-0.482200719125,-3.102242506295));
#3820 = CARTESIAN_POINT('',(-0.361702363825,-3.117577011588));
#3821 = CARTESIAN_POINT('',(-0.241146526488,-3.13291335861));
#3822 = CARTESIAN_POINT('',(-0.120485551674,-3.148267623002));
#3823 = CARTESIAN_POINT('',(0.,-3.163608546748));
#3824 = ( GEOMETRIC_REPRESENTATION_CONTEXT(2) 
PARAMETRIC_REPRESENTATION_CONTEXT() REPRESENTATION_CONTEXT('2D SPACE',''
  ) );
#3825 = ORIENTED_EDGE('',*,*,#3826,.T.);
#3826 = EDGE_CURVE('',#3618,#3827,#3829,.T.);
#3827 = VERTEX_POINT('',#3828);
#3828 = CARTESIAN_POINT('',(4.178536664067E-16,12.5,18.736308767351));
#3829 = SURFACE_CURVE('',#3830,(#3896,#3965),.PCURVE_S1.);
#3830 = B_SPLINE_CURVE_WITH_KNOTS('',8,(#3831,#3832,#3833,#3834,#3835,
    #3836,#3837,#3838,#3839,#3840,#3841,#3842,#3843,#3844,#3845,#3846,
    #3847,#3848,#3849,#3850,#3851,#3852,#3853,#3854,#3855,#3856,#3857,
    #3858,#3859,#3860,#3861,#3862,#3863,#3864,#3865,#3866,#3867,#3868,
    #3869,#3870,#3871,#3872,#3873,#3874,#3875,#3876,#3877,#3878,#3879,
    #3880,#3881,#3882,#3883,#3884,#3885,#3886,#3887,#3888,#3889,#3890,
    #3891,#3892,#3893,#3894,#3895),.UNSPECIFIED.,.F.,.F.,(9,7,7,7,7,7,7,
    7,7,9),(0.,0.125802929888,0.277692554759,0.355923330343,
    0.433622848504,0.574886453916,0.664301732837,0.757838738705,
    0.875137860467,1.),.UNSPECIFIED.);
#3831 = CARTESIAN_POINT('',(7.434454002059E-15,12.5,19.536391453252));
#3832 = CARTESIAN_POINT('',(-1.234687222386,12.5,19.523814846503));
#3833 = CARTESIAN_POINT('',(-2.470202057993,12.360621273764,
    19.51122377526));
#3834 = CARTESIAN_POINT('',(-3.686910293733,12.081538882571,
    19.498628691283));
#3835 = CARTESIAN_POINT('',(-4.866512740191,11.666123891038,
    19.486028304889));
#3836 = CARTESIAN_POINT('',(-5.991644581937,11.120122900461,
    19.473424380816));
#3837 = CARTESIAN_POINT('',(-7.046006397314,10.451828408659,
    19.460823743983));
#3838 = CARTESIAN_POINT('',(-8.014318085204,9.671874430172,
    19.44823154316));
#3839 = CARTESIAN_POINT('',(-9.931790214466,7.73509964435,
    19.420484812704));
#3840 = CARTESIAN_POINT('',(-10.83771762834,6.53126872188,
    19.405306128502));
#3841 = CARTESIAN_POINT('',(-11.57493293571,5.207623072417,
    19.390160531501));
#3842 = CARTESIAN_POINT('',(-12.12635528137,3.792319754834,
    19.375032162055));
#3843 = CARTESIAN_POINT('',(-12.4795200161,2.31505206395,19.359883708511
    ));
#3844 = CARTESIAN_POINT('',(-12.62781016499,0.807306509396,
    19.344673202429));
#3845 = CARTESIAN_POINT('',(-12.56920678274,-0.698141649476,
    19.329418145607));
#3846 = CARTESIAN_POINT('',(-12.17777935888,-2.922538345704,
    19.306337014689));
#3847 = CARTESIAN_POINT('',(-11.99160851574,-3.669492358296,
    19.298489394493));
#3848 = CARTESIAN_POINT('',(-11.75310092047,-4.402715151878,
    19.290645988383));
#3849 = CARTESIAN_POINT('',(-11.46347829401,-5.11792309926,
    19.28281267766));
#3850 = CARTESIAN_POINT('',(-11.12435501955,-5.811014146879,
    19.274993242343));
#3851 = CARTESIAN_POINT('',(-10.73771260666,-6.478060687013,
    19.267187440341));
#3852 = CARTESIAN_POINT('',(-10.30591162879,-7.115318670663,
    19.259389879494));
#3853 = CARTESIAN_POINT('',(-9.360790683527,-8.319085993842,
    19.243842455863));
#3854 = CARTESIAN_POINT('',(-8.847972841797,-8.886137408392,
    19.236091716672));
#3855 = CARTESIAN_POINT('',(-8.296012067773,-9.416909285426,
    19.228335098073));
#3856 = CARTESIAN_POINT('',(-7.707931507605,-9.908275005226,
    19.220495387962));
#3857 = CARTESIAN_POINT('',(-7.087009560293,-10.35742761423,
    19.212731119086));
#3858 = CARTESIAN_POINT('',(-6.436774267479,-10.76187742496,
    19.204931101746));
#3859 = CARTESIAN_POINT('',(-5.761004262579,-11.11946086274,
    19.197158756938));
#3860 = CARTESIAN_POINT('',(-3.796139417024,-11.99006587064,
    19.175280577788));
#3861 = CARTESIAN_POINT('',(-2.455854314727,-12.39168934955,
    19.161184777196));
#3862 = CARTESIAN_POINT('',(-1.068616682966,-12.62110919669,
    19.147125713868));
#3863 = CARTESIAN_POINT('',(0.339623178671,-12.6729619388,
    19.133053263307));
#3864 = CARTESIAN_POINT('',(1.743018512649,-12.54573805617,
    19.118933776582));
#3865 = CARTESIAN_POINT('',(3.115879501749,-12.24239487662,
    19.104779104469));
#3866 = CARTESIAN_POINT('',(4.432709332004,-11.76960426108,
    19.090602170309));
#3867 = CARTESIAN_POINT('',(6.450695278396,-10.74284760451,
    19.067479452428));
#3868 = CARTESIAN_POINT('',(7.201122313879,-10.28201403928,
    19.058515540637));
#3869 = CARTESIAN_POINT('',(7.91365220524,-9.761396893751,19.04955658809
    ));
#3870 = CARTESIAN_POINT('',(8.582754461715,-9.184702386093,
    19.040605692395));
#3871 = CARTESIAN_POINT('',(9.203397695273,-8.556172887458,
    19.03166310836));
#3872 = CARTESIAN_POINT('',(9.771022746627,-7.880543112859,
    19.022727111486));
#3873 = CARTESIAN_POINT('',(10.2815759244,-7.163061905588,
    19.013795575109));
#3874 = CARTESIAN_POINT('',(11.202373411461,-5.621364465781,
    18.995529429796));
#3875 = CARTESIAN_POINT('',(11.607073472736,-4.793476855886,
    18.986191996667));
#3876 = CARTESIAN_POINT('',(11.941648734005,-3.932607547805,
    18.976856034579));
#3877 = CARTESIAN_POINT('',(12.203047912382,-3.045724595056,
    18.967518806944));
#3878 = CARTESIAN_POINT('',(12.389056521013,-2.140021015544,
    18.958177254959));
#3879 = CARTESIAN_POINT('',(12.49824521895,-1.222889905789,
    18.948829803863));
#3880 = CARTESIAN_POINT('',(12.530032239185,-0.301926996158,
    18.939477488312));
#3881 = CARTESIAN_POINT('',(12.4282119803,1.764951587478,18.918395248574
    ));
#3882 = CARTESIAN_POINT('',(12.250489797308,2.909545631632,
    18.90665508865));
#3883 = CARTESIAN_POINT('',(11.952235436873,4.032999583888,
    18.894916045225));
#3884 = CARTESIAN_POINT('',(11.53668755946,5.120563663711,
    18.883181627068));
#3885 = CARTESIAN_POINT('',(11.008914726625,6.158291161337,
    18.871452903458));
#3886 = CARTESIAN_POINT('',(10.375873787714,7.133093139798,
    18.859727009513));
#3887 = CARTESIAN_POINT('',(9.646296772341,8.032721891771,
    18.848000170603));
#3888 = CARTESIAN_POINT('',(7.964116428355,9.712104338486,18.82380022723
    ));
#3889 = CARTESIAN_POINT('',(6.999201185813,10.481352310079,
    18.811313893523));
#3890 = CARTESIAN_POINT('',(5.950074245118,11.140200537284,
    18.798827395712));
#3891 = CARTESIAN_POINT('',(4.831688661777,11.678332015729,
    18.786335209416));
#3892 = CARTESIAN_POINT('',(3.659994833088,12.087688452857,
    18.773832235785));
#3893 = CARTESIAN_POINT('',(2.45198062347,12.362672020098,
    18.761320377658));
#3894 = CARTESIAN_POINT('',(1.225570427353,12.5,18.748806340097));
#3895 = CARTESIAN_POINT('',(5.746924184607E-15,12.5,18.736308767351));
#3896 = PCURVE('',#2300,#3897);
#3897 = DEFINITIONAL_REPRESENTATION('',(#3898),#3964);
#3898 = B_SPLINE_CURVE_WITH_KNOTS('',8,(#3899,#3900,#3901,#3902,#3903,
    #3904,#3905,#3906,#3907,#3908,#3909,#3910,#3911,#3912,#3913,#3914,
    #3915,#3916,#3917,#3918,#3919,#3920,#3921,#3922,#3923,#3924,#3925,
    #3926,#3927,#3928,#3929,#3930,#3931,#3932,#3933,#3934,#3935,#3936,
    #3937,#3938,#3939,#3940,#3941,#3942,#3943,#3944,#3945,#3946,#3947,
    #3948,#3949,#3950,#3951,#3952,#3953,#3954,#3955,#3956,#3957,#3958,
    #3959,#3960,#3961,#3962,#3963),.UNSPECIFIED.,.F.,.F.,(9,7,7,7,7,7,7,
    7,7,9),(0.,0.125802929888,0.277692554759,0.355923330343,
    0.433622848504,0.574886453916,0.664301732837,0.757838738705,
    0.875137860467,1.),.UNSPECIFIED.);
#3899 = CARTESIAN_POINT('',(0.414975586657,20.585210603865));
#3900 = CARTESIAN_POINT('',(0.414975850992,20.684782641487));
#3901 = CARTESIAN_POINT('',(0.414983073372,20.784420930323));
#3902 = CARTESIAN_POINT('',(0.415000070562,20.884023178854));
#3903 = CARTESIAN_POINT('',(0.415026789058,20.983599969033));
#3904 = CARTESIAN_POINT('',(0.415057468963,21.083177286824));
#3905 = CARTESIAN_POINT('',(0.415080549052,21.182781300499));
#3906 = CARTESIAN_POINT('',(0.415088779277,21.282421540989));
#3907 = CARTESIAN_POINT('',(0.415072771286,21.502214215679));
#3908 = CARTESIAN_POINT('',(0.415041403015,21.622607354259));
#3909 = CARTESIAN_POINT('',(0.414986345203,21.742902869746));
#3910 = CARTESIAN_POINT('',(0.414919967972,21.863140513504));
#3911 = CARTESIAN_POINT('',(0.414876933916,21.983375230864));
#3912 = CARTESIAN_POINT('',(0.41489698028,22.103663633246));
#3913 = CARTESIAN_POINT('',(0.414953175161,22.224053990128));
#3914 = CARTESIAN_POINT('',(0.415039015689,22.406200753148));
#3915 = CARTESIAN_POINT('',(0.415068221397,22.468130797726));
#3916 = CARTESIAN_POINT('',(0.415093009683,22.530058123737));
#3917 = CARTESIAN_POINT('',(0.415106922397,22.591980968819));
#3918 = CARTESIAN_POINT('',(0.415105229256,22.653902220198));
#3919 = CARTESIAN_POINT('',(0.415087707622,22.715825338196));
#3920 = CARTESIAN_POINT('',(0.415060457181,22.777750697398));
#3921 = CARTESIAN_POINT('',(0.415013202866,22.901173489793));
#3922 = CARTESIAN_POINT('',(0.41499311204,22.962678474593));
#3923 = CARTESIAN_POINT('',(0.414978592078,23.024191298398));
#3924 = CARTESIAN_POINT('',(0.415062044827,23.085682425116));
#3925 = CARTESIAN_POINT('',(0.415057233874,23.147188503808));
#3926 = CARTESIAN_POINT('',(0.415093618971,23.208691859128));
#3927 = CARTESIAN_POINT('',(0.415097675479,23.270200387618));
#3928 = CARTESIAN_POINT('',(0.415083306247,23.443518109184));
#3929 = CARTESIAN_POINT('',(0.415033838407,23.55546321029));
#3930 = CARTESIAN_POINT('',(0.414951980179,23.667342147339));
#3931 = CARTESIAN_POINT('',(0.414892276959,23.779173375664));
#3932 = CARTESIAN_POINT('',(0.414886735347,23.891001267635));
#3933 = CARTESIAN_POINT('',(0.414915560758,24.002869319406));
#3934 = CARTESIAN_POINT('',(0.414959453732,24.114809099774));
#3935 = CARTESIAN_POINT('',(0.415027916331,24.297405669323));
#3936 = CARTESIAN_POINT('',(0.415053741184,24.368197277103));
#3937 = CARTESIAN_POINT('',(0.415074625638,24.438983894265));
#3938 = CARTESIAN_POINT('',(0.41508737446,24.509763162297));
#3939 = CARTESIAN_POINT('',(0.415090816561,24.580541188023));
#3940 = CARTESIAN_POINT('',(0.415085958088,24.651324644904));
#3941 = CARTESIAN_POINT('',(0.415075297169,24.722113040081));
#3942 = CARTESIAN_POINT('',(0.415046658218,24.866931873805));
#3943 = CARTESIAN_POINT('',(0.415028388056,24.940986699183));
#3944 = CARTESIAN_POINT('',(0.415009408137,25.015034801625));
#3945 = CARTESIAN_POINT('',(0.414993030694,25.089074869532));
#3946 = CARTESIAN_POINT('',(0.4149815445,25.163115242533));
#3947 = CARTESIAN_POINT('',(0.414975580592,25.237164010826));
#3948 = CARTESIAN_POINT('',(0.414974261089,25.311219072773));
#3949 = CARTESIAN_POINT('',(0.414978476176,25.478106096193));
#3950 = CARTESIAN_POINT('',(0.414985834699,25.571006444553));
#3951 = CARTESIAN_POINT('',(0.414995308142,25.663883280807));
#3952 = CARTESIAN_POINT('',(0.415002394263,25.756740058356));
#3953 = CARTESIAN_POINT('',(0.415003196617,25.849595342489));
#3954 = CARTESIAN_POINT('',(0.414998187739,25.942468537646));
#3955 = CARTESIAN_POINT('',(0.414990614004,26.035367008037));
#3956 = CARTESIAN_POINT('',(0.414977000339,26.227061782672));
#3957 = CARTESIAN_POINT('',(0.414971081071,26.32596199096));
#3958 = CARTESIAN_POINT('',(0.414970563786,26.424826023692));
#3959 = CARTESIAN_POINT('',(0.414980075461,26.523665520633));
#3960 = CARTESIAN_POINT('',(0.41500163172,26.622506868182));
#3961 = CARTESIAN_POINT('',(0.415029383925,26.721375574565));
#3962 = CARTESIAN_POINT('',(0.415054497171,26.820279843614));
#3963 = CARTESIAN_POINT('',(0.415070521387,26.919116807647));
#3964 = ( GEOMETRIC_REPRESENTATION_CONTEXT(2) 
PARAMETRIC_REPRESENTATION_CONTEXT() REPRESENTATION_CONTEXT('2D SPACE',''
  ) );
#3965 = PCURVE('',#1233,#3966);
#3966 = DEFINITIONAL_REPRESENTATION('',(#3967),#4033);
#3967 = B_SPLINE_CURVE_WITH_KNOTS('',8,(#3968,#3969,#3970,#3971,#3972,
    #3973,#3974,#3975,#3976,#3977,#3978,#3979,#3980,#3981,#3982,#3983,
    #3984,#3985,#3986,#3987,#3988,#3989,#3990,#3991,#3992,#3993,#3994,
    #3995,#3996,#3997,#3998,#3999,#4000,#4001,#4002,#4003,#4004,#4005,
    #4006,#4007,#4008,#4009,#4010,#4011,#4012,#4013,#4014,#4015,#4016,
    #4017,#4018,#4019,#4020,#4021,#4022,#4023,#4024,#4025,#4026,#4027,
    #4028,#4029,#4030,#4031,#4032),.UNSPECIFIED.,.F.,.F.,(9,7,7,7,7,7,7,
    7,7,9),(0.,0.125802929888,0.277692554759,0.355923330343,
    0.433622848504,0.574886453916,0.664301732837,0.757838738705,
    0.875137860467,1.),.UNSPECIFIED.);
#3968 = CARTESIAN_POINT('',(-6.28318530718,-3.163608546748));
#3969 = CARTESIAN_POINT('',(-6.184410329389,-3.176185153497));
#3970 = CARTESIAN_POINT('',(-6.08556922178,-3.18877622474));
#3971 = CARTESIAN_POINT('',(-5.986763584682,-3.201371308717));
#3972 = CARTESIAN_POINT('',(-5.887983192936,-3.213971695111));
#3973 = CARTESIAN_POINT('',(-5.789202625342,-3.226575619184));
#3974 = CARTESIAN_POINT('',(-5.690396059868,-3.239176256017));
#3975 = CARTESIAN_POINT('',(-5.591553908078,-3.25176845684));
#3976 = CARTESIAN_POINT('',(-5.373522043434,-3.279515187296));
#3977 = CARTESIAN_POINT('',(-5.254093627558,-3.294693871498));
#3978 = CARTESIAN_POINT('',(-5.13476190085,-3.309839468498));
#3979 = CARTESIAN_POINT('',(-5.015487029044,-3.324967837945));
#3980 = CARTESIAN_POINT('',(-4.896214027602,-3.340116291489));
#3981 = CARTESIAN_POINT('',(-4.776888305847,-3.355326797571));
#3982 = CARTESIAN_POINT('',(-4.65746282581,-3.370581854393));
#3983 = CARTESIAN_POINT('',(-4.476776913303,-3.393662985311));
#3984 = CARTESIAN_POINT('',(-4.415343743873,-3.401510605507));
#3985 = CARTESIAN_POINT('',(-4.353913344366,-3.409354011617));
#3986 = CARTESIAN_POINT('',(-4.292487307563,-3.41718732234));
#3987 = CARTESIAN_POINT('',(-4.231062455938,-3.425006757657));
#3988 = CARTESIAN_POINT('',(-4.169634990941,-3.432812559659));
#3989 = CARTESIAN_POINT('',(-4.108204447684,-3.440610120506));
#3990 = CARTESIAN_POINT('',(-3.985767606966,-3.456157544137));
#3991 = CARTESIAN_POINT('',(-3.924752098653,-3.463908283328));
#3992 = CARTESIAN_POINT('',(-3.863739574103,-3.471664901927));
#3993 = CARTESIAN_POINT('',(-3.802729849555,-3.479504612038));
#3994 = CARTESIAN_POINT('',(-3.741719970285,-3.487268880914));
#3995 = CARTESIAN_POINT('',(-3.680707135869,-3.495068898254));
#3996 = CARTESIAN_POINT('',(-3.619691538084,-3.502841243062));
#3997 = CARTESIAN_POINT('',(-3.447763237846,-3.524719422212));
#3998 = CARTESIAN_POINT('',(-3.33671681826,-3.538815222804));
#3999 = CARTESIAN_POINT('',(-3.225735928957,-3.552874286132));
#4000 = CARTESIAN_POINT('',(-3.114800328926,-3.566946736693));
#4001 = CARTESIAN_POINT('',(-3.003867355911,-3.581066223418));
#4002 = CARTESIAN_POINT('',(-2.892894576929,-3.595220895531));
#4003 = CARTESIAN_POINT('',(-2.781851020701,-3.609397829691));
#4004 = CARTESIAN_POINT('',(-2.600716877937,-3.632520547572));
#4005 = CARTESIAN_POINT('',(-2.530492367359,-3.641484459363));
#4006 = CARTESIAN_POINT('',(-2.460272921607,-3.65044341191));
#4007 = CARTESIAN_POINT('',(-2.39006080066,-3.659394307605));
#4008 = CARTESIAN_POINT('',(-2.319849847091,-3.66833689164));
#4009 = CARTESIAN_POINT('',(-2.249633359335,-3.677272888514));
#4010 = CARTESIAN_POINT('',(-2.179411787381,-3.686204424891));
#4011 = CARTESIAN_POINT('',(-2.035752211816,-3.704470570204));
#4012 = CARTESIAN_POINT('',(-1.962290000693,-3.713808003333));
#4013 = CARTESIAN_POINT('',(-1.888834280802,-3.723143965421));
#4014 = CARTESIAN_POINT('',(-1.815386428604,-3.732481193056));
#4015 = CARTESIAN_POINT('',(-1.741938283866,-3.741822745041));
#4016 = CARTESIAN_POINT('',(-1.668481939413,-3.751170196137));
#4017 = CARTESIAN_POINT('',(-1.595019570505,-3.760522511688));
#4018 = CARTESIAN_POINT('',(-1.429468767289,-3.781604751426));
#4019 = CARTESIAN_POINT('',(-1.337312636307,-3.79334491135));
#4020 = CARTESIAN_POINT('',(-1.245180281907,-3.805083954775));
#4021 = CARTESIAN_POINT('',(-1.153068218591,-3.816818372932));
#4022 = CARTESIAN_POINT('',(-1.06095780095,-3.828547096542));
#4023 = CARTESIAN_POINT('',(-0.96882948518,-3.840272990487));
#4024 = CARTESIAN_POINT('',(-0.876675774406,-3.851999829397));
#4025 = CARTESIAN_POINT('',(-0.686517000964,-3.87619977277));
#4026 = CARTESIAN_POINT('',(-0.588408815131,-3.888686106477));
#4027 = CARTESIAN_POINT('',(-0.490335996064,-3.901172604288));
#4028 = CARTESIAN_POINT('',(-0.392287078349,-3.913664790584));
#4029 = CARTESIAN_POINT('',(-0.294236186271,-3.926167764214));
#4030 = CARTESIAN_POINT('',(-0.19615836979,-3.938679622342));
#4031 = CARTESIAN_POINT('',(-9.804563418827E-02,-3.951193659903));
#4032 = CARTESIAN_POINT('',(0.,-3.963691232649));
#4033 = ( GEOMETRIC_REPRESENTATION_CONTEXT(2) 
PARAMETRIC_REPRESENTATION_CONTEXT() REPRESENTATION_CONTEXT('2D SPACE',''
  ) );
#4034 = ORIENTED_EDGE('',*,*,#4035,.T.);
#4035 = EDGE_CURVE('',#3827,#4036,#4038,.T.);
#4036 = VERTEX_POINT('',#4037);
#4037 = CARTESIAN_POINT('',(5.066619529751E-16,12.5,17.936394834757));
#4038 = SURFACE_CURVE('',#4039,(#4119,#4202),.PCURVE_S1.);
#4039 = B_SPLINE_CURVE_WITH_KNOTS('',8,(#4040,#4041,#4042,#4043,#4044,
    #4045,#4046,#4047,#4048,#4049,#4050,#4051,#4052,#4053,#4054,#4055,
    #4056,#4057,#4058,#4059,#4060,#4061,#4062,#4063,#4064,#4065,#4066,
    #4067,#4068,#4069,#4070,#4071,#4072,#4073,#4074,#4075,#4076,#4077,
    #4078,#4079,#4080,#4081,#4082,#4083,#4084,#4085,#4086,#4087,#4088,
    #4089,#4090,#4091,#4092,#4093,#4094,#4095,#4096,#4097,#4098,#4099,
    #4100,#4101,#4102,#4103,#4104,#4105,#4106,#4107,#4108,#4109,#4110,
    #4111,#4112,#4113,#4114,#4115,#4116,#4117,#4118),.UNSPECIFIED.,.F.,
  .F.,(9,7,7,7,7,7,7,7,7,7,7,9),(0.,0.162537951589,0.253195570297,
    0.300775467617,0.348464891491,0.481231689923,0.571536237711,
    0.671533728204,0.765657687022,0.84417284206,0.928183485557,1.),
  .UNSPECIFIED.);
#4040 = CARTESIAN_POINT('',(5.746924184607E-15,12.5,18.736308767351));
#4041 = CARTESIAN_POINT('',(-1.595400670989,12.5,18.720039905522));
#4042 = CARTESIAN_POINT('',(-3.193714525374,12.267284236262,
    18.703754818262));
#4043 = CARTESIAN_POINT('',(-4.750573100564,11.800388075486,
    18.687514158471));
#4044 = CARTESIAN_POINT('',(-6.226977751492,11.109683735915,
    18.671314618715));
#4045 = CARTESIAN_POINT('',(-7.586674752408,10.210753023289,
    18.655135146892));
#4046 = CARTESIAN_POINT('',(-8.797433988777,9.126394578929,
    18.638907127891));
#4047 = CARTESIAN_POINT('',(-9.8300747528,7.884479509113,18.62261243103)
  );
#4048 = CARTESIAN_POINT('',(-11.1271121407,5.76448119799,18.597234673317
    ));
#4049 = CARTESIAN_POINT('',(-11.52985335774,4.967475819799,
    18.588138511273));
#4050 = CARTESIAN_POINT('',(-11.86716954935,4.138590498417,
    18.579038503697));
#4051 = CARTESIAN_POINT('',(-12.13618484222,3.28413542972,
    18.569942834009));
#4052 = CARTESIAN_POINT('',(-12.33476539981,2.41062904262,
    18.560859936386));
#4053 = CARTESIAN_POINT('',(-12.46147328878,1.52477397556,
    18.551795538703));
#4054 = CARTESIAN_POINT('',(-12.51561346773,0.633458863113,
    18.542748965382));
#4055 = CARTESIAN_POINT('',(-12.487801213,-0.723141693281,
    18.528964091871));
#4056 = CARTESIAN_POINT('',(-12.45828931052,-1.189674002974,
    18.524222836266));
#4057 = CARTESIAN_POINT('',(-12.40886016396,-1.654802270416,
    18.519479357871));
#4058 = CARTESIAN_POINT('',(-12.33959407671,-2.117530054736,
    18.514730039229));
#4059 = CARTESIAN_POINT('',(-12.25062968238,-2.576873200181,
    18.509973220917));
#4060 = CARTESIAN_POINT('',(-12.14216394479,-3.031859836114,
    18.505209201544));
#4061 = CARTESIAN_POINT('',(-12.01445215794,-3.481530377015,
    18.500440237751));
#4062 = CARTESIAN_POINT('',(-11.7208261665,-4.369365369127,
    18.490889871077));
#4063 = CARTESIAN_POINT('',(-11.55482397977,-4.807504018239,
    18.486108327369));
#4064 = CARTESIAN_POINT('',(-11.37011604255,-5.238399746614,
    18.481328222147));
#4065 = CARTESIAN_POINT('',(-11.16707219272,-5.661123539143,
    18.476551233244));
#4066 = CARTESIAN_POINT('',(-10.94611744936,-6.07477108881,
    18.471778407274));
#4067 = CARTESIAN_POINT('',(-10.70773201274,-6.478462796693,
    18.467010159625));
#4068 = CARTESIAN_POINT('',(-10.45245126433,-6.871343771964,
    18.462246274465));
#4069 = CARTESIAN_POINT('',(-9.424774917311,-8.313951700843,
    18.444233091082));
#4070 = CARTESIAN_POINT('',(-8.541539604176,-9.286201690788,
    18.430995143619));
#4071 = CARTESIAN_POINT('',(-7.544332021613,-10.14999617764,
    18.417776649491));
#4072 = CARTESIAN_POINT('',(-6.449138942284,-10.89029757132,
    18.404539897424));
#4073 = CARTESIAN_POINT('',(-5.273533267659,-11.49472311944,
    18.39126504546));
#4074 = CARTESIAN_POINT('',(-4.036822824216,-11.95386608511,
    18.377961209734));
#4075 = CARTESIAN_POINT('',(-2.759804539195,-12.26098529052,
    18.36464050545));
#4076 = CARTESIAN_POINT('',(-0.585335494382,-12.51771025442,
    18.342279705269));
#4077 = CARTESIAN_POINT('',(0.303543111931,-12.55032044217,
    18.333226367077));
#4078 = CARTESIAN_POINT('',(1.194027737655,-12.51073796213,
    18.324178181918));
#4079 = CARTESIAN_POINT('',(2.079259370007,-12.39898730476,
    18.315138311652));
#4080 = CARTESIAN_POINT('',(2.952503226621,-12.21584437776,
    18.306106943367));
#4081 = CARTESIAN_POINT('',(3.807150572628,-11.96278219722,
    18.297082211934));
#4082 = CARTESIAN_POINT('',(4.6367352888,-11.64200987145,18.288061870365
    ));
#4083 = CARTESIAN_POINT('',(6.318874019058,-10.82983199507,
    18.269061785446));
#4084 = CARTESIAN_POINT('',(7.164713818616,-10.32362376712,
    18.259078786138));
#4085 = CARTESIAN_POINT('',(7.963795317653,-9.742093510893,
    18.249097253512));
#4086 = CARTESIAN_POINT('',(8.708363172451,-9.090381815402,
    18.239113904736));
#4087 = CARTESIAN_POINT('',(9.391426249557,-8.374459832376,
    18.229125071344));
#4088 = CARTESIAN_POINT('',(10.006711271797,-7.601057473769,
    18.219129129335));
#4089 = CARTESIAN_POINT('',(10.548739828053,-6.777716516348,
    18.209127918733));
#4090 = CARTESIAN_POINT('',(11.450046824516,-5.099013226863,
    18.189713799397));
#4091 = CARTESIAN_POINT('',(11.818412651056,-4.24795685447,
    18.180296148336));
#4092 = CARTESIAN_POINT('',(12.11429169367,-3.366817088485,
    18.170878583039));
#4093 = CARTESIAN_POINT('',(12.334904159503,-2.462844917255,
    18.161463386933));
#4094 = CARTESIAN_POINT('',(12.478346121014,-1.543474081625,
    18.15205097117));
#4095 = CARTESIAN_POINT('',(12.543528962629,-0.616294957408,
    18.142640615915));
#4096 = CARTESIAN_POINT('',(12.530237148648,0.310947036178,
    18.133231725023));
#4097 = CARTESIAN_POINT('',(12.363451088381,1.997246715587,
    18.115979304633));
#4098 = CARTESIAN_POINT('',(12.233548090994,2.758943190919,
    18.108132436505));
#4099 = CARTESIAN_POINT('',(12.050021764007,3.51081201327,
    18.100285849252));
#4100 = CARTESIAN_POINT('',(11.813782123005,4.248429725122,
    18.092438779777));
#4101 = CARTESIAN_POINT('',(11.526152320308,4.967535387249,
    18.084589809364));
#4102 = CARTESIAN_POINT('',(11.188837729986,5.664023972367,
    18.076737700597));
#4103 = CARTESIAN_POINT('',(10.803934552967,6.333953091485,
    18.068882104211));
#4104 = CARTESIAN_POINT('',(9.913927503277,7.657941048833,
    18.052616167015));
#4105 = CARTESIAN_POINT('',(9.402216420327,8.307725232959,
    18.044204064506));
#4106 = CARTESIAN_POINT('',(8.841965181837,8.918223993162,18.03578991049
    ));
#4107 = CARTESIAN_POINT('',(8.236736729342,9.48523711586,18.02737517275)
  );
#4108 = CARTESIAN_POINT('',(7.5904705189,10.00498922402,18.018961231333)
  );
#4109 = CARTESIAN_POINT('',(6.907457365804,10.474110152808,
    18.010549712229));
#4110 = CARTESIAN_POINT('',(6.19235507259,10.889662262937,
    18.002142628098));
#4111 = CARTESIAN_POINT('',(4.815851768281,11.5565781533,17.986561326248
    ));
#4112 = CARTESIAN_POINT('',(4.16161462975,11.823071081486,
    17.979384085556));
#4113 = CARTESIAN_POINT('',(3.490655509751,12.047171292322,
    17.972211708106));
#4114 = CARTESIAN_POINT('',(2.806183281117,12.227679945547,
    17.965044084268));
#4115 = CARTESIAN_POINT('',(2.111483656023,12.363686584658,
    17.957880297786));
#4116 = CARTESIAN_POINT('',(1.409916707925,12.454568410042,
    17.950718560904));
#4117 = CARTESIAN_POINT('',(0.704917057374,12.499999998577,
    17.943557092664));
#4118 = CARTESIAN_POINT('',(2.283018792375E-15,12.5,17.936394834757));
#4119 = PCURVE('',#2300,#4120);
#4120 = DEFINITIONAL_REPRESENTATION('',(#4121),#4201);
#4121 = B_SPLINE_CURVE_WITH_KNOTS('',8,(#4122,#4123,#4124,#4125,#4126,
    #4127,#4128,#4129,#4130,#4131,#4132,#4133,#4134,#4135,#4136,#4137,
    #4138,#4139,#4140,#4141,#4142,#4143,#4144,#4145,#4146,#4147,#4148,
    #4149,#4150,#4151,#4152,#4153,#4154,#4155,#4156,#4157,#4158,#4159,
    #4160,#4161,#4162,#4163,#4164,#4165,#4166,#4167,#4168,#4169,#4170,
    #4171,#4172,#4173,#4174,#4175,#4176,#4177,#4178,#4179,#4180,#4181,
    #4182,#4183,#4184,#4185,#4186,#4187,#4188,#4189,#4190,#4191,#4192,
    #4193,#4194,#4195,#4196,#4197,#4198,#4199,#4200),.UNSPECIFIED.,.F.,
  .F.,(9,7,7,7,7,7,7,7,7,7,7,9),(0.,0.162537951589,0.253195570297,
    0.300775467617,0.348464891491,0.481231689923,0.571536237711,
    0.671533728204,0.765657687022,0.84417284206,0.928183485557,1.),
  .UNSPECIFIED.);
#4122 = CARTESIAN_POINT('',(0.415070521387,26.919116807647));
#4123 = CARTESIAN_POINT('',(0.415091381099,27.047778984229));
#4124 = CARTESIAN_POINT('',(0.415096927495,27.176675856871));
#4125 = CARTESIAN_POINT('',(0.415072433827,27.305429376916));
#4126 = CARTESIAN_POINT('',(0.415011285325,27.434111619065));
#4127 = CARTESIAN_POINT('',(0.414927340458,27.56279312012));
#4128 = CARTESIAN_POINT('',(0.414888817652,27.691543879221));
#4129 = CARTESIAN_POINT('',(0.414905655166,27.820438501637));
#4130 = CARTESIAN_POINT('',(0.414977110031,28.020868342995));
#4131 = CARTESIAN_POINT('',(0.415011583865,28.092647029268));
#4132 = CARTESIAN_POINT('',(0.415051179297,28.164420633096));
#4133 = CARTESIAN_POINT('',(0.415086842296,28.236187174115));
#4134 = CARTESIAN_POINT('',(0.415108027558,28.307953031803));
#4135 = CARTESIAN_POINT('',(0.415107281217,28.379724565636));
#4136 = CARTESIAN_POINT('',(0.415085611062,28.451500131357));
#4137 = CARTESIAN_POINT('',(0.415044491256,28.560925580726));
#4138 = CARTESIAN_POINT('',(0.415026427934,28.598589248892));
#4139 = CARTESIAN_POINT('',(0.415010869147,28.636253138626));
#4140 = CARTESIAN_POINT('',(0.415001981023,28.673916988972));
#4141 = CARTESIAN_POINT('',(0.415001680969,28.71158063724));
#4142 = CARTESIAN_POINT('',(0.415009637672,28.749244019002));
#4143 = CARTESIAN_POINT('',(0.415023271092,28.786907168096));
#4144 = CARTESIAN_POINT('',(0.415052267187,28.862319963613));
#4145 = CARTESIAN_POINT('',(0.415067802656,28.900069523761));
#4146 = CARTESIAN_POINT('',(0.415081649445,28.937819411079));
#4147 = CARTESIAN_POINT('',(0.415091858655,28.975569861231));
#4148 = CARTESIAN_POINT('',(0.415097241918,29.013320831536));
#4149 = CARTESIAN_POINT('',(0.415097371399,29.051072000963));
#4150 = CARTESIAN_POINT('',(0.415092579794,29.088822770138));
#4151 = CARTESIAN_POINT('',(0.415059963851,29.231666403435));
#4152 = CARTESIAN_POINT('',(0.415005135191,29.33685673672));
#4153 = CARTESIAN_POINT('',(0.414935297407,29.441997170352));
#4154 = CARTESIAN_POINT('',(0.414891681213,29.547100248001));
#4155 = CARTESIAN_POINT('',(0.41489208613,29.652199586027));
#4156 = CARTESIAN_POINT('',(0.414921138908,29.757329659164));
#4157 = CARTESIAN_POINT('',(0.414962313067,29.862509197217));
#4158 = CARTESIAN_POINT('',(0.415028499502,30.039089159612));
#4159 = CARTESIAN_POINT('',(0.415054528909,30.110587371819));
#4160 = CARTESIAN_POINT('',(0.415075440157,30.182080292282));
#4161 = CARTESIAN_POINT('',(0.415087971881,30.253565512597));
#4162 = CARTESIAN_POINT('',(0.415090978468,30.325049498967));
#4163 = CARTESIAN_POINT('',(0.415085574159,30.396539288427));
#4164 = CARTESIAN_POINT('',(0.415074397836,30.468034364306));
#4165 = CARTESIAN_POINT('',(0.415044053651,30.618675912294));
#4166 = CARTESIAN_POINT('',(0.415024180296,30.697853057371));
#4167 = CARTESIAN_POINT('',(0.41500397736,30.777020876596));
#4168 = CARTESIAN_POINT('',(0.414987461327,30.856177497542));
#4169 = CARTESIAN_POINT('',(0.41497714438,30.93533453688));
#4170 = CARTESIAN_POINT('',(0.414973265132,31.014503197042));
#4171 = CARTESIAN_POINT('',(0.414974171978,31.093680367578));
#4172 = CARTESIAN_POINT('',(0.41498132958,31.247339821539));
#4173 = CARTESIAN_POINT('',(0.414987243801,31.321861986494));
#4174 = CARTESIAN_POINT('',(0.414993949986,31.39637797804));
#4175 = CARTESIAN_POINT('',(0.414999196821,31.470885335593));
#4176 = CARTESIAN_POINT('',(0.415001354578,31.545392109976));
#4177 = CARTESIAN_POINT('',(0.415000034177,31.619906699697));
#4178 = CARTESIAN_POINT('',(0.414996104132,31.694427799574));
#4179 = CARTESIAN_POINT('',(0.414986935618,31.831085503794));
#4180 = CARTESIAN_POINT('',(0.414982023418,31.893246277867));
#4181 = CARTESIAN_POINT('',(0.414977213028,31.95540412203));
#4182 = CARTESIAN_POINT('',(0.414973736981,32.017556527529));
#4183 = CARTESIAN_POINT('',(0.414972784451,32.079706477223));
#4184 = CARTESIAN_POINT('',(0.414975170165,32.141858116154));
#4185 = CARTESIAN_POINT('',(0.414981103911,32.204012754213));
#4186 = CARTESIAN_POINT('',(0.414999644219,32.332667865721));
#4187 = CARTESIAN_POINT('',(0.415012687054,32.399179260682));
#4188 = CARTESIAN_POINT('',(0.415028632389,32.465686762711));
#4189 = CARTESIAN_POINT('',(0.41504594249,32.532189418501));
#4190 = CARTESIAN_POINT('',(0.415062341694,32.598692088647));
#4191 = CARTESIAN_POINT('',(0.415075276437,32.665199614414));
#4192 = CARTESIAN_POINT('',(0.415082592229,32.731711007126));
#4193 = CARTESIAN_POINT('',(0.415084141698,32.855063465681));
#4194 = CARTESIAN_POINT('',(0.415079930474,32.91191642551));
#4195 = CARTESIAN_POINT('',(0.415071485721,32.968767858418));
#4196 = CARTESIAN_POINT('',(0.415054720757,33.025618446513));
#4197 = CARTESIAN_POINT('',(0.415038312223,33.082469900203));
#4198 = CARTESIAN_POINT('',(0.415014265553,33.139324044468));
#4199 = CARTESIAN_POINT('',(0.41499276542,33.196179320545));
#4200 = CARTESIAN_POINT('',(0.414972267525,33.253027892618));
#4201 = ( GEOMETRIC_REPRESENTATION_CONTEXT(2) 
PARAMETRIC_REPRESENTATION_CONTEXT() REPRESENTATION_CONTEXT('2D SPACE',''
  ) );
#4202 = PCURVE('',#970,#4203);
#4203 = DEFINITIONAL_REPRESENTATION('',(#4204),#4284);
#4204 = B_SPLINE_CURVE_WITH_KNOTS('',8,(#4205,#4206,#4207,#4208,#4209,
    #4210,#4211,#4212,#4213,#4214,#4215,#4216,#4217,#4218,#4219,#4220,
    #4221,#4222,#4223,#4224,#4225,#4226,#4227,#4228,#4229,#4230,#4231,
    #4232,#4233,#4234,#4235,#4236,#4237,#4238,#4239,#4240,#4241,#4242,
    #4243,#4244,#4245,#4246,#4247,#4248,#4249,#4250,#4251,#4252,#4253,
    #4254,#4255,#4256,#4257,#4258,#4259,#4260,#4261,#4262,#4263,#4264,
    #4265,#4266,#4267,#4268,#4269,#4270,#4271,#4272,#4273,#4274,#4275,
    #4276,#4277,#4278,#4279,#4280,#4281,#4282,#4283),.UNSPECIFIED.,.F.,
  .F.,(9,7,7,7,7,7,7,7,7,7,7,9),(0.,0.162537951589,0.253195570297,
    0.300775467617,0.348464891491,0.481231689923,0.571536237711,
    0.671533728204,0.765657687022,0.84417284206,0.928183485557,1.),
  .UNSPECIFIED.);
#4205 = CARTESIAN_POINT('',(-6.28318530718,-3.963691232649));
#4206 = CARTESIAN_POINT('',(-6.1555532535,-3.979960094478));
#4207 = CARTESIAN_POINT('',(-6.027688955608,-3.996245181738));
#4208 = CARTESIAN_POINT('',(-5.899967349138,-4.012485841529));
#4209 = CARTESIAN_POINT('',(-5.772316523313,-4.028685381285));
#4210 = CARTESIAN_POINT('',(-5.644665203555,-4.044864853108));
#4211 = CARTESIAN_POINT('',(-5.516944369656,-4.061092872109));
#4212 = CARTESIAN_POINT('',(-5.38908164421,-4.07738756897));
#4213 = CARTESIAN_POINT('',(-5.190257922088,-4.102765326683));
#4214 = CARTESIAN_POINT('',(-5.119054744985,-4.111861488727));
#4215 = CARTESIAN_POINT('',(-5.047856913127,-4.120961496303));
#4216 = CARTESIAN_POINT('',(-4.976666397789,-4.130057165991));
#4217 = CARTESIAN_POINT('',(-4.905476547603,-4.139140063614));
#4218 = CARTESIAN_POINT('',(-4.834280436938,-4.148204461297));
#4219 = CARTESIAN_POINT('',(-4.763079209833,-4.157251034618));
#4220 = CARTESIAN_POINT('',(-4.654528360075,-4.171035908129));
#4221 = CARTESIAN_POINT('',(-4.617165576837,-4.175777163734));
#4222 = CARTESIAN_POINT('',(-4.579802603421,-4.180520642129));
#4223 = CARTESIAN_POINT('',(-4.542439794686,-4.185269960771));
#4224 = CARTESIAN_POINT('',(-4.505077326693,-4.190026779083));
#4225 = CARTESIAN_POINT('',(-4.467715196707,-4.194790798456));
#4226 = CARTESIAN_POINT('',(-4.430353223194,-4.199559762249));
#4227 = CARTESIAN_POINT('',(-4.355542862583,-4.209110128923));
#4228 = CARTESIAN_POINT('',(-4.318094955266,-4.213891672631));
#4229 = CARTESIAN_POINT('',(-4.280646906467,-4.218671777853));
#4230 = CARTESIAN_POINT('',(-4.243198535763,-4.223448766756));
#4231 = CARTESIAN_POINT('',(-4.205749899707,-4.228221592726));
#4232 = CARTESIAN_POINT('',(-4.168301291838,-4.232989840375));
#4233 = CARTESIAN_POINT('',(-4.130853242671,-4.237753725535));
#4234 = CARTESIAN_POINT('',(-3.989155280835,-4.255766908918));
#4235 = CARTESIAN_POINT('',(-3.884809279668,-4.269004856381));
#4236 = CARTESIAN_POINT('',(-3.780512261841,-4.282223350509));
#4237 = CARTESIAN_POINT('',(-3.676250784474,-4.295460102576));
#4238 = CARTESIAN_POINT('',(-3.571992523148,-4.30873495454));
#4239 = CARTESIAN_POINT('',(-3.467703844431,-4.322038790266));
#4240 = CARTESIAN_POINT('',(-3.363366425206,-4.33535949455));
#4241 = CARTESIAN_POINT('',(-3.188200705566,-4.357720294731));
#4242 = CARTESIAN_POINT('',(-3.117275253441,-4.366773632923));
#4243 = CARTESIAN_POINT('',(-3.046355166577,-4.375821818082));
#4244 = CARTESIAN_POINT('',(-2.975442750861,-4.384861688348));
#4245 = CARTESIAN_POINT('',(-2.90453148889,-4.393893056633));
#4246 = CARTESIAN_POINT('',(-2.833614316939,-4.402917788066));
#4247 = CARTESIAN_POINT('',(-2.762691709765,-4.411938129635));
#4248 = CARTESIAN_POINT('',(-2.613256000818,-4.430938214554));
#4249 = CARTESIAN_POINT('',(-2.534712433148,-4.440921213862));
#4250 = CARTESIAN_POINT('',(-2.456177917392,-4.450902746488));
#4251 = CARTESIAN_POINT('',(-2.377654414073,-4.460886095264));
#4252 = CARTESIAN_POINT('',(-2.299130545157,-4.470874928656));
#4253 = CARTESIAN_POINT('',(-2.220595339972,-4.480870870665));
#4254 = CARTESIAN_POINT('',(-2.14205197897,-4.490872081267));
#4255 = CARTESIAN_POINT('',(-1.98962313055,-4.510286200603));
#4256 = CARTESIAN_POINT('',(-1.915698048132,-4.519703851664));
#4257 = CARTESIAN_POINT('',(-1.841779365437,-4.529121416961));
#4258 = CARTESIAN_POINT('',(-1.767869474652,-4.538536613067));
#4259 = CARTESIAN_POINT('',(-1.693960288861,-4.54794902883));
#4260 = CARTESIAN_POINT('',(-1.620043347952,-4.557359384085));
#4261 = CARTESIAN_POINT('',(-1.546119824345,-4.566768274977));
#4262 = CARTESIAN_POINT('',(-1.410557606631,-4.584020695367));
#4263 = CARTESIAN_POINT('',(-1.348894995082,-4.591867563495));
#4264 = CARTESIAN_POINT('',(-1.287235111179,-4.599714150748));
#4265 = CARTESIAN_POINT('',(-1.225580421025,-4.607561220223));
#4266 = CARTESIAN_POINT('',(-1.163927972746,-4.615410190636));
#4267 = CARTESIAN_POINT('',(-1.102273691067,-4.623262299403));
#4268 = CARTESIAN_POINT('',(-1.040616333285,-4.631117895789));
#4269 = CARTESIAN_POINT('',(-0.912990463564,-4.647383832985));
#4270 = CARTESIAN_POINT('',(-0.847011111795,-4.655795935494));
#4271 = CARTESIAN_POINT('',(-0.781035643594,-4.66421008951));
#4272 = CARTESIAN_POINT('',(-0.715065084101,-4.67262482725));
#4273 = CARTESIAN_POINT('',(-0.649094668945,-4.681038768667));
#4274 = CARTESIAN_POINT('',(-0.583119614251,-4.689450287771));
#4275 = CARTESIAN_POINT('',(-0.517140879041,-4.697857371902));
#4276 = CARTESIAN_POINT('',(-0.3947764881,-4.713438673752));
#4277 = CARTESIAN_POINT('',(-0.33837901195,-4.720615914444));
#4278 = CARTESIAN_POINT('',(-0.281983057694,-4.727788291894));
#4279 = CARTESIAN_POINT('',(-0.22558806032,-4.734955915732));
#4280 = CARTESIAN_POINT('',(-0.169191979932,-4.742119702214));
#4281 = CARTESIAN_POINT('',(-0.112793335993,-4.749281439096));
#4282 = CARTESIAN_POINT('',(-5.639336458994E-02,-4.756442907336));
#4283 = CARTESIAN_POINT('',(0.,-4.763605165243));
#4284 = ( GEOMETRIC_REPRESENTATION_CONTEXT(2) 
PARAMETRIC_REPRESENTATION_CONTEXT() REPRESENTATION_CONTEXT('2D SPACE',''
  ) );
#4285 = ORIENTED_EDGE('',*,*,#4286,.T.);
#4286 = EDGE_CURVE('',#4036,#2678,#4287,.T.);
#4287 = SURFACE_CURVE('',#4288,(#4361,#4437),.PCURVE_S1.);
#4288 = B_SPLINE_CURVE_WITH_KNOTS('',8,(#4289,#4290,#4291,#4292,#4293,
    #4294,#4295,#4296,#4297,#4298,#4299,#4300,#4301,#4302,#4303,#4304,
    #4305,#4306,#4307,#4308,#4309,#4310,#4311,#4312,#4313,#4314,#4315,
    #4316,#4317,#4318,#4319,#4320,#4321,#4322,#4323,#4324,#4325,#4326,
    #4327,#4328,#4329,#4330,#4331,#4332,#4333,#4334,#4335,#4336,#4337,
    #4338,#4339,#4340,#4341,#4342,#4343,#4344,#4345,#4346,#4347,#4348,
    #4349,#4350,#4351,#4352,#4353,#4354,#4355,#4356,#4357,#4358,#4359,
    #4360),.UNSPECIFIED.,.F.,.F.,(9,7,7,7,7,7,7,7,7,7,9),(0.,
    9.332223303926E-02,0.142333384723,0.1919287594,0.353154535587,
    0.464348920903,0.55536563198,0.649670118829,0.745792227533,
    0.849548455201,1.),.UNSPECIFIED.);
#4289 = CARTESIAN_POINT('',(4.059375631776E-15,12.5,17.936394834757));
#4290 = CARTESIAN_POINT('',(-0.915935968488,12.5,17.927088538128));
#4291 = CARTESIAN_POINT('',(-1.832075219012,12.423296404574,
    17.917777403735));
#4292 = CARTESIAN_POINT('',(-2.740628900217,12.269833421427,
    17.908460192225));
#4293 = CARTESIAN_POINT('',(-3.634090580091,12.040558236638,
    17.89913207593));
#4294 = CARTESIAN_POINT('',(-4.505197957049,11.737247265085,
    17.889789586152));
#4295 = CARTESIAN_POINT('',(-5.346926927336,11.362443010852,
    17.88043356964));
#4296 = CARTESIAN_POINT('',(-6.152518008764,10.919501537597,
    17.871070154274));
#4297 = CARTESIAN_POINT('',(-7.316257930271,10.146614079972,
    17.856793794969));
#4298 = CARTESIAN_POINT('',(-7.705281754368,9.862848416584,
    17.851877974434));
#4299 = CARTESIAN_POINT('',(-8.081693389389,9.562060933173,
    17.846963789277));
#4300 = CARTESIAN_POINT('',(-8.444624793844,9.244908457004,17.8420524398
    ));
#4301 = CARTESIAN_POINT('',(-8.793253088411,8.91209726816,
    17.837144799682));
#4302 = CARTESIAN_POINT('',(-9.126800555941,8.564383099543,
    17.832241415978));
#4303 = CARTESIAN_POINT('',(-9.444534641456,8.202571136874,
    17.827342509117));
#4304 = CARTESIAN_POINT('',(-10.05059202576,7.447990166481,
    17.817495092816));
#4305 = CARTESIAN_POINT('',(-10.33853178263,7.054888807757,
    17.812546924086));
#4306 = CARTESIAN_POINT('',(-10.60887511648,6.649098152723,
    17.80760209897));
#4307 = CARTESIAN_POINT('',(-10.86097086311,6.23154022467,
    17.802658836277));
#4308 = CARTESIAN_POINT('',(-11.09422880032,5.803172859981,
    17.797714941373));
#4309 = CARTESIAN_POINT('',(-11.30811964796,5.36498970813,
    17.792767806176));
#4310 = CARTESIAN_POINT('',(-11.50217506792,4.918020231685,
    17.787814409161));
#4311 = CARTESIAN_POINT('',(-12.24102161973,2.985211366507,
    17.76671717672));
#4312 = CARTESIAN_POINT('',(-12.59325406979,1.422586249354,
    17.750479369349));
#4313 = CARTESIAN_POINT('',(-12.71579810261,-0.184500398275,
    17.734307940757));
#4314 = CARTESIAN_POINT('',(-12.604497389,-1.796880096881,17.71829419317
    ));
#4315 = CARTESIAN_POINT('',(-12.26079864094,-3.376126310091,
    17.702255972045));
#4316 = CARTESIAN_POINT('',(-11.69406709905,-4.884924728407,
    17.686172874788));
#4317 = CARTESIAN_POINT('',(-10.91922464883,-6.286872771485,
    17.67002547574));
#4318 = CARTESIAN_POINT('',(-9.304573483464,-8.418199191849,
    17.642748963197));
#4319 = CARTESIAN_POINT('',(-8.558435089997,-9.222745074874,
    17.631598717316));
#4320 = CARTESIAN_POINT('',(-7.733160167441,-9.951138337446,
    17.620444515676));
#4321 = CARTESIAN_POINT('',(-6.837987970606,-10.59448574698,
    17.609295350731));
#4322 = CARTESIAN_POINT('',(-5.883058843263,-11.14524700234,
    17.598157429319));
#4323 = CARTESIAN_POINT('',(-4.879422236743,-11.59728559708,
    17.58703065172));
#4324 = CARTESIAN_POINT('',(-3.838993609056,-11.94584596321,
    17.5759126031));
#4325 = CARTESIAN_POINT('',(-1.903800540955,-12.38642760815,
    17.555715851104));
#4326 = CARTESIAN_POINT('',(-1.016399085282,-12.51362885712,
    17.546628365105));
#4327 = CARTESIAN_POINT('',(-0.119650297824,-12.56808153077,
    17.537544473719));
#4328 = CARTESIAN_POINT('',(0.779473613631,-12.54907286199,
    17.528461478516));
#4329 = CARTESIAN_POINT('',(1.674038565877,-12.45666825867,
    17.519375945191));
#4330 = CARTESIAN_POINT('',(2.557155700248,-12.29166093599,
    17.51028550263));
#4331 = CARTESIAN_POINT('',(3.421994651466,-12.05562100385,
    17.501190105433));
#4332 = CARTESIAN_POINT('',(5.131947523076,-11.4354648503,
    17.482666793029));
#4333 = CARTESIAN_POINT('',(5.975560042833,-11.04618445065,
    17.473235141936));
#4334 = CARTESIAN_POINT('',(6.785087264747,-10.58588760443,
    17.463801102051));
#4335 = CARTESIAN_POINT('',(7.55359633332,-10.05813625879,
    17.454366658612));
#4336 = CARTESIAN_POINT('',(8.274677154273,-9.467217948607,
    17.444932764469));
#4337 = CARTESIAN_POINT('',(8.942418307452,-8.818091344837,
    17.435499905356));
#4338 = CARTESIAN_POINT('',(9.551456535804,-8.116428916704,
    17.426068952658));
#4339 = CARTESIAN_POINT('',(10.653259797249,-6.606673886979,
    17.40703396569));
#4340 = CARTESIAN_POINT('',(11.143816315163,-5.79643593603,
    17.397425710565));
#4341 = CARTESIAN_POINT('',(11.563695110549,-4.944888388247,
    17.387820358193));
#4342 = CARTESIAN_POINT('',(11.90892699496,-4.059283032585,
    17.378216575894));
#4343 = CARTESIAN_POINT('',(12.176456247886,-3.147196083484,
    17.368611060863));
#4344 = CARTESIAN_POINT('',(12.364078844468,-2.216491268507,
    17.359000697672));
#4345 = CARTESIAN_POINT('',(12.470510508209,-1.275327833702,
    17.349384690809));
#4346 = CARTESIAN_POINT('',(12.522650078967,0.685804035208,
    17.329384780548));
#4347 = CARTESIAN_POINT('',(12.454936323718,1.706648909652,
    17.31899490927));
#4348 = CARTESIAN_POINT('',(12.292063536841,2.719560406275,
    17.308602446037));
#4349 = CARTESIAN_POINT('',(12.035225353376,3.714198726054,
    17.298209401258));
#4350 = CARTESIAN_POINT('',(11.686867901694,4.680596290688,
    17.287818698778));
#4351 = CARTESIAN_POINT('',(11.250586081839,5.609136742356,
    17.277433555901));
#4352 = CARTESIAN_POINT('',(10.731224993224,6.490598478586,
    17.267056400142));
#4353 = CARTESIAN_POINT('',(9.270872366501,8.513605954303,17.24166255559
    ));
#4354 = CARTESIAN_POINT('',(8.243749207996,9.59584544207,17.226632440883
    ));
#4355 = CARTESIAN_POINT('',(7.073310228516,10.534400926032,
    17.211632651071));
#4356 = CARTESIAN_POINT('',(5.783719577615,11.308375232581,
    17.196645264706));
#4357 = CARTESIAN_POINT('',(4.401370210558,11.90097592848,
    17.181632151697));
#4358 = CARTESIAN_POINT('',(2.955318441055,12.300637063358,
    17.166557160236));
#4359 = CARTESIAN_POINT('',(1.476658608929,12.500000005461,
    17.151442680375));
#4360 = CARTESIAN_POINT('',(-1.18390133799E-14,12.5,17.136352492289));
#4361 = PCURVE('',#2300,#4362);
#4362 = DEFINITIONAL_REPRESENTATION('',(#4363),#4436);
#4363 = B_SPLINE_CURVE_WITH_KNOTS('',8,(#4364,#4365,#4366,#4367,#4368,
    #4369,#4370,#4371,#4372,#4373,#4374,#4375,#4376,#4377,#4378,#4379,
    #4380,#4381,#4382,#4383,#4384,#4385,#4386,#4387,#4388,#4389,#4390,
    #4391,#4392,#4393,#4394,#4395,#4396,#4397,#4398,#4399,#4400,#4401,
    #4402,#4403,#4404,#4405,#4406,#4407,#4408,#4409,#4410,#4411,#4412,
    #4413,#4414,#4415,#4416,#4417,#4418,#4419,#4420,#4421,#4422,#4423,
    #4424,#4425,#4426,#4427,#4428,#4429,#4430,#4431,#4432,#4433,#4434,
    #4435),.UNSPECIFIED.,.F.,.F.,(9,7,7,7,7,7,7,7,7,7,9),(0.,
    9.332223303926E-02,0.142333384723,0.1919287594,0.353154535587,
    0.464348920903,0.55536563198,0.649670118829,0.745792227533,
    0.849548455201,1.),.UNSPECIFIED.);
#4364 = CARTESIAN_POINT('',(0.414972157217,33.253027896687));
#4365 = CARTESIAN_POINT('',(0.414945519383,33.32689424898));
#4366 = CARTESIAN_POINT('',(0.414922101603,33.400776564955));
#4367 = CARTESIAN_POINT('',(0.414906544298,33.474652465092));
#4368 = CARTESIAN_POINT('',(0.414904666224,33.548519805482));
#4369 = CARTESIAN_POINT('',(0.414919253868,33.622386718731));
#4370 = CARTESIAN_POINT('',(0.414948109898,33.696261744823));
#4371 = CARTESIAN_POINT('',(0.414984360682,33.770144051919));
#4372 = CARTESIAN_POINT('',(0.415037226825,33.882808777166));
#4373 = CARTESIAN_POINT('',(0.415055266629,33.92160408768));
#4374 = CARTESIAN_POINT('',(0.415071415669,33.960399567488));
#4375 = CARTESIAN_POINT('',(0.415084320637,33.999195101631));
#4376 = CARTESIAN_POINT('',(0.415093001532,34.037990571359));
#4377 = CARTESIAN_POINT('',(0.415096851658,34.076785854126));
#4378 = CARTESIAN_POINT('',(0.415095637624,34.115580823593));
#4379 = CARTESIAN_POINT('',(0.4150832879,34.193632314379));
#4380 = CARTESIAN_POINT('',(0.41507169555,34.232889307396));
#4381 = CARTESIAN_POINT('',(0.415056258987,34.272146494977));
#4382 = CARTESIAN_POINT('',(0.415039004617,34.311403920322));
#4383 = CARTESIAN_POINT('',(0.415022448569,34.350661503533));
#4384 = CARTESIAN_POINT('',(0.415009596687,34.389919041616));
#4385 = CARTESIAN_POINT('',(0.415003944538,34.429176208479));
#4386 = CARTESIAN_POINT('',(0.415027463785,34.59604798215));
#4387 = CARTESIAN_POINT('',(0.415130350776,34.723895246775));
#4388 = CARTESIAN_POINT('',(0.415176532601,34.851610352306));
#4389 = CARTESIAN_POINT('',(0.415053177227,34.979253167864));
#4390 = CARTESIAN_POINT('',(0.414958072275,35.106893761995));
#4391 = CARTESIAN_POINT('',(0.414904326933,35.23460272752));
#4392 = CARTESIAN_POINT('',(0.414903234314,35.362455523359));
#4393 = CARTESIAN_POINT('',(0.414949622244,35.578092433866));
#4394 = CARTESIAN_POINT('',(0.414982370899,35.666146062327));
#4395 = CARTESIAN_POINT('',(0.415022298556,35.754181207105));
#4396 = CARTESIAN_POINT('',(0.415058628151,35.842201435985));
#4397 = CARTESIAN_POINT('',(0.415082110417,35.930221772489));
#4398 = CARTESIAN_POINT('',(0.415090738663,36.018256927183));
#4399 = CARTESIAN_POINT('',(0.415086842048,36.106309860948));
#4400 = CARTESIAN_POINT('',(0.41506476936,36.266368503597));
#4401 = CARTESIAN_POINT('',(0.415049317728,36.338424847421));
#4402 = CARTESIAN_POINT('',(0.41503062003,36.410475250496));
#4403 = CARTESIAN_POINT('',(0.415011958904,36.482518304445));
#4404 = CARTESIAN_POINT('',(0.414996207253,36.554561269565));
#4405 = CARTESIAN_POINT('',(0.414985020385,36.626611435354));
#4406 = CARTESIAN_POINT('',(0.414978642165,36.69866746943));
#4407 = CARTESIAN_POINT('',(0.414973924507,36.845356443279));
#4408 = CARTESIAN_POINT('',(0.41497586749,36.920017002236));
#4409 = CARTESIAN_POINT('',(0.414981458076,36.994671169209));
#4410 = CARTESIAN_POINT('',(0.414988616141,37.069317656836));
#4411 = CARTESIAN_POINT('',(0.414995022094,37.143965012912));
#4412 = CARTESIAN_POINT('',(0.414998938023,37.218621448258));
#4413 = CARTESIAN_POINT('',(0.414999705385,37.29328463241));
#4414 = CARTESIAN_POINT('',(0.414996098685,37.444017022539));
#4415 = CARTESIAN_POINT('',(0.414991632475,37.520120285915));
#4416 = CARTESIAN_POINT('',(0.414984924469,37.596216119329));
#4417 = CARTESIAN_POINT('',(0.414977836062,37.672302161093));
#4418 = CARTESIAN_POINT('',(0.414972816252,37.74838757132));
#4419 = CARTESIAN_POINT('',(0.414972063732,37.824481763004));
#4420 = CARTESIAN_POINT('',(0.414976720997,37.900583108614));
#4421 = CARTESIAN_POINT('',(0.414996224882,38.058794847914));
#4422 = CARTESIAN_POINT('',(0.415011896604,38.140946767649));
#4423 = CARTESIAN_POINT('',(0.415032385815,38.223085788527));
#4424 = CARTESIAN_POINT('',(0.415055119189,38.305213845271));
#4425 = CARTESIAN_POINT('',(0.415075106955,38.387342404223));
#4426 = CARTESIAN_POINT('',(0.415087067946,38.46948262981));
#4427 = CARTESIAN_POINT('',(0.415088077062,38.551635594713));
#4428 = CARTESIAN_POINT('',(0.415064758713,38.752850273565));
#4429 = CARTESIAN_POINT('',(0.415028826355,38.872099318476));
#4430 = CARTESIAN_POINT('',(0.414971583841,38.991253004915));
#4431 = CARTESIAN_POINT('',(0.414909231986,39.110352209468));
#4432 = CARTESIAN_POINT('',(0.414874507014,39.229450453006));
#4433 = CARTESIAN_POINT('',(0.414904466503,39.348602704306));
#4434 = CARTESIAN_POINT('',(0.414964523996,39.467851089734));
#4435 = CARTESIAN_POINT('',(0.41502030578,39.586938986474));
#4436 = ( GEOMETRIC_REPRESENTATION_CONTEXT(2) 
PARAMETRIC_REPRESENTATION_CONTEXT() REPRESENTATION_CONTEXT('2D SPACE',''
  ) );
#4437 = PCURVE('',#700,#4438);
#4438 = DEFINITIONAL_REPRESENTATION('',(#4439),#4512);
#4439 = B_SPLINE_CURVE_WITH_KNOTS('',8,(#4440,#4441,#4442,#4443,#4444,
    #4445,#4446,#4447,#4448,#4449,#4450,#4451,#4452,#4453,#4454,#4455,
    #4456,#4457,#4458,#4459,#4460,#4461,#4462,#4463,#4464,#4465,#4466,
    #4467,#4468,#4469,#4470,#4471,#4472,#4473,#4474,#4475,#4476,#4477,
    #4478,#4479,#4480,#4481,#4482,#4483,#4484,#4485,#4486,#4487,#4488,
    #4489,#4490,#4491,#4492,#4493,#4494,#4495,#4496,#4497,#4498,#4499,
    #4500,#4501,#4502,#4503,#4504,#4505,#4506,#4507,#4508,#4509,#4510,
    #4511),.UNSPECIFIED.,.F.,.F.,(9,7,7,7,7,7,7,7,7,7,9),(0.,
    9.332223303926E-02,0.142333384723,0.1919287594,0.353154535587,
    0.464348920903,0.55536563198,0.649670118829,0.745792227533,
    0.849548455201,1.),.UNSPECIFIED.);
#4440 = CARTESIAN_POINT('',(-6.28318530718,-4.763605165243));
#4441 = CARTESIAN_POINT('',(-6.209910429701,-4.772911461872));
#4442 = CARTESIAN_POINT('',(-6.136619589975,-4.782222596265));
#4443 = CARTESIAN_POINT('',(-6.063335007608,-4.791539807775));
#4444 = CARTESIAN_POINT('',(-5.990058931774,-4.80086792407));
#4445 = CARTESIAN_POINT('',(-5.916783480243,-4.810210413848));
#4446 = CARTESIAN_POINT('',(-5.843500355058,-4.81956643036));
#4447 = CARTESIAN_POINT('',(-5.770210434839,-4.828929845726));
#4448 = CARTESIAN_POINT('',(-5.658449386109,-4.843206205031));
#4449 = CARTESIAN_POINT('',(-5.61996532118,-4.848122025566));
#4450 = CARTESIAN_POINT('',(-5.581481115432,-4.853036210723));
#4451 = CARTESIAN_POINT('',(-5.542996835837,-4.8579475602));
#4452 = CARTESIAN_POINT('',(-5.50451254984,-4.862855200318));
#4453 = CARTESIAN_POINT('',(-5.466028325361,-4.867758584022));
#4454 = CARTESIAN_POINT('',(-5.427544230796,-4.872657490883));
#4455 = CARTESIAN_POINT('',(-5.350117703292,-4.882504907184));
#4456 = CARTESIAN_POINT('',(-5.311174611992,-4.887453075914));
#4457 = CARTESIAN_POINT('',(-5.272231127789,-4.89239790103));
#4458 = CARTESIAN_POINT('',(-5.233287377009,-4.897341163723));
#4459 = CARTESIAN_POINT('',(-5.194343545622,-4.902285058627));
#4460 = CARTESIAN_POINT('',(-5.15539987925,-4.907232193824));
#4461 = CARTESIAN_POINT('',(-5.11645668316,-4.912185590839));
#4462 = CARTESIAN_POINT('',(-4.950919606488,-4.93328282328));
#4463 = CARTESIAN_POINT('',(-4.824089518446,-4.949520630651));
#4464 = CARTESIAN_POINT('',(-4.697401149862,-4.965692059243));
#4465 = CARTESIAN_POINT('',(-4.570784671074,-4.98170580683));
#4466 = CARTESIAN_POINT('',(-4.44416776089,-4.997744027955));
#4467 = CARTESIAN_POINT('',(-4.317481623965,-5.013827125212));
#4468 = CARTESIAN_POINT('',(-4.190652257582,-5.02997452426));
#4469 = CARTESIAN_POINT('',(-3.976741611624,-5.057251036803));
#4470 = CARTESIAN_POINT('',(-3.889392926842,-5.068401282684));
#4471 = CARTESIAN_POINT('',(-3.802062802695,-5.079555484324));
#4472 = CARTESIAN_POINT('',(-3.714747784112,-5.090704649269));
#4473 = CARTESIAN_POINT('',(-3.627432808352,-5.101842570681));
#4474 = CARTESIAN_POINT('',(-3.540103052919,-5.11296934828));
#4475 = CARTESIAN_POINT('',(-3.452755439763,-5.1240873969));
#4476 = CARTESIAN_POINT('',(-3.293978425876,-5.144284148896));
#4477 = CARTESIAN_POINT('',(-3.222498882055,-5.153371634895));
#4478 = CARTESIAN_POINT('',(-3.151025034017,-5.162455526281));
#4479 = CARTESIAN_POINT('',(-3.079558311091,-5.171538521484));
#4480 = CARTESIAN_POINT('',(-3.008091591293,-5.180624054809));
#4481 = CARTESIAN_POINT('',(-2.936617751565,-5.18971449737));
#4482 = CARTESIAN_POINT('',(-2.865138218366,-5.198809894567));
#4483 = CARTESIAN_POINT('',(-2.719623243678,-5.217333206971));
#4484 = CARTESIAN_POINT('',(-2.645560418318,-5.226764858064));
#4485 = CARTESIAN_POINT('',(-2.571504206783,-5.236198897949));
#4486 = CARTESIAN_POINT('',(-2.497455913895,-5.245633341388));
#4487 = CARTESIAN_POINT('',(-2.423407024125,-5.255067235531));
#4488 = CARTESIAN_POINT('',(-2.349349296711,-5.264500094644));
#4489 = CARTESIAN_POINT('',(-2.275284916803,-5.273931047342));
#4490 = CARTESIAN_POINT('',(-2.125761285457,-5.29296603431));
#4491 = CARTESIAN_POINT('',(-2.050268246487,-5.302574289435));
#4492 = CARTESIAN_POINT('',(-1.974782399262,-5.312179641807));
#4493 = CARTESIAN_POINT('',(-1.899305984308,-5.321783424106));
#4494 = CARTESIAN_POINT('',(-1.823829871673,-5.331388939137));
#4495 = CARTESIAN_POINT('',(-1.748344755946,-5.340999302328));
#4496 = CARTESIAN_POINT('',(-1.672852343772,-5.350615309191));
#4497 = CARTESIAN_POINT('',(-1.515906355772,-5.370615219452));
#4498 = CARTESIAN_POINT('',(-1.434411570743,-5.38100509073));
#4499 = CARTESIAN_POINT('',(-1.352929601624,-5.391397553963));
#4500 = CARTESIAN_POINT('',(-1.271458685743,-5.401790598742));
#4501 = CARTESIAN_POINT('',(-1.189987558317,-5.412181301221));
#4502 = CARTESIAN_POINT('',(-1.108505148579,-5.422566444099));
#4503 = CARTESIAN_POINT('',(-1.027010288574,-5.432943599858));
#4504 = CARTESIAN_POINT('',(-0.827407658673,-5.45833744441));
#4505 = CARTESIAN_POINT('',(-0.70911412441,-5.473367559117));
#4506 = CARTESIAN_POINT('',(-0.590915038512,-5.488367348929));
#4507 = CARTESIAN_POINT('',(-0.472769176926,-5.503354735294));
#4508 = CARTESIAN_POINT('',(-0.354623722949,-5.518367848302));
#4509 = CARTESIAN_POINT('',(-0.236425077606,-5.533442839764));
#4510 = CARTESIAN_POINT('',(-0.118132688714,-5.548557319625));
#4511 = CARTESIAN_POINT('',(0.,-5.563647507711));
#4512 = ( GEOMETRIC_REPRESENTATION_CONTEXT(2) 
PARAMETRIC_REPRESENTATION_CONTEXT() REPRESENTATION_CONTEXT('2D SPACE',''
  ) );
#4513 = ORIENTED_EDGE('',*,*,#2677,.T.);
#4514 = ORIENTED_EDGE('',*,*,#3011,.T.);
#4515 = ADVANCED_FACE('',(#4516),#1931,.F.);
#4516 = FACE_BOUND('',#4517,.T.);
#4517 = EDGE_LOOP('',(#4518,#4519,#4540,#4541));
#4518 = ORIENTED_EDGE('',*,*,#3157,.T.);
#4519 = ORIENTED_EDGE('',*,*,#4520,.T.);
#4520 = EDGE_CURVE('',#3158,#1557,#4521,.T.);
#4521 = SURFACE_CURVE('',#4522,(#4526,#4533),.PCURVE_S1.);
#4522 = LINE('',#4523,#4524);
#4523 = CARTESIAN_POINT('',(-2.22044604925E-17,12.5,22.7));
#4524 = VECTOR('',#4525,1.);
#4525 = DIRECTION('',(1.110223024625E-16,0.,-1.));
#4526 = PCURVE('',#1931,#4527);
#4527 = DEFINITIONAL_REPRESENTATION('',(#4528),#4532);
#4528 = LINE('',#4529,#4530);
#4529 = CARTESIAN_POINT('',(-0.,0.));
#4530 = VECTOR('',#4531,1.);
#4531 = DIRECTION('',(-0.,-1.));
#4532 = ( GEOMETRIC_REPRESENTATION_CONTEXT(2) 
PARAMETRIC_REPRESENTATION_CONTEXT() REPRESENTATION_CONTEXT('2D SPACE',''
  ) );
#4533 = PCURVE('',#1710,#4534);
#4534 = DEFINITIONAL_REPRESENTATION('',(#4535),#4539);
#4535 = LINE('',#4536,#4537);
#4536 = CARTESIAN_POINT('',(-6.28318530718,0.));
#4537 = VECTOR('',#4538,1.);
#4538 = DIRECTION('',(-0.,-1.));
#4539 = ( GEOMETRIC_REPRESENTATION_CONTEXT(2) 
PARAMETRIC_REPRESENTATION_CONTEXT() REPRESENTATION_CONTEXT('2D SPACE',''
  ) );
#4540 = ORIENTED_EDGE('',*,*,#1791,.F.);
#4541 = ORIENTED_EDGE('',*,*,#2653,.F.);
#4542 = ADVANCED_FACE('',(#4543),#1710,.F.);
#4543 = FACE_BOUND('',#4544,.T.);
#4544 = EDGE_LOOP('',(#4545,#4546,#4567,#4568));
#4545 = ORIENTED_EDGE('',*,*,#3366,.T.);
#4546 = ORIENTED_EDGE('',*,*,#4547,.T.);
#4547 = EDGE_CURVE('',#3367,#1322,#4548,.T.);
#4548 = SURFACE_CURVE('',#4549,(#4553,#4560),.PCURVE_S1.);
#4549 = LINE('',#4550,#4551);
#4550 = CARTESIAN_POINT('',(-2.22044604925E-17,12.5,22.7));
#4551 = VECTOR('',#4552,1.);
#4552 = DIRECTION('',(1.110223024625E-16,0.,-1.));
#4553 = PCURVE('',#1710,#4554);
#4554 = DEFINITIONAL_REPRESENTATION('',(#4555),#4559);
#4555 = LINE('',#4556,#4557);
#4556 = CARTESIAN_POINT('',(-0.,0.));
#4557 = VECTOR('',#4558,1.);
#4558 = DIRECTION('',(-0.,-1.));
#4559 = ( GEOMETRIC_REPRESENTATION_CONTEXT(2) 
PARAMETRIC_REPRESENTATION_CONTEXT() REPRESENTATION_CONTEXT('2D SPACE',''
  ) );
#4560 = PCURVE('',#1475,#4561);
#4561 = DEFINITIONAL_REPRESENTATION('',(#4562),#4566);
#4562 = LINE('',#4563,#4564);
#4563 = CARTESIAN_POINT('',(-6.28318530718,0.));
#4564 = VECTOR('',#4565,1.);
#4565 = DIRECTION('',(-0.,-1.));
#4566 = ( GEOMETRIC_REPRESENTATION_CONTEXT(2) 
PARAMETRIC_REPRESENTATION_CONTEXT() REPRESENTATION_CONTEXT('2D SPACE',''
  ) );
#4567 = ORIENTED_EDGE('',*,*,#1556,.F.);
#4568 = ORIENTED_EDGE('',*,*,#4520,.F.);
#4569 = ADVANCED_FACE('',(#4570),#1475,.F.);
#4570 = FACE_BOUND('',#4571,.T.);
#4571 = EDGE_LOOP('',(#4572,#4573,#4594,#4595));
#4572 = ORIENTED_EDGE('',*,*,#3617,.T.);
#4573 = ORIENTED_EDGE('',*,*,#4574,.T.);
#4574 = EDGE_CURVE('',#3618,#1066,#4575,.T.);
#4575 = SURFACE_CURVE('',#4576,(#4580,#4587),.PCURVE_S1.);
#4576 = LINE('',#4577,#4578);
#4577 = CARTESIAN_POINT('',(-2.22044604925E-17,12.5,22.7));
#4578 = VECTOR('',#4579,1.);
#4579 = DIRECTION('',(1.110223024625E-16,0.,-1.));
#4580 = PCURVE('',#1475,#4581);
#4581 = DEFINITIONAL_REPRESENTATION('',(#4582),#4586);
#4582 = LINE('',#4583,#4584);
#4583 = CARTESIAN_POINT('',(-0.,0.));
#4584 = VECTOR('',#4585,1.);
#4585 = DIRECTION('',(-0.,-1.));
#4586 = ( GEOMETRIC_REPRESENTATION_CONTEXT(2) 
PARAMETRIC_REPRESENTATION_CONTEXT() REPRESENTATION_CONTEXT('2D SPACE',''
  ) );
#4587 = PCURVE('',#1233,#4588);
#4588 = DEFINITIONAL_REPRESENTATION('',(#4589),#4593);
#4589 = LINE('',#4590,#4591);
#4590 = CARTESIAN_POINT('',(-6.28318530718,0.));
#4591 = VECTOR('',#4592,1.);
#4592 = DIRECTION('',(-0.,-1.));
#4593 = ( GEOMETRIC_REPRESENTATION_CONTEXT(2) 
PARAMETRIC_REPRESENTATION_CONTEXT() REPRESENTATION_CONTEXT('2D SPACE',''
  ) );
#4594 = ORIENTED_EDGE('',*,*,#1321,.F.);
#4595 = ORIENTED_EDGE('',*,*,#4547,.F.);
#4596 = ADVANCED_FACE('',(#4597),#1233,.F.);
#4597 = FACE_BOUND('',#4598,.T.);
#4598 = EDGE_LOOP('',(#4599,#4600,#4621,#4622));
#4599 = ORIENTED_EDGE('',*,*,#3826,.T.);
#4600 = ORIENTED_EDGE('',*,*,#4601,.T.);
#4601 = EDGE_CURVE('',#3827,#789,#4602,.T.);
#4602 = SURFACE_CURVE('',#4603,(#4607,#4614),.PCURVE_S1.);
#4603 = LINE('',#4604,#4605);
#4604 = CARTESIAN_POINT('',(-2.22044604925E-17,12.5,22.7));
#4605 = VECTOR('',#4606,1.);
#4606 = DIRECTION('',(1.110223024625E-16,0.,-1.));
#4607 = PCURVE('',#1233,#4608);
#4608 = DEFINITIONAL_REPRESENTATION('',(#4609),#4613);
#4609 = LINE('',#4610,#4611);
#4610 = CARTESIAN_POINT('',(-0.,0.));
#4611 = VECTOR('',#4612,1.);
#4612 = DIRECTION('',(-0.,-1.));
#4613 = ( GEOMETRIC_REPRESENTATION_CONTEXT(2) 
PARAMETRIC_REPRESENTATION_CONTEXT() REPRESENTATION_CONTEXT('2D SPACE',''
  ) );
#4614 = PCURVE('',#970,#4615);
#4615 = DEFINITIONAL_REPRESENTATION('',(#4616),#4620);
#4616 = LINE('',#4617,#4618);
#4617 = CARTESIAN_POINT('',(-6.28318530718,0.));
#4618 = VECTOR('',#4619,1.);
#4619 = DIRECTION('',(-0.,-1.));
#4620 = ( GEOMETRIC_REPRESENTATION_CONTEXT(2) 
PARAMETRIC_REPRESENTATION_CONTEXT() REPRESENTATION_CONTEXT('2D SPACE',''
  ) );
#4621 = ORIENTED_EDGE('',*,*,#1065,.F.);
#4622 = ORIENTED_EDGE('',*,*,#4574,.F.);
#4623 = ADVANCED_FACE('',(#4624),#970,.F.);
#4624 = FACE_BOUND('',#4625,.T.);
#4625 = EDGE_LOOP('',(#4626,#4627,#4648,#4649));
#4626 = ORIENTED_EDGE('',*,*,#4035,.T.);
#4627 = ORIENTED_EDGE('',*,*,#4628,.T.);
#4628 = EDGE_CURVE('',#4036,#533,#4629,.T.);
#4629 = SURFACE_CURVE('',#4630,(#4634,#4641),.PCURVE_S1.);
#4630 = LINE('',#4631,#4632);
#4631 = CARTESIAN_POINT('',(-2.22044604925E-17,12.5,22.7));
#4632 = VECTOR('',#4633,1.);
#4633 = DIRECTION('',(1.110223024625E-16,0.,-1.));
#4634 = PCURVE('',#970,#4635);
#4635 = DEFINITIONAL_REPRESENTATION('',(#4636),#4640);
#4636 = LINE('',#4637,#4638);
#4637 = CARTESIAN_POINT('',(-0.,0.));
#4638 = VECTOR('',#4639,1.);
#4639 = DIRECTION('',(-0.,-1.));
#4640 = ( GEOMETRIC_REPRESENTATION_CONTEXT(2) 
PARAMETRIC_REPRESENTATION_CONTEXT() REPRESENTATION_CONTEXT('2D SPACE',''
  ) );
#4641 = PCURVE('',#700,#4642);
#4642 = DEFINITIONAL_REPRESENTATION('',(#4643),#4647);
#4643 = LINE('',#4644,#4645);
#4644 = CARTESIAN_POINT('',(-6.28318530718,0.));
#4645 = VECTOR('',#4646,1.);
#4646 = DIRECTION('',(-0.,-1.));
#4647 = ( GEOMETRIC_REPRESENTATION_CONTEXT(2) 
PARAMETRIC_REPRESENTATION_CONTEXT() REPRESENTATION_CONTEXT('2D SPACE',''
  ) );
#4648 = ORIENTED_EDGE('',*,*,#788,.F.);
#4649 = ORIENTED_EDGE('',*,*,#4601,.F.);
#4650 = ADVANCED_FACE('',(#4651),#700,.F.);
#4651 = FACE_BOUND('',#4652,.T.);
#4652 = EDGE_LOOP('',(#4653,#4654,#4655,#4656));
#4653 = ORIENTED_EDGE('',*,*,#4286,.T.);
#4654 = ORIENTED_EDGE('',*,*,#2960,.T.);
#4655 = ORIENTED_EDGE('',*,*,#532,.F.);
#4656 = ORIENTED_EDGE('',*,*,#4628,.F.);
#4657 = ( GEOMETRIC_REPRESENTATION_CONTEXT(3) 
GLOBAL_UNCERTAINTY_ASSIGNED_CONTEXT((#4661)) 
GLOBAL_UNIT_ASSIGNED_CONTEXT((#4658,#4659,#4660)) REPRESENTATION_CONTEXT
('Context #1','3D Context with UNIT and UNCERTAINTY') );
#4658 = ( LENGTH_UNIT() NAMED_UNIT(*) SI_UNIT(.MILLI.,.METRE.) );
#4659 = ( NAMED_UNIT(*) PLANE_ANGLE_UNIT() SI_UNIT($,.RADIAN.) );
#4660 = ( NAMED_UNIT(*) SI_UNIT($,.STERADIAN.) SOLID_ANGLE_UNIT() );
#4661 = UNCERTAINTY_MEASURE_WITH_UNIT(LENGTH_MEASURE(5.E-06),#4658,
  'distance_accuracy_value','confusion accuracy');
#4662 = PRODUCT_RELATED_PRODUCT_CATEGORY('part',$,(#7));
ENDSEC;
END-ISO-10303-21;
