ISO-10303-21;
HEADER;
FILE_DESCRIPTION(('Open CASCADE Model'),'2;1');
FILE_NAME('Open CASCADE Shape Model','2026-08-14T21:25:39',('Author'),(
    'Open CASCADE'),'Open CASCADE STEP processor 7.8','Open CASCADE 7.8'
  ,'Unknown');
FILE_SCHEMA(('AUTOMOTIVE_DESIGN { 1 0 10303 214 1 1 1 1 }'));
ENDSEC;
DATA;
#1 = APPLICATION_PROTOCOL_DEFINITION('international standard',
  'automotive_design',2000,#2);
#2 = APPLICATION_CONTEXT(
  'core data for automotive mechanical design processes');
#3 = SHAPE_DEFINITION_REPRESENTATION(#4,#10);
#4 = PRODUCT_DEFINITION_SHAPE('','',#5);
#5 = PRODUCT_DEFINITION('design','',#6,#9);
#6 = PRODUCT_DEFINITION_FORMATION('','',#7);
#7 = PRODUCT('Open CASCADE STEP translator 7.8 2',
  'Open CASCADE STEP translator 7.8 2','',(#8));
#8 = PRODUCT_CONTEXT('',#2,'mechanical');
#9 = PRODUCT_DEFINITION_CONTEXT('part definition',#2,'design');
#10 = SHAPE_REPRESENTATION('',(#11,#15,#19,#23,#27),#31);
#11 = AXIS2_PLACEMENT_3D('',#12,#13,#14);
#12 = CARTESIAN_POINT('',(0.,0.,0.));
#13 = DIRECTION('',(0.,0.,1.));
#14 = DIRECTION('',(1.,0.,-0.));
#15 = AXIS2_PLACEMENT_3D('',#16,#17,#18);
#16 = CARTESIAN_POINT('',(0.,0.,0.));
#17 = DIRECTION('',(0.,0.,1.));
#18 = DIRECTION('',(1.,0.,-0.));
#19 = AXIS2_PLACEMENT_3D('',#20,#21,#22);
#20 = CARTESIAN_POINT('',(0.,0.,0.));
#21 = DIRECTION('',(0.,0.,1.));
#22 = DIRECTION('',(1.,0.,-0.));
#23 = AXIS2_PLACEMENT_3D('',#24,#25,#26);
#24 = CARTESIAN_POINT('',(0.,0.,0.));
#25 = DIRECTION('',(0.,0.,1.));
#26 = DIRECTION('',(1.,0.,-0.));
#27 = AXIS2_PLACEMENT_3D('',#28,#29,#30);
#28 = CARTESIAN_POINT('',(0.,0.,0.));
#29 = DIRECTION('',(0.,0.,1.));
#30 = DIRECTION('',(1.,0.,-0.));
#31 = ( GEOMETRIC_REPRESENTATION_CONTEXT(3) 
GLOBAL_UNCERTAINTY_ASSIGNED_CONTEXT((#35)) GLOBAL_UNIT_ASSIGNED_CONTEXT(
(#32,#33,#34)) REPRESENTATION_CONTEXT('Context #1',
  '3D Context with UNIT and UNCERTAINTY') );
#32 = ( LENGTH_UNIT() NAMED_UNIT(*) SI_UNIT(.MILLI.,.METRE.) );
#33 = ( NAMED_UNIT(*) PLANE_ANGLE_UNIT() SI_UNIT($,.RADIAN.) );
#34 = ( NAMED_UNIT(*) SI_UNIT($,.STERADIAN.) SOLID_ANGLE_UNIT() );
#35 = UNCERTAINTY_MEASURE_WITH_UNIT(LENGTH_MEASURE(2.E-06),#32,
  'distance_accuracy_value','confusion accuracy');
#36 = PRODUCT_RELATED_PRODUCT_CATEGORY('part',$,(#7));
#37 = SHAPE_DEFINITION_REPRESENTATION(#38,#44);
#38 = PRODUCT_DEFINITION_SHAPE('','',#39);
#39 = PRODUCT_DEFINITION('design','',#40,#43);
#40 = PRODUCT_DEFINITION_FORMATION('','',#41);
#41 = PRODUCT('Open CASCADE STEP translator 7.8 2.1',
  'Open CASCADE STEP translator 7.8 2.1','',(#42));
#42 = PRODUCT_CONTEXT('',#2,'mechanical');
#43 = PRODUCT_DEFINITION_CONTEXT('part definition',#2,'design');
#44 = ADVANCED_BREP_SHAPE_REPRESENTATION('',(#11,#45),#143);
#45 = MANIFOLD_SOLID_BREP('',#46);
#46 = CLOSED_SHELL('',(#47,#135,#139));
#47 = ADVANCED_FACE('',(#48),#61,.T.);
#48 = FACE_BOUND('',#49,.T.);
#49 = EDGE_LOOP('',(#50,#84,#107,#134));
#50 = ORIENTED_EDGE('',*,*,#51,.F.);
#51 = EDGE_CURVE('',#52,#52,#54,.T.);
#52 = VERTEX_POINT('',#53);
#53 = CARTESIAN_POINT('',(269.8,210.,540.3));
#54 = SURFACE_CURVE('',#55,(#60,#72),.PCURVE_S1.);
#55 = CIRCLE('',#56,14.8);
#56 = AXIS2_PLACEMENT_3D('',#57,#58,#59);
#57 = CARTESIAN_POINT('',(255.,210.,540.3));
#58 = DIRECTION('',(0.,0.,1.));
#59 = DIRECTION('',(1.,0.,-0.));
#60 = PCURVE('',#61,#66);
#61 = CONICAL_SURFACE('',#62,20.,0.785398163397);
#62 = AXIS2_PLACEMENT_3D('',#63,#64,#65);
#63 = CARTESIAN_POINT('',(255.,210.,535.1));
#64 = DIRECTION('',(-0.,-0.,-1.));
#65 = DIRECTION('',(1.,0.,-0.));
#66 = DEFINITIONAL_REPRESENTATION('',(#67),#71);
#67 = LINE('',#68,#69);
#68 = CARTESIAN_POINT('',(-0.,-5.2));
#69 = VECTOR('',#70,1.);
#70 = DIRECTION('',(-1.,-0.));
#71 = ( GEOMETRIC_REPRESENTATION_CONTEXT(2) 
PARAMETRIC_REPRESENTATION_CONTEXT() REPRESENTATION_CONTEXT('2D SPACE',''
  ) );
#72 = PCURVE('',#73,#78);
#73 = PLANE('',#74);
#74 = AXIS2_PLACEMENT_3D('',#75,#76,#77);
#75 = CARTESIAN_POINT('',(255.,210.,540.3));
#76 = DIRECTION('',(0.,0.,1.));
#77 = DIRECTION('',(1.,0.,-0.));
#78 = DEFINITIONAL_REPRESENTATION('',(#79),#83);
#79 = CIRCLE('',#80,14.8);
#80 = AXIS2_PLACEMENT_2D('',#81,#82);
#81 = CARTESIAN_POINT('',(0.,0.));
#82 = DIRECTION('',(1.,0.));
#83 = ( GEOMETRIC_REPRESENTATION_CONTEXT(2) 
PARAMETRIC_REPRESENTATION_CONTEXT() REPRESENTATION_CONTEXT('2D SPACE',''
  ) );
#84 = ORIENTED_EDGE('',*,*,#85,.F.);
#85 = EDGE_CURVE('',#86,#52,#88,.T.);
#86 = VERTEX_POINT('',#87);
#87 = CARTESIAN_POINT('',(275.,210.,535.1));
#88 = SEAM_CURVE('',#89,(#93,#100),.PCURVE_S1.);
#89 = LINE('',#90,#91);
#90 = CARTESIAN_POINT('',(275.,210.,535.1));
#91 = VECTOR('',#92,1.);
#92 = DIRECTION('',(-0.707106781187,1.731912112471E-16,0.707106781187));
#93 = PCURVE('',#61,#94);
#94 = DEFINITIONAL_REPRESENTATION('',(#95),#99);
#95 = LINE('',#96,#97);
#96 = CARTESIAN_POINT('',(-6.28318530718,0.));
#97 = VECTOR('',#98,1.);
#98 = DIRECTION('',(-0.,-1.));
#99 = ( GEOMETRIC_REPRESENTATION_CONTEXT(2) 
PARAMETRIC_REPRESENTATION_CONTEXT() REPRESENTATION_CONTEXT('2D SPACE',''
  ) );
#100 = PCURVE('',#61,#101);
#101 = DEFINITIONAL_REPRESENTATION('',(#102),#106);
#102 = LINE('',#103,#104);
#103 = CARTESIAN_POINT('',(0.,-0.));
#104 = VECTOR('',#105,1.);
#105 = DIRECTION('',(-0.,-1.));
#106 = ( GEOMETRIC_REPRESENTATION_CONTEXT(2) 
PARAMETRIC_REPRESENTATION_CONTEXT() REPRESENTATION_CONTEXT('2D SPACE',''
  ) );
#107 = ORIENTED_EDGE('',*,*,#108,.T.);
#108 = EDGE_CURVE('',#86,#86,#109,.T.);
#109 = SURFACE_CURVE('',#110,(#115,#122),.PCURVE_S1.);
#110 = CIRCLE('',#111,20.);
#111 = AXIS2_PLACEMENT_3D('',#112,#113,#114);
#112 = CARTESIAN_POINT('',(255.,210.,535.1));
#113 = DIRECTION('',(0.,0.,1.));
#114 = DIRECTION('',(1.,0.,-0.));
#115 = PCURVE('',#61,#116);
#116 = DEFINITIONAL_REPRESENTATION('',(#117),#121);
#117 = LINE('',#118,#119);
#118 = CARTESIAN_POINT('',(-0.,-0.));
#119 = VECTOR('',#120,1.);
#120 = DIRECTION('',(-1.,-0.));
#121 = ( GEOMETRIC_REPRESENTATION_CONTEXT(2) 
PARAMETRIC_REPRESENTATION_CONTEXT() REPRESENTATION_CONTEXT('2D SPACE',''
  ) );
#122 = PCURVE('',#123,#128);
#123 = PLANE('',#124);
#124 = AXIS2_PLACEMENT_3D('',#125,#126,#127);
#125 = CARTESIAN_POINT('',(255.,210.,535.1));
#126 = DIRECTION('',(0.,0.,1.));
#127 = DIRECTION('',(1.,0.,-0.));
#128 = DEFINITIONAL_REPRESENTATION('',(#129),#133);
#129 = CIRCLE('',#130,20.);
#130 = AXIS2_PLACEMENT_2D('',#131,#132);
#131 = CARTESIAN_POINT('',(0.,0.));
#132 = DIRECTION('',(1.,0.));
#133 = ( GEOMETRIC_REPRESENTATION_CONTEXT(2) 
PARAMETRIC_REPRESENTATION_CONTEXT() REPRESENTATION_CONTEXT('2D SPACE',''
  ) );
#134 = ORIENTED_EDGE('',*,*,#85,.T.);
#135 = ADVANCED_FACE('',(#136),#73,.T.);
#136 = FACE_BOUND('',#137,.T.);
#137 = EDGE_LOOP('',(#138));
#138 = ORIENTED_EDGE('',*,*,#51,.T.);
#139 = ADVANCED_FACE('',(#140),#123,.F.);
#140 = FACE_BOUND('',#141,.T.);
#141 = EDGE_LOOP('',(#142));
#142 = ORIENTED_EDGE('',*,*,#108,.F.);
#143 = ( GEOMETRIC_REPRESENTATION_CONTEXT(3) 
GLOBAL_UNCERTAINTY_ASSIGNED_CONTEXT((#147)) GLOBAL_UNIT_ASSIGNED_CONTEXT
((#144,#145,#146)) REPRESENTATION_CONTEXT('Context #1',
  '3D Context with UNIT and UNCERTAINTY') );
#144 = ( LENGTH_UNIT() NAMED_UNIT(*) SI_UNIT(.MILLI.,.METRE.) );
#145 = ( NAMED_UNIT(*) PLANE_ANGLE_UNIT() SI_UNIT($,.RADIAN.) );
#146 = ( NAMED_UNIT(*) SI_UNIT($,.STERADIAN.) SOLID_ANGLE_UNIT() );
#147 = UNCERTAINTY_MEASURE_WITH_UNIT(LENGTH_MEASURE(1.E-07),#144,
  'distance_accuracy_value','confusion accuracy');
#148 = CONTEXT_DEPENDENT_SHAPE_REPRESENTATION(#149,#151);
#149 = ( REPRESENTATION_RELATIONSHIP('','',#44,#10) 
REPRESENTATION_RELATIONSHIP_WITH_TRANSFORMATION(#150) 
SHAPE_REPRESENTATION_RELATIONSHIP() );
#150 = ITEM_DEFINED_TRANSFORMATION('','',#11,#15);
#151 = PRODUCT_DEFINITION_SHAPE('Placement','Placement of an item',#152
  );
#152 = NEXT_ASSEMBLY_USAGE_OCCURRENCE('1','','',#5,#39,$);
#153 = PRODUCT_RELATED_PRODUCT_CATEGORY('part',$,(#41));
#154 = SHAPE_DEFINITION_REPRESENTATION(#155,#161);
#155 = PRODUCT_DEFINITION_SHAPE('','',#156);
#156 = PRODUCT_DEFINITION('design','',#157,#160);
#157 = PRODUCT_DEFINITION_FORMATION('','',#158);
#158 = PRODUCT('Open CASCADE STEP translator 7.8 2.2',
  'Open CASCADE STEP translator 7.8 2.2','',(#159));
#159 = PRODUCT_CONTEXT('',#2,'mechanical');
#160 = PRODUCT_DEFINITION_CONTEXT('part definition',#2,'design');
#161 = ADVANCED_BREP_SHAPE_REPRESENTATION('',(#11,#162),#260);
#162 = MANIFOLD_SOLID_BREP('',#163);
#163 = CLOSED_SHELL('',(#164,#252,#256));
#164 = ADVANCED_FACE('',(#165),#178,.T.);
#165 = FACE_BOUND('',#166,.T.);
#166 = EDGE_LOOP('',(#167,#201,#224,#251));
#167 = ORIENTED_EDGE('',*,*,#168,.F.);
#168 = EDGE_CURVE('',#169,#169,#171,.T.);
#169 = VERTEX_POINT('',#170);
#170 = CARTESIAN_POINT('',(269.8,210.,547.95));
#171 = SURFACE_CURVE('',#172,(#177,#189),.PCURVE_S1.);
#172 = CIRCLE('',#173,14.8);
#173 = AXIS2_PLACEMENT_3D('',#174,#175,#176);
#174 = CARTESIAN_POINT('',(255.,210.,547.95));
#175 = DIRECTION('',(0.,0.,1.));
#176 = DIRECTION('',(1.,0.,-0.));
#177 = PCURVE('',#178,#183);
#178 = CYLINDRICAL_SURFACE('',#179,14.8);
#179 = AXIS2_PLACEMENT_3D('',#180,#181,#182);
#180 = CARTESIAN_POINT('',(255.,210.,540.3));
#181 = DIRECTION('',(0.,0.,1.));
#182 = DIRECTION('',(1.,0.,-0.));
#183 = DEFINITIONAL_REPRESENTATION('',(#184),#188);
#184 = LINE('',#185,#186);
#185 = CARTESIAN_POINT('',(0.,7.65));
#186 = VECTOR('',#187,1.);
#187 = DIRECTION('',(1.,0.));
#188 = ( GEOMETRIC_REPRESENTATION_CONTEXT(2) 
PARAMETRIC_REPRESENTATION_CONTEXT() REPRESENTATION_CONTEXT('2D SPACE',''
  ) );
#189 = PCURVE('',#190,#195);
#190 = PLANE('',#191);
#191 = AXIS2_PLACEMENT_3D('',#192,#193,#194);
#192 = CARTESIAN_POINT('',(255.,210.,547.95));
#193 = DIRECTION('',(0.,0.,1.));
#194 = DIRECTION('',(1.,0.,-0.));
#195 = DEFINITIONAL_REPRESENTATION('',(#196),#200);
#196 = CIRCLE('',#197,14.8);
#197 = AXIS2_PLACEMENT_2D('',#198,#199);
#198 = CARTESIAN_POINT('',(0.,0.));
#199 = DIRECTION('',(1.,0.));
#200 = ( GEOMETRIC_REPRESENTATION_CONTEXT(2) 
PARAMETRIC_REPRESENTATION_CONTEXT() REPRESENTATION_CONTEXT('2D SPACE',''
  ) );
#201 = ORIENTED_EDGE('',*,*,#202,.F.);
#202 = EDGE_CURVE('',#203,#169,#205,.T.);
#203 = VERTEX_POINT('',#204);
#204 = CARTESIAN_POINT('',(269.8,210.,540.3));
#205 = SEAM_CURVE('',#206,(#210,#217),.PCURVE_S1.);
#206 = LINE('',#207,#208);
#207 = CARTESIAN_POINT('',(269.8,210.,540.3));
#208 = VECTOR('',#209,1.);
#209 = DIRECTION('',(0.,0.,1.));
#210 = PCURVE('',#178,#211);
#211 = DEFINITIONAL_REPRESENTATION('',(#212),#216);
#212 = LINE('',#213,#214);
#213 = CARTESIAN_POINT('',(6.28318530718,-0.));
#214 = VECTOR('',#215,1.);
#215 = DIRECTION('',(0.,1.));
#216 = ( GEOMETRIC_REPRESENTATION_CONTEXT(2) 
PARAMETRIC_REPRESENTATION_CONTEXT() REPRESENTATION_CONTEXT('2D SPACE',''
  ) );
#217 = PCURVE('',#178,#218);
#218 = DEFINITIONAL_REPRESENTATION('',(#219),#223);
#219 = LINE('',#220,#221);
#220 = CARTESIAN_POINT('',(0.,-0.));
#221 = VECTOR('',#222,1.);
#222 = DIRECTION('',(0.,1.));
#223 = ( GEOMETRIC_REPRESENTATION_CONTEXT(2) 
PARAMETRIC_REPRESENTATION_CONTEXT() REPRESENTATION_CONTEXT('2D SPACE',''
  ) );
#224 = ORIENTED_EDGE('',*,*,#225,.T.);
#225 = EDGE_CURVE('',#203,#203,#226,.T.);
#226 = SURFACE_CURVE('',#227,(#232,#239),.PCURVE_S1.);
#227 = CIRCLE('',#228,14.8);
#228 = AXIS2_PLACEMENT_3D('',#229,#230,#231);
#229 = CARTESIAN_POINT('',(255.,210.,540.3));
#230 = DIRECTION('',(0.,0.,1.));
#231 = DIRECTION('',(1.,0.,-0.));
#232 = PCURVE('',#178,#233);
#233 = DEFINITIONAL_REPRESENTATION('',(#234),#238);
#234 = LINE('',#235,#236);
#235 = CARTESIAN_POINT('',(0.,0.));
#236 = VECTOR('',#237,1.);
#237 = DIRECTION('',(1.,0.));
#238 = ( GEOMETRIC_REPRESENTATION_CONTEXT(2) 
PARAMETRIC_REPRESENTATION_CONTEXT() REPRESENTATION_CONTEXT('2D SPACE',''
  ) );
#239 = PCURVE('',#240,#245);
#240 = PLANE('',#241);
#241 = AXIS2_PLACEMENT_3D('',#242,#243,#244);
#242 = CARTESIAN_POINT('',(255.,210.,540.3));
#243 = DIRECTION('',(0.,0.,1.));
#244 = DIRECTION('',(1.,0.,-0.));
#245 = DEFINITIONAL_REPRESENTATION('',(#246),#250);
#246 = CIRCLE('',#247,14.8);
#247 = AXIS2_PLACEMENT_2D('',#248,#249);
#248 = CARTESIAN_POINT('',(0.,0.));
#249 = DIRECTION('',(1.,0.));
#250 = ( GEOMETRIC_REPRESENTATION_CONTEXT(2) 
PARAMETRIC_REPRESENTATION_CONTEXT() REPRESENTATION_CONTEXT('2D SPACE',''
  ) );
#251 = ORIENTED_EDGE('',*,*,#202,.T.);
#252 = ADVANCED_FACE('',(#253),#190,.T.);
#253 = FACE_BOUND('',#254,.T.);
#254 = EDGE_LOOP('',(#255));
#255 = ORIENTED_EDGE('',*,*,#168,.T.);
#256 = ADVANCED_FACE('',(#257),#240,.F.);
#257 = FACE_BOUND('',#258,.T.);
#258 = EDGE_LOOP('',(#259));
#259 = ORIENTED_EDGE('',*,*,#225,.F.);
#260 = ( GEOMETRIC_REPRESENTATION_CONTEXT(3) 
GLOBAL_UNCERTAINTY_ASSIGNED_CONTEXT((#264)) GLOBAL_UNIT_ASSIGNED_CONTEXT
((#261,#262,#263)) REPRESENTATION_CONTEXT('Context #1',
  '3D Context with UNIT and UNCERTAINTY') );
#261 = ( LENGTH_UNIT() NAMED_UNIT(*) SI_UNIT(.MILLI.,.METRE.) );
#262 = ( NAMED_UNIT(*) PLANE_ANGLE_UNIT() SI_UNIT($,.RADIAN.) );
#263 = ( NAMED_UNIT(*) SI_UNIT($,.STERADIAN.) SOLID_ANGLE_UNIT() );
#264 = UNCERTAINTY_MEASURE_WITH_UNIT(LENGTH_MEASURE(1.E-07),#261,
  'distance_accuracy_value','confusion accuracy');
#265 = CONTEXT_DEPENDENT_SHAPE_REPRESENTATION(#266,#268);
#266 = ( REPRESENTATION_RELATIONSHIP('','',#161,#10) 
REPRESENTATION_RELATIONSHIP_WITH_TRANSFORMATION(#267) 
SHAPE_REPRESENTATION_RELATIONSHIP() );
#267 = ITEM_DEFINED_TRANSFORMATION('','',#11,#19);
#268 = PRODUCT_DEFINITION_SHAPE('Placement','Placement of an item',#269
  );
#269 = NEXT_ASSEMBLY_USAGE_OCCURRENCE('2','','',#5,#156,$);
#270 = PRODUCT_RELATED_PRODUCT_CATEGORY('part',$,(#158));
#271 = SHAPE_DEFINITION_REPRESENTATION(#272,#278);
#272 = PRODUCT_DEFINITION_SHAPE('','',#273);
#273 = PRODUCT_DEFINITION('design','',#274,#277);
#274 = PRODUCT_DEFINITION_FORMATION('','',#275);
#275 = PRODUCT('Open CASCADE STEP translator 7.8 2.3',
  'Open CASCADE STEP translator 7.8 2.3','',(#276));
#276 = PRODUCT_CONTEXT('',#2,'mechanical');
#277 = PRODUCT_DEFINITION_CONTEXT('part definition',#2,'design');
#278 = ADVANCED_BREP_SHAPE_REPRESENTATION('',(#11,#279),#2877);
#279 = MANIFOLD_SOLID_BREP('',#280);
#280 = CLOSED_SHELL('',(#281,#1848,#2560,#2703,#2871));
#281 = ADVANCED_FACE('',(#282),#439,.F.);
#282 = FACE_BOUND('',#283,.F.);
#283 = EDGE_LOOP('',(#284,#1038,#1231,#1690));
#284 = ORIENTED_EDGE('',*,*,#285,.F.);
#285 = EDGE_CURVE('',#286,#288,#290,.T.);
#286 = VERTEX_POINT('',#287);
#287 = CARTESIAN_POINT('',(269.69999075173,210.00000022037,540.3));
#288 = VERTEX_POINT('',#289);
#289 = CARTESIAN_POINT('',(241.41897154468,204.37455204503,547.95));
#290 = SURFACE_CURVE('',#291,(#438,#738),.PCURVE_S1.);
#291 = B_SPLINE_CURVE_WITH_KNOTS('',10,(#292,#293,#294,#295,#296,#297,
    #298,#299,#300,#301,#302,#303,#304,#305,#306,#307,#308,#309,#310,
    #311,#312,#313,#314,#315,#316,#317,#318,#319,#320,#321,#322,#323,
    #324,#325,#326,#327,#328,#329,#330,#331,#332,#333,#334,#335,#336,
    #337,#338,#339,#340,#341,#342,#343,#344,#345,#346,#347,#348,#349,
    #350,#351,#352,#353,#354,#355,#356,#357,#358,#359,#360,#361,#362,
    #363,#364,#365,#366,#367,#368,#369,#370,#371,#372,#373,#374,#375,
    #376,#377,#378,#379,#380,#381,#382,#383,#384,#385,#386,#387,#388,
    #389,#390,#391,#392,#393,#394,#395,#396,#397,#398,#399,#400,#401,
    #402,#403,#404,#405,#406,#407,#408,#409,#410,#411,#412,#413,#414,
    #415,#416,#417,#418,#419,#420,#421,#422,#423,#424,#425,#426,#427,
    #428,#429,#430,#431,#432,#433,#434,#435,#436,#437),.UNSPECIFIED.,.F.
  ,.F.,(11,9,9,9,9,9,9,9,9,9,9,9,9,9,9,9,11),(0.,4.973109129812,
    9.946218259624,14.919327389435,19.892436519247,24.865545649059,
    29.838654778871,34.811763908682,39.784873038494,44.757982168306,
    49.731091298118,54.70420042793,59.677309557741,64.650418687553,
    69.623527817365,74.596636947177,79.569746076988),.UNSPECIFIED.);
#292 = CARTESIAN_POINT('',(240.29999988437,209.99999999994,
    538.30000000072));
#293 = CARTESIAN_POINT('',(240.29999977332,202.74807508463,
    538.36281250082));
#294 = CARTESIAN_POINT('',(244.27466599825,195.49575551931,
    538.4256250003));
#295 = CARTESIAN_POINT('',(252.22794770695,190.69780977397,
    538.4884375017));
#296 = CARTESIAN_POINT('',(262.41382878747,190.7905712639,
    538.55124999917));
#297 = CARTESIAN_POINT('',(271.43558523123,196.84585274538,
    538.61406250247));
#298 = CARTESIAN_POINT('',(275.36706027975,206.97512298681,
    538.67687499929));
#299 = CARTESIAN_POINT('',(273.22582791386,216.93382976229,
    538.73968750158));
#300 = CARTESIAN_POINT('',(266.80188818436,223.64262984797,
    538.80250000036));
#301 = CARTESIAN_POINT('',(258.85493034751,225.9317270966,
    538.86531250082));
#302 = CARTESIAN_POINT('',(244.70349313706,222.75391577172,
    538.99093750059));
#303 = CARTESIAN_POINT('',(238.49824377869,217.28683330528,
    539.05375000138));
#304 = CARTESIAN_POINT('',(235.55945179484,208.47556347722,
    539.11656249914));
#305 = CARTESIAN_POINT('',(237.88169853813,198.55750183454,
    539.17937500319));
#306 = CARTESIAN_POINT('',(245.76652761987,191.08167447804,
    539.24218749807));
#307 = CARTESIAN_POINT('',(256.51106921472,189.46506161503,
    539.30500000271));
#308 = CARTESIAN_POINT('',(265.75865397065,193.73623157367,
    539.36781249971));
#309 = CARTESIAN_POINT('',(270.89695133799,201.47398968203,
    539.43062500102));
#310 = CARTESIAN_POINT('',(271.38924008349,209.72939741288,
    539.49343750072));
#311 = CARTESIAN_POINT('',(265.18804536172,222.84072244086,
    539.61906250065));
#312 = CARTESIAN_POINT('',(258.49422352453,227.69735290799,
    539.68187500124));
#313 = CARTESIAN_POINT('',(249.25315581634,228.63417836091,
    539.74468749936));
#314 = CARTESIAN_POINT('',(240.08488908746,224.19529765967,
    539.80750000294));
#315 = CARTESIAN_POINT('',(234.518284242,214.86409008603,539.87031249824
    ));
#316 = CARTESIAN_POINT('',(235.29509401642,204.02641608146,
    539.93312500268));
#317 = CARTESIAN_POINT('',(241.48864093147,195.93934657281,
    539.99593749965));
#318 = CARTESIAN_POINT('',(250.16419532481,192.62125128412,
    540.0587500011));
#319 = CARTESIAN_POINT('',(258.32687530692,193.94969417836,
    540.12156250066));
#320 = CARTESIAN_POINT('',(269.76093361022,202.87292065105,
    540.24718750075));
#321 = CARTESIAN_POINT('',(273.03293363623,210.46819063334,
    540.31000000066));
#322 = CARTESIAN_POINT('',(271.92226683033,219.6899797005,
    540.37281250081));
#323 = CARTESIAN_POINT('',(265.58246286518,227.66291280668,
    540.4356250006));
#324 = CARTESIAN_POINT('',(255.25833373471,231.0497818643,
    540.49843750084));
#325 = CARTESIAN_POINT('',(244.85419210812,227.91729909379,
    540.56125000062));
#326 = CARTESIAN_POINT('',(238.32063497365,220.10235522066,
    540.62406250081));
#327 = CARTESIAN_POINT('',(236.98398705876,210.91059952554,
    540.68687500065));
#328 = CARTESIAN_POINT('',(240.06860492775,203.23731876636,
    540.74968750077));
#329 = CARTESIAN_POINT('',(251.28023235802,194.03617371094,
    540.87531250063));
#330 = CARTESIAN_POINT('',(259.40785272217,192.50780938913,
    540.93812500126));
#331 = CARTESIAN_POINT('',(268.16222348116,195.61199477727,
    541.00093749933));
#332 = CARTESIAN_POINT('',(274.55237238822,203.54463454294,
    541.06375000303));
#333 = CARTESIAN_POINT('',(275.59491824066,214.35997653571,
    541.12656249804));
#334 = CARTESIAN_POINT('',(270.25898780132,223.8249888229,
    541.18937500294));
#335 = CARTESIAN_POINT('',(261.20241994333,228.48753054139,
    541.25218749945));
#336 = CARTESIAN_POINT('',(251.94114311926,227.77777568671,
    541.31500000117));
#337 = CARTESIAN_POINT('',(245.13015033779,223.08688213144,
    541.37781250067));
#338 = CARTESIAN_POINT('',(238.60905498289,210.13169107386,
    541.50343750072));
#339 = CARTESIAN_POINT('',(238.89859835938,201.8666880545,
    541.56625000092));
#340 = CARTESIAN_POINT('',(243.84545214586,194.0051607249,541.6290625001
    ));
#341 = CARTESIAN_POINT('',(252.98543521074,189.50833003755,
    541.69187500183));
#342 = CARTESIAN_POINT('',(263.76641052102,190.86077066899,
    541.75468749936));
#343 = CARTESIAN_POINT('',(271.83233419269,198.14084529774,
    541.81750000191));
#344 = CARTESIAN_POINT('',(274.39728083002,207.99892651803,
    541.88031249999));
#345 = CARTESIAN_POINT('',(271.67561426888,216.87966587455,
    541.94312500104));
#346 = CARTESIAN_POINT('',(265.60640247004,222.49738544333,
    542.00593750064));
#347 = CARTESIAN_POINT('',(251.53721488065,226.021533644,542.13156250083
    ));
#348 = CARTESIAN_POINT('',(243.53647314311,223.92815314411,
    542.19437500021));
#349 = CARTESIAN_POINT('',(236.94982598043,217.3790269784,
    542.25718750194));
#350 = CARTESIAN_POINT('',(234.56484032773,207.47586485594,
    542.31999999884));
#351 = CARTESIAN_POINT('',(238.24654458898,197.25316569823,
    542.38281250276));
#352 = CARTESIAN_POINT('',(247.11698279502,190.97830017322,
    542.44562499914));
#353 = CARTESIAN_POINT('',(257.29751662541,190.63559409519,
    542.50843750159));
#354 = CARTESIAN_POINT('',(265.36615241509,195.23691096322,
    542.57125000041));
#355 = CARTESIAN_POINT('',(269.51760153158,202.38950316728,
    542.63406250077));
#356 = CARTESIAN_POINT('',(269.87354398905,216.88898470741,
    542.7596875007));
#357 = CARTESIAN_POINT('',(266.0780557388,224.23666319913,
    542.82250000072));
#358 = CARTESIAN_POINT('',(258.24491682865,229.2283472001,
    542.88531250076));
#359 = CARTESIAN_POINT('',(248.05982713514,229.38558768043,
    542.94812500069));
#360 = CARTESIAN_POINT('',(238.89218376435,223.55353492524,
    543.01093750067));
#361 = CARTESIAN_POINT('',(234.71330811531,213.52379865722,
    543.07375000086));
#362 = CARTESIAN_POINT('',(236.60949665416,203.51554278534,
    543.13656250056));
#363 = CARTESIAN_POINT('',(242.86685943049,196.65111189219,
    543.19937500084));
#364 = CARTESIAN_POINT('',(250.75524652938,194.16767596818,
    543.26218750066));
#365 = CARTESIAN_POINT('',(264.98040898631,196.99723654166,
    543.38781250082));
#366 = CARTESIAN_POINT('',(271.31795835892,202.31038798083,
    543.45062500017));
#367 = CARTESIAN_POINT('',(274.47210462193,211.04688245782,
    543.51343750212));
#368 = CARTESIAN_POINT('',(272.3939587094,221.01894774662,
    543.57624999842));
#369 = CARTESIAN_POINT('',(264.69497038401,228.6860269246,
    543.63906250337));
#370 = CARTESIAN_POINT('',(253.9933385036,230.56583713713,
    543.70187499854));
#371 = CARTESIAN_POINT('',(244.64371919447,226.52290067071,
    543.76468750199));
#372 = CARTESIAN_POINT('',(239.31707529316,218.91357315811,
    543.82750000023));
#373 = CARTESIAN_POINT('',(238.62233696935,210.67273317295,
    543.89031250082));
#374 = CARTESIAN_POINT('',(244.49989598318,197.41317209407,
    544.01593750063));
#375 = CARTESIAN_POINT('',(251.07251408827,192.39372974185,
    544.0787500011));
#376 = CARTESIAN_POINT('',(260.28780771226,191.23039928878,
    544.14156249977));
#377 = CARTESIAN_POINT('',(269.56224871602,195.44294255337,
    544.20437500236));
#378 = CARTESIAN_POINT('',(275.35617630181,204.6347284198,
    544.26718749872));
#379 = CARTESIAN_POINT('',(274.84557032247,215.48820218612,
    544.33000000249));
#380 = CARTESIAN_POINT('',(268.85235540853,223.72483327066,
    544.39281249961));
#381 = CARTESIAN_POINT('',(260.26084406505,227.254837974,544.45562500119
    ));
#382 = CARTESIAN_POINT('',(252.06802090867,226.12711737684,
    544.51843750061));
#383 = CARTESIAN_POINT('',(240.41841939012,217.48718425069,
    544.64406250084));
#384 = CARTESIAN_POINT('',(236.96100757256,209.97450072293,
    544.70687500017));
#385 = CARTESIAN_POINT('',(237.84502583432,200.7282319559,
    544.76968750209));
#386 = CARTESIAN_POINT('',(243.98725479487,192.60211357472,
    544.83249999844));
#387 = CARTESIAN_POINT('',(254.22515656338,188.9628977604,
    544.89531250343));
#388 = CARTESIAN_POINT('',(264.70303963315,191.83910667446,
    544.95812499841));
#389 = CARTESIAN_POINT('',(271.42641730474,199.49135530943,
    545.02093750212));
#390 = CARTESIAN_POINT('',(272.98823962431,208.64753964002,
    545.08375000016));
#391 = CARTESIAN_POINT('',(270.09286252067,216.39420966172,
    545.14656250085));
#392 = CARTESIAN_POINT('',(259.1104192266,225.86773061531,545.2721875006
    ));
#393 = CARTESIAN_POINT('',(251.02275468782,227.59509641107,
    545.33500000124));
#394 = CARTESIAN_POINT('',(242.19484005846,224.70668895879,
    545.39781249944));
#395 = CARTESIAN_POINT('',(235.61193901998,216.93326046069,
    545.46062500285));
#396 = CARTESIAN_POINT('',(234.30428538276,206.14676120264,
    545.5234374982));
#397 = CARTESIAN_POINT('',(239.4063257108,196.55364931185,
    545.58625000287));
#398 = CARTESIAN_POINT('',(248.34574139757,191.67025256245,
    545.64906249944));
#399 = CARTESIAN_POINT('',(257.62164715452,192.15251054117,
    545.71187500121));
#400 = CARTESIAN_POINT('',(264.54570888297,196.67484115673,
    545.77468750064));
#401 = CARTESIAN_POINT('',(271.38277651012,209.46609466168,
    545.90031250076));
#402 = CARTESIAN_POINT('',(271.29615366676,217.73571416662,
    545.96312500069));
#403 = CARTESIAN_POINT('',(266.54372131837,225.71627562108,
    546.02593750071));
#404 = CARTESIAN_POINT('',(257.51684879577,230.43605835885,
    546.08875000082));
#405 = CARTESIAN_POINT('',(246.70592995833,229.34860343791,
    546.15156250052));
#406 = CARTESIAN_POINT('',(238.46377361751,222.26866910567,
    546.21437500096));
#407 = CARTESIAN_POINT('',(235.65767006985,212.4765038982,
    546.27718750054));
#408 = CARTESIAN_POINT('',(238.16057266196,203.53164621244,
    546.34000000081));
#409 = CARTESIAN_POINT('',(244.09009078799,197.76667268241,
    546.40281250069));
#410 = CARTESIAN_POINT('',(258.06855407473,193.89831074135,
    546.52843750076));
#411 = CARTESIAN_POINT('',(266.11826026789,195.79471272324,
    546.59125000055));
#412 = CARTESIAN_POINT('',(272.86364725676,202.1802220005,
    546.65406250109));
#413 = CARTESIAN_POINT('',(275.49095036251,212.02187099902,
    546.71687500018));
#414 = CARTESIAN_POINT('',(272.06123255594,222.33184481518,
    546.7796875013));
#415 = CARTESIAN_POINT('',(263.34745887083,228.8225119201,
    546.84250000026));
#416 = CARTESIAN_POINT('',(253.17840165363,229.41495758821,
    546.90531250101));
#417 = CARTESIAN_POINT('',(244.99927401813,225.01304078568,
    546.96812500057));
#418 = CARTESIAN_POINT('',(240.67354184054,217.96448447015,
    547.03093750079));
#419 = CARTESIAN_POINT('',(239.96187149613,203.47810516797,
    547.15656250061));
#420 = CARTESIAN_POINT('',(243.57589556031,196.03949371487,
    547.21937500134));
#421 = CARTESIAN_POINT('',(251.28417321517,190.85707826495,
    547.2821874991));
#422 = CARTESIAN_POINT('',(261.46233647952,190.44993052591,
    547.34500000344));
#423 = CARTESIAN_POINT('',(270.77034446253,196.05524154954,
    547.40781249754));
#424 = CARTESIAN_POINT('',(275.19410356551,205.97940230086,
    547.47062500336));
#425 = CARTESIAN_POINT('',(273.54410101611,216.03117867399,
    547.53343749921));
#426 = CARTESIAN_POINT('',(267.45708440774,223.04710549595,
    547.59625000128));
#427 = CARTESIAN_POINT('',(259.63201971265,225.72338416711,
    547.65906250063));
#428 = CARTESIAN_POINT('',(245.34170071508,223.24377876661,
    547.78468750077));
#429 = CARTESIAN_POINT('',(238.8756688343,218.08775879765,
    547.84750000067));
#430 = CARTESIAN_POINT('',(235.50806822117,209.43130221057,
    547.91031250068));
#431 = CARTESIAN_POINT('',(237.34086152839,199.41124007543,547.973125001
    ));
#432 = CARTESIAN_POINT('',(244.84937147688,191.55752743172,
    548.03593750021));
#433 = CARTESIAN_POINT('',(255.50164743143,189.41565221132,
    548.09875000128));
#434 = CARTESIAN_POINT('',(264.94766937457,193.22791985059,
    548.16156250033));
#435 = CARTESIAN_POINT('',(270.45945129318,200.7042332159,548.2243750009
    ));
#436 = CARTESIAN_POINT('',(271.35622066899,208.92554146277,
    548.28718750068));
#437 = CARTESIAN_POINT('',(268.58102925308,215.62544650767,
    548.35000000072));
#438 = PCURVE('',#439,#732);
#439 = B_SPLINE_SURFACE_WITH_KNOTS('',1,10,(
    (#440,#441,#442,#443,#444,#445,#446,#447,#448,#449,#450,#451,#452
      ,#453,#454,#455,#456,#457,#458,#459,#460,#461,#462,#463,#464,#465
      ,#466,#467,#468,#469,#470,#471,#472,#473,#474,#475,#476,#477,#478
      ,#479,#480,#481,#482,#483,#484,#485,#486,#487,#488,#489,#490,#491
      ,#492,#493,#494,#495,#496,#497,#498,#499,#500,#501,#502,#503,#504
      ,#505,#506,#507,#508,#509,#510,#511,#512,#513,#514,#515,#516,#517
      ,#518,#519,#520,#521,#522,#523,#524,#525,#526,#527,#528,#529,#530
      ,#531,#532,#533,#534,#535,#536,#537,#538,#539,#540,#541,#542,#543
      ,#544,#545,#546,#547,#548,#549,#550,#551,#552,#553,#554,#555,#556
      ,#557,#558,#559,#560,#561,#562,#563,#564,#565,#566,#567,#568,#569
      ,#570,#571,#572,#573,#574,#575,#576,#577,#578,#579,#580,#581,#582
      ,#583,#584,#585)
    ,(#586,#587,#588,#589,#590,#591,#592,#593,#594,#595,#596,#597,#598
      ,#599,#600,#601,#602,#603,#604,#605,#606,#607,#608,#609,#610,#611
      ,#612,#613,#614,#615,#616,#617,#618,#619,#620,#621,#622,#623,#624
      ,#625,#626,#627,#628,#629,#630,#631,#632,#633,#634,#635,#636,#637
      ,#638,#639,#640,#641,#642,#643,#644,#645,#646,#647,#648,#649,#650
      ,#651,#652,#653,#654,#655,#656,#657,#658,#659,#660,#661,#662,#663
      ,#664,#665,#666,#667,#668,#669,#670,#671,#672,#673,#674,#675,#676
      ,#677,#678,#679,#680,#681,#682,#683,#684,#685,#686,#687,#688,#689
      ,#690,#691,#692,#693,#694,#695,#696,#697,#698,#699,#700,#701,#702
      ,#703,#704,#705,#706,#707,#708,#709,#710,#711,#712,#713,#714,#715
      ,#716,#717,#718,#719,#720,#721,#722,#723,#724,#725,#726,#727,#728
      ,#729,#730,#731
    )),.UNSPECIFIED.,.F.,.F.,.F.,(2,2),(11,9,9,9,9,9,9,9,9,9,9,9,9,9,9,9
    ,11),(0.,0.640312423743),(0.,4.973109129812,9.946218259624,
    14.919327389435,19.892436519247,24.865545649059,29.838654778871,
    34.811763908682,39.784873038494,44.757982168306,49.731091298118,
    54.70420042793,59.677309557741,64.650418687553,69.623527817365,
    74.596636947177,79.569746076988),.UNSPECIFIED.);
#440 = CARTESIAN_POINT('',(240.29999988437,209.99999999994,
    538.30000000072));
#441 = CARTESIAN_POINT('',(240.29999977332,202.74807508463,
    538.36281250082));
#442 = CARTESIAN_POINT('',(244.27466599825,195.49575551931,
    538.4256250003));
#443 = CARTESIAN_POINT('',(252.22794770695,190.69780977397,
    538.4884375017));
#444 = CARTESIAN_POINT('',(262.41382878747,190.7905712639,
    538.55124999917));
#445 = CARTESIAN_POINT('',(271.43558523123,196.84585274538,
    538.61406250247));
#446 = CARTESIAN_POINT('',(275.36706027975,206.97512298681,
    538.67687499929));
#447 = CARTESIAN_POINT('',(273.22582791386,216.93382976229,
    538.73968750158));
#448 = CARTESIAN_POINT('',(266.80188818436,223.64262984797,
    538.80250000036));
#449 = CARTESIAN_POINT('',(258.85493034751,225.9317270966,
    538.86531250082));
#450 = CARTESIAN_POINT('',(244.70349313706,222.75391577172,
    538.99093750059));
#451 = CARTESIAN_POINT('',(238.49824377869,217.28683330528,
    539.05375000138));
#452 = CARTESIAN_POINT('',(235.55945179484,208.47556347722,
    539.11656249914));
#453 = CARTESIAN_POINT('',(237.88169853813,198.55750183454,
    539.17937500319));
#454 = CARTESIAN_POINT('',(245.76652761987,191.08167447804,
    539.24218749807));
#455 = CARTESIAN_POINT('',(256.51106921472,189.46506161503,
    539.30500000271));
#456 = CARTESIAN_POINT('',(265.75865397065,193.73623157367,
    539.36781249971));
#457 = CARTESIAN_POINT('',(270.89695133799,201.47398968203,
    539.43062500102));
#458 = CARTESIAN_POINT('',(271.38924008349,209.72939741288,
    539.49343750072));
#459 = CARTESIAN_POINT('',(265.18804536172,222.84072244086,
    539.61906250065));
#460 = CARTESIAN_POINT('',(258.49422352453,227.69735290799,
    539.68187500124));
#461 = CARTESIAN_POINT('',(249.25315581634,228.63417836091,
    539.74468749936));
#462 = CARTESIAN_POINT('',(240.08488908746,224.19529765967,
    539.80750000294));
#463 = CARTESIAN_POINT('',(234.518284242,214.86409008603,539.87031249824
    ));
#464 = CARTESIAN_POINT('',(235.29509401642,204.02641608146,
    539.93312500268));
#465 = CARTESIAN_POINT('',(241.48864093147,195.93934657281,
    539.99593749965));
#466 = CARTESIAN_POINT('',(250.16419532481,192.62125128412,
    540.0587500011));
#467 = CARTESIAN_POINT('',(258.32687530692,193.94969417836,
    540.12156250066));
#468 = CARTESIAN_POINT('',(269.76093361022,202.87292065105,
    540.24718750075));
#469 = CARTESIAN_POINT('',(273.03293363623,210.46819063334,
    540.31000000066));
#470 = CARTESIAN_POINT('',(271.92226683033,219.6899797005,
    540.37281250081));
#471 = CARTESIAN_POINT('',(265.58246286518,227.66291280668,
    540.4356250006));
#472 = CARTESIAN_POINT('',(255.25833373471,231.0497818643,
    540.49843750084));
#473 = CARTESIAN_POINT('',(244.85419210812,227.91729909379,
    540.56125000062));
#474 = CARTESIAN_POINT('',(238.32063497365,220.10235522066,
    540.62406250081));
#475 = CARTESIAN_POINT('',(236.98398705876,210.91059952554,
    540.68687500065));
#476 = CARTESIAN_POINT('',(240.06860492775,203.23731876636,
    540.74968750077));
#477 = CARTESIAN_POINT('',(251.28023235802,194.03617371094,
    540.87531250063));
#478 = CARTESIAN_POINT('',(259.40785272217,192.50780938913,
    540.93812500126));
#479 = CARTESIAN_POINT('',(268.16222348116,195.61199477727,
    541.00093749933));
#480 = CARTESIAN_POINT('',(274.55237238822,203.54463454294,
    541.06375000303));
#481 = CARTESIAN_POINT('',(275.59491824066,214.35997653571,
    541.12656249804));
#482 = CARTESIAN_POINT('',(270.25898780132,223.8249888229,
    541.18937500294));
#483 = CARTESIAN_POINT('',(261.20241994333,228.48753054139,
    541.25218749945));
#484 = CARTESIAN_POINT('',(251.94114311926,227.77777568671,
    541.31500000117));
#485 = CARTESIAN_POINT('',(245.13015033779,223.08688213144,
    541.37781250067));
#486 = CARTESIAN_POINT('',(238.60905498289,210.13169107386,
    541.50343750072));
#487 = CARTESIAN_POINT('',(238.89859835938,201.8666880545,
    541.56625000092));
#488 = CARTESIAN_POINT('',(243.84545214586,194.0051607249,541.6290625001
    ));
#489 = CARTESIAN_POINT('',(252.98543521074,189.50833003755,
    541.69187500183));
#490 = CARTESIAN_POINT('',(263.76641052102,190.86077066899,
    541.75468749936));
#491 = CARTESIAN_POINT('',(271.83233419269,198.14084529774,
    541.81750000191));
#492 = CARTESIAN_POINT('',(274.39728083002,207.99892651803,
    541.88031249999));
#493 = CARTESIAN_POINT('',(271.67561426888,216.87966587455,
    541.94312500104));
#494 = CARTESIAN_POINT('',(265.60640247004,222.49738544333,
    542.00593750064));
#495 = CARTESIAN_POINT('',(251.53721488065,226.021533644,542.13156250083
    ));
#496 = CARTESIAN_POINT('',(243.53647314311,223.92815314411,
    542.19437500021));
#497 = CARTESIAN_POINT('',(236.94982598043,217.3790269784,
    542.25718750194));
#498 = CARTESIAN_POINT('',(234.56484032773,207.47586485594,
    542.31999999884));
#499 = CARTESIAN_POINT('',(238.24654458898,197.25316569823,
    542.38281250276));
#500 = CARTESIAN_POINT('',(247.11698279502,190.97830017322,
    542.44562499914));
#501 = CARTESIAN_POINT('',(257.29751662541,190.63559409519,
    542.50843750159));
#502 = CARTESIAN_POINT('',(265.36615241509,195.23691096322,
    542.57125000041));
#503 = CARTESIAN_POINT('',(269.51760153158,202.38950316728,
    542.63406250077));
#504 = CARTESIAN_POINT('',(269.87354398905,216.88898470741,
    542.7596875007));
#505 = CARTESIAN_POINT('',(266.0780557388,224.23666319913,
    542.82250000072));
#506 = CARTESIAN_POINT('',(258.24491682865,229.2283472001,
    542.88531250076));
#507 = CARTESIAN_POINT('',(248.05982713514,229.38558768043,
    542.94812500069));
#508 = CARTESIAN_POINT('',(238.89218376435,223.55353492524,
    543.01093750067));
#509 = CARTESIAN_POINT('',(234.71330811531,213.52379865722,
    543.07375000086));
#510 = CARTESIAN_POINT('',(236.60949665416,203.51554278534,
    543.13656250056));
#511 = CARTESIAN_POINT('',(242.86685943049,196.65111189219,
    543.19937500084));
#512 = CARTESIAN_POINT('',(250.75524652938,194.16767596818,
    543.26218750066));
#513 = CARTESIAN_POINT('',(264.98040898631,196.99723654166,
    543.38781250082));
#514 = CARTESIAN_POINT('',(271.31795835892,202.31038798083,
    543.45062500017));
#515 = CARTESIAN_POINT('',(274.47210462193,211.04688245782,
    543.51343750212));
#516 = CARTESIAN_POINT('',(272.3939587094,221.01894774662,
    543.57624999842));
#517 = CARTESIAN_POINT('',(264.69497038401,228.6860269246,
    543.63906250337));
#518 = CARTESIAN_POINT('',(253.9933385036,230.56583713713,
    543.70187499854));
#519 = CARTESIAN_POINT('',(244.64371919447,226.52290067071,
    543.76468750199));
#520 = CARTESIAN_POINT('',(239.31707529316,218.91357315811,
    543.82750000023));
#521 = CARTESIAN_POINT('',(238.62233696935,210.67273317295,
    543.89031250082));
#522 = CARTESIAN_POINT('',(244.49989598318,197.41317209407,
    544.01593750063));
#523 = CARTESIAN_POINT('',(251.07251408827,192.39372974185,
    544.0787500011));
#524 = CARTESIAN_POINT('',(260.28780771226,191.23039928878,
    544.14156249977));
#525 = CARTESIAN_POINT('',(269.56224871602,195.44294255337,
    544.20437500236));
#526 = CARTESIAN_POINT('',(275.35617630181,204.6347284198,
    544.26718749872));
#527 = CARTESIAN_POINT('',(274.84557032247,215.48820218612,
    544.33000000249));
#528 = CARTESIAN_POINT('',(268.85235540853,223.72483327066,
    544.39281249961));
#529 = CARTESIAN_POINT('',(260.26084406505,227.254837974,544.45562500119
    ));
#530 = CARTESIAN_POINT('',(252.06802090867,226.12711737684,
    544.51843750061));
#531 = CARTESIAN_POINT('',(240.41841939012,217.48718425069,
    544.64406250084));
#532 = CARTESIAN_POINT('',(236.96100757256,209.97450072293,
    544.70687500017));
#533 = CARTESIAN_POINT('',(237.84502583432,200.7282319559,
    544.76968750209));
#534 = CARTESIAN_POINT('',(243.98725479487,192.60211357472,
    544.83249999844));
#535 = CARTESIAN_POINT('',(254.22515656338,188.9628977604,
    544.89531250343));
#536 = CARTESIAN_POINT('',(264.70303963315,191.83910667446,
    544.95812499841));
#537 = CARTESIAN_POINT('',(271.42641730474,199.49135530943,
    545.02093750212));
#538 = CARTESIAN_POINT('',(272.98823962431,208.64753964002,
    545.08375000016));
#539 = CARTESIAN_POINT('',(270.09286252067,216.39420966172,
    545.14656250085));
#540 = CARTESIAN_POINT('',(259.1104192266,225.86773061531,545.2721875006
    ));
#541 = CARTESIAN_POINT('',(251.02275468782,227.59509641107,
    545.33500000124));
#542 = CARTESIAN_POINT('',(242.19484005846,224.70668895879,
    545.39781249944));
#543 = CARTESIAN_POINT('',(235.61193901998,216.93326046069,
    545.46062500285));
#544 = CARTESIAN_POINT('',(234.30428538276,206.14676120264,
    545.5234374982));
#545 = CARTESIAN_POINT('',(239.4063257108,196.55364931185,
    545.58625000287));
#546 = CARTESIAN_POINT('',(248.34574139757,191.67025256245,
    545.64906249944));
#547 = CARTESIAN_POINT('',(257.62164715452,192.15251054117,
    545.71187500121));
#548 = CARTESIAN_POINT('',(264.54570888297,196.67484115673,
    545.77468750064));
#549 = CARTESIAN_POINT('',(271.38277651012,209.46609466168,
    545.90031250076));
#550 = CARTESIAN_POINT('',(271.29615366676,217.73571416662,
    545.96312500069));
#551 = CARTESIAN_POINT('',(266.54372131837,225.71627562108,
    546.02593750071));
#552 = CARTESIAN_POINT('',(257.51684879577,230.43605835885,
    546.08875000082));
#553 = CARTESIAN_POINT('',(246.70592995833,229.34860343791,
    546.15156250052));
#554 = CARTESIAN_POINT('',(238.46377361751,222.26866910567,
    546.21437500096));
#555 = CARTESIAN_POINT('',(235.65767006985,212.4765038982,
    546.27718750054));
#556 = CARTESIAN_POINT('',(238.16057266196,203.53164621244,
    546.34000000081));
#557 = CARTESIAN_POINT('',(244.09009078799,197.76667268241,
    546.40281250069));
#558 = CARTESIAN_POINT('',(258.06855407473,193.89831074135,
    546.52843750076));
#559 = CARTESIAN_POINT('',(266.11826026789,195.79471272324,
    546.59125000055));
#560 = CARTESIAN_POINT('',(272.86364725676,202.1802220005,
    546.65406250109));
#561 = CARTESIAN_POINT('',(275.49095036251,212.02187099902,
    546.71687500018));
#562 = CARTESIAN_POINT('',(272.06123255594,222.33184481518,
    546.7796875013));
#563 = CARTESIAN_POINT('',(263.34745887083,228.8225119201,
    546.84250000026));
#564 = CARTESIAN_POINT('',(253.17840165363,229.41495758821,
    546.90531250101));
#565 = CARTESIAN_POINT('',(244.99927401813,225.01304078568,
    546.96812500057));
#566 = CARTESIAN_POINT('',(240.67354184054,217.96448447015,
    547.03093750079));
#567 = CARTESIAN_POINT('',(239.96187149613,203.47810516797,
    547.15656250061));
#568 = CARTESIAN_POINT('',(243.57589556031,196.03949371487,
    547.21937500134));
#569 = CARTESIAN_POINT('',(251.28417321517,190.85707826495,
    547.2821874991));
#570 = CARTESIAN_POINT('',(261.46233647952,190.44993052591,
    547.34500000344));
#571 = CARTESIAN_POINT('',(270.77034446253,196.05524154954,
    547.40781249754));
#572 = CARTESIAN_POINT('',(275.19410356551,205.97940230086,
    547.47062500336));
#573 = CARTESIAN_POINT('',(273.54410101611,216.03117867399,
    547.53343749921));
#574 = CARTESIAN_POINT('',(267.45708440774,223.04710549595,
    547.59625000128));
#575 = CARTESIAN_POINT('',(259.63201971265,225.72338416711,
    547.65906250063));
#576 = CARTESIAN_POINT('',(245.34170071508,223.24377876661,
    547.78468750077));
#577 = CARTESIAN_POINT('',(238.8756688343,218.08775879765,
    547.84750000067));
#578 = CARTESIAN_POINT('',(235.50806822117,209.43130221057,
    547.91031250068));
#579 = CARTESIAN_POINT('',(237.34086152839,199.41124007543,547.973125001
    ));
#580 = CARTESIAN_POINT('',(244.84937147688,191.55752743172,
    548.03593750021));
#581 = CARTESIAN_POINT('',(255.50164743143,189.41565221132,
    548.09875000128));
#582 = CARTESIAN_POINT('',(264.94766937457,193.22791985059,
    548.16156250033));
#583 = CARTESIAN_POINT('',(270.45945129318,200.7042332159,548.2243750009
    ));
#584 = CARTESIAN_POINT('',(271.35622066899,208.92554146277,
    548.28718750068));
#585 = CARTESIAN_POINT('',(268.58102925308,215.62544650767,
    548.35000000072));
#586 = CARTESIAN_POINT('',(239.79999987916,210.00000000644,
    538.69999999421));
#587 = CARTESIAN_POINT('',(239.79999983896,202.50141049832,
    538.7628125875));
#588 = CARTESIAN_POINT('',(243.90985805812,195.00241610517,
    538.82562473219));
#589 = CARTESIAN_POINT('',(252.13366289747,190.041267528,538.88843795577
    ));
#590 = CARTESIAN_POINT('',(262.6659935697,190.13719662831,
    538.95124961214));
#591 = CARTESIAN_POINT('',(271.99462794201,196.39842638058,
    539.01406252875));
#592 = CARTESIAN_POINT('',(276.05980847467,206.87223920114,
    539.07687534382));
#593 = CARTESIAN_POINT('',(273.84575974202,217.16967377657,
    539.13968708887));
#594 = CARTESIAN_POINT('',(267.20331068752,224.10666455651,
    539.20250024502));
#595 = CARTESIAN_POINT('',(258.98605089125,226.47362273005,
    539.26531243397));
#596 = CARTESIAN_POINT('',(244.3532713664,223.18772226828,
    539.39093757129));
#597 = CARTESIAN_POINT('',(237.93696159359,217.53468589363,
    539.45374975721));
#598 = CARTESIAN_POINT('',(234.89820420278,208.42370816861,
    539.51656292413));
#599 = CARTESIAN_POINT('',(237.29944913709,198.16830890446,539.579374645
    ));
#600 = CARTESIAN_POINT('',(245.45245970835,190.43818366073,
    539.64218750106));
#601 = CARTESIAN_POINT('',(256.56246727863,188.76660374897,
    539.70500036231));
#602 = CARTESIAN_POINT('',(266.12459530777,193.18303649046,
    539.76781207949));
#603 = CARTESIAN_POINT('',(271.43766316073,201.18399146858,
    539.8306252483));
#604 = CARTESIAN_POINT('',(271.94669748085,209.72019282478,
    539.89343743343));
#605 = CARTESIAN_POINT('',(265.53457726024,223.27748210967,
    540.01906257157));
#606 = CARTESIAN_POINT('',(258.61307619996,228.29930194137,
    540.08187475672));
#607 = CARTESIAN_POINT('',(249.05768031394,229.26799748208,
    540.14468792481));
#608 = CARTESIAN_POINT('',(239.57758115065,224.67812698733,
    540.20749964427));
#609 = CARTESIAN_POINT('',(233.821616212,215.02953717976,540.27031250164
    ));
#610 = CARTESIAN_POINT('',(234.62486856835,203.82323389663,540.333125362
    ));
#611 = CARTESIAN_POINT('',(241.02906551117,195.46109110183,
    540.39593707961));
#612 = CARTESIAN_POINT('',(249.99971408122,192.03013863874,
    540.45875024827));
#613 = CARTESIAN_POINT('',(258.44003397777,193.4037650717,
    540.52156243344));
#614 = CARTESIAN_POINT('',(270.26300651817,202.63050332455,
    540.64718757154));
#615 = CARTESIAN_POINT('',(273.64629735868,210.48411360486,
    540.70999975668));
#616 = CARTESIAN_POINT('',(272.49785657215,220.01957611917,
    540.77281292516));
#617 = CARTESIAN_POINT('',(265.9424086704,228.26368274705,
    540.83562464351));
#618 = CARTESIAN_POINT('',(255.26711998704,231.76577200699,
    540.89843750252));
#619 = CARTESIAN_POINT('',(244.50909959098,228.52672202364,
    540.96125036139));
#620 = CARTESIAN_POINT('',(237.75330654713,220.44597756962,
    541.02406207982));
#621 = CARTESIAN_POINT('',(236.37119914728,210.94157071189,
    541.08687524828));
#622 = CARTESIAN_POINT('',(239.56073394059,203.00729586579,
    541.1496874334));
#623 = CARTESIAN_POINT('',(251.15371005306,193.49318616845,
    541.27531257159));
#624 = CARTESIAN_POINT('',(259.55777755127,191.91283784115,
    541.33812475666));
#625 = CARTESIAN_POINT('',(268.60992383611,195.12260562475,
    541.40093792496));
#626 = CARTESIAN_POINT('',(275.21740946946,203.3250640925,
    541.46374964404));
#627 = CARTESIAN_POINT('',(276.29543642861,214.5082780992,
    541.52656250186));
#628 = CARTESIAN_POINT('',(270.77799285196,224.29522164654,
    541.58937536185));
#629 = CARTESIAN_POINT('',(261.41339064035,229.1163621783,
    541.65218707969));
#630 = CARTESIAN_POINT('',(251.83709917994,228.38245998266,
    541.71500024822));
#631 = CARTESIAN_POINT('',(244.79444134074,223.53201463257,
    541.77781243346));
#632 = CARTESIAN_POINT('',(238.05153968708,210.13616991241,
    541.90343757155));
#633 = CARTESIAN_POINT('',(238.35093206896,201.59004707516,
    541.96624975673));
#634 = CARTESIAN_POINT('',(243.46604580983,193.46111276525,
    542.0290629249));
#635 = CARTESIAN_POINT('',(252.91691030439,188.81134378194,
    542.09187464408));
#636 = CARTESIAN_POINT('',(264.06459307564,190.20976663843,
    542.15468750182));
#637 = CARTESIAN_POINT('',(272.40485601082,197.73747955818,
    542.21750036194));
#638 = CARTESIAN_POINT('',(275.05705713889,207.93085975167,
    542.28031207954));
#639 = CARTESIAN_POINT('',(272.24280986827,217.11366884668,
    542.34312524835));
#640 = CARTESIAN_POINT('',(265.96716494197,222.92246650988,
    542.40593743341));
#641 = CARTESIAN_POINT('',(251.41943260026,226.56648382482,
    542.53156257154));
#642 = CARTESIAN_POINT('',(243.14655958669,224.40189992817,
    542.59437475656));
#643 = CARTESIAN_POINT('',(236.33586882924,217.63001296676,
    542.65718792559));
#644 = CARTESIAN_POINT('',(233.86977546039,207.39001419895,
    542.71999964275));
#645 = CARTESIAN_POINT('',(237.6766907387,196.81959255515,
    542.78281250338));
#646 = CARTESIAN_POINT('',(246.84885822276,190.33131148129,
    542.84562536075));
#647 = CARTESIAN_POINT('',(257.37566154489,189.97693543267,
    542.90843708011));
#648 = CARTESIAN_POINT('',(265.71874287225,194.73476735007,
    542.97125024822));
#649 = CARTESIAN_POINT('',(270.01139753877,202.13064224383,
    543.0340624334));
#650 = CARTESIAN_POINT('',(270.37944679744,217.12330438971,
    543.15968757155));
#651 = CARTESIAN_POINT('',(266.45486094166,224.72090119448,
    543.22249975665));
#652 = CARTESIAN_POINT('',(258.35528561826,229.88237784188,
    543.28531292524));
#653 = CARTESIAN_POINT('',(247.82377289268,230.04495396601,
    543.34812464341));
#654 = CARTESIAN_POINT('',(238.34428983897,224.01454612817,
    543.41093750259));
#655 = CARTESIAN_POINT('',(234.02329344481,213.643652348,543.47375036138
    ));
#656 = CARTESIAN_POINT('',(235.98396364261,203.29498369166,
    543.53656207979));
#657 = CARTESIAN_POINT('',(242.4541698441,196.19706834347,543.5993752483
    ));
#658 = CARTESIAN_POINT('',(250.61086669252,193.6291614029,
    543.66218743341));
#659 = CARTESIAN_POINT('',(265.31987913219,196.55496582679,
    543.78781257152));
#660 = CARTESIAN_POINT('',(271.87298888967,202.04883548759,
    543.85062475664));
#661 = CARTESIAN_POINT('',(275.13442565072,211.08249431836,
    543.91343792549));
#662 = CARTESIAN_POINT('',(272.98558402198,221.39373434626,
    543.97624964278));
#663 = CARTESIAN_POINT('',(265.0247357573,229.32161631923,
    544.03906250346));
#664 = CARTESIAN_POINT('',(253.95909693589,231.26534601453,
    544.10187536063));
#665 = CARTESIAN_POINT('',(244.29146415765,227.08490979076,
    544.16468708017));
#666 = CARTESIAN_POINT('',(238.78364323577,219.2167537623,
    544.22750024823));
#667 = CARTESIAN_POINT('',(238.06527335949,210.69561567813,
    544.29031243338));
#668 = CARTESIAN_POINT('',(244.14274983478,196.98504828763,
    544.41593757159));
#669 = CARTESIAN_POINT('',(250.93892464027,191.79487879494,
    544.47874975663));
#670 = CARTESIAN_POINT('',(260.46766964112,190.59197385311,
    544.54156292509));
#671 = CARTESIAN_POINT('',(270.0575546364,194.9478086848,544.60437464381
    ));
#672 = CARTESIAN_POINT('',(276.04857423346,204.45223406642,
    544.66718750211));
#673 = CARTESIAN_POINT('',(275.52058025152,215.67487502031,
    544.73000036169));
#674 = CARTESIAN_POINT('',(269.32352939023,224.19166615463,
    544.79281207973));
#675 = CARTESIAN_POINT('',(260.43978240038,227.84173601555,
    544.85562524823));
#676 = CARTESIAN_POINT('',(251.96829409011,226.67565911261,
    544.91843743346));
#677 = CARTESIAN_POINT('',(239.92244691607,217.74185005169,
    545.04406257149));
#678 = CARTESIAN_POINT('',(236.34743781474,209.97363524592,
    545.10687475673));
#679 = CARTESIAN_POINT('',(237.26152074801,200.41286048602,
    545.16968792529));
#680 = CARTESIAN_POINT('',(243.61267376644,192.01035808546,
    545.23249964309));
#681 = CARTESIAN_POINT('',(254.19880167963,188.2473388881,
    545.29531250313));
#682 = CARTESIAN_POINT('',(265.03307222718,191.22139829526,
    545.3581253609));
#683 = CARTESIAN_POINT('',(271.98514194834,199.13391351764,
    545.42093707999));
#684 = CARTESIAN_POINT('',(273.60008290431,208.60153921299,
    545.48375024831));
#685 = CARTESIAN_POINT('',(270.60622559123,216.61169950582,
    545.54656243336));
#686 = CARTESIAN_POINT('',(259.25022900675,226.40744960729,
    545.67218757158));
#687 = CARTESIAN_POINT('',(250.88747634598,228.19356810421,
    545.73499975674));
#688 = CARTESIAN_POINT('',(241.75928475363,225.20691783323,
    545.79781292478));
#689 = CARTESIAN_POINT('',(234.95249076385,217.16908560753,
    545.86062464433));
#690 = CARTESIAN_POINT('',(233.60033867549,206.01569588178,
    545.9234375015));
#691 = CARTESIAN_POINT('',(238.87593688337,196.09629513512,
    545.98625036219));
#692 = CARTESIAN_POINT('',(248.1194019402,191.04678779793,
    546.04906207945));
#693 = CARTESIAN_POINT('',(257.71082006222,191.54545499876,
    546.11187524834));
#694 = CARTESIAN_POINT('',(264.87039267232,196.22160400997,
    546.17468743343));
#695 = CARTESIAN_POINT('',(271.94001397658,209.44793506177,
    546.30031257155));
#696 = CARTESIAN_POINT('',(271.8504441197,217.99883142339,
    546.36312475668));
#697 = CARTESIAN_POINT('',(266.93636498984,226.25084862574,
    546.42593792515));
#698 = CARTESIAN_POINT('',(257.60245796239,231.13115301039,
    546.48874964356));
#699 = CARTESIAN_POINT('',(246.42381364965,230.00672916378,
    546.55156250243));
#700 = CARTESIAN_POINT('',(237.90132332288,222.68596374837,
    546.6143753615));
#701 = CARTESIAN_POINT('',(234.99976291539,212.56074188491,
    546.67718707973));
#702 = CARTESIAN_POINT('',(237.58780517086,203.31163339463,
    546.74000024833));
#703 = CARTESIAN_POINT('',(243.71900495937,197.35057319654,
    546.8028124334));
#704 = CARTESIAN_POINT('',(258.17292713439,193.35063416754,
    546.92843757156));
#705 = CARTESIAN_POINT('',(266.49643006143,195.31153966496,
    546.99124975658));
#706 = CARTESIAN_POINT('',(273.47125999135,201.91424434205,
    547.05406292539));
#707 = CARTESIAN_POINT('',(276.18791276934,212.09063805318,
    547.11687464317));
#708 = CARTESIAN_POINT('',(272.64155519514,222.75130246098,
    547.1796875029));
#709 = CARTESIAN_POINT('',(263.63138058575,229.46272564449,
    547.24250036108));
#710 = CARTESIAN_POINT('',(253.11644456302,230.07533564746,
    547.30531207999));
#711 = CARTESIAN_POINT('',(244.65911297568,225.52368616556,
    547.36812524823));
#712 = CARTESIAN_POINT('',(240.18624732054,218.23538579018,
    547.4309374334));
#713 = CARTESIAN_POINT('',(239.45037056347,203.2562715348,
    547.55656257162));
#714 = CARTESIAN_POINT('',(243.18732004827,195.5646488257,
    547.61937475655));
#715 = CARTESIAN_POINT('',(251.15778695228,190.20595319005,
    547.68218792516));
#716 = CARTESIAN_POINT('',(261.68213796661,189.78496976929,
    547.74499964378));
#717 = CARTESIAN_POINT('',(271.30675959267,195.58092320276,
    547.80781250222));
#718 = CARTESIAN_POINT('',(275.88096905882,205.84265090181,
    547.87062536137));
#719 = CARTESIAN_POINT('',(274.17485842015,216.23631998957,
    547.93343708021));
#720 = CARTESIAN_POINT('',(267.88079248639,223.4908843864,
    547.99625024779));
#721 = CARTESIAN_POINT('',(259.78957187381,226.25819328314,
    548.05906243373));
#722 = CARTESIAN_POINT('',(245.01318667838,223.69424729235,
    548.18468757101));
#723 = CARTESIAN_POINT('',(238.32722428559,218.36285364674,
    548.2474997597));
#724 = CARTESIAN_POINT('',(234.84507271834,209.41195524903,
    548.31031291668));
#725 = CARTESIAN_POINT('',(236.74021666717,199.05108556277,
    548.37312466025));
#726 = CARTESIAN_POINT('',(244.50410729541,190.93022231853,
    548.43593747716));
#727 = CARTESIAN_POINT('',(255.51871185805,188.71551367413,
    548.49875039209));
#728 = CARTESIAN_POINT('',(265.28602594544,192.65743523508,
    548.56156204957));
#729 = CARTESIAN_POINT('',(270.98528224917,200.38805283813,
    548.62437527265));
#730 = CARTESIAN_POINT('',(271.91255494832,208.88899482935,
    548.68718741746));
#731 = CARTESIAN_POINT('',(269.04296901445,215.81678821463,
    548.75000001077));
#732 = DEFINITIONAL_REPRESENTATION('',(#733),#737);
#733 = LINE('',#734,#735);
#734 = CARTESIAN_POINT('',(0.,0.));
#735 = VECTOR('',#736,1.);
#736 = DIRECTION('',(0.,1.));
#737 = ( GEOMETRIC_REPRESENTATION_CONTEXT(2) 
PARAMETRIC_REPRESENTATION_CONTEXT() REPRESENTATION_CONTEXT('2D SPACE',''
  ) );
#738 = PCURVE('',#739,#1032);
#739 = B_SPLINE_SURFACE_WITH_KNOTS('',1,10,(
    (#740,#741,#742,#743,#744,#745,#746,#747,#748,#749,#750,#751,#752
      ,#753,#754,#755,#756,#757,#758,#759,#760,#761,#762,#763,#764,#765
      ,#766,#767,#768,#769,#770,#771,#772,#773,#774,#775,#776,#777,#778
      ,#779,#780,#781,#782,#783,#784,#785,#786,#787,#788,#789,#790,#791
      ,#792,#793,#794,#795,#796,#797,#798,#799,#800,#801,#802,#803,#804
      ,#805,#806,#807,#808,#809,#810,#811,#812,#813,#814,#815,#816,#817
      ,#818,#819,#820,#821,#822,#823,#824,#825,#826,#827,#828,#829,#830
      ,#831,#832,#833,#834,#835,#836,#837,#838,#839,#840,#841,#842,#843
      ,#844,#845,#846,#847,#848,#849,#850,#851,#852,#853,#854,#855,#856
      ,#857,#858,#859,#860,#861,#862,#863,#864,#865,#866,#867,#868,#869
      ,#870,#871,#872,#873,#874,#875,#876,#877,#878,#879,#880,#881,#882
      ,#883,#884,#885)
    ,(#886,#887,#888,#889,#890,#891,#892,#893,#894,#895,#896,#897,#898
      ,#899,#900,#901,#902,#903,#904,#905,#906,#907,#908,#909,#910,#911
      ,#912,#913,#914,#915,#916,#917,#918,#919,#920,#921,#922,#923,#924
      ,#925,#926,#927,#928,#929,#930,#931,#932,#933,#934,#935,#936,#937
      ,#938,#939,#940,#941,#942,#943,#944,#945,#946,#947,#948,#949,#950
      ,#951,#952,#953,#954,#955,#956,#957,#958,#959,#960,#961,#962,#963
      ,#964,#965,#966,#967,#968,#969,#970,#971,#972,#973,#974,#975,#976
      ,#977,#978,#979,#980,#981,#982,#983,#984,#985,#986,#987,#988,#989
      ,#990,#991,#992,#993,#994,#995,#996,#997,#998,#999,#1000,#1001
      ,#1002,#1003,#1004,#1005,#1006,#1007,#1008,#1009,#1010,#1011,#1012
      ,#1013,#1014,#1015,#1016,#1017,#1018,#1019,#1020,#1021,#1022,#1023
      ,#1024,#1025,#1026,#1027,#1028,#1029,#1030,#1031
  )),.UNSPECIFIED.,.F.,.F.,.F.,(2,2),(11,9,9,9,9,9,9,9,9,9,9,9,9,9,9,9,
    11),(0.,0.8),(0.,4.973109129812,9.946218259624,14.919327389435,
    19.892436519247,24.865545649059,29.838654778871,34.811763908682,
    39.784873038494,44.757982168306,49.731091298118,54.70420042793,
    59.677309557741,64.650418687553,69.623527817365,74.596636947177,
    79.569746076988),.UNSPECIFIED.);
#740 = CARTESIAN_POINT('',(240.29999987395,210.00000000001,
    539.10000000072));
#741 = CARTESIAN_POINT('',(240.29999991096,202.74807508479,
    539.16281250082));
#742 = CARTESIAN_POINT('',(244.27466553875,195.49575547307,
    539.22562500031));
#743 = CARTESIAN_POINT('',(252.22794861474,190.6978100431,
    539.28843750168));
#744 = CARTESIAN_POINT('',(262.41382764155,190.79057057623,
    539.3512499992));
#745 = CARTESIAN_POINT('',(271.43558616586,196.84585387055,
    539.41406250244));
#746 = CARTESIAN_POINT('',(275.36705981505,206.97512176532,
    539.4768749993));
#747 = CARTESIAN_POINT('',(273.22582799532,216.93383065873,
    539.53968750157));
#748 = CARTESIAN_POINT('',(266.80188822103,223.64262942133,
    539.60250000036));
#749 = CARTESIAN_POINT('',(258.85493032326,225.93172720041,
    539.66531250082));
#750 = CARTESIAN_POINT('',(244.70349316227,222.75391566216,
    539.79093750059));
#751 = CARTESIAN_POINT('',(238.49824364089,217.28683370659,
    539.85375000133));
#752 = CARTESIAN_POINT('',(235.55945224578,208.47556269502,
    539.91656249926));
#753 = CARTESIAN_POINT('',(237.88169762782,198.55750275791,
    539.97937500297));
#754 = CARTESIAN_POINT('',(245.76652891171,191.08167384829,
    540.04218749834));
#755 = CARTESIAN_POINT('',(256.51106792906,189.46506177743,
    540.10500000247));
#756 = CARTESIAN_POINT('',(265.75865485862,193.73623170261,
    540.16781249987));
#757 = CARTESIAN_POINT('',(270.89695093158,201.47398954837,
    540.23062500095));
#758 = CARTESIAN_POINT('',(271.38924017909,209.72939746009,
    540.29343750073));
#759 = CARTESIAN_POINT('',(265.18804526052,222.84072239186,
    540.41906250065));
#760 = CARTESIAN_POINT('',(258.49422388565,227.69735313105,
    540.48187500122));
#761 = CARTESIAN_POINT('',(249.2531551522,228.63417774863,
    540.54468749943));
#762 = CARTESIAN_POINT('',(240.08488978878,224.19529875117,
    540.60750000282));
#763 = CARTESIAN_POINT('',(234.51828391061,214.86408868677,
    540.67031249838));
#764 = CARTESIAN_POINT('',(235.29509389328,204.02641737198,
    540.73312500257));
#765 = CARTESIAN_POINT('',(241.48864125169,195.93934573447,
    540.79593749972));
#766 = CARTESIAN_POINT('',(250.16419510546,192.62125165139,
    540.85875000107));
#767 = CARTESIAN_POINT('',(258.32687537386,193.94969409547,
    540.92156250067));
#768 = CARTESIAN_POINT('',(269.76093354036,202.87292073891,
    541.04718750075));
#769 = CARTESIAN_POINT('',(273.03293393264,210.46819033062,
    541.11000000068));
#770 = CARTESIAN_POINT('',(271.92226608784,219.6899802126,
    541.17281250079));
#771 = CARTESIAN_POINT('',(265.58246408361,227.66291236428,
    541.23562500064));
#772 = CARTESIAN_POINT('',(255.25833229664,231.04978187802,
    541.2984375008));
#773 = CARTESIAN_POINT('',(244.85419334082,227.91729949915,
    541.36125000066));
#774 = CARTESIAN_POINT('',(238.32063422531,220.10235472308,
    541.42406250078));
#775 = CARTESIAN_POINT('',(236.98398736939,210.91059982064,
    541.48687500067));
#776 = CARTESIAN_POINT('',(240.06860486141,203.23731868272,
    541.54968750076));
#777 = CARTESIAN_POINT('',(251.28023242861,194.03617379856,
    541.67531250063));
#778 = CARTESIAN_POINT('',(259.40785249097,192.50780903298,
    541.73812500125));
#779 = CARTESIAN_POINT('',(268.16222382002,195.61199561494,
    541.80093749934));
#780 = CARTESIAN_POINT('',(274.5523722204,203.54463325608,
    541.86375000301));
#781 = CARTESIAN_POINT('',(275.59491794268,214.3599779426,
    541.92656249805));
#782 = CARTESIAN_POINT('',(270.25898846366,223.8249877088,
    541.98937500294));
#783 = CARTESIAN_POINT('',(261.20241929595,228.48753116233,
    542.05218749944));
#784 = CARTESIAN_POINT('',(251.94114347434,227.77777544853,
    542.11500000118));
#785 = CARTESIAN_POINT('',(245.13015024188,223.08688217773,
    542.17781250066));
#786 = CARTESIAN_POINT('',(238.60905508365,210.13169102429,
    542.30343750072));
#787 = CARTESIAN_POINT('',(238.89859796177,201.86668820162,
    542.36625000091));
#788 = CARTESIAN_POINT('',(243.84545303646,194.00516057886,
    542.42906250013));
#789 = CARTESIAN_POINT('',(252.98543391955,189.50832991755,
    542.49187500177));
#790 = CARTESIAN_POINT('',(263.76641182747,190.86077127015,
    542.55468749944));
#791 = CARTESIAN_POINT('',(271.83233325126,198.14084440545,
    542.61750000183));
#792 = CARTESIAN_POINT('',(274.39728129395,207.99892728694,
    542.68031250004));
#793 = CARTESIAN_POINT('',(271.67561411422,216.87966547545,
    542.74312500101));
#794 = CARTESIAN_POINT('',(265.60640249422,222.49738554709,
    542.80593750064));
#795 = CARTESIAN_POINT('',(251.5372148544,226.021533535,542.93156250082)
  );
#796 = CARTESIAN_POINT('',(243.53647319913,223.92815356349,
    542.99437500025));
#797 = CARTESIAN_POINT('',(236.94982603434,217.37902607905,
    543.05718750185));
#798 = CARTESIAN_POINT('',(234.56483992538,207.47586608731,
    543.11999999897));
#799 = CARTESIAN_POINT('',(238.24654546478,197.25316455728,
    543.1828125026));
#800 = CARTESIAN_POINT('',(247.11698171541,190.97830089491,
    543.24562499928));
#801 = CARTESIAN_POINT('',(257.29751747909,190.6355938116,
    543.30843750149));
#802 = CARTESIAN_POINT('',(265.36615199096,195.23691102655,
    543.37125000046));
#803 = CARTESIAN_POINT('',(269.51760163835,202.38950316642,
    543.43406250076));
#804 = CARTESIAN_POINT('',(269.87354387673,216.88898470916,
    543.55968750071));
#805 = CARTESIAN_POINT('',(266.07805616091,224.23666323617,
    543.6225000007));
#806 = CARTESIAN_POINT('',(258.24491596174,229.22834695105,
    543.6853125008));
#807 = CARTESIAN_POINT('',(248.05982825011,229.38558834163,
    543.74812500062));
#808 = CARTESIAN_POINT('',(238.89218284134,223.55353382227,
    543.81093750076));
#809 = CARTESIAN_POINT('',(234.71330858415,213.52379986726,
    543.87375000078));
#810 = CARTESIAN_POINT('',(236.60949656386,203.51554189129,
    543.93656250061));
#811 = CARTESIAN_POINT('',(242.86685939958,196.65111231936,
    543.99937500081));
#812 = CARTESIAN_POINT('',(250.75524655188,194.167675864,544.06218750067
    ));
#813 = CARTESIAN_POINT('',(264.98040896346,196.99723665138,
    544.18781250082));
#814 = CARTESIAN_POINT('',(271.31795848756,202.31038757808,
    544.25062500017));
#815 = CARTESIAN_POINT('',(274.47210418861,211.04688324698,
    544.31343750213));
#816 = CARTESIAN_POINT('',(272.39395959991,221.01894680673,
    544.3762499984));
#817 = CARTESIAN_POINT('',(264.69496910386,228.68602758016,
    544.43906250341));
#818 = CARTESIAN_POINT('',(253.99333978886,230.56583694747,
    544.5018749985));
#819 = CARTESIAN_POINT('',(244.64371830087,226.5229005614,
    544.56468750201));
#820 = CARTESIAN_POINT('',(239.317075704,218.91357328248,544.62750000023
    ));
#821 = CARTESIAN_POINT('',(238.62233687233,210.67273312801,
    544.69031250082));
#822 = CARTESIAN_POINT('',(244.49989608563,197.41317214058,
    544.81593750063));
#823 = CARTESIAN_POINT('',(251.07251372181,192.39372952774,
    544.87875000109));
#824 = CARTESIAN_POINT('',(260.28780839106,191.2303998846,
    544.94156249979));
#825 = CARTESIAN_POINT('',(269.56224798832,195.44294147927,
    545.00437500232));
#826 = CARTESIAN_POINT('',(275.3561766674,204.63472981073,
    545.06718749877));
#827 = CARTESIAN_POINT('',(274.84557041373,215.48820089281,
    545.13000000244));
#828 = CARTESIAN_POINT('',(268.85235510924,223.72483411664,
    545.19281249965));
#829 = CARTESIAN_POINT('',(260.26084427512,227.25483760153,
    545.25562500117));
#830 = CARTESIAN_POINT('',(252.06802084388,226.12711746126,
    545.31843750061));
#831 = CARTESIAN_POINT('',(240.41841945765,217.48718416133,
    545.44406250084));
#832 = CARTESIAN_POINT('',(236.96100728412,209.97450103191,
    545.50687500017));
#833 = CARTESIAN_POINT('',(237.84502656337,200.72823142798,
    545.56968750211));
#834 = CARTESIAN_POINT('',(243.98725358812,192.60211404326,
    545.6324999984));
#835 = CARTESIAN_POINT('',(254.22515800082,188.96289771562,
    545.69531250348));
#836 = CARTESIAN_POINT('',(264.70303839021,191.83910629586,
    545.75812499836));
#837 = CARTESIAN_POINT('',(271.42641806587,199.49135579069,
    545.82093750215));
#838 = CARTESIAN_POINT('',(272.98823930601,208.64753935175,
    545.88375000014));
#839 = CARTESIAN_POINT('',(270.0928625892,216.39420974387,
    545.94656250085));
#840 = CARTESIAN_POINT('',(259.11041915383,225.86773052942,
    546.0721875006));
#841 = CARTESIAN_POINT('',(251.02275492766,227.59509676138,
    546.13500000126));
#842 = CARTESIAN_POINT('',(242.19483969937,224.70668812982,
    546.19781249939));
#843 = CARTESIAN_POINT('',(235.61193921888,216.93326174291,
    546.26062500293));
#844 = CARTESIAN_POINT('',(234.30428564666,206.14675978892,
    546.3234374981));
#845 = CARTESIAN_POINT('',(239.40632507555,196.55365044192,
    546.38625000295));
#846 = CARTESIAN_POINT('',(248.34574202976,191.67025192573,
    546.4490624994));
#847 = CARTESIAN_POINT('',(257.62164680532,192.15251078804,
    546.51187500123));
#848 = CARTESIAN_POINT('',(264.54570897772,196.67484110809,
    546.57468750064));
#849 = CARTESIAN_POINT('',(271.38277641067,209.46609471367,
    546.70031250076));
#850 = CARTESIAN_POINT('',(271.29615406039,217.73571401002,
    546.76312500069));
#851 = CARTESIAN_POINT('',(266.54372043207,225.71627578829,
    546.82593750069));
#852 = CARTESIAN_POINT('',(257.51685008897,230.43605844823,
    546.88875000085));
#853 = CARTESIAN_POINT('',(246.705928638,229.34860286765,546.95156250049
    ));
#854 = CARTESIAN_POINT('',(238.46377458027,222.26866997576,
    547.01437500099));
#855 = CARTESIAN_POINT('',(235.65766958727,212.47650314015,
    547.07718750052));
#856 = CARTESIAN_POINT('',(238.16057282638,203.53164660798,
    547.14000000082));
#857 = CARTESIAN_POINT('',(244.09009076125,197.76667257917,
    547.20281250069));
#858 = CARTESIAN_POINT('',(258.06855410369,193.8983108498,
    547.32843750076));
#859 = CARTESIAN_POINT('',(266.11826020137,195.79471230495,
    547.39125000055));
#860 = CARTESIAN_POINT('',(272.86364722556,202.18022290164,
    547.45406250111));
#861 = CARTESIAN_POINT('',(275.4909507334,212.02186975724,
    547.51687500016));
#862 = CARTESIAN_POINT('',(272.06123170974,222.33184597807,
    547.57968750132));
#863 = CARTESIAN_POINT('',(263.34745993126,228.82251117168,
    547.64250000024));
#864 = CARTESIAN_POINT('',(253.17840080783,229.4149578928,
    547.70531250102));
#865 = CARTESIAN_POINT('',(244.99927444036,225.01304071198,
    547.76812500057));
#866 = CARTESIAN_POINT('',(240.67354173379,217.96448447362,
    547.83093750079));
#867 = CARTESIAN_POINT('',(239.96187160862,203.47810516345,
    547.95656250061));
#868 = CARTESIAN_POINT('',(243.57589513632,196.03949368852,
    548.01937500135));
#869 = CARTESIAN_POINT('',(251.2841740902,190.85707849141,
    548.08218749908));
#870 = CARTESIAN_POINT('',(261.4623353456,190.44992989485,
    548.14500000347));
#871 = CARTESIAN_POINT('',(270.77034541515,196.05524262595,
    548.20781249752));
#872 = CARTESIAN_POINT('',(275.19410306546,205.97940110621,
    548.27062500336));
#873 = CARTESIAN_POINT('',(273.54410112871,216.03117956307,
    548.33343749921));
#874 = CARTESIAN_POINT('',(267.45708442849,223.04710506935,
    548.39625000127));
#875 = CARTESIAN_POINT('',(259.6320196923,225.72338427149,
    548.45906250063));
#876 = CARTESIAN_POINT('',(245.3417007361,223.24377865657,
    548.58468750077));
#877 = CARTESIAN_POINT('',(238.87566871099,218.08775920243,
    548.64750000069));
#878 = CARTESIAN_POINT('',(235.50806864717,209.4313014142,
    548.71031250062));
#879 = CARTESIAN_POINT('',(237.34086063802,199.41124102965,
    548.77312500109));
#880 = CARTESIAN_POINT('',(244.84937277524,191.55752675743,
    548.83593750009));
#881 = CARTESIAN_POINT('',(255.50164610903,189.41565241559,
    548.89875000139));
#882 = CARTESIAN_POINT('',(264.9476703127,193.22791995602,
    548.96156250025));
#883 = CARTESIAN_POINT('',(270.45945084488,200.70423308622,
    549.02437500094));
#884 = CARTESIAN_POINT('',(271.35622079004,208.92554151574,
    549.08718750067));
#885 = CARTESIAN_POINT('',(268.58102923825,215.62544650145,
    549.15000000072));
#886 = CARTESIAN_POINT('',(240.29999988437,209.99999999994,
    538.30000000072));
#887 = CARTESIAN_POINT('',(240.29999977332,202.74807508463,
    538.36281250082));
#888 = CARTESIAN_POINT('',(244.27466599825,195.49575551931,
    538.4256250003));
#889 = CARTESIAN_POINT('',(252.22794770695,190.69780977397,
    538.4884375017));
#890 = CARTESIAN_POINT('',(262.41382878747,190.7905712639,
    538.55124999917));
#891 = CARTESIAN_POINT('',(271.43558523123,196.84585274538,
    538.61406250247));
#892 = CARTESIAN_POINT('',(275.36706027975,206.97512298681,
    538.67687499929));
#893 = CARTESIAN_POINT('',(273.22582791386,216.9338297623,
    538.73968750158));
#894 = CARTESIAN_POINT('',(266.80188818436,223.64262984797,
    538.80250000036));
#895 = CARTESIAN_POINT('',(258.85493034751,225.9317270966,
    538.86531250082));
#896 = CARTESIAN_POINT('',(244.70349313706,222.75391577172,
    538.99093750059));
#897 = CARTESIAN_POINT('',(238.49824377869,217.28683330528,
    539.05375000138));
#898 = CARTESIAN_POINT('',(235.55945179484,208.47556347722,
    539.11656249914));
#899 = CARTESIAN_POINT('',(237.88169853813,198.55750183454,
    539.17937500319));
#900 = CARTESIAN_POINT('',(245.76652761987,191.08167447804,
    539.24218749807));
#901 = CARTESIAN_POINT('',(256.51106921472,189.46506161503,
    539.30500000271));
#902 = CARTESIAN_POINT('',(265.75865397065,193.73623157367,
    539.36781249971));
#903 = CARTESIAN_POINT('',(270.89695133799,201.47398968203,
    539.43062500102));
#904 = CARTESIAN_POINT('',(271.38924008349,209.72939741288,
    539.49343750072));
#905 = CARTESIAN_POINT('',(265.18804536172,222.84072244086,
    539.61906250065));
#906 = CARTESIAN_POINT('',(258.49422352453,227.69735290799,
    539.68187500124));
#907 = CARTESIAN_POINT('',(249.25315581634,228.63417836091,
    539.74468749936));
#908 = CARTESIAN_POINT('',(240.08488908746,224.19529765967,
    539.80750000294));
#909 = CARTESIAN_POINT('',(234.518284242,214.86409008603,539.87031249824
    ));
#910 = CARTESIAN_POINT('',(235.29509401642,204.02641608146,
    539.93312500268));
#911 = CARTESIAN_POINT('',(241.48864093147,195.93934657281,
    539.99593749965));
#912 = CARTESIAN_POINT('',(250.16419532481,192.62125128412,
    540.0587500011));
#913 = CARTESIAN_POINT('',(258.32687530692,193.94969417836,
    540.12156250066));
#914 = CARTESIAN_POINT('',(269.76093361022,202.87292065105,
    540.24718750075));
#915 = CARTESIAN_POINT('',(273.03293363623,210.46819063334,
    540.31000000066));
#916 = CARTESIAN_POINT('',(271.92226683033,219.6899797005,
    540.37281250081));
#917 = CARTESIAN_POINT('',(265.58246286518,227.66291280668,
    540.4356250006));
#918 = CARTESIAN_POINT('',(255.25833373471,231.04978186429,
    540.49843750084));
#919 = CARTESIAN_POINT('',(244.85419210813,227.91729909379,
    540.56125000062));
#920 = CARTESIAN_POINT('',(238.32063497365,220.10235522066,
    540.62406250081));
#921 = CARTESIAN_POINT('',(236.98398705876,210.91059952554,
    540.68687500065));
#922 = CARTESIAN_POINT('',(240.06860492775,203.23731876636,
    540.74968750077));
#923 = CARTESIAN_POINT('',(251.28023235802,194.03617371094,
    540.87531250063));
#924 = CARTESIAN_POINT('',(259.40785272217,192.50780938913,
    540.93812500126));
#925 = CARTESIAN_POINT('',(268.16222348116,195.61199477727,
    541.00093749933));
#926 = CARTESIAN_POINT('',(274.55237238822,203.54463454294,
    541.06375000303));
#927 = CARTESIAN_POINT('',(275.59491824066,214.35997653571,
    541.12656249804));
#928 = CARTESIAN_POINT('',(270.25898780132,223.8249888229,
    541.18937500294));
#929 = CARTESIAN_POINT('',(261.20241994333,228.48753054139,
    541.25218749945));
#930 = CARTESIAN_POINT('',(251.94114311926,227.77777568671,
    541.31500000117));
#931 = CARTESIAN_POINT('',(245.13015033779,223.08688213144,
    541.37781250067));
#932 = CARTESIAN_POINT('',(238.60905498289,210.13169107386,
    541.50343750072));
#933 = CARTESIAN_POINT('',(238.89859835938,201.8666880545,
    541.56625000092));
#934 = CARTESIAN_POINT('',(243.84545214586,194.0051607249,541.6290625001
    ));
#935 = CARTESIAN_POINT('',(252.98543521074,189.50833003755,
    541.69187500183));
#936 = CARTESIAN_POINT('',(263.76641052102,190.86077066899,
    541.75468749936));
#937 = CARTESIAN_POINT('',(271.83233419268,198.14084529774,
    541.81750000191));
#938 = CARTESIAN_POINT('',(274.39728083003,207.99892651803,
    541.88031249999));
#939 = CARTESIAN_POINT('',(271.67561426888,216.87966587455,
    541.94312500104));
#940 = CARTESIAN_POINT('',(265.60640247004,222.49738544333,
    542.00593750064));
#941 = CARTESIAN_POINT('',(251.53721488065,226.021533644,542.13156250083
    ));
#942 = CARTESIAN_POINT('',(243.53647314311,223.92815314411,
    542.19437500021));
#943 = CARTESIAN_POINT('',(236.94982598043,217.3790269784,
    542.25718750194));
#944 = CARTESIAN_POINT('',(234.56484032773,207.47586485594,
    542.31999999884));
#945 = CARTESIAN_POINT('',(238.24654458898,197.25316569823,
    542.38281250276));
#946 = CARTESIAN_POINT('',(247.11698279502,190.97830017322,
    542.44562499914));
#947 = CARTESIAN_POINT('',(257.29751662541,190.63559409519,
    542.50843750159));
#948 = CARTESIAN_POINT('',(265.36615241509,195.23691096322,
    542.57125000041));
#949 = CARTESIAN_POINT('',(269.51760153158,202.38950316728,
    542.63406250077));
#950 = CARTESIAN_POINT('',(269.87354398905,216.88898470741,
    542.7596875007));
#951 = CARTESIAN_POINT('',(266.0780557388,224.23666319913,
    542.82250000072));
#952 = CARTESIAN_POINT('',(258.24491682865,229.22834720009,
    542.88531250076));
#953 = CARTESIAN_POINT('',(248.05982713514,229.38558768043,
    542.94812500069));
#954 = CARTESIAN_POINT('',(238.89218376435,223.55353492524,
    543.01093750067));
#955 = CARTESIAN_POINT('',(234.71330811531,213.52379865722,
    543.07375000086));
#956 = CARTESIAN_POINT('',(236.60949665416,203.51554278534,
    543.13656250056));
#957 = CARTESIAN_POINT('',(242.86685943049,196.65111189219,
    543.19937500084));
#958 = CARTESIAN_POINT('',(250.75524652938,194.16767596818,
    543.26218750066));
#959 = CARTESIAN_POINT('',(264.98040898632,196.99723654166,
    543.38781250082));
#960 = CARTESIAN_POINT('',(271.31795835892,202.31038798083,
    543.45062500017));
#961 = CARTESIAN_POINT('',(274.47210462193,211.04688245781,
    543.51343750212));
#962 = CARTESIAN_POINT('',(272.3939587094,221.01894774662,
    543.57624999842));
#963 = CARTESIAN_POINT('',(264.69497038401,228.6860269246,
    543.63906250337));
#964 = CARTESIAN_POINT('',(253.9933385036,230.56583713713,
    543.70187499854));
#965 = CARTESIAN_POINT('',(244.64371919447,226.52290067071,
    543.76468750199));
#966 = CARTESIAN_POINT('',(239.31707529316,218.91357315811,
    543.82750000023));
#967 = CARTESIAN_POINT('',(238.62233696935,210.67273317295,
    543.89031250082));
#968 = CARTESIAN_POINT('',(244.49989598318,197.41317209407,
    544.01593750063));
#969 = CARTESIAN_POINT('',(251.07251408827,192.39372974185,
    544.0787500011));
#970 = CARTESIAN_POINT('',(260.28780771226,191.23039928878,
    544.14156249977));
#971 = CARTESIAN_POINT('',(269.56224871602,195.44294255337,
    544.20437500236));
#972 = CARTESIAN_POINT('',(275.35617630181,204.6347284198,
    544.26718749872));
#973 = CARTESIAN_POINT('',(274.84557032247,215.48820218612,
    544.33000000249));
#974 = CARTESIAN_POINT('',(268.85235540853,223.72483327066,
    544.39281249961));
#975 = CARTESIAN_POINT('',(260.26084406505,227.254837974,544.45562500119
    ));
#976 = CARTESIAN_POINT('',(252.06802090867,226.12711737684,
    544.51843750061));
#977 = CARTESIAN_POINT('',(240.41841939012,217.48718425069,
    544.64406250084));
#978 = CARTESIAN_POINT('',(236.96100757256,209.97450072293,
    544.70687500017));
#979 = CARTESIAN_POINT('',(237.84502583432,200.7282319559,
    544.76968750209));
#980 = CARTESIAN_POINT('',(243.98725479487,192.60211357472,
    544.83249999844));
#981 = CARTESIAN_POINT('',(254.22515656338,188.96289776039,
    544.89531250343));
#982 = CARTESIAN_POINT('',(264.70303963315,191.83910667446,
    544.95812499841));
#983 = CARTESIAN_POINT('',(271.42641730474,199.49135530943,
    545.02093750212));
#984 = CARTESIAN_POINT('',(272.98823962431,208.64753964002,
    545.08375000016));
#985 = CARTESIAN_POINT('',(270.09286252067,216.39420966172,
    545.14656250085));
#986 = CARTESIAN_POINT('',(259.1104192266,225.86773061531,545.2721875006
    ));
#987 = CARTESIAN_POINT('',(251.02275468782,227.59509641107,
    545.33500000124));
#988 = CARTESIAN_POINT('',(242.19484005846,224.70668895879,
    545.39781249944));
#989 = CARTESIAN_POINT('',(235.61193901998,216.93326046069,
    545.46062500285));
#990 = CARTESIAN_POINT('',(234.30428538276,206.14676120264,
    545.5234374982));
#991 = CARTESIAN_POINT('',(239.4063257108,196.55364931185,
    545.58625000287));
#992 = CARTESIAN_POINT('',(248.34574139757,191.67025256245,
    545.64906249944));
#993 = CARTESIAN_POINT('',(257.62164715452,192.15251054117,
    545.71187500121));
#994 = CARTESIAN_POINT('',(264.54570888297,196.67484115673,
    545.77468750064));
#995 = CARTESIAN_POINT('',(271.38277651012,209.46609466167,
    545.90031250076));
#996 = CARTESIAN_POINT('',(271.29615366676,217.73571416662,
    545.96312500069));
#997 = CARTESIAN_POINT('',(266.54372131837,225.71627562108,
    546.02593750071));
#998 = CARTESIAN_POINT('',(257.51684879577,230.43605835885,
    546.08875000082));
#999 = CARTESIAN_POINT('',(246.70592995833,229.34860343791,
    546.15156250052));
#1000 = CARTESIAN_POINT('',(238.46377361751,222.26866910567,
    546.21437500096));
#1001 = CARTESIAN_POINT('',(235.65767006985,212.4765038982,
    546.27718750054));
#1002 = CARTESIAN_POINT('',(238.16057266196,203.53164621244,
    546.34000000081));
#1003 = CARTESIAN_POINT('',(244.09009078799,197.76667268241,
    546.40281250069));
#1004 = CARTESIAN_POINT('',(258.06855407473,193.89831074134,
    546.52843750076));
#1005 = CARTESIAN_POINT('',(266.11826026789,195.79471272324,
    546.59125000055));
#1006 = CARTESIAN_POINT('',(272.86364725676,202.1802220005,
    546.65406250109));
#1007 = CARTESIAN_POINT('',(275.49095036251,212.02187099902,
    546.71687500018));
#1008 = CARTESIAN_POINT('',(272.06123255594,222.33184481518,
    546.7796875013));
#1009 = CARTESIAN_POINT('',(263.34745887083,228.8225119201,
    546.84250000026));
#1010 = CARTESIAN_POINT('',(253.17840165363,229.41495758821,
    546.90531250101));
#1011 = CARTESIAN_POINT('',(244.99927401813,225.01304078568,
    546.96812500057));
#1012 = CARTESIAN_POINT('',(240.67354184054,217.96448447015,
    547.03093750079));
#1013 = CARTESIAN_POINT('',(239.96187149613,203.47810516797,
    547.15656250061));
#1014 = CARTESIAN_POINT('',(243.57589556031,196.03949371487,
    547.21937500134));
#1015 = CARTESIAN_POINT('',(251.28417321517,190.85707826495,
    547.2821874991));
#1016 = CARTESIAN_POINT('',(261.46233647952,190.44993052591,
    547.34500000344));
#1017 = CARTESIAN_POINT('',(270.77034446253,196.05524154954,
    547.40781249754));
#1018 = CARTESIAN_POINT('',(275.19410356551,205.97940230087,
    547.47062500336));
#1019 = CARTESIAN_POINT('',(273.54410101612,216.03117867399,
    547.53343749921));
#1020 = CARTESIAN_POINT('',(267.45708440774,223.04710549595,
    547.59625000128));
#1021 = CARTESIAN_POINT('',(259.63201971265,225.72338416711,
    547.65906250063));
#1022 = CARTESIAN_POINT('',(245.34170071508,223.24377876661,
    547.78468750077));
#1023 = CARTESIAN_POINT('',(238.8756688343,218.08775879765,
    547.84750000067));
#1024 = CARTESIAN_POINT('',(235.50806822117,209.43130221057,
    547.91031250068));
#1025 = CARTESIAN_POINT('',(237.34086152839,199.41124007543,
    547.973125001));
#1026 = CARTESIAN_POINT('',(244.84937147688,191.55752743172,
    548.03593750021));
#1027 = CARTESIAN_POINT('',(255.50164743143,189.41565221132,
    548.09875000128));
#1028 = CARTESIAN_POINT('',(264.94766937457,193.22791985059,
    548.16156250033));
#1029 = CARTESIAN_POINT('',(270.45945129318,200.7042332159,
    548.2243750009));
#1030 = CARTESIAN_POINT('',(271.35622066899,208.92554146277,
    548.28718750068));
#1031 = CARTESIAN_POINT('',(268.58102925308,215.62544650767,
    548.35000000072));
#1032 = DEFINITIONAL_REPRESENTATION('',(#1033),#1037);
#1033 = LINE('',#1034,#1035);
#1034 = CARTESIAN_POINT('',(0.8,0.));
#1035 = VECTOR('',#1036,1.);
#1036 = DIRECTION('',(0.,1.));
#1037 = ( GEOMETRIC_REPRESENTATION_CONTEXT(2) 
PARAMETRIC_REPRESENTATION_CONTEXT() REPRESENTATION_CONTEXT('2D SPACE',''
  ) );
#1038 = ORIENTED_EDGE('',*,*,#1039,.F.);
#1039 = EDGE_CURVE('',#1040,#286,#1042,.T.);
#1040 = VERTEX_POINT('',#1041);
#1041 = CARTESIAN_POINT('',(239.80000223654,210.00000862996,540.3));
#1042 = SURFACE_CURVE('',#1043,(#1102,#1164),.PCURVE_S1.);
#1043 = B_SPLINE_CURVE_WITH_KNOTS('',8,(#1044,#1045,#1046,#1047,#1048,
    #1049,#1050,#1051,#1052,#1053,#1054,#1055,#1056,#1057,#1058,#1059,
    #1060,#1061,#1062,#1063,#1064,#1065,#1066,#1067,#1068,#1069,#1070,
    #1071,#1072,#1073,#1074,#1075,#1076,#1077,#1078,#1079,#1080,#1081,
    #1082,#1083,#1084,#1085,#1086,#1087,#1088,#1089,#1090,#1091,#1092,
    #1093,#1094,#1095,#1096,#1097,#1098,#1099,#1100,#1101),
  .UNSPECIFIED.,.F.,.F.,(9,7,7,7,7,7,7,7,9),(0.,0.130870124774,
    0.259170283507,0.386933124302,0.512159733922,0.634874983898,
    0.758078651237,0.879782805864,1.),.UNSPECIFIED.);
#1044 = CARTESIAN_POINT('',(239.80000223654,210.00000862994,540.3));
#1045 = CARTESIAN_POINT('',(239.80804761524,209.23164427725,540.3));
#1046 = CARTESIAN_POINT('',(239.86048800071,208.46370999316,540.3));
#1047 = CARTESIAN_POINT('',(239.95732958635,207.6992525487,540.3));
#1048 = CARTESIAN_POINT('',(240.09832034979,206.94127262477,540.3));
#1049 = CARTESIAN_POINT('',(240.28297234603,206.19272850736,540.3));
#1050 = CARTESIAN_POINT('',(240.5105683989,205.4565363736,540.3));
#1051 = CARTESIAN_POINT('',(240.78015319067,204.73556716854,540.3));
#1052 = CARTESIAN_POINT('',(241.39476969278,203.34351672928,540.3));
#1053 = CARTESIAN_POINT('',(241.73824330995,202.67167159357,540.3));
#1054 = CARTESIAN_POINT('',(242.11979407387,202.01976608988,540.3));
#1055 = CARTESIAN_POINT('',(242.53808158773,201.39032778365,540.3));
#1056 = CARTESIAN_POINT('',(242.99157782742,200.78576135283,540.3));
#1057 = CARTESIAN_POINT('',(243.47857255882,200.20835116647,540.3));
#1058 = CARTESIAN_POINT('',(243.99716693039,199.66025547086,540.3));
#1059 = CARTESIAN_POINT('',(245.09104817149,198.62889308725,540.3));
#1060 = CARTESIAN_POINT('',(245.66613671718,198.14531903771,540.3));
#1061 = CARTESIAN_POINT('',(246.26844929844,197.69477293849,540.3));
#1062 = CARTESIAN_POINT('',(246.89577808749,197.27905547194,540.3));
#1063 = CARTESIAN_POINT('',(247.54579058391,196.89978183353,540.3));
#1064 = CARTESIAN_POINT('',(248.21603360084,196.55838621578,540.3));
#1065 = CARTESIAN_POINT('',(248.9039296623,196.25611404118,540.3));
#1066 = CARTESIAN_POINT('',(250.2956498997,195.73709305702,540.3));
#1067 = CARTESIAN_POINT('',(250.99894521429,195.51874382501,540.3));
#1068 = CARTESIAN_POINT('',(251.71410171722,195.33994131364,540.3));
#1069 = CARTESIAN_POINT('',(252.43852490403,195.20144970804,540.3));
#1070 = CARTESIAN_POINT('',(253.16957962971,195.10382840409,540.3));
#1071 = CARTESIAN_POINT('',(253.90459187097,195.04743719149,540.3));
#1072 = CARTESIAN_POINT('',(254.64084842519,195.03242852875,540.3));
#1073 = CARTESIAN_POINT('',(256.09560568512,195.08449789006,540.3));
#1074 = CARTESIAN_POINT('',(256.81422371343,195.14993777009,540.3));
#1075 = CARTESIAN_POINT('',(257.52885608444,195.25498623652,540.3));
#1076 = CARTESIAN_POINT('',(258.23695066974,195.399375347,540.3));
#1077 = CARTESIAN_POINT('',(258.93599275403,195.58264591608,540.3));
#1078 = CARTESIAN_POINT('',(259.62350477454,195.80415225408,540.3));
#1079 = CARTESIAN_POINT('',(260.29704880442,196.06305525921,540.3));
#1080 = CARTESIAN_POINT('',(261.6140304014,196.65472758193,540.3));
#1081 = CARTESIAN_POINT('',(262.2573878841,196.98780950963,540.3));
#1082 = CARTESIAN_POINT('',(262.88188051553,197.35649654582,540.3));
#1083 = CARTESIAN_POINT('',(263.48519501734,197.75954662015,540.3));
#1084 = CARTESIAN_POINT('',(264.06513899996,198.19556865164,540.3));
#1085 = CARTESIAN_POINT('',(264.61962955221,198.66296638523,540.3));
#1086 = CARTESIAN_POINT('',(265.14667837585,199.1600294854,540.3));
#1087 = CARTESIAN_POINT('',(266.13613671918,200.20324489593,540.3));
#1088 = CARTESIAN_POINT('',(266.59929314372,200.74876816064,540.3));
#1089 = CARTESIAN_POINT('',(267.03211180441,201.3195575294,540.3));
#1090 = CARTESIAN_POINT('',(267.43297248163,201.91365032387,540.3));
#1091 = CARTESIAN_POINT('',(267.80041493761,202.52897411626,540.3));
#1092 = CARTESIAN_POINT('',(268.13313504024,203.16335016441,540.3));
#1093 = CARTESIAN_POINT('',(268.42999093585,203.81449048952,540.3));
#1094 = CARTESIAN_POINT('',(268.94687062412,205.13735576112,540.3));
#1095 = CARTESIAN_POINT('',(269.16780846175,205.80878222521,540.3));
#1096 = CARTESIAN_POINT('',(269.35189498367,206.49195226843,540.3));
#1097 = CARTESIAN_POINT('',(269.49838956728,207.18450661393,540.3));
#1098 = CARTESIAN_POINT('',(269.60673351958,207.88404598021,540.3));
#1099 = CARTESIAN_POINT('',(269.67654580624,208.58813264428,540.3));
#1100 = CARTESIAN_POINT('',(269.70762975763,209.29429001549,540.3));
#1101 = CARTESIAN_POINT('',(269.69999075173,210.00000022038,540.3));
#1102 = PCURVE('',#439,#1103);
#1103 = DEFINITIONAL_REPRESENTATION('',(#1104),#1163);
#1104 = B_SPLINE_CURVE_WITH_KNOTS('',8,(#1105,#1106,#1107,#1108,#1109,
    #1110,#1111,#1112,#1113,#1114,#1115,#1116,#1117,#1118,#1119,#1120,
    #1121,#1122,#1123,#1124,#1125,#1126,#1127,#1128,#1129,#1130,#1131,
    #1132,#1133,#1134,#1135,#1136,#1137,#1138,#1139,#1140,#1141,#1142,
    #1143,#1144,#1145,#1146,#1147,#1148,#1149,#1150,#1151,#1152,#1153,
    #1154,#1155,#1156,#1157,#1158,#1159,#1160,#1161,#1162),
  .UNSPECIFIED.,.F.,.F.,(9,7,7,7,7,7,7,7,9),(0.,0.130870124774,
    0.259170283507,0.386933124302,0.512159733922,0.634874983898,
    0.758078651237,0.879782805864,1.),.UNSPECIFIED.);
#1105 = CARTESIAN_POINT('',(0.640312423743,12.667820240353));
#1106 = CARTESIAN_POINT('',(0.630009360992,12.718778701875));
#1107 = CARTESIAN_POINT('',(0.619699611163,12.769770237949));
#1108 = CARTESIAN_POINT('',(0.609383860957,12.820791452265));
#1109 = CARTESIAN_POINT('',(0.599062159494,12.871842101909));
#1110 = CARTESIAN_POINT('',(0.588734229684,12.922923557322));
#1111 = CARTESIAN_POINT('',(0.578399785891,12.97403723115));
#1112 = CARTESIAN_POINT('',(0.568058857889,13.025182975996));
#1113 = CARTESIAN_POINT('',(0.547568568676,13.126526985845));
#1114 = CARTESIAN_POINT('',(0.537418526056,13.176728621055));
#1115 = CARTESIAN_POINT('',(0.527262625679,13.226959228553));
#1116 = CARTESIAN_POINT('',(0.51710091056,13.277218595416));
#1117 = CARTESIAN_POINT('',(0.506933122607,13.327507997961));
#1118 = CARTESIAN_POINT('',(0.496758996815,13.377828746733));
#1119 = CARTESIAN_POINT('',(0.486578561312,13.428180702484));
#1120 = CARTESIAN_POINT('',(0.466248984459,13.528729833307));
#1121 = CARTESIAN_POINT('',(0.45609900313,13.578931162891));
#1122 = CARTESIAN_POINT('',(0.445943134955,13.629161607842));
#1123 = CARTESIAN_POINT('',(0.435781425728,13.679420941653));
#1124 = CARTESIAN_POINT('',(0.425613619905,13.729710428285));
#1125 = CARTESIAN_POINT('',(0.415439454813,13.780031367038));
#1126 = CARTESIAN_POINT('',(0.405258960532,13.830383609346));
#1127 = CARTESIAN_POINT('',(0.385088777388,13.930144379259));
#1128 = CARTESIAN_POINT('',(0.375098473999,13.97955594628));
#1129 = CARTESIAN_POINT('',(0.365102440335,14.028995855131));
#1130 = CARTESIAN_POINT('',(0.355100716404,14.078463908197));
#1131 = CARTESIAN_POINT('',(0.345093063713,14.127961285334));
#1132 = CARTESIAN_POINT('',(0.335079236971,14.177489199997));
#1133 = CARTESIAN_POINT('',(0.325059260948,14.227047529834));
#1134 = CARTESIAN_POINT('',(0.305209221623,14.325224892397));
#1135 = CARTESIAN_POINT('',(0.295378604198,14.373846665738));
#1136 = CARTESIAN_POINT('',(0.285542400294,14.422496070663));
#1137 = CARTESIAN_POINT('',(0.275700648379,14.47117291679));
#1138 = CARTESIAN_POINT('',(0.265853131593,14.519878276398));
#1139 = CARTESIAN_POINT('',(0.255999628274,14.568613245276));
#1140 = CARTESIAN_POINT('',(0.246140166749,14.617377682511));
#1141 = CARTESIAN_POINT('',(0.226371138944,14.715154369318));
#1142 = CARTESIAN_POINT('',(0.216460811721,14.764170388386));
#1143 = CARTESIAN_POINT('',(0.206544573688,14.813215603564));
#1144 = CARTESIAN_POINT('',(0.196623320822,14.862285713601));
#1145 = CARTESIAN_POINT('',(0.186695266073,14.911389318178));
#1146 = CARTESIAN_POINT('',(0.176761689519,14.960520331374));
#1147 = CARTESIAN_POINT('',(0.166821881775,15.009682147379));
#1148 = CARTESIAN_POINT('',(0.14705225066,15.107461811963));
#1149 = CARTESIAN_POINT('',(0.137221777825,15.156082870695));
#1150 = CARTESIAN_POINT('',(0.127385659623,15.204731851942));
#1151 = CARTESIAN_POINT('',(0.117543934735,15.25340856329));
#1152 = CARTESIAN_POINT('',(0.107696387994,15.302114068521));
#1153 = CARTESIAN_POINT('',(9.784279862686E-02,15.350849459479));
#1154 = CARTESIAN_POINT('',(8.798319497765E-02,15.399614596037));
#1155 = CARTESIAN_POINT('',(6.837356629155E-02,15.496602897288));
#1156 = CARTESIAN_POINT('',(5.862293633421E-02,15.544829053901));
#1157 = CARTESIAN_POINT('',(4.88667436816E-02,15.593082722898));
#1158 = CARTESIAN_POINT('',(3.910502314425E-02,15.641363732309));
#1159 = CARTESIAN_POINT('',(2.93375624767E-02,15.689673132074));
#1160 = CARTESIAN_POINT('',(1.956414310726E-02,15.738012003366));
#1161 = CARTESIAN_POINT('',(9.784785621589E-03,15.786380244429));
#1162 = CARTESIAN_POINT('',(0.,15.834775332954));
#1163 = ( GEOMETRIC_REPRESENTATION_CONTEXT(2) 
PARAMETRIC_REPRESENTATION_CONTEXT() REPRESENTATION_CONTEXT('2D SPACE',''
  ) );
#1164 = PCURVE('',#1165,#1170);
#1165 = PLANE('',#1166);
#1166 = AXIS2_PLACEMENT_3D('',#1167,#1168,#1169);
#1167 = CARTESIAN_POINT('',(272.2,192.8,540.3));
#1168 = DIRECTION('',(1.110223024625E-16,0.,1.));
#1169 = DIRECTION('',(-1.,0.,1.110223024625E-16));
#1170 = DEFINITIONAL_REPRESENTATION('',(#1171),#1230);
#1171 = B_SPLINE_CURVE_WITH_KNOTS('',8,(#1172,#1173,#1174,#1175,#1176,
    #1177,#1178,#1179,#1180,#1181,#1182,#1183,#1184,#1185,#1186,#1187,
    #1188,#1189,#1190,#1191,#1192,#1193,#1194,#1195,#1196,#1197,#1198,
    #1199,#1200,#1201,#1202,#1203,#1204,#1205,#1206,#1207,#1208,#1209,
    #1210,#1211,#1212,#1213,#1214,#1215,#1216,#1217,#1218,#1219,#1220,
    #1221,#1222,#1223,#1224,#1225,#1226,#1227,#1228,#1229),
  .UNSPECIFIED.,.F.,.F.,(9,7,7,7,7,7,7,7,9),(0.,0.130870124774,
    0.259170283507,0.386933124302,0.512159733922,0.634874983898,
    0.758078651237,0.879782805864,1.),.UNSPECIFIED.);
#1172 = CARTESIAN_POINT('',(32.399997763459,-17.20000862994));
#1173 = CARTESIAN_POINT('',(32.391952384758,-16.43164427725));
#1174 = CARTESIAN_POINT('',(32.339511999285,-15.66370999316));
#1175 = CARTESIAN_POINT('',(32.242670413644,-14.8992525487));
#1176 = CARTESIAN_POINT('',(32.101679650207,-14.14127262477));
#1177 = CARTESIAN_POINT('',(31.917027653961,-13.39272850736));
#1178 = CARTESIAN_POINT('',(31.689431601096,-12.6565363736));
#1179 = CARTESIAN_POINT('',(31.419846809324,-11.93556716854));
#1180 = CARTESIAN_POINT('',(30.805230307218,-10.54351672928));
#1181 = CARTESIAN_POINT('',(30.461756690049,-9.871671593576));
#1182 = CARTESIAN_POINT('',(30.080205926125,-9.219766089881));
#1183 = CARTESIAN_POINT('',(29.661918412268,-8.590327783655));
#1184 = CARTESIAN_POINT('',(29.208422172573,-7.985761352833));
#1185 = CARTESIAN_POINT('',(28.721427441173,-7.408351166476));
#1186 = CARTESIAN_POINT('',(28.202833069607,-6.860255470864));
#1187 = CARTESIAN_POINT('',(27.108951828508,-5.828893087256));
#1188 = CARTESIAN_POINT('',(26.533863282813,-5.345319037713));
#1189 = CARTESIAN_POINT('',(25.931550701559,-4.894772938493));
#1190 = CARTESIAN_POINT('',(25.304221912503,-4.47905547194));
#1191 = CARTESIAN_POINT('',(24.654209416084,-4.09978183353));
#1192 = CARTESIAN_POINT('',(23.983966399155,-3.758386215781));
#1193 = CARTESIAN_POINT('',(23.296070337694,-3.456114041185));
#1194 = CARTESIAN_POINT('',(21.904350100295,-2.937093057023));
#1195 = CARTESIAN_POINT('',(21.201054785703,-2.718743825012));
#1196 = CARTESIAN_POINT('',(20.485898282778,-2.539941313645));
#1197 = CARTESIAN_POINT('',(19.761475095964,-2.401449708047));
#1198 = CARTESIAN_POINT('',(19.030420370287,-2.303828404098));
#1199 = CARTESIAN_POINT('',(18.295408129023,-2.247437191495));
#1200 = CARTESIAN_POINT('',(17.559151574804,-2.232428528751));
#1201 = CARTESIAN_POINT('',(16.104394314879,-2.28449789006));
#1202 = CARTESIAN_POINT('',(15.385776286569,-2.349937770093));
#1203 = CARTESIAN_POINT('',(14.671143915553,-2.454986236523));
#1204 = CARTESIAN_POINT('',(13.96304933026,-2.599375347002));
#1205 = CARTESIAN_POINT('',(13.264007245969,-2.782645916086));
#1206 = CARTESIAN_POINT('',(12.576495225456,-3.004152254086));
#1207 = CARTESIAN_POINT('',(11.902951195579,-3.263055259214));
#1208 = CARTESIAN_POINT('',(10.585969598595,-3.854727581939));
#1209 = CARTESIAN_POINT('',(9.942612115894,-4.187809509631));
#1210 = CARTESIAN_POINT('',(9.318119484469,-4.556496545824));
#1211 = CARTESIAN_POINT('',(8.714804982657,-4.959546620155));
#1212 = CARTESIAN_POINT('',(8.134861000032,-5.395568651643));
#1213 = CARTESIAN_POINT('',(7.58037044779,-5.86296638523));
#1214 = CARTESIAN_POINT('',(7.053321624148,-6.360029485409));
#1215 = CARTESIAN_POINT('',(6.063863280816,-7.403244895935));
#1216 = CARTESIAN_POINT('',(5.600706856278,-7.948768160647));
#1217 = CARTESIAN_POINT('',(5.167888195587,-8.519557529401));
#1218 = CARTESIAN_POINT('',(4.767027518364,-9.113650323877));
#1219 = CARTESIAN_POINT('',(4.399585062388,-9.72897411626));
#1220 = CARTESIAN_POINT('',(4.066864959755,-10.36335016441));
#1221 = CARTESIAN_POINT('',(3.770009064147,-11.01449048952));
#1222 = CARTESIAN_POINT('',(3.253129375874,-12.33735576112));
#1223 = CARTESIAN_POINT('',(3.032191538245,-13.00878222521));
#1224 = CARTESIAN_POINT('',(2.848105016325,-13.69195226843));
#1225 = CARTESIAN_POINT('',(2.701610432712,-14.38450661393));
#1226 = CARTESIAN_POINT('',(2.593266480413,-15.08404598021));
#1227 = CARTESIAN_POINT('',(2.523454193752,-15.78813264428));
#1228 = CARTESIAN_POINT('',(2.492370242361,-16.49429001549));
#1229 = CARTESIAN_POINT('',(2.500009248269,-17.20000022038));
#1230 = ( GEOMETRIC_REPRESENTATION_CONTEXT(2) 
PARAMETRIC_REPRESENTATION_CONTEXT() REPRESENTATION_CONTEXT('2D SPACE',''
  ) );
#1231 = ORIENTED_EDGE('',*,*,#1232,.T.);
#1232 = EDGE_CURVE('',#1040,#1233,#1235,.T.);
#1233 = VERTEX_POINT('',#1234);
#1234 = CARTESIAN_POINT('',(269.04297504873,215.81679611511,547.95));
#1235 = SURFACE_CURVE('',#1236,(#1383,#1390),.PCURVE_S1.);
#1236 = B_SPLINE_CURVE_WITH_KNOTS('',10,(#1237,#1238,#1239,#1240,#1241,
    #1242,#1243,#1244,#1245,#1246,#1247,#1248,#1249,#1250,#1251,#1252,
    #1253,#1254,#1255,#1256,#1257,#1258,#1259,#1260,#1261,#1262,#1263,
    #1264,#1265,#1266,#1267,#1268,#1269,#1270,#1271,#1272,#1273,#1274,
    #1275,#1276,#1277,#1278,#1279,#1280,#1281,#1282,#1283,#1284,#1285,
    #1286,#1287,#1288,#1289,#1290,#1291,#1292,#1293,#1294,#1295,#1296,
    #1297,#1298,#1299,#1300,#1301,#1302,#1303,#1304,#1305,#1306,#1307,
    #1308,#1309,#1310,#1311,#1312,#1313,#1314,#1315,#1316,#1317,#1318,
    #1319,#1320,#1321,#1322,#1323,#1324,#1325,#1326,#1327,#1328,#1329,
    #1330,#1331,#1332,#1333,#1334,#1335,#1336,#1337,#1338,#1339,#1340,
    #1341,#1342,#1343,#1344,#1345,#1346,#1347,#1348,#1349,#1350,#1351,
    #1352,#1353,#1354,#1355,#1356,#1357,#1358,#1359,#1360,#1361,#1362,
    #1363,#1364,#1365,#1366,#1367,#1368,#1369,#1370,#1371,#1372,#1373,
    #1374,#1375,#1376,#1377,#1378,#1379,#1380,#1381,#1382),
  .UNSPECIFIED.,.F.,.F.,(11,9,9,9,9,9,9,9,9,9,9,9,9,9,9,9,11),(0.,
    4.973109129812,9.946218259624,14.919327389435,19.892436519247,
    24.865545649059,29.838654778871,34.811763908682,39.784873038494,
    44.757982168306,49.731091298118,54.70420042793,59.677309557741,
    64.650418687553,69.623527817365,74.596636947177,79.569746076988),
  .UNSPECIFIED.);
#1237 = CARTESIAN_POINT('',(239.79999987916,210.00000000644,
    538.69999999421));
#1238 = CARTESIAN_POINT('',(239.79999983896,202.50141049832,
    538.7628125875));
#1239 = CARTESIAN_POINT('',(243.90985805812,195.00241610517,
    538.82562473219));
#1240 = CARTESIAN_POINT('',(252.13366289747,190.041267528,
    538.88843795577));
#1241 = CARTESIAN_POINT('',(262.6659935697,190.13719662831,
    538.95124961214));
#1242 = CARTESIAN_POINT('',(271.99462794201,196.39842638058,
    539.01406252875));
#1243 = CARTESIAN_POINT('',(276.05980847467,206.87223920114,
    539.07687534382));
#1244 = CARTESIAN_POINT('',(273.84575974202,217.16967377657,
    539.13968708887));
#1245 = CARTESIAN_POINT('',(267.20331068752,224.10666455651,
    539.20250024502));
#1246 = CARTESIAN_POINT('',(258.98605089125,226.47362273005,
    539.26531243397));
#1247 = CARTESIAN_POINT('',(244.3532713664,223.18772226828,
    539.39093757129));
#1248 = CARTESIAN_POINT('',(237.93696159359,217.53468589363,
    539.45374975721));
#1249 = CARTESIAN_POINT('',(234.89820420278,208.42370816861,
    539.51656292413));
#1250 = CARTESIAN_POINT('',(237.29944913709,198.16830890446,
    539.579374645));
#1251 = CARTESIAN_POINT('',(245.45245970835,190.43818366073,
    539.64218750106));
#1252 = CARTESIAN_POINT('',(256.56246727863,188.76660374897,
    539.70500036231));
#1253 = CARTESIAN_POINT('',(266.12459530777,193.18303649046,
    539.76781207949));
#1254 = CARTESIAN_POINT('',(271.43766316073,201.18399146858,
    539.8306252483));
#1255 = CARTESIAN_POINT('',(271.94669748085,209.72019282478,
    539.89343743343));
#1256 = CARTESIAN_POINT('',(265.53457726024,223.27748210967,
    540.01906257157));
#1257 = CARTESIAN_POINT('',(258.61307619996,228.29930194137,
    540.08187475672));
#1258 = CARTESIAN_POINT('',(249.05768031394,229.26799748208,
    540.14468792481));
#1259 = CARTESIAN_POINT('',(239.57758115065,224.67812698733,
    540.20749964427));
#1260 = CARTESIAN_POINT('',(233.821616212,215.02953717976,
    540.27031250164));
#1261 = CARTESIAN_POINT('',(234.62486856835,203.82323389663,
    540.333125362));
#1262 = CARTESIAN_POINT('',(241.02906551117,195.46109110183,
    540.39593707961));
#1263 = CARTESIAN_POINT('',(249.99971408122,192.03013863874,
    540.45875024827));
#1264 = CARTESIAN_POINT('',(258.44003397777,193.4037650717,
    540.52156243344));
#1265 = CARTESIAN_POINT('',(270.26300651817,202.63050332455,
    540.64718757154));
#1266 = CARTESIAN_POINT('',(273.64629735868,210.48411360486,
    540.70999975668));
#1267 = CARTESIAN_POINT('',(272.49785657215,220.01957611917,
    540.77281292516));
#1268 = CARTESIAN_POINT('',(265.9424086704,228.26368274705,
    540.83562464351));
#1269 = CARTESIAN_POINT('',(255.26711998704,231.76577200699,
    540.89843750252));
#1270 = CARTESIAN_POINT('',(244.50909959098,228.52672202364,
    540.96125036139));
#1271 = CARTESIAN_POINT('',(237.75330654713,220.44597756962,
    541.02406207982));
#1272 = CARTESIAN_POINT('',(236.37119914728,210.94157071189,
    541.08687524828));
#1273 = CARTESIAN_POINT('',(239.56073394059,203.00729586579,
    541.1496874334));
#1274 = CARTESIAN_POINT('',(251.15371005306,193.49318616845,
    541.27531257159));
#1275 = CARTESIAN_POINT('',(259.55777755127,191.91283784115,
    541.33812475666));
#1276 = CARTESIAN_POINT('',(268.60992383611,195.12260562475,
    541.40093792496));
#1277 = CARTESIAN_POINT('',(275.21740946946,203.3250640925,
    541.46374964404));
#1278 = CARTESIAN_POINT('',(276.29543642861,214.5082780992,
    541.52656250186));
#1279 = CARTESIAN_POINT('',(270.77799285196,224.29522164654,
    541.58937536185));
#1280 = CARTESIAN_POINT('',(261.41339064035,229.1163621783,
    541.65218707969));
#1281 = CARTESIAN_POINT('',(251.83709917994,228.38245998266,
    541.71500024822));
#1282 = CARTESIAN_POINT('',(244.79444134074,223.53201463257,
    541.77781243346));
#1283 = CARTESIAN_POINT('',(238.05153968708,210.13616991241,
    541.90343757155));
#1284 = CARTESIAN_POINT('',(238.35093206896,201.59004707516,
    541.96624975673));
#1285 = CARTESIAN_POINT('',(243.46604580983,193.46111276525,
    542.0290629249));
#1286 = CARTESIAN_POINT('',(252.91691030439,188.81134378194,
    542.09187464408));
#1287 = CARTESIAN_POINT('',(264.06459307564,190.20976663843,
    542.15468750182));
#1288 = CARTESIAN_POINT('',(272.40485601082,197.73747955818,
    542.21750036194));
#1289 = CARTESIAN_POINT('',(275.05705713889,207.93085975167,
    542.28031207954));
#1290 = CARTESIAN_POINT('',(272.24280986827,217.11366884668,
    542.34312524835));
#1291 = CARTESIAN_POINT('',(265.96716494197,222.92246650988,
    542.40593743341));
#1292 = CARTESIAN_POINT('',(251.41943260026,226.56648382482,
    542.53156257154));
#1293 = CARTESIAN_POINT('',(243.14655958669,224.40189992817,
    542.59437475656));
#1294 = CARTESIAN_POINT('',(236.33586882924,217.63001296676,
    542.65718792559));
#1295 = CARTESIAN_POINT('',(233.86977546039,207.39001419895,
    542.71999964275));
#1296 = CARTESIAN_POINT('',(237.6766907387,196.81959255515,
    542.78281250338));
#1297 = CARTESIAN_POINT('',(246.84885822276,190.33131148129,
    542.84562536075));
#1298 = CARTESIAN_POINT('',(257.37566154489,189.97693543267,
    542.90843708011));
#1299 = CARTESIAN_POINT('',(265.71874287225,194.73476735007,
    542.97125024822));
#1300 = CARTESIAN_POINT('',(270.01139753877,202.13064224383,
    543.0340624334));
#1301 = CARTESIAN_POINT('',(270.37944679744,217.12330438971,
    543.15968757155));
#1302 = CARTESIAN_POINT('',(266.45486094166,224.72090119448,
    543.22249975665));
#1303 = CARTESIAN_POINT('',(258.35528561826,229.88237784188,
    543.28531292524));
#1304 = CARTESIAN_POINT('',(247.82377289268,230.04495396601,
    543.34812464341));
#1305 = CARTESIAN_POINT('',(238.34428983897,224.01454612817,
    543.41093750259));
#1306 = CARTESIAN_POINT('',(234.02329344481,213.643652348,
    543.47375036138));
#1307 = CARTESIAN_POINT('',(235.98396364261,203.29498369166,
    543.53656207979));
#1308 = CARTESIAN_POINT('',(242.4541698441,196.19706834347,
    543.5993752483));
#1309 = CARTESIAN_POINT('',(250.61086669252,193.6291614029,
    543.66218743341));
#1310 = CARTESIAN_POINT('',(265.31987913219,196.55496582679,
    543.78781257152));
#1311 = CARTESIAN_POINT('',(271.87298888967,202.04883548759,
    543.85062475664));
#1312 = CARTESIAN_POINT('',(275.13442565072,211.08249431836,
    543.91343792549));
#1313 = CARTESIAN_POINT('',(272.98558402198,221.39373434626,
    543.97624964278));
#1314 = CARTESIAN_POINT('',(265.0247357573,229.32161631923,
    544.03906250346));
#1315 = CARTESIAN_POINT('',(253.95909693589,231.26534601453,
    544.10187536063));
#1316 = CARTESIAN_POINT('',(244.29146415765,227.08490979076,
    544.16468708017));
#1317 = CARTESIAN_POINT('',(238.78364323577,219.2167537623,
    544.22750024823));
#1318 = CARTESIAN_POINT('',(238.06527335949,210.69561567813,
    544.29031243338));
#1319 = CARTESIAN_POINT('',(244.14274983478,196.98504828763,
    544.41593757159));
#1320 = CARTESIAN_POINT('',(250.93892464027,191.79487879494,
    544.47874975663));
#1321 = CARTESIAN_POINT('',(260.46766964112,190.59197385311,
    544.54156292509));
#1322 = CARTESIAN_POINT('',(270.0575546364,194.9478086848,
    544.60437464381));
#1323 = CARTESIAN_POINT('',(276.04857423346,204.45223406642,
    544.66718750211));
#1324 = CARTESIAN_POINT('',(275.52058025152,215.67487502031,
    544.73000036169));
#1325 = CARTESIAN_POINT('',(269.32352939023,224.19166615463,
    544.79281207973));
#1326 = CARTESIAN_POINT('',(260.43978240038,227.84173601555,
    544.85562524823));
#1327 = CARTESIAN_POINT('',(251.96829409011,226.67565911261,
    544.91843743346));
#1328 = CARTESIAN_POINT('',(239.92244691607,217.74185005169,
    545.04406257149));
#1329 = CARTESIAN_POINT('',(236.34743781474,209.97363524592,
    545.10687475673));
#1330 = CARTESIAN_POINT('',(237.26152074801,200.41286048602,
    545.16968792529));
#1331 = CARTESIAN_POINT('',(243.61267376644,192.01035808546,
    545.23249964309));
#1332 = CARTESIAN_POINT('',(254.19880167963,188.2473388881,
    545.29531250313));
#1333 = CARTESIAN_POINT('',(265.03307222718,191.22139829526,
    545.3581253609));
#1334 = CARTESIAN_POINT('',(271.98514194834,199.13391351764,
    545.42093707999));
#1335 = CARTESIAN_POINT('',(273.60008290431,208.60153921299,
    545.48375024831));
#1336 = CARTESIAN_POINT('',(270.60622559123,216.61169950582,
    545.54656243336));
#1337 = CARTESIAN_POINT('',(259.25022900675,226.40744960729,
    545.67218757158));
#1338 = CARTESIAN_POINT('',(250.88747634598,228.19356810421,
    545.73499975674));
#1339 = CARTESIAN_POINT('',(241.75928475363,225.20691783323,
    545.79781292478));
#1340 = CARTESIAN_POINT('',(234.95249076385,217.16908560753,
    545.86062464433));
#1341 = CARTESIAN_POINT('',(233.60033867549,206.01569588178,
    545.9234375015));
#1342 = CARTESIAN_POINT('',(238.87593688337,196.09629513512,
    545.98625036219));
#1343 = CARTESIAN_POINT('',(248.1194019402,191.04678779793,
    546.04906207945));
#1344 = CARTESIAN_POINT('',(257.71082006222,191.54545499876,
    546.11187524834));
#1345 = CARTESIAN_POINT('',(264.87039267232,196.22160400997,
    546.17468743343));
#1346 = CARTESIAN_POINT('',(271.94001397658,209.44793506177,
    546.30031257155));
#1347 = CARTESIAN_POINT('',(271.8504441197,217.99883142339,
    546.36312475668));
#1348 = CARTESIAN_POINT('',(266.93636498984,226.25084862574,
    546.42593792515));
#1349 = CARTESIAN_POINT('',(257.60245796239,231.13115301039,
    546.48874964356));
#1350 = CARTESIAN_POINT('',(246.42381364965,230.00672916378,
    546.55156250243));
#1351 = CARTESIAN_POINT('',(237.90132332288,222.68596374837,
    546.6143753615));
#1352 = CARTESIAN_POINT('',(234.99976291539,212.56074188491,
    546.67718707973));
#1353 = CARTESIAN_POINT('',(237.58780517086,203.31163339463,
    546.74000024833));
#1354 = CARTESIAN_POINT('',(243.71900495937,197.35057319654,
    546.8028124334));
#1355 = CARTESIAN_POINT('',(258.17292713439,193.35063416754,
    546.92843757156));
#1356 = CARTESIAN_POINT('',(266.49643006143,195.31153966496,
    546.99124975658));
#1357 = CARTESIAN_POINT('',(273.47125999135,201.91424434205,
    547.05406292539));
#1358 = CARTESIAN_POINT('',(276.18791276934,212.09063805318,
    547.11687464317));
#1359 = CARTESIAN_POINT('',(272.64155519514,222.75130246098,
    547.1796875029));
#1360 = CARTESIAN_POINT('',(263.63138058575,229.46272564449,
    547.24250036108));
#1361 = CARTESIAN_POINT('',(253.11644456302,230.07533564746,
    547.30531207999));
#1362 = CARTESIAN_POINT('',(244.65911297568,225.52368616556,
    547.36812524823));
#1363 = CARTESIAN_POINT('',(240.18624732054,218.23538579018,
    547.4309374334));
#1364 = CARTESIAN_POINT('',(239.45037056347,203.2562715348,
    547.55656257162));
#1365 = CARTESIAN_POINT('',(243.18732004827,195.5646488257,
    547.61937475655));
#1366 = CARTESIAN_POINT('',(251.15778695228,190.20595319005,
    547.68218792516));
#1367 = CARTESIAN_POINT('',(261.68213796661,189.78496976929,
    547.74499964378));
#1368 = CARTESIAN_POINT('',(271.30675959267,195.58092320276,
    547.80781250222));
#1369 = CARTESIAN_POINT('',(275.88096905882,205.84265090181,
    547.87062536137));
#1370 = CARTESIAN_POINT('',(274.17485842015,216.23631998957,
    547.93343708021));
#1371 = CARTESIAN_POINT('',(267.88079248639,223.4908843864,
    547.99625024779));
#1372 = CARTESIAN_POINT('',(259.78957187381,226.25819328314,
    548.05906243373));
#1373 = CARTESIAN_POINT('',(245.01318667838,223.69424729235,
    548.18468757101));
#1374 = CARTESIAN_POINT('',(238.32722428559,218.36285364674,
    548.2474997597));
#1375 = CARTESIAN_POINT('',(234.84507271834,209.41195524903,
    548.31031291668));
#1376 = CARTESIAN_POINT('',(236.74021666717,199.05108556277,
    548.37312466025));
#1377 = CARTESIAN_POINT('',(244.50410729541,190.93022231853,
    548.43593747716));
#1378 = CARTESIAN_POINT('',(255.51871185805,188.71551367413,
    548.49875039209));
#1379 = CARTESIAN_POINT('',(265.28602594544,192.65743523508,
    548.56156204957));
#1380 = CARTESIAN_POINT('',(270.98528224917,200.38805283813,
    548.62437527265));
#1381 = CARTESIAN_POINT('',(271.91255494832,208.88899482935,
    548.68718741746));
#1382 = CARTESIAN_POINT('',(269.04296901445,215.81678821463,
    548.75000001077));
#1383 = PCURVE('',#439,#1384);
#1384 = DEFINITIONAL_REPRESENTATION('',(#1385),#1389);
#1385 = LINE('',#1386,#1387);
#1386 = CARTESIAN_POINT('',(0.640312423743,0.));
#1387 = VECTOR('',#1388,1.);
#1388 = DIRECTION('',(0.,1.));
#1389 = ( GEOMETRIC_REPRESENTATION_CONTEXT(2) 
PARAMETRIC_REPRESENTATION_CONTEXT() REPRESENTATION_CONTEXT('2D SPACE',''
  ) );
#1390 = PCURVE('',#1391,#1684);
#1391 = B_SPLINE_SURFACE_WITH_KNOTS('',1,10,(
    (#1392,#1393,#1394,#1395,#1396,#1397,#1398,#1399,#1400,#1401,#1402
      ,#1403,#1404,#1405,#1406,#1407,#1408,#1409,#1410,#1411,#1412,#1413
      ,#1414,#1415,#1416,#1417,#1418,#1419,#1420,#1421,#1422,#1423,#1424
      ,#1425,#1426,#1427,#1428,#1429,#1430,#1431,#1432,#1433,#1434,#1435
      ,#1436,#1437,#1438,#1439,#1440,#1441,#1442,#1443,#1444,#1445,#1446
      ,#1447,#1448,#1449,#1450,#1451,#1452,#1453,#1454,#1455,#1456,#1457
      ,#1458,#1459,#1460,#1461,#1462,#1463,#1464,#1465,#1466,#1467,#1468
      ,#1469,#1470,#1471,#1472,#1473,#1474,#1475,#1476,#1477,#1478,#1479
      ,#1480,#1481,#1482,#1483,#1484,#1485,#1486,#1487,#1488,#1489,#1490
      ,#1491,#1492,#1493,#1494,#1495,#1496,#1497,#1498,#1499,#1500,#1501
      ,#1502,#1503,#1504,#1505,#1506,#1507,#1508,#1509,#1510,#1511,#1512
      ,#1513,#1514,#1515,#1516,#1517,#1518,#1519,#1520,#1521,#1522,#1523
      ,#1524,#1525,#1526,#1527,#1528,#1529,#1530,#1531,#1532,#1533,#1534
      ,#1535,#1536,#1537)
    ,(#1538,#1539,#1540,#1541,#1542,#1543,#1544,#1545,#1546,#1547,#1548
      ,#1549,#1550,#1551,#1552,#1553,#1554,#1555,#1556,#1557,#1558,#1559
      ,#1560,#1561,#1562,#1563,#1564,#1565,#1566,#1567,#1568,#1569,#1570
      ,#1571,#1572,#1573,#1574,#1575,#1576,#1577,#1578,#1579,#1580,#1581
      ,#1582,#1583,#1584,#1585,#1586,#1587,#1588,#1589,#1590,#1591,#1592
      ,#1593,#1594,#1595,#1596,#1597,#1598,#1599,#1600,#1601,#1602,#1603
      ,#1604,#1605,#1606,#1607,#1608,#1609,#1610,#1611,#1612,#1613,#1614
      ,#1615,#1616,#1617,#1618,#1619,#1620,#1621,#1622,#1623,#1624,#1625
      ,#1626,#1627,#1628,#1629,#1630,#1631,#1632,#1633,#1634,#1635,#1636
      ,#1637,#1638,#1639,#1640,#1641,#1642,#1643,#1644,#1645,#1646,#1647
      ,#1648,#1649,#1650,#1651,#1652,#1653,#1654,#1655,#1656,#1657,#1658
      ,#1659,#1660,#1661,#1662,#1663,#1664,#1665,#1666,#1667,#1668,#1669
      ,#1670,#1671,#1672,#1673,#1674,#1675,#1676,#1677,#1678,#1679,#1680
      ,#1681,#1682,#1683
    )),.UNSPECIFIED.,.F.,.F.,.F.,(2,2),(11,9,9,9,9,9,9,9,9,9,9,9,9,9,9,9
    ,11),(0.,0.640312423743),(0.,4.973109129812,9.946218259624,
    14.919327389435,19.892436519247,24.865545649059,29.838654778871,
    34.811763908682,39.784873038494,44.757982168306,49.731091298118,
    54.70420042793,59.677309557741,64.650418687553,69.623527817365,
    74.596636947177,79.569746076988),.UNSPECIFIED.);
#1392 = CARTESIAN_POINT('',(239.79999987916,210.00000000644,
    538.69999999421));
#1393 = CARTESIAN_POINT('',(239.79999983896,202.50141049832,
    538.76281258749));
#1394 = CARTESIAN_POINT('',(243.90985805812,195.00241610517,
    538.8256247322));
#1395 = CARTESIAN_POINT('',(252.13366289747,190.041267528,
    538.88843795575));
#1396 = CARTESIAN_POINT('',(262.6659935697,190.13719662831,
    538.95124961218));
#1397 = CARTESIAN_POINT('',(271.99462794201,196.39842638058,
    539.01406252871));
#1398 = CARTESIAN_POINT('',(276.05980847467,206.87223920114,
    539.07687534386));
#1399 = CARTESIAN_POINT('',(273.84575974202,217.16967377657,
    539.13968708884));
#1400 = CARTESIAN_POINT('',(267.20331068752,224.10666455651,
    539.20250024503));
#1401 = CARTESIAN_POINT('',(258.98605089125,226.47362273005,
    539.26531243397));
#1402 = CARTESIAN_POINT('',(244.3532713664,223.18772226828,
    539.39093757129));
#1403 = CARTESIAN_POINT('',(237.93696159359,217.53468589363,
    539.45374975723));
#1404 = CARTESIAN_POINT('',(234.89820420278,208.42370816861,
    539.51656292409));
#1405 = CARTESIAN_POINT('',(237.29944913709,198.16830890446,
    539.57937464506));
#1406 = CARTESIAN_POINT('',(245.45245970835,190.43818366074,
    539.642187501));
#1407 = CARTESIAN_POINT('',(256.56246727863,188.76660374897,
    539.70500036236));
#1408 = CARTESIAN_POINT('',(266.12459530777,193.18303649046,
    539.76781207946));
#1409 = CARTESIAN_POINT('',(271.43766316073,201.18399146858,
    539.83062524831));
#1410 = CARTESIAN_POINT('',(271.94669748085,209.72019282478,
    539.89343743343));
#1411 = CARTESIAN_POINT('',(265.53457726024,223.27748210967,
    540.01906257158));
#1412 = CARTESIAN_POINT('',(258.61307619996,228.29930194137,
    540.08187475671));
#1413 = CARTESIAN_POINT('',(249.05768031394,229.26799748208,
    540.14468792483));
#1414 = CARTESIAN_POINT('',(239.57758115065,224.67812698733,
    540.20749964424));
#1415 = CARTESIAN_POINT('',(233.821616212,215.02953717976,
    540.27031250167));
#1416 = CARTESIAN_POINT('',(234.62486856835,203.82323389662,
    540.33312536196));
#1417 = CARTESIAN_POINT('',(241.02906551117,195.46109110183,
    540.39593707963));
#1418 = CARTESIAN_POINT('',(249.99971408122,192.03013863874,
    540.45875024827));
#1419 = CARTESIAN_POINT('',(258.44003397777,193.4037650717,
    540.52156243344));
#1420 = CARTESIAN_POINT('',(270.26300651817,202.63050332455,
    540.64718757155));
#1421 = CARTESIAN_POINT('',(273.64629735868,210.48411360486,
    540.70999975665));
#1422 = CARTESIAN_POINT('',(272.49785657215,220.01957611917,
    540.77281292523));
#1423 = CARTESIAN_POINT('',(265.9424086704,228.26368274705,
    540.83562464342));
#1424 = CARTESIAN_POINT('',(255.26711998704,231.76577200699,
    540.89843750263));
#1425 = CARTESIAN_POINT('',(244.50909959098,228.52672202364,
    540.96125036128));
#1426 = CARTESIAN_POINT('',(237.75330654713,220.44597756962,
    541.02406207989));
#1427 = CARTESIAN_POINT('',(236.37119914728,210.94157071189,
    541.08687524825));
#1428 = CARTESIAN_POINT('',(239.56073394059,203.00729586579,
    541.14968743341));
#1429 = CARTESIAN_POINT('',(251.15371005306,193.49318616845,
    541.27531257158));
#1430 = CARTESIAN_POINT('',(259.55777755127,191.91283784115,
    541.33812475668));
#1431 = CARTESIAN_POINT('',(268.6099238361,195.12260562475,
    541.40093792492));
#1432 = CARTESIAN_POINT('',(275.21740946946,203.3250640925,
    541.46374964411));
#1433 = CARTESIAN_POINT('',(276.29543642861,214.5082780992,
    541.52656250176));
#1434 = CARTESIAN_POINT('',(270.77799285196,224.29522164654,
    541.58937536194));
#1435 = CARTESIAN_POINT('',(261.41339064035,229.1163621783,
    541.65218707963));
#1436 = CARTESIAN_POINT('',(251.83709917994,228.38245998266,
    541.71500024825));
#1437 = CARTESIAN_POINT('',(244.79444134074,223.53201463257,
    541.77781243345));
#1438 = CARTESIAN_POINT('',(238.05153968708,210.13616991241,
    541.90343757155));
#1439 = CARTESIAN_POINT('',(238.35093206896,201.59004707516,
    541.96624975671));
#1440 = CARTESIAN_POINT('',(243.46604580983,193.46111276525,
    542.02906292496));
#1441 = CARTESIAN_POINT('',(252.91691030439,188.81134378195,
    542.09187464397));
#1442 = CARTESIAN_POINT('',(264.06459307564,190.20976663843,
    542.15468750195));
#1443 = CARTESIAN_POINT('',(272.40485601082,197.73747955818,
    542.21750036182));
#1444 = CARTESIAN_POINT('',(275.05705713889,207.93085975167,
    542.28031207963));
#1445 = CARTESIAN_POINT('',(272.24280986827,217.11366884668,
    542.34312524831));
#1446 = CARTESIAN_POINT('',(265.96716494197,222.92246650988,
    542.40593743342));
#1447 = CARTESIAN_POINT('',(251.41943260026,226.56648382482,
    542.53156257154));
#1448 = CARTESIAN_POINT('',(243.14655958669,224.40189992817,
    542.59437475657));
#1449 = CARTESIAN_POINT('',(236.33586882924,217.63001296676,
    542.65718792557));
#1450 = CARTESIAN_POINT('',(233.8697754604,207.39001419895,
    542.71999964279));
#1451 = CARTESIAN_POINT('',(237.6766907387,196.81959255515,
    542.78281250333));
#1452 = CARTESIAN_POINT('',(246.84885822276,190.33131148129,
    542.84562536079));
#1453 = CARTESIAN_POINT('',(257.37566154489,189.97693543267,
    542.90843708008));
#1454 = CARTESIAN_POINT('',(265.71874287225,194.73476735007,
    542.97125024823));
#1455 = CARTESIAN_POINT('',(270.01139753877,202.13064224383,
    543.0340624334));
#1456 = CARTESIAN_POINT('',(270.37944679744,217.12330438971,
    543.15968757155));
#1457 = CARTESIAN_POINT('',(266.45486094166,224.72090119448,
    543.22249975665));
#1458 = CARTESIAN_POINT('',(258.35528561826,229.88237784188,
    543.28531292522));
#1459 = CARTESIAN_POINT('',(247.82377289268,230.04495396601,
    543.34812464345));
#1460 = CARTESIAN_POINT('',(238.34428983897,224.01454612818,
    543.41093750254));
#1461 = CARTESIAN_POINT('',(234.02329344481,213.643652348,
    543.47375036142));
#1462 = CARTESIAN_POINT('',(235.98396364261,203.29498369166,
    543.53656207977));
#1463 = CARTESIAN_POINT('',(242.4541698441,196.19706834347,
    543.5993752483));
#1464 = CARTESIAN_POINT('',(250.61086669252,193.6291614029,
    543.66218743341));
#1465 = CARTESIAN_POINT('',(265.31987913219,196.55496582679,
    543.78781257152));
#1466 = CARTESIAN_POINT('',(271.87298888967,202.04883548759,
    543.85062475668));
#1467 = CARTESIAN_POINT('',(275.13442565072,211.08249431836,
    543.91343792539));
#1468 = CARTESIAN_POINT('',(272.98558402198,221.39373434626,
    543.97624964295));
#1469 = CARTESIAN_POINT('',(265.0247357573,229.32161631923,
    544.03906250327));
#1470 = CARTESIAN_POINT('',(253.95909693589,231.26534601453,
    544.1018753608));
#1471 = CARTESIAN_POINT('',(244.29146415765,227.08490979076,
    544.16468708007));
#1472 = CARTESIAN_POINT('',(238.78364323577,219.2167537623,
    544.22750024827));
#1473 = CARTESIAN_POINT('',(238.06527335949,210.69561567813,
    544.29031243337));
#1474 = CARTESIAN_POINT('',(244.14274983478,196.98504828763,
    544.41593757159));
#1475 = CARTESIAN_POINT('',(250.93892464027,191.79487879494,
    544.47874975661));
#1476 = CARTESIAN_POINT('',(260.46766964112,190.59197385311,
    544.54156292512));
#1477 = CARTESIAN_POINT('',(270.0575546364,194.9478086848,
    544.60437464377));
#1478 = CARTESIAN_POINT('',(276.04857423346,204.45223406642,
    544.66718750215));
#1479 = CARTESIAN_POINT('',(275.52058025152,215.67487502031,
    544.73000036166));
#1480 = CARTESIAN_POINT('',(269.32352939023,224.19166615463,
    544.79281207974));
#1481 = CARTESIAN_POINT('',(260.43978240038,227.84173601555,
    544.85562524823));
#1482 = CARTESIAN_POINT('',(251.96829409011,226.67565911261,
    544.91843743346));
#1483 = CARTESIAN_POINT('',(239.92244691607,217.74185005169,
    545.04406257149));
#1484 = CARTESIAN_POINT('',(236.34743781474,209.97363524592,
    545.10687475675));
#1485 = CARTESIAN_POINT('',(237.26152074801,200.41286048602,
    545.16968792524));
#1486 = CARTESIAN_POINT('',(243.61267376644,192.01035808546,
    545.23249964316));
#1487 = CARTESIAN_POINT('',(254.19880167963,188.2473388881,
    545.29531250304));
#1488 = CARTESIAN_POINT('',(265.03307222718,191.22139829526,
    545.35812536098));
#1489 = CARTESIAN_POINT('',(271.98514194834,199.13391351764,
    545.42093707994));
#1490 = CARTESIAN_POINT('',(273.60008290431,208.60153921299,
    545.48375024834));
#1491 = CARTESIAN_POINT('',(270.60622559123,216.61169950582,
    545.54656243336));
#1492 = CARTESIAN_POINT('',(259.25022900675,226.40744960729,
    545.67218757158));
#1493 = CARTESIAN_POINT('',(250.88747634598,228.19356810421,
    545.73499975672));
#1494 = CARTESIAN_POINT('',(241.75928475363,225.20691783323,
    545.79781292483));
#1495 = CARTESIAN_POINT('',(234.95249076385,217.16908560753,
    545.86062464426));
#1496 = CARTESIAN_POINT('',(233.60033867549,206.01569588178,
    545.92343750157));
#1497 = CARTESIAN_POINT('',(238.87593688337,196.09629513512,
    545.98625036213));
#1498 = CARTESIAN_POINT('',(248.1194019402,191.04678779793,
    546.04906207948));
#1499 = CARTESIAN_POINT('',(257.71082006222,191.54545499876,
    546.11187524833));
#1500 = CARTESIAN_POINT('',(264.87039267232,196.22160400997,
    546.17468743343));
#1501 = CARTESIAN_POINT('',(271.94001397658,209.44793506177,
    546.30031257155));
#1502 = CARTESIAN_POINT('',(271.8504441197,217.99883142339,
    546.36312475667));
#1503 = CARTESIAN_POINT('',(266.93636498984,226.25084862574,
    546.42593792518));
#1504 = CARTESIAN_POINT('',(257.60245796239,231.13115301039,
    546.48874964353));
#1505 = CARTESIAN_POINT('',(246.42381364965,230.00672916378,
    546.55156250246));
#1506 = CARTESIAN_POINT('',(237.90132332288,222.68596374837,
    546.61437536148));
#1507 = CARTESIAN_POINT('',(234.99976291539,212.56074188491,
    546.67718707974));
#1508 = CARTESIAN_POINT('',(237.58780517086,203.31163339463,
    546.74000024832));
#1509 = CARTESIAN_POINT('',(243.71900495937,197.35057319654,
    546.8028124334));
#1510 = CARTESIAN_POINT('',(258.17292713439,193.35063416754,
    546.92843757156));
#1511 = CARTESIAN_POINT('',(266.49643006143,195.31153966496,
    546.99124975662));
#1512 = CARTESIAN_POINT('',(273.47125999135,201.91424434205,
    547.05406292531));
#1513 = CARTESIAN_POINT('',(276.18791276934,212.09063805318,
    547.11687464331));
#1514 = CARTESIAN_POINT('',(272.64155519514,222.75130246098,
    547.17968750275));
#1515 = CARTESIAN_POINT('',(263.63138058575,229.46272564449,
    547.2425003612));
#1516 = CARTESIAN_POINT('',(253.11644456302,230.07533564746,
    547.30531207992));
#1517 = CARTESIAN_POINT('',(244.65911297568,225.52368616556,
    547.36812524825));
#1518 = CARTESIAN_POINT('',(240.18624732054,218.23538579018,
    547.4309374334));
#1519 = CARTESIAN_POINT('',(239.45037056347,203.2562715348,
    547.55656257162));
#1520 = CARTESIAN_POINT('',(243.18732004827,195.5646488257,
    547.61937475656));
#1521 = CARTESIAN_POINT('',(251.15778695228,190.20595319005,
    547.68218792513));
#1522 = CARTESIAN_POINT('',(261.68213796661,189.78496976929,
    547.74499964382));
#1523 = CARTESIAN_POINT('',(271.30675959266,195.58092320276,
    547.80781250217));
#1524 = CARTESIAN_POINT('',(275.88096905882,205.84265090181,
    547.8706253614));
#1525 = CARTESIAN_POINT('',(274.17485842015,216.23631998957,
    547.9334370802));
#1526 = CARTESIAN_POINT('',(267.88079248639,223.4908843864,
    547.99625024779));
#1527 = CARTESIAN_POINT('',(259.78957187381,226.25819328314,
    548.05906243373));
#1528 = CARTESIAN_POINT('',(245.01318667838,223.69424729235,
    548.18468757101));
#1529 = CARTESIAN_POINT('',(238.32722428559,218.36285364674,
    548.24749975971));
#1530 = CARTESIAN_POINT('',(234.84507271834,209.41195524903,
    548.31031291664));
#1531 = CARTESIAN_POINT('',(236.74021666717,199.05108556277,
    548.3731246603));
#1532 = CARTESIAN_POINT('',(244.50410729541,190.93022231853,
    548.4359374771));
#1533 = CARTESIAN_POINT('',(255.51871185805,188.71551367413,
    548.49875039213));
#1534 = CARTESIAN_POINT('',(265.28602594544,192.65743523508,
    548.56156204954));
#1535 = CARTESIAN_POINT('',(270.98528224917,200.38805283813,
    548.62437527266));
#1536 = CARTESIAN_POINT('',(271.91255494832,208.88899482935,
    548.68718741746));
#1537 = CARTESIAN_POINT('',(269.04296901445,215.81678821463,
    548.75000001077));
#1538 = CARTESIAN_POINT('',(240.29999987395,210.00000000001,
    539.10000000072));
#1539 = CARTESIAN_POINT('',(240.29999991096,202.74807508479,
    539.16281250082));
#1540 = CARTESIAN_POINT('',(244.27466553875,195.49575547307,
    539.22562500031));
#1541 = CARTESIAN_POINT('',(252.22794861474,190.6978100431,
    539.28843750168));
#1542 = CARTESIAN_POINT('',(262.41382764155,190.79057057623,
    539.3512499992));
#1543 = CARTESIAN_POINT('',(271.43558616586,196.84585387055,
    539.41406250244));
#1544 = CARTESIAN_POINT('',(275.36705981505,206.97512176532,
    539.4768749993));
#1545 = CARTESIAN_POINT('',(273.22582799532,216.93383065873,
    539.53968750157));
#1546 = CARTESIAN_POINT('',(266.80188822103,223.64262942133,
    539.60250000036));
#1547 = CARTESIAN_POINT('',(258.85493032326,225.93172720041,
    539.66531250082));
#1548 = CARTESIAN_POINT('',(244.70349316226,222.75391566216,
    539.79093750059));
#1549 = CARTESIAN_POINT('',(238.49824364089,217.28683370659,
    539.85375000133));
#1550 = CARTESIAN_POINT('',(235.55945224577,208.47556269502,
    539.91656249926));
#1551 = CARTESIAN_POINT('',(237.88169762782,198.55750275791,
    539.97937500297));
#1552 = CARTESIAN_POINT('',(245.76652891171,191.08167384829,
    540.04218749834));
#1553 = CARTESIAN_POINT('',(256.51106792906,189.46506177743,
    540.10500000247));
#1554 = CARTESIAN_POINT('',(265.75865485862,193.73623170261,
    540.16781249987));
#1555 = CARTESIAN_POINT('',(270.89695093158,201.47398954837,
    540.23062500095));
#1556 = CARTESIAN_POINT('',(271.38924017909,209.72939746009,
    540.29343750073));
#1557 = CARTESIAN_POINT('',(265.18804526052,222.84072239186,
    540.41906250065));
#1558 = CARTESIAN_POINT('',(258.49422388565,227.69735313105,
    540.48187500122));
#1559 = CARTESIAN_POINT('',(249.2531551522,228.63417774863,
    540.54468749943));
#1560 = CARTESIAN_POINT('',(240.08488978878,224.19529875117,
    540.60750000282));
#1561 = CARTESIAN_POINT('',(234.51828391061,214.86408868677,
    540.67031249838));
#1562 = CARTESIAN_POINT('',(235.29509389328,204.02641737198,
    540.73312500257));
#1563 = CARTESIAN_POINT('',(241.48864125169,195.93934573446,
    540.79593749972));
#1564 = CARTESIAN_POINT('',(250.16419510546,192.62125165139,
    540.85875000107));
#1565 = CARTESIAN_POINT('',(258.32687537386,193.94969409547,
    540.92156250067));
#1566 = CARTESIAN_POINT('',(269.76093354036,202.87292073891,
    541.04718750075));
#1567 = CARTESIAN_POINT('',(273.03293393264,210.46819033062,
    541.11000000068));
#1568 = CARTESIAN_POINT('',(271.92226608784,219.6899802126,
    541.17281250079));
#1569 = CARTESIAN_POINT('',(265.58246408361,227.66291236428,
    541.23562500064));
#1570 = CARTESIAN_POINT('',(255.25833229664,231.04978187802,
    541.2984375008));
#1571 = CARTESIAN_POINT('',(244.85419334082,227.91729949915,
    541.36125000066));
#1572 = CARTESIAN_POINT('',(238.32063422531,220.10235472308,
    541.42406250078));
#1573 = CARTESIAN_POINT('',(236.98398736939,210.91059982064,
    541.48687500067));
#1574 = CARTESIAN_POINT('',(240.06860486141,203.23731868272,
    541.54968750076));
#1575 = CARTESIAN_POINT('',(251.28023242861,194.03617379856,
    541.67531250063));
#1576 = CARTESIAN_POINT('',(259.40785249097,192.50780903298,
    541.73812500125));
#1577 = CARTESIAN_POINT('',(268.16222382002,195.61199561494,
    541.80093749934));
#1578 = CARTESIAN_POINT('',(274.55237222041,203.54463325608,
    541.86375000301));
#1579 = CARTESIAN_POINT('',(275.59491794268,214.3599779426,
    541.92656249805));
#1580 = CARTESIAN_POINT('',(270.25898846367,223.82498770879,
    541.98937500294));
#1581 = CARTESIAN_POINT('',(261.20241929595,228.48753116233,
    542.05218749944));
#1582 = CARTESIAN_POINT('',(251.94114347434,227.77777544853,
    542.11500000118));
#1583 = CARTESIAN_POINT('',(245.13015024188,223.08688217773,
    542.17781250066));
#1584 = CARTESIAN_POINT('',(238.60905508365,210.13169102429,
    542.30343750072));
#1585 = CARTESIAN_POINT('',(238.89859796177,201.86668820162,
    542.36625000091));
#1586 = CARTESIAN_POINT('',(243.84545303646,194.00516057886,
    542.42906250013));
#1587 = CARTESIAN_POINT('',(252.98543391955,189.50832991755,
    542.49187500177));
#1588 = CARTESIAN_POINT('',(263.76641182747,190.86077127015,
    542.55468749944));
#1589 = CARTESIAN_POINT('',(271.83233325126,198.14084440545,
    542.61750000183));
#1590 = CARTESIAN_POINT('',(274.39728129395,207.99892728694,
    542.68031250004));
#1591 = CARTESIAN_POINT('',(271.67561411422,216.87966547545,
    542.74312500101));
#1592 = CARTESIAN_POINT('',(265.60640249422,222.49738554709,
    542.80593750064));
#1593 = CARTESIAN_POINT('',(251.5372148544,226.021533535,542.93156250082
    ));
#1594 = CARTESIAN_POINT('',(243.53647319913,223.92815356349,
    542.99437500025));
#1595 = CARTESIAN_POINT('',(236.94982603434,217.37902607905,
    543.05718750185));
#1596 = CARTESIAN_POINT('',(234.56483992538,207.47586608731,
    543.11999999897));
#1597 = CARTESIAN_POINT('',(238.24654546478,197.25316455728,
    543.1828125026));
#1598 = CARTESIAN_POINT('',(247.11698171541,190.97830089491,
    543.24562499928));
#1599 = CARTESIAN_POINT('',(257.29751747909,190.6355938116,
    543.30843750149));
#1600 = CARTESIAN_POINT('',(265.36615199096,195.23691102655,
    543.37125000046));
#1601 = CARTESIAN_POINT('',(269.51760163835,202.38950316642,
    543.43406250076));
#1602 = CARTESIAN_POINT('',(269.87354387673,216.88898470916,
    543.55968750071));
#1603 = CARTESIAN_POINT('',(266.07805616091,224.23666323617,
    543.6225000007));
#1604 = CARTESIAN_POINT('',(258.24491596174,229.22834695105,
    543.6853125008));
#1605 = CARTESIAN_POINT('',(248.05982825011,229.38558834163,
    543.74812500062));
#1606 = CARTESIAN_POINT('',(238.89218284134,223.55353382227,
    543.81093750076));
#1607 = CARTESIAN_POINT('',(234.71330858415,213.52379986726,
    543.87375000078));
#1608 = CARTESIAN_POINT('',(236.60949656385,203.51554189129,
    543.93656250061));
#1609 = CARTESIAN_POINT('',(242.86685939958,196.65111231936,
    543.99937500081));
#1610 = CARTESIAN_POINT('',(250.75524655188,194.167675864,
    544.06218750067));
#1611 = CARTESIAN_POINT('',(264.98040896346,196.99723665138,
    544.18781250082));
#1612 = CARTESIAN_POINT('',(271.31795848756,202.31038757808,
    544.25062500017));
#1613 = CARTESIAN_POINT('',(274.47210418861,211.04688324698,
    544.31343750213));
#1614 = CARTESIAN_POINT('',(272.39395959991,221.01894680673,
    544.3762499984));
#1615 = CARTESIAN_POINT('',(264.69496910387,228.68602758017,
    544.43906250341));
#1616 = CARTESIAN_POINT('',(253.99333978886,230.56583694746,
    544.5018749985));
#1617 = CARTESIAN_POINT('',(244.64371830087,226.52290056141,
    544.56468750201));
#1618 = CARTESIAN_POINT('',(239.317075704,218.91357328248,
    544.62750000023));
#1619 = CARTESIAN_POINT('',(238.62233687233,210.67273312801,
    544.69031250082));
#1620 = CARTESIAN_POINT('',(244.49989608563,197.41317214058,
    544.81593750063));
#1621 = CARTESIAN_POINT('',(251.07251372181,192.39372952774,
    544.87875000109));
#1622 = CARTESIAN_POINT('',(260.28780839107,191.2303998846,
    544.94156249979));
#1623 = CARTESIAN_POINT('',(269.56224798831,195.44294147927,
    545.00437500232));
#1624 = CARTESIAN_POINT('',(275.3561766674,204.63472981073,
    545.06718749877));
#1625 = CARTESIAN_POINT('',(274.84557041373,215.48820089281,
    545.13000000244));
#1626 = CARTESIAN_POINT('',(268.85235510924,223.72483411664,
    545.19281249965));
#1627 = CARTESIAN_POINT('',(260.26084427512,227.25483760153,
    545.25562500117));
#1628 = CARTESIAN_POINT('',(252.06802084388,226.12711746126,
    545.31843750061));
#1629 = CARTESIAN_POINT('',(240.41841945765,217.48718416133,
    545.44406250084));
#1630 = CARTESIAN_POINT('',(236.96100728412,209.97450103191,
    545.50687500017));
#1631 = CARTESIAN_POINT('',(237.84502656337,200.72823142798,
    545.56968750211));
#1632 = CARTESIAN_POINT('',(243.98725358812,192.60211404326,
    545.6324999984));
#1633 = CARTESIAN_POINT('',(254.22515800081,188.96289771563,
    545.69531250348));
#1634 = CARTESIAN_POINT('',(264.70303839021,191.83910629586,
    545.75812499836));
#1635 = CARTESIAN_POINT('',(271.42641806587,199.49135579069,
    545.82093750215));
#1636 = CARTESIAN_POINT('',(272.98823930601,208.64753935175,
    545.88375000014));
#1637 = CARTESIAN_POINT('',(270.0928625892,216.39420974387,
    545.94656250085));
#1638 = CARTESIAN_POINT('',(259.11041915383,225.86773052942,
    546.0721875006));
#1639 = CARTESIAN_POINT('',(251.02275492766,227.59509676138,
    546.13500000126));
#1640 = CARTESIAN_POINT('',(242.19483969937,224.70668812982,
    546.19781249939));
#1641 = CARTESIAN_POINT('',(235.61193921888,216.93326174291,
    546.26062500293));
#1642 = CARTESIAN_POINT('',(234.30428564665,206.14675978891,
    546.3234374981));
#1643 = CARTESIAN_POINT('',(239.40632507555,196.55365044193,
    546.38625000295));
#1644 = CARTESIAN_POINT('',(248.34574202976,191.67025192573,
    546.4490624994));
#1645 = CARTESIAN_POINT('',(257.62164680532,192.15251078804,
    546.51187500123));
#1646 = CARTESIAN_POINT('',(264.54570897772,196.67484110809,
    546.57468750064));
#1647 = CARTESIAN_POINT('',(271.38277641067,209.46609471367,
    546.70031250076));
#1648 = CARTESIAN_POINT('',(271.29615406039,217.73571401002,
    546.76312500069));
#1649 = CARTESIAN_POINT('',(266.54372043208,225.71627578829,
    546.82593750069));
#1650 = CARTESIAN_POINT('',(257.51685008897,230.43605844823,
    546.88875000085));
#1651 = CARTESIAN_POINT('',(246.705928638,229.34860286765,
    546.95156250049));
#1652 = CARTESIAN_POINT('',(238.46377458027,222.26866997576,
    547.01437500099));
#1653 = CARTESIAN_POINT('',(235.65766958727,212.47650314015,
    547.07718750052));
#1654 = CARTESIAN_POINT('',(238.16057282638,203.53164660798,
    547.14000000082));
#1655 = CARTESIAN_POINT('',(244.09009076125,197.76667257917,
    547.20281250069));
#1656 = CARTESIAN_POINT('',(258.06855410369,193.8983108498,
    547.32843750076));
#1657 = CARTESIAN_POINT('',(266.11826020137,195.79471230495,
    547.39125000055));
#1658 = CARTESIAN_POINT('',(272.86364722556,202.18022290164,
    547.45406250111));
#1659 = CARTESIAN_POINT('',(275.4909507334,212.02186975723,
    547.51687500016));
#1660 = CARTESIAN_POINT('',(272.06123170974,222.33184597807,
    547.57968750132));
#1661 = CARTESIAN_POINT('',(263.34745993126,228.82251117168,
    547.64250000024));
#1662 = CARTESIAN_POINT('',(253.17840080783,229.4149578928,
    547.70531250102));
#1663 = CARTESIAN_POINT('',(244.99927444036,225.01304071198,
    547.76812500057));
#1664 = CARTESIAN_POINT('',(240.67354173379,217.96448447362,
    547.83093750079));
#1665 = CARTESIAN_POINT('',(239.96187160862,203.47810516345,
    547.95656250061));
#1666 = CARTESIAN_POINT('',(243.57589513632,196.03949368852,
    548.01937500135));
#1667 = CARTESIAN_POINT('',(251.2841740902,190.85707849141,
    548.08218749908));
#1668 = CARTESIAN_POINT('',(261.46233534559,190.44992989485,
    548.14500000347));
#1669 = CARTESIAN_POINT('',(270.77034541515,196.05524262595,
    548.20781249752));
#1670 = CARTESIAN_POINT('',(275.19410306546,205.97940110621,
    548.27062500336));
#1671 = CARTESIAN_POINT('',(273.54410112871,216.03117956307,
    548.33343749921));
#1672 = CARTESIAN_POINT('',(267.45708442849,223.04710506936,
    548.39625000127));
#1673 = CARTESIAN_POINT('',(259.6320196923,225.72338427149,
    548.45906250063));
#1674 = CARTESIAN_POINT('',(245.3417007361,223.24377865657,
    548.58468750077));
#1675 = CARTESIAN_POINT('',(238.87566871099,218.08775920243,
    548.64750000069));
#1676 = CARTESIAN_POINT('',(235.50806864717,209.4313014142,
    548.71031250062));
#1677 = CARTESIAN_POINT('',(237.34086063802,199.41124102965,
    548.77312500109));
#1678 = CARTESIAN_POINT('',(244.84937277524,191.55752675742,
    548.83593750009));
#1679 = CARTESIAN_POINT('',(255.50164610903,189.41565241559,
    548.89875000139));
#1680 = CARTESIAN_POINT('',(264.9476703127,193.22791995602,
    548.96156250025));
#1681 = CARTESIAN_POINT('',(270.45945084488,200.70423308622,
    549.02437500094));
#1682 = CARTESIAN_POINT('',(271.35622079004,208.92554151574,
    549.08718750067));
#1683 = CARTESIAN_POINT('',(268.58102923825,215.62544650145,
    549.15000000072));
#1684 = DEFINITIONAL_REPRESENTATION('',(#1685),#1689);
#1685 = LINE('',#1686,#1687);
#1686 = CARTESIAN_POINT('',(0.,0.));
#1687 = VECTOR('',#1688,1.);
#1688 = DIRECTION('',(0.,1.));
#1689 = ( GEOMETRIC_REPRESENTATION_CONTEXT(2) 
PARAMETRIC_REPRESENTATION_CONTEXT() REPRESENTATION_CONTEXT('2D SPACE',''
  ) );
#1690 = ORIENTED_EDGE('',*,*,#1691,.T.);
#1691 = EDGE_CURVE('',#1233,#288,#1692,.T.);
#1692 = SURFACE_CURVE('',#1693,(#1741,#1792),.PCURVE_S1.);
#1693 = B_SPLINE_CURVE_WITH_KNOTS('',6,(#1694,#1695,#1696,#1697,#1698,
    #1699,#1700,#1701,#1702,#1703,#1704,#1705,#1706,#1707,#1708,#1709,
    #1710,#1711,#1712,#1713,#1714,#1715,#1716,#1717,#1718,#1719,#1720,
    #1721,#1722,#1723,#1724,#1725,#1726,#1727,#1728,#1729,#1730,#1731,
    #1732,#1733,#1734,#1735,#1736,#1737,#1738,#1739,#1740),
  .UNSPECIFIED.,.F.,.F.,(7,5,5,5,5,5,5,5,5,7),(0.,0.131881961209,
    0.260177373475,0.385928155597,0.448108661531,0.511161046408,
    0.636867017444,0.759070427481,0.878795437824,1.),.UNSPECIFIED.);
#1694 = CARTESIAN_POINT('',(269.04297504873,215.8167961151,547.95));
#1695 = CARTESIAN_POINT('',(268.63790124163,216.76647994357,547.95));
#1696 = CARTESIAN_POINT('',(268.15538639538,217.68320600716,547.95));
#1697 = CARTESIAN_POINT('',(267.59875548278,218.55889861171,547.95));
#1698 = CARTESIAN_POINT('',(266.9723973888,219.38616540772,547.95));
#1699 = CARTESIAN_POINT('',(266.28157775692,220.15818051987,547.95));
#1700 = CARTESIAN_POINT('',(264.80405982512,221.56016328995,547.95));
#1701 = CARTESIAN_POINT('',(264.02038678357,222.1935113886,547.95));
#1702 = CARTESIAN_POINT('',(263.18742300368,222.76323093205,547.95));
#1703 = CARTESIAN_POINT('',(262.31161675909,223.26461843898,547.95));
#1704 = CARTESIAN_POINT('',(261.39994802759,223.69375807057,547.95));
#1705 = CARTESIAN_POINT('',(259.5387624167,224.39463992674,547.95));
#1706 = CARTESIAN_POINT('',(258.59024515915,224.66937654023,547.95));
#1707 = CARTESIAN_POINT('',(257.62164369737,224.86911847947,547.95));
#1708 = CARTESIAN_POINT('',(256.64033125651,224.9921087388,547.95));
#1709 = CARTESIAN_POINT('',(255.65385651878,225.03746524764,547.95));
#1710 = CARTESIAN_POINT('',(254.18345947756,224.9895147152,547.95));
#1711 = CARTESIAN_POINT('',(253.69756839166,224.9547141966,547.95));
#1712 = CARTESIAN_POINT('',(253.21321949952,224.90099862592,547.95));
#1713 = CARTESIAN_POINT('',(252.73133178687,224.82844989964,547.95));
#1714 = CARTESIAN_POINT('',(252.25281837338,224.73720928897,547.95));
#1715 = CARTESIAN_POINT('',(251.29770641974,224.51620219302,547.95));
#1716 = CARTESIAN_POINT('',(250.82122499199,224.38591260545,547.95));
#1717 = CARTESIAN_POINT('',(250.35008953712,224.23681395839,547.95));
#1718 = CARTESIAN_POINT('',(249.88522810151,224.06917532947,547.95));
#1719 = CARTESIAN_POINT('',(249.42755012766,223.88332722622,547.95));
#1720 = CARTESIAN_POINT('',(248.08158279619,223.27361846638,547.95));
#1721 = CARTESIAN_POINT('',(247.2172505308,222.79672785625,547.95));
#1722 = CARTESIAN_POINT('',(246.39210543755,222.25212324182,547.95));
#1723 = CARTESIAN_POINT('',(245.61269701594,221.64384965591,547.95));
#1724 = CARTESIAN_POINT('',(244.88506846437,220.97670937191,547.95));
#1725 = CARTESIAN_POINT('',(243.56287318438,219.55620244316,547.95));
#1726 = CARTESIAN_POINT('',(242.96509025582,218.80567727164,547.95));
#1727 = CARTESIAN_POINT('',(242.4262729375,218.01007677147,547.95));
#1728 = CARTESIAN_POINT('',(241.95059749244,217.17518115433,547.95));
#1729 = CARTESIAN_POINT('',(241.54155208528,216.30723215128,547.95));
#1730 = CARTESIAN_POINT('',(240.8689051171,214.53694157408,547.95));
#1731 = CARTESIAN_POINT('',(240.60248728782,213.63556308021,547.95));
#1732 = CARTESIAN_POINT('',(240.40504353449,212.71525828308,547.95));
#1733 = CARTESIAN_POINT('',(240.27819205936,211.78259224647,547.95));
#1734 = CARTESIAN_POINT('',(240.22279132234,210.84429001405,547.95));
#1735 = CARTESIAN_POINT('',(240.25497154651,208.95864389837,547.95));
#1736 = CARTESIAN_POINT('',(240.34432961938,208.01123066991,547.95));
#1737 = CARTESIAN_POINT('',(240.50682418258,207.07218850815,547.95));
#1738 = CARTESIAN_POINT('',(240.74146131969,206.14852008578,547.95));
#1739 = CARTESIAN_POINT('',(241.04643755317,205.24708426916,547.95));
#1740 = CARTESIAN_POINT('',(241.41897154469,204.37455204502,547.95));
#1741 = PCURVE('',#439,#1742);
#1742 = DEFINITIONAL_REPRESENTATION('',(#1743),#1791);
#1743 = B_SPLINE_CURVE_WITH_KNOTS('',6,(#1744,#1745,#1746,#1747,#1748,
    #1749,#1750,#1751,#1752,#1753,#1754,#1755,#1756,#1757,#1758,#1759,
    #1760,#1761,#1762,#1763,#1764,#1765,#1766,#1767,#1768,#1769,#1770,
    #1771,#1772,#1773,#1774,#1775,#1776,#1777,#1778,#1779,#1780,#1781,
    #1782,#1783,#1784,#1785,#1786,#1787,#1788,#1789,#1790),
  .UNSPECIFIED.,.F.,.F.,(7,5,5,5,5,5,5,5,5,7),(0.,0.131881961209,
    0.260177373475,0.385928155597,0.448108661531,0.511161046408,
    0.636867017444,0.759070427481,0.878795437824,1.),.UNSPECIFIED.);
#1744 = CARTESIAN_POINT('',(0.640312423743,73.235835937772));
#1745 = CARTESIAN_POINT('',(0.626468788971,73.304305902958));
#1746 = CARTESIAN_POINT('',(0.612612434817,73.372838775781));
#1747 = CARTESIAN_POINT('',(0.598745363202,73.441424654732));
#1748 = CARTESIAN_POINT('',(0.584866484789,73.510068927932));
#1749 = CARTESIAN_POINT('',(0.570974641782,73.578777322792));
#1750 = CARTESIAN_POINT('',(0.543547065035,73.714432814247));
#1751 = CARTESIAN_POINT('',(0.530010209132,73.781385460967));
#1752 = CARTESIAN_POINT('',(0.516463011046,73.848389261362));
#1753 = CARTESIAN_POINT('',(0.502904491943,73.915449057994));
#1754 = CARTESIAN_POINT('',(0.489333614363,73.982569983139));
#1755 = CARTESIAN_POINT('',(0.462440024538,74.115584426209));
#1756 = CARTESIAN_POINT('',(0.449116158119,74.181483652486));
#1757 = CARTESIAN_POINT('',(0.435782184567,74.24743287097));
#1758 = CARTESIAN_POINT('',(0.422437214396,74.313436479039));
#1759 = CARTESIAN_POINT('',(0.409080309561,74.379499111443));
#1760 = CARTESIAN_POINT('',(0.389103327882,74.478304318212));
#1761 = CARTESIAN_POINT('',(0.38249084417,74.51100934693));
#1762 = CARTESIAN_POINT('',(0.375875679521,74.543727632628));
#1763 = CARTESIAN_POINT('',(0.3692577706,74.576459481928));
#1764 = CARTESIAN_POINT('',(0.362637074865,74.60920510596));
#1765 = CARTESIAN_POINT('',(0.349297468978,74.675182144895));
#1766 = CARTESIAN_POINT('',(0.342578423502,74.708414222179));
#1767 = CARTESIAN_POINT('',(0.335856560519,74.741660239093));
#1768 = CARTESIAN_POINT('',(0.32913187374,74.774920224999));
#1769 = CARTESIAN_POINT('',(0.322404361139,74.808194188749));
#1770 = CARTESIAN_POINT('',(0.302255921121,74.907847436411));
#1771 = CARTESIAN_POINT('',(0.288825745698,74.974272462821));
#1772 = CARTESIAN_POINT('',(0.275385213748,75.040748709308));
#1773 = CARTESIAN_POINT('',(0.261933402922,75.107280737357));
#1774 = CARTESIAN_POINT('',(0.248469322917,75.173873445454));
#1775 = CARTESIAN_POINT('',(0.22189544233,75.30530660848));
#1776 = CARTESIAN_POINT('',(0.20878475855,75.370151431766));
#1777 = CARTESIAN_POINT('',(0.195664115317,75.435045512995));
#1778 = CARTESIAN_POINT('',(0.182532675328,75.499992994334));
#1779 = CARTESIAN_POINT('',(0.16938954975,75.564998272314));
#1780 = CARTESIAN_POINT('',(0.143349674649,75.693790264845));
#1781 = CARTESIAN_POINT('',(0.130452001132,75.757581549405));
#1782 = CARTESIAN_POINT('',(0.117544607508,75.821420909745));
#1783 = CARTESIAN_POINT('',(0.104626725495,75.885312145656));
#1784 = CARTESIAN_POINT('',(9.169753890113E-02,75.949259293772));
#1785 = CARTESIAN_POINT('',(6.565941687831E-02,76.078042619519));
#1786 = CARTESIAN_POINT('',(5.254885358444E-02,76.142886848493));
#1787 = CARTESIAN_POINT('',(3.942825155866E-02,76.207780728505));
#1788 = CARTESIAN_POINT('',(2.629677272625E-02,76.272728404479));
#1789 = CARTESIAN_POINT('',(1.31535258414E-02,76.337734284462));
#1790 = CARTESIAN_POINT('',(0.,76.402791003498));
#1791 = ( GEOMETRIC_REPRESENTATION_CONTEXT(2) 
PARAMETRIC_REPRESENTATION_CONTEXT() REPRESENTATION_CONTEXT('2D SPACE',''
  ) );
#1792 = PCURVE('',#1793,#1798);
#1793 = PLANE('',#1794);
#1794 = AXIS2_PLACEMENT_3D('',#1795,#1796,#1797);
#1795 = CARTESIAN_POINT('',(272.2,192.8,547.95));
#1796 = DIRECTION('',(1.110223024625E-16,0.,1.));
#1797 = DIRECTION('',(-1.,0.,1.110223024625E-16));
#1798 = DEFINITIONAL_REPRESENTATION('',(#1799),#1847);
#1799 = B_SPLINE_CURVE_WITH_KNOTS('',6,(#1800,#1801,#1802,#1803,#1804,
    #1805,#1806,#1807,#1808,#1809,#1810,#1811,#1812,#1813,#1814,#1815,
    #1816,#1817,#1818,#1819,#1820,#1821,#1822,#1823,#1824,#1825,#1826,
    #1827,#1828,#1829,#1830,#1831,#1832,#1833,#1834,#1835,#1836,#1837,
    #1838,#1839,#1840,#1841,#1842,#1843,#1844,#1845,#1846),
  .UNSPECIFIED.,.F.,.F.,(7,5,5,5,5,5,5,5,5,7),(0.,0.131881961209,
    0.260177373475,0.385928155597,0.448108661531,0.511161046408,
    0.636867017444,0.759070427481,0.878795437824,1.),.UNSPECIFIED.);
#1800 = CARTESIAN_POINT('',(3.157024951261,-23.0167961151));
#1801 = CARTESIAN_POINT('',(3.562098758369,-23.96647994357));
#1802 = CARTESIAN_POINT('',(4.044613604612,-24.88320600716));
#1803 = CARTESIAN_POINT('',(4.601244517212,-25.75889861171));
#1804 = CARTESIAN_POINT('',(5.227602611194,-26.58616540772));
#1805 = CARTESIAN_POINT('',(5.918422243073,-27.35818051987));
#1806 = CARTESIAN_POINT('',(7.395940174873,-28.76016328995));
#1807 = CARTESIAN_POINT('',(8.179613216422,-29.3935113886));
#1808 = CARTESIAN_POINT('',(9.012576996317,-29.96323093205));
#1809 = CARTESIAN_POINT('',(9.888383240903,-30.46461843898));
#1810 = CARTESIAN_POINT('',(10.800051972407,-30.89375807057));
#1811 = CARTESIAN_POINT('',(12.661237583292,-31.59463992674));
#1812 = CARTESIAN_POINT('',(13.609754840848,-31.86937654023));
#1813 = CARTESIAN_POINT('',(14.578356302627,-32.06911847947));
#1814 = CARTESIAN_POINT('',(15.559668743488,-32.1921087388));
#1815 = CARTESIAN_POINT('',(16.546143481215,-32.23746524764));
#1816 = CARTESIAN_POINT('',(18.016540522435,-32.1895147152));
#1817 = CARTESIAN_POINT('',(18.502431608331,-32.1547141966));
#1818 = CARTESIAN_POINT('',(18.986780500471,-32.10099862592));
#1819 = CARTESIAN_POINT('',(19.468668213122,-32.02844989964));
#1820 = CARTESIAN_POINT('',(19.947181626611,-31.93720928897));
#1821 = CARTESIAN_POINT('',(20.902293580259,-31.71620219302));
#1822 = CARTESIAN_POINT('',(21.378775008003,-31.58591260545));
#1823 = CARTESIAN_POINT('',(21.849910462872,-31.43681395839));
#1824 = CARTESIAN_POINT('',(22.314771898483,-31.26917532947));
#1825 = CARTESIAN_POINT('',(22.772449872335,-31.08332722622));
#1826 = CARTESIAN_POINT('',(24.118417203807,-30.47361846638));
#1827 = CARTESIAN_POINT('',(24.982749469193,-29.99672785625));
#1828 = CARTESIAN_POINT('',(25.807894562445,-29.45212324182));
#1829 = CARTESIAN_POINT('',(26.587302984057,-28.84384965591));
#1830 = CARTESIAN_POINT('',(27.314931535631,-28.17670937191));
#1831 = CARTESIAN_POINT('',(28.637126815619,-26.75620244316));
#1832 = CARTESIAN_POINT('',(29.234909744177,-26.00567727164));
#1833 = CARTESIAN_POINT('',(29.773727062492,-25.21007677147));
#1834 = CARTESIAN_POINT('',(30.249402507555,-24.37518115433));
#1835 = CARTESIAN_POINT('',(30.658447914714,-23.50723215128));
#1836 = CARTESIAN_POINT('',(31.3310948829,-21.73694157408));
#1837 = CARTESIAN_POINT('',(31.597512712172,-20.83556308021));
#1838 = CARTESIAN_POINT('',(31.794956465506,-19.91525828308));
#1839 = CARTESIAN_POINT('',(31.92180794064,-18.98259224647));
#1840 = CARTESIAN_POINT('',(31.977208677656,-18.04429001405));
#1841 = CARTESIAN_POINT('',(31.945028453488,-16.15864389837));
#1842 = CARTESIAN_POINT('',(31.855670380618,-15.21123066991));
#1843 = CARTESIAN_POINT('',(31.693175817412,-14.27218850815));
#1844 = CARTESIAN_POINT('',(31.458538680303,-13.34852008578));
#1845 = CARTESIAN_POINT('',(31.153562446826,-12.44708426916));
#1846 = CARTESIAN_POINT('',(30.78102845531,-11.57455204502));
#1847 = ( GEOMETRIC_REPRESENTATION_CONTEXT(2) 
PARAMETRIC_REPRESENTATION_CONTEXT() REPRESENTATION_CONTEXT('2D SPACE',''
  ) );
#1848 = ADVANCED_FACE('',(#1849),#739,.F.);
#1849 = FACE_BOUND('',#1850,.F.);
#1850 = EDGE_LOOP('',(#1851,#2019,#2310,#2311));
#1851 = ORIENTED_EDGE('',*,*,#1852,.F.);
#1852 = EDGE_CURVE('',#1853,#1855,#1857,.T.);
#1853 = VERTEX_POINT('',#1854);
#1854 = CARTESIAN_POINT('',(269.70000737504,209.99999654012,540.3));
#1855 = VERTEX_POINT('',#1856);
#1856 = CARTESIAN_POINT('',(241.4189653186,204.37454767984,547.95));
#1857 = SURFACE_CURVE('',#1858,(#2005,#2012),.PCURVE_S1.);
#1858 = B_SPLINE_CURVE_WITH_KNOTS('',10,(#1859,#1860,#1861,#1862,#1863,
    #1864,#1865,#1866,#1867,#1868,#1869,#1870,#1871,#1872,#1873,#1874,
    #1875,#1876,#1877,#1878,#1879,#1880,#1881,#1882,#1883,#1884,#1885,
    #1886,#1887,#1888,#1889,#1890,#1891,#1892,#1893,#1894,#1895,#1896,
    #1897,#1898,#1899,#1900,#1901,#1902,#1903,#1904,#1905,#1906,#1907,
    #1908,#1909,#1910,#1911,#1912,#1913,#1914,#1915,#1916,#1917,#1918,
    #1919,#1920,#1921,#1922,#1923,#1924,#1925,#1926,#1927,#1928,#1929,
    #1930,#1931,#1932,#1933,#1934,#1935,#1936,#1937,#1938,#1939,#1940,
    #1941,#1942,#1943,#1944,#1945,#1946,#1947,#1948,#1949,#1950,#1951,
    #1952,#1953,#1954,#1955,#1956,#1957,#1958,#1959,#1960,#1961,#1962,
    #1963,#1964,#1965,#1966,#1967,#1968,#1969,#1970,#1971,#1972,#1973,
    #1974,#1975,#1976,#1977,#1978,#1979,#1980,#1981,#1982,#1983,#1984,
    #1985,#1986,#1987,#1988,#1989,#1990,#1991,#1992,#1993,#1994,#1995,
    #1996,#1997,#1998,#1999,#2000,#2001,#2002,#2003,#2004),
  .UNSPECIFIED.,.F.,.F.,(11,9,9,9,9,9,9,9,9,9,9,9,9,9,9,9,11),(0.,
    4.973109129812,9.946218259624,14.919327389435,19.892436519247,
    24.865545649059,29.838654778871,34.811763908682,39.784873038494,
    44.757982168306,49.731091298118,54.70420042793,59.677309557741,
    64.650418687553,69.623527817365,74.596636947177,79.569746076988),
  .UNSPECIFIED.);
#1859 = CARTESIAN_POINT('',(240.29999987395,210.00000000001,
    539.10000000072));
#1860 = CARTESIAN_POINT('',(240.29999991096,202.74807508479,
    539.16281250082));
#1861 = CARTESIAN_POINT('',(244.27466553875,195.49575547307,
    539.22562500031));
#1862 = CARTESIAN_POINT('',(252.22794861474,190.6978100431,
    539.28843750168));
#1863 = CARTESIAN_POINT('',(262.41382764155,190.79057057623,
    539.3512499992));
#1864 = CARTESIAN_POINT('',(271.43558616586,196.84585387055,
    539.41406250244));
#1865 = CARTESIAN_POINT('',(275.36705981505,206.97512176532,
    539.4768749993));
#1866 = CARTESIAN_POINT('',(273.22582799532,216.93383065873,
    539.53968750157));
#1867 = CARTESIAN_POINT('',(266.80188822103,223.64262942133,
    539.60250000036));
#1868 = CARTESIAN_POINT('',(258.85493032326,225.93172720041,
    539.66531250082));
#1869 = CARTESIAN_POINT('',(244.70349316226,222.75391566216,
    539.79093750059));
#1870 = CARTESIAN_POINT('',(238.49824364089,217.28683370659,
    539.85375000133));
#1871 = CARTESIAN_POINT('',(235.55945224577,208.47556269502,
    539.91656249926));
#1872 = CARTESIAN_POINT('',(237.88169762782,198.55750275791,
    539.97937500297));
#1873 = CARTESIAN_POINT('',(245.76652891171,191.08167384829,
    540.04218749834));
#1874 = CARTESIAN_POINT('',(256.51106792906,189.46506177743,
    540.10500000247));
#1875 = CARTESIAN_POINT('',(265.75865485862,193.73623170261,
    540.16781249987));
#1876 = CARTESIAN_POINT('',(270.89695093158,201.47398954837,
    540.23062500095));
#1877 = CARTESIAN_POINT('',(271.38924017909,209.72939746009,
    540.29343750073));
#1878 = CARTESIAN_POINT('',(265.18804526052,222.84072239186,
    540.41906250065));
#1879 = CARTESIAN_POINT('',(258.49422388565,227.69735313105,
    540.48187500122));
#1880 = CARTESIAN_POINT('',(249.2531551522,228.63417774863,
    540.54468749943));
#1881 = CARTESIAN_POINT('',(240.08488978878,224.19529875117,
    540.60750000282));
#1882 = CARTESIAN_POINT('',(234.51828391061,214.86408868677,
    540.67031249838));
#1883 = CARTESIAN_POINT('',(235.29509389328,204.02641737198,
    540.73312500257));
#1884 = CARTESIAN_POINT('',(241.48864125169,195.93934573446,
    540.79593749972));
#1885 = CARTESIAN_POINT('',(250.16419510546,192.62125165139,
    540.85875000107));
#1886 = CARTESIAN_POINT('',(258.32687537386,193.94969409547,
    540.92156250067));
#1887 = CARTESIAN_POINT('',(269.76093354036,202.87292073891,
    541.04718750075));
#1888 = CARTESIAN_POINT('',(273.03293393264,210.46819033062,
    541.11000000068));
#1889 = CARTESIAN_POINT('',(271.92226608784,219.6899802126,
    541.17281250079));
#1890 = CARTESIAN_POINT('',(265.58246408361,227.66291236428,
    541.23562500064));
#1891 = CARTESIAN_POINT('',(255.25833229664,231.04978187802,
    541.2984375008));
#1892 = CARTESIAN_POINT('',(244.85419334082,227.91729949915,
    541.36125000066));
#1893 = CARTESIAN_POINT('',(238.32063422531,220.10235472308,
    541.42406250078));
#1894 = CARTESIAN_POINT('',(236.98398736939,210.91059982064,
    541.48687500067));
#1895 = CARTESIAN_POINT('',(240.06860486141,203.23731868272,
    541.54968750076));
#1896 = CARTESIAN_POINT('',(251.28023242861,194.03617379856,
    541.67531250063));
#1897 = CARTESIAN_POINT('',(259.40785249097,192.50780903298,
    541.73812500125));
#1898 = CARTESIAN_POINT('',(268.16222382002,195.61199561494,
    541.80093749934));
#1899 = CARTESIAN_POINT('',(274.55237222041,203.54463325608,
    541.86375000301));
#1900 = CARTESIAN_POINT('',(275.59491794268,214.3599779426,
    541.92656249805));
#1901 = CARTESIAN_POINT('',(270.25898846367,223.82498770879,
    541.98937500294));
#1902 = CARTESIAN_POINT('',(261.20241929595,228.48753116233,
    542.05218749944));
#1903 = CARTESIAN_POINT('',(251.94114347434,227.77777544853,
    542.11500000118));
#1904 = CARTESIAN_POINT('',(245.13015024188,223.08688217773,
    542.17781250066));
#1905 = CARTESIAN_POINT('',(238.60905508365,210.13169102429,
    542.30343750072));
#1906 = CARTESIAN_POINT('',(238.89859796177,201.86668820162,
    542.36625000091));
#1907 = CARTESIAN_POINT('',(243.84545303646,194.00516057886,
    542.42906250013));
#1908 = CARTESIAN_POINT('',(252.98543391955,189.50832991755,
    542.49187500177));
#1909 = CARTESIAN_POINT('',(263.76641182747,190.86077127015,
    542.55468749944));
#1910 = CARTESIAN_POINT('',(271.83233325126,198.14084440545,
    542.61750000183));
#1911 = CARTESIAN_POINT('',(274.39728129395,207.99892728694,
    542.68031250004));
#1912 = CARTESIAN_POINT('',(271.67561411422,216.87966547545,
    542.74312500101));
#1913 = CARTESIAN_POINT('',(265.60640249422,222.49738554709,
    542.80593750064));
#1914 = CARTESIAN_POINT('',(251.5372148544,226.021533535,542.93156250082
    ));
#1915 = CARTESIAN_POINT('',(243.53647319913,223.92815356349,
    542.99437500025));
#1916 = CARTESIAN_POINT('',(236.94982603434,217.37902607905,
    543.05718750185));
#1917 = CARTESIAN_POINT('',(234.56483992538,207.47586608731,
    543.11999999897));
#1918 = CARTESIAN_POINT('',(238.24654546478,197.25316455728,
    543.1828125026));
#1919 = CARTESIAN_POINT('',(247.11698171541,190.97830089491,
    543.24562499928));
#1920 = CARTESIAN_POINT('',(257.29751747909,190.6355938116,
    543.30843750149));
#1921 = CARTESIAN_POINT('',(265.36615199096,195.23691102655,
    543.37125000046));
#1922 = CARTESIAN_POINT('',(269.51760163835,202.38950316642,
    543.43406250076));
#1923 = CARTESIAN_POINT('',(269.87354387673,216.88898470916,
    543.55968750071));
#1924 = CARTESIAN_POINT('',(266.07805616091,224.23666323617,
    543.6225000007));
#1925 = CARTESIAN_POINT('',(258.24491596174,229.22834695105,
    543.6853125008));
#1926 = CARTESIAN_POINT('',(248.05982825011,229.38558834163,
    543.74812500062));
#1927 = CARTESIAN_POINT('',(238.89218284134,223.55353382227,
    543.81093750076));
#1928 = CARTESIAN_POINT('',(234.71330858415,213.52379986726,
    543.87375000078));
#1929 = CARTESIAN_POINT('',(236.60949656385,203.51554189129,
    543.93656250061));
#1930 = CARTESIAN_POINT('',(242.86685939958,196.65111231936,
    543.99937500081));
#1931 = CARTESIAN_POINT('',(250.75524655188,194.167675864,
    544.06218750067));
#1932 = CARTESIAN_POINT('',(264.98040896346,196.99723665138,
    544.18781250082));
#1933 = CARTESIAN_POINT('',(271.31795848756,202.31038757808,
    544.25062500017));
#1934 = CARTESIAN_POINT('',(274.47210418861,211.04688324698,
    544.31343750213));
#1935 = CARTESIAN_POINT('',(272.39395959991,221.01894680673,
    544.3762499984));
#1936 = CARTESIAN_POINT('',(264.69496910387,228.68602758017,
    544.43906250341));
#1937 = CARTESIAN_POINT('',(253.99333978886,230.56583694746,
    544.5018749985));
#1938 = CARTESIAN_POINT('',(244.64371830087,226.52290056141,
    544.56468750201));
#1939 = CARTESIAN_POINT('',(239.317075704,218.91357328248,
    544.62750000023));
#1940 = CARTESIAN_POINT('',(238.62233687233,210.67273312801,
    544.69031250082));
#1941 = CARTESIAN_POINT('',(244.49989608563,197.41317214058,
    544.81593750063));
#1942 = CARTESIAN_POINT('',(251.07251372181,192.39372952774,
    544.87875000109));
#1943 = CARTESIAN_POINT('',(260.28780839107,191.2303998846,
    544.94156249979));
#1944 = CARTESIAN_POINT('',(269.56224798831,195.44294147927,
    545.00437500232));
#1945 = CARTESIAN_POINT('',(275.3561766674,204.63472981073,
    545.06718749877));
#1946 = CARTESIAN_POINT('',(274.84557041373,215.48820089281,
    545.13000000244));
#1947 = CARTESIAN_POINT('',(268.85235510924,223.72483411664,
    545.19281249965));
#1948 = CARTESIAN_POINT('',(260.26084427512,227.25483760153,
    545.25562500117));
#1949 = CARTESIAN_POINT('',(252.06802084388,226.12711746126,
    545.31843750061));
#1950 = CARTESIAN_POINT('',(240.41841945765,217.48718416133,
    545.44406250084));
#1951 = CARTESIAN_POINT('',(236.96100728412,209.97450103191,
    545.50687500017));
#1952 = CARTESIAN_POINT('',(237.84502656337,200.72823142798,
    545.56968750211));
#1953 = CARTESIAN_POINT('',(243.98725358812,192.60211404326,
    545.6324999984));
#1954 = CARTESIAN_POINT('',(254.22515800081,188.96289771563,
    545.69531250348));
#1955 = CARTESIAN_POINT('',(264.70303839021,191.83910629586,
    545.75812499836));
#1956 = CARTESIAN_POINT('',(271.42641806587,199.49135579069,
    545.82093750215));
#1957 = CARTESIAN_POINT('',(272.98823930601,208.64753935175,
    545.88375000014));
#1958 = CARTESIAN_POINT('',(270.0928625892,216.39420974387,
    545.94656250085));
#1959 = CARTESIAN_POINT('',(259.11041915383,225.86773052942,
    546.0721875006));
#1960 = CARTESIAN_POINT('',(251.02275492766,227.59509676138,
    546.13500000126));
#1961 = CARTESIAN_POINT('',(242.19483969937,224.70668812982,
    546.19781249939));
#1962 = CARTESIAN_POINT('',(235.61193921888,216.93326174291,
    546.26062500293));
#1963 = CARTESIAN_POINT('',(234.30428564665,206.14675978891,
    546.3234374981));
#1964 = CARTESIAN_POINT('',(239.40632507555,196.55365044193,
    546.38625000295));
#1965 = CARTESIAN_POINT('',(248.34574202976,191.67025192573,
    546.4490624994));
#1966 = CARTESIAN_POINT('',(257.62164680532,192.15251078804,
    546.51187500123));
#1967 = CARTESIAN_POINT('',(264.54570897772,196.67484110809,
    546.57468750064));
#1968 = CARTESIAN_POINT('',(271.38277641067,209.46609471367,
    546.70031250076));
#1969 = CARTESIAN_POINT('',(271.29615406039,217.73571401002,
    546.76312500069));
#1970 = CARTESIAN_POINT('',(266.54372043208,225.71627578829,
    546.82593750069));
#1971 = CARTESIAN_POINT('',(257.51685008897,230.43605844823,
    546.88875000085));
#1972 = CARTESIAN_POINT('',(246.705928638,229.34860286765,
    546.95156250049));
#1973 = CARTESIAN_POINT('',(238.46377458027,222.26866997576,
    547.01437500099));
#1974 = CARTESIAN_POINT('',(235.65766958727,212.47650314015,
    547.07718750052));
#1975 = CARTESIAN_POINT('',(238.16057282638,203.53164660798,
    547.14000000082));
#1976 = CARTESIAN_POINT('',(244.09009076125,197.76667257917,
    547.20281250069));
#1977 = CARTESIAN_POINT('',(258.06855410369,193.8983108498,
    547.32843750076));
#1978 = CARTESIAN_POINT('',(266.11826020137,195.79471230495,
    547.39125000055));
#1979 = CARTESIAN_POINT('',(272.86364722556,202.18022290164,
    547.45406250111));
#1980 = CARTESIAN_POINT('',(275.4909507334,212.02186975723,
    547.51687500016));
#1981 = CARTESIAN_POINT('',(272.06123170974,222.33184597807,
    547.57968750132));
#1982 = CARTESIAN_POINT('',(263.34745993126,228.82251117168,
    547.64250000024));
#1983 = CARTESIAN_POINT('',(253.17840080783,229.4149578928,
    547.70531250102));
#1984 = CARTESIAN_POINT('',(244.99927444036,225.01304071198,
    547.76812500057));
#1985 = CARTESIAN_POINT('',(240.67354173379,217.96448447362,
    547.83093750079));
#1986 = CARTESIAN_POINT('',(239.96187160862,203.47810516345,
    547.95656250061));
#1987 = CARTESIAN_POINT('',(243.57589513632,196.03949368852,
    548.01937500135));
#1988 = CARTESIAN_POINT('',(251.2841740902,190.85707849141,
    548.08218749908));
#1989 = CARTESIAN_POINT('',(261.46233534559,190.44992989485,
    548.14500000347));
#1990 = CARTESIAN_POINT('',(270.77034541515,196.05524262595,
    548.20781249752));
#1991 = CARTESIAN_POINT('',(275.19410306546,205.97940110621,
    548.27062500336));
#1992 = CARTESIAN_POINT('',(273.54410112871,216.03117956307,
    548.33343749921));
#1993 = CARTESIAN_POINT('',(267.45708442849,223.04710506936,
    548.39625000127));
#1994 = CARTESIAN_POINT('',(259.6320196923,225.72338427149,
    548.45906250063));
#1995 = CARTESIAN_POINT('',(245.3417007361,223.24377865657,
    548.58468750077));
#1996 = CARTESIAN_POINT('',(238.87566871099,218.08775920243,
    548.64750000069));
#1997 = CARTESIAN_POINT('',(235.50806864717,209.4313014142,
    548.71031250062));
#1998 = CARTESIAN_POINT('',(237.34086063802,199.41124102965,
    548.77312500109));
#1999 = CARTESIAN_POINT('',(244.84937277524,191.55752675742,
    548.83593750009));
#2000 = CARTESIAN_POINT('',(255.50164610903,189.41565241559,
    548.89875000139));
#2001 = CARTESIAN_POINT('',(264.9476703127,193.22791995602,
    548.96156250025));
#2002 = CARTESIAN_POINT('',(270.45945084488,200.70423308622,
    549.02437500094));
#2003 = CARTESIAN_POINT('',(271.35622079004,208.92554151574,
    549.08718750067));
#2004 = CARTESIAN_POINT('',(268.58102923825,215.62544650145,
    549.15000000072));
#2005 = PCURVE('',#739,#2006);
#2006 = DEFINITIONAL_REPRESENTATION('',(#2007),#2011);
#2007 = LINE('',#2008,#2009);
#2008 = CARTESIAN_POINT('',(0.,0.));
#2009 = VECTOR('',#2010,1.);
#2010 = DIRECTION('',(0.,1.));
#2011 = ( GEOMETRIC_REPRESENTATION_CONTEXT(2) 
PARAMETRIC_REPRESENTATION_CONTEXT() REPRESENTATION_CONTEXT('2D SPACE',''
  ) );
#2012 = PCURVE('',#1391,#2013);
#2013 = DEFINITIONAL_REPRESENTATION('',(#2014),#2018);
#2014 = LINE('',#2015,#2016);
#2015 = CARTESIAN_POINT('',(0.640312423743,0.));
#2016 = VECTOR('',#2017,1.);
#2017 = DIRECTION('',(0.,1.));
#2018 = ( GEOMETRIC_REPRESENTATION_CONTEXT(2) 
PARAMETRIC_REPRESENTATION_CONTEXT() REPRESENTATION_CONTEXT('2D SPACE',''
  ) );
#2019 = ORIENTED_EDGE('',*,*,#2020,.F.);
#2020 = EDGE_CURVE('',#286,#1853,#2021,.T.);
#2021 = SURFACE_CURVE('',#2022,(#2116,#2213),.PCURVE_S1.);
#2022 = B_SPLINE_CURVE_WITH_KNOTS('',8,(#2023,#2024,#2025,#2026,#2027,
    #2028,#2029,#2030,#2031,#2032,#2033,#2034,#2035,#2036,#2037,#2038,
    #2039,#2040,#2041,#2042,#2043,#2044,#2045,#2046,#2047,#2048,#2049,
    #2050,#2051,#2052,#2053,#2054,#2055,#2056,#2057,#2058,#2059,#2060,
    #2061,#2062,#2063,#2064,#2065,#2066,#2067,#2068,#2069,#2070,#2071,
    #2072,#2073,#2074,#2075,#2076,#2077,#2078,#2079,#2080,#2081,#2082,
    #2083,#2084,#2085,#2086,#2087,#2088,#2089,#2090,#2091,#2092,#2093,
    #2094,#2095,#2096,#2097,#2098,#2099,#2100,#2101,#2102,#2103,#2104,
    #2105,#2106,#2107,#2108,#2109,#2110,#2111,#2112,#2113,#2114,#2115),
  .UNSPECIFIED.,.F.,.F.,(9,7,7,7,7,7,7,7,7,7,7,7,7,9),(0.,
    7.301151466528E-02,0.103017098785,0.145024963479,0.174030481693,
    0.264041315113,0.400020992776,0.536999261019,0.624010397354,
    0.755995608111,0.887980670399,0.910985010665,0.929988611346,1.),
  .UNSPECIFIED.);
#2023 = CARTESIAN_POINT('',(269.69999075173,210.00000022038,540.3));
#2024 = CARTESIAN_POINT('',(269.69998881344,209.15721497089,540.3));
#2025 = CARTESIAN_POINT('',(269.64476610742,208.31436516111,540.3));
#2026 = CARTESIAN_POINT('',(269.53430879223,207.47576801101,540.3));
#2027 = CARTESIAN_POINT('',(269.36902314489,206.64564796175,540.3));
#2028 = CARTESIAN_POINT('',(269.1496877402,205.8281452416,540.3));
#2029 = CARTESIAN_POINT('',(268.87743712124,205.02731706328,540.3));
#2030 = CARTESIAN_POINT('',(268.55377696088,204.24713145258,540.3));
#2031 = CARTESIAN_POINT('',(268.02727858716,203.18089239191,540.3));
#2032 = CARTESIAN_POINT('',(267.86556322162,202.87445988095,540.3));
#2033 = CARTESIAN_POINT('',(267.69561482497,202.57241993873,540.3));
#2034 = CARTESIAN_POINT('',(267.51757302462,202.27503051926,540.3));
#2035 = CARTESIAN_POINT('',(267.3315868683,201.98254376744,540.3));
#2036 = CARTESIAN_POINT('',(267.13781482399,201.69520601904,540.3));
#2037 = CARTESIAN_POINT('',(266.93642477994,201.41325780071,540.3));
#2038 = CARTESIAN_POINT('',(266.43523068877,200.75007983884,540.3));
#2039 = CARTESIAN_POINT('',(266.12828002218,200.37424502375,540.3));
#2040 = CARTESIAN_POINT('',(265.8072306401,200.01007538856,540.3));
#2041 = CARTESIAN_POINT('',(265.47260162404,199.65818712354,540.3));
#2042 = CARTESIAN_POINT('',(265.12494246736,199.31916648154,540.3));
#2043 = CARTESIAN_POINT('',(264.76483300068,198.99356965411,540.3));
#2044 = CARTESIAN_POINT('',(264.3928833174,198.68192264771,540.3));
#2045 = CARTESIAN_POINT('',(263.74517720929,198.17950998723,540.3));
#2046 = CARTESIAN_POINT('',(263.47527898348,197.98118423396,540.3));
#2047 = CARTESIAN_POINT('',(263.20024870074,197.7899069211,540.3));
#2048 = CARTESIAN_POINT('',(262.92030128539,197.60583290169,540.3));
#2049 = CARTESIAN_POINT('',(262.63565690703,197.42910886071,540.3));
#2050 = CARTESIAN_POINT('',(262.34654098062,197.25987331503,540.3));
#2051 = CARTESIAN_POINT('',(262.05318416637,197.09825661347,540.3));
#2052 = CARTESIAN_POINT('',(260.83303992085,196.46686911289,540.3));
#2053 = CARTESIAN_POINT('',(259.87152088129,196.06381688272,540.3));
#2054 = CARTESIAN_POINT('',(258.87851267413,195.73903138344,540.3));
#2055 = CARTESIAN_POINT('',(257.86148544611,195.4952966983,540.3));
#2056 = CARTESIAN_POINT('',(256.82808909462,195.334537892,540.3));
#2057 = CARTESIAN_POINT('',(255.78613210752,195.2578750421,540.3));
#2058 = CARTESIAN_POINT('',(254.74358221606,195.26556726649,540.3));
#2059 = CARTESIAN_POINT('',(252.14502081575,195.49474297384,540.3));
#2060 = CARTESIAN_POINT('',(250.59685953643,195.82356567903,540.3));
#2061 = CARTESIAN_POINT('',(249.09356617351,196.34132334383,540.3));
#2062 = CARTESIAN_POINT('',(247.66166546139,197.04009597771,540.3));
#2063 = CARTESIAN_POINT('',(246.32581665096,197.90850279425,540.3));
#2064 = CARTESIAN_POINT('',(245.10846700703,198.93125549774,540.3));
#2065 = CARTESIAN_POINT('',(244.03005610888,200.08968526285,540.3));
#2066 = CARTESIAN_POINT('',(242.17806477255,202.63874149788,540.3));
#2067 = CARTESIAN_POINT('',(241.40506328171,204.03337506094,540.3));
#2068 = CARTESIAN_POINT('',(240.80671076046,205.51937798424,540.3));
#2069 = CARTESIAN_POINT('',(240.39464754898,207.07095565229,540.3));
#2070 = CARTESIAN_POINT('',(240.17658227454,208.66143855076,540.3));
#2071 = CARTESIAN_POINT('',(240.15568751284,210.26324760316,540.3));
#2072 = CARTESIAN_POINT('',(240.33116888498,211.84809471521,540.3));
#2073 = CARTESIAN_POINT('',(240.92685253874,214.36409066526,540.3));
#2074 = CARTESIAN_POINT('',(241.23460775649,215.32353836993,540.3));
#2075 = CARTESIAN_POINT('',(241.61705747528,216.25787918179,540.3));
#2076 = CARTESIAN_POINT('',(242.07174301323,217.16034802037,540.3));
#2077 = CARTESIAN_POINT('',(242.59553114,218.02454416367,540.3));
#2078 = CARTESIAN_POINT('',(243.18465784318,218.84441628749,540.3));
#2079 = CARTESIAN_POINT('',(243.83469260789,219.61429153199,540.3));
#2080 = CARTESIAN_POINT('',(245.61092988428,221.4129956167,540.3));
#2081 = CARTESIAN_POINT('',(246.81070160788,222.37111865377,540.3));
#2082 = CARTESIAN_POINT('',(248.12121910968,223.18384453339,540.3));
#2083 = CARTESIAN_POINT('',(249.52156432775,223.83694516103,540.3));
#2084 = CARTESIAN_POINT('',(250.98944782949,224.31946336495,540.3));
#2085 = CARTESIAN_POINT('',(252.50112195225,224.62412511949,540.3));
#2086 = CARTESIAN_POINT('',(254.03159856107,224.74698223222,540.3));
#2087 = CARTESIAN_POINT('',(257.07649256968,224.63212709935,540.3));
#2088 = CARTESIAN_POINT('',(258.59336003258,224.3943228456,540.3));
#2089 = CARTESIAN_POINT('',(260.07778490418,223.9766531114,540.3));
#2090 = CARTESIAN_POINT('',(261.50515057977,223.38493960301,540.3));
#2091 = CARTESIAN_POINT('',(262.85232527727,222.6282237237,540.3));
#2092 = CARTESIAN_POINT('',(264.09790659827,221.71910700093,540.3));
#2093 = CARTESIAN_POINT('',(265.22210163888,220.67334165609,540.3));
#2094 = CARTESIAN_POINT('',(266.37973175428,219.3092758145,540.3));
#2095 = CARTESIAN_POINT('',(266.54737347013,219.10326647667,540.3));
#2096 = CARTESIAN_POINT('',(266.71074972912,218.89381052503,540.3));
#2097 = CARTESIAN_POINT('',(266.86977799002,218.68101113552,540.3));
#2098 = CARTESIAN_POINT('',(267.02437880797,218.46497374465,540.3));
#2099 = CARTESIAN_POINT('',(267.17447583445,218.24580604954,540.3));
#2100 = CARTESIAN_POINT('',(267.31999581731,218.02361800787,540.3));
#2101 = CARTESIAN_POINT('',(267.57724186302,217.61257267878,540.3));
#2102 = CARTESIAN_POINT('',(267.69044390243,217.42463876517,540.3));
#2103 = CARTESIAN_POINT('',(267.8004352065,217.23478331964,540.3));
#2104 = CARTESIAN_POINT('',(267.90717783506,217.04307041707,540.3));
#2105 = CARTESIAN_POINT('',(268.01063542021,216.84956498466,540.3));
#2106 = CARTESIAN_POINT('',(268.11077316633,216.65433280189,540.3));
#2107 = CARTESIAN_POINT('',(268.20755785009,216.45744050059,540.3));
#2108 = CARTESIAN_POINT('',(268.64505374901,215.52771488008,540.3));
#2109 = CARTESIAN_POINT('',(268.94323296163,214.77480854172,540.3));
#2110 = CARTESIAN_POINT('',(269.19386265782,214.00366848567,540.3));
#2111 = CARTESIAN_POINT('',(269.39566407928,213.21781006185,540.3));
#2112 = CARTESIAN_POINT('',(269.54767517895,212.42082172349,540.3));
#2113 = CARTESIAN_POINT('',(269.64923809649,211.61636024365,540.3));
#2114 = CARTESIAN_POINT('',(269.70001144014,210.80815145888,540.3));
#2115 = CARTESIAN_POINT('',(269.70000737504,209.9999965401,540.3));
#2116 = PCURVE('',#739,#2117);
#2117 = DEFINITIONAL_REPRESENTATION('',(#2118),#2212);
#2118 = B_SPLINE_CURVE_WITH_KNOTS('',8,(#2119,#2120,#2121,#2122,#2123,
    #2124,#2125,#2126,#2127,#2128,#2129,#2130,#2131,#2132,#2133,#2134,
    #2135,#2136,#2137,#2138,#2139,#2140,#2141,#2142,#2143,#2144,#2145,
    #2146,#2147,#2148,#2149,#2150,#2151,#2152,#2153,#2154,#2155,#2156,
    #2157,#2158,#2159,#2160,#2161,#2162,#2163,#2164,#2165,#2166,#2167,
    #2168,#2169,#2170,#2171,#2172,#2173,#2174,#2175,#2176,#2177,#2178,
    #2179,#2180,#2181,#2182,#2183,#2184,#2185,#2186,#2187,#2188,#2189,
    #2190,#2191,#2192,#2193,#2194,#2195,#2196,#2197,#2198,#2199,#2200,
    #2201,#2202,#2203,#2204,#2205,#2206,#2207,#2208,#2209,#2210,#2211),
  .UNSPECIFIED.,.F.,.F.,(9,7,7,7,7,7,7,7,7,7,7,7,7,9),(0.,
    7.301151466528E-02,0.103017098785,0.145024963479,0.174030481693,
    0.264041315113,0.400020992776,0.536999261019,0.624010397354,
    0.755995608111,0.887980670399,0.910985010665,0.929988611346,1.),
  .UNSPECIFIED.);
#2119 = CARTESIAN_POINT('',(0.8,15.834775332954));
#2120 = CARTESIAN_POINT('',(0.792700217733,15.776980126842));
#2121 = CARTESIAN_POINT('',(0.785399883461,15.719180550298));
#2122 = CARTESIAN_POINT('',(0.778099796072,15.661382928421));
#2123 = CARTESIAN_POINT('',(0.770800015219,15.603587733504));
#2124 = CARTESIAN_POINT('',(0.763500231437,15.5457925154));
#2125 = CARTESIAN_POINT('',(0.756200136135,15.487994830867));
#2126 = CARTESIAN_POINT('',(0.748899791453,15.430195171902));
#2127 = CARTESIAN_POINT('',(0.738600000513,15.348647734118));
#2128 = CARTESIAN_POINT('',(0.735599998712,15.324895556852));
#2129 = CARTESIAN_POINT('',(0.732599995683,15.30114336986));
#2130 = CARTESIAN_POINT('',(0.729599992509,15.277391181726));
#2131 = CARTESIAN_POINT('',(0.726599990274,15.253639001023));
#2132 = CARTESIAN_POINT('',(0.723599990058,15.229886836308));
#2133 = CARTESIAN_POINT('',(0.720599992941,15.206134696126));
#2134 = CARTESIAN_POINT('',(0.713400005191,15.1491296019));
#2135 = CARTESIAN_POINT('',(0.709199977662,15.115876355738));
#2136 = CARTESIAN_POINT('',(0.70499997157,15.082623279301));
#2137 = CARTESIAN_POINT('',(0.700799990827,15.04937040357));
#2138 = CARTESIAN_POINT('',(0.696600013371,15.016117553856));
#2139 = CARTESIAN_POINT('',(0.692400015424,14.982864541919));
#2140 = CARTESIAN_POINT('',(0.688199995767,14.949611358095));
#2141 = CARTESIAN_POINT('',(0.681099994141,14.893397892804));
#2142 = CARTESIAN_POINT('',(0.678199993216,14.870437461245));
#2143 = CARTESIAN_POINT('',(0.675299994745,14.847477049113));
#2144 = CARTESIAN_POINT('',(0.672399996929,14.824516642161));
#2145 = CARTESIAN_POINT('',(0.669499998648,14.801556231522));
#2146 = CARTESIAN_POINT('',(0.66659999946,14.778595813704));
#2147 = CARTESIAN_POINT('',(0.663699999605,14.7556353906));
#2148 = CARTESIAN_POINT('',(0.651800630314,14.66142347086));
#2149 = CARTESIAN_POINT('',(0.642799686737,14.590159511126));
#2150 = CARTESIAN_POINT('',(0.63379942065,14.518900915362));
#2151 = CARTESIAN_POINT('',(0.624800013354,14.447649118987));
#2152 = CARTESIAN_POINT('',(0.615800607203,14.376397331696));
#2153 = CARTESIAN_POINT('',(0.606800340716,14.305138732793));
#2154 = CARTESIAN_POINT('',(0.597799387642,14.233874697919));
#2155 = CARTESIAN_POINT('',(0.575204593933,14.054982956836));
#2156 = CARTESIAN_POINT('',(0.561596860514,13.947245256068));
#2157 = CARTESIAN_POINT('',(0.547996134312,13.839563034146));
#2158 = CARTESIAN_POINT('',(0.534399969983,13.731916930341));
#2159 = CARTESIAN_POINT('',(0.520803812032,13.624270877016));
#2160 = CARTESIAN_POINT('',(0.507203102736,13.516588788934));
#2161 = CARTESIAN_POINT('',(0.493595385208,13.408851213958));
#2162 = CARTESIAN_POINT('',(0.4663047747,13.192780870828));
#2163 = CARTESIAN_POINT('',(0.452596794629,13.084249478443));
#2164 = CARTESIAN_POINT('',(0.438896111686,12.975775860255));
#2165 = CARTESIAN_POINT('',(0.425200111162,12.867339314595));
#2166 = CARTESIAN_POINT('',(0.411504088929,12.758902597057));
#2167 = CARTESIAN_POINT('',(0.39780334813,12.650428520798));
#2168 = CARTESIAN_POINT('',(0.384095293585,12.541896538772));
#2169 = CARTESIAN_POINT('',(0.361700495527,12.364588240772));
#2170 = CARTESIAN_POINT('',(0.352999671809,12.295700446347));
#2171 = CARTESIAN_POINT('',(0.34429943893,12.22681732983));
#2172 = CARTESIAN_POINT('',(0.335599946106,12.157940072605));
#2173 = CARTESIAN_POINT('',(0.326900461516,12.089062880583));
#2174 = CARTESIAN_POINT('',(0.318200252148,12.0201799502));
#2175 = CARTESIAN_POINT('',(0.309499463617,11.951292434371));
#2176 = CARTESIAN_POINT('',(0.287603981797,11.77793741659));
#2177 = CARTESIAN_POINT('',(0.274397351281,11.673375402987));
#2178 = CARTESIAN_POINT('',(0.261196697843,11.568860712243));
#2179 = CARTESIAN_POINT('',(0.248000071025,11.464377901798));
#2180 = CARTESIAN_POINT('',(0.234803431641,11.359894991887));
#2181 = CARTESIAN_POINT('',(0.221602742547,11.255380018827));
#2182 = CARTESIAN_POINT('',(0.208396062654,11.150817614291));
#2183 = CARTESIAN_POINT('',(0.182003952191,10.94186104433));
#2184 = CARTESIAN_POINT('',(0.168797318383,10.837299004647));
#2185 = CARTESIAN_POINT('',(0.155596660872,10.732784281625));
#2186 = CARTESIAN_POINT('',(0.142400024337,10.628301394214));
#2187 = CARTESIAN_POINT('',(0.129203375621,10.52381841039));
#2188 = CARTESIAN_POINT('',(0.116002688153,10.419303450222));
#2189 = CARTESIAN_POINT('',(0.102796035638,10.31474126252));
#2190 = CARTESIAN_POINT('',(8.729999658476E-02,10.192053114108));
#2191 = CARTESIAN_POINT('',(8.499999363208E-02,10.173843099107));
#2192 = CARTESIAN_POINT('',(8.269999154117E-02,10.155633090931));
#2193 = CARTESIAN_POINT('',(8.039999059733E-02,10.137423091835));
#2194 = CARTESIAN_POINT('',(7.809999097161E-02,10.119213103176));
#2195 = CARTESIAN_POINT('',(7.579999272079E-02,10.101003125401));
#2196 = CARTESIAN_POINT('',(7.349999578742E-02,10.082793158055));
#2197 = CARTESIAN_POINT('',(6.930000195544E-02,10.049540178701));
#2198 = CARTESIAN_POINT('',(6.740000424033E-02,10.034497160229));
#2199 = CARTESIAN_POINT('',(6.550000638186E-02,10.019454140621));
#2200 = CARTESIAN_POINT('',(6.360000793032E-02,10.004411116313));
#2201 = CARTESIAN_POINT('',(6.170000845889E-02,9.989368083928));
#2202 = CARTESIAN_POINT('',(5.980000756365E-02,9.974325040265));
#2203 = CARTESIAN_POINT('',(5.790000486358E-02,9.959281982309));
#2204 = CARTESIAN_POINT('',(4.900016975037E-02,9.888818537482));
#2205 = CARTESIAN_POINT('',(4.199992545828E-02,9.833394889589));
#2206 = CARTESIAN_POINT('',(3.499987835958E-02,9.777972802951));
#2207 = CARTESIAN_POINT('',(2.800006482147E-02,9.722552565509));
#2208 = CARTESIAN_POINT('',(2.100023386134E-02,9.66713219014));
#2209 = CARTESIAN_POINT('',(1.400013987005E-02,9.611709732263));
#2210 = CARTESIAN_POINT('',(6.999840540295E-03,9.556285648652));
#2211 = CARTESIAN_POINT('',(0.,9.500865197461));
#2212 = ( GEOMETRIC_REPRESENTATION_CONTEXT(2) 
PARAMETRIC_REPRESENTATION_CONTEXT() REPRESENTATION_CONTEXT('2D SPACE',''
  ) );
#2213 = PCURVE('',#1165,#2214);
#2214 = DEFINITIONAL_REPRESENTATION('',(#2215),#2309);
#2215 = B_SPLINE_CURVE_WITH_KNOTS('',8,(#2216,#2217,#2218,#2219,#2220,
    #2221,#2222,#2223,#2224,#2225,#2226,#2227,#2228,#2229,#2230,#2231,
    #2232,#2233,#2234,#2235,#2236,#2237,#2238,#2239,#2240,#2241,#2242,
    #2243,#2244,#2245,#2246,#2247,#2248,#2249,#2250,#2251,#2252,#2253,
    #2254,#2255,#2256,#2257,#2258,#2259,#2260,#2261,#2262,#2263,#2264,
    #2265,#2266,#2267,#2268,#2269,#2270,#2271,#2272,#2273,#2274,#2275,
    #2276,#2277,#2278,#2279,#2280,#2281,#2282,#2283,#2284,#2285,#2286,
    #2287,#2288,#2289,#2290,#2291,#2292,#2293,#2294,#2295,#2296,#2297,
    #2298,#2299,#2300,#2301,#2302,#2303,#2304,#2305,#2306,#2307,#2308),
  .UNSPECIFIED.,.F.,.F.,(9,7,7,7,7,7,7,7,7,7,7,7,7,9),(0.,
    7.301151466528E-02,0.103017098785,0.145024963479,0.174030481693,
    0.264041315113,0.400020992776,0.536999261019,0.624010397354,
    0.755995608111,0.887980670399,0.910985010665,0.929988611346,1.),
  .UNSPECIFIED.);
#2216 = CARTESIAN_POINT('',(2.500009248269,-17.20000022038));
#2217 = CARTESIAN_POINT('',(2.50001118656,-16.35721497089));
#2218 = CARTESIAN_POINT('',(2.55523389258,-15.51436516111));
#2219 = CARTESIAN_POINT('',(2.665691207767,-14.67576801101));
#2220 = CARTESIAN_POINT('',(2.83097685511,-13.84564796175));
#2221 = CARTESIAN_POINT('',(3.050312259794,-13.0281452416));
#2222 = CARTESIAN_POINT('',(3.322562878751,-12.22731706328));
#2223 = CARTESIAN_POINT('',(3.646223039117,-11.44713145258));
#2224 = CARTESIAN_POINT('',(4.172721412838,-10.38089239191));
#2225 = CARTESIAN_POINT('',(4.334436778371,-10.07445988095));
#2226 = CARTESIAN_POINT('',(4.504385175028,-9.77241993873));
#2227 = CARTESIAN_POINT('',(4.682426975372,-9.475030519263));
#2228 = CARTESIAN_POINT('',(4.868413131694,-9.182543767443));
#2229 = CARTESIAN_POINT('',(5.062185176007,-8.895206019045));
#2230 = CARTESIAN_POINT('',(5.263575220053,-8.613257800719));
#2231 = CARTESIAN_POINT('',(5.764769311226,-7.950079838843));
#2232 = CARTESIAN_POINT('',(6.071719977818,-7.574245023753));
#2233 = CARTESIAN_POINT('',(6.392769359899,-7.210075388565));
#2234 = CARTESIAN_POINT('',(6.727398375952,-6.858187123547));
#2235 = CARTESIAN_POINT('',(7.075057532635,-6.519166481541));
#2236 = CARTESIAN_POINT('',(7.435166999316,-6.193569654117));
#2237 = CARTESIAN_POINT('',(7.807116682595,-5.881922647718));
#2238 = CARTESIAN_POINT('',(8.454822790709,-5.379509987238));
#2239 = CARTESIAN_POINT('',(8.724721016517,-5.181184233964));
#2240 = CARTESIAN_POINT('',(8.999751299253,-4.989906921103));
#2241 = CARTESIAN_POINT('',(9.279698714609,-4.805832901699));
#2242 = CARTESIAN_POINT('',(9.564343092961,-4.629108860715));
#2243 = CARTESIAN_POINT('',(9.85345901938,-4.459873315037));
#2244 = CARTESIAN_POINT('',(10.146815833626,-4.298256613474));
#2245 = CARTESIAN_POINT('',(11.366960079149,-3.666869112899));
#2246 = CARTESIAN_POINT('',(12.328479118706,-3.263816882728));
#2247 = CARTESIAN_POINT('',(13.321487325867,-2.939031383449));
#2248 = CARTESIAN_POINT('',(14.338514553884,-2.695296698309));
#2249 = CARTESIAN_POINT('',(15.371910905377,-2.534537892004));
#2250 = CARTESIAN_POINT('',(16.413867892476,-2.457875042103));
#2251 = CARTESIAN_POINT('',(17.456417783939,-2.465567266495));
#2252 = CARTESIAN_POINT('',(20.054979184244,-2.694742973841));
#2253 = CARTESIAN_POINT('',(21.603140463564,-3.023565679039));
#2254 = CARTESIAN_POINT('',(23.106433826486,-3.541323343834));
#2255 = CARTESIAN_POINT('',(24.538334538607,-4.240095977717));
#2256 = CARTESIAN_POINT('',(25.874183349035,-5.108502794254));
#2257 = CARTESIAN_POINT('',(27.091532992965,-6.131255497743));
#2258 = CARTESIAN_POINT('',(28.169943891114,-7.289685262855));
#2259 = CARTESIAN_POINT('',(30.021935227442,-9.838741497884));
#2260 = CARTESIAN_POINT('',(30.794936718281,-11.23337506094));
#2261 = CARTESIAN_POINT('',(31.393289239537,-12.71937798424));
#2262 = CARTESIAN_POINT('',(31.805352451014,-14.27095565229));
#2263 = CARTESIAN_POINT('',(32.023417725452,-15.86143855076));
#2264 = CARTESIAN_POINT('',(32.044312487151,-17.46324760316));
#2265 = CARTESIAN_POINT('',(31.868831115011,-19.04809471521));
#2266 = CARTESIAN_POINT('',(31.273147461254,-21.56409066526));
#2267 = CARTESIAN_POINT('',(30.965392243501,-22.52353836993));
#2268 = CARTESIAN_POINT('',(30.58294252472,-23.45787918179));
#2269 = CARTESIAN_POINT('',(30.12825698677,-24.36034802037));
#2270 = CARTESIAN_POINT('',(29.604468859998,-25.22454416367));
#2271 = CARTESIAN_POINT('',(29.01534215682,-26.04441628749));
#2272 = CARTESIAN_POINT('',(28.365307392103,-26.81429153199));
#2273 = CARTESIAN_POINT('',(26.589070115714,-28.6129956167));
#2274 = CARTESIAN_POINT('',(25.38929839212,-29.57111865377));
#2275 = CARTESIAN_POINT('',(24.078780890315,-30.38384453339));
#2276 = CARTESIAN_POINT('',(22.678435672241,-31.03694516103));
#2277 = CARTESIAN_POINT('',(21.210552170501,-31.51946336495));
#2278 = CARTESIAN_POINT('',(19.698878047741,-31.82412511949));
#2279 = CARTESIAN_POINT('',(18.168401438925,-31.94698223222));
#2280 = CARTESIAN_POINT('',(15.123507430319,-31.83212709935));
#2281 = CARTESIAN_POINT('',(13.606639967413,-31.5943228456));
#2282 = CARTESIAN_POINT('',(12.122215095816,-31.1766531114));
#2283 = CARTESIAN_POINT('',(10.694849420222,-30.58493960301));
#2284 = CARTESIAN_POINT('',(9.347674722726,-29.8282237237));
#2285 = CARTESIAN_POINT('',(8.102093401728,-28.91910700093));
#2286 = CARTESIAN_POINT('',(6.977898361113,-27.87334165609));
#2287 = CARTESIAN_POINT('',(5.820268245717,-26.5092758145));
#2288 = CARTESIAN_POINT('',(5.652626529867,-26.30326647667));
#2289 = CARTESIAN_POINT('',(5.48925027088,-26.09381052503));
#2290 = CARTESIAN_POINT('',(5.330222009978,-25.88101113552));
#2291 = CARTESIAN_POINT('',(5.175621192028,-25.66497374465));
#2292 = CARTESIAN_POINT('',(5.025524165543,-25.44580604954));
#2293 = CARTESIAN_POINT('',(4.880004182682,-25.22361800787));
#2294 = CARTESIAN_POINT('',(4.622758136972,-24.81257267878));
#2295 = CARTESIAN_POINT('',(4.509556097567,-24.62463876517));
#2296 = CARTESIAN_POINT('',(4.399564793494,-24.43478331964));
#2297 = CARTESIAN_POINT('',(4.292822164933,-24.24307041707));
#2298 = CARTESIAN_POINT('',(4.189364579782,-24.04956498466));
#2299 = CARTESIAN_POINT('',(4.089226833661,-23.85433280189));
#2300 = CARTESIAN_POINT('',(3.992442149907,-23.65744050059));
#2301 = CARTESIAN_POINT('',(3.554946250982,-22.72771488008));
#2302 = CARTESIAN_POINT('',(3.256767038365,-21.97480854172));
#2303 = CARTESIAN_POINT('',(3.006137342176,-21.20366848567));
#2304 = CARTESIAN_POINT('',(2.804335920714,-20.41781006185));
#2305 = CARTESIAN_POINT('',(2.652324821044,-19.62082172349));
#2306 = CARTESIAN_POINT('',(2.55076190351,-18.81636024365));
#2307 = CARTESIAN_POINT('',(2.499988559857,-18.00815145888));
#2308 = CARTESIAN_POINT('',(2.499992624952,-17.1999965401));
#2309 = ( GEOMETRIC_REPRESENTATION_CONTEXT(2) 
PARAMETRIC_REPRESENTATION_CONTEXT() REPRESENTATION_CONTEXT('2D SPACE',''
  ) );
#2310 = ORIENTED_EDGE('',*,*,#285,.T.);
#2311 = ORIENTED_EDGE('',*,*,#2312,.T.);
#2312 = EDGE_CURVE('',#288,#1855,#2313,.T.);
#2313 = SURFACE_CURVE('',#2314,(#2394,#2477),.PCURVE_S1.);
#2314 = B_SPLINE_CURVE_WITH_KNOTS('',8,(#2315,#2316,#2317,#2318,#2319,
    #2320,#2321,#2322,#2323,#2324,#2325,#2326,#2327,#2328,#2329,#2330,
    #2331,#2332,#2333,#2334,#2335,#2336,#2337,#2338,#2339,#2340,#2341,
    #2342,#2343,#2344,#2345,#2346,#2347,#2348,#2349,#2350,#2351,#2352,
    #2353,#2354,#2355,#2356,#2357,#2358,#2359,#2360,#2361,#2362,#2363,
    #2364,#2365,#2366,#2367,#2368,#2369,#2370,#2371,#2372,#2373,#2374,
    #2375,#2376,#2377,#2378,#2379,#2380,#2381,#2382,#2383,#2384,#2385,
    #2386,#2387,#2388,#2389,#2390,#2391,#2392,#2393),.UNSPECIFIED.,.F.,
  .F.,(9,7,7,7,7,7,7,7,7,7,7,9),(0.,0.139980985502,0.280959941539,
    0.326970707239,0.355977509732,0.480976598291,0.510983623912,
    0.593999247417,0.718998123353,0.844996373991,0.873002928397,1.),
  .UNSPECIFIED.);
#2315 = CARTESIAN_POINT('',(241.41897154468,204.37455204505,547.95));
#2316 = CARTESIAN_POINT('',(240.80065238369,205.86729886821,547.95));
#2317 = CARTESIAN_POINT('',(240.36921555798,207.43923867054,547.95));
#2318 = CARTESIAN_POINT('',(240.13770947272,209.0607484957,547.95));
#2319 = CARTESIAN_POINT('',(240.11161005907,210.70211725902,547.95));
#2320 = CARTESIAN_POINT('',(240.29206115918,212.33374479958,547.95));
#2321 = CARTESIAN_POINT('',(240.67514002274,213.92627028422,547.95));
#2322 = CARTESIAN_POINT('',(241.25259725661,215.45063079503,547.95));
#2323 = CARTESIAN_POINT('',(242.77009928317,218.31667701381,547.95));
#2324 = CARTESIAN_POINT('',(243.71428234698,219.65997181099,547.95));
#2325 = CARTESIAN_POINT('',(244.82637476078,220.87884561013,547.95));
#2326 = CARTESIAN_POINT('',(246.08650241969,221.94967906392,547.95));
#2327 = CARTESIAN_POINT('',(247.47206321338,222.8523497969,547.95));
#2328 = CARTESIAN_POINT('',(248.95733621989,223.57091654039,547.95));
#2329 = CARTESIAN_POINT('',(250.51402871589,224.09305466286,547.95));
#2330 = CARTESIAN_POINT('',(252.63024547474,224.51744797673,547.95));
#2331 = CARTESIAN_POINT('',(253.15528041671,224.60037738657,547.95));
#2332 = CARTESIAN_POINT('',(253.68358848851,224.66160015937,547.95));
#2333 = CARTESIAN_POINT('',(254.21412144449,224.70096747483,547.95));
#2334 = CARTESIAN_POINT('',(254.74582757628,224.71839157529,547.95));
#2335 = CARTESIAN_POINT('',(255.27765182543,224.71384599022,547.95));
#2336 = CARTESIAN_POINT('',(255.80853589606,224.68736576077,547.95));
#2337 = CARTESIAN_POINT('',(256.67084445063,224.60858623949,547.95));
#2338 = CARTESIAN_POINT('',(257.00347823212,224.56944518526,547.95));
#2339 = CARTESIAN_POINT('',(257.3350551707,224.5216487228,547.95));
#2340 = CARTESIAN_POINT('',(257.66531247954,224.46523057633,547.95));
#2341 = CARTESIAN_POINT('',(257.99398912618,224.4002339731,547.95));
#2342 = CARTESIAN_POINT('',(258.32082583255,224.32671164338,547.95));
#2343 = CARTESIAN_POINT('',(258.64556507498,224.24472582049,547.95));
#2344 = CARTESIAN_POINT('',(260.35720994259,223.76488390415,547.95));
#2345 = CARTESIAN_POINT('',(261.703680942,223.21932850065,547.95));
#2346 = CARTESIAN_POINT('',(262.98546934377,222.52344591864,547.95));
#2347 = CARTESIAN_POINT('',(264.18329141615,221.6866588926,547.95));
#2348 = CARTESIAN_POINT('',(265.279626849,220.72072065064,547.95));
#2349 = CARTESIAN_POINT('',(266.25890949635,219.63987096834,547.95));
#2350 = CARTESIAN_POINT('',(267.10742465403,218.46061825223,547.95));
#2351 = CARTESIAN_POINT('',(267.9841106016,216.90094404741,547.95));
#2352 = CARTESIAN_POINT('',(268.14569467199,216.59444203357,547.95));
#2353 = CARTESIAN_POINT('',(268.29900452013,216.28362564783,547.95));
#2354 = CARTESIAN_POINT('',(268.44390615449,215.96875580832,547.95));
#2355 = CARTESIAN_POINT('',(268.58027569093,215.65009792077,547.95));
#2356 = CARTESIAN_POINT('',(268.70799935273,215.32792187849,547.95));
#2357 = CARTESIAN_POINT('',(268.82697347053,215.00250206237,547.95));
#2358 = CARTESIAN_POINT('',(269.2417862837,213.76562801756,547.95));
#2359 = CARTESIAN_POINT('',(269.4788261609,212.83432409288,547.95));
#2360 = CARTESIAN_POINT('',(269.64616439597,211.8862524561,547.95));
#2361 = CARTESIAN_POINT('',(269.74247857767,210.92751826505,547.95));
#2362 = CARTESIAN_POINT('',(269.7670807359,209.96427250318,547.95));
#2363 = CARTESIAN_POINT('',(269.71988323523,209.00270386332,547.95));
#2364 = CARTESIAN_POINT('',(269.60143342757,208.04903495809,547.95));
#2365 = CARTESIAN_POINT('',(269.12931343491,205.69487400422,547.95));
#2366 = CARTESIAN_POINT('',(268.68674217451,204.31113054491,547.95));
#2367 = CARTESIAN_POINT('',(268.08939666119,202.98056269413,547.95));
#2368 = CARTESIAN_POINT('',(267.34521653913,201.72311153778,547.95));
#2369 = CARTESIAN_POINT('',(266.46460308915,200.55713252694,547.95));
#2370 = CARTESIAN_POINT('',(265.46058530187,199.49921938065,547.95));
#2371 = CARTESIAN_POINT('',(264.34859459758,198.56429040486,547.95));
#2372 = CARTESIAN_POINT('',(261.93716137803,196.95849563946,547.95));
#2373 = CARTESIAN_POINT('',(260.6346896362,196.2887343015,547.95));
#2374 = CARTESIAN_POINT('',(259.25937211657,195.76848952421,547.95));
#2375 = CARTESIAN_POINT('',(257.83141951359,195.40641469437,547.95));
#2376 = CARTESIAN_POINT('',(256.37167134123,195.20821769906,547.95));
#2377 = CARTESIAN_POINT('',(254.90158952336,195.17639924123,547.95));
#2378 = CARTESIAN_POINT('',(253.44315459466,195.3104929027,547.95));
#2379 = CARTESIAN_POINT('',(251.70246669433,195.6709723324,547.95));
#2380 = CARTESIAN_POINT('',(251.38756083603,195.74448341455,547.95));
#2381 = CARTESIAN_POINT('',(251.07453609907,195.82590207285,547.95));
#2382 = CARTESIAN_POINT('',(250.76362412839,195.91517177735,547.95));
#2383 = CARTESIAN_POINT('',(250.455054152,196.01222796269,547.95));
#2384 = CARTESIAN_POINT('',(250.149052981,196.11699802809,547.95));
#2385 = CARTESIAN_POINT('',(249.84584500951,196.22940133737,547.95));
#2386 = CARTESIAN_POINT('',(248.18441350985,196.89325867243,547.95));
#2387 = CARTESIAN_POINT('',(246.88422469386,197.59267931603,547.95));
#2388 = CARTESIAN_POINT('',(245.66732960328,198.43915352307,547.95));
#2389 = CARTESIAN_POINT('',(244.55274338579,199.42062576676,547.95));
#2390 = CARTESIAN_POINT('',(243.55734635728,200.5227951576,547.95));
#2391 = CARTESIAN_POINT('',(242.69564692315,201.72895859832,547.95));
#2392 = CARTESIAN_POINT('',(241.97994008901,203.02025400023,547.95));
#2393 = CARTESIAN_POINT('',(241.4189653186,204.37454767985,547.95));
#2394 = PCURVE('',#739,#2395);
#2395 = DEFINITIONAL_REPRESENTATION('',(#2396),#2476);
#2396 = B_SPLINE_CURVE_WITH_KNOTS('',8,(#2397,#2398,#2399,#2400,#2401,
    #2402,#2403,#2404,#2405,#2406,#2407,#2408,#2409,#2410,#2411,#2412,
    #2413,#2414,#2415,#2416,#2417,#2418,#2419,#2420,#2421,#2422,#2423,
    #2424,#2425,#2426,#2427,#2428,#2429,#2430,#2431,#2432,#2433,#2434,
    #2435,#2436,#2437,#2438,#2439,#2440,#2441,#2442,#2443,#2444,#2445,
    #2446,#2447,#2448,#2449,#2450,#2451,#2452,#2453,#2454,#2455,#2456,
    #2457,#2458,#2459,#2460,#2461,#2462,#2463,#2464,#2465,#2466,#2467,
    #2468,#2469,#2470,#2471,#2472,#2473,#2474,#2475),.UNSPECIFIED.,.F.,
  .F.,(9,7,7,7,7,7,7,7,7,7,7,9),(0.,0.139980985502,0.280959941539,
    0.326970707239,0.355977509732,0.480976598291,0.510983623912,
    0.593999247417,0.718998123353,0.844996373991,0.873002928397,1.),
  .UNSPECIFIED.);
#2397 = CARTESIAN_POINT('',(0.8,76.402791003497));
#2398 = CARTESIAN_POINT('',(0.786005322424,76.291989715821));
#2399 = CARTESIAN_POINT('',(0.771996403707,76.181075675505));
#2400 = CARTESIAN_POINT('',(0.757995679158,76.070226511611));
#2401 = CARTESIAN_POINT('',(0.74400007102,75.95941785628));
#2402 = CARTESIAN_POINT('',(0.730004449255,75.848609093143));
#2403 = CARTESIAN_POINT('',(0.71600368675,75.737759628706));
#2404 = CARTESIAN_POINT('',(0.701994721264,75.626845218113));
#2405 = CARTESIAN_POINT('',(0.67390550576,75.40445200964));
#2406 = CARTESIAN_POINT('',(0.659796222758,75.292743346363));
#2407 = CARTESIAN_POINT('',(0.645695435799,75.181101949581));
#2408 = CARTESIAN_POINT('',(0.631599911909,75.069502222503));
#2409 = CARTESIAN_POINT('',(0.617504413556,74.957902697666));
#2410 = CARTESIAN_POINT('',(0.60340367857,74.846261712352));
#2411 = CARTESIAN_POINT('',(0.589294533075,74.734554137829));
#2412 = CARTESIAN_POINT('',(0.570600020845,74.586542437363));
#2413 = CARTESIAN_POINT('',(0.565999974401,74.550122086404));
#2414 = CARTESIAN_POINT('',(0.56139996529,74.513702031003));
#2415 = CARTESIAN_POINT('',(0.556800000523,74.47728232666));
#2416 = CARTESIAN_POINT('',(0.552200037558,74.440862636562));
#2417 = CARTESIAN_POINT('',(0.547600032357,74.404442612074));
#2418 = CARTESIAN_POINT('',(0.542999987452,74.368022273242));
#2419 = CARTESIAN_POINT('',(0.535500006369,74.308642015459));
#2420 = CARTESIAN_POINT('',(0.532600009054,74.285681612456));
#2421 = CARTESIAN_POINT('',(0.529700008985,74.26272118765));
#2422 = CARTESIAN_POINT('',(0.526800007093,74.23976074842));
#2423 = CARTESIAN_POINT('',(0.523900004314,74.216800302158));
#2424 = CARTESIAN_POINT('',(0.52100000158,74.193839856266));
#2425 = CARTESIAN_POINT('',(0.51809999983,74.170879418157));
#2426 = CARTESIAN_POINT('',(0.502703023276,74.048975585806));
#2427 = CARTESIAN_POINT('',(0.490197960615,73.949968156882));
#2428 = CARTESIAN_POINT('',(0.477697368233,73.850996120921));
#2429 = CARTESIAN_POINT('',(0.465199989259,73.752049526764));
#2430 = CARTESIAN_POINT('',(0.452702614825,73.653102968535));
#2431 = CARTESIAN_POINT('',(0.440202032859,73.554131015029));
#2432 = CARTESIAN_POINT('',(0.427696977422,73.455123643305));
#2433 = CARTESIAN_POINT('',(0.412200001152,73.332428074464));
#2434 = CARTESIAN_POINT('',(0.409200000304,73.308675904739));
#2435 = CARTESIAN_POINT('',(0.406199998306,73.284923725914));
#2436 = CARTESIAN_POINT('',(0.403199995998,73.261171544627));
#2437 = CARTESIAN_POINT('',(0.400199994205,73.237419367422));
#2438 = CARTESIAN_POINT('',(0.397199993742,73.213667200745));
#2439 = CARTESIAN_POINT('',(0.39419999541,73.189915050944));
#2440 = CARTESIAN_POINT('',(0.382900394013,73.100451726168));
#2441 = CARTESIAN_POINT('',(0.374599747598,73.034732290584));
#2442 = CARTESIAN_POINT('',(0.36629957266,72.969016587871));
#2443 = CARTESIAN_POINT('',(0.357999983966,72.903305526684));
#2444 = CARTESIAN_POINT('',(0.349700397739,72.837594485026));
#2445 = CARTESIAN_POINT('',(0.341400229949,72.771878838913));
#2446 = CARTESIAN_POINT('',(0.333099594315,72.706159488695));
#2447 = CARTESIAN_POINT('',(0.312303075731,72.541505388905));
#2448 = CARTESIAN_POINT('',(0.299798039846,72.442498171999));
#2449 = CARTESIAN_POINT('',(0.287297453313,72.343526182319));
#2450 = CARTESIAN_POINT('',(0.27480005882,72.244579465285));
#2451 = CARTESIAN_POINT('',(0.262302653813,72.145632664969));
#2452 = CARTESIAN_POINT('',(0.249802038439,72.046660446957));
#2453 = CARTESIAN_POINT('',(0.237296962896,71.947652916035));
#2454 = CARTESIAN_POINT('',(0.212203123017,71.748975257592));
#2455 = CARTESIAN_POINT('',(0.199597843677,71.649174374369));
#2456 = CARTESIAN_POINT('',(0.186997242984,71.549410533802));
#2457 = CARTESIAN_POINT('',(0.174399974229,71.449673073501));
#2458 = CARTESIAN_POINT('',(0.16180271091,71.349935656218));
#2459 = CARTESIAN_POINT('',(0.149202123886,71.250171923906));
#2460 = CARTESIAN_POINT('',(0.136596860209,71.150371164711));
#2461 = CARTESIAN_POINT('',(0.121200003579,71.028468281893));
#2462 = CARTESIAN_POINT('',(0.118400004985,71.006299607549));
#2463 = CARTESIAN_POINT('',(0.11560000478,70.984130920456));
#2464 = CARTESIAN_POINT('',(0.112800003538,70.961962225152));
#2465 = CARTESIAN_POINT('',(0.110000001842,70.939793526253));
#2466 = CARTESIAN_POINT('',(0.107200000284,70.917624828446));
#2467 = CARTESIAN_POINT('',(0.104399999466,70.895456136498));
#2468 = CARTESIAN_POINT('',(8.890326738544E-02,70.77276250101));
#2469 = CARTESIAN_POINT('',(7.619779340473E-02,70.672168337978));
#2470 = CARTESIAN_POINT('',(6.349718736407E-02,70.571612716308));
#2471 = CARTESIAN_POINT('',(5.080001121906E-02,70.471084250448));
#2472 = CARTESIAN_POINT('',(3.810283021162E-02,70.370555746055));
#2473 = CARTESIAN_POINT('',(2.540221301397E-02,70.270000036057));
#2474 = CARTESIAN_POINT('',(1.269673148498E-02,70.169405813269));
#2475 = CARTESIAN_POINT('',(0.,70.068880868013));
#2476 = ( GEOMETRIC_REPRESENTATION_CONTEXT(2) 
PARAMETRIC_REPRESENTATION_CONTEXT() REPRESENTATION_CONTEXT('2D SPACE',''
  ) );
#2477 = PCURVE('',#1793,#2478);
#2478 = DEFINITIONAL_REPRESENTATION('',(#2479),#2559);
#2479 = B_SPLINE_CURVE_WITH_KNOTS('',8,(#2480,#2481,#2482,#2483,#2484,
    #2485,#2486,#2487,#2488,#2489,#2490,#2491,#2492,#2493,#2494,#2495,
    #2496,#2497,#2498,#2499,#2500,#2501,#2502,#2503,#2504,#2505,#2506,
    #2507,#2508,#2509,#2510,#2511,#2512,#2513,#2514,#2515,#2516,#2517,
    #2518,#2519,#2520,#2521,#2522,#2523,#2524,#2525,#2526,#2527,#2528,
    #2529,#2530,#2531,#2532,#2533,#2534,#2535,#2536,#2537,#2538,#2539,
    #2540,#2541,#2542,#2543,#2544,#2545,#2546,#2547,#2548,#2549,#2550,
    #2551,#2552,#2553,#2554,#2555,#2556,#2557,#2558),.UNSPECIFIED.,.F.,
  .F.,(9,7,7,7,7,7,7,7,7,7,7,9),(0.,0.139980985502,0.280959941539,
    0.326970707239,0.355977509732,0.480976598291,0.510983623912,
    0.593999247417,0.718998123353,0.844996373991,0.873002928397,1.),
  .UNSPECIFIED.);
#2480 = CARTESIAN_POINT('',(30.78102845532,-11.57455204505));
#2481 = CARTESIAN_POINT('',(31.399347616309,-13.06729886821));
#2482 = CARTESIAN_POINT('',(31.830784442014,-14.63923867054));
#2483 = CARTESIAN_POINT('',(32.062290527277,-16.2607484957));
#2484 = CARTESIAN_POINT('',(32.088389940921,-17.90211725902));
#2485 = CARTESIAN_POINT('',(31.907938840816,-19.53374479958));
#2486 = CARTESIAN_POINT('',(31.524859977257,-21.12627028422));
#2487 = CARTESIAN_POINT('',(30.947402743383,-22.65063079503));
#2488 = CARTESIAN_POINT('',(29.429900716822,-25.51667701381));
#2489 = CARTESIAN_POINT('',(28.485717653017,-26.85997181099));
#2490 = CARTESIAN_POINT('',(27.37362523922,-28.07884561013));
#2491 = CARTESIAN_POINT('',(26.113497580304,-29.14967906392));
#2492 = CARTESIAN_POINT('',(24.727936786618,-30.0523497969));
#2493 = CARTESIAN_POINT('',(23.242663780103,-30.77091654039));
#2494 = CARTESIAN_POINT('',(21.685971284102,-31.29305466286));
#2495 = CARTESIAN_POINT('',(19.569754525251,-31.71744797673));
#2496 = CARTESIAN_POINT('',(19.044719583281,-31.80037738657));
#2497 = CARTESIAN_POINT('',(18.516411511486,-31.86160015937));
#2498 = CARTESIAN_POINT('',(17.985878555509,-31.90096747483));
#2499 = CARTESIAN_POINT('',(17.454172423717,-31.91839157529));
#2500 = CARTESIAN_POINT('',(16.922348174561,-31.91384599021));
#2501 = CARTESIAN_POINT('',(16.391464103932,-31.88736576077));
#2502 = CARTESIAN_POINT('',(15.529155549369,-31.80858623949));
#2503 = CARTESIAN_POINT('',(15.19652176788,-31.76944518526));
#2504 = CARTESIAN_POINT('',(14.864944829291,-31.7216487228));
#2505 = CARTESIAN_POINT('',(14.534687520451,-31.66523057633));
#2506 = CARTESIAN_POINT('',(14.206010873816,-31.6002339731));
#2507 = CARTESIAN_POINT('',(13.879174167449,-31.52671164338));
#2508 = CARTESIAN_POINT('',(13.554434925019,-31.44472582049));
#2509 = CARTESIAN_POINT('',(11.842790057402,-30.96488390415));
#2510 = CARTESIAN_POINT('',(10.496319057995,-30.41932850065));
#2511 = CARTESIAN_POINT('',(9.214530656228,-29.72344591864));
#2512 = CARTESIAN_POINT('',(8.016708583845,-28.8866588926));
#2513 = CARTESIAN_POINT('',(6.920373150993,-27.92072065064));
#2514 = CARTESIAN_POINT('',(5.941090503644,-26.83987096834));
#2515 = CARTESIAN_POINT('',(5.092575345966,-25.66061825223));
#2516 = CARTESIAN_POINT('',(4.215889398395,-24.10094404741));
#2517 = CARTESIAN_POINT('',(4.054305328001,-23.79444203357));
#2518 = CARTESIAN_POINT('',(3.900995479863,-23.48362564783));
#2519 = CARTESIAN_POINT('',(3.756093845506,-23.16875580832));
#2520 = CARTESIAN_POINT('',(3.619724309062,-22.85009792077));
#2521 = CARTESIAN_POINT('',(3.492000647267,-22.52792187849));
#2522 = CARTESIAN_POINT('',(3.373026529461,-22.20250206237));
#2523 = CARTESIAN_POINT('',(2.9582137163,-20.96562801756));
#2524 = CARTESIAN_POINT('',(2.721173839095,-20.03432409288));
#2525 = CARTESIAN_POINT('',(2.553835604022,-19.0862524561));
#2526 = CARTESIAN_POINT('',(2.457521422326,-18.12751826505));
#2527 = CARTESIAN_POINT('',(2.432919264097,-17.16427250318));
#2528 = CARTESIAN_POINT('',(2.480116764764,-16.20270386332));
#2529 = CARTESIAN_POINT('',(2.598566572425,-15.24903495809));
#2530 = CARTESIAN_POINT('',(3.070686565082,-12.89487400422));
#2531 = CARTESIAN_POINT('',(3.513257825488,-11.51113054491));
#2532 = CARTESIAN_POINT('',(4.110603338808,-10.18056269413));
#2533 = CARTESIAN_POINT('',(4.854783460866,-8.923111537782));
#2534 = CARTESIAN_POINT('',(5.735396910847,-7.757132526944));
#2535 = CARTESIAN_POINT('',(6.739414698122,-6.699219380658));
#2536 = CARTESIAN_POINT('',(7.851405402413,-5.764290404862));
#2537 = CARTESIAN_POINT('',(10.262838621968,-4.158495639469));
#2538 = CARTESIAN_POINT('',(11.5653103638,-3.488734301508));
#2539 = CARTESIAN_POINT('',(12.940627883427,-2.968489524214));
#2540 = CARTESIAN_POINT('',(14.36858048641,-2.606414694375));
#2541 = CARTESIAN_POINT('',(15.828328658763,-2.408217699066));
#2542 = CARTESIAN_POINT('',(17.298410476634,-2.376399241231));
#2543 = CARTESIAN_POINT('',(18.756845405339,-2.510492902709));
#2544 = CARTESIAN_POINT('',(20.497533305665,-2.870972332406));
#2545 = CARTESIAN_POINT('',(20.812439163964,-2.944483414553));
#2546 = CARTESIAN_POINT('',(21.125463900927,-3.02590207285));
#2547 = CARTESIAN_POINT('',(21.436375871608,-3.11517177735));
#2548 = CARTESIAN_POINT('',(21.744945847991,-3.212227962691));
#2549 = CARTESIAN_POINT('',(22.050947018998,-3.316998028097));
#2550 = CARTESIAN_POINT('',(22.354154990482,-3.429401337378));
#2551 = CARTESIAN_POINT('',(24.01558649015,-4.093258672439));
#2552 = CARTESIAN_POINT('',(25.315775306139,-4.792679316032));
#2553 = CARTESIAN_POINT('',(26.532670396712,-5.639153523072));
#2554 = CARTESIAN_POINT('',(27.64725661421,-6.620625766763));
#2555 = CARTESIAN_POINT('',(28.642653642717,-7.722795157602));
#2556 = CARTESIAN_POINT('',(29.504353076848,-8.928958598324));
#2557 = CARTESIAN_POINT('',(30.220059910987,-10.22025400023));
#2558 = CARTESIAN_POINT('',(30.7810346814,-11.57454767985));
#2559 = ( GEOMETRIC_REPRESENTATION_CONTEXT(2) 
PARAMETRIC_REPRESENTATION_CONTEXT() REPRESENTATION_CONTEXT('2D SPACE',''
  ) );
#2560 = ADVANCED_FACE('',(#2561),#1793,.T.);
#2561 = FACE_BOUND('',#2562,.T.);
#2562 = EDGE_LOOP('',(#2563,#2701,#2702));
#2563 = ORIENTED_EDGE('',*,*,#2564,.T.);
#2564 = EDGE_CURVE('',#1855,#1233,#2565,.T.);
#2565 = SURFACE_CURVE('',#2566,(#2609,#2655),.PCURVE_S1.);
#2566 = B_SPLINE_CURVE_WITH_KNOTS('',6,(#2567,#2568,#2569,#2570,#2571,
    #2572,#2573,#2574,#2575,#2576,#2577,#2578,#2579,#2580,#2581,#2582,
    #2583,#2584,#2585,#2586,#2587,#2588,#2589,#2590,#2591,#2592,#2593,
    #2594,#2595,#2596,#2597,#2598,#2599,#2600,#2601,#2602,#2603,#2604,
    #2605,#2606,#2607,#2608),.UNSPECIFIED.,.F.,.F.,(7,5,5,5,5,5,5,5,7),(
    0.,0.119229695096,0.240929585514,0.363133242151,0.486840419425,
    0.613066733145,0.739821438598,0.868117415839,1.),.UNSPECIFIED.);
#2567 = CARTESIAN_POINT('',(241.4189653186,204.37454767985,547.95));
#2568 = CARTESIAN_POINT('',(241.76676220525,203.50850130607,547.95));
#2569 = CARTESIAN_POINT('',(242.18056290788,202.66890734585,547.95));
#2570 = CARTESIAN_POINT('',(242.65774839511,201.86212392651,547.95));
#2571 = CARTESIAN_POINT('',(243.1949282927,201.09398918947,547.95));
#2572 = CARTESIAN_POINT('',(243.78807845539,200.36990124838,547.95));
#2573 = CARTESIAN_POINT('',(245.09012598434,199.00558534384,547.95));
#2574 = CARTESIAN_POINT('',(245.80123686554,198.36733222581,547.95));
#2575 = CARTESIAN_POINT('',(246.56070575385,197.78518523568,547.95));
#2576 = CARTESIAN_POINT('',(247.36291799632,197.26352414847,547.95));
#2577 = CARTESIAN_POINT('',(248.20180546554,196.80603853863,547.95));
#2578 = CARTESIAN_POINT('',(249.94331870728,196.02354070272,547.95));
#2579 = CARTESIAN_POINT('',(250.84628933759,195.69904185029,547.95));
#2580 = CARTESIAN_POINT('',(251.77300328133,195.44503196681,547.95));
#2581 = CARTESIAN_POINT('',(252.7165802232,195.26345897761,547.95));
#2582 = CARTESIAN_POINT('',(253.66997939833,195.15545708135,547.95));
#2583 = CARTESIAN_POINT('',(255.59372610115,195.08651103926,547.95));
#2584 = CARTESIAN_POINT('',(256.5642457498,195.12738872041,547.95));
#2585 = CARTESIAN_POINT('',(257.5300340523,195.24403333725,547.95));
#2586 = CARTESIAN_POINT('',(258.48378010016,195.43562430541,547.95));
#2587 = CARTESIAN_POINT('',(259.41833786331,195.70049887828,547.95));
#2588 = CARTESIAN_POINT('',(261.2536804062,196.37831794558,547.95));
#2589 = CARTESIAN_POINT('',(262.15349868797,196.79420807577,547.95));
#2590 = CARTESIAN_POINT('',(263.01882138271,197.2808632306,547.95));
#2591 = CARTESIAN_POINT('',(263.84286016488,197.8345426013,547.95));
#2592 = CARTESIAN_POINT('',(264.61933303437,198.45074235593,547.95));
#2593 = CARTESIAN_POINT('',(266.06882707835,199.80016928628,547.95));
#2594 = CARTESIAN_POINT('',(266.7414889302,200.53395691033,547.95));
#2595 = CARTESIAN_POINT('',(267.3547856482,201.3199527345,547.95));
#2596 = CARTESIAN_POINT('',(267.90387625139,202.15206197905,547.95));
#2597 = CARTESIAN_POINT('',(268.38468450122,203.02367884125,547.95));
#2598 = CARTESIAN_POINT('',(269.20839487159,204.8424883676,547.95));
#2599 = CARTESIAN_POINT('',(269.54959980971,205.79058333654,547.95));
#2600 = CARTESIAN_POINT('',(269.81435749355,206.76440752509,547.95));
#2601 = CARTESIAN_POINT('',(270.00050094964,207.75625626696,547.95));
#2602 = CARTESIAN_POINT('',(270.1067968954,208.75824364408,547.95));
#2603 = CARTESIAN_POINT('',(270.16020667889,210.79436229094,547.95));
#2604 = CARTESIAN_POINT('',(270.10279089931,211.82874481731,547.95));
#2605 = CARTESIAN_POINT('',(269.96072460334,212.85661481747,547.95));
#2606 = CARTESIAN_POINT('',(269.73511151499,213.86942226291,547.95));
#2607 = CARTESIAN_POINT('',(269.42807529817,214.85883651533,547.95));
#2608 = CARTESIAN_POINT('',(269.04297504873,215.81679611512,547.95));
#2609 = PCURVE('',#1793,#2610);
#2610 = DEFINITIONAL_REPRESENTATION('',(#2611),#2654);
#2611 = B_SPLINE_CURVE_WITH_KNOTS('',6,(#2612,#2613,#2614,#2615,#2616,
    #2617,#2618,#2619,#2620,#2621,#2622,#2623,#2624,#2625,#2626,#2627,
    #2628,#2629,#2630,#2631,#2632,#2633,#2634,#2635,#2636,#2637,#2638,
    #2639,#2640,#2641,#2642,#2643,#2644,#2645,#2646,#2647,#2648,#2649,
    #2650,#2651,#2652,#2653),.UNSPECIFIED.,.F.,.F.,(7,5,5,5,5,5,5,5,7),(
    0.,0.119229695096,0.240929585514,0.363133242151,0.486840419425,
    0.613066733145,0.739821438598,0.868117415839,1.),.UNSPECIFIED.);
#2612 = CARTESIAN_POINT('',(30.7810346814,-11.57454767985));
#2613 = CARTESIAN_POINT('',(30.433237794742,-10.70850130607));
#2614 = CARTESIAN_POINT('',(30.019437092113,-9.868907345851));
#2615 = CARTESIAN_POINT('',(29.542251604884,-9.062123926512));
#2616 = CARTESIAN_POINT('',(29.005071707295,-8.293989189476));
#2617 = CARTESIAN_POINT('',(28.411921544601,-7.56990124838));
#2618 = CARTESIAN_POINT('',(27.109874015656,-6.205585343843));
#2619 = CARTESIAN_POINT('',(26.39876313446,-5.567332225818));
#2620 = CARTESIAN_POINT('',(25.63929424615,-4.985185235681));
#2621 = CARTESIAN_POINT('',(24.837082003673,-4.463524148474));
#2622 = CARTESIAN_POINT('',(23.998194534456,-4.006038538639));
#2623 = CARTESIAN_POINT('',(22.256681292717,-3.223540702723));
#2624 = CARTESIAN_POINT('',(21.353710662404,-2.89904185029));
#2625 = CARTESIAN_POINT('',(20.426996718668,-2.645031966819));
#2626 = CARTESIAN_POINT('',(19.483419776793,-2.463458977613));
#2627 = CARTESIAN_POINT('',(18.530020601666,-2.35545708135));
#2628 = CARTESIAN_POINT('',(16.606273898849,-2.28651103926));
#2629 = CARTESIAN_POINT('',(15.6357542502,-2.327388720414));
#2630 = CARTESIAN_POINT('',(14.6699659477,-2.444033337256));
#2631 = CARTESIAN_POINT('',(13.716219899832,-2.635624305415));
#2632 = CARTESIAN_POINT('',(12.78166213669,-2.900498878287));
#2633 = CARTESIAN_POINT('',(10.946319593791,-3.578317945585));
#2634 = CARTESIAN_POINT('',(10.046501312028,-3.994208075773));
#2635 = CARTESIAN_POINT('',(9.181178617289,-4.480863230609));
#2636 = CARTESIAN_POINT('',(8.357139835119,-5.034542601301));
#2637 = CARTESIAN_POINT('',(7.580666965622,-5.650742355931));
#2638 = CARTESIAN_POINT('',(6.131172921648,-7.000169286285));
#2639 = CARTESIAN_POINT('',(5.458511069793,-7.733956910339));
#2640 = CARTESIAN_POINT('',(4.845214351798,-8.519952734506));
#2641 = CARTESIAN_POINT('',(4.296123748608,-9.352061979059));
#2642 = CARTESIAN_POINT('',(3.815315498775,-10.22367884125));
#2643 = CARTESIAN_POINT('',(2.991605128409,-12.0424883676));
#2644 = CARTESIAN_POINT('',(2.650400190283,-12.99058333654));
#2645 = CARTESIAN_POINT('',(2.385642506441,-13.96440752509));
#2646 = CARTESIAN_POINT('',(2.199499050352,-14.95625626696));
#2647 = CARTESIAN_POINT('',(2.0932031046,-15.95824364408));
#2648 = CARTESIAN_POINT('',(2.039793321107,-17.99436229094));
#2649 = CARTESIAN_POINT('',(2.097209100689,-19.02874481731));
#2650 = CARTESIAN_POINT('',(2.239275396654,-20.05661481747));
#2651 = CARTESIAN_POINT('',(2.464888485003,-21.06942226291));
#2652 = CARTESIAN_POINT('',(2.771924701828,-22.05883651533));
#2653 = CARTESIAN_POINT('',(3.157024951266,-23.01679611512));
#2654 = ( GEOMETRIC_REPRESENTATION_CONTEXT(2) 
PARAMETRIC_REPRESENTATION_CONTEXT() REPRESENTATION_CONTEXT('2D SPACE',''
  ) );
#2655 = PCURVE('',#1391,#2656);
#2656 = DEFINITIONAL_REPRESENTATION('',(#2657),#2700);
#2657 = B_SPLINE_CURVE_WITH_KNOTS('',6,(#2658,#2659,#2660,#2661,#2662,
    #2663,#2664,#2665,#2666,#2667,#2668,#2669,#2670,#2671,#2672,#2673,
    #2674,#2675,#2676,#2677,#2678,#2679,#2680,#2681,#2682,#2683,#2684,
    #2685,#2686,#2687,#2688,#2689,#2690,#2691,#2692,#2693,#2694,#2695,
    #2696,#2697,#2698,#2699),.UNSPECIFIED.,.F.,.F.,(7,5,5,5,5,5,5,5,7),(
    0.,0.119229695096,0.240929585514,0.363133242151,0.486840419425,
    0.613066733145,0.739821438598,0.868117415839,1.),.UNSPECIFIED.);
#2658 = CARTESIAN_POINT('',(0.640312423743,70.068880868013));
#2659 = CARTESIAN_POINT('',(0.627373180902,70.132877752788));
#2660 = CARTESIAN_POINT('',(0.614443917075,70.196825282586));
#2661 = CARTESIAN_POINT('',(0.601526013035,70.260716627796));
#2662 = CARTESIAN_POINT('',(0.588618651876,70.324555828181));
#2663 = CARTESIAN_POINT('',(0.57572105939,70.388346712736));
#2664 = CARTESIAN_POINT('',(0.549681200904,70.517138624613));
#2665 = CARTESIAN_POINT('',(0.536538013456,70.582144209356));
#2666 = CARTESIAN_POINT('',(0.523406549342,70.647091810571));
#2667 = CARTESIAN_POINT('',(0.510285922158,70.711985812599));
#2668 = CARTESIAN_POINT('',(0.497175297814,70.776830341118));
#2669 = CARTESIAN_POINT('',(0.47092286426,70.906673637542));
#2670 = CARTESIAN_POINT('',(0.457779725694,70.97167898038));
#2671 = CARTESIAN_POINT('',(0.444648276926,71.036626506503));
#2672 = CARTESIAN_POINT('',(0.431527632915,71.10152059339));
#2673 = CARTESIAN_POINT('',(0.418416958118,71.166365373543));
#2674 = CARTESIAN_POINT('',(0.392057405715,71.296738479174));
#2675 = CARTESIAN_POINT('',(0.378807347019,71.362272646272));
#2676 = CARTESIAN_POINT('',(0.365569140908,71.427748191269));
#2677 = CARTESIAN_POINT('',(0.352341859782,71.493169701747));
#2678 = CARTESIAN_POINT('',(0.339124630373,71.558541496595));
#2679 = CARTESIAN_POINT('',(0.312444501932,71.690500155714));
#2680 = CARTESIAN_POINT('',(0.298980514091,71.757092405174));
#2681 = CARTESIAN_POINT('',(0.285528743464,71.82362422818));
#2682 = CARTESIAN_POINT('',(0.272088193103,71.890100555542));
#2683 = CARTESIAN_POINT('',(0.258657927346,71.956526015087));
#2684 = CARTESIAN_POINT('',(0.231765219459,72.089536076186));
#2685 = CARTESIAN_POINT('',(0.218301272314,72.156128121464));
#2686 = CARTESIAN_POINT('',(0.204849510177,72.222659900083));
#2687 = CARTESIAN_POINT('',(0.191408941856,72.289136314785));
#2688 = CARTESIAN_POINT('',(0.177978633067,72.355561986867));
#2689 = CARTESIAN_POINT('',(0.150978792639,72.489101922211));
#2690 = CARTESIAN_POINT('',(0.137407904094,72.556222896685));
#2691 = CARTESIAN_POINT('',(0.123849382165,72.623282707502));
#2692 = CARTESIAN_POINT('',(0.110302188491,72.690286490446));
#2693 = CARTESIAN_POINT('',(9.676534293682E-02,72.757239093043));
#2694 = CARTESIAN_POINT('',(6.93377937123E-02,72.892894465002));
#2695 = CARTESIAN_POINT('',(5.544596663279E-02,72.96160279073));
#2696 = CARTESIAN_POINT('',(4.156710118353E-02,73.030247008972));
#2697 = CARTESIAN_POINT('',(2.770003208669E-02,73.098832882495));
#2698 = CARTESIAN_POINT('',(1.384366504676E-02,73.167365822764));
#2699 = CARTESIAN_POINT('',(0.,73.235835937773));
#2700 = ( GEOMETRIC_REPRESENTATION_CONTEXT(2) 
PARAMETRIC_REPRESENTATION_CONTEXT() REPRESENTATION_CONTEXT('2D SPACE',''
  ) );
#2701 = ORIENTED_EDGE('',*,*,#1691,.T.);
#2702 = ORIENTED_EDGE('',*,*,#2312,.T.);
#2703 = ADVANCED_FACE('',(#2704),#1391,.F.);
#2704 = FACE_BOUND('',#2705,.F.);
#2705 = EDGE_LOOP('',(#2706,#2707,#2869,#2870));
#2706 = ORIENTED_EDGE('',*,*,#1232,.F.);
#2707 = ORIENTED_EDGE('',*,*,#2708,.F.);
#2708 = EDGE_CURVE('',#1853,#1040,#2709,.T.);
#2709 = SURFACE_CURVE('',#2710,(#2761,#2815),.PCURVE_S1.);
#2710 = B_SPLINE_CURVE_WITH_KNOTS('',7,(#2711,#2712,#2713,#2714,#2715,
    #2716,#2717,#2718,#2719,#2720,#2721,#2722,#2723,#2724,#2725,#2726,
    #2727,#2728,#2729,#2730,#2731,#2732,#2733,#2734,#2735,#2736,#2737,
    #2738,#2739,#2740,#2741,#2742,#2743,#2744,#2745,#2746,#2747,#2748,
    #2749,#2750,#2751,#2752,#2753,#2754,#2755,#2756,#2757,#2758,#2759,
    #2760),.UNSPECIFIED.,.F.,.F.,(8,6,6,6,6,6,6,6,8),(0.,0.119230028457,
    0.241921688028,0.363133715468,0.487840208205,0.613066914651,
    0.739822141885,0.86913020238,1.),.UNSPECIFIED.);
#2711 = CARTESIAN_POINT('',(269.70000737504,209.99999654012,540.3));
#2712 = CARTESIAN_POINT('',(269.70867185972,210.79989941588,540.3));
#2713 = CARTESIAN_POINT('',(269.66654872477,211.60038897686,540.3));
#2714 = CARTESIAN_POINT('',(269.57362837578,212.39753497535,540.3));
#2715 = CARTESIAN_POINT('',(269.43029229323,213.18748670149,540.3));
#2716 = CARTESIAN_POINT('',(269.23726846999,213.96646701102,540.3));
#2717 = CARTESIAN_POINT('',(268.99562911139,214.73077392135,540.3));
#2718 = CARTESIAN_POINT('',(268.40964733467,216.24446486997,540.3));
#2719 = CARTESIAN_POINT('',(268.06249812599,216.99284224087,540.3));
#2720 = CARTESIAN_POINT('',(267.66696357624,217.71797598686,540.3));
#2721 = CARTESIAN_POINT('',(267.22495843286,218.41614924395,540.3));
#2722 = CARTESIAN_POINT('',(266.73875680629,219.08388100252,540.3));
#2723 = CARTESIAN_POINT('',(266.21093357221,219.71789918104,540.3));
#2724 = CARTESIAN_POINT('',(265.08476221273,220.90526087169,540.3));
#2725 = CARTESIAN_POINT('',(264.48729055458,221.45953818023,540.3));
#2726 = CARTESIAN_POINT('',(263.85483800469,221.97509025181,540.3));
#2727 = CARTESIAN_POINT('',(263.19046057675,222.4493378035,540.3));
#2728 = CARTESIAN_POINT('',(262.49741931107,222.88000735754,540.3));
#2729 = CARTESIAN_POINT('',(261.7791767221,223.26512988165,540.3));
#2730 = CARTESIAN_POINT('',(260.27833586705,223.95076534224,540.3));
#2731 = CARTESIAN_POINT('',(259.494407983,224.24855145859,540.3));
#2732 = CARTESIAN_POINT('',(258.69164502704,224.4946434069,540.3));
#2733 = CARTESIAN_POINT('',(257.87415334387,224.68770121845,540.3));
#2734 = CARTESIAN_POINT('',(257.04612144822,224.82678315208,540.3));
#2735 = CARTESIAN_POINT('',(256.21181694176,224.91134332348,540.3));
#2736 = CARTESIAN_POINT('',(254.53588575468,224.97134142349,540.3));
#2737 = CARTESIAN_POINT('',(253.69416152267,224.94632556979,540.3));
#2738 = CARTESIAN_POINT('',(252.85483085427,224.86611067897,540.3));
#2739 = CARTESIAN_POINT('',(252.02221856885,224.73103169415,540.3));
#2740 = CARTESIAN_POINT('',(251.20057260056,224.54182499896,540.3));
#2741 = CARTESIAN_POINT('',(250.39406208359,224.29962482585,540.3));
#2742 = CARTESIAN_POINT('',(248.80986252391,223.70881385528,540.3));
#2743 = CARTESIAN_POINT('',(248.03256649493,223.35891082101,540.3));
#2744 = CARTESIAN_POINT('',(247.27911643176,222.95792229539,540.3));
#2745 = CARTESIAN_POINT('',(246.55348796338,222.50787277161,540.3));
#2746 = CARTESIAN_POINT('',(245.85942353003,222.01113993012,540.3));
#2747 = CARTESIAN_POINT('',(245.20043196396,221.47045036016,540.3));
#2748 = CARTESIAN_POINT('',(243.9465860199,220.29568209737,540.3));
#2749 = CARTESIAN_POINT('',(243.35322470804,219.6598800401,540.3));
#2750 = CARTESIAN_POINT('',(242.80313593864,218.98481118854,540.3));
#2751 = CARTESIAN_POINT('',(242.29935386296,218.27406133744,540.3));
#2752 = CARTESIAN_POINT('',(241.84453670768,217.53146724721,540.3));
#2753 = CARTESIAN_POINT('',(241.4409679844,216.76111222329,540.3));
#2754 = CARTESIAN_POINT('',(240.73581575834,215.1640149246,540.3));
#2755 = CARTESIAN_POINT('',(240.43548431351,214.33661659683,540.3));
#2756 = CARTESIAN_POINT('',(240.19146295434,213.48967264563,540.3));
#2757 = CARTESIAN_POINT('',(240.00517519905,212.62779732984,540.3));
#2758 = CARTESIAN_POINT('',(239.87758441375,211.75569104095,540.3));
#2759 = CARTESIAN_POINT('',(239.80919683553,210.87813650845,540.3));
#2760 = CARTESIAN_POINT('',(239.80000223654,210.00000862994,540.3));
#2761 = PCURVE('',#1391,#2762);
#2762 = DEFINITIONAL_REPRESENTATION('',(#2763),#2814);
#2763 = B_SPLINE_CURVE_WITH_KNOTS('',7,(#2764,#2765,#2766,#2767,#2768,
    #2769,#2770,#2771,#2772,#2773,#2774,#2775,#2776,#2777,#2778,#2779,
    #2780,#2781,#2782,#2783,#2784,#2785,#2786,#2787,#2788,#2789,#2790,
    #2791,#2792,#2793,#2794,#2795,#2796,#2797,#2798,#2799,#2800,#2801,
    #2802,#2803,#2804,#2805,#2806,#2807,#2808,#2809,#2810,#2811,#2812,
    #2813),.UNSPECIFIED.,.F.,.F.,(8,6,6,6,6,6,6,6,8),(0.,0.119230028457,
    0.241921688028,0.363133715468,0.487840208205,0.613066914651,
    0.739822141885,0.86913020238,1.),.UNSPECIFIED.);
#2764 = CARTESIAN_POINT('',(0.640312423743,9.500865197462));
#2765 = CARTESIAN_POINT('',(0.629221627585,9.555719752398));
#2766 = CARTESIAN_POINT('',(0.618137951529,9.610539092185));
#2767 = CARTESIAN_POINT('',(0.607062196935,9.665319253519));
#2768 = CARTESIAN_POINT('',(0.595994219489,9.720060950225));
#2769 = CARTESIAN_POINT('',(0.58493357197,9.774766393921));
#2770 = CARTESIAN_POINT('',(0.573880118527,9.829436255183));
#2771 = CARTESIAN_POINT('',(0.551468436058,9.940283374604));
#2772 = CARTESIAN_POINT('',(0.54010957193,9.996463770202));
#2773 = CARTESIAN_POINT('',(0.52875911238,10.05260259548));
#2774 = CARTESIAN_POINT('',(0.517416853437,10.108700881949));
#2775 = CARTESIAN_POINT('',(0.506082078846,10.164762137311));
#2776 = CARTESIAN_POINT('',(0.494754803995,10.220786308526));
#2777 = CARTESIAN_POINT('',(0.472253459413,10.332076904137));
#2778 = CARTESIAN_POINT('',(0.461078199873,10.387349214756));
#2779 = CARTESIAN_POINT('',(0.449910927551,10.442582020942));
#2780 = CARTESIAN_POINT('',(0.438751487957,10.497776086177));
#2781 = CARTESIAN_POINT('',(0.427599411521,10.552933732606));
#2782 = CARTESIAN_POINT('',(0.416454561508,10.608055636452));
#2783 = CARTESIAN_POINT('',(0.393859900203,10.71980776637));
#2784 = CARTESIAN_POINT('',(0.382409497337,10.776440918278));
#2785 = CARTESIAN_POINT('',(0.370967478284,10.833032603332));
#2786 = CARTESIAN_POINT('',(0.359533661959,10.889583717442));
#2787 = CARTESIAN_POINT('',(0.348107515581,10.946096896064));
#2788 = CARTESIAN_POINT('',(0.336688886132,11.002572896334));
#2789 = CARTESIAN_POINT('',(0.313820938767,11.11567668112));
#2790 = CARTESIAN_POINT('',(0.30237058944,11.172309566944));
#2791 = CARTESIAN_POINT('',(0.29092859272,11.228901141695));
#2792 = CARTESIAN_POINT('',(0.279494771337,11.285452282307));
#2793 = CARTESIAN_POINT('',(0.268068594622,11.341965613504));
#2794 = CARTESIAN_POINT('',(0.256649910805,11.398441885881));
#2795 = CARTESIAN_POINT('',(0.233690131923,11.511999872057));
#2796 = CARTESIAN_POINT('',(0.222148110366,11.569086168255));
#2797 = CARTESIAN_POINT('',(0.210614556829,11.626130582481));
#2798 = CARTESIAN_POINT('',(0.199089282897,11.683134046419));
#2799 = CARTESIAN_POINT('',(0.187571732837,11.740099308452));
#2800 = CARTESIAN_POINT('',(0.176061745368,11.797027166028));
#2801 = CARTESIAN_POINT('',(0.152827202746,11.911944122053));
#2802 = CARTESIAN_POINT('',(0.141101784106,11.969937491243));
#2803 = CARTESIAN_POINT('',(0.129385076787,12.027887774035));
#2804 = CARTESIAN_POINT('',(0.117676878432,12.085795971137));
#2805 = CARTESIAN_POINT('',(0.105976591681,12.143665037034));
#2806 = CARTESIAN_POINT('',(9.428404720597E-02,12.201495809279));
#2807 = CARTESIAN_POINT('',(7.077544595357E-02,12.317768238622));
#2808 = CARTESIAN_POINT('',(5.895832931838E-02,12.376215137713));
#2809 = CARTESIAN_POINT('',(4.71500405789E-02,12.434618374017));
#2810 = CARTESIAN_POINT('',(3.535037520035E-02,12.49297895939));
#2811 = CARTESIAN_POINT('',(2.355871661833E-02,12.551299943623));
#2812 = CARTESIAN_POINT('',(1.17748915102E-02,12.609582184255));
#2813 = CARTESIAN_POINT('',(0.,12.667820240354));
#2814 = ( GEOMETRIC_REPRESENTATION_CONTEXT(2) 
PARAMETRIC_REPRESENTATION_CONTEXT() REPRESENTATION_CONTEXT('2D SPACE',''
  ) );
#2815 = PCURVE('',#1165,#2816);
#2816 = DEFINITIONAL_REPRESENTATION('',(#2817),#2868);
#2817 = B_SPLINE_CURVE_WITH_KNOTS('',7,(#2818,#2819,#2820,#2821,#2822,
    #2823,#2824,#2825,#2826,#2827,#2828,#2829,#2830,#2831,#2832,#2833,
    #2834,#2835,#2836,#2837,#2838,#2839,#2840,#2841,#2842,#2843,#2844,
    #2845,#2846,#2847,#2848,#2849,#2850,#2851,#2852,#2853,#2854,#2855,
    #2856,#2857,#2858,#2859,#2860,#2861,#2862,#2863,#2864,#2865,#2866,
    #2867),.UNSPECIFIED.,.F.,.F.,(8,6,6,6,6,6,6,6,8),(0.,0.119230028457,
    0.241921688028,0.363133715468,0.487840208205,0.613066914651,
    0.739822141885,0.86913020238,1.),.UNSPECIFIED.);
#2818 = CARTESIAN_POINT('',(2.499992624952,-17.19999654012));
#2819 = CARTESIAN_POINT('',(2.491328140272,-17.99989941588));
#2820 = CARTESIAN_POINT('',(2.533451275227,-18.80038897686));
#2821 = CARTESIAN_POINT('',(2.626371624214,-19.59753497535));
#2822 = CARTESIAN_POINT('',(2.769707706764,-20.38748670149));
#2823 = CARTESIAN_POINT('',(2.962731530003,-21.16646701102));
#2824 = CARTESIAN_POINT('',(3.204370888604,-21.93077392135));
#2825 = CARTESIAN_POINT('',(3.790352665328,-23.44446486997));
#2826 = CARTESIAN_POINT('',(4.137501874004,-24.19284224087));
#2827 = CARTESIAN_POINT('',(4.533036423757,-24.91797598686));
#2828 = CARTESIAN_POINT('',(4.975041567139,-25.61614924395));
#2829 = CARTESIAN_POINT('',(5.461243193705,-26.28388100252));
#2830 = CARTESIAN_POINT('',(5.989066427785,-26.91789918104));
#2831 = CARTESIAN_POINT('',(7.115237787263,-28.10526087169));
#2832 = CARTESIAN_POINT('',(7.712709445416,-28.65953818023));
#2833 = CARTESIAN_POINT('',(8.345161995301,-29.17509025181));
#2834 = CARTESIAN_POINT('',(9.009539423251,-29.6493378035));
#2835 = CARTESIAN_POINT('',(9.702580688924,-30.08000735754));
#2836 = CARTESIAN_POINT('',(10.420823277894,-30.46512988165));
#2837 = CARTESIAN_POINT('',(11.921664132947,-31.15076534224));
#2838 = CARTESIAN_POINT('',(12.705592016993,-31.44855145859));
#2839 = CARTESIAN_POINT('',(13.50835497296,-31.6946434069));
#2840 = CARTESIAN_POINT('',(14.325846656126,-31.88770121845));
#2841 = CARTESIAN_POINT('',(15.153878551779,-32.02678315208));
#2842 = CARTESIAN_POINT('',(15.988183058233,-32.11134332348));
#2843 = CARTESIAN_POINT('',(17.664114245311,-32.17134142349));
#2844 = CARTESIAN_POINT('',(18.505838477324,-32.14632556979));
#2845 = CARTESIAN_POINT('',(19.345169145721,-32.06611067897));
#2846 = CARTESIAN_POINT('',(20.177781431141,-31.93103169415));
#2847 = CARTESIAN_POINT('',(20.999427399433,-31.74182499896));
#2848 = CARTESIAN_POINT('',(21.805937916408,-31.49962482585));
#2849 = CARTESIAN_POINT('',(23.39013747609,-30.90881385528));
#2850 = CARTESIAN_POINT('',(24.167433505069,-30.55891082101));
#2851 = CARTESIAN_POINT('',(24.920883568238,-30.15792229539));
#2852 = CARTESIAN_POINT('',(25.646512036618,-29.70787277161));
#2853 = CARTESIAN_POINT('',(26.340576469963,-29.21113993012));
#2854 = CARTESIAN_POINT('',(26.999568036035,-28.67045036016));
#2855 = CARTESIAN_POINT('',(28.253413980097,-27.49568209737));
#2856 = CARTESIAN_POINT('',(28.846775291954,-26.8598800401));
#2857 = CARTESIAN_POINT('',(29.396864061355,-26.18481118854));
#2858 = CARTESIAN_POINT('',(29.900646137035,-25.47406133744));
#2859 = CARTESIAN_POINT('',(30.355463292311,-24.73146724721));
#2860 = CARTESIAN_POINT('',(30.759032015595,-23.96111222329));
#2861 = CARTESIAN_POINT('',(31.464184241655,-22.3640149246));
#2862 = CARTESIAN_POINT('',(31.764515686482,-21.53661659683));
#2863 = CARTESIAN_POINT('',(32.008537045659,-20.68967264563));
#2864 = CARTESIAN_POINT('',(32.194824800941,-19.82779732984));
#2865 = CARTESIAN_POINT('',(32.322415586247,-18.95569104095));
#2866 = CARTESIAN_POINT('',(32.390803164464,-18.07813650845));
#2867 = CARTESIAN_POINT('',(32.399997763459,-17.20000862994));
#2868 = ( GEOMETRIC_REPRESENTATION_CONTEXT(2) 
PARAMETRIC_REPRESENTATION_CONTEXT() REPRESENTATION_CONTEXT('2D SPACE',''
  ) );
#2869 = ORIENTED_EDGE('',*,*,#1852,.T.);
#2870 = ORIENTED_EDGE('',*,*,#2564,.T.);
#2871 = ADVANCED_FACE('',(#2872),#1165,.F.);
#2872 = FACE_BOUND('',#2873,.F.);
#2873 = EDGE_LOOP('',(#2874,#2875,#2876));
#2874 = ORIENTED_EDGE('',*,*,#2708,.T.);
#2875 = ORIENTED_EDGE('',*,*,#1039,.T.);
#2876 = ORIENTED_EDGE('',*,*,#2020,.T.);
#2877 = ( GEOMETRIC_REPRESENTATION_CONTEXT(3) 
GLOBAL_UNCERTAINTY_ASSIGNED_CONTEXT((#2881)) 
GLOBAL_UNIT_ASSIGNED_CONTEXT((#2878,#2879,#2880)) REPRESENTATION_CONTEXT
('Context #1','3D Context with UNIT and UNCERTAINTY') );
#2878 = ( LENGTH_UNIT() NAMED_UNIT(*) SI_UNIT(.MILLI.,.METRE.) );
#2879 = ( NAMED_UNIT(*) PLANE_ANGLE_UNIT() SI_UNIT($,.RADIAN.) );
#2880 = ( NAMED_UNIT(*) SI_UNIT($,.STERADIAN.) SOLID_ANGLE_UNIT() );
#2881 = UNCERTAINTY_MEASURE_WITH_UNIT(LENGTH_MEASURE(5.E-06),#2878,
  'distance_accuracy_value','confusion accuracy');
#2882 = CONTEXT_DEPENDENT_SHAPE_REPRESENTATION(#2883,#2885);
#2883 = ( REPRESENTATION_RELATIONSHIP('','',#278,#10) 
REPRESENTATION_RELATIONSHIP_WITH_TRANSFORMATION(#2884) 
SHAPE_REPRESENTATION_RELATIONSHIP() );
#2884 = ITEM_DEFINED_TRANSFORMATION('','',#11,#23);
#2885 = PRODUCT_DEFINITION_SHAPE('Placement','Placement of an item',
  #2886);
#2886 = NEXT_ASSEMBLY_USAGE_OCCURRENCE('3','','',#5,#273,$);
#2887 = PRODUCT_RELATED_PRODUCT_CATEGORY('part',$,(#275));
#2888 = SHAPE_DEFINITION_REPRESENTATION(#2889,#2895);
#2889 = PRODUCT_DEFINITION_SHAPE('','',#2890);
#2890 = PRODUCT_DEFINITION('design','',#2891,#2894);
#2891 = PRODUCT_DEFINITION_FORMATION('','',#2892);
#2892 = PRODUCT('Open CASCADE STEP translator 7.8 2.4',
  'Open CASCADE STEP translator 7.8 2.4','',(#2893));
#2893 = PRODUCT_CONTEXT('',#2,'mechanical');
#2894 = PRODUCT_DEFINITION_CONTEXT('part definition',#2,'design');
#2895 = ADVANCED_BREP_SHAPE_REPRESENTATION('',(#11,#2896),#2994);
#2896 = MANIFOLD_SOLID_BREP('',#2897);
#2897 = CLOSED_SHELL('',(#2898,#2986,#2990));
#2898 = ADVANCED_FACE('',(#2899),#2912,.T.);
#2899 = FACE_BOUND('',#2900,.T.);
#2900 = EDGE_LOOP('',(#2901,#2935,#2958,#2985));
#2901 = ORIENTED_EDGE('',*,*,#2902,.F.);
#2902 = EDGE_CURVE('',#2903,#2903,#2905,.T.);
#2903 = VERTEX_POINT('',#2904);
#2904 = CARTESIAN_POINT('',(267.75,210.,550.));
#2905 = SURFACE_CURVE('',#2906,(#2911,#2923),.PCURVE_S1.);
#2906 = CIRCLE('',#2907,12.75);
#2907 = AXIS2_PLACEMENT_3D('',#2908,#2909,#2910);
#2908 = CARTESIAN_POINT('',(255.,210.,550.));
#2909 = DIRECTION('',(0.,0.,1.));
#2910 = DIRECTION('',(1.,0.,-0.));
#2911 = PCURVE('',#2912,#2917);
#2912 = CONICAL_SURFACE('',#2913,14.8,0.785398163397);
#2913 = AXIS2_PLACEMENT_3D('',#2914,#2915,#2916);
#2914 = CARTESIAN_POINT('',(255.,210.,547.95));
#2915 = DIRECTION('',(-0.,-0.,-1.));
#2916 = DIRECTION('',(1.,0.,-0.));
#2917 = DEFINITIONAL_REPRESENTATION('',(#2918),#2922);
#2918 = LINE('',#2919,#2920);
#2919 = CARTESIAN_POINT('',(-0.,-2.05));
#2920 = VECTOR('',#2921,1.);
#2921 = DIRECTION('',(-1.,-0.));
#2922 = ( GEOMETRIC_REPRESENTATION_CONTEXT(2) 
PARAMETRIC_REPRESENTATION_CONTEXT() REPRESENTATION_CONTEXT('2D SPACE',''
  ) );
#2923 = PCURVE('',#2924,#2929);
#2924 = PLANE('',#2925);
#2925 = AXIS2_PLACEMENT_3D('',#2926,#2927,#2928);
#2926 = CARTESIAN_POINT('',(255.,210.,550.));
#2927 = DIRECTION('',(0.,0.,1.));
#2928 = DIRECTION('',(1.,0.,-0.));
#2929 = DEFINITIONAL_REPRESENTATION('',(#2930),#2934);
#2930 = CIRCLE('',#2931,12.75);
#2931 = AXIS2_PLACEMENT_2D('',#2932,#2933);
#2932 = CARTESIAN_POINT('',(0.,0.));
#2933 = DIRECTION('',(1.,0.));
#2934 = ( GEOMETRIC_REPRESENTATION_CONTEXT(2) 
PARAMETRIC_REPRESENTATION_CONTEXT() REPRESENTATION_CONTEXT('2D SPACE',''
  ) );
#2935 = ORIENTED_EDGE('',*,*,#2936,.F.);
#2936 = EDGE_CURVE('',#2937,#2903,#2939,.T.);
#2937 = VERTEX_POINT('',#2938);
#2938 = CARTESIAN_POINT('',(269.8,210.,547.95));
#2939 = SEAM_CURVE('',#2940,(#2944,#2951),.PCURVE_S1.);
#2940 = LINE('',#2941,#2942);
#2941 = CARTESIAN_POINT('',(269.8,210.,547.95));
#2942 = VECTOR('',#2943,1.);
#2943 = DIRECTION('',(-0.707106781187,1.731912112471E-16,0.707106781187)
  );
#2944 = PCURVE('',#2912,#2945);
#2945 = DEFINITIONAL_REPRESENTATION('',(#2946),#2950);
#2946 = LINE('',#2947,#2948);
#2947 = CARTESIAN_POINT('',(-6.28318530718,0.));
#2948 = VECTOR('',#2949,1.);
#2949 = DIRECTION('',(-0.,-1.));
#2950 = ( GEOMETRIC_REPRESENTATION_CONTEXT(2) 
PARAMETRIC_REPRESENTATION_CONTEXT() REPRESENTATION_CONTEXT('2D SPACE',''
  ) );
#2951 = PCURVE('',#2912,#2952);
#2952 = DEFINITIONAL_REPRESENTATION('',(#2953),#2957);
#2953 = LINE('',#2954,#2955);
#2954 = CARTESIAN_POINT('',(0.,-0.));
#2955 = VECTOR('',#2956,1.);
#2956 = DIRECTION('',(-0.,-1.));
#2957 = ( GEOMETRIC_REPRESENTATION_CONTEXT(2) 
PARAMETRIC_REPRESENTATION_CONTEXT() REPRESENTATION_CONTEXT('2D SPACE',''
  ) );
#2958 = ORIENTED_EDGE('',*,*,#2959,.T.);
#2959 = EDGE_CURVE('',#2937,#2937,#2960,.T.);
#2960 = SURFACE_CURVE('',#2961,(#2966,#2973),.PCURVE_S1.);
#2961 = CIRCLE('',#2962,14.8);
#2962 = AXIS2_PLACEMENT_3D('',#2963,#2964,#2965);
#2963 = CARTESIAN_POINT('',(255.,210.,547.95));
#2964 = DIRECTION('',(0.,0.,1.));
#2965 = DIRECTION('',(1.,0.,-0.));
#2966 = PCURVE('',#2912,#2967);
#2967 = DEFINITIONAL_REPRESENTATION('',(#2968),#2972);
#2968 = LINE('',#2969,#2970);
#2969 = CARTESIAN_POINT('',(-0.,-0.));
#2970 = VECTOR('',#2971,1.);
#2971 = DIRECTION('',(-1.,-0.));
#2972 = ( GEOMETRIC_REPRESENTATION_CONTEXT(2) 
PARAMETRIC_REPRESENTATION_CONTEXT() REPRESENTATION_CONTEXT('2D SPACE',''
  ) );
#2973 = PCURVE('',#2974,#2979);
#2974 = PLANE('',#2975);
#2975 = AXIS2_PLACEMENT_3D('',#2976,#2977,#2978);
#2976 = CARTESIAN_POINT('',(255.,210.,547.95));
#2977 = DIRECTION('',(0.,0.,1.));
#2978 = DIRECTION('',(1.,0.,-0.));
#2979 = DEFINITIONAL_REPRESENTATION('',(#2980),#2984);
#2980 = CIRCLE('',#2981,14.8);
#2981 = AXIS2_PLACEMENT_2D('',#2982,#2983);
#2982 = CARTESIAN_POINT('',(0.,0.));
#2983 = DIRECTION('',(1.,0.));
#2984 = ( GEOMETRIC_REPRESENTATION_CONTEXT(2) 
PARAMETRIC_REPRESENTATION_CONTEXT() REPRESENTATION_CONTEXT('2D SPACE',''
  ) );
#2985 = ORIENTED_EDGE('',*,*,#2936,.T.);
#2986 = ADVANCED_FACE('',(#2987),#2924,.T.);
#2987 = FACE_BOUND('',#2988,.T.);
#2988 = EDGE_LOOP('',(#2989));
#2989 = ORIENTED_EDGE('',*,*,#2902,.T.);
#2990 = ADVANCED_FACE('',(#2991),#2974,.F.);
#2991 = FACE_BOUND('',#2992,.T.);
#2992 = EDGE_LOOP('',(#2993));
#2993 = ORIENTED_EDGE('',*,*,#2959,.F.);
#2994 = ( GEOMETRIC_REPRESENTATION_CONTEXT(3) 
GLOBAL_UNCERTAINTY_ASSIGNED_CONTEXT((#2998)) 
GLOBAL_UNIT_ASSIGNED_CONTEXT((#2995,#2996,#2997)) REPRESENTATION_CONTEXT
('Context #1','3D Context with UNIT and UNCERTAINTY') );
#2995 = ( LENGTH_UNIT() NAMED_UNIT(*) SI_UNIT(.MILLI.,.METRE.) );
#2996 = ( NAMED_UNIT(*) PLANE_ANGLE_UNIT() SI_UNIT($,.RADIAN.) );
#2997 = ( NAMED_UNIT(*) SI_UNIT($,.STERADIAN.) SOLID_ANGLE_UNIT() );
#2998 = UNCERTAINTY_MEASURE_WITH_UNIT(LENGTH_MEASURE(1.E-07),#2995,
  'distance_accuracy_value','confusion accuracy');
#2999 = CONTEXT_DEPENDENT_SHAPE_REPRESENTATION(#3000,#3002);
#3000 = ( REPRESENTATION_RELATIONSHIP('','',#2895,#10) 
REPRESENTATION_RELATIONSHIP_WITH_TRANSFORMATION(#3001) 
SHAPE_REPRESENTATION_RELATIONSHIP() );
#3001 = ITEM_DEFINED_TRANSFORMATION('','',#11,#27);
#3002 = PRODUCT_DEFINITION_SHAPE('Placement','Placement of an item',
  #3003);
#3003 = NEXT_ASSEMBLY_USAGE_OCCURRENCE('4','','',#5,#2890,$);
#3004 = PRODUCT_RELATED_PRODUCT_CATEGORY('part',$,(#2892));
ENDSEC;
END-ISO-10303-21;
