ISO-10303-21;
HEADER;
FILE_DESCRIPTION(('Open CASCADE Model'),'2;1');
FILE_NAME('Open CASCADE Shape Model','2026-07-08T22:44:24',('Author'),(
    'Open CASCADE'),'Open CASCADE STEP processor 7.8','Open CASCADE 7.8'
  ,'Unknown');
FILE_SCHEMA(('AUTOMOTIVE_DESIGN { 1 0 10303 214 1 1 1 1 }'));
ENDSEC;
DATA;
#1 = APPLICATION_PROTOCOL_DEFINITION('international standard',
  'automotive_design',2000,#2);
#2 = APPLICATION_CONTEXT(
  'core data for automotive mechanical design processes');
#3 = SHAPE_DEFINITION_REPRESENTATION(#4,#10);
#4 = PRODUCT_DEFINITION_SHAPE('','',#5);
#5 = PRODUCT_DEFINITION('design','',#6,#9);
#6 = PRODUCT_DEFINITION_FORMATION('','',#7);
#7 = PRODUCT('Open CASCADE STEP translator 7.8 3',
  'Open CASCADE STEP translator 7.8 3','',(#8));
#8 = PRODUCT_CONTEXT('',#2,'mechanical');
#9 = PRODUCT_DEFINITION_CONTEXT('part definition',#2,'design');
#10 = ADVANCED_BREP_SHAPE_REPRESENTATION('',(#11,#15),#11551);
#11 = AXIS2_PLACEMENT_3D('',#12,#13,#14);
#12 = CARTESIAN_POINT('',(0.,0.,0.));
#13 = DIRECTION('',(0.,0.,1.));
#14 = DIRECTION('',(1.,0.,-0.));
#15 = MANIFOLD_SOLID_BREP('',#16);
#16 = CLOSED_SHELL('',(#17,#1324,#7674,#7724,#11326,#11352,#11381,#11409
    ,#11436,#11463,#11490,#11517,#11544));
#17 = ADVANCED_FACE('',(#18),#32,.T.);
#18 = FACE_BOUND('',#19,.T.);
#19 = EDGE_LOOP('',(#20,#55,#83));
#20 = ORIENTED_EDGE('',*,*,#21,.T.);
#21 = EDGE_CURVE('',#22,#24,#26,.T.);
#22 = VERTEX_POINT('',#23);
#23 = CARTESIAN_POINT('',(290.100055087,195.326364094,597.412642315));
#24 = VERTEX_POINT('',#25);
#25 = CARTESIAN_POINT('',(290.,195.326364481,597.412642148));
#26 = SURFACE_CURVE('',#27,(#31,#43),.PCURVE_S1.);
#27 = LINE('',#28,#29);
#28 = CARTESIAN_POINT('',(290.100055087,195.326364481,597.412642148));
#29 = VECTOR('',#30,1.);
#30 = DIRECTION('',(-1.,0.,0.));
#31 = PCURVE('',#32,#37);
#32 = PLANE('',#33);
#33 = AXIS2_PLACEMENT_3D('',#34,#35,#36);
#34 = CARTESIAN_POINT('',(224.2,210.,600.));
#35 = DIRECTION('',(0.,-0.173648177992,0.984807752955));
#36 = DIRECTION('',(0.,-0.984807752955,-0.173648177992));
#37 = DEFINITIONAL_REPRESENTATION('',(#38),#42);
#38 = LINE('',#39,#40);
#39 = CARTESIAN_POINT('',(14.899999999959,65.900055087));
#40 = VECTOR('',#41,1.);
#41 = DIRECTION('',(-0.,-1.));
#42 = ( GEOMETRIC_REPRESENTATION_CONTEXT(2) 
PARAMETRIC_REPRESENTATION_CONTEXT() REPRESENTATION_CONTEXT('2D SPACE',''
  ) );
#43 = PCURVE('',#44,#49);
#44 = CYLINDRICAL_SURFACE('',#45,14.9);
#45 = AXIS2_PLACEMENT_3D('',#46,#47,#48);
#46 = CARTESIAN_POINT('',(188.602530506,210.,600.));
#47 = DIRECTION('',(-1.,0.,0.));
#48 = DIRECTION('',(0.,0.,1.));
#49 = DEFINITIONAL_REPRESENTATION('',(#50),#54);
#50 = LINE('',#51,#52);
#51 = CARTESIAN_POINT('',(4.53785605486,-101.497524581));
#52 = VECTOR('',#53,1.);
#53 = DIRECTION('',(0.,1.));
#54 = ( GEOMETRIC_REPRESENTATION_CONTEXT(2) 
PARAMETRIC_REPRESENTATION_CONTEXT() REPRESENTATION_CONTEXT('2D SPACE',''
  ) );
#55 = ORIENTED_EDGE('',*,*,#56,.T.);
#56 = EDGE_CURVE('',#24,#57,#59,.T.);
#57 = VERTEX_POINT('',#58);
#58 = CARTESIAN_POINT('',(290.000004643,195.227833489,597.395267993));
#59 = SURFACE_CURVE('',#60,(#64,#71),.PCURVE_S1.);
#60 = LINE('',#61,#62);
#61 = CARTESIAN_POINT('',(290.,195.326364481,597.412642148));
#62 = VECTOR('',#63,1.);
#63 = DIRECTION('',(0.,-0.984807752955,-0.173648177992));
#64 = PCURVE('',#32,#65);
#65 = DEFINITIONAL_REPRESENTATION('',(#66),#70);
#66 = LINE('',#67,#68);
#67 = CARTESIAN_POINT('',(14.899999999959,65.8));
#68 = VECTOR('',#69,1.);
#69 = DIRECTION('',(1.,0.));
#70 = ( GEOMETRIC_REPRESENTATION_CONTEXT(2) 
PARAMETRIC_REPRESENTATION_CONTEXT() REPRESENTATION_CONTEXT('2D SPACE',''
  ) );
#71 = PCURVE('',#72,#77);
#72 = PLANE('',#73);
#73 = AXIS2_PLACEMENT_3D('',#74,#75,#76);
#74 = CARTESIAN_POINT('',(290.,210.,600.));
#75 = DIRECTION('',(-1.,0.,0.));
#76 = DIRECTION('',(0.,0.,1.));
#77 = DEFINITIONAL_REPRESENTATION('',(#78),#82);
#78 = LINE('',#79,#80);
#79 = CARTESIAN_POINT('',(-2.587357852,-14.673635519));
#80 = VECTOR('',#81,1.);
#81 = DIRECTION('',(-0.173648177992,-0.984807752955));
#82 = ( GEOMETRIC_REPRESENTATION_CONTEXT(2) 
PARAMETRIC_REPRESENTATION_CONTEXT() REPRESENTATION_CONTEXT('2D SPACE',''
  ) );
#83 = ORIENTED_EDGE('',*,*,#84,.T.);
#84 = EDGE_CURVE('',#57,#22,#85,.T.);
#85 = SURFACE_CURVE('',#86,(#90,#97),.PCURVE_S1.);
#86 = LINE('',#87,#88);
#87 = CARTESIAN_POINT('',(290.00000464324,195.22783348924,
    597.39526799304));
#88 = VECTOR('',#89,1.);
#89 = DIRECTION('',(0.707106781248,0.696364240244,0.122787804043));
#90 = PCURVE('',#32,#91);
#91 = DEFINITIONAL_REPRESENTATION('',(#92),#96);
#92 = LINE('',#93,#94);
#93 = CARTESIAN_POINT('',(15.000051074899,65.800004643248));
#94 = VECTOR('',#95,1.);
#95 = DIRECTION('',(-0.707106781125,0.707106781248));
#96 = ( GEOMETRIC_REPRESENTATION_CONTEXT(2) 
PARAMETRIC_REPRESENTATION_CONTEXT() REPRESENTATION_CONTEXT('2D SPACE',''
  ) );
#97 = PCURVE('',#98,#1319);
#98 = ( BOUNDED_SURFACE() B_SPLINE_SURFACE(1,3,(
    (#99,#100,#101,#102,#103,#104,#105,#106,#107,#108,#109,#110,#111
      ,#112,#113,#114,#115,#116,#117,#118,#119,#120,#121,#122,#123,#124
      ,#125,#126,#127,#128,#129,#130,#131,#132,#133,#134,#135,#136,#137
      ,#138,#139,#140,#141,#142,#143,#144,#145,#146,#147,#148,#149,#150
      ,#151,#152,#153,#154,#155,#156,#157,#158,#159,#160,#161,#162,#163
      ,#164,#165,#166,#167,#168,#169,#170,#171,#172,#173,#174,#175,#176
      ,#177,#178,#179,#180,#181,#182,#183,#184,#185,#186,#187,#188,#189
      ,#190,#191,#192,#193,#194,#195,#196,#197,#198,#199,#200,#201,#202
      ,#203,#204,#205,#206,#207,#208,#209,#210,#211,#212,#213,#214,#215
      ,#216,#217,#218,#219,#220,#221,#222,#223,#224,#225,#226,#227,#228
      ,#229,#230,#231,#232,#233,#234,#235,#236,#237,#238,#239,#240,#241
      ,#242,#243,#244,#245,#246,#247,#248,#249,#250,#251,#252,#253,#254
      ,#255,#256,#257,#258,#259,#260,#261,#262,#263,#264,#265,#266,#267
      ,#268,#269,#270,#271,#272,#273,#274,#275,#276,#277,#278,#279,#280
      ,#281,#282,#283,#284,#285,#286,#287,#288,#289,#290,#291,#292,#293
      ,#294,#295,#296,#297,#298,#299,#300,#301,#302,#303,#304,#305,#306
      ,#307,#308,#309,#310,#311,#312,#313,#314,#315,#316,#317,#318,#319
      ,#320,#321,#322,#323,#324,#325,#326,#327,#328,#329,#330,#331,#332
      ,#333,#334,#335,#336,#337,#338,#339,#340,#341,#342,#343,#344,#345
      ,#346,#347,#348,#349,#350,#351,#352,#353,#354,#355,#356,#357,#358
      ,#359,#360,#361,#362,#363,#364,#365,#366,#367,#368,#369,#370,#371
      ,#372,#373,#374,#375,#376,#377,#378,#379,#380,#381,#382,#383,#384
      ,#385,#386,#387,#388,#389,#390,#391,#392,#393,#394,#395,#396,#397
      ,#398,#399,#400,#401,#402,#403,#404,#405,#406,#407,#408,#409,#410
      ,#411,#412,#413,#414,#415,#416,#417,#418,#419,#420,#421,#422,#423
      ,#424,#425,#426,#427,#428,#429,#430,#431,#432,#433,#434,#435,#436
      ,#437,#438,#439,#440,#441,#442,#443,#444,#445,#446,#447,#448,#449
      ,#450,#451,#452,#453,#454,#455,#456,#457,#458,#459,#460,#461,#462
      ,#463,#464,#465,#466,#467,#468,#469,#470,#471,#472,#473,#474,#475
      ,#476,#477,#478,#479,#480,#481,#482,#483,#484,#485,#486,#487,#488
      ,#489,#490,#491,#492,#493,#494,#495,#496,#497,#498,#499,#500,#501
      ,#502,#503,#504,#505,#506,#507,#508,#509,#510,#511,#512,#513,#514
      ,#515,#516,#517,#518,#519,#520,#521,#522,#523,#524,#525,#526,#527
      ,#528,#529,#530,#531,#532,#533,#534,#535,#536,#537,#538,#539,#540
      ,#541,#542,#543,#544,#545,#546,#547,#548,#549,#550,#551,#552,#553
      ,#554,#555,#556,#557,#558,#559,#560,#561,#562,#563,#564,#565,#566
      ,#567,#568,#569,#570,#571,#572,#573,#574,#575,#576,#577,#578,#579
      ,#580,#581,#582,#583,#584,#585,#586,#587,#588,#589,#590,#591,#592
      ,#593,#594,#595,#596,#597,#598,#599,#600,#601,#602,#603,#604,#605
      ,#606,#607,#608,#609,#610,#611,#612,#613,#614,#615,#616,#617,#618
      ,#619,#620,#621,#622,#623,#624,#625,#626,#627,#628,#629,#630,#631
      ,#632,#633,#634,#635,#636,#637,#638,#639,#640,#641,#642,#643,#644
      ,#645,#646,#647,#648,#649,#650,#651,#652,#653,#654,#655,#656,#657
      ,#658,#659,#660,#661,#662,#663,#664,#665,#666,#667,#668,#669,#670
      ,#671,#672,#673,#674,#675,#676,#677,#678,#679,#680,#681,#682,#683
      ,#684,#685,#686,#687,#688,#689,#690,#691,#692,#693,#694,#695,#696
      ,#697,#698,#699,#700,#701,#702,#703,#704,#705,#706,#707,#708)
    ,(#709,#710,#711,#712,#713,#714,#715,#716,#717,#718,#719,#720,#721
      ,#722,#723,#724,#725,#726,#727,#728,#729,#730,#731,#732,#733,#734
      ,#735,#736,#737,#738,#739,#740,#741,#742,#743,#744,#745,#746,#747
      ,#748,#749,#750,#751,#752,#753,#754,#755,#756,#757,#758,#759,#760
      ,#761,#762,#763,#764,#765,#766,#767,#768,#769,#770,#771,#772,#773
      ,#774,#775,#776,#777,#778,#779,#780,#781,#782,#783,#784,#785,#786
      ,#787,#788,#789,#790,#791,#792,#793,#794,#795,#796,#797,#798,#799
      ,#800,#801,#802,#803,#804,#805,#806,#807,#808,#809,#810,#811,#812
      ,#813,#814,#815,#816,#817,#818,#819,#820,#821,#822,#823,#824,#825
      ,#826,#827,#828,#829,#830,#831,#832,#833,#834,#835,#836,#837,#838
      ,#839,#840,#841,#842,#843,#844,#845,#846,#847,#848,#849,#850,#851
      ,#852,#853,#854,#855,#856,#857,#858,#859,#860,#861,#862,#863,#864
      ,#865,#866,#867,#868,#869,#870,#871,#872,#873,#874,#875,#876,#877
      ,#878,#879,#880,#881,#882,#883,#884,#885,#886,#887,#888,#889,#890
      ,#891,#892,#893,#894,#895,#896,#897,#898,#899,#900,#901,#902,#903
      ,#904,#905,#906,#907,#908,#909,#910,#911,#912,#913,#914,#915,#916
      ,#917,#918,#919,#920,#921,#922,#923,#924,#925,#926,#927,#928,#929
      ,#930,#931,#932,#933,#934,#935,#936,#937,#938,#939,#940,#941,#942
      ,#943,#944,#945,#946,#947,#948,#949,#950,#951,#952,#953,#954,#955
      ,#956,#957,#958,#959,#960,#961,#962,#963,#964,#965,#966,#967,#968
      ,#969,#970,#971,#972,#973,#974,#975,#976,#977,#978,#979,#980,#981
      ,#982,#983,#984,#985,#986,#987,#988,#989,#990,#991,#992,#993,#994
      ,#995,#996,#997,#998,#999,#1000,#1001,#1002,#1003,#1004,#1005
      ,#1006,#1007,#1008,#1009,#1010,#1011,#1012,#1013,#1014,#1015,#1016
      ,#1017,#1018,#1019,#1020,#1021,#1022,#1023,#1024,#1025,#1026,#1027
      ,#1028,#1029,#1030,#1031,#1032,#1033,#1034,#1035,#1036,#1037,#1038
      ,#1039,#1040,#1041,#1042,#1043,#1044,#1045,#1046,#1047,#1048,#1049
      ,#1050,#1051,#1052,#1053,#1054,#1055,#1056,#1057,#1058,#1059,#1060
      ,#1061,#1062,#1063,#1064,#1065,#1066,#1067,#1068,#1069,#1070,#1071
      ,#1072,#1073,#1074,#1075,#1076,#1077,#1078,#1079,#1080,#1081,#1082
      ,#1083,#1084,#1085,#1086,#1087,#1088,#1089,#1090,#1091,#1092,#1093
      ,#1094,#1095,#1096,#1097,#1098,#1099,#1100,#1101,#1102,#1103,#1104
      ,#1105,#1106,#1107,#1108,#1109,#1110,#1111,#1112,#1113,#1114,#1115
      ,#1116,#1117,#1118,#1119,#1120,#1121,#1122,#1123,#1124,#1125,#1126
      ,#1127,#1128,#1129,#1130,#1131,#1132,#1133,#1134,#1135,#1136,#1137
      ,#1138,#1139,#1140,#1141,#1142,#1143,#1144,#1145,#1146,#1147,#1148
      ,#1149,#1150,#1151,#1152,#1153,#1154,#1155,#1156,#1157,#1158,#1159
      ,#1160,#1161,#1162,#1163,#1164,#1165,#1166,#1167,#1168,#1169,#1170
      ,#1171,#1172,#1173,#1174,#1175,#1176,#1177,#1178,#1179,#1180,#1181
      ,#1182,#1183,#1184,#1185,#1186,#1187,#1188,#1189,#1190,#1191,#1192
      ,#1193,#1194,#1195,#1196,#1197,#1198,#1199,#1200,#1201,#1202,#1203
      ,#1204,#1205,#1206,#1207,#1208,#1209,#1210,#1211,#1212,#1213,#1214
      ,#1215,#1216,#1217,#1218,#1219,#1220,#1221,#1222,#1223,#1224,#1225
      ,#1226,#1227,#1228,#1229,#1230,#1231,#1232,#1233,#1234,#1235,#1236
      ,#1237,#1238,#1239,#1240,#1241,#1242,#1243,#1244,#1245,#1246,#1247
      ,#1248,#1249,#1250,#1251,#1252,#1253,#1254,#1255,#1256,#1257,#1258
      ,#1259,#1260,#1261,#1262,#1263,#1264,#1265,#1266,#1267,#1268,#1269
      ,#1270,#1271,#1272,#1273,#1274,#1275,#1276,#1277,#1278,#1279,#1280
      ,#1281,#1282,#1283,#1284,#1285,#1286,#1287,#1288,#1289,#1290,#1291
      ,#1292,#1293,#1294,#1295,#1296,#1297,#1298,#1299,#1300,#1301,#1302
      ,#1303,#1304,#1305,#1306,#1307,#1308,#1309,#1310,#1311,#1312,#1313
      ,#1314,#1315,#1316,#1317,#1318
)),.UNSPECIFIED.,.F.,.F.,.F.) B_SPLINE_SURFACE_WITH_KNOTS((2,2),(4,3,3,3
    ,3,3,3,3,3,3,3,3,3,3,3,3,3,3,3,3,3,3,3,3,3,3,3,3,3,3,3,3,3,3,3,3,3,3
    ,3,3,3,3,3,3,3,3,3,3,3,3,3,3,3,3,3,3,3,3,3,3,3,3,3,3,3,3,3,3,3,3,3,3
    ,3,3,3,3,3,3,3,3,3,3,3,3,3,3,3,3,3,3,3,3,3,3,3,3,3,3,3,3,3,3,3,3,3,3
    ,3,3,3,3,3,3,3,3,3,3,3,3,3,3,3,3,3,3,3,3,3,3,3,3,3,3,3,3,3,3,3,3,3,3
    ,3,3,3,3,3,3,3,3,3,3,3,3,3,3,3,3,3,3,3,3,3,3,3,3,3,3,3,3,3,3,3,3,3,3
    ,3,3,3,3,3,3,3,3,3,3,3,3,3,3,3,3,3,3,3,3,3,3,3,3,3,3,3,3,3,4),(0.,1.
    ),(0.,8.928571E-03,8.928702E-03,1.7857143E-02,1.7857274E-02,
    2.6785714E-02,2.6785845E-02,3.5714286E-02,3.5714417E-02,
    4.4642857E-02,4.4642988E-02,5.3571429E-02,5.357156E-02,6.25E-02,
    6.2500131E-02,7.1428571E-02,7.1428702E-02,8.0357143E-02,
    8.0357274E-02,8.9285714E-02,8.9285845E-02,9.8214286E-02,
    9.8214417E-02,0.107142857,0.107142988,0.116071429,0.11607156,0.125,
    0.125000131,0.133928571,0.133928702,0.142857143,0.142857274,
    0.151785714,0.151785845,0.160714286,0.160714417,0.169642857,
    0.169642988,0.178571429,0.17857156,0.1875,0.187500131,0.196428571,
    0.196428702,0.205357143,0.205357274,0.214285714,0.214285845,
    0.223214286,0.223214417,0.232142857,0.232142988,0.241071429,
    0.24107156,0.25,0.250000131,0.258928571,0.258928702,0.267857143,
    0.267857274,0.276785714,0.276785845,0.285714286,0.285714417,
    0.294642857,0.294642988,0.303571429,0.30357156,0.3125,0.312500131,
    0.321428571,0.321428702,0.330357143,0.330357274,0.339285714,
    0.339285845,0.348214286,0.348214417,0.357142857,0.357142988,
    0.366071429,0.36607156,0.375,0.375000131,0.383928571,0.383928702,
    0.392857143,0.392857274,0.401785714,0.401785845,0.410714286,
    0.410714417,0.419642857,0.419642988,0.428571429,0.42857156,0.4375,
    0.437500131,0.446428571,0.446428702,0.455357143,0.455357274,
    0.464285714,0.464285845,0.473214286,0.473214417,0.482142857,
    0.482142988,0.491071429,0.49107156,0.5,0.500000131,0.508928571,
    0.508928702,0.517857143,0.517857274,0.526785714,0.526785845,
    0.535714286,0.535714417,0.544642857,0.544642988,0.553571429,
    0.55357156,0.5625,0.562500131,0.571428571,0.571428702,0.580357143,
    0.580357274,0.589285714,0.589285845,0.598214286,0.598214417,
    0.607142857,0.607142988,0.616071429,0.61607156,0.625,0.625000131,
    0.633928571,0.633928702,0.642857143,0.642857274,0.651785714,
    0.651785845,0.660714286,0.660714417,0.669642857,0.669642988,
    0.678571429,0.67857156,0.6875,0.687500131,0.696428571,0.696428702,
    0.705357143,0.705357274,0.714285714,0.714285845,0.723214286,
    0.723214417,0.732142857,0.732142988,0.741071429,0.74107156,0.75,
    0.750000131,0.758928571,0.758928702,0.767857143,0.767857274,
    0.776785714,0.776785845,0.785714286,0.785714417,0.794642857,
    0.794642988,0.803571429,0.80357156,0.8125,0.812500131,0.821428571,
    0.821428702,0.830357143,0.830357274,0.839285714,0.839285845,
    0.848214286,0.848214417,0.857142857,0.857142988,0.866071429,
    0.86607156,0.875,0.875000131,0.883928571,0.883928702,0.892857143,
    0.892857274,0.901785714,0.901785845,0.902783557),.UNSPECIFIED.) 
GEOMETRIC_REPRESENTATION_ITEM() RATIONAL_B_SPLINE_SURFACE((
    (1.,0.983285275,0.983285275,1.,0.999999755,0.999999509,0.999999264
      ,0.983285275,0.98328552,1.,0.999999755,0.999999509,0.999999264
      ,0.983285275,0.98328552,1.,0.999999755,0.999999509,0.999999264
      ,0.983285275,0.98328552,1.,0.999999755,0.999999509,0.999999264
      ,0.983285275,0.98328552,1.,0.999999755,0.999999509,0.999999264
      ,0.983285275,0.98328552,1.,0.999999755,0.999999509,0.999999264
      ,0.983285275,0.98328552,1.,0.999999755,0.999999509,0.999999264
      ,0.983285275,0.98328552,1.,0.999999755,0.999999509,0.999999264
      ,0.983285275,0.98328552,1.,0.999999755,0.999999509,0.999999264
      ,0.983285275,0.98328552,1.,0.999999755,0.999999509,0.999999264
      ,0.983285275,0.98328552,1.,0.999999755,0.999999509,0.999999264
      ,0.983285275,0.98328552,1.,0.999999755,0.999999509,0.999999264
      ,0.983285275,0.98328552,1.,0.999999755,0.999999509,0.999999264
      ,0.983285275,0.98328552,1.,0.999999755,0.999999509,0.999999264
      ,0.983285275,0.98328552,1.,0.999999755,0.999999509,0.999999264
      ,0.983285275,0.98328552,1.,0.999999755,0.999999509,0.999999264
      ,0.983285275,0.98328552,1.,0.999999755,0.999999509,0.999999264
      ,0.983285275,0.98328552,1.,0.999999755,0.999999509,0.999999264
      ,0.983285275,0.98328552,1.,0.999999755,0.999999509,0.999999264
      ,0.983285275,0.98328552,1.,0.999999755,0.999999509,0.999999264
      ,0.983285275,0.98328552,1.,0.999999755,0.999999509,0.999999264
      ,0.983285275,0.98328552,1.,0.999999755,0.999999509,0.999999264
      ,0.983285275,0.98328552,1.,0.999999755,0.999999509,0.999999264
      ,0.983285275,0.98328552,1.,0.999999755,0.999999509,0.999999264
      ,0.983285275,0.98328552,1.,0.999999755,0.999999509,0.999999264
      ,0.983285275,0.98328552,1.,0.999999755,0.999999509,0.999999264
      ,0.983285275,0.98328552,1.,0.999999755,0.999999509,0.999999264
      ,0.983285275,0.98328552,1.,0.999999755,0.999999509,0.999999264
      ,0.983285275,0.98328552,1.,0.999999755,0.999999509,0.999999264
      ,0.983285275,0.98328552,1.,0.999999755,0.999999509,0.999999264
      ,0.983285275,0.98328552,1.,0.999999755,0.999999509,0.999999264
      ,0.983285275,0.98328552,1.,0.999999755,0.999999509,0.999999264
      ,0.983285275,0.98328552,1.,0.999999755,0.999999509,0.999999264
      ,0.983285275,0.98328552,1.,0.999999755,0.999999509,0.999999264
      ,0.983285275,0.98328552,1.,0.999999755,0.999999509,0.999999264
      ,0.983285275,0.98328552,1.,0.999999755,0.999999509,0.999999264
      ,0.983285275,0.98328552,1.,0.999999755,0.999999509,0.999999264
      ,0.983285275,0.98328552,1.,0.999999755,0.999999509,0.999999264
      ,0.983285275,0.98328552,1.,0.999999755,0.999999509,0.999999264
      ,0.983285275,0.98328552,1.,0.999999755,0.999999509,0.999999264
      ,0.983285275,0.98328552,1.,0.999999755,0.999999509,0.999999264
      ,0.983285275,0.98328552,1.,0.999999755,0.999999509,0.999999264
      ,0.983285275,0.98328552,1.,0.999999755,0.999999509,0.999999264
      ,0.983285275,0.98328552,1.,0.999999755,0.999999509,0.999999264
      ,0.983285275,0.98328552,1.,0.999999755,0.999999509,0.999999264
      ,0.983285275,0.98328552,1.,0.999999755,0.999999509,0.999999264
      ,0.983285275,0.98328552,1.,0.999999755,0.999999509,0.999999264
      ,0.983285275,0.98328552,1.,0.999999755,0.999999509,0.999999264
      ,0.983285275,0.98328552,1.,0.999999755,0.999999509,0.999999264
      ,0.983285275,0.98328552,1.,0.999999755,0.999999509,0.999999264
      ,0.983285275,0.98328552,1.,0.999999755,0.999999509,0.999999264
      ,0.983285275,0.98328552,1.,0.999999755,0.999999509,0.999999264
      ,0.983285275,0.98328552,1.,0.999999755,0.999999509,0.999999264
      ,0.983285275,0.98328552,1.,0.999999755,0.999999509,0.999999264
      ,0.983285275,0.98328552,1.,0.999999755,0.999999509,0.999999264
      ,0.983285275,0.98328552,1.,0.999999755,0.999999509,0.999999264
      ,0.983285275,0.98328552,1.,0.999999755,0.999999509,0.999999264
      ,0.983285275,0.98328552,1.,0.999999755,0.999999509,0.999999264
      ,0.983285275,0.98328552,1.,0.999999755,0.999999509,0.999999264
      ,0.983285275,0.98328552,1.,0.999999755,0.999999509,0.999999264
      ,0.983285275,0.98328552,1.,0.999999755,0.999999509,0.999999264
      ,0.983285275,0.98328552,1.,0.999999755,0.999999509,0.999999264
      ,0.983285275,0.98328552,1.,0.999999755,0.999999509,0.999999264
      ,0.983285275,0.98328552,1.,0.999999755,0.999999509,0.999999264
      ,0.983285275,0.98328552,1.,0.999999755,0.999999509,0.999999264
      ,0.983285275,0.98328552,1.,0.999999755,0.999999509,0.999999264
      ,0.983285275,0.98328552,1.,0.999999755,0.999999509,0.999999264
      ,0.983285275,0.98328552,1.,0.999999755,0.999999509,0.999999264
      ,0.983285275,0.98328552,1.,0.999999755,0.999999509,0.999999264
      ,0.983285275,0.98328552,1.,0.999999755,0.999999509,0.999999264
      ,0.983285275,0.98328552,1.,0.999999755,0.999999509,0.999999264
      ,0.983285275,0.98328552,1.,0.999999755,0.999999509,0.999999264
      ,0.983285275,0.98328552,1.,0.999999755,0.999999509,0.999999264
      ,0.983285275,0.98328552,1.,0.999999755,0.999999509,0.999999264
      ,0.983285275,0.98328552,1.,0.999999755,0.999999509,0.999999264
      ,0.983285275,0.98328552,1.,0.999999755,0.999999509,0.999999264
      ,0.983285275,0.98328552,1.,0.999999755,0.999999509,0.999999264
      ,0.983285275,0.98328552,1.,0.999999755,0.999999509,0.999999264
      ,0.983285275,0.98328552,1.,0.999999755,0.999999509,0.999999264
      ,0.983285275,0.98328552,1.,0.999999755,0.999999509,0.999999264
      ,0.983285275,0.98328552,1.,0.999999755,0.999999509,0.999999264
      ,0.983285275,0.98328552,1.,0.999999755,0.999999509,0.999999264
      ,0.983285275,0.98328552,1.,0.999999755,0.999999509,0.999999264
      ,0.983285275,0.98328552,1.,0.999999755,0.999999509,0.999999264
      ,0.983285275,0.98328552,1.,0.999999755,0.999999509,0.999999264
      ,0.983285275,0.98328552,1.,0.999999755,0.999999509,0.999999264
      ,0.983285275,0.98328552,1.,0.999999755,0.999999509,0.999999264
      ,0.983285275,0.98328552,1.,0.999999755,0.999999509,0.999999264
      ,0.983285275,0.98328552,1.,0.999999755,0.999999509,0.999999264
      ,0.983285275,0.98328552,1.,0.999999755,0.999999509,0.999999264
      ,0.983285275,0.98328552,1.,0.999999755,0.999999509,0.999999264
      ,0.983285275,0.98328552,1.,0.999999755,0.999999509,0.999999264
      ,0.983285275,0.98328552,1.,0.999999755,0.999999509,0.999999264
      ,0.983285275,0.98328552,1.,0.999999755,0.999999509,0.999999264
      ,0.983285275,0.98328552,1.,0.999999755,0.999999509,0.999999264
      ,0.983285275,0.98328552,1.,0.999999755,0.999999509,0.999999264
      ,0.983285275,0.98328552,1.,0.999999755,0.999999509,0.999999264
      ,0.983285275,0.98328552,1.,0.999999755,0.999999509,0.999999264
      ,0.983285275,0.98328552,1.,0.999999755,0.999999509,0.999999264
      ,0.983285275,0.98328552,1.,0.999999755,0.999999509,0.999999264
      ,0.983285275,0.98328552,1.,0.999999755,0.999999509,0.999999264
      ,0.998131553,0.996472553,0.995022265)
    ,(1.,0.983285275,0.983285275,1.,0.999999755,0.999999509,0.999999264
      ,0.983285275,0.98328552,1.,0.999999755,0.999999509,0.999999264
      ,0.983285275,0.98328552,1.,0.999999755,0.999999509,0.999999264
      ,0.983285275,0.98328552,1.,0.999999755,0.999999509,0.999999264
      ,0.983285275,0.98328552,1.,0.999999755,0.999999509,0.999999264
      ,0.983285275,0.98328552,1.,0.999999755,0.999999509,0.999999264
      ,0.983285275,0.98328552,1.,0.999999755,0.999999509,0.999999264
      ,0.983285275,0.98328552,1.,0.999999755,0.999999509,0.999999264
      ,0.983285275,0.98328552,1.,0.999999755,0.999999509,0.999999264
      ,0.983285275,0.98328552,1.,0.999999755,0.999999509,0.999999264
      ,0.983285275,0.98328552,1.,0.999999755,0.999999509,0.999999264
      ,0.983285275,0.98328552,1.,0.999999755,0.999999509,0.999999264
      ,0.983285275,0.98328552,1.,0.999999755,0.999999509,0.999999264
      ,0.983285275,0.98328552,1.,0.999999755,0.999999509,0.999999264
      ,0.983285275,0.98328552,1.,0.999999755,0.999999509,0.999999264
      ,0.983285275,0.98328552,1.,0.999999755,0.999999509,0.999999264
      ,0.983285275,0.98328552,1.,0.999999755,0.999999509,0.999999264
      ,0.983285275,0.98328552,1.,0.999999755,0.999999509,0.999999264
      ,0.983285275,0.98328552,1.,0.999999755,0.999999509,0.999999264
      ,0.983285275,0.98328552,1.,0.999999755,0.999999509,0.999999264
      ,0.983285275,0.98328552,1.,0.999999755,0.999999509,0.999999264
      ,0.983285275,0.98328552,1.,0.999999755,0.999999509,0.999999264
      ,0.983285275,0.98328552,1.,0.999999755,0.999999509,0.999999264
      ,0.983285275,0.98328552,1.,0.999999755,0.999999509,0.999999264
      ,0.983285275,0.98328552,1.,0.999999755,0.999999509,0.999999264
      ,0.983285275,0.98328552,1.,0.999999755,0.999999509,0.999999264
      ,0.983285275,0.98328552,1.,0.999999755,0.999999509,0.999999264
      ,0.983285275,0.98328552,1.,0.999999755,0.999999509,0.999999264
      ,0.983285275,0.98328552,1.,0.999999755,0.999999509,0.999999264
      ,0.983285275,0.98328552,1.,0.999999755,0.999999509,0.999999264
      ,0.983285275,0.98328552,1.,0.999999755,0.999999509,0.999999264
      ,0.983285275,0.98328552,1.,0.999999755,0.999999509,0.999999264
      ,0.983285275,0.98328552,1.,0.999999755,0.999999509,0.999999264
      ,0.983285275,0.98328552,1.,0.999999755,0.999999509,0.999999264
      ,0.983285275,0.98328552,1.,0.999999755,0.999999509,0.999999264
      ,0.983285275,0.98328552,1.,0.999999755,0.999999509,0.999999264
      ,0.983285275,0.98328552,1.,0.999999755,0.999999509,0.999999264
      ,0.983285275,0.98328552,1.,0.999999755,0.999999509,0.999999264
      ,0.983285275,0.98328552,1.,0.999999755,0.999999509,0.999999264
      ,0.983285275,0.98328552,1.,0.999999755,0.999999509,0.999999264
      ,0.983285275,0.98328552,1.,0.999999755,0.999999509,0.999999264
      ,0.983285275,0.98328552,1.,0.999999755,0.999999509,0.999999264
      ,0.983285275,0.98328552,1.,0.999999755,0.999999509,0.999999264
      ,0.983285275,0.98328552,1.,0.999999755,0.999999509,0.999999264
      ,0.983285275,0.98328552,1.,0.999999755,0.999999509,0.999999264
      ,0.983285275,0.98328552,1.,0.999999755,0.999999509,0.999999264
      ,0.983285275,0.98328552,1.,0.999999755,0.999999509,0.999999264
      ,0.983285275,0.98328552,1.,0.999999755,0.999999509,0.999999264
      ,0.983285275,0.98328552,1.,0.999999755,0.999999509,0.999999264
      ,0.983285275,0.98328552,1.,0.999999755,0.999999509,0.999999264
      ,0.983285275,0.98328552,1.,0.999999755,0.999999509,0.999999264
      ,0.983285275,0.98328552,1.,0.999999755,0.999999509,0.999999264
      ,0.983285275,0.98328552,1.,0.999999755,0.999999509,0.999999264
      ,0.983285275,0.98328552,1.,0.999999755,0.999999509,0.999999264
      ,0.983285275,0.98328552,1.,0.999999755,0.999999509,0.999999264
      ,0.983285275,0.98328552,1.,0.999999755,0.999999509,0.999999264
      ,0.983285275,0.98328552,1.,0.999999755,0.999999509,0.999999264
      ,0.983285275,0.98328552,1.,0.999999755,0.999999509,0.999999264
      ,0.983285275,0.98328552,1.,0.999999755,0.999999509,0.999999264
      ,0.983285275,0.98328552,1.,0.999999755,0.999999509,0.999999264
      ,0.983285275,0.98328552,1.,0.999999755,0.999999509,0.999999264
      ,0.983285275,0.98328552,1.,0.999999755,0.999999509,0.999999264
      ,0.983285275,0.98328552,1.,0.999999755,0.999999509,0.999999264
      ,0.983285275,0.98328552,1.,0.999999755,0.999999509,0.999999264
      ,0.983285275,0.98328552,1.,0.999999755,0.999999509,0.999999264
      ,0.983285275,0.98328552,1.,0.999999755,0.999999509,0.999999264
      ,0.983285275,0.98328552,1.,0.999999755,0.999999509,0.999999264
      ,0.983285275,0.98328552,1.,0.999999755,0.999999509,0.999999264
      ,0.983285275,0.98328552,1.,0.999999755,0.999999509,0.999999264
      ,0.983285275,0.98328552,1.,0.999999755,0.999999509,0.999999264
      ,0.983285275,0.98328552,1.,0.999999755,0.999999509,0.999999264
      ,0.983285275,0.98328552,1.,0.999999755,0.999999509,0.999999264
      ,0.983285275,0.98328552,1.,0.999999755,0.999999509,0.999999264
      ,0.983285275,0.98328552,1.,0.999999755,0.999999509,0.999999264
      ,0.983285275,0.98328552,1.,0.999999755,0.999999509,0.999999264
      ,0.983285275,0.98328552,1.,0.999999755,0.999999509,0.999999264
      ,0.983285275,0.98328552,1.,0.999999755,0.999999509,0.999999264
      ,0.983285275,0.98328552,1.,0.999999755,0.999999509,0.999999264
      ,0.983285275,0.98328552,1.,0.999999755,0.999999509,0.999999264
      ,0.983285275,0.98328552,1.,0.999999755,0.999999509,0.999999264
      ,0.983285275,0.98328552,1.,0.999999755,0.999999509,0.999999264
      ,0.983285275,0.98328552,1.,0.999999755,0.999999509,0.999999264
      ,0.983285275,0.98328552,1.,0.999999755,0.999999509,0.999999264
      ,0.983285275,0.98328552,1.,0.999999755,0.999999509,0.999999264
      ,0.983285275,0.98328552,1.,0.999999755,0.999999509,0.999999264
      ,0.983285275,0.98328552,1.,0.999999755,0.999999509,0.999999264
      ,0.983285275,0.98328552,1.,0.999999755,0.999999509,0.999999264
      ,0.983285275,0.98328552,1.,0.999999755,0.999999509,0.999999264
      ,0.983285275,0.98328552,1.,0.999999755,0.999999509,0.999999264
      ,0.983285275,0.98328552,1.,0.999999755,0.999999509,0.999999264
      ,0.983285275,0.98328552,1.,0.999999755,0.999999509,0.999999264
      ,0.983285275,0.98328552,1.,0.999999755,0.999999509,0.999999264
      ,0.983285275,0.98328552,1.,0.999999755,0.999999509,0.999999264
      ,0.983285275,0.98328552,1.,0.999999755,0.999999509,0.999999264
      ,0.983285275,0.98328552,1.,0.999999755,0.999999509,0.999999264
      ,0.983285275,0.98328552,1.,0.999999755,0.999999509,0.999999264
      ,0.983285275,0.98328552,1.,0.999999755,0.999999509,0.999999264
      ,0.983285275,0.98328552,1.,0.999999755,0.999999509,0.999999264
      ,0.983285275,0.98328552,1.,0.999999755,0.999999509,0.999999264
      ,0.983285275,0.98328552,1.,0.999999755,0.999999509,0.999999264
      ,0.983285275,0.98328552,1.,0.999999755,0.999999509,0.999999264
,0.998131553,0.996472553,0.995022265
  ))) REPRESENTATION_ITEM('') SURFACE() );
#99 = CARTESIAN_POINT('',(295.5,210.,584.7));
#100 = CARTESIAN_POINT('',(295.481041637,207.69170394,584.7));
#101 = CARTESIAN_POINT('',(295.461595725,205.44128168,585.213644195));
#102 = CARTESIAN_POINT('',(295.442637363,203.361578792,586.215176321));
#103 = CARTESIAN_POINT('',(295.442637089,203.361548761,586.215190783));
#104 = CARTESIAN_POINT('',(295.442636815,203.361518729,586.215205246));
#105 = CARTESIAN_POINT('',(295.442636542,203.361488698,586.215219708));
#106 = CARTESIAN_POINT('',(295.423678429,201.281822897,587.216750718));
#107 = CARTESIAN_POINT('',(295.404232805,199.477155877,588.655934454));
#108 = CARTESIAN_POINT('',(295.385274725,198.037978318,590.460606032));
#109 = CARTESIAN_POINT('',(295.385274451,198.037957536,590.460632092));
#110 = CARTESIAN_POINT('',(295.385274177,198.037936753,590.460658152));
#111 = CARTESIAN_POINT('',(295.385273904,198.037915971,590.460684213));
#112 = CARTESIAN_POINT('',(295.366315792,196.598749848,592.265365646));
#113 = CARTESIAN_POINT('',(295.346870168,195.597239467,594.345041062));
#114 = CARTESIAN_POINT('',(295.327912088,195.083602944,596.59542971));
#115 = CARTESIAN_POINT('',(295.327911814,195.083595527,596.595462207));
#116 = CARTESIAN_POINT('',(295.32791154,195.08358811,596.595494703));
#117 = CARTESIAN_POINT('',(295.327911267,195.083580693,596.5955272));
#118 = CARTESIAN_POINT('',(295.308953154,194.569958749,598.845919767));
#119 = CARTESIAN_POINT('',(295.28950753,194.56996642,601.154181641));
#120 = CARTESIAN_POINT('',(295.270549451,195.083602944,603.40457029));
#121 = CARTESIAN_POINT('',(295.270549177,195.083610361,603.404602787));
#122 = CARTESIAN_POINT('',(295.270548903,195.083617778,603.404635283));
#123 = CARTESIAN_POINT('',(295.27054863,195.083625196,603.404667779));
#124 = CARTESIAN_POINT('',(295.251590517,195.597276555,605.655053632));
#125 = CARTESIAN_POINT('',(295.232144893,196.598800759,607.734722391));
#126 = CARTESIAN_POINT('',(295.213186813,198.037978318,609.539393968));
#127 = CARTESIAN_POINT('',(295.213186539,198.0379991,609.539420028));
#128 = CARTESIAN_POINT('',(295.213186265,198.038019883,609.539446088));
#129 = CARTESIAN_POINT('',(295.213185992,198.038040665,609.539472148));
#130 = CARTESIAN_POINT('',(295.19422788,199.477230378,611.34413477));
#131 = CARTESIAN_POINT('',(295.174782256,201.281906964,612.783306511));
#132 = CARTESIAN_POINT('',(295.155824176,203.361578792,613.784823679));
#133 = CARTESIAN_POINT('',(295.155823902,203.361608823,613.784838141));
#134 = CARTESIAN_POINT('',(295.155823628,203.361638855,613.784852604));
#135 = CARTESIAN_POINT('',(295.155823355,203.361668886,613.784867066));
#136 = CARTESIAN_POINT('',(295.136865242,205.441347778,614.786370891));
#137 = CARTESIAN_POINT('',(295.117419618,207.691738415,615.3));
#138 = CARTESIAN_POINT('',(295.098461538,210.,615.3));
#139 = CARTESIAN_POINT('',(295.098461264,210.000033332,615.3));
#140 = CARTESIAN_POINT('',(295.09846099,210.000066664,615.3));
#141 = CARTESIAN_POINT('',(295.098460717,210.000099997,615.3));
#142 = CARTESIAN_POINT('',(295.079502605,212.308362158,615.299984913));
#143 = CARTESIAN_POINT('',(295.060056981,214.558749381,614.786340847));
#144 = CARTESIAN_POINT('',(295.041098901,216.638421208,613.784823679));
#145 = CARTESIAN_POINT('',(295.041098627,216.638451239,613.784809217));
#146 = CARTESIAN_POINT('',(295.041098353,216.638481271,613.784794754));
#147 = CARTESIAN_POINT('',(295.04109808,216.638511302,613.784780292));
#148 = CARTESIAN_POINT('',(295.022139967,218.718177103,612.783249282));
#149 = CARTESIAN_POINT('',(295.002694343,220.522844123,611.344065546));
#150 = CARTESIAN_POINT('',(294.983736264,221.962021682,609.539393968));
#151 = CARTESIAN_POINT('',(294.98373599,221.962042464,609.539367908));
#152 = CARTESIAN_POINT('',(294.983735716,221.962063247,609.539341848));
#153 = CARTESIAN_POINT('',(294.983735443,221.962084029,609.539315787));
#154 = CARTESIAN_POINT('',(294.96477733,223.401250152,607.734634354));
#155 = CARTESIAN_POINT('',(294.945331706,224.402760533,605.654958938));
#156 = CARTESIAN_POINT('',(294.926373626,224.916397056,603.40457029));
#157 = CARTESIAN_POINT('',(294.926373352,224.916404473,603.404537793));
#158 = CARTESIAN_POINT('',(294.926373078,224.91641189,603.404505297));
#159 = CARTESIAN_POINT('',(294.926372805,224.916419307,603.4044728));
#160 = CARTESIAN_POINT('',(294.907414693,225.430041251,601.154080233));
#161 = CARTESIAN_POINT('',(294.887969069,225.43003358,598.845818359));
#162 = CARTESIAN_POINT('',(294.869010989,224.916397056,596.59542971));
#163 = CARTESIAN_POINT('',(294.869010715,224.916389639,596.595397213));
#164 = CARTESIAN_POINT('',(294.869010441,224.916382222,596.595364717));
#165 = CARTESIAN_POINT('',(294.869010168,224.916374804,596.595332221));
#166 = CARTESIAN_POINT('',(294.850052055,224.402723445,594.344946368));
#167 = CARTESIAN_POINT('',(294.830606431,223.401199241,592.265277609));
#168 = CARTESIAN_POINT('',(294.811648352,221.962021682,590.460606032));
#169 = CARTESIAN_POINT('',(294.811648078,221.9620009,590.460579972));
#170 = CARTESIAN_POINT('',(294.811647804,221.961980117,590.460553912));
#171 = CARTESIAN_POINT('',(294.811647531,221.961959335,590.460527852));
#172 = CARTESIAN_POINT('',(294.792689418,220.522769622,588.65586523));
#173 = CARTESIAN_POINT('',(294.773243794,218.718093036,587.216693489));
#174 = CARTESIAN_POINT('',(294.754285714,216.638421208,586.215176321));
#175 = CARTESIAN_POINT('',(294.75428544,216.638391177,586.215161859));
#176 = CARTESIAN_POINT('',(294.754285166,216.638361145,586.215147396));
#177 = CARTESIAN_POINT('',(294.754284893,216.638331114,586.215132934));
#178 = CARTESIAN_POINT('',(294.735326781,214.558652222,585.213629109));
#179 = CARTESIAN_POINT('',(294.715881157,212.308261585,584.7));
#180 = CARTESIAN_POINT('',(294.696923077,210.,584.7));
#181 = CARTESIAN_POINT('',(294.696922803,209.999966668,584.7));
#182 = CARTESIAN_POINT('',(294.696922529,209.999933336,584.7));
#183 = CARTESIAN_POINT('',(294.696922256,209.999900003,584.7));
#184 = CARTESIAN_POINT('',(294.677964143,207.691637842,584.700015087));
#185 = CARTESIAN_POINT('',(294.658518519,205.441250619,585.213659153));
#186 = CARTESIAN_POINT('',(294.63956044,203.361578792,586.215176321));
#187 = CARTESIAN_POINT('',(294.639560166,203.361548761,586.215190783));
#188 = CARTESIAN_POINT('',(294.639559892,203.361518729,586.215205246));
#189 = CARTESIAN_POINT('',(294.639559619,203.361488698,586.215219708));
#190 = CARTESIAN_POINT('',(294.620601506,201.281822897,587.216750718));
#191 = CARTESIAN_POINT('',(294.601155882,199.477155877,588.655934454));
#192 = CARTESIAN_POINT('',(294.582197802,198.037978318,590.460606032));
#193 = CARTESIAN_POINT('',(294.582197528,198.037957536,590.460632092));
#194 = CARTESIAN_POINT('',(294.582197254,198.037936753,590.460658152));
#195 = CARTESIAN_POINT('',(294.582196981,198.037915971,590.460684213));
#196 = CARTESIAN_POINT('',(294.563238869,196.598749848,592.265365646));
#197 = CARTESIAN_POINT('',(294.543793245,195.597239467,594.345041062));
#198 = CARTESIAN_POINT('',(294.524835165,195.083602944,596.59542971));
#199 = CARTESIAN_POINT('',(294.524834891,195.083595527,596.595462207));
#200 = CARTESIAN_POINT('',(294.524834617,195.08358811,596.595494703));
#201 = CARTESIAN_POINT('',(294.524834344,195.083580693,596.5955272));
#202 = CARTESIAN_POINT('',(294.505876231,194.569958749,598.845919767));
#203 = CARTESIAN_POINT('',(294.486430607,194.56996642,601.154181641));
#204 = CARTESIAN_POINT('',(294.467472527,195.083602944,603.40457029));
#205 = CARTESIAN_POINT('',(294.467472253,195.083610361,603.404602787));
#206 = CARTESIAN_POINT('',(294.467471979,195.083617778,603.404635283));
#207 = CARTESIAN_POINT('',(294.467471706,195.083625196,603.404667779));
#208 = CARTESIAN_POINT('',(294.448513594,195.597276555,605.655053632));
#209 = CARTESIAN_POINT('',(294.42906797,196.598800759,607.734722391));
#210 = CARTESIAN_POINT('',(294.41010989,198.037978318,609.539393968));
#211 = CARTESIAN_POINT('',(294.410109616,198.0379991,609.539420028));
#212 = CARTESIAN_POINT('',(294.410109342,198.038019883,609.539446088));
#213 = CARTESIAN_POINT('',(294.410109069,198.038040665,609.539472148));
#214 = CARTESIAN_POINT('',(294.391150956,199.477230378,611.34413477));
#215 = CARTESIAN_POINT('',(294.371705332,201.281906964,612.783306511));
#216 = CARTESIAN_POINT('',(294.352747253,203.361578792,613.784823679));
#217 = CARTESIAN_POINT('',(294.352746979,203.361608823,613.784838141));
#218 = CARTESIAN_POINT('',(294.352746705,203.361638855,613.784852604));
#219 = CARTESIAN_POINT('',(294.352746432,203.361668886,613.784867066));
#220 = CARTESIAN_POINT('',(294.333788319,205.441347778,614.786370891));
#221 = CARTESIAN_POINT('',(294.314342695,207.691738415,615.3));
#222 = CARTESIAN_POINT('',(294.295384615,210.,615.3));
#223 = CARTESIAN_POINT('',(294.295384341,210.000033332,615.3));
#224 = CARTESIAN_POINT('',(294.295384067,210.000066664,615.3));
#225 = CARTESIAN_POINT('',(294.295383794,210.000099997,615.3));
#226 = CARTESIAN_POINT('',(294.276425682,212.308362158,615.299984913));
#227 = CARTESIAN_POINT('',(294.256980058,214.558749381,614.786340847));
#228 = CARTESIAN_POINT('',(294.238021978,216.638421208,613.784823679));
#229 = CARTESIAN_POINT('',(294.238021704,216.638451239,613.784809217));
#230 = CARTESIAN_POINT('',(294.23802143,216.638481271,613.784794754));
#231 = CARTESIAN_POINT('',(294.238021157,216.638511302,613.784780292));
#232 = CARTESIAN_POINT('',(294.219063044,218.718177103,612.783249282));
#233 = CARTESIAN_POINT('',(294.19961742,220.522844123,611.344065546));
#234 = CARTESIAN_POINT('',(294.180659341,221.962021682,609.539393968));
#235 = CARTESIAN_POINT('',(294.180659067,221.962042464,609.539367908));
#236 = CARTESIAN_POINT('',(294.180658793,221.962063247,609.539341848));
#237 = CARTESIAN_POINT('',(294.18065852,221.962084029,609.539315787));
#238 = CARTESIAN_POINT('',(294.161700407,223.401250152,607.734634354));
#239 = CARTESIAN_POINT('',(294.142254783,224.402760533,605.654958938));
#240 = CARTESIAN_POINT('',(294.123296703,224.916397056,603.40457029));
#241 = CARTESIAN_POINT('',(294.123296429,224.916404473,603.404537793));
#242 = CARTESIAN_POINT('',(294.123296155,224.91641189,603.404505297));
#243 = CARTESIAN_POINT('',(294.123295882,224.916419307,603.4044728));
#244 = CARTESIAN_POINT('',(294.10433777,225.430041251,601.154080233));
#245 = CARTESIAN_POINT('',(294.084892146,225.43003358,598.845818359));
#246 = CARTESIAN_POINT('',(294.065934066,224.916397056,596.59542971));
#247 = CARTESIAN_POINT('',(294.065933792,224.916389639,596.595397213));
#248 = CARTESIAN_POINT('',(294.065933518,224.916382222,596.595364717));
#249 = CARTESIAN_POINT('',(294.065933245,224.916374804,596.595332221));
#250 = CARTESIAN_POINT('',(294.046975132,224.402723445,594.344946368));
#251 = CARTESIAN_POINT('',(294.027529508,223.401199241,592.265277609));
#252 = CARTESIAN_POINT('',(294.008571429,221.962021682,590.460606032));
#253 = CARTESIAN_POINT('',(294.008571155,221.9620009,590.460579972));
#254 = CARTESIAN_POINT('',(294.008570881,221.961980117,590.460553912));
#255 = CARTESIAN_POINT('',(294.008570608,221.961959335,590.460527852));
#256 = CARTESIAN_POINT('',(293.989612495,220.522769622,588.65586523));
#257 = CARTESIAN_POINT('',(293.970166871,218.718093036,587.216693489));
#258 = CARTESIAN_POINT('',(293.951208791,216.638421208,586.215176321));
#259 = CARTESIAN_POINT('',(293.951208517,216.638391177,586.215161859));
#260 = CARTESIAN_POINT('',(293.951208243,216.638361145,586.215147396));
#261 = CARTESIAN_POINT('',(293.95120797,216.638331114,586.215132934));
#262 = CARTESIAN_POINT('',(293.932249858,214.558652222,585.213629109));
#263 = CARTESIAN_POINT('',(293.912804234,212.308261585,584.7));
#264 = CARTESIAN_POINT('',(293.893846154,210.,584.7));
#265 = CARTESIAN_POINT('',(293.89384588,209.999966668,584.7));
#266 = CARTESIAN_POINT('',(293.893845606,209.999933336,584.7));
#267 = CARTESIAN_POINT('',(293.893845333,209.999900003,584.7));
#268 = CARTESIAN_POINT('',(293.87488722,207.691637842,584.700015087));
#269 = CARTESIAN_POINT('',(293.855441596,205.441250619,585.213659153));
#270 = CARTESIAN_POINT('',(293.836483516,203.361578792,586.215176321));
#271 = CARTESIAN_POINT('',(293.836483242,203.361548761,586.215190783));
#272 = CARTESIAN_POINT('',(293.836482968,203.361518729,586.215205246));
#273 = CARTESIAN_POINT('',(293.836482695,203.361488698,586.215219708));
#274 = CARTESIAN_POINT('',(293.817524583,201.281822897,587.216750718));
#275 = CARTESIAN_POINT('',(293.798078959,199.477155877,588.655934454));
#276 = CARTESIAN_POINT('',(293.779120879,198.037978318,590.460606032));
#277 = CARTESIAN_POINT('',(293.779120605,198.037957536,590.460632092));
#278 = CARTESIAN_POINT('',(293.779120331,198.037936753,590.460658152));
#279 = CARTESIAN_POINT('',(293.779120058,198.037915971,590.460684213));
#280 = CARTESIAN_POINT('',(293.760161945,196.598749848,592.265365646));
#281 = CARTESIAN_POINT('',(293.740716321,195.597239467,594.345041062));
#282 = CARTESIAN_POINT('',(293.721758242,195.083602944,596.59542971));
#283 = CARTESIAN_POINT('',(293.721757968,195.083595527,596.595462207));
#284 = CARTESIAN_POINT('',(293.721757694,195.08358811,596.595494703));
#285 = CARTESIAN_POINT('',(293.721757421,195.083580693,596.5955272));
#286 = CARTESIAN_POINT('',(293.702799308,194.569958749,598.845919767));
#287 = CARTESIAN_POINT('',(293.683353684,194.56996642,601.154181641));
#288 = CARTESIAN_POINT('',(293.664395604,195.083602944,603.40457029));
#289 = CARTESIAN_POINT('',(293.66439533,195.083610361,603.404602787));
#290 = CARTESIAN_POINT('',(293.664395056,195.083617778,603.404635283));
#291 = CARTESIAN_POINT('',(293.664394783,195.083625196,603.404667779));
#292 = CARTESIAN_POINT('',(293.645436671,195.597276555,605.655053632));
#293 = CARTESIAN_POINT('',(293.625991047,196.598800759,607.734722391));
#294 = CARTESIAN_POINT('',(293.607032967,198.037978318,609.539393968));
#295 = CARTESIAN_POINT('',(293.607032693,198.0379991,609.539420028));
#296 = CARTESIAN_POINT('',(293.607032419,198.038019883,609.539446088));
#297 = CARTESIAN_POINT('',(293.607032146,198.038040665,609.539472148));
#298 = CARTESIAN_POINT('',(293.588074033,199.477230378,611.34413477));
#299 = CARTESIAN_POINT('',(293.568628409,201.281906964,612.783306511));
#300 = CARTESIAN_POINT('',(293.54967033,203.361578792,613.784823679));
#301 = CARTESIAN_POINT('',(293.549670056,203.361608823,613.784838141));
#302 = CARTESIAN_POINT('',(293.549669782,203.361638855,613.784852604));
#303 = CARTESIAN_POINT('',(293.549669509,203.361668886,613.784867066));
#304 = CARTESIAN_POINT('',(293.530711396,205.441347778,614.786370891));
#305 = CARTESIAN_POINT('',(293.511265772,207.691738415,615.3));
#306 = CARTESIAN_POINT('',(293.492307692,210.,615.3));
#307 = CARTESIAN_POINT('',(293.492307418,210.000033332,615.3));
#308 = CARTESIAN_POINT('',(293.492307144,210.000066664,615.3));
#309 = CARTESIAN_POINT('',(293.492306871,210.000099997,615.3));
#310 = CARTESIAN_POINT('',(293.473348759,212.308362158,615.299984913));
#311 = CARTESIAN_POINT('',(293.453903135,214.558749381,614.786340847));
#312 = CARTESIAN_POINT('',(293.434945055,216.638421208,613.784823679));
#313 = CARTESIAN_POINT('',(293.434944781,216.638451239,613.784809217));
#314 = CARTESIAN_POINT('',(293.434944507,216.638481271,613.784794754));
#315 = CARTESIAN_POINT('',(293.434944234,216.638511302,613.784780292));
#316 = CARTESIAN_POINT('',(293.415986121,218.718177103,612.783249282));
#317 = CARTESIAN_POINT('',(293.396540497,220.522844123,611.344065546));
#318 = CARTESIAN_POINT('',(293.377582418,221.962021682,609.539393968));
#319 = CARTESIAN_POINT('',(293.377582144,221.962042464,609.539367908));
#320 = CARTESIAN_POINT('',(293.37758187,221.962063247,609.539341848));
#321 = CARTESIAN_POINT('',(293.377581597,221.962084029,609.539315787));
#322 = CARTESIAN_POINT('',(293.358623484,223.401250152,607.734634354));
#323 = CARTESIAN_POINT('',(293.33917786,224.402760533,605.654958938));
#324 = CARTESIAN_POINT('',(293.32021978,224.916397056,603.40457029));
#325 = CARTESIAN_POINT('',(293.320219506,224.916404473,603.404537793));
#326 = CARTESIAN_POINT('',(293.320219232,224.91641189,603.404505297));
#327 = CARTESIAN_POINT('',(293.320218959,224.916419307,603.4044728));
#328 = CARTESIAN_POINT('',(293.301260847,225.430041251,601.154080233));
#329 = CARTESIAN_POINT('',(293.281815223,225.43003358,598.845818359));
#330 = CARTESIAN_POINT('',(293.262857143,224.916397056,596.59542971));
#331 = CARTESIAN_POINT('',(293.262856869,224.916389639,596.595397213));
#332 = CARTESIAN_POINT('',(293.262856595,224.916382222,596.595364717));
#333 = CARTESIAN_POINT('',(293.262856322,224.916374804,596.595332221));
#334 = CARTESIAN_POINT('',(293.243898209,224.402723445,594.344946368));
#335 = CARTESIAN_POINT('',(293.224452585,223.401199241,592.265277609));
#336 = CARTESIAN_POINT('',(293.205494505,221.962021682,590.460606032));
#337 = CARTESIAN_POINT('',(293.205494231,221.9620009,590.460579972));
#338 = CARTESIAN_POINT('',(293.205493957,221.961980117,590.460553912));
#339 = CARTESIAN_POINT('',(293.205493684,221.961959335,590.460527852));
#340 = CARTESIAN_POINT('',(293.186535572,220.522769622,588.65586523));
#341 = CARTESIAN_POINT('',(293.167089948,218.718093036,587.216693489));
#342 = CARTESIAN_POINT('',(293.148131868,216.638421208,586.215176321));
#343 = CARTESIAN_POINT('',(293.148131594,216.638391177,586.215161859));
#344 = CARTESIAN_POINT('',(293.14813132,216.638361145,586.215147396));
#345 = CARTESIAN_POINT('',(293.148131047,216.638331114,586.215132934));
#346 = CARTESIAN_POINT('',(293.129172934,214.558652222,585.213629109));
#347 = CARTESIAN_POINT('',(293.10972731,212.308261585,584.7));
#348 = CARTESIAN_POINT('',(293.090769231,210.,584.7));
#349 = CARTESIAN_POINT('',(293.090768957,209.999966668,584.7));
#350 = CARTESIAN_POINT('',(293.090768683,209.999933336,584.7));
#351 = CARTESIAN_POINT('',(293.09076841,209.999900003,584.7));
#352 = CARTESIAN_POINT('',(293.071810297,207.691637842,584.700015087));
#353 = CARTESIAN_POINT('',(293.052364673,205.441250619,585.213659153));
#354 = CARTESIAN_POINT('',(293.033406593,203.361578792,586.215176321));
#355 = CARTESIAN_POINT('',(293.033406319,203.361548761,586.215190783));
#356 = CARTESIAN_POINT('',(293.033406045,203.361518729,586.215205246));
#357 = CARTESIAN_POINT('',(293.033405772,203.361488698,586.215219708));
#358 = CARTESIAN_POINT('',(293.01444766,201.281822897,587.216750718));
#359 = CARTESIAN_POINT('',(292.995002036,199.477155877,588.655934454));
#360 = CARTESIAN_POINT('',(292.976043956,198.037978318,590.460606032));
#361 = CARTESIAN_POINT('',(292.976043682,198.037957536,590.460632092));
#362 = CARTESIAN_POINT('',(292.976043408,198.037936753,590.460658152));
#363 = CARTESIAN_POINT('',(292.976043135,198.037915971,590.460684213));
#364 = CARTESIAN_POINT('',(292.957085022,196.598749848,592.265365646));
#365 = CARTESIAN_POINT('',(292.937639398,195.597239467,594.345041062));
#366 = CARTESIAN_POINT('',(292.918681319,195.083602944,596.59542971));
#367 = CARTESIAN_POINT('',(292.918681045,195.083595527,596.595462207));
#368 = CARTESIAN_POINT('',(292.918680771,195.08358811,596.595494703));
#369 = CARTESIAN_POINT('',(292.918680498,195.083580693,596.5955272));
#370 = CARTESIAN_POINT('',(292.899722385,194.569958749,598.845919767));
#371 = CARTESIAN_POINT('',(292.880276761,194.56996642,601.154181641));
#372 = CARTESIAN_POINT('',(292.861318681,195.083602944,603.40457029));
#373 = CARTESIAN_POINT('',(292.861318407,195.083610361,603.404602787));
#374 = CARTESIAN_POINT('',(292.861318133,195.083617778,603.404635283));
#375 = CARTESIAN_POINT('',(292.86131786,195.083625196,603.404667779));
#376 = CARTESIAN_POINT('',(292.842359748,195.597276555,605.655053632));
#377 = CARTESIAN_POINT('',(292.822914124,196.598800759,607.734722391));
#378 = CARTESIAN_POINT('',(292.803956044,198.037978318,609.539393968));
#379 = CARTESIAN_POINT('',(292.80395577,198.0379991,609.539420028));
#380 = CARTESIAN_POINT('',(292.803955496,198.038019883,609.539446088));
#381 = CARTESIAN_POINT('',(292.803955223,198.038040665,609.539472148));
#382 = CARTESIAN_POINT('',(292.78499711,199.477230378,611.34413477));
#383 = CARTESIAN_POINT('',(292.765551486,201.281906964,612.783306511));
#384 = CARTESIAN_POINT('',(292.746593407,203.361578792,613.784823679));
#385 = CARTESIAN_POINT('',(292.746593133,203.361608823,613.784838141));
#386 = CARTESIAN_POINT('',(292.746592859,203.361638855,613.784852604));
#387 = CARTESIAN_POINT('',(292.746592586,203.361668886,613.784867066));
#388 = CARTESIAN_POINT('',(292.727634473,205.441347778,614.786370891));
#389 = CARTESIAN_POINT('',(292.708188849,207.691738415,615.3));
#390 = CARTESIAN_POINT('',(292.689230769,210.,615.3));
#391 = CARTESIAN_POINT('',(292.689230495,210.000033332,615.3));
#392 = CARTESIAN_POINT('',(292.689230221,210.000066664,615.3));
#393 = CARTESIAN_POINT('',(292.689229948,210.000099997,615.3));
#394 = CARTESIAN_POINT('',(292.670271836,212.308362158,615.299984913));
#395 = CARTESIAN_POINT('',(292.650826212,214.558749381,614.786340847));
#396 = CARTESIAN_POINT('',(292.631868132,216.638421208,613.784823679));
#397 = CARTESIAN_POINT('',(292.631867858,216.638451239,613.784809217));
#398 = CARTESIAN_POINT('',(292.631867584,216.638481271,613.784794754));
#399 = CARTESIAN_POINT('',(292.631867311,216.638511302,613.784780292));
#400 = CARTESIAN_POINT('',(292.612909198,218.718177103,612.783249282));
#401 = CARTESIAN_POINT('',(292.593463574,220.522844123,611.344065546));
#402 = CARTESIAN_POINT('',(292.574505495,221.962021682,609.539393968));
#403 = CARTESIAN_POINT('',(292.574505221,221.962042464,609.539367908));
#404 = CARTESIAN_POINT('',(292.574504947,221.962063247,609.539341848));
#405 = CARTESIAN_POINT('',(292.574504674,221.962084029,609.539315787));
#406 = CARTESIAN_POINT('',(292.555546561,223.401250152,607.734634354));
#407 = CARTESIAN_POINT('',(292.536100937,224.402760533,605.654958938));
#408 = CARTESIAN_POINT('',(292.517142857,224.916397056,603.40457029));
#409 = CARTESIAN_POINT('',(292.517142583,224.916404473,603.404537793));
#410 = CARTESIAN_POINT('',(292.517142309,224.91641189,603.404505297));
#411 = CARTESIAN_POINT('',(292.517142036,224.916419307,603.4044728));
#412 = CARTESIAN_POINT('',(292.498183923,225.430041251,601.154080233));
#413 = CARTESIAN_POINT('',(292.478738299,225.43003358,598.845818359));
#414 = CARTESIAN_POINT('',(292.45978022,224.916397056,596.59542971));
#415 = CARTESIAN_POINT('',(292.459779946,224.916389639,596.595397213));
#416 = CARTESIAN_POINT('',(292.459779672,224.916382222,596.595364717));
#417 = CARTESIAN_POINT('',(292.459779399,224.916374804,596.595332221));
#418 = CARTESIAN_POINT('',(292.440821286,224.402723445,594.344946368));
#419 = CARTESIAN_POINT('',(292.421375662,223.401199241,592.265277609));
#420 = CARTESIAN_POINT('',(292.402417582,221.962021682,590.460606032));
#421 = CARTESIAN_POINT('',(292.402417308,221.9620009,590.460579972));
#422 = CARTESIAN_POINT('',(292.402417034,221.961980117,590.460553912));
#423 = CARTESIAN_POINT('',(292.402416761,221.961959335,590.460527852));
#424 = CARTESIAN_POINT('',(292.383458649,220.522769622,588.65586523));
#425 = CARTESIAN_POINT('',(292.364013025,218.718093036,587.216693489));
#426 = CARTESIAN_POINT('',(292.345054945,216.638421208,586.215176321));
#427 = CARTESIAN_POINT('',(292.345054671,216.638391177,586.215161859));
#428 = CARTESIAN_POINT('',(292.345054397,216.638361145,586.215147396));
#429 = CARTESIAN_POINT('',(292.345054124,216.638331114,586.215132934));
#430 = CARTESIAN_POINT('',(292.326096011,214.558652222,585.213629109));
#431 = CARTESIAN_POINT('',(292.306650387,212.308261585,584.7));
#432 = CARTESIAN_POINT('',(292.287692308,210.,584.7));
#433 = CARTESIAN_POINT('',(292.287692034,209.999966668,584.7));
#434 = CARTESIAN_POINT('',(292.28769176,209.999933336,584.7));
#435 = CARTESIAN_POINT('',(292.287691487,209.999900003,584.7));
#436 = CARTESIAN_POINT('',(292.268733374,207.691637842,584.700015087));
#437 = CARTESIAN_POINT('',(292.24928775,205.441250619,585.213659153));
#438 = CARTESIAN_POINT('',(292.23032967,203.361578792,586.215176321));
#439 = CARTESIAN_POINT('',(292.230329396,203.361548761,586.215190783));
#440 = CARTESIAN_POINT('',(292.230329122,203.361518729,586.215205246));
#441 = CARTESIAN_POINT('',(292.230328849,203.361488698,586.215219708));
#442 = CARTESIAN_POINT('',(292.211370737,201.281822897,587.216750718));
#443 = CARTESIAN_POINT('',(292.191925113,199.477155877,588.655934454));
#444 = CARTESIAN_POINT('',(292.172967033,198.037978318,590.460606032));
#445 = CARTESIAN_POINT('',(292.172966759,198.037957536,590.460632092));
#446 = CARTESIAN_POINT('',(292.172966485,198.037936753,590.460658152));
#447 = CARTESIAN_POINT('',(292.172966212,198.037915971,590.460684213));
#448 = CARTESIAN_POINT('',(292.154008099,196.598749848,592.265365646));
#449 = CARTESIAN_POINT('',(292.134562475,195.597239467,594.345041062));
#450 = CARTESIAN_POINT('',(292.115604396,195.083602944,596.59542971));
#451 = CARTESIAN_POINT('',(292.115604122,195.083595527,596.595462207));
#452 = CARTESIAN_POINT('',(292.115603848,195.08358811,596.595494703));
#453 = CARTESIAN_POINT('',(292.115603575,195.083580693,596.5955272));
#454 = CARTESIAN_POINT('',(292.096645462,194.569958749,598.845919767));
#455 = CARTESIAN_POINT('',(292.077199838,194.56996642,601.154181641));
#456 = CARTESIAN_POINT('',(292.058241758,195.083602944,603.40457029));
#457 = CARTESIAN_POINT('',(292.058241484,195.083610361,603.404602787));
#458 = CARTESIAN_POINT('',(292.05824121,195.083617778,603.404635283));
#459 = CARTESIAN_POINT('',(292.058240937,195.083625196,603.404667779));
#460 = CARTESIAN_POINT('',(292.039282825,195.597276555,605.655053632));
#461 = CARTESIAN_POINT('',(292.019837201,196.598800759,607.734722391));
#462 = CARTESIAN_POINT('',(292.000879121,198.037978318,609.539393968));
#463 = CARTESIAN_POINT('',(292.000878847,198.0379991,609.539420028));
#464 = CARTESIAN_POINT('',(292.000878573,198.038019883,609.539446088));
#465 = CARTESIAN_POINT('',(292.0008783,198.038040665,609.539472148));
#466 = CARTESIAN_POINT('',(291.981920187,199.477230378,611.34413477));
#467 = CARTESIAN_POINT('',(291.962474563,201.281906964,612.783306511));
#468 = CARTESIAN_POINT('',(291.943516484,203.361578792,613.784823679));
#469 = CARTESIAN_POINT('',(291.94351621,203.361608823,613.784838141));
#470 = CARTESIAN_POINT('',(291.943515936,203.361638855,613.784852604));
#471 = CARTESIAN_POINT('',(291.943515663,203.361668886,613.784867066));
#472 = CARTESIAN_POINT('',(291.92455755,205.441347778,614.786370891));
#473 = CARTESIAN_POINT('',(291.905111926,207.691738415,615.3));
#474 = CARTESIAN_POINT('',(291.886153846,210.,615.3));
#475 = CARTESIAN_POINT('',(291.886153572,210.000033332,615.3));
#476 = CARTESIAN_POINT('',(291.886153298,210.000066664,615.3));
#477 = CARTESIAN_POINT('',(291.886153025,210.000099997,615.3));
#478 = CARTESIAN_POINT('',(291.867194912,212.308362158,615.299984913));
#479 = CARTESIAN_POINT('',(291.847749288,214.558749381,614.786340847));
#480 = CARTESIAN_POINT('',(291.828791209,216.638421208,613.784823679));
#481 = CARTESIAN_POINT('',(291.828790935,216.638451239,613.784809217));
#482 = CARTESIAN_POINT('',(291.828790661,216.638481271,613.784794754));
#483 = CARTESIAN_POINT('',(291.828790388,216.638511302,613.784780292));
#484 = CARTESIAN_POINT('',(291.809832275,218.718177103,612.783249282));
#485 = CARTESIAN_POINT('',(291.790386651,220.522844123,611.344065546));
#486 = CARTESIAN_POINT('',(291.771428571,221.962021682,609.539393968));
#487 = CARTESIAN_POINT('',(291.771428297,221.962042464,609.539367908));
#488 = CARTESIAN_POINT('',(291.771428023,221.962063247,609.539341848));
#489 = CARTESIAN_POINT('',(291.77142775,221.962084029,609.539315787));
#490 = CARTESIAN_POINT('',(291.752469638,223.401250152,607.734634354));
#491 = CARTESIAN_POINT('',(291.733024014,224.402760533,605.654958938));
#492 = CARTESIAN_POINT('',(291.714065934,224.916397056,603.40457029));
#493 = CARTESIAN_POINT('',(291.71406566,224.916404473,603.404537793));
#494 = CARTESIAN_POINT('',(291.714065386,224.91641189,603.404505297));
#495 = CARTESIAN_POINT('',(291.714065113,224.916419307,603.4044728));
#496 = CARTESIAN_POINT('',(291.695107,225.430041251,601.154080233));
#497 = CARTESIAN_POINT('',(291.675661376,225.43003358,598.845818359));
#498 = CARTESIAN_POINT('',(291.656703297,224.916397056,596.59542971));
#499 = CARTESIAN_POINT('',(291.656703023,224.916389639,596.595397213));
#500 = CARTESIAN_POINT('',(291.656702749,224.916382222,596.595364717));
#501 = CARTESIAN_POINT('',(291.656702476,224.916374804,596.595332221));
#502 = CARTESIAN_POINT('',(291.637744363,224.402723445,594.344946368));
#503 = CARTESIAN_POINT('',(291.618298739,223.401199241,592.265277609));
#504 = CARTESIAN_POINT('',(291.599340659,221.962021682,590.460606032));
#505 = CARTESIAN_POINT('',(291.599340385,221.9620009,590.460579972));
#506 = CARTESIAN_POINT('',(291.599340111,221.961980117,590.460553912));
#507 = CARTESIAN_POINT('',(291.599339838,221.961959335,590.460527852));
#508 = CARTESIAN_POINT('',(291.580381726,220.522769622,588.65586523));
#509 = CARTESIAN_POINT('',(291.560936102,218.718093036,587.216693489));
#510 = CARTESIAN_POINT('',(291.541978022,216.638421208,586.215176321));
#511 = CARTESIAN_POINT('',(291.541977748,216.638391177,586.215161859));
#512 = CARTESIAN_POINT('',(291.541977474,216.638361145,586.215147396));
#513 = CARTESIAN_POINT('',(291.541977201,216.638331114,586.215132934));
#514 = CARTESIAN_POINT('',(291.523019088,214.558652222,585.213629109));
#515 = CARTESIAN_POINT('',(291.503573464,212.308261585,584.7));
#516 = CARTESIAN_POINT('',(291.484615385,210.,584.7));
#517 = CARTESIAN_POINT('',(291.484615111,209.999966668,584.7));
#518 = CARTESIAN_POINT('',(291.484614837,209.999933336,584.7));
#519 = CARTESIAN_POINT('',(291.484614564,209.999900003,584.7));
#520 = CARTESIAN_POINT('',(291.465656451,207.691637842,584.700015087));
#521 = CARTESIAN_POINT('',(291.446210827,205.441250619,585.213659153));
#522 = CARTESIAN_POINT('',(291.427252747,203.361578792,586.215176321));
#523 = CARTESIAN_POINT('',(291.427252473,203.361548761,586.215190783));
#524 = CARTESIAN_POINT('',(291.427252199,203.361518729,586.215205246));
#525 = CARTESIAN_POINT('',(291.427251926,203.361488698,586.215219708));
#526 = CARTESIAN_POINT('',(291.408293814,201.281822897,587.216750718));
#527 = CARTESIAN_POINT('',(291.38884819,199.477155877,588.655934454));
#528 = CARTESIAN_POINT('',(291.36989011,198.037978318,590.460606032));
#529 = CARTESIAN_POINT('',(291.369889836,198.037957536,590.460632092));
#530 = CARTESIAN_POINT('',(291.369889562,198.037936753,590.460658152));
#531 = CARTESIAN_POINT('',(291.369889289,198.037915971,590.460684213));
#532 = CARTESIAN_POINT('',(291.350931176,196.598749848,592.265365646));
#533 = CARTESIAN_POINT('',(291.331485552,195.597239467,594.345041062));
#534 = CARTESIAN_POINT('',(291.312527473,195.083602944,596.59542971));
#535 = CARTESIAN_POINT('',(291.312527199,195.083595527,596.595462207));
#536 = CARTESIAN_POINT('',(291.312526925,195.08358811,596.595494703));
#537 = CARTESIAN_POINT('',(291.312526652,195.083580693,596.5955272));
#538 = CARTESIAN_POINT('',(291.293568539,194.569958749,598.845919767));
#539 = CARTESIAN_POINT('',(291.274122915,194.56996642,601.154181641));
#540 = CARTESIAN_POINT('',(291.255164835,195.083602944,603.40457029));
#541 = CARTESIAN_POINT('',(291.255164561,195.083610361,603.404602787));
#542 = CARTESIAN_POINT('',(291.255164287,195.083617778,603.404635283));
#543 = CARTESIAN_POINT('',(291.255164014,195.083625196,603.404667779));
#544 = CARTESIAN_POINT('',(291.236205901,195.597276555,605.655053632));
#545 = CARTESIAN_POINT('',(291.216760277,196.598800759,607.734722391));
#546 = CARTESIAN_POINT('',(291.197802198,198.037978318,609.539393968));
#547 = CARTESIAN_POINT('',(291.197801924,198.0379991,609.539420028));
#548 = CARTESIAN_POINT('',(291.19780165,198.038019883,609.539446088));
#549 = CARTESIAN_POINT('',(291.197801377,198.038040665,609.539472148));
#550 = CARTESIAN_POINT('',(291.178843264,199.477230378,611.34413477));
#551 = CARTESIAN_POINT('',(291.15939764,201.281906964,612.783306511));
#552 = CARTESIAN_POINT('',(291.14043956,203.361578792,613.784823679));
#553 = CARTESIAN_POINT('',(291.140439286,203.361608823,613.784838141));
#554 = CARTESIAN_POINT('',(291.140439012,203.361638855,613.784852604));
#555 = CARTESIAN_POINT('',(291.140438739,203.361668886,613.784867066));
#556 = CARTESIAN_POINT('',(291.121480627,205.441347778,614.786370891));
#557 = CARTESIAN_POINT('',(291.102035003,207.691738415,615.3));
#558 = CARTESIAN_POINT('',(291.083076923,210.,615.3));
#559 = CARTESIAN_POINT('',(291.083076649,210.000033332,615.3));
#560 = CARTESIAN_POINT('',(291.083076375,210.000066664,615.3));
#561 = CARTESIAN_POINT('',(291.083076102,210.000099997,615.3));
#562 = CARTESIAN_POINT('',(291.064117989,212.308362158,615.299984913));
#563 = CARTESIAN_POINT('',(291.044672365,214.558749381,614.786340847));
#564 = CARTESIAN_POINT('',(291.025714286,216.638421208,613.784823679));
#565 = CARTESIAN_POINT('',(291.025714012,216.638451239,613.784809217));
#566 = CARTESIAN_POINT('',(291.025713738,216.638481271,613.784794754));
#567 = CARTESIAN_POINT('',(291.025713465,216.638511302,613.784780292));
#568 = CARTESIAN_POINT('',(291.006755352,218.718177103,612.783249282));
#569 = CARTESIAN_POINT('',(290.987309728,220.522844123,611.344065546));
#570 = CARTESIAN_POINT('',(290.968351648,221.962021682,609.539393968));
#571 = CARTESIAN_POINT('',(290.968351374,221.962042464,609.539367908));
#572 = CARTESIAN_POINT('',(290.9683511,221.962063247,609.539341848));
#573 = CARTESIAN_POINT('',(290.968350827,221.962084029,609.539315787));
#574 = CARTESIAN_POINT('',(290.949392715,223.401250152,607.734634354));
#575 = CARTESIAN_POINT('',(290.929947091,224.402760533,605.654958938));
#576 = CARTESIAN_POINT('',(290.910989011,224.916397056,603.40457029));
#577 = CARTESIAN_POINT('',(290.910988737,224.916404473,603.404537793));
#578 = CARTESIAN_POINT('',(290.910988463,224.91641189,603.404505297));
#579 = CARTESIAN_POINT('',(290.91098819,224.916419307,603.4044728));
#580 = CARTESIAN_POINT('',(290.892030077,225.430041251,601.154080233));
#581 = CARTESIAN_POINT('',(290.872584453,225.43003358,598.845818359));
#582 = CARTESIAN_POINT('',(290.853626374,224.916397056,596.59542971));
#583 = CARTESIAN_POINT('',(290.8536261,224.916389639,596.595397213));
#584 = CARTESIAN_POINT('',(290.853625826,224.916382222,596.595364717));
#585 = CARTESIAN_POINT('',(290.853625553,224.916374804,596.595332221));
#586 = CARTESIAN_POINT('',(290.83466744,224.402723445,594.344946368));
#587 = CARTESIAN_POINT('',(290.815221816,223.401199241,592.265277609));
#588 = CARTESIAN_POINT('',(290.796263736,221.962021682,590.460606032));
#589 = CARTESIAN_POINT('',(290.796263462,221.9620009,590.460579972));
#590 = CARTESIAN_POINT('',(290.796263188,221.961980117,590.460553912));
#591 = CARTESIAN_POINT('',(290.796262915,221.961959335,590.460527852));
#592 = CARTESIAN_POINT('',(290.777304803,220.522769622,588.65586523));
#593 = CARTESIAN_POINT('',(290.757859179,218.718093036,587.216693489));
#594 = CARTESIAN_POINT('',(290.738901099,216.638421208,586.215176321));
#595 = CARTESIAN_POINT('',(290.738900825,216.638391177,586.215161859));
#596 = CARTESIAN_POINT('',(290.738900551,216.638361145,586.215147396));
#597 = CARTESIAN_POINT('',(290.738900278,216.638331114,586.215132934));
#598 = CARTESIAN_POINT('',(290.719942165,214.558652222,585.213629109));
#599 = CARTESIAN_POINT('',(290.700496541,212.308261585,584.7));
#600 = CARTESIAN_POINT('',(290.681538462,210.,584.7));
#601 = CARTESIAN_POINT('',(290.681538188,209.999966668,584.7));
#602 = CARTESIAN_POINT('',(290.681537914,209.999933336,584.7));
#603 = CARTESIAN_POINT('',(290.681537641,209.999900003,584.7));
#604 = CARTESIAN_POINT('',(290.662579528,207.691637842,584.700015087));
#605 = CARTESIAN_POINT('',(290.643133904,205.441250619,585.213659153));
#606 = CARTESIAN_POINT('',(290.624175824,203.361578792,586.215176321));
#607 = CARTESIAN_POINT('',(290.62417555,203.361548761,586.215190783));
#608 = CARTESIAN_POINT('',(290.624175276,203.361518729,586.215205246));
#609 = CARTESIAN_POINT('',(290.624175003,203.361488698,586.215219708));
#610 = CARTESIAN_POINT('',(290.60521689,201.281822897,587.216750718));
#611 = CARTESIAN_POINT('',(290.585771266,199.477155877,588.655934454));
#612 = CARTESIAN_POINT('',(290.566813187,198.037978318,590.460606032));
#613 = CARTESIAN_POINT('',(290.566812913,198.037957536,590.460632092));
#614 = CARTESIAN_POINT('',(290.566812639,198.037936753,590.460658152));
#615 = CARTESIAN_POINT('',(290.566812366,198.037915971,590.460684213));
#616 = CARTESIAN_POINT('',(290.547854253,196.598749848,592.265365646));
#617 = CARTESIAN_POINT('',(290.528408629,195.597239467,594.345041062));
#618 = CARTESIAN_POINT('',(290.509450549,195.083602944,596.59542971));
#619 = CARTESIAN_POINT('',(290.509450275,195.083595527,596.595462207));
#620 = CARTESIAN_POINT('',(290.509450001,195.08358811,596.595494703));
#621 = CARTESIAN_POINT('',(290.509449728,195.083580693,596.5955272));
#622 = CARTESIAN_POINT('',(290.490491616,194.569958749,598.845919767));
#623 = CARTESIAN_POINT('',(290.471045992,194.56996642,601.154181641));
#624 = CARTESIAN_POINT('',(290.452087912,195.083602944,603.40457029));
#625 = CARTESIAN_POINT('',(290.452087638,195.083610361,603.404602787));
#626 = CARTESIAN_POINT('',(290.452087364,195.083617778,603.404635283));
#627 = CARTESIAN_POINT('',(290.452087091,195.083625196,603.404667779));
#628 = CARTESIAN_POINT('',(290.433128978,195.597276555,605.655053632));
#629 = CARTESIAN_POINT('',(290.413683354,196.598800759,607.734722391));
#630 = CARTESIAN_POINT('',(290.394725275,198.037978318,609.539393968));
#631 = CARTESIAN_POINT('',(290.394725001,198.0379991,609.539420028));
#632 = CARTESIAN_POINT('',(290.394724727,198.038019883,609.539446088));
#633 = CARTESIAN_POINT('',(290.394724454,198.038040665,609.539472148));
#634 = CARTESIAN_POINT('',(290.375766341,199.477230378,611.34413477));
#635 = CARTESIAN_POINT('',(290.356320717,201.281906964,612.783306511));
#636 = CARTESIAN_POINT('',(290.337362637,203.361578792,613.784823679));
#637 = CARTESIAN_POINT('',(290.337362363,203.361608823,613.784838141));
#638 = CARTESIAN_POINT('',(290.337362089,203.361638855,613.784852604));
#639 = CARTESIAN_POINT('',(290.337361816,203.361668886,613.784867066));
#640 = CARTESIAN_POINT('',(290.318403704,205.441347778,614.786370891));
#641 = CARTESIAN_POINT('',(290.29895808,207.691738415,615.3));
#642 = CARTESIAN_POINT('',(290.28,210.,615.3));
#643 = CARTESIAN_POINT('',(290.279999726,210.000033332,615.3));
#644 = CARTESIAN_POINT('',(290.279999452,210.000066664,615.3));
#645 = CARTESIAN_POINT('',(290.279999179,210.000099997,615.3));
#646 = CARTESIAN_POINT('',(290.261041066,212.308362158,615.299984913));
#647 = CARTESIAN_POINT('',(290.241595442,214.558749381,614.786340847));
#648 = CARTESIAN_POINT('',(290.222637363,216.638421208,613.784823679));
#649 = CARTESIAN_POINT('',(290.222637089,216.638451239,613.784809217));
#650 = CARTESIAN_POINT('',(290.222636815,216.638481271,613.784794754));
#651 = CARTESIAN_POINT('',(290.222636542,216.638511302,613.784780292));
#652 = CARTESIAN_POINT('',(290.203678429,218.718177103,612.783249282));
#653 = CARTESIAN_POINT('',(290.184232805,220.522844123,611.344065546));
#654 = CARTESIAN_POINT('',(290.165274725,221.962021682,609.539393968));
#655 = CARTESIAN_POINT('',(290.165274451,221.962042464,609.539367908));
#656 = CARTESIAN_POINT('',(290.165274177,221.962063247,609.539341848));
#657 = CARTESIAN_POINT('',(290.165273904,221.962084029,609.539315787));
#658 = CARTESIAN_POINT('',(290.146315792,223.401250152,607.734634354));
#659 = CARTESIAN_POINT('',(290.126870168,224.402760533,605.654958938));
#660 = CARTESIAN_POINT('',(290.107912088,224.916397056,603.40457029));
#661 = CARTESIAN_POINT('',(290.107911814,224.916404473,603.404537793));
#662 = CARTESIAN_POINT('',(290.10791154,224.91641189,603.404505297));
#663 = CARTESIAN_POINT('',(290.107911267,224.916419307,603.4044728));
#664 = CARTESIAN_POINT('',(290.088953154,225.430041251,601.154080233));
#665 = CARTESIAN_POINT('',(290.06950753,225.43003358,598.845818359));
#666 = CARTESIAN_POINT('',(290.050549451,224.916397056,596.59542971));
#667 = CARTESIAN_POINT('',(290.050549177,224.916389639,596.595397213));
#668 = CARTESIAN_POINT('',(290.050548903,224.916382222,596.595364717));
#669 = CARTESIAN_POINT('',(290.05054863,224.916374804,596.595332221));
#670 = CARTESIAN_POINT('',(290.031590517,224.402723445,594.344946368));
#671 = CARTESIAN_POINT('',(290.012144893,223.401199241,592.265277609));
#672 = CARTESIAN_POINT('',(289.993186813,221.962021682,590.460606032));
#673 = CARTESIAN_POINT('',(289.993186539,221.9620009,590.460579972));
#674 = CARTESIAN_POINT('',(289.993186265,221.961980117,590.460553912));
#675 = CARTESIAN_POINT('',(289.993185992,221.961959335,590.460527852));
#676 = CARTESIAN_POINT('',(289.97422788,220.522769622,588.65586523));
#677 = CARTESIAN_POINT('',(289.954782256,218.718093036,587.216693489));
#678 = CARTESIAN_POINT('',(289.935824176,216.638421208,586.215176321));
#679 = CARTESIAN_POINT('',(289.935823902,216.638391177,586.215161859));
#680 = CARTESIAN_POINT('',(289.935823628,216.638361145,586.215147396));
#681 = CARTESIAN_POINT('',(289.935823355,216.638331114,586.215132934));
#682 = CARTESIAN_POINT('',(289.916865242,214.558652222,585.213629109));
#683 = CARTESIAN_POINT('',(289.897419618,212.308261585,584.7));
#684 = CARTESIAN_POINT('',(289.878461538,210.,584.7));
#685 = CARTESIAN_POINT('',(289.878461264,209.999966668,584.7));
#686 = CARTESIAN_POINT('',(289.87846099,209.999933336,584.7));
#687 = CARTESIAN_POINT('',(289.878460717,209.999900003,584.7));
#688 = CARTESIAN_POINT('',(289.859502605,207.691637842,584.700015087));
#689 = CARTESIAN_POINT('',(289.840056981,205.441250619,585.213659153));
#690 = CARTESIAN_POINT('',(289.821098901,203.361578792,586.215176321));
#691 = CARTESIAN_POINT('',(289.821098627,203.361548761,586.215190783));
#692 = CARTESIAN_POINT('',(289.821098353,203.361518729,586.215205246));
#693 = CARTESIAN_POINT('',(289.82109808,203.361488698,586.215219708));
#694 = CARTESIAN_POINT('',(289.802139967,201.281822897,587.216750718));
#695 = CARTESIAN_POINT('',(289.782694343,199.477155877,588.655934454));
#696 = CARTESIAN_POINT('',(289.763736264,198.037978318,590.460606032));
#697 = CARTESIAN_POINT('',(289.76373599,198.037957536,590.460632092));
#698 = CARTESIAN_POINT('',(289.763735716,198.037936753,590.460658152));
#699 = CARTESIAN_POINT('',(289.763735443,198.037915971,590.460684213));
#700 = CARTESIAN_POINT('',(289.74477733,196.598749848,592.265365646));
#701 = CARTESIAN_POINT('',(289.725331706,195.597239467,594.345041062));
#702 = CARTESIAN_POINT('',(289.706373626,195.083602944,596.59542971));
#703 = CARTESIAN_POINT('',(289.706373352,195.083595527,596.595462207));
#704 = CARTESIAN_POINT('',(289.706373078,195.08358811,596.595494703));
#705 = CARTESIAN_POINT('',(289.706372805,195.083580693,596.5955272));
#706 = CARTESIAN_POINT('',(289.704285834,195.027039518,596.843257738));
#707 = CARTESIAN_POINT('',(289.702185907,194.976638901,597.092526223));
#708 = CARTESIAN_POINT('',(289.700074281,194.932441272,597.343183489));
#709 = CARTESIAN_POINT('',(295.9,210.,585.1));
#710 = CARTESIAN_POINT('',(295.881041637,207.752051549,585.1));
#711 = CARTESIAN_POINT('',(295.861595725,205.560463859,585.600215589));
#712 = CARTESIAN_POINT('',(295.842637363,203.535132287,586.575563868));
#713 = CARTESIAN_POINT('',(295.842637089,203.535103041,586.575577952));
#714 = CARTESIAN_POINT('',(295.842636815,203.535073795,586.575592037));
#715 = CARTESIAN_POINT('',(295.842636542,203.535044549,586.575606121));
#716 = CARTESIAN_POINT('',(295.823678429,201.509749096,587.550953314));
#717 = CARTESIAN_POINT('',(295.804232805,199.752262913,588.952511331));
#718 = CARTESIAN_POINT('',(295.785274725,198.350710911,590.710001952));
#719 = CARTESIAN_POINT('',(295.785274451,198.350690672,590.710027331));
#720 = CARTESIAN_POINT('',(295.785274177,198.350670433,590.71005271));
#721 = CARTESIAN_POINT('',(295.785273904,198.350650194,590.710078089));
#722 = CARTESIAN_POINT('',(295.766315792,196.94910933,592.467578309));
#723 = CARTESIAN_POINT('',(295.746870168,195.973782226,594.492883126));
#724 = CARTESIAN_POINT('',(295.727912088,195.473574108,596.684438084));
#725 = CARTESIAN_POINT('',(295.727911814,195.473566885,596.684469731));
#726 = CARTESIAN_POINT('',(295.72791154,195.473559662,596.684501378));
#727 = CARTESIAN_POINT('',(295.727911267,195.473552439,596.684533025));
#728 = CARTESIAN_POINT('',(295.708953154,194.973358519,598.876091799));
#729 = CARTESIAN_POINT('',(295.68950753,194.97336599,601.124006958));
#730 = CARTESIAN_POINT('',(295.670549451,195.473574108,603.315561916));
#731 = CARTESIAN_POINT('',(295.670549177,195.473581331,603.315593563));
#732 = CARTESIAN_POINT('',(295.670548903,195.473588555,603.31562521));
#733 = CARTESIAN_POINT('',(295.67054863,195.473595778,603.315656857));
#734 = CARTESIAN_POINT('',(295.651590517,195.973818345,605.507209093));
#735 = CARTESIAN_POINT('',(295.632144893,196.94915891,607.532507427));
#736 = CARTESIAN_POINT('',(295.613186813,198.350710911,609.289998048));
#737 = CARTESIAN_POINT('',(295.613186539,198.35073115,609.290023427));
#738 = CARTESIAN_POINT('',(295.613186265,198.350751389,609.290048806));
#739 = CARTESIAN_POINT('',(295.613185992,198.350771628,609.290074184));
#740 = CARTESIAN_POINT('',(295.59422788,199.752335466,611.047556083));
#741 = CARTESIAN_POINT('',(295.574782256,201.509830965,612.449102419));
#742 = CARTESIAN_POINT('',(295.555824176,203.535132287,613.424436132));
#743 = CARTESIAN_POINT('',(295.555823902,203.535161533,613.424450216));
#744 = CARTESIAN_POINT('',(295.555823628,203.535190779,613.4244643));
#745 = CARTESIAN_POINT('',(295.555823355,203.535220026,613.424478384));
#746 = CARTESIAN_POINT('',(295.536865242,205.560528228,614.399799103));
#747 = CARTESIAN_POINT('',(295.517419618,207.752085123,614.9));
#748 = CARTESIAN_POINT('',(295.498461538,210.,614.9));
#749 = CARTESIAN_POINT('',(295.498461264,210.000032461,614.9));
#750 = CARTESIAN_POINT('',(295.49846099,210.000064922,614.9));
#751 = CARTESIAN_POINT('',(295.498460717,210.000097382,614.9));
#752 = CARTESIAN_POINT('',(295.479502605,212.248012821,614.899985308));
#753 = CARTESIAN_POINT('',(295.460056981,214.43956639,614.399769844));
#754 = CARTESIAN_POINT('',(295.441098901,216.464867713,613.424436132));
#755 = CARTESIAN_POINT('',(295.441098627,216.464896959,613.424422048));
#756 = CARTESIAN_POINT('',(295.441098353,216.464926205,613.424407963));
#757 = CARTESIAN_POINT('',(295.44109808,216.464955451,613.424393879));
#758 = CARTESIAN_POINT('',(295.422139967,218.490250904,612.449046686));
#759 = CARTESIAN_POINT('',(295.402694343,220.247737087,611.047488669));
#760 = CARTESIAN_POINT('',(295.383736264,221.649289089,609.289998048));
#761 = CARTESIAN_POINT('',(295.38373599,221.649309328,609.289972669));
#762 = CARTESIAN_POINT('',(295.383735716,221.649329567,609.28994729));
#763 = CARTESIAN_POINT('',(295.383735443,221.649349806,609.289921911));
#764 = CARTESIAN_POINT('',(295.36477733,223.05089067,607.532421691));
#765 = CARTESIAN_POINT('',(295.345331706,224.026217774,605.507116874));
#766 = CARTESIAN_POINT('',(295.326373626,224.526425892,603.315561916));
#767 = CARTESIAN_POINT('',(295.326373352,224.526433115,603.315530269));
#768 = CARTESIAN_POINT('',(295.326373078,224.526440338,603.315498622));
#769 = CARTESIAN_POINT('',(295.326372805,224.526447561,603.315466975));
#770 = CARTESIAN_POINT('',(295.307414693,225.026641481,601.123908201));
#771 = CARTESIAN_POINT('',(295.287969069,225.02663401,598.875993042));
#772 = CARTESIAN_POINT('',(295.269010989,224.526425892,596.684438084));
#773 = CARTESIAN_POINT('',(295.269010715,224.526418669,596.684406437));
#774 = CARTESIAN_POINT('',(295.269010441,224.526411445,596.68437479));
#775 = CARTESIAN_POINT('',(295.269010168,224.526404222,596.684343143));
#776 = CARTESIAN_POINT('',(295.250052055,224.026181655,594.492790907));
#777 = CARTESIAN_POINT('',(295.230606431,223.05084109,592.467492573));
#778 = CARTESIAN_POINT('',(295.211648352,221.649289089,590.710001952));
#779 = CARTESIAN_POINT('',(295.211648078,221.64926885,590.709976573));
#780 = CARTESIAN_POINT('',(295.211647804,221.649248611,590.709951194));
#781 = CARTESIAN_POINT('',(295.211647531,221.649228372,590.709925816));
#782 = CARTESIAN_POINT('',(295.192689418,220.247664534,588.952443917));
#783 = CARTESIAN_POINT('',(295.173243794,218.490169035,587.550897581));
#784 = CARTESIAN_POINT('',(295.154285714,216.464867713,586.575563868));
#785 = CARTESIAN_POINT('',(295.15428544,216.464838467,586.575549784));
#786 = CARTESIAN_POINT('',(295.154285166,216.464809221,586.5755357));
#787 = CARTESIAN_POINT('',(295.154284893,216.464779974,586.575521616));
#788 = CARTESIAN_POINT('',(295.135326781,214.439471772,585.600200897));
#789 = CARTESIAN_POINT('',(295.115881157,212.247914877,585.1));
#790 = CARTESIAN_POINT('',(295.096923077,210.,585.1));
#791 = CARTESIAN_POINT('',(295.096922803,209.999967539,585.1));
#792 = CARTESIAN_POINT('',(295.096922529,209.999935078,585.1));
#793 = CARTESIAN_POINT('',(295.096922256,209.999902618,585.1));
#794 = CARTESIAN_POINT('',(295.077964143,207.751987179,585.100014692));
#795 = CARTESIAN_POINT('',(295.058518519,205.56043361,585.600230156));
#796 = CARTESIAN_POINT('',(295.03956044,203.535132287,586.575563868));
#797 = CARTESIAN_POINT('',(295.039560166,203.535103041,586.575577952));
#798 = CARTESIAN_POINT('',(295.039559892,203.535073795,586.575592037));
#799 = CARTESIAN_POINT('',(295.039559619,203.535044549,586.575606121));
#800 = CARTESIAN_POINT('',(295.020601506,201.509749096,587.550953314));
#801 = CARTESIAN_POINT('',(295.001155882,199.752262913,588.952511331));
#802 = CARTESIAN_POINT('',(294.982197802,198.350710911,590.710001952));
#803 = CARTESIAN_POINT('',(294.982197528,198.350690672,590.710027331));
#804 = CARTESIAN_POINT('',(294.982197254,198.350670433,590.71005271));
#805 = CARTESIAN_POINT('',(294.982196981,198.350650194,590.710078089));
#806 = CARTESIAN_POINT('',(294.963238869,196.94910933,592.467578309));
#807 = CARTESIAN_POINT('',(294.943793245,195.973782226,594.492883126));
#808 = CARTESIAN_POINT('',(294.924835165,195.473574108,596.684438084));
#809 = CARTESIAN_POINT('',(294.924834891,195.473566885,596.684469731));
#810 = CARTESIAN_POINT('',(294.924834617,195.473559662,596.684501378));
#811 = CARTESIAN_POINT('',(294.924834344,195.473552439,596.684533025));
#812 = CARTESIAN_POINT('',(294.905876231,194.973358519,598.876091799));
#813 = CARTESIAN_POINT('',(294.886430607,194.97336599,601.124006958));
#814 = CARTESIAN_POINT('',(294.867472527,195.473574108,603.315561916));
#815 = CARTESIAN_POINT('',(294.867472253,195.473581331,603.315593563));
#816 = CARTESIAN_POINT('',(294.867471979,195.473588555,603.31562521));
#817 = CARTESIAN_POINT('',(294.867471706,195.473595778,603.315656857));
#818 = CARTESIAN_POINT('',(294.848513594,195.973818345,605.507209093));
#819 = CARTESIAN_POINT('',(294.82906797,196.94915891,607.532507427));
#820 = CARTESIAN_POINT('',(294.81010989,198.350710911,609.289998048));
#821 = CARTESIAN_POINT('',(294.810109616,198.35073115,609.290023427));
#822 = CARTESIAN_POINT('',(294.810109342,198.350751389,609.290048806));
#823 = CARTESIAN_POINT('',(294.810109069,198.350771628,609.290074184));
#824 = CARTESIAN_POINT('',(294.791150956,199.752335466,611.047556083));
#825 = CARTESIAN_POINT('',(294.771705332,201.509830965,612.449102419));
#826 = CARTESIAN_POINT('',(294.752747253,203.535132287,613.424436132));
#827 = CARTESIAN_POINT('',(294.752746979,203.535161533,613.424450216));
#828 = CARTESIAN_POINT('',(294.752746705,203.535190779,613.4244643));
#829 = CARTESIAN_POINT('',(294.752746432,203.535220026,613.424478384));
#830 = CARTESIAN_POINT('',(294.733788319,205.560528228,614.399799103));
#831 = CARTESIAN_POINT('',(294.714342695,207.752085123,614.9));
#832 = CARTESIAN_POINT('',(294.695384615,210.,614.9));
#833 = CARTESIAN_POINT('',(294.695384341,210.000032461,614.9));
#834 = CARTESIAN_POINT('',(294.695384067,210.000064922,614.9));
#835 = CARTESIAN_POINT('',(294.695383794,210.000097382,614.9));
#836 = CARTESIAN_POINT('',(294.676425682,212.248012821,614.899985308));
#837 = CARTESIAN_POINT('',(294.656980058,214.43956639,614.399769844));
#838 = CARTESIAN_POINT('',(294.638021978,216.464867713,613.424436132));
#839 = CARTESIAN_POINT('',(294.638021704,216.464896959,613.424422048));
#840 = CARTESIAN_POINT('',(294.63802143,216.464926205,613.424407963));
#841 = CARTESIAN_POINT('',(294.638021157,216.464955451,613.424393879));
#842 = CARTESIAN_POINT('',(294.619063044,218.490250904,612.449046686));
#843 = CARTESIAN_POINT('',(294.59961742,220.247737087,611.047488669));
#844 = CARTESIAN_POINT('',(294.580659341,221.649289089,609.289998048));
#845 = CARTESIAN_POINT('',(294.580659067,221.649309328,609.289972669));
#846 = CARTESIAN_POINT('',(294.580658793,221.649329567,609.28994729));
#847 = CARTESIAN_POINT('',(294.58065852,221.649349806,609.289921911));
#848 = CARTESIAN_POINT('',(294.561700407,223.05089067,607.532421691));
#849 = CARTESIAN_POINT('',(294.542254783,224.026217774,605.507116874));
#850 = CARTESIAN_POINT('',(294.523296703,224.526425892,603.315561916));
#851 = CARTESIAN_POINT('',(294.523296429,224.526433115,603.315530269));
#852 = CARTESIAN_POINT('',(294.523296155,224.526440338,603.315498622));
#853 = CARTESIAN_POINT('',(294.523295882,224.526447561,603.315466975));
#854 = CARTESIAN_POINT('',(294.50433777,225.026641481,601.123908201));
#855 = CARTESIAN_POINT('',(294.484892146,225.02663401,598.875993042));
#856 = CARTESIAN_POINT('',(294.465934066,224.526425892,596.684438084));
#857 = CARTESIAN_POINT('',(294.465933792,224.526418669,596.684406437));
#858 = CARTESIAN_POINT('',(294.465933518,224.526411445,596.68437479));
#859 = CARTESIAN_POINT('',(294.465933245,224.526404222,596.684343143));
#860 = CARTESIAN_POINT('',(294.446975132,224.026181655,594.492790907));
#861 = CARTESIAN_POINT('',(294.427529508,223.05084109,592.467492573));
#862 = CARTESIAN_POINT('',(294.408571429,221.649289089,590.710001952));
#863 = CARTESIAN_POINT('',(294.408571155,221.64926885,590.709976573));
#864 = CARTESIAN_POINT('',(294.408570881,221.649248611,590.709951194));
#865 = CARTESIAN_POINT('',(294.408570608,221.649228372,590.709925816));
#866 = CARTESIAN_POINT('',(294.389612495,220.247664534,588.952443917));
#867 = CARTESIAN_POINT('',(294.370166871,218.490169035,587.550897581));
#868 = CARTESIAN_POINT('',(294.351208791,216.464867713,586.575563868));
#869 = CARTESIAN_POINT('',(294.351208517,216.464838467,586.575549784));
#870 = CARTESIAN_POINT('',(294.351208243,216.464809221,586.5755357));
#871 = CARTESIAN_POINT('',(294.35120797,216.464779974,586.575521616));
#872 = CARTESIAN_POINT('',(294.332249858,214.439471772,585.600200897));
#873 = CARTESIAN_POINT('',(294.312804234,212.247914877,585.1));
#874 = CARTESIAN_POINT('',(294.293846154,210.,585.1));
#875 = CARTESIAN_POINT('',(294.29384588,209.999967539,585.1));
#876 = CARTESIAN_POINT('',(294.293845606,209.999935078,585.1));
#877 = CARTESIAN_POINT('',(294.293845333,209.999902618,585.1));
#878 = CARTESIAN_POINT('',(294.27488722,207.751987179,585.100014692));
#879 = CARTESIAN_POINT('',(294.255441596,205.56043361,585.600230156));
#880 = CARTESIAN_POINT('',(294.236483516,203.535132287,586.575563868));
#881 = CARTESIAN_POINT('',(294.236483242,203.535103041,586.575577952));
#882 = CARTESIAN_POINT('',(294.236482968,203.535073795,586.575592037));
#883 = CARTESIAN_POINT('',(294.236482695,203.535044549,586.575606121));
#884 = CARTESIAN_POINT('',(294.217524583,201.509749096,587.550953314));
#885 = CARTESIAN_POINT('',(294.198078959,199.752262913,588.952511331));
#886 = CARTESIAN_POINT('',(294.179120879,198.350710911,590.710001952));
#887 = CARTESIAN_POINT('',(294.179120605,198.350690672,590.710027331));
#888 = CARTESIAN_POINT('',(294.179120331,198.350670433,590.71005271));
#889 = CARTESIAN_POINT('',(294.179120058,198.350650194,590.710078089));
#890 = CARTESIAN_POINT('',(294.160161945,196.94910933,592.467578309));
#891 = CARTESIAN_POINT('',(294.140716321,195.973782226,594.492883126));
#892 = CARTESIAN_POINT('',(294.121758242,195.473574108,596.684438084));
#893 = CARTESIAN_POINT('',(294.121757968,195.473566885,596.684469731));
#894 = CARTESIAN_POINT('',(294.121757694,195.473559662,596.684501378));
#895 = CARTESIAN_POINT('',(294.121757421,195.473552439,596.684533025));
#896 = CARTESIAN_POINT('',(294.102799308,194.973358519,598.876091799));
#897 = CARTESIAN_POINT('',(294.083353684,194.97336599,601.124006958));
#898 = CARTESIAN_POINT('',(294.064395604,195.473574108,603.315561916));
#899 = CARTESIAN_POINT('',(294.06439533,195.473581331,603.315593563));
#900 = CARTESIAN_POINT('',(294.064395056,195.473588555,603.31562521));
#901 = CARTESIAN_POINT('',(294.064394783,195.473595778,603.315656857));
#902 = CARTESIAN_POINT('',(294.045436671,195.973818345,605.507209093));
#903 = CARTESIAN_POINT('',(294.025991047,196.94915891,607.532507427));
#904 = CARTESIAN_POINT('',(294.007032967,198.350710911,609.289998048));
#905 = CARTESIAN_POINT('',(294.007032693,198.35073115,609.290023427));
#906 = CARTESIAN_POINT('',(294.007032419,198.350751389,609.290048806));
#907 = CARTESIAN_POINT('',(294.007032146,198.350771628,609.290074184));
#908 = CARTESIAN_POINT('',(293.988074033,199.752335466,611.047556083));
#909 = CARTESIAN_POINT('',(293.968628409,201.509830965,612.449102419));
#910 = CARTESIAN_POINT('',(293.94967033,203.535132287,613.424436132));
#911 = CARTESIAN_POINT('',(293.949670056,203.535161533,613.424450216));
#912 = CARTESIAN_POINT('',(293.949669782,203.535190779,613.4244643));
#913 = CARTESIAN_POINT('',(293.949669509,203.535220026,613.424478384));
#914 = CARTESIAN_POINT('',(293.930711396,205.560528228,614.399799103));
#915 = CARTESIAN_POINT('',(293.911265772,207.752085123,614.9));
#916 = CARTESIAN_POINT('',(293.892307692,210.,614.9));
#917 = CARTESIAN_POINT('',(293.892307418,210.000032461,614.9));
#918 = CARTESIAN_POINT('',(293.892307144,210.000064922,614.9));
#919 = CARTESIAN_POINT('',(293.892306871,210.000097382,614.9));
#920 = CARTESIAN_POINT('',(293.873348759,212.248012821,614.899985308));
#921 = CARTESIAN_POINT('',(293.853903135,214.43956639,614.399769844));
#922 = CARTESIAN_POINT('',(293.834945055,216.464867713,613.424436132));
#923 = CARTESIAN_POINT('',(293.834944781,216.464896959,613.424422048));
#924 = CARTESIAN_POINT('',(293.834944507,216.464926205,613.424407963));
#925 = CARTESIAN_POINT('',(293.834944234,216.464955451,613.424393879));
#926 = CARTESIAN_POINT('',(293.815986121,218.490250904,612.449046686));
#927 = CARTESIAN_POINT('',(293.796540497,220.247737087,611.047488669));
#928 = CARTESIAN_POINT('',(293.777582418,221.649289089,609.289998048));
#929 = CARTESIAN_POINT('',(293.777582144,221.649309328,609.289972669));
#930 = CARTESIAN_POINT('',(293.77758187,221.649329567,609.28994729));
#931 = CARTESIAN_POINT('',(293.777581597,221.649349806,609.289921911));
#932 = CARTESIAN_POINT('',(293.758623484,223.05089067,607.532421691));
#933 = CARTESIAN_POINT('',(293.73917786,224.026217774,605.507116874));
#934 = CARTESIAN_POINT('',(293.72021978,224.526425892,603.315561916));
#935 = CARTESIAN_POINT('',(293.720219506,224.526433115,603.315530269));
#936 = CARTESIAN_POINT('',(293.720219232,224.526440338,603.315498622));
#937 = CARTESIAN_POINT('',(293.720218959,224.526447561,603.315466975));
#938 = CARTESIAN_POINT('',(293.701260847,225.026641481,601.123908201));
#939 = CARTESIAN_POINT('',(293.681815223,225.02663401,598.875993042));
#940 = CARTESIAN_POINT('',(293.662857143,224.526425892,596.684438084));
#941 = CARTESIAN_POINT('',(293.662856869,224.526418669,596.684406437));
#942 = CARTESIAN_POINT('',(293.662856595,224.526411445,596.68437479));
#943 = CARTESIAN_POINT('',(293.662856322,224.526404222,596.684343143));
#944 = CARTESIAN_POINT('',(293.643898209,224.026181655,594.492790907));
#945 = CARTESIAN_POINT('',(293.624452585,223.05084109,592.467492573));
#946 = CARTESIAN_POINT('',(293.605494505,221.649289089,590.710001952));
#947 = CARTESIAN_POINT('',(293.605494231,221.64926885,590.709976573));
#948 = CARTESIAN_POINT('',(293.605493957,221.649248611,590.709951194));
#949 = CARTESIAN_POINT('',(293.605493684,221.649228372,590.709925816));
#950 = CARTESIAN_POINT('',(293.586535572,220.247664534,588.952443917));
#951 = CARTESIAN_POINT('',(293.567089948,218.490169035,587.550897581));
#952 = CARTESIAN_POINT('',(293.548131868,216.464867713,586.575563868));
#953 = CARTESIAN_POINT('',(293.548131594,216.464838467,586.575549784));
#954 = CARTESIAN_POINT('',(293.54813132,216.464809221,586.5755357));
#955 = CARTESIAN_POINT('',(293.548131047,216.464779974,586.575521616));
#956 = CARTESIAN_POINT('',(293.529172934,214.439471772,585.600200897));
#957 = CARTESIAN_POINT('',(293.50972731,212.247914877,585.1));
#958 = CARTESIAN_POINT('',(293.490769231,210.,585.1));
#959 = CARTESIAN_POINT('',(293.490768957,209.999967539,585.1));
#960 = CARTESIAN_POINT('',(293.490768683,209.999935078,585.1));
#961 = CARTESIAN_POINT('',(293.49076841,209.999902618,585.1));
#962 = CARTESIAN_POINT('',(293.471810297,207.751987179,585.100014692));
#963 = CARTESIAN_POINT('',(293.452364673,205.56043361,585.600230156));
#964 = CARTESIAN_POINT('',(293.433406593,203.535132287,586.575563868));
#965 = CARTESIAN_POINT('',(293.433406319,203.535103041,586.575577952));
#966 = CARTESIAN_POINT('',(293.433406045,203.535073795,586.575592037));
#967 = CARTESIAN_POINT('',(293.433405772,203.535044549,586.575606121));
#968 = CARTESIAN_POINT('',(293.41444766,201.509749096,587.550953314));
#969 = CARTESIAN_POINT('',(293.395002036,199.752262913,588.952511331));
#970 = CARTESIAN_POINT('',(293.376043956,198.350710911,590.710001952));
#971 = CARTESIAN_POINT('',(293.376043682,198.350690672,590.710027331));
#972 = CARTESIAN_POINT('',(293.376043408,198.350670433,590.71005271));
#973 = CARTESIAN_POINT('',(293.376043135,198.350650194,590.710078089));
#974 = CARTESIAN_POINT('',(293.357085022,196.94910933,592.467578309));
#975 = CARTESIAN_POINT('',(293.337639398,195.973782226,594.492883126));
#976 = CARTESIAN_POINT('',(293.318681319,195.473574108,596.684438084));
#977 = CARTESIAN_POINT('',(293.318681045,195.473566885,596.684469731));
#978 = CARTESIAN_POINT('',(293.318680771,195.473559662,596.684501378));
#979 = CARTESIAN_POINT('',(293.318680498,195.473552439,596.684533025));
#980 = CARTESIAN_POINT('',(293.299722385,194.973358519,598.876091799));
#981 = CARTESIAN_POINT('',(293.280276761,194.97336599,601.124006958));
#982 = CARTESIAN_POINT('',(293.261318681,195.473574108,603.315561916));
#983 = CARTESIAN_POINT('',(293.261318407,195.473581331,603.315593563));
#984 = CARTESIAN_POINT('',(293.261318133,195.473588555,603.31562521));
#985 = CARTESIAN_POINT('',(293.26131786,195.473595778,603.315656857));
#986 = CARTESIAN_POINT('',(293.242359748,195.973818345,605.507209093));
#987 = CARTESIAN_POINT('',(293.222914124,196.94915891,607.532507427));
#988 = CARTESIAN_POINT('',(293.203956044,198.350710911,609.289998048));
#989 = CARTESIAN_POINT('',(293.20395577,198.35073115,609.290023427));
#990 = CARTESIAN_POINT('',(293.203955496,198.350751389,609.290048806));
#991 = CARTESIAN_POINT('',(293.203955223,198.350771628,609.290074184));
#992 = CARTESIAN_POINT('',(293.18499711,199.752335466,611.047556083));
#993 = CARTESIAN_POINT('',(293.165551486,201.509830965,612.449102419));
#994 = CARTESIAN_POINT('',(293.146593407,203.535132287,613.424436132));
#995 = CARTESIAN_POINT('',(293.146593133,203.535161533,613.424450216));
#996 = CARTESIAN_POINT('',(293.146592859,203.535190779,613.4244643));
#997 = CARTESIAN_POINT('',(293.146592586,203.535220026,613.424478384));
#998 = CARTESIAN_POINT('',(293.127634473,205.560528228,614.399799103));
#999 = CARTESIAN_POINT('',(293.108188849,207.752085123,614.9));
#1000 = CARTESIAN_POINT('',(293.089230769,210.,614.9));
#1001 = CARTESIAN_POINT('',(293.089230495,210.000032461,614.9));
#1002 = CARTESIAN_POINT('',(293.089230221,210.000064922,614.9));
#1003 = CARTESIAN_POINT('',(293.089229948,210.000097382,614.9));
#1004 = CARTESIAN_POINT('',(293.070271836,212.248012821,614.899985308));
#1005 = CARTESIAN_POINT('',(293.050826212,214.43956639,614.399769844));
#1006 = CARTESIAN_POINT('',(293.031868132,216.464867713,613.424436132));
#1007 = CARTESIAN_POINT('',(293.031867858,216.464896959,613.424422048));
#1008 = CARTESIAN_POINT('',(293.031867584,216.464926205,613.424407963));
#1009 = CARTESIAN_POINT('',(293.031867311,216.464955451,613.424393879));
#1010 = CARTESIAN_POINT('',(293.012909198,218.490250904,612.449046686));
#1011 = CARTESIAN_POINT('',(292.993463574,220.247737087,611.047488669));
#1012 = CARTESIAN_POINT('',(292.974505495,221.649289089,609.289998048));
#1013 = CARTESIAN_POINT('',(292.974505221,221.649309328,609.289972669));
#1014 = CARTESIAN_POINT('',(292.974504947,221.649329567,609.28994729));
#1015 = CARTESIAN_POINT('',(292.974504674,221.649349806,609.289921911));
#1016 = CARTESIAN_POINT('',(292.955546561,223.05089067,607.532421691));
#1017 = CARTESIAN_POINT('',(292.936100937,224.026217774,605.507116874));
#1018 = CARTESIAN_POINT('',(292.917142857,224.526425892,603.315561916));
#1019 = CARTESIAN_POINT('',(292.917142583,224.526433115,603.315530269));
#1020 = CARTESIAN_POINT('',(292.917142309,224.526440338,603.315498622));
#1021 = CARTESIAN_POINT('',(292.917142036,224.526447561,603.315466975));
#1022 = CARTESIAN_POINT('',(292.898183923,225.026641481,601.123908201));
#1023 = CARTESIAN_POINT('',(292.878738299,225.02663401,598.875993042));
#1024 = CARTESIAN_POINT('',(292.85978022,224.526425892,596.684438084));
#1025 = CARTESIAN_POINT('',(292.859779946,224.526418669,596.684406437));
#1026 = CARTESIAN_POINT('',(292.859779672,224.526411445,596.68437479));
#1027 = CARTESIAN_POINT('',(292.859779399,224.526404222,596.684343143));
#1028 = CARTESIAN_POINT('',(292.840821286,224.026181655,594.492790907));
#1029 = CARTESIAN_POINT('',(292.821375662,223.05084109,592.467492573));
#1030 = CARTESIAN_POINT('',(292.802417582,221.649289089,590.710001952));
#1031 = CARTESIAN_POINT('',(292.802417308,221.64926885,590.709976573));
#1032 = CARTESIAN_POINT('',(292.802417034,221.649248611,590.709951194));
#1033 = CARTESIAN_POINT('',(292.802416761,221.649228372,590.709925816));
#1034 = CARTESIAN_POINT('',(292.783458649,220.247664534,588.952443917));
#1035 = CARTESIAN_POINT('',(292.764013025,218.490169035,587.550897581));
#1036 = CARTESIAN_POINT('',(292.745054945,216.464867713,586.575563868));
#1037 = CARTESIAN_POINT('',(292.745054671,216.464838467,586.575549784));
#1038 = CARTESIAN_POINT('',(292.745054397,216.464809221,586.5755357));
#1039 = CARTESIAN_POINT('',(292.745054124,216.464779974,586.575521616));
#1040 = CARTESIAN_POINT('',(292.726096011,214.439471772,585.600200897));
#1041 = CARTESIAN_POINT('',(292.706650387,212.247914877,585.1));
#1042 = CARTESIAN_POINT('',(292.687692308,210.,585.1));
#1043 = CARTESIAN_POINT('',(292.687692034,209.999967539,585.1));
#1044 = CARTESIAN_POINT('',(292.68769176,209.999935078,585.1));
#1045 = CARTESIAN_POINT('',(292.687691487,209.999902618,585.1));
#1046 = CARTESIAN_POINT('',(292.668733374,207.751987179,585.100014692));
#1047 = CARTESIAN_POINT('',(292.64928775,205.56043361,585.600230156));
#1048 = CARTESIAN_POINT('',(292.63032967,203.535132287,586.575563868));
#1049 = CARTESIAN_POINT('',(292.630329396,203.535103041,586.575577952));
#1050 = CARTESIAN_POINT('',(292.630329122,203.535073795,586.575592037));
#1051 = CARTESIAN_POINT('',(292.630328849,203.535044549,586.575606121));
#1052 = CARTESIAN_POINT('',(292.611370737,201.509749096,587.550953314));
#1053 = CARTESIAN_POINT('',(292.591925113,199.752262913,588.952511331));
#1054 = CARTESIAN_POINT('',(292.572967033,198.350710911,590.710001952));
#1055 = CARTESIAN_POINT('',(292.572966759,198.350690672,590.710027331));
#1056 = CARTESIAN_POINT('',(292.572966485,198.350670433,590.71005271));
#1057 = CARTESIAN_POINT('',(292.572966212,198.350650194,590.710078089));
#1058 = CARTESIAN_POINT('',(292.554008099,196.94910933,592.467578309));
#1059 = CARTESIAN_POINT('',(292.534562475,195.973782226,594.492883126));
#1060 = CARTESIAN_POINT('',(292.515604396,195.473574108,596.684438084));
#1061 = CARTESIAN_POINT('',(292.515604122,195.473566885,596.684469731));
#1062 = CARTESIAN_POINT('',(292.515603848,195.473559662,596.684501378));
#1063 = CARTESIAN_POINT('',(292.515603575,195.473552439,596.684533025));
#1064 = CARTESIAN_POINT('',(292.496645462,194.973358519,598.876091799));
#1065 = CARTESIAN_POINT('',(292.477199838,194.97336599,601.124006958));
#1066 = CARTESIAN_POINT('',(292.458241758,195.473574108,603.315561916));
#1067 = CARTESIAN_POINT('',(292.458241484,195.473581331,603.315593563));
#1068 = CARTESIAN_POINT('',(292.45824121,195.473588555,603.31562521));
#1069 = CARTESIAN_POINT('',(292.458240937,195.473595778,603.315656857));
#1070 = CARTESIAN_POINT('',(292.439282825,195.973818345,605.507209093));
#1071 = CARTESIAN_POINT('',(292.419837201,196.94915891,607.532507427));
#1072 = CARTESIAN_POINT('',(292.400879121,198.350710911,609.289998048));
#1073 = CARTESIAN_POINT('',(292.400878847,198.35073115,609.290023427));
#1074 = CARTESIAN_POINT('',(292.400878573,198.350751389,609.290048806));
#1075 = CARTESIAN_POINT('',(292.4008783,198.350771628,609.290074184));
#1076 = CARTESIAN_POINT('',(292.381920187,199.752335466,611.047556083));
#1077 = CARTESIAN_POINT('',(292.362474563,201.509830965,612.449102419));
#1078 = CARTESIAN_POINT('',(292.343516484,203.535132287,613.424436132));
#1079 = CARTESIAN_POINT('',(292.34351621,203.535161533,613.424450216));
#1080 = CARTESIAN_POINT('',(292.343515936,203.535190779,613.4244643));
#1081 = CARTESIAN_POINT('',(292.343515663,203.535220026,613.424478384));
#1082 = CARTESIAN_POINT('',(292.32455755,205.560528228,614.399799103));
#1083 = CARTESIAN_POINT('',(292.305111926,207.752085123,614.9));
#1084 = CARTESIAN_POINT('',(292.286153846,210.,614.9));
#1085 = CARTESIAN_POINT('',(292.286153572,210.000032461,614.9));
#1086 = CARTESIAN_POINT('',(292.286153298,210.000064922,614.9));
#1087 = CARTESIAN_POINT('',(292.286153025,210.000097382,614.9));
#1088 = CARTESIAN_POINT('',(292.267194912,212.248012821,614.899985308));
#1089 = CARTESIAN_POINT('',(292.247749288,214.43956639,614.399769844));
#1090 = CARTESIAN_POINT('',(292.228791209,216.464867713,613.424436132));
#1091 = CARTESIAN_POINT('',(292.228790935,216.464896959,613.424422048));
#1092 = CARTESIAN_POINT('',(292.228790661,216.464926205,613.424407963));
#1093 = CARTESIAN_POINT('',(292.228790388,216.464955451,613.424393879));
#1094 = CARTESIAN_POINT('',(292.209832275,218.490250904,612.449046686));
#1095 = CARTESIAN_POINT('',(292.190386651,220.247737087,611.047488669));
#1096 = CARTESIAN_POINT('',(292.171428571,221.649289089,609.289998048));
#1097 = CARTESIAN_POINT('',(292.171428297,221.649309328,609.289972669));
#1098 = CARTESIAN_POINT('',(292.171428023,221.649329567,609.28994729));
#1099 = CARTESIAN_POINT('',(292.17142775,221.649349806,609.289921911));
#1100 = CARTESIAN_POINT('',(292.152469638,223.05089067,607.532421691));
#1101 = CARTESIAN_POINT('',(292.133024014,224.026217774,605.507116874));
#1102 = CARTESIAN_POINT('',(292.114065934,224.526425892,603.315561916));
#1103 = CARTESIAN_POINT('',(292.11406566,224.526433115,603.315530269));
#1104 = CARTESIAN_POINT('',(292.114065386,224.526440338,603.315498622));
#1105 = CARTESIAN_POINT('',(292.114065113,224.526447561,603.315466975));
#1106 = CARTESIAN_POINT('',(292.095107,225.026641481,601.123908201));
#1107 = CARTESIAN_POINT('',(292.075661376,225.02663401,598.875993042));
#1108 = CARTESIAN_POINT('',(292.056703297,224.526425892,596.684438084));
#1109 = CARTESIAN_POINT('',(292.056703023,224.526418669,596.684406437));
#1110 = CARTESIAN_POINT('',(292.056702749,224.526411445,596.68437479));
#1111 = CARTESIAN_POINT('',(292.056702476,224.526404222,596.684343143));
#1112 = CARTESIAN_POINT('',(292.037744363,224.026181655,594.492790907));
#1113 = CARTESIAN_POINT('',(292.018298739,223.05084109,592.467492573));
#1114 = CARTESIAN_POINT('',(291.999340659,221.649289089,590.710001952));
#1115 = CARTESIAN_POINT('',(291.999340385,221.64926885,590.709976573));
#1116 = CARTESIAN_POINT('',(291.999340111,221.649248611,590.709951194));
#1117 = CARTESIAN_POINT('',(291.999339838,221.649228372,590.709925816));
#1118 = CARTESIAN_POINT('',(291.980381726,220.247664534,588.952443917));
#1119 = CARTESIAN_POINT('',(291.960936102,218.490169035,587.550897581));
#1120 = CARTESIAN_POINT('',(291.941978022,216.464867713,586.575563868));
#1121 = CARTESIAN_POINT('',(291.941977748,216.464838467,586.575549784));
#1122 = CARTESIAN_POINT('',(291.941977474,216.464809221,586.5755357));
#1123 = CARTESIAN_POINT('',(291.941977201,216.464779974,586.575521616));
#1124 = CARTESIAN_POINT('',(291.923019088,214.439471772,585.600200897));
#1125 = CARTESIAN_POINT('',(291.903573464,212.247914877,585.1));
#1126 = CARTESIAN_POINT('',(291.884615385,210.,585.1));
#1127 = CARTESIAN_POINT('',(291.884615111,209.999967539,585.1));
#1128 = CARTESIAN_POINT('',(291.884614837,209.999935078,585.1));
#1129 = CARTESIAN_POINT('',(291.884614564,209.999902618,585.1));
#1130 = CARTESIAN_POINT('',(291.865656451,207.751987179,585.100014692));
#1131 = CARTESIAN_POINT('',(291.846210827,205.56043361,585.600230156));
#1132 = CARTESIAN_POINT('',(291.827252747,203.535132287,586.575563868));
#1133 = CARTESIAN_POINT('',(291.827252473,203.535103041,586.575577952));
#1134 = CARTESIAN_POINT('',(291.827252199,203.535073795,586.575592037));
#1135 = CARTESIAN_POINT('',(291.827251926,203.535044549,586.575606121));
#1136 = CARTESIAN_POINT('',(291.808293814,201.509749096,587.550953314));
#1137 = CARTESIAN_POINT('',(291.78884819,199.752262913,588.952511331));
#1138 = CARTESIAN_POINT('',(291.76989011,198.350710911,590.710001952));
#1139 = CARTESIAN_POINT('',(291.769889836,198.350690672,590.710027331));
#1140 = CARTESIAN_POINT('',(291.769889562,198.350670433,590.71005271));
#1141 = CARTESIAN_POINT('',(291.769889289,198.350650194,590.710078089));
#1142 = CARTESIAN_POINT('',(291.750931176,196.94910933,592.467578309));
#1143 = CARTESIAN_POINT('',(291.731485552,195.973782226,594.492883126));
#1144 = CARTESIAN_POINT('',(291.712527473,195.473574108,596.684438084));
#1145 = CARTESIAN_POINT('',(291.712527199,195.473566885,596.684469731));
#1146 = CARTESIAN_POINT('',(291.712526925,195.473559662,596.684501378));
#1147 = CARTESIAN_POINT('',(291.712526652,195.473552439,596.684533025));
#1148 = CARTESIAN_POINT('',(291.693568539,194.973358519,598.876091799));
#1149 = CARTESIAN_POINT('',(291.674122915,194.97336599,601.124006958));
#1150 = CARTESIAN_POINT('',(291.655164835,195.473574108,603.315561916));
#1151 = CARTESIAN_POINT('',(291.655164561,195.473581331,603.315593563));
#1152 = CARTESIAN_POINT('',(291.655164287,195.473588555,603.31562521));
#1153 = CARTESIAN_POINT('',(291.655164014,195.473595778,603.315656857));
#1154 = CARTESIAN_POINT('',(291.636205901,195.973818345,605.507209093));
#1155 = CARTESIAN_POINT('',(291.616760277,196.94915891,607.532507427));
#1156 = CARTESIAN_POINT('',(291.597802198,198.350710911,609.289998048));
#1157 = CARTESIAN_POINT('',(291.597801924,198.35073115,609.290023427));
#1158 = CARTESIAN_POINT('',(291.59780165,198.350751389,609.290048806));
#1159 = CARTESIAN_POINT('',(291.597801377,198.350771628,609.290074184));
#1160 = CARTESIAN_POINT('',(291.578843264,199.752335466,611.047556083));
#1161 = CARTESIAN_POINT('',(291.55939764,201.509830965,612.449102419));
#1162 = CARTESIAN_POINT('',(291.54043956,203.535132287,613.424436132));
#1163 = CARTESIAN_POINT('',(291.540439286,203.535161533,613.424450216));
#1164 = CARTESIAN_POINT('',(291.540439012,203.535190779,613.4244643));
#1165 = CARTESIAN_POINT('',(291.540438739,203.535220026,613.424478384));
#1166 = CARTESIAN_POINT('',(291.521480627,205.560528228,614.399799103));
#1167 = CARTESIAN_POINT('',(291.502035003,207.752085123,614.9));
#1168 = CARTESIAN_POINT('',(291.483076923,210.,614.9));
#1169 = CARTESIAN_POINT('',(291.483076649,210.000032461,614.9));
#1170 = CARTESIAN_POINT('',(291.483076375,210.000064922,614.9));
#1171 = CARTESIAN_POINT('',(291.483076102,210.000097382,614.9));
#1172 = CARTESIAN_POINT('',(291.464117989,212.248012821,614.899985308));
#1173 = CARTESIAN_POINT('',(291.444672365,214.43956639,614.399769844));
#1174 = CARTESIAN_POINT('',(291.425714286,216.464867713,613.424436132));
#1175 = CARTESIAN_POINT('',(291.425714012,216.464896959,613.424422048));
#1176 = CARTESIAN_POINT('',(291.425713738,216.464926205,613.424407963));
#1177 = CARTESIAN_POINT('',(291.425713465,216.464955451,613.424393879));
#1178 = CARTESIAN_POINT('',(291.406755352,218.490250904,612.449046686));
#1179 = CARTESIAN_POINT('',(291.387309728,220.247737087,611.047488669));
#1180 = CARTESIAN_POINT('',(291.368351648,221.649289089,609.289998048));
#1181 = CARTESIAN_POINT('',(291.368351374,221.649309328,609.289972669));
#1182 = CARTESIAN_POINT('',(291.3683511,221.649329567,609.28994729));
#1183 = CARTESIAN_POINT('',(291.368350827,221.649349806,609.289921911));
#1184 = CARTESIAN_POINT('',(291.349392715,223.05089067,607.532421691));
#1185 = CARTESIAN_POINT('',(291.329947091,224.026217774,605.507116874));
#1186 = CARTESIAN_POINT('',(291.310989011,224.526425892,603.315561916));
#1187 = CARTESIAN_POINT('',(291.310988737,224.526433115,603.315530269));
#1188 = CARTESIAN_POINT('',(291.310988463,224.526440338,603.315498622));
#1189 = CARTESIAN_POINT('',(291.31098819,224.526447561,603.315466975));
#1190 = CARTESIAN_POINT('',(291.292030077,225.026641481,601.123908201));
#1191 = CARTESIAN_POINT('',(291.272584453,225.02663401,598.875993042));
#1192 = CARTESIAN_POINT('',(291.253626374,224.526425892,596.684438084));
#1193 = CARTESIAN_POINT('',(291.2536261,224.526418669,596.684406437));
#1194 = CARTESIAN_POINT('',(291.253625826,224.526411445,596.68437479));
#1195 = CARTESIAN_POINT('',(291.253625553,224.526404222,596.684343143));
#1196 = CARTESIAN_POINT('',(291.23466744,224.026181655,594.492790907));
#1197 = CARTESIAN_POINT('',(291.215221816,223.05084109,592.467492573));
#1198 = CARTESIAN_POINT('',(291.196263736,221.649289089,590.710001952));
#1199 = CARTESIAN_POINT('',(291.196263462,221.64926885,590.709976573));
#1200 = CARTESIAN_POINT('',(291.196263188,221.649248611,590.709951194));
#1201 = CARTESIAN_POINT('',(291.196262915,221.649228372,590.709925816));
#1202 = CARTESIAN_POINT('',(291.177304803,220.247664534,588.952443917));
#1203 = CARTESIAN_POINT('',(291.157859179,218.490169035,587.550897581));
#1204 = CARTESIAN_POINT('',(291.138901099,216.464867713,586.575563868));
#1205 = CARTESIAN_POINT('',(291.138900825,216.464838467,586.575549784));
#1206 = CARTESIAN_POINT('',(291.138900551,216.464809221,586.5755357));
#1207 = CARTESIAN_POINT('',(291.138900278,216.464779974,586.575521616));
#1208 = CARTESIAN_POINT('',(291.119942165,214.439471772,585.600200897));
#1209 = CARTESIAN_POINT('',(291.100496541,212.247914877,585.1));
#1210 = CARTESIAN_POINT('',(291.081538462,210.,585.1));
#1211 = CARTESIAN_POINT('',(291.081538188,209.999967539,585.1));
#1212 = CARTESIAN_POINT('',(291.081537914,209.999935078,585.1));
#1213 = CARTESIAN_POINT('',(291.081537641,209.999902618,585.1));
#1214 = CARTESIAN_POINT('',(291.062579528,207.751987179,585.100014692));
#1215 = CARTESIAN_POINT('',(291.043133904,205.56043361,585.600230156));
#1216 = CARTESIAN_POINT('',(291.024175824,203.535132287,586.575563868));
#1217 = CARTESIAN_POINT('',(291.02417555,203.535103041,586.575577952));
#1218 = CARTESIAN_POINT('',(291.024175276,203.535073795,586.575592037));
#1219 = CARTESIAN_POINT('',(291.024175003,203.535044549,586.575606121));
#1220 = CARTESIAN_POINT('',(291.00521689,201.509749096,587.550953314));
#1221 = CARTESIAN_POINT('',(290.985771266,199.752262913,588.952511331));
#1222 = CARTESIAN_POINT('',(290.966813187,198.350710911,590.710001952));
#1223 = CARTESIAN_POINT('',(290.966812913,198.350690672,590.710027331));
#1224 = CARTESIAN_POINT('',(290.966812639,198.350670433,590.71005271));
#1225 = CARTESIAN_POINT('',(290.966812366,198.350650194,590.710078089));
#1226 = CARTESIAN_POINT('',(290.947854253,196.94910933,592.467578309));
#1227 = CARTESIAN_POINT('',(290.928408629,195.973782226,594.492883126));
#1228 = CARTESIAN_POINT('',(290.909450549,195.473574108,596.684438084));
#1229 = CARTESIAN_POINT('',(290.909450275,195.473566885,596.684469731));
#1230 = CARTESIAN_POINT('',(290.909450001,195.473559662,596.684501378));
#1231 = CARTESIAN_POINT('',(290.909449728,195.473552439,596.684533025));
#1232 = CARTESIAN_POINT('',(290.890491616,194.973358519,598.876091799));
#1233 = CARTESIAN_POINT('',(290.871045992,194.97336599,601.124006958));
#1234 = CARTESIAN_POINT('',(290.852087912,195.473574108,603.315561916));
#1235 = CARTESIAN_POINT('',(290.852087638,195.473581331,603.315593563));
#1236 = CARTESIAN_POINT('',(290.852087364,195.473588555,603.31562521));
#1237 = CARTESIAN_POINT('',(290.852087091,195.473595778,603.315656857));
#1238 = CARTESIAN_POINT('',(290.833128978,195.973818345,605.507209093));
#1239 = CARTESIAN_POINT('',(290.813683354,196.94915891,607.532507427));
#1240 = CARTESIAN_POINT('',(290.794725275,198.350710911,609.289998048));
#1241 = CARTESIAN_POINT('',(290.794725001,198.35073115,609.290023427));
#1242 = CARTESIAN_POINT('',(290.794724727,198.350751389,609.290048806));
#1243 = CARTESIAN_POINT('',(290.794724454,198.350771628,609.290074184));
#1244 = CARTESIAN_POINT('',(290.775766341,199.752335466,611.047556083));
#1245 = CARTESIAN_POINT('',(290.756320717,201.509830965,612.449102419));
#1246 = CARTESIAN_POINT('',(290.737362637,203.535132287,613.424436132));
#1247 = CARTESIAN_POINT('',(290.737362363,203.535161533,613.424450216));
#1248 = CARTESIAN_POINT('',(290.737362089,203.535190779,613.4244643));
#1249 = CARTESIAN_POINT('',(290.737361816,203.535220026,613.424478384));
#1250 = CARTESIAN_POINT('',(290.718403704,205.560528228,614.399799103));
#1251 = CARTESIAN_POINT('',(290.69895808,207.752085123,614.9));
#1252 = CARTESIAN_POINT('',(290.68,210.,614.9));
#1253 = CARTESIAN_POINT('',(290.679999726,210.000032461,614.9));
#1254 = CARTESIAN_POINT('',(290.679999452,210.000064922,614.9));
#1255 = CARTESIAN_POINT('',(290.679999179,210.000097382,614.9));
#1256 = CARTESIAN_POINT('',(290.661041066,212.248012821,614.899985308));
#1257 = CARTESIAN_POINT('',(290.641595442,214.43956639,614.399769844));
#1258 = CARTESIAN_POINT('',(290.622637363,216.464867713,613.424436132));
#1259 = CARTESIAN_POINT('',(290.622637089,216.464896959,613.424422048));
#1260 = CARTESIAN_POINT('',(290.622636815,216.464926205,613.424407963));
#1261 = CARTESIAN_POINT('',(290.622636542,216.464955451,613.424393879));
#1262 = CARTESIAN_POINT('',(290.603678429,218.490250904,612.449046686));
#1263 = CARTESIAN_POINT('',(290.584232805,220.247737087,611.047488669));
#1264 = CARTESIAN_POINT('',(290.565274725,221.649289089,609.289998048));
#1265 = CARTESIAN_POINT('',(290.565274451,221.649309328,609.289972669));
#1266 = CARTESIAN_POINT('',(290.565274177,221.649329567,609.28994729));
#1267 = CARTESIAN_POINT('',(290.565273904,221.649349806,609.289921911));
#1268 = CARTESIAN_POINT('',(290.546315792,223.05089067,607.532421691));
#1269 = CARTESIAN_POINT('',(290.526870168,224.026217774,605.507116874));
#1270 = CARTESIAN_POINT('',(290.507912088,224.526425892,603.315561916));
#1271 = CARTESIAN_POINT('',(290.507911814,224.526433115,603.315530269));
#1272 = CARTESIAN_POINT('',(290.50791154,224.526440338,603.315498622));
#1273 = CARTESIAN_POINT('',(290.507911267,224.526447561,603.315466975));
#1274 = CARTESIAN_POINT('',(290.488953154,225.026641481,601.123908201));
#1275 = CARTESIAN_POINT('',(290.46950753,225.02663401,598.875993042));
#1276 = CARTESIAN_POINT('',(290.450549451,224.526425892,596.684438084));
#1277 = CARTESIAN_POINT('',(290.450549177,224.526418669,596.684406437));
#1278 = CARTESIAN_POINT('',(290.450548903,224.526411445,596.68437479));
#1279 = CARTESIAN_POINT('',(290.45054863,224.526404222,596.684343143));
#1280 = CARTESIAN_POINT('',(290.431590517,224.026181655,594.492790907));
#1281 = CARTESIAN_POINT('',(290.412144893,223.05084109,592.467492573));
#1282 = CARTESIAN_POINT('',(290.393186813,221.649289089,590.710001952));
#1283 = CARTESIAN_POINT('',(290.393186539,221.64926885,590.709976573));
#1284 = CARTESIAN_POINT('',(290.393186265,221.649248611,590.709951194));
#1285 = CARTESIAN_POINT('',(290.393185992,221.649228372,590.709925816));
#1286 = CARTESIAN_POINT('',(290.37422788,220.247664534,588.952443917));
#1287 = CARTESIAN_POINT('',(290.354782256,218.490169035,587.550897581));
#1288 = CARTESIAN_POINT('',(290.335824176,216.464867713,586.575563868));
#1289 = CARTESIAN_POINT('',(290.335823902,216.464838467,586.575549784));
#1290 = CARTESIAN_POINT('',(290.335823628,216.464809221,586.5755357));
#1291 = CARTESIAN_POINT('',(290.335823355,216.464779974,586.575521616));
#1292 = CARTESIAN_POINT('',(290.316865242,214.439471772,585.600200897));
#1293 = CARTESIAN_POINT('',(290.297419618,212.247914877,585.1));
#1294 = CARTESIAN_POINT('',(290.278461538,210.,585.1));
#1295 = CARTESIAN_POINT('',(290.278461264,209.999967539,585.1));
#1296 = CARTESIAN_POINT('',(290.27846099,209.999935078,585.1));
#1297 = CARTESIAN_POINT('',(290.278460717,209.999902618,585.1));
#1298 = CARTESIAN_POINT('',(290.259502605,207.751987179,585.100014692));
#1299 = CARTESIAN_POINT('',(290.240056981,205.56043361,585.600230156));
#1300 = CARTESIAN_POINT('',(290.221098901,203.535132287,586.575563868));
#1301 = CARTESIAN_POINT('',(290.221098627,203.535103041,586.575577952));
#1302 = CARTESIAN_POINT('',(290.221098353,203.535073795,586.575592037));
#1303 = CARTESIAN_POINT('',(290.22109808,203.535044549,586.575606121));
#1304 = CARTESIAN_POINT('',(290.202139967,201.509749096,587.550953314));
#1305 = CARTESIAN_POINT('',(290.182694343,199.752262913,588.952511331));
#1306 = CARTESIAN_POINT('',(290.163736264,198.350710911,590.710001952));
#1307 = CARTESIAN_POINT('',(290.16373599,198.350690672,590.710027331));
#1308 = CARTESIAN_POINT('',(290.163735716,198.350670433,590.71005271));
#1309 = CARTESIAN_POINT('',(290.163735443,198.350650194,590.710078089));
#1310 = CARTESIAN_POINT('',(290.14477733,196.94910933,592.467578309));
#1311 = CARTESIAN_POINT('',(290.125331706,195.973782226,594.492883126));
#1312 = CARTESIAN_POINT('',(290.106373626,195.473574108,596.684438084));
#1313 = CARTESIAN_POINT('',(290.106373352,195.473566885,596.684469731));
#1314 = CARTESIAN_POINT('',(290.106373078,195.473559662,596.684501378));
#1315 = CARTESIAN_POINT('',(290.106372805,195.473552439,596.684533025));
#1316 = CARTESIAN_POINT('',(290.104285834,195.418489465,596.925786948));
#1317 = CARTESIAN_POINT('',(290.102185907,195.369406511,597.168538609));
#1318 = CARTESIAN_POINT('',(290.100074281,195.326364376,597.412642744));
#1319 = DEFINITIONAL_REPRESENTATION('',(#1320),#1323);
#1320 = B_SPLINE_CURVE_WITH_KNOTS('',1,(#1321,#1322),.UNSPECIFIED.,.F.,
  .F.,(2,2),(-3.499798440959E-10,0.141492891806),
  .PIECEWISE_BEZIER_KNOTS.);
#1321 = CARTESIAN_POINT('',(0.74984909775,0.902783555661));
#1322 = CARTESIAN_POINT('',(0.999975556573,0.902783555658));
#1323 = ( GEOMETRIC_REPRESENTATION_CONTEXT(2) 
PARAMETRIC_REPRESENTATION_CONTEXT() REPRESENTATION_CONTEXT('2D SPACE',''
  ) );
#1324 = ADVANCED_FACE('',(#1325),#98,.T.);
#1325 = FACE_BOUND('',#1326,.T.);
#1326 = EDGE_LOOP('',(#1327,#1328,#1561,#3878,#3905,#4173,#4683,#5193,
    #5703,#6213,#6723,#7233));
#1327 = ORIENTED_EDGE('',*,*,#84,.F.);
#1328 = ORIENTED_EDGE('',*,*,#1329,.T.);
#1329 = EDGE_CURVE('',#57,#1330,#1332,.T.);
#1330 = VERTEX_POINT('',#1331);
#1331 = CARTESIAN_POINT('',(290.,222.458691803,591.119065446));
#1332 = SURFACE_CURVE('',#1333,(#1398,#1493),.PCURVE_S1.);
#1333 = B_SPLINE_CURVE_WITH_KNOTS('',3,(#1334,#1335,#1336,#1337,#1338,
    #1339,#1340,#1341,#1342,#1343,#1344,#1345,#1346,#1347,#1348,#1349,
    #1350,#1351,#1352,#1353,#1354,#1355,#1356,#1357,#1358,#1359,#1360,
    #1361,#1362,#1363,#1364,#1365,#1366,#1367,#1368,#1369,#1370,#1371,
    #1372,#1373,#1374,#1375,#1376,#1377,#1378,#1379,#1380,#1381,#1382,
    #1383,#1384,#1385,#1386,#1387,#1388,#1389,#1390,#1391,#1392,#1393,
    #1394,#1395,#1396,#1397),.UNSPECIFIED.,.F.,.F.,(4,3,3,3,3,3,3,3,3,3,
    3,3,3,3,3,3,3,3,3,3,3,4),(0.,2.236281E-03,4.472562E-03,5.590702E-03,
    6.708842E-03,8.945123E-03,1.0063264E-02,1.1181404E-02,1.3417685E-02,
    1.5653966E-02,1.6772106E-02,1.7890246E-02,2.0126527E-02,
    2.2362808E-02,2.3480948E-02,2.4599089E-02,2.683537E-02,2.795351E-02,
    2.907165E-02,3.1307931E-02,3.3544212E-02,3.5780493E-02),
  .UNSPECIFIED.);
#1334 = CARTESIAN_POINT('',(290.,195.227810594,597.395264155));
#1335 = CARTESIAN_POINT('',(290.,195.351128678,596.659540073));
#1336 = CARTESIAN_POINT('',(290.,195.530012035,595.932440943));
#1337 = CARTESIAN_POINT('',(290.,195.758946067,595.229235364));
#1338 = CARTESIAN_POINT('',(290.,195.987880099,594.526029785));
#1339 = CARTESIAN_POINT('',(290.,196.266973978,593.844061204));
#1340 = CARTESIAN_POINT('',(290.,196.595958256,593.183215539));
#1341 = CARTESIAN_POINT('',(290.,196.760450394,592.852792707));
#1342 = CARTESIAN_POINT('',(290.,196.93746501,592.527671722));
#1343 = CARTESIAN_POINT('',(290.,197.127279101,592.207969861));
#1344 = CARTESIAN_POINT('',(290.,197.317093193,591.888268));
#1345 = CARTESIAN_POINT('',(290.,197.519624286,591.574386114));
#1346 = CARTESIAN_POINT('',(290.,197.731828819,591.270760526));
#1347 = CARTESIAN_POINT('',(290.,198.156237884,590.663509352));
#1348 = CARTESIAN_POINT('',(290.,198.6220381,590.092135849));
#1349 = CARTESIAN_POINT('',(290.,199.128454247,589.55596806));
#1350 = CARTESIAN_POINT('',(290.,199.381662321,589.287884166));
#1351 = CARTESIAN_POINT('',(290.,199.645078371,589.028648502));
#1352 = CARTESIAN_POINT('',(290.,199.918883242,588.778417824));
#1353 = CARTESIAN_POINT('',(290.,200.192688113,588.528187145));
#1354 = CARTESIAN_POINT('',(290.,200.47795344,588.286205003));
#1355 = CARTESIAN_POINT('',(290.,200.769602883,588.056797514));
#1356 = CARTESIAN_POINT('',(290.,201.352901769,587.597982536));
#1357 = CARTESIAN_POINT('',(290.,201.964059234,587.186518522));
#1358 = CARTESIAN_POINT('',(290.,202.602330611,586.82113977));
#1359 = CARTESIAN_POINT('',(290.,203.240601989,586.455761017));
#1360 = CARTESIAN_POINT('',(290.,203.906002901,586.136494081));
#1361 = CARTESIAN_POINT('',(290.,204.599416341,585.864839773));
#1362 = CARTESIAN_POINT('',(290.,204.94612306,585.729012618));
#1363 = CARTESIAN_POINT('',(290.,205.297617465,585.606117475));
#1364 = CARTESIAN_POINT('',(290.,205.650831976,585.496917682));
#1365 = CARTESIAN_POINT('',(290.,206.004046488,585.387717889));
#1366 = CARTESIAN_POINT('',(290.,206.359900285,585.291848713));
#1367 = CARTESIAN_POINT('',(290.,206.718354349,585.209113076));
#1368 = CARTESIAN_POINT('',(290.,207.435262477,585.043641801));
#1369 = CARTESIAN_POINT('',(290.,208.16253007,584.93049455));
#1370 = CARTESIAN_POINT('',(290.,208.900347704,584.870633893));
#1371 = CARTESIAN_POINT('',(290.,209.638165338,584.810773237));
#1372 = CARTESIAN_POINT('',(290.,210.388611172,584.805031165));
#1373 = CARTESIAN_POINT('',(290.,211.13227586,584.854355504));
#1374 = CARTESIAN_POINT('',(290.,211.504108204,584.879017674));
#1375 = CARTESIAN_POINT('',(290.,211.875763841,584.91748307));
#1376 = CARTESIAN_POINT('',(290.,212.242993216,584.969112423));
#1377 = CARTESIAN_POINT('',(290.,212.610222591,585.020741776));
#1378 = CARTESIAN_POINT('',(290.,212.973811185,585.08553915));
#1379 = CARTESIAN_POINT('',(290.,213.333833018,585.163236833));
#1380 = CARTESIAN_POINT('',(290.,214.053876682,585.3186322));
#1381 = CARTESIAN_POINT('',(290.,214.75970878,585.525428137));
#1382 = CARTESIAN_POINT('',(290.,215.451233384,585.783971597));
#1383 = CARTESIAN_POINT('',(290.,215.796995685,585.913243327));
#1384 = CARTESIAN_POINT('',(290.,216.139167338,586.055501761));
#1385 = CARTESIAN_POINT('',(290.,216.477648287,586.211108778));
#1386 = CARTESIAN_POINT('',(290.,216.816129236,586.366715794));
#1387 = CARTESIAN_POINT('',(290.,217.149712067,586.535159631));
#1388 = CARTESIAN_POINT('',(290.,217.476026722,586.71522431));
#1389 = CARTESIAN_POINT('',(290.,218.12865603,587.075353669));
#1390 = CARTESIAN_POINT('',(290.,218.751543805,587.481100617));
#1391 = CARTESIAN_POINT('',(290.,219.344695338,587.93245704));
#1392 = CARTESIAN_POINT('',(290.,219.937846872,588.383813463));
#1393 = CARTESIAN_POINT('',(290.,220.496243112,588.877150369));
#1394 = CARTESIAN_POINT('',(290.,221.017491748,589.410466778));
#1395 = CARTESIAN_POINT('',(290.,221.538740384,589.943783186));
#1396 = CARTESIAN_POINT('',(290.,222.020691251,590.515281423));
#1397 = CARTESIAN_POINT('',(290.,222.458691316,591.119064774));
#1398 = PCURVE('',#98,#1399);
#1399 = DEFINITIONAL_REPRESENTATION('',(#1400),#1492);
#1400 = B_SPLINE_CURVE_WITH_KNOTS('',3,(#1401,#1402,#1403,#1404,#1405,
    #1406,#1407,#1408,#1409,#1410,#1411,#1412,#1413,#1414,#1415,#1416,
    #1417,#1418,#1419,#1420,#1421,#1422,#1423,#1424,#1425,#1426,#1427,
    #1428,#1429,#1430,#1431,#1432,#1433,#1434,#1435,#1436,#1437,#1438,
    #1439,#1440,#1441,#1442,#1443,#1444,#1445,#1446,#1447,#1448,#1449,
    #1450,#1451,#1452,#1453,#1454,#1455,#1456,#1457,#1458,#1459,#1460,
    #1461,#1462,#1463,#1464,#1465,#1466,#1467,#1468,#1469,#1470,#1471,
    #1472,#1473,#1474,#1475,#1476,#1477,#1478,#1479,#1480,#1481,#1482,
    #1483,#1484,#1485,#1486,#1487,#1488,#1489,#1490,#1491),
  .UNSPECIFIED.,.F.,.F.,(4,1,1,1,1,1,1,1,1,1,1,1,1,1,1,1,1,1,1,1,1,1,1,1
    ,1,1,1,1,1,1,1,1,1,1,1,1,1,1,1,1,1,1,1,1,1,1,1,1,1,1,1,1,1,1,1,1,1,1
    ,1,1,1,1,1,1,1,1,1,1,1,1,1,1,1,1,1,1,1,1,1,1,1,1,1,1,1,1,1,1,4),(0.,
    4.065965113636E-04,8.131930227273E-04,1.219789534091E-03,
    1.626386045455E-03,2.032982556818E-03,2.439579068182E-03,
    2.846175579545E-03,3.252772090909E-03,3.659368602273E-03,
    4.065965113636E-03,4.472561625E-03,4.879158136364E-03,
    5.285754647727E-03,5.692351159091E-03,6.098947670455E-03,
    6.505544181818E-03,6.912140693182E-03,7.318737204545E-03,
    7.725333715909E-03,8.131930227273E-03,8.538526738636E-03,
    8.94512325E-03,9.351719761364E-03,9.758316272727E-03,
    1.016491278409E-02,1.057150929545E-02,1.097810580682E-02,
    1.138470231818E-02,1.179129882955E-02,1.219789534091E-02,
    1.260449185227E-02,1.301108836364E-02,1.3417684875E-02,
    1.382428138636E-02,1.423087789773E-02,1.463747440909E-02,
    1.504407092045E-02,1.545066743182E-02,1.585726394318E-02,
    1.626386045455E-02,1.667045696591E-02,1.707705347727E-02,
    1.748364998864E-02,1.78902465E-02,1.829684301136E-02,
    1.870343952273E-02,1.911003603409E-02,1.951663254545E-02,
    1.992322905682E-02,2.032982556818E-02,2.073642207955E-02,
    2.114301859091E-02,2.154961510227E-02,2.195621161364E-02,
    2.2362808125E-02,2.276940463636E-02,2.317600114773E-02,
    2.358259765909E-02,2.398919417045E-02,2.439579068182E-02,
    2.480238719318E-02,2.520898370455E-02,2.561558021591E-02,
    2.602217672727E-02,2.642877323864E-02,2.683536975E-02,
    2.724196626136E-02,2.764856277273E-02,2.805515928409E-02,
    2.846175579545E-02,2.886835230682E-02,2.927494881818E-02,
    2.968154532955E-02,3.008814184091E-02,3.049473835227E-02,
    3.090133486364E-02,3.1307931375E-02,3.171452788636E-02,
    3.212112439773E-02,3.252772090909E-02,3.293431742045E-02,
    3.334091393182E-02,3.374751044318E-02,3.415410695455E-02,
    3.456070346591E-02,3.496729997727E-02,3.537389648864E-02,
    3.5780493E-02),.QUASI_UNIFORM_KNOTS.);
#1401 = CARTESIAN_POINT('',(0.749814278198,0.902783555817));
#1402 = CARTESIAN_POINT('',(0.746945355485,0.902603285094));
#1403 = CARTESIAN_POINT('',(0.741257153748,0.902241613606));
#1404 = CARTESIAN_POINT('',(0.732785243221,0.901697918663));
#1405 = CARTESIAN_POINT('',(0.724260422014,0.901155546255));
#1406 = CARTESIAN_POINT('',(0.715656060575,0.900615929192));
#1407 = CARTESIAN_POINT('',(0.707005143693,0.90007886637));
#1408 = CARTESIAN_POINT('',(0.698419825866,0.899544777856));
#1409 = CARTESIAN_POINT('',(0.689779020578,0.899012641863));
#1410 = CARTESIAN_POINT('',(0.681151213647,0.898481887786));
#1411 = CARTESIAN_POINT('',(0.672552803521,0.897951938409));
#1412 = CARTESIAN_POINT('',(0.663980019192,0.897422221117));
#1413 = CARTESIAN_POINT('',(0.655387605093,0.896892171729));
#1414 = CARTESIAN_POINT('',(0.646743128574,0.896361207826));
#1415 = CARTESIAN_POINT('',(0.638113272059,0.89582880264));
#1416 = CARTESIAN_POINT('',(0.629463011102,0.895294155032));
#1417 = CARTESIAN_POINT('',(0.620866057742,0.894757551638));
#1418 = CARTESIAN_POINT('',(0.612228930501,0.894220627214));
#1419 = CARTESIAN_POINT('',(0.603700317102,0.893685132553));
#1420 = CARTESIAN_POINT('',(0.595193233058,0.893149877986));
#1421 = CARTESIAN_POINT('',(0.586758646063,0.892613768068));
#1422 = CARTESIAN_POINT('',(0.578342382591,0.892080027983));
#1423 = CARTESIAN_POINT('',(0.569931297894,0.891547826141));
#1424 = CARTESIAN_POINT('',(0.561463279566,0.891016654167));
#1425 = CARTESIAN_POINT('',(0.552904585877,0.890485944474));
#1426 = CARTESIAN_POINT('',(0.544330943132,0.8899550846));
#1427 = CARTESIAN_POINT('',(0.535707412948,0.889423669901));
#1428 = CARTESIAN_POINT('',(0.527097612379,0.888890274539));
#1429 = CARTESIAN_POINT('',(0.518374700763,0.88835676853));
#1430 = CARTESIAN_POINT('',(0.509726153998,0.887825461428));
#1431 = CARTESIAN_POINT('',(0.501077381692,0.887295913137));
#1432 = CARTESIAN_POINT('',(0.492482424083,0.886767406943));
#1433 = CARTESIAN_POINT('',(0.483961757074,0.886239411071));
#1434 = CARTESIAN_POINT('',(0.475508036694,0.885711349206));
#1435 = CARTESIAN_POINT('',(0.467083310334,0.885182659389));
#1436 = CARTESIAN_POINT('',(0.458627640161,0.884652788058));
#1437 = CARTESIAN_POINT('',(0.450197948806,0.884121147586));
#1438 = CARTESIAN_POINT('',(0.44181548991,0.883587238539));
#1439 = CARTESIAN_POINT('',(0.433415130571,0.8830540993));
#1440 = CARTESIAN_POINT('',(0.424977136159,0.882520625885));
#1441 = CARTESIAN_POINT('',(0.416410411113,0.881986006171));
#1442 = CARTESIAN_POINT('',(0.407845057995,0.881453216912));
#1443 = CARTESIAN_POINT('',(0.39924128782,0.880922721897));
#1444 = CARTESIAN_POINT('',(0.390682462381,0.880395120602));
#1445 = CARTESIAN_POINT('',(0.38212614695,0.879869014467));
#1446 = CARTESIAN_POINT('',(0.373600017256,0.879344013661));
#1447 = CARTESIAN_POINT('',(0.36504111233,0.878819514495));
#1448 = CARTESIAN_POINT('',(0.356480143036,0.878294980207));
#1449 = CARTESIAN_POINT('',(0.347961689852,0.877769854827));
#1450 = CARTESIAN_POINT('',(0.339489346164,0.877243576945));
#1451 = CARTESIAN_POINT('',(0.331047642663,0.876715593818));
#1452 = CARTESIAN_POINT('',(0.322567722195,0.876185290989));
#1453 = CARTESIAN_POINT('',(0.314209696471,0.875651980139));
#1454 = CARTESIAN_POINT('',(0.305825538361,0.875115946285));
#1455 = CARTESIAN_POINT('',(0.297367349035,0.874578240304));
#1456 = CARTESIAN_POINT('',(0.288793334539,0.874042411725));
#1457 = CARTESIAN_POINT('',(0.280213117839,0.873508308417));
#1458 = CARTESIAN_POINT('',(0.271711261967,0.872975476093));
#1459 = CARTESIAN_POINT('',(0.263125888098,0.872443832023));
#1460 = CARTESIAN_POINT('',(0.25455142549,0.871914978123));
#1461 = CARTESIAN_POINT('',(0.246007309055,0.871388687549));
#1462 = CARTESIAN_POINT('',(0.237483830828,0.870864110181));
#1463 = CARTESIAN_POINT('',(0.228971960372,0.87034075622));
#1464 = CARTESIAN_POINT('',(0.220426681634,0.869818053907));
#1465 = CARTESIAN_POINT('',(0.211914934413,0.869295464844));
#1466 = CARTESIAN_POINT('',(0.203452065257,0.86877244028));
#1467 = CARTESIAN_POINT('',(0.195034770775,0.86824842614));
#1468 = CARTESIAN_POINT('',(0.186619386429,0.8677228836));
#1469 = CARTESIAN_POINT('',(0.178175479633,0.867195201642));
#1470 = CARTESIAN_POINT('',(0.169763499358,0.866664990899));
#1471 = CARTESIAN_POINT('',(0.161366343973,0.866130930849));
#1472 = CARTESIAN_POINT('',(0.15298027549,0.865595380649));
#1473 = CARTESIAN_POINT('',(0.144515179632,0.865061830757));
#1474 = CARTESIAN_POINT('',(0.136028892956,0.864529993326));
#1475 = CARTESIAN_POINT('',(0.127481423272,0.864000315061));
#1476 = CARTESIAN_POINT('',(0.118934768382,0.863472044623));
#1477 = CARTESIAN_POINT('',(0.110406603693,0.86294464731));
#1478 = CARTESIAN_POINT('',(0.101893386516,0.86241761996));
#1479 = CARTESIAN_POINT('',(9.33484690776E-02,0.861890136342));
#1480 = CARTESIAN_POINT('',(8.474694562196E-02,0.861362650564));
#1481 = CARTESIAN_POINT('',(7.616154424744E-02,0.860835759252));
#1482 = CARTESIAN_POINT('',(6.760145910314E-02,0.860308779191));
#1483 = CARTESIAN_POINT('',(5.90745378916E-02,0.859781361473));
#1484 = CARTESIAN_POINT('',(5.057492284795E-02,0.859253095035));
#1485 = CARTESIAN_POINT('',(4.207035966385E-02,0.858723475243));
#1486 = CARTESIAN_POINT('',(3.362765057844E-02,0.858192988127));
#1487 = CARTESIAN_POINT('',(2.521523296104E-02,0.857661523927));
#1488 = CARTESIAN_POINT('',(1.683280479963E-02,0.857128253192));
#1489 = CARTESIAN_POINT('',(8.436138483619E-03,0.856595318256));
#1490 = CARTESIAN_POINT('',(2.818107031077E-03,0.856240963154));
#1491 = CARTESIAN_POINT('',(0.,0.856064248294));
#1492 = ( GEOMETRIC_REPRESENTATION_CONTEXT(2) 
PARAMETRIC_REPRESENTATION_CONTEXT() REPRESENTATION_CONTEXT('2D SPACE',''
  ) );
#1493 = PCURVE('',#72,#1494);
#1494 = DEFINITIONAL_REPRESENTATION('',(#1495),#1560);
#1495 = B_SPLINE_CURVE_WITH_KNOTS('',3,(#1496,#1497,#1498,#1499,#1500,
    #1501,#1502,#1503,#1504,#1505,#1506,#1507,#1508,#1509,#1510,#1511,
    #1512,#1513,#1514,#1515,#1516,#1517,#1518,#1519,#1520,#1521,#1522,
    #1523,#1524,#1525,#1526,#1527,#1528,#1529,#1530,#1531,#1532,#1533,
    #1534,#1535,#1536,#1537,#1538,#1539,#1540,#1541,#1542,#1543,#1544,
    #1545,#1546,#1547,#1548,#1549,#1550,#1551,#1552,#1553,#1554,#1555,
    #1556,#1557,#1558,#1559),.UNSPECIFIED.,.F.,.F.,(4,3,3,3,3,3,3,3,3,3,
    3,3,3,3,3,3,3,3,3,3,3,4),(0.,2.236281E-03,4.472562E-03,5.590702E-03,
    6.708842E-03,8.945123E-03,1.0063264E-02,1.1181404E-02,1.3417685E-02,
    1.5653966E-02,1.6772106E-02,1.7890246E-02,2.0126527E-02,
    2.2362808E-02,2.3480948E-02,2.4599089E-02,2.683537E-02,2.795351E-02,
    2.907165E-02,3.1307931E-02,3.3544212E-02,3.5780493E-02),
  .UNSPECIFIED.);
#1496 = CARTESIAN_POINT('',(-2.604735845,-14.772189406));
#1497 = CARTESIAN_POINT('',(-3.340459927,-14.648871322));
#1498 = CARTESIAN_POINT('',(-4.067559057,-14.469987965));
#1499 = CARTESIAN_POINT('',(-4.770764636,-14.241053933));
#1500 = CARTESIAN_POINT('',(-5.473970215,-14.012119901));
#1501 = CARTESIAN_POINT('',(-6.155938796,-13.733026022));
#1502 = CARTESIAN_POINT('',(-6.816784461,-13.404041744));
#1503 = CARTESIAN_POINT('',(-7.147207293,-13.239549606));
#1504 = CARTESIAN_POINT('',(-7.472328278,-13.06253499));
#1505 = CARTESIAN_POINT('',(-7.792030139,-12.872720899));
#1506 = CARTESIAN_POINT('',(-8.111732,-12.682906807));
#1507 = CARTESIAN_POINT('',(-8.425613886,-12.480375714));
#1508 = CARTESIAN_POINT('',(-8.729239474,-12.268171181));
#1509 = CARTESIAN_POINT('',(-9.336490648,-11.843762116));
#1510 = CARTESIAN_POINT('',(-9.907864151,-11.3779619));
#1511 = CARTESIAN_POINT('',(-10.44403194,-10.871545753));
#1512 = CARTESIAN_POINT('',(-10.712115834,-10.618337679));
#1513 = CARTESIAN_POINT('',(-10.971351498,-10.354921629));
#1514 = CARTESIAN_POINT('',(-11.221582176,-10.081116758));
#1515 = CARTESIAN_POINT('',(-11.471812855,-9.807311887));
#1516 = CARTESIAN_POINT('',(-11.713794997,-9.52204656));
#1517 = CARTESIAN_POINT('',(-11.943202486,-9.230397117));
#1518 = CARTESIAN_POINT('',(-12.402017464,-8.647098231));
#1519 = CARTESIAN_POINT('',(-12.813481478,-8.035940766));
#1520 = CARTESIAN_POINT('',(-13.17886023,-7.397669389));
#1521 = CARTESIAN_POINT('',(-13.544238983,-6.759398011));
#1522 = CARTESIAN_POINT('',(-13.863505919,-6.093997099));
#1523 = CARTESIAN_POINT('',(-14.135160227,-5.400583659));
#1524 = CARTESIAN_POINT('',(-14.270987382,-5.05387694));
#1525 = CARTESIAN_POINT('',(-14.393882525,-4.702382535));
#1526 = CARTESIAN_POINT('',(-14.503082318,-4.349168024));
#1527 = CARTESIAN_POINT('',(-14.612282111,-3.995953512));
#1528 = CARTESIAN_POINT('',(-14.708151287,-3.640099715));
#1529 = CARTESIAN_POINT('',(-14.790886924,-3.281645651));
#1530 = CARTESIAN_POINT('',(-14.956358199,-2.564737523));
#1531 = CARTESIAN_POINT('',(-15.06950545,-1.83746993));
#1532 = CARTESIAN_POINT('',(-15.129366107,-1.099652296));
#1533 = CARTESIAN_POINT('',(-15.189226763,-0.361834662));
#1534 = CARTESIAN_POINT('',(-15.194968835,0.388611172));
#1535 = CARTESIAN_POINT('',(-15.145644496,1.13227586));
#1536 = CARTESIAN_POINT('',(-15.120982326,1.504108204));
#1537 = CARTESIAN_POINT('',(-15.08251693,1.875763841));
#1538 = CARTESIAN_POINT('',(-15.030887577,2.242993216));
#1539 = CARTESIAN_POINT('',(-14.979258224,2.610222591));
#1540 = CARTESIAN_POINT('',(-14.91446085,2.973811185));
#1541 = CARTESIAN_POINT('',(-14.836763167,3.333833018));
#1542 = CARTESIAN_POINT('',(-14.6813678,4.053876682));
#1543 = CARTESIAN_POINT('',(-14.474571863,4.75970878));
#1544 = CARTESIAN_POINT('',(-14.216028403,5.451233384));
#1545 = CARTESIAN_POINT('',(-14.086756673,5.796995685));
#1546 = CARTESIAN_POINT('',(-13.944498239,6.139167338));
#1547 = CARTESIAN_POINT('',(-13.788891222,6.477648287));
#1548 = CARTESIAN_POINT('',(-13.633284206,6.816129236));
#1549 = CARTESIAN_POINT('',(-13.464840369,7.149712067));
#1550 = CARTESIAN_POINT('',(-13.28477569,7.476026722));
#1551 = CARTESIAN_POINT('',(-12.924646331,8.12865603));
#1552 = CARTESIAN_POINT('',(-12.518899383,8.751543805));
#1553 = CARTESIAN_POINT('',(-12.06754296,9.344695338));
#1554 = CARTESIAN_POINT('',(-11.616186537,9.937846872));
#1555 = CARTESIAN_POINT('',(-11.122849631,10.496243112));
#1556 = CARTESIAN_POINT('',(-10.589533222,11.017491748));
#1557 = CARTESIAN_POINT('',(-10.056216814,11.538740384));
#1558 = CARTESIAN_POINT('',(-9.484718577,12.020691251));
#1559 = CARTESIAN_POINT('',(-8.880935226,12.458691316));
#1560 = ( GEOMETRIC_REPRESENTATION_CONTEXT(2) 
PARAMETRIC_REPRESENTATION_CONTEXT() REPRESENTATION_CONTEXT('2D SPACE',''
  ) );
#1561 = ORIENTED_EDGE('',*,*,#1562,.F.);
#1562 = EDGE_CURVE('',#1563,#1330,#1565,.T.);
#1563 = VERTEX_POINT('',#1564);
#1564 = CARTESIAN_POINT('',(295.5,210.,584.7));
#1565 = SURFACE_CURVE('',#1566,(#2141,#2148),.PCURVE_S1.);
#1566 = ( BOUNDED_CURVE() B_SPLINE_CURVE(3,(#1567,#1568,#1569,#1570,
    #1571,#1572,#1573,#1574,#1575,#1576,#1577,#1578,#1579,#1580,#1581,
    #1582,#1583,#1584,#1585,#1586,#1587,#1588,#1589,#1590,#1591,#1592,
    #1593,#1594,#1595,#1596,#1597,#1598,#1599,#1600,#1601,#1602,#1603,
    #1604,#1605,#1606,#1607,#1608,#1609,#1610,#1611,#1612,#1613,#1614,
    #1615,#1616,#1617,#1618,#1619,#1620,#1621,#1622,#1623,#1624,#1625,
    #1626,#1627,#1628,#1629,#1630,#1631,#1632,#1633,#1634,#1635,#1636,
    #1637,#1638,#1639,#1640,#1641,#1642,#1643,#1644,#1645,#1646,#1647,
    #1648,#1649,#1650,#1651,#1652,#1653,#1654,#1655,#1656,#1657,#1658,
    #1659,#1660,#1661,#1662,#1663,#1664,#1665,#1666,#1667,#1668,#1669,
    #1670,#1671,#1672,#1673,#1674,#1675,#1676,#1677,#1678,#1679,#1680,
    #1681,#1682,#1683,#1684,#1685,#1686,#1687,#1688,#1689,#1690,#1691,
    #1692,#1693,#1694,#1695,#1696,#1697,#1698,#1699,#1700,#1701,#1702,
    #1703,#1704,#1705,#1706,#1707,#1708,#1709,#1710,#1711,#1712,#1713,
    #1714,#1715,#1716,#1717,#1718,#1719,#1720,#1721,#1722,#1723,#1724,
    #1725,#1726,#1727,#1728,#1729,#1730,#1731,#1732,#1733,#1734,#1735,
    #1736,#1737,#1738,#1739,#1740,#1741,#1742,#1743,#1744,#1745,#1746,
    #1747,#1748,#1749,#1750,#1751,#1752,#1753,#1754,#1755,#1756,#1757,
    #1758,#1759,#1760,#1761,#1762,#1763,#1764,#1765,#1766,#1767,#1768,
    #1769,#1770,#1771,#1772,#1773,#1774,#1775,#1776,#1777,#1778,#1779,
    #1780,#1781,#1782,#1783,#1784,#1785,#1786,#1787,#1788,#1789,#1790,
    #1791,#1792,#1793,#1794,#1795,#1796,#1797,#1798,#1799,#1800,#1801,
    #1802,#1803,#1804,#1805,#1806,#1807,#1808,#1809,#1810,#1811,#1812,
    #1813,#1814,#1815,#1816,#1817,#1818,#1819,#1820,#1821,#1822,#1823,
    #1824,#1825,#1826,#1827,#1828,#1829,#1830,#1831,#1832,#1833,#1834,
    #1835,#1836,#1837,#1838,#1839,#1840,#1841,#1842,#1843,#1844,#1845,
    #1846,#1847,#1848,#1849,#1850,#1851,#1852,#1853,#1854,#1855,#1856,
    #1857,#1858,#1859,#1860,#1861,#1862,#1863,#1864,#1865,#1866,#1867,
    #1868,#1869,#1870,#1871,#1872,#1873,#1874,#1875,#1876,#1877,#1878,
    #1879,#1880,#1881,#1882,#1883,#1884,#1885,#1886,#1887,#1888,#1889,
    #1890,#1891,#1892,#1893,#1894,#1895,#1896,#1897,#1898,#1899,#1900,
    #1901,#1902,#1903,#1904,#1905,#1906,#1907,#1908,#1909,#1910,#1911,
    #1912,#1913,#1914,#1915,#1916,#1917,#1918,#1919,#1920,#1921,#1922,
    #1923,#1924,#1925,#1926,#1927,#1928,#1929,#1930,#1931,#1932,#1933,
    #1934,#1935,#1936,#1937,#1938,#1939,#1940,#1941,#1942,#1943,#1944,
    #1945,#1946,#1947,#1948,#1949,#1950,#1951,#1952,#1953,#1954,#1955,
    #1956,#1957,#1958,#1959,#1960,#1961,#1962,#1963,#1964,#1965,#1966,
    #1967,#1968,#1969,#1970,#1971,#1972,#1973,#1974,#1975,#1976,#1977,
    #1978,#1979,#1980,#1981,#1982,#1983,#1984,#1985,#1986,#1987,#1988,
    #1989,#1990,#1991,#1992,#1993,#1994,#1995,#1996,#1997,#1998,#1999,
    #2000,#2001,#2002,#2003,#2004,#2005,#2006,#2007,#2008,#2009,#2010,
    #2011,#2012,#2013,#2014,#2015,#2016,#2017,#2018,#2019,#2020,#2021,
    #2022,#2023,#2024,#2025,#2026,#2027,#2028,#2029,#2030,#2031,#2032,
    #2033,#2034,#2035,#2036,#2037,#2038,#2039,#2040,#2041,#2042,#2043,
    #2044,#2045,#2046,#2047,#2048,#2049,#2050,#2051,#2052,#2053,#2054,
    #2055,#2056,#2057,#2058,#2059,#2060,#2061,#2062,#2063,#2064,#2065,
    #2066,#2067,#2068,#2069,#2070,#2071,#2072,#2073,#2074,#2075,#2076,
    #2077,#2078,#2079,#2080,#2081,#2082,#2083,#2084,#2085,#2086,#2087,
    #2088,#2089,#2090,#2091,#2092,#2093,#2094,#2095,#2096,#2097,#2098,
    #2099,#2100,#2101,#2102,#2103,#2104,#2105,#2106,#2107,#2108,#2109,
    #2110,#2111,#2112,#2113,#2114,#2115,#2116,#2117,#2118,#2119,#2120,
    #2121,#2122,#2123,#2124,#2125,#2126,#2127,#2128,#2129,#2130,#2131,
    #2132,#2133,#2134,#2135,#2136,#2137,#2138,#2139,#2140),
.UNSPECIFIED.,.F.,.F.) B_SPLINE_CURVE_WITH_KNOTS((4,3,3,3,3,3,3,3,3,3,3,
    3,3,3,3,3,3,3,3,3,3,3,3,3,3,3,3,3,3,3,3,3,3,3,3,3,3,3,3,3,3,3,3,3,3,
    3,3,3,3,3,3,3,3,3,3,3,3,3,3,3,3,3,3,3,3,3,3,3,3,3,3,3,3,3,3,3,3,3,3,
    3,3,3,3,3,3,3,3,3,3,3,3,3,3,3,3,3,3,3,3,3,3,3,3,3,3,3,3,3,3,3,3,3,3,
    3,3,3,3,3,3,3,3,3,3,3,3,3,3,3,3,3,3,3,3,3,3,3,3,3,3,3,3,3,3,3,3,3,3,
    3,3,3,3,3,3,3,3,3,3,3,3,3,3,3,3,3,3,3,3,3,3,3,3,3,3,3,3,3,3,3,3,3,3,
    3,3,3,3,3,3,3,3,3,3,4),(0.,8.928571E-03,8.928702E-03,1.7857143E-02,
    1.7857274E-02,2.6785714E-02,2.6785845E-02,3.5714286E-02,
    3.5714417E-02,4.4642857E-02,4.4642988E-02,5.3571429E-02,5.357156E-02
    ,6.25E-02,6.2500131E-02,7.1428571E-02,7.1428702E-02,8.0357143E-02,
    8.0357274E-02,8.9285714E-02,8.9285845E-02,9.8214286E-02,
    9.8214417E-02,0.107142857,0.107142988,0.116071429,0.11607156,0.125,
    0.125000131,0.133928571,0.133928702,0.142857143,0.142857274,
    0.151785714,0.151785845,0.160714286,0.160714417,0.169642857,
    0.169642988,0.178571429,0.17857156,0.1875,0.187500131,0.196428571,
    0.196428702,0.205357143,0.205357274,0.214285714,0.214285845,
    0.223214286,0.223214417,0.232142857,0.232142988,0.241071429,
    0.24107156,0.25,0.250000131,0.258928571,0.258928702,0.267857143,
    0.267857274,0.276785714,0.276785845,0.285714286,0.285714417,
    0.294642857,0.294642988,0.303571429,0.30357156,0.3125,0.312500131,
    0.321428571,0.321428702,0.330357143,0.330357274,0.339285714,
    0.339285845,0.348214286,0.348214417,0.357142857,0.357142988,
    0.366071429,0.36607156,0.375,0.375000131,0.383928571,0.383928702,
    0.392857143,0.392857274,0.401785714,0.401785845,0.410714286,
    0.410714417,0.419642857,0.419642988,0.428571429,0.42857156,0.4375,
    0.437500131,0.446428571,0.446428702,0.455357143,0.455357274,
    0.464285714,0.464285845,0.473214286,0.473214417,0.482142857,
    0.482142988,0.491071429,0.49107156,0.5,0.500000131,0.508928571,
    0.508928702,0.517857143,0.517857274,0.526785714,0.526785845,
    0.535714286,0.535714417,0.544642857,0.544642988,0.553571429,
    0.55357156,0.5625,0.562500131,0.571428571,0.571428702,0.580357143,
    0.580357274,0.589285714,0.589285845,0.598214286,0.598214417,
    0.607142857,0.607142988,0.616071429,0.61607156,0.625,0.625000131,
    0.633928571,0.633928702,0.642857143,0.642857274,0.651785714,
    0.651785845,0.660714286,0.660714417,0.669642857,0.669642988,
    0.678571429,0.67857156,0.6875,0.687500131,0.696428571,0.696428702,
    0.705357143,0.705357274,0.714285714,0.714285845,0.723214286,
    0.723214417,0.732142857,0.732142988,0.741071429,0.74107156,0.75,
    0.750000131,0.758928571,0.758928702,0.767857143,0.767857274,
    0.776785714,0.776785845,0.785714286,0.785714417,0.794642857,
    0.794642988,0.803571429,0.80357156,0.8125,0.812500131,0.821428571,
    0.821428702,0.830357143,0.830357274,0.839285714,0.839285845,
0.848214286,0.848214417,0.856064247),.UNSPECIFIED.) CURVE() 
GEOMETRIC_REPRESENTATION_ITEM() RATIONAL_B_SPLINE_CURVE((1.,0.983285275,
    0.983285275,1.,0.999999755,0.999999509,0.999999264,0.983285275,
    0.98328552,1.,0.999999755,0.999999509,0.999999264,0.983285275,
    0.98328552,1.,0.999999755,0.999999509,0.999999264,0.983285275,
    0.98328552,1.,0.999999755,0.999999509,0.999999264,0.983285275,
    0.98328552,1.,0.999999755,0.999999509,0.999999264,0.983285275,
    0.98328552,1.,0.999999755,0.999999509,0.999999264,0.983285275,
    0.98328552,1.,0.999999755,0.999999509,0.999999264,0.983285275,
    0.98328552,1.,0.999999755,0.999999509,0.999999264,0.983285275,
    0.98328552,1.,0.999999755,0.999999509,0.999999264,0.983285275,
    0.98328552,1.,0.999999755,0.999999509,0.999999264,0.983285275,
    0.98328552,1.,0.999999755,0.999999509,0.999999264,0.983285275,
    0.98328552,1.,0.999999755,0.999999509,0.999999264,0.983285275,
    0.98328552,1.,0.999999755,0.999999509,0.999999264,0.983285275,
    0.98328552,1.,0.999999755,0.999999509,0.999999264,0.983285275,
    0.98328552,1.,0.999999755,0.999999509,0.999999264,0.983285275,
    0.98328552,1.,0.999999755,0.999999509,0.999999264,0.983285275,
    0.98328552,1.,0.999999755,0.999999509,0.999999264,0.983285275,
    0.98328552,1.,0.999999755,0.999999509,0.999999264,0.983285275,
    0.98328552,1.,0.999999755,0.999999509,0.999999264,0.983285275,
    0.98328552,1.,0.999999755,0.999999509,0.999999264,0.983285275,
    0.98328552,1.,0.999999755,0.999999509,0.999999264,0.983285275,
    0.98328552,1.,0.999999755,0.999999509,0.999999264,0.983285275,
    0.98328552,1.,0.999999755,0.999999509,0.999999264,0.983285275,
    0.98328552,1.,0.999999755,0.999999509,0.999999264,0.983285275,
    0.98328552,1.,0.999999755,0.999999509,0.999999264,0.983285275,
    0.98328552,1.,0.999999755,0.999999509,0.999999264,0.983285275,
    0.98328552,1.,0.999999755,0.999999509,0.999999264,0.983285275,
    0.98328552,1.,0.999999755,0.999999509,0.999999264,0.983285275,
    0.98328552,1.,0.999999755,0.999999509,0.999999264,0.983285275,
    0.98328552,1.,0.999999755,0.999999509,0.999999264,0.983285275,
    0.98328552,1.,0.999999755,0.999999509,0.999999264,0.983285275,
    0.98328552,1.,0.999999755,0.999999509,0.999999264,0.983285275,
    0.98328552,1.,0.999999755,0.999999509,0.999999264,0.983285275,
    0.98328552,1.,0.999999755,0.999999509,0.999999264,0.983285275,
    0.98328552,1.,0.999999755,0.999999509,0.999999264,0.983285275,
    0.98328552,1.,0.999999755,0.999999509,0.999999264,0.983285275,
    0.98328552,1.,0.999999755,0.999999509,0.999999264,0.983285275,
    0.98328552,1.,0.999999755,0.999999509,0.999999264,0.983285275,
    0.98328552,1.,0.999999755,0.999999509,0.999999264,0.983285275,
    0.98328552,1.,0.999999755,0.999999509,0.999999264,0.983285275,
    0.98328552,1.,0.999999755,0.999999509,0.999999264,0.983285275,
    0.98328552,1.,0.999999755,0.999999509,0.999999264,0.983285275,
    0.98328552,1.,0.999999755,0.999999509,0.999999264,0.983285275,
    0.98328552,1.,0.999999755,0.999999509,0.999999264,0.983285275,
    0.98328552,1.,0.999999755,0.999999509,0.999999264,0.983285275,
    0.98328552,1.,0.999999755,0.999999509,0.999999264,0.983285275,
    0.98328552,1.,0.999999755,0.999999509,0.999999264,0.983285275,
    0.98328552,1.,0.999999755,0.999999509,0.999999264,0.983285275,
    0.98328552,1.,0.999999755,0.999999509,0.999999264,0.983285275,
    0.98328552,1.,0.999999755,0.999999509,0.999999264,0.983285275,
    0.98328552,1.,0.999999755,0.999999509,0.999999264,0.983285275,
    0.98328552,1.,0.999999755,0.999999509,0.999999264,0.983285275,
    0.98328552,1.,0.999999755,0.999999509,0.999999264,0.983285275,
    0.98328552,1.,0.999999755,0.999999509,0.999999264,0.983285275,
    0.98328552,1.,0.999999755,0.999999509,0.999999264,0.983285275,
    0.98328552,1.,0.999999755,0.999999509,0.999999264,0.983285275,
    0.98328552,1.,0.999999755,0.999999509,0.999999264,0.983285275,
    0.98328552,1.,0.999999755,0.999999509,0.999999264,0.983285275,
    0.98328552,1.,0.999999755,0.999999509,0.999999264,0.983285275,
    0.98328552,1.,0.999999755,0.999999509,0.999999264,0.983285275,
    0.98328552,1.,0.999999755,0.999999509,0.999999264,0.983285275,
    0.98328552,1.,0.999999755,0.999999509,0.999999264,0.983285275,
    0.98328552,1.,0.999999755,0.999999509,0.999999264,0.983285275,
    0.98328552,1.,0.999999755,0.999999509,0.999999264,0.983285275,
    0.98328552,1.,0.999999755,0.999999509,0.999999264,0.983285275,
    0.98328552,1.,0.999999755,0.999999509,0.999999264,0.983285275,
    0.98328552,1.,0.999999755,0.999999509,0.999999264,0.983285275,
    0.98328552,1.,0.999999755,0.999999509,0.999999264,0.983285275,
    0.98328552,1.,0.999999755,0.999999509,0.999999264,0.983285275,
    0.98328552,1.,0.999999755,0.999999509,0.999999264,0.983285275,
    0.98328552,1.,0.999999755,0.999999509,0.999999264,0.983285275,
    0.98328552,1.,0.999999755,0.999999509,0.999999264,0.983285275,
    0.98328552,1.,0.999999755,0.999999509,0.999999264,0.983285275,
    0.98328552,1.,0.999999755,0.999999509,0.999999264,0.983285275,
    0.98328552,1.,0.999999755,0.999999509,0.999999264,0.983285275,
    0.98328552,1.,0.999999755,0.999999509,0.999999264,0.983285275,
    0.98328552,1.,0.999999755,0.999999509,0.999999264,0.983285275,
    0.98328552,1.,0.999999755,0.999999509,0.999999264,0.983285275,
    0.98328552,1.,0.999999755,0.999999509,0.999999264,0.983285275,
    0.98328552,1.,0.999999755,0.999999509,0.999999264,0.983285275,
    0.98328552,1.,0.999999755,0.999999509,0.999999264,0.983285275,
    0.98328552,1.,0.999999755,0.999999509,0.999999264,0.983285275,
    0.98328552,1.,0.999999755,0.999999509,0.999999264,0.983285275,
    0.98328552,1.,0.999999755,0.999999509,0.999999264,0.983285275,
    0.98328552,1.,0.999999755,0.999999509,0.999999264,0.983285275,
    0.98328552,1.,0.999999755,0.999999509,0.999999264,0.983285275,
    0.98328552,1.,0.999999755,0.999999509,0.999999264,0.983285275,
    0.98328552,1.,0.999999755,0.999999509,0.999999264,0.983285275,
    0.98328552,1.,0.999999755,0.999999509,0.999999264,0.983285275,
    0.98328552,1.,0.999999755,0.999999509,0.999999264,0.983285275,
    0.98328552,1.,0.999999755,0.999999509,0.999999264,0.983285275,
    0.98328552,1.,0.999999755,0.999999509,0.999999264,0.983285275,
    0.98328552,1.,0.999999755,0.999999509,0.999999264,0.983285275,
    0.98328552,1.,0.999999755,0.999999509,0.999999264,0.983285275,
    0.98328552,1.,0.999999755,0.999999509,0.999999264,0.985304426,
0.98352939,0.994674156)) REPRESENTATION_ITEM('') );
#1567 = CARTESIAN_POINT('',(295.5,210.,584.7));
#1568 = CARTESIAN_POINT('',(295.481041637,207.69170394,584.7));
#1569 = CARTESIAN_POINT('',(295.461595725,205.44128168,585.213644195));
#1570 = CARTESIAN_POINT('',(295.442637363,203.361578792,586.215176321));
#1571 = CARTESIAN_POINT('',(295.442637089,203.361548761,586.215190783));
#1572 = CARTESIAN_POINT('',(295.442636815,203.361518729,586.215205246));
#1573 = CARTESIAN_POINT('',(295.442636542,203.361488698,586.215219708));
#1574 = CARTESIAN_POINT('',(295.423678429,201.281822897,587.216750718));
#1575 = CARTESIAN_POINT('',(295.404232805,199.477155877,588.655934454));
#1576 = CARTESIAN_POINT('',(295.385274725,198.037978318,590.460606032));
#1577 = CARTESIAN_POINT('',(295.385274451,198.037957536,590.460632092));
#1578 = CARTESIAN_POINT('',(295.385274177,198.037936753,590.460658152));
#1579 = CARTESIAN_POINT('',(295.385273904,198.037915971,590.460684213));
#1580 = CARTESIAN_POINT('',(295.366315792,196.598749848,592.265365646));
#1581 = CARTESIAN_POINT('',(295.346870168,195.597239467,594.345041062));
#1582 = CARTESIAN_POINT('',(295.327912088,195.083602944,596.59542971));
#1583 = CARTESIAN_POINT('',(295.327911814,195.083595527,596.595462207));
#1584 = CARTESIAN_POINT('',(295.32791154,195.08358811,596.595494703));
#1585 = CARTESIAN_POINT('',(295.327911267,195.083580693,596.5955272));
#1586 = CARTESIAN_POINT('',(295.308953154,194.569958749,598.845919767));
#1587 = CARTESIAN_POINT('',(295.28950753,194.56996642,601.154181641));
#1588 = CARTESIAN_POINT('',(295.270549451,195.083602944,603.40457029));
#1589 = CARTESIAN_POINT('',(295.270549177,195.083610361,603.404602787));
#1590 = CARTESIAN_POINT('',(295.270548903,195.083617778,603.404635283));
#1591 = CARTESIAN_POINT('',(295.27054863,195.083625196,603.404667779));
#1592 = CARTESIAN_POINT('',(295.251590517,195.597276555,605.655053632));
#1593 = CARTESIAN_POINT('',(295.232144893,196.598800759,607.734722391));
#1594 = CARTESIAN_POINT('',(295.213186813,198.037978318,609.539393968));
#1595 = CARTESIAN_POINT('',(295.213186539,198.0379991,609.539420028));
#1596 = CARTESIAN_POINT('',(295.213186265,198.038019883,609.539446088));
#1597 = CARTESIAN_POINT('',(295.213185992,198.038040665,609.539472148));
#1598 = CARTESIAN_POINT('',(295.19422788,199.477230378,611.34413477));
#1599 = CARTESIAN_POINT('',(295.174782256,201.281906964,612.783306511));
#1600 = CARTESIAN_POINT('',(295.155824176,203.361578792,613.784823679));
#1601 = CARTESIAN_POINT('',(295.155823902,203.361608823,613.784838141));
#1602 = CARTESIAN_POINT('',(295.155823628,203.361638855,613.784852604));
#1603 = CARTESIAN_POINT('',(295.155823355,203.361668886,613.784867066));
#1604 = CARTESIAN_POINT('',(295.136865242,205.441347778,614.786370891));
#1605 = CARTESIAN_POINT('',(295.117419618,207.691738415,615.3));
#1606 = CARTESIAN_POINT('',(295.098461538,210.,615.3));
#1607 = CARTESIAN_POINT('',(295.098461264,210.000033332,615.3));
#1608 = CARTESIAN_POINT('',(295.09846099,210.000066664,615.3));
#1609 = CARTESIAN_POINT('',(295.098460717,210.000099997,615.3));
#1610 = CARTESIAN_POINT('',(295.079502605,212.308362158,615.299984913));
#1611 = CARTESIAN_POINT('',(295.060056981,214.558749381,614.786340847));
#1612 = CARTESIAN_POINT('',(295.041098901,216.638421208,613.784823679));
#1613 = CARTESIAN_POINT('',(295.041098627,216.638451239,613.784809217));
#1614 = CARTESIAN_POINT('',(295.041098353,216.638481271,613.784794754));
#1615 = CARTESIAN_POINT('',(295.04109808,216.638511302,613.784780292));
#1616 = CARTESIAN_POINT('',(295.022139967,218.718177103,612.783249282));
#1617 = CARTESIAN_POINT('',(295.002694343,220.522844123,611.344065546));
#1618 = CARTESIAN_POINT('',(294.983736264,221.962021682,609.539393968));
#1619 = CARTESIAN_POINT('',(294.98373599,221.962042464,609.539367908));
#1620 = CARTESIAN_POINT('',(294.983735716,221.962063247,609.539341848));
#1621 = CARTESIAN_POINT('',(294.983735443,221.962084029,609.539315787));
#1622 = CARTESIAN_POINT('',(294.96477733,223.401250152,607.734634354));
#1623 = CARTESIAN_POINT('',(294.945331706,224.402760533,605.654958938));
#1624 = CARTESIAN_POINT('',(294.926373626,224.916397056,603.40457029));
#1625 = CARTESIAN_POINT('',(294.926373352,224.916404473,603.404537793));
#1626 = CARTESIAN_POINT('',(294.926373078,224.91641189,603.404505297));
#1627 = CARTESIAN_POINT('',(294.926372805,224.916419307,603.4044728));
#1628 = CARTESIAN_POINT('',(294.907414693,225.430041251,601.154080233));
#1629 = CARTESIAN_POINT('',(294.887969069,225.43003358,598.845818359));
#1630 = CARTESIAN_POINT('',(294.869010989,224.916397056,596.59542971));
#1631 = CARTESIAN_POINT('',(294.869010715,224.916389639,596.595397213));
#1632 = CARTESIAN_POINT('',(294.869010441,224.916382222,596.595364717));
#1633 = CARTESIAN_POINT('',(294.869010168,224.916374804,596.595332221));
#1634 = CARTESIAN_POINT('',(294.850052055,224.402723445,594.344946368));
#1635 = CARTESIAN_POINT('',(294.830606431,223.401199241,592.265277609));
#1636 = CARTESIAN_POINT('',(294.811648352,221.962021682,590.460606032));
#1637 = CARTESIAN_POINT('',(294.811648078,221.9620009,590.460579972));
#1638 = CARTESIAN_POINT('',(294.811647804,221.961980117,590.460553912));
#1639 = CARTESIAN_POINT('',(294.811647531,221.961959335,590.460527852));
#1640 = CARTESIAN_POINT('',(294.792689418,220.522769622,588.65586523));
#1641 = CARTESIAN_POINT('',(294.773243794,218.718093036,587.216693489));
#1642 = CARTESIAN_POINT('',(294.754285714,216.638421208,586.215176321));
#1643 = CARTESIAN_POINT('',(294.75428544,216.638391177,586.215161859));
#1644 = CARTESIAN_POINT('',(294.754285166,216.638361145,586.215147396));
#1645 = CARTESIAN_POINT('',(294.754284893,216.638331114,586.215132934));
#1646 = CARTESIAN_POINT('',(294.735326781,214.558652222,585.213629109));
#1647 = CARTESIAN_POINT('',(294.715881157,212.308261585,584.7));
#1648 = CARTESIAN_POINT('',(294.696923077,210.,584.7));
#1649 = CARTESIAN_POINT('',(294.696922803,209.999966668,584.7));
#1650 = CARTESIAN_POINT('',(294.696922529,209.999933336,584.7));
#1651 = CARTESIAN_POINT('',(294.696922256,209.999900003,584.7));
#1652 = CARTESIAN_POINT('',(294.677964143,207.691637842,584.700015087));
#1653 = CARTESIAN_POINT('',(294.658518519,205.441250619,585.213659153));
#1654 = CARTESIAN_POINT('',(294.63956044,203.361578792,586.215176321));
#1655 = CARTESIAN_POINT('',(294.639560166,203.361548761,586.215190783));
#1656 = CARTESIAN_POINT('',(294.639559892,203.361518729,586.215205246));
#1657 = CARTESIAN_POINT('',(294.639559619,203.361488698,586.215219708));
#1658 = CARTESIAN_POINT('',(294.620601506,201.281822897,587.216750718));
#1659 = CARTESIAN_POINT('',(294.601155882,199.477155877,588.655934454));
#1660 = CARTESIAN_POINT('',(294.582197802,198.037978318,590.460606032));
#1661 = CARTESIAN_POINT('',(294.582197528,198.037957536,590.460632092));
#1662 = CARTESIAN_POINT('',(294.582197254,198.037936753,590.460658152));
#1663 = CARTESIAN_POINT('',(294.582196981,198.037915971,590.460684213));
#1664 = CARTESIAN_POINT('',(294.563238869,196.598749848,592.265365646));
#1665 = CARTESIAN_POINT('',(294.543793245,195.597239467,594.345041062));
#1666 = CARTESIAN_POINT('',(294.524835165,195.083602944,596.59542971));
#1667 = CARTESIAN_POINT('',(294.524834891,195.083595527,596.595462207));
#1668 = CARTESIAN_POINT('',(294.524834617,195.08358811,596.595494703));
#1669 = CARTESIAN_POINT('',(294.524834344,195.083580693,596.5955272));
#1670 = CARTESIAN_POINT('',(294.505876231,194.569958749,598.845919767));
#1671 = CARTESIAN_POINT('',(294.486430607,194.56996642,601.154181641));
#1672 = CARTESIAN_POINT('',(294.467472527,195.083602944,603.40457029));
#1673 = CARTESIAN_POINT('',(294.467472253,195.083610361,603.404602787));
#1674 = CARTESIAN_POINT('',(294.467471979,195.083617778,603.404635283));
#1675 = CARTESIAN_POINT('',(294.467471706,195.083625196,603.404667779));
#1676 = CARTESIAN_POINT('',(294.448513594,195.597276555,605.655053632));
#1677 = CARTESIAN_POINT('',(294.42906797,196.598800759,607.734722391));
#1678 = CARTESIAN_POINT('',(294.41010989,198.037978318,609.539393968));
#1679 = CARTESIAN_POINT('',(294.410109616,198.0379991,609.539420028));
#1680 = CARTESIAN_POINT('',(294.410109342,198.038019883,609.539446088));
#1681 = CARTESIAN_POINT('',(294.410109069,198.038040665,609.539472148));
#1682 = CARTESIAN_POINT('',(294.391150956,199.477230378,611.34413477));
#1683 = CARTESIAN_POINT('',(294.371705332,201.281906964,612.783306511));
#1684 = CARTESIAN_POINT('',(294.352747253,203.361578792,613.784823679));
#1685 = CARTESIAN_POINT('',(294.352746979,203.361608823,613.784838141));
#1686 = CARTESIAN_POINT('',(294.352746705,203.361638855,613.784852604));
#1687 = CARTESIAN_POINT('',(294.352746432,203.361668886,613.784867066));
#1688 = CARTESIAN_POINT('',(294.333788319,205.441347778,614.786370891));
#1689 = CARTESIAN_POINT('',(294.314342695,207.691738415,615.3));
#1690 = CARTESIAN_POINT('',(294.295384615,210.,615.3));
#1691 = CARTESIAN_POINT('',(294.295384341,210.000033332,615.3));
#1692 = CARTESIAN_POINT('',(294.295384067,210.000066664,615.3));
#1693 = CARTESIAN_POINT('',(294.295383794,210.000099997,615.3));
#1694 = CARTESIAN_POINT('',(294.276425682,212.308362158,615.299984913));
#1695 = CARTESIAN_POINT('',(294.256980058,214.558749381,614.786340847));
#1696 = CARTESIAN_POINT('',(294.238021978,216.638421208,613.784823679));
#1697 = CARTESIAN_POINT('',(294.238021704,216.638451239,613.784809217));
#1698 = CARTESIAN_POINT('',(294.23802143,216.638481271,613.784794754));
#1699 = CARTESIAN_POINT('',(294.238021157,216.638511302,613.784780292));
#1700 = CARTESIAN_POINT('',(294.219063044,218.718177103,612.783249282));
#1701 = CARTESIAN_POINT('',(294.19961742,220.522844123,611.344065546));
#1702 = CARTESIAN_POINT('',(294.180659341,221.962021682,609.539393968));
#1703 = CARTESIAN_POINT('',(294.180659067,221.962042464,609.539367908));
#1704 = CARTESIAN_POINT('',(294.180658793,221.962063247,609.539341848));
#1705 = CARTESIAN_POINT('',(294.18065852,221.962084029,609.539315787));
#1706 = CARTESIAN_POINT('',(294.161700407,223.401250152,607.734634354));
#1707 = CARTESIAN_POINT('',(294.142254783,224.402760533,605.654958938));
#1708 = CARTESIAN_POINT('',(294.123296703,224.916397056,603.40457029));
#1709 = CARTESIAN_POINT('',(294.123296429,224.916404473,603.404537793));
#1710 = CARTESIAN_POINT('',(294.123296155,224.91641189,603.404505297));
#1711 = CARTESIAN_POINT('',(294.123295882,224.916419307,603.4044728));
#1712 = CARTESIAN_POINT('',(294.10433777,225.430041251,601.154080233));
#1713 = CARTESIAN_POINT('',(294.084892146,225.43003358,598.845818359));
#1714 = CARTESIAN_POINT('',(294.065934066,224.916397056,596.59542971));
#1715 = CARTESIAN_POINT('',(294.065933792,224.916389639,596.595397213));
#1716 = CARTESIAN_POINT('',(294.065933518,224.916382222,596.595364717));
#1717 = CARTESIAN_POINT('',(294.065933245,224.916374804,596.595332221));
#1718 = CARTESIAN_POINT('',(294.046975132,224.402723445,594.344946368));
#1719 = CARTESIAN_POINT('',(294.027529508,223.401199241,592.265277609));
#1720 = CARTESIAN_POINT('',(294.008571429,221.962021682,590.460606032));
#1721 = CARTESIAN_POINT('',(294.008571155,221.9620009,590.460579972));
#1722 = CARTESIAN_POINT('',(294.008570881,221.961980117,590.460553912));
#1723 = CARTESIAN_POINT('',(294.008570608,221.961959335,590.460527852));
#1724 = CARTESIAN_POINT('',(293.989612495,220.522769622,588.65586523));
#1725 = CARTESIAN_POINT('',(293.970166871,218.718093036,587.216693489));
#1726 = CARTESIAN_POINT('',(293.951208791,216.638421208,586.215176321));
#1727 = CARTESIAN_POINT('',(293.951208517,216.638391177,586.215161859));
#1728 = CARTESIAN_POINT('',(293.951208243,216.638361145,586.215147396));
#1729 = CARTESIAN_POINT('',(293.95120797,216.638331114,586.215132934));
#1730 = CARTESIAN_POINT('',(293.932249858,214.558652222,585.213629109));
#1731 = CARTESIAN_POINT('',(293.912804234,212.308261585,584.7));
#1732 = CARTESIAN_POINT('',(293.893846154,210.,584.7));
#1733 = CARTESIAN_POINT('',(293.89384588,209.999966668,584.7));
#1734 = CARTESIAN_POINT('',(293.893845606,209.999933336,584.7));
#1735 = CARTESIAN_POINT('',(293.893845333,209.999900003,584.7));
#1736 = CARTESIAN_POINT('',(293.87488722,207.691637842,584.700015087));
#1737 = CARTESIAN_POINT('',(293.855441596,205.441250619,585.213659153));
#1738 = CARTESIAN_POINT('',(293.836483516,203.361578792,586.215176321));
#1739 = CARTESIAN_POINT('',(293.836483242,203.361548761,586.215190783));
#1740 = CARTESIAN_POINT('',(293.836482968,203.361518729,586.215205246));
#1741 = CARTESIAN_POINT('',(293.836482695,203.361488698,586.215219708));
#1742 = CARTESIAN_POINT('',(293.817524583,201.281822897,587.216750718));
#1743 = CARTESIAN_POINT('',(293.798078959,199.477155877,588.655934454));
#1744 = CARTESIAN_POINT('',(293.779120879,198.037978318,590.460606032));
#1745 = CARTESIAN_POINT('',(293.779120605,198.037957536,590.460632092));
#1746 = CARTESIAN_POINT('',(293.779120331,198.037936753,590.460658152));
#1747 = CARTESIAN_POINT('',(293.779120058,198.037915971,590.460684213));
#1748 = CARTESIAN_POINT('',(293.760161945,196.598749848,592.265365646));
#1749 = CARTESIAN_POINT('',(293.740716321,195.597239467,594.345041062));
#1750 = CARTESIAN_POINT('',(293.721758242,195.083602944,596.59542971));
#1751 = CARTESIAN_POINT('',(293.721757968,195.083595527,596.595462207));
#1752 = CARTESIAN_POINT('',(293.721757694,195.08358811,596.595494703));
#1753 = CARTESIAN_POINT('',(293.721757421,195.083580693,596.5955272));
#1754 = CARTESIAN_POINT('',(293.702799308,194.569958749,598.845919767));
#1755 = CARTESIAN_POINT('',(293.683353684,194.56996642,601.154181641));
#1756 = CARTESIAN_POINT('',(293.664395604,195.083602944,603.40457029));
#1757 = CARTESIAN_POINT('',(293.66439533,195.083610361,603.404602787));
#1758 = CARTESIAN_POINT('',(293.664395056,195.083617778,603.404635283));
#1759 = CARTESIAN_POINT('',(293.664394783,195.083625196,603.404667779));
#1760 = CARTESIAN_POINT('',(293.645436671,195.597276555,605.655053632));
#1761 = CARTESIAN_POINT('',(293.625991047,196.598800759,607.734722391));
#1762 = CARTESIAN_POINT('',(293.607032967,198.037978318,609.539393968));
#1763 = CARTESIAN_POINT('',(293.607032693,198.0379991,609.539420028));
#1764 = CARTESIAN_POINT('',(293.607032419,198.038019883,609.539446088));
#1765 = CARTESIAN_POINT('',(293.607032146,198.038040665,609.539472148));
#1766 = CARTESIAN_POINT('',(293.588074033,199.477230378,611.34413477));
#1767 = CARTESIAN_POINT('',(293.568628409,201.281906964,612.783306511));
#1768 = CARTESIAN_POINT('',(293.54967033,203.361578792,613.784823679));
#1769 = CARTESIAN_POINT('',(293.549670056,203.361608823,613.784838141));
#1770 = CARTESIAN_POINT('',(293.549669782,203.361638855,613.784852604));
#1771 = CARTESIAN_POINT('',(293.549669509,203.361668886,613.784867066));
#1772 = CARTESIAN_POINT('',(293.530711396,205.441347778,614.786370891));
#1773 = CARTESIAN_POINT('',(293.511265772,207.691738415,615.3));
#1774 = CARTESIAN_POINT('',(293.492307692,210.,615.3));
#1775 = CARTESIAN_POINT('',(293.492307418,210.000033332,615.3));
#1776 = CARTESIAN_POINT('',(293.492307144,210.000066664,615.3));
#1777 = CARTESIAN_POINT('',(293.492306871,210.000099997,615.3));
#1778 = CARTESIAN_POINT('',(293.473348759,212.308362158,615.299984913));
#1779 = CARTESIAN_POINT('',(293.453903135,214.558749381,614.786340847));
#1780 = CARTESIAN_POINT('',(293.434945055,216.638421208,613.784823679));
#1781 = CARTESIAN_POINT('',(293.434944781,216.638451239,613.784809217));
#1782 = CARTESIAN_POINT('',(293.434944507,216.638481271,613.784794754));
#1783 = CARTESIAN_POINT('',(293.434944234,216.638511302,613.784780292));
#1784 = CARTESIAN_POINT('',(293.415986121,218.718177103,612.783249282));
#1785 = CARTESIAN_POINT('',(293.396540497,220.522844123,611.344065546));
#1786 = CARTESIAN_POINT('',(293.377582418,221.962021682,609.539393968));
#1787 = CARTESIAN_POINT('',(293.377582144,221.962042464,609.539367908));
#1788 = CARTESIAN_POINT('',(293.37758187,221.962063247,609.539341848));
#1789 = CARTESIAN_POINT('',(293.377581597,221.962084029,609.539315787));
#1790 = CARTESIAN_POINT('',(293.358623484,223.401250152,607.734634354));
#1791 = CARTESIAN_POINT('',(293.33917786,224.402760533,605.654958938));
#1792 = CARTESIAN_POINT('',(293.32021978,224.916397056,603.40457029));
#1793 = CARTESIAN_POINT('',(293.320219506,224.916404473,603.404537793));
#1794 = CARTESIAN_POINT('',(293.320219232,224.91641189,603.404505297));
#1795 = CARTESIAN_POINT('',(293.320218959,224.916419307,603.4044728));
#1796 = CARTESIAN_POINT('',(293.301260847,225.430041251,601.154080233));
#1797 = CARTESIAN_POINT('',(293.281815223,225.43003358,598.845818359));
#1798 = CARTESIAN_POINT('',(293.262857143,224.916397056,596.59542971));
#1799 = CARTESIAN_POINT('',(293.262856869,224.916389639,596.595397213));
#1800 = CARTESIAN_POINT('',(293.262856595,224.916382222,596.595364717));
#1801 = CARTESIAN_POINT('',(293.262856322,224.916374804,596.595332221));
#1802 = CARTESIAN_POINT('',(293.243898209,224.402723445,594.344946368));
#1803 = CARTESIAN_POINT('',(293.224452585,223.401199241,592.265277609));
#1804 = CARTESIAN_POINT('',(293.205494505,221.962021682,590.460606032));
#1805 = CARTESIAN_POINT('',(293.205494231,221.9620009,590.460579972));
#1806 = CARTESIAN_POINT('',(293.205493957,221.961980117,590.460553912));
#1807 = CARTESIAN_POINT('',(293.205493684,221.961959335,590.460527852));
#1808 = CARTESIAN_POINT('',(293.186535572,220.522769622,588.65586523));
#1809 = CARTESIAN_POINT('',(293.167089948,218.718093036,587.216693489));
#1810 = CARTESIAN_POINT('',(293.148131868,216.638421208,586.215176321));
#1811 = CARTESIAN_POINT('',(293.148131594,216.638391177,586.215161859));
#1812 = CARTESIAN_POINT('',(293.14813132,216.638361145,586.215147396));
#1813 = CARTESIAN_POINT('',(293.148131047,216.638331114,586.215132934));
#1814 = CARTESIAN_POINT('',(293.129172934,214.558652222,585.213629109));
#1815 = CARTESIAN_POINT('',(293.10972731,212.308261585,584.7));
#1816 = CARTESIAN_POINT('',(293.090769231,210.,584.7));
#1817 = CARTESIAN_POINT('',(293.090768957,209.999966668,584.7));
#1818 = CARTESIAN_POINT('',(293.090768683,209.999933336,584.7));
#1819 = CARTESIAN_POINT('',(293.09076841,209.999900003,584.7));
#1820 = CARTESIAN_POINT('',(293.071810297,207.691637842,584.700015087));
#1821 = CARTESIAN_POINT('',(293.052364673,205.441250619,585.213659153));
#1822 = CARTESIAN_POINT('',(293.033406593,203.361578792,586.215176321));
#1823 = CARTESIAN_POINT('',(293.033406319,203.361548761,586.215190783));
#1824 = CARTESIAN_POINT('',(293.033406045,203.361518729,586.215205246));
#1825 = CARTESIAN_POINT('',(293.033405772,203.361488698,586.215219708));
#1826 = CARTESIAN_POINT('',(293.01444766,201.281822897,587.216750718));
#1827 = CARTESIAN_POINT('',(292.995002036,199.477155877,588.655934454));
#1828 = CARTESIAN_POINT('',(292.976043956,198.037978318,590.460606032));
#1829 = CARTESIAN_POINT('',(292.976043682,198.037957536,590.460632092));
#1830 = CARTESIAN_POINT('',(292.976043408,198.037936753,590.460658152));
#1831 = CARTESIAN_POINT('',(292.976043135,198.037915971,590.460684213));
#1832 = CARTESIAN_POINT('',(292.957085022,196.598749848,592.265365646));
#1833 = CARTESIAN_POINT('',(292.937639398,195.597239467,594.345041062));
#1834 = CARTESIAN_POINT('',(292.918681319,195.083602944,596.59542971));
#1835 = CARTESIAN_POINT('',(292.918681045,195.083595527,596.595462207));
#1836 = CARTESIAN_POINT('',(292.918680771,195.08358811,596.595494703));
#1837 = CARTESIAN_POINT('',(292.918680498,195.083580693,596.5955272));
#1838 = CARTESIAN_POINT('',(292.899722385,194.569958749,598.845919767));
#1839 = CARTESIAN_POINT('',(292.880276761,194.56996642,601.154181641));
#1840 = CARTESIAN_POINT('',(292.861318681,195.083602944,603.40457029));
#1841 = CARTESIAN_POINT('',(292.861318407,195.083610361,603.404602787));
#1842 = CARTESIAN_POINT('',(292.861318133,195.083617778,603.404635283));
#1843 = CARTESIAN_POINT('',(292.86131786,195.083625196,603.404667779));
#1844 = CARTESIAN_POINT('',(292.842359748,195.597276555,605.655053632));
#1845 = CARTESIAN_POINT('',(292.822914124,196.598800759,607.734722391));
#1846 = CARTESIAN_POINT('',(292.803956044,198.037978318,609.539393968));
#1847 = CARTESIAN_POINT('',(292.80395577,198.0379991,609.539420028));
#1848 = CARTESIAN_POINT('',(292.803955496,198.038019883,609.539446088));
#1849 = CARTESIAN_POINT('',(292.803955223,198.038040665,609.539472148));
#1850 = CARTESIAN_POINT('',(292.78499711,199.477230378,611.34413477));
#1851 = CARTESIAN_POINT('',(292.765551486,201.281906964,612.783306511));
#1852 = CARTESIAN_POINT('',(292.746593407,203.361578792,613.784823679));
#1853 = CARTESIAN_POINT('',(292.746593133,203.361608823,613.784838141));
#1854 = CARTESIAN_POINT('',(292.746592859,203.361638855,613.784852604));
#1855 = CARTESIAN_POINT('',(292.746592586,203.361668886,613.784867066));
#1856 = CARTESIAN_POINT('',(292.727634473,205.441347778,614.786370891));
#1857 = CARTESIAN_POINT('',(292.708188849,207.691738415,615.3));
#1858 = CARTESIAN_POINT('',(292.689230769,210.,615.3));
#1859 = CARTESIAN_POINT('',(292.689230495,210.000033332,615.3));
#1860 = CARTESIAN_POINT('',(292.689230221,210.000066664,615.3));
#1861 = CARTESIAN_POINT('',(292.689229948,210.000099997,615.3));
#1862 = CARTESIAN_POINT('',(292.670271836,212.308362158,615.299984913));
#1863 = CARTESIAN_POINT('',(292.650826212,214.558749381,614.786340847));
#1864 = CARTESIAN_POINT('',(292.631868132,216.638421208,613.784823679));
#1865 = CARTESIAN_POINT('',(292.631867858,216.638451239,613.784809217));
#1866 = CARTESIAN_POINT('',(292.631867584,216.638481271,613.784794754));
#1867 = CARTESIAN_POINT('',(292.631867311,216.638511302,613.784780292));
#1868 = CARTESIAN_POINT('',(292.612909198,218.718177103,612.783249282));
#1869 = CARTESIAN_POINT('',(292.593463574,220.522844123,611.344065546));
#1870 = CARTESIAN_POINT('',(292.574505495,221.962021682,609.539393968));
#1871 = CARTESIAN_POINT('',(292.574505221,221.962042464,609.539367908));
#1872 = CARTESIAN_POINT('',(292.574504947,221.962063247,609.539341848));
#1873 = CARTESIAN_POINT('',(292.574504674,221.962084029,609.539315787));
#1874 = CARTESIAN_POINT('',(292.555546561,223.401250152,607.734634354));
#1875 = CARTESIAN_POINT('',(292.536100937,224.402760533,605.654958938));
#1876 = CARTESIAN_POINT('',(292.517142857,224.916397056,603.40457029));
#1877 = CARTESIAN_POINT('',(292.517142583,224.916404473,603.404537793));
#1878 = CARTESIAN_POINT('',(292.517142309,224.91641189,603.404505297));
#1879 = CARTESIAN_POINT('',(292.517142036,224.916419307,603.4044728));
#1880 = CARTESIAN_POINT('',(292.498183923,225.430041251,601.154080233));
#1881 = CARTESIAN_POINT('',(292.478738299,225.43003358,598.845818359));
#1882 = CARTESIAN_POINT('',(292.45978022,224.916397056,596.59542971));
#1883 = CARTESIAN_POINT('',(292.459779946,224.916389639,596.595397213));
#1884 = CARTESIAN_POINT('',(292.459779672,224.916382222,596.595364717));
#1885 = CARTESIAN_POINT('',(292.459779399,224.916374804,596.595332221));
#1886 = CARTESIAN_POINT('',(292.440821286,224.402723445,594.344946368));
#1887 = CARTESIAN_POINT('',(292.421375662,223.401199241,592.265277609));
#1888 = CARTESIAN_POINT('',(292.402417582,221.962021682,590.460606032));
#1889 = CARTESIAN_POINT('',(292.402417308,221.9620009,590.460579972));
#1890 = CARTESIAN_POINT('',(292.402417034,221.961980117,590.460553912));
#1891 = CARTESIAN_POINT('',(292.402416761,221.961959335,590.460527852));
#1892 = CARTESIAN_POINT('',(292.383458649,220.522769622,588.65586523));
#1893 = CARTESIAN_POINT('',(292.364013025,218.718093036,587.216693489));
#1894 = CARTESIAN_POINT('',(292.345054945,216.638421208,586.215176321));
#1895 = CARTESIAN_POINT('',(292.345054671,216.638391177,586.215161859));
#1896 = CARTESIAN_POINT('',(292.345054397,216.638361145,586.215147396));
#1897 = CARTESIAN_POINT('',(292.345054124,216.638331114,586.215132934));
#1898 = CARTESIAN_POINT('',(292.326096011,214.558652222,585.213629109));
#1899 = CARTESIAN_POINT('',(292.306650387,212.308261585,584.7));
#1900 = CARTESIAN_POINT('',(292.287692308,210.,584.7));
#1901 = CARTESIAN_POINT('',(292.287692034,209.999966668,584.7));
#1902 = CARTESIAN_POINT('',(292.28769176,209.999933336,584.7));
#1903 = CARTESIAN_POINT('',(292.287691487,209.999900003,584.7));
#1904 = CARTESIAN_POINT('',(292.268733374,207.691637842,584.700015087));
#1905 = CARTESIAN_POINT('',(292.24928775,205.441250619,585.213659153));
#1906 = CARTESIAN_POINT('',(292.23032967,203.361578792,586.215176321));
#1907 = CARTESIAN_POINT('',(292.230329396,203.361548761,586.215190783));
#1908 = CARTESIAN_POINT('',(292.230329122,203.361518729,586.215205246));
#1909 = CARTESIAN_POINT('',(292.230328849,203.361488698,586.215219708));
#1910 = CARTESIAN_POINT('',(292.211370737,201.281822897,587.216750718));
#1911 = CARTESIAN_POINT('',(292.191925113,199.477155877,588.655934454));
#1912 = CARTESIAN_POINT('',(292.172967033,198.037978318,590.460606032));
#1913 = CARTESIAN_POINT('',(292.172966759,198.037957536,590.460632092));
#1914 = CARTESIAN_POINT('',(292.172966485,198.037936753,590.460658152));
#1915 = CARTESIAN_POINT('',(292.172966212,198.037915971,590.460684213));
#1916 = CARTESIAN_POINT('',(292.154008099,196.598749848,592.265365646));
#1917 = CARTESIAN_POINT('',(292.134562475,195.597239467,594.345041062));
#1918 = CARTESIAN_POINT('',(292.115604396,195.083602944,596.59542971));
#1919 = CARTESIAN_POINT('',(292.115604122,195.083595527,596.595462207));
#1920 = CARTESIAN_POINT('',(292.115603848,195.08358811,596.595494703));
#1921 = CARTESIAN_POINT('',(292.115603575,195.083580693,596.5955272));
#1922 = CARTESIAN_POINT('',(292.096645462,194.569958749,598.845919767));
#1923 = CARTESIAN_POINT('',(292.077199838,194.56996642,601.154181641));
#1924 = CARTESIAN_POINT('',(292.058241758,195.083602944,603.40457029));
#1925 = CARTESIAN_POINT('',(292.058241484,195.083610361,603.404602787));
#1926 = CARTESIAN_POINT('',(292.05824121,195.083617778,603.404635283));
#1927 = CARTESIAN_POINT('',(292.058240937,195.083625196,603.404667779));
#1928 = CARTESIAN_POINT('',(292.039282825,195.597276555,605.655053632));
#1929 = CARTESIAN_POINT('',(292.019837201,196.598800759,607.734722391));
#1930 = CARTESIAN_POINT('',(292.000879121,198.037978318,609.539393968));
#1931 = CARTESIAN_POINT('',(292.000878847,198.0379991,609.539420028));
#1932 = CARTESIAN_POINT('',(292.000878573,198.038019883,609.539446088));
#1933 = CARTESIAN_POINT('',(292.0008783,198.038040665,609.539472148));
#1934 = CARTESIAN_POINT('',(291.981920187,199.477230378,611.34413477));
#1935 = CARTESIAN_POINT('',(291.962474563,201.281906964,612.783306511));
#1936 = CARTESIAN_POINT('',(291.943516484,203.361578792,613.784823679));
#1937 = CARTESIAN_POINT('',(291.94351621,203.361608823,613.784838141));
#1938 = CARTESIAN_POINT('',(291.943515936,203.361638855,613.784852604));
#1939 = CARTESIAN_POINT('',(291.943515663,203.361668886,613.784867066));
#1940 = CARTESIAN_POINT('',(291.92455755,205.441347778,614.786370891));
#1941 = CARTESIAN_POINT('',(291.905111926,207.691738415,615.3));
#1942 = CARTESIAN_POINT('',(291.886153846,210.,615.3));
#1943 = CARTESIAN_POINT('',(291.886153572,210.000033332,615.3));
#1944 = CARTESIAN_POINT('',(291.886153298,210.000066664,615.3));
#1945 = CARTESIAN_POINT('',(291.886153025,210.000099997,615.3));
#1946 = CARTESIAN_POINT('',(291.867194912,212.308362158,615.299984913));
#1947 = CARTESIAN_POINT('',(291.847749288,214.558749381,614.786340847));
#1948 = CARTESIAN_POINT('',(291.828791209,216.638421208,613.784823679));
#1949 = CARTESIAN_POINT('',(291.828790935,216.638451239,613.784809217));
#1950 = CARTESIAN_POINT('',(291.828790661,216.638481271,613.784794754));
#1951 = CARTESIAN_POINT('',(291.828790388,216.638511302,613.784780292));
#1952 = CARTESIAN_POINT('',(291.809832275,218.718177103,612.783249282));
#1953 = CARTESIAN_POINT('',(291.790386651,220.522844123,611.344065546));
#1954 = CARTESIAN_POINT('',(291.771428571,221.962021682,609.539393968));
#1955 = CARTESIAN_POINT('',(291.771428297,221.962042464,609.539367908));
#1956 = CARTESIAN_POINT('',(291.771428023,221.962063247,609.539341848));
#1957 = CARTESIAN_POINT('',(291.77142775,221.962084029,609.539315787));
#1958 = CARTESIAN_POINT('',(291.752469638,223.401250152,607.734634354));
#1959 = CARTESIAN_POINT('',(291.733024014,224.402760533,605.654958938));
#1960 = CARTESIAN_POINT('',(291.714065934,224.916397056,603.40457029));
#1961 = CARTESIAN_POINT('',(291.71406566,224.916404473,603.404537793));
#1962 = CARTESIAN_POINT('',(291.714065386,224.91641189,603.404505297));
#1963 = CARTESIAN_POINT('',(291.714065113,224.916419307,603.4044728));
#1964 = CARTESIAN_POINT('',(291.695107,225.430041251,601.154080233));
#1965 = CARTESIAN_POINT('',(291.675661376,225.43003358,598.845818359));
#1966 = CARTESIAN_POINT('',(291.656703297,224.916397056,596.59542971));
#1967 = CARTESIAN_POINT('',(291.656703023,224.916389639,596.595397213));
#1968 = CARTESIAN_POINT('',(291.656702749,224.916382222,596.595364717));
#1969 = CARTESIAN_POINT('',(291.656702476,224.916374804,596.595332221));
#1970 = CARTESIAN_POINT('',(291.637744363,224.402723445,594.344946368));
#1971 = CARTESIAN_POINT('',(291.618298739,223.401199241,592.265277609));
#1972 = CARTESIAN_POINT('',(291.599340659,221.962021682,590.460606032));
#1973 = CARTESIAN_POINT('',(291.599340385,221.9620009,590.460579972));
#1974 = CARTESIAN_POINT('',(291.599340111,221.961980117,590.460553912));
#1975 = CARTESIAN_POINT('',(291.599339838,221.961959335,590.460527852));
#1976 = CARTESIAN_POINT('',(291.580381726,220.522769622,588.65586523));
#1977 = CARTESIAN_POINT('',(291.560936102,218.718093036,587.216693489));
#1978 = CARTESIAN_POINT('',(291.541978022,216.638421208,586.215176321));
#1979 = CARTESIAN_POINT('',(291.541977748,216.638391177,586.215161859));
#1980 = CARTESIAN_POINT('',(291.541977474,216.638361145,586.215147396));
#1981 = CARTESIAN_POINT('',(291.541977201,216.638331114,586.215132934));
#1982 = CARTESIAN_POINT('',(291.523019088,214.558652222,585.213629109));
#1983 = CARTESIAN_POINT('',(291.503573464,212.308261585,584.7));
#1984 = CARTESIAN_POINT('',(291.484615385,210.,584.7));
#1985 = CARTESIAN_POINT('',(291.484615111,209.999966668,584.7));
#1986 = CARTESIAN_POINT('',(291.484614837,209.999933336,584.7));
#1987 = CARTESIAN_POINT('',(291.484614564,209.999900003,584.7));
#1988 = CARTESIAN_POINT('',(291.465656451,207.691637842,584.700015087));
#1989 = CARTESIAN_POINT('',(291.446210827,205.441250619,585.213659153));
#1990 = CARTESIAN_POINT('',(291.427252747,203.361578792,586.215176321));
#1991 = CARTESIAN_POINT('',(291.427252473,203.361548761,586.215190783));
#1992 = CARTESIAN_POINT('',(291.427252199,203.361518729,586.215205246));
#1993 = CARTESIAN_POINT('',(291.427251926,203.361488698,586.215219708));
#1994 = CARTESIAN_POINT('',(291.408293814,201.281822897,587.216750718));
#1995 = CARTESIAN_POINT('',(291.38884819,199.477155877,588.655934454));
#1996 = CARTESIAN_POINT('',(291.36989011,198.037978318,590.460606032));
#1997 = CARTESIAN_POINT('',(291.369889836,198.037957536,590.460632092));
#1998 = CARTESIAN_POINT('',(291.369889562,198.037936753,590.460658152));
#1999 = CARTESIAN_POINT('',(291.369889289,198.037915971,590.460684213));
#2000 = CARTESIAN_POINT('',(291.350931176,196.598749848,592.265365646));
#2001 = CARTESIAN_POINT('',(291.331485552,195.597239467,594.345041062));
#2002 = CARTESIAN_POINT('',(291.312527473,195.083602944,596.59542971));
#2003 = CARTESIAN_POINT('',(291.312527199,195.083595527,596.595462207));
#2004 = CARTESIAN_POINT('',(291.312526925,195.08358811,596.595494703));
#2005 = CARTESIAN_POINT('',(291.312526652,195.083580693,596.5955272));
#2006 = CARTESIAN_POINT('',(291.293568539,194.569958749,598.845919767));
#2007 = CARTESIAN_POINT('',(291.274122915,194.56996642,601.154181641));
#2008 = CARTESIAN_POINT('',(291.255164835,195.083602944,603.40457029));
#2009 = CARTESIAN_POINT('',(291.255164561,195.083610361,603.404602787));
#2010 = CARTESIAN_POINT('',(291.255164287,195.083617778,603.404635283));
#2011 = CARTESIAN_POINT('',(291.255164014,195.083625196,603.404667779));
#2012 = CARTESIAN_POINT('',(291.236205901,195.597276555,605.655053632));
#2013 = CARTESIAN_POINT('',(291.216760277,196.598800759,607.734722391));
#2014 = CARTESIAN_POINT('',(291.197802198,198.037978318,609.539393968));
#2015 = CARTESIAN_POINT('',(291.197801924,198.0379991,609.539420028));
#2016 = CARTESIAN_POINT('',(291.19780165,198.038019883,609.539446088));
#2017 = CARTESIAN_POINT('',(291.197801377,198.038040665,609.539472148));
#2018 = CARTESIAN_POINT('',(291.178843264,199.477230378,611.34413477));
#2019 = CARTESIAN_POINT('',(291.15939764,201.281906964,612.783306511));
#2020 = CARTESIAN_POINT('',(291.14043956,203.361578792,613.784823679));
#2021 = CARTESIAN_POINT('',(291.140439286,203.361608823,613.784838141));
#2022 = CARTESIAN_POINT('',(291.140439012,203.361638855,613.784852604));
#2023 = CARTESIAN_POINT('',(291.140438739,203.361668886,613.784867066));
#2024 = CARTESIAN_POINT('',(291.121480627,205.441347778,614.786370891));
#2025 = CARTESIAN_POINT('',(291.102035003,207.691738415,615.3));
#2026 = CARTESIAN_POINT('',(291.083076923,210.,615.3));
#2027 = CARTESIAN_POINT('',(291.083076649,210.000033332,615.3));
#2028 = CARTESIAN_POINT('',(291.083076375,210.000066664,615.3));
#2029 = CARTESIAN_POINT('',(291.083076102,210.000099997,615.3));
#2030 = CARTESIAN_POINT('',(291.064117989,212.308362158,615.299984913));
#2031 = CARTESIAN_POINT('',(291.044672365,214.558749381,614.786340847));
#2032 = CARTESIAN_POINT('',(291.025714286,216.638421208,613.784823679));
#2033 = CARTESIAN_POINT('',(291.025714012,216.638451239,613.784809217));
#2034 = CARTESIAN_POINT('',(291.025713738,216.638481271,613.784794754));
#2035 = CARTESIAN_POINT('',(291.025713465,216.638511302,613.784780292));
#2036 = CARTESIAN_POINT('',(291.006755352,218.718177103,612.783249282));
#2037 = CARTESIAN_POINT('',(290.987309728,220.522844123,611.344065546));
#2038 = CARTESIAN_POINT('',(290.968351648,221.962021682,609.539393968));
#2039 = CARTESIAN_POINT('',(290.968351374,221.962042464,609.539367908));
#2040 = CARTESIAN_POINT('',(290.9683511,221.962063247,609.539341848));
#2041 = CARTESIAN_POINT('',(290.968350827,221.962084029,609.539315787));
#2042 = CARTESIAN_POINT('',(290.949392715,223.401250152,607.734634354));
#2043 = CARTESIAN_POINT('',(290.929947091,224.402760533,605.654958938));
#2044 = CARTESIAN_POINT('',(290.910989011,224.916397056,603.40457029));
#2045 = CARTESIAN_POINT('',(290.910988737,224.916404473,603.404537793));
#2046 = CARTESIAN_POINT('',(290.910988463,224.91641189,603.404505297));
#2047 = CARTESIAN_POINT('',(290.91098819,224.916419307,603.4044728));
#2048 = CARTESIAN_POINT('',(290.892030077,225.430041251,601.154080233));
#2049 = CARTESIAN_POINT('',(290.872584453,225.43003358,598.845818359));
#2050 = CARTESIAN_POINT('',(290.853626374,224.916397056,596.59542971));
#2051 = CARTESIAN_POINT('',(290.8536261,224.916389639,596.595397213));
#2052 = CARTESIAN_POINT('',(290.853625826,224.916382222,596.595364717));
#2053 = CARTESIAN_POINT('',(290.853625553,224.916374804,596.595332221));
#2054 = CARTESIAN_POINT('',(290.83466744,224.402723445,594.344946368));
#2055 = CARTESIAN_POINT('',(290.815221816,223.401199241,592.265277609));
#2056 = CARTESIAN_POINT('',(290.796263736,221.962021682,590.460606032));
#2057 = CARTESIAN_POINT('',(290.796263462,221.9620009,590.460579972));
#2058 = CARTESIAN_POINT('',(290.796263188,221.961980117,590.460553912));
#2059 = CARTESIAN_POINT('',(290.796262915,221.961959335,590.460527852));
#2060 = CARTESIAN_POINT('',(290.777304803,220.522769622,588.65586523));
#2061 = CARTESIAN_POINT('',(290.757859179,218.718093036,587.216693489));
#2062 = CARTESIAN_POINT('',(290.738901099,216.638421208,586.215176321));
#2063 = CARTESIAN_POINT('',(290.738900825,216.638391177,586.215161859));
#2064 = CARTESIAN_POINT('',(290.738900551,216.638361145,586.215147396));
#2065 = CARTESIAN_POINT('',(290.738900278,216.638331114,586.215132934));
#2066 = CARTESIAN_POINT('',(290.719942165,214.558652222,585.213629109));
#2067 = CARTESIAN_POINT('',(290.700496541,212.308261585,584.7));
#2068 = CARTESIAN_POINT('',(290.681538462,210.,584.7));
#2069 = CARTESIAN_POINT('',(290.681538188,209.999966668,584.7));
#2070 = CARTESIAN_POINT('',(290.681537914,209.999933336,584.7));
#2071 = CARTESIAN_POINT('',(290.681537641,209.999900003,584.7));
#2072 = CARTESIAN_POINT('',(290.662579528,207.691637842,584.700015087));
#2073 = CARTESIAN_POINT('',(290.643133904,205.441250619,585.213659153));
#2074 = CARTESIAN_POINT('',(290.624175824,203.361578792,586.215176321));
#2075 = CARTESIAN_POINT('',(290.62417555,203.361548761,586.215190783));
#2076 = CARTESIAN_POINT('',(290.624175276,203.361518729,586.215205246));
#2077 = CARTESIAN_POINT('',(290.624175003,203.361488698,586.215219708));
#2078 = CARTESIAN_POINT('',(290.60521689,201.281822897,587.216750718));
#2079 = CARTESIAN_POINT('',(290.585771266,199.477155877,588.655934454));
#2080 = CARTESIAN_POINT('',(290.566813187,198.037978318,590.460606032));
#2081 = CARTESIAN_POINT('',(290.566812913,198.037957536,590.460632092));
#2082 = CARTESIAN_POINT('',(290.566812639,198.037936753,590.460658152));
#2083 = CARTESIAN_POINT('',(290.566812366,198.037915971,590.460684213));
#2084 = CARTESIAN_POINT('',(290.547854253,196.598749848,592.265365646));
#2085 = CARTESIAN_POINT('',(290.528408629,195.597239467,594.345041062));
#2086 = CARTESIAN_POINT('',(290.509450549,195.083602944,596.59542971));
#2087 = CARTESIAN_POINT('',(290.509450275,195.083595527,596.595462207));
#2088 = CARTESIAN_POINT('',(290.509450001,195.08358811,596.595494703));
#2089 = CARTESIAN_POINT('',(290.509449728,195.083580693,596.5955272));
#2090 = CARTESIAN_POINT('',(290.490491616,194.569958749,598.845919767));
#2091 = CARTESIAN_POINT('',(290.471045992,194.56996642,601.154181641));
#2092 = CARTESIAN_POINT('',(290.452087912,195.083602944,603.40457029));
#2093 = CARTESIAN_POINT('',(290.452087638,195.083610361,603.404602787));
#2094 = CARTESIAN_POINT('',(290.452087364,195.083617778,603.404635283));
#2095 = CARTESIAN_POINT('',(290.452087091,195.083625196,603.404667779));
#2096 = CARTESIAN_POINT('',(290.433128978,195.597276555,605.655053632));
#2097 = CARTESIAN_POINT('',(290.413683354,196.598800759,607.734722391));
#2098 = CARTESIAN_POINT('',(290.394725275,198.037978318,609.539393968));
#2099 = CARTESIAN_POINT('',(290.394725001,198.0379991,609.539420028));
#2100 = CARTESIAN_POINT('',(290.394724727,198.038019883,609.539446088));
#2101 = CARTESIAN_POINT('',(290.394724454,198.038040665,609.539472148));
#2102 = CARTESIAN_POINT('',(290.375766341,199.477230378,611.34413477));
#2103 = CARTESIAN_POINT('',(290.356320717,201.281906964,612.783306511));
#2104 = CARTESIAN_POINT('',(290.337362637,203.361578792,613.784823679));
#2105 = CARTESIAN_POINT('',(290.337362363,203.361608823,613.784838141));
#2106 = CARTESIAN_POINT('',(290.337362089,203.361638855,613.784852604));
#2107 = CARTESIAN_POINT('',(290.337361816,203.361668886,613.784867066));
#2108 = CARTESIAN_POINT('',(290.318403704,205.441347778,614.786370891));
#2109 = CARTESIAN_POINT('',(290.29895808,207.691738415,615.3));
#2110 = CARTESIAN_POINT('',(290.28,210.,615.3));
#2111 = CARTESIAN_POINT('',(290.279999726,210.000033332,615.3));
#2112 = CARTESIAN_POINT('',(290.279999452,210.000066664,615.3));
#2113 = CARTESIAN_POINT('',(290.279999179,210.000099997,615.3));
#2114 = CARTESIAN_POINT('',(290.261041066,212.308362158,615.299984913));
#2115 = CARTESIAN_POINT('',(290.241595442,214.558749381,614.786340847));
#2116 = CARTESIAN_POINT('',(290.222637363,216.638421208,613.784823679));
#2117 = CARTESIAN_POINT('',(290.222637089,216.638451239,613.784809217));
#2118 = CARTESIAN_POINT('',(290.222636815,216.638481271,613.784794754));
#2119 = CARTESIAN_POINT('',(290.222636542,216.638511302,613.784780292));
#2120 = CARTESIAN_POINT('',(290.203678429,218.718177103,612.783249282));
#2121 = CARTESIAN_POINT('',(290.184232805,220.522844123,611.344065546));
#2122 = CARTESIAN_POINT('',(290.165274725,221.962021682,609.539393968));
#2123 = CARTESIAN_POINT('',(290.165274451,221.962042464,609.539367908));
#2124 = CARTESIAN_POINT('',(290.165274177,221.962063247,609.539341848));
#2125 = CARTESIAN_POINT('',(290.165273904,221.962084029,609.539315787));
#2126 = CARTESIAN_POINT('',(290.146315792,223.401250152,607.734634354));
#2127 = CARTESIAN_POINT('',(290.126870168,224.402760533,605.654958938));
#2128 = CARTESIAN_POINT('',(290.107912088,224.916397056,603.40457029));
#2129 = CARTESIAN_POINT('',(290.107911814,224.916404473,603.404537793));
#2130 = CARTESIAN_POINT('',(290.10791154,224.91641189,603.404505297));
#2131 = CARTESIAN_POINT('',(290.107911267,224.916419307,603.4044728));
#2132 = CARTESIAN_POINT('',(290.088953154,225.430041251,601.154080233));
#2133 = CARTESIAN_POINT('',(290.06950753,225.43003358,598.845818359));
#2134 = CARTESIAN_POINT('',(290.050549451,224.916397056,596.59542971));
#2135 = CARTESIAN_POINT('',(290.050549177,224.916389639,596.595397213));
#2136 = CARTESIAN_POINT('',(290.050548903,224.916382222,596.595364717));
#2137 = CARTESIAN_POINT('',(290.05054863,224.916374804,596.595332221));
#2138 = CARTESIAN_POINT('',(290.033914929,224.465701094,594.620861167));
#2139 = CARTESIAN_POINT('',(290.016844437,223.636377067,592.771190861));
#2140 = CARTESIAN_POINT('',(290.,222.458691788,591.119065425));
#2141 = PCURVE('',#98,#2142);
#2142 = DEFINITIONAL_REPRESENTATION('',(#2143),#2147);
#2143 = LINE('',#2144,#2145);
#2144 = CARTESIAN_POINT('',(-1.59992723155E-13,3.091316291629E-17));
#2145 = VECTOR('',#2146,1.);
#2146 = DIRECTION('',(4.456728120435E-10,1.));
#2147 = ( GEOMETRIC_REPRESENTATION_CONTEXT(2) 
PARAMETRIC_REPRESENTATION_CONTEXT() REPRESENTATION_CONTEXT('2D SPACE',''
  ) );
#2148 = PCURVE('',#2149,#3872);
#2149 = ( BOUNDED_SURFACE() B_SPLINE_SURFACE(1,3,(
    (#2150,#2151,#2152,#2153,#2154,#2155,#2156,#2157,#2158,#2159,#2160
      ,#2161,#2162,#2163,#2164,#2165,#2166,#2167,#2168,#2169,#2170,#2171
      ,#2172,#2173,#2174,#2175,#2176,#2177,#2178,#2179,#2180,#2181,#2182
      ,#2183,#2184,#2185,#2186,#2187,#2188,#2189,#2190,#2191,#2192,#2193
      ,#2194,#2195,#2196,#2197,#2198,#2199,#2200,#2201,#2202,#2203,#2204
      ,#2205,#2206,#2207,#2208,#2209,#2210,#2211,#2212,#2213,#2214,#2215
      ,#2216,#2217,#2218,#2219,#2220,#2221,#2222,#2223,#2224,#2225,#2226
      ,#2227,#2228,#2229,#2230,#2231,#2232,#2233,#2234,#2235,#2236,#2237
      ,#2238,#2239,#2240,#2241,#2242,#2243,#2244,#2245,#2246,#2247,#2248
      ,#2249,#2250,#2251,#2252,#2253,#2254,#2255,#2256,#2257,#2258,#2259
      ,#2260,#2261,#2262,#2263,#2264,#2265,#2266,#2267,#2268,#2269,#2270
      ,#2271,#2272,#2273,#2274,#2275,#2276,#2277,#2278,#2279,#2280,#2281
      ,#2282,#2283,#2284,#2285,#2286,#2287,#2288,#2289,#2290,#2291,#2292
      ,#2293,#2294,#2295,#2296,#2297,#2298,#2299,#2300,#2301,#2302,#2303
      ,#2304,#2305,#2306,#2307,#2308,#2309,#2310,#2311,#2312,#2313,#2314
      ,#2315,#2316,#2317,#2318,#2319,#2320,#2321,#2322,#2323,#2324,#2325
      ,#2326,#2327,#2328,#2329,#2330,#2331,#2332,#2333,#2334,#2335,#2336
      ,#2337,#2338,#2339,#2340,#2341,#2342,#2343,#2344,#2345,#2346,#2347
      ,#2348,#2349,#2350,#2351,#2352,#2353,#2354,#2355,#2356,#2357,#2358
      ,#2359,#2360,#2361,#2362,#2363,#2364,#2365,#2366,#2367,#2368,#2369
      ,#2370,#2371,#2372,#2373,#2374,#2375,#2376,#2377,#2378,#2379,#2380
      ,#2381,#2382,#2383,#2384,#2385,#2386,#2387,#2388,#2389,#2390,#2391
      ,#2392,#2393,#2394,#2395,#2396,#2397,#2398,#2399,#2400,#2401,#2402
      ,#2403,#2404,#2405,#2406,#2407,#2408,#2409,#2410,#2411,#2412,#2413
      ,#2414,#2415,#2416,#2417,#2418,#2419,#2420,#2421,#2422,#2423,#2424
      ,#2425,#2426,#2427,#2428,#2429,#2430,#2431,#2432,#2433,#2434,#2435
      ,#2436,#2437,#2438,#2439,#2440,#2441,#2442,#2443,#2444,#2445,#2446
      ,#2447,#2448,#2449,#2450,#2451,#2452,#2453,#2454,#2455,#2456,#2457
      ,#2458,#2459,#2460,#2461,#2462,#2463,#2464,#2465,#2466,#2467,#2468
      ,#2469,#2470,#2471,#2472,#2473,#2474,#2475,#2476,#2477,#2478,#2479
      ,#2480,#2481,#2482,#2483,#2484,#2485,#2486,#2487,#2488,#2489,#2490
      ,#2491,#2492,#2493,#2494,#2495,#2496,#2497,#2498,#2499,#2500,#2501
      ,#2502,#2503,#2504,#2505,#2506,#2507,#2508,#2509,#2510,#2511,#2512
      ,#2513,#2514,#2515,#2516,#2517,#2518,#2519,#2520,#2521,#2522,#2523
      ,#2524,#2525,#2526,#2527,#2528,#2529,#2530,#2531,#2532,#2533,#2534
      ,#2535,#2536,#2537,#2538,#2539,#2540,#2541,#2542,#2543,#2544,#2545
      ,#2546,#2547,#2548,#2549,#2550,#2551,#2552,#2553,#2554,#2555,#2556
      ,#2557,#2558,#2559,#2560,#2561,#2562,#2563,#2564,#2565,#2566,#2567
      ,#2568,#2569,#2570,#2571,#2572,#2573,#2574,#2575,#2576,#2577,#2578
      ,#2579,#2580,#2581,#2582,#2583,#2584,#2585,#2586,#2587,#2588,#2589
      ,#2590,#2591,#2592,#2593,#2594,#2595,#2596,#2597,#2598,#2599,#2600
      ,#2601,#2602,#2603,#2604,#2605,#2606,#2607,#2608,#2609,#2610,#2611
      ,#2612,#2613,#2614,#2615,#2616,#2617,#2618,#2619,#2620,#2621,#2622
      ,#2623,#2624,#2625,#2626,#2627,#2628,#2629,#2630,#2631,#2632,#2633
      ,#2634,#2635,#2636,#2637,#2638,#2639,#2640,#2641,#2642,#2643,#2644
      ,#2645,#2646,#2647,#2648,#2649,#2650,#2651,#2652,#2653,#2654,#2655
      ,#2656,#2657,#2658,#2659,#2660,#2661,#2662,#2663,#2664,#2665,#2666
      ,#2667,#2668,#2669,#2670,#2671,#2672,#2673,#2674,#2675,#2676,#2677
      ,#2678,#2679,#2680,#2681,#2682,#2683,#2684,#2685,#2686,#2687,#2688
      ,#2689,#2690,#2691,#2692,#2693,#2694,#2695,#2696,#2697,#2698,#2699
      ,#2700,#2701,#2702,#2703,#2704,#2705,#2706,#2707,#2708,#2709,#2710
      ,#2711,#2712,#2713,#2714,#2715,#2716,#2717,#2718,#2719,#2720,#2721
      ,#2722,#2723)
    ,(#2724,#2725,#2726,#2727,#2728,#2729,#2730,#2731,#2732,#2733,#2734
      ,#2735,#2736,#2737,#2738,#2739,#2740,#2741,#2742,#2743,#2744,#2745
      ,#2746,#2747,#2748,#2749,#2750,#2751,#2752,#2753,#2754,#2755,#2756
      ,#2757,#2758,#2759,#2760,#2761,#2762,#2763,#2764,#2765,#2766,#2767
      ,#2768,#2769,#2770,#2771,#2772,#2773,#2774,#2775,#2776,#2777,#2778
      ,#2779,#2780,#2781,#2782,#2783,#2784,#2785,#2786,#2787,#2788,#2789
      ,#2790,#2791,#2792,#2793,#2794,#2795,#2796,#2797,#2798,#2799,#2800
      ,#2801,#2802,#2803,#2804,#2805,#2806,#2807,#2808,#2809,#2810,#2811
      ,#2812,#2813,#2814,#2815,#2816,#2817,#2818,#2819,#2820,#2821,#2822
      ,#2823,#2824,#2825,#2826,#2827,#2828,#2829,#2830,#2831,#2832,#2833
      ,#2834,#2835,#2836,#2837,#2838,#2839,#2840,#2841,#2842,#2843,#2844
      ,#2845,#2846,#2847,#2848,#2849,#2850,#2851,#2852,#2853,#2854,#2855
      ,#2856,#2857,#2858,#2859,#2860,#2861,#2862,#2863,#2864,#2865,#2866
      ,#2867,#2868,#2869,#2870,#2871,#2872,#2873,#2874,#2875,#2876,#2877
      ,#2878,#2879,#2880,#2881,#2882,#2883,#2884,#2885,#2886,#2887,#2888
      ,#2889,#2890,#2891,#2892,#2893,#2894,#2895,#2896,#2897,#2898,#2899
      ,#2900,#2901,#2902,#2903,#2904,#2905,#2906,#2907,#2908,#2909,#2910
      ,#2911,#2912,#2913,#2914,#2915,#2916,#2917,#2918,#2919,#2920,#2921
      ,#2922,#2923,#2924,#2925,#2926,#2927,#2928,#2929,#2930,#2931,#2932
      ,#2933,#2934,#2935,#2936,#2937,#2938,#2939,#2940,#2941,#2942,#2943
      ,#2944,#2945,#2946,#2947,#2948,#2949,#2950,#2951,#2952,#2953,#2954
      ,#2955,#2956,#2957,#2958,#2959,#2960,#2961,#2962,#2963,#2964,#2965
      ,#2966,#2967,#2968,#2969,#2970,#2971,#2972,#2973,#2974,#2975,#2976
      ,#2977,#2978,#2979,#2980,#2981,#2982,#2983,#2984,#2985,#2986,#2987
      ,#2988,#2989,#2990,#2991,#2992,#2993,#2994,#2995,#2996,#2997,#2998
      ,#2999,#3000,#3001,#3002,#3003,#3004,#3005,#3006,#3007,#3008,#3009
      ,#3010,#3011,#3012,#3013,#3014,#3015,#3016,#3017,#3018,#3019,#3020
      ,#3021,#3022,#3023,#3024,#3025,#3026,#3027,#3028,#3029,#3030,#3031
      ,#3032,#3033,#3034,#3035,#3036,#3037,#3038,#3039,#3040,#3041,#3042
      ,#3043,#3044,#3045,#3046,#3047,#3048,#3049,#3050,#3051,#3052,#3053
      ,#3054,#3055,#3056,#3057,#3058,#3059,#3060,#3061,#3062,#3063,#3064
      ,#3065,#3066,#3067,#3068,#3069,#3070,#3071,#3072,#3073,#3074,#3075
      ,#3076,#3077,#3078,#3079,#3080,#3081,#3082,#3083,#3084,#3085,#3086
      ,#3087,#3088,#3089,#3090,#3091,#3092,#3093,#3094,#3095,#3096,#3097
      ,#3098,#3099,#3100,#3101,#3102,#3103,#3104,#3105,#3106,#3107,#3108
      ,#3109,#3110,#3111,#3112,#3113,#3114,#3115,#3116,#3117,#3118,#3119
      ,#3120,#3121,#3122,#3123,#3124,#3125,#3126,#3127,#3128,#3129,#3130
      ,#3131,#3132,#3133,#3134,#3135,#3136,#3137,#3138,#3139,#3140,#3141
      ,#3142,#3143,#3144,#3145,#3146,#3147,#3148,#3149,#3150,#3151,#3152
      ,#3153,#3154,#3155,#3156,#3157,#3158,#3159,#3160,#3161,#3162,#3163
      ,#3164,#3165,#3166,#3167,#3168,#3169,#3170,#3171,#3172,#3173,#3174
      ,#3175,#3176,#3177,#3178,#3179,#3180,#3181,#3182,#3183,#3184,#3185
      ,#3186,#3187,#3188,#3189,#3190,#3191,#3192,#3193,#3194,#3195,#3196
      ,#3197,#3198,#3199,#3200,#3201,#3202,#3203,#3204,#3205,#3206,#3207
      ,#3208,#3209,#3210,#3211,#3212,#3213,#3214,#3215,#3216,#3217,#3218
      ,#3219,#3220,#3221,#3222,#3223,#3224,#3225,#3226,#3227,#3228,#3229
      ,#3230,#3231,#3232,#3233,#3234,#3235,#3236,#3237,#3238,#3239,#3240
      ,#3241,#3242,#3243,#3244,#3245,#3246,#3247,#3248,#3249,#3250,#3251
      ,#3252,#3253,#3254,#3255,#3256,#3257,#3258,#3259,#3260,#3261,#3262
      ,#3263,#3264,#3265,#3266,#3267,#3268,#3269,#3270,#3271,#3272,#3273
      ,#3274,#3275,#3276,#3277,#3278,#3279,#3280,#3281,#3282,#3283,#3284
      ,#3285,#3286,#3287,#3288,#3289,#3290,#3291,#3292,#3293,#3294,#3295
      ,#3296,#3297)
    ,(#3298,#3299,#3300,#3301,#3302,#3303,#3304,#3305,#3306,#3307,#3308
      ,#3309,#3310,#3311,#3312,#3313,#3314,#3315,#3316,#3317,#3318,#3319
      ,#3320,#3321,#3322,#3323,#3324,#3325,#3326,#3327,#3328,#3329,#3330
      ,#3331,#3332,#3333,#3334,#3335,#3336,#3337,#3338,#3339,#3340,#3341
      ,#3342,#3343,#3344,#3345,#3346,#3347,#3348,#3349,#3350,#3351,#3352
      ,#3353,#3354,#3355,#3356,#3357,#3358,#3359,#3360,#3361,#3362,#3363
      ,#3364,#3365,#3366,#3367,#3368,#3369,#3370,#3371,#3372,#3373,#3374
      ,#3375,#3376,#3377,#3378,#3379,#3380,#3381,#3382,#3383,#3384,#3385
      ,#3386,#3387,#3388,#3389,#3390,#3391,#3392,#3393,#3394,#3395,#3396
      ,#3397,#3398,#3399,#3400,#3401,#3402,#3403,#3404,#3405,#3406,#3407
      ,#3408,#3409,#3410,#3411,#3412,#3413,#3414,#3415,#3416,#3417,#3418
      ,#3419,#3420,#3421,#3422,#3423,#3424,#3425,#3426,#3427,#3428,#3429
      ,#3430,#3431,#3432,#3433,#3434,#3435,#3436,#3437,#3438,#3439,#3440
      ,#3441,#3442,#3443,#3444,#3445,#3446,#3447,#3448,#3449,#3450,#3451
      ,#3452,#3453,#3454,#3455,#3456,#3457,#3458,#3459,#3460,#3461,#3462
      ,#3463,#3464,#3465,#3466,#3467,#3468,#3469,#3470,#3471,#3472,#3473
      ,#3474,#3475,#3476,#3477,#3478,#3479,#3480,#3481,#3482,#3483,#3484
      ,#3485,#3486,#3487,#3488,#3489,#3490,#3491,#3492,#3493,#3494,#3495
      ,#3496,#3497,#3498,#3499,#3500,#3501,#3502,#3503,#3504,#3505,#3506
      ,#3507,#3508,#3509,#3510,#3511,#3512,#3513,#3514,#3515,#3516,#3517
      ,#3518,#3519,#3520,#3521,#3522,#3523,#3524,#3525,#3526,#3527,#3528
      ,#3529,#3530,#3531,#3532,#3533,#3534,#3535,#3536,#3537,#3538,#3539
      ,#3540,#3541,#3542,#3543,#3544,#3545,#3546,#3547,#3548,#3549,#3550
      ,#3551,#3552,#3553,#3554,#3555,#3556,#3557,#3558,#3559,#3560,#3561
      ,#3562,#3563,#3564,#3565,#3566,#3567,#3568,#3569,#3570,#3571,#3572
      ,#3573,#3574,#3575,#3576,#3577,#3578,#3579,#3580,#3581,#3582,#3583
      ,#3584,#3585,#3586,#3587,#3588,#3589,#3590,#3591,#3592,#3593,#3594
      ,#3595,#3596,#3597,#3598,#3599,#3600,#3601,#3602,#3603,#3604,#3605
      ,#3606,#3607,#3608,#3609,#3610,#3611,#3612,#3613,#3614,#3615,#3616
      ,#3617,#3618,#3619,#3620,#3621,#3622,#3623,#3624,#3625,#3626,#3627
      ,#3628,#3629,#3630,#3631,#3632,#3633,#3634,#3635,#3636,#3637,#3638
      ,#3639,#3640,#3641,#3642,#3643,#3644,#3645,#3646,#3647,#3648,#3649
      ,#3650,#3651,#3652,#3653,#3654,#3655,#3656,#3657,#3658,#3659,#3660
      ,#3661,#3662,#3663,#3664,#3665,#3666,#3667,#3668,#3669,#3670,#3671
      ,#3672,#3673,#3674,#3675,#3676,#3677,#3678,#3679,#3680,#3681,#3682
      ,#3683,#3684,#3685,#3686,#3687,#3688,#3689,#3690,#3691,#3692,#3693
      ,#3694,#3695,#3696,#3697,#3698,#3699,#3700,#3701,#3702,#3703,#3704
      ,#3705,#3706,#3707,#3708,#3709,#3710,#3711,#3712,#3713,#3714,#3715
      ,#3716,#3717,#3718,#3719,#3720,#3721,#3722,#3723,#3724,#3725,#3726
      ,#3727,#3728,#3729,#3730,#3731,#3732,#3733,#3734,#3735,#3736,#3737
      ,#3738,#3739,#3740,#3741,#3742,#3743,#3744,#3745,#3746,#3747,#3748
      ,#3749,#3750,#3751,#3752,#3753,#3754,#3755,#3756,#3757,#3758,#3759
      ,#3760,#3761,#3762,#3763,#3764,#3765,#3766,#3767,#3768,#3769,#3770
      ,#3771,#3772,#3773,#3774,#3775,#3776,#3777,#3778,#3779,#3780,#3781
      ,#3782,#3783,#3784,#3785,#3786,#3787,#3788,#3789,#3790,#3791,#3792
      ,#3793,#3794,#3795,#3796,#3797,#3798,#3799,#3800,#3801,#3802,#3803
      ,#3804,#3805,#3806,#3807,#3808,#3809,#3810,#3811,#3812,#3813,#3814
      ,#3815,#3816,#3817,#3818,#3819,#3820,#3821,#3822,#3823,#3824,#3825
      ,#3826,#3827,#3828,#3829,#3830,#3831,#3832,#3833,#3834,#3835,#3836
      ,#3837,#3838,#3839,#3840,#3841,#3842,#3843,#3844,#3845,#3846,#3847
      ,#3848,#3849,#3850,#3851,#3852,#3853,#3854,#3855,#3856,#3857,#3858
      ,#3859,#3860,#3861,#3862,#3863,#3864,#3865,#3866,#3867,#3868,#3869
      ,#3870,#3871
)),.UNSPECIFIED.,.F.,.F.,.F.) B_SPLINE_SURFACE_WITH_KNOTS((2,1,2),(4,3,3
    ,3,3,3,3,3,3,3,3,3,3,3,3,3,3,3,3,3,3,3,3,3,3,3,3,3,3,3,3,3,3,3,3,3,3
    ,3,3,3,3,3,3,3,3,3,3,3,3,3,3,3,3,3,3,3,3,3,3,3,3,3,3,3,3,3,3,3,3,3,3
    ,3,3,3,3,3,3,3,3,3,3,3,3,3,3,3,3,3,3,3,3,3,3,3,3,3,3,3,3,3,3,3,3,3,3
    ,3,3,3,3,3,3,3,3,3,3,3,3,3,3,3,3,3,3,3,3,3,3,3,3,3,3,3,3,3,3,3,3,3,3
    ,3,3,3,3,3,3,3,3,3,3,3,3,3,3,3,3,3,3,3,3,3,3,3,3,3,3,3,3,3,3,3,3,3,3
    ,3,3,3,3,3,3,3,3,3,3,3,3,3,3,3,3,3,3,4),(-5.42E-10,0.,1.),(0.,
    8.928571E-03,8.928702E-03,1.7857143E-02,1.7857274E-02,2.6785714E-02,
    2.6785845E-02,3.5714286E-02,3.5714417E-02,4.4642857E-02,
    4.4642988E-02,5.3571429E-02,5.357156E-02,6.25E-02,6.2500131E-02,
    7.1428571E-02,7.1428702E-02,8.0357143E-02,8.0357274E-02,
    8.9285714E-02,8.9285845E-02,9.8214286E-02,9.8214417E-02,0.107142857,
    0.107142988,0.116071429,0.11607156,0.125,0.125000131,0.133928571,
    0.133928702,0.142857143,0.142857274,0.151785714,0.151785845,
    0.160714286,0.160714417,0.169642857,0.169642988,0.178571429,
    0.17857156,0.1875,0.187500131,0.196428571,0.196428702,0.205357143,
    0.205357274,0.214285714,0.214285845,0.223214286,0.223214417,
    0.232142857,0.232142988,0.241071429,0.24107156,0.25,0.250000131,
    0.258928571,0.258928702,0.267857143,0.267857274,0.276785714,
    0.276785845,0.285714286,0.285714417,0.294642857,0.294642988,
    0.303571429,0.30357156,0.3125,0.312500131,0.321428571,0.321428702,
    0.330357143,0.330357274,0.339285714,0.339285845,0.348214286,
    0.348214417,0.357142857,0.357142988,0.366071429,0.36607156,0.375,
    0.375000131,0.383928571,0.383928702,0.392857143,0.392857274,
    0.401785714,0.401785845,0.410714286,0.410714417,0.419642857,
    0.419642988,0.428571429,0.42857156,0.4375,0.437500131,0.446428571,
    0.446428702,0.455357143,0.455357274,0.464285714,0.464285845,
    0.473214286,0.473214417,0.482142857,0.482142988,0.491071429,
    0.49107156,0.5,0.500000131,0.508928571,0.508928702,0.517857143,
    0.517857274,0.526785714,0.526785845,0.535714286,0.535714417,
    0.544642857,0.544642988,0.553571429,0.55357156,0.5625,0.562500131,
    0.571428571,0.571428702,0.580357143,0.580357274,0.589285714,
    0.589285845,0.598214286,0.598214417,0.607142857,0.607142988,
    0.616071429,0.61607156,0.625,0.625000131,0.633928571,0.633928702,
    0.642857143,0.642857274,0.651785714,0.651785845,0.660714286,
    0.660714417,0.669642857,0.669642988,0.678571429,0.67857156,0.6875,
    0.687500131,0.696428571,0.696428702,0.705357143,0.705357274,
    0.714285714,0.714285845,0.723214286,0.723214417,0.732142857,
    0.732142988,0.741071429,0.74107156,0.75,0.750000131,0.758928571,
    0.758928702,0.767857143,0.767857274,0.776785714,0.776785845,
    0.785714286,0.785714417,0.794642857,0.794642988,0.803571429,
    0.80357156,0.8125,0.812500131,0.821428571,0.821428702,0.830357143,
    0.830357274,0.839285714,0.839285845,0.848214286,0.848214417,
0.856064247),.UNSPECIFIED.) GEOMETRIC_REPRESENTATION_ITEM() 
RATIONAL_B_SPLINE_SURFACE((
    (1.,0.983285275,0.983285275,1.,0.999999755,0.999999509,0.999999264
      ,0.983285275,0.98328552,1.,0.999999755,0.999999509,0.999999264
      ,0.983285275,0.98328552,1.,0.999999755,0.999999509,0.999999264
      ,0.983285275,0.98328552,1.,0.999999755,0.999999509,0.999999264
      ,0.983285275,0.98328552,1.,0.999999755,0.999999509,0.999999264
      ,0.983285275,0.98328552,1.,0.999999755,0.999999509,0.999999264
      ,0.983285275,0.98328552,1.,0.999999755,0.999999509,0.999999264
      ,0.983285275,0.98328552,1.,0.999999755,0.999999509,0.999999264
      ,0.983285275,0.98328552,1.,0.999999755,0.999999509,0.999999264
      ,0.983285275,0.98328552,1.,0.999999755,0.999999509,0.999999264
      ,0.983285275,0.98328552,1.,0.999999755,0.999999509,0.999999264
      ,0.983285275,0.98328552,1.,0.999999755,0.999999509,0.999999264
      ,0.983285275,0.98328552,1.,0.999999755,0.999999509,0.999999264
      ,0.983285275,0.98328552,1.,0.999999755,0.999999509,0.999999264
      ,0.983285275,0.98328552,1.,0.999999755,0.999999509,0.999999264
      ,0.983285275,0.98328552,1.,0.999999755,0.999999509,0.999999264
      ,0.983285275,0.98328552,1.,0.999999755,0.999999509,0.999999264
      ,0.983285275,0.98328552,1.,0.999999755,0.999999509,0.999999264
      ,0.983285275,0.98328552,1.,0.999999755,0.999999509,0.999999264
      ,0.983285275,0.98328552,1.,0.999999755,0.999999509,0.999999264
      ,0.983285275,0.98328552,1.,0.999999755,0.999999509,0.999999264
      ,0.983285275,0.98328552,1.,0.999999755,0.999999509,0.999999264
      ,0.983285275,0.98328552,1.,0.999999755,0.999999509,0.999999264
      ,0.983285275,0.98328552,1.,0.999999755,0.999999509,0.999999264
      ,0.983285275,0.98328552,1.,0.999999755,0.999999509,0.999999264
      ,0.983285275,0.98328552,1.,0.999999755,0.999999509,0.999999264
      ,0.983285275,0.98328552,1.,0.999999755,0.999999509,0.999999264
      ,0.983285275,0.98328552,1.,0.999999755,0.999999509,0.999999264
      ,0.983285275,0.98328552,1.,0.999999755,0.999999509,0.999999264
      ,0.983285275,0.98328552,1.,0.999999755,0.999999509,0.999999264
      ,0.983285275,0.98328552,1.,0.999999755,0.999999509,0.999999264
      ,0.983285275,0.98328552,1.,0.999999755,0.999999509,0.999999264
      ,0.983285275,0.98328552,1.,0.999999755,0.999999509,0.999999264
      ,0.983285275,0.98328552,1.,0.999999755,0.999999509,0.999999264
      ,0.983285275,0.98328552,1.,0.999999755,0.999999509,0.999999264
      ,0.983285275,0.98328552,1.,0.999999755,0.999999509,0.999999264
      ,0.983285275,0.98328552,1.,0.999999755,0.999999509,0.999999264
      ,0.983285275,0.98328552,1.,0.999999755,0.999999509,0.999999264
      ,0.983285275,0.98328552,1.,0.999999755,0.999999509,0.999999264
      ,0.983285275,0.98328552,1.,0.999999755,0.999999509,0.999999264
      ,0.983285275,0.98328552,1.,0.999999755,0.999999509,0.999999264
      ,0.983285275,0.98328552,1.,0.999999755,0.999999509,0.999999264
      ,0.983285275,0.98328552,1.,0.999999755,0.999999509,0.999999264
      ,0.983285275,0.98328552,1.,0.999999755,0.999999509,0.999999264
      ,0.983285275,0.98328552,1.,0.999999755,0.999999509,0.999999264
      ,0.983285275,0.98328552,1.,0.999999755,0.999999509,0.999999264
      ,0.983285275,0.98328552,1.,0.999999755,0.999999509,0.999999264
      ,0.983285275,0.98328552,1.,0.999999755,0.999999509,0.999999264
      ,0.983285275,0.98328552,1.,0.999999755,0.999999509,0.999999264
      ,0.983285275,0.98328552,1.,0.999999755,0.999999509,0.999999264
      ,0.983285275,0.98328552,1.,0.999999755,0.999999509,0.999999264
      ,0.983285275,0.98328552,1.,0.999999755,0.999999509,0.999999264
      ,0.983285275,0.98328552,1.,0.999999755,0.999999509,0.999999264
      ,0.983285275,0.98328552,1.,0.999999755,0.999999509,0.999999264
      ,0.983285275,0.98328552,1.,0.999999755,0.999999509,0.999999264
      ,0.983285275,0.98328552,1.,0.999999755,0.999999509,0.999999264
      ,0.983285275,0.98328552,1.,0.999999755,0.999999509,0.999999264
      ,0.983285275,0.98328552,1.,0.999999755,0.999999509,0.999999264
      ,0.983285275,0.98328552,1.,0.999999755,0.999999509,0.999999264
      ,0.983285275,0.98328552,1.,0.999999755,0.999999509,0.999999264
      ,0.983285275,0.98328552,1.,0.999999755,0.999999509,0.999999264
      ,0.983285275,0.98328552,1.,0.999999755,0.999999509,0.999999264
      ,0.983285275,0.98328552,1.,0.999999755,0.999999509,0.999999264
      ,0.983285275,0.98328552,1.,0.999999755,0.999999509,0.999999264
      ,0.983285275,0.98328552,1.,0.999999755,0.999999509,0.999999264
      ,0.983285275,0.98328552,1.,0.999999755,0.999999509,0.999999264
      ,0.983285275,0.98328552,1.,0.999999755,0.999999509,0.999999264
      ,0.983285275,0.98328552,1.,0.999999755,0.999999509,0.999999264
      ,0.983285275,0.98328552,1.,0.999999755,0.999999509,0.999999264
      ,0.983285275,0.98328552,1.,0.999999755,0.999999509,0.999999264
      ,0.983285275,0.98328552,1.,0.999999755,0.999999509,0.999999264
      ,0.983285275,0.98328552,1.,0.999999755,0.999999509,0.999999264
      ,0.983285275,0.98328552,1.,0.999999755,0.999999509,0.999999264
      ,0.983285275,0.98328552,1.,0.999999755,0.999999509,0.999999264
      ,0.983285275,0.98328552,1.,0.999999755,0.999999509,0.999999264
      ,0.983285275,0.98328552,1.,0.999999755,0.999999509,0.999999264
      ,0.983285275,0.98328552,1.,0.999999755,0.999999509,0.999999264
      ,0.983285275,0.98328552,1.,0.999999755,0.999999509,0.999999264
      ,0.983285275,0.98328552,1.,0.999999755,0.999999509,0.999999264
      ,0.983285275,0.98328552,1.,0.999999755,0.999999509,0.999999264
      ,0.983285275,0.98328552,1.,0.999999755,0.999999509,0.999999264
      ,0.983285275,0.98328552,1.,0.999999755,0.999999509,0.999999264
      ,0.983285275,0.98328552,1.,0.999999755,0.999999509,0.999999264
      ,0.983285275,0.98328552,1.,0.999999755,0.999999509,0.999999264
      ,0.983285275,0.98328552,1.,0.999999755,0.999999509,0.999999264
      ,0.983285275,0.98328552,1.,0.999999755,0.999999509,0.999999264
      ,0.983285275,0.98328552,1.,0.999999755,0.999999509,0.999999264
      ,0.983285275,0.98328552,1.,0.999999755,0.999999509,0.999999264
      ,0.983285275,0.98328552,1.,0.999999755,0.999999509,0.999999264
      ,0.983285275,0.98328552,1.,0.999999755,0.999999509,0.999999264
      ,0.983285275,0.98328552,1.,0.999999755,0.999999509,0.999999264
      ,0.983285275,0.98328552,1.,0.999999755,0.999999509,0.999999264
      ,0.983285275,0.98328552,1.,0.999999755,0.999999509,0.999999264
      ,0.983285275,0.98328552,1.,0.999999755,0.999999509,0.999999264
      ,0.983285275,0.98328552,1.,0.999999755,0.999999509,0.999999264
      ,0.985304426,0.98352939,0.994674156)
    ,(1.,0.983285275,0.983285275,1.,0.999999755,0.999999509,0.999999264
      ,0.983285275,0.98328552,1.,0.999999755,0.999999509,0.999999264
      ,0.983285275,0.98328552,1.,0.999999755,0.999999509,0.999999264
      ,0.983285275,0.98328552,1.,0.999999755,0.999999509,0.999999264
      ,0.983285275,0.98328552,1.,0.999999755,0.999999509,0.999999264
      ,0.983285275,0.98328552,1.,0.999999755,0.999999509,0.999999264
      ,0.983285275,0.98328552,1.,0.999999755,0.999999509,0.999999264
      ,0.983285275,0.98328552,1.,0.999999755,0.999999509,0.999999264
      ,0.983285275,0.98328552,1.,0.999999755,0.999999509,0.999999264
      ,0.983285275,0.98328552,1.,0.999999755,0.999999509,0.999999264
      ,0.983285275,0.98328552,1.,0.999999755,0.999999509,0.999999264
      ,0.983285275,0.98328552,1.,0.999999755,0.999999509,0.999999264
      ,0.983285275,0.98328552,1.,0.999999755,0.999999509,0.999999264
      ,0.983285275,0.98328552,1.,0.999999755,0.999999509,0.999999264
      ,0.983285275,0.98328552,1.,0.999999755,0.999999509,0.999999264
      ,0.983285275,0.98328552,1.,0.999999755,0.999999509,0.999999264
      ,0.983285275,0.98328552,1.,0.999999755,0.999999509,0.999999264
      ,0.983285275,0.98328552,1.,0.999999755,0.999999509,0.999999264
      ,0.983285275,0.98328552,1.,0.999999755,0.999999509,0.999999264
      ,0.983285275,0.98328552,1.,0.999999755,0.999999509,0.999999264
      ,0.983285275,0.98328552,1.,0.999999755,0.999999509,0.999999264
      ,0.983285275,0.98328552,1.,0.999999755,0.999999509,0.999999264
      ,0.983285275,0.98328552,1.,0.999999755,0.999999509,0.999999264
      ,0.983285275,0.98328552,1.,0.999999755,0.999999509,0.999999264
      ,0.983285275,0.98328552,1.,0.999999755,0.999999509,0.999999264
      ,0.983285275,0.98328552,1.,0.999999755,0.999999509,0.999999264
      ,0.983285275,0.98328552,1.,0.999999755,0.999999509,0.999999264
      ,0.983285275,0.98328552,1.,0.999999755,0.999999509,0.999999264
      ,0.983285275,0.98328552,1.,0.999999755,0.999999509,0.999999264
      ,0.983285275,0.98328552,1.,0.999999755,0.999999509,0.999999264
      ,0.983285275,0.98328552,1.,0.999999755,0.999999509,0.999999264
      ,0.983285275,0.98328552,1.,0.999999755,0.999999509,0.999999264
      ,0.983285275,0.98328552,1.,0.999999755,0.999999509,0.999999264
      ,0.983285275,0.98328552,1.,0.999999755,0.999999509,0.999999264
      ,0.983285275,0.98328552,1.,0.999999755,0.999999509,0.999999264
      ,0.983285275,0.98328552,1.,0.999999755,0.999999509,0.999999264
      ,0.983285275,0.98328552,1.,0.999999755,0.999999509,0.999999264
      ,0.983285275,0.98328552,1.,0.999999755,0.999999509,0.999999264
      ,0.983285275,0.98328552,1.,0.999999755,0.999999509,0.999999264
      ,0.983285275,0.98328552,1.,0.999999755,0.999999509,0.999999264
      ,0.983285275,0.98328552,1.,0.999999755,0.999999509,0.999999264
      ,0.983285275,0.98328552,1.,0.999999755,0.999999509,0.999999264
      ,0.983285275,0.98328552,1.,0.999999755,0.999999509,0.999999264
      ,0.983285275,0.98328552,1.,0.999999755,0.999999509,0.999999264
      ,0.983285275,0.98328552,1.,0.999999755,0.999999509,0.999999264
      ,0.983285275,0.98328552,1.,0.999999755,0.999999509,0.999999264
      ,0.983285275,0.98328552,1.,0.999999755,0.999999509,0.999999264
      ,0.983285275,0.98328552,1.,0.999999755,0.999999509,0.999999264
      ,0.983285275,0.98328552,1.,0.999999755,0.999999509,0.999999264
      ,0.983285275,0.98328552,1.,0.999999755,0.999999509,0.999999264
      ,0.983285275,0.98328552,1.,0.999999755,0.999999509,0.999999264
      ,0.983285275,0.98328552,1.,0.999999755,0.999999509,0.999999264
      ,0.983285275,0.98328552,1.,0.999999755,0.999999509,0.999999264
      ,0.983285275,0.98328552,1.,0.999999755,0.999999509,0.999999264
      ,0.983285275,0.98328552,1.,0.999999755,0.999999509,0.999999264
      ,0.983285275,0.98328552,1.,0.999999755,0.999999509,0.999999264
      ,0.983285275,0.98328552,1.,0.999999755,0.999999509,0.999999264
      ,0.983285275,0.98328552,1.,0.999999755,0.999999509,0.999999264
      ,0.983285275,0.98328552,1.,0.999999755,0.999999509,0.999999264
      ,0.983285275,0.98328552,1.,0.999999755,0.999999509,0.999999264
      ,0.983285275,0.98328552,1.,0.999999755,0.999999509,0.999999264
      ,0.983285275,0.98328552,1.,0.999999755,0.999999509,0.999999264
      ,0.983285275,0.98328552,1.,0.999999755,0.999999509,0.999999264
      ,0.983285275,0.98328552,1.,0.999999755,0.999999509,0.999999264
      ,0.983285275,0.98328552,1.,0.999999755,0.999999509,0.999999264
      ,0.983285275,0.98328552,1.,0.999999755,0.999999509,0.999999264
      ,0.983285275,0.98328552,1.,0.999999755,0.999999509,0.999999264
      ,0.983285275,0.98328552,1.,0.999999755,0.999999509,0.999999264
      ,0.983285275,0.98328552,1.,0.999999755,0.999999509,0.999999264
      ,0.983285275,0.98328552,1.,0.999999755,0.999999509,0.999999264
      ,0.983285275,0.98328552,1.,0.999999755,0.999999509,0.999999264
      ,0.983285275,0.98328552,1.,0.999999755,0.999999509,0.999999264
      ,0.983285275,0.98328552,1.,0.999999755,0.999999509,0.999999264
      ,0.983285275,0.98328552,1.,0.999999755,0.999999509,0.999999264
      ,0.983285275,0.98328552,1.,0.999999755,0.999999509,0.999999264
      ,0.983285275,0.98328552,1.,0.999999755,0.999999509,0.999999264
      ,0.983285275,0.98328552,1.,0.999999755,0.999999509,0.999999264
      ,0.983285275,0.98328552,1.,0.999999755,0.999999509,0.999999264
      ,0.983285275,0.98328552,1.,0.999999755,0.999999509,0.999999264
      ,0.983285275,0.98328552,1.,0.999999755,0.999999509,0.999999264
      ,0.983285275,0.98328552,1.,0.999999755,0.999999509,0.999999264
      ,0.983285275,0.98328552,1.,0.999999755,0.999999509,0.999999264
      ,0.983285275,0.98328552,1.,0.999999755,0.999999509,0.999999264
      ,0.983285275,0.98328552,1.,0.999999755,0.999999509,0.999999264
      ,0.983285275,0.98328552,1.,0.999999755,0.999999509,0.999999264
      ,0.983285275,0.98328552,1.,0.999999755,0.999999509,0.999999264
      ,0.983285275,0.98328552,1.,0.999999755,0.999999509,0.999999264
      ,0.983285275,0.98328552,1.,0.999999755,0.999999509,0.999999264
      ,0.983285275,0.98328552,1.,0.999999755,0.999999509,0.999999264
      ,0.983285275,0.98328552,1.,0.999999755,0.999999509,0.999999264
      ,0.983285275,0.98328552,1.,0.999999755,0.999999509,0.999999264
      ,0.983285275,0.98328552,1.,0.999999755,0.999999509,0.999999264
      ,0.983285275,0.98328552,1.,0.999999755,0.999999509,0.999999264
      ,0.983285275,0.98328552,1.,0.999999755,0.999999509,0.999999264
      ,0.983285275,0.98328552,1.,0.999999755,0.999999509,0.999999264
      ,0.985304426,0.98352939,0.994674156)
    ,(1.,0.983285275,0.983285275,1.,0.999999755,0.999999509,0.999999264
      ,0.983285275,0.98328552,1.,0.999999755,0.999999509,0.999999264
      ,0.983285275,0.98328552,1.,0.999999755,0.999999509,0.999999264
      ,0.983285275,0.98328552,1.,0.999999755,0.999999509,0.999999264
      ,0.983285275,0.98328552,1.,0.999999755,0.999999509,0.999999264
      ,0.983285275,0.98328552,1.,0.999999755,0.999999509,0.999999264
      ,0.983285275,0.98328552,1.,0.999999755,0.999999509,0.999999264
      ,0.983285275,0.98328552,1.,0.999999755,0.999999509,0.999999264
      ,0.983285275,0.98328552,1.,0.999999755,0.999999509,0.999999264
      ,0.983285275,0.98328552,1.,0.999999755,0.999999509,0.999999264
      ,0.983285275,0.98328552,1.,0.999999755,0.999999509,0.999999264
      ,0.983285275,0.98328552,1.,0.999999755,0.999999509,0.999999264
      ,0.983285275,0.98328552,1.,0.999999755,0.999999509,0.999999264
      ,0.983285275,0.98328552,1.,0.999999755,0.999999509,0.999999264
      ,0.983285275,0.98328552,1.,0.999999755,0.999999509,0.999999264
      ,0.983285275,0.98328552,1.,0.999999755,0.999999509,0.999999264
      ,0.983285275,0.98328552,1.,0.999999755,0.999999509,0.999999264
      ,0.983285275,0.98328552,1.,0.999999755,0.999999509,0.999999264
      ,0.983285275,0.98328552,1.,0.999999755,0.999999509,0.999999264
      ,0.983285275,0.98328552,1.,0.999999755,0.999999509,0.999999264
      ,0.983285275,0.98328552,1.,0.999999755,0.999999509,0.999999264
      ,0.983285275,0.98328552,1.,0.999999755,0.999999509,0.999999264
      ,0.983285275,0.98328552,1.,0.999999755,0.999999509,0.999999264
      ,0.983285275,0.98328552,1.,0.999999755,0.999999509,0.999999264
      ,0.983285275,0.98328552,1.,0.999999755,0.999999509,0.999999264
      ,0.983285275,0.98328552,1.,0.999999755,0.999999509,0.999999264
      ,0.983285275,0.98328552,1.,0.999999755,0.999999509,0.999999264
      ,0.983285275,0.98328552,1.,0.999999755,0.999999509,0.999999264
      ,0.983285275,0.98328552,1.,0.999999755,0.999999509,0.999999264
      ,0.983285275,0.98328552,1.,0.999999755,0.999999509,0.999999264
      ,0.983285275,0.98328552,1.,0.999999755,0.999999509,0.999999264
      ,0.983285275,0.98328552,1.,0.999999755,0.999999509,0.999999264
      ,0.983285275,0.98328552,1.,0.999999755,0.999999509,0.999999264
      ,0.983285275,0.98328552,1.,0.999999755,0.999999509,0.999999264
      ,0.983285275,0.98328552,1.,0.999999755,0.999999509,0.999999264
      ,0.983285275,0.98328552,1.,0.999999755,0.999999509,0.999999264
      ,0.983285275,0.98328552,1.,0.999999755,0.999999509,0.999999264
      ,0.983285275,0.98328552,1.,0.999999755,0.999999509,0.999999264
      ,0.983285275,0.98328552,1.,0.999999755,0.999999509,0.999999264
      ,0.983285275,0.98328552,1.,0.999999755,0.999999509,0.999999264
      ,0.983285275,0.98328552,1.,0.999999755,0.999999509,0.999999264
      ,0.983285275,0.98328552,1.,0.999999755,0.999999509,0.999999264
      ,0.983285275,0.98328552,1.,0.999999755,0.999999509,0.999999264
      ,0.983285275,0.98328552,1.,0.999999755,0.999999509,0.999999264
      ,0.983285275,0.98328552,1.,0.999999755,0.999999509,0.999999264
      ,0.983285275,0.98328552,1.,0.999999755,0.999999509,0.999999264
      ,0.983285275,0.98328552,1.,0.999999755,0.999999509,0.999999264
      ,0.983285275,0.98328552,1.,0.999999755,0.999999509,0.999999264
      ,0.983285275,0.98328552,1.,0.999999755,0.999999509,0.999999264
      ,0.983285275,0.98328552,1.,0.999999755,0.999999509,0.999999264
      ,0.983285275,0.98328552,1.,0.999999755,0.999999509,0.999999264
      ,0.983285275,0.98328552,1.,0.999999755,0.999999509,0.999999264
      ,0.983285275,0.98328552,1.,0.999999755,0.999999509,0.999999264
      ,0.983285275,0.98328552,1.,0.999999755,0.999999509,0.999999264
      ,0.983285275,0.98328552,1.,0.999999755,0.999999509,0.999999264
      ,0.983285275,0.98328552,1.,0.999999755,0.999999509,0.999999264
      ,0.983285275,0.98328552,1.,0.999999755,0.999999509,0.999999264
      ,0.983285275,0.98328552,1.,0.999999755,0.999999509,0.999999264
      ,0.983285275,0.98328552,1.,0.999999755,0.999999509,0.999999264
      ,0.983285275,0.98328552,1.,0.999999755,0.999999509,0.999999264
      ,0.983285275,0.98328552,1.,0.999999755,0.999999509,0.999999264
      ,0.983285275,0.98328552,1.,0.999999755,0.999999509,0.999999264
      ,0.983285275,0.98328552,1.,0.999999755,0.999999509,0.999999264
      ,0.983285275,0.98328552,1.,0.999999755,0.999999509,0.999999264
      ,0.983285275,0.98328552,1.,0.999999755,0.999999509,0.999999264
      ,0.983285275,0.98328552,1.,0.999999755,0.999999509,0.999999264
      ,0.983285275,0.98328552,1.,0.999999755,0.999999509,0.999999264
      ,0.983285275,0.98328552,1.,0.999999755,0.999999509,0.999999264
      ,0.983285275,0.98328552,1.,0.999999755,0.999999509,0.999999264
      ,0.983285275,0.98328552,1.,0.999999755,0.999999509,0.999999264
      ,0.983285275,0.98328552,1.,0.999999755,0.999999509,0.999999264
      ,0.983285275,0.98328552,1.,0.999999755,0.999999509,0.999999264
      ,0.983285275,0.98328552,1.,0.999999755,0.999999509,0.999999264
      ,0.983285275,0.98328552,1.,0.999999755,0.999999509,0.999999264
      ,0.983285275,0.98328552,1.,0.999999755,0.999999509,0.999999264
      ,0.983285275,0.98328552,1.,0.999999755,0.999999509,0.999999264
      ,0.983285275,0.98328552,1.,0.999999755,0.999999509,0.999999264
      ,0.983285275,0.98328552,1.,0.999999755,0.999999509,0.999999264
      ,0.983285275,0.98328552,1.,0.999999755,0.999999509,0.999999264
      ,0.983285275,0.98328552,1.,0.999999755,0.999999509,0.999999264
      ,0.983285275,0.98328552,1.,0.999999755,0.999999509,0.999999264
      ,0.983285275,0.98328552,1.,0.999999755,0.999999509,0.999999264
      ,0.983285275,0.98328552,1.,0.999999755,0.999999509,0.999999264
      ,0.983285275,0.98328552,1.,0.999999755,0.999999509,0.999999264
      ,0.983285275,0.98328552,1.,0.999999755,0.999999509,0.999999264
      ,0.983285275,0.98328552,1.,0.999999755,0.999999509,0.999999264
      ,0.983285275,0.98328552,1.,0.999999755,0.999999509,0.999999264
      ,0.983285275,0.98328552,1.,0.999999755,0.999999509,0.999999264
      ,0.983285275,0.98328552,1.,0.999999755,0.999999509,0.999999264
      ,0.983285275,0.98328552,1.,0.999999755,0.999999509,0.999999264
      ,0.983285275,0.98328552,1.,0.999999755,0.999999509,0.999999264
      ,0.983285275,0.98328552,1.,0.999999755,0.999999509,0.999999264
      ,0.983285275,0.98328552,1.,0.999999755,0.999999509,0.999999264
      ,0.983285275,0.98328552,1.,0.999999755,0.999999509,0.999999264
      ,0.983285275,0.98328552,1.,0.999999755,0.999999509,0.999999264
,0.985304426,0.98352939,0.994674156
  ))) REPRESENTATION_ITEM('') SURFACE() );
#2150 = CARTESIAN_POINT('',(295.1,210.,585.1));
#2151 = CARTESIAN_POINT('',(295.081041637,207.752051549,585.1));
#2152 = CARTESIAN_POINT('',(295.061595725,205.560463859,585.600215589));
#2153 = CARTESIAN_POINT('',(295.042637363,203.535132287,586.575563868));
#2154 = CARTESIAN_POINT('',(295.042637089,203.535103041,586.575577952));
#2155 = CARTESIAN_POINT('',(295.042636815,203.535073795,586.575592037));
#2156 = CARTESIAN_POINT('',(295.042636541,203.535044549,586.575606121));
#2157 = CARTESIAN_POINT('',(295.023678429,201.509749096,587.550953314));
#2158 = CARTESIAN_POINT('',(295.004232804,199.752262913,588.952511332));
#2159 = CARTESIAN_POINT('',(294.985274725,198.350710911,590.710001952));
#2160 = CARTESIAN_POINT('',(294.985274451,198.350690672,590.710027331));
#2161 = CARTESIAN_POINT('',(294.985274177,198.350670433,590.71005271));
#2162 = CARTESIAN_POINT('',(294.985273903,198.350650195,590.710078089));
#2163 = CARTESIAN_POINT('',(294.966315792,196.94910933,592.467578309));
#2164 = CARTESIAN_POINT('',(294.946870167,195.973782227,594.492883126));
#2165 = CARTESIAN_POINT('',(294.927912088,195.473574108,596.684438084));
#2166 = CARTESIAN_POINT('',(294.927911814,195.473566885,596.684469731));
#2167 = CARTESIAN_POINT('',(294.92791154,195.473559662,596.684501378));
#2168 = CARTESIAN_POINT('',(294.927911266,195.473552439,596.684533025));
#2169 = CARTESIAN_POINT('',(294.908953154,194.97335852,598.876091799));
#2170 = CARTESIAN_POINT('',(294.88950753,194.97336599,601.124006958));
#2171 = CARTESIAN_POINT('',(294.870549451,195.473574108,603.315561916));
#2172 = CARTESIAN_POINT('',(294.870549177,195.473581331,603.315593563));
#2173 = CARTESIAN_POINT('',(294.870548903,195.473588555,603.31562521));
#2174 = CARTESIAN_POINT('',(294.870548629,195.473595778,603.315656857));
#2175 = CARTESIAN_POINT('',(294.851590517,195.973818345,605.507209093));
#2176 = CARTESIAN_POINT('',(294.832144892,196.94915891,607.532507427));
#2177 = CARTESIAN_POINT('',(294.813186813,198.350710911,609.289998048));
#2178 = CARTESIAN_POINT('',(294.813186539,198.35073115,609.290023427));
#2179 = CARTESIAN_POINT('',(294.813186265,198.350751389,609.290048806));
#2180 = CARTESIAN_POINT('',(294.813185991,198.350771628,609.290074184));
#2181 = CARTESIAN_POINT('',(294.79422788,199.752335466,611.047556083));
#2182 = CARTESIAN_POINT('',(294.774782255,201.509830965,612.449102419));
#2183 = CARTESIAN_POINT('',(294.755824176,203.535132287,613.424436132));
#2184 = CARTESIAN_POINT('',(294.755823902,203.535161533,613.424450216));
#2185 = CARTESIAN_POINT('',(294.755823628,203.535190779,613.4244643));
#2186 = CARTESIAN_POINT('',(294.755823354,203.535220026,613.424478384));
#2187 = CARTESIAN_POINT('',(294.736865242,205.560528228,614.399799103));
#2188 = CARTESIAN_POINT('',(294.717419617,207.752085123,614.9));
#2189 = CARTESIAN_POINT('',(294.698461538,210.,614.9));
#2190 = CARTESIAN_POINT('',(294.698461264,210.000032461,614.9));
#2191 = CARTESIAN_POINT('',(294.69846099,210.000064922,614.9));
#2192 = CARTESIAN_POINT('',(294.698460716,210.000097382,614.899999999));
#2193 = CARTESIAN_POINT('',(294.679502605,212.248012821,614.899985308));
#2194 = CARTESIAN_POINT('',(294.66005698,214.43956639,614.399769844));
#2195 = CARTESIAN_POINT('',(294.641098901,216.464867713,613.424436132));
#2196 = CARTESIAN_POINT('',(294.641098627,216.464896959,613.424422048));
#2197 = CARTESIAN_POINT('',(294.641098353,216.464926205,613.424407963));
#2198 = CARTESIAN_POINT('',(294.641098079,216.464955451,613.424393879));
#2199 = CARTESIAN_POINT('',(294.622139967,218.490250904,612.449046686));
#2200 = CARTESIAN_POINT('',(294.602694343,220.247737087,611.047488668));
#2201 = CARTESIAN_POINT('',(294.583736264,221.649289089,609.289998048));
#2202 = CARTESIAN_POINT('',(294.58373599,221.649309328,609.289972669));
#2203 = CARTESIAN_POINT('',(294.583735716,221.649329567,609.28994729));
#2204 = CARTESIAN_POINT('',(294.583735442,221.649349805,609.289921911));
#2205 = CARTESIAN_POINT('',(294.56477733,223.05089067,607.532421691));
#2206 = CARTESIAN_POINT('',(294.545331705,224.026217773,605.507116874));
#2207 = CARTESIAN_POINT('',(294.526373626,224.526425892,603.315561916));
#2208 = CARTESIAN_POINT('',(294.526373352,224.526433115,603.315530269));
#2209 = CARTESIAN_POINT('',(294.526373078,224.526440338,603.315498622));
#2210 = CARTESIAN_POINT('',(294.526372804,224.526447561,603.315466975));
#2211 = CARTESIAN_POINT('',(294.507414693,225.02664148,601.123908201));
#2212 = CARTESIAN_POINT('',(294.487969068,225.02663401,598.875993042));
#2213 = CARTESIAN_POINT('',(294.469010989,224.526425892,596.684438084));
#2214 = CARTESIAN_POINT('',(294.469010715,224.526418669,596.684406437));
#2215 = CARTESIAN_POINT('',(294.469010441,224.526411445,596.68437479));
#2216 = CARTESIAN_POINT('',(294.469010167,224.526404222,596.684343143));
#2217 = CARTESIAN_POINT('',(294.450052055,224.026181655,594.492790907));
#2218 = CARTESIAN_POINT('',(294.430606431,223.05084109,592.467492573));
#2219 = CARTESIAN_POINT('',(294.411648352,221.649289089,590.710001952));
#2220 = CARTESIAN_POINT('',(294.411648078,221.64926885,590.709976573));
#2221 = CARTESIAN_POINT('',(294.411647804,221.649248611,590.709951194));
#2222 = CARTESIAN_POINT('',(294.41164753,221.649228372,590.709925816));
#2223 = CARTESIAN_POINT('',(294.392689418,220.247664534,588.952443917));
#2224 = CARTESIAN_POINT('',(294.373243793,218.490169035,587.550897581));
#2225 = CARTESIAN_POINT('',(294.354285714,216.464867713,586.575563868));
#2226 = CARTESIAN_POINT('',(294.35428544,216.464838467,586.575549784));
#2227 = CARTESIAN_POINT('',(294.354285166,216.464809221,586.5755357));
#2228 = CARTESIAN_POINT('',(294.354284892,216.464779974,586.575521616));
#2229 = CARTESIAN_POINT('',(294.335326781,214.439471772,585.600200897));
#2230 = CARTESIAN_POINT('',(294.315881156,212.247914877,585.1));
#2231 = CARTESIAN_POINT('',(294.296923077,210.,585.1));
#2232 = CARTESIAN_POINT('',(294.296922803,209.999967539,585.1));
#2233 = CARTESIAN_POINT('',(294.296922529,209.999935078,585.1));
#2234 = CARTESIAN_POINT('',(294.296922255,209.999902618,585.100000001));
#2235 = CARTESIAN_POINT('',(294.277964143,207.751987179,585.100014692));
#2236 = CARTESIAN_POINT('',(294.258518519,205.56043361,585.600230156));
#2237 = CARTESIAN_POINT('',(294.23956044,203.535132287,586.575563868));
#2238 = CARTESIAN_POINT('',(294.239560166,203.535103041,586.575577952));
#2239 = CARTESIAN_POINT('',(294.239559892,203.535073795,586.575592037));
#2240 = CARTESIAN_POINT('',(294.239559618,203.535044549,586.575606121));
#2241 = CARTESIAN_POINT('',(294.220601506,201.509749096,587.550953314));
#2242 = CARTESIAN_POINT('',(294.201155881,199.752262913,588.952511332));
#2243 = CARTESIAN_POINT('',(294.182197802,198.350710911,590.710001952));
#2244 = CARTESIAN_POINT('',(294.182197528,198.350690672,590.710027331));
#2245 = CARTESIAN_POINT('',(294.182197254,198.350670433,590.71005271));
#2246 = CARTESIAN_POINT('',(294.18219698,198.350650195,590.710078089));
#2247 = CARTESIAN_POINT('',(294.163238869,196.94910933,592.467578309));
#2248 = CARTESIAN_POINT('',(294.143793244,195.973782227,594.492883126));
#2249 = CARTESIAN_POINT('',(294.124835165,195.473574108,596.684438084));
#2250 = CARTESIAN_POINT('',(294.124834891,195.473566885,596.684469731));
#2251 = CARTESIAN_POINT('',(294.124834617,195.473559662,596.684501378));
#2252 = CARTESIAN_POINT('',(294.124834343,195.473552439,596.684533025));
#2253 = CARTESIAN_POINT('',(294.105876231,194.97335852,598.876091799));
#2254 = CARTESIAN_POINT('',(294.086430606,194.97336599,601.124006958));
#2255 = CARTESIAN_POINT('',(294.067472527,195.473574108,603.315561916));
#2256 = CARTESIAN_POINT('',(294.067472253,195.473581331,603.315593563));
#2257 = CARTESIAN_POINT('',(294.067471979,195.473588555,603.31562521));
#2258 = CARTESIAN_POINT('',(294.067471705,195.473595778,603.315656857));
#2259 = CARTESIAN_POINT('',(294.048513594,195.973818345,605.507209093));
#2260 = CARTESIAN_POINT('',(294.029067969,196.94915891,607.532507427));
#2261 = CARTESIAN_POINT('',(294.01010989,198.350710911,609.289998048));
#2262 = CARTESIAN_POINT('',(294.010109616,198.35073115,609.290023427));
#2263 = CARTESIAN_POINT('',(294.010109342,198.350751389,609.290048806));
#2264 = CARTESIAN_POINT('',(294.010109068,198.350771628,609.290074184));
#2265 = CARTESIAN_POINT('',(293.991150956,199.752335466,611.047556083));
#2266 = CARTESIAN_POINT('',(293.971705332,201.509830965,612.449102419));
#2267 = CARTESIAN_POINT('',(293.952747253,203.535132287,613.424436132));
#2268 = CARTESIAN_POINT('',(293.952746979,203.535161533,613.424450216));
#2269 = CARTESIAN_POINT('',(293.952746705,203.535190779,613.4244643));
#2270 = CARTESIAN_POINT('',(293.952746431,203.535220026,613.424478384));
#2271 = CARTESIAN_POINT('',(293.933788319,205.560528228,614.399799103));
#2272 = CARTESIAN_POINT('',(293.914342694,207.752085123,614.9));
#2273 = CARTESIAN_POINT('',(293.895384615,210.,614.9));
#2274 = CARTESIAN_POINT('',(293.895384341,210.000032461,614.9));
#2275 = CARTESIAN_POINT('',(293.895384067,210.000064922,614.9));
#2276 = CARTESIAN_POINT('',(293.895383793,210.000097382,614.899999999));
#2277 = CARTESIAN_POINT('',(293.876425682,212.248012821,614.899985308));
#2278 = CARTESIAN_POINT('',(293.856980057,214.43956639,614.399769844));
#2279 = CARTESIAN_POINT('',(293.838021978,216.464867713,613.424436132));
#2280 = CARTESIAN_POINT('',(293.838021704,216.464896959,613.424422048));
#2281 = CARTESIAN_POINT('',(293.83802143,216.464926205,613.424407963));
#2282 = CARTESIAN_POINT('',(293.838021156,216.464955451,613.424393879));
#2283 = CARTESIAN_POINT('',(293.819063044,218.490250904,612.449046686));
#2284 = CARTESIAN_POINT('',(293.79961742,220.247737087,611.047488668));
#2285 = CARTESIAN_POINT('',(293.780659341,221.649289089,609.289998048));
#2286 = CARTESIAN_POINT('',(293.780659067,221.649309328,609.289972669));
#2287 = CARTESIAN_POINT('',(293.780658793,221.649329567,609.28994729));
#2288 = CARTESIAN_POINT('',(293.780658519,221.649349805,609.289921911));
#2289 = CARTESIAN_POINT('',(293.761700407,223.05089067,607.532421691));
#2290 = CARTESIAN_POINT('',(293.742254782,224.026217773,605.507116874));
#2291 = CARTESIAN_POINT('',(293.723296703,224.526425892,603.315561916));
#2292 = CARTESIAN_POINT('',(293.723296429,224.526433115,603.315530269));
#2293 = CARTESIAN_POINT('',(293.723296155,224.526440338,603.315498622));
#2294 = CARTESIAN_POINT('',(293.723295881,224.526447561,603.315466975));
#2295 = CARTESIAN_POINT('',(293.70433777,225.02664148,601.123908201));
#2296 = CARTESIAN_POINT('',(293.684892145,225.02663401,598.875993042));
#2297 = CARTESIAN_POINT('',(293.665934066,224.526425892,596.684438084));
#2298 = CARTESIAN_POINT('',(293.665933792,224.526418669,596.684406437));
#2299 = CARTESIAN_POINT('',(293.665933518,224.526411445,596.68437479));
#2300 = CARTESIAN_POINT('',(293.665933244,224.526404222,596.684343143));
#2301 = CARTESIAN_POINT('',(293.646975132,224.026181655,594.492790907));
#2302 = CARTESIAN_POINT('',(293.627529508,223.05084109,592.467492573));
#2303 = CARTESIAN_POINT('',(293.608571429,221.649289089,590.710001952));
#2304 = CARTESIAN_POINT('',(293.608571155,221.64926885,590.709976573));
#2305 = CARTESIAN_POINT('',(293.608570881,221.649248611,590.709951194));
#2306 = CARTESIAN_POINT('',(293.608570607,221.649228372,590.709925816));
#2307 = CARTESIAN_POINT('',(293.589612495,220.247664534,588.952443917));
#2308 = CARTESIAN_POINT('',(293.57016687,218.490169035,587.550897581));
#2309 = CARTESIAN_POINT('',(293.551208791,216.464867713,586.575563868));
#2310 = CARTESIAN_POINT('',(293.551208517,216.464838467,586.575549784));
#2311 = CARTESIAN_POINT('',(293.551208243,216.464809221,586.5755357));
#2312 = CARTESIAN_POINT('',(293.551207969,216.464779974,586.575521616));
#2313 = CARTESIAN_POINT('',(293.532249858,214.439471772,585.600200897));
#2314 = CARTESIAN_POINT('',(293.512804233,212.247914877,585.1));
#2315 = CARTESIAN_POINT('',(293.493846154,210.,585.1));
#2316 = CARTESIAN_POINT('',(293.49384588,209.999967539,585.1));
#2317 = CARTESIAN_POINT('',(293.493845606,209.999935078,585.1));
#2318 = CARTESIAN_POINT('',(293.493845332,209.999902618,585.100000001));
#2319 = CARTESIAN_POINT('',(293.47488722,207.751987179,585.100014692));
#2320 = CARTESIAN_POINT('',(293.455441595,205.56043361,585.600230156));
#2321 = CARTESIAN_POINT('',(293.436483516,203.535132287,586.575563868));
#2322 = CARTESIAN_POINT('',(293.436483242,203.535103041,586.575577952));
#2323 = CARTESIAN_POINT('',(293.436482968,203.535073795,586.575592037));
#2324 = CARTESIAN_POINT('',(293.436482694,203.535044549,586.575606121));
#2325 = CARTESIAN_POINT('',(293.417524583,201.509749096,587.550953314));
#2326 = CARTESIAN_POINT('',(293.398078958,199.752262913,588.952511332));
#2327 = CARTESIAN_POINT('',(293.379120879,198.350710911,590.710001952));
#2328 = CARTESIAN_POINT('',(293.379120605,198.350690672,590.710027331));
#2329 = CARTESIAN_POINT('',(293.379120331,198.350670433,590.71005271));
#2330 = CARTESIAN_POINT('',(293.379120057,198.350650195,590.710078089));
#2331 = CARTESIAN_POINT('',(293.360161945,196.94910933,592.467578309));
#2332 = CARTESIAN_POINT('',(293.340716321,195.973782227,594.492883126));
#2333 = CARTESIAN_POINT('',(293.321758242,195.473574108,596.684438084));
#2334 = CARTESIAN_POINT('',(293.321757968,195.473566885,596.684469731));
#2335 = CARTESIAN_POINT('',(293.321757694,195.473559662,596.684501378));
#2336 = CARTESIAN_POINT('',(293.32175742,195.473552439,596.684533025));
#2337 = CARTESIAN_POINT('',(293.302799308,194.97335852,598.876091799));
#2338 = CARTESIAN_POINT('',(293.283353683,194.97336599,601.124006958));
#2339 = CARTESIAN_POINT('',(293.264395604,195.473574108,603.315561916));
#2340 = CARTESIAN_POINT('',(293.26439533,195.473581331,603.315593563));
#2341 = CARTESIAN_POINT('',(293.264395056,195.473588555,603.31562521));
#2342 = CARTESIAN_POINT('',(293.264394782,195.473595778,603.315656857));
#2343 = CARTESIAN_POINT('',(293.245436671,195.973818345,605.507209093));
#2344 = CARTESIAN_POINT('',(293.225991046,196.94915891,607.532507427));
#2345 = CARTESIAN_POINT('',(293.207032967,198.350710911,609.289998048));
#2346 = CARTESIAN_POINT('',(293.207032693,198.35073115,609.290023427));
#2347 = CARTESIAN_POINT('',(293.207032419,198.350751389,609.290048806));
#2348 = CARTESIAN_POINT('',(293.207032145,198.350771628,609.290074184));
#2349 = CARTESIAN_POINT('',(293.188074033,199.752335466,611.047556083));
#2350 = CARTESIAN_POINT('',(293.168628409,201.509830965,612.449102419));
#2351 = CARTESIAN_POINT('',(293.14967033,203.535132287,613.424436132));
#2352 = CARTESIAN_POINT('',(293.149670056,203.535161533,613.424450216));
#2353 = CARTESIAN_POINT('',(293.149669782,203.535190779,613.4244643));
#2354 = CARTESIAN_POINT('',(293.149669508,203.535220026,613.424478384));
#2355 = CARTESIAN_POINT('',(293.130711396,205.560528228,614.399799103));
#2356 = CARTESIAN_POINT('',(293.111265771,207.752085123,614.9));
#2357 = CARTESIAN_POINT('',(293.092307692,210.,614.9));
#2358 = CARTESIAN_POINT('',(293.092307418,210.000032461,614.9));
#2359 = CARTESIAN_POINT('',(293.092307144,210.000064922,614.9));
#2360 = CARTESIAN_POINT('',(293.09230687,210.000097382,614.899999999));
#2361 = CARTESIAN_POINT('',(293.073348759,212.248012821,614.899985308));
#2362 = CARTESIAN_POINT('',(293.053903134,214.43956639,614.399769844));
#2363 = CARTESIAN_POINT('',(293.034945055,216.464867713,613.424436132));
#2364 = CARTESIAN_POINT('',(293.034944781,216.464896959,613.424422048));
#2365 = CARTESIAN_POINT('',(293.034944507,216.464926205,613.424407963));
#2366 = CARTESIAN_POINT('',(293.034944233,216.464955451,613.424393879));
#2367 = CARTESIAN_POINT('',(293.015986121,218.490250904,612.449046686));
#2368 = CARTESIAN_POINT('',(292.996540497,220.247737087,611.047488668));
#2369 = CARTESIAN_POINT('',(292.977582418,221.649289089,609.289998048));
#2370 = CARTESIAN_POINT('',(292.977582144,221.649309328,609.289972669));
#2371 = CARTESIAN_POINT('',(292.97758187,221.649329567,609.28994729));
#2372 = CARTESIAN_POINT('',(292.977581596,221.649349805,609.289921911));
#2373 = CARTESIAN_POINT('',(292.958623484,223.05089067,607.532421691));
#2374 = CARTESIAN_POINT('',(292.939177859,224.026217773,605.507116874));
#2375 = CARTESIAN_POINT('',(292.92021978,224.526425892,603.315561916));
#2376 = CARTESIAN_POINT('',(292.920219506,224.526433115,603.315530269));
#2377 = CARTESIAN_POINT('',(292.920219232,224.526440338,603.315498622));
#2378 = CARTESIAN_POINT('',(292.920218958,224.526447561,603.315466975));
#2379 = CARTESIAN_POINT('',(292.901260847,225.02664148,601.123908201));
#2380 = CARTESIAN_POINT('',(292.881815222,225.02663401,598.875993042));
#2381 = CARTESIAN_POINT('',(292.862857143,224.526425892,596.684438084));
#2382 = CARTESIAN_POINT('',(292.862856869,224.526418669,596.684406437));
#2383 = CARTESIAN_POINT('',(292.862856595,224.526411445,596.68437479));
#2384 = CARTESIAN_POINT('',(292.862856321,224.526404222,596.684343143));
#2385 = CARTESIAN_POINT('',(292.843898209,224.026181655,594.492790907));
#2386 = CARTESIAN_POINT('',(292.824452584,223.05084109,592.467492573));
#2387 = CARTESIAN_POINT('',(292.805494505,221.649289089,590.710001952));
#2388 = CARTESIAN_POINT('',(292.805494231,221.64926885,590.709976573));
#2389 = CARTESIAN_POINT('',(292.805493957,221.649248611,590.709951194));
#2390 = CARTESIAN_POINT('',(292.805493683,221.649228372,590.709925816));
#2391 = CARTESIAN_POINT('',(292.786535572,220.247664534,588.952443917));
#2392 = CARTESIAN_POINT('',(292.767089947,218.490169035,587.550897581));
#2393 = CARTESIAN_POINT('',(292.748131868,216.464867713,586.575563868));
#2394 = CARTESIAN_POINT('',(292.748131594,216.464838467,586.575549784));
#2395 = CARTESIAN_POINT('',(292.74813132,216.464809221,586.5755357));
#2396 = CARTESIAN_POINT('',(292.748131046,216.464779974,586.575521616));
#2397 = CARTESIAN_POINT('',(292.729172934,214.439471772,585.600200897));
#2398 = CARTESIAN_POINT('',(292.70972731,212.247914877,585.1));
#2399 = CARTESIAN_POINT('',(292.690769231,210.,585.1));
#2400 = CARTESIAN_POINT('',(292.690768957,209.999967539,585.1));
#2401 = CARTESIAN_POINT('',(292.690768683,209.999935078,585.1));
#2402 = CARTESIAN_POINT('',(292.690768409,209.999902618,585.100000001));
#2403 = CARTESIAN_POINT('',(292.671810297,207.751987179,585.100014692));
#2404 = CARTESIAN_POINT('',(292.652364672,205.56043361,585.600230156));
#2405 = CARTESIAN_POINT('',(292.633406593,203.535132287,586.575563868));
#2406 = CARTESIAN_POINT('',(292.633406319,203.535103041,586.575577952));
#2407 = CARTESIAN_POINT('',(292.633406045,203.535073795,586.575592037));
#2408 = CARTESIAN_POINT('',(292.633405771,203.535044549,586.575606121));
#2409 = CARTESIAN_POINT('',(292.61444766,201.509749096,587.550953314));
#2410 = CARTESIAN_POINT('',(292.595002035,199.752262913,588.952511332));
#2411 = CARTESIAN_POINT('',(292.576043956,198.350710911,590.710001952));
#2412 = CARTESIAN_POINT('',(292.576043682,198.350690672,590.710027331));
#2413 = CARTESIAN_POINT('',(292.576043408,198.350670433,590.71005271));
#2414 = CARTESIAN_POINT('',(292.576043134,198.350650195,590.710078089));
#2415 = CARTESIAN_POINT('',(292.557085022,196.94910933,592.467578309));
#2416 = CARTESIAN_POINT('',(292.537639398,195.973782227,594.492883126));
#2417 = CARTESIAN_POINT('',(292.518681319,195.473574108,596.684438084));
#2418 = CARTESIAN_POINT('',(292.518681045,195.473566885,596.684469731));
#2419 = CARTESIAN_POINT('',(292.518680771,195.473559662,596.684501378));
#2420 = CARTESIAN_POINT('',(292.518680497,195.473552439,596.684533025));
#2421 = CARTESIAN_POINT('',(292.499722385,194.97335852,598.876091799));
#2422 = CARTESIAN_POINT('',(292.48027676,194.97336599,601.124006958));
#2423 = CARTESIAN_POINT('',(292.461318681,195.473574108,603.315561916));
#2424 = CARTESIAN_POINT('',(292.461318407,195.473581331,603.315593563));
#2425 = CARTESIAN_POINT('',(292.461318133,195.473588555,603.31562521));
#2426 = CARTESIAN_POINT('',(292.461317859,195.473595778,603.315656857));
#2427 = CARTESIAN_POINT('',(292.442359748,195.973818345,605.507209093));
#2428 = CARTESIAN_POINT('',(292.422914123,196.94915891,607.532507427));
#2429 = CARTESIAN_POINT('',(292.403956044,198.350710911,609.289998048));
#2430 = CARTESIAN_POINT('',(292.40395577,198.35073115,609.290023427));
#2431 = CARTESIAN_POINT('',(292.403955496,198.350751389,609.290048806));
#2432 = CARTESIAN_POINT('',(292.403955222,198.350771628,609.290074184));
#2433 = CARTESIAN_POINT('',(292.38499711,199.752335466,611.047556083));
#2434 = CARTESIAN_POINT('',(292.365551486,201.509830965,612.449102419));
#2435 = CARTESIAN_POINT('',(292.346593407,203.535132287,613.424436132));
#2436 = CARTESIAN_POINT('',(292.346593133,203.535161533,613.424450216));
#2437 = CARTESIAN_POINT('',(292.346592859,203.535190779,613.4244643));
#2438 = CARTESIAN_POINT('',(292.346592585,203.535220026,613.424478384));
#2439 = CARTESIAN_POINT('',(292.327634473,205.560528228,614.399799103));
#2440 = CARTESIAN_POINT('',(292.308188848,207.752085123,614.9));
#2441 = CARTESIAN_POINT('',(292.289230769,210.,614.9));
#2442 = CARTESIAN_POINT('',(292.289230495,210.000032461,614.9));
#2443 = CARTESIAN_POINT('',(292.289230221,210.000064922,614.9));
#2444 = CARTESIAN_POINT('',(292.289229947,210.000097382,614.899999999));
#2445 = CARTESIAN_POINT('',(292.270271836,212.248012821,614.899985308));
#2446 = CARTESIAN_POINT('',(292.250826211,214.43956639,614.399769844));
#2447 = CARTESIAN_POINT('',(292.231868132,216.464867713,613.424436132));
#2448 = CARTESIAN_POINT('',(292.231867858,216.464896959,613.424422048));
#2449 = CARTESIAN_POINT('',(292.231867584,216.464926205,613.424407963));
#2450 = CARTESIAN_POINT('',(292.23186731,216.464955451,613.424393879));
#2451 = CARTESIAN_POINT('',(292.212909198,218.490250904,612.449046686));
#2452 = CARTESIAN_POINT('',(292.193463574,220.247737087,611.047488668));
#2453 = CARTESIAN_POINT('',(292.174505495,221.649289089,609.289998048));
#2454 = CARTESIAN_POINT('',(292.174505221,221.649309328,609.289972669));
#2455 = CARTESIAN_POINT('',(292.174504947,221.649329567,609.28994729));
#2456 = CARTESIAN_POINT('',(292.174504673,221.649349805,609.289921911));
#2457 = CARTESIAN_POINT('',(292.155546561,223.05089067,607.532421691));
#2458 = CARTESIAN_POINT('',(292.136100936,224.026217773,605.507116874));
#2459 = CARTESIAN_POINT('',(292.117142857,224.526425892,603.315561916));
#2460 = CARTESIAN_POINT('',(292.117142583,224.526433115,603.315530269));
#2461 = CARTESIAN_POINT('',(292.117142309,224.526440338,603.315498622));
#2462 = CARTESIAN_POINT('',(292.117142035,224.526447561,603.315466975));
#2463 = CARTESIAN_POINT('',(292.098183923,225.02664148,601.123908201));
#2464 = CARTESIAN_POINT('',(292.078738299,225.02663401,598.875993042));
#2465 = CARTESIAN_POINT('',(292.05978022,224.526425892,596.684438084));
#2466 = CARTESIAN_POINT('',(292.059779946,224.526418669,596.684406437));
#2467 = CARTESIAN_POINT('',(292.059779672,224.526411445,596.68437479));
#2468 = CARTESIAN_POINT('',(292.059779398,224.526404222,596.684343143));
#2469 = CARTESIAN_POINT('',(292.040821286,224.026181655,594.492790907));
#2470 = CARTESIAN_POINT('',(292.021375661,223.05084109,592.467492573));
#2471 = CARTESIAN_POINT('',(292.002417582,221.649289089,590.710001952));
#2472 = CARTESIAN_POINT('',(292.002417308,221.64926885,590.709976573));
#2473 = CARTESIAN_POINT('',(292.002417034,221.649248611,590.709951194));
#2474 = CARTESIAN_POINT('',(292.00241676,221.649228372,590.709925816));
#2475 = CARTESIAN_POINT('',(291.983458649,220.247664534,588.952443917));
#2476 = CARTESIAN_POINT('',(291.964013024,218.490169035,587.550897581));
#2477 = CARTESIAN_POINT('',(291.945054945,216.464867713,586.575563868));
#2478 = CARTESIAN_POINT('',(291.945054671,216.464838467,586.575549784));
#2479 = CARTESIAN_POINT('',(291.945054397,216.464809221,586.5755357));
#2480 = CARTESIAN_POINT('',(291.945054123,216.464779974,586.575521616));
#2481 = CARTESIAN_POINT('',(291.926096011,214.439471772,585.600200897));
#2482 = CARTESIAN_POINT('',(291.906650387,212.247914877,585.1));
#2483 = CARTESIAN_POINT('',(291.887692308,210.,585.1));
#2484 = CARTESIAN_POINT('',(291.887692034,209.999967539,585.1));
#2485 = CARTESIAN_POINT('',(291.88769176,209.999935078,585.1));
#2486 = CARTESIAN_POINT('',(291.887691486,209.999902618,585.100000001));
#2487 = CARTESIAN_POINT('',(291.868733374,207.751987179,585.100014692));
#2488 = CARTESIAN_POINT('',(291.849287749,205.56043361,585.600230156));
#2489 = CARTESIAN_POINT('',(291.83032967,203.535132287,586.575563868));
#2490 = CARTESIAN_POINT('',(291.830329396,203.535103041,586.575577952));
#2491 = CARTESIAN_POINT('',(291.830329122,203.535073795,586.575592037));
#2492 = CARTESIAN_POINT('',(291.830328848,203.535044549,586.575606121));
#2493 = CARTESIAN_POINT('',(291.811370737,201.509749096,587.550953314));
#2494 = CARTESIAN_POINT('',(291.791925112,199.752262913,588.952511332));
#2495 = CARTESIAN_POINT('',(291.772967033,198.350710911,590.710001952));
#2496 = CARTESIAN_POINT('',(291.772966759,198.350690672,590.710027331));
#2497 = CARTESIAN_POINT('',(291.772966485,198.350670433,590.71005271));
#2498 = CARTESIAN_POINT('',(291.772966211,198.350650195,590.710078089));
#2499 = CARTESIAN_POINT('',(291.754008099,196.94910933,592.467578309));
#2500 = CARTESIAN_POINT('',(291.734562475,195.973782227,594.492883126));
#2501 = CARTESIAN_POINT('',(291.715604396,195.473574108,596.684438084));
#2502 = CARTESIAN_POINT('',(291.715604122,195.473566885,596.684469731));
#2503 = CARTESIAN_POINT('',(291.715603848,195.473559662,596.684501378));
#2504 = CARTESIAN_POINT('',(291.715603574,195.473552439,596.684533025));
#2505 = CARTESIAN_POINT('',(291.696645462,194.97335852,598.876091799));
#2506 = CARTESIAN_POINT('',(291.677199837,194.97336599,601.124006958));
#2507 = CARTESIAN_POINT('',(291.658241758,195.473574108,603.315561916));
#2508 = CARTESIAN_POINT('',(291.658241484,195.473581331,603.315593563));
#2509 = CARTESIAN_POINT('',(291.65824121,195.473588555,603.31562521));
#2510 = CARTESIAN_POINT('',(291.658240936,195.473595778,603.315656857));
#2511 = CARTESIAN_POINT('',(291.639282825,195.973818345,605.507209093));
#2512 = CARTESIAN_POINT('',(291.6198372,196.94915891,607.532507427));
#2513 = CARTESIAN_POINT('',(291.600879121,198.350710911,609.289998048));
#2514 = CARTESIAN_POINT('',(291.600878847,198.35073115,609.290023427));
#2515 = CARTESIAN_POINT('',(291.600878573,198.350751389,609.290048806));
#2516 = CARTESIAN_POINT('',(291.600878299,198.350771628,609.290074184));
#2517 = CARTESIAN_POINT('',(291.581920187,199.752335466,611.047556083));
#2518 = CARTESIAN_POINT('',(291.562474563,201.509830965,612.449102419));
#2519 = CARTESIAN_POINT('',(291.543516484,203.535132287,613.424436132));
#2520 = CARTESIAN_POINT('',(291.54351621,203.535161533,613.424450216));
#2521 = CARTESIAN_POINT('',(291.543515936,203.535190779,613.4244643));
#2522 = CARTESIAN_POINT('',(291.543515662,203.535220026,613.424478384));
#2523 = CARTESIAN_POINT('',(291.52455755,205.560528228,614.399799103));
#2524 = CARTESIAN_POINT('',(291.505111925,207.752085123,614.9));
#2525 = CARTESIAN_POINT('',(291.486153846,210.,614.9));
#2526 = CARTESIAN_POINT('',(291.486153572,210.000032461,614.9));
#2527 = CARTESIAN_POINT('',(291.486153298,210.000064922,614.9));
#2528 = CARTESIAN_POINT('',(291.486153024,210.000097382,614.899999999));
#2529 = CARTESIAN_POINT('',(291.467194912,212.248012821,614.899985308));
#2530 = CARTESIAN_POINT('',(291.447749288,214.43956639,614.399769844));
#2531 = CARTESIAN_POINT('',(291.428791209,216.464867713,613.424436132));
#2532 = CARTESIAN_POINT('',(291.428790935,216.464896959,613.424422048));
#2533 = CARTESIAN_POINT('',(291.428790661,216.464926205,613.424407963));
#2534 = CARTESIAN_POINT('',(291.428790387,216.464955451,613.424393879));
#2535 = CARTESIAN_POINT('',(291.409832275,218.490250904,612.449046686));
#2536 = CARTESIAN_POINT('',(291.39038665,220.247737087,611.047488668));
#2537 = CARTESIAN_POINT('',(291.371428571,221.649289089,609.289998048));
#2538 = CARTESIAN_POINT('',(291.371428297,221.649309328,609.289972669));
#2539 = CARTESIAN_POINT('',(291.371428023,221.649329567,609.28994729));
#2540 = CARTESIAN_POINT('',(291.371427749,221.649349805,609.289921911));
#2541 = CARTESIAN_POINT('',(291.352469638,223.05089067,607.532421691));
#2542 = CARTESIAN_POINT('',(291.333024013,224.026217773,605.507116874));
#2543 = CARTESIAN_POINT('',(291.314065934,224.526425892,603.315561916));
#2544 = CARTESIAN_POINT('',(291.31406566,224.526433115,603.315530269));
#2545 = CARTESIAN_POINT('',(291.314065386,224.526440338,603.315498622));
#2546 = CARTESIAN_POINT('',(291.314065112,224.526447561,603.315466975));
#2547 = CARTESIAN_POINT('',(291.295107,225.02664148,601.123908201));
#2548 = CARTESIAN_POINT('',(291.275661376,225.02663401,598.875993042));
#2549 = CARTESIAN_POINT('',(291.256703297,224.526425892,596.684438084));
#2550 = CARTESIAN_POINT('',(291.256703023,224.526418669,596.684406437));
#2551 = CARTESIAN_POINT('',(291.256702749,224.526411445,596.68437479));
#2552 = CARTESIAN_POINT('',(291.256702475,224.526404222,596.684343143));
#2553 = CARTESIAN_POINT('',(291.237744363,224.026181655,594.492790907));
#2554 = CARTESIAN_POINT('',(291.218298738,223.05084109,592.467492573));
#2555 = CARTESIAN_POINT('',(291.199340659,221.649289089,590.710001952));
#2556 = CARTESIAN_POINT('',(291.199340385,221.64926885,590.709976573));
#2557 = CARTESIAN_POINT('',(291.199340111,221.649248611,590.709951194));
#2558 = CARTESIAN_POINT('',(291.199339837,221.649228372,590.709925816));
#2559 = CARTESIAN_POINT('',(291.180381726,220.247664534,588.952443917));
#2560 = CARTESIAN_POINT('',(291.160936101,218.490169035,587.550897581));
#2561 = CARTESIAN_POINT('',(291.141978022,216.464867713,586.575563868));
#2562 = CARTESIAN_POINT('',(291.141977748,216.464838467,586.575549784));
#2563 = CARTESIAN_POINT('',(291.141977474,216.464809221,586.5755357));
#2564 = CARTESIAN_POINT('',(291.1419772,216.464779974,586.575521616));
#2565 = CARTESIAN_POINT('',(291.123019088,214.439471772,585.600200897));
#2566 = CARTESIAN_POINT('',(291.103573464,212.247914877,585.1));
#2567 = CARTESIAN_POINT('',(291.084615385,210.,585.1));
#2568 = CARTESIAN_POINT('',(291.084615111,209.999967539,585.1));
#2569 = CARTESIAN_POINT('',(291.084614837,209.999935078,585.1));
#2570 = CARTESIAN_POINT('',(291.084614563,209.999902618,585.100000001));
#2571 = CARTESIAN_POINT('',(291.065656451,207.751987179,585.100014692));
#2572 = CARTESIAN_POINT('',(291.046210826,205.56043361,585.600230156));
#2573 = CARTESIAN_POINT('',(291.027252747,203.535132287,586.575563868));
#2574 = CARTESIAN_POINT('',(291.027252473,203.535103041,586.575577952));
#2575 = CARTESIAN_POINT('',(291.027252199,203.535073795,586.575592037));
#2576 = CARTESIAN_POINT('',(291.027251925,203.535044549,586.575606121));
#2577 = CARTESIAN_POINT('',(291.008293814,201.509749096,587.550953314));
#2578 = CARTESIAN_POINT('',(290.988848189,199.752262913,588.952511332));
#2579 = CARTESIAN_POINT('',(290.96989011,198.350710911,590.710001952));
#2580 = CARTESIAN_POINT('',(290.969889836,198.350690672,590.710027331));
#2581 = CARTESIAN_POINT('',(290.969889562,198.350670433,590.71005271));
#2582 = CARTESIAN_POINT('',(290.969889288,198.350650195,590.710078089));
#2583 = CARTESIAN_POINT('',(290.950931176,196.94910933,592.467578309));
#2584 = CARTESIAN_POINT('',(290.931485552,195.973782227,594.492883126));
#2585 = CARTESIAN_POINT('',(290.912527473,195.473574108,596.684438084));
#2586 = CARTESIAN_POINT('',(290.912527199,195.473566885,596.684469731));
#2587 = CARTESIAN_POINT('',(290.912526925,195.473559662,596.684501378));
#2588 = CARTESIAN_POINT('',(290.912526651,195.473552439,596.684533025));
#2589 = CARTESIAN_POINT('',(290.893568539,194.97335852,598.876091799));
#2590 = CARTESIAN_POINT('',(290.874122914,194.97336599,601.124006958));
#2591 = CARTESIAN_POINT('',(290.855164835,195.473574108,603.315561916));
#2592 = CARTESIAN_POINT('',(290.855164561,195.473581331,603.315593563));
#2593 = CARTESIAN_POINT('',(290.855164287,195.473588555,603.31562521));
#2594 = CARTESIAN_POINT('',(290.855164013,195.473595778,603.315656857));
#2595 = CARTESIAN_POINT('',(290.836205901,195.973818345,605.507209093));
#2596 = CARTESIAN_POINT('',(290.816760277,196.94915891,607.532507427));
#2597 = CARTESIAN_POINT('',(290.797802198,198.350710911,609.289998048));
#2598 = CARTESIAN_POINT('',(290.797801924,198.35073115,609.290023427));
#2599 = CARTESIAN_POINT('',(290.79780165,198.350751389,609.290048806));
#2600 = CARTESIAN_POINT('',(290.797801376,198.350771628,609.290074184));
#2601 = CARTESIAN_POINT('',(290.778843264,199.752335466,611.047556083));
#2602 = CARTESIAN_POINT('',(290.759397639,201.509830965,612.449102419));
#2603 = CARTESIAN_POINT('',(290.74043956,203.535132287,613.424436132));
#2604 = CARTESIAN_POINT('',(290.740439286,203.535161533,613.424450216));
#2605 = CARTESIAN_POINT('',(290.740439012,203.535190779,613.4244643));
#2606 = CARTESIAN_POINT('',(290.740438738,203.535220026,613.424478384));
#2607 = CARTESIAN_POINT('',(290.721480627,205.560528228,614.399799103));
#2608 = CARTESIAN_POINT('',(290.702035002,207.752085123,614.9));
#2609 = CARTESIAN_POINT('',(290.683076923,210.,614.9));
#2610 = CARTESIAN_POINT('',(290.683076649,210.000032461,614.9));
#2611 = CARTESIAN_POINT('',(290.683076375,210.000064922,614.9));
#2612 = CARTESIAN_POINT('',(290.683076101,210.000097382,614.899999999));
#2613 = CARTESIAN_POINT('',(290.664117989,212.248012821,614.899985308));
#2614 = CARTESIAN_POINT('',(290.644672365,214.43956639,614.399769844));
#2615 = CARTESIAN_POINT('',(290.625714286,216.464867713,613.424436132));
#2616 = CARTESIAN_POINT('',(290.625714012,216.464896959,613.424422048));
#2617 = CARTESIAN_POINT('',(290.625713738,216.464926205,613.424407963));
#2618 = CARTESIAN_POINT('',(290.625713464,216.464955451,613.424393879));
#2619 = CARTESIAN_POINT('',(290.606755352,218.490250904,612.449046686));
#2620 = CARTESIAN_POINT('',(290.587309727,220.247737087,611.047488668));
#2621 = CARTESIAN_POINT('',(290.568351648,221.649289089,609.289998048));
#2622 = CARTESIAN_POINT('',(290.568351374,221.649309328,609.289972669));
#2623 = CARTESIAN_POINT('',(290.5683511,221.649329567,609.28994729));
#2624 = CARTESIAN_POINT('',(290.568350826,221.649349805,609.289921911));
#2625 = CARTESIAN_POINT('',(290.549392715,223.05089067,607.532421691));
#2626 = CARTESIAN_POINT('',(290.52994709,224.026217773,605.507116874));
#2627 = CARTESIAN_POINT('',(290.510989011,224.526425892,603.315561916));
#2628 = CARTESIAN_POINT('',(290.510988737,224.526433115,603.315530269));
#2629 = CARTESIAN_POINT('',(290.510988463,224.526440338,603.315498622));
#2630 = CARTESIAN_POINT('',(290.510988189,224.526447561,603.315466975));
#2631 = CARTESIAN_POINT('',(290.492030077,225.02664148,601.123908201));
#2632 = CARTESIAN_POINT('',(290.472584453,225.02663401,598.875993042));
#2633 = CARTESIAN_POINT('',(290.453626374,224.526425892,596.684438084));
#2634 = CARTESIAN_POINT('',(290.4536261,224.526418669,596.684406437));
#2635 = CARTESIAN_POINT('',(290.453625826,224.526411445,596.68437479));
#2636 = CARTESIAN_POINT('',(290.453625552,224.526404222,596.684343143));
#2637 = CARTESIAN_POINT('',(290.43466744,224.026181655,594.492790907));
#2638 = CARTESIAN_POINT('',(290.415221815,223.05084109,592.467492573));
#2639 = CARTESIAN_POINT('',(290.396263736,221.649289089,590.710001952));
#2640 = CARTESIAN_POINT('',(290.396263462,221.64926885,590.709976573));
#2641 = CARTESIAN_POINT('',(290.396263188,221.649248611,590.709951194));
#2642 = CARTESIAN_POINT('',(290.396262914,221.649228372,590.709925816));
#2643 = CARTESIAN_POINT('',(290.377304803,220.247664534,588.952443917));
#2644 = CARTESIAN_POINT('',(290.357859178,218.490169035,587.550897581));
#2645 = CARTESIAN_POINT('',(290.338901099,216.464867713,586.575563868));
#2646 = CARTESIAN_POINT('',(290.338900825,216.464838467,586.575549784));
#2647 = CARTESIAN_POINT('',(290.338900551,216.464809221,586.5755357));
#2648 = CARTESIAN_POINT('',(290.338900277,216.464779974,586.575521616));
#2649 = CARTESIAN_POINT('',(290.319942165,214.439471772,585.600200897));
#2650 = CARTESIAN_POINT('',(290.300496541,212.247914877,585.1));
#2651 = CARTESIAN_POINT('',(290.281538462,210.,585.1));
#2652 = CARTESIAN_POINT('',(290.281538188,209.999967539,585.1));
#2653 = CARTESIAN_POINT('',(290.281537914,209.999935078,585.1));
#2654 = CARTESIAN_POINT('',(290.28153764,209.999902618,585.100000001));
#2655 = CARTESIAN_POINT('',(290.262579528,207.751987179,585.100014692));
#2656 = CARTESIAN_POINT('',(290.243133903,205.56043361,585.600230156));
#2657 = CARTESIAN_POINT('',(290.224175824,203.535132287,586.575563868));
#2658 = CARTESIAN_POINT('',(290.22417555,203.535103041,586.575577952));
#2659 = CARTESIAN_POINT('',(290.224175276,203.535073795,586.575592037));
#2660 = CARTESIAN_POINT('',(290.224175002,203.535044549,586.575606121));
#2661 = CARTESIAN_POINT('',(290.20521689,201.509749096,587.550953314));
#2662 = CARTESIAN_POINT('',(290.185771266,199.752262913,588.952511332));
#2663 = CARTESIAN_POINT('',(290.166813187,198.350710911,590.710001952));
#2664 = CARTESIAN_POINT('',(290.166812913,198.350690672,590.710027331));
#2665 = CARTESIAN_POINT('',(290.166812639,198.350670433,590.71005271));
#2666 = CARTESIAN_POINT('',(290.166812365,198.350650195,590.710078089));
#2667 = CARTESIAN_POINT('',(290.147854253,196.94910933,592.467578309));
#2668 = CARTESIAN_POINT('',(290.128408628,195.973782227,594.492883126));
#2669 = CARTESIAN_POINT('',(290.109450549,195.473574108,596.684438084));
#2670 = CARTESIAN_POINT('',(290.109450275,195.473566885,596.684469731));
#2671 = CARTESIAN_POINT('',(290.109450001,195.473559662,596.684501378));
#2672 = CARTESIAN_POINT('',(290.109449727,195.473552439,596.684533025));
#2673 = CARTESIAN_POINT('',(290.090491616,194.97335852,598.876091799));
#2674 = CARTESIAN_POINT('',(290.071045991,194.97336599,601.124006958));
#2675 = CARTESIAN_POINT('',(290.052087912,195.473574108,603.315561916));
#2676 = CARTESIAN_POINT('',(290.052087638,195.473581331,603.315593563));
#2677 = CARTESIAN_POINT('',(290.052087364,195.473588555,603.31562521));
#2678 = CARTESIAN_POINT('',(290.05208709,195.473595778,603.315656857));
#2679 = CARTESIAN_POINT('',(290.033128978,195.973818345,605.507209093));
#2680 = CARTESIAN_POINT('',(290.013683354,196.94915891,607.532507427));
#2681 = CARTESIAN_POINT('',(289.994725275,198.350710911,609.289998048));
#2682 = CARTESIAN_POINT('',(289.994725001,198.35073115,609.290023427));
#2683 = CARTESIAN_POINT('',(289.994724727,198.350751389,609.290048806));
#2684 = CARTESIAN_POINT('',(289.994724453,198.350771628,609.290074184));
#2685 = CARTESIAN_POINT('',(289.975766341,199.752335466,611.047556083));
#2686 = CARTESIAN_POINT('',(289.956320716,201.509830965,612.449102419));
#2687 = CARTESIAN_POINT('',(289.937362637,203.535132287,613.424436132));
#2688 = CARTESIAN_POINT('',(289.937362363,203.535161533,613.424450216));
#2689 = CARTESIAN_POINT('',(289.937362089,203.535190779,613.4244643));
#2690 = CARTESIAN_POINT('',(289.937361815,203.535220026,613.424478384));
#2691 = CARTESIAN_POINT('',(289.918403704,205.560528228,614.399799103));
#2692 = CARTESIAN_POINT('',(289.898958079,207.752085123,614.9));
#2693 = CARTESIAN_POINT('',(289.88,210.,614.9));
#2694 = CARTESIAN_POINT('',(289.879999726,210.000032461,614.9));
#2695 = CARTESIAN_POINT('',(289.879999452,210.000064922,614.9));
#2696 = CARTESIAN_POINT('',(289.879999178,210.000097382,614.899999999));
#2697 = CARTESIAN_POINT('',(289.861041066,212.248012821,614.899985308));
#2698 = CARTESIAN_POINT('',(289.841595442,214.43956639,614.399769844));
#2699 = CARTESIAN_POINT('',(289.822637363,216.464867713,613.424436132));
#2700 = CARTESIAN_POINT('',(289.822637089,216.464896959,613.424422048));
#2701 = CARTESIAN_POINT('',(289.822636815,216.464926205,613.424407963));
#2702 = CARTESIAN_POINT('',(289.822636541,216.464955451,613.424393879));
#2703 = CARTESIAN_POINT('',(289.803678429,218.490250904,612.449046686));
#2704 = CARTESIAN_POINT('',(289.784232804,220.247737087,611.047488668));
#2705 = CARTESIAN_POINT('',(289.765274725,221.649289089,609.289998048));
#2706 = CARTESIAN_POINT('',(289.765274451,221.649309328,609.289972669));
#2707 = CARTESIAN_POINT('',(289.765274177,221.649329567,609.28994729));
#2708 = CARTESIAN_POINT('',(289.765273903,221.649349805,609.289921911));
#2709 = CARTESIAN_POINT('',(289.746315792,223.05089067,607.532421691));
#2710 = CARTESIAN_POINT('',(289.726870167,224.026217773,605.507116874));
#2711 = CARTESIAN_POINT('',(289.707912088,224.526425892,603.315561916));
#2712 = CARTESIAN_POINT('',(289.707911814,224.526433115,603.315530269));
#2713 = CARTESIAN_POINT('',(289.70791154,224.526440338,603.315498622));
#2714 = CARTESIAN_POINT('',(289.707911266,224.526447561,603.315466975));
#2715 = CARTESIAN_POINT('',(289.688953154,225.02664148,601.123908201));
#2716 = CARTESIAN_POINT('',(289.66950753,225.02663401,598.875993042));
#2717 = CARTESIAN_POINT('',(289.650549451,224.526425892,596.684438084));
#2718 = CARTESIAN_POINT('',(289.650549177,224.526418669,596.684406437));
#2719 = CARTESIAN_POINT('',(289.650548903,224.526411445,596.68437479));
#2720 = CARTESIAN_POINT('',(289.650548629,224.526404222,596.684343143));
#2721 = CARTESIAN_POINT('',(289.633914929,224.087512831,594.761492248));
#2722 = CARTESIAN_POINT('',(289.616844437,223.279870477,592.960179335));
#2723 = CARTESIAN_POINT('',(289.6,222.132974356,591.351246721));
#2724 = CARTESIAN_POINT('',(295.1,210.,585.1));
#2725 = CARTESIAN_POINT('',(295.081041637,207.752051549,585.1));
#2726 = CARTESIAN_POINT('',(295.061595725,205.560463859,585.600215589));
#2727 = CARTESIAN_POINT('',(295.042637363,203.535132287,586.575563868));
#2728 = CARTESIAN_POINT('',(295.042637089,203.535103041,586.575577952));
#2729 = CARTESIAN_POINT('',(295.042636815,203.535073795,586.575592037));
#2730 = CARTESIAN_POINT('',(295.042636542,203.535044549,586.575606121));
#2731 = CARTESIAN_POINT('',(295.023678429,201.509749096,587.550953314));
#2732 = CARTESIAN_POINT('',(295.004232805,199.752262913,588.952511331));
#2733 = CARTESIAN_POINT('',(294.985274725,198.350710911,590.710001952));
#2734 = CARTESIAN_POINT('',(294.985274451,198.350690672,590.710027331));
#2735 = CARTESIAN_POINT('',(294.985274177,198.350670433,590.71005271));
#2736 = CARTESIAN_POINT('',(294.985273904,198.350650194,590.710078089));
#2737 = CARTESIAN_POINT('',(294.966315792,196.94910933,592.467578309));
#2738 = CARTESIAN_POINT('',(294.946870168,195.973782226,594.492883126));
#2739 = CARTESIAN_POINT('',(294.927912088,195.473574108,596.684438084));
#2740 = CARTESIAN_POINT('',(294.927911814,195.473566885,596.684469731));
#2741 = CARTESIAN_POINT('',(294.92791154,195.473559662,596.684501378));
#2742 = CARTESIAN_POINT('',(294.927911267,195.473552439,596.684533025));
#2743 = CARTESIAN_POINT('',(294.908953154,194.973358519,598.876091799));
#2744 = CARTESIAN_POINT('',(294.88950753,194.97336599,601.124006958));
#2745 = CARTESIAN_POINT('',(294.870549451,195.473574108,603.315561916));
#2746 = CARTESIAN_POINT('',(294.870549177,195.473581331,603.315593563));
#2747 = CARTESIAN_POINT('',(294.870548903,195.473588555,603.31562521));
#2748 = CARTESIAN_POINT('',(294.87054863,195.473595778,603.315656857));
#2749 = CARTESIAN_POINT('',(294.851590517,195.973818345,605.507209093));
#2750 = CARTESIAN_POINT('',(294.832144893,196.94915891,607.532507427));
#2751 = CARTESIAN_POINT('',(294.813186813,198.350710911,609.289998048));
#2752 = CARTESIAN_POINT('',(294.813186539,198.35073115,609.290023427));
#2753 = CARTESIAN_POINT('',(294.813186265,198.350751389,609.290048806));
#2754 = CARTESIAN_POINT('',(294.813185992,198.350771628,609.290074184));
#2755 = CARTESIAN_POINT('',(294.79422788,199.752335466,611.047556083));
#2756 = CARTESIAN_POINT('',(294.774782256,201.509830965,612.449102419));
#2757 = CARTESIAN_POINT('',(294.755824176,203.535132287,613.424436132));
#2758 = CARTESIAN_POINT('',(294.755823902,203.535161533,613.424450216));
#2759 = CARTESIAN_POINT('',(294.755823628,203.535190779,613.4244643));
#2760 = CARTESIAN_POINT('',(294.755823355,203.535220026,613.424478384));
#2761 = CARTESIAN_POINT('',(294.736865242,205.560528228,614.399799103));
#2762 = CARTESIAN_POINT('',(294.717419618,207.752085123,614.9));
#2763 = CARTESIAN_POINT('',(294.698461538,210.,614.9));
#2764 = CARTESIAN_POINT('',(294.698461264,210.000032461,614.9));
#2765 = CARTESIAN_POINT('',(294.69846099,210.000064922,614.9));
#2766 = CARTESIAN_POINT('',(294.698460717,210.000097382,614.9));
#2767 = CARTESIAN_POINT('',(294.679502605,212.248012821,614.899985308));
#2768 = CARTESIAN_POINT('',(294.660056981,214.43956639,614.399769844));
#2769 = CARTESIAN_POINT('',(294.641098901,216.464867713,613.424436132));
#2770 = CARTESIAN_POINT('',(294.641098627,216.464896959,613.424422048));
#2771 = CARTESIAN_POINT('',(294.641098353,216.464926205,613.424407963));
#2772 = CARTESIAN_POINT('',(294.64109808,216.464955451,613.424393879));
#2773 = CARTESIAN_POINT('',(294.622139967,218.490250904,612.449046686));
#2774 = CARTESIAN_POINT('',(294.602694343,220.247737087,611.047488669));
#2775 = CARTESIAN_POINT('',(294.583736264,221.649289089,609.289998048));
#2776 = CARTESIAN_POINT('',(294.58373599,221.649309328,609.289972669));
#2777 = CARTESIAN_POINT('',(294.583735716,221.649329567,609.28994729));
#2778 = CARTESIAN_POINT('',(294.583735443,221.649349806,609.289921911));
#2779 = CARTESIAN_POINT('',(294.56477733,223.05089067,607.532421691));
#2780 = CARTESIAN_POINT('',(294.545331706,224.026217774,605.507116874));
#2781 = CARTESIAN_POINT('',(294.526373626,224.526425892,603.315561916));
#2782 = CARTESIAN_POINT('',(294.526373352,224.526433115,603.315530269));
#2783 = CARTESIAN_POINT('',(294.526373078,224.526440338,603.315498622));
#2784 = CARTESIAN_POINT('',(294.526372805,224.526447561,603.315466975));
#2785 = CARTESIAN_POINT('',(294.507414693,225.026641481,601.123908201));
#2786 = CARTESIAN_POINT('',(294.487969069,225.02663401,598.875993042));
#2787 = CARTESIAN_POINT('',(294.469010989,224.526425892,596.684438084));
#2788 = CARTESIAN_POINT('',(294.469010715,224.526418669,596.684406437));
#2789 = CARTESIAN_POINT('',(294.469010441,224.526411445,596.68437479));
#2790 = CARTESIAN_POINT('',(294.469010168,224.526404222,596.684343143));
#2791 = CARTESIAN_POINT('',(294.450052055,224.026181655,594.492790907));
#2792 = CARTESIAN_POINT('',(294.430606431,223.05084109,592.467492573));
#2793 = CARTESIAN_POINT('',(294.411648352,221.649289089,590.710001952));
#2794 = CARTESIAN_POINT('',(294.411648078,221.64926885,590.709976573));
#2795 = CARTESIAN_POINT('',(294.411647804,221.649248611,590.709951194));
#2796 = CARTESIAN_POINT('',(294.411647531,221.649228372,590.709925816));
#2797 = CARTESIAN_POINT('',(294.392689418,220.247664534,588.952443917));
#2798 = CARTESIAN_POINT('',(294.373243794,218.490169035,587.550897581));
#2799 = CARTESIAN_POINT('',(294.354285714,216.464867713,586.575563868));
#2800 = CARTESIAN_POINT('',(294.35428544,216.464838467,586.575549784));
#2801 = CARTESIAN_POINT('',(294.354285166,216.464809221,586.5755357));
#2802 = CARTESIAN_POINT('',(294.354284893,216.464779974,586.575521616));
#2803 = CARTESIAN_POINT('',(294.335326781,214.439471772,585.600200897));
#2804 = CARTESIAN_POINT('',(294.315881157,212.247914877,585.1));
#2805 = CARTESIAN_POINT('',(294.296923077,210.,585.1));
#2806 = CARTESIAN_POINT('',(294.296922803,209.999967539,585.1));
#2807 = CARTESIAN_POINT('',(294.296922529,209.999935078,585.1));
#2808 = CARTESIAN_POINT('',(294.296922256,209.999902618,585.1));
#2809 = CARTESIAN_POINT('',(294.277964143,207.751987179,585.100014692));
#2810 = CARTESIAN_POINT('',(294.258518519,205.56043361,585.600230156));
#2811 = CARTESIAN_POINT('',(294.23956044,203.535132287,586.575563868));
#2812 = CARTESIAN_POINT('',(294.239560166,203.535103041,586.575577952));
#2813 = CARTESIAN_POINT('',(294.239559892,203.535073795,586.575592037));
#2814 = CARTESIAN_POINT('',(294.239559619,203.535044549,586.575606121));
#2815 = CARTESIAN_POINT('',(294.220601506,201.509749096,587.550953314));
#2816 = CARTESIAN_POINT('',(294.201155882,199.752262913,588.952511331));
#2817 = CARTESIAN_POINT('',(294.182197802,198.350710911,590.710001952));
#2818 = CARTESIAN_POINT('',(294.182197528,198.350690672,590.710027331));
#2819 = CARTESIAN_POINT('',(294.182197254,198.350670433,590.71005271));
#2820 = CARTESIAN_POINT('',(294.182196981,198.350650194,590.710078089));
#2821 = CARTESIAN_POINT('',(294.163238869,196.94910933,592.467578309));
#2822 = CARTESIAN_POINT('',(294.143793245,195.973782226,594.492883126));
#2823 = CARTESIAN_POINT('',(294.124835165,195.473574108,596.684438084));
#2824 = CARTESIAN_POINT('',(294.124834891,195.473566885,596.684469731));
#2825 = CARTESIAN_POINT('',(294.124834617,195.473559662,596.684501378));
#2826 = CARTESIAN_POINT('',(294.124834344,195.473552439,596.684533025));
#2827 = CARTESIAN_POINT('',(294.105876231,194.973358519,598.876091799));
#2828 = CARTESIAN_POINT('',(294.086430607,194.97336599,601.124006958));
#2829 = CARTESIAN_POINT('',(294.067472527,195.473574108,603.315561916));
#2830 = CARTESIAN_POINT('',(294.067472253,195.473581331,603.315593563));
#2831 = CARTESIAN_POINT('',(294.067471979,195.473588555,603.31562521));
#2832 = CARTESIAN_POINT('',(294.067471706,195.473595778,603.315656857));
#2833 = CARTESIAN_POINT('',(294.048513594,195.973818345,605.507209093));
#2834 = CARTESIAN_POINT('',(294.02906797,196.94915891,607.532507427));
#2835 = CARTESIAN_POINT('',(294.01010989,198.350710911,609.289998048));
#2836 = CARTESIAN_POINT('',(294.010109616,198.35073115,609.290023427));
#2837 = CARTESIAN_POINT('',(294.010109342,198.350751389,609.290048806));
#2838 = CARTESIAN_POINT('',(294.010109069,198.350771628,609.290074184));
#2839 = CARTESIAN_POINT('',(293.991150956,199.752335466,611.047556083));
#2840 = CARTESIAN_POINT('',(293.971705332,201.509830965,612.449102419));
#2841 = CARTESIAN_POINT('',(293.952747253,203.535132287,613.424436132));
#2842 = CARTESIAN_POINT('',(293.952746979,203.535161533,613.424450216));
#2843 = CARTESIAN_POINT('',(293.952746705,203.535190779,613.4244643));
#2844 = CARTESIAN_POINT('',(293.952746432,203.535220026,613.424478384));
#2845 = CARTESIAN_POINT('',(293.933788319,205.560528228,614.399799103));
#2846 = CARTESIAN_POINT('',(293.914342695,207.752085123,614.9));
#2847 = CARTESIAN_POINT('',(293.895384615,210.,614.9));
#2848 = CARTESIAN_POINT('',(293.895384341,210.000032461,614.9));
#2849 = CARTESIAN_POINT('',(293.895384067,210.000064922,614.9));
#2850 = CARTESIAN_POINT('',(293.895383794,210.000097382,614.9));
#2851 = CARTESIAN_POINT('',(293.876425682,212.248012821,614.899985308));
#2852 = CARTESIAN_POINT('',(293.856980058,214.43956639,614.399769844));
#2853 = CARTESIAN_POINT('',(293.838021978,216.464867713,613.424436132));
#2854 = CARTESIAN_POINT('',(293.838021704,216.464896959,613.424422048));
#2855 = CARTESIAN_POINT('',(293.83802143,216.464926205,613.424407963));
#2856 = CARTESIAN_POINT('',(293.838021157,216.464955451,613.424393879));
#2857 = CARTESIAN_POINT('',(293.819063044,218.490250904,612.449046686));
#2858 = CARTESIAN_POINT('',(293.79961742,220.247737087,611.047488669));
#2859 = CARTESIAN_POINT('',(293.780659341,221.649289089,609.289998048));
#2860 = CARTESIAN_POINT('',(293.780659067,221.649309328,609.289972669));
#2861 = CARTESIAN_POINT('',(293.780658793,221.649329567,609.28994729));
#2862 = CARTESIAN_POINT('',(293.78065852,221.649349806,609.289921911));
#2863 = CARTESIAN_POINT('',(293.761700407,223.05089067,607.532421691));
#2864 = CARTESIAN_POINT('',(293.742254783,224.026217774,605.507116874));
#2865 = CARTESIAN_POINT('',(293.723296703,224.526425892,603.315561916));
#2866 = CARTESIAN_POINT('',(293.723296429,224.526433115,603.315530269));
#2867 = CARTESIAN_POINT('',(293.723296155,224.526440338,603.315498622));
#2868 = CARTESIAN_POINT('',(293.723295882,224.526447561,603.315466975));
#2869 = CARTESIAN_POINT('',(293.70433777,225.026641481,601.123908201));
#2870 = CARTESIAN_POINT('',(293.684892146,225.02663401,598.875993042));
#2871 = CARTESIAN_POINT('',(293.665934066,224.526425892,596.684438084));
#2872 = CARTESIAN_POINT('',(293.665933792,224.526418669,596.684406437));
#2873 = CARTESIAN_POINT('',(293.665933518,224.526411445,596.68437479));
#2874 = CARTESIAN_POINT('',(293.665933245,224.526404222,596.684343143));
#2875 = CARTESIAN_POINT('',(293.646975132,224.026181655,594.492790907));
#2876 = CARTESIAN_POINT('',(293.627529508,223.05084109,592.467492573));
#2877 = CARTESIAN_POINT('',(293.608571429,221.649289089,590.710001952));
#2878 = CARTESIAN_POINT('',(293.608571155,221.64926885,590.709976573));
#2879 = CARTESIAN_POINT('',(293.608570881,221.649248611,590.709951194));
#2880 = CARTESIAN_POINT('',(293.608570608,221.649228372,590.709925816));
#2881 = CARTESIAN_POINT('',(293.589612495,220.247664534,588.952443917));
#2882 = CARTESIAN_POINT('',(293.570166871,218.490169035,587.550897581));
#2883 = CARTESIAN_POINT('',(293.551208791,216.464867713,586.575563868));
#2884 = CARTESIAN_POINT('',(293.551208517,216.464838467,586.575549784));
#2885 = CARTESIAN_POINT('',(293.551208243,216.464809221,586.5755357));
#2886 = CARTESIAN_POINT('',(293.55120797,216.464779974,586.575521616));
#2887 = CARTESIAN_POINT('',(293.532249858,214.439471772,585.600200897));
#2888 = CARTESIAN_POINT('',(293.512804234,212.247914877,585.1));
#2889 = CARTESIAN_POINT('',(293.493846154,210.,585.1));
#2890 = CARTESIAN_POINT('',(293.49384588,209.999967539,585.1));
#2891 = CARTESIAN_POINT('',(293.493845606,209.999935078,585.1));
#2892 = CARTESIAN_POINT('',(293.493845333,209.999902618,585.1));
#2893 = CARTESIAN_POINT('',(293.47488722,207.751987179,585.100014692));
#2894 = CARTESIAN_POINT('',(293.455441596,205.56043361,585.600230156));
#2895 = CARTESIAN_POINT('',(293.436483516,203.535132287,586.575563868));
#2896 = CARTESIAN_POINT('',(293.436483242,203.535103041,586.575577952));
#2897 = CARTESIAN_POINT('',(293.436482968,203.535073795,586.575592037));
#2898 = CARTESIAN_POINT('',(293.436482695,203.535044549,586.575606121));
#2899 = CARTESIAN_POINT('',(293.417524583,201.509749096,587.550953314));
#2900 = CARTESIAN_POINT('',(293.398078959,199.752262913,588.952511331));
#2901 = CARTESIAN_POINT('',(293.379120879,198.350710911,590.710001952));
#2902 = CARTESIAN_POINT('',(293.379120605,198.350690672,590.710027331));
#2903 = CARTESIAN_POINT('',(293.379120331,198.350670433,590.71005271));
#2904 = CARTESIAN_POINT('',(293.379120058,198.350650194,590.710078089));
#2905 = CARTESIAN_POINT('',(293.360161945,196.94910933,592.467578309));
#2906 = CARTESIAN_POINT('',(293.340716321,195.973782226,594.492883126));
#2907 = CARTESIAN_POINT('',(293.321758242,195.473574108,596.684438084));
#2908 = CARTESIAN_POINT('',(293.321757968,195.473566885,596.684469731));
#2909 = CARTESIAN_POINT('',(293.321757694,195.473559662,596.684501378));
#2910 = CARTESIAN_POINT('',(293.321757421,195.473552439,596.684533025));
#2911 = CARTESIAN_POINT('',(293.302799308,194.973358519,598.876091799));
#2912 = CARTESIAN_POINT('',(293.283353684,194.97336599,601.124006958));
#2913 = CARTESIAN_POINT('',(293.264395604,195.473574108,603.315561916));
#2914 = CARTESIAN_POINT('',(293.26439533,195.473581331,603.315593563));
#2915 = CARTESIAN_POINT('',(293.264395056,195.473588555,603.31562521));
#2916 = CARTESIAN_POINT('',(293.264394783,195.473595778,603.315656857));
#2917 = CARTESIAN_POINT('',(293.245436671,195.973818345,605.507209093));
#2918 = CARTESIAN_POINT('',(293.225991047,196.94915891,607.532507427));
#2919 = CARTESIAN_POINT('',(293.207032967,198.350710911,609.289998048));
#2920 = CARTESIAN_POINT('',(293.207032693,198.35073115,609.290023427));
#2921 = CARTESIAN_POINT('',(293.207032419,198.350751389,609.290048806));
#2922 = CARTESIAN_POINT('',(293.207032146,198.350771628,609.290074184));
#2923 = CARTESIAN_POINT('',(293.188074033,199.752335466,611.047556083));
#2924 = CARTESIAN_POINT('',(293.168628409,201.509830965,612.449102419));
#2925 = CARTESIAN_POINT('',(293.14967033,203.535132287,613.424436132));
#2926 = CARTESIAN_POINT('',(293.149670056,203.535161533,613.424450216));
#2927 = CARTESIAN_POINT('',(293.149669782,203.535190779,613.4244643));
#2928 = CARTESIAN_POINT('',(293.149669509,203.535220026,613.424478384));
#2929 = CARTESIAN_POINT('',(293.130711396,205.560528228,614.399799103));
#2930 = CARTESIAN_POINT('',(293.111265772,207.752085123,614.9));
#2931 = CARTESIAN_POINT('',(293.092307692,210.,614.9));
#2932 = CARTESIAN_POINT('',(293.092307418,210.000032461,614.9));
#2933 = CARTESIAN_POINT('',(293.092307144,210.000064922,614.9));
#2934 = CARTESIAN_POINT('',(293.092306871,210.000097382,614.9));
#2935 = CARTESIAN_POINT('',(293.073348759,212.248012821,614.899985308));
#2936 = CARTESIAN_POINT('',(293.053903135,214.43956639,614.399769844));
#2937 = CARTESIAN_POINT('',(293.034945055,216.464867713,613.424436132));
#2938 = CARTESIAN_POINT('',(293.034944781,216.464896959,613.424422048));
#2939 = CARTESIAN_POINT('',(293.034944507,216.464926205,613.424407963));
#2940 = CARTESIAN_POINT('',(293.034944234,216.464955451,613.424393879));
#2941 = CARTESIAN_POINT('',(293.015986121,218.490250904,612.449046686));
#2942 = CARTESIAN_POINT('',(292.996540497,220.247737087,611.047488669));
#2943 = CARTESIAN_POINT('',(292.977582418,221.649289089,609.289998048));
#2944 = CARTESIAN_POINT('',(292.977582144,221.649309328,609.289972669));
#2945 = CARTESIAN_POINT('',(292.97758187,221.649329567,609.28994729));
#2946 = CARTESIAN_POINT('',(292.977581597,221.649349806,609.289921911));
#2947 = CARTESIAN_POINT('',(292.958623484,223.05089067,607.532421691));
#2948 = CARTESIAN_POINT('',(292.93917786,224.026217774,605.507116874));
#2949 = CARTESIAN_POINT('',(292.92021978,224.526425892,603.315561916));
#2950 = CARTESIAN_POINT('',(292.920219506,224.526433115,603.315530269));
#2951 = CARTESIAN_POINT('',(292.920219232,224.526440338,603.315498622));
#2952 = CARTESIAN_POINT('',(292.920218959,224.526447561,603.315466975));
#2953 = CARTESIAN_POINT('',(292.901260847,225.026641481,601.123908201));
#2954 = CARTESIAN_POINT('',(292.881815223,225.02663401,598.875993042));
#2955 = CARTESIAN_POINT('',(292.862857143,224.526425892,596.684438084));
#2956 = CARTESIAN_POINT('',(292.862856869,224.526418669,596.684406437));
#2957 = CARTESIAN_POINT('',(292.862856595,224.526411445,596.68437479));
#2958 = CARTESIAN_POINT('',(292.862856322,224.526404222,596.684343143));
#2959 = CARTESIAN_POINT('',(292.843898209,224.026181655,594.492790907));
#2960 = CARTESIAN_POINT('',(292.824452585,223.05084109,592.467492573));
#2961 = CARTESIAN_POINT('',(292.805494505,221.649289089,590.710001952));
#2962 = CARTESIAN_POINT('',(292.805494231,221.64926885,590.709976573));
#2963 = CARTESIAN_POINT('',(292.805493957,221.649248611,590.709951194));
#2964 = CARTESIAN_POINT('',(292.805493684,221.649228372,590.709925816));
#2965 = CARTESIAN_POINT('',(292.786535572,220.247664534,588.952443917));
#2966 = CARTESIAN_POINT('',(292.767089948,218.490169035,587.550897581));
#2967 = CARTESIAN_POINT('',(292.748131868,216.464867713,586.575563868));
#2968 = CARTESIAN_POINT('',(292.748131594,216.464838467,586.575549784));
#2969 = CARTESIAN_POINT('',(292.74813132,216.464809221,586.5755357));
#2970 = CARTESIAN_POINT('',(292.748131047,216.464779974,586.575521616));
#2971 = CARTESIAN_POINT('',(292.729172934,214.439471772,585.600200897));
#2972 = CARTESIAN_POINT('',(292.70972731,212.247914877,585.1));
#2973 = CARTESIAN_POINT('',(292.690769231,210.,585.1));
#2974 = CARTESIAN_POINT('',(292.690768957,209.999967539,585.1));
#2975 = CARTESIAN_POINT('',(292.690768683,209.999935078,585.1));
#2976 = CARTESIAN_POINT('',(292.69076841,209.999902618,585.1));
#2977 = CARTESIAN_POINT('',(292.671810297,207.751987179,585.100014692));
#2978 = CARTESIAN_POINT('',(292.652364673,205.56043361,585.600230156));
#2979 = CARTESIAN_POINT('',(292.633406593,203.535132287,586.575563868));
#2980 = CARTESIAN_POINT('',(292.633406319,203.535103041,586.575577952));
#2981 = CARTESIAN_POINT('',(292.633406045,203.535073795,586.575592037));
#2982 = CARTESIAN_POINT('',(292.633405772,203.535044549,586.575606121));
#2983 = CARTESIAN_POINT('',(292.61444766,201.509749096,587.550953314));
#2984 = CARTESIAN_POINT('',(292.595002036,199.752262913,588.952511331));
#2985 = CARTESIAN_POINT('',(292.576043956,198.350710911,590.710001952));
#2986 = CARTESIAN_POINT('',(292.576043682,198.350690672,590.710027331));
#2987 = CARTESIAN_POINT('',(292.576043408,198.350670433,590.71005271));
#2988 = CARTESIAN_POINT('',(292.576043135,198.350650194,590.710078089));
#2989 = CARTESIAN_POINT('',(292.557085022,196.94910933,592.467578309));
#2990 = CARTESIAN_POINT('',(292.537639398,195.973782226,594.492883126));
#2991 = CARTESIAN_POINT('',(292.518681319,195.473574108,596.684438084));
#2992 = CARTESIAN_POINT('',(292.518681045,195.473566885,596.684469731));
#2993 = CARTESIAN_POINT('',(292.518680771,195.473559662,596.684501378));
#2994 = CARTESIAN_POINT('',(292.518680498,195.473552439,596.684533025));
#2995 = CARTESIAN_POINT('',(292.499722385,194.973358519,598.876091799));
#2996 = CARTESIAN_POINT('',(292.480276761,194.97336599,601.124006958));
#2997 = CARTESIAN_POINT('',(292.461318681,195.473574108,603.315561916));
#2998 = CARTESIAN_POINT('',(292.461318407,195.473581331,603.315593563));
#2999 = CARTESIAN_POINT('',(292.461318133,195.473588555,603.31562521));
#3000 = CARTESIAN_POINT('',(292.46131786,195.473595778,603.315656857));
#3001 = CARTESIAN_POINT('',(292.442359748,195.973818345,605.507209093));
#3002 = CARTESIAN_POINT('',(292.422914124,196.94915891,607.532507427));
#3003 = CARTESIAN_POINT('',(292.403956044,198.350710911,609.289998048));
#3004 = CARTESIAN_POINT('',(292.40395577,198.35073115,609.290023427));
#3005 = CARTESIAN_POINT('',(292.403955496,198.350751389,609.290048806));
#3006 = CARTESIAN_POINT('',(292.403955223,198.350771628,609.290074184));
#3007 = CARTESIAN_POINT('',(292.38499711,199.752335466,611.047556083));
#3008 = CARTESIAN_POINT('',(292.365551486,201.509830965,612.449102419));
#3009 = CARTESIAN_POINT('',(292.346593407,203.535132287,613.424436132));
#3010 = CARTESIAN_POINT('',(292.346593133,203.535161533,613.424450216));
#3011 = CARTESIAN_POINT('',(292.346592859,203.535190779,613.4244643));
#3012 = CARTESIAN_POINT('',(292.346592586,203.535220026,613.424478384));
#3013 = CARTESIAN_POINT('',(292.327634473,205.560528228,614.399799103));
#3014 = CARTESIAN_POINT('',(292.308188849,207.752085123,614.9));
#3015 = CARTESIAN_POINT('',(292.289230769,210.,614.9));
#3016 = CARTESIAN_POINT('',(292.289230495,210.000032461,614.9));
#3017 = CARTESIAN_POINT('',(292.289230221,210.000064922,614.9));
#3018 = CARTESIAN_POINT('',(292.289229948,210.000097382,614.9));
#3019 = CARTESIAN_POINT('',(292.270271836,212.248012821,614.899985308));
#3020 = CARTESIAN_POINT('',(292.250826212,214.43956639,614.399769844));
#3021 = CARTESIAN_POINT('',(292.231868132,216.464867713,613.424436132));
#3022 = CARTESIAN_POINT('',(292.231867858,216.464896959,613.424422048));
#3023 = CARTESIAN_POINT('',(292.231867584,216.464926205,613.424407963));
#3024 = CARTESIAN_POINT('',(292.231867311,216.464955451,613.424393879));
#3025 = CARTESIAN_POINT('',(292.212909198,218.490250904,612.449046686));
#3026 = CARTESIAN_POINT('',(292.193463574,220.247737087,611.047488669));
#3027 = CARTESIAN_POINT('',(292.174505495,221.649289089,609.289998048));
#3028 = CARTESIAN_POINT('',(292.174505221,221.649309328,609.289972669));
#3029 = CARTESIAN_POINT('',(292.174504947,221.649329567,609.28994729));
#3030 = CARTESIAN_POINT('',(292.174504674,221.649349806,609.289921911));
#3031 = CARTESIAN_POINT('',(292.155546561,223.05089067,607.532421691));
#3032 = CARTESIAN_POINT('',(292.136100937,224.026217774,605.507116874));
#3033 = CARTESIAN_POINT('',(292.117142857,224.526425892,603.315561916));
#3034 = CARTESIAN_POINT('',(292.117142583,224.526433115,603.315530269));
#3035 = CARTESIAN_POINT('',(292.117142309,224.526440338,603.315498622));
#3036 = CARTESIAN_POINT('',(292.117142036,224.526447561,603.315466975));
#3037 = CARTESIAN_POINT('',(292.098183923,225.026641481,601.123908201));
#3038 = CARTESIAN_POINT('',(292.078738299,225.02663401,598.875993042));
#3039 = CARTESIAN_POINT('',(292.05978022,224.526425892,596.684438084));
#3040 = CARTESIAN_POINT('',(292.059779946,224.526418669,596.684406437));
#3041 = CARTESIAN_POINT('',(292.059779672,224.526411445,596.68437479));
#3042 = CARTESIAN_POINT('',(292.059779399,224.526404222,596.684343143));
#3043 = CARTESIAN_POINT('',(292.040821286,224.026181655,594.492790907));
#3044 = CARTESIAN_POINT('',(292.021375662,223.05084109,592.467492573));
#3045 = CARTESIAN_POINT('',(292.002417582,221.649289089,590.710001952));
#3046 = CARTESIAN_POINT('',(292.002417308,221.64926885,590.709976573));
#3047 = CARTESIAN_POINT('',(292.002417034,221.649248611,590.709951194));
#3048 = CARTESIAN_POINT('',(292.002416761,221.649228372,590.709925816));
#3049 = CARTESIAN_POINT('',(291.983458649,220.247664534,588.952443917));
#3050 = CARTESIAN_POINT('',(291.964013025,218.490169035,587.550897581));
#3051 = CARTESIAN_POINT('',(291.945054945,216.464867713,586.575563868));
#3052 = CARTESIAN_POINT('',(291.945054671,216.464838467,586.575549784));
#3053 = CARTESIAN_POINT('',(291.945054397,216.464809221,586.5755357));
#3054 = CARTESIAN_POINT('',(291.945054124,216.464779974,586.575521616));
#3055 = CARTESIAN_POINT('',(291.926096011,214.439471772,585.600200897));
#3056 = CARTESIAN_POINT('',(291.906650387,212.247914877,585.1));
#3057 = CARTESIAN_POINT('',(291.887692308,210.,585.1));
#3058 = CARTESIAN_POINT('',(291.887692034,209.999967539,585.1));
#3059 = CARTESIAN_POINT('',(291.88769176,209.999935078,585.1));
#3060 = CARTESIAN_POINT('',(291.887691487,209.999902618,585.1));
#3061 = CARTESIAN_POINT('',(291.868733374,207.751987179,585.100014692));
#3062 = CARTESIAN_POINT('',(291.84928775,205.56043361,585.600230156));
#3063 = CARTESIAN_POINT('',(291.83032967,203.535132287,586.575563868));
#3064 = CARTESIAN_POINT('',(291.830329396,203.535103041,586.575577952));
#3065 = CARTESIAN_POINT('',(291.830329122,203.535073795,586.575592037));
#3066 = CARTESIAN_POINT('',(291.830328849,203.535044549,586.575606121));
#3067 = CARTESIAN_POINT('',(291.811370737,201.509749096,587.550953314));
#3068 = CARTESIAN_POINT('',(291.791925113,199.752262913,588.952511331));
#3069 = CARTESIAN_POINT('',(291.772967033,198.350710911,590.710001952));
#3070 = CARTESIAN_POINT('',(291.772966759,198.350690672,590.710027331));
#3071 = CARTESIAN_POINT('',(291.772966485,198.350670433,590.71005271));
#3072 = CARTESIAN_POINT('',(291.772966212,198.350650194,590.710078089));
#3073 = CARTESIAN_POINT('',(291.754008099,196.94910933,592.467578309));
#3074 = CARTESIAN_POINT('',(291.734562475,195.973782226,594.492883126));
#3075 = CARTESIAN_POINT('',(291.715604396,195.473574108,596.684438084));
#3076 = CARTESIAN_POINT('',(291.715604122,195.473566885,596.684469731));
#3077 = CARTESIAN_POINT('',(291.715603848,195.473559662,596.684501378));
#3078 = CARTESIAN_POINT('',(291.715603575,195.473552439,596.684533025));
#3079 = CARTESIAN_POINT('',(291.696645462,194.973358519,598.876091799));
#3080 = CARTESIAN_POINT('',(291.677199838,194.97336599,601.124006958));
#3081 = CARTESIAN_POINT('',(291.658241758,195.473574108,603.315561916));
#3082 = CARTESIAN_POINT('',(291.658241484,195.473581331,603.315593563));
#3083 = CARTESIAN_POINT('',(291.65824121,195.473588555,603.31562521));
#3084 = CARTESIAN_POINT('',(291.658240937,195.473595778,603.315656857));
#3085 = CARTESIAN_POINT('',(291.639282825,195.973818345,605.507209093));
#3086 = CARTESIAN_POINT('',(291.619837201,196.94915891,607.532507427));
#3087 = CARTESIAN_POINT('',(291.600879121,198.350710911,609.289998048));
#3088 = CARTESIAN_POINT('',(291.600878847,198.35073115,609.290023427));
#3089 = CARTESIAN_POINT('',(291.600878573,198.350751389,609.290048806));
#3090 = CARTESIAN_POINT('',(291.6008783,198.350771628,609.290074184));
#3091 = CARTESIAN_POINT('',(291.581920187,199.752335466,611.047556083));
#3092 = CARTESIAN_POINT('',(291.562474563,201.509830965,612.449102419));
#3093 = CARTESIAN_POINT('',(291.543516484,203.535132287,613.424436132));
#3094 = CARTESIAN_POINT('',(291.54351621,203.535161533,613.424450216));
#3095 = CARTESIAN_POINT('',(291.543515936,203.535190779,613.4244643));
#3096 = CARTESIAN_POINT('',(291.543515663,203.535220026,613.424478384));
#3097 = CARTESIAN_POINT('',(291.52455755,205.560528228,614.399799103));
#3098 = CARTESIAN_POINT('',(291.505111926,207.752085123,614.9));
#3099 = CARTESIAN_POINT('',(291.486153846,210.,614.9));
#3100 = CARTESIAN_POINT('',(291.486153572,210.000032461,614.9));
#3101 = CARTESIAN_POINT('',(291.486153298,210.000064922,614.9));
#3102 = CARTESIAN_POINT('',(291.486153025,210.000097382,614.9));
#3103 = CARTESIAN_POINT('',(291.467194912,212.248012821,614.899985308));
#3104 = CARTESIAN_POINT('',(291.447749288,214.43956639,614.399769844));
#3105 = CARTESIAN_POINT('',(291.428791209,216.464867713,613.424436132));
#3106 = CARTESIAN_POINT('',(291.428790935,216.464896959,613.424422048));
#3107 = CARTESIAN_POINT('',(291.428790661,216.464926205,613.424407963));
#3108 = CARTESIAN_POINT('',(291.428790388,216.464955451,613.424393879));
#3109 = CARTESIAN_POINT('',(291.409832275,218.490250904,612.449046686));
#3110 = CARTESIAN_POINT('',(291.390386651,220.247737087,611.047488669));
#3111 = CARTESIAN_POINT('',(291.371428571,221.649289089,609.289998048));
#3112 = CARTESIAN_POINT('',(291.371428297,221.649309328,609.289972669));
#3113 = CARTESIAN_POINT('',(291.371428023,221.649329567,609.28994729));
#3114 = CARTESIAN_POINT('',(291.37142775,221.649349806,609.289921911));
#3115 = CARTESIAN_POINT('',(291.352469638,223.05089067,607.532421691));
#3116 = CARTESIAN_POINT('',(291.333024014,224.026217774,605.507116874));
#3117 = CARTESIAN_POINT('',(291.314065934,224.526425892,603.315561916));
#3118 = CARTESIAN_POINT('',(291.31406566,224.526433115,603.315530269));
#3119 = CARTESIAN_POINT('',(291.314065386,224.526440338,603.315498622));
#3120 = CARTESIAN_POINT('',(291.314065113,224.526447561,603.315466975));
#3121 = CARTESIAN_POINT('',(291.295107,225.026641481,601.123908201));
#3122 = CARTESIAN_POINT('',(291.275661376,225.02663401,598.875993042));
#3123 = CARTESIAN_POINT('',(291.256703297,224.526425892,596.684438084));
#3124 = CARTESIAN_POINT('',(291.256703023,224.526418669,596.684406437));
#3125 = CARTESIAN_POINT('',(291.256702749,224.526411445,596.68437479));
#3126 = CARTESIAN_POINT('',(291.256702476,224.526404222,596.684343143));
#3127 = CARTESIAN_POINT('',(291.237744363,224.026181655,594.492790907));
#3128 = CARTESIAN_POINT('',(291.218298739,223.05084109,592.467492573));
#3129 = CARTESIAN_POINT('',(291.199340659,221.649289089,590.710001952));
#3130 = CARTESIAN_POINT('',(291.199340385,221.64926885,590.709976573));
#3131 = CARTESIAN_POINT('',(291.199340111,221.649248611,590.709951194));
#3132 = CARTESIAN_POINT('',(291.199339838,221.649228372,590.709925816));
#3133 = CARTESIAN_POINT('',(291.180381726,220.247664534,588.952443917));
#3134 = CARTESIAN_POINT('',(291.160936102,218.490169035,587.550897581));
#3135 = CARTESIAN_POINT('',(291.141978022,216.464867713,586.575563868));
#3136 = CARTESIAN_POINT('',(291.141977748,216.464838467,586.575549784));
#3137 = CARTESIAN_POINT('',(291.141977474,216.464809221,586.5755357));
#3138 = CARTESIAN_POINT('',(291.141977201,216.464779974,586.575521616));
#3139 = CARTESIAN_POINT('',(291.123019088,214.439471772,585.600200897));
#3140 = CARTESIAN_POINT('',(291.103573464,212.247914877,585.1));
#3141 = CARTESIAN_POINT('',(291.084615385,210.,585.1));
#3142 = CARTESIAN_POINT('',(291.084615111,209.999967539,585.1));
#3143 = CARTESIAN_POINT('',(291.084614837,209.999935078,585.1));
#3144 = CARTESIAN_POINT('',(291.084614564,209.999902618,585.1));
#3145 = CARTESIAN_POINT('',(291.065656451,207.751987179,585.100014692));
#3146 = CARTESIAN_POINT('',(291.046210827,205.56043361,585.600230156));
#3147 = CARTESIAN_POINT('',(291.027252747,203.535132287,586.575563868));
#3148 = CARTESIAN_POINT('',(291.027252473,203.535103041,586.575577952));
#3149 = CARTESIAN_POINT('',(291.027252199,203.535073795,586.575592037));
#3150 = CARTESIAN_POINT('',(291.027251926,203.535044549,586.575606121));
#3151 = CARTESIAN_POINT('',(291.008293814,201.509749096,587.550953314));
#3152 = CARTESIAN_POINT('',(290.98884819,199.752262913,588.952511331));
#3153 = CARTESIAN_POINT('',(290.96989011,198.350710911,590.710001952));
#3154 = CARTESIAN_POINT('',(290.969889836,198.350690672,590.710027331));
#3155 = CARTESIAN_POINT('',(290.969889562,198.350670433,590.71005271));
#3156 = CARTESIAN_POINT('',(290.969889289,198.350650194,590.710078089));
#3157 = CARTESIAN_POINT('',(290.950931176,196.94910933,592.467578309));
#3158 = CARTESIAN_POINT('',(290.931485552,195.973782226,594.492883126));
#3159 = CARTESIAN_POINT('',(290.912527473,195.473574108,596.684438084));
#3160 = CARTESIAN_POINT('',(290.912527199,195.473566885,596.684469731));
#3161 = CARTESIAN_POINT('',(290.912526925,195.473559662,596.684501378));
#3162 = CARTESIAN_POINT('',(290.912526652,195.473552439,596.684533025));
#3163 = CARTESIAN_POINT('',(290.893568539,194.973358519,598.876091799));
#3164 = CARTESIAN_POINT('',(290.874122915,194.97336599,601.124006958));
#3165 = CARTESIAN_POINT('',(290.855164835,195.473574108,603.315561916));
#3166 = CARTESIAN_POINT('',(290.855164561,195.473581331,603.315593563));
#3167 = CARTESIAN_POINT('',(290.855164287,195.473588555,603.31562521));
#3168 = CARTESIAN_POINT('',(290.855164014,195.473595778,603.315656857));
#3169 = CARTESIAN_POINT('',(290.836205901,195.973818345,605.507209093));
#3170 = CARTESIAN_POINT('',(290.816760277,196.94915891,607.532507427));
#3171 = CARTESIAN_POINT('',(290.797802198,198.350710911,609.289998048));
#3172 = CARTESIAN_POINT('',(290.797801924,198.35073115,609.290023427));
#3173 = CARTESIAN_POINT('',(290.79780165,198.350751389,609.290048806));
#3174 = CARTESIAN_POINT('',(290.797801377,198.350771628,609.290074184));
#3175 = CARTESIAN_POINT('',(290.778843264,199.752335466,611.047556083));
#3176 = CARTESIAN_POINT('',(290.75939764,201.509830965,612.449102419));
#3177 = CARTESIAN_POINT('',(290.74043956,203.535132287,613.424436132));
#3178 = CARTESIAN_POINT('',(290.740439286,203.535161533,613.424450216));
#3179 = CARTESIAN_POINT('',(290.740439012,203.535190779,613.4244643));
#3180 = CARTESIAN_POINT('',(290.740438739,203.535220026,613.424478384));
#3181 = CARTESIAN_POINT('',(290.721480627,205.560528228,614.399799103));
#3182 = CARTESIAN_POINT('',(290.702035003,207.752085123,614.9));
#3183 = CARTESIAN_POINT('',(290.683076923,210.,614.9));
#3184 = CARTESIAN_POINT('',(290.683076649,210.000032461,614.9));
#3185 = CARTESIAN_POINT('',(290.683076375,210.000064922,614.9));
#3186 = CARTESIAN_POINT('',(290.683076102,210.000097382,614.9));
#3187 = CARTESIAN_POINT('',(290.664117989,212.248012821,614.899985308));
#3188 = CARTESIAN_POINT('',(290.644672365,214.43956639,614.399769844));
#3189 = CARTESIAN_POINT('',(290.625714286,216.464867713,613.424436132));
#3190 = CARTESIAN_POINT('',(290.625714012,216.464896959,613.424422048));
#3191 = CARTESIAN_POINT('',(290.625713738,216.464926205,613.424407963));
#3192 = CARTESIAN_POINT('',(290.625713465,216.464955451,613.424393879));
#3193 = CARTESIAN_POINT('',(290.606755352,218.490250904,612.449046686));
#3194 = CARTESIAN_POINT('',(290.587309728,220.247737087,611.047488669));
#3195 = CARTESIAN_POINT('',(290.568351648,221.649289089,609.289998048));
#3196 = CARTESIAN_POINT('',(290.568351374,221.649309328,609.289972669));
#3197 = CARTESIAN_POINT('',(290.5683511,221.649329567,609.28994729));
#3198 = CARTESIAN_POINT('',(290.568350827,221.649349806,609.289921911));
#3199 = CARTESIAN_POINT('',(290.549392715,223.05089067,607.532421691));
#3200 = CARTESIAN_POINT('',(290.529947091,224.026217774,605.507116874));
#3201 = CARTESIAN_POINT('',(290.510989011,224.526425892,603.315561916));
#3202 = CARTESIAN_POINT('',(290.510988737,224.526433115,603.315530269));
#3203 = CARTESIAN_POINT('',(290.510988463,224.526440338,603.315498622));
#3204 = CARTESIAN_POINT('',(290.51098819,224.526447561,603.315466975));
#3205 = CARTESIAN_POINT('',(290.492030077,225.026641481,601.123908201));
#3206 = CARTESIAN_POINT('',(290.472584453,225.02663401,598.875993042));
#3207 = CARTESIAN_POINT('',(290.453626374,224.526425892,596.684438084));
#3208 = CARTESIAN_POINT('',(290.4536261,224.526418669,596.684406437));
#3209 = CARTESIAN_POINT('',(290.453625826,224.526411445,596.68437479));
#3210 = CARTESIAN_POINT('',(290.453625553,224.526404222,596.684343143));
#3211 = CARTESIAN_POINT('',(290.43466744,224.026181655,594.492790907));
#3212 = CARTESIAN_POINT('',(290.415221816,223.05084109,592.467492573));
#3213 = CARTESIAN_POINT('',(290.396263736,221.649289089,590.710001952));
#3214 = CARTESIAN_POINT('',(290.396263462,221.64926885,590.709976573));
#3215 = CARTESIAN_POINT('',(290.396263188,221.649248611,590.709951194));
#3216 = CARTESIAN_POINT('',(290.396262915,221.649228372,590.709925816));
#3217 = CARTESIAN_POINT('',(290.377304803,220.247664534,588.952443917));
#3218 = CARTESIAN_POINT('',(290.357859179,218.490169035,587.550897581));
#3219 = CARTESIAN_POINT('',(290.338901099,216.464867713,586.575563868));
#3220 = CARTESIAN_POINT('',(290.338900825,216.464838467,586.575549784));
#3221 = CARTESIAN_POINT('',(290.338900551,216.464809221,586.5755357));
#3222 = CARTESIAN_POINT('',(290.338900278,216.464779974,586.575521616));
#3223 = CARTESIAN_POINT('',(290.319942165,214.439471772,585.600200897));
#3224 = CARTESIAN_POINT('',(290.300496541,212.247914877,585.1));
#3225 = CARTESIAN_POINT('',(290.281538462,210.,585.1));
#3226 = CARTESIAN_POINT('',(290.281538188,209.999967539,585.1));
#3227 = CARTESIAN_POINT('',(290.281537914,209.999935078,585.1));
#3228 = CARTESIAN_POINT('',(290.281537641,209.999902618,585.1));
#3229 = CARTESIAN_POINT('',(290.262579528,207.751987179,585.100014692));
#3230 = CARTESIAN_POINT('',(290.243133904,205.56043361,585.600230156));
#3231 = CARTESIAN_POINT('',(290.224175824,203.535132287,586.575563868));
#3232 = CARTESIAN_POINT('',(290.22417555,203.535103041,586.575577952));
#3233 = CARTESIAN_POINT('',(290.224175276,203.535073795,586.575592037));
#3234 = CARTESIAN_POINT('',(290.224175003,203.535044549,586.575606121));
#3235 = CARTESIAN_POINT('',(290.20521689,201.509749096,587.550953314));
#3236 = CARTESIAN_POINT('',(290.185771266,199.752262913,588.952511331));
#3237 = CARTESIAN_POINT('',(290.166813187,198.350710911,590.710001952));
#3238 = CARTESIAN_POINT('',(290.166812913,198.350690672,590.710027331));
#3239 = CARTESIAN_POINT('',(290.166812639,198.350670433,590.71005271));
#3240 = CARTESIAN_POINT('',(290.166812366,198.350650194,590.710078089));
#3241 = CARTESIAN_POINT('',(290.147854253,196.94910933,592.467578309));
#3242 = CARTESIAN_POINT('',(290.128408629,195.973782226,594.492883126));
#3243 = CARTESIAN_POINT('',(290.109450549,195.473574108,596.684438084));
#3244 = CARTESIAN_POINT('',(290.109450275,195.473566885,596.684469731));
#3245 = CARTESIAN_POINT('',(290.109450001,195.473559662,596.684501378));
#3246 = CARTESIAN_POINT('',(290.109449728,195.473552439,596.684533025));
#3247 = CARTESIAN_POINT('',(290.090491616,194.973358519,598.876091799));
#3248 = CARTESIAN_POINT('',(290.071045992,194.97336599,601.124006958));
#3249 = CARTESIAN_POINT('',(290.052087912,195.473574108,603.315561916));
#3250 = CARTESIAN_POINT('',(290.052087638,195.473581331,603.315593563));
#3251 = CARTESIAN_POINT('',(290.052087364,195.473588555,603.31562521));
#3252 = CARTESIAN_POINT('',(290.052087091,195.473595778,603.315656857));
#3253 = CARTESIAN_POINT('',(290.033128978,195.973818345,605.507209093));
#3254 = CARTESIAN_POINT('',(290.013683354,196.94915891,607.532507427));
#3255 = CARTESIAN_POINT('',(289.994725275,198.350710911,609.289998048));
#3256 = CARTESIAN_POINT('',(289.994725001,198.35073115,609.290023427));
#3257 = CARTESIAN_POINT('',(289.994724727,198.350751389,609.290048806));
#3258 = CARTESIAN_POINT('',(289.994724454,198.350771628,609.290074184));
#3259 = CARTESIAN_POINT('',(289.975766341,199.752335466,611.047556083));
#3260 = CARTESIAN_POINT('',(289.956320717,201.509830965,612.449102419));
#3261 = CARTESIAN_POINT('',(289.937362637,203.535132287,613.424436132));
#3262 = CARTESIAN_POINT('',(289.937362363,203.535161533,613.424450216));
#3263 = CARTESIAN_POINT('',(289.937362089,203.535190779,613.4244643));
#3264 = CARTESIAN_POINT('',(289.937361816,203.535220026,613.424478384));
#3265 = CARTESIAN_POINT('',(289.918403704,205.560528228,614.399799103));
#3266 = CARTESIAN_POINT('',(289.89895808,207.752085123,614.9));
#3267 = CARTESIAN_POINT('',(289.88,210.,614.9));
#3268 = CARTESIAN_POINT('',(289.879999726,210.000032461,614.9));
#3269 = CARTESIAN_POINT('',(289.879999452,210.000064922,614.9));
#3270 = CARTESIAN_POINT('',(289.879999179,210.000097382,614.9));
#3271 = CARTESIAN_POINT('',(289.861041066,212.248012821,614.899985308));
#3272 = CARTESIAN_POINT('',(289.841595442,214.43956639,614.399769844));
#3273 = CARTESIAN_POINT('',(289.822637363,216.464867713,613.424436132));
#3274 = CARTESIAN_POINT('',(289.822637089,216.464896959,613.424422048));
#3275 = CARTESIAN_POINT('',(289.822636815,216.464926205,613.424407963));
#3276 = CARTESIAN_POINT('',(289.822636542,216.464955451,613.424393879));
#3277 = CARTESIAN_POINT('',(289.803678429,218.490250904,612.449046686));
#3278 = CARTESIAN_POINT('',(289.784232805,220.247737087,611.047488669));
#3279 = CARTESIAN_POINT('',(289.765274725,221.649289089,609.289998048));
#3280 = CARTESIAN_POINT('',(289.765274451,221.649309328,609.289972669));
#3281 = CARTESIAN_POINT('',(289.765274177,221.649329567,609.28994729));
#3282 = CARTESIAN_POINT('',(289.765273904,221.649349806,609.289921911));
#3283 = CARTESIAN_POINT('',(289.746315792,223.05089067,607.532421691));
#3284 = CARTESIAN_POINT('',(289.726870168,224.026217774,605.507116874));
#3285 = CARTESIAN_POINT('',(289.707912088,224.526425892,603.315561916));
#3286 = CARTESIAN_POINT('',(289.707911814,224.526433115,603.315530269));
#3287 = CARTESIAN_POINT('',(289.70791154,224.526440338,603.315498622));
#3288 = CARTESIAN_POINT('',(289.707911267,224.526447561,603.315466975));
#3289 = CARTESIAN_POINT('',(289.688953154,225.026641481,601.123908201));
#3290 = CARTESIAN_POINT('',(289.66950753,225.02663401,598.875993042));
#3291 = CARTESIAN_POINT('',(289.650549451,224.526425892,596.684438084));
#3292 = CARTESIAN_POINT('',(289.650549177,224.526418669,596.684406437));
#3293 = CARTESIAN_POINT('',(289.650548903,224.526411445,596.68437479));
#3294 = CARTESIAN_POINT('',(289.65054863,224.526404222,596.684343143));
#3295 = CARTESIAN_POINT('',(289.633914929,224.087512831,594.761492247));
#3296 = CARTESIAN_POINT('',(289.616844437,223.279870477,592.960179335));
#3297 = CARTESIAN_POINT('',(289.6,222.132974356,591.351246721));
#3298 = CARTESIAN_POINT('',(295.5,210.,584.7));
#3299 = CARTESIAN_POINT('',(295.481041637,207.69170394,584.7));
#3300 = CARTESIAN_POINT('',(295.461595725,205.44128168,585.213644195));
#3301 = CARTESIAN_POINT('',(295.442637363,203.361578792,586.215176321));
#3302 = CARTESIAN_POINT('',(295.442637089,203.361548761,586.215190783));
#3303 = CARTESIAN_POINT('',(295.442636815,203.361518729,586.215205246));
#3304 = CARTESIAN_POINT('',(295.442636542,203.361488698,586.215219708));
#3305 = CARTESIAN_POINT('',(295.423678429,201.281822897,587.216750718));
#3306 = CARTESIAN_POINT('',(295.404232805,199.477155877,588.655934454));
#3307 = CARTESIAN_POINT('',(295.385274725,198.037978318,590.460606032));
#3308 = CARTESIAN_POINT('',(295.385274451,198.037957536,590.460632092));
#3309 = CARTESIAN_POINT('',(295.385274177,198.037936753,590.460658152));
#3310 = CARTESIAN_POINT('',(295.385273904,198.037915971,590.460684213));
#3311 = CARTESIAN_POINT('',(295.366315792,196.598749848,592.265365646));
#3312 = CARTESIAN_POINT('',(295.346870168,195.597239467,594.345041062));
#3313 = CARTESIAN_POINT('',(295.327912088,195.083602944,596.59542971));
#3314 = CARTESIAN_POINT('',(295.327911814,195.083595527,596.595462207));
#3315 = CARTESIAN_POINT('',(295.32791154,195.08358811,596.595494703));
#3316 = CARTESIAN_POINT('',(295.327911267,195.083580693,596.5955272));
#3317 = CARTESIAN_POINT('',(295.308953154,194.569958749,598.845919767));
#3318 = CARTESIAN_POINT('',(295.28950753,194.56996642,601.154181641));
#3319 = CARTESIAN_POINT('',(295.270549451,195.083602944,603.40457029));
#3320 = CARTESIAN_POINT('',(295.270549177,195.083610361,603.404602787));
#3321 = CARTESIAN_POINT('',(295.270548903,195.083617778,603.404635283));
#3322 = CARTESIAN_POINT('',(295.27054863,195.083625196,603.404667779));
#3323 = CARTESIAN_POINT('',(295.251590517,195.597276555,605.655053632));
#3324 = CARTESIAN_POINT('',(295.232144893,196.598800759,607.734722391));
#3325 = CARTESIAN_POINT('',(295.213186813,198.037978318,609.539393968));
#3326 = CARTESIAN_POINT('',(295.213186539,198.0379991,609.539420028));
#3327 = CARTESIAN_POINT('',(295.213186265,198.038019883,609.539446088));
#3328 = CARTESIAN_POINT('',(295.213185992,198.038040665,609.539472148));
#3329 = CARTESIAN_POINT('',(295.19422788,199.477230378,611.34413477));
#3330 = CARTESIAN_POINT('',(295.174782256,201.281906964,612.783306511));
#3331 = CARTESIAN_POINT('',(295.155824176,203.361578792,613.784823679));
#3332 = CARTESIAN_POINT('',(295.155823902,203.361608823,613.784838141));
#3333 = CARTESIAN_POINT('',(295.155823628,203.361638855,613.784852604));
#3334 = CARTESIAN_POINT('',(295.155823355,203.361668886,613.784867066));
#3335 = CARTESIAN_POINT('',(295.136865242,205.441347778,614.786370891));
#3336 = CARTESIAN_POINT('',(295.117419618,207.691738415,615.3));
#3337 = CARTESIAN_POINT('',(295.098461538,210.,615.3));
#3338 = CARTESIAN_POINT('',(295.098461264,210.000033332,615.3));
#3339 = CARTESIAN_POINT('',(295.09846099,210.000066664,615.3));
#3340 = CARTESIAN_POINT('',(295.098460717,210.000099997,615.3));
#3341 = CARTESIAN_POINT('',(295.079502605,212.308362158,615.299984913));
#3342 = CARTESIAN_POINT('',(295.060056981,214.558749381,614.786340847));
#3343 = CARTESIAN_POINT('',(295.041098901,216.638421208,613.784823679));
#3344 = CARTESIAN_POINT('',(295.041098627,216.638451239,613.784809217));
#3345 = CARTESIAN_POINT('',(295.041098353,216.638481271,613.784794754));
#3346 = CARTESIAN_POINT('',(295.04109808,216.638511302,613.784780292));
#3347 = CARTESIAN_POINT('',(295.022139967,218.718177103,612.783249282));
#3348 = CARTESIAN_POINT('',(295.002694343,220.522844123,611.344065546));
#3349 = CARTESIAN_POINT('',(294.983736264,221.962021682,609.539393968));
#3350 = CARTESIAN_POINT('',(294.98373599,221.962042464,609.539367908));
#3351 = CARTESIAN_POINT('',(294.983735716,221.962063247,609.539341848));
#3352 = CARTESIAN_POINT('',(294.983735443,221.962084029,609.539315787));
#3353 = CARTESIAN_POINT('',(294.96477733,223.401250152,607.734634354));
#3354 = CARTESIAN_POINT('',(294.945331706,224.402760533,605.654958938));
#3355 = CARTESIAN_POINT('',(294.926373626,224.916397056,603.40457029));
#3356 = CARTESIAN_POINT('',(294.926373352,224.916404473,603.404537793));
#3357 = CARTESIAN_POINT('',(294.926373078,224.91641189,603.404505297));
#3358 = CARTESIAN_POINT('',(294.926372805,224.916419307,603.4044728));
#3359 = CARTESIAN_POINT('',(294.907414693,225.430041251,601.154080233));
#3360 = CARTESIAN_POINT('',(294.887969069,225.43003358,598.845818359));
#3361 = CARTESIAN_POINT('',(294.869010989,224.916397056,596.59542971));
#3362 = CARTESIAN_POINT('',(294.869010715,224.916389639,596.595397213));
#3363 = CARTESIAN_POINT('',(294.869010441,224.916382222,596.595364717));
#3364 = CARTESIAN_POINT('',(294.869010168,224.916374804,596.595332221));
#3365 = CARTESIAN_POINT('',(294.850052055,224.402723445,594.344946368));
#3366 = CARTESIAN_POINT('',(294.830606431,223.401199241,592.265277609));
#3367 = CARTESIAN_POINT('',(294.811648352,221.962021682,590.460606032));
#3368 = CARTESIAN_POINT('',(294.811648078,221.9620009,590.460579972));
#3369 = CARTESIAN_POINT('',(294.811647804,221.961980117,590.460553912));
#3370 = CARTESIAN_POINT('',(294.811647531,221.961959335,590.460527852));
#3371 = CARTESIAN_POINT('',(294.792689418,220.522769622,588.65586523));
#3372 = CARTESIAN_POINT('',(294.773243794,218.718093036,587.216693489));
#3373 = CARTESIAN_POINT('',(294.754285714,216.638421208,586.215176321));
#3374 = CARTESIAN_POINT('',(294.75428544,216.638391177,586.215161859));
#3375 = CARTESIAN_POINT('',(294.754285166,216.638361145,586.215147396));
#3376 = CARTESIAN_POINT('',(294.754284893,216.638331114,586.215132934));
#3377 = CARTESIAN_POINT('',(294.735326781,214.558652222,585.213629109));
#3378 = CARTESIAN_POINT('',(294.715881157,212.308261585,584.7));
#3379 = CARTESIAN_POINT('',(294.696923077,210.,584.7));
#3380 = CARTESIAN_POINT('',(294.696922803,209.999966668,584.7));
#3381 = CARTESIAN_POINT('',(294.696922529,209.999933336,584.7));
#3382 = CARTESIAN_POINT('',(294.696922256,209.999900003,584.7));
#3383 = CARTESIAN_POINT('',(294.677964143,207.691637842,584.700015087));
#3384 = CARTESIAN_POINT('',(294.658518519,205.441250619,585.213659153));
#3385 = CARTESIAN_POINT('',(294.63956044,203.361578792,586.215176321));
#3386 = CARTESIAN_POINT('',(294.639560166,203.361548761,586.215190783));
#3387 = CARTESIAN_POINT('',(294.639559892,203.361518729,586.215205246));
#3388 = CARTESIAN_POINT('',(294.639559619,203.361488698,586.215219708));
#3389 = CARTESIAN_POINT('',(294.620601506,201.281822897,587.216750718));
#3390 = CARTESIAN_POINT('',(294.601155882,199.477155877,588.655934454));
#3391 = CARTESIAN_POINT('',(294.582197802,198.037978318,590.460606032));
#3392 = CARTESIAN_POINT('',(294.582197528,198.037957536,590.460632092));
#3393 = CARTESIAN_POINT('',(294.582197254,198.037936753,590.460658152));
#3394 = CARTESIAN_POINT('',(294.582196981,198.037915971,590.460684213));
#3395 = CARTESIAN_POINT('',(294.563238869,196.598749848,592.265365646));
#3396 = CARTESIAN_POINT('',(294.543793245,195.597239467,594.345041062));
#3397 = CARTESIAN_POINT('',(294.524835165,195.083602944,596.59542971));
#3398 = CARTESIAN_POINT('',(294.524834891,195.083595527,596.595462207));
#3399 = CARTESIAN_POINT('',(294.524834617,195.08358811,596.595494703));
#3400 = CARTESIAN_POINT('',(294.524834344,195.083580693,596.5955272));
#3401 = CARTESIAN_POINT('',(294.505876231,194.569958749,598.845919767));
#3402 = CARTESIAN_POINT('',(294.486430607,194.56996642,601.154181641));
#3403 = CARTESIAN_POINT('',(294.467472527,195.083602944,603.40457029));
#3404 = CARTESIAN_POINT('',(294.467472253,195.083610361,603.404602787));
#3405 = CARTESIAN_POINT('',(294.467471979,195.083617778,603.404635283));
#3406 = CARTESIAN_POINT('',(294.467471706,195.083625196,603.404667779));
#3407 = CARTESIAN_POINT('',(294.448513594,195.597276555,605.655053632));
#3408 = CARTESIAN_POINT('',(294.42906797,196.598800759,607.734722391));
#3409 = CARTESIAN_POINT('',(294.41010989,198.037978318,609.539393968));
#3410 = CARTESIAN_POINT('',(294.410109616,198.0379991,609.539420028));
#3411 = CARTESIAN_POINT('',(294.410109342,198.038019883,609.539446088));
#3412 = CARTESIAN_POINT('',(294.410109069,198.038040665,609.539472148));
#3413 = CARTESIAN_POINT('',(294.391150956,199.477230378,611.34413477));
#3414 = CARTESIAN_POINT('',(294.371705332,201.281906964,612.783306511));
#3415 = CARTESIAN_POINT('',(294.352747253,203.361578792,613.784823679));
#3416 = CARTESIAN_POINT('',(294.352746979,203.361608823,613.784838141));
#3417 = CARTESIAN_POINT('',(294.352746705,203.361638855,613.784852604));
#3418 = CARTESIAN_POINT('',(294.352746432,203.361668886,613.784867066));
#3419 = CARTESIAN_POINT('',(294.333788319,205.441347778,614.786370891));
#3420 = CARTESIAN_POINT('',(294.314342695,207.691738415,615.3));
#3421 = CARTESIAN_POINT('',(294.295384615,210.,615.3));
#3422 = CARTESIAN_POINT('',(294.295384341,210.000033332,615.3));
#3423 = CARTESIAN_POINT('',(294.295384067,210.000066664,615.3));
#3424 = CARTESIAN_POINT('',(294.295383794,210.000099997,615.3));
#3425 = CARTESIAN_POINT('',(294.276425682,212.308362158,615.299984913));
#3426 = CARTESIAN_POINT('',(294.256980058,214.558749381,614.786340847));
#3427 = CARTESIAN_POINT('',(294.238021978,216.638421208,613.784823679));
#3428 = CARTESIAN_POINT('',(294.238021704,216.638451239,613.784809217));
#3429 = CARTESIAN_POINT('',(294.23802143,216.638481271,613.784794754));
#3430 = CARTESIAN_POINT('',(294.238021157,216.638511302,613.784780292));
#3431 = CARTESIAN_POINT('',(294.219063044,218.718177103,612.783249282));
#3432 = CARTESIAN_POINT('',(294.19961742,220.522844123,611.344065546));
#3433 = CARTESIAN_POINT('',(294.180659341,221.962021682,609.539393968));
#3434 = CARTESIAN_POINT('',(294.180659067,221.962042464,609.539367908));
#3435 = CARTESIAN_POINT('',(294.180658793,221.962063247,609.539341848));
#3436 = CARTESIAN_POINT('',(294.18065852,221.962084029,609.539315787));
#3437 = CARTESIAN_POINT('',(294.161700407,223.401250152,607.734634354));
#3438 = CARTESIAN_POINT('',(294.142254783,224.402760533,605.654958938));
#3439 = CARTESIAN_POINT('',(294.123296703,224.916397056,603.40457029));
#3440 = CARTESIAN_POINT('',(294.123296429,224.916404473,603.404537793));
#3441 = CARTESIAN_POINT('',(294.123296155,224.91641189,603.404505297));
#3442 = CARTESIAN_POINT('',(294.123295882,224.916419307,603.4044728));
#3443 = CARTESIAN_POINT('',(294.10433777,225.430041251,601.154080233));
#3444 = CARTESIAN_POINT('',(294.084892146,225.43003358,598.845818359));
#3445 = CARTESIAN_POINT('',(294.065934066,224.916397056,596.59542971));
#3446 = CARTESIAN_POINT('',(294.065933792,224.916389639,596.595397213));
#3447 = CARTESIAN_POINT('',(294.065933518,224.916382222,596.595364717));
#3448 = CARTESIAN_POINT('',(294.065933245,224.916374804,596.595332221));
#3449 = CARTESIAN_POINT('',(294.046975132,224.402723445,594.344946368));
#3450 = CARTESIAN_POINT('',(294.027529508,223.401199241,592.265277609));
#3451 = CARTESIAN_POINT('',(294.008571429,221.962021682,590.460606032));
#3452 = CARTESIAN_POINT('',(294.008571155,221.9620009,590.460579972));
#3453 = CARTESIAN_POINT('',(294.008570881,221.961980117,590.460553912));
#3454 = CARTESIAN_POINT('',(294.008570608,221.961959335,590.460527852));
#3455 = CARTESIAN_POINT('',(293.989612495,220.522769622,588.65586523));
#3456 = CARTESIAN_POINT('',(293.970166871,218.718093036,587.216693489));
#3457 = CARTESIAN_POINT('',(293.951208791,216.638421208,586.215176321));
#3458 = CARTESIAN_POINT('',(293.951208517,216.638391177,586.215161859));
#3459 = CARTESIAN_POINT('',(293.951208243,216.638361145,586.215147396));
#3460 = CARTESIAN_POINT('',(293.95120797,216.638331114,586.215132934));
#3461 = CARTESIAN_POINT('',(293.932249858,214.558652222,585.213629109));
#3462 = CARTESIAN_POINT('',(293.912804234,212.308261585,584.7));
#3463 = CARTESIAN_POINT('',(293.893846154,210.,584.7));
#3464 = CARTESIAN_POINT('',(293.89384588,209.999966668,584.7));
#3465 = CARTESIAN_POINT('',(293.893845606,209.999933336,584.7));
#3466 = CARTESIAN_POINT('',(293.893845333,209.999900003,584.7));
#3467 = CARTESIAN_POINT('',(293.87488722,207.691637842,584.700015087));
#3468 = CARTESIAN_POINT('',(293.855441596,205.441250619,585.213659153));
#3469 = CARTESIAN_POINT('',(293.836483516,203.361578792,586.215176321));
#3470 = CARTESIAN_POINT('',(293.836483242,203.361548761,586.215190783));
#3471 = CARTESIAN_POINT('',(293.836482968,203.361518729,586.215205246));
#3472 = CARTESIAN_POINT('',(293.836482695,203.361488698,586.215219708));
#3473 = CARTESIAN_POINT('',(293.817524583,201.281822897,587.216750718));
#3474 = CARTESIAN_POINT('',(293.798078959,199.477155877,588.655934454));
#3475 = CARTESIAN_POINT('',(293.779120879,198.037978318,590.460606032));
#3476 = CARTESIAN_POINT('',(293.779120605,198.037957536,590.460632092));
#3477 = CARTESIAN_POINT('',(293.779120331,198.037936753,590.460658152));
#3478 = CARTESIAN_POINT('',(293.779120058,198.037915971,590.460684213));
#3479 = CARTESIAN_POINT('',(293.760161945,196.598749848,592.265365646));
#3480 = CARTESIAN_POINT('',(293.740716321,195.597239467,594.345041062));
#3481 = CARTESIAN_POINT('',(293.721758242,195.083602944,596.59542971));
#3482 = CARTESIAN_POINT('',(293.721757968,195.083595527,596.595462207));
#3483 = CARTESIAN_POINT('',(293.721757694,195.08358811,596.595494703));
#3484 = CARTESIAN_POINT('',(293.721757421,195.083580693,596.5955272));
#3485 = CARTESIAN_POINT('',(293.702799308,194.569958749,598.845919767));
#3486 = CARTESIAN_POINT('',(293.683353684,194.56996642,601.154181641));
#3487 = CARTESIAN_POINT('',(293.664395604,195.083602944,603.40457029));
#3488 = CARTESIAN_POINT('',(293.66439533,195.083610361,603.404602787));
#3489 = CARTESIAN_POINT('',(293.664395056,195.083617778,603.404635283));
#3490 = CARTESIAN_POINT('',(293.664394783,195.083625196,603.404667779));
#3491 = CARTESIAN_POINT('',(293.645436671,195.597276555,605.655053632));
#3492 = CARTESIAN_POINT('',(293.625991047,196.598800759,607.734722391));
#3493 = CARTESIAN_POINT('',(293.607032967,198.037978318,609.539393968));
#3494 = CARTESIAN_POINT('',(293.607032693,198.0379991,609.539420028));
#3495 = CARTESIAN_POINT('',(293.607032419,198.038019883,609.539446088));
#3496 = CARTESIAN_POINT('',(293.607032146,198.038040665,609.539472148));
#3497 = CARTESIAN_POINT('',(293.588074033,199.477230378,611.34413477));
#3498 = CARTESIAN_POINT('',(293.568628409,201.281906964,612.783306511));
#3499 = CARTESIAN_POINT('',(293.54967033,203.361578792,613.784823679));
#3500 = CARTESIAN_POINT('',(293.549670056,203.361608823,613.784838141));
#3501 = CARTESIAN_POINT('',(293.549669782,203.361638855,613.784852604));
#3502 = CARTESIAN_POINT('',(293.549669509,203.361668886,613.784867066));
#3503 = CARTESIAN_POINT('',(293.530711396,205.441347778,614.786370891));
#3504 = CARTESIAN_POINT('',(293.511265772,207.691738415,615.3));
#3505 = CARTESIAN_POINT('',(293.492307692,210.,615.3));
#3506 = CARTESIAN_POINT('',(293.492307418,210.000033332,615.3));
#3507 = CARTESIAN_POINT('',(293.492307144,210.000066664,615.3));
#3508 = CARTESIAN_POINT('',(293.492306871,210.000099997,615.3));
#3509 = CARTESIAN_POINT('',(293.473348759,212.308362158,615.299984913));
#3510 = CARTESIAN_POINT('',(293.453903135,214.558749381,614.786340847));
#3511 = CARTESIAN_POINT('',(293.434945055,216.638421208,613.784823679));
#3512 = CARTESIAN_POINT('',(293.434944781,216.638451239,613.784809217));
#3513 = CARTESIAN_POINT('',(293.434944507,216.638481271,613.784794754));
#3514 = CARTESIAN_POINT('',(293.434944234,216.638511302,613.784780292));
#3515 = CARTESIAN_POINT('',(293.415986121,218.718177103,612.783249282));
#3516 = CARTESIAN_POINT('',(293.396540497,220.522844123,611.344065546));
#3517 = CARTESIAN_POINT('',(293.377582418,221.962021682,609.539393968));
#3518 = CARTESIAN_POINT('',(293.377582144,221.962042464,609.539367908));
#3519 = CARTESIAN_POINT('',(293.37758187,221.962063247,609.539341848));
#3520 = CARTESIAN_POINT('',(293.377581597,221.962084029,609.539315787));
#3521 = CARTESIAN_POINT('',(293.358623484,223.401250152,607.734634354));
#3522 = CARTESIAN_POINT('',(293.33917786,224.402760533,605.654958938));
#3523 = CARTESIAN_POINT('',(293.32021978,224.916397056,603.40457029));
#3524 = CARTESIAN_POINT('',(293.320219506,224.916404473,603.404537793));
#3525 = CARTESIAN_POINT('',(293.320219232,224.91641189,603.404505297));
#3526 = CARTESIAN_POINT('',(293.320218959,224.916419307,603.4044728));
#3527 = CARTESIAN_POINT('',(293.301260847,225.430041251,601.154080233));
#3528 = CARTESIAN_POINT('',(293.281815223,225.43003358,598.845818359));
#3529 = CARTESIAN_POINT('',(293.262857143,224.916397056,596.59542971));
#3530 = CARTESIAN_POINT('',(293.262856869,224.916389639,596.595397213));
#3531 = CARTESIAN_POINT('',(293.262856595,224.916382222,596.595364717));
#3532 = CARTESIAN_POINT('',(293.262856322,224.916374804,596.595332221));
#3533 = CARTESIAN_POINT('',(293.243898209,224.402723445,594.344946368));
#3534 = CARTESIAN_POINT('',(293.224452585,223.401199241,592.265277609));
#3535 = CARTESIAN_POINT('',(293.205494505,221.962021682,590.460606032));
#3536 = CARTESIAN_POINT('',(293.205494231,221.9620009,590.460579972));
#3537 = CARTESIAN_POINT('',(293.205493957,221.961980117,590.460553912));
#3538 = CARTESIAN_POINT('',(293.205493684,221.961959335,590.460527852));
#3539 = CARTESIAN_POINT('',(293.186535572,220.522769622,588.65586523));
#3540 = CARTESIAN_POINT('',(293.167089948,218.718093036,587.216693489));
#3541 = CARTESIAN_POINT('',(293.148131868,216.638421208,586.215176321));
#3542 = CARTESIAN_POINT('',(293.148131594,216.638391177,586.215161859));
#3543 = CARTESIAN_POINT('',(293.14813132,216.638361145,586.215147396));
#3544 = CARTESIAN_POINT('',(293.148131047,216.638331114,586.215132934));
#3545 = CARTESIAN_POINT('',(293.129172934,214.558652222,585.213629109));
#3546 = CARTESIAN_POINT('',(293.10972731,212.308261585,584.7));
#3547 = CARTESIAN_POINT('',(293.090769231,210.,584.7));
#3548 = CARTESIAN_POINT('',(293.090768957,209.999966668,584.7));
#3549 = CARTESIAN_POINT('',(293.090768683,209.999933336,584.7));
#3550 = CARTESIAN_POINT('',(293.09076841,209.999900003,584.7));
#3551 = CARTESIAN_POINT('',(293.071810297,207.691637842,584.700015087));
#3552 = CARTESIAN_POINT('',(293.052364673,205.441250619,585.213659153));
#3553 = CARTESIAN_POINT('',(293.033406593,203.361578792,586.215176321));
#3554 = CARTESIAN_POINT('',(293.033406319,203.361548761,586.215190783));
#3555 = CARTESIAN_POINT('',(293.033406045,203.361518729,586.215205246));
#3556 = CARTESIAN_POINT('',(293.033405772,203.361488698,586.215219708));
#3557 = CARTESIAN_POINT('',(293.01444766,201.281822897,587.216750718));
#3558 = CARTESIAN_POINT('',(292.995002036,199.477155877,588.655934454));
#3559 = CARTESIAN_POINT('',(292.976043956,198.037978318,590.460606032));
#3560 = CARTESIAN_POINT('',(292.976043682,198.037957536,590.460632092));
#3561 = CARTESIAN_POINT('',(292.976043408,198.037936753,590.460658152));
#3562 = CARTESIAN_POINT('',(292.976043135,198.037915971,590.460684213));
#3563 = CARTESIAN_POINT('',(292.957085022,196.598749848,592.265365646));
#3564 = CARTESIAN_POINT('',(292.937639398,195.597239467,594.345041062));
#3565 = CARTESIAN_POINT('',(292.918681319,195.083602944,596.59542971));
#3566 = CARTESIAN_POINT('',(292.918681045,195.083595527,596.595462207));
#3567 = CARTESIAN_POINT('',(292.918680771,195.08358811,596.595494703));
#3568 = CARTESIAN_POINT('',(292.918680498,195.083580693,596.5955272));
#3569 = CARTESIAN_POINT('',(292.899722385,194.569958749,598.845919767));
#3570 = CARTESIAN_POINT('',(292.880276761,194.56996642,601.154181641));
#3571 = CARTESIAN_POINT('',(292.861318681,195.083602944,603.40457029));
#3572 = CARTESIAN_POINT('',(292.861318407,195.083610361,603.404602787));
#3573 = CARTESIAN_POINT('',(292.861318133,195.083617778,603.404635283));
#3574 = CARTESIAN_POINT('',(292.86131786,195.083625196,603.404667779));
#3575 = CARTESIAN_POINT('',(292.842359748,195.597276555,605.655053632));
#3576 = CARTESIAN_POINT('',(292.822914124,196.598800759,607.734722391));
#3577 = CARTESIAN_POINT('',(292.803956044,198.037978318,609.539393968));
#3578 = CARTESIAN_POINT('',(292.80395577,198.0379991,609.539420028));
#3579 = CARTESIAN_POINT('',(292.803955496,198.038019883,609.539446088));
#3580 = CARTESIAN_POINT('',(292.803955223,198.038040665,609.539472148));
#3581 = CARTESIAN_POINT('',(292.78499711,199.477230378,611.34413477));
#3582 = CARTESIAN_POINT('',(292.765551486,201.281906964,612.783306511));
#3583 = CARTESIAN_POINT('',(292.746593407,203.361578792,613.784823679));
#3584 = CARTESIAN_POINT('',(292.746593133,203.361608823,613.784838141));
#3585 = CARTESIAN_POINT('',(292.746592859,203.361638855,613.784852604));
#3586 = CARTESIAN_POINT('',(292.746592586,203.361668886,613.784867066));
#3587 = CARTESIAN_POINT('',(292.727634473,205.441347778,614.786370891));
#3588 = CARTESIAN_POINT('',(292.708188849,207.691738415,615.3));
#3589 = CARTESIAN_POINT('',(292.689230769,210.,615.3));
#3590 = CARTESIAN_POINT('',(292.689230495,210.000033332,615.3));
#3591 = CARTESIAN_POINT('',(292.689230221,210.000066664,615.3));
#3592 = CARTESIAN_POINT('',(292.689229948,210.000099997,615.3));
#3593 = CARTESIAN_POINT('',(292.670271836,212.308362158,615.299984913));
#3594 = CARTESIAN_POINT('',(292.650826212,214.558749381,614.786340847));
#3595 = CARTESIAN_POINT('',(292.631868132,216.638421208,613.784823679));
#3596 = CARTESIAN_POINT('',(292.631867858,216.638451239,613.784809217));
#3597 = CARTESIAN_POINT('',(292.631867584,216.638481271,613.784794754));
#3598 = CARTESIAN_POINT('',(292.631867311,216.638511302,613.784780292));
#3599 = CARTESIAN_POINT('',(292.612909198,218.718177103,612.783249282));
#3600 = CARTESIAN_POINT('',(292.593463574,220.522844123,611.344065546));
#3601 = CARTESIAN_POINT('',(292.574505495,221.962021682,609.539393968));
#3602 = CARTESIAN_POINT('',(292.574505221,221.962042464,609.539367908));
#3603 = CARTESIAN_POINT('',(292.574504947,221.962063247,609.539341848));
#3604 = CARTESIAN_POINT('',(292.574504674,221.962084029,609.539315787));
#3605 = CARTESIAN_POINT('',(292.555546561,223.401250152,607.734634354));
#3606 = CARTESIAN_POINT('',(292.536100937,224.402760533,605.654958938));
#3607 = CARTESIAN_POINT('',(292.517142857,224.916397056,603.40457029));
#3608 = CARTESIAN_POINT('',(292.517142583,224.916404473,603.404537793));
#3609 = CARTESIAN_POINT('',(292.517142309,224.91641189,603.404505297));
#3610 = CARTESIAN_POINT('',(292.517142036,224.916419307,603.4044728));
#3611 = CARTESIAN_POINT('',(292.498183923,225.430041251,601.154080233));
#3612 = CARTESIAN_POINT('',(292.478738299,225.43003358,598.845818359));
#3613 = CARTESIAN_POINT('',(292.45978022,224.916397056,596.59542971));
#3614 = CARTESIAN_POINT('',(292.459779946,224.916389639,596.595397213));
#3615 = CARTESIAN_POINT('',(292.459779672,224.916382222,596.595364717));
#3616 = CARTESIAN_POINT('',(292.459779399,224.916374804,596.595332221));
#3617 = CARTESIAN_POINT('',(292.440821286,224.402723445,594.344946368));
#3618 = CARTESIAN_POINT('',(292.421375662,223.401199241,592.265277609));
#3619 = CARTESIAN_POINT('',(292.402417582,221.962021682,590.460606032));
#3620 = CARTESIAN_POINT('',(292.402417308,221.9620009,590.460579972));
#3621 = CARTESIAN_POINT('',(292.402417034,221.961980117,590.460553912));
#3622 = CARTESIAN_POINT('',(292.402416761,221.961959335,590.460527852));
#3623 = CARTESIAN_POINT('',(292.383458649,220.522769622,588.65586523));
#3624 = CARTESIAN_POINT('',(292.364013025,218.718093036,587.216693489));
#3625 = CARTESIAN_POINT('',(292.345054945,216.638421208,586.215176321));
#3626 = CARTESIAN_POINT('',(292.345054671,216.638391177,586.215161859));
#3627 = CARTESIAN_POINT('',(292.345054397,216.638361145,586.215147396));
#3628 = CARTESIAN_POINT('',(292.345054124,216.638331114,586.215132934));
#3629 = CARTESIAN_POINT('',(292.326096011,214.558652222,585.213629109));
#3630 = CARTESIAN_POINT('',(292.306650387,212.308261585,584.7));
#3631 = CARTESIAN_POINT('',(292.287692308,210.,584.7));
#3632 = CARTESIAN_POINT('',(292.287692034,209.999966668,584.7));
#3633 = CARTESIAN_POINT('',(292.28769176,209.999933336,584.7));
#3634 = CARTESIAN_POINT('',(292.287691487,209.999900003,584.7));
#3635 = CARTESIAN_POINT('',(292.268733374,207.691637842,584.700015087));
#3636 = CARTESIAN_POINT('',(292.24928775,205.441250619,585.213659153));
#3637 = CARTESIAN_POINT('',(292.23032967,203.361578792,586.215176321));
#3638 = CARTESIAN_POINT('',(292.230329396,203.361548761,586.215190783));
#3639 = CARTESIAN_POINT('',(292.230329122,203.361518729,586.215205246));
#3640 = CARTESIAN_POINT('',(292.230328849,203.361488698,586.215219708));
#3641 = CARTESIAN_POINT('',(292.211370737,201.281822897,587.216750718));
#3642 = CARTESIAN_POINT('',(292.191925113,199.477155877,588.655934454));
#3643 = CARTESIAN_POINT('',(292.172967033,198.037978318,590.460606032));
#3644 = CARTESIAN_POINT('',(292.172966759,198.037957536,590.460632092));
#3645 = CARTESIAN_POINT('',(292.172966485,198.037936753,590.460658152));
#3646 = CARTESIAN_POINT('',(292.172966212,198.037915971,590.460684213));
#3647 = CARTESIAN_POINT('',(292.154008099,196.598749848,592.265365646));
#3648 = CARTESIAN_POINT('',(292.134562475,195.597239467,594.345041062));
#3649 = CARTESIAN_POINT('',(292.115604396,195.083602944,596.59542971));
#3650 = CARTESIAN_POINT('',(292.115604122,195.083595527,596.595462207));
#3651 = CARTESIAN_POINT('',(292.115603848,195.08358811,596.595494703));
#3652 = CARTESIAN_POINT('',(292.115603575,195.083580693,596.5955272));
#3653 = CARTESIAN_POINT('',(292.096645462,194.569958749,598.845919767));
#3654 = CARTESIAN_POINT('',(292.077199838,194.56996642,601.154181641));
#3655 = CARTESIAN_POINT('',(292.058241758,195.083602944,603.40457029));
#3656 = CARTESIAN_POINT('',(292.058241484,195.083610361,603.404602787));
#3657 = CARTESIAN_POINT('',(292.05824121,195.083617778,603.404635283));
#3658 = CARTESIAN_POINT('',(292.058240937,195.083625196,603.404667779));
#3659 = CARTESIAN_POINT('',(292.039282825,195.597276555,605.655053632));
#3660 = CARTESIAN_POINT('',(292.019837201,196.598800759,607.734722391));
#3661 = CARTESIAN_POINT('',(292.000879121,198.037978318,609.539393968));
#3662 = CARTESIAN_POINT('',(292.000878847,198.0379991,609.539420028));
#3663 = CARTESIAN_POINT('',(292.000878573,198.038019883,609.539446088));
#3664 = CARTESIAN_POINT('',(292.0008783,198.038040665,609.539472148));
#3665 = CARTESIAN_POINT('',(291.981920187,199.477230378,611.34413477));
#3666 = CARTESIAN_POINT('',(291.962474563,201.281906964,612.783306511));
#3667 = CARTESIAN_POINT('',(291.943516484,203.361578792,613.784823679));
#3668 = CARTESIAN_POINT('',(291.94351621,203.361608823,613.784838141));
#3669 = CARTESIAN_POINT('',(291.943515936,203.361638855,613.784852604));
#3670 = CARTESIAN_POINT('',(291.943515663,203.361668886,613.784867066));
#3671 = CARTESIAN_POINT('',(291.92455755,205.441347778,614.786370891));
#3672 = CARTESIAN_POINT('',(291.905111926,207.691738415,615.3));
#3673 = CARTESIAN_POINT('',(291.886153846,210.,615.3));
#3674 = CARTESIAN_POINT('',(291.886153572,210.000033332,615.3));
#3675 = CARTESIAN_POINT('',(291.886153298,210.000066664,615.3));
#3676 = CARTESIAN_POINT('',(291.886153025,210.000099997,615.3));
#3677 = CARTESIAN_POINT('',(291.867194912,212.308362158,615.299984913));
#3678 = CARTESIAN_POINT('',(291.847749288,214.558749381,614.786340847));
#3679 = CARTESIAN_POINT('',(291.828791209,216.638421208,613.784823679));
#3680 = CARTESIAN_POINT('',(291.828790935,216.638451239,613.784809217));
#3681 = CARTESIAN_POINT('',(291.828790661,216.638481271,613.784794754));
#3682 = CARTESIAN_POINT('',(291.828790388,216.638511302,613.784780292));
#3683 = CARTESIAN_POINT('',(291.809832275,218.718177103,612.783249282));
#3684 = CARTESIAN_POINT('',(291.790386651,220.522844123,611.344065546));
#3685 = CARTESIAN_POINT('',(291.771428571,221.962021682,609.539393968));
#3686 = CARTESIAN_POINT('',(291.771428297,221.962042464,609.539367908));
#3687 = CARTESIAN_POINT('',(291.771428023,221.962063247,609.539341848));
#3688 = CARTESIAN_POINT('',(291.77142775,221.962084029,609.539315787));
#3689 = CARTESIAN_POINT('',(291.752469638,223.401250152,607.734634354));
#3690 = CARTESIAN_POINT('',(291.733024014,224.402760533,605.654958938));
#3691 = CARTESIAN_POINT('',(291.714065934,224.916397056,603.40457029));
#3692 = CARTESIAN_POINT('',(291.71406566,224.916404473,603.404537793));
#3693 = CARTESIAN_POINT('',(291.714065386,224.91641189,603.404505297));
#3694 = CARTESIAN_POINT('',(291.714065113,224.916419307,603.4044728));
#3695 = CARTESIAN_POINT('',(291.695107,225.430041251,601.154080233));
#3696 = CARTESIAN_POINT('',(291.675661376,225.43003358,598.845818359));
#3697 = CARTESIAN_POINT('',(291.656703297,224.916397056,596.59542971));
#3698 = CARTESIAN_POINT('',(291.656703023,224.916389639,596.595397213));
#3699 = CARTESIAN_POINT('',(291.656702749,224.916382222,596.595364717));
#3700 = CARTESIAN_POINT('',(291.656702476,224.916374804,596.595332221));
#3701 = CARTESIAN_POINT('',(291.637744363,224.402723445,594.344946368));
#3702 = CARTESIAN_POINT('',(291.618298739,223.401199241,592.265277609));
#3703 = CARTESIAN_POINT('',(291.599340659,221.962021682,590.460606032));
#3704 = CARTESIAN_POINT('',(291.599340385,221.9620009,590.460579972));
#3705 = CARTESIAN_POINT('',(291.599340111,221.961980117,590.460553912));
#3706 = CARTESIAN_POINT('',(291.599339838,221.961959335,590.460527852));
#3707 = CARTESIAN_POINT('',(291.580381726,220.522769622,588.65586523));
#3708 = CARTESIAN_POINT('',(291.560936102,218.718093036,587.216693489));
#3709 = CARTESIAN_POINT('',(291.541978022,216.638421208,586.215176321));
#3710 = CARTESIAN_POINT('',(291.541977748,216.638391177,586.215161859));
#3711 = CARTESIAN_POINT('',(291.541977474,216.638361145,586.215147396));
#3712 = CARTESIAN_POINT('',(291.541977201,216.638331114,586.215132934));
#3713 = CARTESIAN_POINT('',(291.523019088,214.558652222,585.213629109));
#3714 = CARTESIAN_POINT('',(291.503573464,212.308261585,584.7));
#3715 = CARTESIAN_POINT('',(291.484615385,210.,584.7));
#3716 = CARTESIAN_POINT('',(291.484615111,209.999966668,584.7));
#3717 = CARTESIAN_POINT('',(291.484614837,209.999933336,584.7));
#3718 = CARTESIAN_POINT('',(291.484614564,209.999900003,584.7));
#3719 = CARTESIAN_POINT('',(291.465656451,207.691637842,584.700015087));
#3720 = CARTESIAN_POINT('',(291.446210827,205.441250619,585.213659153));
#3721 = CARTESIAN_POINT('',(291.427252747,203.361578792,586.215176321));
#3722 = CARTESIAN_POINT('',(291.427252473,203.361548761,586.215190783));
#3723 = CARTESIAN_POINT('',(291.427252199,203.361518729,586.215205246));
#3724 = CARTESIAN_POINT('',(291.427251926,203.361488698,586.215219708));
#3725 = CARTESIAN_POINT('',(291.408293814,201.281822897,587.216750718));
#3726 = CARTESIAN_POINT('',(291.38884819,199.477155877,588.655934454));
#3727 = CARTESIAN_POINT('',(291.36989011,198.037978318,590.460606032));
#3728 = CARTESIAN_POINT('',(291.369889836,198.037957536,590.460632092));
#3729 = CARTESIAN_POINT('',(291.369889562,198.037936753,590.460658152));
#3730 = CARTESIAN_POINT('',(291.369889289,198.037915971,590.460684213));
#3731 = CARTESIAN_POINT('',(291.350931176,196.598749848,592.265365646));
#3732 = CARTESIAN_POINT('',(291.331485552,195.597239467,594.345041062));
#3733 = CARTESIAN_POINT('',(291.312527473,195.083602944,596.59542971));
#3734 = CARTESIAN_POINT('',(291.312527199,195.083595527,596.595462207));
#3735 = CARTESIAN_POINT('',(291.312526925,195.08358811,596.595494703));
#3736 = CARTESIAN_POINT('',(291.312526652,195.083580693,596.5955272));
#3737 = CARTESIAN_POINT('',(291.293568539,194.569958749,598.845919767));
#3738 = CARTESIAN_POINT('',(291.274122915,194.56996642,601.154181641));
#3739 = CARTESIAN_POINT('',(291.255164835,195.083602944,603.40457029));
#3740 = CARTESIAN_POINT('',(291.255164561,195.083610361,603.404602787));
#3741 = CARTESIAN_POINT('',(291.255164287,195.083617778,603.404635283));
#3742 = CARTESIAN_POINT('',(291.255164014,195.083625196,603.404667779));
#3743 = CARTESIAN_POINT('',(291.236205901,195.597276555,605.655053632));
#3744 = CARTESIAN_POINT('',(291.216760277,196.598800759,607.734722391));
#3745 = CARTESIAN_POINT('',(291.197802198,198.037978318,609.539393968));
#3746 = CARTESIAN_POINT('',(291.197801924,198.0379991,609.539420028));
#3747 = CARTESIAN_POINT('',(291.19780165,198.038019883,609.539446088));
#3748 = CARTESIAN_POINT('',(291.197801377,198.038040665,609.539472148));
#3749 = CARTESIAN_POINT('',(291.178843264,199.477230378,611.34413477));
#3750 = CARTESIAN_POINT('',(291.15939764,201.281906964,612.783306511));
#3751 = CARTESIAN_POINT('',(291.14043956,203.361578792,613.784823679));
#3752 = CARTESIAN_POINT('',(291.140439286,203.361608823,613.784838141));
#3753 = CARTESIAN_POINT('',(291.140439012,203.361638855,613.784852604));
#3754 = CARTESIAN_POINT('',(291.140438739,203.361668886,613.784867066));
#3755 = CARTESIAN_POINT('',(291.121480627,205.441347778,614.786370891));
#3756 = CARTESIAN_POINT('',(291.102035003,207.691738415,615.3));
#3757 = CARTESIAN_POINT('',(291.083076923,210.,615.3));
#3758 = CARTESIAN_POINT('',(291.083076649,210.000033332,615.3));
#3759 = CARTESIAN_POINT('',(291.083076375,210.000066664,615.3));
#3760 = CARTESIAN_POINT('',(291.083076102,210.000099997,615.3));
#3761 = CARTESIAN_POINT('',(291.064117989,212.308362158,615.299984913));
#3762 = CARTESIAN_POINT('',(291.044672365,214.558749381,614.786340847));
#3763 = CARTESIAN_POINT('',(291.025714286,216.638421208,613.784823679));
#3764 = CARTESIAN_POINT('',(291.025714012,216.638451239,613.784809217));
#3765 = CARTESIAN_POINT('',(291.025713738,216.638481271,613.784794754));
#3766 = CARTESIAN_POINT('',(291.025713465,216.638511302,613.784780292));
#3767 = CARTESIAN_POINT('',(291.006755352,218.718177103,612.783249282));
#3768 = CARTESIAN_POINT('',(290.987309728,220.522844123,611.344065546));
#3769 = CARTESIAN_POINT('',(290.968351648,221.962021682,609.539393968));
#3770 = CARTESIAN_POINT('',(290.968351374,221.962042464,609.539367908));
#3771 = CARTESIAN_POINT('',(290.9683511,221.962063247,609.539341848));
#3772 = CARTESIAN_POINT('',(290.968350827,221.962084029,609.539315787));
#3773 = CARTESIAN_POINT('',(290.949392715,223.401250152,607.734634354));
#3774 = CARTESIAN_POINT('',(290.929947091,224.402760533,605.654958938));
#3775 = CARTESIAN_POINT('',(290.910989011,224.916397056,603.40457029));
#3776 = CARTESIAN_POINT('',(290.910988737,224.916404473,603.404537793));
#3777 = CARTESIAN_POINT('',(290.910988463,224.91641189,603.404505297));
#3778 = CARTESIAN_POINT('',(290.91098819,224.916419307,603.4044728));
#3779 = CARTESIAN_POINT('',(290.892030077,225.430041251,601.154080233));
#3780 = CARTESIAN_POINT('',(290.872584453,225.43003358,598.845818359));
#3781 = CARTESIAN_POINT('',(290.853626374,224.916397056,596.59542971));
#3782 = CARTESIAN_POINT('',(290.8536261,224.916389639,596.595397213));
#3783 = CARTESIAN_POINT('',(290.853625826,224.916382222,596.595364717));
#3784 = CARTESIAN_POINT('',(290.853625553,224.916374804,596.595332221));
#3785 = CARTESIAN_POINT('',(290.83466744,224.402723445,594.344946368));
#3786 = CARTESIAN_POINT('',(290.815221816,223.401199241,592.265277609));
#3787 = CARTESIAN_POINT('',(290.796263736,221.962021682,590.460606032));
#3788 = CARTESIAN_POINT('',(290.796263462,221.9620009,590.460579972));
#3789 = CARTESIAN_POINT('',(290.796263188,221.961980117,590.460553912));
#3790 = CARTESIAN_POINT('',(290.796262915,221.961959335,590.460527852));
#3791 = CARTESIAN_POINT('',(290.777304803,220.522769622,588.65586523));
#3792 = CARTESIAN_POINT('',(290.757859179,218.718093036,587.216693489));
#3793 = CARTESIAN_POINT('',(290.738901099,216.638421208,586.215176321));
#3794 = CARTESIAN_POINT('',(290.738900825,216.638391177,586.215161859));
#3795 = CARTESIAN_POINT('',(290.738900551,216.638361145,586.215147396));
#3796 = CARTESIAN_POINT('',(290.738900278,216.638331114,586.215132934));
#3797 = CARTESIAN_POINT('',(290.719942165,214.558652222,585.213629109));
#3798 = CARTESIAN_POINT('',(290.700496541,212.308261585,584.7));
#3799 = CARTESIAN_POINT('',(290.681538462,210.,584.7));
#3800 = CARTESIAN_POINT('',(290.681538188,209.999966668,584.7));
#3801 = CARTESIAN_POINT('',(290.681537914,209.999933336,584.7));
#3802 = CARTESIAN_POINT('',(290.681537641,209.999900003,584.7));
#3803 = CARTESIAN_POINT('',(290.662579528,207.691637842,584.700015087));
#3804 = CARTESIAN_POINT('',(290.643133904,205.441250619,585.213659153));
#3805 = CARTESIAN_POINT('',(290.624175824,203.361578792,586.215176321));
#3806 = CARTESIAN_POINT('',(290.62417555,203.361548761,586.215190783));
#3807 = CARTESIAN_POINT('',(290.624175276,203.361518729,586.215205246));
#3808 = CARTESIAN_POINT('',(290.624175003,203.361488698,586.215219708));
#3809 = CARTESIAN_POINT('',(290.60521689,201.281822897,587.216750718));
#3810 = CARTESIAN_POINT('',(290.585771266,199.477155877,588.655934454));
#3811 = CARTESIAN_POINT('',(290.566813187,198.037978318,590.460606032));
#3812 = CARTESIAN_POINT('',(290.566812913,198.037957536,590.460632092));
#3813 = CARTESIAN_POINT('',(290.566812639,198.037936753,590.460658152));
#3814 = CARTESIAN_POINT('',(290.566812366,198.037915971,590.460684213));
#3815 = CARTESIAN_POINT('',(290.547854253,196.598749848,592.265365646));
#3816 = CARTESIAN_POINT('',(290.528408629,195.597239467,594.345041062));
#3817 = CARTESIAN_POINT('',(290.509450549,195.083602944,596.59542971));
#3818 = CARTESIAN_POINT('',(290.509450275,195.083595527,596.595462207));
#3819 = CARTESIAN_POINT('',(290.509450001,195.08358811,596.595494703));
#3820 = CARTESIAN_POINT('',(290.509449728,195.083580693,596.5955272));
#3821 = CARTESIAN_POINT('',(290.490491616,194.569958749,598.845919767));
#3822 = CARTESIAN_POINT('',(290.471045992,194.56996642,601.154181641));
#3823 = CARTESIAN_POINT('',(290.452087912,195.083602944,603.40457029));
#3824 = CARTESIAN_POINT('',(290.452087638,195.083610361,603.404602787));
#3825 = CARTESIAN_POINT('',(290.452087364,195.083617778,603.404635283));
#3826 = CARTESIAN_POINT('',(290.452087091,195.083625196,603.404667779));
#3827 = CARTESIAN_POINT('',(290.433128978,195.597276555,605.655053632));
#3828 = CARTESIAN_POINT('',(290.413683354,196.598800759,607.734722391));
#3829 = CARTESIAN_POINT('',(290.394725275,198.037978318,609.539393968));
#3830 = CARTESIAN_POINT('',(290.394725001,198.0379991,609.539420028));
#3831 = CARTESIAN_POINT('',(290.394724727,198.038019883,609.539446088));
#3832 = CARTESIAN_POINT('',(290.394724454,198.038040665,609.539472148));
#3833 = CARTESIAN_POINT('',(290.375766341,199.477230378,611.34413477));
#3834 = CARTESIAN_POINT('',(290.356320717,201.281906964,612.783306511));
#3835 = CARTESIAN_POINT('',(290.337362637,203.361578792,613.784823679));
#3836 = CARTESIAN_POINT('',(290.337362363,203.361608823,613.784838141));
#3837 = CARTESIAN_POINT('',(290.337362089,203.361638855,613.784852604));
#3838 = CARTESIAN_POINT('',(290.337361816,203.361668886,613.784867066));
#3839 = CARTESIAN_POINT('',(290.318403704,205.441347778,614.786370891));
#3840 = CARTESIAN_POINT('',(290.29895808,207.691738415,615.3));
#3841 = CARTESIAN_POINT('',(290.28,210.,615.3));
#3842 = CARTESIAN_POINT('',(290.279999726,210.000033332,615.3));
#3843 = CARTESIAN_POINT('',(290.279999452,210.000066664,615.3));
#3844 = CARTESIAN_POINT('',(290.279999179,210.000099997,615.3));
#3845 = CARTESIAN_POINT('',(290.261041066,212.308362158,615.299984913));
#3846 = CARTESIAN_POINT('',(290.241595442,214.558749381,614.786340847));
#3847 = CARTESIAN_POINT('',(290.222637363,216.638421208,613.784823679));
#3848 = CARTESIAN_POINT('',(290.222637089,216.638451239,613.784809217));
#3849 = CARTESIAN_POINT('',(290.222636815,216.638481271,613.784794754));
#3850 = CARTESIAN_POINT('',(290.222636542,216.638511302,613.784780292));
#3851 = CARTESIAN_POINT('',(290.203678429,218.718177103,612.783249282));
#3852 = CARTESIAN_POINT('',(290.184232805,220.522844123,611.344065546));
#3853 = CARTESIAN_POINT('',(290.165274725,221.962021682,609.539393968));
#3854 = CARTESIAN_POINT('',(290.165274451,221.962042464,609.539367908));
#3855 = CARTESIAN_POINT('',(290.165274177,221.962063247,609.539341848));
#3856 = CARTESIAN_POINT('',(290.165273904,221.962084029,609.539315787));
#3857 = CARTESIAN_POINT('',(290.146315792,223.401250152,607.734634354));
#3858 = CARTESIAN_POINT('',(290.126870168,224.402760533,605.654958938));
#3859 = CARTESIAN_POINT('',(290.107912088,224.916397056,603.40457029));
#3860 = CARTESIAN_POINT('',(290.107911814,224.916404473,603.404537793));
#3861 = CARTESIAN_POINT('',(290.10791154,224.91641189,603.404505297));
#3862 = CARTESIAN_POINT('',(290.107911267,224.916419307,603.4044728));
#3863 = CARTESIAN_POINT('',(290.088953154,225.430041251,601.154080233));
#3864 = CARTESIAN_POINT('',(290.06950753,225.43003358,598.845818359));
#3865 = CARTESIAN_POINT('',(290.050549451,224.916397056,596.59542971));
#3866 = CARTESIAN_POINT('',(290.050549177,224.916389639,596.595397213));
#3867 = CARTESIAN_POINT('',(290.050548903,224.916382222,596.595364717));
#3868 = CARTESIAN_POINT('',(290.05054863,224.916374804,596.595332221));
#3869 = CARTESIAN_POINT('',(290.033914929,224.465701094,594.620861167));
#3870 = CARTESIAN_POINT('',(290.016844437,223.636377067,592.771190861));
#3871 = CARTESIAN_POINT('',(290.,222.458691788,591.119065425));
#3872 = DEFINITIONAL_REPRESENTATION('',(#3873),#3877);
#3873 = LINE('',#3874,#3875);
#3874 = CARTESIAN_POINT('',(1.,4.420369545447E-17));
#3875 = VECTOR('',#3876,1.);
#3876 = DIRECTION('',(-2.698832619563E-13,1.));
#3877 = ( GEOMETRIC_REPRESENTATION_CONTEXT(2) 
PARAMETRIC_REPRESENTATION_CONTEXT() REPRESENTATION_CONTEXT('2D SPACE',''
  ) );
#3878 = ORIENTED_EDGE('',*,*,#3879,.T.);
#3879 = EDGE_CURVE('',#1563,#3880,#3882,.T.);
#3880 = VERTEX_POINT('',#3881);
#3881 = CARTESIAN_POINT('',(295.9,210.,585.1));
#3882 = SURFACE_CURVE('',#3883,(#3887,#3893),.PCURVE_S1.);
#3883 = LINE('',#3884,#3885);
#3884 = CARTESIAN_POINT('',(295.5,210.,584.7));
#3885 = VECTOR('',#3886,1.);
#3886 = DIRECTION('',(0.707106781187,-0.,0.707106781187));
#3887 = PCURVE('',#98,#3888);
#3888 = DEFINITIONAL_REPRESENTATION('',(#3889),#3892);
#3889 = B_SPLINE_CURVE_WITH_KNOTS('',1,(#3890,#3891),.UNSPECIFIED.,.F.,
  .F.,(2,2),(0.,0.565685424949),.PIECEWISE_BEZIER_KNOTS.);
#3890 = CARTESIAN_POINT('',(-1.59992723155E-13,3.091316291629E-17));
#3891 = CARTESIAN_POINT('',(1.,5.162876004094E-17));
#3892 = ( GEOMETRIC_REPRESENTATION_CONTEXT(2) 
PARAMETRIC_REPRESENTATION_CONTEXT() REPRESENTATION_CONTEXT('2D SPACE',''
  ) );
#3893 = PCURVE('',#3894,#3899);
#3894 = PLANE('',#3895);
#3895 = AXIS2_PLACEMENT_3D('',#3896,#3897,#3898);
#3896 = CARTESIAN_POINT('',(230.,210.,600.));
#3897 = DIRECTION('',(0.,-1.,0.));
#3898 = DIRECTION('',(0.,0.,-1.));
#3899 = DEFINITIONAL_REPRESENTATION('',(#3900),#3904);
#3900 = LINE('',#3901,#3902);
#3901 = CARTESIAN_POINT('',(15.3,65.5));
#3902 = VECTOR('',#3903,1.);
#3903 = DIRECTION('',(-0.707106781187,0.707106781187));
#3904 = ( GEOMETRIC_REPRESENTATION_CONTEXT(2) 
PARAMETRIC_REPRESENTATION_CONTEXT() REPRESENTATION_CONTEXT('2D SPACE',''
  ) );
#3905 = ORIENTED_EDGE('',*,*,#3906,.T.);
#3906 = EDGE_CURVE('',#3880,#3907,#3909,.T.);
#3907 = VERTEX_POINT('',#3908);
#3908 = CARTESIAN_POINT('',(295.498461538,210.,614.9));
#3909 = SURFACE_CURVE('',#3910,(#3978,#4073),.PCURVE_S1.);
#3910 = B_SPLINE_CURVE_WITH_KNOTS('',3,(#3911,#3912,#3913,#3914,#3915,
    #3916,#3917,#3918,#3919,#3920,#3921,#3922,#3923,#3924,#3925,#3926,
    #3927,#3928,#3929,#3930,#3931,#3932,#3933,#3934,#3935,#3936,#3937,
    #3938,#3939,#3940,#3941,#3942,#3943,#3944,#3945,#3946,#3947,#3948,
    #3949,#3950,#3951,#3952,#3953,#3954,#3955,#3956,#3957,#3958,#3959,
    #3960,#3961,#3962,#3963,#3964,#3965,#3966,#3967,#3968,#3969,#3970,
    #3971,#3972,#3973,#3974,#3975,#3976,#3977),.UNSPECIFIED.,.F.,.F.,(4,
    3,3,3,3,3,3,3,3,3,3,3,3,3,3,3,3,3,3,3,3,3,4),(0.,3.90625E-03,
    7.8125E-03,9.765625E-03,1.171875E-02,1.5625E-02,1.7578125E-02,
    1.953125E-02,2.34375E-02,2.5390625E-02,2.734375E-02,3.125E-02,
    3.515625E-02,3.7109375E-02,3.90625E-02,4.296875E-02,4.4921875E-02,
    4.6875E-02,5.078125E-02,5.2734375E-02,5.46875E-02,5.859375E-02,
    6.25E-02),.UNSPECIFIED.);
#3911 = CARTESIAN_POINT('',(295.9,210.,585.1));
#3912 = CARTESIAN_POINT('',(295.891844353,209.032961062,585.1));
#3913 = CARTESIAN_POINT('',(295.883415134,208.055184685,585.195055877));
#3914 = CARTESIAN_POINT('',(295.874948628,207.094855417,585.385961032));
#3915 = CARTESIAN_POINT('',(295.866482121,206.134526148,585.576866187));
#3916 = CARTESIAN_POINT('',(295.857981358,205.192001007,585.863570018));
#3917 = CARTESIAN_POINT('',(295.849689127,204.29376166,586.235958297));
#3918 = CARTESIAN_POINT('',(295.845543012,203.844641987,586.422152436));
#3919 = CARTESIAN_POINT('',(295.841490059,203.407914946,586.628754311));
#3920 = CARTESIAN_POINT('',(295.83735926,202.979604232,586.85754805));
#3921 = CARTESIAN_POINT('',(295.833228462,202.551293517,587.086341789));
#3922 = CARTESIAN_POINT('',(295.829041849,202.132271104,587.337150659));
#3923 = CARTESIAN_POINT('',(295.824828656,201.725777985,587.608581597));
#3924 = CARTESIAN_POINT('',(295.816402268,200.912791745,588.151443473));
#3925 = CARTESIAN_POINT('',(295.807870621,200.150422789,588.777307414));
#3926 = CARTESIAN_POINT('',(295.799479273,199.46037751,589.467841733));
#3927 = CARTESIAN_POINT('',(295.7952836,199.11535487,589.813108893));
#3928 = CARTESIAN_POINT('',(295.791123094,198.788304366,590.174401563));
#3929 = CARTESIAN_POINT('',(295.787026441,198.481135718,590.548769093));
#3930 = CARTESIAN_POINT('',(295.782929789,198.17396707,590.923136623));
#3931 = CARTESIAN_POINT('',(295.778830424,197.884919823,591.312524224));
#3932 = CARTESIAN_POINT('',(295.774657188,197.614078085,591.717552395));
#3933 = CARTESIAN_POINT('',(295.766310715,197.072394611,592.527608738));
#3934 = CARTESIAN_POINT('',(295.757789268,196.607201591,593.396933318));
#3935 = CARTESIAN_POINT('',(295.749337827,196.232931293,594.301068591));
#3936 = CARTESIAN_POINT('',(295.745112107,196.045796144,594.753136227));
#3937 = CARTESIAN_POINT('',(295.740904095,195.881244291,595.213806368));
#3938 = CARTESIAN_POINT('',(295.736743833,195.740111412,595.679632255));
#3939 = CARTESIAN_POINT('',(295.732583572,195.598978532,596.145458143));
#3940 = CARTESIAN_POINT('',(295.728515148,195.481560238,596.614726141));
#3941 = CARTESIAN_POINT('',(295.724400837,195.386860302,597.090335383));
#3942 = CARTESIAN_POINT('',(295.716172215,195.197460432,598.041553869));
#3943 = CARTESIAN_POINT('',(295.707702353,195.1,599.020684427));
#3944 = CARTESIAN_POINT('',(295.699230769,195.1,600.));
#3945 = CARTESIAN_POINT('',(295.690759185,195.1,600.979315573));
#3946 = CARTESIAN_POINT('',(295.682289323,195.197460432,601.958446131));
#3947 = CARTESIAN_POINT('',(295.674060702,195.386860302,602.909664617));
#3948 = CARTESIAN_POINT('',(295.669946391,195.481560238,603.385273859));
#3949 = CARTESIAN_POINT('',(295.665877967,195.598978532,603.854541857));
#3950 = CARTESIAN_POINT('',(295.661717706,195.740111412,604.320367745));
#3951 = CARTESIAN_POINT('',(295.657557444,195.881244291,604.786193632));
#3952 = CARTESIAN_POINT('',(295.653349432,196.045796144,605.246863773));
#3953 = CARTESIAN_POINT('',(295.649123712,196.232931293,605.698931409));
#3954 = CARTESIAN_POINT('',(295.64067227,196.607201591,606.603066682));
#3955 = CARTESIAN_POINT('',(295.632150824,197.072394611,607.472391262));
#3956 = CARTESIAN_POINT('',(295.62380435,197.614078085,608.282447605));
#3957 = CARTESIAN_POINT('',(295.619631114,197.884919823,608.687475776));
#3958 = CARTESIAN_POINT('',(295.615531749,198.17396707,609.076863377));
#3959 = CARTESIAN_POINT('',(295.611435097,198.481135718,609.451230907));
#3960 = CARTESIAN_POINT('',(295.607338445,198.788304366,609.825598437));
#3961 = CARTESIAN_POINT('',(295.603177939,199.11535487,610.186891107));
#3962 = CARTESIAN_POINT('',(295.598982265,199.46037751,610.532158267));
#3963 = CARTESIAN_POINT('',(295.590590917,200.150422789,611.222692586));
#3964 = CARTESIAN_POINT('',(295.582059271,200.912791745,611.848556527));
#3965 = CARTESIAN_POINT('',(295.573632883,201.725777985,612.391418403));
#3966 = CARTESIAN_POINT('',(295.56941969,202.132271104,612.662849341));
#3967 = CARTESIAN_POINT('',(295.565233077,202.551293517,612.913658211));
#3968 = CARTESIAN_POINT('',(295.561102279,202.979604232,613.14245195));
#3969 = CARTESIAN_POINT('',(295.55697148,203.407914946,613.371245689));
#3970 = CARTESIAN_POINT('',(295.552918527,203.844641987,613.577847564));
#3971 = CARTESIAN_POINT('',(295.548772412,204.29376166,613.764041703));
#3972 = CARTESIAN_POINT('',(295.54048018,205.192001007,614.136429982));
#3973 = CARTESIAN_POINT('',(295.531979417,206.134526148,614.423133813));
#3974 = CARTESIAN_POINT('',(295.523512911,207.094855417,614.614038968));
#3975 = CARTESIAN_POINT('',(295.515046404,208.055184685,614.804944123));
#3976 = CARTESIAN_POINT('',(295.506617185,209.032961062,614.9));
#3977 = CARTESIAN_POINT('',(295.498461538,210.,614.9));
#3978 = PCURVE('',#98,#3979);
#3979 = DEFINITIONAL_REPRESENTATION('',(#3980),#4072);
#3980 = B_SPLINE_CURVE_WITH_KNOTS('',3,(#3981,#3982,#3983,#3984,#3985,
    #3986,#3987,#3988,#3989,#3990,#3991,#3992,#3993,#3994,#3995,#3996,
    #3997,#3998,#3999,#4000,#4001,#4002,#4003,#4004,#4005,#4006,#4007,
    #4008,#4009,#4010,#4011,#4012,#4013,#4014,#4015,#4016,#4017,#4018,
    #4019,#4020,#4021,#4022,#4023,#4024,#4025,#4026,#4027,#4028,#4029,
    #4030,#4031,#4032,#4033,#4034,#4035,#4036,#4037,#4038,#4039,#4040,
    #4041,#4042,#4043,#4044,#4045,#4046,#4047,#4048,#4049,#4050,#4051,
    #4052,#4053,#4054,#4055,#4056,#4057,#4058,#4059,#4060,#4061,#4062,
    #4063,#4064,#4065,#4066,#4067,#4068,#4069,#4070,#4071),
  .UNSPECIFIED.,.F.,.F.,(4,1,1,1,1,1,1,1,1,1,1,1,1,1,1,1,1,1,1,1,1,1,1,1
    ,1,1,1,1,1,1,1,1,1,1,1,1,1,1,1,1,1,1,1,1,1,1,1,1,1,1,1,1,1,1,1,1,1,1
    ,1,1,1,1,1,1,1,1,1,1,1,1,1,1,1,1,1,1,1,1,1,1,1,1,1,1,1,1,1,1,4),(0.,
    7.102272727273E-04,1.420454545455E-03,2.130681818182E-03,
    2.840909090909E-03,3.551136363636E-03,4.261363636364E-03,
    4.971590909091E-03,5.681818181818E-03,6.392045454545E-03,
    7.102272727273E-03,7.8125E-03,8.522727272727E-03,9.232954545455E-03,
    9.943181818182E-03,1.065340909091E-02,1.136363636364E-02,
    1.207386363636E-02,1.278409090909E-02,1.349431818182E-02,
    1.420454545455E-02,1.491477272727E-02,1.5625E-02,1.633522727273E-02,
    1.704545454545E-02,1.775568181818E-02,1.846590909091E-02,
    1.917613636364E-02,1.988636363636E-02,2.059659090909E-02,
    2.130681818182E-02,2.201704545455E-02,2.272727272727E-02,2.34375E-02
    ,2.414772727273E-02,2.485795454545E-02,2.556818181818E-02,
    2.627840909091E-02,2.698863636364E-02,2.769886363636E-02,
    2.840909090909E-02,2.911931818182E-02,2.982954545455E-02,
    3.053977272727E-02,3.125E-02,3.196022727273E-02,3.267045454545E-02,
    3.338068181818E-02,3.409090909091E-02,3.480113636364E-02,
    3.551136363636E-02,3.622159090909E-02,3.693181818182E-02,
    3.764204545455E-02,3.835227272727E-02,3.90625E-02,3.977272727273E-02
    ,4.048295454545E-02,4.119318181818E-02,4.190340909091E-02,
    4.261363636364E-02,4.332386363636E-02,4.403409090909E-02,
    4.474431818182E-02,4.545454545455E-02,4.616477272727E-02,4.6875E-02,
    4.758522727273E-02,4.829545454545E-02,4.900568181818E-02,
    4.971590909091E-02,5.042613636364E-02,5.113636363636E-02,
    5.184659090909E-02,5.255681818182E-02,5.326704545455E-02,
    5.397727272727E-02,5.46875E-02,5.539772727273E-02,5.610795454545E-02
    ,5.681818181818E-02,5.752840909091E-02,5.823863636364E-02,
    5.894886363636E-02,5.965909090909E-02,6.036931818182E-02,
    6.107954545455E-02,6.178977272727E-02,6.25E-02),
  .QUASI_UNIFORM_KNOTS.);
#3981 = CARTESIAN_POINT('',(1.,0.));
#3982 = CARTESIAN_POINT('',(1.00000756514,2.367428947946E-04));
#3983 = CARTESIAN_POINT('',(1.000014539709,7.102387770705E-04));
#3984 = CARTESIAN_POINT('',(1.000011479455,1.420492280823E-03));
#3985 = CARTESIAN_POINT('',(1.00001205969,2.130730543957E-03));
#3986 = CARTESIAN_POINT('',(1.000011681493,2.840943776838E-03));
#3987 = CARTESIAN_POINT('',(1.000011574616,3.551137438182E-03));
#3988 = CARTESIAN_POINT('',(1.000011415811,4.261363124546E-03));
#3989 = CARTESIAN_POINT('',(1.000011265325,4.971570306802E-03));
#3990 = CARTESIAN_POINT('',(1.000011202657,5.681786315181E-03));
#3991 = CARTESIAN_POINT('',(1.000010846912,6.392037019434E-03));
#3992 = CARTESIAN_POINT('',(1.000011639688,7.102219710745E-03));
#3993 = CARTESIAN_POINT('',(1.000008193147,7.812673017196E-03));
#3994 = CARTESIAN_POINT('',(0.999955979329,8.522075952704E-03));
#3995 = CARTESIAN_POINT('',(0.999963693881,9.233204129913E-03));
#3996 = CARTESIAN_POINT('',(1.000009126085,9.943116843579E-03));
#3997 = CARTESIAN_POINT('',(1.00000811619,1.06534326368E-02));
#3998 = CARTESIAN_POINT('',(1.000001768497,1.136363227059E-02));
#3999 = CARTESIAN_POINT('',(1.000012811216,1.207386512249E-02));
#4000 = CARTESIAN_POINT('',(1.000009704078,1.278408373919E-02));
#4001 = CARTESIAN_POINT('',(1.000010877856,1.349431241816E-02));
#4002 = CARTESIAN_POINT('',(1.000009125692,1.420454504267E-02));
#4003 = CARTESIAN_POINT('',(1.000014843852,1.491477367235E-02));
#4004 = CARTESIAN_POINT('',(0.999993653767,1.562500259957E-02));
#4005 = CARTESIAN_POINT('',(1.000010538882,1.633521574887E-02));
#4006 = CARTESIAN_POINT('',(1.000007550048,1.704547662308E-02));
#4007 = CARTESIAN_POINT('',(1.000002620268,1.775558640376E-02));
#4008 = CARTESIAN_POINT('',(0.999962391999,1.846681468236E-02));
#4009 = CARTESIAN_POINT('',(0.99999360716,1.917610152693E-02));
#4010 = CARTESIAN_POINT('',(1.000015029423,1.988637307646E-02));
#4011 = CARTESIAN_POINT('',(1.000009247362,2.059659286003E-02));
#4012 = CARTESIAN_POINT('',(1.00001126178,2.130683224939E-02));
#4013 = CARTESIAN_POINT('',(1.000009345495,2.201706135375E-02));
#4014 = CARTESIAN_POINT('',(1.000015407593,2.272728067277E-02));
#4015 = CARTESIAN_POINT('',(0.999993540131,2.343749433845E-02));
#4016 = CARTESIAN_POINT('',(1.000010568951,2.41477375051E-02));
#4017 = CARTESIAN_POINT('',(1.000007543409,2.485790241775E-02));
#4018 = CARTESIAN_POINT('',(1.000002616759,2.556836559899E-02));
#4019 = CARTESIAN_POINT('',(0.999963223586,2.627740721876E-02));
#4020 = CARTESIAN_POINT('',(0.999988309651,2.698870255049E-02));
#4021 = CARTESIAN_POINT('',(1.000017780497,2.769884752461E-02));
#4022 = CARTESIAN_POINT('',(1.000009952222,2.840911698641E-02));
#4023 = CARTESIAN_POINT('',(1.000012752634,2.911935421483E-02));
#4024 = CARTESIAN_POINT('',(1.000010415754,2.98295826822E-02));
#4025 = CARTESIAN_POINT('',(1.000018081734,3.053978587757E-02));
#4026 = CARTESIAN_POINT('',(0.99999096029,3.124999989803E-02));
#4027 = CARTESIAN_POINT('',(1.000018078948,3.196021416792E-02));
#4028 = CARTESIAN_POINT('',(1.000010426901,3.267041729256E-02));
#4029 = CARTESIAN_POINT('',(1.000012710834,3.338064578069E-02));
#4030 = CARTESIAN_POINT('',(1.000010108275,3.409088298396E-02));
#4031 = CARTESIAN_POINT('',(1.000017198083,3.480115251294E-02));
#4032 = CARTESIAN_POINT('',(0.999990483251,3.551129723135E-02));
#4033 = CARTESIAN_POINT('',(0.999931411695,3.622259217896E-02));
#4034 = CARTESIAN_POINT('',(1.000008327198,3.693163432836E-02));
#4035 = CARTESIAN_POINT('',(1.000006008113,3.764209752239E-02));
#4036 = CARTESIAN_POINT('',(1.000010999695,3.835226247212E-02));
#4037 = CARTESIAN_POINT('',(0.99999335245,3.906250547967E-02));
#4038 = CARTESIAN_POINT('',(1.0000154592,3.977271934768E-02));
#4039 = CARTESIAN_POINT('',(1.000009326751,4.04829386107E-02));
#4040 = CARTESIAN_POINT('',(1.00001128515,4.119316773273E-02));
#4041 = CARTESIAN_POINT('',(1.000009172626,4.190340710291E-02));
#4042 = CARTESIAN_POINT('',(1.000015304997,4.261362694063E-02));
#4043 = CARTESIAN_POINT('',(0.9999925796,4.332389828764E-02));
#4044 = CARTESIAN_POINT('',(0.999991118283,4.403318498324E-02));
#4045 = CARTESIAN_POINT('',(0.99999955352,4.474441348526E-02));
#4046 = CARTESIAN_POINT('',(1.000008371797,4.545452332827E-02));
#4047 = CARTESIAN_POINT('',(1.000010318635,4.616478422594E-02));
#4048 = CARTESIAN_POINT('',(0.999993713008,4.687499722202E-02));
#4049 = CARTESIAN_POINT('',(1.000014828079,4.758522634368E-02));
#4050 = CARTESIAN_POINT('',(1.000009129543,4.829545492124E-02));
#4051 = CARTESIAN_POINT('',(1.000010878223,4.900568756186E-02));
#4052 = CARTESIAN_POINT('',(1.000009698756,4.97159162299E-02));
#4053 = CARTESIAN_POINT('',(1.000012832133,5.042613487494E-02));
#4054 = CARTESIAN_POINT('',(1.000001690149,5.113636762457E-02));
#4055 = CARTESIAN_POINT('',(1.000008615243,5.184656731885E-02));
#4056 = CARTESIAN_POINT('',(1.000007208224,5.255688310961E-02));
#4057 = CARTESIAN_POINT('',(0.999971665859,5.326679545348E-02));
#4058 = CARTESIAN_POINT('',(0.999935276224,5.3977923435E-02));
#4059 = CARTESIAN_POINT('',(1.000013531531,5.468732697563E-02));
#4060 = CARTESIAN_POINT('',(1.000010209272,5.539778029324E-02));
#4061 = CARTESIAN_POINT('',(1.00001123019,5.610796299556E-02));
#4062 = CARTESIAN_POINT('',(1.000011099958,5.681821371073E-02));
#4063 = CARTESIAN_POINT('',(1.000011292843,5.752842972994E-02));
#4064 = CARTESIAN_POINT('',(1.000011408438,5.823863692293E-02));
#4065 = CARTESIAN_POINT('',(1.000011576592,5.894886262017E-02));
#4066 = CARTESIAN_POINT('',(1.000011680963,5.965905629179E-02));
#4067 = CARTESIAN_POINT('',(1.000012059832,6.036926953738E-02));
#4068 = CARTESIAN_POINT('',(1.000011479417,6.107950780452E-02));
#4069 = CARTESIAN_POINT('',(1.00001453972,6.178976134544E-02));
#4070 = CARTESIAN_POINT('',(1.00000756514,6.226325717071E-02));
#4071 = CARTESIAN_POINT('',(1.,6.25E-02));
#4072 = ( GEOMETRIC_REPRESENTATION_CONTEXT(2) 
PARAMETRIC_REPRESENTATION_CONTEXT() REPRESENTATION_CONTEXT('2D SPACE',''
  ) );
#4073 = PCURVE('',#4074,#4079);
#4074 = CYLINDRICAL_SURFACE('',#4075,14.9);
#4075 = AXIS2_PLACEMENT_3D('',#4076,#4077,#4078);
#4076 = CARTESIAN_POINT('',(188.602530506,210.,600.));
#4077 = DIRECTION('',(-1.,0.,0.));
#4078 = DIRECTION('',(0.,0.,1.));
#4079 = DEFINITIONAL_REPRESENTATION('',(#4080),#4172);
#4080 = B_SPLINE_CURVE_WITH_KNOTS('',3,(#4081,#4082,#4083,#4084,#4085,
    #4086,#4087,#4088,#4089,#4090,#4091,#4092,#4093,#4094,#4095,#4096,
    #4097,#4098,#4099,#4100,#4101,#4102,#4103,#4104,#4105,#4106,#4107,
    #4108,#4109,#4110,#4111,#4112,#4113,#4114,#4115,#4116,#4117,#4118,
    #4119,#4120,#4121,#4122,#4123,#4124,#4125,#4126,#4127,#4128,#4129,
    #4130,#4131,#4132,#4133,#4134,#4135,#4136,#4137,#4138,#4139,#4140,
    #4141,#4142,#4143,#4144,#4145,#4146,#4147,#4148,#4149,#4150,#4151,
    #4152,#4153,#4154,#4155,#4156,#4157,#4158,#4159,#4160,#4161,#4162,
    #4163,#4164,#4165,#4166,#4167,#4168,#4169,#4170,#4171),
  .UNSPECIFIED.,.F.,.F.,(4,1,1,1,1,1,1,1,1,1,1,1,1,1,1,1,1,1,1,1,1,1,1,1
    ,1,1,1,1,1,1,1,1,1,1,1,1,1,1,1,1,1,1,1,1,1,1,1,1,1,1,1,1,1,1,1,1,1,1
    ,1,1,1,1,1,1,1,1,1,1,1,1,1,1,1,1,1,1,1,1,1,1,1,1,1,1,1,1,1,1,4),(0.,
    7.102272727273E-04,1.420454545455E-03,2.130681818182E-03,
    2.840909090909E-03,3.551136363636E-03,4.261363636364E-03,
    4.971590909091E-03,5.681818181818E-03,6.392045454545E-03,
    7.102272727273E-03,7.8125E-03,8.522727272727E-03,9.232954545455E-03,
    9.943181818182E-03,1.065340909091E-02,1.136363636364E-02,
    1.207386363636E-02,1.278409090909E-02,1.349431818182E-02,
    1.420454545455E-02,1.491477272727E-02,1.5625E-02,1.633522727273E-02,
    1.704545454545E-02,1.775568181818E-02,1.846590909091E-02,
    1.917613636364E-02,1.988636363636E-02,2.059659090909E-02,
    2.130681818182E-02,2.201704545455E-02,2.272727272727E-02,2.34375E-02
    ,2.414772727273E-02,2.485795454545E-02,2.556818181818E-02,
    2.627840909091E-02,2.698863636364E-02,2.769886363636E-02,
    2.840909090909E-02,2.911931818182E-02,2.982954545455E-02,
    3.053977272727E-02,3.125E-02,3.196022727273E-02,3.267045454545E-02,
    3.338068181818E-02,3.409090909091E-02,3.480113636364E-02,
    3.551136363636E-02,3.622159090909E-02,3.693181818182E-02,
    3.764204545455E-02,3.835227272727E-02,3.90625E-02,3.977272727273E-02
    ,4.048295454545E-02,4.119318181818E-02,4.190340909091E-02,
    4.261363636364E-02,4.332386363636E-02,4.403409090909E-02,
    4.474431818182E-02,4.545454545455E-02,4.616477272727E-02,4.6875E-02,
    4.758522727273E-02,4.829545454545E-02,4.900568181818E-02,
    4.971590909091E-02,5.042613636364E-02,5.113636363636E-02,
    5.184659090909E-02,5.255681818182E-02,5.326704545455E-02,
    5.397727272727E-02,5.46875E-02,5.539772727273E-02,5.610795454545E-02
    ,5.681818181818E-02,5.752840909091E-02,5.823863636364E-02,
    5.894886363636E-02,5.965909090909E-02,6.036931818182E-02,
    6.107954545455E-02,6.178977272727E-02,6.25E-02),
  .QUASI_UNIFORM_KNOTS.);
#4081 = CARTESIAN_POINT('',(3.14159265359,-107.297469494));
#4082 = CARTESIAN_POINT('',(3.153392991111,-107.295986649));
#4083 = CARTESIAN_POINT('',(3.177041383723,-107.2930028719));
#4084 = CARTESIAN_POINT('',(3.212634020074,-107.2884814647));
#4085 = CARTESIAN_POINT('',(3.248323535472,-107.283922839));
#4086 = CARTESIAN_POINT('',(3.284086982419,-107.2793355097));
#4087 = CARTESIAN_POINT('',(3.319901938377,-107.2747280211));
#4088 = CARTESIAN_POINT('',(3.355748110656,-107.2701088081));
#4089 = CARTESIAN_POINT('',(3.391599919091,-107.2654871925));
#4090 = CARTESIAN_POINT('',(3.42743577227,-107.260871988));
#4091 = CARTESIAN_POINT('',(3.463233742848,-107.2562715754));
#4092 = CARTESIAN_POINT('',(3.498966771738,-107.2516961522));
#4093 = CARTESIAN_POINT('',(3.534625808276,-107.2471490817));
#4094 = CARTESIAN_POINT('',(3.570135207391,-107.2426592469));
#4095 = CARTESIAN_POINT('',(3.605564755733,-107.2381998536));
#4096 = CARTESIAN_POINT('',(3.641077086713,-107.2337089206));
#4097 = CARTESIAN_POINT('',(3.67671675221,-107.2291693286));
#4098 = CARTESIAN_POINT('',(3.71243948396,-107.2245977474));
#4099 = CARTESIAN_POINT('',(3.748229152256,-107.2200003424));
#4100 = CARTESIAN_POINT('',(3.784060875336,-107.2153865962));
#4101 = CARTESIAN_POINT('',(3.819912824945,-107.2107652302));
#4102 = CARTESIAN_POINT('',(3.855761715623,-107.2061451175));
#4103 = CARTESIAN_POINT('',(3.89158397823,-107.2015351783));
#4104 = CARTESIAN_POINT('',(3.927357423335,-107.1969439923));
#4105 = CARTESIAN_POINT('',(3.963056600613,-107.192381454));
#4106 = CARTESIAN_POINT('',(3.998669327271,-107.1878521859));
#4107 = CARTESIAN_POINT('',(4.034137114396,-107.1833782519));
#4108 = CARTESIAN_POINT('',(4.069600387332,-107.1789060795));
#4109 = CARTESIAN_POINT('',(4.105139598485,-107.1744047917));
#4110 = CARTESIAN_POINT('',(4.140815290807,-107.1698513184));
#4111 = CARTESIAN_POINT('',(4.176570484453,-107.1652672367));
#4112 = CARTESIAN_POINT('',(4.212381434353,-107.1606617863));
#4113 = CARTESIAN_POINT('',(4.248225016012,-107.1560436984));
#4114 = CARTESIAN_POINT('',(4.284077886522,-107.1514218167));
#4115 = CARTESIAN_POINT('',(4.319917403273,-107.1468050436));
#4116 = CARTESIAN_POINT('',(4.355721967858,-107.1422019346));
#4117 = CARTESIAN_POINT('',(4.391464585556,-107.1376227009));
#4118 = CARTESIAN_POINT('',(4.427136864,-107.1330706012));
#4119 = CARTESIAN_POINT('',(4.462647576658,-107.1285801969));
#4120 = CARTESIAN_POINT('',(4.498095065946,-107.1241140108));
#4121 = CARTESIAN_POINT('',(4.53359335115,-107.1196284253));
#4122 = CARTESIAN_POINT('',(4.56921848016,-107.1150944485));
#4123 = CARTESIAN_POINT('',(4.604931311141,-107.1105268831));
#4124 = CARTESIAN_POINT('',(4.640712956994,-107.1059327074));
#4125 = CARTESIAN_POINT('',(4.676539159812,-107.1013210322));
#4126 = CARTESIAN_POINT('',(4.712388980385,-107.096700263));
#4127 = CARTESIAN_POINT('',(4.748238800957,-107.0920794937));
#4128 = CARTESIAN_POINT('',(4.784065003775,-107.0874678185));
#4129 = CARTESIAN_POINT('',(4.819846649629,-107.082873643));
#4130 = CARTESIAN_POINT('',(4.855559480609,-107.0783060778));
#4131 = CARTESIAN_POINT('',(4.891184609619,-107.0737721013));
#4132 = CARTESIAN_POINT('',(4.926682894824,-107.0692865161));
#4133 = CARTESIAN_POINT('',(4.962130384111,-107.06482033));
#4134 = CARTESIAN_POINT('',(4.99764109677,-107.0603299257));
#4135 = CARTESIAN_POINT('',(5.033313375213,-107.055777826));
#4136 = CARTESIAN_POINT('',(5.069055992911,-107.0511985923));
#4137 = CARTESIAN_POINT('',(5.104860557497,-107.0465954834));
#4138 = CARTESIAN_POINT('',(5.140700074247,-107.0419787097));
#4139 = CARTESIAN_POINT('',(5.176552944757,-107.037356828));
#4140 = CARTESIAN_POINT('',(5.212396526416,-107.0327387401));
#4141 = CARTESIAN_POINT('',(5.248207476317,-107.0281332897));
#4142 = CARTESIAN_POINT('',(5.283962669963,-107.0235492078));
#4143 = CARTESIAN_POINT('',(5.319638362284,-107.0189957341));
#4144 = CARTESIAN_POINT('',(5.355177573437,-107.0144944465));
#4145 = CARTESIAN_POINT('',(5.390640846373,-107.0100222738));
#4146 = CARTESIAN_POINT('',(5.426108633498,-107.0055483407));
#4147 = CARTESIAN_POINT('',(5.461721360157,-107.0010190729));
#4148 = CARTESIAN_POINT('',(5.497420537435,-106.9964565333));
#4149 = CARTESIAN_POINT('',(5.533193982539,-106.9918653477));
#4150 = CARTESIAN_POINT('',(5.569016245146,-106.9872554086));
#4151 = CARTESIAN_POINT('',(5.604865135825,-106.9826352963));
#4152 = CARTESIAN_POINT('',(5.640717085433,-106.9780139306));
#4153 = CARTESIAN_POINT('',(5.676548808513,-106.9734001845));
#4154 = CARTESIAN_POINT('',(5.71233847681,-106.9688027795));
#4155 = CARTESIAN_POINT('',(5.748061208559,-106.9642311983));
#4156 = CARTESIAN_POINT('',(5.783700874057,-106.9596916063));
#4157 = CARTESIAN_POINT('',(5.819213205037,-106.9552006733));
#4158 = CARTESIAN_POINT('',(5.854642753378,-106.95074128));
#4159 = CARTESIAN_POINT('',(5.890152152494,-106.9462514454));
#4160 = CARTESIAN_POINT('',(5.925811189032,-106.9417043742));
#4161 = CARTESIAN_POINT('',(5.961544217921,-106.9371289508));
#4162 = CARTESIAN_POINT('',(5.997342188499,-106.9325285381));
#4163 = CARTESIAN_POINT('',(6.033178041678,-106.9279133337));
#4164 = CARTESIAN_POINT('',(6.069029850114,-106.9232917186));
#4165 = CARTESIAN_POINT('',(6.104876022393,-106.9186725056));
#4166 = CARTESIAN_POINT('',(6.14069097835,-106.9140650165));
#4167 = CARTESIAN_POINT('',(6.176454425297,-106.909477687));
#4168 = CARTESIAN_POINT('',(6.212143940695,-106.9049190612));
#4169 = CARTESIAN_POINT('',(6.247736577046,-106.900397654));
#4170 = CARTESIAN_POINT('',(6.271384969658,-106.8974138769));
#4171 = CARTESIAN_POINT('',(6.28318530718,-106.895931032));
#4172 = ( GEOMETRIC_REPRESENTATION_CONTEXT(2) 
PARAMETRIC_REPRESENTATION_CONTEXT() REPRESENTATION_CONTEXT('2D SPACE',''
  ) );
#4173 = ORIENTED_EDGE('',*,*,#4174,.T.);
#4174 = EDGE_CURVE('',#3907,#4175,#4177,.T.);
#4175 = VERTEX_POINT('',#4176);
#4176 = CARTESIAN_POINT('',(294.695384615,210.,614.9));
#4177 = SURFACE_CURVE('',#4178,(#4312,#4495),.PCURVE_S1.);
#4178 = B_SPLINE_CURVE_WITH_KNOTS('',3,(#4179,#4180,#4181,#4182,#4183,
    #4184,#4185,#4186,#4187,#4188,#4189,#4190,#4191,#4192,#4193,#4194,
    #4195,#4196,#4197,#4198,#4199,#4200,#4201,#4202,#4203,#4204,#4205,
    #4206,#4207,#4208,#4209,#4210,#4211,#4212,#4213,#4214,#4215,#4216,
    #4217,#4218,#4219,#4220,#4221,#4222,#4223,#4224,#4225,#4226,#4227,
    #4228,#4229,#4230,#4231,#4232,#4233,#4234,#4235,#4236,#4237,#4238,
    #4239,#4240,#4241,#4242,#4243,#4244,#4245,#4246,#4247,#4248,#4249,
    #4250,#4251,#4252,#4253,#4254,#4255,#4256,#4257,#4258,#4259,#4260,
    #4261,#4262,#4263,#4264,#4265,#4266,#4267,#4268,#4269,#4270,#4271,
    #4272,#4273,#4274,#4275,#4276,#4277,#4278,#4279,#4280,#4281,#4282,
    #4283,#4284,#4285,#4286,#4287,#4288,#4289,#4290,#4291,#4292,#4293,
    #4294,#4295,#4296,#4297,#4298,#4299,#4300,#4301,#4302,#4303,#4304,
    #4305,#4306,#4307,#4308,#4309,#4310,#4311),.UNSPECIFIED.,.F.,.F.,(4,
    3,3,3,3,3,3,3,3,3,3,3,3,3,3,3,3,3,3,3,3,3,3,3,3,3,3,3,3,3,3,3,3,3,3,
    3,3,3,3,3,3,3,3,3,4),(6.25E-02,6.640625E-02,7.03125E-02,
    7.2265625E-02,7.421875E-02,7.8125E-02,8.0078125E-02,8.203125E-02,
    8.59375E-02,8.7890625E-02,8.984375E-02,9.375E-02,9.765625E-02,
    9.9609375E-02,0.1015625,0.10546875,0.107421875,0.109375,0.11328125,
    0.115234375,0.1171875,0.12109375,0.125,0.12890625,0.1328125,
    0.134765625,0.13671875,0.140625,0.142578125,0.14453125,0.1484375,
    0.150390625,0.15234375,0.15625,0.16015625,0.162109375,0.1640625,
    0.16796875,0.169921875,0.171875,0.17578125,0.177734375,0.1796875,
    0.18359375,0.1875),.UNSPECIFIED.);
#4179 = CARTESIAN_POINT('',(295.498461538,210.,614.9));
#4180 = CARTESIAN_POINT('',(295.490305891,210.967038938,614.9));
#4181 = CARTESIAN_POINT('',(295.481876673,211.944815315,614.804944123));
#4182 = CARTESIAN_POINT('',(295.473410166,212.905144583,614.614038968));
#4183 = CARTESIAN_POINT('',(295.464943659,213.865473852,614.423133813));
#4184 = CARTESIAN_POINT('',(295.456442897,214.807998993,614.136429982));
#4185 = CARTESIAN_POINT('',(295.448150665,215.70623834,613.764041703));
#4186 = CARTESIAN_POINT('',(295.44400455,216.155358013,613.577847564));
#4187 = CARTESIAN_POINT('',(295.439951597,216.592085054,613.371245689));
#4188 = CARTESIAN_POINT('',(295.435820798,217.020395768,613.14245195));
#4189 = CARTESIAN_POINT('',(295.43169,217.448706483,612.913658211));
#4190 = CARTESIAN_POINT('',(295.427503387,217.867728896,612.662849341));
#4191 = CARTESIAN_POINT('',(295.423290194,218.274222015,612.391418403));
#4192 = CARTESIAN_POINT('',(295.414863806,219.087208255,611.848556527));
#4193 = CARTESIAN_POINT('',(295.40633216,219.849577211,611.222692586));
#4194 = CARTESIAN_POINT('',(295.397940812,220.53962249,610.532158267));
#4195 = CARTESIAN_POINT('',(295.393745138,220.88464513,610.186891107));
#4196 = CARTESIAN_POINT('',(295.389584632,221.211695634,609.825598437));
#4197 = CARTESIAN_POINT('',(295.38548798,221.518864282,609.451230907));
#4198 = CARTESIAN_POINT('',(295.381391328,221.82603293,609.076863377));
#4199 = CARTESIAN_POINT('',(295.377291963,222.115080177,608.687475776));
#4200 = CARTESIAN_POINT('',(295.373118727,222.385921915,608.282447605));
#4201 = CARTESIAN_POINT('',(295.364772253,222.927605389,607.472391262));
#4202 = CARTESIAN_POINT('',(295.356250807,223.392798409,606.603066682));
#4203 = CARTESIAN_POINT('',(295.347799365,223.767068707,605.698931409));
#4204 = CARTESIAN_POINT('',(295.343573645,223.954203856,605.246863773));
#4205 = CARTESIAN_POINT('',(295.339365633,224.118755709,604.786193632));
#4206 = CARTESIAN_POINT('',(295.335205371,224.259888588,604.320367745));
#4207 = CARTESIAN_POINT('',(295.33104511,224.401021468,603.854541857));
#4208 = CARTESIAN_POINT('',(295.326976686,224.518439762,603.385273859));
#4209 = CARTESIAN_POINT('',(295.322862375,224.613139698,602.909664617));
#4210 = CARTESIAN_POINT('',(295.314633754,224.802539568,601.958446131));
#4211 = CARTESIAN_POINT('',(295.306163892,224.9,600.979315573));
#4212 = CARTESIAN_POINT('',(295.297692308,224.9,600.));
#4213 = CARTESIAN_POINT('',(295.289220724,224.9,599.020684427));
#4214 = CARTESIAN_POINT('',(295.280750862,224.802539568,598.041553869));
#4215 = CARTESIAN_POINT('',(295.27252224,224.613139698,597.090335383));
#4216 = CARTESIAN_POINT('',(295.268407929,224.518439762,596.614726141));
#4217 = CARTESIAN_POINT('',(295.264339505,224.401021468,596.145458143));
#4218 = CARTESIAN_POINT('',(295.260179244,224.259888588,595.679632255));
#4219 = CARTESIAN_POINT('',(295.256018982,224.118755709,595.213806368));
#4220 = CARTESIAN_POINT('',(295.25181097,223.954203856,594.753136227));
#4221 = CARTESIAN_POINT('',(295.24758525,223.767068707,594.301068591));
#4222 = CARTESIAN_POINT('',(295.239133809,223.392798409,593.396933318));
#4223 = CARTESIAN_POINT('',(295.230612362,222.927605389,592.527608738));
#4224 = CARTESIAN_POINT('',(295.222265889,222.385921915,591.717552395));
#4225 = CARTESIAN_POINT('',(295.218092653,222.115080177,591.312524224));
#4226 = CARTESIAN_POINT('',(295.213993288,221.82603293,590.923136623));
#4227 = CARTESIAN_POINT('',(295.209896636,221.518864282,590.548769093));
#4228 = CARTESIAN_POINT('',(295.205799983,221.211695634,590.174401563));
#4229 = CARTESIAN_POINT('',(295.201639477,220.88464513,589.813108893));
#4230 = CARTESIAN_POINT('',(295.197443804,220.53962249,589.467841733));
#4231 = CARTESIAN_POINT('',(295.189052456,219.849577211,588.777307414));
#4232 = CARTESIAN_POINT('',(295.180520809,219.087208255,588.151443473));
#4233 = CARTESIAN_POINT('',(295.172094421,218.274222015,587.608581597));
#4234 = CARTESIAN_POINT('',(295.167881228,217.867728896,587.337150659));
#4235 = CARTESIAN_POINT('',(295.163694615,217.448706483,587.086341789));
#4236 = CARTESIAN_POINT('',(295.159563817,217.020395768,586.85754805));
#4237 = CARTESIAN_POINT('',(295.155433018,216.592085054,586.628754311));
#4238 = CARTESIAN_POINT('',(295.151380065,216.155358013,586.422152436));
#4239 = CARTESIAN_POINT('',(295.14723395,215.70623834,586.235958297));
#4240 = CARTESIAN_POINT('',(295.138941719,214.807998993,585.863570018));
#4241 = CARTESIAN_POINT('',(295.130440956,213.865473852,585.576866187));
#4242 = CARTESIAN_POINT('',(295.121974449,212.905144583,585.385961032));
#4243 = CARTESIAN_POINT('',(295.113507943,211.944815315,585.195055877));
#4244 = CARTESIAN_POINT('',(295.105078724,210.967038938,585.1));
#4245 = CARTESIAN_POINT('',(295.096923077,210.,585.1));
#4246 = CARTESIAN_POINT('',(295.08876743,209.032961062,585.1));
#4247 = CARTESIAN_POINT('',(295.080338211,208.055184685,585.195055877));
#4248 = CARTESIAN_POINT('',(295.071871705,207.094855417,585.385961032));
#4249 = CARTESIAN_POINT('',(295.063405198,206.134526148,585.576866187));
#4250 = CARTESIAN_POINT('',(295.054904435,205.192001007,585.863570018));
#4251 = CARTESIAN_POINT('',(295.046612204,204.29376166,586.235958297));
#4252 = CARTESIAN_POINT('',(295.042466089,203.844641987,586.422152436));
#4253 = CARTESIAN_POINT('',(295.038413136,203.407914946,586.628754311));
#4254 = CARTESIAN_POINT('',(295.034282337,202.979604232,586.85754805));
#4255 = CARTESIAN_POINT('',(295.030151539,202.551293517,587.086341789));
#4256 = CARTESIAN_POINT('',(295.025964926,202.132271104,587.337150659));
#4257 = CARTESIAN_POINT('',(295.021751733,201.725777985,587.608581597));
#4258 = CARTESIAN_POINT('',(295.013325345,200.912791745,588.151443473));
#4259 = CARTESIAN_POINT('',(295.004793698,200.150422789,588.777307414));
#4260 = CARTESIAN_POINT('',(294.99640235,199.46037751,589.467841733));
#4261 = CARTESIAN_POINT('',(294.992206677,199.11535487,589.813108893));
#4262 = CARTESIAN_POINT('',(294.988046171,198.788304366,590.174401563));
#4263 = CARTESIAN_POINT('',(294.983949518,198.481135718,590.548769093));
#4264 = CARTESIAN_POINT('',(294.979852866,198.17396707,590.923136623));
#4265 = CARTESIAN_POINT('',(294.975753501,197.884919823,591.312524224));
#4266 = CARTESIAN_POINT('',(294.971580265,197.614078085,591.717552395));
#4267 = CARTESIAN_POINT('',(294.963233792,197.072394611,592.527608738));
#4268 = CARTESIAN_POINT('',(294.954712345,196.607201591,593.396933318));
#4269 = CARTESIAN_POINT('',(294.946260904,196.232931293,594.301068591));
#4270 = CARTESIAN_POINT('',(294.942035184,196.045796144,594.753136227));
#4271 = CARTESIAN_POINT('',(294.937827172,195.881244291,595.213806368));
#4272 = CARTESIAN_POINT('',(294.93366691,195.740111412,595.679632255));
#4273 = CARTESIAN_POINT('',(294.929506649,195.598978532,596.145458143));
#4274 = CARTESIAN_POINT('',(294.925438225,195.481560238,596.614726141));
#4275 = CARTESIAN_POINT('',(294.921323914,195.386860302,597.090335383));
#4276 = CARTESIAN_POINT('',(294.913095292,195.197460432,598.041553869));
#4277 = CARTESIAN_POINT('',(294.90462543,195.1,599.020684427));
#4278 = CARTESIAN_POINT('',(294.896153846,195.1,600.));
#4279 = CARTESIAN_POINT('',(294.887682262,195.1,600.979315573));
#4280 = CARTESIAN_POINT('',(294.8792124,195.197460432,601.958446131));
#4281 = CARTESIAN_POINT('',(294.870983778,195.386860302,602.909664617));
#4282 = CARTESIAN_POINT('',(294.866869467,195.481560238,603.385273859));
#4283 = CARTESIAN_POINT('',(294.862801044,195.598978532,603.854541857));
#4284 = CARTESIAN_POINT('',(294.858640782,195.740111412,604.320367745));
#4285 = CARTESIAN_POINT('',(294.854480521,195.881244291,604.786193632));
#4286 = CARTESIAN_POINT('',(294.850272509,196.045796144,605.246863773));
#4287 = CARTESIAN_POINT('',(294.846046788,196.232931293,605.698931409));
#4288 = CARTESIAN_POINT('',(294.837595347,196.607201591,606.603066682));
#4289 = CARTESIAN_POINT('',(294.829073901,197.072394611,607.472391262));
#4290 = CARTESIAN_POINT('',(294.820727427,197.614078085,608.282447605));
#4291 = CARTESIAN_POINT('',(294.816554191,197.884919823,608.687475776));
#4292 = CARTESIAN_POINT('',(294.812454826,198.17396707,609.076863377));
#4293 = CARTESIAN_POINT('',(294.808358174,198.481135718,609.451230907));
#4294 = CARTESIAN_POINT('',(294.804261521,198.788304366,609.825598437));
#4295 = CARTESIAN_POINT('',(294.800101016,199.11535487,610.186891107));
#4296 = CARTESIAN_POINT('',(294.795905342,199.46037751,610.532158267));
#4297 = CARTESIAN_POINT('',(294.787513994,200.150422789,611.222692586));
#4298 = CARTESIAN_POINT('',(294.778982347,200.912791745,611.848556527));
#4299 = CARTESIAN_POINT('',(294.77055596,201.725777985,612.391418403));
#4300 = CARTESIAN_POINT('',(294.766342766,202.132271104,612.662849341));
#4301 = CARTESIAN_POINT('',(294.762156154,202.551293517,612.913658211));
#4302 = CARTESIAN_POINT('',(294.758025356,202.979604232,613.14245195));
#4303 = CARTESIAN_POINT('',(294.753894557,203.407914946,613.371245689));
#4304 = CARTESIAN_POINT('',(294.749841604,203.844641987,613.577847564));
#4305 = CARTESIAN_POINT('',(294.745695489,204.29376166,613.764041703));
#4306 = CARTESIAN_POINT('',(294.737403257,205.192001007,614.136429982));
#4307 = CARTESIAN_POINT('',(294.728902494,206.134526148,614.423133813));
#4308 = CARTESIAN_POINT('',(294.720435988,207.094855417,614.614038968));
#4309 = CARTESIAN_POINT('',(294.711969481,208.055184685,614.804944123));
#4310 = CARTESIAN_POINT('',(294.703540262,209.032961062,614.9));
#4311 = CARTESIAN_POINT('',(294.695384615,210.,614.9));
#4312 = PCURVE('',#98,#4313);
#4313 = DEFINITIONAL_REPRESENTATION('',(#4314),#4494);
#4314 = B_SPLINE_CURVE_WITH_KNOTS('',3,(#4315,#4316,#4317,#4318,#4319,
    #4320,#4321,#4322,#4323,#4324,#4325,#4326,#4327,#4328,#4329,#4330,
    #4331,#4332,#4333,#4334,#4335,#4336,#4337,#4338,#4339,#4340,#4341,
    #4342,#4343,#4344,#4345,#4346,#4347,#4348,#4349,#4350,#4351,#4352,
    #4353,#4354,#4355,#4356,#4357,#4358,#4359,#4360,#4361,#4362,#4363,
    #4364,#4365,#4366,#4367,#4368,#4369,#4370,#4371,#4372,#4373,#4374,
    #4375,#4376,#4377,#4378,#4379,#4380,#4381,#4382,#4383,#4384,#4385,
    #4386,#4387,#4388,#4389,#4390,#4391,#4392,#4393,#4394,#4395,#4396,
    #4397,#4398,#4399,#4400,#4401,#4402,#4403,#4404,#4405,#4406,#4407,
    #4408,#4409,#4410,#4411,#4412,#4413,#4414,#4415,#4416,#4417,#4418,
    #4419,#4420,#4421,#4422,#4423,#4424,#4425,#4426,#4427,#4428,#4429,
    #4430,#4431,#4432,#4433,#4434,#4435,#4436,#4437,#4438,#4439,#4440,
    #4441,#4442,#4443,#4444,#4445,#4446,#4447,#4448,#4449,#4450,#4451,
    #4452,#4453,#4454,#4455,#4456,#4457,#4458,#4459,#4460,#4461,#4462,
    #4463,#4464,#4465,#4466,#4467,#4468,#4469,#4470,#4471,#4472,#4473,
    #4474,#4475,#4476,#4477,#4478,#4479,#4480,#4481,#4482,#4483,#4484,
    #4485,#4486,#4487,#4488,#4489,#4490,#4491,#4492,#4493),
  .UNSPECIFIED.,.F.,.F.,(4,1,1,1,1,1,1,1,1,1,1,1,1,1,1,1,1,1,1,1,1,1,1,1
    ,1,1,1,1,1,1,1,1,1,1,1,1,1,1,1,1,1,1,1,1,1,1,1,1,1,1,1,1,1,1,1,1,1,1
    ,1,1,1,1,1,1,1,1,1,1,1,1,1,1,1,1,1,1,1,1,1,1,1,1,1,1,1,1,1,1,1,1,1,1
    ,1,1,1,1,1,1,1,1,1,1,1,1,1,1,1,1,1,1,1,1,1,1,1,1,1,1,1,1,1,1,1,1,1,1
    ,1,1,1,1,1,1,1,1,1,1,1,1,1,1,1,1,1,1,1,1,1,1,1,1,1,1,1,1,1,1,1,1,1,1
    ,1,1,1,1,1,1,1,1,1,1,1,1,1,1,1,1,4),(6.25E-02,6.321022727273E-02,
    6.392045454545E-02,6.463068181818E-02,6.534090909091E-02,
    6.605113636364E-02,6.676136363636E-02,6.747159090909E-02,
    6.818181818182E-02,6.889204545455E-02,6.960227272727E-02,7.03125E-02
    ,7.102272727273E-02,7.173295454545E-02,7.244318181818E-02,
    7.315340909091E-02,7.386363636364E-02,7.457386363636E-02,
    7.528409090909E-02,7.599431818182E-02,7.670454545455E-02,
    7.741477272727E-02,7.8125E-02,7.883522727273E-02,7.954545454545E-02,
    8.025568181818E-02,8.096590909091E-02,8.167613636364E-02,
    8.238636363636E-02,8.309659090909E-02,8.380681818182E-02,
    8.451704545455E-02,8.522727272727E-02,8.59375E-02,8.664772727273E-02
    ,8.735795454545E-02,8.806818181818E-02,8.877840909091E-02,
    8.948863636364E-02,9.019886363636E-02,9.090909090909E-02,
    9.161931818182E-02,9.232954545455E-02,9.303977272727E-02,9.375E-02,
    9.446022727273E-02,9.517045454545E-02,9.588068181818E-02,
    9.659090909091E-02,9.730113636364E-02,9.801136363636E-02,
    9.872159090909E-02,9.943181818182E-02,0.100142045455,0.100852272727,
    0.1015625,0.102272727273,0.102982954545,0.103693181818,
    0.104403409091,0.105113636364,0.105823863636,0.106534090909,
    0.107244318182,0.107954545455,0.108664772727,0.109375,0.110085227273
    ,0.110795454545,0.111505681818,0.112215909091,0.112926136364,
    0.113636363636,0.114346590909,0.115056818182,0.115767045455,
    0.116477272727,0.1171875,0.117897727273,0.118607954545,
    0.119318181818,0.120028409091,0.120738636364,0.121448863636,
    0.122159090909,0.122869318182,0.123579545455,0.124289772727,0.125,
    0.125710227273,0.126420454545,0.127130681818,0.127840909091,
    0.128551136364,0.129261363636,0.129971590909,0.130681818182,
    0.131392045455,0.132102272727,0.1328125,0.133522727273,
    0.134232954545,0.134943181818,0.135653409091,0.136363636364,
    0.137073863636,0.137784090909,0.138494318182,0.139204545455,
    0.139914772727,0.140625,0.141335227273,0.142045454545,0.142755681818
    ,0.143465909091,0.144176136364,0.144886363636,0.145596590909,
    0.146306818182,0.147017045455,0.147727272727,0.1484375,
    0.149147727273,0.149857954545,0.150568181818,0.151278409091,
    0.151988636364,0.152698863636,0.153409090909,0.154119318182,
    0.154829545455,0.155539772727,0.15625,0.156960227273,0.157670454545,
    0.158380681818,0.159090909091,0.159801136364,0.160511363636,
    0.161221590909,0.161931818182,0.162642045455,0.163352272727,
    0.1640625,0.164772727273,0.165482954545,0.166193181818,
    0.166903409091,0.167613636364,0.168323863636,0.169034090909,
    0.169744318182,0.170454545455,0.171164772727,0.171875,0.172585227273
    ,0.173295454545,0.174005681818,0.174715909091,0.175426136364,
    0.176136363636,0.176846590909,0.177556818182,0.178267045455,
    0.178977272727,0.1796875,0.180397727273,0.181107954545,
    0.181818181818,0.182528409091,0.183238636364,0.183948863636,
    0.184659090909,0.185369318182,0.186079545455,0.186789772727,0.1875),
  .QUASI_UNIFORM_KNOTS.);
#4315 = CARTESIAN_POINT('',(1.,6.25E-02));
#4316 = CARTESIAN_POINT('',(1.00000756514,6.273674282391E-02));
#4317 = CARTESIAN_POINT('',(1.000014539709,6.321023864363E-02));
#4318 = CARTESIAN_POINT('',(1.000011479455,6.392049218491E-02));
#4319 = CARTESIAN_POINT('',(1.00001205969,6.463073045033E-02));
#4320 = CARTESIAN_POINT('',(1.000011681493,6.534094369487E-02));
#4321 = CARTESIAN_POINT('',(1.000011574616,6.605113736529E-02));
#4322 = CARTESIAN_POINT('',(1.000011415812,6.676136306135E-02));
#4323 = CARTESIAN_POINT('',(1.000011265321,6.747157025308E-02));
#4324 = CARTESIAN_POINT('',(1.00001120267,6.818178627095E-02));
#4325 = CARTESIAN_POINT('',(1.000010846864,6.889203698472E-02));
#4326 = CARTESIAN_POINT('',(1.000011639866,6.960221968551E-02));
#4327 = CARTESIAN_POINT('',(1.000008192481,7.031267300148E-02));
#4328 = CARTESIAN_POINT('',(0.999955979241,7.102207594774E-02));
#4329 = CARTESIAN_POINT('',(0.999963693906,7.173320413124E-02));
#4330 = CARTESIAN_POINT('',(1.000009126072,7.244311684322E-02));
#4331 = CARTESIAN_POINT('',(1.000008116205,7.315343263689E-02));
#4332 = CARTESIAN_POINT('',(1.000001768452,7.386363227057E-02));
#4333 = CARTESIAN_POINT('',(1.000012811226,7.457386512249E-02));
#4334 = CARTESIAN_POINT('',(1.000009704081,7.528408373919E-02));
#4335 = CARTESIAN_POINT('',(1.000010877833,7.599431241816E-02));
#4336 = CARTESIAN_POINT('',(1.000009125781,7.670454504266E-02));
#4337 = CARTESIAN_POINT('',(1.000014843519,7.741477367234E-02));
#4338 = CARTESIAN_POINT('',(0.99999365501,7.812500259957E-02));
#4339 = CARTESIAN_POINT('',(1.000010538551,7.883521574887E-02));
#4340 = CARTESIAN_POINT('',(1.000007550132,7.954547662309E-02));
#4341 = CARTESIAN_POINT('',(1.000002620265,8.025558640376E-02));
#4342 = CARTESIAN_POINT('',(0.999962392176,8.096681468236E-02));
#4343 = CARTESIAN_POINT('',(0.99999360787,8.167610152693E-02));
#4344 = CARTESIAN_POINT('',(1.000015029232,8.238637307645E-02));
#4345 = CARTESIAN_POINT('',(1.000009247413,8.309659286003E-02));
#4346 = CARTESIAN_POINT('',(1.000011261769,8.380683224939E-02));
#4347 = CARTESIAN_POINT('',(1.000009345491,8.451706135374E-02));
#4348 = CARTESIAN_POINT('',(1.000015407623,8.522728067277E-02));
#4349 = CARTESIAN_POINT('',(0.999993540017,8.593749433845E-02));
#4350 = CARTESIAN_POINT('',(1.000010568981,8.66477375051E-02));
#4351 = CARTESIAN_POINT('',(1.000007543404,8.735790241775E-02));
#4352 = CARTESIAN_POINT('',(1.000002616745,8.806836559899E-02));
#4353 = CARTESIAN_POINT('',(0.999963223625,8.877740721876E-02));
#4354 = CARTESIAN_POINT('',(0.999988309509,8.948870255049E-02));
#4355 = CARTESIAN_POINT('',(1.000017780534,9.019884752461E-02));
#4356 = CARTESIAN_POINT('',(1.000009952215,9.090911698641E-02));
#4357 = CARTESIAN_POINT('',(1.000012752626,9.161935421483E-02));
#4358 = CARTESIAN_POINT('',(1.000010415793,9.232958268219E-02));
#4359 = CARTESIAN_POINT('',(1.000018081588,9.303978587756E-02));
#4360 = CARTESIAN_POINT('',(0.999990960838,9.374999989803E-02));
#4361 = CARTESIAN_POINT('',(1.000018078801,9.446021416791E-02));
#4362 = CARTESIAN_POINT('',(1.000010426939,9.517041729256E-02));
#4363 = CARTESIAN_POINT('',(1.000012710826,9.588064578069E-02));
#4364 = CARTESIAN_POINT('',(1.000010108268,9.659088298395E-02));
#4365 = CARTESIAN_POINT('',(1.000017198121,9.730115251295E-02));
#4366 = CARTESIAN_POINT('',(0.999990483109,9.801129723135E-02));
#4367 = CARTESIAN_POINT('',(0.999931411733,9.872259217896E-02));
#4368 = CARTESIAN_POINT('',(1.000008327185,9.943163432836E-02));
#4369 = CARTESIAN_POINT('',(1.000006008109,0.100142097522));
#4370 = CARTESIAN_POINT('',(1.000010999725,0.100852262472));
#4371 = CARTESIAN_POINT('',(0.999993352335,0.10156250548));
#4372 = CARTESIAN_POINT('',(1.00001545923,0.102272719348));
#4373 = CARTESIAN_POINT('',(1.000009326747,0.102982938611));
#4374 = CARTESIAN_POINT('',(1.000011285139,0.103693167732));
#4375 = CARTESIAN_POINT('',(1.000009172677,0.104403407103));
#4376 = CARTESIAN_POINT('',(1.000015304806,0.105113626941));
#4377 = CARTESIAN_POINT('',(0.99999258031,0.105823898288));
#4378 = CARTESIAN_POINT('',(0.999991118459,0.106533184983));
#4379 = CARTESIAN_POINT('',(0.999999553518,0.107244413485));
#4380 = CARTESIAN_POINT('',(1.000008371881,0.107954523328));
#4381 = CARTESIAN_POINT('',(1.000010318303,0.108664784226));
#4382 = CARTESIAN_POINT('',(0.99999371425,0.109374997222));
#4383 = CARTESIAN_POINT('',(1.000014827746,0.110085226344));
#4384 = CARTESIAN_POINT('',(1.000009129632,0.110795454921));
#4385 = CARTESIAN_POINT('',(1.0000108782,0.111505687562));
#4386 = CARTESIAN_POINT('',(1.00000969876,0.11221591623));
#4387 = CARTESIAN_POINT('',(1.000012832144,0.112926134875));
#4388 = CARTESIAN_POINT('',(1.000001690104,0.113636367625));
#4389 = CARTESIAN_POINT('',(1.000008615257,0.114346567319));
#4390 = CARTESIAN_POINT('',(1.000007208211,0.11505688311));
#4391 = CARTESIAN_POINT('',(0.999971665885,0.115766795453));
#4392 = CARTESIAN_POINT('',(0.999935276134,0.116477923435));
#4393 = CARTESIAN_POINT('',(1.000013530906,0.117187326976));
#4394 = CARTESIAN_POINT('',(1.000010209416,0.117897780293));
#4395 = CARTESIAN_POINT('',(1.000011230238,0.118607962996));
#4396 = CARTESIAN_POINT('',(1.000011099622,0.119318213711));
#4397 = CARTESIAN_POINT('',(1.000011294139,0.12002842973));
#4398 = CARTESIAN_POINT('',(1.000011403589,0.120738636921));
#4399 = CARTESIAN_POINT('',(1.00001159469,0.121448862627));
#4400 = CARTESIAN_POINT('',(1.000011613419,0.122159056266));
#4401 = CARTESIAN_POINT('',(1.000012311909,0.122869269635));
#4402 = CARTESIAN_POINT('',(1.00001053865,0.12357950744));
#4403 = CARTESIAN_POINT('',(1.000018050713,0.124289762707));
#4404 = CARTESIAN_POINT('',(0.999990974646,0.125000000003));
#4405 = CARTESIAN_POINT('',(1.000018050703,0.12571023728));
#4406 = CARTESIAN_POINT('',(1.000010538687,0.12642049255));
#4407 = CARTESIAN_POINT('',(1.000012311768,0.127130730352));
#4408 = CARTESIAN_POINT('',(1.000011613949,0.127840943721));
#4409 = CARTESIAN_POINT('',(1.000011592714,0.128551137358));
#4410 = CARTESIAN_POINT('',(1.000011410962,0.129261363063));
#4411 = CARTESIAN_POINT('',(1.000011266624,0.129971570253));
#4412 = CARTESIAN_POINT('',(1.000011202309,0.130681786271));
#4413 = CARTESIAN_POINT('',(1.000010847002,0.131392036985));
#4414 = CARTESIAN_POINT('',(1.000011639673,0.132102219686));
#4415 = CARTESIAN_POINT('',(1.000008193116,0.132812673001));
#4416 = CARTESIAN_POINT('',(0.999955979329,0.133522075948));
#4417 = CARTESIAN_POINT('',(0.999963693881,0.134233204131));
#4418 = CARTESIAN_POINT('',(1.000009126085,0.134943116843));
#4419 = CARTESIAN_POINT('',(1.000008116191,0.135653432637));
#4420 = CARTESIAN_POINT('',(1.000001768497,0.136363632271));
#4421 = CARTESIAN_POINT('',(1.000012811216,0.137073865122));
#4422 = CARTESIAN_POINT('',(1.000009704078,0.137784083739));
#4423 = CARTESIAN_POINT('',(1.000010877856,0.138494312418));
#4424 = CARTESIAN_POINT('',(1.000009125692,0.139204545043));
#4425 = CARTESIAN_POINT('',(1.000014843852,0.139914773672));
#4426 = CARTESIAN_POINT('',(0.999993653767,0.1406250026));
#4427 = CARTESIAN_POINT('',(1.000010538882,0.141335215749));
#4428 = CARTESIAN_POINT('',(1.000007550048,0.142045476623));
#4429 = CARTESIAN_POINT('',(1.000002620268,0.142755586404));
#4430 = CARTESIAN_POINT('',(0.999962391999,0.143466814682));
#4431 = CARTESIAN_POINT('',(0.999993607159,0.144176101527));
#4432 = CARTESIAN_POINT('',(1.000015029423,0.144886373076));
#4433 = CARTESIAN_POINT('',(1.000009247362,0.14559659286));
#4434 = CARTESIAN_POINT('',(1.00001126178,0.146306832249));
#4435 = CARTESIAN_POINT('',(1.000009345495,0.147017061354));
#4436 = CARTESIAN_POINT('',(1.000015407593,0.147727280673));
#4437 = CARTESIAN_POINT('',(0.999993540131,0.148437494338));
#4438 = CARTESIAN_POINT('',(1.000010568951,0.149147737505));
#4439 = CARTESIAN_POINT('',(1.000007543409,0.149857902418));
#4440 = CARTESIAN_POINT('',(1.000002616759,0.150568365599));
#4441 = CARTESIAN_POINT('',(0.999963223586,0.151277407219));
#4442 = CARTESIAN_POINT('',(0.999988309651,0.15198870255));
#4443 = CARTESIAN_POINT('',(1.000017780496,0.152698847525));
#4444 = CARTESIAN_POINT('',(1.000009952223,0.153409116986));
#4445 = CARTESIAN_POINT('',(1.000012752629,0.154119354215));
#4446 = CARTESIAN_POINT('',(1.000010415774,0.154829582682));
#4447 = CARTESIAN_POINT('',(1.000018081661,0.155539785878));
#4448 = CARTESIAN_POINT('',(0.999990960564,0.156249999898));
#4449 = CARTESIAN_POINT('',(1.000018078874,0.156960214168));
#4450 = CARTESIAN_POINT('',(1.00001042692,0.157670417293));
#4451 = CARTESIAN_POINT('',(1.000012710831,0.158380645781));
#4452 = CARTESIAN_POINT('',(1.000010108268,0.159090882984));
#4453 = CARTESIAN_POINT('',(1.000017198117,0.159801152513));
#4454 = CARTESIAN_POINT('',(0.999990483124,0.160511297231));
#4455 = CARTESIAN_POINT('',(0.999931412285,0.161222592179));
#4456 = CARTESIAN_POINT('',(1.000008326815,0.161931634328));
#4457 = CARTESIAN_POINT('',(1.000006008107,0.162642097522));
#4458 = CARTESIAN_POINT('',(1.000011000102,0.163352262472));
#4459 = CARTESIAN_POINT('',(0.999993350828,0.16406250548));
#4460 = CARTESIAN_POINT('',(1.000015459634,0.164772719348));
#4461 = CARTESIAN_POINT('',(1.000009326635,0.165482938611));
#4462 = CARTESIAN_POINT('',(1.000011285181,0.166193167733));
#4463 = CARTESIAN_POINT('',(1.000009172619,0.166903407103));
#4464 = CARTESIAN_POINT('',(1.000015304996,0.167613626941));
#4465 = CARTESIAN_POINT('',(0.99999257961,0.168323898288));
#4466 = CARTESIAN_POINT('',(0.999991118269,0.169033184983));
#4467 = CARTESIAN_POINT('',(0.999999553569,0.169744413485));
#4468 = CARTESIAN_POINT('',(1.000008371865,0.170454523328));
#4469 = CARTESIAN_POINT('',(1.000010318316,0.171164784226));
#4470 = CARTESIAN_POINT('',(0.999993714215,0.171874997222));
#4471 = CARTESIAN_POINT('',(1.000014827754,0.172585226344));
#4472 = CARTESIAN_POINT('',(1.000009129632,0.173295454921));
#4473 = CARTESIAN_POINT('',(1.00001087819,0.174005687562));
#4474 = CARTESIAN_POINT('',(1.0000096988,0.17471591623));
#4475 = CARTESIAN_POINT('',(1.00001283199,0.175426134875));
#4476 = CARTESIAN_POINT('',(1.000001690677,0.176136367625));
#4477 = CARTESIAN_POINT('',(1.000008614967,0.176846567319));
#4478 = CARTESIAN_POINT('',(1.0000072088,0.17755688311));
#4479 = CARTESIAN_POINT('',(0.9999716659,0.178266795453));
#4480 = CARTESIAN_POINT('',(0.999935276214,0.178977923435));
#4481 = CARTESIAN_POINT('',(1.000013531534,0.179687326976));
#4482 = CARTESIAN_POINT('',(1.000010209271,0.180397780293));
#4483 = CARTESIAN_POINT('',(1.00001123019,0.181107962996));
#4484 = CARTESIAN_POINT('',(1.000011099958,0.181818213711));
#4485 = CARTESIAN_POINT('',(1.000011292843,0.18252842973));
#4486 = CARTESIAN_POINT('',(1.000011408438,0.183238636923));
#4487 = CARTESIAN_POINT('',(1.000011576592,0.18394886262));
#4488 = CARTESIAN_POINT('',(1.000011680963,0.184659056292));
#4489 = CARTESIAN_POINT('',(1.000012059832,0.185369269537));
#4490 = CARTESIAN_POINT('',(1.000011479417,0.186079507805));
#4491 = CARTESIAN_POINT('',(1.00001453972,0.186789761345));
#4492 = CARTESIAN_POINT('',(1.00000756514,0.187263257171));
#4493 = CARTESIAN_POINT('',(1.,0.1875));
#4494 = ( GEOMETRIC_REPRESENTATION_CONTEXT(2) 
PARAMETRIC_REPRESENTATION_CONTEXT() REPRESENTATION_CONTEXT('2D SPACE',''
  ) );
#4495 = PCURVE('',#4496,#4501);
#4496 = CYLINDRICAL_SURFACE('',#4497,14.9);
#4497 = AXIS2_PLACEMENT_3D('',#4498,#4499,#4500);
#4498 = CARTESIAN_POINT('',(188.602530506,210.,600.));
#4499 = DIRECTION('',(-1.,0.,0.));
#4500 = DIRECTION('',(0.,0.,1.));
#4501 = DEFINITIONAL_REPRESENTATION('',(#4502),#4682);
#4502 = B_SPLINE_CURVE_WITH_KNOTS('',3,(#4503,#4504,#4505,#4506,#4507,
    #4508,#4509,#4510,#4511,#4512,#4513,#4514,#4515,#4516,#4517,#4518,
    #4519,#4520,#4521,#4522,#4523,#4524,#4525,#4526,#4527,#4528,#4529,
    #4530,#4531,#4532,#4533,#4534,#4535,#4536,#4537,#4538,#4539,#4540,
    #4541,#4542,#4543,#4544,#4545,#4546,#4547,#4548,#4549,#4550,#4551,
    #4552,#4553,#4554,#4555,#4556,#4557,#4558,#4559,#4560,#4561,#4562,
    #4563,#4564,#4565,#4566,#4567,#4568,#4569,#4570,#4571,#4572,#4573,
    #4574,#4575,#4576,#4577,#4578,#4579,#4580,#4581,#4582,#4583,#4584,
    #4585,#4586,#4587,#4588,#4589,#4590,#4591,#4592,#4593,#4594,#4595,
    #4596,#4597,#4598,#4599,#4600,#4601,#4602,#4603,#4604,#4605,#4606,
    #4607,#4608,#4609,#4610,#4611,#4612,#4613,#4614,#4615,#4616,#4617,
    #4618,#4619,#4620,#4621,#4622,#4623,#4624,#4625,#4626,#4627,#4628,
    #4629,#4630,#4631,#4632,#4633,#4634,#4635,#4636,#4637,#4638,#4639,
    #4640,#4641,#4642,#4643,#4644,#4645,#4646,#4647,#4648,#4649,#4650,
    #4651,#4652,#4653,#4654,#4655,#4656,#4657,#4658,#4659,#4660,#4661,
    #4662,#4663,#4664,#4665,#4666,#4667,#4668,#4669,#4670,#4671,#4672,
    #4673,#4674,#4675,#4676,#4677,#4678,#4679,#4680,#4681),
  .UNSPECIFIED.,.F.,.F.,(4,1,1,1,1,1,1,1,1,1,1,1,1,1,1,1,1,1,1,1,1,1,1,1
    ,1,1,1,1,1,1,1,1,1,1,1,1,1,1,1,1,1,1,1,1,1,1,1,1,1,1,1,1,1,1,1,1,1,1
    ,1,1,1,1,1,1,1,1,1,1,1,1,1,1,1,1,1,1,1,1,1,1,1,1,1,1,1,1,1,1,1,1,1,1
    ,1,1,1,1,1,1,1,1,1,1,1,1,1,1,1,1,1,1,1,1,1,1,1,1,1,1,1,1,1,1,1,1,1,1
    ,1,1,1,1,1,1,1,1,1,1,1,1,1,1,1,1,1,1,1,1,1,1,1,1,1,1,1,1,1,1,1,1,1,1
    ,1,1,1,1,1,1,1,1,1,1,1,1,1,1,1,1,4),(6.25E-02,6.321022727273E-02,
    6.392045454545E-02,6.463068181818E-02,6.534090909091E-02,
    6.605113636364E-02,6.676136363636E-02,6.747159090909E-02,
    6.818181818182E-02,6.889204545455E-02,6.960227272727E-02,7.03125E-02
    ,7.102272727273E-02,7.173295454545E-02,7.244318181818E-02,
    7.315340909091E-02,7.386363636364E-02,7.457386363636E-02,
    7.528409090909E-02,7.599431818182E-02,7.670454545455E-02,
    7.741477272727E-02,7.8125E-02,7.883522727273E-02,7.954545454545E-02,
    8.025568181818E-02,8.096590909091E-02,8.167613636364E-02,
    8.238636363636E-02,8.309659090909E-02,8.380681818182E-02,
    8.451704545455E-02,8.522727272727E-02,8.59375E-02,8.664772727273E-02
    ,8.735795454545E-02,8.806818181818E-02,8.877840909091E-02,
    8.948863636364E-02,9.019886363636E-02,9.090909090909E-02,
    9.161931818182E-02,9.232954545455E-02,9.303977272727E-02,9.375E-02,
    9.446022727273E-02,9.517045454545E-02,9.588068181818E-02,
    9.659090909091E-02,9.730113636364E-02,9.801136363636E-02,
    9.872159090909E-02,9.943181818182E-02,0.100142045455,0.100852272727,
    0.1015625,0.102272727273,0.102982954545,0.103693181818,
    0.104403409091,0.105113636364,0.105823863636,0.106534090909,
    0.107244318182,0.107954545455,0.108664772727,0.109375,0.110085227273
    ,0.110795454545,0.111505681818,0.112215909091,0.112926136364,
    0.113636363636,0.114346590909,0.115056818182,0.115767045455,
    0.116477272727,0.1171875,0.117897727273,0.118607954545,
    0.119318181818,0.120028409091,0.120738636364,0.121448863636,
    0.122159090909,0.122869318182,0.123579545455,0.124289772727,0.125,
    0.125710227273,0.126420454545,0.127130681818,0.127840909091,
    0.128551136364,0.129261363636,0.129971590909,0.130681818182,
    0.131392045455,0.132102272727,0.1328125,0.133522727273,
    0.134232954545,0.134943181818,0.135653409091,0.136363636364,
    0.137073863636,0.137784090909,0.138494318182,0.139204545455,
    0.139914772727,0.140625,0.141335227273,0.142045454545,0.142755681818
    ,0.143465909091,0.144176136364,0.144886363636,0.145596590909,
    0.146306818182,0.147017045455,0.147727272727,0.1484375,
    0.149147727273,0.149857954545,0.150568181818,0.151278409091,
    0.151988636364,0.152698863636,0.153409090909,0.154119318182,
    0.154829545455,0.155539772727,0.15625,0.156960227273,0.157670454545,
    0.158380681818,0.159090909091,0.159801136364,0.160511363636,
    0.161221590909,0.161931818182,0.162642045455,0.163352272727,
    0.1640625,0.164772727273,0.165482954545,0.166193181818,
    0.166903409091,0.167613636364,0.168323863636,0.169034090909,
    0.169744318182,0.170454545455,0.171164772727,0.171875,0.172585227273
    ,0.173295454545,0.174005681818,0.174715909091,0.175426136364,
    0.176136363636,0.176846590909,0.177556818182,0.178267045455,
    0.178977272727,0.1796875,0.180397727273,0.181107954545,
    0.181818181818,0.182528409091,0.183238636364,0.183948863636,
    0.184659090909,0.185369318182,0.186079545455,0.186789772727,0.1875),
  .QUASI_UNIFORM_KNOTS.);
#4503 = CARTESIAN_POINT('',(0.,-106.895931032));
#4504 = CARTESIAN_POINT('',(1.180033752153E-02,-106.894448187));
#4505 = CARTESIAN_POINT('',(3.544873013361E-02,-106.8914644099));
#4506 = CARTESIAN_POINT('',(7.104136648425E-02,-106.886943003));
#4507 = CARTESIAN_POINT('',(0.106730881883,-106.8823843774));
#4508 = CARTESIAN_POINT('',(0.14249432883,-106.8777970482));
#4509 = CARTESIAN_POINT('',(0.178309284787,-106.8731895594));
#4510 = CARTESIAN_POINT('',(0.214155457066,-106.868570346));
#4511 = CARTESIAN_POINT('',(0.250007265502,-106.8639487307));
#4512 = CARTESIAN_POINT('',(0.28584311868,-106.8593335264));
#4513 = CARTESIAN_POINT('',(0.321641089258,-106.8547331139));
#4514 = CARTESIAN_POINT('',(0.357374118148,-106.8501576906));
#4515 = CARTESIAN_POINT('',(0.393033154686,-106.8456106195));
#4516 = CARTESIAN_POINT('',(0.428542553801,-106.8411207849));
#4517 = CARTESIAN_POINT('',(0.463972102143,-106.8366613916));
#4518 = CARTESIAN_POINT('',(0.499484433123,-106.8321704587));
#4519 = CARTESIAN_POINT('',(0.53512409862,-106.8276308666));
#4520 = CARTESIAN_POINT('',(0.57084683037,-106.8230592854));
#4521 = CARTESIAN_POINT('',(0.606636498666,-106.8184618804));
#4522 = CARTESIAN_POINT('',(0.642468221746,-106.8138481343));
#4523 = CARTESIAN_POINT('',(0.678320171355,-106.8092267686));
#4524 = CARTESIAN_POINT('',(0.714169062033,-106.8046066563));
#4525 = CARTESIAN_POINT('',(0.749991324641,-106.7999967172));
#4526 = CARTESIAN_POINT('',(0.785764769745,-106.7954055316));
#4527 = CARTESIAN_POINT('',(0.821463947023,-106.790842992));
#4528 = CARTESIAN_POINT('',(0.857076673681,-106.7863137242));
#4529 = CARTESIAN_POINT('',(0.892544460806,-106.7818397911));
#4530 = CARTESIAN_POINT('',(0.928007733743,-106.7773676184));
#4531 = CARTESIAN_POINT('',(0.963546944895,-106.7728663308));
#4532 = CARTESIAN_POINT('',(0.999222637217,-106.7683128571));
#4533 = CARTESIAN_POINT('',(1.034977830863,-106.7637287752));
#4534 = CARTESIAN_POINT('',(1.070788780763,-106.7591233248));
#4535 = CARTESIAN_POINT('',(1.106632362422,-106.7545052369));
#4536 = CARTESIAN_POINT('',(1.142485232933,-106.7498833552));
#4537 = CARTESIAN_POINT('',(1.178324749683,-106.7452665815));
#4538 = CARTESIAN_POINT('',(1.214129314268,-106.7406634726));
#4539 = CARTESIAN_POINT('',(1.249871931966,-106.7360842389));
#4540 = CARTESIAN_POINT('',(1.28554421041,-106.7315321392));
#4541 = CARTESIAN_POINT('',(1.321054923068,-106.7270417349));
#4542 = CARTESIAN_POINT('',(1.356502412356,-106.7225755488));
#4543 = CARTESIAN_POINT('',(1.39200069756,-106.7180899636));
#4544 = CARTESIAN_POINT('',(1.42762582657,-106.7135559871));
#4545 = CARTESIAN_POINT('',(1.463338657551,-106.7089884219));
#4546 = CARTESIAN_POINT('',(1.499120303404,-106.7043942464));
#4547 = CARTESIAN_POINT('',(1.534946506222,-106.6997825712));
#4548 = CARTESIAN_POINT('',(1.570796326795,-106.695161802));
#4549 = CARTESIAN_POINT('',(1.606646147367,-106.6905410327));
#4550 = CARTESIAN_POINT('',(1.642472350186,-106.6859293575));
#4551 = CARTESIAN_POINT('',(1.678253996039,-106.6813351818));
#4552 = CARTESIAN_POINT('',(1.71396682702,-106.6767676164));
#4553 = CARTESIAN_POINT('',(1.74959195603,-106.6722336396));
#4554 = CARTESIAN_POINT('',(1.785090241234,-106.6677480541));
#4555 = CARTESIAN_POINT('',(1.820537730522,-106.663281868));
#4556 = CARTESIAN_POINT('',(1.85604844318,-106.6587914637));
#4557 = CARTESIAN_POINT('',(1.891720721623,-106.654239364));
#4558 = CARTESIAN_POINT('',(1.927463339322,-106.6496601303));
#4559 = CARTESIAN_POINT('',(1.963267903907,-106.6450570213));
#4560 = CARTESIAN_POINT('',(1.999107420657,-106.6404402482));
#4561 = CARTESIAN_POINT('',(2.034960291168,-106.6358183665));
#4562 = CARTESIAN_POINT('',(2.070803872827,-106.6312002786));
#4563 = CARTESIAN_POINT('',(2.106614822727,-106.6265948282));
#4564 = CARTESIAN_POINT('',(2.142370016373,-106.6220107465));
#4565 = CARTESIAN_POINT('',(2.178045708694,-106.6174572732));
#4566 = CARTESIAN_POINT('',(2.213584919847,-106.6129559854));
#4567 = CARTESIAN_POINT('',(2.249048192784,-106.608483813));
#4568 = CARTESIAN_POINT('',(2.284515979909,-106.604009879));
#4569 = CARTESIAN_POINT('',(2.320128706567,-106.5994806109));
#4570 = CARTESIAN_POINT('',(2.355827883845,-106.5949180726));
#4571 = CARTESIAN_POINT('',(2.391601328949,-106.5903268866));
#4572 = CARTESIAN_POINT('',(2.427423591557,-106.5857169474));
#4573 = CARTESIAN_POINT('',(2.463272482235,-106.5810968347));
#4574 = CARTESIAN_POINT('',(2.499124431843,-106.5764754687));
#4575 = CARTESIAN_POINT('',(2.534956154923,-106.5718617225));
#4576 = CARTESIAN_POINT('',(2.57074582322,-106.5672643175));
#4577 = CARTESIAN_POINT('',(2.60646855497,-106.5626927363));
#4578 = CARTESIAN_POINT('',(2.642108220467,-106.5581531443));
#4579 = CARTESIAN_POINT('',(2.677620551448,-106.5536622113));
#4580 = CARTESIAN_POINT('',(2.713050099785,-106.549202818));
#4581 = CARTESIAN_POINT('',(2.748559498916,-106.5447129832));
#4582 = CARTESIAN_POINT('',(2.784218535397,-106.5401659128));
#4583 = CARTESIAN_POINT('',(2.819951564501,-106.5355904894));
#4584 = CARTESIAN_POINT('',(2.855749534276,-106.5309900771));
#4585 = CARTESIAN_POINT('',(2.891585390454,-106.5263748715));
#4586 = CARTESIAN_POINT('',(2.927437187694,-106.5217532601));
#4587 = CARTESIAN_POINT('',(2.963283401757,-106.5171340313));
#4588 = CARTESIAN_POINT('',(2.999098201773,-106.5125266018));
#4589 = CARTESIAN_POINT('',(3.0348622307,-106.5079390519));
#4590 = CARTESIAN_POINT('',(3.070549574122,-106.5033812495));
#4591 = CARTESIAN_POINT('',(3.106150316398,-106.4988567698));
#4592 = CARTESIAN_POINT('',(3.14159265359,-106.494392571));
#4593 = CARTESIAN_POINT('',(3.177034990781,-106.4899283721));
#4594 = CARTESIAN_POINT('',(3.212635733058,-106.4854038924));
#4595 = CARTESIAN_POINT('',(3.24832307648,-106.48084609));
#4596 = CARTESIAN_POINT('',(3.284087105406,-106.4762585401));
#4597 = CARTESIAN_POINT('',(3.319901905423,-106.4716511106));
#4598 = CARTESIAN_POINT('',(3.355748119486,-106.4670318818));
#4599 = CARTESIAN_POINT('',(3.391599916725,-106.4624102704));
#4600 = CARTESIAN_POINT('',(3.427435772904,-106.4577950648));
#4601 = CARTESIAN_POINT('',(3.463233742678,-106.4531946525));
#4602 = CARTESIAN_POINT('',(3.498966771783,-106.4486192291));
#4603 = CARTESIAN_POINT('',(3.534625808264,-106.4440721587));
#4604 = CARTESIAN_POINT('',(3.570135207394,-106.4395823239));
#4605 = CARTESIAN_POINT('',(3.605564755732,-106.4351229306));
#4606 = CARTESIAN_POINT('',(3.641077086713,-106.4306319976));
#4607 = CARTESIAN_POINT('',(3.67671675221,-106.4260924056));
#4608 = CARTESIAN_POINT('',(3.71243948396,-106.4215208244));
#4609 = CARTESIAN_POINT('',(3.748229152256,-106.4169234194));
#4610 = CARTESIAN_POINT('',(3.784060875336,-106.4123096732));
#4611 = CARTESIAN_POINT('',(3.819912824945,-106.4076883072));
#4612 = CARTESIAN_POINT('',(3.855761715623,-106.4030681945));
#4613 = CARTESIAN_POINT('',(3.89158397823,-106.3984582553));
#4614 = CARTESIAN_POINT('',(3.927357423335,-106.3938670693));
#4615 = CARTESIAN_POINT('',(3.963056600613,-106.389304531));
#4616 = CARTESIAN_POINT('',(3.998669327271,-106.3847752629));
#4617 = CARTESIAN_POINT('',(4.034137114396,-106.3803013289));
#4618 = CARTESIAN_POINT('',(4.069600387332,-106.3758291565));
#4619 = CARTESIAN_POINT('',(4.105139598485,-106.3713278687));
#4620 = CARTESIAN_POINT('',(4.140815290807,-106.3667743954));
#4621 = CARTESIAN_POINT('',(4.176570484452,-106.3621903137));
#4622 = CARTESIAN_POINT('',(4.212381434353,-106.3575848633));
#4623 = CARTESIAN_POINT('',(4.248225016012,-106.3529667754));
#4624 = CARTESIAN_POINT('',(4.284077886522,-106.3483448937));
#4625 = CARTESIAN_POINT('',(4.319917403273,-106.3437281206));
#4626 = CARTESIAN_POINT('',(4.355721967858,-106.3391250116));
#4627 = CARTESIAN_POINT('',(4.391464585556,-106.3345457779));
#4628 = CARTESIAN_POINT('',(4.427136864,-106.3299936782));
#4629 = CARTESIAN_POINT('',(4.462647576658,-106.3255032739));
#4630 = CARTESIAN_POINT('',(4.498095065946,-106.3210370878));
#4631 = CARTESIAN_POINT('',(4.53359335115,-106.3165515023));
#4632 = CARTESIAN_POINT('',(4.56921848016,-106.3120175255));
#4633 = CARTESIAN_POINT('',(4.604931311141,-106.3074499601));
#4634 = CARTESIAN_POINT('',(4.640712956994,-106.3028557844));
#4635 = CARTESIAN_POINT('',(4.676539159812,-106.2982441092));
#4636 = CARTESIAN_POINT('',(4.712388980385,-106.29362334));
#4637 = CARTESIAN_POINT('',(4.748238800957,-106.2890025707));
#4638 = CARTESIAN_POINT('',(4.784065003775,-106.2843908955));
#4639 = CARTESIAN_POINT('',(4.819846649629,-106.2797967198));
#4640 = CARTESIAN_POINT('',(4.855559480609,-106.2752291544));
#4641 = CARTESIAN_POINT('',(4.891184609619,-106.2706951776));
#4642 = CARTESIAN_POINT('',(4.926682894824,-106.266209592));
#4643 = CARTESIAN_POINT('',(4.962130384111,-106.2617434066));
#4644 = CARTESIAN_POINT('',(4.99764109677,-106.2572530017));
#4645 = CARTESIAN_POINT('',(5.033313375213,-106.2527009027));
#4646 = CARTESIAN_POINT('',(5.069055992911,-106.2481216693));
#4647 = CARTESIAN_POINT('',(5.104860557497,-106.243518559));
#4648 = CARTESIAN_POINT('',(5.140700074247,-106.2389017863));
#4649 = CARTESIAN_POINT('',(5.176552944757,-106.2342799048));
#4650 = CARTESIAN_POINT('',(5.212396526416,-106.229661817));
#4651 = CARTESIAN_POINT('',(5.248207476317,-106.2250563667));
#4652 = CARTESIAN_POINT('',(5.283962669963,-106.2204722848));
#4653 = CARTESIAN_POINT('',(5.319638362284,-106.2159188111));
#4654 = CARTESIAN_POINT('',(5.355177573437,-106.2114175234));
#4655 = CARTESIAN_POINT('',(5.390640846373,-106.206945351));
#4656 = CARTESIAN_POINT('',(5.426108633498,-106.2024714171));
#4657 = CARTESIAN_POINT('',(5.461721360157,-106.1979421496));
#4658 = CARTESIAN_POINT('',(5.497420537435,-106.1933796104));
#4659 = CARTESIAN_POINT('',(5.533193982539,-106.1887884246));
#4660 = CARTESIAN_POINT('',(5.569016245146,-106.1841784854));
#4661 = CARTESIAN_POINT('',(5.604865135825,-106.1795583728));
#4662 = CARTESIAN_POINT('',(5.640717085433,-106.1749370071));
#4663 = CARTESIAN_POINT('',(5.676548808513,-106.1703232614));
#4664 = CARTESIAN_POINT('',(5.71233847681,-106.165725856));
#4665 = CARTESIAN_POINT('',(5.748061208559,-106.1611542749));
#4666 = CARTESIAN_POINT('',(5.783700874057,-106.1566146833));
#4667 = CARTESIAN_POINT('',(5.819213205037,-106.1521237503));
#4668 = CARTESIAN_POINT('',(5.854642753378,-106.147664357));
#4669 = CARTESIAN_POINT('',(5.890152152494,-106.1431745224));
#4670 = CARTESIAN_POINT('',(5.925811189032,-106.1386274512));
#4671 = CARTESIAN_POINT('',(5.961544217921,-106.1340520278));
#4672 = CARTESIAN_POINT('',(5.997342188499,-106.1294516151));
#4673 = CARTESIAN_POINT('',(6.033178041678,-106.1248364107));
#4674 = CARTESIAN_POINT('',(6.069029850114,-106.1202147956));
#4675 = CARTESIAN_POINT('',(6.104876022393,-106.1155955826));
#4676 = CARTESIAN_POINT('',(6.14069097835,-106.1109880935));
#4677 = CARTESIAN_POINT('',(6.176454425297,-106.106400764));
#4678 = CARTESIAN_POINT('',(6.212143940695,-106.1018421382));
#4679 = CARTESIAN_POINT('',(6.247736577046,-106.097320731));
#4680 = CARTESIAN_POINT('',(6.271384969658,-106.0943369539));
#4681 = CARTESIAN_POINT('',(6.28318530718,-106.092854109));
#4682 = ( GEOMETRIC_REPRESENTATION_CONTEXT(2) 
PARAMETRIC_REPRESENTATION_CONTEXT() REPRESENTATION_CONTEXT('2D SPACE',''
  ) );
#4683 = ORIENTED_EDGE('',*,*,#4684,.T.);
#4684 = EDGE_CURVE('',#4175,#4685,#4687,.T.);
#4685 = VERTEX_POINT('',#4686);
#4686 = CARTESIAN_POINT('',(293.892307692,210.,614.9));
#4687 = SURFACE_CURVE('',#4688,(#4822,#5005),.PCURVE_S1.);
#4688 = B_SPLINE_CURVE_WITH_KNOTS('',3,(#4689,#4690,#4691,#4692,#4693,
    #4694,#4695,#4696,#4697,#4698,#4699,#4700,#4701,#4702,#4703,#4704,
    #4705,#4706,#4707,#4708,#4709,#4710,#4711,#4712,#4713,#4714,#4715,
    #4716,#4717,#4718,#4719,#4720,#4721,#4722,#4723,#4724,#4725,#4726,
    #4727,#4728,#4729,#4730,#4731,#4732,#4733,#4734,#4735,#4736,#4737,
    #4738,#4739,#4740,#4741,#4742,#4743,#4744,#4745,#4746,#4747,#4748,
    #4749,#4750,#4751,#4752,#4753,#4754,#4755,#4756,#4757,#4758,#4759,
    #4760,#4761,#4762,#4763,#4764,#4765,#4766,#4767,#4768,#4769,#4770,
    #4771,#4772,#4773,#4774,#4775,#4776,#4777,#4778,#4779,#4780,#4781,
    #4782,#4783,#4784,#4785,#4786,#4787,#4788,#4789,#4790,#4791,#4792,
    #4793,#4794,#4795,#4796,#4797,#4798,#4799,#4800,#4801,#4802,#4803,
    #4804,#4805,#4806,#4807,#4808,#4809,#4810,#4811,#4812,#4813,#4814,
    #4815,#4816,#4817,#4818,#4819,#4820,#4821),.UNSPECIFIED.,.F.,.F.,(4,
    3,3,3,3,3,3,3,3,3,3,3,3,3,3,3,3,3,3,3,3,3,3,3,3,3,3,3,3,3,3,3,3,3,3,
    3,3,3,3,3,3,3,3,3,4),(0.1875,0.19140625,0.1953125,0.197265625,
    0.19921875,0.203125,0.205078125,0.20703125,0.2109375,0.212890625,
    0.21484375,0.21875,0.22265625,0.224609375,0.2265625,0.23046875,
    0.232421875,0.234375,0.23828125,0.240234375,0.2421875,0.24609375,
    0.25,0.25390625,0.2578125,0.259765625,0.26171875,0.265625,
    0.267578125,0.26953125,0.2734375,0.275390625,0.27734375,0.28125,
    0.28515625,0.287109375,0.2890625,0.29296875,0.294921875,0.296875,
    0.30078125,0.302734375,0.3046875,0.30859375,0.3125),.UNSPECIFIED.);
#4689 = CARTESIAN_POINT('',(294.695384615,210.,614.9));
#4690 = CARTESIAN_POINT('',(294.687228968,210.967038938,614.9));
#4691 = CARTESIAN_POINT('',(294.67879975,211.944815315,614.804944123));
#4692 = CARTESIAN_POINT('',(294.670333243,212.905144583,614.614038968));
#4693 = CARTESIAN_POINT('',(294.661866736,213.865473852,614.423133813));
#4694 = CARTESIAN_POINT('',(294.653365974,214.807998993,614.136429982));
#4695 = CARTESIAN_POINT('',(294.645073742,215.70623834,613.764041703));
#4696 = CARTESIAN_POINT('',(294.640927627,216.155358013,613.577847564));
#4697 = CARTESIAN_POINT('',(294.636874674,216.592085054,613.371245689));
#4698 = CARTESIAN_POINT('',(294.632743875,217.020395768,613.14245195));
#4699 = CARTESIAN_POINT('',(294.628613077,217.448706483,612.913658211));
#4700 = CARTESIAN_POINT('',(294.624426464,217.867728896,612.662849341));
#4701 = CARTESIAN_POINT('',(294.620213271,218.274222015,612.391418403));
#4702 = CARTESIAN_POINT('',(294.611786883,219.087208255,611.848556527));
#4703 = CARTESIAN_POINT('',(294.603255237,219.849577211,611.222692586));
#4704 = CARTESIAN_POINT('',(294.594863889,220.53962249,610.532158267));
#4705 = CARTESIAN_POINT('',(294.590668215,220.88464513,610.186891107));
#4706 = CARTESIAN_POINT('',(294.586507709,221.211695634,609.825598437));
#4707 = CARTESIAN_POINT('',(294.582411057,221.518864282,609.451230907));
#4708 = CARTESIAN_POINT('',(294.578314405,221.82603293,609.076863377));
#4709 = CARTESIAN_POINT('',(294.57421504,222.115080177,608.687475776));
#4710 = CARTESIAN_POINT('',(294.570041804,222.385921915,608.282447605));
#4711 = CARTESIAN_POINT('',(294.56169533,222.927605389,607.472391262));
#4712 = CARTESIAN_POINT('',(294.553173884,223.392798409,606.603066682));
#4713 = CARTESIAN_POINT('',(294.544722442,223.767068707,605.698931409));
#4714 = CARTESIAN_POINT('',(294.540496722,223.954203856,605.246863773));
#4715 = CARTESIAN_POINT('',(294.53628871,224.118755709,604.786193632));
#4716 = CARTESIAN_POINT('',(294.532128448,224.259888588,604.320367745));
#4717 = CARTESIAN_POINT('',(294.527968187,224.401021468,603.854541857));
#4718 = CARTESIAN_POINT('',(294.523899763,224.518439762,603.385273859));
#4719 = CARTESIAN_POINT('',(294.519785452,224.613139698,602.909664617));
#4720 = CARTESIAN_POINT('',(294.511556831,224.802539568,601.958446131));
#4721 = CARTESIAN_POINT('',(294.503086969,224.9,600.979315573));
#4722 = CARTESIAN_POINT('',(294.494615385,224.9,600.));
#4723 = CARTESIAN_POINT('',(294.486143801,224.9,599.020684427));
#4724 = CARTESIAN_POINT('',(294.477673939,224.802539568,598.041553869));
#4725 = CARTESIAN_POINT('',(294.469445317,224.613139698,597.090335383));
#4726 = CARTESIAN_POINT('',(294.465331006,224.518439762,596.614726141));
#4727 = CARTESIAN_POINT('',(294.461262582,224.401021468,596.145458143));
#4728 = CARTESIAN_POINT('',(294.457102321,224.259888588,595.679632255));
#4729 = CARTESIAN_POINT('',(294.452942059,224.118755709,595.213806368));
#4730 = CARTESIAN_POINT('',(294.448734047,223.954203856,594.753136227));
#4731 = CARTESIAN_POINT('',(294.444508327,223.767068707,594.301068591));
#4732 = CARTESIAN_POINT('',(294.436056886,223.392798409,593.396933318));
#4733 = CARTESIAN_POINT('',(294.427535439,222.927605389,592.527608738));
#4734 = CARTESIAN_POINT('',(294.419188966,222.385921915,591.717552395));
#4735 = CARTESIAN_POINT('',(294.41501573,222.115080177,591.312524224));
#4736 = CARTESIAN_POINT('',(294.410916365,221.82603293,590.923136623));
#4737 = CARTESIAN_POINT('',(294.406819713,221.518864282,590.548769093));
#4738 = CARTESIAN_POINT('',(294.40272306,221.211695634,590.174401563));
#4739 = CARTESIAN_POINT('',(294.398562554,220.88464513,589.813108893));
#4740 = CARTESIAN_POINT('',(294.394366881,220.53962249,589.467841733));
#4741 = CARTESIAN_POINT('',(294.385975533,219.849577211,588.777307414));
#4742 = CARTESIAN_POINT('',(294.377443886,219.087208255,588.151443473));
#4743 = CARTESIAN_POINT('',(294.369017498,218.274222015,587.608581597));
#4744 = CARTESIAN_POINT('',(294.364804305,217.867728896,587.337150659));
#4745 = CARTESIAN_POINT('',(294.360617692,217.448706483,587.086341789));
#4746 = CARTESIAN_POINT('',(294.356486894,217.020395768,586.85754805));
#4747 = CARTESIAN_POINT('',(294.352356095,216.592085054,586.628754311));
#4748 = CARTESIAN_POINT('',(294.348303142,216.155358013,586.422152436));
#4749 = CARTESIAN_POINT('',(294.344157027,215.70623834,586.235958297));
#4750 = CARTESIAN_POINT('',(294.335864796,214.807998993,585.863570018));
#4751 = CARTESIAN_POINT('',(294.327364033,213.865473852,585.576866187));
#4752 = CARTESIAN_POINT('',(294.318897526,212.905144583,585.385961032));
#4753 = CARTESIAN_POINT('',(294.31043102,211.944815315,585.195055877));
#4754 = CARTESIAN_POINT('',(294.302001801,210.967038938,585.1));
#4755 = CARTESIAN_POINT('',(294.293846154,210.,585.1));
#4756 = CARTESIAN_POINT('',(294.285690507,209.032961062,585.1));
#4757 = CARTESIAN_POINT('',(294.277261288,208.055184685,585.195055877));
#4758 = CARTESIAN_POINT('',(294.268794781,207.094855417,585.385961032));
#4759 = CARTESIAN_POINT('',(294.260328275,206.134526148,585.576866187));
#4760 = CARTESIAN_POINT('',(294.251827512,205.192001007,585.863570018));
#4761 = CARTESIAN_POINT('',(294.24353528,204.29376166,586.235958297));
#4762 = CARTESIAN_POINT('',(294.239389165,203.844641987,586.422152436));
#4763 = CARTESIAN_POINT('',(294.235336212,203.407914946,586.628754311));
#4764 = CARTESIAN_POINT('',(294.231205413,202.979604232,586.85754805));
#4765 = CARTESIAN_POINT('',(294.227074615,202.551293517,587.086341789));
#4766 = CARTESIAN_POINT('',(294.222888003,202.132271104,587.337150659));
#4767 = CARTESIAN_POINT('',(294.218674809,201.725777985,587.608581597));
#4768 = CARTESIAN_POINT('',(294.210248422,200.912791745,588.151443473));
#4769 = CARTESIAN_POINT('',(294.201716775,200.150422789,588.777307414));
#4770 = CARTESIAN_POINT('',(294.193325427,199.46037751,589.467841733));
#4771 = CARTESIAN_POINT('',(294.189129753,199.11535487,589.813108893));
#4772 = CARTESIAN_POINT('',(294.184969248,198.788304366,590.174401563));
#4773 = CARTESIAN_POINT('',(294.180872595,198.481135718,590.548769093));
#4774 = CARTESIAN_POINT('',(294.176775943,198.17396707,590.923136623));
#4775 = CARTESIAN_POINT('',(294.172676578,197.884919823,591.312524224));
#4776 = CARTESIAN_POINT('',(294.168503342,197.614078085,591.717552395));
#4777 = CARTESIAN_POINT('',(294.160156868,197.072394611,592.527608738));
#4778 = CARTESIAN_POINT('',(294.151635422,196.607201591,593.396933318));
#4779 = CARTESIAN_POINT('',(294.143183981,196.232931293,594.301068591));
#4780 = CARTESIAN_POINT('',(294.13895826,196.045796144,594.753136227));
#4781 = CARTESIAN_POINT('',(294.134750248,195.881244291,595.213806368));
#4782 = CARTESIAN_POINT('',(294.130589987,195.740111412,595.679632255));
#4783 = CARTESIAN_POINT('',(294.126429725,195.598978532,596.145458143));
#4784 = CARTESIAN_POINT('',(294.122361302,195.481560238,596.614726141));
#4785 = CARTESIAN_POINT('',(294.118246991,195.386860302,597.090335383));
#4786 = CARTESIAN_POINT('',(294.110018369,195.197460432,598.041553869));
#4787 = CARTESIAN_POINT('',(294.101548507,195.1,599.020684427));
#4788 = CARTESIAN_POINT('',(294.093076923,195.1,600.));
#4789 = CARTESIAN_POINT('',(294.084605339,195.1,600.979315573));
#4790 = CARTESIAN_POINT('',(294.076135477,195.197460432,601.958446131));
#4791 = CARTESIAN_POINT('',(294.067906855,195.386860302,602.909664617));
#4792 = CARTESIAN_POINT('',(294.063792544,195.481560238,603.385273859));
#4793 = CARTESIAN_POINT('',(294.059724121,195.598978532,603.854541857));
#4794 = CARTESIAN_POINT('',(294.055563859,195.740111412,604.320367745));
#4795 = CARTESIAN_POINT('',(294.051403598,195.881244291,604.786193632));
#4796 = CARTESIAN_POINT('',(294.047195586,196.045796144,605.246863773));
#4797 = CARTESIAN_POINT('',(294.042969865,196.232931293,605.698931409));
#4798 = CARTESIAN_POINT('',(294.034518424,196.607201591,606.603066682));
#4799 = CARTESIAN_POINT('',(294.025996978,197.072394611,607.472391262));
#4800 = CARTESIAN_POINT('',(294.017650504,197.614078085,608.282447605));
#4801 = CARTESIAN_POINT('',(294.013477268,197.884919823,608.687475776));
#4802 = CARTESIAN_POINT('',(294.009377903,198.17396707,609.076863377));
#4803 = CARTESIAN_POINT('',(294.005281251,198.481135718,609.451230907));
#4804 = CARTESIAN_POINT('',(294.001184598,198.788304366,609.825598437));
#4805 = CARTESIAN_POINT('',(293.997024093,199.11535487,610.186891107));
#4806 = CARTESIAN_POINT('',(293.992828419,199.46037751,610.532158267));
#4807 = CARTESIAN_POINT('',(293.984437071,200.150422789,611.222692586));
#4808 = CARTESIAN_POINT('',(293.975905424,200.912791745,611.848556527));
#4809 = CARTESIAN_POINT('',(293.967479037,201.725777985,612.391418403));
#4810 = CARTESIAN_POINT('',(293.963265843,202.132271104,612.662849341));
#4811 = CARTESIAN_POINT('',(293.959079231,202.551293517,612.913658211));
#4812 = CARTESIAN_POINT('',(293.954948433,202.979604232,613.14245195));
#4813 = CARTESIAN_POINT('',(293.950817634,203.407914946,613.371245689));
#4814 = CARTESIAN_POINT('',(293.946764681,203.844641987,613.577847564));
#4815 = CARTESIAN_POINT('',(293.942618566,204.29376166,613.764041703));
#4816 = CARTESIAN_POINT('',(293.934326334,205.192001007,614.136429982));
#4817 = CARTESIAN_POINT('',(293.925825571,206.134526148,614.423133813));
#4818 = CARTESIAN_POINT('',(293.917359065,207.094855417,614.614038968));
#4819 = CARTESIAN_POINT('',(293.908892558,208.055184685,614.804944123));
#4820 = CARTESIAN_POINT('',(293.900463339,209.032961062,614.9));
#4821 = CARTESIAN_POINT('',(293.892307692,210.,614.9));
#4822 = PCURVE('',#98,#4823);
#4823 = DEFINITIONAL_REPRESENTATION('',(#4824),#5004);
#4824 = B_SPLINE_CURVE_WITH_KNOTS('',3,(#4825,#4826,#4827,#4828,#4829,
    #4830,#4831,#4832,#4833,#4834,#4835,#4836,#4837,#4838,#4839,#4840,
    #4841,#4842,#4843,#4844,#4845,#4846,#4847,#4848,#4849,#4850,#4851,
    #4852,#4853,#4854,#4855,#4856,#4857,#4858,#4859,#4860,#4861,#4862,
    #4863,#4864,#4865,#4866,#4867,#4868,#4869,#4870,#4871,#4872,#4873,
    #4874,#4875,#4876,#4877,#4878,#4879,#4880,#4881,#4882,#4883,#4884,
    #4885,#4886,#4887,#4888,#4889,#4890,#4891,#4892,#4893,#4894,#4895,
    #4896,#4897,#4898,#4899,#4900,#4901,#4902,#4903,#4904,#4905,#4906,
    #4907,#4908,#4909,#4910,#4911,#4912,#4913,#4914,#4915,#4916,#4917,
    #4918,#4919,#4920,#4921,#4922,#4923,#4924,#4925,#4926,#4927,#4928,
    #4929,#4930,#4931,#4932,#4933,#4934,#4935,#4936,#4937,#4938,#4939,
    #4940,#4941,#4942,#4943,#4944,#4945,#4946,#4947,#4948,#4949,#4950,
    #4951,#4952,#4953,#4954,#4955,#4956,#4957,#4958,#4959,#4960,#4961,
    #4962,#4963,#4964,#4965,#4966,#4967,#4968,#4969,#4970,#4971,#4972,
    #4973,#4974,#4975,#4976,#4977,#4978,#4979,#4980,#4981,#4982,#4983,
    #4984,#4985,#4986,#4987,#4988,#4989,#4990,#4991,#4992,#4993,#4994,
    #4995,#4996,#4997,#4998,#4999,#5000,#5001,#5002,#5003),
  .UNSPECIFIED.,.F.,.F.,(4,1,1,1,1,1,1,1,1,1,1,1,1,1,1,1,1,1,1,1,1,1,1,1
    ,1,1,1,1,1,1,1,1,1,1,1,1,1,1,1,1,1,1,1,1,1,1,1,1,1,1,1,1,1,1,1,1,1,1
    ,1,1,1,1,1,1,1,1,1,1,1,1,1,1,1,1,1,1,1,1,1,1,1,1,1,1,1,1,1,1,1,1,1,1
    ,1,1,1,1,1,1,1,1,1,1,1,1,1,1,1,1,1,1,1,1,1,1,1,1,1,1,1,1,1,1,1,1,1,1
    ,1,1,1,1,1,1,1,1,1,1,1,1,1,1,1,1,1,1,1,1,1,1,1,1,1,1,1,1,1,1,1,1,1,1
    ,1,1,1,1,1,1,1,1,1,1,1,1,1,1,1,1,4),(0.1875,0.188210227273,
    0.188920454545,0.189630681818,0.190340909091,0.191051136364,
    0.191761363636,0.192471590909,0.193181818182,0.193892045455,
    0.194602272727,0.1953125,0.196022727273,0.196732954545,
    0.197443181818,0.198153409091,0.198863636364,0.199573863636,
    0.200284090909,0.200994318182,0.201704545455,0.202414772727,0.203125
    ,0.203835227273,0.204545454545,0.205255681818,0.205965909091,
    0.206676136364,0.207386363636,0.208096590909,0.208806818182,
    0.209517045455,0.210227272727,0.2109375,0.211647727273,
    0.212357954545,0.213068181818,0.213778409091,0.214488636364,
    0.215198863636,0.215909090909,0.216619318182,0.217329545455,
    0.218039772727,0.21875,0.219460227273,0.220170454545,0.220880681818,
    0.221590909091,0.222301136364,0.223011363636,0.223721590909,
    0.224431818182,0.225142045455,0.225852272727,0.2265625,
    0.227272727273,0.227982954545,0.228693181818,0.229403409091,
    0.230113636364,0.230823863636,0.231534090909,0.232244318182,
    0.232954545455,0.233664772727,0.234375,0.235085227273,0.235795454545
    ,0.236505681818,0.237215909091,0.237926136364,0.238636363636,
    0.239346590909,0.240056818182,0.240767045455,0.241477272727,
    0.2421875,0.242897727273,0.243607954545,0.244318181818,
    0.245028409091,0.245738636364,0.246448863636,0.247159090909,
    0.247869318182,0.248579545455,0.249289772727,0.25,0.250710227273,
    0.251420454545,0.252130681818,0.252840909091,0.253551136364,
    0.254261363636,0.254971590909,0.255681818182,0.256392045455,
    0.257102272727,0.2578125,0.258522727273,0.259232954545,
    0.259943181818,0.260653409091,0.261363636364,0.262073863636,
    0.262784090909,0.263494318182,0.264204545455,0.264914772727,0.265625
    ,0.266335227273,0.267045454545,0.267755681818,0.268465909091,
    0.269176136364,0.269886363636,0.270596590909,0.271306818182,
    0.272017045455,0.272727272727,0.2734375,0.274147727273,
    0.274857954545,0.275568181818,0.276278409091,0.276988636364,
    0.277698863636,0.278409090909,0.279119318182,0.279829545455,
    0.280539772727,0.28125,0.281960227273,0.282670454545,0.283380681818,
    0.284090909091,0.284801136364,0.285511363636,0.286221590909,
    0.286931818182,0.287642045455,0.288352272727,0.2890625,
    0.289772727273,0.290482954545,0.291193181818,0.291903409091,
    0.292613636364,0.293323863636,0.294034090909,0.294744318182,
    0.295454545455,0.296164772727,0.296875,0.297585227273,0.298295454545
    ,0.299005681818,0.299715909091,0.300426136364,0.301136363636,
    0.301846590909,0.302556818182,0.303267045455,0.303977272727,
    0.3046875,0.305397727273,0.306107954545,0.306818181818,
    0.307528409091,0.308238636364,0.308948863636,0.309659090909,
    0.310369318182,0.311079545455,0.311789772727,0.3125),
  .QUASI_UNIFORM_KNOTS.);
#4825 = CARTESIAN_POINT('',(1.,0.1875));
#4826 = CARTESIAN_POINT('',(1.00000756514,0.187736742824));
#4827 = CARTESIAN_POINT('',(1.000014539709,0.188210238644));
#4828 = CARTESIAN_POINT('',(1.000011479455,0.188920492185));
#4829 = CARTESIAN_POINT('',(1.00001205969,0.18963073045));
#4830 = CARTESIAN_POINT('',(1.000011681493,0.190340943695));
#4831 = CARTESIAN_POINT('',(1.000011574616,0.191051137365));
#4832 = CARTESIAN_POINT('',(1.000011415812,0.191761363061));
#4833 = CARTESIAN_POINT('',(1.000011265321,0.192471570253));
#4834 = CARTESIAN_POINT('',(1.00001120267,0.193181786271));
#4835 = CARTESIAN_POINT('',(1.000010846864,0.193892036985));
#4836 = CARTESIAN_POINT('',(1.000011639866,0.194602219686));
#4837 = CARTESIAN_POINT('',(1.000008192482,0.195312673001));
#4838 = CARTESIAN_POINT('',(0.999955979241,0.196022075948));
#4839 = CARTESIAN_POINT('',(0.999963693906,0.196733204131));
#4840 = CARTESIAN_POINT('',(1.000009126072,0.197443116843));
#4841 = CARTESIAN_POINT('',(1.000008116205,0.198153432637));
#4842 = CARTESIAN_POINT('',(1.000001768452,0.198863632271));
#4843 = CARTESIAN_POINT('',(1.000012811226,0.199573865122));
#4844 = CARTESIAN_POINT('',(1.000009704081,0.200284083739));
#4845 = CARTESIAN_POINT('',(1.000010877833,0.200994312418));
#4846 = CARTESIAN_POINT('',(1.000009125781,0.201704545043));
#4847 = CARTESIAN_POINT('',(1.000014843519,0.202414773672));
#4848 = CARTESIAN_POINT('',(0.999993655009,0.2031250026));
#4849 = CARTESIAN_POINT('',(1.000010538551,0.203835215749));
#4850 = CARTESIAN_POINT('',(1.000007550132,0.204545476623));
#4851 = CARTESIAN_POINT('',(1.000002620265,0.205255586404));
#4852 = CARTESIAN_POINT('',(0.999962392176,0.205966814682));
#4853 = CARTESIAN_POINT('',(0.99999360787,0.206676101527));
#4854 = CARTESIAN_POINT('',(1.000015029233,0.207386373076));
#4855 = CARTESIAN_POINT('',(1.000009247412,0.20809659286));
#4856 = CARTESIAN_POINT('',(1.000011261769,0.208806832249));
#4857 = CARTESIAN_POINT('',(1.000009345491,0.209517061354));
#4858 = CARTESIAN_POINT('',(1.000015407623,0.210227280673));
#4859 = CARTESIAN_POINT('',(0.999993540016,0.210937494338));
#4860 = CARTESIAN_POINT('',(1.000010568981,0.211647737505));
#4861 = CARTESIAN_POINT('',(1.000007543404,0.212357902418));
#4862 = CARTESIAN_POINT('',(1.000002616745,0.213068365599));
#4863 = CARTESIAN_POINT('',(0.999963223624,0.213777407219));
#4864 = CARTESIAN_POINT('',(0.999988309509,0.214488702551));
#4865 = CARTESIAN_POINT('',(1.000017780534,0.215198847524));
#4866 = CARTESIAN_POINT('',(1.000009952215,0.215909116987));
#4867 = CARTESIAN_POINT('',(1.000012752626,0.216619354215));
#4868 = CARTESIAN_POINT('',(1.000010415793,0.217329582682));
#4869 = CARTESIAN_POINT('',(1.000018081588,0.218039785878));
#4870 = CARTESIAN_POINT('',(0.999990960838,0.218749999898));
#4871 = CARTESIAN_POINT('',(1.000018078801,0.219460214168));
#4872 = CARTESIAN_POINT('',(1.000010426939,0.220170417293));
#4873 = CARTESIAN_POINT('',(1.000012710826,0.220880645781));
#4874 = CARTESIAN_POINT('',(1.000010108268,0.221590882984));
#4875 = CARTESIAN_POINT('',(1.000017198121,0.222301152513));
#4876 = CARTESIAN_POINT('',(0.999990483109,0.223011297231));
#4877 = CARTESIAN_POINT('',(0.999931411733,0.223722592179));
#4878 = CARTESIAN_POINT('',(1.000008327184,0.224431634328));
#4879 = CARTESIAN_POINT('',(1.000006008109,0.225142097522));
#4880 = CARTESIAN_POINT('',(1.000010999725,0.225852262472));
#4881 = CARTESIAN_POINT('',(0.999993352335,0.22656250548));
#4882 = CARTESIAN_POINT('',(1.00001545923,0.227272719348));
#4883 = CARTESIAN_POINT('',(1.000009326747,0.227982938611));
#4884 = CARTESIAN_POINT('',(1.000011285139,0.228693167733));
#4885 = CARTESIAN_POINT('',(1.000009172677,0.229403407103));
#4886 = CARTESIAN_POINT('',(1.000015304806,0.230113626941));
#4887 = CARTESIAN_POINT('',(0.99999258031,0.230823898288));
#4888 = CARTESIAN_POINT('',(0.999991118459,0.231533184983));
#4889 = CARTESIAN_POINT('',(0.999999553518,0.232244413485));
#4890 = CARTESIAN_POINT('',(1.000008371881,0.232954523328));
#4891 = CARTESIAN_POINT('',(1.000010318303,0.233664784226));
#4892 = CARTESIAN_POINT('',(0.99999371425,0.234374997222));
#4893 = CARTESIAN_POINT('',(1.000014827746,0.235085226344));
#4894 = CARTESIAN_POINT('',(1.000009129632,0.235795454921));
#4895 = CARTESIAN_POINT('',(1.0000108782,0.236505687562));
#4896 = CARTESIAN_POINT('',(1.000009698759,0.23721591623));
#4897 = CARTESIAN_POINT('',(1.000012832144,0.237926134875));
#4898 = CARTESIAN_POINT('',(1.000001690104,0.238636367625));
#4899 = CARTESIAN_POINT('',(1.000008615257,0.239346567319));
#4900 = CARTESIAN_POINT('',(1.000007208212,0.24005688311));
#4901 = CARTESIAN_POINT('',(0.999971665885,0.240766795453));
#4902 = CARTESIAN_POINT('',(0.999935276133,0.241477923435));
#4903 = CARTESIAN_POINT('',(1.000013530906,0.242187326976));
#4904 = CARTESIAN_POINT('',(1.000010209416,0.242897780293));
#4905 = CARTESIAN_POINT('',(1.000011230238,0.243607962996));
#4906 = CARTESIAN_POINT('',(1.000011099622,0.244318213711));
#4907 = CARTESIAN_POINT('',(1.000011294139,0.24502842973));
#4908 = CARTESIAN_POINT('',(1.000011403589,0.245738636921));
#4909 = CARTESIAN_POINT('',(1.00001159469,0.246448862627));
#4910 = CARTESIAN_POINT('',(1.000011613419,0.247159056266));
#4911 = CARTESIAN_POINT('',(1.000012311909,0.247869269635));
#4912 = CARTESIAN_POINT('',(1.00001053865,0.24857950744));
#4913 = CARTESIAN_POINT('',(1.000018050713,0.249289762707));
#4914 = CARTESIAN_POINT('',(0.999990974646,0.250000000003));
#4915 = CARTESIAN_POINT('',(1.000018050703,0.25071023728));
#4916 = CARTESIAN_POINT('',(1.000010538687,0.25142049255));
#4917 = CARTESIAN_POINT('',(1.000012311768,0.252130730352));
#4918 = CARTESIAN_POINT('',(1.000011613949,0.252840943721));
#4919 = CARTESIAN_POINT('',(1.000011592714,0.253551137358));
#4920 = CARTESIAN_POINT('',(1.000011410963,0.254261363063));
#4921 = CARTESIAN_POINT('',(1.000011266621,0.254971570253));
#4922 = CARTESIAN_POINT('',(1.000011202322,0.255681786271));
#4923 = CARTESIAN_POINT('',(1.000010846957,0.256392036985));
#4924 = CARTESIAN_POINT('',(1.000011639843,0.257102219686));
#4925 = CARTESIAN_POINT('',(1.000008192481,0.257812673001));
#4926 = CARTESIAN_POINT('',(0.999955979251,0.258522075948));
#4927 = CARTESIAN_POINT('',(0.999963693865,0.259233204131));
#4928 = CARTESIAN_POINT('',(1.000009125496,0.259943116843));
#4929 = CARTESIAN_POINT('',(1.000008116481,0.260653432637));
#4930 = CARTESIAN_POINT('',(1.000001767924,0.261363632271));
#4931 = CARTESIAN_POINT('',(1.000012811369,0.262073865123));
#4932 = CARTESIAN_POINT('',(1.000009704037,0.262784083739));
#4933 = CARTESIAN_POINT('',(1.000010877866,0.263494312418));
#4934 = CARTESIAN_POINT('',(1.000009125691,0.264204545043));
#4935 = CARTESIAN_POINT('',(1.000014843843,0.264914773672));
#4936 = CARTESIAN_POINT('',(0.999993653802,0.2656250026));
#4937 = CARTESIAN_POINT('',(1.000010538869,0.266335215749));
#4938 = CARTESIAN_POINT('',(1.000007550065,0.267045476623));
#4939 = CARTESIAN_POINT('',(1.000002620216,0.267755586404));
#4940 = CARTESIAN_POINT('',(0.99996239219,0.268466814682));
#4941 = CARTESIAN_POINT('',(0.99999360786,0.269176101527));
#4942 = CARTESIAN_POINT('',(1.000015029233,0.269886373076));
#4943 = CARTESIAN_POINT('',(1.00000924742,0.27059659286));
#4944 = CARTESIAN_POINT('',(1.000011261738,0.271306832249));
#4945 = CARTESIAN_POINT('',(1.000009345607,0.272017061354));
#4946 = CARTESIAN_POINT('',(1.000015407188,0.272727280673));
#4947 = CARTESIAN_POINT('',(0.999993541639,0.273437494338));
#4948 = CARTESIAN_POINT('',(1.000010568574,0.274147737505));
#4949 = CARTESIAN_POINT('',(1.00000754341,0.274857902418));
#4950 = CARTESIAN_POINT('',(1.000002617129,0.275568365599));
#4951 = CARTESIAN_POINT('',(0.999963223034,0.276277407219));
#4952 = CARTESIAN_POINT('',(0.999988309635,0.27698870255));
#4953 = CARTESIAN_POINT('',(1.0000177805,0.277698847525));
#4954 = CARTESIAN_POINT('',(1.000009952222,0.278409116986));
#4955 = CARTESIAN_POINT('',(1.000012752629,0.279119354215));
#4956 = CARTESIAN_POINT('',(1.000010415774,0.279829582682));
#4957 = CARTESIAN_POINT('',(1.000018081661,0.280539785878));
#4958 = CARTESIAN_POINT('',(0.999990960564,0.281249999898));
#4959 = CARTESIAN_POINT('',(1.000018078874,0.281960214168));
#4960 = CARTESIAN_POINT('',(1.00001042692,0.282670417293));
#4961 = CARTESIAN_POINT('',(1.000012710831,0.283380645781));
#4962 = CARTESIAN_POINT('',(1.000010108268,0.284090882984));
#4963 = CARTESIAN_POINT('',(1.000017198117,0.284801152513));
#4964 = CARTESIAN_POINT('',(0.999990483124,0.285511297231));
#4965 = CARTESIAN_POINT('',(0.999931412285,0.286222592179));
#4966 = CARTESIAN_POINT('',(1.000008326814,0.286931634328));
#4967 = CARTESIAN_POINT('',(1.000006008107,0.287642097522));
#4968 = CARTESIAN_POINT('',(1.000011000102,0.288352262472));
#4969 = CARTESIAN_POINT('',(0.999993350828,0.28906250548));
#4970 = CARTESIAN_POINT('',(1.000015459634,0.289772719348));
#4971 = CARTESIAN_POINT('',(1.000009326635,0.290482938611));
#4972 = CARTESIAN_POINT('',(1.000011285181,0.291193167733));
#4973 = CARTESIAN_POINT('',(1.000009172618,0.291903407103));
#4974 = CARTESIAN_POINT('',(1.000015304996,0.292613626941));
#4975 = CARTESIAN_POINT('',(0.99999257961,0.293323898288));
#4976 = CARTESIAN_POINT('',(0.999991118269,0.294033184983));
#4977 = CARTESIAN_POINT('',(0.999999553569,0.294744413485));
#4978 = CARTESIAN_POINT('',(1.000008371865,0.295454523328));
#4979 = CARTESIAN_POINT('',(1.000010318316,0.296164784226));
#4980 = CARTESIAN_POINT('',(0.999993714215,0.296874997222));
#4981 = CARTESIAN_POINT('',(1.000014827754,0.297585226344));
#4982 = CARTESIAN_POINT('',(1.000009129632,0.298295454921));
#4983 = CARTESIAN_POINT('',(1.00001087819,0.299005687562));
#4984 = CARTESIAN_POINT('',(1.0000096988,0.29971591623));
#4985 = CARTESIAN_POINT('',(1.00001283199,0.300426134875));
#4986 = CARTESIAN_POINT('',(1.000001690677,0.301136367625));
#4987 = CARTESIAN_POINT('',(1.000008614967,0.301846567319));
#4988 = CARTESIAN_POINT('',(1.000007208801,0.30255688311));
#4989 = CARTESIAN_POINT('',(0.999971665901,0.303266795453));
#4990 = CARTESIAN_POINT('',(0.999935276214,0.303977923435));
#4991 = CARTESIAN_POINT('',(1.000013531534,0.304687326976));
#4992 = CARTESIAN_POINT('',(1.000010209271,0.305397780293));
#4993 = CARTESIAN_POINT('',(1.000011230191,0.306107962996));
#4994 = CARTESIAN_POINT('',(1.000011099958,0.306818213711));
#4995 = CARTESIAN_POINT('',(1.000011292843,0.30752842973));
#4996 = CARTESIAN_POINT('',(1.000011408438,0.308238636923));
#4997 = CARTESIAN_POINT('',(1.000011576592,0.30894886262));
#4998 = CARTESIAN_POINT('',(1.000011680963,0.309659056292));
#4999 = CARTESIAN_POINT('',(1.000012059832,0.310369269537));
#5000 = CARTESIAN_POINT('',(1.000011479417,0.311079507805));
#5001 = CARTESIAN_POINT('',(1.00001453972,0.311789761345));
#5002 = CARTESIAN_POINT('',(1.00000756514,0.312263257171));
#5003 = CARTESIAN_POINT('',(1.,0.3125));
#5004 = ( GEOMETRIC_REPRESENTATION_CONTEXT(2) 
PARAMETRIC_REPRESENTATION_CONTEXT() REPRESENTATION_CONTEXT('2D SPACE',''
  ) );
#5005 = PCURVE('',#5006,#5011);
#5006 = CYLINDRICAL_SURFACE('',#5007,14.9);
#5007 = AXIS2_PLACEMENT_3D('',#5008,#5009,#5010);
#5008 = CARTESIAN_POINT('',(188.602530506,210.,600.));
#5009 = DIRECTION('',(-1.,0.,0.));
#5010 = DIRECTION('',(0.,0.,1.));
#5011 = DEFINITIONAL_REPRESENTATION('',(#5012),#5192);
#5012 = B_SPLINE_CURVE_WITH_KNOTS('',3,(#5013,#5014,#5015,#5016,#5017,
    #5018,#5019,#5020,#5021,#5022,#5023,#5024,#5025,#5026,#5027,#5028,
    #5029,#5030,#5031,#5032,#5033,#5034,#5035,#5036,#5037,#5038,#5039,
    #5040,#5041,#5042,#5043,#5044,#5045,#5046,#5047,#5048,#5049,#5050,
    #5051,#5052,#5053,#5054,#5055,#5056,#5057,#5058,#5059,#5060,#5061,
    #5062,#5063,#5064,#5065,#5066,#5067,#5068,#5069,#5070,#5071,#5072,
    #5073,#5074,#5075,#5076,#5077,#5078,#5079,#5080,#5081,#5082,#5083,
    #5084,#5085,#5086,#5087,#5088,#5089,#5090,#5091,#5092,#5093,#5094,
    #5095,#5096,#5097,#5098,#5099,#5100,#5101,#5102,#5103,#5104,#5105,
    #5106,#5107,#5108,#5109,#5110,#5111,#5112,#5113,#5114,#5115,#5116,
    #5117,#5118,#5119,#5120,#5121,#5122,#5123,#5124,#5125,#5126,#5127,
    #5128,#5129,#5130,#5131,#5132,#5133,#5134,#5135,#5136,#5137,#5138,
    #5139,#5140,#5141,#5142,#5143,#5144,#5145,#5146,#5147,#5148,#5149,
    #5150,#5151,#5152,#5153,#5154,#5155,#5156,#5157,#5158,#5159,#5160,
    #5161,#5162,#5163,#5164,#5165,#5166,#5167,#5168,#5169,#5170,#5171,
    #5172,#5173,#5174,#5175,#5176,#5177,#5178,#5179,#5180,#5181,#5182,
    #5183,#5184,#5185,#5186,#5187,#5188,#5189,#5190,#5191),
  .UNSPECIFIED.,.F.,.F.,(4,1,1,1,1,1,1,1,1,1,1,1,1,1,1,1,1,1,1,1,1,1,1,1
    ,1,1,1,1,1,1,1,1,1,1,1,1,1,1,1,1,1,1,1,1,1,1,1,1,1,1,1,1,1,1,1,1,1,1
    ,1,1,1,1,1,1,1,1,1,1,1,1,1,1,1,1,1,1,1,1,1,1,1,1,1,1,1,1,1,1,1,1,1,1
    ,1,1,1,1,1,1,1,1,1,1,1,1,1,1,1,1,1,1,1,1,1,1,1,1,1,1,1,1,1,1,1,1,1,1
    ,1,1,1,1,1,1,1,1,1,1,1,1,1,1,1,1,1,1,1,1,1,1,1,1,1,1,1,1,1,1,1,1,1,1
    ,1,1,1,1,1,1,1,1,1,1,1,1,1,1,1,1,4),(0.1875,0.188210227273,
    0.188920454545,0.189630681818,0.190340909091,0.191051136364,
    0.191761363636,0.192471590909,0.193181818182,0.193892045455,
    0.194602272727,0.1953125,0.196022727273,0.196732954545,
    0.197443181818,0.198153409091,0.198863636364,0.199573863636,
    0.200284090909,0.200994318182,0.201704545455,0.202414772727,0.203125
    ,0.203835227273,0.204545454545,0.205255681818,0.205965909091,
    0.206676136364,0.207386363636,0.208096590909,0.208806818182,
    0.209517045455,0.210227272727,0.2109375,0.211647727273,
    0.212357954545,0.213068181818,0.213778409091,0.214488636364,
    0.215198863636,0.215909090909,0.216619318182,0.217329545455,
    0.218039772727,0.21875,0.219460227273,0.220170454545,0.220880681818,
    0.221590909091,0.222301136364,0.223011363636,0.223721590909,
    0.224431818182,0.225142045455,0.225852272727,0.2265625,
    0.227272727273,0.227982954545,0.228693181818,0.229403409091,
    0.230113636364,0.230823863636,0.231534090909,0.232244318182,
    0.232954545455,0.233664772727,0.234375,0.235085227273,0.235795454545
    ,0.236505681818,0.237215909091,0.237926136364,0.238636363636,
    0.239346590909,0.240056818182,0.240767045455,0.241477272727,
    0.2421875,0.242897727273,0.243607954545,0.244318181818,
    0.245028409091,0.245738636364,0.246448863636,0.247159090909,
    0.247869318182,0.248579545455,0.249289772727,0.25,0.250710227273,
    0.251420454545,0.252130681818,0.252840909091,0.253551136364,
    0.254261363636,0.254971590909,0.255681818182,0.256392045455,
    0.257102272727,0.2578125,0.258522727273,0.259232954545,
    0.259943181818,0.260653409091,0.261363636364,0.262073863636,
    0.262784090909,0.263494318182,0.264204545455,0.264914772727,0.265625
    ,0.266335227273,0.267045454545,0.267755681818,0.268465909091,
    0.269176136364,0.269886363636,0.270596590909,0.271306818182,
    0.272017045455,0.272727272727,0.2734375,0.274147727273,
    0.274857954545,0.275568181818,0.276278409091,0.276988636364,
    0.277698863636,0.278409090909,0.279119318182,0.279829545455,
    0.280539772727,0.28125,0.281960227273,0.282670454545,0.283380681818,
    0.284090909091,0.284801136364,0.285511363636,0.286221590909,
    0.286931818182,0.287642045455,0.288352272727,0.2890625,
    0.289772727273,0.290482954545,0.291193181818,0.291903409091,
    0.292613636364,0.293323863636,0.294034090909,0.294744318182,
    0.295454545455,0.296164772727,0.296875,0.297585227273,0.298295454545
    ,0.299005681818,0.299715909091,0.300426136364,0.301136363636,
    0.301846590909,0.302556818182,0.303267045455,0.303977272727,
    0.3046875,0.305397727273,0.306107954545,0.306818181818,
    0.307528409091,0.308238636364,0.308948863636,0.309659090909,
    0.310369318182,0.311079545455,0.311789772727,0.3125),
  .QUASI_UNIFORM_KNOTS.);
#5013 = CARTESIAN_POINT('',(0.,-106.092854109));
#5014 = CARTESIAN_POINT('',(1.180033752152E-02,-106.091371264));
#5015 = CARTESIAN_POINT('',(3.544873013361E-02,-106.0883874869));
#5016 = CARTESIAN_POINT('',(7.104136648424E-02,-106.08386608));
#5017 = CARTESIAN_POINT('',(0.106730881883,-106.0793074544));
#5018 = CARTESIAN_POINT('',(0.14249432883,-106.0747201252));
#5019 = CARTESIAN_POINT('',(0.178309284787,-106.0701126364));
#5020 = CARTESIAN_POINT('',(0.214155457066,-106.065493423));
#5021 = CARTESIAN_POINT('',(0.250007265502,-106.0608718077));
#5022 = CARTESIAN_POINT('',(0.28584311868,-106.0562566034));
#5023 = CARTESIAN_POINT('',(0.321641089258,-106.0516561909));
#5024 = CARTESIAN_POINT('',(0.357374118148,-106.0470807676));
#5025 = CARTESIAN_POINT('',(0.393033154686,-106.0425336965));
#5026 = CARTESIAN_POINT('',(0.428542553801,-106.0380438619));
#5027 = CARTESIAN_POINT('',(0.463972102143,-106.0335844686));
#5028 = CARTESIAN_POINT('',(0.499484433123,-106.0290935357));
#5029 = CARTESIAN_POINT('',(0.53512409862,-106.0245539436));
#5030 = CARTESIAN_POINT('',(0.57084683037,-106.0199823624));
#5031 = CARTESIAN_POINT('',(0.606636498666,-106.0153849574));
#5032 = CARTESIAN_POINT('',(0.642468221746,-106.0107712113));
#5033 = CARTESIAN_POINT('',(0.678320171355,-106.0061498456));
#5034 = CARTESIAN_POINT('',(0.714169062033,-106.0015297333));
#5035 = CARTESIAN_POINT('',(0.749991324641,-105.9969197942));
#5036 = CARTESIAN_POINT('',(0.785764769745,-105.9923286086));
#5037 = CARTESIAN_POINT('',(0.821463947023,-105.987766069));
#5038 = CARTESIAN_POINT('',(0.857076673681,-105.9832368012));
#5039 = CARTESIAN_POINT('',(0.892544460806,-105.9787628681));
#5040 = CARTESIAN_POINT('',(0.928007733743,-105.9742906954));
#5041 = CARTESIAN_POINT('',(0.963546944895,-105.9697894078));
#5042 = CARTESIAN_POINT('',(0.999222637217,-105.9652359341));
#5043 = CARTESIAN_POINT('',(1.034977830863,-105.9606518522));
#5044 = CARTESIAN_POINT('',(1.070788780763,-105.9560464018));
#5045 = CARTESIAN_POINT('',(1.106632362422,-105.9514283139));
#5046 = CARTESIAN_POINT('',(1.142485232933,-105.9468064322));
#5047 = CARTESIAN_POINT('',(1.178324749683,-105.9421896585));
#5048 = CARTESIAN_POINT('',(1.214129314268,-105.9375865496));
#5049 = CARTESIAN_POINT('',(1.249871931966,-105.9330073159));
#5050 = CARTESIAN_POINT('',(1.28554421041,-105.9284552162));
#5051 = CARTESIAN_POINT('',(1.321054923068,-105.9239648119));
#5052 = CARTESIAN_POINT('',(1.356502412356,-105.9194986258));
#5053 = CARTESIAN_POINT('',(1.39200069756,-105.9150130406));
#5054 = CARTESIAN_POINT('',(1.42762582657,-105.9104790641));
#5055 = CARTESIAN_POINT('',(1.463338657551,-105.9059114989));
#5056 = CARTESIAN_POINT('',(1.499120303404,-105.9013173234));
#5057 = CARTESIAN_POINT('',(1.534946506222,-105.8967056482));
#5058 = CARTESIAN_POINT('',(1.570796326795,-105.892084879));
#5059 = CARTESIAN_POINT('',(1.606646147367,-105.8874641097));
#5060 = CARTESIAN_POINT('',(1.642472350186,-105.8828524345));
#5061 = CARTESIAN_POINT('',(1.678253996039,-105.8782582588));
#5062 = CARTESIAN_POINT('',(1.713966827019,-105.8736906934));
#5063 = CARTESIAN_POINT('',(1.74959195603,-105.8691567166));
#5064 = CARTESIAN_POINT('',(1.785090241234,-105.8646711311));
#5065 = CARTESIAN_POINT('',(1.820537730522,-105.860204945));
#5066 = CARTESIAN_POINT('',(1.85604844318,-105.8557145407));
#5067 = CARTESIAN_POINT('',(1.891720721623,-105.851162441));
#5068 = CARTESIAN_POINT('',(1.927463339322,-105.8465832073));
#5069 = CARTESIAN_POINT('',(1.963267903907,-105.8419800983));
#5070 = CARTESIAN_POINT('',(1.999107420657,-105.8373633252));
#5071 = CARTESIAN_POINT('',(2.034960291168,-105.8327414435));
#5072 = CARTESIAN_POINT('',(2.070803872827,-105.8281233556));
#5073 = CARTESIAN_POINT('',(2.106614822727,-105.8235179052));
#5074 = CARTESIAN_POINT('',(2.142370016373,-105.8189338235));
#5075 = CARTESIAN_POINT('',(2.178045708694,-105.8143803502));
#5076 = CARTESIAN_POINT('',(2.213584919847,-105.8098790624));
#5077 = CARTESIAN_POINT('',(2.249048192784,-105.80540689));
#5078 = CARTESIAN_POINT('',(2.284515979909,-105.800932956));
#5079 = CARTESIAN_POINT('',(2.320128706567,-105.7964036879));
#5080 = CARTESIAN_POINT('',(2.355827883845,-105.7918411496));
#5081 = CARTESIAN_POINT('',(2.391601328949,-105.7872499636));
#5082 = CARTESIAN_POINT('',(2.427423591557,-105.7826400244));
#5083 = CARTESIAN_POINT('',(2.463272482235,-105.7780199117));
#5084 = CARTESIAN_POINT('',(2.499124431843,-105.7733985457));
#5085 = CARTESIAN_POINT('',(2.534956154923,-105.7687847995));
#5086 = CARTESIAN_POINT('',(2.57074582322,-105.7641873945));
#5087 = CARTESIAN_POINT('',(2.60646855497,-105.7596158133));
#5088 = CARTESIAN_POINT('',(2.642108220467,-105.7550762213));
#5089 = CARTESIAN_POINT('',(2.677620551448,-105.7505852883));
#5090 = CARTESIAN_POINT('',(2.713050099785,-105.746125895));
#5091 = CARTESIAN_POINT('',(2.748559498916,-105.7416360602));
#5092 = CARTESIAN_POINT('',(2.784218535397,-105.7370889898));
#5093 = CARTESIAN_POINT('',(2.819951564501,-105.7325135664));
#5094 = CARTESIAN_POINT('',(2.855749534276,-105.7279131541));
#5095 = CARTESIAN_POINT('',(2.891585390454,-105.7232979485));
#5096 = CARTESIAN_POINT('',(2.927437187694,-105.7186763371));
#5097 = CARTESIAN_POINT('',(2.963283401757,-105.7140571083));
#5098 = CARTESIAN_POINT('',(2.999098201773,-105.7094496788));
#5099 = CARTESIAN_POINT('',(3.0348622307,-105.7048621289));
#5100 = CARTESIAN_POINT('',(3.070549574122,-105.7003043265));
#5101 = CARTESIAN_POINT('',(3.106150316398,-105.6957798468));
#5102 = CARTESIAN_POINT('',(3.14159265359,-105.691315648));
#5103 = CARTESIAN_POINT('',(3.177034990781,-105.6868514491));
#5104 = CARTESIAN_POINT('',(3.212635733058,-105.6823269694));
#5105 = CARTESIAN_POINT('',(3.24832307648,-105.6777691668));
#5106 = CARTESIAN_POINT('',(3.284087105406,-105.6731816168));
#5107 = CARTESIAN_POINT('',(3.319901905423,-105.6685741868));
#5108 = CARTESIAN_POINT('',(3.355748119486,-105.6639549579));
#5109 = CARTESIAN_POINT('',(3.391599916725,-105.6593333471));
#5110 = CARTESIAN_POINT('',(3.427435772904,-105.6547181416));
#5111 = CARTESIAN_POINT('',(3.463233742678,-105.6501177292));
#5112 = CARTESIAN_POINT('',(3.498966771783,-105.6455423057));
#5113 = CARTESIAN_POINT('',(3.534625808264,-105.6409952345));
#5114 = CARTESIAN_POINT('',(3.570135207394,-105.6365053999));
#5115 = CARTESIAN_POINT('',(3.605564755732,-105.6320460066));
#5116 = CARTESIAN_POINT('',(3.641077086713,-105.6275550736));
#5117 = CARTESIAN_POINT('',(3.67671675221,-105.623015482));
#5118 = CARTESIAN_POINT('',(3.71243948396,-105.6184439009));
#5119 = CARTESIAN_POINT('',(3.748229152256,-105.6138464955));
#5120 = CARTESIAN_POINT('',(3.784060875336,-105.6092327498));
#5121 = CARTESIAN_POINT('',(3.819912824945,-105.6046113841));
#5122 = CARTESIAN_POINT('',(3.855761715623,-105.5999912715));
#5123 = CARTESIAN_POINT('',(3.89158397823,-105.5953813323));
#5124 = CARTESIAN_POINT('',(3.927357423335,-105.5907901465));
#5125 = CARTESIAN_POINT('',(3.963056600613,-105.5862276073));
#5126 = CARTESIAN_POINT('',(3.998669327271,-105.5816983398));
#5127 = CARTESIAN_POINT('',(4.034137114396,-105.5772244059));
#5128 = CARTESIAN_POINT('',(4.069600387332,-105.5727522335));
#5129 = CARTESIAN_POINT('',(4.105139598485,-105.5682509458));
#5130 = CARTESIAN_POINT('',(4.140815290807,-105.5636974721));
#5131 = CARTESIAN_POINT('',(4.176570484453,-105.5591133902));
#5132 = CARTESIAN_POINT('',(4.212381434353,-105.5545079399));
#5133 = CARTESIAN_POINT('',(4.248225016012,-105.5498898521));
#5134 = CARTESIAN_POINT('',(4.284077886522,-105.5452679706));
#5135 = CARTESIAN_POINT('',(4.319917403273,-105.5406511979));
#5136 = CARTESIAN_POINT('',(4.355721967858,-105.5360480876));
#5137 = CARTESIAN_POINT('',(4.391464585556,-105.5314688542));
#5138 = CARTESIAN_POINT('',(4.427136864,-105.5269167552));
#5139 = CARTESIAN_POINT('',(4.462647576658,-105.5224263503));
#5140 = CARTESIAN_POINT('',(4.498095065946,-105.5179601649));
#5141 = CARTESIAN_POINT('',(4.53359335115,-105.5134745793));
#5142 = CARTESIAN_POINT('',(4.56921848016,-105.5089406025));
#5143 = CARTESIAN_POINT('',(4.604931311141,-105.5043730371));
#5144 = CARTESIAN_POINT('',(4.640712956994,-105.4997788614));
#5145 = CARTESIAN_POINT('',(4.676539159812,-105.4951671862));
#5146 = CARTESIAN_POINT('',(4.712388980385,-105.490546417));
#5147 = CARTESIAN_POINT('',(4.748238800957,-105.4859256477));
#5148 = CARTESIAN_POINT('',(4.784065003775,-105.4813139725));
#5149 = CARTESIAN_POINT('',(4.819846649629,-105.4767197968));
#5150 = CARTESIAN_POINT('',(4.855559480609,-105.4721522314));
#5151 = CARTESIAN_POINT('',(4.891184609619,-105.4676182546));
#5152 = CARTESIAN_POINT('',(4.926682894824,-105.463132669));
#5153 = CARTESIAN_POINT('',(4.962130384111,-105.4586664836));
#5154 = CARTESIAN_POINT('',(4.99764109677,-105.4541760787));
#5155 = CARTESIAN_POINT('',(5.033313375213,-105.4496239797));
#5156 = CARTESIAN_POINT('',(5.069055992911,-105.4450447463));
#5157 = CARTESIAN_POINT('',(5.104860557497,-105.440441636));
#5158 = CARTESIAN_POINT('',(5.140700074247,-105.4358248633));
#5159 = CARTESIAN_POINT('',(5.176552944757,-105.4312029818));
#5160 = CARTESIAN_POINT('',(5.212396526416,-105.426584894));
#5161 = CARTESIAN_POINT('',(5.248207476317,-105.4219794437));
#5162 = CARTESIAN_POINT('',(5.283962669963,-105.4173953618));
#5163 = CARTESIAN_POINT('',(5.319638362284,-105.4128418881));
#5164 = CARTESIAN_POINT('',(5.355177573437,-105.4083406004));
#5165 = CARTESIAN_POINT('',(5.390640846373,-105.403868428));
#5166 = CARTESIAN_POINT('',(5.426108633498,-105.3993944941));
#5167 = CARTESIAN_POINT('',(5.461721360157,-105.3948652266));
#5168 = CARTESIAN_POINT('',(5.497420537435,-105.3903026874));
#5169 = CARTESIAN_POINT('',(5.533193982539,-105.3857115016));
#5170 = CARTESIAN_POINT('',(5.569016245146,-105.3811015624));
#5171 = CARTESIAN_POINT('',(5.604865135825,-105.3764814498));
#5172 = CARTESIAN_POINT('',(5.640717085433,-105.3718600841));
#5173 = CARTESIAN_POINT('',(5.676548808513,-105.3672463384));
#5174 = CARTESIAN_POINT('',(5.71233847681,-105.362648933));
#5175 = CARTESIAN_POINT('',(5.748061208559,-105.3580773519));
#5176 = CARTESIAN_POINT('',(5.783700874057,-105.3535377603));
#5177 = CARTESIAN_POINT('',(5.819213205037,-105.3490468273));
#5178 = CARTESIAN_POINT('',(5.854642753378,-105.344587434));
#5179 = CARTESIAN_POINT('',(5.890152152494,-105.3400975994));
#5180 = CARTESIAN_POINT('',(5.925811189032,-105.3355505282));
#5181 = CARTESIAN_POINT('',(5.961544217921,-105.3309751048));
#5182 = CARTESIAN_POINT('',(5.997342188499,-105.3263746921));
#5183 = CARTESIAN_POINT('',(6.033178041678,-105.3217594877));
#5184 = CARTESIAN_POINT('',(6.069029850114,-105.3171378726));
#5185 = CARTESIAN_POINT('',(6.104876022393,-105.3125186596));
#5186 = CARTESIAN_POINT('',(6.14069097835,-105.3079111705));
#5187 = CARTESIAN_POINT('',(6.176454425297,-105.303323841));
#5188 = CARTESIAN_POINT('',(6.212143940695,-105.2987652152));
#5189 = CARTESIAN_POINT('',(6.247736577046,-105.294243808));
#5190 = CARTESIAN_POINT('',(6.271384969658,-105.2912600309));
#5191 = CARTESIAN_POINT('',(6.28318530718,-105.289777186));
#5192 = ( GEOMETRIC_REPRESENTATION_CONTEXT(2) 
PARAMETRIC_REPRESENTATION_CONTEXT() REPRESENTATION_CONTEXT('2D SPACE',''
  ) );
#5193 = ORIENTED_EDGE('',*,*,#5194,.T.);
#5194 = EDGE_CURVE('',#4685,#5195,#5197,.T.);
#5195 = VERTEX_POINT('',#5196);
#5196 = CARTESIAN_POINT('',(293.089230769,210.,614.9));
#5197 = SURFACE_CURVE('',#5198,(#5332,#5515),.PCURVE_S1.);
#5198 = B_SPLINE_CURVE_WITH_KNOTS('',3,(#5199,#5200,#5201,#5202,#5203,
    #5204,#5205,#5206,#5207,#5208,#5209,#5210,#5211,#5212,#5213,#5214,
    #5215,#5216,#5217,#5218,#5219,#5220,#5221,#5222,#5223,#5224,#5225,
    #5226,#5227,#5228,#5229,#5230,#5231,#5232,#5233,#5234,#5235,#5236,
    #5237,#5238,#5239,#5240,#5241,#5242,#5243,#5244,#5245,#5246,#5247,
    #5248,#5249,#5250,#5251,#5252,#5253,#5254,#5255,#5256,#5257,#5258,
    #5259,#5260,#5261,#5262,#5263,#5264,#5265,#5266,#5267,#5268,#5269,
    #5270,#5271,#5272,#5273,#5274,#5275,#5276,#5277,#5278,#5279,#5280,
    #5281,#5282,#5283,#5284,#5285,#5286,#5287,#5288,#5289,#5290,#5291,
    #5292,#5293,#5294,#5295,#5296,#5297,#5298,#5299,#5300,#5301,#5302,
    #5303,#5304,#5305,#5306,#5307,#5308,#5309,#5310,#5311,#5312,#5313,
    #5314,#5315,#5316,#5317,#5318,#5319,#5320,#5321,#5322,#5323,#5324,
    #5325,#5326,#5327,#5328,#5329,#5330,#5331),.UNSPECIFIED.,.F.,.F.,(4,
    3,3,3,3,3,3,3,3,3,3,3,3,3,3,3,3,3,3,3,3,3,3,3,3,3,3,3,3,3,3,3,3,3,3,
    3,3,3,3,3,3,3,3,3,4),(0.3125,0.31640625,0.3203125,0.322265625,
    0.32421875,0.328125,0.330078125,0.33203125,0.3359375,0.337890625,
    0.33984375,0.34375,0.34765625,0.349609375,0.3515625,0.35546875,
    0.357421875,0.359375,0.36328125,0.365234375,0.3671875,0.37109375,
    0.375,0.37890625,0.3828125,0.384765625,0.38671875,0.390625,
    0.392578125,0.39453125,0.3984375,0.400390625,0.40234375,0.40625,
    0.41015625,0.412109375,0.4140625,0.41796875,0.419921875,0.421875,
    0.42578125,0.427734375,0.4296875,0.43359375,0.4375),.UNSPECIFIED.);
#5199 = CARTESIAN_POINT('',(293.892307692,210.,614.9));
#5200 = CARTESIAN_POINT('',(293.884152045,210.967038938,614.9));
#5201 = CARTESIAN_POINT('',(293.875722827,211.944815315,614.804944123));
#5202 = CARTESIAN_POINT('',(293.86725632,212.905144583,614.614038968));
#5203 = CARTESIAN_POINT('',(293.858789813,213.865473852,614.423133813));
#5204 = CARTESIAN_POINT('',(293.850289051,214.807998993,614.136429982));
#5205 = CARTESIAN_POINT('',(293.841996819,215.70623834,613.764041703));
#5206 = CARTESIAN_POINT('',(293.837850704,216.155358013,613.577847564));
#5207 = CARTESIAN_POINT('',(293.833797751,216.592085054,613.371245689));
#5208 = CARTESIAN_POINT('',(293.829666952,217.020395768,613.14245195));
#5209 = CARTESIAN_POINT('',(293.825536154,217.448706483,612.913658211));
#5210 = CARTESIAN_POINT('',(293.821349541,217.867728896,612.662849341));
#5211 = CARTESIAN_POINT('',(293.817136348,218.274222015,612.391418403));
#5212 = CARTESIAN_POINT('',(293.80870996,219.087208255,611.848556527));
#5213 = CARTESIAN_POINT('',(293.800178314,219.849577211,611.222692586));
#5214 = CARTESIAN_POINT('',(293.791786966,220.53962249,610.532158267));
#5215 = CARTESIAN_POINT('',(293.787591292,220.88464513,610.186891107));
#5216 = CARTESIAN_POINT('',(293.783430786,221.211695634,609.825598437));
#5217 = CARTESIAN_POINT('',(293.779334134,221.518864282,609.451230907));
#5218 = CARTESIAN_POINT('',(293.775237482,221.82603293,609.076863377));
#5219 = CARTESIAN_POINT('',(293.771138117,222.115080177,608.687475776));
#5220 = CARTESIAN_POINT('',(293.766964881,222.385921915,608.282447605));
#5221 = CARTESIAN_POINT('',(293.758618407,222.927605389,607.472391262));
#5222 = CARTESIAN_POINT('',(293.750096961,223.392798409,606.603066682));
#5223 = CARTESIAN_POINT('',(293.741645519,223.767068707,605.698931409));
#5224 = CARTESIAN_POINT('',(293.737419799,223.954203856,605.246863773));
#5225 = CARTESIAN_POINT('',(293.733211787,224.118755709,604.786193632));
#5226 = CARTESIAN_POINT('',(293.729051525,224.259888588,604.320367745));
#5227 = CARTESIAN_POINT('',(293.724891264,224.401021468,603.854541857));
#5228 = CARTESIAN_POINT('',(293.72082284,224.518439762,603.385273859));
#5229 = CARTESIAN_POINT('',(293.716708529,224.613139698,602.909664617));
#5230 = CARTESIAN_POINT('',(293.708479908,224.802539568,601.958446131));
#5231 = CARTESIAN_POINT('',(293.700010046,224.9,600.979315573));
#5232 = CARTESIAN_POINT('',(293.691538462,224.9,600.));
#5233 = CARTESIAN_POINT('',(293.683066878,224.9,599.020684427));
#5234 = CARTESIAN_POINT('',(293.674597016,224.802539568,598.041553869));
#5235 = CARTESIAN_POINT('',(293.666368394,224.613139698,597.090335383));
#5236 = CARTESIAN_POINT('',(293.662254083,224.518439762,596.614726141));
#5237 = CARTESIAN_POINT('',(293.658185659,224.401021468,596.145458143));
#5238 = CARTESIAN_POINT('',(293.654025398,224.259888588,595.679632255));
#5239 = CARTESIAN_POINT('',(293.649865136,224.118755709,595.213806368));
#5240 = CARTESIAN_POINT('',(293.645657124,223.954203856,594.753136227));
#5241 = CARTESIAN_POINT('',(293.641431404,223.767068707,594.301068591));
#5242 = CARTESIAN_POINT('',(293.632979962,223.392798409,593.396933318));
#5243 = CARTESIAN_POINT('',(293.624458516,222.927605389,592.527608738));
#5244 = CARTESIAN_POINT('',(293.616112042,222.385921915,591.717552395));
#5245 = CARTESIAN_POINT('',(293.611938806,222.115080177,591.312524224));
#5246 = CARTESIAN_POINT('',(293.607839441,221.82603293,590.923136623));
#5247 = CARTESIAN_POINT('',(293.603742789,221.518864282,590.548769093));
#5248 = CARTESIAN_POINT('',(293.599646137,221.211695634,590.174401563));
#5249 = CARTESIAN_POINT('',(293.595485631,220.88464513,589.813108893));
#5250 = CARTESIAN_POINT('',(293.591289957,220.53962249,589.467841733));
#5251 = CARTESIAN_POINT('',(293.582898609,219.849577211,588.777307414));
#5252 = CARTESIAN_POINT('',(293.574366963,219.087208255,588.151443473));
#5253 = CARTESIAN_POINT('',(293.565940575,218.274222015,587.608581597));
#5254 = CARTESIAN_POINT('',(293.561727382,217.867728896,587.337150659));
#5255 = CARTESIAN_POINT('',(293.557540769,217.448706483,587.086341789));
#5256 = CARTESIAN_POINT('',(293.553409971,217.020395768,586.85754805));
#5257 = CARTESIAN_POINT('',(293.549279172,216.592085054,586.628754311));
#5258 = CARTESIAN_POINT('',(293.545226219,216.155358013,586.422152436));
#5259 = CARTESIAN_POINT('',(293.541080104,215.70623834,586.235958297));
#5260 = CARTESIAN_POINT('',(293.532787872,214.807998993,585.863570018));
#5261 = CARTESIAN_POINT('',(293.52428711,213.865473852,585.576866187));
#5262 = CARTESIAN_POINT('',(293.515820603,212.905144583,585.385961032));
#5263 = CARTESIAN_POINT('',(293.507354096,211.944815315,585.195055877));
#5264 = CARTESIAN_POINT('',(293.498924878,210.967038938,585.1));
#5265 = CARTESIAN_POINT('',(293.490769231,210.,585.1));
#5266 = CARTESIAN_POINT('',(293.482613584,209.032961062,585.1));
#5267 = CARTESIAN_POINT('',(293.474184365,208.055184685,585.195055877));
#5268 = CARTESIAN_POINT('',(293.465717858,207.094855417,585.385961032));
#5269 = CARTESIAN_POINT('',(293.457251352,206.134526148,585.576866187));
#5270 = CARTESIAN_POINT('',(293.448750589,205.192001007,585.863570018));
#5271 = CARTESIAN_POINT('',(293.440458357,204.29376166,586.235958297));
#5272 = CARTESIAN_POINT('',(293.436312242,203.844641987,586.422152436));
#5273 = CARTESIAN_POINT('',(293.432259289,203.407914946,586.628754311));
#5274 = CARTESIAN_POINT('',(293.42812849,202.979604232,586.85754805));
#5275 = CARTESIAN_POINT('',(293.423997692,202.551293517,587.086341789));
#5276 = CARTESIAN_POINT('',(293.41981108,202.132271104,587.337150659));
#5277 = CARTESIAN_POINT('',(293.415597886,201.725777985,587.608581597));
#5278 = CARTESIAN_POINT('',(293.407171499,200.912791745,588.151443473));
#5279 = CARTESIAN_POINT('',(293.398639852,200.150422789,588.777307414));
#5280 = CARTESIAN_POINT('',(293.390248504,199.46037751,589.467841733));
#5281 = CARTESIAN_POINT('',(293.38605283,199.11535487,589.813108893));
#5282 = CARTESIAN_POINT('',(293.381892325,198.788304366,590.174401563));
#5283 = CARTESIAN_POINT('',(293.377795672,198.481135718,590.548769093));
#5284 = CARTESIAN_POINT('',(293.37369902,198.17396707,590.923136623));
#5285 = CARTESIAN_POINT('',(293.369599655,197.884919823,591.312524224));
#5286 = CARTESIAN_POINT('',(293.365426419,197.614078085,591.717552395));
#5287 = CARTESIAN_POINT('',(293.357079945,197.072394611,592.527608738));
#5288 = CARTESIAN_POINT('',(293.348558499,196.607201591,593.396933318));
#5289 = CARTESIAN_POINT('',(293.340107058,196.232931293,594.301068591));
#5290 = CARTESIAN_POINT('',(293.335881337,196.045796144,594.753136227));
#5291 = CARTESIAN_POINT('',(293.331673325,195.881244291,595.213806368));
#5292 = CARTESIAN_POINT('',(293.327513064,195.740111412,595.679632255));
#5293 = CARTESIAN_POINT('',(293.323352802,195.598978532,596.145458143));
#5294 = CARTESIAN_POINT('',(293.319284379,195.481560238,596.614726141));
#5295 = CARTESIAN_POINT('',(293.315170068,195.386860302,597.090335383));
#5296 = CARTESIAN_POINT('',(293.306941446,195.197460432,598.041553869));
#5297 = CARTESIAN_POINT('',(293.298471584,195.1,599.020684427));
#5298 = CARTESIAN_POINT('',(293.29,195.1,600.));
#5299 = CARTESIAN_POINT('',(293.281528416,195.1,600.979315573));
#5300 = CARTESIAN_POINT('',(293.273058554,195.197460432,601.958446131));
#5301 = CARTESIAN_POINT('',(293.264829932,195.386860302,602.909664617));
#5302 = CARTESIAN_POINT('',(293.260715621,195.481560238,603.385273859));
#5303 = CARTESIAN_POINT('',(293.256647198,195.598978532,603.854541857));
#5304 = CARTESIAN_POINT('',(293.252486936,195.740111412,604.320367745));
#5305 = CARTESIAN_POINT('',(293.248326675,195.881244291,604.786193632));
#5306 = CARTESIAN_POINT('',(293.244118663,196.045796144,605.246863773));
#5307 = CARTESIAN_POINT('',(293.239892942,196.232931293,605.698931409));
#5308 = CARTESIAN_POINT('',(293.231441501,196.607201591,606.603066682));
#5309 = CARTESIAN_POINT('',(293.222920055,197.072394611,607.472391262));
#5310 = CARTESIAN_POINT('',(293.214573581,197.614078085,608.282447605));
#5311 = CARTESIAN_POINT('',(293.210400345,197.884919823,608.687475776));
#5312 = CARTESIAN_POINT('',(293.20630098,198.17396707,609.076863377));
#5313 = CARTESIAN_POINT('',(293.202204328,198.481135718,609.451230907));
#5314 = CARTESIAN_POINT('',(293.198107675,198.788304366,609.825598437));
#5315 = CARTESIAN_POINT('',(293.19394717,199.11535487,610.186891107));
#5316 = CARTESIAN_POINT('',(293.189751496,199.46037751,610.532158267));
#5317 = CARTESIAN_POINT('',(293.181360148,200.150422789,611.222692586));
#5318 = CARTESIAN_POINT('',(293.172828501,200.912791745,611.848556527));
#5319 = CARTESIAN_POINT('',(293.164402114,201.725777985,612.391418403));
#5320 = CARTESIAN_POINT('',(293.16018892,202.132271104,612.662849341));
#5321 = CARTESIAN_POINT('',(293.156002308,202.551293517,612.913658211));
#5322 = CARTESIAN_POINT('',(293.15187151,202.979604232,613.14245195));
#5323 = CARTESIAN_POINT('',(293.147740711,203.407914946,613.371245689));
#5324 = CARTESIAN_POINT('',(293.143687758,203.844641987,613.577847564));
#5325 = CARTESIAN_POINT('',(293.139541643,204.29376166,613.764041703));
#5326 = CARTESIAN_POINT('',(293.131249411,205.192001007,614.136429982));
#5327 = CARTESIAN_POINT('',(293.122748648,206.134526148,614.423133813));
#5328 = CARTESIAN_POINT('',(293.114282142,207.094855417,614.614038968));
#5329 = CARTESIAN_POINT('',(293.105815635,208.055184685,614.804944123));
#5330 = CARTESIAN_POINT('',(293.097386416,209.032961062,614.9));
#5331 = CARTESIAN_POINT('',(293.089230769,210.,614.9));
#5332 = PCURVE('',#98,#5333);
#5333 = DEFINITIONAL_REPRESENTATION('',(#5334),#5514);
#5334 = B_SPLINE_CURVE_WITH_KNOTS('',3,(#5335,#5336,#5337,#5338,#5339,
    #5340,#5341,#5342,#5343,#5344,#5345,#5346,#5347,#5348,#5349,#5350,
    #5351,#5352,#5353,#5354,#5355,#5356,#5357,#5358,#5359,#5360,#5361,
    #5362,#5363,#5364,#5365,#5366,#5367,#5368,#5369,#5370,#5371,#5372,
    #5373,#5374,#5375,#5376,#5377,#5378,#5379,#5380,#5381,#5382,#5383,
    #5384,#5385,#5386,#5387,#5388,#5389,#5390,#5391,#5392,#5393,#5394,
    #5395,#5396,#5397,#5398,#5399,#5400,#5401,#5402,#5403,#5404,#5405,
    #5406,#5407,#5408,#5409,#5410,#5411,#5412,#5413,#5414,#5415,#5416,
    #5417,#5418,#5419,#5420,#5421,#5422,#5423,#5424,#5425,#5426,#5427,
    #5428,#5429,#5430,#5431,#5432,#5433,#5434,#5435,#5436,#5437,#5438,
    #5439,#5440,#5441,#5442,#5443,#5444,#5445,#5446,#5447,#5448,#5449,
    #5450,#5451,#5452,#5453,#5454,#5455,#5456,#5457,#5458,#5459,#5460,
    #5461,#5462,#5463,#5464,#5465,#5466,#5467,#5468,#5469,#5470,#5471,
    #5472,#5473,#5474,#5475,#5476,#5477,#5478,#5479,#5480,#5481,#5482,
    #5483,#5484,#5485,#5486,#5487,#5488,#5489,#5490,#5491,#5492,#5493,
    #5494,#5495,#5496,#5497,#5498,#5499,#5500,#5501,#5502,#5503,#5504,
    #5505,#5506,#5507,#5508,#5509,#5510,#5511,#5512,#5513),
  .UNSPECIFIED.,.F.,.F.,(4,1,1,1,1,1,1,1,1,1,1,1,1,1,1,1,1,1,1,1,1,1,1,1
    ,1,1,1,1,1,1,1,1,1,1,1,1,1,1,1,1,1,1,1,1,1,1,1,1,1,1,1,1,1,1,1,1,1,1
    ,1,1,1,1,1,1,1,1,1,1,1,1,1,1,1,1,1,1,1,1,1,1,1,1,1,1,1,1,1,1,1,1,1,1
    ,1,1,1,1,1,1,1,1,1,1,1,1,1,1,1,1,1,1,1,1,1,1,1,1,1,1,1,1,1,1,1,1,1,1
    ,1,1,1,1,1,1,1,1,1,1,1,1,1,1,1,1,1,1,1,1,1,1,1,1,1,1,1,1,1,1,1,1,1,1
    ,1,1,1,1,1,1,1,1,1,1,1,1,1,1,1,1,4),(0.3125,0.313210227273,
    0.313920454545,0.314630681818,0.315340909091,0.316051136364,
    0.316761363636,0.317471590909,0.318181818182,0.318892045455,
    0.319602272727,0.3203125,0.321022727273,0.321732954545,
    0.322443181818,0.323153409091,0.323863636364,0.324573863636,
    0.325284090909,0.325994318182,0.326704545455,0.327414772727,0.328125
    ,0.328835227273,0.329545454545,0.330255681818,0.330965909091,
    0.331676136364,0.332386363636,0.333096590909,0.333806818182,
    0.334517045455,0.335227272727,0.3359375,0.336647727273,
    0.337357954545,0.338068181818,0.338778409091,0.339488636364,
    0.340198863636,0.340909090909,0.341619318182,0.342329545455,
    0.343039772727,0.34375,0.344460227273,0.345170454545,0.345880681818,
    0.346590909091,0.347301136364,0.348011363636,0.348721590909,
    0.349431818182,0.350142045455,0.350852272727,0.3515625,
    0.352272727273,0.352982954545,0.353693181818,0.354403409091,
    0.355113636364,0.355823863636,0.356534090909,0.357244318182,
    0.357954545455,0.358664772727,0.359375,0.360085227273,0.360795454545
    ,0.361505681818,0.362215909091,0.362926136364,0.363636363636,
    0.364346590909,0.365056818182,0.365767045455,0.366477272727,
    0.3671875,0.367897727273,0.368607954545,0.369318181818,
    0.370028409091,0.370738636364,0.371448863636,0.372159090909,
    0.372869318182,0.373579545455,0.374289772727,0.375,0.375710227273,
    0.376420454545,0.377130681818,0.377840909091,0.378551136364,
    0.379261363636,0.379971590909,0.380681818182,0.381392045455,
    0.382102272727,0.3828125,0.383522727273,0.384232954545,
    0.384943181818,0.385653409091,0.386363636364,0.387073863636,
    0.387784090909,0.388494318182,0.389204545455,0.389914772727,0.390625
    ,0.391335227273,0.392045454545,0.392755681818,0.393465909091,
    0.394176136364,0.394886363636,0.395596590909,0.396306818182,
    0.397017045455,0.397727272727,0.3984375,0.399147727273,
    0.399857954545,0.400568181818,0.401278409091,0.401988636364,
    0.402698863636,0.403409090909,0.404119318182,0.404829545455,
    0.405539772727,0.40625,0.406960227273,0.407670454545,0.408380681818,
    0.409090909091,0.409801136364,0.410511363636,0.411221590909,
    0.411931818182,0.412642045455,0.413352272727,0.4140625,
    0.414772727273,0.415482954545,0.416193181818,0.416903409091,
    0.417613636364,0.418323863636,0.419034090909,0.419744318182,
    0.420454545455,0.421164772727,0.421875,0.422585227273,0.423295454545
    ,0.424005681818,0.424715909091,0.425426136364,0.426136363636,
    0.426846590909,0.427556818182,0.428267045455,0.428977272727,
    0.4296875,0.430397727273,0.431107954545,0.431818181818,
    0.432528409091,0.433238636364,0.433948863636,0.434659090909,
    0.435369318182,0.436079545455,0.436789772727,0.4375),
  .QUASI_UNIFORM_KNOTS.);
#5335 = CARTESIAN_POINT('',(1.,0.3125));
#5336 = CARTESIAN_POINT('',(1.00000756514,0.312736742824));
#5337 = CARTESIAN_POINT('',(1.000014539709,0.313210238644));
#5338 = CARTESIAN_POINT('',(1.000011479455,0.313920492185));
#5339 = CARTESIAN_POINT('',(1.00001205969,0.31463073045));
#5340 = CARTESIAN_POINT('',(1.000011681493,0.315340943695));
#5341 = CARTESIAN_POINT('',(1.000011574616,0.316051137365));
#5342 = CARTESIAN_POINT('',(1.000011415812,0.316761363061));
#5343 = CARTESIAN_POINT('',(1.000011265321,0.317471570253));
#5344 = CARTESIAN_POINT('',(1.00001120267,0.318181786271));
#5345 = CARTESIAN_POINT('',(1.000010846864,0.318892036985));
#5346 = CARTESIAN_POINT('',(1.000011639866,0.319602219686));
#5347 = CARTESIAN_POINT('',(1.000008192481,0.320312673001));
#5348 = CARTESIAN_POINT('',(0.999955979241,0.321022075948));
#5349 = CARTESIAN_POINT('',(0.999963693906,0.321733204131));
#5350 = CARTESIAN_POINT('',(1.000009126072,0.322443116843));
#5351 = CARTESIAN_POINT('',(1.000008116205,0.323153432637));
#5352 = CARTESIAN_POINT('',(1.000001768452,0.323863632271));
#5353 = CARTESIAN_POINT('',(1.000012811226,0.324573865122));
#5354 = CARTESIAN_POINT('',(1.000009704081,0.325284083739));
#5355 = CARTESIAN_POINT('',(1.000010877833,0.325994312418));
#5356 = CARTESIAN_POINT('',(1.000009125781,0.326704545043));
#5357 = CARTESIAN_POINT('',(1.000014843519,0.327414773672));
#5358 = CARTESIAN_POINT('',(0.999993655009,0.3281250026));
#5359 = CARTESIAN_POINT('',(1.000010538551,0.328835215749));
#5360 = CARTESIAN_POINT('',(1.000007550132,0.329545476623));
#5361 = CARTESIAN_POINT('',(1.000002620265,0.330255586404));
#5362 = CARTESIAN_POINT('',(0.999962392175,0.330966814682));
#5363 = CARTESIAN_POINT('',(0.99999360787,0.331676101527));
#5364 = CARTESIAN_POINT('',(1.000015029232,0.332386373076));
#5365 = CARTESIAN_POINT('',(1.000009247413,0.33309659286));
#5366 = CARTESIAN_POINT('',(1.000011261769,0.333806832249));
#5367 = CARTESIAN_POINT('',(1.000009345491,0.334517061354));
#5368 = CARTESIAN_POINT('',(1.000015407623,0.335227280673));
#5369 = CARTESIAN_POINT('',(0.999993540016,0.335937494338));
#5370 = CARTESIAN_POINT('',(1.000010568981,0.336647737505));
#5371 = CARTESIAN_POINT('',(1.000007543404,0.337357902418));
#5372 = CARTESIAN_POINT('',(1.000002616745,0.338068365599));
#5373 = CARTESIAN_POINT('',(0.999963223625,0.338777407219));
#5374 = CARTESIAN_POINT('',(0.999988309509,0.33948870255));
#5375 = CARTESIAN_POINT('',(1.000017780534,0.340198847525));
#5376 = CARTESIAN_POINT('',(1.000009952215,0.340909116986));
#5377 = CARTESIAN_POINT('',(1.000012752626,0.341619354215));
#5378 = CARTESIAN_POINT('',(1.000010415793,0.342329582682));
#5379 = CARTESIAN_POINT('',(1.000018081588,0.343039785878));
#5380 = CARTESIAN_POINT('',(0.999990960838,0.343749999898));
#5381 = CARTESIAN_POINT('',(1.000018078801,0.344460214168));
#5382 = CARTESIAN_POINT('',(1.000010426939,0.345170417293));
#5383 = CARTESIAN_POINT('',(1.000012710826,0.345880645781));
#5384 = CARTESIAN_POINT('',(1.000010108268,0.346590882984));
#5385 = CARTESIAN_POINT('',(1.000017198121,0.347301152513));
#5386 = CARTESIAN_POINT('',(0.999990483109,0.348011297231));
#5387 = CARTESIAN_POINT('',(0.999931411732,0.348722592179));
#5388 = CARTESIAN_POINT('',(1.000008327188,0.349431634328));
#5389 = CARTESIAN_POINT('',(1.000006008115,0.350142097522));
#5390 = CARTESIAN_POINT('',(1.000010999695,0.350852262472));
#5391 = CARTESIAN_POINT('',(0.99999335245,0.35156250548));
#5392 = CARTESIAN_POINT('',(1.0000154592,0.352272719348));
#5393 = CARTESIAN_POINT('',(1.000009326751,0.352982938611));
#5394 = CARTESIAN_POINT('',(1.00001128515,0.353693167733));
#5395 = CARTESIAN_POINT('',(1.000009172626,0.354403407103));
#5396 = CARTESIAN_POINT('',(1.000015304997,0.355113626941));
#5397 = CARTESIAN_POINT('',(0.9999925796,0.355823898288));
#5398 = CARTESIAN_POINT('',(0.999991118283,0.356533184983));
#5399 = CARTESIAN_POINT('',(0.999999553521,0.357244413485));
#5400 = CARTESIAN_POINT('',(1.000008371797,0.357954523328));
#5401 = CARTESIAN_POINT('',(1.000010318635,0.358664784226));
#5402 = CARTESIAN_POINT('',(0.999993713008,0.359374997222));
#5403 = CARTESIAN_POINT('',(1.000014828078,0.360085226344));
#5404 = CARTESIAN_POINT('',(1.000009129543,0.360795454921));
#5405 = CARTESIAN_POINT('',(1.000010878223,0.361505687562));
#5406 = CARTESIAN_POINT('',(1.000009698756,0.362215916229));
#5407 = CARTESIAN_POINT('',(1.000012832133,0.362926134875));
#5408 = CARTESIAN_POINT('',(1.000001690149,0.363636367624));
#5409 = CARTESIAN_POINT('',(1.000008615243,0.364346567319));
#5410 = CARTESIAN_POINT('',(1.000007208224,0.36505688311));
#5411 = CARTESIAN_POINT('',(0.99997166586,0.365766795453));
#5412 = CARTESIAN_POINT('',(0.999935276223,0.366477923435));
#5413 = CARTESIAN_POINT('',(1.000013531534,0.367187326976));
#5414 = CARTESIAN_POINT('',(1.000010209248,0.367897780293));
#5415 = CARTESIAN_POINT('',(1.000011230283,0.368607962996));
#5416 = CARTESIAN_POINT('',(1.00001109961,0.369318213711));
#5417 = CARTESIAN_POINT('',(1.000011294142,0.37002842973));
#5418 = CARTESIAN_POINT('',(1.000011403588,0.370738636921));
#5419 = CARTESIAN_POINT('',(1.00001159469,0.371448862627));
#5420 = CARTESIAN_POINT('',(1.000011613419,0.372159056266));
#5421 = CARTESIAN_POINT('',(1.000012311909,0.372869269635));
#5422 = CARTESIAN_POINT('',(1.00001053865,0.37357950744));
#5423 = CARTESIAN_POINT('',(1.000018050713,0.374289762707));
#5424 = CARTESIAN_POINT('',(0.999990974646,0.375000000003));
#5425 = CARTESIAN_POINT('',(1.000018050703,0.37571023728));
#5426 = CARTESIAN_POINT('',(1.000010538687,0.37642049255));
#5427 = CARTESIAN_POINT('',(1.000012311768,0.377130730352));
#5428 = CARTESIAN_POINT('',(1.000011613949,0.377840943721));
#5429 = CARTESIAN_POINT('',(1.000011592714,0.378551137358));
#5430 = CARTESIAN_POINT('',(1.000011410963,0.379261363063));
#5431 = CARTESIAN_POINT('',(1.000011266621,0.379971570253));
#5432 = CARTESIAN_POINT('',(1.000011202322,0.380681786271));
#5433 = CARTESIAN_POINT('',(1.000010846957,0.381392036985));
#5434 = CARTESIAN_POINT('',(1.000011639843,0.382102219686));
#5435 = CARTESIAN_POINT('',(1.000008192481,0.382812673001));
#5436 = CARTESIAN_POINT('',(0.999955979251,0.383522075948));
#5437 = CARTESIAN_POINT('',(0.999963693866,0.384233204131));
#5438 = CARTESIAN_POINT('',(1.000009125496,0.384943116843));
#5439 = CARTESIAN_POINT('',(1.000008116481,0.385653432637));
#5440 = CARTESIAN_POINT('',(1.000001767924,0.386363632271));
#5441 = CARTESIAN_POINT('',(1.000012811369,0.387073865123));
#5442 = CARTESIAN_POINT('',(1.000009704037,0.387784083739));
#5443 = CARTESIAN_POINT('',(1.000010877866,0.388494312418));
#5444 = CARTESIAN_POINT('',(1.000009125691,0.389204545043));
#5445 = CARTESIAN_POINT('',(1.000014843843,0.389914773672));
#5446 = CARTESIAN_POINT('',(0.999993653802,0.3906250026));
#5447 = CARTESIAN_POINT('',(1.000010538869,0.391335215749));
#5448 = CARTESIAN_POINT('',(1.000007550065,0.392045476623));
#5449 = CARTESIAN_POINT('',(1.000002620216,0.392755586404));
#5450 = CARTESIAN_POINT('',(0.99996239219,0.393466814682));
#5451 = CARTESIAN_POINT('',(0.99999360786,0.394176101527));
#5452 = CARTESIAN_POINT('',(1.000015029233,0.394886373076));
#5453 = CARTESIAN_POINT('',(1.00000924742,0.39559659286));
#5454 = CARTESIAN_POINT('',(1.000011261738,0.396306832249));
#5455 = CARTESIAN_POINT('',(1.000009345607,0.397017061354));
#5456 = CARTESIAN_POINT('',(1.000015407188,0.397727280673));
#5457 = CARTESIAN_POINT('',(0.999993541639,0.398437494338));
#5458 = CARTESIAN_POINT('',(1.000010568574,0.399147737505));
#5459 = CARTESIAN_POINT('',(1.00000754341,0.399857902418));
#5460 = CARTESIAN_POINT('',(1.000002617129,0.400568365599));
#5461 = CARTESIAN_POINT('',(0.999963223034,0.401277407219));
#5462 = CARTESIAN_POINT('',(0.999988309635,0.40198870255));
#5463 = CARTESIAN_POINT('',(1.0000177805,0.402698847525));
#5464 = CARTESIAN_POINT('',(1.000009952222,0.403409116986));
#5465 = CARTESIAN_POINT('',(1.000012752629,0.404119354215));
#5466 = CARTESIAN_POINT('',(1.000010415774,0.404829582682));
#5467 = CARTESIAN_POINT('',(1.000018081661,0.405539785878));
#5468 = CARTESIAN_POINT('',(0.999990960564,0.406249999898));
#5469 = CARTESIAN_POINT('',(1.000018078874,0.406960214168));
#5470 = CARTESIAN_POINT('',(1.00001042692,0.407670417293));
#5471 = CARTESIAN_POINT('',(1.000012710831,0.408380645781));
#5472 = CARTESIAN_POINT('',(1.000010108268,0.409090882984));
#5473 = CARTESIAN_POINT('',(1.000017198117,0.409801152513));
#5474 = CARTESIAN_POINT('',(0.999990483124,0.410511297231));
#5475 = CARTESIAN_POINT('',(0.999931412285,0.411222592179));
#5476 = CARTESIAN_POINT('',(1.000008326814,0.411931634328));
#5477 = CARTESIAN_POINT('',(1.000006008107,0.412642097522));
#5478 = CARTESIAN_POINT('',(1.000011000102,0.413352262472));
#5479 = CARTESIAN_POINT('',(0.999993350828,0.41406250548));
#5480 = CARTESIAN_POINT('',(1.000015459634,0.414772719348));
#5481 = CARTESIAN_POINT('',(1.000009326635,0.415482938611));
#5482 = CARTESIAN_POINT('',(1.000011285182,0.416193167733));
#5483 = CARTESIAN_POINT('',(1.000009172618,0.416903407103));
#5484 = CARTESIAN_POINT('',(1.000015304996,0.417613626941));
#5485 = CARTESIAN_POINT('',(0.999992579609,0.418323898288));
#5486 = CARTESIAN_POINT('',(0.999991118269,0.419033184983));
#5487 = CARTESIAN_POINT('',(0.999999553569,0.419744413485));
#5488 = CARTESIAN_POINT('',(1.000008371865,0.420454523328));
#5489 = CARTESIAN_POINT('',(1.000010318316,0.421164784226));
#5490 = CARTESIAN_POINT('',(0.999993714215,0.421874997222));
#5491 = CARTESIAN_POINT('',(1.000014827754,0.422585226344));
#5492 = CARTESIAN_POINT('',(1.000009129632,0.423295454921));
#5493 = CARTESIAN_POINT('',(1.00001087819,0.424005687562));
#5494 = CARTESIAN_POINT('',(1.0000096988,0.42471591623));
#5495 = CARTESIAN_POINT('',(1.00001283199,0.425426134875));
#5496 = CARTESIAN_POINT('',(1.000001690677,0.426136367625));
#5497 = CARTESIAN_POINT('',(1.000008614967,0.426846567319));
#5498 = CARTESIAN_POINT('',(1.0000072088,0.42755688311));
#5499 = CARTESIAN_POINT('',(0.999971665901,0.428266795453));
#5500 = CARTESIAN_POINT('',(0.999935276213,0.428977923435));
#5501 = CARTESIAN_POINT('',(1.000013531534,0.429687326976));
#5502 = CARTESIAN_POINT('',(1.000010209271,0.430397780293));
#5503 = CARTESIAN_POINT('',(1.000011230191,0.431107962996));
#5504 = CARTESIAN_POINT('',(1.000011099958,0.431818213711));
#5505 = CARTESIAN_POINT('',(1.000011292843,0.43252842973));
#5506 = CARTESIAN_POINT('',(1.000011408438,0.433238636923));
#5507 = CARTESIAN_POINT('',(1.000011576592,0.433948862621));
#5508 = CARTESIAN_POINT('',(1.000011680963,0.434659056289));
#5509 = CARTESIAN_POINT('',(1.000012059832,0.435369269538));
#5510 = CARTESIAN_POINT('',(1.000011479417,0.436079507804));
#5511 = CARTESIAN_POINT('',(1.00001453972,0.436789761345));
#5512 = CARTESIAN_POINT('',(1.00000756514,0.437263257171));
#5513 = CARTESIAN_POINT('',(1.,0.4375));
#5514 = ( GEOMETRIC_REPRESENTATION_CONTEXT(2) 
PARAMETRIC_REPRESENTATION_CONTEXT() REPRESENTATION_CONTEXT('2D SPACE',''
  ) );
#5515 = PCURVE('',#5516,#5521);
#5516 = CYLINDRICAL_SURFACE('',#5517,14.9);
#5517 = AXIS2_PLACEMENT_3D('',#5518,#5519,#5520);
#5518 = CARTESIAN_POINT('',(188.602530506,210.,600.));
#5519 = DIRECTION('',(-1.,0.,0.));
#5520 = DIRECTION('',(0.,0.,1.));
#5521 = DEFINITIONAL_REPRESENTATION('',(#5522),#5702);
#5522 = B_SPLINE_CURVE_WITH_KNOTS('',3,(#5523,#5524,#5525,#5526,#5527,
    #5528,#5529,#5530,#5531,#5532,#5533,#5534,#5535,#5536,#5537,#5538,
    #5539,#5540,#5541,#5542,#5543,#5544,#5545,#5546,#5547,#5548,#5549,
    #5550,#5551,#5552,#5553,#5554,#5555,#5556,#5557,#5558,#5559,#5560,
    #5561,#5562,#5563,#5564,#5565,#5566,#5567,#5568,#5569,#5570,#5571,
    #5572,#5573,#5574,#5575,#5576,#5577,#5578,#5579,#5580,#5581,#5582,
    #5583,#5584,#5585,#5586,#5587,#5588,#5589,#5590,#5591,#5592,#5593,
    #5594,#5595,#5596,#5597,#5598,#5599,#5600,#5601,#5602,#5603,#5604,
    #5605,#5606,#5607,#5608,#5609,#5610,#5611,#5612,#5613,#5614,#5615,
    #5616,#5617,#5618,#5619,#5620,#5621,#5622,#5623,#5624,#5625,#5626,
    #5627,#5628,#5629,#5630,#5631,#5632,#5633,#5634,#5635,#5636,#5637,
    #5638,#5639,#5640,#5641,#5642,#5643,#5644,#5645,#5646,#5647,#5648,
    #5649,#5650,#5651,#5652,#5653,#5654,#5655,#5656,#5657,#5658,#5659,
    #5660,#5661,#5662,#5663,#5664,#5665,#5666,#5667,#5668,#5669,#5670,
    #5671,#5672,#5673,#5674,#5675,#5676,#5677,#5678,#5679,#5680,#5681,
    #5682,#5683,#5684,#5685,#5686,#5687,#5688,#5689,#5690,#5691,#5692,
    #5693,#5694,#5695,#5696,#5697,#5698,#5699,#5700,#5701),
  .UNSPECIFIED.,.F.,.F.,(4,1,1,1,1,1,1,1,1,1,1,1,1,1,1,1,1,1,1,1,1,1,1,1
    ,1,1,1,1,1,1,1,1,1,1,1,1,1,1,1,1,1,1,1,1,1,1,1,1,1,1,1,1,1,1,1,1,1,1
    ,1,1,1,1,1,1,1,1,1,1,1,1,1,1,1,1,1,1,1,1,1,1,1,1,1,1,1,1,1,1,1,1,1,1
    ,1,1,1,1,1,1,1,1,1,1,1,1,1,1,1,1,1,1,1,1,1,1,1,1,1,1,1,1,1,1,1,1,1,1
    ,1,1,1,1,1,1,1,1,1,1,1,1,1,1,1,1,1,1,1,1,1,1,1,1,1,1,1,1,1,1,1,1,1,1
    ,1,1,1,1,1,1,1,1,1,1,1,1,1,1,1,1,4),(0.3125,0.313210227273,
    0.313920454545,0.314630681818,0.315340909091,0.316051136364,
    0.316761363636,0.317471590909,0.318181818182,0.318892045455,
    0.319602272727,0.3203125,0.321022727273,0.321732954545,
    0.322443181818,0.323153409091,0.323863636364,0.324573863636,
    0.325284090909,0.325994318182,0.326704545455,0.327414772727,0.328125
    ,0.328835227273,0.329545454545,0.330255681818,0.330965909091,
    0.331676136364,0.332386363636,0.333096590909,0.333806818182,
    0.334517045455,0.335227272727,0.3359375,0.336647727273,
    0.337357954545,0.338068181818,0.338778409091,0.339488636364,
    0.340198863636,0.340909090909,0.341619318182,0.342329545455,
    0.343039772727,0.34375,0.344460227273,0.345170454545,0.345880681818,
    0.346590909091,0.347301136364,0.348011363636,0.348721590909,
    0.349431818182,0.350142045455,0.350852272727,0.3515625,
    0.352272727273,0.352982954545,0.353693181818,0.354403409091,
    0.355113636364,0.355823863636,0.356534090909,0.357244318182,
    0.357954545455,0.358664772727,0.359375,0.360085227273,0.360795454545
    ,0.361505681818,0.362215909091,0.362926136364,0.363636363636,
    0.364346590909,0.365056818182,0.365767045455,0.366477272727,
    0.3671875,0.367897727273,0.368607954545,0.369318181818,
    0.370028409091,0.370738636364,0.371448863636,0.372159090909,
    0.372869318182,0.373579545455,0.374289772727,0.375,0.375710227273,
    0.376420454545,0.377130681818,0.377840909091,0.378551136364,
    0.379261363636,0.379971590909,0.380681818182,0.381392045455,
    0.382102272727,0.3828125,0.383522727273,0.384232954545,
    0.384943181818,0.385653409091,0.386363636364,0.387073863636,
    0.387784090909,0.388494318182,0.389204545455,0.389914772727,0.390625
    ,0.391335227273,0.392045454545,0.392755681818,0.393465909091,
    0.394176136364,0.394886363636,0.395596590909,0.396306818182,
    0.397017045455,0.397727272727,0.3984375,0.399147727273,
    0.399857954545,0.400568181818,0.401278409091,0.401988636364,
    0.402698863636,0.403409090909,0.404119318182,0.404829545455,
    0.405539772727,0.40625,0.406960227273,0.407670454545,0.408380681818,
    0.409090909091,0.409801136364,0.410511363636,0.411221590909,
    0.411931818182,0.412642045455,0.413352272727,0.4140625,
    0.414772727273,0.415482954545,0.416193181818,0.416903409091,
    0.417613636364,0.418323863636,0.419034090909,0.419744318182,
    0.420454545455,0.421164772727,0.421875,0.422585227273,0.423295454545
    ,0.424005681818,0.424715909091,0.425426136364,0.426136363636,
    0.426846590909,0.427556818182,0.428267045455,0.428977272727,
    0.4296875,0.430397727273,0.431107954545,0.431818181818,
    0.432528409091,0.433238636364,0.433948863636,0.434659090909,
    0.435369318182,0.436079545455,0.436789772727,0.4375),
  .QUASI_UNIFORM_KNOTS.);
#5523 = CARTESIAN_POINT('',(0.,-105.289777186));
#5524 = CARTESIAN_POINT('',(1.180033752153E-02,-105.288294341));
#5525 = CARTESIAN_POINT('',(3.544873013361E-02,-105.2853105639));
#5526 = CARTESIAN_POINT('',(7.104136648424E-02,-105.280789157));
#5527 = CARTESIAN_POINT('',(0.106730881883,-105.2762305314));
#5528 = CARTESIAN_POINT('',(0.14249432883,-105.2716432022));
#5529 = CARTESIAN_POINT('',(0.178309284787,-105.2670357134));
#5530 = CARTESIAN_POINT('',(0.214155457066,-105.2624165));
#5531 = CARTESIAN_POINT('',(0.250007265502,-105.2577948847));
#5532 = CARTESIAN_POINT('',(0.28584311868,-105.2531796804));
#5533 = CARTESIAN_POINT('',(0.321641089258,-105.2485792679));
#5534 = CARTESIAN_POINT('',(0.357374118148,-105.2440038446));
#5535 = CARTESIAN_POINT('',(0.393033154686,-105.2394567735));
#5536 = CARTESIAN_POINT('',(0.428542553801,-105.2349669389));
#5537 = CARTESIAN_POINT('',(0.463972102143,-105.2305075456));
#5538 = CARTESIAN_POINT('',(0.499484433123,-105.2260166127));
#5539 = CARTESIAN_POINT('',(0.53512409862,-105.2214770206));
#5540 = CARTESIAN_POINT('',(0.57084683037,-105.2169054394));
#5541 = CARTESIAN_POINT('',(0.606636498666,-105.2123080344));
#5542 = CARTESIAN_POINT('',(0.642468221746,-105.2076942883));
#5543 = CARTESIAN_POINT('',(0.678320171355,-105.2030729226));
#5544 = CARTESIAN_POINT('',(0.714169062033,-105.1984528103));
#5545 = CARTESIAN_POINT('',(0.749991324641,-105.1938428712));
#5546 = CARTESIAN_POINT('',(0.785764769745,-105.1892516856));
#5547 = CARTESIAN_POINT('',(0.821463947023,-105.184689146));
#5548 = CARTESIAN_POINT('',(0.857076673681,-105.1801598782));
#5549 = CARTESIAN_POINT('',(0.892544460806,-105.1756859451));
#5550 = CARTESIAN_POINT('',(0.928007733743,-105.1712137724));
#5551 = CARTESIAN_POINT('',(0.963546944895,-105.1667124848));
#5552 = CARTESIAN_POINT('',(0.999222637217,-105.1621590111));
#5553 = CARTESIAN_POINT('',(1.034977830863,-105.1575749292));
#5554 = CARTESIAN_POINT('',(1.070788780763,-105.1529694788));
#5555 = CARTESIAN_POINT('',(1.106632362422,-105.1483513909));
#5556 = CARTESIAN_POINT('',(1.142485232933,-105.1437295092));
#5557 = CARTESIAN_POINT('',(1.178324749683,-105.1391127355));
#5558 = CARTESIAN_POINT('',(1.214129314268,-105.1345096266));
#5559 = CARTESIAN_POINT('',(1.249871931966,-105.1299303929));
#5560 = CARTESIAN_POINT('',(1.28554421041,-105.1253782932));
#5561 = CARTESIAN_POINT('',(1.321054923068,-105.1208878889));
#5562 = CARTESIAN_POINT('',(1.356502412356,-105.1164217028));
#5563 = CARTESIAN_POINT('',(1.39200069756,-105.1119361176));
#5564 = CARTESIAN_POINT('',(1.42762582657,-105.1074021411));
#5565 = CARTESIAN_POINT('',(1.463338657551,-105.1028345759));
#5566 = CARTESIAN_POINT('',(1.499120303404,-105.0982404004));
#5567 = CARTESIAN_POINT('',(1.534946506222,-105.0936287252));
#5568 = CARTESIAN_POINT('',(1.570796326795,-105.089007956));
#5569 = CARTESIAN_POINT('',(1.606646147367,-105.0843871867));
#5570 = CARTESIAN_POINT('',(1.642472350186,-105.0797755115));
#5571 = CARTESIAN_POINT('',(1.678253996039,-105.0751813358));
#5572 = CARTESIAN_POINT('',(1.71396682702,-105.0706137704));
#5573 = CARTESIAN_POINT('',(1.74959195603,-105.0660797936));
#5574 = CARTESIAN_POINT('',(1.785090241234,-105.0615942081));
#5575 = CARTESIAN_POINT('',(1.820537730522,-105.057128022));
#5576 = CARTESIAN_POINT('',(1.85604844318,-105.0526376177));
#5577 = CARTESIAN_POINT('',(1.891720721623,-105.048085518));
#5578 = CARTESIAN_POINT('',(1.927463339322,-105.0435062843));
#5579 = CARTESIAN_POINT('',(1.963267903907,-105.0389031754));
#5580 = CARTESIAN_POINT('',(1.999107420657,-105.0342864017));
#5581 = CARTESIAN_POINT('',(2.034960291168,-105.02966452));
#5582 = CARTESIAN_POINT('',(2.070803872827,-105.0250464321));
#5583 = CARTESIAN_POINT('',(2.106614822727,-105.0204409817));
#5584 = CARTESIAN_POINT('',(2.142370016373,-105.0158568998));
#5585 = CARTESIAN_POINT('',(2.178045708694,-105.0113034261));
#5586 = CARTESIAN_POINT('',(2.213584919847,-105.0068021385));
#5587 = CARTESIAN_POINT('',(2.249048192784,-105.0023299658));
#5588 = CARTESIAN_POINT('',(2.284515979909,-104.9978560327));
#5589 = CARTESIAN_POINT('',(2.320128706567,-104.9933267649));
#5590 = CARTESIAN_POINT('',(2.355827883845,-104.9887642253));
#5591 = CARTESIAN_POINT('',(2.391601328949,-104.9841730397));
#5592 = CARTESIAN_POINT('',(2.427423591557,-104.9795631006));
#5593 = CARTESIAN_POINT('',(2.463272482235,-104.9749429883));
#5594 = CARTESIAN_POINT('',(2.499124431843,-104.9703216226));
#5595 = CARTESIAN_POINT('',(2.534956154923,-104.9657078765));
#5596 = CARTESIAN_POINT('',(2.57074582322,-104.9611104715));
#5597 = CARTESIAN_POINT('',(2.60646855497,-104.9565388903));
#5598 = CARTESIAN_POINT('',(2.642108220467,-104.9519992983));
#5599 = CARTESIAN_POINT('',(2.677620551448,-104.9475083653));
#5600 = CARTESIAN_POINT('',(2.713050099785,-104.943048972));
#5601 = CARTESIAN_POINT('',(2.748559498916,-104.9385591374));
#5602 = CARTESIAN_POINT('',(2.784218535397,-104.9340120663));
#5603 = CARTESIAN_POINT('',(2.819951564501,-104.929436643));
#5604 = CARTESIAN_POINT('',(2.855749534276,-104.9248362307));
#5605 = CARTESIAN_POINT('',(2.891585390454,-104.9202210253));
#5606 = CARTESIAN_POINT('',(2.927437187694,-104.9155994142));
#5607 = CARTESIAN_POINT('',(2.963283401757,-104.9109801851));
#5608 = CARTESIAN_POINT('',(2.999098201773,-104.9063727553));
#5609 = CARTESIAN_POINT('',(3.0348622307,-104.9017852055));
#5610 = CARTESIAN_POINT('',(3.070549574122,-104.8972274032));
#5611 = CARTESIAN_POINT('',(3.106150316398,-104.8927029237));
#5612 = CARTESIAN_POINT('',(3.14159265359,-104.888238725));
#5613 = CARTESIAN_POINT('',(3.177034990781,-104.8837745261));
#5614 = CARTESIAN_POINT('',(3.212635733058,-104.8792500464));
#5615 = CARTESIAN_POINT('',(3.24832307648,-104.8746922438));
#5616 = CARTESIAN_POINT('',(3.284087105406,-104.8701046938));
#5617 = CARTESIAN_POINT('',(3.319901905423,-104.8654972638));
#5618 = CARTESIAN_POINT('',(3.355748119486,-104.8608780349));
#5619 = CARTESIAN_POINT('',(3.391599916725,-104.8562564241));
#5620 = CARTESIAN_POINT('',(3.427435772904,-104.8516412186));
#5621 = CARTESIAN_POINT('',(3.463233742678,-104.8470408062));
#5622 = CARTESIAN_POINT('',(3.498966771783,-104.8424653827));
#5623 = CARTESIAN_POINT('',(3.534625808264,-104.8379183115));
#5624 = CARTESIAN_POINT('',(3.570135207394,-104.8334284769));
#5625 = CARTESIAN_POINT('',(3.605564755732,-104.8289690836));
#5626 = CARTESIAN_POINT('',(3.641077086713,-104.8244781506));
#5627 = CARTESIAN_POINT('',(3.67671675221,-104.819938559));
#5628 = CARTESIAN_POINT('',(3.71243948396,-104.8153669779));
#5629 = CARTESIAN_POINT('',(3.748229152256,-104.8107695725));
#5630 = CARTESIAN_POINT('',(3.784060875336,-104.8061558268));
#5631 = CARTESIAN_POINT('',(3.819912824945,-104.8015344611));
#5632 = CARTESIAN_POINT('',(3.855761715623,-104.7969143485));
#5633 = CARTESIAN_POINT('',(3.89158397823,-104.7923044093));
#5634 = CARTESIAN_POINT('',(3.927357423335,-104.7877132235));
#5635 = CARTESIAN_POINT('',(3.963056600613,-104.7831506843));
#5636 = CARTESIAN_POINT('',(3.998669327271,-104.7786214168));
#5637 = CARTESIAN_POINT('',(4.034137114396,-104.7741474829));
#5638 = CARTESIAN_POINT('',(4.069600387332,-104.7696753105));
#5639 = CARTESIAN_POINT('',(4.105139598485,-104.7651740228));
#5640 = CARTESIAN_POINT('',(4.140815290807,-104.7606205491));
#5641 = CARTESIAN_POINT('',(4.176570484453,-104.7560364672));
#5642 = CARTESIAN_POINT('',(4.212381434353,-104.7514310169));
#5643 = CARTESIAN_POINT('',(4.248225016012,-104.7468129291));
#5644 = CARTESIAN_POINT('',(4.284077886522,-104.7421910476));
#5645 = CARTESIAN_POINT('',(4.319917403273,-104.7375742749));
#5646 = CARTESIAN_POINT('',(4.355721967858,-104.7329711646));
#5647 = CARTESIAN_POINT('',(4.391464585556,-104.7283919312));
#5648 = CARTESIAN_POINT('',(4.427136864,-104.7238398322));
#5649 = CARTESIAN_POINT('',(4.462647576658,-104.7193494273));
#5650 = CARTESIAN_POINT('',(4.498095065946,-104.7148832419));
#5651 = CARTESIAN_POINT('',(4.53359335115,-104.7103976563));
#5652 = CARTESIAN_POINT('',(4.56921848016,-104.7058636795));
#5653 = CARTESIAN_POINT('',(4.604931311141,-104.7012961141));
#5654 = CARTESIAN_POINT('',(4.640712956994,-104.6967019384));
#5655 = CARTESIAN_POINT('',(4.676539159812,-104.6920902632));
#5656 = CARTESIAN_POINT('',(4.712388980385,-104.687469494));
#5657 = CARTESIAN_POINT('',(4.748238800957,-104.6828487247));
#5658 = CARTESIAN_POINT('',(4.784065003775,-104.6782370495));
#5659 = CARTESIAN_POINT('',(4.819846649629,-104.6736428738));
#5660 = CARTESIAN_POINT('',(4.855559480609,-104.6690753084));
#5661 = CARTESIAN_POINT('',(4.891184609619,-104.6645413316));
#5662 = CARTESIAN_POINT('',(4.926682894824,-104.660055746));
#5663 = CARTESIAN_POINT('',(4.962130384111,-104.6555895606));
#5664 = CARTESIAN_POINT('',(4.99764109677,-104.6510991557));
#5665 = CARTESIAN_POINT('',(5.033313375213,-104.6465470567));
#5666 = CARTESIAN_POINT('',(5.069055992911,-104.6419678233));
#5667 = CARTESIAN_POINT('',(5.104860557497,-104.637364713));
#5668 = CARTESIAN_POINT('',(5.140700074247,-104.6327479403));
#5669 = CARTESIAN_POINT('',(5.176552944757,-104.6281260588));
#5670 = CARTESIAN_POINT('',(5.212396526416,-104.623507971));
#5671 = CARTESIAN_POINT('',(5.248207476317,-104.6189025207));
#5672 = CARTESIAN_POINT('',(5.283962669963,-104.6143184388));
#5673 = CARTESIAN_POINT('',(5.319638362284,-104.6097649651));
#5674 = CARTESIAN_POINT('',(5.355177573437,-104.6052636774));
#5675 = CARTESIAN_POINT('',(5.390640846373,-104.600791505));
#5676 = CARTESIAN_POINT('',(5.426108633498,-104.5963175711));
#5677 = CARTESIAN_POINT('',(5.461721360157,-104.5917883036));
#5678 = CARTESIAN_POINT('',(5.497420537435,-104.5872257644));
#5679 = CARTESIAN_POINT('',(5.533193982539,-104.5826345786));
#5680 = CARTESIAN_POINT('',(5.569016245146,-104.5780246394));
#5681 = CARTESIAN_POINT('',(5.604865135825,-104.5734045268));
#5682 = CARTESIAN_POINT('',(5.640717085433,-104.5687831611));
#5683 = CARTESIAN_POINT('',(5.676548808513,-104.5641694154));
#5684 = CARTESIAN_POINT('',(5.71233847681,-104.55957201));
#5685 = CARTESIAN_POINT('',(5.748061208559,-104.5550004289));
#5686 = CARTESIAN_POINT('',(5.783700874057,-104.5504608373));
#5687 = CARTESIAN_POINT('',(5.819213205037,-104.5459699043));
#5688 = CARTESIAN_POINT('',(5.854642753378,-104.541510511));
#5689 = CARTESIAN_POINT('',(5.890152152494,-104.5370206764));
#5690 = CARTESIAN_POINT('',(5.925811189032,-104.5324736052));
#5691 = CARTESIAN_POINT('',(5.961544217921,-104.5278981818));
#5692 = CARTESIAN_POINT('',(5.997342188499,-104.5232977691));
#5693 = CARTESIAN_POINT('',(6.033178041678,-104.5186825647));
#5694 = CARTESIAN_POINT('',(6.069029850114,-104.5140609496));
#5695 = CARTESIAN_POINT('',(6.104876022393,-104.5094417366));
#5696 = CARTESIAN_POINT('',(6.14069097835,-104.5048342475));
#5697 = CARTESIAN_POINT('',(6.176454425297,-104.500246918));
#5698 = CARTESIAN_POINT('',(6.212143940695,-104.4956882922));
#5699 = CARTESIAN_POINT('',(6.247736577046,-104.491166885));
#5700 = CARTESIAN_POINT('',(6.271384969658,-104.4881831079));
#5701 = CARTESIAN_POINT('',(6.28318530718,-104.486700263));
#5702 = ( GEOMETRIC_REPRESENTATION_CONTEXT(2) 
PARAMETRIC_REPRESENTATION_CONTEXT() REPRESENTATION_CONTEXT('2D SPACE',''
  ) );
#5703 = ORIENTED_EDGE('',*,*,#5704,.T.);
#5704 = EDGE_CURVE('',#5195,#5705,#5707,.T.);
#5705 = VERTEX_POINT('',#5706);
#5706 = CARTESIAN_POINT('',(292.286153846,210.,614.9));
#5707 = SURFACE_CURVE('',#5708,(#5842,#6025),.PCURVE_S1.);
#5708 = B_SPLINE_CURVE_WITH_KNOTS('',3,(#5709,#5710,#5711,#5712,#5713,
    #5714,#5715,#5716,#5717,#5718,#5719,#5720,#5721,#5722,#5723,#5724,
    #5725,#5726,#5727,#5728,#5729,#5730,#5731,#5732,#5733,#5734,#5735,
    #5736,#5737,#5738,#5739,#5740,#5741,#5742,#5743,#5744,#5745,#5746,
    #5747,#5748,#5749,#5750,#5751,#5752,#5753,#5754,#5755,#5756,#5757,
    #5758,#5759,#5760,#5761,#5762,#5763,#5764,#5765,#5766,#5767,#5768,
    #5769,#5770,#5771,#5772,#5773,#5774,#5775,#5776,#5777,#5778,#5779,
    #5780,#5781,#5782,#5783,#5784,#5785,#5786,#5787,#5788,#5789,#5790,
    #5791,#5792,#5793,#5794,#5795,#5796,#5797,#5798,#5799,#5800,#5801,
    #5802,#5803,#5804,#5805,#5806,#5807,#5808,#5809,#5810,#5811,#5812,
    #5813,#5814,#5815,#5816,#5817,#5818,#5819,#5820,#5821,#5822,#5823,
    #5824,#5825,#5826,#5827,#5828,#5829,#5830,#5831,#5832,#5833,#5834,
    #5835,#5836,#5837,#5838,#5839,#5840,#5841),.UNSPECIFIED.,.F.,.F.,(4,
    3,3,3,3,3,3,3,3,3,3,3,3,3,3,3,3,3,3,3,3,3,3,3,3,3,3,3,3,3,3,3,3,3,3,
    3,3,3,3,3,3,3,3,3,4),(0.4375,0.44140625,0.4453125,0.447265625,
    0.44921875,0.453125,0.455078125,0.45703125,0.4609375,0.462890625,
    0.46484375,0.46875,0.47265625,0.474609375,0.4765625,0.48046875,
    0.482421875,0.484375,0.48828125,0.490234375,0.4921875,0.49609375,0.5
    ,0.50390625,0.5078125,0.509765625,0.51171875,0.515625,0.517578125,
    0.51953125,0.5234375,0.525390625,0.52734375,0.53125,0.53515625,
    0.537109375,0.5390625,0.54296875,0.544921875,0.546875,0.55078125,
    0.552734375,0.5546875,0.55859375,0.5625),.UNSPECIFIED.);
#5709 = CARTESIAN_POINT('',(293.089230769,210.,614.9));
#5710 = CARTESIAN_POINT('',(293.081075122,210.967038938,614.9));
#5711 = CARTESIAN_POINT('',(293.072645904,211.944815315,614.804944123));
#5712 = CARTESIAN_POINT('',(293.064179397,212.905144583,614.614038968));
#5713 = CARTESIAN_POINT('',(293.05571289,213.865473852,614.423133813));
#5714 = CARTESIAN_POINT('',(293.047212128,214.807998993,614.136429982));
#5715 = CARTESIAN_POINT('',(293.038919896,215.70623834,613.764041703));
#5716 = CARTESIAN_POINT('',(293.034773781,216.155358013,613.577847564));
#5717 = CARTESIAN_POINT('',(293.030720828,216.592085054,613.371245689));
#5718 = CARTESIAN_POINT('',(293.026590029,217.020395768,613.14245195));
#5719 = CARTESIAN_POINT('',(293.022459231,217.448706483,612.913658211));
#5720 = CARTESIAN_POINT('',(293.018272618,217.867728896,612.662849341));
#5721 = CARTESIAN_POINT('',(293.014059425,218.274222015,612.391418403));
#5722 = CARTESIAN_POINT('',(293.005633037,219.087208255,611.848556527));
#5723 = CARTESIAN_POINT('',(292.997101391,219.849577211,611.222692586));
#5724 = CARTESIAN_POINT('',(292.988710043,220.53962249,610.532158267));
#5725 = CARTESIAN_POINT('',(292.984514369,220.88464513,610.186891107));
#5726 = CARTESIAN_POINT('',(292.980353863,221.211695634,609.825598437));
#5727 = CARTESIAN_POINT('',(292.976257211,221.518864282,609.451230907));
#5728 = CARTESIAN_POINT('',(292.972160559,221.82603293,609.076863377));
#5729 = CARTESIAN_POINT('',(292.968061194,222.115080177,608.687475776));
#5730 = CARTESIAN_POINT('',(292.963887958,222.385921915,608.282447605));
#5731 = CARTESIAN_POINT('',(292.955541484,222.927605389,607.472391262));
#5732 = CARTESIAN_POINT('',(292.947020038,223.392798409,606.603066682));
#5733 = CARTESIAN_POINT('',(292.938568596,223.767068707,605.698931409));
#5734 = CARTESIAN_POINT('',(292.934342876,223.954203856,605.246863773));
#5735 = CARTESIAN_POINT('',(292.930134864,224.118755709,604.786193632));
#5736 = CARTESIAN_POINT('',(292.925974602,224.259888588,604.320367745));
#5737 = CARTESIAN_POINT('',(292.921814341,224.401021468,603.854541857));
#5738 = CARTESIAN_POINT('',(292.917745917,224.518439762,603.385273859));
#5739 = CARTESIAN_POINT('',(292.913631606,224.613139698,602.909664617));
#5740 = CARTESIAN_POINT('',(292.905402984,224.802539568,601.958446131));
#5741 = CARTESIAN_POINT('',(292.896933122,224.9,600.979315573));
#5742 = CARTESIAN_POINT('',(292.888461538,224.9,600.));
#5743 = CARTESIAN_POINT('',(292.879989954,224.9,599.020684427));
#5744 = CARTESIAN_POINT('',(292.871520092,224.802539568,598.041553869));
#5745 = CARTESIAN_POINT('',(292.863291471,224.613139698,597.090335383));
#5746 = CARTESIAN_POINT('',(292.85917716,224.518439762,596.614726141));
#5747 = CARTESIAN_POINT('',(292.855108736,224.401021468,596.145458143));
#5748 = CARTESIAN_POINT('',(292.850948475,224.259888588,595.679632255));
#5749 = CARTESIAN_POINT('',(292.846788213,224.118755709,595.213806368));
#5750 = CARTESIAN_POINT('',(292.842580201,223.954203856,594.753136227));
#5751 = CARTESIAN_POINT('',(292.838354481,223.767068707,594.301068591));
#5752 = CARTESIAN_POINT('',(292.829903039,223.392798409,593.396933318));
#5753 = CARTESIAN_POINT('',(292.821381593,222.927605389,592.527608738));
#5754 = CARTESIAN_POINT('',(292.813035119,222.385921915,591.717552395));
#5755 = CARTESIAN_POINT('',(292.808861883,222.115080177,591.312524224));
#5756 = CARTESIAN_POINT('',(292.804762518,221.82603293,590.923136623));
#5757 = CARTESIAN_POINT('',(292.800665866,221.518864282,590.548769093));
#5758 = CARTESIAN_POINT('',(292.796569214,221.211695634,590.174401563));
#5759 = CARTESIAN_POINT('',(292.792408708,220.88464513,589.813108893));
#5760 = CARTESIAN_POINT('',(292.788213034,220.53962249,589.467841733));
#5761 = CARTESIAN_POINT('',(292.779821686,219.849577211,588.777307414));
#5762 = CARTESIAN_POINT('',(292.77129004,219.087208255,588.151443473));
#5763 = CARTESIAN_POINT('',(292.762863652,218.274222015,587.608581597));
#5764 = CARTESIAN_POINT('',(292.758650459,217.867728896,587.337150659));
#5765 = CARTESIAN_POINT('',(292.754463846,217.448706483,587.086341789));
#5766 = CARTESIAN_POINT('',(292.750333048,217.020395768,586.85754805));
#5767 = CARTESIAN_POINT('',(292.746202249,216.592085054,586.628754311));
#5768 = CARTESIAN_POINT('',(292.742149296,216.155358013,586.422152436));
#5769 = CARTESIAN_POINT('',(292.738003181,215.70623834,586.235958297));
#5770 = CARTESIAN_POINT('',(292.729710949,214.807998993,585.863570018));
#5771 = CARTESIAN_POINT('',(292.721210187,213.865473852,585.576866187));
#5772 = CARTESIAN_POINT('',(292.71274368,212.905144583,585.385961032));
#5773 = CARTESIAN_POINT('',(292.704277173,211.944815315,585.195055877));
#5774 = CARTESIAN_POINT('',(292.695847955,210.967038938,585.1));
#5775 = CARTESIAN_POINT('',(292.687692308,210.,585.1));
#5776 = CARTESIAN_POINT('',(292.679536661,209.032961062,585.1));
#5777 = CARTESIAN_POINT('',(292.671107442,208.055184685,585.195055877));
#5778 = CARTESIAN_POINT('',(292.662640935,207.094855417,585.385961032));
#5779 = CARTESIAN_POINT('',(292.654174429,206.134526148,585.576866187));
#5780 = CARTESIAN_POINT('',(292.645673666,205.192001007,585.863570018));
#5781 = CARTESIAN_POINT('',(292.637381434,204.29376166,586.235958297));
#5782 = CARTESIAN_POINT('',(292.633235319,203.844641987,586.422152436));
#5783 = CARTESIAN_POINT('',(292.629182366,203.407914946,586.628754311));
#5784 = CARTESIAN_POINT('',(292.625051567,202.979604232,586.85754805));
#5785 = CARTESIAN_POINT('',(292.620920769,202.551293517,587.086341789));
#5786 = CARTESIAN_POINT('',(292.616734157,202.132271104,587.337150659));
#5787 = CARTESIAN_POINT('',(292.612520963,201.725777985,587.608581597));
#5788 = CARTESIAN_POINT('',(292.604094576,200.912791745,588.151443473));
#5789 = CARTESIAN_POINT('',(292.595562929,200.150422789,588.777307414));
#5790 = CARTESIAN_POINT('',(292.587171581,199.46037751,589.467841733));
#5791 = CARTESIAN_POINT('',(292.582975907,199.11535487,589.813108893));
#5792 = CARTESIAN_POINT('',(292.578815402,198.788304366,590.174401563));
#5793 = CARTESIAN_POINT('',(292.574718749,198.481135718,590.548769093));
#5794 = CARTESIAN_POINT('',(292.570622097,198.17396707,590.923136623));
#5795 = CARTESIAN_POINT('',(292.566522732,197.884919823,591.312524224));
#5796 = CARTESIAN_POINT('',(292.562349496,197.614078085,591.717552395));
#5797 = CARTESIAN_POINT('',(292.554003022,197.072394611,592.527608738));
#5798 = CARTESIAN_POINT('',(292.545481576,196.607201591,593.396933318));
#5799 = CARTESIAN_POINT('',(292.537030135,196.232931293,594.301068591));
#5800 = CARTESIAN_POINT('',(292.532804414,196.045796144,594.753136227));
#5801 = CARTESIAN_POINT('',(292.528596402,195.881244291,595.213806368));
#5802 = CARTESIAN_POINT('',(292.524436141,195.740111412,595.679632255));
#5803 = CARTESIAN_POINT('',(292.520275879,195.598978532,596.145458143));
#5804 = CARTESIAN_POINT('',(292.516207456,195.481560238,596.614726141));
#5805 = CARTESIAN_POINT('',(292.512093145,195.386860302,597.090335383));
#5806 = CARTESIAN_POINT('',(292.503864523,195.197460432,598.041553869));
#5807 = CARTESIAN_POINT('',(292.495394661,195.1,599.020684427));
#5808 = CARTESIAN_POINT('',(292.486923077,195.1,600.));
#5809 = CARTESIAN_POINT('',(292.478451493,195.1,600.979315573));
#5810 = CARTESIAN_POINT('',(292.469981631,195.197460432,601.958446131));
#5811 = CARTESIAN_POINT('',(292.461753009,195.386860302,602.909664617));
#5812 = CARTESIAN_POINT('',(292.457638698,195.481560238,603.385273859));
#5813 = CARTESIAN_POINT('',(292.453570275,195.598978532,603.854541857));
#5814 = CARTESIAN_POINT('',(292.449410013,195.740111412,604.320367745));
#5815 = CARTESIAN_POINT('',(292.445249752,195.881244291,604.786193632));
#5816 = CARTESIAN_POINT('',(292.44104174,196.045796144,605.246863773));
#5817 = CARTESIAN_POINT('',(292.436816019,196.232931293,605.698931409));
#5818 = CARTESIAN_POINT('',(292.428364578,196.607201591,606.603066682));
#5819 = CARTESIAN_POINT('',(292.419843132,197.072394611,607.472391262));
#5820 = CARTESIAN_POINT('',(292.411496658,197.614078085,608.282447605));
#5821 = CARTESIAN_POINT('',(292.407323422,197.884919823,608.687475776));
#5822 = CARTESIAN_POINT('',(292.403224057,198.17396707,609.076863377));
#5823 = CARTESIAN_POINT('',(292.399127405,198.481135718,609.451230907));
#5824 = CARTESIAN_POINT('',(292.395030752,198.788304366,609.825598437));
#5825 = CARTESIAN_POINT('',(292.390870247,199.11535487,610.186891107));
#5826 = CARTESIAN_POINT('',(292.386674573,199.46037751,610.532158267));
#5827 = CARTESIAN_POINT('',(292.378283225,200.150422789,611.222692586));
#5828 = CARTESIAN_POINT('',(292.369751578,200.912791745,611.848556527));
#5829 = CARTESIAN_POINT('',(292.361325191,201.725777985,612.391418403));
#5830 = CARTESIAN_POINT('',(292.357111997,202.132271104,612.662849341));
#5831 = CARTESIAN_POINT('',(292.352925385,202.551293517,612.913658211));
#5832 = CARTESIAN_POINT('',(292.348794587,202.979604232,613.14245195));
#5833 = CARTESIAN_POINT('',(292.344663788,203.407914946,613.371245689));
#5834 = CARTESIAN_POINT('',(292.340610835,203.844641987,613.577847564));
#5835 = CARTESIAN_POINT('',(292.33646472,204.29376166,613.764041703));
#5836 = CARTESIAN_POINT('',(292.328172488,205.192001007,614.136429982));
#5837 = CARTESIAN_POINT('',(292.319671725,206.134526148,614.423133813));
#5838 = CARTESIAN_POINT('',(292.311205219,207.094855417,614.614038968));
#5839 = CARTESIAN_POINT('',(292.302738712,208.055184685,614.804944123));
#5840 = CARTESIAN_POINT('',(292.294309493,209.032961062,614.9));
#5841 = CARTESIAN_POINT('',(292.286153846,210.,614.9));
#5842 = PCURVE('',#98,#5843);
#5843 = DEFINITIONAL_REPRESENTATION('',(#5844),#6024);
#5844 = B_SPLINE_CURVE_WITH_KNOTS('',3,(#5845,#5846,#5847,#5848,#5849,
    #5850,#5851,#5852,#5853,#5854,#5855,#5856,#5857,#5858,#5859,#5860,
    #5861,#5862,#5863,#5864,#5865,#5866,#5867,#5868,#5869,#5870,#5871,
    #5872,#5873,#5874,#5875,#5876,#5877,#5878,#5879,#5880,#5881,#5882,
    #5883,#5884,#5885,#5886,#5887,#5888,#5889,#5890,#5891,#5892,#5893,
    #5894,#5895,#5896,#5897,#5898,#5899,#5900,#5901,#5902,#5903,#5904,
    #5905,#5906,#5907,#5908,#5909,#5910,#5911,#5912,#5913,#5914,#5915,
    #5916,#5917,#5918,#5919,#5920,#5921,#5922,#5923,#5924,#5925,#5926,
    #5927,#5928,#5929,#5930,#5931,#5932,#5933,#5934,#5935,#5936,#5937,
    #5938,#5939,#5940,#5941,#5942,#5943,#5944,#5945,#5946,#5947,#5948,
    #5949,#5950,#5951,#5952,#5953,#5954,#5955,#5956,#5957,#5958,#5959,
    #5960,#5961,#5962,#5963,#5964,#5965,#5966,#5967,#5968,#5969,#5970,
    #5971,#5972,#5973,#5974,#5975,#5976,#5977,#5978,#5979,#5980,#5981,
    #5982,#5983,#5984,#5985,#5986,#5987,#5988,#5989,#5990,#5991,#5992,
    #5993,#5994,#5995,#5996,#5997,#5998,#5999,#6000,#6001,#6002,#6003,
    #6004,#6005,#6006,#6007,#6008,#6009,#6010,#6011,#6012,#6013,#6014,
    #6015,#6016,#6017,#6018,#6019,#6020,#6021,#6022,#6023),
  .UNSPECIFIED.,.F.,.F.,(4,1,1,1,1,1,1,1,1,1,1,1,1,1,1,1,1,1,1,1,1,1,1,1
    ,1,1,1,1,1,1,1,1,1,1,1,1,1,1,1,1,1,1,1,1,1,1,1,1,1,1,1,1,1,1,1,1,1,1
    ,1,1,1,1,1,1,1,1,1,1,1,1,1,1,1,1,1,1,1,1,1,1,1,1,1,1,1,1,1,1,1,1,1,1
    ,1,1,1,1,1,1,1,1,1,1,1,1,1,1,1,1,1,1,1,1,1,1,1,1,1,1,1,1,1,1,1,1,1,1
    ,1,1,1,1,1,1,1,1,1,1,1,1,1,1,1,1,1,1,1,1,1,1,1,1,1,1,1,1,1,1,1,1,1,1
    ,1,1,1,1,1,1,1,1,1,1,1,1,1,1,1,1,4),(0.4375,0.438210227273,
    0.438920454545,0.439630681818,0.440340909091,0.441051136364,
    0.441761363636,0.442471590909,0.443181818182,0.443892045455,
    0.444602272727,0.4453125,0.446022727273,0.446732954545,
    0.447443181818,0.448153409091,0.448863636364,0.449573863636,
    0.450284090909,0.450994318182,0.451704545455,0.452414772727,0.453125
    ,0.453835227273,0.454545454545,0.455255681818,0.455965909091,
    0.456676136364,0.457386363636,0.458096590909,0.458806818182,
    0.459517045455,0.460227272727,0.4609375,0.461647727273,
    0.462357954545,0.463068181818,0.463778409091,0.464488636364,
    0.465198863636,0.465909090909,0.466619318182,0.467329545455,
    0.468039772727,0.46875,0.469460227273,0.470170454545,0.470880681818,
    0.471590909091,0.472301136364,0.473011363636,0.473721590909,
    0.474431818182,0.475142045455,0.475852272727,0.4765625,
    0.477272727273,0.477982954545,0.478693181818,0.479403409091,
    0.480113636364,0.480823863636,0.481534090909,0.482244318182,
    0.482954545455,0.483664772727,0.484375,0.485085227273,0.485795454545
    ,0.486505681818,0.487215909091,0.487926136364,0.488636363636,
    0.489346590909,0.490056818182,0.490767045455,0.491477272727,
    0.4921875,0.492897727273,0.493607954545,0.494318181818,
    0.495028409091,0.495738636364,0.496448863636,0.497159090909,
    0.497869318182,0.498579545455,0.499289772727,0.5,0.500710227273,
    0.501420454545,0.502130681818,0.502840909091,0.503551136364,
    0.504261363636,0.504971590909,0.505681818182,0.506392045455,
    0.507102272727,0.5078125,0.508522727273,0.509232954545,
    0.509943181818,0.510653409091,0.511363636364,0.512073863636,
    0.512784090909,0.513494318182,0.514204545455,0.514914772727,0.515625
    ,0.516335227273,0.517045454545,0.517755681818,0.518465909091,
    0.519176136364,0.519886363636,0.520596590909,0.521306818182,
    0.522017045455,0.522727272727,0.5234375,0.524147727273,
    0.524857954545,0.525568181818,0.526278409091,0.526988636364,
    0.527698863636,0.528409090909,0.529119318182,0.529829545455,
    0.530539772727,0.53125,0.531960227273,0.532670454545,0.533380681818,
    0.534090909091,0.534801136364,0.535511363636,0.536221590909,
    0.536931818182,0.537642045455,0.538352272727,0.5390625,
    0.539772727273,0.540482954545,0.541193181818,0.541903409091,
    0.542613636364,0.543323863636,0.544034090909,0.544744318182,
    0.545454545455,0.546164772727,0.546875,0.547585227273,0.548295454545
    ,0.549005681818,0.549715909091,0.550426136364,0.551136363636,
    0.551846590909,0.552556818182,0.553267045455,0.553977272727,
    0.5546875,0.555397727273,0.556107954545,0.556818181818,
    0.557528409091,0.558238636364,0.558948863636,0.559659090909,
    0.560369318182,0.561079545455,0.561789772727,0.5625),
  .QUASI_UNIFORM_KNOTS.);
#5845 = CARTESIAN_POINT('',(1.,0.4375));
#5846 = CARTESIAN_POINT('',(1.00000756514,0.437736742824));
#5847 = CARTESIAN_POINT('',(1.000014539709,0.438210238644));
#5848 = CARTESIAN_POINT('',(1.000011479455,0.438920492185));
#5849 = CARTESIAN_POINT('',(1.00001205969,0.43963073045));
#5850 = CARTESIAN_POINT('',(1.000011681493,0.440340943695));
#5851 = CARTESIAN_POINT('',(1.000011574616,0.441051137365));
#5852 = CARTESIAN_POINT('',(1.000011415812,0.441761363061));
#5853 = CARTESIAN_POINT('',(1.000011265321,0.442471570253));
#5854 = CARTESIAN_POINT('',(1.00001120267,0.443181786271));
#5855 = CARTESIAN_POINT('',(1.000010846864,0.443892036985));
#5856 = CARTESIAN_POINT('',(1.000011639866,0.444602219686));
#5857 = CARTESIAN_POINT('',(1.000008192481,0.445312673001));
#5858 = CARTESIAN_POINT('',(0.999955979241,0.446022075948));
#5859 = CARTESIAN_POINT('',(0.999963693906,0.446733204131));
#5860 = CARTESIAN_POINT('',(1.000009126072,0.447443116843));
#5861 = CARTESIAN_POINT('',(1.000008116205,0.448153432637));
#5862 = CARTESIAN_POINT('',(1.000001768452,0.448863632271));
#5863 = CARTESIAN_POINT('',(1.000012811226,0.449573865122));
#5864 = CARTESIAN_POINT('',(1.000009704081,0.450284083739));
#5865 = CARTESIAN_POINT('',(1.000010877833,0.450994312418));
#5866 = CARTESIAN_POINT('',(1.000009125781,0.451704545043));
#5867 = CARTESIAN_POINT('',(1.000014843519,0.452414773672));
#5868 = CARTESIAN_POINT('',(0.99999365501,0.4531250026));
#5869 = CARTESIAN_POINT('',(1.000010538551,0.453835215749));
#5870 = CARTESIAN_POINT('',(1.000007550132,0.454545476623));
#5871 = CARTESIAN_POINT('',(1.000002620265,0.455255586404));
#5872 = CARTESIAN_POINT('',(0.999962392175,0.455966814682));
#5873 = CARTESIAN_POINT('',(0.99999360787,0.456676101527));
#5874 = CARTESIAN_POINT('',(1.000015029233,0.457386373076));
#5875 = CARTESIAN_POINT('',(1.000009247413,0.45809659286));
#5876 = CARTESIAN_POINT('',(1.000011261769,0.458806832249));
#5877 = CARTESIAN_POINT('',(1.000009345491,0.459517061354));
#5878 = CARTESIAN_POINT('',(1.000015407623,0.460227280673));
#5879 = CARTESIAN_POINT('',(0.999993540016,0.460937494338));
#5880 = CARTESIAN_POINT('',(1.000010568982,0.461647737505));
#5881 = CARTESIAN_POINT('',(1.000007543402,0.462357902418));
#5882 = CARTESIAN_POINT('',(1.000002616756,0.463068365599));
#5883 = CARTESIAN_POINT('',(0.999963223587,0.463777407219));
#5884 = CARTESIAN_POINT('',(0.99998830965,0.46448870255));
#5885 = CARTESIAN_POINT('',(1.000017780497,0.465198847525));
#5886 = CARTESIAN_POINT('',(1.000009952222,0.465909116986));
#5887 = CARTESIAN_POINT('',(1.000012752634,0.466619354215));
#5888 = CARTESIAN_POINT('',(1.000010415754,0.467329582682));
#5889 = CARTESIAN_POINT('',(1.000018081734,0.468039785878));
#5890 = CARTESIAN_POINT('',(0.99999096029,0.468749999898));
#5891 = CARTESIAN_POINT('',(1.000018078948,0.469460214168));
#5892 = CARTESIAN_POINT('',(1.000010426901,0.470170417293));
#5893 = CARTESIAN_POINT('',(1.000012710834,0.470880645781));
#5894 = CARTESIAN_POINT('',(1.000010108275,0.471590882984));
#5895 = CARTESIAN_POINT('',(1.000017198083,0.472301152513));
#5896 = CARTESIAN_POINT('',(0.999990483251,0.473011297231));
#5897 = CARTESIAN_POINT('',(0.999931411694,0.473722592179));
#5898 = CARTESIAN_POINT('',(1.000008327198,0.474431634328));
#5899 = CARTESIAN_POINT('',(1.000006008113,0.475142097522));
#5900 = CARTESIAN_POINT('',(1.000010999695,0.475852262472));
#5901 = CARTESIAN_POINT('',(0.99999335245,0.47656250548));
#5902 = CARTESIAN_POINT('',(1.0000154592,0.477272719348));
#5903 = CARTESIAN_POINT('',(1.000009326751,0.477982938611));
#5904 = CARTESIAN_POINT('',(1.00001128515,0.478693167733));
#5905 = CARTESIAN_POINT('',(1.000009172626,0.479403407103));
#5906 = CARTESIAN_POINT('',(1.000015304997,0.480113626941));
#5907 = CARTESIAN_POINT('',(0.9999925796,0.480823898288));
#5908 = CARTESIAN_POINT('',(0.999991118283,0.481533184983));
#5909 = CARTESIAN_POINT('',(0.99999955352,0.482244413485));
#5910 = CARTESIAN_POINT('',(1.000008371797,0.482954523328));
#5911 = CARTESIAN_POINT('',(1.000010318635,0.483664784226));
#5912 = CARTESIAN_POINT('',(0.999993713008,0.484374997222));
#5913 = CARTESIAN_POINT('',(1.000014828078,0.485085226344));
#5914 = CARTESIAN_POINT('',(1.000009129543,0.485795454921));
#5915 = CARTESIAN_POINT('',(1.000010878223,0.486505687562));
#5916 = CARTESIAN_POINT('',(1.000009698756,0.48721591623));
#5917 = CARTESIAN_POINT('',(1.000012832133,0.487926134875));
#5918 = CARTESIAN_POINT('',(1.000001690149,0.488636367625));
#5919 = CARTESIAN_POINT('',(1.000008615243,0.489346567319));
#5920 = CARTESIAN_POINT('',(1.000007208224,0.49005688311));
#5921 = CARTESIAN_POINT('',(0.99997166586,0.490766795453));
#5922 = CARTESIAN_POINT('',(0.999935276223,0.491477923435));
#5923 = CARTESIAN_POINT('',(1.000013531534,0.492187326976));
#5924 = CARTESIAN_POINT('',(1.000010209248,0.492897780293));
#5925 = CARTESIAN_POINT('',(1.000011230283,0.493607962996));
#5926 = CARTESIAN_POINT('',(1.00001109961,0.494318213711));
#5927 = CARTESIAN_POINT('',(1.000011294142,0.49502842973));
#5928 = CARTESIAN_POINT('',(1.000011403588,0.495738636921));
#5929 = CARTESIAN_POINT('',(1.00001159469,0.496448862627));
#5930 = CARTESIAN_POINT('',(1.000011613419,0.497159056266));
#5931 = CARTESIAN_POINT('',(1.000012311909,0.497869269635));
#5932 = CARTESIAN_POINT('',(1.00001053865,0.49857950744));
#5933 = CARTESIAN_POINT('',(1.000018050713,0.499289762707));
#5934 = CARTESIAN_POINT('',(0.999990974646,0.500000000003));
#5935 = CARTESIAN_POINT('',(1.000018050703,0.50071023728));
#5936 = CARTESIAN_POINT('',(1.000010538687,0.50142049255));
#5937 = CARTESIAN_POINT('',(1.000012311768,0.502130730352));
#5938 = CARTESIAN_POINT('',(1.000011613949,0.502840943721));
#5939 = CARTESIAN_POINT('',(1.000011592714,0.503551137358));
#5940 = CARTESIAN_POINT('',(1.000011410963,0.504261363065));
#5941 = CARTESIAN_POINT('',(1.000011266621,0.504971570252));
#5942 = CARTESIAN_POINT('',(1.000011202322,0.505681786271));
#5943 = CARTESIAN_POINT('',(1.000010846957,0.506392036985));
#5944 = CARTESIAN_POINT('',(1.000011639843,0.507102219684));
#5945 = CARTESIAN_POINT('',(1.000008192481,0.507812673002));
#5946 = CARTESIAN_POINT('',(0.999955979251,0.508522075948));
#5947 = CARTESIAN_POINT('',(0.999963693865,0.509233204131));
#5948 = CARTESIAN_POINT('',(1.000009125496,0.509943116843));
#5949 = CARTESIAN_POINT('',(1.000008116481,0.510653432637));
#5950 = CARTESIAN_POINT('',(1.000001767924,0.511363632271));
#5951 = CARTESIAN_POINT('',(1.000012811369,0.512073865123));
#5952 = CARTESIAN_POINT('',(1.000009704037,0.512784083739));
#5953 = CARTESIAN_POINT('',(1.000010877866,0.513494312418));
#5954 = CARTESIAN_POINT('',(1.000009125691,0.514204545043));
#5955 = CARTESIAN_POINT('',(1.000014843843,0.514914773672));
#5956 = CARTESIAN_POINT('',(0.999993653802,0.5156250026));
#5957 = CARTESIAN_POINT('',(1.000010538869,0.516335215749));
#5958 = CARTESIAN_POINT('',(1.000007550065,0.517045476623));
#5959 = CARTESIAN_POINT('',(1.000002620216,0.517755586404));
#5960 = CARTESIAN_POINT('',(0.99996239219,0.518466814682));
#5961 = CARTESIAN_POINT('',(0.99999360786,0.519176101527));
#5962 = CARTESIAN_POINT('',(1.000015029233,0.519886373076));
#5963 = CARTESIAN_POINT('',(1.00000924742,0.52059659286));
#5964 = CARTESIAN_POINT('',(1.000011261738,0.521306832249));
#5965 = CARTESIAN_POINT('',(1.000009345607,0.522017061354));
#5966 = CARTESIAN_POINT('',(1.000015407189,0.522727280673));
#5967 = CARTESIAN_POINT('',(0.999993541639,0.523437494338));
#5968 = CARTESIAN_POINT('',(1.000010568574,0.524147737505));
#5969 = CARTESIAN_POINT('',(1.00000754341,0.524857902418));
#5970 = CARTESIAN_POINT('',(1.000002617129,0.525568365599));
#5971 = CARTESIAN_POINT('',(0.999963223034,0.526277407219));
#5972 = CARTESIAN_POINT('',(0.999988309636,0.52698870255));
#5973 = CARTESIAN_POINT('',(1.0000177805,0.527698847525));
#5974 = CARTESIAN_POINT('',(1.000009952222,0.528409116986));
#5975 = CARTESIAN_POINT('',(1.000012752629,0.529119354215));
#5976 = CARTESIAN_POINT('',(1.000010415774,0.529829582682));
#5977 = CARTESIAN_POINT('',(1.000018081661,0.530539785878));
#5978 = CARTESIAN_POINT('',(0.999990960564,0.531249999898));
#5979 = CARTESIAN_POINT('',(1.000018078875,0.531960214168));
#5980 = CARTESIAN_POINT('',(1.00001042692,0.532670417293));
#5981 = CARTESIAN_POINT('',(1.000012710831,0.533380645781));
#5982 = CARTESIAN_POINT('',(1.000010108268,0.534090882984));
#5983 = CARTESIAN_POINT('',(1.000017198117,0.534801152513));
#5984 = CARTESIAN_POINT('',(0.999990483124,0.535511297231));
#5985 = CARTESIAN_POINT('',(0.999931412285,0.536222592179));
#5986 = CARTESIAN_POINT('',(1.000008326814,0.536931634328));
#5987 = CARTESIAN_POINT('',(1.000006008107,0.537642097522));
#5988 = CARTESIAN_POINT('',(1.000011000102,0.538352262472));
#5989 = CARTESIAN_POINT('',(0.999993350828,0.53906250548));
#5990 = CARTESIAN_POINT('',(1.000015459634,0.539772719348));
#5991 = CARTESIAN_POINT('',(1.000009326635,0.540482938611));
#5992 = CARTESIAN_POINT('',(1.000011285181,0.541193167733));
#5993 = CARTESIAN_POINT('',(1.000009172618,0.541903407103));
#5994 = CARTESIAN_POINT('',(1.000015304996,0.54261362694));
#5995 = CARTESIAN_POINT('',(0.999992579609,0.543323898288));
#5996 = CARTESIAN_POINT('',(0.999991118269,0.544033184983));
#5997 = CARTESIAN_POINT('',(0.999999553569,0.544744413485));
#5998 = CARTESIAN_POINT('',(1.000008371865,0.545454523328));
#5999 = CARTESIAN_POINT('',(1.000010318316,0.546164784226));
#6000 = CARTESIAN_POINT('',(0.999993714216,0.546874997222));
#6001 = CARTESIAN_POINT('',(1.000014827754,0.547585226344));
#6002 = CARTESIAN_POINT('',(1.000009129632,0.548295454921));
#6003 = CARTESIAN_POINT('',(1.00001087819,0.549005687562));
#6004 = CARTESIAN_POINT('',(1.0000096988,0.54971591623));
#6005 = CARTESIAN_POINT('',(1.00001283199,0.550426134875));
#6006 = CARTESIAN_POINT('',(1.000001690677,0.551136367625));
#6007 = CARTESIAN_POINT('',(1.000008614967,0.551846567319));
#6008 = CARTESIAN_POINT('',(1.0000072088,0.55255688311));
#6009 = CARTESIAN_POINT('',(0.999971665901,0.553266795453));
#6010 = CARTESIAN_POINT('',(0.999935276213,0.553977923435));
#6011 = CARTESIAN_POINT('',(1.000013531534,0.554687326976));
#6012 = CARTESIAN_POINT('',(1.000010209271,0.555397780293));
#6013 = CARTESIAN_POINT('',(1.000011230191,0.556107962996));
#6014 = CARTESIAN_POINT('',(1.000011099958,0.556818213711));
#6015 = CARTESIAN_POINT('',(1.000011292843,0.55752842973));
#6016 = CARTESIAN_POINT('',(1.000011408438,0.558238636923));
#6017 = CARTESIAN_POINT('',(1.000011576592,0.55894886262));
#6018 = CARTESIAN_POINT('',(1.000011680963,0.559659056292));
#6019 = CARTESIAN_POINT('',(1.000012059832,0.560369269537));
#6020 = CARTESIAN_POINT('',(1.000011479417,0.561079507805));
#6021 = CARTESIAN_POINT('',(1.00001453972,0.561789761345));
#6022 = CARTESIAN_POINT('',(1.00000756514,0.562263257171));
#6023 = CARTESIAN_POINT('',(1.,0.5625));
#6024 = ( GEOMETRIC_REPRESENTATION_CONTEXT(2) 
PARAMETRIC_REPRESENTATION_CONTEXT() REPRESENTATION_CONTEXT('2D SPACE',''
  ) );
#6025 = PCURVE('',#6026,#6031);
#6026 = CYLINDRICAL_SURFACE('',#6027,14.9);
#6027 = AXIS2_PLACEMENT_3D('',#6028,#6029,#6030);
#6028 = CARTESIAN_POINT('',(188.602530506,210.,600.));
#6029 = DIRECTION('',(-1.,0.,0.));
#6030 = DIRECTION('',(0.,0.,1.));
#6031 = DEFINITIONAL_REPRESENTATION('',(#6032),#6212);
#6032 = B_SPLINE_CURVE_WITH_KNOTS('',3,(#6033,#6034,#6035,#6036,#6037,
    #6038,#6039,#6040,#6041,#6042,#6043,#6044,#6045,#6046,#6047,#6048,
    #6049,#6050,#6051,#6052,#6053,#6054,#6055,#6056,#6057,#6058,#6059,
    #6060,#6061,#6062,#6063,#6064,#6065,#6066,#6067,#6068,#6069,#6070,
    #6071,#6072,#6073,#6074,#6075,#6076,#6077,#6078,#6079,#6080,#6081,
    #6082,#6083,#6084,#6085,#6086,#6087,#6088,#6089,#6090,#6091,#6092,
    #6093,#6094,#6095,#6096,#6097,#6098,#6099,#6100,#6101,#6102,#6103,
    #6104,#6105,#6106,#6107,#6108,#6109,#6110,#6111,#6112,#6113,#6114,
    #6115,#6116,#6117,#6118,#6119,#6120,#6121,#6122,#6123,#6124,#6125,
    #6126,#6127,#6128,#6129,#6130,#6131,#6132,#6133,#6134,#6135,#6136,
    #6137,#6138,#6139,#6140,#6141,#6142,#6143,#6144,#6145,#6146,#6147,
    #6148,#6149,#6150,#6151,#6152,#6153,#6154,#6155,#6156,#6157,#6158,
    #6159,#6160,#6161,#6162,#6163,#6164,#6165,#6166,#6167,#6168,#6169,
    #6170,#6171,#6172,#6173,#6174,#6175,#6176,#6177,#6178,#6179,#6180,
    #6181,#6182,#6183,#6184,#6185,#6186,#6187,#6188,#6189,#6190,#6191,
    #6192,#6193,#6194,#6195,#6196,#6197,#6198,#6199,#6200,#6201,#6202,
    #6203,#6204,#6205,#6206,#6207,#6208,#6209,#6210,#6211),
  .UNSPECIFIED.,.F.,.F.,(4,1,1,1,1,1,1,1,1,1,1,1,1,1,1,1,1,1,1,1,1,1,1,1
    ,1,1,1,1,1,1,1,1,1,1,1,1,1,1,1,1,1,1,1,1,1,1,1,1,1,1,1,1,1,1,1,1,1,1
    ,1,1,1,1,1,1,1,1,1,1,1,1,1,1,1,1,1,1,1,1,1,1,1,1,1,1,1,1,1,1,1,1,1,1
    ,1,1,1,1,1,1,1,1,1,1,1,1,1,1,1,1,1,1,1,1,1,1,1,1,1,1,1,1,1,1,1,1,1,1
    ,1,1,1,1,1,1,1,1,1,1,1,1,1,1,1,1,1,1,1,1,1,1,1,1,1,1,1,1,1,1,1,1,1,1
    ,1,1,1,1,1,1,1,1,1,1,1,1,1,1,1,1,4),(0.4375,0.438210227273,
    0.438920454545,0.439630681818,0.440340909091,0.441051136364,
    0.441761363636,0.442471590909,0.443181818182,0.443892045455,
    0.444602272727,0.4453125,0.446022727273,0.446732954545,
    0.447443181818,0.448153409091,0.448863636364,0.449573863636,
    0.450284090909,0.450994318182,0.451704545455,0.452414772727,0.453125
    ,0.453835227273,0.454545454545,0.455255681818,0.455965909091,
    0.456676136364,0.457386363636,0.458096590909,0.458806818182,
    0.459517045455,0.460227272727,0.4609375,0.461647727273,
    0.462357954545,0.463068181818,0.463778409091,0.464488636364,
    0.465198863636,0.465909090909,0.466619318182,0.467329545455,
    0.468039772727,0.46875,0.469460227273,0.470170454545,0.470880681818,
    0.471590909091,0.472301136364,0.473011363636,0.473721590909,
    0.474431818182,0.475142045455,0.475852272727,0.4765625,
    0.477272727273,0.477982954545,0.478693181818,0.479403409091,
    0.480113636364,0.480823863636,0.481534090909,0.482244318182,
    0.482954545455,0.483664772727,0.484375,0.485085227273,0.485795454545
    ,0.486505681818,0.487215909091,0.487926136364,0.488636363636,
    0.489346590909,0.490056818182,0.490767045455,0.491477272727,
    0.4921875,0.492897727273,0.493607954545,0.494318181818,
    0.495028409091,0.495738636364,0.496448863636,0.497159090909,
    0.497869318182,0.498579545455,0.499289772727,0.5,0.500710227273,
    0.501420454545,0.502130681818,0.502840909091,0.503551136364,
    0.504261363636,0.504971590909,0.505681818182,0.506392045455,
    0.507102272727,0.5078125,0.508522727273,0.509232954545,
    0.509943181818,0.510653409091,0.511363636364,0.512073863636,
    0.512784090909,0.513494318182,0.514204545455,0.514914772727,0.515625
    ,0.516335227273,0.517045454545,0.517755681818,0.518465909091,
    0.519176136364,0.519886363636,0.520596590909,0.521306818182,
    0.522017045455,0.522727272727,0.5234375,0.524147727273,
    0.524857954545,0.525568181818,0.526278409091,0.526988636364,
    0.527698863636,0.528409090909,0.529119318182,0.529829545455,
    0.530539772727,0.53125,0.531960227273,0.532670454545,0.533380681818,
    0.534090909091,0.534801136364,0.535511363636,0.536221590909,
    0.536931818182,0.537642045455,0.538352272727,0.5390625,
    0.539772727273,0.540482954545,0.541193181818,0.541903409091,
    0.542613636364,0.543323863636,0.544034090909,0.544744318182,
    0.545454545455,0.546164772727,0.546875,0.547585227273,0.548295454545
    ,0.549005681818,0.549715909091,0.550426136364,0.551136363636,
    0.551846590909,0.552556818182,0.553267045455,0.553977272727,
    0.5546875,0.555397727273,0.556107954545,0.556818181818,
    0.557528409091,0.558238636364,0.558948863636,0.559659090909,
    0.560369318182,0.561079545455,0.561789772727,0.5625),
  .QUASI_UNIFORM_KNOTS.);
#6033 = CARTESIAN_POINT('',(0.,-104.486700263));
#6034 = CARTESIAN_POINT('',(1.180033752153E-02,-104.485217418));
#6035 = CARTESIAN_POINT('',(3.544873013361E-02,-104.4822336409));
#6036 = CARTESIAN_POINT('',(7.104136648424E-02,-104.477712234));
#6037 = CARTESIAN_POINT('',(0.106730881883,-104.4731536084));
#6038 = CARTESIAN_POINT('',(0.14249432883,-104.4685662792));
#6039 = CARTESIAN_POINT('',(0.178309284787,-104.4639587904));
#6040 = CARTESIAN_POINT('',(0.214155457066,-104.459339577));
#6041 = CARTESIAN_POINT('',(0.250007265502,-104.4547179617));
#6042 = CARTESIAN_POINT('',(0.28584311868,-104.4501027574));
#6043 = CARTESIAN_POINT('',(0.321641089258,-104.4455023449));
#6044 = CARTESIAN_POINT('',(0.357374118148,-104.4409269216));
#6045 = CARTESIAN_POINT('',(0.393033154686,-104.4363798505));
#6046 = CARTESIAN_POINT('',(0.428542553801,-104.4318900159));
#6047 = CARTESIAN_POINT('',(0.463972102143,-104.4274306226));
#6048 = CARTESIAN_POINT('',(0.499484433123,-104.4229396897));
#6049 = CARTESIAN_POINT('',(0.53512409862,-104.4184000976));
#6050 = CARTESIAN_POINT('',(0.57084683037,-104.4138285164));
#6051 = CARTESIAN_POINT('',(0.606636498666,-104.4092311114));
#6052 = CARTESIAN_POINT('',(0.642468221746,-104.4046173653));
#6053 = CARTESIAN_POINT('',(0.678320171355,-104.3999959996));
#6054 = CARTESIAN_POINT('',(0.714169062033,-104.3953758873));
#6055 = CARTESIAN_POINT('',(0.749991324641,-104.3907659482));
#6056 = CARTESIAN_POINT('',(0.785764769745,-104.3861747626));
#6057 = CARTESIAN_POINT('',(0.821463947023,-104.381612223));
#6058 = CARTESIAN_POINT('',(0.857076673681,-104.3770829552));
#6059 = CARTESIAN_POINT('',(0.892544460806,-104.3726090221));
#6060 = CARTESIAN_POINT('',(0.928007733743,-104.3681368494));
#6061 = CARTESIAN_POINT('',(0.963546944895,-104.3636355618));
#6062 = CARTESIAN_POINT('',(0.999222637217,-104.3590820881));
#6063 = CARTESIAN_POINT('',(1.034977830863,-104.3544980062));
#6064 = CARTESIAN_POINT('',(1.070788780763,-104.3498925558));
#6065 = CARTESIAN_POINT('',(1.106632362422,-104.3452744679));
#6066 = CARTESIAN_POINT('',(1.142485232933,-104.3406525862));
#6067 = CARTESIAN_POINT('',(1.178324749683,-104.3360358125));
#6068 = CARTESIAN_POINT('',(1.214129314268,-104.3314327036));
#6069 = CARTESIAN_POINT('',(1.249871931966,-104.3268534699));
#6070 = CARTESIAN_POINT('',(1.28554421041,-104.3223013702));
#6071 = CARTESIAN_POINT('',(1.321054923068,-104.3178109659));
#6072 = CARTESIAN_POINT('',(1.356502412356,-104.3133447798));
#6073 = CARTESIAN_POINT('',(1.39200069756,-104.3088591943));
#6074 = CARTESIAN_POINT('',(1.42762582657,-104.3043252175));
#6075 = CARTESIAN_POINT('',(1.463338657551,-104.2997576521));
#6076 = CARTESIAN_POINT('',(1.499120303404,-104.2951634764));
#6077 = CARTESIAN_POINT('',(1.534946506222,-104.2905518012));
#6078 = CARTESIAN_POINT('',(1.570796326795,-104.285931032));
#6079 = CARTESIAN_POINT('',(1.606646147367,-104.2813102627));
#6080 = CARTESIAN_POINT('',(1.642472350186,-104.2766985875));
#6081 = CARTESIAN_POINT('',(1.678253996039,-104.272104412));
#6082 = CARTESIAN_POINT('',(1.71396682702,-104.2675368468));
#6083 = CARTESIAN_POINT('',(1.74959195603,-104.2630028703));
#6084 = CARTESIAN_POINT('',(1.785090241234,-104.2585172851));
#6085 = CARTESIAN_POINT('',(1.820537730522,-104.254051099));
#6086 = CARTESIAN_POINT('',(1.85604844318,-104.2495606947));
#6087 = CARTESIAN_POINT('',(1.891720721623,-104.245008595));
#6088 = CARTESIAN_POINT('',(1.927463339322,-104.2404293613));
#6089 = CARTESIAN_POINT('',(1.963267903907,-104.2358262524));
#6090 = CARTESIAN_POINT('',(1.999107420657,-104.2312094787));
#6091 = CARTESIAN_POINT('',(2.034960291168,-104.226587597));
#6092 = CARTESIAN_POINT('',(2.070803872827,-104.2219695091));
#6093 = CARTESIAN_POINT('',(2.106614822727,-104.2173640587));
#6094 = CARTESIAN_POINT('',(2.142370016373,-104.2127799768));
#6095 = CARTESIAN_POINT('',(2.178045708694,-104.2082265031));
#6096 = CARTESIAN_POINT('',(2.213584919847,-104.2037252155));
#6097 = CARTESIAN_POINT('',(2.249048192784,-104.1992530428));
#6098 = CARTESIAN_POINT('',(2.284515979909,-104.1947791097));
#6099 = CARTESIAN_POINT('',(2.320128706567,-104.1902498419));
#6100 = CARTESIAN_POINT('',(2.355827883845,-104.1856873023));
#6101 = CARTESIAN_POINT('',(2.391601328949,-104.1810961167));
#6102 = CARTESIAN_POINT('',(2.427423591557,-104.1764861776));
#6103 = CARTESIAN_POINT('',(2.463272482235,-104.1718660653));
#6104 = CARTESIAN_POINT('',(2.499124431843,-104.1672446996));
#6105 = CARTESIAN_POINT('',(2.534956154923,-104.1626309535));
#6106 = CARTESIAN_POINT('',(2.57074582322,-104.1580335485));
#6107 = CARTESIAN_POINT('',(2.60646855497,-104.1534619673));
#6108 = CARTESIAN_POINT('',(2.642108220467,-104.1489223753));
#6109 = CARTESIAN_POINT('',(2.677620551448,-104.1444314423));
#6110 = CARTESIAN_POINT('',(2.713050099785,-104.139972049));
#6111 = CARTESIAN_POINT('',(2.748559498916,-104.1354822144));
#6112 = CARTESIAN_POINT('',(2.784218535397,-104.1309351433));
#6113 = CARTESIAN_POINT('',(2.819951564501,-104.12635972));
#6114 = CARTESIAN_POINT('',(2.855749534276,-104.1217593077));
#6115 = CARTESIAN_POINT('',(2.891585390454,-104.1171441023));
#6116 = CARTESIAN_POINT('',(2.927437187694,-104.1125224912));
#6117 = CARTESIAN_POINT('',(2.963283401757,-104.1079032621));
#6118 = CARTESIAN_POINT('',(2.999098201773,-104.1032958323));
#6119 = CARTESIAN_POINT('',(3.0348622307,-104.0987082825));
#6120 = CARTESIAN_POINT('',(3.070549574122,-104.0941504802));
#6121 = CARTESIAN_POINT('',(3.106150316398,-104.0896260007));
#6122 = CARTESIAN_POINT('',(3.14159265359,-104.085161802));
#6123 = CARTESIAN_POINT('',(3.177034990781,-104.0806976031));
#6124 = CARTESIAN_POINT('',(3.212635733058,-104.0761731234));
#6125 = CARTESIAN_POINT('',(3.24832307648,-104.0716153208));
#6126 = CARTESIAN_POINT('',(3.284087105406,-104.0670277708));
#6127 = CARTESIAN_POINT('',(3.319901905423,-104.0624203408));
#6128 = CARTESIAN_POINT('',(3.355748119486,-104.0578011119));
#6129 = CARTESIAN_POINT('',(3.391599916725,-104.0531795011));
#6130 = CARTESIAN_POINT('',(3.427435772904,-104.0485642956));
#6131 = CARTESIAN_POINT('',(3.463233742678,-104.0439638832));
#6132 = CARTESIAN_POINT('',(3.498966771783,-104.0393884597));
#6133 = CARTESIAN_POINT('',(3.534625808264,-104.0348413885));
#6134 = CARTESIAN_POINT('',(3.570135207394,-104.0303515539));
#6135 = CARTESIAN_POINT('',(3.605564755732,-104.0258921606));
#6136 = CARTESIAN_POINT('',(3.641077086713,-104.0214012276));
#6137 = CARTESIAN_POINT('',(3.67671675221,-104.016861636));
#6138 = CARTESIAN_POINT('',(3.71243948396,-104.0122900549));
#6139 = CARTESIAN_POINT('',(3.748229152256,-104.0076926495));
#6140 = CARTESIAN_POINT('',(3.784060875336,-104.0030789038));
#6141 = CARTESIAN_POINT('',(3.819912824945,-103.9984575381));
#6142 = CARTESIAN_POINT('',(3.855761715623,-103.9938374255));
#6143 = CARTESIAN_POINT('',(3.89158397823,-103.9892274863));
#6144 = CARTESIAN_POINT('',(3.927357423335,-103.9846363005));
#6145 = CARTESIAN_POINT('',(3.963056600613,-103.9800737613));
#6146 = CARTESIAN_POINT('',(3.998669327271,-103.9755444938));
#6147 = CARTESIAN_POINT('',(4.034137114396,-103.9710705599));
#6148 = CARTESIAN_POINT('',(4.069600387332,-103.9665983875));
#6149 = CARTESIAN_POINT('',(4.105139598485,-103.9620970998));
#6150 = CARTESIAN_POINT('',(4.140815290807,-103.9575436261));
#6151 = CARTESIAN_POINT('',(4.176570484453,-103.9529595442));
#6152 = CARTESIAN_POINT('',(4.212381434353,-103.9483540939));
#6153 = CARTESIAN_POINT('',(4.248225016012,-103.9437360061));
#6154 = CARTESIAN_POINT('',(4.284077886522,-103.9391141246));
#6155 = CARTESIAN_POINT('',(4.319917403273,-103.9344973519));
#6156 = CARTESIAN_POINT('',(4.355721967858,-103.9298942416));
#6157 = CARTESIAN_POINT('',(4.391464585556,-103.9253150082));
#6158 = CARTESIAN_POINT('',(4.427136864,-103.9207629092));
#6159 = CARTESIAN_POINT('',(4.462647576658,-103.9162725043));
#6160 = CARTESIAN_POINT('',(4.498095065946,-103.9118063189));
#6161 = CARTESIAN_POINT('',(4.53359335115,-103.9073207333));
#6162 = CARTESIAN_POINT('',(4.56921848016,-103.9027867565));
#6163 = CARTESIAN_POINT('',(4.604931311141,-103.8982191911));
#6164 = CARTESIAN_POINT('',(4.640712956994,-103.8936250154));
#6165 = CARTESIAN_POINT('',(4.676539159812,-103.8890133402));
#6166 = CARTESIAN_POINT('',(4.712388980385,-103.884392571));
#6167 = CARTESIAN_POINT('',(4.748238800957,-103.8797718017));
#6168 = CARTESIAN_POINT('',(4.784065003775,-103.8751601265));
#6169 = CARTESIAN_POINT('',(4.819846649629,-103.8705659508));
#6170 = CARTESIAN_POINT('',(4.855559480609,-103.8659983854));
#6171 = CARTESIAN_POINT('',(4.891184609619,-103.8614644086));
#6172 = CARTESIAN_POINT('',(4.926682894824,-103.856978823));
#6173 = CARTESIAN_POINT('',(4.962130384111,-103.8525126376));
#6174 = CARTESIAN_POINT('',(4.99764109677,-103.8480222327));
#6175 = CARTESIAN_POINT('',(5.033313375213,-103.8434701337));
#6176 = CARTESIAN_POINT('',(5.069055992911,-103.8388909003));
#6177 = CARTESIAN_POINT('',(5.104860557497,-103.83428779));
#6178 = CARTESIAN_POINT('',(5.140700074247,-103.8296710173));
#6179 = CARTESIAN_POINT('',(5.176552944757,-103.8250491358));
#6180 = CARTESIAN_POINT('',(5.212396526416,-103.820431048));
#6181 = CARTESIAN_POINT('',(5.248207476317,-103.8158255977));
#6182 = CARTESIAN_POINT('',(5.283962669963,-103.8112415158));
#6183 = CARTESIAN_POINT('',(5.319638362284,-103.8066880421));
#6184 = CARTESIAN_POINT('',(5.355177573437,-103.8021867544));
#6185 = CARTESIAN_POINT('',(5.390640846373,-103.797714582));
#6186 = CARTESIAN_POINT('',(5.426108633498,-103.7932406481));
#6187 = CARTESIAN_POINT('',(5.461721360157,-103.7887113806));
#6188 = CARTESIAN_POINT('',(5.497420537435,-103.7841488414));
#6189 = CARTESIAN_POINT('',(5.533193982539,-103.7795576556));
#6190 = CARTESIAN_POINT('',(5.569016245146,-103.7749477164));
#6191 = CARTESIAN_POINT('',(5.604865135825,-103.7703276038));
#6192 = CARTESIAN_POINT('',(5.640717085433,-103.7657062381));
#6193 = CARTESIAN_POINT('',(5.676548808513,-103.7610924924));
#6194 = CARTESIAN_POINT('',(5.71233847681,-103.756495087));
#6195 = CARTESIAN_POINT('',(5.748061208559,-103.7519235059));
#6196 = CARTESIAN_POINT('',(5.783700874057,-103.7473839143));
#6197 = CARTESIAN_POINT('',(5.819213205037,-103.7428929813));
#6198 = CARTESIAN_POINT('',(5.854642753378,-103.738433588));
#6199 = CARTESIAN_POINT('',(5.890152152494,-103.7339437534));
#6200 = CARTESIAN_POINT('',(5.925811189032,-103.7293966822));
#6201 = CARTESIAN_POINT('',(5.961544217921,-103.7248212588));
#6202 = CARTESIAN_POINT('',(5.997342188499,-103.7202208461));
#6203 = CARTESIAN_POINT('',(6.033178041678,-103.7156056417));
#6204 = CARTESIAN_POINT('',(6.069029850114,-103.7109840266));
#6205 = CARTESIAN_POINT('',(6.104876022393,-103.7063648136));
#6206 = CARTESIAN_POINT('',(6.14069097835,-103.7017573245));
#6207 = CARTESIAN_POINT('',(6.176454425297,-103.697169995));
#6208 = CARTESIAN_POINT('',(6.212143940695,-103.6926113692));
#6209 = CARTESIAN_POINT('',(6.247736577046,-103.688089962));
#6210 = CARTESIAN_POINT('',(6.271384969658,-103.6851061849));
#6211 = CARTESIAN_POINT('',(6.28318530718,-103.68362334));
#6212 = ( GEOMETRIC_REPRESENTATION_CONTEXT(2) 
PARAMETRIC_REPRESENTATION_CONTEXT() REPRESENTATION_CONTEXT('2D SPACE',''
  ) );
#6213 = ORIENTED_EDGE('',*,*,#6214,.T.);
#6214 = EDGE_CURVE('',#5705,#6215,#6217,.T.);
#6215 = VERTEX_POINT('',#6216);
#6216 = CARTESIAN_POINT('',(291.483076923,210.,614.9));
#6217 = SURFACE_CURVE('',#6218,(#6352,#6535),.PCURVE_S1.);
#6218 = B_SPLINE_CURVE_WITH_KNOTS('',3,(#6219,#6220,#6221,#6222,#6223,
    #6224,#6225,#6226,#6227,#6228,#6229,#6230,#6231,#6232,#6233,#6234,
    #6235,#6236,#6237,#6238,#6239,#6240,#6241,#6242,#6243,#6244,#6245,
    #6246,#6247,#6248,#6249,#6250,#6251,#6252,#6253,#6254,#6255,#6256,
    #6257,#6258,#6259,#6260,#6261,#6262,#6263,#6264,#6265,#6266,#6267,
    #6268,#6269,#6270,#6271,#6272,#6273,#6274,#6275,#6276,#6277,#6278,
    #6279,#6280,#6281,#6282,#6283,#6284,#6285,#6286,#6287,#6288,#6289,
    #6290,#6291,#6292,#6293,#6294,#6295,#6296,#6297,#6298,#6299,#6300,
    #6301,#6302,#6303,#6304,#6305,#6306,#6307,#6308,#6309,#6310,#6311,
    #6312,#6313,#6314,#6315,#6316,#6317,#6318,#6319,#6320,#6321,#6322,
    #6323,#6324,#6325,#6326,#6327,#6328,#6329,#6330,#6331,#6332,#6333,
    #6334,#6335,#6336,#6337,#6338,#6339,#6340,#6341,#6342,#6343,#6344,
    #6345,#6346,#6347,#6348,#6349,#6350,#6351),.UNSPECIFIED.,.F.,.F.,(4,
    3,3,3,3,3,3,3,3,3,3,3,3,3,3,3,3,3,3,3,3,3,3,3,3,3,3,3,3,3,3,3,3,3,3,
    3,3,3,3,3,3,3,3,3,4),(0.5625,0.56640625,0.5703125,0.572265625,
    0.57421875,0.578125,0.580078125,0.58203125,0.5859375,0.587890625,
    0.58984375,0.59375,0.59765625,0.599609375,0.6015625,0.60546875,
    0.607421875,0.609375,0.61328125,0.615234375,0.6171875,0.62109375,
    0.625,0.62890625,0.6328125,0.634765625,0.63671875,0.640625,
    0.642578125,0.64453125,0.6484375,0.650390625,0.65234375,0.65625,
    0.66015625,0.662109375,0.6640625,0.66796875,0.669921875,0.671875,
    0.67578125,0.677734375,0.6796875,0.68359375,0.6875),.UNSPECIFIED.);
#6219 = CARTESIAN_POINT('',(292.286153846,210.,614.9));
#6220 = CARTESIAN_POINT('',(292.277998199,210.967038938,614.9));
#6221 = CARTESIAN_POINT('',(292.26956898,211.944815315,614.804944123));
#6222 = CARTESIAN_POINT('',(292.261102474,212.905144583,614.614038968));
#6223 = CARTESIAN_POINT('',(292.252635967,213.865473852,614.423133813));
#6224 = CARTESIAN_POINT('',(292.244135204,214.807998993,614.136429982));
#6225 = CARTESIAN_POINT('',(292.235842973,215.70623834,613.764041703));
#6226 = CARTESIAN_POINT('',(292.231696858,216.155358013,613.577847564));
#6227 = CARTESIAN_POINT('',(292.227643905,216.592085054,613.371245689));
#6228 = CARTESIAN_POINT('',(292.223513106,217.020395768,613.14245195));
#6229 = CARTESIAN_POINT('',(292.219382308,217.448706483,612.913658211));
#6230 = CARTESIAN_POINT('',(292.215195695,217.867728896,612.662849341));
#6231 = CARTESIAN_POINT('',(292.210982502,218.274222015,612.391418403));
#6232 = CARTESIAN_POINT('',(292.202556114,219.087208255,611.848556527));
#6233 = CARTESIAN_POINT('',(292.194024467,219.849577211,611.222692586));
#6234 = CARTESIAN_POINT('',(292.185633119,220.53962249,610.532158267));
#6235 = CARTESIAN_POINT('',(292.181437446,220.88464513,610.186891107));
#6236 = CARTESIAN_POINT('',(292.17727694,221.211695634,609.825598437));
#6237 = CARTESIAN_POINT('',(292.173180287,221.518864282,609.451230907));
#6238 = CARTESIAN_POINT('',(292.169083635,221.82603293,609.076863377));
#6239 = CARTESIAN_POINT('',(292.16498427,222.115080177,608.687475776));
#6240 = CARTESIAN_POINT('',(292.160811034,222.385921915,608.282447605));
#6241 = CARTESIAN_POINT('',(292.152464561,222.927605389,607.472391262));
#6242 = CARTESIAN_POINT('',(292.143943114,223.392798409,606.603066682));
#6243 = CARTESIAN_POINT('',(292.135491673,223.767068707,605.698931409));
#6244 = CARTESIAN_POINT('',(292.131265953,223.954203856,605.246863773));
#6245 = CARTESIAN_POINT('',(292.127057941,224.118755709,604.786193632));
#6246 = CARTESIAN_POINT('',(292.122897679,224.259888588,604.320367745));
#6247 = CARTESIAN_POINT('',(292.118737418,224.401021468,603.854541857));
#6248 = CARTESIAN_POINT('',(292.114668994,224.518439762,603.385273859));
#6249 = CARTESIAN_POINT('',(292.110554683,224.613139698,602.909664617));
#6250 = CARTESIAN_POINT('',(292.102326061,224.802539568,601.958446131));
#6251 = CARTESIAN_POINT('',(292.093856199,224.9,600.979315573));
#6252 = CARTESIAN_POINT('',(292.085384615,224.9,600.));
#6253 = CARTESIAN_POINT('',(292.076913031,224.9,599.020684427));
#6254 = CARTESIAN_POINT('',(292.068443169,224.802539568,598.041553869));
#6255 = CARTESIAN_POINT('',(292.060214548,224.613139698,597.090335383));
#6256 = CARTESIAN_POINT('',(292.056100237,224.518439762,596.614726141));
#6257 = CARTESIAN_POINT('',(292.052031813,224.401021468,596.145458143));
#6258 = CARTESIAN_POINT('',(292.047871552,224.259888588,595.679632255));
#6259 = CARTESIAN_POINT('',(292.04371129,224.118755709,595.213806368));
#6260 = CARTESIAN_POINT('',(292.039503278,223.954203856,594.753136227));
#6261 = CARTESIAN_POINT('',(292.035277558,223.767068707,594.301068591));
#6262 = CARTESIAN_POINT('',(292.026826116,223.392798409,593.396933318));
#6263 = CARTESIAN_POINT('',(292.01830467,222.927605389,592.527608738));
#6264 = CARTESIAN_POINT('',(292.009958196,222.385921915,591.717552395));
#6265 = CARTESIAN_POINT('',(292.00578496,222.115080177,591.312524224));
#6266 = CARTESIAN_POINT('',(292.001685595,221.82603293,590.923136623));
#6267 = CARTESIAN_POINT('',(291.997588943,221.518864282,590.548769093));
#6268 = CARTESIAN_POINT('',(291.993492291,221.211695634,590.174401563));
#6269 = CARTESIAN_POINT('',(291.989331785,220.88464513,589.813108893));
#6270 = CARTESIAN_POINT('',(291.985136111,220.53962249,589.467841733));
#6271 = CARTESIAN_POINT('',(291.976744763,219.849577211,588.777307414));
#6272 = CARTESIAN_POINT('',(291.968213117,219.087208255,588.151443473));
#6273 = CARTESIAN_POINT('',(291.959786729,218.274222015,587.608581597));
#6274 = CARTESIAN_POINT('',(291.955573536,217.867728896,587.337150659));
#6275 = CARTESIAN_POINT('',(291.951386923,217.448706483,587.086341789));
#6276 = CARTESIAN_POINT('',(291.947256125,217.020395768,586.85754805));
#6277 = CARTESIAN_POINT('',(291.943125326,216.592085054,586.628754311));
#6278 = CARTESIAN_POINT('',(291.939072373,216.155358013,586.422152436));
#6279 = CARTESIAN_POINT('',(291.934926258,215.70623834,586.235958297));
#6280 = CARTESIAN_POINT('',(291.926634026,214.807998993,585.863570018));
#6281 = CARTESIAN_POINT('',(291.918133264,213.865473852,585.576866187));
#6282 = CARTESIAN_POINT('',(291.909666757,212.905144583,585.385961032));
#6283 = CARTESIAN_POINT('',(291.90120025,211.944815315,585.195055877));
#6284 = CARTESIAN_POINT('',(291.892771032,210.967038938,585.1));
#6285 = CARTESIAN_POINT('',(291.884615385,210.,585.1));
#6286 = CARTESIAN_POINT('',(291.876459738,209.032961062,585.1));
#6287 = CARTESIAN_POINT('',(291.868030519,208.055184685,585.195055877));
#6288 = CARTESIAN_POINT('',(291.859564012,207.094855417,585.385961032));
#6289 = CARTESIAN_POINT('',(291.851097506,206.134526148,585.576866187));
#6290 = CARTESIAN_POINT('',(291.842596743,205.192001007,585.863570018));
#6291 = CARTESIAN_POINT('',(291.834304511,204.29376166,586.235958297));
#6292 = CARTESIAN_POINT('',(291.830158396,203.844641987,586.422152436));
#6293 = CARTESIAN_POINT('',(291.826105443,203.407914946,586.628754311));
#6294 = CARTESIAN_POINT('',(291.821974644,202.979604232,586.85754805));
#6295 = CARTESIAN_POINT('',(291.817843846,202.551293517,587.086341789));
#6296 = CARTESIAN_POINT('',(291.813657234,202.132271104,587.337150659));
#6297 = CARTESIAN_POINT('',(291.80944404,201.725777985,587.608581597));
#6298 = CARTESIAN_POINT('',(291.801017653,200.912791745,588.151443473));
#6299 = CARTESIAN_POINT('',(291.792486006,200.150422789,588.777307414));
#6300 = CARTESIAN_POINT('',(291.784094658,199.46037751,589.467841733));
#6301 = CARTESIAN_POINT('',(291.779898984,199.11535487,589.813108893));
#6302 = CARTESIAN_POINT('',(291.775738479,198.788304366,590.174401563));
#6303 = CARTESIAN_POINT('',(291.771641826,198.481135718,590.548769093));
#6304 = CARTESIAN_POINT('',(291.767545174,198.17396707,590.923136623));
#6305 = CARTESIAN_POINT('',(291.763445809,197.884919823,591.312524224));
#6306 = CARTESIAN_POINT('',(291.759272573,197.614078085,591.717552395));
#6307 = CARTESIAN_POINT('',(291.750926099,197.072394611,592.527608738));
#6308 = CARTESIAN_POINT('',(291.742404653,196.607201591,593.396933318));
#6309 = CARTESIAN_POINT('',(291.733953212,196.232931293,594.301068591));
#6310 = CARTESIAN_POINT('',(291.729727491,196.045796144,594.753136227));
#6311 = CARTESIAN_POINT('',(291.725519479,195.881244291,595.213806368));
#6312 = CARTESIAN_POINT('',(291.721359218,195.740111412,595.679632255));
#6313 = CARTESIAN_POINT('',(291.717198956,195.598978532,596.145458143));
#6314 = CARTESIAN_POINT('',(291.713130533,195.481560238,596.614726141));
#6315 = CARTESIAN_POINT('',(291.709016222,195.386860302,597.090335383));
#6316 = CARTESIAN_POINT('',(291.7007876,195.197460432,598.041553869));
#6317 = CARTESIAN_POINT('',(291.692317738,195.1,599.020684427));
#6318 = CARTESIAN_POINT('',(291.683846154,195.1,600.));
#6319 = CARTESIAN_POINT('',(291.67537457,195.1,600.979315573));
#6320 = CARTESIAN_POINT('',(291.666904708,195.197460432,601.958446131));
#6321 = CARTESIAN_POINT('',(291.658676086,195.386860302,602.909664617));
#6322 = CARTESIAN_POINT('',(291.654561775,195.481560238,603.385273859));
#6323 = CARTESIAN_POINT('',(291.650493351,195.598978532,603.854541857));
#6324 = CARTESIAN_POINT('',(291.64633309,195.740111412,604.320367745));
#6325 = CARTESIAN_POINT('',(291.642172828,195.881244291,604.786193632));
#6326 = CARTESIAN_POINT('',(291.637964816,196.045796144,605.246863773));
#6327 = CARTESIAN_POINT('',(291.633739096,196.232931293,605.698931409));
#6328 = CARTESIAN_POINT('',(291.625287655,196.607201591,606.603066682));
#6329 = CARTESIAN_POINT('',(291.616766208,197.072394611,607.472391262));
#6330 = CARTESIAN_POINT('',(291.608419735,197.614078085,608.282447605));
#6331 = CARTESIAN_POINT('',(291.604246499,197.884919823,608.687475776));
#6332 = CARTESIAN_POINT('',(291.600147134,198.17396707,609.076863377));
#6333 = CARTESIAN_POINT('',(291.596050482,198.481135718,609.451230907));
#6334 = CARTESIAN_POINT('',(291.591953829,198.788304366,609.825598437));
#6335 = CARTESIAN_POINT('',(291.587793323,199.11535487,610.186891107));
#6336 = CARTESIAN_POINT('',(291.58359765,199.46037751,610.532158267));
#6337 = CARTESIAN_POINT('',(291.575206302,200.150422789,611.222692586));
#6338 = CARTESIAN_POINT('',(291.566674655,200.912791745,611.848556527));
#6339 = CARTESIAN_POINT('',(291.558248267,201.725777985,612.391418403));
#6340 = CARTESIAN_POINT('',(291.554035074,202.132271104,612.662849341));
#6341 = CARTESIAN_POINT('',(291.549848461,202.551293517,612.913658211));
#6342 = CARTESIAN_POINT('',(291.545717663,202.979604232,613.14245195));
#6343 = CARTESIAN_POINT('',(291.541586864,203.407914946,613.371245689));
#6344 = CARTESIAN_POINT('',(291.537533911,203.844641987,613.577847564));
#6345 = CARTESIAN_POINT('',(291.533387796,204.29376166,613.764041703));
#6346 = CARTESIAN_POINT('',(291.525095565,205.192001007,614.136429982));
#6347 = CARTESIAN_POINT('',(291.516594802,206.134526148,614.423133813));
#6348 = CARTESIAN_POINT('',(291.508128295,207.094855417,614.614038968));
#6349 = CARTESIAN_POINT('',(291.499661789,208.055184685,614.804944123));
#6350 = CARTESIAN_POINT('',(291.49123257,209.032961062,614.9));
#6351 = CARTESIAN_POINT('',(291.483076923,210.,614.9));
#6352 = PCURVE('',#98,#6353);
#6353 = DEFINITIONAL_REPRESENTATION('',(#6354),#6534);
#6354 = B_SPLINE_CURVE_WITH_KNOTS('',3,(#6355,#6356,#6357,#6358,#6359,
    #6360,#6361,#6362,#6363,#6364,#6365,#6366,#6367,#6368,#6369,#6370,
    #6371,#6372,#6373,#6374,#6375,#6376,#6377,#6378,#6379,#6380,#6381,
    #6382,#6383,#6384,#6385,#6386,#6387,#6388,#6389,#6390,#6391,#6392,
    #6393,#6394,#6395,#6396,#6397,#6398,#6399,#6400,#6401,#6402,#6403,
    #6404,#6405,#6406,#6407,#6408,#6409,#6410,#6411,#6412,#6413,#6414,
    #6415,#6416,#6417,#6418,#6419,#6420,#6421,#6422,#6423,#6424,#6425,
    #6426,#6427,#6428,#6429,#6430,#6431,#6432,#6433,#6434,#6435,#6436,
    #6437,#6438,#6439,#6440,#6441,#6442,#6443,#6444,#6445,#6446,#6447,
    #6448,#6449,#6450,#6451,#6452,#6453,#6454,#6455,#6456,#6457,#6458,
    #6459,#6460,#6461,#6462,#6463,#6464,#6465,#6466,#6467,#6468,#6469,
    #6470,#6471,#6472,#6473,#6474,#6475,#6476,#6477,#6478,#6479,#6480,
    #6481,#6482,#6483,#6484,#6485,#6486,#6487,#6488,#6489,#6490,#6491,
    #6492,#6493,#6494,#6495,#6496,#6497,#6498,#6499,#6500,#6501,#6502,
    #6503,#6504,#6505,#6506,#6507,#6508,#6509,#6510,#6511,#6512,#6513,
    #6514,#6515,#6516,#6517,#6518,#6519,#6520,#6521,#6522,#6523,#6524,
    #6525,#6526,#6527,#6528,#6529,#6530,#6531,#6532,#6533),
  .UNSPECIFIED.,.F.,.F.,(4,1,1,1,1,1,1,1,1,1,1,1,1,1,1,1,1,1,1,1,1,1,1,1
    ,1,1,1,1,1,1,1,1,1,1,1,1,1,1,1,1,1,1,1,1,1,1,1,1,1,1,1,1,1,1,1,1,1,1
    ,1,1,1,1,1,1,1,1,1,1,1,1,1,1,1,1,1,1,1,1,1,1,1,1,1,1,1,1,1,1,1,1,1,1
    ,1,1,1,1,1,1,1,1,1,1,1,1,1,1,1,1,1,1,1,1,1,1,1,1,1,1,1,1,1,1,1,1,1,1
    ,1,1,1,1,1,1,1,1,1,1,1,1,1,1,1,1,1,1,1,1,1,1,1,1,1,1,1,1,1,1,1,1,1,1
    ,1,1,1,1,1,1,1,1,1,1,1,1,1,1,1,1,4),(0.5625,0.563210227273,
    0.563920454545,0.564630681818,0.565340909091,0.566051136364,
    0.566761363636,0.567471590909,0.568181818182,0.568892045455,
    0.569602272727,0.5703125,0.571022727273,0.571732954545,
    0.572443181818,0.573153409091,0.573863636364,0.574573863636,
    0.575284090909,0.575994318182,0.576704545455,0.577414772727,0.578125
    ,0.578835227273,0.579545454545,0.580255681818,0.580965909091,
    0.581676136364,0.582386363636,0.583096590909,0.583806818182,
    0.584517045455,0.585227272727,0.5859375,0.586647727273,
    0.587357954545,0.588068181818,0.588778409091,0.589488636364,
    0.590198863636,0.590909090909,0.591619318182,0.592329545455,
    0.593039772727,0.59375,0.594460227273,0.595170454545,0.595880681818,
    0.596590909091,0.597301136364,0.598011363636,0.598721590909,
    0.599431818182,0.600142045455,0.600852272727,0.6015625,
    0.602272727273,0.602982954545,0.603693181818,0.604403409091,
    0.605113636364,0.605823863636,0.606534090909,0.607244318182,
    0.607954545455,0.608664772727,0.609375,0.610085227273,0.610795454545
    ,0.611505681818,0.612215909091,0.612926136364,0.613636363636,
    0.614346590909,0.615056818182,0.615767045455,0.616477272727,
    0.6171875,0.617897727273,0.618607954545,0.619318181818,
    0.620028409091,0.620738636364,0.621448863636,0.622159090909,
    0.622869318182,0.623579545455,0.624289772727,0.625,0.625710227273,
    0.626420454545,0.627130681818,0.627840909091,0.628551136364,
    0.629261363636,0.629971590909,0.630681818182,0.631392045455,
    0.632102272727,0.6328125,0.633522727273,0.634232954545,
    0.634943181818,0.635653409091,0.636363636364,0.637073863636,
    0.637784090909,0.638494318182,0.639204545455,0.639914772727,0.640625
    ,0.641335227273,0.642045454545,0.642755681818,0.643465909091,
    0.644176136364,0.644886363636,0.645596590909,0.646306818182,
    0.647017045455,0.647727272727,0.6484375,0.649147727273,
    0.649857954545,0.650568181818,0.651278409091,0.651988636364,
    0.652698863636,0.653409090909,0.654119318182,0.654829545455,
    0.655539772727,0.65625,0.656960227273,0.657670454545,0.658380681818,
    0.659090909091,0.659801136364,0.660511363636,0.661221590909,
    0.661931818182,0.662642045455,0.663352272727,0.6640625,
    0.664772727273,0.665482954545,0.666193181818,0.666903409091,
    0.667613636364,0.668323863636,0.669034090909,0.669744318182,
    0.670454545455,0.671164772727,0.671875,0.672585227273,0.673295454545
    ,0.674005681818,0.674715909091,0.675426136364,0.676136363636,
    0.676846590909,0.677556818182,0.678267045455,0.678977272727,
    0.6796875,0.680397727273,0.681107954545,0.681818181818,
    0.682528409091,0.683238636364,0.683948863636,0.684659090909,
    0.685369318182,0.686079545455,0.686789772727,0.6875),
  .QUASI_UNIFORM_KNOTS.);
#6355 = CARTESIAN_POINT('',(1.,0.5625));
#6356 = CARTESIAN_POINT('',(1.00000756514,0.562736742824));
#6357 = CARTESIAN_POINT('',(1.000014539709,0.563210238644));
#6358 = CARTESIAN_POINT('',(1.000011479455,0.563920492185));
#6359 = CARTESIAN_POINT('',(1.00001205969,0.56463073045));
#6360 = CARTESIAN_POINT('',(1.000011681493,0.565340943695));
#6361 = CARTESIAN_POINT('',(1.000011574616,0.566051137365));
#6362 = CARTESIAN_POINT('',(1.000011415811,0.566761363061));
#6363 = CARTESIAN_POINT('',(1.000011265324,0.567471570253));
#6364 = CARTESIAN_POINT('',(1.000011202658,0.568181786271));
#6365 = CARTESIAN_POINT('',(1.000010846909,0.568892036985));
#6366 = CARTESIAN_POINT('',(1.000011639698,0.569602219686));
#6367 = CARTESIAN_POINT('',(1.000008193109,0.570312673001));
#6368 = CARTESIAN_POINT('',(0.999955979331,0.571022075948));
#6369 = CARTESIAN_POINT('',(0.999963693881,0.571733204131));
#6370 = CARTESIAN_POINT('',(1.000009126085,0.572443116843));
#6371 = CARTESIAN_POINT('',(1.00000811619,0.573153432637));
#6372 = CARTESIAN_POINT('',(1.000001768497,0.573863632271));
#6373 = CARTESIAN_POINT('',(1.000012811216,0.574573865123));
#6374 = CARTESIAN_POINT('',(1.000009704078,0.575284083739));
#6375 = CARTESIAN_POINT('',(1.000010877856,0.575994312419));
#6376 = CARTESIAN_POINT('',(1.000009125692,0.576704545038));
#6377 = CARTESIAN_POINT('',(1.000014843851,0.577414773673));
#6378 = CARTESIAN_POINT('',(0.999993653767,0.578125002599));
#6379 = CARTESIAN_POINT('',(1.000010538882,0.578835215749));
#6380 = CARTESIAN_POINT('',(1.000007550049,0.579545476623));
#6381 = CARTESIAN_POINT('',(1.000002620267,0.580255586404));
#6382 = CARTESIAN_POINT('',(0.999962392,0.580966814682));
#6383 = CARTESIAN_POINT('',(0.99999360716,0.581676101527));
#6384 = CARTESIAN_POINT('',(1.000015029423,0.582386373076));
#6385 = CARTESIAN_POINT('',(1.000009247362,0.58309659286));
#6386 = CARTESIAN_POINT('',(1.00001126178,0.583806832249));
#6387 = CARTESIAN_POINT('',(1.000009345495,0.584517061354));
#6388 = CARTESIAN_POINT('',(1.000015407593,0.585227280673));
#6389 = CARTESIAN_POINT('',(0.999993540132,0.585937494338));
#6390 = CARTESIAN_POINT('',(1.000010568951,0.586647737505));
#6391 = CARTESIAN_POINT('',(1.000007543409,0.587357902418));
#6392 = CARTESIAN_POINT('',(1.000002616759,0.588068365599));
#6393 = CARTESIAN_POINT('',(0.999963223587,0.588777407219));
#6394 = CARTESIAN_POINT('',(0.99998830965,0.58948870255));
#6395 = CARTESIAN_POINT('',(1.000017780497,0.590198847525));
#6396 = CARTESIAN_POINT('',(1.000009952222,0.590909116986));
#6397 = CARTESIAN_POINT('',(1.000012752634,0.591619354215));
#6398 = CARTESIAN_POINT('',(1.000010415754,0.592329582682));
#6399 = CARTESIAN_POINT('',(1.000018081734,0.593039785878));
#6400 = CARTESIAN_POINT('',(0.99999096029,0.593749999898));
#6401 = CARTESIAN_POINT('',(1.000018078948,0.594460214168));
#6402 = CARTESIAN_POINT('',(1.000010426901,0.595170417293));
#6403 = CARTESIAN_POINT('',(1.000012710834,0.595880645781));
#6404 = CARTESIAN_POINT('',(1.000010108275,0.596590882984));
#6405 = CARTESIAN_POINT('',(1.000017198083,0.597301152513));
#6406 = CARTESIAN_POINT('',(0.999990483251,0.598011297231));
#6407 = CARTESIAN_POINT('',(0.999931411695,0.598722592179));
#6408 = CARTESIAN_POINT('',(1.000008327198,0.599431634328));
#6409 = CARTESIAN_POINT('',(1.000006008113,0.600142097522));
#6410 = CARTESIAN_POINT('',(1.000010999695,0.600852262472));
#6411 = CARTESIAN_POINT('',(0.99999335245,0.60156250548));
#6412 = CARTESIAN_POINT('',(1.0000154592,0.602272719348));
#6413 = CARTESIAN_POINT('',(1.000009326751,0.602982938611));
#6414 = CARTESIAN_POINT('',(1.00001128515,0.603693167733));
#6415 = CARTESIAN_POINT('',(1.000009172626,0.604403407103));
#6416 = CARTESIAN_POINT('',(1.000015304997,0.605113626941));
#6417 = CARTESIAN_POINT('',(0.9999925796,0.605823898288));
#6418 = CARTESIAN_POINT('',(0.999991118283,0.606533184983));
#6419 = CARTESIAN_POINT('',(0.99999955352,0.607244413485));
#6420 = CARTESIAN_POINT('',(1.000008371797,0.607954523328));
#6421 = CARTESIAN_POINT('',(1.000010318635,0.608664784226));
#6422 = CARTESIAN_POINT('',(0.999993713008,0.609374997222));
#6423 = CARTESIAN_POINT('',(1.000014828079,0.610085226344));
#6424 = CARTESIAN_POINT('',(1.000009129543,0.610795454921));
#6425 = CARTESIAN_POINT('',(1.000010878223,0.611505687562));
#6426 = CARTESIAN_POINT('',(1.000009698756,0.61221591623));
#6427 = CARTESIAN_POINT('',(1.000012832133,0.612926134875));
#6428 = CARTESIAN_POINT('',(1.000001690148,0.613636367625));
#6429 = CARTESIAN_POINT('',(1.000008615243,0.614346567319));
#6430 = CARTESIAN_POINT('',(1.000007208224,0.61505688311));
#6431 = CARTESIAN_POINT('',(0.99997166586,0.615766795453));
#6432 = CARTESIAN_POINT('',(0.999935276224,0.616477923435));
#6433 = CARTESIAN_POINT('',(1.000013531534,0.617187326976));
#6434 = CARTESIAN_POINT('',(1.000010209248,0.617897780293));
#6435 = CARTESIAN_POINT('',(1.000011230283,0.618607962996));
#6436 = CARTESIAN_POINT('',(1.00001109961,0.619318213711));
#6437 = CARTESIAN_POINT('',(1.000011294142,0.62002842973));
#6438 = CARTESIAN_POINT('',(1.000011403588,0.620738636921));
#6439 = CARTESIAN_POINT('',(1.00001159469,0.621448862627));
#6440 = CARTESIAN_POINT('',(1.000011613419,0.622159056266));
#6441 = CARTESIAN_POINT('',(1.000012311909,0.622869269635));
#6442 = CARTESIAN_POINT('',(1.00001053865,0.62357950744));
#6443 = CARTESIAN_POINT('',(1.000018050713,0.624289762707));
#6444 = CARTESIAN_POINT('',(0.999990974646,0.625000000003));
#6445 = CARTESIAN_POINT('',(1.000018050703,0.62571023728));
#6446 = CARTESIAN_POINT('',(1.000010538687,0.62642049255));
#6447 = CARTESIAN_POINT('',(1.000012311768,0.627130730352));
#6448 = CARTESIAN_POINT('',(1.000011613949,0.627840943721));
#6449 = CARTESIAN_POINT('',(1.000011592714,0.628551137358));
#6450 = CARTESIAN_POINT('',(1.000011410963,0.629261363063));
#6451 = CARTESIAN_POINT('',(1.000011266621,0.629971570253));
#6452 = CARTESIAN_POINT('',(1.000011202322,0.630681786271));
#6453 = CARTESIAN_POINT('',(1.000010846957,0.631392036985));
#6454 = CARTESIAN_POINT('',(1.000011639843,0.632102219686));
#6455 = CARTESIAN_POINT('',(1.000008192481,0.632812673001));
#6456 = CARTESIAN_POINT('',(0.999955979251,0.633522075948));
#6457 = CARTESIAN_POINT('',(0.999963693865,0.634233204131));
#6458 = CARTESIAN_POINT('',(1.000009125496,0.634943116843));
#6459 = CARTESIAN_POINT('',(1.000008116481,0.635653432637));
#6460 = CARTESIAN_POINT('',(1.000001767924,0.636363632271));
#6461 = CARTESIAN_POINT('',(1.000012811369,0.637073865123));
#6462 = CARTESIAN_POINT('',(1.000009704037,0.637784083739));
#6463 = CARTESIAN_POINT('',(1.000010877866,0.638494312418));
#6464 = CARTESIAN_POINT('',(1.000009125691,0.639204545043));
#6465 = CARTESIAN_POINT('',(1.000014843843,0.639914773672));
#6466 = CARTESIAN_POINT('',(0.999993653802,0.6406250026));
#6467 = CARTESIAN_POINT('',(1.000010538869,0.641335215749));
#6468 = CARTESIAN_POINT('',(1.000007550065,0.642045476623));
#6469 = CARTESIAN_POINT('',(1.000002620216,0.642755586404));
#6470 = CARTESIAN_POINT('',(0.99996239219,0.643466814682));
#6471 = CARTESIAN_POINT('',(0.99999360786,0.644176101527));
#6472 = CARTESIAN_POINT('',(1.000015029233,0.644886373076));
#6473 = CARTESIAN_POINT('',(1.00000924742,0.64559659286));
#6474 = CARTESIAN_POINT('',(1.000011261738,0.646306832249));
#6475 = CARTESIAN_POINT('',(1.000009345607,0.647017061354));
#6476 = CARTESIAN_POINT('',(1.000015407188,0.647727280673));
#6477 = CARTESIAN_POINT('',(0.999993541639,0.648437494338));
#6478 = CARTESIAN_POINT('',(1.000010568574,0.649147737505));
#6479 = CARTESIAN_POINT('',(1.00000754341,0.649857902418));
#6480 = CARTESIAN_POINT('',(1.000002617129,0.650568365599));
#6481 = CARTESIAN_POINT('',(0.999963223034,0.651277407219));
#6482 = CARTESIAN_POINT('',(0.999988309635,0.65198870255));
#6483 = CARTESIAN_POINT('',(1.000017780501,0.652698847525));
#6484 = CARTESIAN_POINT('',(1.000009952222,0.653409116986));
#6485 = CARTESIAN_POINT('',(1.000012752629,0.654119354215));
#6486 = CARTESIAN_POINT('',(1.000010415774,0.654829582682));
#6487 = CARTESIAN_POINT('',(1.000018081661,0.655539785878));
#6488 = CARTESIAN_POINT('',(0.999990960564,0.656249999898));
#6489 = CARTESIAN_POINT('',(1.000018078874,0.656960214168));
#6490 = CARTESIAN_POINT('',(1.00001042692,0.657670417293));
#6491 = CARTESIAN_POINT('',(1.000012710831,0.658380645781));
#6492 = CARTESIAN_POINT('',(1.000010108266,0.659090882984));
#6493 = CARTESIAN_POINT('',(1.000017198121,0.659801152513));
#6494 = CARTESIAN_POINT('',(0.999990483109,0.660511297231));
#6495 = CARTESIAN_POINT('',(0.999931411733,0.661222592179));
#6496 = CARTESIAN_POINT('',(1.000008327185,0.661931634328));
#6497 = CARTESIAN_POINT('',(1.000006008109,0.662642097522));
#6498 = CARTESIAN_POINT('',(1.000010999725,0.663352262472));
#6499 = CARTESIAN_POINT('',(0.999993352335,0.66406250548));
#6500 = CARTESIAN_POINT('',(1.000015459229,0.664772719348));
#6501 = CARTESIAN_POINT('',(1.000009326747,0.665482938611));
#6502 = CARTESIAN_POINT('',(1.000011285139,0.666193167733));
#6503 = CARTESIAN_POINT('',(1.000009172677,0.666903407103));
#6504 = CARTESIAN_POINT('',(1.000015304806,0.667613626941));
#6505 = CARTESIAN_POINT('',(0.99999258031,0.668323898288));
#6506 = CARTESIAN_POINT('',(0.99999111846,0.669033184983));
#6507 = CARTESIAN_POINT('',(0.999999553517,0.669744413485));
#6508 = CARTESIAN_POINT('',(1.000008371881,0.670454523328));
#6509 = CARTESIAN_POINT('',(1.000010318303,0.671164784226));
#6510 = CARTESIAN_POINT('',(0.99999371425,0.671874997222));
#6511 = CARTESIAN_POINT('',(1.000014827746,0.672585226344));
#6512 = CARTESIAN_POINT('',(1.000009129632,0.673295454921));
#6513 = CARTESIAN_POINT('',(1.0000108782,0.674005687562));
#6514 = CARTESIAN_POINT('',(1.00000969876,0.67471591623));
#6515 = CARTESIAN_POINT('',(1.000012832144,0.675426134875));
#6516 = CARTESIAN_POINT('',(1.000001690104,0.676136367625));
#6517 = CARTESIAN_POINT('',(1.000008615257,0.676846567319));
#6518 = CARTESIAN_POINT('',(1.000007208211,0.67755688311));
#6519 = CARTESIAN_POINT('',(0.999971665885,0.678266795453));
#6520 = CARTESIAN_POINT('',(0.999935276136,0.678977923435));
#6521 = CARTESIAN_POINT('',(1.000013530899,0.679687326976));
#6522 = CARTESIAN_POINT('',(1.000010209441,0.680397780293));
#6523 = CARTESIAN_POINT('',(1.000011230145,0.681107962996));
#6524 = CARTESIAN_POINT('',(1.00001109997,0.681818213711));
#6525 = CARTESIAN_POINT('',(1.00001129284,0.68252842973));
#6526 = CARTESIAN_POINT('',(1.000011408439,0.683238636923));
#6527 = CARTESIAN_POINT('',(1.000011576592,0.68394886262));
#6528 = CARTESIAN_POINT('',(1.000011680963,0.684659056292));
#6529 = CARTESIAN_POINT('',(1.000012059832,0.685369269537));
#6530 = CARTESIAN_POINT('',(1.000011479417,0.686079507805));
#6531 = CARTESIAN_POINT('',(1.00001453972,0.686789761344));
#6532 = CARTESIAN_POINT('',(1.00000756514,0.68726325717));
#6533 = CARTESIAN_POINT('',(1.,0.6875));
#6534 = ( GEOMETRIC_REPRESENTATION_CONTEXT(2) 
PARAMETRIC_REPRESENTATION_CONTEXT() REPRESENTATION_CONTEXT('2D SPACE',''
  ) );
#6535 = PCURVE('',#6536,#6541);
#6536 = CYLINDRICAL_SURFACE('',#6537,14.9);
#6537 = AXIS2_PLACEMENT_3D('',#6538,#6539,#6540);
#6538 = CARTESIAN_POINT('',(188.602530506,210.,600.));
#6539 = DIRECTION('',(-1.,0.,0.));
#6540 = DIRECTION('',(0.,0.,1.));
#6541 = DEFINITIONAL_REPRESENTATION('',(#6542),#6722);
#6542 = B_SPLINE_CURVE_WITH_KNOTS('',3,(#6543,#6544,#6545,#6546,#6547,
    #6548,#6549,#6550,#6551,#6552,#6553,#6554,#6555,#6556,#6557,#6558,
    #6559,#6560,#6561,#6562,#6563,#6564,#6565,#6566,#6567,#6568,#6569,
    #6570,#6571,#6572,#6573,#6574,#6575,#6576,#6577,#6578,#6579,#6580,
    #6581,#6582,#6583,#6584,#6585,#6586,#6587,#6588,#6589,#6590,#6591,
    #6592,#6593,#6594,#6595,#6596,#6597,#6598,#6599,#6600,#6601,#6602,
    #6603,#6604,#6605,#6606,#6607,#6608,#6609,#6610,#6611,#6612,#6613,
    #6614,#6615,#6616,#6617,#6618,#6619,#6620,#6621,#6622,#6623,#6624,
    #6625,#6626,#6627,#6628,#6629,#6630,#6631,#6632,#6633,#6634,#6635,
    #6636,#6637,#6638,#6639,#6640,#6641,#6642,#6643,#6644,#6645,#6646,
    #6647,#6648,#6649,#6650,#6651,#6652,#6653,#6654,#6655,#6656,#6657,
    #6658,#6659,#6660,#6661,#6662,#6663,#6664,#6665,#6666,#6667,#6668,
    #6669,#6670,#6671,#6672,#6673,#6674,#6675,#6676,#6677,#6678,#6679,
    #6680,#6681,#6682,#6683,#6684,#6685,#6686,#6687,#6688,#6689,#6690,
    #6691,#6692,#6693,#6694,#6695,#6696,#6697,#6698,#6699,#6700,#6701,
    #6702,#6703,#6704,#6705,#6706,#6707,#6708,#6709,#6710,#6711,#6712,
    #6713,#6714,#6715,#6716,#6717,#6718,#6719,#6720,#6721),
  .UNSPECIFIED.,.F.,.F.,(4,1,1,1,1,1,1,1,1,1,1,1,1,1,1,1,1,1,1,1,1,1,1,1
    ,1,1,1,1,1,1,1,1,1,1,1,1,1,1,1,1,1,1,1,1,1,1,1,1,1,1,1,1,1,1,1,1,1,1
    ,1,1,1,1,1,1,1,1,1,1,1,1,1,1,1,1,1,1,1,1,1,1,1,1,1,1,1,1,1,1,1,1,1,1
    ,1,1,1,1,1,1,1,1,1,1,1,1,1,1,1,1,1,1,1,1,1,1,1,1,1,1,1,1,1,1,1,1,1,1
    ,1,1,1,1,1,1,1,1,1,1,1,1,1,1,1,1,1,1,1,1,1,1,1,1,1,1,1,1,1,1,1,1,1,1
    ,1,1,1,1,1,1,1,1,1,1,1,1,1,1,1,1,4),(0.5625,0.563210227273,
    0.563920454545,0.564630681818,0.565340909091,0.566051136364,
    0.566761363636,0.567471590909,0.568181818182,0.568892045455,
    0.569602272727,0.5703125,0.571022727273,0.571732954545,
    0.572443181818,0.573153409091,0.573863636364,0.574573863636,
    0.575284090909,0.575994318182,0.576704545455,0.577414772727,0.578125
    ,0.578835227273,0.579545454545,0.580255681818,0.580965909091,
    0.581676136364,0.582386363636,0.583096590909,0.583806818182,
    0.584517045455,0.585227272727,0.5859375,0.586647727273,
    0.587357954545,0.588068181818,0.588778409091,0.589488636364,
    0.590198863636,0.590909090909,0.591619318182,0.592329545455,
    0.593039772727,0.59375,0.594460227273,0.595170454545,0.595880681818,
    0.596590909091,0.597301136364,0.598011363636,0.598721590909,
    0.599431818182,0.600142045455,0.600852272727,0.6015625,
    0.602272727273,0.602982954545,0.603693181818,0.604403409091,
    0.605113636364,0.605823863636,0.606534090909,0.607244318182,
    0.607954545455,0.608664772727,0.609375,0.610085227273,0.610795454545
    ,0.611505681818,0.612215909091,0.612926136364,0.613636363636,
    0.614346590909,0.615056818182,0.615767045455,0.616477272727,
    0.6171875,0.617897727273,0.618607954545,0.619318181818,
    0.620028409091,0.620738636364,0.621448863636,0.622159090909,
    0.622869318182,0.623579545455,0.624289772727,0.625,0.625710227273,
    0.626420454545,0.627130681818,0.627840909091,0.628551136364,
    0.629261363636,0.629971590909,0.630681818182,0.631392045455,
    0.632102272727,0.6328125,0.633522727273,0.634232954545,
    0.634943181818,0.635653409091,0.636363636364,0.637073863636,
    0.637784090909,0.638494318182,0.639204545455,0.639914772727,0.640625
    ,0.641335227273,0.642045454545,0.642755681818,0.643465909091,
    0.644176136364,0.644886363636,0.645596590909,0.646306818182,
    0.647017045455,0.647727272727,0.6484375,0.649147727273,
    0.649857954545,0.650568181818,0.651278409091,0.651988636364,
    0.652698863636,0.653409090909,0.654119318182,0.654829545455,
    0.655539772727,0.65625,0.656960227273,0.657670454545,0.658380681818,
    0.659090909091,0.659801136364,0.660511363636,0.661221590909,
    0.661931818182,0.662642045455,0.663352272727,0.6640625,
    0.664772727273,0.665482954545,0.666193181818,0.666903409091,
    0.667613636364,0.668323863636,0.669034090909,0.669744318182,
    0.670454545455,0.671164772727,0.671875,0.672585227273,0.673295454545
    ,0.674005681818,0.674715909091,0.675426136364,0.676136363636,
    0.676846590909,0.677556818182,0.678267045455,0.678977272727,
    0.6796875,0.680397727273,0.681107954545,0.681818181818,
    0.682528409091,0.683238636364,0.683948863636,0.684659090909,
    0.685369318182,0.686079545455,0.686789772727,0.6875),
  .QUASI_UNIFORM_KNOTS.);
#6543 = CARTESIAN_POINT('',(0.,-103.68362334));
#6544 = CARTESIAN_POINT('',(1.180033752153E-02,-103.682140495));
#6545 = CARTESIAN_POINT('',(3.544873013361E-02,-103.6791567179));
#6546 = CARTESIAN_POINT('',(7.104136648424E-02,-103.6746353107));
#6547 = CARTESIAN_POINT('',(0.106730881883,-103.670076685));
#6548 = CARTESIAN_POINT('',(0.14249432883,-103.6654893557));
#6549 = CARTESIAN_POINT('',(0.178309284787,-103.6608818671));
#6550 = CARTESIAN_POINT('',(0.214155457066,-103.6562626541));
#6551 = CARTESIAN_POINT('',(0.250007265502,-103.6516410385));
#6552 = CARTESIAN_POINT('',(0.28584311868,-103.647025834));
#6553 = CARTESIAN_POINT('',(0.321641089258,-103.6424254214));
#6554 = CARTESIAN_POINT('',(0.357374118148,-103.6378499982));
#6555 = CARTESIAN_POINT('',(0.393033154686,-103.6333029277));
#6556 = CARTESIAN_POINT('',(0.428542553801,-103.6288130929));
#6557 = CARTESIAN_POINT('',(0.463972102143,-103.6243536996));
#6558 = CARTESIAN_POINT('',(0.499484433123,-103.6198627666));
#6559 = CARTESIAN_POINT('',(0.53512409862,-103.6153231746));
#6560 = CARTESIAN_POINT('',(0.57084683037,-103.6107515934));
#6561 = CARTESIAN_POINT('',(0.606636498666,-103.6061541884));
#6562 = CARTESIAN_POINT('',(0.642468221746,-103.6015404422));
#6563 = CARTESIAN_POINT('',(0.678320171355,-103.5969190762));
#6564 = CARTESIAN_POINT('',(0.714169062033,-103.5922989635));
#6565 = CARTESIAN_POINT('',(0.749991324641,-103.5876890243));
#6566 = CARTESIAN_POINT('',(0.785764769745,-103.5830978383));
#6567 = CARTESIAN_POINT('',(0.821463947023,-103.5785353));
#6568 = CARTESIAN_POINT('',(0.857076673681,-103.5740060319));
#6569 = CARTESIAN_POINT('',(0.892544460806,-103.5695320979));
#6570 = CARTESIAN_POINT('',(0.928007733743,-103.5650599255));
#6571 = CARTESIAN_POINT('',(0.963546944895,-103.5605586377));
#6572 = CARTESIAN_POINT('',(0.999222637217,-103.5560051644));
#6573 = CARTESIAN_POINT('',(1.034977830863,-103.5514210827));
#6574 = CARTESIAN_POINT('',(1.070788780763,-103.5468156323));
#6575 = CARTESIAN_POINT('',(1.106632362422,-103.5421975444));
#6576 = CARTESIAN_POINT('',(1.142485232933,-103.5375756627));
#6577 = CARTESIAN_POINT('',(1.178324749683,-103.5329588896));
#6578 = CARTESIAN_POINT('',(1.214129314268,-103.5283557806));
#6579 = CARTESIAN_POINT('',(1.249871931966,-103.5237765469));
#6580 = CARTESIAN_POINT('',(1.28554421041,-103.5192244472));
#6581 = CARTESIAN_POINT('',(1.321054923068,-103.5147340429));
#6582 = CARTESIAN_POINT('',(1.356502412356,-103.5102678568));
#6583 = CARTESIAN_POINT('',(1.39200069756,-103.5057822713));
#6584 = CARTESIAN_POINT('',(1.42762582657,-103.5012482945));
#6585 = CARTESIAN_POINT('',(1.463338657551,-103.4966807291));
#6586 = CARTESIAN_POINT('',(1.499120303404,-103.4920865534));
#6587 = CARTESIAN_POINT('',(1.534946506222,-103.4874748782));
#6588 = CARTESIAN_POINT('',(1.570796326795,-103.482854109));
#6589 = CARTESIAN_POINT('',(1.606646147367,-103.4782333397));
#6590 = CARTESIAN_POINT('',(1.642472350186,-103.4736216645));
#6591 = CARTESIAN_POINT('',(1.678253996039,-103.469027489));
#6592 = CARTESIAN_POINT('',(1.71396682702,-103.4644599238));
#6593 = CARTESIAN_POINT('',(1.74959195603,-103.4599259473));
#6594 = CARTESIAN_POINT('',(1.785090241234,-103.4554403621));
#6595 = CARTESIAN_POINT('',(1.820537730522,-103.450974176));
#6596 = CARTESIAN_POINT('',(1.85604844318,-103.4464837717));
#6597 = CARTESIAN_POINT('',(1.891720721623,-103.441931672));
#6598 = CARTESIAN_POINT('',(1.927463339322,-103.4373524383));
#6599 = CARTESIAN_POINT('',(1.963267903907,-103.4327493294));
#6600 = CARTESIAN_POINT('',(1.999107420657,-103.4281325557));
#6601 = CARTESIAN_POINT('',(2.034960291168,-103.423510674));
#6602 = CARTESIAN_POINT('',(2.070803872827,-103.4188925861));
#6603 = CARTESIAN_POINT('',(2.106614822727,-103.4142871357));
#6604 = CARTESIAN_POINT('',(2.142370016373,-103.4097030538));
#6605 = CARTESIAN_POINT('',(2.178045708694,-103.4051495801));
#6606 = CARTESIAN_POINT('',(2.213584919847,-103.4006482925));
#6607 = CARTESIAN_POINT('',(2.249048192784,-103.3961761198));
#6608 = CARTESIAN_POINT('',(2.284515979909,-103.3917021867));
#6609 = CARTESIAN_POINT('',(2.320128706567,-103.3871729189));
#6610 = CARTESIAN_POINT('',(2.355827883845,-103.3826103793));
#6611 = CARTESIAN_POINT('',(2.391601328949,-103.3780191937));
#6612 = CARTESIAN_POINT('',(2.427423591557,-103.3734092546));
#6613 = CARTESIAN_POINT('',(2.463272482235,-103.3687891423));
#6614 = CARTESIAN_POINT('',(2.499124431843,-103.3641677766));
#6615 = CARTESIAN_POINT('',(2.534956154923,-103.3595540305));
#6616 = CARTESIAN_POINT('',(2.57074582322,-103.3549566255));
#6617 = CARTESIAN_POINT('',(2.60646855497,-103.3503850443));
#6618 = CARTESIAN_POINT('',(2.642108220467,-103.3458454523));
#6619 = CARTESIAN_POINT('',(2.677620551448,-103.3413545193));
#6620 = CARTESIAN_POINT('',(2.713050099785,-103.336895126));
#6621 = CARTESIAN_POINT('',(2.748559498916,-103.3324052914));
#6622 = CARTESIAN_POINT('',(2.784218535397,-103.3278582203));
#6623 = CARTESIAN_POINT('',(2.819951564501,-103.323282797));
#6624 = CARTESIAN_POINT('',(2.855749534276,-103.3186823847));
#6625 = CARTESIAN_POINT('',(2.891585390454,-103.3140671793));
#6626 = CARTESIAN_POINT('',(2.927437187694,-103.3094455682));
#6627 = CARTESIAN_POINT('',(2.963283401757,-103.3048263391));
#6628 = CARTESIAN_POINT('',(2.999098201773,-103.3002189093));
#6629 = CARTESIAN_POINT('',(3.0348622307,-103.2956313595));
#6630 = CARTESIAN_POINT('',(3.070549574122,-103.2910735572));
#6631 = CARTESIAN_POINT('',(3.106150316398,-103.2865490777));
#6632 = CARTESIAN_POINT('',(3.14159265359,-103.282084879));
#6633 = CARTESIAN_POINT('',(3.177034990781,-103.2776206801));
#6634 = CARTESIAN_POINT('',(3.212635733058,-103.2730962004));
#6635 = CARTESIAN_POINT('',(3.24832307648,-103.2685383978));
#6636 = CARTESIAN_POINT('',(3.284087105406,-103.2639508478));
#6637 = CARTESIAN_POINT('',(3.319901905423,-103.2593434178));
#6638 = CARTESIAN_POINT('',(3.355748119486,-103.2547241889));
#6639 = CARTESIAN_POINT('',(3.391599916725,-103.2501025781));
#6640 = CARTESIAN_POINT('',(3.427435772904,-103.2454873726));
#6641 = CARTESIAN_POINT('',(3.463233742678,-103.2408869602));
#6642 = CARTESIAN_POINT('',(3.498966771783,-103.2363115367));
#6643 = CARTESIAN_POINT('',(3.534625808264,-103.2317644655));
#6644 = CARTESIAN_POINT('',(3.570135207394,-103.2272746309));
#6645 = CARTESIAN_POINT('',(3.605564755732,-103.2228152376));
#6646 = CARTESIAN_POINT('',(3.641077086713,-103.2183243046));
#6647 = CARTESIAN_POINT('',(3.67671675221,-103.213784713));
#6648 = CARTESIAN_POINT('',(3.71243948396,-103.2092131319));
#6649 = CARTESIAN_POINT('',(3.748229152256,-103.2046157265));
#6650 = CARTESIAN_POINT('',(3.784060875336,-103.2000019808));
#6651 = CARTESIAN_POINT('',(3.819912824945,-103.1953806151));
#6652 = CARTESIAN_POINT('',(3.855761715623,-103.1907605025));
#6653 = CARTESIAN_POINT('',(3.89158397823,-103.1861505633));
#6654 = CARTESIAN_POINT('',(3.927357423335,-103.1815593775));
#6655 = CARTESIAN_POINT('',(3.963056600613,-103.1769968383));
#6656 = CARTESIAN_POINT('',(3.998669327271,-103.1724675708));
#6657 = CARTESIAN_POINT('',(4.034137114396,-103.1679936369));
#6658 = CARTESIAN_POINT('',(4.069600387332,-103.1635214645));
#6659 = CARTESIAN_POINT('',(4.105139598485,-103.1590201768));
#6660 = CARTESIAN_POINT('',(4.140815290807,-103.1544667031));
#6661 = CARTESIAN_POINT('',(4.176570484453,-103.1498826212));
#6662 = CARTESIAN_POINT('',(4.212381434353,-103.1452771709));
#6663 = CARTESIAN_POINT('',(4.248225016012,-103.1406590831));
#6664 = CARTESIAN_POINT('',(4.284077886522,-103.1360372016));
#6665 = CARTESIAN_POINT('',(4.319917403273,-103.1314204289));
#6666 = CARTESIAN_POINT('',(4.355721967858,-103.1268173186));
#6667 = CARTESIAN_POINT('',(4.391464585556,-103.1222380852));
#6668 = CARTESIAN_POINT('',(4.427136864,-103.1176859862));
#6669 = CARTESIAN_POINT('',(4.462647576658,-103.1131955813));
#6670 = CARTESIAN_POINT('',(4.498095065946,-103.1087293959));
#6671 = CARTESIAN_POINT('',(4.53359335115,-103.1042438103));
#6672 = CARTESIAN_POINT('',(4.56921848016,-103.0997098335));
#6673 = CARTESIAN_POINT('',(4.604931311141,-103.0951422681));
#6674 = CARTESIAN_POINT('',(4.640712956994,-103.0905480924));
#6675 = CARTESIAN_POINT('',(4.676539159812,-103.0859364172));
#6676 = CARTESIAN_POINT('',(4.712388980385,-103.081315648));
#6677 = CARTESIAN_POINT('',(4.748238800957,-103.0766948787));
#6678 = CARTESIAN_POINT('',(4.784065003775,-103.0720832035));
#6679 = CARTESIAN_POINT('',(4.819846649629,-103.0674890278));
#6680 = CARTESIAN_POINT('',(4.855559480609,-103.0629214624));
#6681 = CARTESIAN_POINT('',(4.891184609619,-103.0583874856));
#6682 = CARTESIAN_POINT('',(4.926682894824,-103.0539019001));
#6683 = CARTESIAN_POINT('',(4.962130384111,-103.049435714));
#6684 = CARTESIAN_POINT('',(4.99764109677,-103.0449453097));
#6685 = CARTESIAN_POINT('',(5.033313375213,-103.04039321));
#6686 = CARTESIAN_POINT('',(5.069055992911,-103.0358139763));
#6687 = CARTESIAN_POINT('',(5.104860557497,-103.0312108673));
#6688 = CARTESIAN_POINT('',(5.140700074247,-103.0265940942));
#6689 = CARTESIAN_POINT('',(5.176552944757,-103.0219722125));
#6690 = CARTESIAN_POINT('',(5.212396526416,-103.0173541246));
#6691 = CARTESIAN_POINT('',(5.248207476317,-103.0127486742));
#6692 = CARTESIAN_POINT('',(5.283962669963,-103.0081645925));
#6693 = CARTESIAN_POINT('',(5.319638362284,-103.0036111192));
#6694 = CARTESIAN_POINT('',(5.355177573437,-102.9991098314));
#6695 = CARTESIAN_POINT('',(5.390640846373,-102.994637659));
#6696 = CARTESIAN_POINT('',(5.426108633498,-102.990163725));
#6697 = CARTESIAN_POINT('',(5.461721360157,-102.9856344569));
#6698 = CARTESIAN_POINT('',(5.497420537435,-102.9810719186));
#6699 = CARTESIAN_POINT('',(5.533193982539,-102.9764807326));
#6700 = CARTESIAN_POINT('',(5.569016245146,-102.9718707934));
#6701 = CARTESIAN_POINT('',(5.604865135825,-102.9672506807));
#6702 = CARTESIAN_POINT('',(5.640717085433,-102.9626293147));
#6703 = CARTESIAN_POINT('',(5.676548808513,-102.9580155685));
#6704 = CARTESIAN_POINT('',(5.71233847681,-102.9534181635));
#6705 = CARTESIAN_POINT('',(5.748061208559,-102.9488465823));
#6706 = CARTESIAN_POINT('',(5.783700874057,-102.9443069903));
#6707 = CARTESIAN_POINT('',(5.819213205037,-102.9398160573));
#6708 = CARTESIAN_POINT('',(5.854642753378,-102.935356664));
#6709 = CARTESIAN_POINT('',(5.890152152494,-102.9308668292));
#6710 = CARTESIAN_POINT('',(5.925811189032,-102.9263197587));
#6711 = CARTESIAN_POINT('',(5.961544217921,-102.9217443355));
#6712 = CARTESIAN_POINT('',(5.997342188499,-102.9171439229));
#6713 = CARTESIAN_POINT('',(6.033178041678,-102.9125287184));
#6714 = CARTESIAN_POINT('',(6.069029850114,-102.9079071028));
#6715 = CARTESIAN_POINT('',(6.104876022393,-102.9032878898));
#6716 = CARTESIAN_POINT('',(6.14069097835,-102.8986804012));
#6717 = CARTESIAN_POINT('',(6.176454425297,-102.8940930719));
#6718 = CARTESIAN_POINT('',(6.212143940695,-102.8895344462));
#6719 = CARTESIAN_POINT('',(6.247736577046,-102.885013039));
#6720 = CARTESIAN_POINT('',(6.271384969658,-102.8820292619));
#6721 = CARTESIAN_POINT('',(6.28318530718,-102.880546417));
#6722 = ( GEOMETRIC_REPRESENTATION_CONTEXT(2) 
PARAMETRIC_REPRESENTATION_CONTEXT() REPRESENTATION_CONTEXT('2D SPACE',''
  ) );
#6723 = ORIENTED_EDGE('',*,*,#6724,.T.);
#6724 = EDGE_CURVE('',#6215,#6725,#6727,.T.);
#6725 = VERTEX_POINT('',#6726);
#6726 = CARTESIAN_POINT('',(290.68,210.,614.9));
#6727 = SURFACE_CURVE('',#6728,(#6862,#7045),.PCURVE_S1.);
#6728 = B_SPLINE_CURVE_WITH_KNOTS('',3,(#6729,#6730,#6731,#6732,#6733,
    #6734,#6735,#6736,#6737,#6738,#6739,#6740,#6741,#6742,#6743,#6744,
    #6745,#6746,#6747,#6748,#6749,#6750,#6751,#6752,#6753,#6754,#6755,
    #6756,#6757,#6758,#6759,#6760,#6761,#6762,#6763,#6764,#6765,#6766,
    #6767,#6768,#6769,#6770,#6771,#6772,#6773,#6774,#6775,#6776,#6777,
    #6778,#6779,#6780,#6781,#6782,#6783,#6784,#6785,#6786,#6787,#6788,
    #6789,#6790,#6791,#6792,#6793,#6794,#6795,#6796,#6797,#6798,#6799,
    #6800,#6801,#6802,#6803,#6804,#6805,#6806,#6807,#6808,#6809,#6810,
    #6811,#6812,#6813,#6814,#6815,#6816,#6817,#6818,#6819,#6820,#6821,
    #6822,#6823,#6824,#6825,#6826,#6827,#6828,#6829,#6830,#6831,#6832,
    #6833,#6834,#6835,#6836,#6837,#6838,#6839,#6840,#6841,#6842,#6843,
    #6844,#6845,#6846,#6847,#6848,#6849,#6850,#6851,#6852,#6853,#6854,
    #6855,#6856,#6857,#6858,#6859,#6860,#6861),.UNSPECIFIED.,.F.,.F.,(4,
    3,3,3,3,3,3,3,3,3,3,3,3,3,3,3,3,3,3,3,3,3,3,3,3,3,3,3,3,3,3,3,3,3,3,
    3,3,3,3,3,3,3,3,3,4),(0.6875,0.69140625,0.6953125,0.697265625,
    0.69921875,0.703125,0.705078125,0.70703125,0.7109375,0.712890625,
    0.71484375,0.71875,0.72265625,0.724609375,0.7265625,0.73046875,
    0.732421875,0.734375,0.73828125,0.740234375,0.7421875,0.74609375,
    0.75,0.75390625,0.7578125,0.759765625,0.76171875,0.765625,
    0.767578125,0.76953125,0.7734375,0.775390625,0.77734375,0.78125,
    0.78515625,0.787109375,0.7890625,0.79296875,0.794921875,0.796875,
    0.80078125,0.802734375,0.8046875,0.80859375,0.8125),.UNSPECIFIED.);
#6729 = CARTESIAN_POINT('',(291.483076923,210.,614.9));
#6730 = CARTESIAN_POINT('',(291.474921276,210.967038938,614.9));
#6731 = CARTESIAN_POINT('',(291.466492057,211.944815315,614.804944123));
#6732 = CARTESIAN_POINT('',(291.458025551,212.905144583,614.614038968));
#6733 = CARTESIAN_POINT('',(291.449559044,213.865473852,614.423133813));
#6734 = CARTESIAN_POINT('',(291.441058281,214.807998993,614.136429982));
#6735 = CARTESIAN_POINT('',(291.43276605,215.70623834,613.764041703));
#6736 = CARTESIAN_POINT('',(291.428619935,216.155358013,613.577847564));
#6737 = CARTESIAN_POINT('',(291.424566982,216.592085054,613.371245689));
#6738 = CARTESIAN_POINT('',(291.420436183,217.020395768,613.14245195));
#6739 = CARTESIAN_POINT('',(291.416305385,217.448706483,612.913658211));
#6740 = CARTESIAN_POINT('',(291.412118772,217.867728896,612.662849341));
#6741 = CARTESIAN_POINT('',(291.407905579,218.274222015,612.391418403));
#6742 = CARTESIAN_POINT('',(291.399479191,219.087208255,611.848556527));
#6743 = CARTESIAN_POINT('',(291.390947544,219.849577211,611.222692586));
#6744 = CARTESIAN_POINT('',(291.382556196,220.53962249,610.532158267));
#6745 = CARTESIAN_POINT('',(291.378360523,220.88464513,610.186891107));
#6746 = CARTESIAN_POINT('',(291.374200017,221.211695634,609.825598437));
#6747 = CARTESIAN_POINT('',(291.370103364,221.518864282,609.451230907));
#6748 = CARTESIAN_POINT('',(291.366006712,221.82603293,609.076863377));
#6749 = CARTESIAN_POINT('',(291.361907347,222.115080177,608.687475776));
#6750 = CARTESIAN_POINT('',(291.357734111,222.385921915,608.282447605));
#6751 = CARTESIAN_POINT('',(291.349387638,222.927605389,607.472391262));
#6752 = CARTESIAN_POINT('',(291.340866191,223.392798409,606.603066682));
#6753 = CARTESIAN_POINT('',(291.33241475,223.767068707,605.698931409));
#6754 = CARTESIAN_POINT('',(291.32818903,223.954203856,605.246863773));
#6755 = CARTESIAN_POINT('',(291.323981018,224.118755709,604.786193632));
#6756 = CARTESIAN_POINT('',(291.319820756,224.259888588,604.320367745));
#6757 = CARTESIAN_POINT('',(291.315660495,224.401021468,603.854541857));
#6758 = CARTESIAN_POINT('',(291.311592071,224.518439762,603.385273859));
#6759 = CARTESIAN_POINT('',(291.30747776,224.613139698,602.909664617));
#6760 = CARTESIAN_POINT('',(291.299249138,224.802539568,601.958446131));
#6761 = CARTESIAN_POINT('',(291.290779276,224.9,600.979315573));
#6762 = CARTESIAN_POINT('',(291.282307692,224.9,600.));
#6763 = CARTESIAN_POINT('',(291.273836108,224.9,599.020684427));
#6764 = CARTESIAN_POINT('',(291.265366246,224.802539568,598.041553869));
#6765 = CARTESIAN_POINT('',(291.257137625,224.613139698,597.090335383));
#6766 = CARTESIAN_POINT('',(291.253023314,224.518439762,596.614726141));
#6767 = CARTESIAN_POINT('',(291.24895489,224.401021468,596.145458143));
#6768 = CARTESIAN_POINT('',(291.244794629,224.259888588,595.679632255));
#6769 = CARTESIAN_POINT('',(291.240634367,224.118755709,595.213806368));
#6770 = CARTESIAN_POINT('',(291.236426355,223.954203856,594.753136227));
#6771 = CARTESIAN_POINT('',(291.232200635,223.767068707,594.301068591));
#6772 = CARTESIAN_POINT('',(291.223749193,223.392798409,593.396933318));
#6773 = CARTESIAN_POINT('',(291.215227747,222.927605389,592.527608738));
#6774 = CARTESIAN_POINT('',(291.206881273,222.385921915,591.717552395));
#6775 = CARTESIAN_POINT('',(291.202708037,222.115080177,591.312524224));
#6776 = CARTESIAN_POINT('',(291.198608672,221.82603293,590.923136623));
#6777 = CARTESIAN_POINT('',(291.19451202,221.518864282,590.548769093));
#6778 = CARTESIAN_POINT('',(291.190415368,221.211695634,590.174401563));
#6779 = CARTESIAN_POINT('',(291.186254862,220.88464513,589.813108893));
#6780 = CARTESIAN_POINT('',(291.182059188,220.53962249,589.467841733));
#6781 = CARTESIAN_POINT('',(291.17366784,219.849577211,588.777307414));
#6782 = CARTESIAN_POINT('',(291.165136194,219.087208255,588.151443473));
#6783 = CARTESIAN_POINT('',(291.156709806,218.274222015,587.608581597));
#6784 = CARTESIAN_POINT('',(291.152496613,217.867728896,587.337150659));
#6785 = CARTESIAN_POINT('',(291.14831,217.448706483,587.086341789));
#6786 = CARTESIAN_POINT('',(291.144179202,217.020395768,586.85754805));
#6787 = CARTESIAN_POINT('',(291.140048403,216.592085054,586.628754311));
#6788 = CARTESIAN_POINT('',(291.13599545,216.155358013,586.422152436));
#6789 = CARTESIAN_POINT('',(291.131849335,215.70623834,586.235958297));
#6790 = CARTESIAN_POINT('',(291.123557103,214.807998993,585.863570018));
#6791 = CARTESIAN_POINT('',(291.115056341,213.865473852,585.576866187));
#6792 = CARTESIAN_POINT('',(291.106589834,212.905144583,585.385961032));
#6793 = CARTESIAN_POINT('',(291.098123327,211.944815315,585.195055877));
#6794 = CARTESIAN_POINT('',(291.089694109,210.967038938,585.1));
#6795 = CARTESIAN_POINT('',(291.081538462,210.,585.1));
#6796 = CARTESIAN_POINT('',(291.073382815,209.032961062,585.1));
#6797 = CARTESIAN_POINT('',(291.064953596,208.055184685,585.195055877));
#6798 = CARTESIAN_POINT('',(291.056487089,207.094855417,585.385961032));
#6799 = CARTESIAN_POINT('',(291.048020583,206.134526148,585.576866187));
#6800 = CARTESIAN_POINT('',(291.03951982,205.192001007,585.863570018));
#6801 = CARTESIAN_POINT('',(291.031227588,204.29376166,586.235958297));
#6802 = CARTESIAN_POINT('',(291.027081473,203.844641987,586.422152436));
#6803 = CARTESIAN_POINT('',(291.02302852,203.407914946,586.628754311));
#6804 = CARTESIAN_POINT('',(291.018897721,202.979604232,586.85754805));
#6805 = CARTESIAN_POINT('',(291.014766923,202.551293517,587.086341789));
#6806 = CARTESIAN_POINT('',(291.01058031,202.132271104,587.337150659));
#6807 = CARTESIAN_POINT('',(291.006367117,201.725777985,587.608581597));
#6808 = CARTESIAN_POINT('',(290.997940729,200.912791745,588.151443473));
#6809 = CARTESIAN_POINT('',(290.989409083,200.150422789,588.777307414));
#6810 = CARTESIAN_POINT('',(290.981017735,199.46037751,589.467841733));
#6811 = CARTESIAN_POINT('',(290.976822061,199.11535487,589.813108893));
#6812 = CARTESIAN_POINT('',(290.972661555,198.788304366,590.174401563));
#6813 = CARTESIAN_POINT('',(290.968564903,198.481135718,590.548769093));
#6814 = CARTESIAN_POINT('',(290.964468251,198.17396707,590.923136623));
#6815 = CARTESIAN_POINT('',(290.960368886,197.884919823,591.312524224));
#6816 = CARTESIAN_POINT('',(290.95619565,197.614078085,591.717552395));
#6817 = CARTESIAN_POINT('',(290.947849176,197.072394611,592.527608738));
#6818 = CARTESIAN_POINT('',(290.93932773,196.607201591,593.396933318));
#6819 = CARTESIAN_POINT('',(290.930876288,196.232931293,594.301068591));
#6820 = CARTESIAN_POINT('',(290.926650568,196.045796144,594.753136227));
#6821 = CARTESIAN_POINT('',(290.922442556,195.881244291,595.213806368));
#6822 = CARTESIAN_POINT('',(290.918282294,195.740111412,595.679632255));
#6823 = CARTESIAN_POINT('',(290.914122033,195.598978532,596.145458143));
#6824 = CARTESIAN_POINT('',(290.910053609,195.481560238,596.614726141));
#6825 = CARTESIAN_POINT('',(290.905939298,195.386860302,597.090335383));
#6826 = CARTESIAN_POINT('',(290.897710677,195.197460432,598.041553869));
#6827 = CARTESIAN_POINT('',(290.889240815,195.1,599.020684427));
#6828 = CARTESIAN_POINT('',(290.880769231,195.1,600.));
#6829 = CARTESIAN_POINT('',(290.872297647,195.1,600.979315573));
#6830 = CARTESIAN_POINT('',(290.863827785,195.197460432,601.958446131));
#6831 = CARTESIAN_POINT('',(290.855599163,195.386860302,602.909664617));
#6832 = CARTESIAN_POINT('',(290.851484852,195.481560238,603.385273859));
#6833 = CARTESIAN_POINT('',(290.847416428,195.598978532,603.854541857));
#6834 = CARTESIAN_POINT('',(290.843256167,195.740111412,604.320367745));
#6835 = CARTESIAN_POINT('',(290.839095905,195.881244291,604.786193632));
#6836 = CARTESIAN_POINT('',(290.834887893,196.045796144,605.246863773));
#6837 = CARTESIAN_POINT('',(290.830662173,196.232931293,605.698931409));
#6838 = CARTESIAN_POINT('',(290.822210732,196.607201591,606.603066682));
#6839 = CARTESIAN_POINT('',(290.813689285,197.072394611,607.472391262));
#6840 = CARTESIAN_POINT('',(290.805342812,197.614078085,608.282447605));
#6841 = CARTESIAN_POINT('',(290.801169576,197.884919823,608.687475776));
#6842 = CARTESIAN_POINT('',(290.797070211,198.17396707,609.076863377));
#6843 = CARTESIAN_POINT('',(290.792973559,198.481135718,609.451230907));
#6844 = CARTESIAN_POINT('',(290.788876906,198.788304366,609.825598437));
#6845 = CARTESIAN_POINT('',(290.7847164,199.11535487,610.186891107));
#6846 = CARTESIAN_POINT('',(290.780520727,199.46037751,610.532158267));
#6847 = CARTESIAN_POINT('',(290.772129379,200.150422789,611.222692586));
#6848 = CARTESIAN_POINT('',(290.763597732,200.912791745,611.848556527));
#6849 = CARTESIAN_POINT('',(290.755171344,201.725777985,612.391418403));
#6850 = CARTESIAN_POINT('',(290.750958151,202.132271104,612.662849341));
#6851 = CARTESIAN_POINT('',(290.746771538,202.551293517,612.913658211));
#6852 = CARTESIAN_POINT('',(290.74264074,202.979604232,613.14245195));
#6853 = CARTESIAN_POINT('',(290.738509941,203.407914946,613.371245689));
#6854 = CARTESIAN_POINT('',(290.734456988,203.844641987,613.577847564));
#6855 = CARTESIAN_POINT('',(290.730310873,204.29376166,613.764041703));
#6856 = CARTESIAN_POINT('',(290.722018642,205.192001007,614.136429982));
#6857 = CARTESIAN_POINT('',(290.713517879,206.134526148,614.423133813));
#6858 = CARTESIAN_POINT('',(290.705051372,207.094855417,614.614038968));
#6859 = CARTESIAN_POINT('',(290.696584866,208.055184685,614.804944123));
#6860 = CARTESIAN_POINT('',(290.688155647,209.032961062,614.9));
#6861 = CARTESIAN_POINT('',(290.68,210.,614.9));
#6862 = PCURVE('',#98,#6863);
#6863 = DEFINITIONAL_REPRESENTATION('',(#6864),#7044);
#6864 = B_SPLINE_CURVE_WITH_KNOTS('',3,(#6865,#6866,#6867,#6868,#6869,
    #6870,#6871,#6872,#6873,#6874,#6875,#6876,#6877,#6878,#6879,#6880,
    #6881,#6882,#6883,#6884,#6885,#6886,#6887,#6888,#6889,#6890,#6891,
    #6892,#6893,#6894,#6895,#6896,#6897,#6898,#6899,#6900,#6901,#6902,
    #6903,#6904,#6905,#6906,#6907,#6908,#6909,#6910,#6911,#6912,#6913,
    #6914,#6915,#6916,#6917,#6918,#6919,#6920,#6921,#6922,#6923,#6924,
    #6925,#6926,#6927,#6928,#6929,#6930,#6931,#6932,#6933,#6934,#6935,
    #6936,#6937,#6938,#6939,#6940,#6941,#6942,#6943,#6944,#6945,#6946,
    #6947,#6948,#6949,#6950,#6951,#6952,#6953,#6954,#6955,#6956,#6957,
    #6958,#6959,#6960,#6961,#6962,#6963,#6964,#6965,#6966,#6967,#6968,
    #6969,#6970,#6971,#6972,#6973,#6974,#6975,#6976,#6977,#6978,#6979,
    #6980,#6981,#6982,#6983,#6984,#6985,#6986,#6987,#6988,#6989,#6990,
    #6991,#6992,#6993,#6994,#6995,#6996,#6997,#6998,#6999,#7000,#7001,
    #7002,#7003,#7004,#7005,#7006,#7007,#7008,#7009,#7010,#7011,#7012,
    #7013,#7014,#7015,#7016,#7017,#7018,#7019,#7020,#7021,#7022,#7023,
    #7024,#7025,#7026,#7027,#7028,#7029,#7030,#7031,#7032,#7033,#7034,
    #7035,#7036,#7037,#7038,#7039,#7040,#7041,#7042,#7043),
  .UNSPECIFIED.,.F.,.F.,(4,1,1,1,1,1,1,1,1,1,1,1,1,1,1,1,1,1,1,1,1,1,1,1
    ,1,1,1,1,1,1,1,1,1,1,1,1,1,1,1,1,1,1,1,1,1,1,1,1,1,1,1,1,1,1,1,1,1,1
    ,1,1,1,1,1,1,1,1,1,1,1,1,1,1,1,1,1,1,1,1,1,1,1,1,1,1,1,1,1,1,1,1,1,1
    ,1,1,1,1,1,1,1,1,1,1,1,1,1,1,1,1,1,1,1,1,1,1,1,1,1,1,1,1,1,1,1,1,1,1
    ,1,1,1,1,1,1,1,1,1,1,1,1,1,1,1,1,1,1,1,1,1,1,1,1,1,1,1,1,1,1,1,1,1,1
    ,1,1,1,1,1,1,1,1,1,1,1,1,1,1,1,1,4),(0.6875,0.688210227273,
    0.688920454545,0.689630681818,0.690340909091,0.691051136364,
    0.691761363636,0.692471590909,0.693181818182,0.693892045455,
    0.694602272727,0.6953125,0.696022727273,0.696732954545,
    0.697443181818,0.698153409091,0.698863636364,0.699573863636,
    0.700284090909,0.700994318182,0.701704545455,0.702414772727,0.703125
    ,0.703835227273,0.704545454545,0.705255681818,0.705965909091,
    0.706676136364,0.707386363636,0.708096590909,0.708806818182,
    0.709517045455,0.710227272727,0.7109375,0.711647727273,
    0.712357954545,0.713068181818,0.713778409091,0.714488636364,
    0.715198863636,0.715909090909,0.716619318182,0.717329545455,
    0.718039772727,0.71875,0.719460227273,0.720170454545,0.720880681818,
    0.721590909091,0.722301136364,0.723011363636,0.723721590909,
    0.724431818182,0.725142045455,0.725852272727,0.7265625,
    0.727272727273,0.727982954545,0.728693181818,0.729403409091,
    0.730113636364,0.730823863636,0.731534090909,0.732244318182,
    0.732954545455,0.733664772727,0.734375,0.735085227273,0.735795454545
    ,0.736505681818,0.737215909091,0.737926136364,0.738636363636,
    0.739346590909,0.740056818182,0.740767045455,0.741477272727,
    0.7421875,0.742897727273,0.743607954545,0.744318181818,
    0.745028409091,0.745738636364,0.746448863636,0.747159090909,
    0.747869318182,0.748579545455,0.749289772727,0.75,0.750710227273,
    0.751420454545,0.752130681818,0.752840909091,0.753551136364,
    0.754261363636,0.754971590909,0.755681818182,0.756392045455,
    0.757102272727,0.7578125,0.758522727273,0.759232954545,
    0.759943181818,0.760653409091,0.761363636364,0.762073863636,
    0.762784090909,0.763494318182,0.764204545455,0.764914772727,0.765625
    ,0.766335227273,0.767045454545,0.767755681818,0.768465909091,
    0.769176136364,0.769886363636,0.770596590909,0.771306818182,
    0.772017045455,0.772727272727,0.7734375,0.774147727273,
    0.774857954545,0.775568181818,0.776278409091,0.776988636364,
    0.777698863636,0.778409090909,0.779119318182,0.779829545455,
    0.780539772727,0.78125,0.781960227273,0.782670454545,0.783380681818,
    0.784090909091,0.784801136364,0.785511363636,0.786221590909,
    0.786931818182,0.787642045455,0.788352272727,0.7890625,
    0.789772727273,0.790482954545,0.791193181818,0.791903409091,
    0.792613636364,0.793323863636,0.794034090909,0.794744318182,
    0.795454545455,0.796164772727,0.796875,0.797585227273,0.798295454545
    ,0.799005681818,0.799715909091,0.800426136364,0.801136363636,
    0.801846590909,0.802556818182,0.803267045455,0.803977272727,
    0.8046875,0.805397727273,0.806107954545,0.806818181818,
    0.807528409091,0.808238636364,0.808948863636,0.809659090909,
    0.810369318182,0.811079545455,0.811789772727,0.8125),
  .QUASI_UNIFORM_KNOTS.);
#6865 = CARTESIAN_POINT('',(1.,0.6875));
#6866 = CARTESIAN_POINT('',(1.00000756514,0.687736742824));
#6867 = CARTESIAN_POINT('',(1.000014539709,0.688210238644));
#6868 = CARTESIAN_POINT('',(1.000011479455,0.688920492185));
#6869 = CARTESIAN_POINT('',(1.00001205969,0.68963073045));
#6870 = CARTESIAN_POINT('',(1.000011681493,0.690340943695));
#6871 = CARTESIAN_POINT('',(1.000011574616,0.691051137365));
#6872 = CARTESIAN_POINT('',(1.000011415811,0.691761363061));
#6873 = CARTESIAN_POINT('',(1.000011265324,0.692471570253));
#6874 = CARTESIAN_POINT('',(1.000011202658,0.693181786271));
#6875 = CARTESIAN_POINT('',(1.000010846909,0.693892036985));
#6876 = CARTESIAN_POINT('',(1.000011639698,0.694602219686));
#6877 = CARTESIAN_POINT('',(1.000008193109,0.695312673001));
#6878 = CARTESIAN_POINT('',(0.999955979331,0.696022075948));
#6879 = CARTESIAN_POINT('',(0.999963693881,0.696733204131));
#6880 = CARTESIAN_POINT('',(1.000009126085,0.697443116843));
#6881 = CARTESIAN_POINT('',(1.00000811619,0.698153432637));
#6882 = CARTESIAN_POINT('',(1.000001768497,0.698863632271));
#6883 = CARTESIAN_POINT('',(1.000012811216,0.699573865122));
#6884 = CARTESIAN_POINT('',(1.000009704078,0.700284083739));
#6885 = CARTESIAN_POINT('',(1.000010877856,0.700994312418));
#6886 = CARTESIAN_POINT('',(1.000009125692,0.701704545043));
#6887 = CARTESIAN_POINT('',(1.000014843851,0.702414773672));
#6888 = CARTESIAN_POINT('',(0.999993653767,0.7031250026));
#6889 = CARTESIAN_POINT('',(1.000010538882,0.703835215749));
#6890 = CARTESIAN_POINT('',(1.000007550049,0.704545476623));
#6891 = CARTESIAN_POINT('',(1.000002620267,0.705255586404));
#6892 = CARTESIAN_POINT('',(0.999962392,0.705966814682));
#6893 = CARTESIAN_POINT('',(0.999993607159,0.706676101527));
#6894 = CARTESIAN_POINT('',(1.000015029423,0.707386373076));
#6895 = CARTESIAN_POINT('',(1.000009247362,0.70809659286));
#6896 = CARTESIAN_POINT('',(1.00001126178,0.708806832249));
#6897 = CARTESIAN_POINT('',(1.000009345495,0.709517061354));
#6898 = CARTESIAN_POINT('',(1.000015407593,0.710227280673));
#6899 = CARTESIAN_POINT('',(0.999993540132,0.710937494338));
#6900 = CARTESIAN_POINT('',(1.000010568951,0.711647737505));
#6901 = CARTESIAN_POINT('',(1.000007543409,0.712357902418));
#6902 = CARTESIAN_POINT('',(1.000002616759,0.713068365599));
#6903 = CARTESIAN_POINT('',(0.999963223586,0.713777407219));
#6904 = CARTESIAN_POINT('',(0.999988309651,0.71448870255));
#6905 = CARTESIAN_POINT('',(1.000017780497,0.715198847525));
#6906 = CARTESIAN_POINT('',(1.000009952222,0.715909116986));
#6907 = CARTESIAN_POINT('',(1.000012752634,0.716619354215));
#6908 = CARTESIAN_POINT('',(1.000010415754,0.717329582682));
#6909 = CARTESIAN_POINT('',(1.000018081734,0.718039785878));
#6910 = CARTESIAN_POINT('',(0.99999096029,0.718749999898));
#6911 = CARTESIAN_POINT('',(1.000018078948,0.719460214168));
#6912 = CARTESIAN_POINT('',(1.000010426901,0.720170417293));
#6913 = CARTESIAN_POINT('',(1.000012710834,0.720880645781));
#6914 = CARTESIAN_POINT('',(1.000010108275,0.721590882984));
#6915 = CARTESIAN_POINT('',(1.000017198083,0.722301152513));
#6916 = CARTESIAN_POINT('',(0.999990483251,0.723011297231));
#6917 = CARTESIAN_POINT('',(0.999931411695,0.723722592179));
#6918 = CARTESIAN_POINT('',(1.000008327198,0.724431634328));
#6919 = CARTESIAN_POINT('',(1.000006008113,0.725142097522));
#6920 = CARTESIAN_POINT('',(1.000010999695,0.725852262472));
#6921 = CARTESIAN_POINT('',(0.99999335245,0.72656250548));
#6922 = CARTESIAN_POINT('',(1.0000154592,0.727272719348));
#6923 = CARTESIAN_POINT('',(1.000009326751,0.727982938611));
#6924 = CARTESIAN_POINT('',(1.00001128515,0.728693167733));
#6925 = CARTESIAN_POINT('',(1.000009172626,0.729403407103));
#6926 = CARTESIAN_POINT('',(1.000015304997,0.730113626941));
#6927 = CARTESIAN_POINT('',(0.9999925796,0.730823898288));
#6928 = CARTESIAN_POINT('',(0.999991118283,0.731533184983));
#6929 = CARTESIAN_POINT('',(0.999999553521,0.732244413485));
#6930 = CARTESIAN_POINT('',(1.000008371797,0.732954523328));
#6931 = CARTESIAN_POINT('',(1.000010318635,0.733664784226));
#6932 = CARTESIAN_POINT('',(0.999993713008,0.734374997222));
#6933 = CARTESIAN_POINT('',(1.000014828078,0.735085226344));
#6934 = CARTESIAN_POINT('',(1.000009129543,0.735795454921));
#6935 = CARTESIAN_POINT('',(1.000010878223,0.736505687562));
#6936 = CARTESIAN_POINT('',(1.000009698756,0.73721591623));
#6937 = CARTESIAN_POINT('',(1.000012832133,0.737926134875));
#6938 = CARTESIAN_POINT('',(1.000001690149,0.738636367625));
#6939 = CARTESIAN_POINT('',(1.000008615243,0.739346567319));
#6940 = CARTESIAN_POINT('',(1.000007208224,0.74005688311));
#6941 = CARTESIAN_POINT('',(0.99997166586,0.740766795453));
#6942 = CARTESIAN_POINT('',(0.999935276224,0.741477923435));
#6943 = CARTESIAN_POINT('',(1.000013531534,0.742187326976));
#6944 = CARTESIAN_POINT('',(1.000010209248,0.742897780293));
#6945 = CARTESIAN_POINT('',(1.000011230283,0.743607962996));
#6946 = CARTESIAN_POINT('',(1.00001109961,0.744318213711));
#6947 = CARTESIAN_POINT('',(1.000011294142,0.74502842973));
#6948 = CARTESIAN_POINT('',(1.000011403588,0.745738636921));
#6949 = CARTESIAN_POINT('',(1.00001159469,0.746448862627));
#6950 = CARTESIAN_POINT('',(1.000011613419,0.747159056266));
#6951 = CARTESIAN_POINT('',(1.000012311909,0.747869269635));
#6952 = CARTESIAN_POINT('',(1.00001053865,0.74857950744));
#6953 = CARTESIAN_POINT('',(1.000018050713,0.749289762707));
#6954 = CARTESIAN_POINT('',(0.999990974647,0.750000000003));
#6955 = CARTESIAN_POINT('',(1.000018050703,0.75071023728));
#6956 = CARTESIAN_POINT('',(1.000010538687,0.75142049255));
#6957 = CARTESIAN_POINT('',(1.000012311768,0.752130730352));
#6958 = CARTESIAN_POINT('',(1.000011613949,0.752840943721));
#6959 = CARTESIAN_POINT('',(1.000011592714,0.753551137358));
#6960 = CARTESIAN_POINT('',(1.000011410963,0.754261363063));
#6961 = CARTESIAN_POINT('',(1.000011266621,0.754971570253));
#6962 = CARTESIAN_POINT('',(1.000011202322,0.755681786271));
#6963 = CARTESIAN_POINT('',(1.000010846957,0.756392036985));
#6964 = CARTESIAN_POINT('',(1.000011639842,0.757102219686));
#6965 = CARTESIAN_POINT('',(1.000008192484,0.757812673001));
#6966 = CARTESIAN_POINT('',(0.99995597924,0.758522075948));
#6967 = CARTESIAN_POINT('',(0.999963693907,0.759233204131));
#6968 = CARTESIAN_POINT('',(1.000009126072,0.759943116843));
#6969 = CARTESIAN_POINT('',(1.000008116205,0.760653432637));
#6970 = CARTESIAN_POINT('',(1.000001768452,0.761363632271));
#6971 = CARTESIAN_POINT('',(1.000012811226,0.762073865122));
#6972 = CARTESIAN_POINT('',(1.000009704081,0.762784083739));
#6973 = CARTESIAN_POINT('',(1.000010877833,0.763494312418));
#6974 = CARTESIAN_POINT('',(1.000009125781,0.764204545043));
#6975 = CARTESIAN_POINT('',(1.000014843519,0.764914773672));
#6976 = CARTESIAN_POINT('',(0.99999365501,0.7656250026));
#6977 = CARTESIAN_POINT('',(1.000010538551,0.766335215749));
#6978 = CARTESIAN_POINT('',(1.000007550132,0.767045476623));
#6979 = CARTESIAN_POINT('',(1.000002620265,0.767755586404));
#6980 = CARTESIAN_POINT('',(0.999962392176,0.768466814682));
#6981 = CARTESIAN_POINT('',(0.99999360787,0.769176101527));
#6982 = CARTESIAN_POINT('',(1.000015029233,0.769886373076));
#6983 = CARTESIAN_POINT('',(1.000009247412,0.77059659286));
#6984 = CARTESIAN_POINT('',(1.000011261769,0.771306832249));
#6985 = CARTESIAN_POINT('',(1.000009345491,0.772017061354));
#6986 = CARTESIAN_POINT('',(1.000015407623,0.772727280673));
#6987 = CARTESIAN_POINT('',(0.999993540017,0.773437494338));
#6988 = CARTESIAN_POINT('',(1.000010568981,0.774147737505));
#6989 = CARTESIAN_POINT('',(1.000007543404,0.774857902418));
#6990 = CARTESIAN_POINT('',(1.000002616746,0.775568365599));
#6991 = CARTESIAN_POINT('',(0.999963223625,0.776277407219));
#6992 = CARTESIAN_POINT('',(0.999988309509,0.77698870255));
#6993 = CARTESIAN_POINT('',(1.000017780534,0.777698847525));
#6994 = CARTESIAN_POINT('',(1.000009952215,0.778409116986));
#6995 = CARTESIAN_POINT('',(1.000012752626,0.779119354215));
#6996 = CARTESIAN_POINT('',(1.000010415793,0.779829582682));
#6997 = CARTESIAN_POINT('',(1.000018081588,0.780539785878));
#6998 = CARTESIAN_POINT('',(0.999990960838,0.781249999898));
#6999 = CARTESIAN_POINT('',(1.000018078801,0.781960214168));
#7000 = CARTESIAN_POINT('',(1.000010426939,0.782670417293));
#7001 = CARTESIAN_POINT('',(1.000012710826,0.783380645781));
#7002 = CARTESIAN_POINT('',(1.000010108268,0.784090882984));
#7003 = CARTESIAN_POINT('',(1.000017198121,0.784801152513));
#7004 = CARTESIAN_POINT('',(0.999990483109,0.785511297231));
#7005 = CARTESIAN_POINT('',(0.999931411733,0.786222592179));
#7006 = CARTESIAN_POINT('',(1.000008327185,0.786931634328));
#7007 = CARTESIAN_POINT('',(1.000006008109,0.787642097522));
#7008 = CARTESIAN_POINT('',(1.000010999725,0.788352262472));
#7009 = CARTESIAN_POINT('',(0.999993352335,0.78906250548));
#7010 = CARTESIAN_POINT('',(1.000015459229,0.789772719348));
#7011 = CARTESIAN_POINT('',(1.000009326747,0.790482938611));
#7012 = CARTESIAN_POINT('',(1.000011285139,0.791193167733));
#7013 = CARTESIAN_POINT('',(1.000009172677,0.791903407103));
#7014 = CARTESIAN_POINT('',(1.000015304806,0.792613626941));
#7015 = CARTESIAN_POINT('',(0.99999258031,0.793323898288));
#7016 = CARTESIAN_POINT('',(0.99999111846,0.794033184983));
#7017 = CARTESIAN_POINT('',(0.999999553517,0.794744413485));
#7018 = CARTESIAN_POINT('',(1.000008371881,0.795454523328));
#7019 = CARTESIAN_POINT('',(1.000010318303,0.796164784226));
#7020 = CARTESIAN_POINT('',(0.99999371425,0.796874997222));
#7021 = CARTESIAN_POINT('',(1.000014827746,0.797585226344));
#7022 = CARTESIAN_POINT('',(1.000009129632,0.798295454921));
#7023 = CARTESIAN_POINT('',(1.0000108782,0.799005687562));
#7024 = CARTESIAN_POINT('',(1.000009698759,0.79971591623));
#7025 = CARTESIAN_POINT('',(1.000012832144,0.800426134875));
#7026 = CARTESIAN_POINT('',(1.000001690104,0.801136367625));
#7027 = CARTESIAN_POINT('',(1.000008615257,0.801846567319));
#7028 = CARTESIAN_POINT('',(1.000007208211,0.80255688311));
#7029 = CARTESIAN_POINT('',(0.999971665885,0.803266795453));
#7030 = CARTESIAN_POINT('',(0.999935276135,0.803977923435));
#7031 = CARTESIAN_POINT('',(1.000013530899,0.804687326976));
#7032 = CARTESIAN_POINT('',(1.000010209441,0.805397780293));
#7033 = CARTESIAN_POINT('',(1.000011230145,0.806107962996));
#7034 = CARTESIAN_POINT('',(1.00001109997,0.806818213711));
#7035 = CARTESIAN_POINT('',(1.00001129284,0.80752842973));
#7036 = CARTESIAN_POINT('',(1.000011408439,0.808238636923));
#7037 = CARTESIAN_POINT('',(1.000011576592,0.80894886262));
#7038 = CARTESIAN_POINT('',(1.000011680963,0.809659056292));
#7039 = CARTESIAN_POINT('',(1.000012059832,0.810369269537));
#7040 = CARTESIAN_POINT('',(1.000011479417,0.811079507805));
#7041 = CARTESIAN_POINT('',(1.00001453972,0.811789761345));
#7042 = CARTESIAN_POINT('',(1.00000756514,0.812263257171));
#7043 = CARTESIAN_POINT('',(1.,0.8125));
#7044 = ( GEOMETRIC_REPRESENTATION_CONTEXT(2) 
PARAMETRIC_REPRESENTATION_CONTEXT() REPRESENTATION_CONTEXT('2D SPACE',''
  ) );
#7045 = PCURVE('',#7046,#7051);
#7046 = CYLINDRICAL_SURFACE('',#7047,14.9);
#7047 = AXIS2_PLACEMENT_3D('',#7048,#7049,#7050);
#7048 = CARTESIAN_POINT('',(188.602530506,210.,600.));
#7049 = DIRECTION('',(-1.,0.,0.));
#7050 = DIRECTION('',(0.,0.,1.));
#7051 = DEFINITIONAL_REPRESENTATION('',(#7052),#7232);
#7052 = B_SPLINE_CURVE_WITH_KNOTS('',3,(#7053,#7054,#7055,#7056,#7057,
    #7058,#7059,#7060,#7061,#7062,#7063,#7064,#7065,#7066,#7067,#7068,
    #7069,#7070,#7071,#7072,#7073,#7074,#7075,#7076,#7077,#7078,#7079,
    #7080,#7081,#7082,#7083,#7084,#7085,#7086,#7087,#7088,#7089,#7090,
    #7091,#7092,#7093,#7094,#7095,#7096,#7097,#7098,#7099,#7100,#7101,
    #7102,#7103,#7104,#7105,#7106,#7107,#7108,#7109,#7110,#7111,#7112,
    #7113,#7114,#7115,#7116,#7117,#7118,#7119,#7120,#7121,#7122,#7123,
    #7124,#7125,#7126,#7127,#7128,#7129,#7130,#7131,#7132,#7133,#7134,
    #7135,#7136,#7137,#7138,#7139,#7140,#7141,#7142,#7143,#7144,#7145,
    #7146,#7147,#7148,#7149,#7150,#7151,#7152,#7153,#7154,#7155,#7156,
    #7157,#7158,#7159,#7160,#7161,#7162,#7163,#7164,#7165,#7166,#7167,
    #7168,#7169,#7170,#7171,#7172,#7173,#7174,#7175,#7176,#7177,#7178,
    #7179,#7180,#7181,#7182,#7183,#7184,#7185,#7186,#7187,#7188,#7189,
    #7190,#7191,#7192,#7193,#7194,#7195,#7196,#7197,#7198,#7199,#7200,
    #7201,#7202,#7203,#7204,#7205,#7206,#7207,#7208,#7209,#7210,#7211,
    #7212,#7213,#7214,#7215,#7216,#7217,#7218,#7219,#7220,#7221,#7222,
    #7223,#7224,#7225,#7226,#7227,#7228,#7229,#7230,#7231),
  .UNSPECIFIED.,.F.,.F.,(4,1,1,1,1,1,1,1,1,1,1,1,1,1,1,1,1,1,1,1,1,1,1,1
    ,1,1,1,1,1,1,1,1,1,1,1,1,1,1,1,1,1,1,1,1,1,1,1,1,1,1,1,1,1,1,1,1,1,1
    ,1,1,1,1,1,1,1,1,1,1,1,1,1,1,1,1,1,1,1,1,1,1,1,1,1,1,1,1,1,1,1,1,1,1
    ,1,1,1,1,1,1,1,1,1,1,1,1,1,1,1,1,1,1,1,1,1,1,1,1,1,1,1,1,1,1,1,1,1,1
    ,1,1,1,1,1,1,1,1,1,1,1,1,1,1,1,1,1,1,1,1,1,1,1,1,1,1,1,1,1,1,1,1,1,1
    ,1,1,1,1,1,1,1,1,1,1,1,1,1,1,1,1,4),(0.6875,0.688210227273,
    0.688920454545,0.689630681818,0.690340909091,0.691051136364,
    0.691761363636,0.692471590909,0.693181818182,0.693892045455,
    0.694602272727,0.6953125,0.696022727273,0.696732954545,
    0.697443181818,0.698153409091,0.698863636364,0.699573863636,
    0.700284090909,0.700994318182,0.701704545455,0.702414772727,0.703125
    ,0.703835227273,0.704545454545,0.705255681818,0.705965909091,
    0.706676136364,0.707386363636,0.708096590909,0.708806818182,
    0.709517045455,0.710227272727,0.7109375,0.711647727273,
    0.712357954545,0.713068181818,0.713778409091,0.714488636364,
    0.715198863636,0.715909090909,0.716619318182,0.717329545455,
    0.718039772727,0.71875,0.719460227273,0.720170454545,0.720880681818,
    0.721590909091,0.722301136364,0.723011363636,0.723721590909,
    0.724431818182,0.725142045455,0.725852272727,0.7265625,
    0.727272727273,0.727982954545,0.728693181818,0.729403409091,
    0.730113636364,0.730823863636,0.731534090909,0.732244318182,
    0.732954545455,0.733664772727,0.734375,0.735085227273,0.735795454545
    ,0.736505681818,0.737215909091,0.737926136364,0.738636363636,
    0.739346590909,0.740056818182,0.740767045455,0.741477272727,
    0.7421875,0.742897727273,0.743607954545,0.744318181818,
    0.745028409091,0.745738636364,0.746448863636,0.747159090909,
    0.747869318182,0.748579545455,0.749289772727,0.75,0.750710227273,
    0.751420454545,0.752130681818,0.752840909091,0.753551136364,
    0.754261363636,0.754971590909,0.755681818182,0.756392045455,
    0.757102272727,0.7578125,0.758522727273,0.759232954545,
    0.759943181818,0.760653409091,0.761363636364,0.762073863636,
    0.762784090909,0.763494318182,0.764204545455,0.764914772727,0.765625
    ,0.766335227273,0.767045454545,0.767755681818,0.768465909091,
    0.769176136364,0.769886363636,0.770596590909,0.771306818182,
    0.772017045455,0.772727272727,0.7734375,0.774147727273,
    0.774857954545,0.775568181818,0.776278409091,0.776988636364,
    0.777698863636,0.778409090909,0.779119318182,0.779829545455,
    0.780539772727,0.78125,0.781960227273,0.782670454545,0.783380681818,
    0.784090909091,0.784801136364,0.785511363636,0.786221590909,
    0.786931818182,0.787642045455,0.788352272727,0.7890625,
    0.789772727273,0.790482954545,0.791193181818,0.791903409091,
    0.792613636364,0.793323863636,0.794034090909,0.794744318182,
    0.795454545455,0.796164772727,0.796875,0.797585227273,0.798295454545
    ,0.799005681818,0.799715909091,0.800426136364,0.801136363636,
    0.801846590909,0.802556818182,0.803267045455,0.803977272727,
    0.8046875,0.805397727273,0.806107954545,0.806818181818,
    0.807528409091,0.808238636364,0.808948863636,0.809659090909,
    0.810369318182,0.811079545455,0.811789772727,0.8125),
  .QUASI_UNIFORM_KNOTS.);
#7053 = CARTESIAN_POINT('',(0.,-102.880546417));
#7054 = CARTESIAN_POINT('',(1.180033752153E-02,-102.879063572));
#7055 = CARTESIAN_POINT('',(3.544873013361E-02,-102.8760797949));
#7056 = CARTESIAN_POINT('',(7.104136648424E-02,-102.8715583877));
#7057 = CARTESIAN_POINT('',(0.106730881883,-102.866999762));
#7058 = CARTESIAN_POINT('',(0.14249432883,-102.8624124327));
#7059 = CARTESIAN_POINT('',(0.178309284787,-102.8578049441));
#7060 = CARTESIAN_POINT('',(0.214155457066,-102.8531857311));
#7061 = CARTESIAN_POINT('',(0.250007265502,-102.8485641155));
#7062 = CARTESIAN_POINT('',(0.28584311868,-102.843948911));
#7063 = CARTESIAN_POINT('',(0.321641089258,-102.8393484984));
#7064 = CARTESIAN_POINT('',(0.357374118148,-102.8347730752));
#7065 = CARTESIAN_POINT('',(0.393033154686,-102.8302260047));
#7066 = CARTESIAN_POINT('',(0.428542553801,-102.8257361699));
#7067 = CARTESIAN_POINT('',(0.463972102143,-102.8212767766));
#7068 = CARTESIAN_POINT('',(0.499484433123,-102.8167858436));
#7069 = CARTESIAN_POINT('',(0.53512409862,-102.8122462516));
#7070 = CARTESIAN_POINT('',(0.57084683037,-102.8076746704));
#7071 = CARTESIAN_POINT('',(0.606636498666,-102.8030772654));
#7072 = CARTESIAN_POINT('',(0.642468221746,-102.7984635192));
#7073 = CARTESIAN_POINT('',(0.678320171355,-102.7938421532));
#7074 = CARTESIAN_POINT('',(0.714169062033,-102.7892220405));
#7075 = CARTESIAN_POINT('',(0.749991324641,-102.7846121013));
#7076 = CARTESIAN_POINT('',(0.785764769745,-102.7800209153));
#7077 = CARTESIAN_POINT('',(0.821463947023,-102.775458377));
#7078 = CARTESIAN_POINT('',(0.857076673681,-102.7709291089));
#7079 = CARTESIAN_POINT('',(0.892544460806,-102.7664551749));
#7080 = CARTESIAN_POINT('',(0.928007733743,-102.7619830025));
#7081 = CARTESIAN_POINT('',(0.963546944895,-102.7574817147));
#7082 = CARTESIAN_POINT('',(0.999222637217,-102.7529282414));
#7083 = CARTESIAN_POINT('',(1.034977830863,-102.7483441597));
#7084 = CARTESIAN_POINT('',(1.070788780763,-102.7437387093));
#7085 = CARTESIAN_POINT('',(1.106632362422,-102.7391206214));
#7086 = CARTESIAN_POINT('',(1.142485232933,-102.7344987397));
#7087 = CARTESIAN_POINT('',(1.178324749683,-102.7298819666));
#7088 = CARTESIAN_POINT('',(1.214129314268,-102.7252788576));
#7089 = CARTESIAN_POINT('',(1.249871931966,-102.7206996239));
#7090 = CARTESIAN_POINT('',(1.28554421041,-102.7161475242));
#7091 = CARTESIAN_POINT('',(1.321054923068,-102.7116571199));
#7092 = CARTESIAN_POINT('',(1.356502412356,-102.7071909338));
#7093 = CARTESIAN_POINT('',(1.39200069756,-102.7027053483));
#7094 = CARTESIAN_POINT('',(1.42762582657,-102.6981713715));
#7095 = CARTESIAN_POINT('',(1.463338657551,-102.6936038061));
#7096 = CARTESIAN_POINT('',(1.499120303404,-102.6890096304));
#7097 = CARTESIAN_POINT('',(1.534946506222,-102.6843979552));
#7098 = CARTESIAN_POINT('',(1.570796326795,-102.679777186));
#7099 = CARTESIAN_POINT('',(1.606646147367,-102.6751564167));
#7100 = CARTESIAN_POINT('',(1.642472350186,-102.6705447415));
#7101 = CARTESIAN_POINT('',(1.678253996039,-102.665950566));
#7102 = CARTESIAN_POINT('',(1.71396682702,-102.6613830008));
#7103 = CARTESIAN_POINT('',(1.74959195603,-102.6568490243));
#7104 = CARTESIAN_POINT('',(1.785090241234,-102.6523634391));
#7105 = CARTESIAN_POINT('',(1.820537730522,-102.647897253));
#7106 = CARTESIAN_POINT('',(1.85604844318,-102.6434068487));
#7107 = CARTESIAN_POINT('',(1.891720721623,-102.638854749));
#7108 = CARTESIAN_POINT('',(1.927463339322,-102.6342755153));
#7109 = CARTESIAN_POINT('',(1.963267903907,-102.6296724064));
#7110 = CARTESIAN_POINT('',(1.999107420657,-102.6250556327));
#7111 = CARTESIAN_POINT('',(2.034960291168,-102.620433751));
#7112 = CARTESIAN_POINT('',(2.070803872827,-102.6158156631));
#7113 = CARTESIAN_POINT('',(2.106614822727,-102.6112102127));
#7114 = CARTESIAN_POINT('',(2.142370016373,-102.6066261308));
#7115 = CARTESIAN_POINT('',(2.178045708694,-102.6020726571));
#7116 = CARTESIAN_POINT('',(2.213584919847,-102.5975713695));
#7117 = CARTESIAN_POINT('',(2.249048192784,-102.5930991968));
#7118 = CARTESIAN_POINT('',(2.284515979909,-102.5886252637));
#7119 = CARTESIAN_POINT('',(2.320128706567,-102.5840959959));
#7120 = CARTESIAN_POINT('',(2.355827883845,-102.5795334563));
#7121 = CARTESIAN_POINT('',(2.391601328949,-102.5749422707));
#7122 = CARTESIAN_POINT('',(2.427423591557,-102.5703323316));
#7123 = CARTESIAN_POINT('',(2.463272482235,-102.5657122193));
#7124 = CARTESIAN_POINT('',(2.499124431843,-102.5610908536));
#7125 = CARTESIAN_POINT('',(2.534956154923,-102.5564771075));
#7126 = CARTESIAN_POINT('',(2.57074582322,-102.5518797025));
#7127 = CARTESIAN_POINT('',(2.60646855497,-102.5473081213));
#7128 = CARTESIAN_POINT('',(2.642108220467,-102.5427685293));
#7129 = CARTESIAN_POINT('',(2.677620551448,-102.5382775963));
#7130 = CARTESIAN_POINT('',(2.713050099785,-102.533818203));
#7131 = CARTESIAN_POINT('',(2.748559498916,-102.5293283684));
#7132 = CARTESIAN_POINT('',(2.784218535397,-102.5247812973));
#7133 = CARTESIAN_POINT('',(2.819951564501,-102.520205874));
#7134 = CARTESIAN_POINT('',(2.855749534276,-102.5156054617));
#7135 = CARTESIAN_POINT('',(2.891585390454,-102.5109902563));
#7136 = CARTESIAN_POINT('',(2.927437187694,-102.5063686452));
#7137 = CARTESIAN_POINT('',(2.963283401757,-102.5017494161));
#7138 = CARTESIAN_POINT('',(2.999098201773,-102.4971419863));
#7139 = CARTESIAN_POINT('',(3.0348622307,-102.4925544365));
#7140 = CARTESIAN_POINT('',(3.070549574122,-102.4879966342));
#7141 = CARTESIAN_POINT('',(3.106150316398,-102.4834721547));
#7142 = CARTESIAN_POINT('',(3.14159265359,-102.479007956));
#7143 = CARTESIAN_POINT('',(3.177034990781,-102.4745437571));
#7144 = CARTESIAN_POINT('',(3.212635733058,-102.4700192774));
#7145 = CARTESIAN_POINT('',(3.24832307648,-102.4654614748));
#7146 = CARTESIAN_POINT('',(3.284087105406,-102.4608739248));
#7147 = CARTESIAN_POINT('',(3.319901905423,-102.4562664948));
#7148 = CARTESIAN_POINT('',(3.355748119486,-102.4516472659));
#7149 = CARTESIAN_POINT('',(3.391599916725,-102.4470256551));
#7150 = CARTESIAN_POINT('',(3.427435772904,-102.4424104496));
#7151 = CARTESIAN_POINT('',(3.463233742678,-102.4378100372));
#7152 = CARTESIAN_POINT('',(3.498966771783,-102.4332346137));
#7153 = CARTESIAN_POINT('',(3.534625808264,-102.4286875425));
#7154 = CARTESIAN_POINT('',(3.570135207394,-102.4241977079));
#7155 = CARTESIAN_POINT('',(3.605564755732,-102.4197383146));
#7156 = CARTESIAN_POINT('',(3.641077086713,-102.4152473817));
#7157 = CARTESIAN_POINT('',(3.67671675221,-102.4107077896));
#7158 = CARTESIAN_POINT('',(3.71243948396,-102.4061362084));
#7159 = CARTESIAN_POINT('',(3.748229152256,-102.4015388034));
#7160 = CARTESIAN_POINT('',(3.784060875336,-102.3969250573));
#7161 = CARTESIAN_POINT('',(3.819912824945,-102.3923036916));
#7162 = CARTESIAN_POINT('',(3.855761715623,-102.3876835793));
#7163 = CARTESIAN_POINT('',(3.89158397823,-102.3830736402));
#7164 = CARTESIAN_POINT('',(3.927357423335,-102.3784824546));
#7165 = CARTESIAN_POINT('',(3.963056600613,-102.373919915));
#7166 = CARTESIAN_POINT('',(3.998669327271,-102.3693906472));
#7167 = CARTESIAN_POINT('',(4.034137114396,-102.3649167141));
#7168 = CARTESIAN_POINT('',(4.069600387332,-102.3604445414));
#7169 = CARTESIAN_POINT('',(4.105139598485,-102.3559432538));
#7170 = CARTESIAN_POINT('',(4.140815290807,-102.3513897801));
#7171 = CARTESIAN_POINT('',(4.176570484453,-102.3468056982));
#7172 = CARTESIAN_POINT('',(4.212381434353,-102.3422002478));
#7173 = CARTESIAN_POINT('',(4.248225016012,-102.3375821599));
#7174 = CARTESIAN_POINT('',(4.284077886522,-102.3329602782));
#7175 = CARTESIAN_POINT('',(4.319917403273,-102.3283435045));
#7176 = CARTESIAN_POINT('',(4.355721967858,-102.3237403956));
#7177 = CARTESIAN_POINT('',(4.391464585556,-102.3191611619));
#7178 = CARTESIAN_POINT('',(4.427136864,-102.3146090622));
#7179 = CARTESIAN_POINT('',(4.462647576658,-102.3101186579));
#7180 = CARTESIAN_POINT('',(4.498095065946,-102.3056524718));
#7181 = CARTESIAN_POINT('',(4.53359335115,-102.3011668866));
#7182 = CARTESIAN_POINT('',(4.56921848016,-102.2966329101));
#7183 = CARTESIAN_POINT('',(4.604931311141,-102.2920653449));
#7184 = CARTESIAN_POINT('',(4.640712956994,-102.2874711694));
#7185 = CARTESIAN_POINT('',(4.676539159812,-102.2828594942));
#7186 = CARTESIAN_POINT('',(4.712388980385,-102.278238725));
#7187 = CARTESIAN_POINT('',(4.748238800957,-102.2736179557));
#7188 = CARTESIAN_POINT('',(4.784065003775,-102.2690062805));
#7189 = CARTESIAN_POINT('',(4.819846649629,-102.2644121048));
#7190 = CARTESIAN_POINT('',(4.855559480609,-102.2598445394));
#7191 = CARTESIAN_POINT('',(4.891184609619,-102.2553105626));
#7192 = CARTESIAN_POINT('',(4.926682894824,-102.2508249771));
#7193 = CARTESIAN_POINT('',(4.962130384111,-102.246358791));
#7194 = CARTESIAN_POINT('',(4.99764109677,-102.2418683867));
#7195 = CARTESIAN_POINT('',(5.033313375213,-102.237316287));
#7196 = CARTESIAN_POINT('',(5.069055992911,-102.2327370533));
#7197 = CARTESIAN_POINT('',(5.104860557497,-102.2281339443));
#7198 = CARTESIAN_POINT('',(5.140700074247,-102.2235171712));
#7199 = CARTESIAN_POINT('',(5.176552944757,-102.2188952895));
#7200 = CARTESIAN_POINT('',(5.212396526416,-102.2142772016));
#7201 = CARTESIAN_POINT('',(5.248207476317,-102.2096717512));
#7202 = CARTESIAN_POINT('',(5.283962669963,-102.2050876695));
#7203 = CARTESIAN_POINT('',(5.319638362284,-102.2005341962));
#7204 = CARTESIAN_POINT('',(5.355177573437,-102.1960329084));
#7205 = CARTESIAN_POINT('',(5.390640846373,-102.191560736));
#7206 = CARTESIAN_POINT('',(5.426108633498,-102.187086802));
#7207 = CARTESIAN_POINT('',(5.461721360157,-102.1825575339));
#7208 = CARTESIAN_POINT('',(5.497420537435,-102.1779949956));
#7209 = CARTESIAN_POINT('',(5.533193982539,-102.1734038096));
#7210 = CARTESIAN_POINT('',(5.569016245146,-102.1687938704));
#7211 = CARTESIAN_POINT('',(5.604865135825,-102.1641737577));
#7212 = CARTESIAN_POINT('',(5.640717085433,-102.1595523917));
#7213 = CARTESIAN_POINT('',(5.676548808513,-102.1549386455));
#7214 = CARTESIAN_POINT('',(5.71233847681,-102.1503412405));
#7215 = CARTESIAN_POINT('',(5.748061208559,-102.1457696593));
#7216 = CARTESIAN_POINT('',(5.783700874057,-102.1412300673));
#7217 = CARTESIAN_POINT('',(5.819213205037,-102.1367391343));
#7218 = CARTESIAN_POINT('',(5.854642753378,-102.132279741));
#7219 = CARTESIAN_POINT('',(5.890152152494,-102.1277899062));
#7220 = CARTESIAN_POINT('',(5.925811189032,-102.1232428357));
#7221 = CARTESIAN_POINT('',(5.961544217921,-102.1186674125));
#7222 = CARTESIAN_POINT('',(5.997342188499,-102.1140669999));
#7223 = CARTESIAN_POINT('',(6.033178041678,-102.1094517954));
#7224 = CARTESIAN_POINT('',(6.069029850114,-102.1048301798));
#7225 = CARTESIAN_POINT('',(6.104876022393,-102.1002109668));
#7226 = CARTESIAN_POINT('',(6.14069097835,-102.0956034782));
#7227 = CARTESIAN_POINT('',(6.176454425297,-102.0910161489));
#7228 = CARTESIAN_POINT('',(6.212143940695,-102.0864575232));
#7229 = CARTESIAN_POINT('',(6.247736577046,-102.081936116));
#7230 = CARTESIAN_POINT('',(6.271384969658,-102.0789523389));
#7231 = CARTESIAN_POINT('',(6.28318530718,-102.077469494));
#7232 = ( GEOMETRIC_REPRESENTATION_CONTEXT(2) 
PARAMETRIC_REPRESENTATION_CONTEXT() REPRESENTATION_CONTEXT('2D SPACE',''
  ) );
#7233 = ORIENTED_EDGE('',*,*,#7234,.T.);
#7234 = EDGE_CURVE('',#6725,#22,#7235,.T.);
#7235 = SURFACE_CURVE('',#7236,(#7352,#7513),.PCURVE_S1.);
#7236 = B_SPLINE_CURVE_WITH_KNOTS('',3,(#7237,#7238,#7239,#7240,#7241,
    #7242,#7243,#7244,#7245,#7246,#7247,#7248,#7249,#7250,#7251,#7252,
    #7253,#7254,#7255,#7256,#7257,#7258,#7259,#7260,#7261,#7262,#7263,
    #7264,#7265,#7266,#7267,#7268,#7269,#7270,#7271,#7272,#7273,#7274,
    #7275,#7276,#7277,#7278,#7279,#7280,#7281,#7282,#7283,#7284,#7285,
    #7286,#7287,#7288,#7289,#7290,#7291,#7292,#7293,#7294,#7295,#7296,
    #7297,#7298,#7299,#7300,#7301,#7302,#7303,#7304,#7305,#7306,#7307,
    #7308,#7309,#7310,#7311,#7312,#7313,#7314,#7315,#7316,#7317,#7318,
    #7319,#7320,#7321,#7322,#7323,#7324,#7325,#7326,#7327,#7328,#7329,
    #7330,#7331,#7332,#7333,#7334,#7335,#7336,#7337,#7338,#7339,#7340,
    #7341,#7342,#7343,#7344,#7345,#7346,#7347,#7348,#7349,#7350,#7351),
  .UNSPECIFIED.,.F.,.F.,(4,3,3,3,3,3,3,3,3,3,3,3,3,3,3,3,3,3,3,3,3,3,3,3
    ,3,3,3,3,3,3,3,3,3,3,3,3,3,3,4),(0.8125,0.815321361,0.818142722,
    0.820964083,0.822374764,0.823785445,0.826606806,0.829428167,
    0.830838848,0.832249528,0.835070889,0.83789225,0.840713612,
    0.843534973,0.846356334,0.847767014,0.849177695,0.851999056,
    0.854820417,0.856231098,0.857641779,0.86046314,0.863284501,
    0.868927223,0.871748584,0.874569945,0.875980626,0.877391307,
    0.880212668,0.883034029,0.884444709,0.88585539,0.888676751,
    0.891498112,0.894319474,0.897140835,0.899962196,0.901372876,
    0.902783557),.UNSPECIFIED.);
#7237 = CARTESIAN_POINT('',(290.68,210.,614.9));
#7238 = CARTESIAN_POINT('',(290.674109433,210.698461718,614.9));
#7239 = CARTESIAN_POINT('',(290.668076792,211.402505252,614.850642342));
#7240 = CARTESIAN_POINT('',(290.661989476,212.101561812,614.751048707));
#7241 = CARTESIAN_POINT('',(290.65590216,212.800618372,614.651455071));
#7242 = CARTESIAN_POINT('',(290.649760907,213.494613211,614.501624344));
#7243 = CARTESIAN_POINT('',(290.643658362,214.173034436,614.303698249));
#7244 = CARTESIAN_POINT('',(290.637555817,214.851455661,614.105772154));
#7245 = CARTESIAN_POINT('',(290.631492752,215.514233636,613.85977997));
#7246 = CARTESIAN_POINT('',(290.625557842,216.151960252,613.570681083));
#7247 = CARTESIAN_POINT('',(290.622590386,216.47082356,613.42613164));
#7248 = CARTESIAN_POINT('',(290.61965424,216.783509801,613.270912717));
#7249 = CARTESIAN_POINT('',(290.616666267,217.09210929,613.10389201));
#7250 = CARTESIAN_POINT('',(290.613678294,217.40070878,612.936871303));
#7251 = CARTESIAN_POINT('',(290.610662105,217.704369496,612.758411523));
#7252 = CARTESIAN_POINT('',(290.607628561,218.001864498,612.569016053));
#7253 = CARTESIAN_POINT('',(290.601561472,218.596854502,612.190225115));
#7254 = CARTESIAN_POINT('',(290.595425267,219.167061575,611.767538845));
#7255 = CARTESIAN_POINT('',(290.589312491,219.703651615,611.307039636));
#7256 = CARTESIAN_POINT('',(290.583199715,220.240241656,610.846540427));
#7257 = CARTESIAN_POINT('',(290.577110999,220.743163418,610.348279206));
#7258 = CARTESIAN_POINT('',(290.571136432,221.205679053,609.820527326));
#7259 = CARTESIAN_POINT('',(290.568149149,221.436936871,609.556651386));
#7260 = CARTESIAN_POINT('',(290.565213814,221.657591983,609.286179988));
#7261 = CARTESIAN_POINT('',(290.562245582,221.869249514,609.007270173));
#7262 = CARTESIAN_POINT('',(290.55927735,222.080907046,608.728360358));
#7263 = CARTESIAN_POINT('',(290.55627736,222.283472662,608.440991046));
#7264 = CARTESIAN_POINT('',(290.553256421,222.476015756,608.146105257));
#7265 = CARTESIAN_POINT('',(290.547214543,222.861101945,607.556333678));
#7266 = CARTESIAN_POINT('',(290.541088449,223.205937487,606.936388746));
#7267 = CARTESIAN_POINT('',(290.534970439,223.504775167,606.295319506));
#7268 = CARTESIAN_POINT('',(290.528852428,223.803612847,605.654250267));
#7269 = CARTESIAN_POINT('',(290.522742985,224.056425383,604.99211988));
#7270 = CARTESIAN_POINT('',(290.516733447,224.260240873,604.319204816));
#7271 = CARTESIAN_POINT('',(290.51072391,224.464056363,603.646289753));
#7272 = CARTESIAN_POINT('',(290.504882595,224.618861457,602.965362801));
#7273 = CARTESIAN_POINT('',(290.498870653,224.726010672,602.270376554));
#7274 = CARTESIAN_POINT('',(290.49285871,224.833159887,601.575390307));
#7275 = CARTESIAN_POINT('',(290.486747931,224.891445425,600.868986206));
#7276 = CARTESIAN_POINT('',(290.480629732,224.89912234,600.161720385));
#7277 = CARTESIAN_POINT('',(290.474511533,224.906799256,599.454454564));
#7278 = CARTESIAN_POINT('',(290.4683864,224.86386511,598.746395805));
#7279 = CARTESIAN_POINT('',(290.46234658,224.77160853,598.04818509));
#7280 = CARTESIAN_POINT('',(290.459326671,224.72548024,597.699079732));
#7281 = CARTESIAN_POINT('',(290.456327975,224.667069092,597.352429183));
#7282 = CARTESIAN_POINT('',(290.4533613,224.596808632,597.009485369));
#7283 = CARTESIAN_POINT('',(290.450394625,224.526548172,596.666541554));
#7284 = CARTESIAN_POINT('',(290.447457607,224.444501829,596.327192452));
#7285 = CARTESIAN_POINT('',(290.444468946,224.350039881,595.989220099));
#7286 = CARTESIAN_POINT('',(290.438491626,224.161115985,595.313275391));
#7287 = CARTESIAN_POINT('',(290.432401202,223.923004127,594.646498799));
#7288 = CARTESIAN_POINT('',(290.426287865,223.638222588,593.999259659));
#7289 = CARTESIAN_POINT('',(290.420174529,223.353441049,593.35202052));
#7290 = CARTESIAN_POINT('',(290.414038898,223.022014131,592.724386544));
#7291 = CARTESIAN_POINT('',(290.407973508,222.649294194,592.125652002));
#7292 = CARTESIAN_POINT('',(290.404940812,222.462934225,591.826284731));
#7293 = CARTESIAN_POINT('',(290.401925748,222.266294454,591.534120712));
#7294 = CARTESIAN_POINT('',(290.398939157,222.060265053,591.250142467));
#7295 = CARTESIAN_POINT('',(290.395952566,221.854235652,590.966164223));
#7296 = CARTESIAN_POINT('',(290.393017983,221.639428516,590.691062653));
#7297 = CARTESIAN_POINT('',(290.390048977,221.414359528,590.422818966));
#7298 = CARTESIAN_POINT('',(290.384110967,220.964221551,589.886331592));
#7299 = CARTESIAN_POINT('',(290.378045836,220.472871635,589.377926734));
#7300 = CARTESIAN_POINT('',(290.371942361,219.94666539,588.906134686));
#7301 = CARTESIAN_POINT('',(290.365838887,219.420459146,588.434342638));
#7302 = CARTESIAN_POINT('',(290.359697835,218.859446781,587.999219644));
#7303 = CARTESIAN_POINT('',(290.353611847,218.272192321,587.607226533));
#7304 = CARTESIAN_POINT('',(290.341439873,217.0976834,586.823240309));
#7305 = CARTESIAN_POINT('',(290.329767987,215.82906429,586.214983163));
#7306 = CARTESIAN_POINT('',(290.317590754,214.482148786,585.790132222));
#7307 = CARTESIAN_POINT('',(290.311502138,213.808691035,585.577706752));
#7308 = CARTESIAN_POINT('',(290.305360711,213.118118876,585.41278942));
#7309 = CARTESIAN_POINT('',(290.299259123,212.420841608,585.297975449));
#7310 = CARTESIAN_POINT('',(290.293157535,211.723564339,585.183161477));
#7311 = CARTESIAN_POINT('',(290.287096564,211.019657546,585.118454352));
#7312 = CARTESIAN_POINT('',(290.28116478,210.319745621,585.103431176));
#7313 = CARTESIAN_POINT('',(290.278198887,209.969789659,585.095919588));
#7314 = CARTESIAN_POINT('',(290.275260938,209.620659261,585.100695732));
#7315 = CARTESIAN_POINT('',(290.272271594,209.270128908,585.117886972));
#7316 = CARTESIAN_POINT('',(290.269282251,208.919598556,585.135078211));
#7317 = CARTESIAN_POINT('',(290.26626495,208.568586671,585.164722699));
#7318 = CARTESIAN_POINT('',(290.26323057,208.21841779,585.206894686));
#7319 = CARTESIAN_POINT('',(290.25716181,207.518080027,585.291238661));
#7320 = CARTESIAN_POINT('',(290.251025057,206.821157333,585.42588199));
#7321 = CARTESIAN_POINT('',(290.244912867,206.138242483,585.609140787));
#7322 = CARTESIAN_POINT('',(290.238800678,205.455327632,585.792399585));
#7323 = CARTESIAN_POINT('',(290.232713695,204.786489064,586.024249768));
#7324 = CARTESIAN_POINT('',(290.226741907,204.141368256,586.300130143));
#7325 = CARTESIAN_POINT('',(290.223756013,203.818807852,586.438070331));
#7326 = CARTESIAN_POINT('',(290.22082212,203.502955928,586.586534746));
#7327 = CARTESIAN_POINT('',(290.217852344,203.191465915,586.746552765));
#7328 = CARTESIAN_POINT('',(290.214882568,202.879975902,586.906570784));
#7329 = CARTESIAN_POINT('',(290.211881299,202.573038165,587.07814657));
#7330 = CARTESIAN_POINT('',(290.208859344,202.271898796,587.26083002));
#7331 = CARTESIAN_POINT('',(290.202815434,201.669620059,587.626196919));
#7332 = CARTESIAN_POINT('',(290.19668841,201.090634379,588.036160061));
#7333 = CARTESIAN_POINT('',(290.190570617,200.544027227,588.485028054));
#7334 = CARTESIAN_POINT('',(290.184452824,199.997420075,588.933896047));
#7335 = CARTESIAN_POINT('',(290.178344745,199.483243203,589.421623524));
#7336 = CARTESIAN_POINT('',(290.17233764,199.008604098,589.940217889));
#7337 = CARTESIAN_POINT('',(290.166330535,198.533964992,590.458812255));
#7338 = CARTESIAN_POINT('',(290.160488992,198.099976022,591.00588824));
#7339 = CARTESIAN_POINT('',(290.154474669,197.702844704,591.586322348));
#7340 = CARTESIAN_POINT('',(290.148460346,197.305713387,592.166756456));
#7341 = CARTESIAN_POINT('',(290.142348258,196.947742091,592.778583503));
#7342 = CARTESIAN_POINT('',(290.136229897,196.635053736,593.413027148));
#7343 = CARTESIAN_POINT('',(290.130111535,196.322365381,594.047470792));
#7344 = CARTESIAN_POINT('',(290.123987389,196.054991696,594.704469878));
#7345 = CARTESIAN_POINT('',(290.117949653,195.836352987,595.373867352));
#7346 = CARTESIAN_POINT('',(290.114930786,195.727033632,595.708566089));
#7347 = CARTESIAN_POINT('',(290.111933395,195.629851762,596.046350583));
#7348 = CARTESIAN_POINT('',(290.108968289,195.544955478,596.38590428));
#7349 = CARTESIAN_POINT('',(290.106003183,195.460059195,596.725457976));
#7350 = CARTESIAN_POINT('',(290.103072241,195.387311117,597.066996566));
#7351 = CARTESIAN_POINT('',(290.100055087,195.326364441,597.412642376));
#7352 = PCURVE('',#98,#7353);
#7353 = DEFINITIONAL_REPRESENTATION('',(#7354),#7512);
#7354 = B_SPLINE_CURVE_WITH_KNOTS('',3,(#7355,#7356,#7357,#7358,#7359,
    #7360,#7361,#7362,#7363,#7364,#7365,#7366,#7367,#7368,#7369,#7370,
    #7371,#7372,#7373,#7374,#7375,#7376,#7377,#7378,#7379,#7380,#7381,
    #7382,#7383,#7384,#7385,#7386,#7387,#7388,#7389,#7390,#7391,#7392,
    #7393,#7394,#7395,#7396,#7397,#7398,#7399,#7400,#7401,#7402,#7403,
    #7404,#7405,#7406,#7407,#7408,#7409,#7410,#7411,#7412,#7413,#7414,
    #7415,#7416,#7417,#7418,#7419,#7420,#7421,#7422,#7423,#7424,#7425,
    #7426,#7427,#7428,#7429,#7430,#7431,#7432,#7433,#7434,#7435,#7436,
    #7437,#7438,#7439,#7440,#7441,#7442,#7443,#7444,#7445,#7446,#7447,
    #7448,#7449,#7450,#7451,#7452,#7453,#7454,#7455,#7456,#7457,#7458,
    #7459,#7460,#7461,#7462,#7463,#7464,#7465,#7466,#7467,#7468,#7469,
    #7470,#7471,#7472,#7473,#7474,#7475,#7476,#7477,#7478,#7479,#7480,
    #7481,#7482,#7483,#7484,#7485,#7486,#7487,#7488,#7489,#7490,#7491,
    #7492,#7493,#7494,#7495,#7496,#7497,#7498,#7499,#7500,#7501,#7502,
    #7503,#7504,#7505,#7506,#7507,#7508,#7509,#7510,#7511),
  .UNSPECIFIED.,.F.,.F.,(4,1,1,1,1,1,1,1,1,1,1,1,1,1,1,1,1,1,1,1,1,1,1,1
    ,1,1,1,1,1,1,1,1,1,1,1,1,1,1,1,1,1,1,1,1,1,1,1,1,1,1,1,1,1,1,1,1,1,1
    ,1,1,1,1,1,1,1,1,1,1,1,1,1,1,1,1,1,1,1,1,1,1,1,1,1,1,1,1,1,1,1,1,1,1
    ,1,1,1,1,1,1,1,1,1,1,1,1,1,1,1,1,1,1,1,1,1,1,1,1,1,1,1,1,1,1,1,1,1,1
    ,1,1,1,1,1,1,1,1,1,1,1,1,1,1,1,1,1,1,1,1,1,1,1,1,1,1,1,1,4),(0.8125,
    0.813086256864,0.813672513727,0.814258770591,0.814845027455,
    0.815431284318,0.816017541182,0.816603798045,0.817190054909,
    0.817776311773,0.818362568636,0.8189488255,0.819535082364,
    0.820121339227,0.820707596091,0.821293852955,0.821880109818,
    0.822466366682,0.823052623545,0.823638880409,0.824225137273,
    0.824811394136,0.825397651,0.825983907864,0.826570164727,
    0.827156421591,0.827742678455,0.828328935318,0.828915192182,
    0.829501449045,0.830087705909,0.830673962773,0.831260219636,
    0.8318464765,0.832432733364,0.833018990227,0.833605247091,
    0.834191503955,0.834777760818,0.835364017682,0.835950274545,
    0.836536531409,0.837122788273,0.837709045136,0.838295302,
    0.838881558864,0.839467815727,0.840054072591,0.840640329455,
    0.841226586318,0.841812843182,0.842399100045,0.842985356909,
    0.843571613773,0.844157870636,0.8447441275,0.845330384364,
    0.845916641227,0.846502898091,0.847089154955,0.847675411818,
    0.848261668682,0.848847925545,0.849434182409,0.850020439273,
    0.850606696136,0.851192953,0.851779209864,0.852365466727,
    0.852951723591,0.853537980455,0.854124237318,0.854710494182,
    0.855296751045,0.855883007909,0.856469264773,0.857055521636,
    0.8576417785,0.858228035364,0.858814292227,0.859400549091,
    0.859986805955,0.860573062818,0.861159319682,0.861745576545,
    0.862331833409,0.862918090273,0.863504347136,0.864090604,
    0.864676860864,0.865263117727,0.865849374591,0.866435631455,
    0.867021888318,0.867608145182,0.868194402045,0.868780658909,
    0.869366915773,0.869953172636,0.8705394295,0.871125686364,
    0.871711943227,0.872298200091,0.872884456955,0.873470713818,
    0.874056970682,0.874643227545,0.875229484409,0.875815741273,
    0.876401998136,0.876988255,0.877574511864,0.878160768727,
    0.878747025591,0.879333282455,0.879919539318,0.880505796182,
    0.881092053045,0.881678309909,0.882264566773,0.882850823636,
    0.8834370805,0.884023337364,0.884609594227,0.885195851091,
    0.885782107955,0.886368364818,0.886954621682,0.887540878545,
    0.888127135409,0.888713392273,0.889299649136,0.889885906,
    0.890472162864,0.891058419727,0.891644676591,0.892230933455,
    0.892817190318,0.893403447182,0.893989704045,0.894575960909,
    0.895162217773,0.895748474636,0.8963347315,0.896920988364,
    0.897507245227,0.898093502091,0.898679758955,0.899266015818,
    0.899852272682,0.900438529545,0.901024786409,0.901611043273,
    0.902197300136,0.902783557),.QUASI_UNIFORM_KNOTS.);
#7355 = CARTESIAN_POINT('',(1.,0.8125));
#7356 = CARTESIAN_POINT('',(1.000007578011,0.812695419467));
#7357 = CARTESIAN_POINT('',(1.000014477249,0.813086262101));
#7358 = CARTESIAN_POINT('',(1.000011896642,0.813672528389));
#7359 = CARTESIAN_POINT('',(1.000010862549,0.814258785575));
#7360 = CARTESIAN_POINT('',(1.000016628156,0.814845031566));
#7361 = CARTESIAN_POINT('',(0.999993702813,0.815431283964));
#7362 = CARTESIAN_POINT('',(1.000016466468,0.816017542119));
#7363 = CARTESIAN_POINT('',(1.000009871071,0.816603799414));
#7364 = CARTESIAN_POINT('',(1.000012744388,0.817190056897));
#7365 = CARTESIAN_POINT('',(1.000007149432,0.817776311514));
#7366 = CARTESIAN_POINT('',(1.000002017227,0.818362568932));
#7367 = CARTESIAN_POINT('',(1.000013492575,0.818948814793));
#7368 = CARTESIAN_POINT('',(1.000010189757,0.819535067027));
#7369 = CARTESIAN_POINT('',(1.000011404341,0.82012132913));
#7370 = CARTESIAN_POINT('',(1.000009368142,0.82070759404));
#7371 = CARTESIAN_POINT('',(0.999989544471,0.821293857863));
#7372 = CARTESIAN_POINT('',(0.999974641284,0.821880503667));
#7373 = CARTESIAN_POINT('',(1.000005312833,0.822466263514));
#7374 = CARTESIAN_POINT('',(1.000004990914,0.823052654024));
#7375 = CARTESIAN_POINT('',(0.999995919146,0.823638871815));
#7376 = CARTESIAN_POINT('',(1.000014297614,0.824225139374));
#7377 = CARTESIAN_POINT('',(1.000009729608,0.824811395935));
#7378 = CARTESIAN_POINT('',(1.000009425117,0.825397655146));
#7379 = CARTESIAN_POINT('',(1.000015045846,0.825983909639));
#7380 = CARTESIAN_POINT('',(0.999992734753,0.826570164293));
#7381 = CARTESIAN_POINT('',(1.000015041088,0.827156416895));
#7382 = CARTESIAN_POINT('',(1.000009275651,0.827742663044));
#7383 = CARTESIAN_POINT('',(1.000009994841,0.828328932099));
#7384 = CARTESIAN_POINT('',(1.00001287907,0.828915154519));
#7385 = CARTESIAN_POINT('',(1.000000650135,0.829501570057));
#7386 = CARTESIAN_POINT('',(0.999981792715,0.830087191418));
#7387 = CARTESIAN_POINT('',(0.999999502386,0.830674090732));
#7388 = CARTESIAN_POINT('',(1.000003207858,0.83126018757));
#7389 = CARTESIAN_POINT('',(1.000002328611,0.831846488002));
#7390 = CARTESIAN_POINT('',(1.000001404614,0.832432730151));
#7391 = CARTESIAN_POINT('',(1.000013054265,0.833018993197));
#7392 = CARTESIAN_POINT('',(1.000009622821,0.833605252528));
#7393 = CARTESIAN_POINT('',(1.000011987208,0.834191509484));
#7394 = CARTESIAN_POINT('',(1.000006284601,0.834777761222));
#7395 = CARTESIAN_POINT('',(1.000006233733,0.835364017419));
#7396 = CARTESIAN_POINT('',(1.000012139811,0.835950266529));
#7397 = CARTESIAN_POINT('',(1.000010252075,0.83653652372));
#7398 = CARTESIAN_POINT('',(1.000012368435,0.837122778297));
#7399 = CARTESIAN_POINT('',(1.000006301155,0.837709063274));
#7400 = CARTESIAN_POINT('',(0.999983654549,0.8382952302));
#7401 = CARTESIAN_POINT('',(0.999892704594,0.838880879334));
#7402 = CARTESIAN_POINT('',(0.999853196545,0.839468345551));
#7403 = CARTESIAN_POINT('',(0.999928035831,0.840054472497));
#7404 = CARTESIAN_POINT('',(1.000012951572,0.840640235322));
#7405 = CARTESIAN_POINT('',(1.000011350298,0.84122661368));
#7406 = CARTESIAN_POINT('',(1.00001244265,0.841812843579));
#7407 = CARTESIAN_POINT('',(1.000010554101,0.842399110484));
#7408 = CARTESIAN_POINT('',(1.000017952456,0.842985359525));
#7409 = CARTESIAN_POINT('',(0.999991243493,0.843571613393));
#7410 = CARTESIAN_POINT('',(1.000018004355,0.844157866905));
#7411 = CARTESIAN_POINT('',(1.000010982769,0.844744120967));
#7412 = CARTESIAN_POINT('',(1.00001127491,0.845330379455));
#7413 = CARTESIAN_POINT('',(1.000016155573,0.845916642579));
#7414 = CARTESIAN_POINT('',(0.999995426838,0.846502890292));
#7415 = CARTESIAN_POINT('',(1.000005277016,0.847089176789));
#7416 = CARTESIAN_POINT('',(1.00000510729,0.847675316347));
#7417 = CARTESIAN_POINT('',(0.999975777999,0.848262023299));
#7418 = CARTESIAN_POINT('',(0.99998765877,0.848848058968));
#7419 = CARTESIAN_POINT('',(1.00000968207,0.849434148742));
#7420 = CARTESIAN_POINT('',(1.000011609578,0.850020457699));
#7421 = CARTESIAN_POINT('',(1.00001023661,0.850606706551));
#7422 = CARTESIAN_POINT('',(1.000013266457,0.851192963111));
#7423 = CARTESIAN_POINT('',(1.000002024955,0.851779209792));
#7424 = CARTESIAN_POINT('',(1.000007380567,0.852365466503));
#7425 = CARTESIAN_POINT('',(1.00001181212,0.85295171941));
#7426 = CARTESIAN_POINT('',(1.000009441604,0.85353797679));
#7427 = CARTESIAN_POINT('',(1.000014146849,0.85412423585));
#7428 = CARTESIAN_POINT('',(0.999997386757,0.854710495397));
#7429 = CARTESIAN_POINT('',(1.000004346065,0.855296747903));
#7430 = CARTESIAN_POINT('',(1.000002536254,0.855883011809));
#7431 = CARTESIAN_POINT('',(0.999997770967,0.856469237575));
#7432 = CARTESIAN_POINT('',(0.999981524249,0.857055128611));
#7433 = CARTESIAN_POINT('',(1.000001396145,0.857641882677));
#7434 = CARTESIAN_POINT('',(1.000012696087,0.858228013017));
#7435 = CARTESIAN_POINT('',(1.00001001271,0.858814313573));
#7436 = CARTESIAN_POINT('',(1.000009399934,0.859400560769));
#7437 = CARTESIAN_POINT('',(1.000014519605,0.859986810121));
#7438 = CARTESIAN_POINT('',(0.999994670561,0.86057306207));
#7439 = CARTESIAN_POINT('',(1.000014674845,0.861159318563));
#7440 = CARTESIAN_POINT('',(1.000008908423,0.861745572877));
#7441 = CARTESIAN_POINT('',(1.000012082785,0.86233183683));
#7442 = CARTESIAN_POINT('',(1.00000529715,0.862918071676));
#7443 = CARTESIAN_POINT('',(1.00001008796,0.86350441215));
#7444 = CARTESIAN_POINT('',(0.999886397201,0.864089996776));
#7445 = CARTESIAN_POINT('',(0.99971495352,0.86467547625));
#7446 = CARTESIAN_POINT('',(0.999559928991,0.865261433739));
#7447 = CARTESIAN_POINT('',(0.99945881152,0.8658484809));
#7448 = CARTESIAN_POINT('',(0.999425187722,0.866437220664));
#7449 = CARTESIAN_POINT('',(0.999519163677,0.867023793937));
#7450 = CARTESIAN_POINT('',(0.999692154765,0.867609564831));
#7451 = CARTESIAN_POINT('',(0.999890932765,0.868194927912));
#7452 = CARTESIAN_POINT('',(1.000015647096,0.868780564812));
#7453 = CARTESIAN_POINT('',(1.000009838154,0.869366941442));
#7454 = CARTESIAN_POINT('',(1.000011972988,0.869953166421));
#7455 = CARTESIAN_POINT('',(1.000009866352,0.870539432866));
#7456 = CARTESIAN_POINT('',(1.000016826964,0.871125686212));
#7457 = CARTESIAN_POINT('',(0.999991806658,0.871711943831));
#7458 = CARTESIAN_POINT('',(1.000017026295,0.872298193611));
#7459 = CARTESIAN_POINT('',(1.00001064607,0.872884444795));
#7460 = CARTESIAN_POINT('',(1.000011812172,0.873470689502));
#7461 = CARTESIAN_POINT('',(1.000014446064,0.874057004712));
#7462 = CARTESIAN_POINT('',(1.000003717573,0.874643082753));
#7463 = CARTESIAN_POINT('',(0.999966882359,0.875230041635));
#7464 = CARTESIAN_POINT('',(1.000002515807,0.875815662597));
#7465 = CARTESIAN_POINT('',(1.000002383477,0.876402021877));
#7466 = CARTESIAN_POINT('',(1.000002736783,0.876988249396));
#7467 = CARTESIAN_POINT('',(1.000000910674,0.877574512363));
#7468 = CARTESIAN_POINT('',(1.000014658913,0.878160769356));
#7469 = CARTESIAN_POINT('',(1.000010370508,0.878747028796));
#7470 = CARTESIAN_POINT('',(1.000013001574,0.879333285511));
#7471 = CARTESIAN_POINT('',(1.000006039889,0.879919538568));
#7472 = CARTESIAN_POINT('',(1.000006198215,0.880505795079));
#7473 = CARTESIAN_POINT('',(1.000012526595,0.881092040378));
#7474 = CARTESIAN_POINT('',(1.000010210386,0.881678301393));
#7475 = CARTESIAN_POINT('',(1.000012600149,0.882264538056));
#7476 = CARTESIAN_POINT('',(1.000004852025,0.882850895815));
#7477 = CARTESIAN_POINT('',(0.999989160577,0.883436802518));
#7478 = CARTESIAN_POINT('',(0.99998511185,0.884023287671));
#7479 = CARTESIAN_POINT('',(1.000003154358,0.88460960915));
#7480 = CARTESIAN_POINT('',(1.000005635648,0.88519585092));
#7481 = CARTESIAN_POINT('',(0.999995134142,0.885782108505));
#7482 = CARTESIAN_POINT('',(1.000014537508,0.886368364815));
#7483 = CARTESIAN_POINT('',(1.000009691726,0.886954625734));
#7484 = CARTESIAN_POINT('',(1.00000945335,0.887540884367));
#7485 = CARTESIAN_POINT('',(1.00001506746,0.888127137708));
#7486 = CARTESIAN_POINT('',(0.999992696935,0.888713392351));
#7487 = CARTESIAN_POINT('',(1.000015097936,0.889299644621));
#7488 = CARTESIAN_POINT('',(1.00000912375,0.8898858945));
#7489 = CARTESIAN_POINT('',(1.000010563846,0.89047216122));
#7490 = CARTESIAN_POINT('',(1.000010753881,0.891058394502));
#7491 = CARTESIAN_POINT('',(1.000008561593,0.891644760926));
#7492 = CARTESIAN_POINT('',(0.999928392815,0.892230462394));
#7493 = CARTESIAN_POINT('',(0.999859893185,0.892817161302));
#7494 = CARTESIAN_POINT('',(0.999879550066,0.893404195233));
#7495 = CARTESIAN_POINT('',(0.999992555287,0.89398970909));
#7496 = CARTESIAN_POINT('',(1.000008707323,0.894575959825));
#7497 = CARTESIAN_POINT('',(1.000011137176,0.895162222677));
#7498 = CARTESIAN_POINT('',(1.000009830013,0.895748482624));
#7499 = CARTESIAN_POINT('',(1.00001289595,0.896334737525));
#7500 = CARTESIAN_POINT('',(1.000002241338,0.896920987547));
#7501 = CARTESIAN_POINT('',(1.000007288974,0.897507243751));
#7502 = CARTESIAN_POINT('',(1.000011962108,0.898093495454));
#7503 = CARTESIAN_POINT('',(1.00000963942,0.898679752769));
#7504 = CARTESIAN_POINT('',(1.000014705244,0.89926601312));
#7505 = CARTESIAN_POINT('',(0.999997251271,0.899852273162));
#7506 = CARTESIAN_POINT('',(1.000004379499,0.900438524012));
#7507 = CARTESIAN_POINT('',(1.000002615926,0.901024791737));
#7508 = CARTESIAN_POINT('',(0.999997274268,0.901611014817));
#7509 = CARTESIAN_POINT('',(0.999978002615,0.902197706408));
#7510 = CARTESIAN_POINT('',(0.999973507237,0.902588414109));
#7511 = CARTESIAN_POINT('',(0.999976004529,0.902783556609));
#7512 = ( GEOMETRIC_REPRESENTATION_CONTEXT(2) 
PARAMETRIC_REPRESENTATION_CONTEXT() REPRESENTATION_CONTEXT('2D SPACE',''
  ) );
#7513 = PCURVE('',#44,#7514);
#7514 = DEFINITIONAL_REPRESENTATION('',(#7515),#7673);
#7515 = B_SPLINE_CURVE_WITH_KNOTS('',3,(#7516,#7517,#7518,#7519,#7520,
    #7521,#7522,#7523,#7524,#7525,#7526,#7527,#7528,#7529,#7530,#7531,
    #7532,#7533,#7534,#7535,#7536,#7537,#7538,#7539,#7540,#7541,#7542,
    #7543,#7544,#7545,#7546,#7547,#7548,#7549,#7550,#7551,#7552,#7553,
    #7554,#7555,#7556,#7557,#7558,#7559,#7560,#7561,#7562,#7563,#7564,
    #7565,#7566,#7567,#7568,#7569,#7570,#7571,#7572,#7573,#7574,#7575,
    #7576,#7577,#7578,#7579,#7580,#7581,#7582,#7583,#7584,#7585,#7586,
    #7587,#7588,#7589,#7590,#7591,#7592,#7593,#7594,#7595,#7596,#7597,
    #7598,#7599,#7600,#7601,#7602,#7603,#7604,#7605,#7606,#7607,#7608,
    #7609,#7610,#7611,#7612,#7613,#7614,#7615,#7616,#7617,#7618,#7619,
    #7620,#7621,#7622,#7623,#7624,#7625,#7626,#7627,#7628,#7629,#7630,
    #7631,#7632,#7633,#7634,#7635,#7636,#7637,#7638,#7639,#7640,#7641,
    #7642,#7643,#7644,#7645,#7646,#7647,#7648,#7649,#7650,#7651,#7652,
    #7653,#7654,#7655,#7656,#7657,#7658,#7659,#7660,#7661,#7662,#7663,
    #7664,#7665,#7666,#7667,#7668,#7669,#7670,#7671,#7672),
  .UNSPECIFIED.,.F.,.F.,(4,1,1,1,1,1,1,1,1,1,1,1,1,1,1,1,1,1,1,1,1,1,1,1
    ,1,1,1,1,1,1,1,1,1,1,1,1,1,1,1,1,1,1,1,1,1,1,1,1,1,1,1,1,1,1,1,1,1,1
    ,1,1,1,1,1,1,1,1,1,1,1,1,1,1,1,1,1,1,1,1,1,1,1,1,1,1,1,1,1,1,1,1,1,1
    ,1,1,1,1,1,1,1,1,1,1,1,1,1,1,1,1,1,1,1,1,1,1,1,1,1,1,1,1,1,1,1,1,1,1
    ,1,1,1,1,1,1,1,1,1,1,1,1,1,1,1,1,1,1,1,1,1,1,1,1,1,1,1,1,4),(0.8125,
    0.813086256864,0.813672513727,0.814258770591,0.814845027455,
    0.815431284318,0.816017541182,0.816603798045,0.817190054909,
    0.817776311773,0.818362568636,0.8189488255,0.819535082364,
    0.820121339227,0.820707596091,0.821293852955,0.821880109818,
    0.822466366682,0.823052623545,0.823638880409,0.824225137273,
    0.824811394136,0.825397651,0.825983907864,0.826570164727,
    0.827156421591,0.827742678455,0.828328935318,0.828915192182,
    0.829501449045,0.830087705909,0.830673962773,0.831260219636,
    0.8318464765,0.832432733364,0.833018990227,0.833605247091,
    0.834191503955,0.834777760818,0.835364017682,0.835950274545,
    0.836536531409,0.837122788273,0.837709045136,0.838295302,
    0.838881558864,0.839467815727,0.840054072591,0.840640329455,
    0.841226586318,0.841812843182,0.842399100045,0.842985356909,
    0.843571613773,0.844157870636,0.8447441275,0.845330384364,
    0.845916641227,0.846502898091,0.847089154955,0.847675411818,
    0.848261668682,0.848847925545,0.849434182409,0.850020439273,
    0.850606696136,0.851192953,0.851779209864,0.852365466727,
    0.852951723591,0.853537980455,0.854124237318,0.854710494182,
    0.855296751045,0.855883007909,0.856469264773,0.857055521636,
    0.8576417785,0.858228035364,0.858814292227,0.859400549091,
    0.859986805955,0.860573062818,0.861159319682,0.861745576545,
    0.862331833409,0.862918090273,0.863504347136,0.864090604,
    0.864676860864,0.865263117727,0.865849374591,0.866435631455,
    0.867021888318,0.867608145182,0.868194402045,0.868780658909,
    0.869366915773,0.869953172636,0.8705394295,0.871125686364,
    0.871711943227,0.872298200091,0.872884456955,0.873470713818,
    0.874056970682,0.874643227545,0.875229484409,0.875815741273,
    0.876401998136,0.876988255,0.877574511864,0.878160768727,
    0.878747025591,0.879333282455,0.879919539318,0.880505796182,
    0.881092053045,0.881678309909,0.882264566773,0.882850823636,
    0.8834370805,0.884023337364,0.884609594227,0.885195851091,
    0.885782107955,0.886368364818,0.886954621682,0.887540878545,
    0.888127135409,0.888713392273,0.889299649136,0.889885906,
    0.890472162864,0.891058419727,0.891644676591,0.892230933455,
    0.892817190318,0.893403447182,0.893989704045,0.894575960909,
    0.895162217773,0.895748474636,0.8963347315,0.896920988364,
    0.897507245227,0.898093502091,0.898679758955,0.899266015818,
    0.899852272682,0.900438529545,0.901024786409,0.901611043273,
    0.902197300136,0.902783557),.QUASI_UNIFORM_KNOTS.);
#7516 = CARTESIAN_POINT('',(0.,-102.077469494));
#7517 = CARTESIAN_POINT('',(9.740607064637E-03,-102.07624548));
#7518 = CARTESIAN_POINT('',(2.925414324198E-02,-102.073785183));
#7519 = CARTESIAN_POINT('',(5.860862656141E-02,-102.0700626368));
#7520 = CARTESIAN_POINT('',(8.803444678074E-02,-102.0663126907));
#7521 = CARTESIAN_POINT('',(0.117518954466,-102.0625400643));
#7522 = CARTESIAN_POINT('',(0.147050374572,-102.0587494072));
#7523 = CARTESIAN_POINT('',(0.176615863159,-102.0549456525));
#7524 = CARTESIAN_POINT('',(0.206202221134,-102.0511338633));
#7525 = CARTESIAN_POINT('',(0.235796555226,-102.0473190046));
#7526 = CARTESIAN_POINT('',(0.265385752746,-102.0435060764));
#7527 = CARTESIAN_POINT('',(0.294957166213,-102.0397000375));
#7528 = CARTESIAN_POINT('',(0.32449711598,-102.0359060495));
#7529 = CARTESIAN_POINT('',(0.353993897643,-102.0321287899));
#7530 = CARTESIAN_POINT('',(0.383434223232,-102.028373315));
#7531 = CARTESIAN_POINT('',(0.412807989364,-102.0246433635));
#7532 = CARTESIAN_POINT('',(0.442092136444,-102.0209475651));
#7533 = CARTESIAN_POINT('',(0.471332729267,-102.0172683651));
#7534 = CARTESIAN_POINT('',(0.500651087707,-102.0135594903));
#7535 = CARTESIAN_POINT('',(0.530066179375,-102.009813679));
#7536 = CARTESIAN_POINT('',(0.55953731294,-102.0060462987));
#7537 = CARTESIAN_POINT('',(0.589059762205,-102.0022591447));
#7538 = CARTESIAN_POINT('',(0.618618584181,-101.9984579852));
#7539 = CARTESIAN_POINT('',(0.648201363648,-101.9946475936));
#7540 = CARTESIAN_POINT('',(0.677794860196,-101.9908330119));
#7541 = CARTESIAN_POINT('',(0.7073863564,-101.9870191898));
#7542 = CARTESIAN_POINT('',(0.736962769973,-101.9832111779));
#7543 = CARTESIAN_POINT('',(0.76651100718,-101.9794140374));
#7544 = CARTESIAN_POINT('',(0.796019610824,-101.9756322772));
#7545 = CARTESIAN_POINT('',(0.825472675878,-101.9718719001));
#7546 = CARTESIAN_POINT('',(0.854868448707,-101.9681334844));
#7547 = CARTESIAN_POINT('',(0.884149420768,-101.9644388696));
#7548 = CARTESIAN_POINT('',(0.913391161415,-101.9607592379));
#7549 = CARTESIAN_POINT('',(0.942704744667,-101.9570522257));
#7550 = CARTESIAN_POINT('',(0.972100018693,-101.9533139861));
#7551 = CARTESIAN_POINT('',(1.001559007095,-101.9495512853));
#7552 = CARTESIAN_POINT('',(1.031071036645,-101.9457681829));
#7553 = CARTESIAN_POINT('',(1.06062268159,-101.9419698213));
#7554 = CARTESIAN_POINT('',(1.090201010319,-101.9381611216));
#7555 = CARTESIAN_POINT('',(1.119793003608,-101.934347069));
#7556 = CARTESIAN_POINT('',(1.149386187041,-101.9305326137));
#7557 = CARTESIAN_POINT('',(1.1789670093,-101.9267228677));
#7558 = CARTESIAN_POINT('',(1.208523372233,-101.9229226533));
#7559 = CARTESIAN_POINT('',(1.238041656229,-101.919137173));
#7560 = CARTESIAN_POINT('',(1.26751157954,-101.9153702951));
#7561 = CARTESIAN_POINT('',(1.29691000071,-101.9116308449));
#7562 = CARTESIAN_POINT('',(1.326215936446,-101.9079267336));
#7563 = CARTESIAN_POINT('',(1.35549145878,-101.9042341902));
#7564 = CARTESIAN_POINT('',(1.384779632812,-101.9005368306));
#7565 = CARTESIAN_POINT('',(1.414133249324,-101.8968145171));
#7566 = CARTESIAN_POINT('',(1.443584686393,-101.8930547401));
#7567 = CARTESIAN_POINT('',(1.473084275853,-101.8892764552));
#7568 = CARTESIAN_POINT('',(1.502628272537,-101.8854810431));
#7569 = CARTESIAN_POINT('',(1.5322011831,-101.8816743799));
#7570 = CARTESIAN_POINT('',(1.561791229539,-101.8778611069));
#7571 = CARTESIAN_POINT('',(1.59138519373,-101.8740463111));
#7572 = CARTESIAN_POINT('',(1.620970166707,-101.8702350048));
#7573 = CARTESIAN_POINT('',(1.650533455197,-101.8664321423));
#7574 = CARTESIAN_POINT('',(1.680061987317,-101.8626426892));
#7575 = CARTESIAN_POINT('',(1.709542745187,-101.8588716237));
#7576 = CARTESIAN_POINT('',(1.738962886227,-101.8551238347));
#7577 = CARTESIAN_POINT('',(1.76831139807,-101.8514034968));
#7578 = CARTESIAN_POINT('',(1.797571473376,-101.8477168807));
#7579 = CARTESIAN_POINT('',(1.826822714332,-101.8440336101));
#7580 = CARTESIAN_POINT('',(1.856178618371,-101.8403104115));
#7581 = CARTESIAN_POINT('',(1.885611213111,-101.8365578938));
#7582 = CARTESIAN_POINT('',(1.915100394459,-101.8327836281));
#7583 = CARTESIAN_POINT('',(1.944635148794,-101.8289917409));
#7584 = CARTESIAN_POINT('',(1.974202256952,-101.8251872857));
#7585 = CARTESIAN_POINT('',(2.003789701853,-101.8213750534));
#7586 = CARTESIAN_POINT('',(2.033383884533,-101.8175601784));
#7587 = CARTESIAN_POINT('',(2.062972249649,-101.813747617));
#7588 = CARTESIAN_POINT('',(2.092541736055,-101.8099423568));
#7589 = CARTESIAN_POINT('',(2.122079306264,-101.8061493799));
#7590 = CARTESIAN_POINT('',(2.151572095046,-101.8023736585));
#7591 = CARTESIAN_POINT('',(2.181007099443,-101.79862019));
#7592 = CARTESIAN_POINT('',(2.210373927938,-101.7948928328));
#7593 = CARTESIAN_POINT('',(2.23962809449,-101.7912084446));
#7594 = CARTESIAN_POINT('',(2.268882085988,-101.7875241421));
#7595 = CARTESIAN_POINT('',(2.298225309289,-101.7838058316));
#7596 = CARTESIAN_POINT('',(2.327641436581,-101.7800596563));
#7597 = CARTESIAN_POINT('',(2.357118503009,-101.7762900263));
#7598 = CARTESIAN_POINT('',(2.386643488192,-101.772501832));
#7599 = CARTESIAN_POINT('',(2.416204489482,-101.7686997758));
#7600 = CARTESIAN_POINT('',(2.44578849212,-101.7648888552));
#7601 = CARTESIAN_POINT('',(2.475382301631,-101.7610741752));
#7602 = CARTESIAN_POINT('',(2.504973530331,-101.7572605192));
#7603 = CARTESIAN_POINT('',(2.534547288876,-101.7534535711));
#7604 = CARTESIAN_POINT('',(2.564097435678,-101.7496557346));
#7605 = CARTESIAN_POINT('',(2.593567837745,-101.7458886609));
#7606 = CARTESIAN_POINT('',(2.622978654469,-101.7421444294));
#7607 = CARTESIAN_POINT('',(2.652346594749,-101.7384165839));
#7608 = CARTESIAN_POINT('',(2.68168950535,-101.7346982767));
#7609 = CARTESIAN_POINT('',(2.711025071633,-101.7309827614));
#7610 = CARTESIAN_POINT('',(2.7403710425,-101.7272632777));
#7611 = CARTESIAN_POINT('',(2.769745252376,-101.7235330204));
#7612 = CARTESIAN_POINT('',(2.799164932651,-101.7197853769));
#7613 = CARTESIAN_POINT('',(2.828649065584,-101.7160130098));
#7614 = CARTESIAN_POINT('',(2.858209271805,-101.7122112878));
#7615 = CARTESIAN_POINT('',(2.887787592176,-101.7084025834));
#7616 = CARTESIAN_POINT('',(2.917380886375,-101.7045881312));
#7617 = CARTESIAN_POINT('',(2.946973435941,-101.7007739322));
#7618 = CARTESIAN_POINT('',(2.976553161599,-101.6969646729));
#7619 = CARTESIAN_POINT('',(3.006106562708,-101.693165532));
#7620 = CARTESIAN_POINT('',(3.035621085146,-101.6893813833));
#7621 = CARTESIAN_POINT('',(3.065084272491,-101.6856170993));
#7622 = CARTESIAN_POINT('',(3.094484765073,-101.6818769257));
#7623 = CARTESIAN_POINT('',(3.123804390709,-101.6781676148));
#7624 = CARTESIAN_POINT('',(3.153050738818,-101.6744862311));
#7625 = CARTESIAN_POINT('',(3.182323694343,-101.670794671));
#7626 = CARTESIAN_POINT('',(3.211712284611,-101.6670590009));
#7627 = CARTESIAN_POINT('',(3.241161346066,-101.663300125));
#7628 = CARTESIAN_POINT('',(3.270666449437,-101.6595196587));
#7629 = CARTESIAN_POINT('',(3.300212851576,-101.6557232749));
#7630 = CARTESIAN_POINT('',(3.329788132442,-101.6519157785));
#7631 = CARTESIAN_POINT('',(3.359379120596,-101.6481021987));
#7632 = CARTESIAN_POINT('',(3.388972825536,-101.6442875088));
#7633 = CARTESIAN_POINT('',(3.418556628287,-101.6404766811));
#7634 = CARTESIAN_POINT('',(3.448116920505,-101.6366748573));
#7635 = CARTESIAN_POINT('',(3.477641961371,-101.6328867283));
#7636 = CARTESIAN_POINT('',(3.507117812377,-101.6291175949));
#7637 = CARTESIAN_POINT('',(3.536535934584,-101.6253706283));
#7638 = CARTESIAN_POINT('',(3.565867021982,-101.6216569087));
#7639 = CARTESIAN_POINT('',(3.595106259923,-101.6179782247));
#7640 = CARTESIAN_POINT('',(3.624383674746,-101.6142850003));
#7641 = CARTESIAN_POINT('',(3.653752098806,-101.6105570444));
#7642 = CARTESIAN_POINT('',(3.68318763528,-101.6068033406));
#7643 = CARTESIAN_POINT('',(3.712681243187,-101.6030273281));
#7644 = CARTESIAN_POINT('',(3.74221936423,-101.5992341763));
#7645 = CARTESIAN_POINT('',(3.771789147594,-101.5954288007));
#7646 = CARTESIAN_POINT('',(3.801377461455,-101.5916161926));
#7647 = CARTESIAN_POINT('',(3.830971728084,-101.5878012982));
#7648 = CARTESIAN_POINT('',(3.860558770319,-101.5839891691));
#7649 = CARTESIAN_POINT('',(3.890125702892,-101.5801848285));
#7650 = CARTESIAN_POINT('',(3.91966046123,-101.5763929863));
#7651 = CARTESIAN_POINT('',(3.949148221724,-101.5726192563));
#7652 = CARTESIAN_POINT('',(3.978582794063,-101.5688659492));
#7653 = CARTESIAN_POINT('',(4.007918573164,-101.5651504624));
#7654 = CARTESIAN_POINT('',(4.037200965108,-101.5614553128));
#7655 = CARTESIAN_POINT('',(4.066479176558,-101.5577617412));
#7656 = CARTESIAN_POINT('',(4.09579725384,-101.5540529858));
#7657 = CARTESIAN_POINT('',(4.125216460667,-101.5503055714));
#7658 = CARTESIAN_POINT('',(4.154698657696,-101.5465339734));
#7659 = CARTESIAN_POINT('',(4.184227555911,-101.5427443986));
#7660 = CARTESIAN_POINT('',(4.213791025357,-101.5389414287));
#7661 = CARTESIAN_POINT('',(4.243375993695,-101.5351300818));
#7662 = CARTESIAN_POINT('',(4.272970133391,-101.5313152542));
#7663 = CARTESIAN_POINT('',(4.30255993282,-101.5275020496));
#7664 = CARTESIAN_POINT('',(4.332132972106,-101.5236954017));
#7665 = CARTESIAN_POINT('',(4.361676169091,-101.519900302));
#7666 = CARTESIAN_POINT('',(4.391176702459,-101.5161216287));
#7667 = CARTESIAN_POINT('',(4.420620786051,-101.5123646557));
#7668 = CARTESIAN_POINT('',(4.449999469783,-101.508632762));
#7669 = CARTESIAN_POINT('',(4.479288677914,-101.504935084));
#7670 = CARTESIAN_POINT('',(4.508533957524,-101.5012567975));
#7671 = CARTESIAN_POINT('',(4.52806681381,-101.4987782058));
#7672 = CARTESIAN_POINT('',(4.537856070396,-101.497524581));
#7673 = ( GEOMETRIC_REPRESENTATION_CONTEXT(2) 
PARAMETRIC_REPRESENTATION_CONTEXT() REPRESENTATION_CONTEXT('2D SPACE',''
  ) );
#7674 = ADVANCED_FACE('',(#7675),#44,.F.);
#7675 = FACE_BOUND('',#7676,.F.);
#7676 = EDGE_LOOP('',(#7677,#7678,#7679,#7703));
#7677 = ORIENTED_EDGE('',*,*,#7234,.T.);
#7678 = ORIENTED_EDGE('',*,*,#21,.T.);
#7679 = ORIENTED_EDGE('',*,*,#7680,.F.);
#7680 = EDGE_CURVE('',#7681,#24,#7683,.T.);
#7681 = VERTEX_POINT('',#7682);
#7682 = CARTESIAN_POINT('',(290.,210.,614.9));
#7683 = SURFACE_CURVE('',#7684,(#7689,#7696),.PCURVE_S1.);
#7684 = CIRCLE('',#7685,14.9);
#7685 = AXIS2_PLACEMENT_3D('',#7686,#7687,#7688);
#7686 = CARTESIAN_POINT('',(290.,210.,600.));
#7687 = DIRECTION('',(-1.,0.,0.));
#7688 = DIRECTION('',(0.,0.,1.));
#7689 = PCURVE('',#44,#7690);
#7690 = DEFINITIONAL_REPRESENTATION('',(#7691),#7695);
#7691 = LINE('',#7692,#7693);
#7692 = CARTESIAN_POINT('',(0.,-101.397469494));
#7693 = VECTOR('',#7694,1.);
#7694 = DIRECTION('',(1.,0.));
#7695 = ( GEOMETRIC_REPRESENTATION_CONTEXT(2) 
PARAMETRIC_REPRESENTATION_CONTEXT() REPRESENTATION_CONTEXT('2D SPACE',''
  ) );
#7696 = PCURVE('',#72,#7697);
#7697 = DEFINITIONAL_REPRESENTATION('',(#7698),#7702);
#7698 = CIRCLE('',#7699,14.9);
#7699 = AXIS2_PLACEMENT_2D('',#7700,#7701);
#7700 = CARTESIAN_POINT('',(0.,0.));
#7701 = DIRECTION('',(1.,0.));
#7702 = ( GEOMETRIC_REPRESENTATION_CONTEXT(2) 
PARAMETRIC_REPRESENTATION_CONTEXT() REPRESENTATION_CONTEXT('2D SPACE',''
  ) );
#7703 = ORIENTED_EDGE('',*,*,#7704,.T.);
#7704 = EDGE_CURVE('',#7681,#6725,#7705,.T.);
#7705 = SURFACE_CURVE('',#7706,(#7710,#7717),.PCURVE_S1.);
#7706 = LINE('',#7707,#7708);
#7707 = CARTESIAN_POINT('',(290.,210.,614.9));
#7708 = VECTOR('',#7709,1.);
#7709 = DIRECTION('',(1.,-0.,-0.));
#7710 = PCURVE('',#44,#7711);
#7711 = DEFINITIONAL_REPRESENTATION('',(#7712),#7716);
#7712 = LINE('',#7713,#7714);
#7713 = CARTESIAN_POINT('',(0.,-101.397469494));
#7714 = VECTOR('',#7715,1.);
#7715 = DIRECTION('',(0.,-1.));
#7716 = ( GEOMETRIC_REPRESENTATION_CONTEXT(2) 
PARAMETRIC_REPRESENTATION_CONTEXT() REPRESENTATION_CONTEXT('2D SPACE',''
  ) );
#7717 = PCURVE('',#7046,#7718);
#7718 = DEFINITIONAL_REPRESENTATION('',(#7719),#7723);
#7719 = LINE('',#7720,#7721);
#7720 = CARTESIAN_POINT('',(6.28318530718,-101.397469494));
#7721 = VECTOR('',#7722,1.);
#7722 = DIRECTION('',(0.,-1.));
#7723 = ( GEOMETRIC_REPRESENTATION_CONTEXT(2) 
PARAMETRIC_REPRESENTATION_CONTEXT() REPRESENTATION_CONTEXT('2D SPACE',''
  ) );
#7724 = ADVANCED_FACE('',(#7725),#2149,.T.);
#7725 = FACE_BOUND('',#7726,.T.);
#7726 = EDGE_LOOP('',(#7727,#7728,#8019,#8518,#9023,#9528,#10033,#10538,
    #11043,#11306));
#7727 = ORIENTED_EDGE('',*,*,#1562,.T.);
#7728 = ORIENTED_EDGE('',*,*,#7729,.T.);
#7729 = EDGE_CURVE('',#1330,#7730,#7732,.T.);
#7730 = VERTEX_POINT('',#7731);
#7731 = CARTESIAN_POINT('',(290.,197.972776919,608.795220575));
#7732 = SURFACE_CURVE('',#7733,(#7816,#7933),.PCURVE_S1.);
#7733 = B_SPLINE_CURVE_WITH_KNOTS('',3,(#7734,#7735,#7736,#7737,#7738,
    #7739,#7740,#7741,#7742,#7743,#7744,#7745,#7746,#7747,#7748,#7749,
    #7750,#7751,#7752,#7753,#7754,#7755,#7756,#7757,#7758,#7759,#7760,
    #7761,#7762,#7763,#7764,#7765,#7766,#7767,#7768,#7769,#7770,#7771,
    #7772,#7773,#7774,#7775,#7776,#7777,#7778,#7779,#7780,#7781,#7782,
    #7783,#7784,#7785,#7786,#7787,#7788,#7789,#7790,#7791,#7792,#7793,
    #7794,#7795,#7796,#7797,#7798,#7799,#7800,#7801,#7802,#7803,#7804,
    #7805,#7806,#7807,#7808,#7809,#7810,#7811,#7812,#7813,#7814,#7815),
  .UNSPECIFIED.,.F.,.F.,(4,3,3,3,3,3,3,3,3,3,3,3,3,3,3,3,3,3,3,3,3,3,3,3
    ,3,3,3,4),(0.,1.484712E-03,2.969423E-03,4.454135E-03,5.938846E-03,
    8.90827E-03,1.0392981E-02,1.1135337E-02,1.1877693E-02,1.4847116E-02,
    1.6331828E-02,1.7816539E-02,2.0785962E-02,2.2270674E-02,
    2.3755386E-02,2.6724809E-02,2.9694232E-02,3.2663655E-02,
    3.4148367E-02,3.5633079E-02,3.711779E-02,3.8602502E-02,4.0087213E-02
    ,4.1571925E-02,4.3056637E-02,4.4541348E-02,4.602606E-02,
    4.7510771E-02),.UNSPECIFIED.);
#7734 = CARTESIAN_POINT('',(290.,222.458691817,591.119065466));
#7735 = CARTESIAN_POINT('',(290.,222.742806106,591.524720913));
#7736 = CARTESIAN_POINT('',(290.,223.007377491,591.944624271));
#7737 = CARTESIAN_POINT('',(290.,223.250031696,592.374586211));
#7738 = CARTESIAN_POINT('',(290.,223.492685901,592.804548152));
#7739 = CARTESIAN_POINT('',(290.,223.713003327,593.243506547));
#7740 = CARTESIAN_POINT('',(290.,223.911513757,593.691248019));
#7741 = CARTESIAN_POINT('',(290.,224.110024187,594.138989491));
#7742 = CARTESIAN_POINT('',(290.,224.286725568,594.595514867));
#7743 = CARTESIAN_POINT('',(290.,224.441531827,595.060858814));
#7744 = CARTESIAN_POINT('',(290.,224.596338086,595.526202761));
#7745 = CARTESIAN_POINT('',(290.,224.729426368,596.001134747));
#7746 = CARTESIAN_POINT('',(290.,224.839545164,596.483555836));
#7747 = CARTESIAN_POINT('',(290.,225.059782756,597.448398012));
#7748 = CARTESIAN_POINT('',(290.,225.183698821,598.420645821));
#7749 = CARTESIAN_POINT('',(290.,225.214024632,599.400089269));
#7750 = CARTESIAN_POINT('',(290.,225.229187537,599.889810993));
#7751 = CARTESIAN_POINT('',(290.,225.220794862,600.381343777));
#7752 = CARTESIAN_POINT('',(290.,225.188189476,600.874738142));
#7753 = CARTESIAN_POINT('',(290.,225.171886783,601.121435325));
#7754 = CARTESIAN_POINT('',(290.,225.149522079,601.368070953));
#7755 = CARTESIAN_POINT('',(290.,225.121349734,601.61266544));
#7756 = CARTESIAN_POINT('',(290.,225.09317739,601.857259926));
#7757 = CARTESIAN_POINT('',(290.,225.059163601,602.100390365));
#7758 = CARTESIAN_POINT('',(290.,225.019398528,602.342079353));
#7759 = CARTESIAN_POINT('',(290.,224.860338236,603.308835303));
#7760 = CARTESIAN_POINT('',(290.,224.61007715,604.252733492));
#7761 = CARTESIAN_POINT('',(290.,224.267382733,605.173465007));
#7762 = CARTESIAN_POINT('',(290.,224.096035524,605.633830764));
#7763 = CARTESIAN_POINT('',(290.,223.900490416,606.090125512));
#7764 = CARTESIAN_POINT('',(290.,223.683821941,606.534129018));
#7765 = CARTESIAN_POINT('',(290.,223.467153466,606.978132524));
#7766 = CARTESIAN_POINT('',(290.,223.229302465,607.410616673));
#7767 = CARTESIAN_POINT('',(290.,222.970239377,607.831565389));
#7768 = CARTESIAN_POINT('',(290.,222.4521132,608.673462821));
#7769 = CARTESIAN_POINT('',(290.,221.849445117,609.467236088));
#7770 = CARTESIAN_POINT('',(290.,221.176396555,610.192869599));
#7771 = CARTESIAN_POINT('',(290.,220.839872274,610.555686355));
#7772 = CARTESIAN_POINT('',(290.,220.484754745,610.902512091));
#7773 = CARTESIAN_POINT('',(290.,220.116807411,611.228401426));
#7774 = CARTESIAN_POINT('',(290.,219.748860077,611.554290762));
#7775 = CARTESIAN_POINT('',(290.,219.367119221,611.860427374));
#7776 = CARTESIAN_POINT('',(290.,218.971851006,612.147192417));
#7777 = CARTESIAN_POINT('',(290.,218.181314577,612.720722501));
#7778 = CARTESIAN_POINT('',(290.,217.335870635,613.217913165));
#7779 = CARTESIAN_POINT('',(290.,216.436622206,613.633325278));
#7780 = CARTESIAN_POINT('',(290.,215.537373778,614.048737391));
#7781 = CARTESIAN_POINT('',(290.,214.595473157,614.374759568));
#7782 = CARTESIAN_POINT('',(290.,213.643337578,614.603658481));
#7783 = CARTESIAN_POINT('',(290.,212.691202,614.832557394));
#7784 = CARTESIAN_POINT('',(290.,211.723851776,614.967735771));
#7785 = CARTESIAN_POINT('',(290.,210.741084433,615.007946391));
#7786 = CARTESIAN_POINT('',(290.,210.249700762,615.028051701));
#7787 = CARTESIAN_POINT('',(290.,209.753116841,615.024081429));
#7788 = CARTESIAN_POINT('',(290.,209.258711866,614.995449325));
#7789 = CARTESIAN_POINT('',(290.,208.76430689,614.966817222));
#7790 = CARTESIAN_POINT('',(290.,208.27292918,614.913810797));
#7791 = CARTESIAN_POINT('',(290.,207.78539555,614.836763912));
#7792 = CARTESIAN_POINT('',(290.,207.297861921,614.759717026));
#7793 = CARTESIAN_POINT('',(290.,206.812655517,614.658264374));
#7794 = CARTESIAN_POINT('',(290.,206.33431743,614.533230743));
#7795 = CARTESIAN_POINT('',(290.,205.855979343,614.408197112));
#7796 = CARTESIAN_POINT('',(290.,205.385185146,614.259916159));
#7797 = CARTESIAN_POINT('',(290.,204.921915371,614.088447875));
#7798 = CARTESIAN_POINT('',(290.,204.458645597,613.916979592));
#7799 = CARTESIAN_POINT('',(290.,204.002397343,613.721987623));
#7800 = CARTESIAN_POINT('',(290.,203.557184893,613.504978046));
#7801 = CARTESIAN_POINT('',(290.,203.111972444,613.287968469));
#7802 = CARTESIAN_POINT('',(290.,202.677920947,613.049001427));
#7803 = CARTESIAN_POINT('',(290.,202.25666742,612.788998141));
#7804 = CARTESIAN_POINT('',(290.,201.835413892,612.528994855));
#7805 = CARTESIAN_POINT('',(290.,201.428639981,612.248922865));
#7806 = CARTESIAN_POINT('',(290.,201.039134118,611.951603902));
#7807 = CARTESIAN_POINT('',(290.,200.649628255,611.654284938));
#7808 = CARTESIAN_POINT('',(290.,200.276345397,611.339080984));
#7809 = CARTESIAN_POINT('',(290.,199.919115898,611.006179065));
#7810 = CARTESIAN_POINT('',(290.,199.561886399,610.673277147));
#7811 = CARTESIAN_POINT('',(290.,199.220709657,610.322677928));
#7812 = CARTESIAN_POINT('',(290.,198.89588544,609.954050929));
#7813 = CARTESIAN_POINT('',(290.,198.571061224,609.58542393));
#7814 = CARTESIAN_POINT('',(290.,198.261724179,609.197485423));
#7815 = CARTESIAN_POINT('',(290.,197.97277689,608.795220534));
#7816 = PCURVE('',#2149,#7817);
#7817 = DEFINITIONAL_REPRESENTATION('',(#7818),#7932);
#7818 = B_SPLINE_CURVE_WITH_KNOTS('',3,(#7819,#7820,#7821,#7822,#7823,
    #7824,#7825,#7826,#7827,#7828,#7829,#7830,#7831,#7832,#7833,#7834,
    #7835,#7836,#7837,#7838,#7839,#7840,#7841,#7842,#7843,#7844,#7845,
    #7846,#7847,#7848,#7849,#7850,#7851,#7852,#7853,#7854,#7855,#7856,
    #7857,#7858,#7859,#7860,#7861,#7862,#7863,#7864,#7865,#7866,#7867,
    #7868,#7869,#7870,#7871,#7872,#7873,#7874,#7875,#7876,#7877,#7878,
    #7879,#7880,#7881,#7882,#7883,#7884,#7885,#7886,#7887,#7888,#7889,
    #7890,#7891,#7892,#7893,#7894,#7895,#7896,#7897,#7898,#7899,#7900,
    #7901,#7902,#7903,#7904,#7905,#7906,#7907,#7908,#7909,#7910,#7911,
    #7912,#7913,#7914,#7915,#7916,#7917,#7918,#7919,#7920,#7921,#7922,
    #7923,#7924,#7925,#7926,#7927,#7928,#7929,#7930,#7931),
  .UNSPECIFIED.,.F.,.F.,(4,1,1,1,1,1,1,1,1,1,1,1,1,1,1,1,1,1,1,1,1,1,1,1
    ,1,1,1,1,1,1,1,1,1,1,1,1,1,1,1,1,1,1,1,1,1,1,1,1,1,1,1,1,1,1,1,1,1,1
    ,1,1,1,1,1,1,1,1,1,1,1,1,1,1,1,1,1,1,1,1,1,1,1,1,1,1,1,1,1,1,1,1,1,1
    ,1,1,1,1,1,1,1,1,1,1,1,1,1,1,1,1,1,1,4),(0.,4.319161E-04,
    8.638322E-04,1.2957483E-03,1.7276644E-03,2.1595805E-03,2.5914966E-03
    ,3.0234127E-03,3.4553288E-03,3.8872449E-03,4.319161E-03,
    4.7510771E-03,5.1829932E-03,5.6149093E-03,6.0468254E-03,
    6.4787415E-03,6.9106576E-03,7.3425737E-03,7.7744898E-03,
    8.2064059E-03,8.638322E-03,9.0702381E-03,9.5021542E-03,9.9340703E-03
    ,1.03659864E-02,1.07979025E-02,1.12298186E-02,1.16617347E-02,
    1.20936508E-02,1.25255669E-02,1.2957483E-02,1.33893991E-02,
    1.38213152E-02,1.42532313E-02,1.46851474E-02,1.51170635E-02,
    1.55489796E-02,1.59808957E-02,1.64128118E-02,1.68447279E-02,
    1.7276644E-02,1.77085601E-02,1.81404762E-02,1.85723923E-02,
    1.90043084E-02,1.94362245E-02,1.98681406E-02,2.03000567E-02,
    2.07319728E-02,2.11638889E-02,2.1595805E-02,2.20277211E-02,
    2.24596372E-02,2.28915533E-02,2.33234694E-02,2.37553855E-02,
    2.41873016E-02,2.46192177E-02,2.50511338E-02,2.54830499E-02,
    2.5914966E-02,2.63468821E-02,2.67787982E-02,2.72107143E-02,
    2.76426304E-02,2.80745465E-02,2.85064626E-02,2.89383787E-02,
    2.93702948E-02,2.98022109E-02,3.0234127E-02,3.06660431E-02,
    3.10979592E-02,3.15298753E-02,3.19617914E-02,3.23937075E-02,
    3.28256236E-02,3.32575397E-02,3.36894558E-02,3.41213719E-02,
    3.4553288E-02,3.49852041E-02,3.54171202E-02,3.58490363E-02,
    3.62809524E-02,3.67128685E-02,3.71447846E-02,3.75767007E-02,
    3.80086168E-02,3.84405329E-02,3.8872449E-02,3.93043651E-02,
    3.97362812E-02,4.01681973E-02,4.06001134E-02,4.10320295E-02,
    4.14639456E-02,4.18958617E-02,4.23277778E-02,4.27596939E-02,
    4.319161E-02,4.36235261E-02,4.40554422E-02,4.44873583E-02,
    4.49192744E-02,4.53511905E-02,4.57831066E-02,4.62150227E-02,
    4.66469388E-02,4.70788549E-02,4.7510771E-02),.QUASI_UNIFORM_KNOTS.);
#7819 = CARTESIAN_POINT('',(1.,0.856064247));
#7820 = CARTESIAN_POINT('',(0.997004468466,0.855876341025));
#7821 = CARTESIAN_POINT('',(0.990995832917,0.855500835434));
#7822 = CARTESIAN_POINT('',(0.981951701975,0.854938748347));
#7823 = CARTESIAN_POINT('',(0.972927288372,0.854378064536));
#7824 = CARTESIAN_POINT('',(0.963870744107,0.85381908685));
#7825 = CARTESIAN_POINT('',(0.954842985109,0.853262404355));
#7826 = CARTESIAN_POINT('',(0.945802857067,0.852707138728));
#7827 = CARTESIAN_POINT('',(0.936770788933,0.852152680013));
#7828 = CARTESIAN_POINT('',(0.92778170315,0.851598361719));
#7829 = CARTESIAN_POINT('',(0.918789338672,0.851043533936));
#7830 = CARTESIAN_POINT('',(0.909792336785,0.850487558498));
#7831 = CARTESIAN_POINT('',(0.900822636603,0.849929711659));
#7832 = CARTESIAN_POINT('',(0.891853896546,0.849368979556));
#7833 = CARTESIAN_POINT('',(0.8829167381,0.848805655199));
#7834 = CARTESIAN_POINT('',(0.873986053253,0.848238079126));
#7835 = CARTESIAN_POINT('',(0.865171141197,0.847671896966));
#7836 = CARTESIAN_POINT('',(0.856345712074,0.847109634552));
#7837 = CARTESIAN_POINT('',(0.847453460232,0.846549737415));
#7838 = CARTESIAN_POINT('',(0.838465379671,0.84599175164));
#7839 = CARTESIAN_POINT('',(0.829394264498,0.845434941406));
#7840 = CARTESIAN_POINT('',(0.820276576654,0.844878657527));
#7841 = CARTESIAN_POINT('',(0.811227985686,0.844322245159));
#7842 = CARTESIAN_POINT('',(0.802184699912,0.843765040365));
#7843 = CARTESIAN_POINT('',(0.793091967218,0.8432064036));
#7844 = CARTESIAN_POINT('',(0.78396879918,0.842645530456));
#7845 = CARTESIAN_POINT('',(0.774827125102,0.842082180915));
#7846 = CARTESIAN_POINT('',(0.765763968217,0.841520166384));
#7847 = CARTESIAN_POINT('',(0.756750834461,0.840959557575));
#7848 = CARTESIAN_POINT('',(0.747794136761,0.840399077094));
#7849 = CARTESIAN_POINT('',(0.738995678646,0.839838371972));
#7850 = CARTESIAN_POINT('',(0.730236342837,0.839276113211));
#7851 = CARTESIAN_POINT('',(0.721423759631,0.838714024147));
#7852 = CARTESIAN_POINT('',(0.71249484701,0.838153553466));
#7853 = CARTESIAN_POINT('',(0.703466388152,0.837593447892));
#7854 = CARTESIAN_POINT('',(0.694383754848,0.837033243546));
#7855 = CARTESIAN_POINT('',(0.685313785382,0.836472043125));
#7856 = CARTESIAN_POINT('',(0.676121945599,0.835908776495));
#7857 = CARTESIAN_POINT('',(0.667004643986,0.835344806106));
#7858 = CARTESIAN_POINT('',(0.657866402089,0.8347812156));
#7859 = CARTESIAN_POINT('',(0.648718772136,0.834218311294));
#7860 = CARTESIAN_POINT('',(0.639573057509,0.833655134961));
#7861 = CARTESIAN_POINT('',(0.630419869928,0.833091078461));
#7862 = CARTESIAN_POINT('',(0.621278454294,0.832525426431));
#7863 = CARTESIAN_POINT('',(0.61210384899,0.831958290609));
#7864 = CARTESIAN_POINT('',(0.602982947275,0.831389466772));
#7865 = CARTESIAN_POINT('',(0.593934719703,0.830819090861));
#7866 = CARTESIAN_POINT('',(0.584978417099,0.830246211442));
#7867 = CARTESIAN_POINT('',(0.57603044902,0.829674292019));
#7868 = CARTESIAN_POINT('',(0.567031813814,0.829104301796));
#7869 = CARTESIAN_POINT('',(0.557882655013,0.828535436051));
#7870 = CARTESIAN_POINT('',(0.548714521278,0.827967620146));
#7871 = CARTESIAN_POINT('',(0.539616256436,0.827401767495));
#7872 = CARTESIAN_POINT('',(0.530493558275,0.826838893234));
#7873 = CARTESIAN_POINT('',(0.521390439171,0.826277987534));
#7874 = CARTESIAN_POINT('',(0.512282193927,0.825718256478));
#7875 = CARTESIAN_POINT('',(0.503164798687,0.825159086793));
#7876 = CARTESIAN_POINT('',(0.494127783946,0.824599661977));
#7877 = CARTESIAN_POINT('',(0.485137906066,0.82403928231));
#7878 = CARTESIAN_POINT('',(0.47613123379,0.823477400206));
#7879 = CARTESIAN_POINT('',(0.467083151752,0.822913438089));
#7880 = CARTESIAN_POINT('',(0.457999004711,0.822346707186));
#7881 = CARTESIAN_POINT('',(0.448886161251,0.821776911336));
#7882 = CARTESIAN_POINT('',(0.439879826627,0.821202209611));
#7883 = CARTESIAN_POINT('',(0.430730328322,0.820628293382));
#7884 = CARTESIAN_POINT('',(0.421477324351,0.820056088648));
#7885 = CARTESIAN_POINT('',(0.412253543607,0.819485461628));
#7886 = CARTESIAN_POINT('',(0.403106466317,0.818916571537));
#7887 = CARTESIAN_POINT('',(0.394037082056,0.818349531475));
#7888 = CARTESIAN_POINT('',(0.385019332781,0.817784391593));
#7889 = CARTESIAN_POINT('',(0.375881621675,0.817221525355));
#7890 = CARTESIAN_POINT('',(0.3668227925,0.816659892512));
#7891 = CARTESIAN_POINT('',(0.357800529202,0.816098585659));
#7892 = CARTESIAN_POINT('',(0.348738107161,0.815536992912));
#7893 = CARTESIAN_POINT('',(0.339613092503,0.81497441345));
#7894 = CARTESIAN_POINT('',(0.330438834009,0.814410168222));
#7895 = CARTESIAN_POINT('',(0.321251733788,0.81384354128));
#7896 = CARTESIAN_POINT('',(0.312182624668,0.813273903336));
#7897 = CARTESIAN_POINT('',(0.303078965116,0.812699973153));
#7898 = CARTESIAN_POINT('',(0.294050371233,0.812122793911));
#7899 = CARTESIAN_POINT('',(0.284987713127,0.811547198725));
#7900 = CARTESIAN_POINT('',(0.275831759682,0.810973483221));
#7901 = CARTESIAN_POINT('',(0.26666327047,0.810401793354));
#7902 = CARTESIAN_POINT('',(0.257450666378,0.809831379252));
#7903 = CARTESIAN_POINT('',(0.248223267873,0.809261796674));
#7904 = CARTESIAN_POINT('',(0.238936859557,0.808691618209));
#7905 = CARTESIAN_POINT('',(0.229674724076,0.808121260865));
#7906 = CARTESIAN_POINT('',(0.220409296076,0.80755077544));
#7907 = CARTESIAN_POINT('',(0.211156090737,0.806980705383));
#7908 = CARTESIAN_POINT('',(0.201918209913,0.806410551226));
#7909 = CARTESIAN_POINT('',(0.192677529752,0.805839568272));
#7910 = CARTESIAN_POINT('',(0.183467428256,0.805266982305));
#7911 = CARTESIAN_POINT('',(0.174260852877,0.804692102874));
#7912 = CARTESIAN_POINT('',(0.165122154789,0.80411539694));
#7913 = CARTESIAN_POINT('',(0.156046745221,0.80353618464));
#7914 = CARTESIAN_POINT('',(0.146941865131,0.802957467281));
#7915 = CARTESIAN_POINT('',(0.137783869346,0.802380785583));
#7916 = CARTESIAN_POINT('',(0.12858439515,0.801805224988));
#7917 = CARTESIAN_POINT('',(0.119333335166,0.801230748678));
#7918 = CARTESIAN_POINT('',(0.110071406843,0.800658653059));
#7919 = CARTESIAN_POINT('',(0.100843803486,0.800088649186));
#7920 = CARTESIAN_POINT('',(9.162348751263E-02,0.799521096675));
#7921 = CARTESIAN_POINT('',(8.242864257456E-02,0.798954917231));
#7922 = CARTESIAN_POINT('',(7.322844682423E-02,0.79838927066));
#7923 = CARTESIAN_POINT('',(6.40235992578E-02,0.797823500588));
#7924 = CARTESIAN_POINT('',(5.48633452965E-02,0.79725690625));
#7925 = CARTESIAN_POINT('',(4.571047850927E-02,0.796688795328));
#7926 = CARTESIAN_POINT('',(3.65445919208E-02,0.796118454243));
#7927 = CARTESIAN_POINT('',(2.740597704361E-02,0.795545173389));
#7928 = CARTESIAN_POINT('',(1.823194230368E-02,0.794967684813));
#7929 = CARTESIAN_POINT('',(9.143619601996E-03,0.794386429229));
#7930 = CARTESIAN_POINT('',(3.058365008431E-03,0.79399927971));
#7931 = CARTESIAN_POINT('',(-5.42E-10,0.793806326192));
#7932 = ( GEOMETRIC_REPRESENTATION_CONTEXT(2) 
PARAMETRIC_REPRESENTATION_CONTEXT() REPRESENTATION_CONTEXT('2D SPACE',''
  ) );
#7933 = PCURVE('',#72,#7934);
#7934 = DEFINITIONAL_REPRESENTATION('',(#7935),#8018);
#7935 = B_SPLINE_CURVE_WITH_KNOTS('',3,(#7936,#7937,#7938,#7939,#7940,
    #7941,#7942,#7943,#7944,#7945,#7946,#7947,#7948,#7949,#7950,#7951,
    #7952,#7953,#7954,#7955,#7956,#7957,#7958,#7959,#7960,#7961,#7962,
    #7963,#7964,#7965,#7966,#7967,#7968,#7969,#7970,#7971,#7972,#7973,
    #7974,#7975,#7976,#7977,#7978,#7979,#7980,#7981,#7982,#7983,#7984,
    #7985,#7986,#7987,#7988,#7989,#7990,#7991,#7992,#7993,#7994,#7995,
    #7996,#7997,#7998,#7999,#8000,#8001,#8002,#8003,#8004,#8005,#8006,
    #8007,#8008,#8009,#8010,#8011,#8012,#8013,#8014,#8015,#8016,#8017),
  .UNSPECIFIED.,.F.,.F.,(4,3,3,3,3,3,3,3,3,3,3,3,3,3,3,3,3,3,3,3,3,3,3,3
    ,3,3,3,4),(0.,1.484712E-03,2.969423E-03,4.454135E-03,5.938846E-03,
    8.90827E-03,1.0392981E-02,1.1135337E-02,1.1877693E-02,1.4847116E-02,
    1.6331828E-02,1.7816539E-02,2.0785962E-02,2.2270674E-02,
    2.3755386E-02,2.6724809E-02,2.9694232E-02,3.2663655E-02,
    3.4148367E-02,3.5633079E-02,3.711779E-02,3.8602502E-02,4.0087213E-02
    ,4.1571925E-02,4.3056637E-02,4.4541348E-02,4.602606E-02,
    4.7510771E-02),.UNSPECIFIED.);
#7936 = CARTESIAN_POINT('',(-8.880934534,12.458691817));
#7937 = CARTESIAN_POINT('',(-8.475279087,12.742806106));
#7938 = CARTESIAN_POINT('',(-8.055375729,13.007377491));
#7939 = CARTESIAN_POINT('',(-7.625413789,13.250031696));
#7940 = CARTESIAN_POINT('',(-7.195451848,13.492685901));
#7941 = CARTESIAN_POINT('',(-6.756493453,13.713003327));
#7942 = CARTESIAN_POINT('',(-6.308751981,13.911513757));
#7943 = CARTESIAN_POINT('',(-5.861010509,14.110024187));
#7944 = CARTESIAN_POINT('',(-5.404485133,14.286725568));
#7945 = CARTESIAN_POINT('',(-4.939141186,14.441531827));
#7946 = CARTESIAN_POINT('',(-4.473797239,14.596338086));
#7947 = CARTESIAN_POINT('',(-3.998865253,14.729426368));
#7948 = CARTESIAN_POINT('',(-3.516444164,14.839545164));
#7949 = CARTESIAN_POINT('',(-2.551601988,15.059782756));
#7950 = CARTESIAN_POINT('',(-1.579354179,15.183698821));
#7951 = CARTESIAN_POINT('',(-0.599910731,15.214024632));
#7952 = CARTESIAN_POINT('',(-0.110189007,15.229187537));
#7953 = CARTESIAN_POINT('',(0.381343777,15.220794862));
#7954 = CARTESIAN_POINT('',(0.874738142,15.188189476));
#7955 = CARTESIAN_POINT('',(1.121435325,15.171886783));
#7956 = CARTESIAN_POINT('',(1.368070953,15.149522079));
#7957 = CARTESIAN_POINT('',(1.61266544,15.121349734));
#7958 = CARTESIAN_POINT('',(1.857259926,15.09317739));
#7959 = CARTESIAN_POINT('',(2.100390365,15.059163601));
#7960 = CARTESIAN_POINT('',(2.342079353,15.019398528));
#7961 = CARTESIAN_POINT('',(3.308835303,14.860338236));
#7962 = CARTESIAN_POINT('',(4.252733492,14.61007715));
#7963 = CARTESIAN_POINT('',(5.173465007,14.267382733));
#7964 = CARTESIAN_POINT('',(5.633830764,14.096035524));
#7965 = CARTESIAN_POINT('',(6.090125512,13.900490416));
#7966 = CARTESIAN_POINT('',(6.534129018,13.683821941));
#7967 = CARTESIAN_POINT('',(6.978132524,13.467153466));
#7968 = CARTESIAN_POINT('',(7.410616673,13.229302465));
#7969 = CARTESIAN_POINT('',(7.831565389,12.970239377));
#7970 = CARTESIAN_POINT('',(8.673462821,12.4521132));
#7971 = CARTESIAN_POINT('',(9.467236088,11.849445117));
#7972 = CARTESIAN_POINT('',(10.192869599,11.176396555));
#7973 = CARTESIAN_POINT('',(10.555686355,10.839872274));
#7974 = CARTESIAN_POINT('',(10.902512091,10.484754745));
#7975 = CARTESIAN_POINT('',(11.228401426,10.116807411));
#7976 = CARTESIAN_POINT('',(11.554290762,9.748860077));
#7977 = CARTESIAN_POINT('',(11.860427374,9.367119221));
#7978 = CARTESIAN_POINT('',(12.147192417,8.971851006));
#7979 = CARTESIAN_POINT('',(12.720722501,8.181314577));
#7980 = CARTESIAN_POINT('',(13.217913165,7.335870635));
#7981 = CARTESIAN_POINT('',(13.633325278,6.436622206));
#7982 = CARTESIAN_POINT('',(14.048737391,5.537373778));
#7983 = CARTESIAN_POINT('',(14.374759568,4.595473157));
#7984 = CARTESIAN_POINT('',(14.603658481,3.643337578));
#7985 = CARTESIAN_POINT('',(14.832557394,2.691202));
#7986 = CARTESIAN_POINT('',(14.967735771,1.723851776));
#7987 = CARTESIAN_POINT('',(15.007946391,0.741084433));
#7988 = CARTESIAN_POINT('',(15.028051701,0.249700762));
#7989 = CARTESIAN_POINT('',(15.024081429,-0.246883159));
#7990 = CARTESIAN_POINT('',(14.995449325,-0.741288134));
#7991 = CARTESIAN_POINT('',(14.966817222,-1.23569311));
#7992 = CARTESIAN_POINT('',(14.913810797,-1.72707082));
#7993 = CARTESIAN_POINT('',(14.836763912,-2.21460445));
#7994 = CARTESIAN_POINT('',(14.759717026,-2.702138079));
#7995 = CARTESIAN_POINT('',(14.658264374,-3.187344483));
#7996 = CARTESIAN_POINT('',(14.533230743,-3.66568257));
#7997 = CARTESIAN_POINT('',(14.408197112,-4.144020657));
#7998 = CARTESIAN_POINT('',(14.259916159,-4.614814854));
#7999 = CARTESIAN_POINT('',(14.088447875,-5.078084629));
#8000 = CARTESIAN_POINT('',(13.916979592,-5.541354403));
#8001 = CARTESIAN_POINT('',(13.721987623,-5.997602657));
#8002 = CARTESIAN_POINT('',(13.504978046,-6.442815107));
#8003 = CARTESIAN_POINT('',(13.287968469,-6.888027556));
#8004 = CARTESIAN_POINT('',(13.049001427,-7.322079053));
#8005 = CARTESIAN_POINT('',(12.788998141,-7.74333258));
#8006 = CARTESIAN_POINT('',(12.528994855,-8.164586108));
#8007 = CARTESIAN_POINT('',(12.248922865,-8.571360019));
#8008 = CARTESIAN_POINT('',(11.951603902,-8.960865882));
#8009 = CARTESIAN_POINT('',(11.654284938,-9.350371745));
#8010 = CARTESIAN_POINT('',(11.339080984,-9.723654603));
#8011 = CARTESIAN_POINT('',(11.006179065,-10.080884102));
#8012 = CARTESIAN_POINT('',(10.673277147,-10.438113601));
#8013 = CARTESIAN_POINT('',(10.322677928,-10.779290343));
#8014 = CARTESIAN_POINT('',(9.954050929,-11.10411456));
#8015 = CARTESIAN_POINT('',(9.58542393,-11.428938776));
#8016 = CARTESIAN_POINT('',(9.197485423,-11.738275821));
#8017 = CARTESIAN_POINT('',(8.795220534,-12.02722311));
#8018 = ( GEOMETRIC_REPRESENTATION_CONTEXT(2) 
PARAMETRIC_REPRESENTATION_CONTEXT() REPRESENTATION_CONTEXT('2D SPACE',''
  ) );
#8019 = ORIENTED_EDGE('',*,*,#8020,.F.);
#8020 = EDGE_CURVE('',#8021,#7730,#8023,.T.);
#8021 = VERTEX_POINT('',#8022);
#8022 = CARTESIAN_POINT('',(290.683076923,210.,614.9));
#8023 = SURFACE_CURVE('',#8024,(#8152,#8335),.PCURVE_S1.);
#8024 = B_SPLINE_CURVE_WITH_KNOTS('',3,(#8025,#8026,#8027,#8028,#8029,
    #8030,#8031,#8032,#8033,#8034,#8035,#8036,#8037,#8038,#8039,#8040,
    #8041,#8042,#8043,#8044,#8045,#8046,#8047,#8048,#8049,#8050,#8051,
    #8052,#8053,#8054,#8055,#8056,#8057,#8058,#8059,#8060,#8061,#8062,
    #8063,#8064,#8065,#8066,#8067,#8068,#8069,#8070,#8071,#8072,#8073,
    #8074,#8075,#8076,#8077,#8078,#8079,#8080,#8081,#8082,#8083,#8084,
    #8085,#8086,#8087,#8088,#8089,#8090,#8091,#8092,#8093,#8094,#8095,
    #8096,#8097,#8098,#8099,#8100,#8101,#8102,#8103,#8104,#8105,#8106,
    #8107,#8108,#8109,#8110,#8111,#8112,#8113,#8114,#8115,#8116,#8117,
    #8118,#8119,#8120,#8121,#8122,#8123,#8124,#8125,#8126,#8127,#8128,
    #8129,#8130,#8131,#8132,#8133,#8134,#8135,#8136,#8137,#8138,#8139,
    #8140,#8141,#8142,#8143,#8144,#8145,#8146,#8147,#8148,#8149,#8150,
    #8151),.UNSPECIFIED.,.F.,.F.,(4,3,3,3,3,3,3,3,3,3,3,3,3,3,3,3,3,3,3,
    3,3,3,3,3,3,3,3,3,3,3,3,3,3,3,3,3,3,3,3,3,3,3,4),(0.6875,0.690822073
    ,0.694144145,0.695805182,0.697466218,0.700788291,0.704110363,
    0.7057714,0.707432436,0.710754509,0.714076581,0.715737618,
    0.717398654,0.720720727,0.722381763,0.7240428,0.727364872,
    0.730686945,0.732347981,0.734009018,0.73733109,0.740653163,
    0.742314199,0.743975236,0.747297308,0.748958345,0.750619381,
    0.753941454,0.757263526,0.760585599,0.763907672,0.767229745,
    0.768890781,0.770551817,0.77387389,0.775534926,0.777195963,
    0.780518035,0.783840108,0.785501144,0.787162181,0.790484253,
    0.793806326),.UNSPECIFIED.);
#8025 = CARTESIAN_POINT('',(290.683076923,210.,614.9));
#8026 = CARTESIAN_POINT('',(290.676140948,210.822418853,614.9));
#8027 = CARTESIAN_POINT('',(290.669007575,211.652591675,614.831434331));
#8028 = CARTESIAN_POINT('',(290.66182085,212.473215691,614.693304739));
#8029 = CARTESIAN_POINT('',(290.654634125,213.293839706,614.555175147));
#8030 = CARTESIAN_POINT('',(290.647395429,214.104753208,614.347490247));
#8031 = CARTESIAN_POINT('',(290.640255849,214.88912577,614.075029279));
#8032 = CARTESIAN_POINT('',(290.636686059,215.28131205,613.938798795));
#8033 = CARTESIAN_POINT('',(290.633141134,215.666883853,613.7864654));
#8034 = CARTESIAN_POINT('',(290.629638742,216.043972595,613.619118741));
#8035 = CARTESIAN_POINT('',(290.62613635,216.421061337,613.451772082));
#8036 = CARTESIAN_POINT('',(290.622684214,216.789458293,613.269668598));
#8037 = CARTESIAN_POINT('',(290.619161709,217.152066018,613.071264349));
#8038 = CARTESIAN_POINT('',(290.612116698,217.877281468,612.674455851));
#8039 = CARTESIAN_POINT('',(290.60491779,218.574498519,612.213992795));
#8040 = CARTESIAN_POINT('',(290.597713288,219.228381333,611.698161307));
#8041 = CARTESIAN_POINT('',(290.590508787,219.882264148,611.182329819));
#8042 = CARTESIAN_POINT('',(290.583300156,220.492682992,610.611229833));
#8043 = CARTESIAN_POINT('',(290.576236504,221.04786109,609.997738011));
#8044 = CARTESIAN_POINT('',(290.572704679,221.32545014,609.690992099));
#8045 = CARTESIAN_POINT('',(290.569239443,221.588587399,609.374672745));
#8046 = CARTESIAN_POINT('',(290.565748038,221.838827945,609.047217964));
#8047 = CARTESIAN_POINT('',(290.562256634,222.089068491,608.719763183));
#8048 = CARTESIAN_POINT('',(290.558720484,222.326763907,608.38051614));
#8049 = CARTESIAN_POINT('',(290.555157231,222.550404074,608.03102469));
#8050 = CARTESIAN_POINT('',(290.548030726,222.997684408,607.332041791));
#8051 = CARTESIAN_POINT('',(290.5407956,223.388417551,606.59190118));
#8052 = CARTESIAN_POINT('',(290.533602929,223.71387757,605.825767074));
#8053 = CARTESIAN_POINT('',(290.526410259,224.039337589,605.059632967));
#8054 = CARTESIAN_POINT('',(290.519261389,224.299476066,604.267659096));
#8055 = CARTESIAN_POINT('',(290.512301222,224.491054435,603.466892177));
#8056 = CARTESIAN_POINT('',(290.508821139,224.586843619,603.066508717));
#8057 = CARTESIAN_POINT('',(290.505334515,224.666139904,602.661910184));
#8058 = CARTESIAN_POINT('',(290.501794091,224.728735243,602.252633598));
#8059 = CARTESIAN_POINT('',(290.498253667,224.791330583,601.843357013));
#8060 = CARTESIAN_POINT('',(290.494679342,224.837036093,601.430164719));
#8061 = CARTESIAN_POINT('',(290.49108955,224.865375846,601.015185191));
#8062 = CARTESIAN_POINT('',(290.483909965,224.92205535,600.185226135));
#8063 = CARTESIAN_POINT('',(290.476668886,224.908900992,599.348150311));
#8064 = CARTESIAN_POINT('',(290.469517442,224.826458713,598.521445965));
#8065 = CARTESIAN_POINT('',(290.46594172,224.785237573,598.108093793));
#8066 = CARTESIAN_POINT('',(290.462388548,224.726787949,597.697337762));
#8067 = CARTESIAN_POINT('',(290.458875727,224.651713834,597.291258275));
#8068 = CARTESIAN_POINT('',(290.455362907,224.576639719,596.885178788));
#8069 = CARTESIAN_POINT('',(290.451915082,224.485272631,596.484689593));
#8070 = CARTESIAN_POINT('',(290.448402456,224.376802729,596.086236683));
#8071 = CARTESIAN_POINT('',(290.441377203,224.159862925,595.289330863));
#8072 = CARTESIAN_POINT('',(290.434189188,223.874531741,594.504462166));
#8073 = CARTESIAN_POINT('',(290.426985906,223.525116308,593.748501871));
#8074 = CARTESIAN_POINT('',(290.419782623,223.175700874,592.992541575));
#8075 = CARTESIAN_POINT('',(290.412565462,222.762264031,592.265639012));
#8076 = CARTESIAN_POINT('',(290.405484288,222.294444465,591.582361656));
#8077 = CARTESIAN_POINT('',(290.4019437,222.060534682,591.240722978));
#8078 = CARTESIAN_POINT('',(290.398456574,221.813596376,590.910532699));
#8079 = CARTESIAN_POINT('',(290.394976717,221.553642898,590.591315938));
#8080 = CARTESIAN_POINT('',(290.391496861,221.293689421,590.272099177));
#8081 = CARTESIAN_POINT('',(290.387970036,221.019321459,589.96224698));
#8082 = CARTESIAN_POINT('',(290.384413888,220.731674183,589.663599793));
#8083 = CARTESIAN_POINT('',(290.377301592,220.15637963,589.066305419));
#8084 = CARTESIAN_POINT('',(290.3700713,219.527706075,588.514095251));
#8085 = CARTESIAN_POINT('',(290.362873877,218.858239253,588.019115336));
#8086 = CARTESIAN_POINT('',(290.355676454,218.188772432,587.524135421));
#8087 = CARTESIAN_POINT('',(290.34851323,217.478648616,587.086471032));
#8088 = CARTESIAN_POINT('',(290.341529991,216.743635863,586.713413706));
#8089 = CARTESIAN_POINT('',(290.338038371,216.376129487,586.526885043));
#8090 = CARTESIAN_POINT('',(290.334573468,216.001851017,586.35599298));
#8091 = CARTESIAN_POINT('',(290.331041815,215.618697424,586.199991331));
#8092 = CARTESIAN_POINT('',(290.327510162,215.235543832,586.043989683));
#8093 = CARTESIAN_POINT('',(290.323942418,214.844580643,585.903443125));
#8094 = CARTESIAN_POINT('',(290.320356791,214.447752125,585.77932839));
#8095 = CARTESIAN_POINT('',(290.313185537,213.65409509,585.531098921));
#8096 = CARTESIAN_POINT('',(290.305943277,212.836920916,585.348965837));
#8097 = CARTESIAN_POINT('',(290.29878116,212.013326727,585.236649584));
#8098 = CARTESIAN_POINT('',(290.295200102,211.601529632,585.180491458));
#8099 = CARTESIAN_POINT('',(290.29163923,211.188153644,585.141697759));
#8100 = CARTESIAN_POINT('',(290.288116541,210.775368106,585.120188029));
#8101 = CARTESIAN_POINT('',(290.284593851,210.362582568,585.098678299));
#8102 = CARTESIAN_POINT('',(290.281141546,209.951650864,585.094368293));
#8103 = CARTESIAN_POINT('',(290.277639359,209.539302099,585.107123936));
#8104 = CARTESIAN_POINT('',(290.270634986,208.714604569,585.132635222));
#8105 = CARTESIAN_POINT('',(290.263459046,207.885338428,585.22733542));
#8106 = CARTESIAN_POINT('',(290.256258177,207.068895774,585.391145561));
#8107 = CARTESIAN_POINT('',(290.249057307,206.252453121,585.554955702));
#8108 = CARTESIAN_POINT('',(290.241832851,205.44899338,585.787853183));
#8109 = CARTESIAN_POINT('',(290.234735273,204.675002692,586.084023438));
#8110 = CARTESIAN_POINT('',(290.227637695,203.901012004,586.380193693));
#8111 = CARTESIAN_POINT('',(290.220764724,203.159582711,586.737065541));
#8112 = CARTESIAN_POINT('',(290.213667755,202.445303359,587.15723711));
#8113 = CARTESIAN_POINT('',(290.206570786,201.731024007,587.577408678));
#8114 = CARTESIAN_POINT('',(290.199346588,201.047800419,588.060086172));
#8115 = CARTESIAN_POINT('',(290.192145605,200.410464627,588.596017743));
#8116 = CARTESIAN_POINT('',(290.184944622,199.773128834,589.131949314));
#8117 = CARTESIAN_POINT('',(290.177768198,199.181798064,589.721024543));
#8118 = CARTESIAN_POINT('',(290.170763005,198.647389252,590.349703154));
#8119 = CARTESIAN_POINT('',(290.167260408,198.380184846,590.66404246));
#8120 = CARTESIAN_POINT('',(290.163808437,198.127221851,590.98789804));
#8121 = CARTESIAN_POINT('',(290.160286115,197.886544604,591.323929555));
#8122 = CARTESIAN_POINT('',(290.156763793,197.645867357,591.65996107));
#8123 = CARTESIAN_POINT('',(290.153203206,197.418327682,592.007237896));
#8124 = CARTESIAN_POINT('',(290.149622342,197.205342255,592.364115429));
#8125 = CARTESIAN_POINT('',(290.142460612,196.7793714,593.077870495));
#8126 = CARTESIAN_POINT('',(290.135218375,196.411963342,593.830170904));
#8127 = CARTESIAN_POINT('',(290.128046779,196.110881867,594.605336203));
#8128 = CARTESIAN_POINT('',(290.124460981,195.960341129,594.992918852));
#8129 = CARTESIAN_POINT('',(290.120892974,195.826301227,595.386171067));
#8130 = CARTESIAN_POINT('',(290.117360975,195.709212518,595.782963938));
#8131 = CARTESIAN_POINT('',(290.113828975,195.59212381,596.179756809));
#8132 = CARTESIAN_POINT('',(290.110363402,195.492208475,596.578914639));
#8133 = CARTESIAN_POINT('',(290.106872214,195.408747744,596.982491491));
#8134 = CARTESIAN_POINT('',(290.099889839,195.241826281,597.789645195));
#8135 = CARTESIAN_POINT('',(290.092727144,195.140918002,598.617660384));
#8136 = CARTESIAN_POINT('',(290.085529882,195.110166771,599.449667));
#8137 = CARTESIAN_POINT('',(290.078332619,195.07941554,600.281673617));
#8138 = CARTESIAN_POINT('',(290.071102118,195.11883984,601.117511971));
#8139 = CARTESIAN_POINT('',(290.063989256,195.226804622,601.939767599));
#8140 = CARTESIAN_POINT('',(290.060432825,195.280787014,602.350895412));
#8141 = CARTESIAN_POINT('',(290.056905633,195.351812069,602.75863736));
#8142 = CARTESIAN_POINT('',(290.053425323,195.439150249,603.160957849));
#8143 = CARTESIAN_POINT('',(290.049945014,195.526488428,603.563278337));
#8144 = CARTESIAN_POINT('',(290.046458914,195.630509181,603.962215787));
#8145 = CARTESIAN_POINT('',(290.042918651,195.751609685,604.358138759));
#8146 = CARTESIAN_POINT('',(290.035838125,195.993810693,605.149984702));
#8147 = CARTESIAN_POINT('',(290.028621112,196.304034172,605.926557405));
#8148 = CARTESIAN_POINT('',(290.021417992,196.676908142,606.671223527));
#8149 = CARTESIAN_POINT('',(290.014214871,197.049782112,607.415889649));
#8150 = CARTESIAN_POINT('',(290.007025972,197.485240937,608.128528481));
#8151 = CARTESIAN_POINT('',(290.,197.972776919,608.795220575));
#8152 = PCURVE('',#2149,#8153);
#8153 = DEFINITIONAL_REPRESENTATION('',(#8154),#8334);
#8154 = B_SPLINE_CURVE_WITH_KNOTS('',3,(#8155,#8156,#8157,#8158,#8159,
    #8160,#8161,#8162,#8163,#8164,#8165,#8166,#8167,#8168,#8169,#8170,
    #8171,#8172,#8173,#8174,#8175,#8176,#8177,#8178,#8179,#8180,#8181,
    #8182,#8183,#8184,#8185,#8186,#8187,#8188,#8189,#8190,#8191,#8192,
    #8193,#8194,#8195,#8196,#8197,#8198,#8199,#8200,#8201,#8202,#8203,
    #8204,#8205,#8206,#8207,#8208,#8209,#8210,#8211,#8212,#8213,#8214,
    #8215,#8216,#8217,#8218,#8219,#8220,#8221,#8222,#8223,#8224,#8225,
    #8226,#8227,#8228,#8229,#8230,#8231,#8232,#8233,#8234,#8235,#8236,
    #8237,#8238,#8239,#8240,#8241,#8242,#8243,#8244,#8245,#8246,#8247,
    #8248,#8249,#8250,#8251,#8252,#8253,#8254,#8255,#8256,#8257,#8258,
    #8259,#8260,#8261,#8262,#8263,#8264,#8265,#8266,#8267,#8268,#8269,
    #8270,#8271,#8272,#8273,#8274,#8275,#8276,#8277,#8278,#8279,#8280,
    #8281,#8282,#8283,#8284,#8285,#8286,#8287,#8288,#8289,#8290,#8291,
    #8292,#8293,#8294,#8295,#8296,#8297,#8298,#8299,#8300,#8301,#8302,
    #8303,#8304,#8305,#8306,#8307,#8308,#8309,#8310,#8311,#8312,#8313,
    #8314,#8315,#8316,#8317,#8318,#8319,#8320,#8321,#8322,#8323,#8324,
    #8325,#8326,#8327,#8328,#8329,#8330,#8331,#8332,#8333),
  .UNSPECIFIED.,.F.,.F.,(4,1,1,1,1,1,1,1,1,1,1,1,1,1,1,1,1,1,1,1,1,1,1,1
    ,1,1,1,1,1,1,1,1,1,1,1,1,1,1,1,1,1,1,1,1,1,1,1,1,1,1,1,1,1,1,1,1,1,1
    ,1,1,1,1,1,1,1,1,1,1,1,1,1,1,1,1,1,1,1,1,1,1,1,1,1,1,1,1,1,1,1,1,1,1
    ,1,1,1,1,1,1,1,1,1,1,1,1,1,1,1,1,1,1,1,1,1,1,1,1,1,1,1,1,1,1,1,1,1,1
    ,1,1,1,1,1,1,1,1,1,1,1,1,1,1,1,1,1,1,1,1,1,1,1,1,1,1,1,1,1,1,1,1,1,1
    ,1,1,1,1,1,1,1,1,1,1,1,1,1,1,1,1,4),(0.6875,0.688104013216,
    0.688708026432,0.689312039648,0.689916052864,0.69052006608,
    0.691124079295,0.691728092511,0.692332105727,0.692936118943,
    0.693540132159,0.694144145375,0.694748158591,0.695352171807,
    0.695956185023,0.696560198239,0.697164211455,0.69776822467,
    0.698372237886,0.698976251102,0.699580264318,0.700184277534,
    0.70078829075,0.701392303966,0.701996317182,0.702600330398,
    0.703204343614,0.70380835683,0.704412370045,0.705016383261,
    0.705620396477,0.706224409693,0.706828422909,0.707432436125,
    0.708036449341,0.708640462557,0.709244475773,0.709848488989,
    0.710452502205,0.71105651542,0.711660528636,0.712264541852,
    0.712868555068,0.713472568284,0.7140765815,0.714680594716,
    0.715284607932,0.715888621148,0.716492634364,0.71709664758,
    0.717700660795,0.718304674011,0.718908687227,0.719512700443,
    0.720116713659,0.720720726875,0.721324740091,0.721928753307,
    0.722532766523,0.723136779739,0.723740792955,0.72434480617,
    0.724948819386,0.725552832602,0.726156845818,0.726760859034,
    0.72736487225,0.727968885466,0.728572898682,0.729176911898,
    0.729780925114,0.73038493833,0.730988951545,0.731592964761,
    0.732196977977,0.732800991193,0.733405004409,0.734009017625,
    0.734613030841,0.735217044057,0.735821057273,0.736425070489,
    0.737029083705,0.73763309692,0.738237110136,0.738841123352,
    0.739445136568,0.740049149784,0.740653163,0.741257176216,
    0.741861189432,0.742465202648,0.743069215864,0.74367322908,
    0.744277242295,0.744881255511,0.745485268727,0.746089281943,
    0.746693295159,0.747297308375,0.747901321591,0.748505334807,
    0.749109348023,0.749713361239,0.750317374455,0.75092138767,
    0.751525400886,0.752129414102,0.752733427318,0.753337440534,
    0.75394145375,0.754545466966,0.755149480182,0.755753493398,
    0.756357506614,0.75696151983,0.757565533045,0.758169546261,
    0.758773559477,0.759377572693,0.759981585909,0.760585599125,
    0.761189612341,0.761793625557,0.762397638773,0.763001651989,
    0.763605665205,0.76420967842,0.764813691636,0.765417704852,
    0.766021718068,0.766625731284,0.7672297445,0.767833757716,
    0.768437770932,0.769041784148,0.769645797364,0.77024981058,
    0.770853823795,0.771457837011,0.772061850227,0.772665863443,
    0.773269876659,0.773873889875,0.774477903091,0.775081916307,
    0.775685929523,0.776289942739,0.776893955955,0.77749796917,
    0.778101982386,0.778705995602,0.779310008818,0.779914022034,
    0.78051803525,0.781122048466,0.781726061682,0.782330074898,
    0.782934088114,0.78353810133,0.784142114545,0.784746127761,
    0.785350140977,0.785954154193,0.786558167409,0.787162180625,
    0.787766193841,0.788370207057,0.788974220273,0.789578233489,
    0.790182246705,0.79078625992,0.791390273136,0.791994286352,
    0.792598299568,0.793202312784,0.793806326),.QUASI_UNIFORM_KNOTS.);
#8155 = CARTESIAN_POINT('',(-5.42E-10,0.6875));
#8156 = CARTESIAN_POINT('',(-1.839952894208E-06,0.687701337829));
#8157 = CARTESIAN_POINT('',(-3.741522932079E-06,0.688104019755));
#8158 = CARTESIAN_POINT('',(-4.145821331129E-06,0.688708048631));
#8159 = CARTESIAN_POINT('',(-4.679444056495E-06,0.689312066897));
#8160 = CARTESIAN_POINT('',(-8.991883726583E-06,0.689916071175));
#8161 = CARTESIAN_POINT('',(-8.457131825369E-07,0.690520066432));
#8162 = CARTESIAN_POINT('',(1.06630185209E-06,0.691124079569));
#8163 = CARTESIAN_POINT('',(-1.472792883047E-05,0.691728086124));
#8164 = CARTESIAN_POINT('',(-1.070127468671E-05,0.692332100582));
#8165 = CARTESIAN_POINT('',(-1.030636346224E-05,0.692936115596));
#8166 = CARTESIAN_POINT('',(-1.525384361213E-05,0.693540131342));
#8167 = CARTESIAN_POINT('',(4.753057261741E-06,0.694144149383));
#8168 = CARTESIAN_POINT('',(-3.754405114334E-06,0.694748145404));
#8169 = CARTESIAN_POINT('',(-1.043871409043E-06,0.695352207893));
#8170 = CARTESIAN_POINT('',(-3.378543854134E-06,0.695956036661));
#8171 = CARTESIAN_POINT('',(3.368025813775E-05,0.696560721326));
#8172 = CARTESIAN_POINT('',(3.368908614251E-06,0.697164272795));
#8173 = CARTESIAN_POINT('',(6.880995994223E-07,0.697768210837));
#8174 = CARTESIAN_POINT('',(-9.918570199088E-06,0.698372251627));
#8175 = CARTESIAN_POINT('',(-7.239733012364E-06,0.698976266084));
#8176 = CARTESIAN_POINT('',(-6.570017776271E-06,0.699580280027));
#8177 = CARTESIAN_POINT('',(-9.553378633466E-06,0.700184278919));
#8178 = CARTESIAN_POINT('',(4.590755184429E-06,0.700788292812));
#8179 = CARTESIAN_POINT('',(-8.813778713571E-06,0.701392292569));
#8180 = CARTESIAN_POINT('',(-5.133041749179E-06,0.70199629777));
#8181 = CARTESIAN_POINT('',(-5.710176221971E-06,0.702600310502));
#8182 = CARTESIAN_POINT('',(-7.78338888049E-06,0.703204329817));
#8183 = CARTESIAN_POINT('',(-1.830460513226E-06,0.703808352426));
#8184 = CARTESIAN_POINT('',(3.796796328753E-06,0.704412379472));
#8185 = CARTESIAN_POINT('',(4.395676518139E-05,0.705015590649));
#8186 = CARTESIAN_POINT('',(-7.084100222461E-06,0.7056205618));
#8187 = CARTESIAN_POINT('',(8.899210380598E-07,0.706224369398));
#8188 = CARTESIAN_POINT('',(-3.722661810321E-06,0.706828440844));
#8189 = CARTESIAN_POINT('',(2.692291598586E-06,0.707432430417));
#8190 = CARTESIAN_POINT('',(-7.059295689326E-06,0.708036455226));
#8191 = CARTESIAN_POINT('',(-4.884244485617E-06,0.708640469008));
#8192 = CARTESIAN_POINT('',(-5.234399239663E-06,0.709244485754));
#8193 = CARTESIAN_POINT('',(-6.580203746602E-06,0.709848498232));
#8194 = CARTESIAN_POINT('',(-9.711548066687E-07,0.710452502025));
#8195 = CARTESIAN_POINT('',(-8.436116313629E-07,0.711056515017));
#8196 = CARTESIAN_POINT('',(-6.962833272519E-06,0.71166051147));
#8197 = CARTESIAN_POINT('',(-6.466732190335E-06,0.712264519778));
#8198 = CARTESIAN_POINT('',(-6.363645478157E-06,0.712868522999));
#8199 = CARTESIAN_POINT('',(-1.623832595802E-05,0.713472607864));
#8200 = CARTESIAN_POINT('',(3.958946629109E-06,0.714076416331));
#8201 = CARTESIAN_POINT('',(4.456662058605E-07,0.714681217299));
#8202 = CARTESIAN_POINT('',(5.295619622041E-06,0.715284711443));
#8203 = CARTESIAN_POINT('',(-1.268820079775E-06,0.715888594763));
#8204 = CARTESIAN_POINT('',(-2.003839926137E-06,0.716492644218));
#8205 = CARTESIAN_POINT('',(-2.024254820317E-06,0.717096646633));
#8206 = CARTESIAN_POINT('',(5.297913456516E-07,0.717700662099));
#8207 = CARTESIAN_POINT('',(-1.140334516693E-05,0.718304670589));
#8208 = CARTESIAN_POINT('',(-1.148181504972E-05,0.718908683839));
#8209 = CARTESIAN_POINT('',(-1.138486020186E-05,0.719512698681));
#8210 = CARTESIAN_POINT('',(-1.659281154686E-05,0.720116712715));
#8211 = CARTESIAN_POINT('',(5.167386868779E-06,0.7207207273));
#8212 = CARTESIAN_POINT('',(-4.051809407782E-06,0.721324737558));
#8213 = CARTESIAN_POINT('',(-2.685838422893E-07,0.721928750142));
#8214 = CARTESIAN_POINT('',(-6.1822898277E-06,0.722532765382));
#8215 = CARTESIAN_POINT('',(4.782665833991E-05,0.723136621804));
#8216 = CARTESIAN_POINT('',(2.463510829992E-06,0.723740965706));
#8217 = CARTESIAN_POINT('',(-7.101899103873E-07,0.724344761664));
#8218 = CARTESIAN_POINT('',(5.433425871746E-08,0.724948844213));
#8219 = CARTESIAN_POINT('',(-1.925432693624E-07,0.72555285));
#8220 = CARTESIAN_POINT('',(-8.338729914851E-08,0.726156866693));
#8221 = CARTESIAN_POINT('',(-3.13063083067E-08,0.726760866305));
#8222 = CARTESIAN_POINT('',(3.306063877168E-09,0.727364872155));
#8223 = CARTESIAN_POINT('',(-3.432046556486E-09,0.72796888052));
#8224 = CARTESIAN_POINT('',(7.170122348777E-09,0.728572885411));
#8225 = CARTESIAN_POINT('',(-2.524844283862E-08,0.72917689861));
#8226 = CARTESIAN_POINT('',(9.382364900571E-08,0.7297809201));
#8227 = CARTESIAN_POINT('',(-3.500461531842E-07,0.73038493079));
#8228 = CARTESIAN_POINT('',(1.304829730406E-06,0.730988974324));
#8229 = CARTESIAN_POINT('',(2.337711968573E-05,0.731592371076));
#8230 = CARTESIAN_POINT('',(-2.745680162688E-06,0.732197018551));
#8231 = CARTESIAN_POINT('',(7.141331795614E-07,0.732800982641));
#8232 = CARTESIAN_POINT('',(-2.408818560266E-07,0.733405011277));
#8233 = CARTESIAN_POINT('',(4.599273755304E-08,0.734009015906));
#8234 = CARTESIAN_POINT('',(-2.732390613155E-08,0.734613031549));
#8235 = CARTESIAN_POINT('',(-3.259017124307E-08,0.735217049408));
#8236 = CARTESIAN_POINT('',(-1.695484077404E-08,0.735821066379));
#8237 = CARTESIAN_POINT('',(5.379343695814E-09,0.736425078038));
#8238 = CARTESIAN_POINT('',(-4.562534009218E-09,0.737029083786));
#8239 = CARTESIAN_POINT('',(5.723081651271E-09,0.737633096583));
#8240 = CARTESIAN_POINT('',(-1.990143859915E-08,0.738237091276));
#8241 = CARTESIAN_POINT('',(7.388267274534E-08,0.738841101114));
#8242 = CARTESIAN_POINT('',(-2.756292523822E-07,0.739445102156));
#8243 = CARTESIAN_POINT('',(1.028634336783E-06,0.740049191599));
#8244 = CARTESIAN_POINT('',(-3.841161643817E-06,0.740652978997));
#8245 = CARTESIAN_POINT('',(1.44877564385E-05,0.741257865637));
#8246 = CARTESIAN_POINT('',(1.148206998975E-05,0.741861397332));
#8247 = CARTESIAN_POINT('',(-3.13094083208E-06,0.74246514947));
#8248 = CARTESIAN_POINT('',(7.865115838307E-07,0.743069233486));
#8249 = CARTESIAN_POINT('',(-2.322981271816E-07,0.743673225402));
#8250 = CARTESIAN_POINT('',(2.133359794197E-08,0.744277243537));
#8251 = CARTESIAN_POINT('',(-1.387189802692E-07,0.744881253064));
#8252 = CARTESIAN_POINT('',(-2.825687064367E-09,0.745485267334));
#8253 = CARTESIAN_POINT('',(1.270583969944E-08,0.746089282229));
#8254 = CARTESIAN_POINT('',(-4.79976717334E-08,0.746693296136));
#8255 = CARTESIAN_POINT('',(1.713521200919E-07,0.747297306703));
#8256 = CARTESIAN_POINT('',(-5.68461316899E-07,0.747901327255));
#8257 = CARTESIAN_POINT('',(2.096450797219E-06,0.748505302731));
#8258 = CARTESIAN_POINT('',(-7.867878427609E-06,0.749109454269));
#8259 = CARTESIAN_POINT('',(5.16912216763E-05,0.749712736073));
#8260 = CARTESIAN_POINT('',(2.695847143089E-06,0.750317532999));
#8261 = CARTESIAN_POINT('',(-2.321797550251E-06,0.750921347085));
#8262 = CARTESIAN_POINT('',(-4.717091546725E-06,0.751525425558));
#8263 = CARTESIAN_POINT('',(-5.463197275025E-06,0.752129434203));
#8264 = CARTESIAN_POINT('',(-5.303344622876E-06,0.752733449134));
#8265 = CARTESIAN_POINT('',(-1.073581048865E-05,0.753337447341));
#8266 = CARTESIAN_POINT('',(5.351005130441E-06,0.753941453367));
#8267 = CARTESIAN_POINT('',(-1.071447359306E-05,0.754545461715));
#8268 = CARTESIAN_POINT('',(-8.871197903182E-06,0.7551494682));
#8269 = CARTESIAN_POINT('',(-1.046978415598E-05,0.755753483193));
#8270 = CARTESIAN_POINT('',(-2.49181334746E-06,0.756357502614));
#8271 = CARTESIAN_POINT('',(4.889555905895E-07,0.756961517535));
#8272 = CARTESIAN_POINT('',(-1.251959092029E-06,0.757565541449));
#8273 = CARTESIAN_POINT('',(1.392575783588E-04,0.758168881001));
#8274 = CARTESIAN_POINT('',(2.112654197988E-04,0.758773047572));
#8275 = CARTESIAN_POINT('',(1.64030632464E-04,0.759378453202));
#8276 = CARTESIAN_POINT('',(5.478055081041E-05,0.759981869315));
#8277 = CARTESIAN_POINT('',(-1.152898063723E-05,0.76058552512));
#8278 = CARTESIAN_POINT('',(-8.838825350584E-06,0.761189632045));
#8279 = CARTESIAN_POINT('',(-1.086580453845E-05,0.761793624948));
#8280 = CARTESIAN_POINT('',(-9.609864503012E-06,0.762397647915));
#8281 = CARTESIAN_POINT('',(-1.331278895267E-05,0.763001653541));
#8282 = CARTESIAN_POINT('',(4.077507529839E-07,0.763605665105));
#8283 = CARTESIAN_POINT('',(3.733513360977E-07,0.764209678021));
#8284 = CARTESIAN_POINT('',(-1.320959070202E-05,0.764813664504));
#8285 = CARTESIAN_POINT('',(-9.700150980977E-06,0.765417674207));
#8286 = CARTESIAN_POINT('',(-1.012694102755E-05,0.766021686949));
#8287 = CARTESIAN_POINT('',(-1.193487339496E-05,0.766625730818));
#8288 = CARTESIAN_POINT('',(-4.315519027165E-06,0.767229690148));
#8289 = CARTESIAN_POINT('',(2.946252312592E-05,0.767833964286));
#8290 = CARTESIAN_POINT('',(1.47570938907E-05,0.768438085642));
#8291 = CARTESIAN_POINT('',(-3.636016216063E-06,0.76904170175));
#8292 = CARTESIAN_POINT('',(-1.734066138306E-06,0.769645825446));
#8293 = CARTESIAN_POINT('',(-7.361538353517E-07,0.770249805173));
#8294 = CARTESIAN_POINT('',(-1.024022160791E-06,0.770853826693));
#8295 = CARTESIAN_POINT('',(-6.476192126122E-06,0.771457839608));
#8296 = CARTESIAN_POINT('',(-5.280833399032E-06,0.772061853777));
#8297 = CARTESIAN_POINT('',(-4.894519676456E-06,0.772665867823));
#8298 = CARTESIAN_POINT('',(-7.710037357187E-06,0.773269881514));
#8299 = CARTESIAN_POINT('',(2.80586732739E-06,0.773873885453));
#8300 = CARTESIAN_POINT('',(-3.415058083246E-06,0.77447791169));
#8301 = CARTESIAN_POINT('',(-4.540695990456E-07,0.775081879094));
#8302 = CARTESIAN_POINT('',(-6.077098125211E-06,0.775686060222));
#8303 = CARTESIAN_POINT('',(4.23133207556E-05,0.776289233242));
#8304 = CARTESIAN_POINT('',(4.222570084189E-06,0.776893928017));
#8305 = CARTESIAN_POINT('',(-1.826316073556E-06,0.777497977348));
#8306 = CARTESIAN_POINT('',(-6.349837153208E-06,0.778101996005));
#8307 = CARTESIAN_POINT('',(-5.405503942129E-06,0.778706021569));
#8308 = CARTESIAN_POINT('',(-4.881325302869E-06,0.779310032935));
#8309 = CARTESIAN_POINT('',(-8.348461978829E-06,0.779914031641));
#8310 = CARTESIAN_POINT('',(4.268064333025E-06,0.780518034666));
#8311 = CARTESIAN_POINT('',(-8.774768726096E-06,0.781122045308));
#8312 = CARTESIAN_POINT('',(-5.96310253246E-06,0.781726052515));
#8313 = CARTESIAN_POINT('',(-6.629419067724E-06,0.782330066889));
#8314 = CARTESIAN_POINT('',(-1.04453745107E-05,0.782934084386));
#8315 = CARTESIAN_POINT('',(-1.34856646249E-07,0.78353810439));
#8316 = CARTESIAN_POINT('',(-3.236335089447E-07,0.784142102759));
#8317 = CARTESIAN_POINT('',(-1.770669388632E-06,0.784746160341));
#8318 = CARTESIAN_POINT('',(-6.30495550363E-08,0.785350003513));
#8319 = CARTESIAN_POINT('',(1.734337008673E-06,0.785954668367));
#8320 = CARTESIAN_POINT('',(-4.318327230945E-06,0.786558446686));
#8321 = CARTESIAN_POINT('',(1.135288238242E-06,0.787162105932));
#8322 = CARTESIAN_POINT('',(-3.491457106596E-07,0.787766216268));
#8323 = CARTESIAN_POINT('',(-5.041009387369E-08,0.788370212446));
#8324 = CARTESIAN_POINT('',(-1.985792371909E-07,0.788974236888));
#8325 = CARTESIAN_POINT('',(-1.082292622429E-07,0.789578244638));
#8326 = CARTESIAN_POINT('',(4.667242609708E-08,0.79018224653));
#8327 = CARTESIAN_POINT('',(-8.233850636693E-08,0.7907862547));
#8328 = CARTESIAN_POINT('',(2.821694033905E-07,0.791390253055));
#8329 = CARTESIAN_POINT('',(-1.046339107195E-06,0.791994261658));
#8330 = CARTESIAN_POINT('',(3.901464798855E-06,0.792598281694));
#8331 = CARTESIAN_POINT('',(-1.456277208822E-05,0.793202307771));
#8332 = CARTESIAN_POINT('',(-1.045957056336E-05,0.793604988393));
#8333 = CARTESIAN_POINT('',(-5.42E-10,0.793806326259));
#8334 = ( GEOMETRIC_REPRESENTATION_CONTEXT(2) 
PARAMETRIC_REPRESENTATION_CONTEXT() REPRESENTATION_CONTEXT('2D SPACE',''
  ) );
#8335 = PCURVE('',#7046,#8336);
#8336 = DEFINITIONAL_REPRESENTATION('',(#8337),#8517);
#8337 = B_SPLINE_CURVE_WITH_KNOTS('',3,(#8338,#8339,#8340,#8341,#8342,
    #8343,#8344,#8345,#8346,#8347,#8348,#8349,#8350,#8351,#8352,#8353,
    #8354,#8355,#8356,#8357,#8358,#8359,#8360,#8361,#8362,#8363,#8364,
    #8365,#8366,#8367,#8368,#8369,#8370,#8371,#8372,#8373,#8374,#8375,
    #8376,#8377,#8378,#8379,#8380,#8381,#8382,#8383,#8384,#8385,#8386,
    #8387,#8388,#8389,#8390,#8391,#8392,#8393,#8394,#8395,#8396,#8397,
    #8398,#8399,#8400,#8401,#8402,#8403,#8404,#8405,#8406,#8407,#8408,
    #8409,#8410,#8411,#8412,#8413,#8414,#8415,#8416,#8417,#8418,#8419,
    #8420,#8421,#8422,#8423,#8424,#8425,#8426,#8427,#8428,#8429,#8430,
    #8431,#8432,#8433,#8434,#8435,#8436,#8437,#8438,#8439,#8440,#8441,
    #8442,#8443,#8444,#8445,#8446,#8447,#8448,#8449,#8450,#8451,#8452,
    #8453,#8454,#8455,#8456,#8457,#8458,#8459,#8460,#8461,#8462,#8463,
    #8464,#8465,#8466,#8467,#8468,#8469,#8470,#8471,#8472,#8473,#8474,
    #8475,#8476,#8477,#8478,#8479,#8480,#8481,#8482,#8483,#8484,#8485,
    #8486,#8487,#8488,#8489,#8490,#8491,#8492,#8493,#8494,#8495,#8496,
    #8497,#8498,#8499,#8500,#8501,#8502,#8503,#8504,#8505,#8506,#8507,
    #8508,#8509,#8510,#8511,#8512,#8513,#8514,#8515,#8516),
  .UNSPECIFIED.,.F.,.F.,(4,1,1,1,1,1,1,1,1,1,1,1,1,1,1,1,1,1,1,1,1,1,1,1
    ,1,1,1,1,1,1,1,1,1,1,1,1,1,1,1,1,1,1,1,1,1,1,1,1,1,1,1,1,1,1,1,1,1,1
    ,1,1,1,1,1,1,1,1,1,1,1,1,1,1,1,1,1,1,1,1,1,1,1,1,1,1,1,1,1,1,1,1,1,1
    ,1,1,1,1,1,1,1,1,1,1,1,1,1,1,1,1,1,1,1,1,1,1,1,1,1,1,1,1,1,1,1,1,1,1
    ,1,1,1,1,1,1,1,1,1,1,1,1,1,1,1,1,1,1,1,1,1,1,1,1,1,1,1,1,1,1,1,1,1,1
    ,1,1,1,1,1,1,1,1,1,1,1,1,1,1,1,1,4),(0.6875,0.688104013216,
    0.688708026432,0.689312039648,0.689916052864,0.69052006608,
    0.691124079295,0.691728092511,0.692332105727,0.692936118943,
    0.693540132159,0.694144145375,0.694748158591,0.695352171807,
    0.695956185023,0.696560198239,0.697164211455,0.69776822467,
    0.698372237886,0.698976251102,0.699580264318,0.700184277534,
    0.70078829075,0.701392303966,0.701996317182,0.702600330398,
    0.703204343614,0.70380835683,0.704412370045,0.705016383261,
    0.705620396477,0.706224409693,0.706828422909,0.707432436125,
    0.708036449341,0.708640462557,0.709244475773,0.709848488989,
    0.710452502205,0.71105651542,0.711660528636,0.712264541852,
    0.712868555068,0.713472568284,0.7140765815,0.714680594716,
    0.715284607932,0.715888621148,0.716492634364,0.71709664758,
    0.717700660795,0.718304674011,0.718908687227,0.719512700443,
    0.720116713659,0.720720726875,0.721324740091,0.721928753307,
    0.722532766523,0.723136779739,0.723740792955,0.72434480617,
    0.724948819386,0.725552832602,0.726156845818,0.726760859034,
    0.72736487225,0.727968885466,0.728572898682,0.729176911898,
    0.729780925114,0.73038493833,0.730988951545,0.731592964761,
    0.732196977977,0.732800991193,0.733405004409,0.734009017625,
    0.734613030841,0.735217044057,0.735821057273,0.736425070489,
    0.737029083705,0.73763309692,0.738237110136,0.738841123352,
    0.739445136568,0.740049149784,0.740653163,0.741257176216,
    0.741861189432,0.742465202648,0.743069215864,0.74367322908,
    0.744277242295,0.744881255511,0.745485268727,0.746089281943,
    0.746693295159,0.747297308375,0.747901321591,0.748505334807,
    0.749109348023,0.749713361239,0.750317374455,0.75092138767,
    0.751525400886,0.752129414102,0.752733427318,0.753337440534,
    0.75394145375,0.754545466966,0.755149480182,0.755753493398,
    0.756357506614,0.75696151983,0.757565533045,0.758169546261,
    0.758773559477,0.759377572693,0.759981585909,0.760585599125,
    0.761189612341,0.761793625557,0.762397638773,0.763001651989,
    0.763605665205,0.76420967842,0.764813691636,0.765417704852,
    0.766021718068,0.766625731284,0.7672297445,0.767833757716,
    0.768437770932,0.769041784148,0.769645797364,0.77024981058,
    0.770853823795,0.771457837011,0.772061850227,0.772665863443,
    0.773269876659,0.773873889875,0.774477903091,0.775081916307,
    0.775685929523,0.776289942739,0.776893955955,0.77749796917,
    0.778101982386,0.778705995602,0.779310008818,0.779914022034,
    0.78051803525,0.781122048466,0.781726061682,0.782330074898,
    0.782934088114,0.78353810133,0.784142114545,0.784746127761,
    0.785350140977,0.785954154193,0.786558167409,0.787162180625,
    0.787766193841,0.788370207057,0.788974220273,0.789578233489,
    0.790182246705,0.79078625992,0.791390273136,0.791994286352,
    0.792598299568,0.793202312784,0.793806326),.QUASI_UNIFORM_KNOTS.);
#8338 = CARTESIAN_POINT('',(0.,-102.080546417));
#8339 = CARTESIAN_POINT('',(1.003561680728E-02,-102.0792853307));
#8340 = CARTESIAN_POINT('',(3.014126184838E-02,-102.0767501072));
#8341 = CARTESIAN_POINT('',(6.03888417154E-02,-102.072913313));
#8342 = CARTESIAN_POINT('',(9.071134783545E-02,-102.0690477559));
#8343 = CARTESIAN_POINT('',(0.12109481843,-102.0651586264));
#8344 = CARTESIAN_POINT('',(0.151525571507,-102.0612511349));
#8345 = CARTESIAN_POINT('',(0.181991067864,-102.057330418));
#8346 = CARTESIAN_POINT('',(0.212476021728,-102.0534021211));
#8347 = CARTESIAN_POINT('',(0.242966742754,-102.0494716882));
#8348 = CARTESIAN_POINT('',(0.273449007395,-102.0455445674));
#8349 = CARTESIAN_POINT('',(0.303908470023,-102.0416262147));
#8350 = CARTESIAN_POINT('',(0.334331047708,-102.0377220495));
#8351 = CARTESIAN_POINT('',(0.364702387744,-102.0338376307));
#8352 = CARTESIAN_POINT('',(0.395009673364,-102.0299778623));
#8353 = CARTESIAN_POINT('',(0.425236965776,-102.026148695));
#8354 = CARTESIAN_POINT('',(0.455377753905,-102.0223525282));
#8355 = CARTESIAN_POINT('',(0.485525664924,-102.01855361));
#8356 = CARTESIAN_POINT('',(0.515788284792,-102.0147109252));
#8357 = CARTESIAN_POINT('',(0.546126041489,-102.0108394807));
#8358 = CARTESIAN_POINT('',(0.57652177893,-102.0069457778));
#8359 = CARTESIAN_POINT('',(0.606962056067,-102.0030348525));
#8360 = CARTESIAN_POINT('',(0.637432481059,-101.9991121489));
#8361 = CARTESIAN_POINT('',(0.667919765513,-101.9951829444));
#8362 = CARTESIAN_POINT('',(0.698409573819,-101.991252775));
#8363 = CARTESIAN_POINT('',(0.728887436493,-101.9873272049));
#8364 = CARTESIAN_POINT('',(0.759339966453,-101.9834115516));
#8365 = CARTESIAN_POINT('',(0.789752829959,-101.9795112449));
#8366 = CARTESIAN_POINT('',(0.820112137676,-101.9756315121));
#8367 = CARTESIAN_POINT('',(0.850402314566,-101.9717782783));
#8368 = CARTESIAN_POINT('',(0.880577527056,-101.9679689282));
#8369 = CARTESIAN_POINT('',(0.910719846503,-101.9641721836));
#8370 = CARTESIAN_POINT('',(0.94090980132,-101.9603572687));
#8371 = CARTESIAN_POINT('',(0.971193466336,-101.9565065579));
#8372 = CARTESIAN_POINT('',(1.001543446733,-101.9526303602));
#8373 = CARTESIAN_POINT('',(1.031950105991,-101.9487323463));
#8374 = CARTESIAN_POINT('',(1.062398413493,-101.9448183087));
#8375 = CARTESIAN_POINT('',(1.092874417363,-101.9408936038));
#8376 = CARTESIAN_POINT('',(1.123363725907,-101.9369637032));
#8377 = CARTESIAN_POINT('',(1.153852132459,-101.9330340536));
#8378 = CARTESIAN_POINT('',(1.184326051484,-101.929110086));
#8379 = CARTESIAN_POINT('',(1.21477008491,-101.9251974902));
#8380 = CARTESIAN_POINT('',(1.245171937742,-101.9213012981));
#8381 = CARTESIAN_POINT('',(1.275516481843,-101.9174272756));
#8382 = CARTESIAN_POINT('',(1.305794887962,-101.9135786813));
#8383 = CARTESIAN_POINT('',(1.335973631415,-101.9097680693));
#8384 = CARTESIAN_POINT('',(1.366110716675,-101.9059733185));
#8385 = CARTESIAN_POINT('',(1.396309443273,-101.9021550145));
#8386 = CARTESIAN_POINT('',(1.426598666034,-101.8983021179));
#8387 = CARTESIAN_POINT('',(1.456965080684,-101.8944196474));
#8388 = CARTESIAN_POINT('',(1.487381142031,-101.8905180059));
#8389 = CARTESIAN_POINT('',(1.517836686086,-101.8866011295));
#8390 = CARTESIAN_POINT('',(1.548316429055,-101.882674855));
#8391 = CARTESIAN_POINT('',(1.578806864841,-101.8787445384));
#8392 = CARTESIAN_POINT('',(1.609293674871,-101.8748156567));
#8393 = CARTESIAN_POINT('',(1.639762573512,-101.8708936474));
#8394 = CARTESIAN_POINT('',(1.670199359746,-101.8669839843));
#8395 = CARTESIAN_POINT('',(1.700590283435,-101.8630920358));
#8396 = CARTESIAN_POINT('',(1.730920225861,-101.8592235707));
#8397 = CARTESIAN_POINT('',(1.761180995334,-101.855381617));
#8398 = CARTESIAN_POINT('',(1.791330469764,-101.8515821137));
#8399 = CARTESIAN_POINT('',(1.821464285488,-101.847788581));
#8400 = CARTESIAN_POINT('',(1.851697169571,-101.8439572624));
#8401 = CARTESIAN_POINT('',(1.882011908334,-101.8400946674));
#8402 = CARTESIAN_POINT('',(1.912388841715,-101.8362082111));
#8403 = CARTESIAN_POINT('',(1.942815225839,-101.832302648));
#8404 = CARTESIAN_POINT('',(1.973276540061,-101.8283834603));
#8405 = CARTESIAN_POINT('',(2.003759629601,-101.8244558795));
#8406 = CARTESIAN_POINT('',(2.034250223594,-101.8205254115));
#8407 = CARTESIAN_POINT('',(2.064733814031,-101.8165976325));
#8408 = CARTESIAN_POINT('',(2.095196907493,-101.8126778963));
#8409 = CARTESIAN_POINT('',(2.125625178442,-101.8087716389));
#8410 = CARTESIAN_POINT('',(2.156004512595,-101.8048841905));
#8411 = CARTESIAN_POINT('',(2.186320089405,-101.8010212217));
#8412 = CARTESIAN_POINT('',(2.216535890681,-101.7971963818));
#8413 = CARTESIAN_POINT('',(2.246690069682,-101.7933951319));
#8414 = CARTESIAN_POINT('',(2.276838755933,-101.7895959477));
#8415 = CARTESIAN_POINT('',(2.307097751634,-101.7857546731));
#8416 = CARTESIAN_POINT('',(2.337424521992,-101.7818873775));
#8417 = CARTESIAN_POINT('',(2.367813685155,-101.7779961232));
#8418 = CARTESIAN_POINT('',(2.398249147481,-101.774087054));
#8419 = CARTESIAN_POINT('',(2.428717206643,-101.7701654224));
#8420 = CARTESIAN_POINT('',(2.459203402453,-101.7662367183));
#8421 = CARTESIAN_POINT('',(2.48969358295,-101.7623063731));
#8422 = CARTESIAN_POINT('',(2.520174204468,-101.758379816));
#8423 = CARTESIAN_POINT('',(2.550629919993,-101.7544627208));
#8424 = CARTESIAN_POINT('',(2.581048094873,-101.750560245));
#8425 = CARTESIAN_POINT('',(2.611414423975,-101.7466778466));
#8426 = CARTESIAN_POINT('',(2.641716707368,-101.7428200814));
#8427 = CARTESIAN_POINT('',(2.671933816033,-101.7389948132));
#8428 = CARTESIAN_POINT('',(2.70207743845,-101.7351975757));
#8429 = CARTESIAN_POINT('',(2.732237107445,-101.7313941742));
#8430 = CARTESIAN_POINT('',(2.762496283521,-101.7275527856));
#8431 = CARTESIAN_POINT('',(2.79284226659,-101.7236781709));
#8432 = CARTESIAN_POINT('',(2.823241342379,-101.7197830773));
#8433 = CARTESIAN_POINT('',(2.853685173307,-101.7158707185));
#8434 = CARTESIAN_POINT('',(2.884158064819,-101.7119471074));
#8435 = CARTESIAN_POINT('',(2.914646539181,-101.7080175597));
#8436 = CARTESIAN_POINT('',(2.945136232147,-101.7040875657));
#8437 = CARTESIAN_POINT('',(2.975612883178,-101.7001625539));
#8438 = CARTESIAN_POINT('',(3.006062270188,-101.6962480258));
#8439 = CARTESIAN_POINT('',(3.036470899019,-101.6923492519));
#8440 = CARTESIAN_POINT('',(3.066822455423,-101.688472471));
#8441 = CARTESIAN_POINT('',(3.097112783381,-101.684619209));
#8442 = CARTESIAN_POINT('',(3.127281273868,-101.6808124388));
#8443 = CARTESIAN_POINT('',(3.157414276202,-101.6770192346));
#8444 = CARTESIAN_POINT('',(3.187615260271,-101.6732000987));
#8445 = CARTESIAN_POINT('',(3.217905453162,-101.6693469246));
#8446 = CARTESIAN_POINT('',(3.248261863943,-101.6654683643));
#8447 = CARTESIAN_POINT('',(3.278672670253,-101.6615688019));
#8448 = CARTESIAN_POINT('',(3.309123171445,-101.6576537788));
#8449 = CARTESIAN_POINT('',(3.33960034528,-101.6537284744));
#8450 = CARTESIAN_POINT('',(3.370090058405,-101.6497983592));
#8451 = CARTESIAN_POINT('',(3.400577688699,-101.6458690273));
#8452 = CARTESIAN_POINT('',(3.431049664371,-101.6419458611));
#8453 = CARTESIAN_POINT('',(3.461491684188,-101.6380342938));
#8454 = CARTESIAN_POINT('',(3.491889370192,-101.6341397677));
#8455 = CARTESIAN_POINT('',(3.522228849311,-101.6302676372));
#8456 = CARTESIAN_POINT('',(3.552464051919,-101.6264354411));
#8457 = CARTESIAN_POINT('',(3.582648324958,-101.6226226433));
#8458 = CARTESIAN_POINT('',(3.612821647566,-101.6188140161));
#8459 = CARTESIAN_POINT('',(3.64302505524,-101.6149939376));
#8460 = CARTESIAN_POINT('',(3.673309144575,-101.6111430544));
#8461 = CARTESIAN_POINT('',(3.703683932216,-101.6072573339));
#8462 = CARTESIAN_POINT('',(3.734103571963,-101.6033543761));
#8463 = CARTESIAN_POINT('',(3.764562313244,-101.5994363447));
#8464 = CARTESIAN_POINT('',(3.795043580939,-101.595509538));
#8465 = CARTESIAN_POINT('',(3.825533834253,-101.5915791516));
#8466 = CARTESIAN_POINT('',(3.856019464022,-101.5876506577));
#8467 = CARTESIAN_POINT('',(3.886485192285,-101.5837297077));
#8468 = CARTESIAN_POINT('',(3.916918072639,-101.5798215682));
#8469 = CARTESIAN_POINT('',(3.9473044028,-101.575931475));
#8470 = CARTESIAN_POINT('',(3.977629463783,-101.5720649553));
#8471 = CARTESIAN_POINT('',(4.007881335783,-101.5682264007));
#8472 = CARTESIAN_POINT('',(4.038037286177,-101.5644244546));
#8473 = CARTESIAN_POINT('',(4.068172729167,-101.5606302951));
#8474 = CARTESIAN_POINT('',(4.098403004002,-101.5567999625));
#8475 = CARTESIAN_POINT('',(4.128726212054,-101.5529341026));
#8476 = CARTESIAN_POINT('',(4.159106874285,-101.549046111));
#8477 = CARTESIAN_POINT('',(4.189537254681,-101.5451389414));
#8478 = CARTESIAN_POINT('',(4.22000158839,-101.5412186437));
#8479 = CARTESIAN_POINT('',(4.250486383952,-101.5372905224));
#8480 = CARTESIAN_POINT('',(4.280977246367,-101.5333600714));
#8481 = CARTESIAN_POINT('',(4.311459929863,-101.529432716));
#8482 = CARTESIAN_POINT('',(4.341920225017,-101.5255139663));
#8483 = CARTESIAN_POINT('',(4.372344776209,-101.5216090615));
#8484 = CARTESIAN_POINT('',(4.402716944302,-101.5177243488));
#8485 = CARTESIAN_POINT('',(4.433032963357,-101.513861248));
#8486 = CARTESIAN_POINT('',(4.46323068854,-101.5100432972));
#8487 = CARTESIAN_POINT('',(4.493376080493,-101.5062453762));
#8488 = CARTESIAN_POINT('',(4.52354297893,-101.5024392412));
#8489 = CARTESIAN_POINT('',(4.553807153561,-101.498596049));
#8490 = CARTESIAN_POINT('',(4.584141360752,-101.4947260262));
#8491 = CARTESIAN_POINT('',(4.61453495016,-101.4908330942));
#8492 = CARTESIAN_POINT('',(4.644972970277,-101.4869228783));
#8493 = CARTESIAN_POINT('',(4.675442572841,-101.483000494));
#8494 = CARTESIAN_POINT('',(4.705929674448,-101.4790713916));
#8495 = CARTESIAN_POINT('',(4.736419616608,-101.4751411719));
#8496 = CARTESIAN_POINT('',(4.766898769601,-101.4712152303));
#8497 = CARTESIAN_POINT('',(4.79735275922,-101.4672990306));
#8498 = CARTESIAN_POINT('',(4.827767376066,-101.4633979689));
#8499 = CARTESIAN_POINT('',(4.858128126922,-101.4595176435));
#8500 = CARTESIAN_POINT('',(4.888422564473,-101.4556627628));
#8501 = CARTESIAN_POINT('',(4.918633462301,-101.4518398788));
#8502 = CARTESIAN_POINT('',(4.948761526145,-101.4480485615));
#8503 = CARTESIAN_POINT('',(4.978945346551,-101.4442359791));
#8504 = CARTESIAN_POINT('',(5.009205820204,-101.4403940661));
#8505 = CARTESIAN_POINT('',(5.039559095739,-101.4365166406));
#8506 = CARTESIAN_POINT('',(5.069962786131,-101.4326198281));
#8507 = CARTESIAN_POINT('',(5.100410169416,-101.4287061842));
#8508 = CARTESIAN_POINT('',(5.130884919166,-101.4247819003));
#8509 = CARTESIAN_POINT('',(5.161373454661,-101.4208521939));
#8510 = CARTESIAN_POINT('',(5.191862220573,-101.4169225425));
#8511 = CARTESIAN_POINT('',(5.222336238193,-101.4129984014));
#8512 = CARTESIAN_POINT('',(5.252782391581,-101.4090851232));
#8513 = CARTESIAN_POINT('',(5.28318669351,-101.4051880734));
#8514 = CARTESIAN_POINT('',(5.313534923544,-101.401312614));
#8515 = CARTESIAN_POINT('',(5.333720173272,-101.3987469433));
#8516 = CARTESIAN_POINT('',(5.343798694644,-101.397469494));
#8517 = ( GEOMETRIC_REPRESENTATION_CONTEXT(2) 
PARAMETRIC_REPRESENTATION_CONTEXT() REPRESENTATION_CONTEXT('2D SPACE',''
  ) );
#8518 = ORIENTED_EDGE('',*,*,#8519,.F.);
#8519 = EDGE_CURVE('',#8520,#8021,#8522,.T.);
#8520 = VERTEX_POINT('',#8521);
#8521 = CARTESIAN_POINT('',(291.486153846,210.,614.9));
#8522 = SURFACE_CURVE('',#8523,(#8657,#8840),.PCURVE_S1.);
#8523 = B_SPLINE_CURVE_WITH_KNOTS('',3,(#8524,#8525,#8526,#8527,#8528,
    #8529,#8530,#8531,#8532,#8533,#8534,#8535,#8536,#8537,#8538,#8539,
    #8540,#8541,#8542,#8543,#8544,#8545,#8546,#8547,#8548,#8549,#8550,
    #8551,#8552,#8553,#8554,#8555,#8556,#8557,#8558,#8559,#8560,#8561,
    #8562,#8563,#8564,#8565,#8566,#8567,#8568,#8569,#8570,#8571,#8572,
    #8573,#8574,#8575,#8576,#8577,#8578,#8579,#8580,#8581,#8582,#8583,
    #8584,#8585,#8586,#8587,#8588,#8589,#8590,#8591,#8592,#8593,#8594,
    #8595,#8596,#8597,#8598,#8599,#8600,#8601,#8602,#8603,#8604,#8605,
    #8606,#8607,#8608,#8609,#8610,#8611,#8612,#8613,#8614,#8615,#8616,
    #8617,#8618,#8619,#8620,#8621,#8622,#8623,#8624,#8625,#8626,#8627,
    #8628,#8629,#8630,#8631,#8632,#8633,#8634,#8635,#8636,#8637,#8638,
    #8639,#8640,#8641,#8642,#8643,#8644,#8645,#8646,#8647,#8648,#8649,
    #8650,#8651,#8652,#8653,#8654,#8655,#8656),.UNSPECIFIED.,.F.,.F.,(4,
    3,3,3,3,3,3,3,3,3,3,3,3,3,3,3,3,3,3,3,3,3,3,3,3,3,3,3,3,3,3,3,3,3,3,
    3,3,3,3,3,3,3,3,3,4),(0.5625,0.56640625,0.5703125,0.572265625,
    0.57421875,0.578125,0.580078125,0.58203125,0.5859375,0.587890625,
    0.58984375,0.59375,0.59765625,0.599609375,0.6015625,0.60546875,
    0.607421875,0.609375,0.61328125,0.615234375,0.6171875,0.62109375,
    0.625,0.62890625,0.6328125,0.634765625,0.63671875,0.640625,
    0.642578125,0.64453125,0.6484375,0.650390625,0.65234375,0.65625,
    0.66015625,0.662109375,0.6640625,0.66796875,0.669921875,0.671875,
    0.67578125,0.677734375,0.6796875,0.68359375,0.6875),.UNSPECIFIED.);
#8524 = CARTESIAN_POINT('',(291.486153846,210.,614.9));
#8525 = CARTESIAN_POINT('',(291.477998199,210.967038938,614.9));
#8526 = CARTESIAN_POINT('',(291.46956898,211.944815315,614.804944123));
#8527 = CARTESIAN_POINT('',(291.461102474,212.905144583,614.614038968));
#8528 = CARTESIAN_POINT('',(291.452635967,213.865473852,614.423133813));
#8529 = CARTESIAN_POINT('',(291.444135204,214.807998993,614.136429982));
#8530 = CARTESIAN_POINT('',(291.435842973,215.70623834,613.764041703));
#8531 = CARTESIAN_POINT('',(291.431696858,216.155358013,613.577847564));
#8532 = CARTESIAN_POINT('',(291.427643905,216.592085054,613.371245689));
#8533 = CARTESIAN_POINT('',(291.423513106,217.020395768,613.14245195));
#8534 = CARTESIAN_POINT('',(291.419382308,217.448706483,612.913658211));
#8535 = CARTESIAN_POINT('',(291.415195695,217.867728896,612.662849341));
#8536 = CARTESIAN_POINT('',(291.410982502,218.274222015,612.391418403));
#8537 = CARTESIAN_POINT('',(291.402556114,219.087208255,611.848556527));
#8538 = CARTESIAN_POINT('',(291.394024467,219.849577211,611.222692586));
#8539 = CARTESIAN_POINT('',(291.385633119,220.53962249,610.532158267));
#8540 = CARTESIAN_POINT('',(291.381437446,220.88464513,610.186891107));
#8541 = CARTESIAN_POINT('',(291.37727694,221.211695634,609.825598437));
#8542 = CARTESIAN_POINT('',(291.373180287,221.518864282,609.451230907));
#8543 = CARTESIAN_POINT('',(291.369083635,221.82603293,609.076863377));
#8544 = CARTESIAN_POINT('',(291.36498427,222.115080177,608.687475776));
#8545 = CARTESIAN_POINT('',(291.360811034,222.385921915,608.282447605));
#8546 = CARTESIAN_POINT('',(291.352464561,222.927605389,607.472391262));
#8547 = CARTESIAN_POINT('',(291.343943114,223.392798409,606.603066682));
#8548 = CARTESIAN_POINT('',(291.335491673,223.767068707,605.698931409));
#8549 = CARTESIAN_POINT('',(291.331265953,223.954203856,605.246863773));
#8550 = CARTESIAN_POINT('',(291.327057941,224.118755709,604.786193632));
#8551 = CARTESIAN_POINT('',(291.322897679,224.259888588,604.320367745));
#8552 = CARTESIAN_POINT('',(291.318737418,224.401021468,603.854541857));
#8553 = CARTESIAN_POINT('',(291.314668994,224.518439762,603.385273859));
#8554 = CARTESIAN_POINT('',(291.310554683,224.613139698,602.909664617));
#8555 = CARTESIAN_POINT('',(291.302326061,224.802539568,601.958446131));
#8556 = CARTESIAN_POINT('',(291.293856199,224.9,600.979315573));
#8557 = CARTESIAN_POINT('',(291.285384615,224.9,600.));
#8558 = CARTESIAN_POINT('',(291.276913031,224.9,599.020684427));
#8559 = CARTESIAN_POINT('',(291.268443169,224.802539568,598.041553869));
#8560 = CARTESIAN_POINT('',(291.260214548,224.613139698,597.090335383));
#8561 = CARTESIAN_POINT('',(291.256100237,224.518439762,596.614726141));
#8562 = CARTESIAN_POINT('',(291.252031813,224.401021468,596.145458143));
#8563 = CARTESIAN_POINT('',(291.247871552,224.259888588,595.679632255));
#8564 = CARTESIAN_POINT('',(291.24371129,224.118755709,595.213806368));
#8565 = CARTESIAN_POINT('',(291.239503278,223.954203856,594.753136227));
#8566 = CARTESIAN_POINT('',(291.235277558,223.767068707,594.301068591));
#8567 = CARTESIAN_POINT('',(291.226826116,223.392798409,593.396933318));
#8568 = CARTESIAN_POINT('',(291.21830467,222.927605389,592.527608738));
#8569 = CARTESIAN_POINT('',(291.209958196,222.385921915,591.717552395));
#8570 = CARTESIAN_POINT('',(291.20578496,222.115080177,591.312524224));
#8571 = CARTESIAN_POINT('',(291.201685595,221.82603293,590.923136623));
#8572 = CARTESIAN_POINT('',(291.197588943,221.518864282,590.548769093));
#8573 = CARTESIAN_POINT('',(291.193492291,221.211695634,590.174401563));
#8574 = CARTESIAN_POINT('',(291.189331785,220.88464513,589.813108893));
#8575 = CARTESIAN_POINT('',(291.185136111,220.53962249,589.467841733));
#8576 = CARTESIAN_POINT('',(291.176744763,219.849577211,588.777307414));
#8577 = CARTESIAN_POINT('',(291.168213117,219.087208255,588.151443473));
#8578 = CARTESIAN_POINT('',(291.159786729,218.274222015,587.608581597));
#8579 = CARTESIAN_POINT('',(291.155573536,217.867728896,587.337150659));
#8580 = CARTESIAN_POINT('',(291.151386923,217.448706483,587.086341789));
#8581 = CARTESIAN_POINT('',(291.147256125,217.020395768,586.85754805));
#8582 = CARTESIAN_POINT('',(291.143125326,216.592085054,586.628754311));
#8583 = CARTESIAN_POINT('',(291.139072373,216.155358013,586.422152436));
#8584 = CARTESIAN_POINT('',(291.134926258,215.70623834,586.235958297));
#8585 = CARTESIAN_POINT('',(291.126634026,214.807998993,585.863570018));
#8586 = CARTESIAN_POINT('',(291.118133264,213.865473852,585.576866187));
#8587 = CARTESIAN_POINT('',(291.109666757,212.905144583,585.385961032));
#8588 = CARTESIAN_POINT('',(291.10120025,211.944815315,585.195055877));
#8589 = CARTESIAN_POINT('',(291.092771032,210.967038938,585.1));
#8590 = CARTESIAN_POINT('',(291.084615385,210.,585.1));
#8591 = CARTESIAN_POINT('',(291.076459738,209.032961062,585.1));
#8592 = CARTESIAN_POINT('',(291.068030519,208.055184685,585.195055877));
#8593 = CARTESIAN_POINT('',(291.059564012,207.094855417,585.385961032));
#8594 = CARTESIAN_POINT('',(291.051097506,206.134526148,585.576866187));
#8595 = CARTESIAN_POINT('',(291.042596743,205.192001007,585.863570018));
#8596 = CARTESIAN_POINT('',(291.034304511,204.29376166,586.235958297));
#8597 = CARTESIAN_POINT('',(291.030158396,203.844641987,586.422152436));
#8598 = CARTESIAN_POINT('',(291.026105443,203.407914946,586.628754311));
#8599 = CARTESIAN_POINT('',(291.021974644,202.979604232,586.85754805));
#8600 = CARTESIAN_POINT('',(291.017843846,202.551293517,587.086341789));
#8601 = CARTESIAN_POINT('',(291.013657234,202.132271104,587.337150659));
#8602 = CARTESIAN_POINT('',(291.00944404,201.725777985,587.608581597));
#8603 = CARTESIAN_POINT('',(291.001017653,200.912791745,588.151443473));
#8604 = CARTESIAN_POINT('',(290.992486006,200.150422789,588.777307414));
#8605 = CARTESIAN_POINT('',(290.984094658,199.46037751,589.467841733));
#8606 = CARTESIAN_POINT('',(290.979898984,199.11535487,589.813108893));
#8607 = CARTESIAN_POINT('',(290.975738479,198.788304366,590.174401563));
#8608 = CARTESIAN_POINT('',(290.971641826,198.481135718,590.548769093));
#8609 = CARTESIAN_POINT('',(290.967545174,198.17396707,590.923136623));
#8610 = CARTESIAN_POINT('',(290.963445809,197.884919823,591.312524224));
#8611 = CARTESIAN_POINT('',(290.959272573,197.614078085,591.717552395));
#8612 = CARTESIAN_POINT('',(290.950926099,197.072394611,592.527608738));
#8613 = CARTESIAN_POINT('',(290.942404653,196.607201591,593.396933318));
#8614 = CARTESIAN_POINT('',(290.933953212,196.232931293,594.301068591));
#8615 = CARTESIAN_POINT('',(290.929727491,196.045796144,594.753136227));
#8616 = CARTESIAN_POINT('',(290.925519479,195.881244291,595.213806368));
#8617 = CARTESIAN_POINT('',(290.921359218,195.740111412,595.679632255));
#8618 = CARTESIAN_POINT('',(290.917198956,195.598978532,596.145458143));
#8619 = CARTESIAN_POINT('',(290.913130533,195.481560238,596.614726141));
#8620 = CARTESIAN_POINT('',(290.909016222,195.386860302,597.090335383));
#8621 = CARTESIAN_POINT('',(290.9007876,195.197460432,598.041553869));
#8622 = CARTESIAN_POINT('',(290.892317738,195.1,599.020684427));
#8623 = CARTESIAN_POINT('',(290.883846154,195.1,600.));
#8624 = CARTESIAN_POINT('',(290.87537457,195.1,600.979315573));
#8625 = CARTESIAN_POINT('',(290.866904708,195.197460432,601.958446131));
#8626 = CARTESIAN_POINT('',(290.858676086,195.386860302,602.909664617));
#8627 = CARTESIAN_POINT('',(290.854561775,195.481560238,603.385273859));
#8628 = CARTESIAN_POINT('',(290.850493351,195.598978532,603.854541857));
#8629 = CARTESIAN_POINT('',(290.84633309,195.740111412,604.320367745));
#8630 = CARTESIAN_POINT('',(290.842172828,195.881244291,604.786193632));
#8631 = CARTESIAN_POINT('',(290.837964816,196.045796144,605.246863773));
#8632 = CARTESIAN_POINT('',(290.833739096,196.232931293,605.698931409));
#8633 = CARTESIAN_POINT('',(290.825287655,196.607201591,606.603066682));
#8634 = CARTESIAN_POINT('',(290.816766208,197.072394611,607.472391262));
#8635 = CARTESIAN_POINT('',(290.808419735,197.614078085,608.282447605));
#8636 = CARTESIAN_POINT('',(290.804246499,197.884919823,608.687475776));
#8637 = CARTESIAN_POINT('',(290.800147134,198.17396707,609.076863377));
#8638 = CARTESIAN_POINT('',(290.796050482,198.481135718,609.451230907));
#8639 = CARTESIAN_POINT('',(290.791953829,198.788304366,609.825598437));
#8640 = CARTESIAN_POINT('',(290.787793323,199.11535487,610.186891107));
#8641 = CARTESIAN_POINT('',(290.78359765,199.46037751,610.532158267));
#8642 = CARTESIAN_POINT('',(290.775206302,200.150422789,611.222692586));
#8643 = CARTESIAN_POINT('',(290.766674655,200.912791745,611.848556527));
#8644 = CARTESIAN_POINT('',(290.758248267,201.725777985,612.391418403));
#8645 = CARTESIAN_POINT('',(290.754035074,202.132271104,612.662849341));
#8646 = CARTESIAN_POINT('',(290.749848461,202.551293517,612.913658211));
#8647 = CARTESIAN_POINT('',(290.745717663,202.979604232,613.14245195));
#8648 = CARTESIAN_POINT('',(290.741586864,203.407914946,613.371245689));
#8649 = CARTESIAN_POINT('',(290.737533911,203.844641987,613.577847564));
#8650 = CARTESIAN_POINT('',(290.733387796,204.29376166,613.764041703));
#8651 = CARTESIAN_POINT('',(290.725095565,205.192001007,614.136429982));
#8652 = CARTESIAN_POINT('',(290.716594802,206.134526148,614.423133813));
#8653 = CARTESIAN_POINT('',(290.708128295,207.094855417,614.614038968));
#8654 = CARTESIAN_POINT('',(290.699661789,208.055184685,614.804944123));
#8655 = CARTESIAN_POINT('',(290.69123257,209.032961062,614.9));
#8656 = CARTESIAN_POINT('',(290.683076923,210.,614.9));
#8657 = PCURVE('',#2149,#8658);
#8658 = DEFINITIONAL_REPRESENTATION('',(#8659),#8839);
#8659 = B_SPLINE_CURVE_WITH_KNOTS('',3,(#8660,#8661,#8662,#8663,#8664,
    #8665,#8666,#8667,#8668,#8669,#8670,#8671,#8672,#8673,#8674,#8675,
    #8676,#8677,#8678,#8679,#8680,#8681,#8682,#8683,#8684,#8685,#8686,
    #8687,#8688,#8689,#8690,#8691,#8692,#8693,#8694,#8695,#8696,#8697,
    #8698,#8699,#8700,#8701,#8702,#8703,#8704,#8705,#8706,#8707,#8708,
    #8709,#8710,#8711,#8712,#8713,#8714,#8715,#8716,#8717,#8718,#8719,
    #8720,#8721,#8722,#8723,#8724,#8725,#8726,#8727,#8728,#8729,#8730,
    #8731,#8732,#8733,#8734,#8735,#8736,#8737,#8738,#8739,#8740,#8741,
    #8742,#8743,#8744,#8745,#8746,#8747,#8748,#8749,#8750,#8751,#8752,
    #8753,#8754,#8755,#8756,#8757,#8758,#8759,#8760,#8761,#8762,#8763,
    #8764,#8765,#8766,#8767,#8768,#8769,#8770,#8771,#8772,#8773,#8774,
    #8775,#8776,#8777,#8778,#8779,#8780,#8781,#8782,#8783,#8784,#8785,
    #8786,#8787,#8788,#8789,#8790,#8791,#8792,#8793,#8794,#8795,#8796,
    #8797,#8798,#8799,#8800,#8801,#8802,#8803,#8804,#8805,#8806,#8807,
    #8808,#8809,#8810,#8811,#8812,#8813,#8814,#8815,#8816,#8817,#8818,
    #8819,#8820,#8821,#8822,#8823,#8824,#8825,#8826,#8827,#8828,#8829,
    #8830,#8831,#8832,#8833,#8834,#8835,#8836,#8837,#8838),
  .UNSPECIFIED.,.F.,.F.,(4,1,1,1,1,1,1,1,1,1,1,1,1,1,1,1,1,1,1,1,1,1,1,1
    ,1,1,1,1,1,1,1,1,1,1,1,1,1,1,1,1,1,1,1,1,1,1,1,1,1,1,1,1,1,1,1,1,1,1
    ,1,1,1,1,1,1,1,1,1,1,1,1,1,1,1,1,1,1,1,1,1,1,1,1,1,1,1,1,1,1,1,1,1,1
    ,1,1,1,1,1,1,1,1,1,1,1,1,1,1,1,1,1,1,1,1,1,1,1,1,1,1,1,1,1,1,1,1,1,1
    ,1,1,1,1,1,1,1,1,1,1,1,1,1,1,1,1,1,1,1,1,1,1,1,1,1,1,1,1,1,1,1,1,1,1
    ,1,1,1,1,1,1,1,1,1,1,1,1,1,1,1,1,4),(0.5625,0.563210227273,
    0.563920454545,0.564630681818,0.565340909091,0.566051136364,
    0.566761363636,0.567471590909,0.568181818182,0.568892045455,
    0.569602272727,0.5703125,0.571022727273,0.571732954545,
    0.572443181818,0.573153409091,0.573863636364,0.574573863636,
    0.575284090909,0.575994318182,0.576704545455,0.577414772727,0.578125
    ,0.578835227273,0.579545454545,0.580255681818,0.580965909091,
    0.581676136364,0.582386363636,0.583096590909,0.583806818182,
    0.584517045455,0.585227272727,0.5859375,0.586647727273,
    0.587357954545,0.588068181818,0.588778409091,0.589488636364,
    0.590198863636,0.590909090909,0.591619318182,0.592329545455,
    0.593039772727,0.59375,0.594460227273,0.595170454545,0.595880681818,
    0.596590909091,0.597301136364,0.598011363636,0.598721590909,
    0.599431818182,0.600142045455,0.600852272727,0.6015625,
    0.602272727273,0.602982954545,0.603693181818,0.604403409091,
    0.605113636364,0.605823863636,0.606534090909,0.607244318182,
    0.607954545455,0.608664772727,0.609375,0.610085227273,0.610795454545
    ,0.611505681818,0.612215909091,0.612926136364,0.613636363636,
    0.614346590909,0.615056818182,0.615767045455,0.616477272727,
    0.6171875,0.617897727273,0.618607954545,0.619318181818,
    0.620028409091,0.620738636364,0.621448863636,0.622159090909,
    0.622869318182,0.623579545455,0.624289772727,0.625,0.625710227273,
    0.626420454545,0.627130681818,0.627840909091,0.628551136364,
    0.629261363636,0.629971590909,0.630681818182,0.631392045455,
    0.632102272727,0.6328125,0.633522727273,0.634232954545,
    0.634943181818,0.635653409091,0.636363636364,0.637073863636,
    0.637784090909,0.638494318182,0.639204545455,0.639914772727,0.640625
    ,0.641335227273,0.642045454545,0.642755681818,0.643465909091,
    0.644176136364,0.644886363636,0.645596590909,0.646306818182,
    0.647017045455,0.647727272727,0.6484375,0.649147727273,
    0.649857954545,0.650568181818,0.651278409091,0.651988636364,
    0.652698863636,0.653409090909,0.654119318182,0.654829545455,
    0.655539772727,0.65625,0.656960227273,0.657670454545,0.658380681818,
    0.659090909091,0.659801136364,0.660511363636,0.661221590909,
    0.661931818182,0.662642045455,0.663352272727,0.6640625,
    0.664772727273,0.665482954545,0.666193181818,0.666903409091,
    0.667613636364,0.668323863636,0.669034090909,0.669744318182,
    0.670454545455,0.671164772727,0.671875,0.672585227273,0.673295454545
    ,0.674005681818,0.674715909091,0.675426136364,0.676136363636,
    0.676846590909,0.677556818182,0.678267045455,0.678977272727,
    0.6796875,0.680397727273,0.681107954545,0.681818181818,
    0.682528409091,0.683238636364,0.683948863636,0.684659090909,
    0.685369318182,0.686079545455,0.686789772727,0.6875),
  .QUASI_UNIFORM_KNOTS.);
#8660 = CARTESIAN_POINT('',(-5.42E-10,0.5625));
#8661 = CARTESIAN_POINT('',(-1.874871717794E-06,0.562736742654));
#8662 = CARTESIAN_POINT('',(-3.901837109274E-06,0.563210238376));
#8663 = CARTESIAN_POINT('',(-4.305595765277E-06,0.563920492075));
#8664 = CARTESIAN_POINT('',(-6.040304685544E-06,0.564630729495));
#8665 = CARTESIAN_POINT('',(-8.036239085275E-06,0.565340942685));
#8666 = CARTESIAN_POINT('',(-1.255388048776E-05,0.566051136017));
#8667 = CARTESIAN_POINT('',(-1.114726059837E-05,0.56676136214));
#8668 = CARTESIAN_POINT('',(-1.136351554098E-05,0.567471569595));
#8669 = CARTESIAN_POINT('',(-1.108169639115E-05,0.568181785765));
#8670 = CARTESIAN_POINT('',(-1.123581518149E-05,0.568892037031));
#8671 = CARTESIAN_POINT('',(-1.020828583362E-05,0.569602219492));
#8672 = CARTESIAN_POINT('',(-1.353310325197E-05,0.570312672926));
#8673 = CARTESIAN_POINT('',(6.472764874708E-05,0.571022076442));
#8674 = CARTESIAN_POINT('',(2.831625148208E-05,0.571733204404));
#8675 = CARTESIAN_POINT('',(-7.14115047406E-06,0.572443116856));
#8676 = CARTESIAN_POINT('',(-1.965792056966E-07,0.57315343225));
#8677 = CARTESIAN_POINT('',(9.435803590859E-07,0.57386363273));
#8678 = CARTESIAN_POINT('',(-8.823993356392E-06,0.57457386236));
#8679 = CARTESIAN_POINT('',(-6.126822707656E-06,0.575284080604));
#8680 = CARTESIAN_POINT('',(-6.403747114632E-06,0.575994308528));
#8681 = CARTESIAN_POINT('',(-5.149563224972E-06,0.576704541387));
#8682 = CARTESIAN_POINT('',(-8.263695905871E-06,0.577414767352));
#8683 = CARTESIAN_POINT('',(2.844943178941E-06,0.578125004731));
#8684 = CARTESIAN_POINT('',(-3.119970703984E-06,0.578835213543));
#8685 = CARTESIAN_POINT('',(-1.673494967645E-06,0.579545475918));
#8686 = CARTESIAN_POINT('',(-1.494484030076E-06,0.580255586474));
#8687 = CARTESIAN_POINT('',(9.94392692014E-06,0.580966815205));
#8688 = CARTESIAN_POINT('',(5.108230294842E-06,0.581676100268));
#8689 = CARTESIAN_POINT('',(-7.124097715154E-06,0.582386377918));
#8690 = CARTESIAN_POINT('',(-4.444925075534E-06,0.58309659578));
#8691 = CARTESIAN_POINT('',(-5.708474081927E-06,0.583806835498));
#8692 = CARTESIAN_POINT('',(-4.776528202472E-06,0.584517063937));
#8693 = CARTESIAN_POINT('',(-7.672079266964E-06,0.585227284311));
#8694 = CARTESIAN_POINT('',(2.87920353519E-06,0.585937493127));
#8695 = CARTESIAN_POINT('',(-3.71668854214E-06,0.586647738712));
#8696 = CARTESIAN_POINT('',(6.791160287301E-07,0.587357902989));
#8697 = CARTESIAN_POINT('',(-1.030821017742E-05,0.588068365372));
#8698 = CARTESIAN_POINT('',(6.982167875999E-05,0.588777407775));
#8699 = CARTESIAN_POINT('',(6.561357676617E-06,0.589488702517));
#8700 = CARTESIAN_POINT('',(-6.609397298385E-06,0.590198847807));
#8701 = CARTESIAN_POINT('',(-5.522363609728E-06,0.590909117916));
#8702 = CARTESIAN_POINT('',(-6.897014824832E-06,0.591619354011));
#8703 = CARTESIAN_POINT('',(-5.991919452097E-06,0.592329583412));
#8704 = CARTESIAN_POINT('',(-1.360097408384E-05,0.593039786009));
#8705 = CARTESIAN_POINT('',(7.839018852282E-06,0.593750000039));
#8706 = CARTESIAN_POINT('',(-1.775989369413E-05,0.594460213474));
#8707 = CARTESIAN_POINT('',(-1.050567858576E-05,0.595170417488));
#8708 = CARTESIAN_POINT('',(-1.271802847733E-05,0.595880644895));
#8709 = CARTESIAN_POINT('',(-1.000397198287E-05,0.596590883137));
#8710 = CARTESIAN_POINT('',(-1.761135394527E-05,0.597301152144));
#8711 = CARTESIAN_POINT('',(1.106227633415E-05,0.598011297381));
#8712 = CARTESIAN_POINT('',(3.911572428675E-05,0.598722592657));
#8713 = CARTESIAN_POINT('',(-1.134739737513E-05,0.599431634234));
#8714 = CARTESIAN_POINT('',(2.999391685427E-06,0.60014209751));
#8715 = CARTESIAN_POINT('',(-8.436030553144E-07,0.600852262417));
#8716 = CARTESIAN_POINT('',(2.099072929017E-07,0.601562505511));
#8717 = CARTESIAN_POINT('',(-1.104435929212E-07,0.602272719276));
#8718 = CARTESIAN_POINT('',(3.145912843178E-08,0.602982938568));
#8719 = CARTESIAN_POINT('',(-5.088389683875E-08,0.603693167681));
#8720 = CARTESIAN_POINT('',(1.720571420045E-07,0.604403407062));
#8721 = CARTESIAN_POINT('',(-6.373446711791E-07,0.605113626868));
#8722 = CARTESIAN_POINT('',(2.377321542712E-06,0.605823898333));
#8723 = CARTESIAN_POINT('',(3.927348612863E-05,0.606533185203));
#8724 = CARTESIAN_POINT('',(-5.269615487738E-06,0.607244413463));
#8725 = CARTESIAN_POINT('',(1.380441423894E-06,0.607954523296));
#8726 = CARTESIAN_POINT('',(-4.066942400422E-07,0.608664784177));
#8727 = CARTESIAN_POINT('',(1.200261214898E-07,0.609374997252));
#8728 = CARTESIAN_POINT('',(-7.509330403728E-08,0.610085226275));
#8729 = CARTESIAN_POINT('',(-5.586677147659E-08,0.610795454879));
#8730 = CARTESIAN_POINT('',(2.76504950113E-08,0.611505687512));
#8731 = CARTESIAN_POINT('',(-5.473520856861E-08,0.612215916185));
#8732 = CARTESIAN_POINT('',(1.880383392631E-07,0.612926134817));
#8733 = CARTESIAN_POINT('',(-6.974181484839E-07,0.613636367614));
#8734 = CARTESIAN_POINT('',(2.599154865072E-06,0.614346567291));
#8735 = CARTESIAN_POINT('',(-9.701838527109E-06,0.615056883033));
#8736 = CARTESIAN_POINT('',(3.619825504728E-05,0.615766795747));
#8737 = CARTESIAN_POINT('',(4.502419619135E-05,0.616477923935));
#8738 = CARTESIAN_POINT('',(-1.209780787018E-05,0.617187326859));
#8739 = CARTESIAN_POINT('',(3.116664688044E-06,0.61789778026));
#8740 = CARTESIAN_POINT('',(-1.127723784459E-06,0.618607962938));
#8741 = CARTESIAN_POINT('',(-5.146257710151E-08,0.619318213659));
#8742 = CARTESIAN_POINT('',(-1.523337551242E-07,0.620028429678));
#8743 = CARTESIAN_POINT('',(-6.034082215433E-08,0.620738636869));
#8744 = CARTESIAN_POINT('',(3.877743219116E-07,0.621448862574));
#8745 = CARTESIAN_POINT('',(-1.490756465492E-06,0.62215905621));
#8746 = CARTESIAN_POINT('',(5.573981857056E-06,0.622869269586));
#8747 = CARTESIAN_POINT('',(-2.081628510104E-05,0.623579507365));
#8748 = CARTESIAN_POINT('',(5.170686198649E-06,0.624289762614));
#8749 = CARTESIAN_POINT('',(-2.811333432761E-07,0.625000000111));
#8750 = CARTESIAN_POINT('',(-4.046152704255E-06,0.62571023694));
#8751 = CARTESIAN_POINT('',(-4.082573205087E-06,0.6264204925));
#8752 = CARTESIAN_POINT('',(-5.421381982158E-06,0.627130729219));
#8753 = CARTESIAN_POINT('',(-6.12111063467E-06,0.627840943862));
#8754 = CARTESIAN_POINT('',(-8.498413528595E-06,0.628551136213));
#8755 = CARTESIAN_POINT('',(-3.261749892137E-06,0.629261362567));
#8756 = CARTESIAN_POINT('',(-1.061917457527E-05,0.629971570311));
#8757 = CARTESIAN_POINT('',(-9.689904578359E-06,0.630681785496));
#8758 = CARTESIAN_POINT('',(-1.12023805603E-05,0.63139203705));
#8759 = CARTESIAN_POINT('',(4.824494594406E-06,0.632102219582));
#8760 = CARTESIAN_POINT('',(-1.756173506252E-05,0.632812672902));
#8761 = CARTESIAN_POINT('',(6.580694824405E-05,0.633522076449));
#8762 = CARTESIAN_POINT('',(2.802672231343E-05,0.634233204401));
#8763 = CARTESIAN_POINT('',(-7.063061448976E-06,0.63494311686));
#8764 = CARTESIAN_POINT('',(-2.205982945928E-07,0.635653432238));
#8765 = CARTESIAN_POINT('',(9.564045130202E-07,0.636363632775));
#8766 = CARTESIAN_POINT('',(-8.852251532362E-06,0.637073862191));
#8767 = CARTESIAN_POINT('',(-6.118602901343E-06,0.63778408065));
#8768 = CARTESIAN_POINT('',(-6.405609012573E-06,0.638494308515));
#8769 = CARTESIAN_POINT('',(-5.147957095072E-06,0.639204541392));
#8770 = CARTESIAN_POINT('',(-8.261739310685E-06,0.639914767353));
#8771 = CARTESIAN_POINT('',(2.844248673034E-06,0.64062500473));
#8772 = CARTESIAN_POINT('',(-3.119068972281E-06,0.641335213542));
#8773 = CARTESIAN_POINT('',(-1.676407388548E-06,0.64204547592));
#8774 = CARTESIAN_POINT('',(-1.483736078167E-06,0.642755586465));
#8775 = CARTESIAN_POINT('',(9.90384776651E-06,0.643466815238));
#8776 = CARTESIAN_POINT('',(5.259211788921E-06,0.644176100141));
#8777 = CARTESIAN_POINT('',(-7.685141353951E-06,0.644886378389));
#8778 = CARTESIAN_POINT('',(-5.50053057371E-06,0.645596596509));
#8779 = CARTESIAN_POINT('',(-7.787603885149E-06,0.646306836758));
#8780 = CARTESIAN_POINT('',(-7.231573424E-06,0.647017065353));
#8781 = CARTESIAN_POINT('',(-1.295062960674E-05,0.647727287016));
#8782 = CARTESIAN_POINT('',(4.295106004371E-06,0.648437492397));
#8783 = CARTESIAN_POINT('',(-4.096500288337E-06,0.649147738929));
#8784 = CARTESIAN_POINT('',(7.824605443371E-07,0.649857902956));
#8785 = CARTESIAN_POINT('',(-1.034177649365E-05,0.65056836538));
#8786 = CARTESIAN_POINT('',(6.985352969779E-05,0.651277407775));
#8787 = CARTESIAN_POINT('',(6.46566616626E-06,0.65198870251));
#8788 = CARTESIAN_POINT('',(-6.259092227131E-06,0.652698847834));
#8789 = CARTESIAN_POINT('',(-5.172293722441E-06,0.653409117639));
#8790 = CARTESIAN_POINT('',(-5.775273719757E-06,0.654119354702));
#8791 = CARTESIAN_POINT('',(-4.846962684461E-06,0.654829583073));
#8792 = CARTESIAN_POINT('',(-8.721143216464E-06,0.655539785757));
#8793 = CARTESIAN_POINT('',(4.561213832808E-06,0.656249999949));
#8794 = CARTESIAN_POINT('',(-9.525952979405E-06,0.656960214084));
#8795 = CARTESIAN_POINT('',(-6.961725747293E-06,0.657670416815));
#8796 = CARTESIAN_POINT('',(-8.405551269414E-06,0.658380645138));
#8797 = CARTESIAN_POINT('',(-1.423897335639E-05,0.65909088302));
#8798 = CARTESIAN_POINT('',(-4.98382567931E-06,0.659801152282));
#8799 = CARTESIAN_POINT('',(7.674089536768E-06,0.660511297344));
#8800 = CARTESIAN_POINT('',(4.004045171634E-05,0.661222592667));
#8801 = CARTESIAN_POINT('',(-1.165812330239E-05,0.661931634231));
#8802 = CARTESIAN_POINT('',(3.076770075465E-06,0.66264209751));
#8803 = CARTESIAN_POINT('',(-8.857174967138E-07,0.663352262417));
#8804 = CARTESIAN_POINT('',(2.151017958223E-07,0.664062505511));
#8805 = CARTESIAN_POINT('',(-2.113062722088E-07,0.664772719276));
#8806 = CARTESIAN_POINT('',(2.466972537451E-08,0.665482938568));
#8807 = CARTESIAN_POINT('',(-4.977276056705E-08,0.666193167681));
#8808 = CARTESIAN_POINT('',(1.711693168937E-07,0.666903407062));
#8809 = CARTESIAN_POINT('',(-6.381565070077E-07,0.667613626868));
#8810 = CARTESIAN_POINT('',(2.378204711137E-06,0.668323898333));
#8811 = CARTESIAN_POINT('',(3.927359201409E-05,0.669033185203));
#8812 = CARTESIAN_POINT('',(-5.269509319112E-06,0.669744413463));
#8813 = CARTESIAN_POINT('',(1.380159844E-06,0.670454523296));
#8814 = CARTESIAN_POINT('',(-4.071372294433E-07,0.671164784177));
#8815 = CARTESIAN_POINT('',(1.20725460564E-07,0.671874997252));
#8816 = CARTESIAN_POINT('',(-7.45937348368E-08,0.672585226275));
#8817 = CARTESIAN_POINT('',(-5.477566563119E-08,0.673295454879));
#8818 = CARTESIAN_POINT('',(2.595146835091E-08,0.674005687512));
#8819 = CARTESIAN_POINT('',(-5.336268567841E-08,0.674715916185));
#8820 = CARTESIAN_POINT('',(1.874992743628E-07,0.675426134817));
#8821 = CARTESIAN_POINT('',(-6.966484512607E-07,0.676136367614));
#8822 = CARTESIAN_POINT('',(2.598946855891E-06,0.676846567291));
#8823 = CARTESIAN_POINT('',(-9.701843939285E-06,0.677556883033));
#8824 = CARTESIAN_POINT('',(3.619833456962E-05,0.678266795747));
#8825 = CARTESIAN_POINT('',(4.502388315769E-05,0.678977923935));
#8826 = CARTESIAN_POINT('',(-1.209759727125E-05,0.679687326859));
#8827 = CARTESIAN_POINT('',(3.128871907165E-06,0.68039778026));
#8828 = CARTESIAN_POINT('',(-1.053553385271E-06,0.681107962938));
#8829 = CARTESIAN_POINT('',(9.718396777008E-08,0.681818213659));
#8830 = CARTESIAN_POINT('',(-9.431566097142E-08,0.682528429677));
#8831 = CARTESIAN_POINT('',(2.496086155613E-08,0.683238636871));
#8832 = CARTESIAN_POINT('',(-6.404134997765E-09,0.683948862567));
#8833 = CARTESIAN_POINT('',(6.556784349268E-10,0.684659056238));
#8834 = CARTESIAN_POINT('',(5.70690105695E-11,0.685369269482));
#8835 = CARTESIAN_POINT('',(-8.839544772046E-10,0.686079507751));
#8836 = CARTESIAN_POINT('',(2.267488982489E-10,0.686789761278));
#8837 = CARTESIAN_POINT('',(6.022222222225E-11,0.687263257136));
#8838 = CARTESIAN_POINT('',(-5.42E-10,0.6875));
#8839 = ( GEOMETRIC_REPRESENTATION_CONTEXT(2) 
PARAMETRIC_REPRESENTATION_CONTEXT() REPRESENTATION_CONTEXT('2D SPACE',''
  ) );
#8840 = PCURVE('',#6536,#8841);
#8841 = DEFINITIONAL_REPRESENTATION('',(#8842),#9022);
#8842 = B_SPLINE_CURVE_WITH_KNOTS('',3,(#8843,#8844,#8845,#8846,#8847,
    #8848,#8849,#8850,#8851,#8852,#8853,#8854,#8855,#8856,#8857,#8858,
    #8859,#8860,#8861,#8862,#8863,#8864,#8865,#8866,#8867,#8868,#8869,
    #8870,#8871,#8872,#8873,#8874,#8875,#8876,#8877,#8878,#8879,#8880,
    #8881,#8882,#8883,#8884,#8885,#8886,#8887,#8888,#8889,#8890,#8891,
    #8892,#8893,#8894,#8895,#8896,#8897,#8898,#8899,#8900,#8901,#8902,
    #8903,#8904,#8905,#8906,#8907,#8908,#8909,#8910,#8911,#8912,#8913,
    #8914,#8915,#8916,#8917,#8918,#8919,#8920,#8921,#8922,#8923,#8924,
    #8925,#8926,#8927,#8928,#8929,#8930,#8931,#8932,#8933,#8934,#8935,
    #8936,#8937,#8938,#8939,#8940,#8941,#8942,#8943,#8944,#8945,#8946,
    #8947,#8948,#8949,#8950,#8951,#8952,#8953,#8954,#8955,#8956,#8957,
    #8958,#8959,#8960,#8961,#8962,#8963,#8964,#8965,#8966,#8967,#8968,
    #8969,#8970,#8971,#8972,#8973,#8974,#8975,#8976,#8977,#8978,#8979,
    #8980,#8981,#8982,#8983,#8984,#8985,#8986,#8987,#8988,#8989,#8990,
    #8991,#8992,#8993,#8994,#8995,#8996,#8997,#8998,#8999,#9000,#9001,
    #9002,#9003,#9004,#9005,#9006,#9007,#9008,#9009,#9010,#9011,#9012,
    #9013,#9014,#9015,#9016,#9017,#9018,#9019,#9020,#9021),
  .UNSPECIFIED.,.F.,.F.,(4,1,1,1,1,1,1,1,1,1,1,1,1,1,1,1,1,1,1,1,1,1,1,1
    ,1,1,1,1,1,1,1,1,1,1,1,1,1,1,1,1,1,1,1,1,1,1,1,1,1,1,1,1,1,1,1,1,1,1
    ,1,1,1,1,1,1,1,1,1,1,1,1,1,1,1,1,1,1,1,1,1,1,1,1,1,1,1,1,1,1,1,1,1,1
    ,1,1,1,1,1,1,1,1,1,1,1,1,1,1,1,1,1,1,1,1,1,1,1,1,1,1,1,1,1,1,1,1,1,1
    ,1,1,1,1,1,1,1,1,1,1,1,1,1,1,1,1,1,1,1,1,1,1,1,1,1,1,1,1,1,1,1,1,1,1
    ,1,1,1,1,1,1,1,1,1,1,1,1,1,1,1,1,4),(0.5625,0.563210227273,
    0.563920454545,0.564630681818,0.565340909091,0.566051136364,
    0.566761363636,0.567471590909,0.568181818182,0.568892045455,
    0.569602272727,0.5703125,0.571022727273,0.571732954545,
    0.572443181818,0.573153409091,0.573863636364,0.574573863636,
    0.575284090909,0.575994318182,0.576704545455,0.577414772727,0.578125
    ,0.578835227273,0.579545454545,0.580255681818,0.580965909091,
    0.581676136364,0.582386363636,0.583096590909,0.583806818182,
    0.584517045455,0.585227272727,0.5859375,0.586647727273,
    0.587357954545,0.588068181818,0.588778409091,0.589488636364,
    0.590198863636,0.590909090909,0.591619318182,0.592329545455,
    0.593039772727,0.59375,0.594460227273,0.595170454545,0.595880681818,
    0.596590909091,0.597301136364,0.598011363636,0.598721590909,
    0.599431818182,0.600142045455,0.600852272727,0.6015625,
    0.602272727273,0.602982954545,0.603693181818,0.604403409091,
    0.605113636364,0.605823863636,0.606534090909,0.607244318182,
    0.607954545455,0.608664772727,0.609375,0.610085227273,0.610795454545
    ,0.611505681818,0.612215909091,0.612926136364,0.613636363636,
    0.614346590909,0.615056818182,0.615767045455,0.616477272727,
    0.6171875,0.617897727273,0.618607954545,0.619318181818,
    0.620028409091,0.620738636364,0.621448863636,0.622159090909,
    0.622869318182,0.623579545455,0.624289772727,0.625,0.625710227273,
    0.626420454545,0.627130681818,0.627840909091,0.628551136364,
    0.629261363636,0.629971590909,0.630681818182,0.631392045455,
    0.632102272727,0.6328125,0.633522727273,0.634232954545,
    0.634943181818,0.635653409091,0.636363636364,0.637073863636,
    0.637784090909,0.638494318182,0.639204545455,0.639914772727,0.640625
    ,0.641335227273,0.642045454545,0.642755681818,0.643465909091,
    0.644176136364,0.644886363636,0.645596590909,0.646306818182,
    0.647017045455,0.647727272727,0.6484375,0.649147727273,
    0.649857954545,0.650568181818,0.651278409091,0.651988636364,
    0.652698863636,0.653409090909,0.654119318182,0.654829545455,
    0.655539772727,0.65625,0.656960227273,0.657670454545,0.658380681818,
    0.659090909091,0.659801136364,0.660511363636,0.661221590909,
    0.661931818182,0.662642045455,0.663352272727,0.6640625,
    0.664772727273,0.665482954545,0.666193181818,0.666903409091,
    0.667613636364,0.668323863636,0.669034090909,0.669744318182,
    0.670454545455,0.671164772727,0.671875,0.672585227273,0.673295454545
    ,0.674005681818,0.674715909091,0.675426136364,0.676136363636,
    0.676846590909,0.677556818182,0.678267045455,0.678977272727,
    0.6796875,0.680397727273,0.681107954545,0.681818181818,
    0.682528409091,0.683238636364,0.683948863636,0.684659090909,
    0.685369318182,0.686079545455,0.686789772727,0.6875),
  .QUASI_UNIFORM_KNOTS.);
#8843 = CARTESIAN_POINT('',(0.,-102.88362334));
#8844 = CARTESIAN_POINT('',(1.180033752153E-02,-102.882140495));
#8845 = CARTESIAN_POINT('',(3.544873013361E-02,-102.8791567179));
#8846 = CARTESIAN_POINT('',(7.104136648424E-02,-102.8746353107));
#8847 = CARTESIAN_POINT('',(0.106730881883,-102.870076685));
#8848 = CARTESIAN_POINT('',(0.14249432883,-102.8654893557));
#8849 = CARTESIAN_POINT('',(0.178309284787,-102.8608818671));
#8850 = CARTESIAN_POINT('',(0.214155457066,-102.8562626541));
#8851 = CARTESIAN_POINT('',(0.250007265502,-102.8516410385));
#8852 = CARTESIAN_POINT('',(0.28584311868,-102.847025834));
#8853 = CARTESIAN_POINT('',(0.321641089258,-102.8424254214));
#8854 = CARTESIAN_POINT('',(0.357374118148,-102.8378499982));
#8855 = CARTESIAN_POINT('',(0.393033154686,-102.8333029277));
#8856 = CARTESIAN_POINT('',(0.428542553801,-102.8288130929));
#8857 = CARTESIAN_POINT('',(0.463972102143,-102.8243536996));
#8858 = CARTESIAN_POINT('',(0.499484433123,-102.8198627666));
#8859 = CARTESIAN_POINT('',(0.53512409862,-102.8153231746));
#8860 = CARTESIAN_POINT('',(0.57084683037,-102.8107515934));
#8861 = CARTESIAN_POINT('',(0.606636498666,-102.8061541884));
#8862 = CARTESIAN_POINT('',(0.642468221746,-102.8015404422));
#8863 = CARTESIAN_POINT('',(0.678320171355,-102.7969190762));
#8864 = CARTESIAN_POINT('',(0.714169062033,-102.7922989635));
#8865 = CARTESIAN_POINT('',(0.749991324641,-102.7876890243));
#8866 = CARTESIAN_POINT('',(0.785764769745,-102.7830978383));
#8867 = CARTESIAN_POINT('',(0.821463947023,-102.7785353));
#8868 = CARTESIAN_POINT('',(0.857076673681,-102.7740060319));
#8869 = CARTESIAN_POINT('',(0.892544460806,-102.7695320979));
#8870 = CARTESIAN_POINT('',(0.928007733743,-102.7650599255));
#8871 = CARTESIAN_POINT('',(0.963546944895,-102.7605586377));
#8872 = CARTESIAN_POINT('',(0.999222637217,-102.7560051644));
#8873 = CARTESIAN_POINT('',(1.034977830863,-102.7514210827));
#8874 = CARTESIAN_POINT('',(1.070788780763,-102.7468156323));
#8875 = CARTESIAN_POINT('',(1.106632362422,-102.7421975444));
#8876 = CARTESIAN_POINT('',(1.142485232933,-102.7375756627));
#8877 = CARTESIAN_POINT('',(1.178324749683,-102.7329588896));
#8878 = CARTESIAN_POINT('',(1.214129314268,-102.7283557806));
#8879 = CARTESIAN_POINT('',(1.249871931966,-102.7237765469));
#8880 = CARTESIAN_POINT('',(1.28554421041,-102.7192244472));
#8881 = CARTESIAN_POINT('',(1.321054923068,-102.7147340429));
#8882 = CARTESIAN_POINT('',(1.356502412356,-102.7102678568));
#8883 = CARTESIAN_POINT('',(1.39200069756,-102.7057822713));
#8884 = CARTESIAN_POINT('',(1.42762582657,-102.7012482945));
#8885 = CARTESIAN_POINT('',(1.463338657551,-102.6966807291));
#8886 = CARTESIAN_POINT('',(1.499120303404,-102.6920865534));
#8887 = CARTESIAN_POINT('',(1.534946506222,-102.6874748782));
#8888 = CARTESIAN_POINT('',(1.570796326795,-102.682854109));
#8889 = CARTESIAN_POINT('',(1.606646147367,-102.6782333397));
#8890 = CARTESIAN_POINT('',(1.642472350186,-102.6736216645));
#8891 = CARTESIAN_POINT('',(1.678253996039,-102.669027489));
#8892 = CARTESIAN_POINT('',(1.71396682702,-102.6644599238));
#8893 = CARTESIAN_POINT('',(1.74959195603,-102.6599259473));
#8894 = CARTESIAN_POINT('',(1.785090241234,-102.6554403621));
#8895 = CARTESIAN_POINT('',(1.820537730522,-102.650974176));
#8896 = CARTESIAN_POINT('',(1.85604844318,-102.6464837717));
#8897 = CARTESIAN_POINT('',(1.891720721623,-102.641931672));
#8898 = CARTESIAN_POINT('',(1.927463339322,-102.6373524383));
#8899 = CARTESIAN_POINT('',(1.963267903907,-102.6327493294));
#8900 = CARTESIAN_POINT('',(1.999107420657,-102.6281325557));
#8901 = CARTESIAN_POINT('',(2.034960291168,-102.623510674));
#8902 = CARTESIAN_POINT('',(2.070803872827,-102.6188925861));
#8903 = CARTESIAN_POINT('',(2.106614822727,-102.6142871357));
#8904 = CARTESIAN_POINT('',(2.142370016373,-102.6097030538));
#8905 = CARTESIAN_POINT('',(2.178045708694,-102.6051495801));
#8906 = CARTESIAN_POINT('',(2.213584919847,-102.6006482925));
#8907 = CARTESIAN_POINT('',(2.249048192784,-102.5961761198));
#8908 = CARTESIAN_POINT('',(2.284515979909,-102.5917021867));
#8909 = CARTESIAN_POINT('',(2.320128706567,-102.5871729189));
#8910 = CARTESIAN_POINT('',(2.355827883845,-102.5826103793));
#8911 = CARTESIAN_POINT('',(2.391601328949,-102.5780191937));
#8912 = CARTESIAN_POINT('',(2.427423591557,-102.5734092546));
#8913 = CARTESIAN_POINT('',(2.463272482235,-102.5687891423));
#8914 = CARTESIAN_POINT('',(2.499124431843,-102.5641677766));
#8915 = CARTESIAN_POINT('',(2.534956154923,-102.5595540305));
#8916 = CARTESIAN_POINT('',(2.57074582322,-102.5549566255));
#8917 = CARTESIAN_POINT('',(2.60646855497,-102.5503850443));
#8918 = CARTESIAN_POINT('',(2.642108220467,-102.5458454523));
#8919 = CARTESIAN_POINT('',(2.677620551448,-102.5413545193));
#8920 = CARTESIAN_POINT('',(2.713050099785,-102.536895126));
#8921 = CARTESIAN_POINT('',(2.748559498916,-102.5324052914));
#8922 = CARTESIAN_POINT('',(2.784218535397,-102.5278582203));
#8923 = CARTESIAN_POINT('',(2.819951564501,-102.523282797));
#8924 = CARTESIAN_POINT('',(2.855749534276,-102.5186823848));
#8925 = CARTESIAN_POINT('',(2.891585390454,-102.5140671793));
#8926 = CARTESIAN_POINT('',(2.927437187694,-102.5094455682));
#8927 = CARTESIAN_POINT('',(2.963283401757,-102.5048263391));
#8928 = CARTESIAN_POINT('',(2.999098201773,-102.5002189093));
#8929 = CARTESIAN_POINT('',(3.0348622307,-102.4956313595));
#8930 = CARTESIAN_POINT('',(3.070549574122,-102.4910735572));
#8931 = CARTESIAN_POINT('',(3.106150316398,-102.4865490777));
#8932 = CARTESIAN_POINT('',(3.14159265359,-102.482084879));
#8933 = CARTESIAN_POINT('',(3.177034990781,-102.4776206801));
#8934 = CARTESIAN_POINT('',(3.212635733058,-102.4730962004));
#8935 = CARTESIAN_POINT('',(3.24832307648,-102.4685383978));
#8936 = CARTESIAN_POINT('',(3.284087105406,-102.4639508478));
#8937 = CARTESIAN_POINT('',(3.319901905423,-102.4593434178));
#8938 = CARTESIAN_POINT('',(3.355748119486,-102.4547241889));
#8939 = CARTESIAN_POINT('',(3.391599916725,-102.4501025781));
#8940 = CARTESIAN_POINT('',(3.427435772904,-102.4454873726));
#8941 = CARTESIAN_POINT('',(3.463233742678,-102.4408869602));
#8942 = CARTESIAN_POINT('',(3.498966771783,-102.4363115367));
#8943 = CARTESIAN_POINT('',(3.534625808264,-102.4317644655));
#8944 = CARTESIAN_POINT('',(3.570135207394,-102.4272746309));
#8945 = CARTESIAN_POINT('',(3.605564755732,-102.4228152376));
#8946 = CARTESIAN_POINT('',(3.641077086713,-102.4183243046));
#8947 = CARTESIAN_POINT('',(3.67671675221,-102.413784713));
#8948 = CARTESIAN_POINT('',(3.71243948396,-102.4092131319));
#8949 = CARTESIAN_POINT('',(3.748229152256,-102.4046157265));
#8950 = CARTESIAN_POINT('',(3.784060875336,-102.4000019808));
#8951 = CARTESIAN_POINT('',(3.819912824945,-102.3953806151));
#8952 = CARTESIAN_POINT('',(3.855761715623,-102.3907605025));
#8953 = CARTESIAN_POINT('',(3.89158397823,-102.3861505633));
#8954 = CARTESIAN_POINT('',(3.927357423335,-102.3815593775));
#8955 = CARTESIAN_POINT('',(3.963056600613,-102.3769968383));
#8956 = CARTESIAN_POINT('',(3.998669327271,-102.3724675708));
#8957 = CARTESIAN_POINT('',(4.034137114396,-102.3679936369));
#8958 = CARTESIAN_POINT('',(4.069600387332,-102.3635214645));
#8959 = CARTESIAN_POINT('',(4.105139598485,-102.3590201768));
#8960 = CARTESIAN_POINT('',(4.140815290807,-102.3544667031));
#8961 = CARTESIAN_POINT('',(4.176570484453,-102.3498826212));
#8962 = CARTESIAN_POINT('',(4.212381434353,-102.3452771709));
#8963 = CARTESIAN_POINT('',(4.248225016012,-102.3406590831));
#8964 = CARTESIAN_POINT('',(4.284077886522,-102.3360372016));
#8965 = CARTESIAN_POINT('',(4.319917403273,-102.3314204289));
#8966 = CARTESIAN_POINT('',(4.355721967858,-102.3268173186));
#8967 = CARTESIAN_POINT('',(4.391464585556,-102.3222380852));
#8968 = CARTESIAN_POINT('',(4.427136864,-102.3176859862));
#8969 = CARTESIAN_POINT('',(4.462647576658,-102.3131955813));
#8970 = CARTESIAN_POINT('',(4.498095065946,-102.3087293959));
#8971 = CARTESIAN_POINT('',(4.53359335115,-102.3042438103));
#8972 = CARTESIAN_POINT('',(4.56921848016,-102.2997098335));
#8973 = CARTESIAN_POINT('',(4.604931311141,-102.2951422681));
#8974 = CARTESIAN_POINT('',(4.640712956994,-102.2905480924));
#8975 = CARTESIAN_POINT('',(4.676539159812,-102.2859364172));
#8976 = CARTESIAN_POINT('',(4.712388980385,-102.281315648));
#8977 = CARTESIAN_POINT('',(4.748238800957,-102.2766948787));
#8978 = CARTESIAN_POINT('',(4.784065003775,-102.2720832035));
#8979 = CARTESIAN_POINT('',(4.819846649629,-102.2674890278));
#8980 = CARTESIAN_POINT('',(4.855559480609,-102.2629214624));
#8981 = CARTESIAN_POINT('',(4.891184609619,-102.2583874856));
#8982 = CARTESIAN_POINT('',(4.926682894824,-102.2539019001));
#8983 = CARTESIAN_POINT('',(4.962130384111,-102.249435714));
#8984 = CARTESIAN_POINT('',(4.99764109677,-102.2449453097));
#8985 = CARTESIAN_POINT('',(5.033313375213,-102.24039321));
#8986 = CARTESIAN_POINT('',(5.069055992911,-102.2358139763));
#8987 = CARTESIAN_POINT('',(5.104860557497,-102.2312108673));
#8988 = CARTESIAN_POINT('',(5.140700074247,-102.2265940942));
#8989 = CARTESIAN_POINT('',(5.176552944757,-102.2219722125));
#8990 = CARTESIAN_POINT('',(5.212396526416,-102.2173541246));
#8991 = CARTESIAN_POINT('',(5.248207476317,-102.2127486742));
#8992 = CARTESIAN_POINT('',(5.283962669963,-102.2081645925));
#8993 = CARTESIAN_POINT('',(5.319638362284,-102.2036111192));
#8994 = CARTESIAN_POINT('',(5.355177573437,-102.1991098314));
#8995 = CARTESIAN_POINT('',(5.390640846373,-102.194637659));
#8996 = CARTESIAN_POINT('',(5.426108633498,-102.190163725));
#8997 = CARTESIAN_POINT('',(5.461721360157,-102.1856344569));
#8998 = CARTESIAN_POINT('',(5.497420537435,-102.1810719186));
#8999 = CARTESIAN_POINT('',(5.533193982539,-102.1764807326));
#9000 = CARTESIAN_POINT('',(5.569016245146,-102.1718707934));
#9001 = CARTESIAN_POINT('',(5.604865135825,-102.1672506807));
#9002 = CARTESIAN_POINT('',(5.640717085433,-102.1626293147));
#9003 = CARTESIAN_POINT('',(5.676548808513,-102.1580155685));
#9004 = CARTESIAN_POINT('',(5.71233847681,-102.1534181635));
#9005 = CARTESIAN_POINT('',(5.748061208559,-102.1488465823));
#9006 = CARTESIAN_POINT('',(5.783700874057,-102.1443069903));
#9007 = CARTESIAN_POINT('',(5.819213205037,-102.1398160573));
#9008 = CARTESIAN_POINT('',(5.854642753378,-102.135356664));
#9009 = CARTESIAN_POINT('',(5.890152152494,-102.1308668292));
#9010 = CARTESIAN_POINT('',(5.925811189032,-102.1263197587));
#9011 = CARTESIAN_POINT('',(5.961544217921,-102.1217443355));
#9012 = CARTESIAN_POINT('',(5.997342188499,-102.1171439229));
#9013 = CARTESIAN_POINT('',(6.033178041678,-102.1125287184));
#9014 = CARTESIAN_POINT('',(6.069029850114,-102.1079071028));
#9015 = CARTESIAN_POINT('',(6.104876022393,-102.1032878898));
#9016 = CARTESIAN_POINT('',(6.14069097835,-102.0986804012));
#9017 = CARTESIAN_POINT('',(6.176454425297,-102.0940930719));
#9018 = CARTESIAN_POINT('',(6.212143940695,-102.0895344462));
#9019 = CARTESIAN_POINT('',(6.247736577046,-102.085013039));
#9020 = CARTESIAN_POINT('',(6.271384969658,-102.0820292619));
#9021 = CARTESIAN_POINT('',(6.28318530718,-102.080546417));
#9022 = ( GEOMETRIC_REPRESENTATION_CONTEXT(2) 
PARAMETRIC_REPRESENTATION_CONTEXT() REPRESENTATION_CONTEXT('2D SPACE',''
  ) );
#9023 = ORIENTED_EDGE('',*,*,#9024,.F.);
#9024 = EDGE_CURVE('',#9025,#8520,#9027,.T.);
#9025 = VERTEX_POINT('',#9026);
#9026 = CARTESIAN_POINT('',(292.289230769,210.,614.9));
#9027 = SURFACE_CURVE('',#9028,(#9162,#9345),.PCURVE_S1.);
#9028 = B_SPLINE_CURVE_WITH_KNOTS('',3,(#9029,#9030,#9031,#9032,#9033,
    #9034,#9035,#9036,#9037,#9038,#9039,#9040,#9041,#9042,#9043,#9044,
    #9045,#9046,#9047,#9048,#9049,#9050,#9051,#9052,#9053,#9054,#9055,
    #9056,#9057,#9058,#9059,#9060,#9061,#9062,#9063,#9064,#9065,#9066,
    #9067,#9068,#9069,#9070,#9071,#9072,#9073,#9074,#9075,#9076,#9077,
    #9078,#9079,#9080,#9081,#9082,#9083,#9084,#9085,#9086,#9087,#9088,
    #9089,#9090,#9091,#9092,#9093,#9094,#9095,#9096,#9097,#9098,#9099,
    #9100,#9101,#9102,#9103,#9104,#9105,#9106,#9107,#9108,#9109,#9110,
    #9111,#9112,#9113,#9114,#9115,#9116,#9117,#9118,#9119,#9120,#9121,
    #9122,#9123,#9124,#9125,#9126,#9127,#9128,#9129,#9130,#9131,#9132,
    #9133,#9134,#9135,#9136,#9137,#9138,#9139,#9140,#9141,#9142,#9143,
    #9144,#9145,#9146,#9147,#9148,#9149,#9150,#9151,#9152,#9153,#9154,
    #9155,#9156,#9157,#9158,#9159,#9160,#9161),.UNSPECIFIED.,.F.,.F.,(4,
    3,3,3,3,3,3,3,3,3,3,3,3,3,3,3,3,3,3,3,3,3,3,3,3,3,3,3,3,3,3,3,3,3,3,
    3,3,3,3,3,3,3,3,3,4),(0.4375,0.44140625,0.4453125,0.447265625,
    0.44921875,0.453125,0.455078125,0.45703125,0.4609375,0.462890625,
    0.46484375,0.46875,0.47265625,0.474609375,0.4765625,0.48046875,
    0.482421875,0.484375,0.48828125,0.490234375,0.4921875,0.49609375,0.5
    ,0.50390625,0.5078125,0.509765625,0.51171875,0.515625,0.517578125,
    0.51953125,0.5234375,0.525390625,0.52734375,0.53125,0.53515625,
    0.537109375,0.5390625,0.54296875,0.544921875,0.546875,0.55078125,
    0.552734375,0.5546875,0.55859375,0.5625),.UNSPECIFIED.);
#9029 = CARTESIAN_POINT('',(292.289230769,210.,614.9));
#9030 = CARTESIAN_POINT('',(292.281075122,210.967038938,614.9));
#9031 = CARTESIAN_POINT('',(292.272645904,211.944815315,614.804944123));
#9032 = CARTESIAN_POINT('',(292.264179397,212.905144583,614.614038968));
#9033 = CARTESIAN_POINT('',(292.25571289,213.865473852,614.423133813));
#9034 = CARTESIAN_POINT('',(292.247212128,214.807998993,614.136429982));
#9035 = CARTESIAN_POINT('',(292.238919896,215.70623834,613.764041703));
#9036 = CARTESIAN_POINT('',(292.234773781,216.155358013,613.577847564));
#9037 = CARTESIAN_POINT('',(292.230720828,216.592085054,613.371245689));
#9038 = CARTESIAN_POINT('',(292.226590029,217.020395768,613.14245195));
#9039 = CARTESIAN_POINT('',(292.222459231,217.448706483,612.913658211));
#9040 = CARTESIAN_POINT('',(292.218272618,217.867728896,612.662849341));
#9041 = CARTESIAN_POINT('',(292.214059425,218.274222015,612.391418403));
#9042 = CARTESIAN_POINT('',(292.205633037,219.087208255,611.848556527));
#9043 = CARTESIAN_POINT('',(292.197101391,219.849577211,611.222692586));
#9044 = CARTESIAN_POINT('',(292.188710043,220.53962249,610.532158267));
#9045 = CARTESIAN_POINT('',(292.184514369,220.88464513,610.186891107));
#9046 = CARTESIAN_POINT('',(292.180353863,221.211695634,609.825598437));
#9047 = CARTESIAN_POINT('',(292.176257211,221.518864282,609.451230907));
#9048 = CARTESIAN_POINT('',(292.172160559,221.82603293,609.076863377));
#9049 = CARTESIAN_POINT('',(292.168061194,222.115080177,608.687475776));
#9050 = CARTESIAN_POINT('',(292.163887958,222.385921915,608.282447605));
#9051 = CARTESIAN_POINT('',(292.155541484,222.927605389,607.472391262));
#9052 = CARTESIAN_POINT('',(292.147020038,223.392798409,606.603066682));
#9053 = CARTESIAN_POINT('',(292.138568596,223.767068707,605.698931409));
#9054 = CARTESIAN_POINT('',(292.134342876,223.954203856,605.246863773));
#9055 = CARTESIAN_POINT('',(292.130134864,224.118755709,604.786193632));
#9056 = CARTESIAN_POINT('',(292.125974602,224.259888588,604.320367745));
#9057 = CARTESIAN_POINT('',(292.121814341,224.401021468,603.854541857));
#9058 = CARTESIAN_POINT('',(292.117745917,224.518439762,603.385273859));
#9059 = CARTESIAN_POINT('',(292.113631606,224.613139698,602.909664617));
#9060 = CARTESIAN_POINT('',(292.105402984,224.802539568,601.958446131));
#9061 = CARTESIAN_POINT('',(292.096933122,224.9,600.979315573));
#9062 = CARTESIAN_POINT('',(292.088461538,224.9,600.));
#9063 = CARTESIAN_POINT('',(292.079989954,224.9,599.020684427));
#9064 = CARTESIAN_POINT('',(292.071520092,224.802539568,598.041553869));
#9065 = CARTESIAN_POINT('',(292.063291471,224.613139698,597.090335383));
#9066 = CARTESIAN_POINT('',(292.05917716,224.518439762,596.614726141));
#9067 = CARTESIAN_POINT('',(292.055108736,224.401021468,596.145458143));
#9068 = CARTESIAN_POINT('',(292.050948475,224.259888588,595.679632255));
#9069 = CARTESIAN_POINT('',(292.046788213,224.118755709,595.213806368));
#9070 = CARTESIAN_POINT('',(292.042580201,223.954203856,594.753136227));
#9071 = CARTESIAN_POINT('',(292.038354481,223.767068707,594.301068591));
#9072 = CARTESIAN_POINT('',(292.029903039,223.392798409,593.396933318));
#9073 = CARTESIAN_POINT('',(292.021381593,222.927605389,592.527608738));
#9074 = CARTESIAN_POINT('',(292.013035119,222.385921915,591.717552395));
#9075 = CARTESIAN_POINT('',(292.008861883,222.115080177,591.312524224));
#9076 = CARTESIAN_POINT('',(292.004762518,221.82603293,590.923136623));
#9077 = CARTESIAN_POINT('',(292.000665866,221.518864282,590.548769093));
#9078 = CARTESIAN_POINT('',(291.996569214,221.211695634,590.174401563));
#9079 = CARTESIAN_POINT('',(291.992408708,220.88464513,589.813108893));
#9080 = CARTESIAN_POINT('',(291.988213034,220.53962249,589.467841733));
#9081 = CARTESIAN_POINT('',(291.979821686,219.849577211,588.777307414));
#9082 = CARTESIAN_POINT('',(291.97129004,219.087208255,588.151443473));
#9083 = CARTESIAN_POINT('',(291.962863652,218.274222015,587.608581597));
#9084 = CARTESIAN_POINT('',(291.958650459,217.867728896,587.337150659));
#9085 = CARTESIAN_POINT('',(291.954463846,217.448706483,587.086341789));
#9086 = CARTESIAN_POINT('',(291.950333048,217.020395768,586.85754805));
#9087 = CARTESIAN_POINT('',(291.946202249,216.592085054,586.628754311));
#9088 = CARTESIAN_POINT('',(291.942149296,216.155358013,586.422152436));
#9089 = CARTESIAN_POINT('',(291.938003181,215.70623834,586.235958297));
#9090 = CARTESIAN_POINT('',(291.929710949,214.807998993,585.863570018));
#9091 = CARTESIAN_POINT('',(291.921210187,213.865473852,585.576866187));
#9092 = CARTESIAN_POINT('',(291.91274368,212.905144583,585.385961032));
#9093 = CARTESIAN_POINT('',(291.904277173,211.944815315,585.195055877));
#9094 = CARTESIAN_POINT('',(291.895847955,210.967038938,585.1));
#9095 = CARTESIAN_POINT('',(291.887692308,210.,585.1));
#9096 = CARTESIAN_POINT('',(291.879536661,209.032961062,585.1));
#9097 = CARTESIAN_POINT('',(291.871107442,208.055184685,585.195055877));
#9098 = CARTESIAN_POINT('',(291.862640935,207.094855417,585.385961032));
#9099 = CARTESIAN_POINT('',(291.854174429,206.134526148,585.576866187));
#9100 = CARTESIAN_POINT('',(291.845673666,205.192001007,585.863570018));
#9101 = CARTESIAN_POINT('',(291.837381434,204.29376166,586.235958297));
#9102 = CARTESIAN_POINT('',(291.833235319,203.844641987,586.422152436));
#9103 = CARTESIAN_POINT('',(291.829182366,203.407914946,586.628754311));
#9104 = CARTESIAN_POINT('',(291.825051567,202.979604232,586.85754805));
#9105 = CARTESIAN_POINT('',(291.820920769,202.551293517,587.086341789));
#9106 = CARTESIAN_POINT('',(291.816734157,202.132271104,587.337150659));
#9107 = CARTESIAN_POINT('',(291.812520963,201.725777985,587.608581597));
#9108 = CARTESIAN_POINT('',(291.804094576,200.912791745,588.151443473));
#9109 = CARTESIAN_POINT('',(291.795562929,200.150422789,588.777307414));
#9110 = CARTESIAN_POINT('',(291.787171581,199.46037751,589.467841733));
#9111 = CARTESIAN_POINT('',(291.782975907,199.11535487,589.813108893));
#9112 = CARTESIAN_POINT('',(291.778815402,198.788304366,590.174401563));
#9113 = CARTESIAN_POINT('',(291.774718749,198.481135718,590.548769093));
#9114 = CARTESIAN_POINT('',(291.770622097,198.17396707,590.923136623));
#9115 = CARTESIAN_POINT('',(291.766522732,197.884919823,591.312524224));
#9116 = CARTESIAN_POINT('',(291.762349496,197.614078085,591.717552395));
#9117 = CARTESIAN_POINT('',(291.754003022,197.072394611,592.527608738));
#9118 = CARTESIAN_POINT('',(291.745481576,196.607201591,593.396933318));
#9119 = CARTESIAN_POINT('',(291.737030135,196.232931293,594.301068591));
#9120 = CARTESIAN_POINT('',(291.732804414,196.045796144,594.753136227));
#9121 = CARTESIAN_POINT('',(291.728596402,195.881244291,595.213806368));
#9122 = CARTESIAN_POINT('',(291.724436141,195.740111412,595.679632255));
#9123 = CARTESIAN_POINT('',(291.720275879,195.598978532,596.145458143));
#9124 = CARTESIAN_POINT('',(291.716207456,195.481560238,596.614726141));
#9125 = CARTESIAN_POINT('',(291.712093145,195.386860302,597.090335383));
#9126 = CARTESIAN_POINT('',(291.703864523,195.197460432,598.041553869));
#9127 = CARTESIAN_POINT('',(291.695394661,195.1,599.020684427));
#9128 = CARTESIAN_POINT('',(291.686923077,195.1,600.));
#9129 = CARTESIAN_POINT('',(291.678451493,195.1,600.979315573));
#9130 = CARTESIAN_POINT('',(291.669981631,195.197460432,601.958446131));
#9131 = CARTESIAN_POINT('',(291.661753009,195.386860302,602.909664617));
#9132 = CARTESIAN_POINT('',(291.657638698,195.481560238,603.385273859));
#9133 = CARTESIAN_POINT('',(291.653570275,195.598978532,603.854541857));
#9134 = CARTESIAN_POINT('',(291.649410013,195.740111412,604.320367745));
#9135 = CARTESIAN_POINT('',(291.645249752,195.881244291,604.786193632));
#9136 = CARTESIAN_POINT('',(291.64104174,196.045796144,605.246863773));
#9137 = CARTESIAN_POINT('',(291.636816019,196.232931293,605.698931409));
#9138 = CARTESIAN_POINT('',(291.628364578,196.607201591,606.603066682));
#9139 = CARTESIAN_POINT('',(291.619843132,197.072394611,607.472391262));
#9140 = CARTESIAN_POINT('',(291.611496658,197.614078085,608.282447605));
#9141 = CARTESIAN_POINT('',(291.607323422,197.884919823,608.687475776));
#9142 = CARTESIAN_POINT('',(291.603224057,198.17396707,609.076863377));
#9143 = CARTESIAN_POINT('',(291.599127405,198.481135718,609.451230907));
#9144 = CARTESIAN_POINT('',(291.595030752,198.788304366,609.825598437));
#9145 = CARTESIAN_POINT('',(291.590870247,199.11535487,610.186891107));
#9146 = CARTESIAN_POINT('',(291.586674573,199.46037751,610.532158267));
#9147 = CARTESIAN_POINT('',(291.578283225,200.150422789,611.222692586));
#9148 = CARTESIAN_POINT('',(291.569751578,200.912791745,611.848556527));
#9149 = CARTESIAN_POINT('',(291.561325191,201.725777985,612.391418403));
#9150 = CARTESIAN_POINT('',(291.557111997,202.132271104,612.662849341));
#9151 = CARTESIAN_POINT('',(291.552925385,202.551293517,612.913658211));
#9152 = CARTESIAN_POINT('',(291.548794587,202.979604232,613.14245195));
#9153 = CARTESIAN_POINT('',(291.544663788,203.407914946,613.371245689));
#9154 = CARTESIAN_POINT('',(291.540610835,203.844641987,613.577847564));
#9155 = CARTESIAN_POINT('',(291.53646472,204.29376166,613.764041703));
#9156 = CARTESIAN_POINT('',(291.528172488,205.192001007,614.136429982));
#9157 = CARTESIAN_POINT('',(291.519671725,206.134526148,614.423133813));
#9158 = CARTESIAN_POINT('',(291.511205219,207.094855417,614.614038968));
#9159 = CARTESIAN_POINT('',(291.502738712,208.055184685,614.804944123));
#9160 = CARTESIAN_POINT('',(291.494309493,209.032961062,614.9));
#9161 = CARTESIAN_POINT('',(291.486153846,210.,614.9));
#9162 = PCURVE('',#2149,#9163);
#9163 = DEFINITIONAL_REPRESENTATION('',(#9164),#9344);
#9164 = B_SPLINE_CURVE_WITH_KNOTS('',3,(#9165,#9166,#9167,#9168,#9169,
    #9170,#9171,#9172,#9173,#9174,#9175,#9176,#9177,#9178,#9179,#9180,
    #9181,#9182,#9183,#9184,#9185,#9186,#9187,#9188,#9189,#9190,#9191,
    #9192,#9193,#9194,#9195,#9196,#9197,#9198,#9199,#9200,#9201,#9202,
    #9203,#9204,#9205,#9206,#9207,#9208,#9209,#9210,#9211,#9212,#9213,
    #9214,#9215,#9216,#9217,#9218,#9219,#9220,#9221,#9222,#9223,#9224,
    #9225,#9226,#9227,#9228,#9229,#9230,#9231,#9232,#9233,#9234,#9235,
    #9236,#9237,#9238,#9239,#9240,#9241,#9242,#9243,#9244,#9245,#9246,
    #9247,#9248,#9249,#9250,#9251,#9252,#9253,#9254,#9255,#9256,#9257,
    #9258,#9259,#9260,#9261,#9262,#9263,#9264,#9265,#9266,#9267,#9268,
    #9269,#9270,#9271,#9272,#9273,#9274,#9275,#9276,#9277,#9278,#9279,
    #9280,#9281,#9282,#9283,#9284,#9285,#9286,#9287,#9288,#9289,#9290,
    #9291,#9292,#9293,#9294,#9295,#9296,#9297,#9298,#9299,#9300,#9301,
    #9302,#9303,#9304,#9305,#9306,#9307,#9308,#9309,#9310,#9311,#9312,
    #9313,#9314,#9315,#9316,#9317,#9318,#9319,#9320,#9321,#9322,#9323,
    #9324,#9325,#9326,#9327,#9328,#9329,#9330,#9331,#9332,#9333,#9334,
    #9335,#9336,#9337,#9338,#9339,#9340,#9341,#9342,#9343),
  .UNSPECIFIED.,.F.,.F.,(4,1,1,1,1,1,1,1,1,1,1,1,1,1,1,1,1,1,1,1,1,1,1,1
    ,1,1,1,1,1,1,1,1,1,1,1,1,1,1,1,1,1,1,1,1,1,1,1,1,1,1,1,1,1,1,1,1,1,1
    ,1,1,1,1,1,1,1,1,1,1,1,1,1,1,1,1,1,1,1,1,1,1,1,1,1,1,1,1,1,1,1,1,1,1
    ,1,1,1,1,1,1,1,1,1,1,1,1,1,1,1,1,1,1,1,1,1,1,1,1,1,1,1,1,1,1,1,1,1,1
    ,1,1,1,1,1,1,1,1,1,1,1,1,1,1,1,1,1,1,1,1,1,1,1,1,1,1,1,1,1,1,1,1,1,1
    ,1,1,1,1,1,1,1,1,1,1,1,1,1,1,1,1,4),(0.4375,0.438210227273,
    0.438920454545,0.439630681818,0.440340909091,0.441051136364,
    0.441761363636,0.442471590909,0.443181818182,0.443892045455,
    0.444602272727,0.4453125,0.446022727273,0.446732954545,
    0.447443181818,0.448153409091,0.448863636364,0.449573863636,
    0.450284090909,0.450994318182,0.451704545455,0.452414772727,0.453125
    ,0.453835227273,0.454545454545,0.455255681818,0.455965909091,
    0.456676136364,0.457386363636,0.458096590909,0.458806818182,
    0.459517045455,0.460227272727,0.4609375,0.461647727273,
    0.462357954545,0.463068181818,0.463778409091,0.464488636364,
    0.465198863636,0.465909090909,0.466619318182,0.467329545455,
    0.468039772727,0.46875,0.469460227273,0.470170454545,0.470880681818,
    0.471590909091,0.472301136364,0.473011363636,0.473721590909,
    0.474431818182,0.475142045455,0.475852272727,0.4765625,
    0.477272727273,0.477982954545,0.478693181818,0.479403409091,
    0.480113636364,0.480823863636,0.481534090909,0.482244318182,
    0.482954545455,0.483664772727,0.484375,0.485085227273,0.485795454545
    ,0.486505681818,0.487215909091,0.487926136364,0.488636363636,
    0.489346590909,0.490056818182,0.490767045455,0.491477272727,
    0.4921875,0.492897727273,0.493607954545,0.494318181818,
    0.495028409091,0.495738636364,0.496448863636,0.497159090909,
    0.497869318182,0.498579545455,0.499289772727,0.5,0.500710227273,
    0.501420454545,0.502130681818,0.502840909091,0.503551136364,
    0.504261363636,0.504971590909,0.505681818182,0.506392045455,
    0.507102272727,0.5078125,0.508522727273,0.509232954545,
    0.509943181818,0.510653409091,0.511363636364,0.512073863636,
    0.512784090909,0.513494318182,0.514204545455,0.514914772727,0.515625
    ,0.516335227273,0.517045454545,0.517755681818,0.518465909091,
    0.519176136364,0.519886363636,0.520596590909,0.521306818182,
    0.522017045455,0.522727272727,0.5234375,0.524147727273,
    0.524857954545,0.525568181818,0.526278409091,0.526988636364,
    0.527698863636,0.528409090909,0.529119318182,0.529829545455,
    0.530539772727,0.53125,0.531960227273,0.532670454545,0.533380681818,
    0.534090909091,0.534801136364,0.535511363636,0.536221590909,
    0.536931818182,0.537642045455,0.538352272727,0.5390625,
    0.539772727273,0.540482954545,0.541193181818,0.541903409091,
    0.542613636364,0.543323863636,0.544034090909,0.544744318182,
    0.545454545455,0.546164772727,0.546875,0.547585227273,0.548295454545
    ,0.549005681818,0.549715909091,0.550426136364,0.551136363636,
    0.551846590909,0.552556818182,0.553267045455,0.553977272727,
    0.5546875,0.555397727273,0.556107954545,0.556818181818,
    0.557528409091,0.558238636364,0.558948863636,0.559659090909,
    0.560369318182,0.561079545455,0.561789772727,0.5625),
  .QUASI_UNIFORM_KNOTS.);
#9165 = CARTESIAN_POINT('',(-5.42E-10,0.4375));
#9166 = CARTESIAN_POINT('',(-1.86573048952E-06,0.437736742808));
#9167 = CARTESIAN_POINT('',(-3.893570019597E-06,0.438210238434));
#9168 = CARTESIAN_POINT('',(-4.124440231876E-06,0.43892049164));
#9169 = CARTESIAN_POINT('',(-5.409986085564E-06,0.43963072944));
#9170 = CARTESIAN_POINT('',(-6.124827194255E-06,0.440340943839));
#9171 = CARTESIAN_POINT('',(-8.497520953243E-06,0.441051136085));
#9172 = CARTESIAN_POINT('',(-3.245455009183E-06,0.441761363079));
#9173 = CARTESIAN_POINT('',(-1.062751816102E-05,0.442471570174));
#9174 = CARTESIAN_POINT('',(-9.672825118338E-06,0.443181785532));
#9175 = CARTESIAN_POINT('',(-1.126235481464E-05,0.443892037041));
#9176 = CARTESIAN_POINT('',(4.800296222395E-06,0.444602219583));
#9177 = CARTESIAN_POINT('',(-1.755849093947E-05,0.445312672901));
#9178 = CARTESIAN_POINT('',(6.581818261959E-05,0.446022076451));
#9179 = CARTESIAN_POINT('',(2.797853885056E-05,0.446733204393));
#9180 = CARTESIAN_POINT('',(-6.880832733115E-06,0.447443116891));
#9181 = CARTESIAN_POINT('',(-9.322470766152E-07,0.44815343212));
#9182 = CARTESIAN_POINT('',(1.15746113187E-06,0.448863632923));
#9183 = CARTESIAN_POINT('',(-1.35935117546E-05,0.449573860699));
#9184 = CARTESIAN_POINT('',(-9.504104572171E-06,0.450284079065));
#9185 = CARTESIAN_POINT('',(-1.08987050805E-05,0.450994305929));
#9186 = CARTESIAN_POINT('',(-9.245519434957E-06,0.451704538605));
#9187 = CARTESIAN_POINT('',(-1.434694285109E-05,0.452414762869));
#9188 = CARTESIAN_POINT('',(4.475173612522E-06,0.453125005927));
#9189 = CARTESIAN_POINT('',(-3.556788554936E-06,0.453835213241));
#9190 = CARTESIAN_POINT('',(-1.556453997419E-06,0.454545476013));
#9191 = CARTESIAN_POINT('',(-1.525830060027E-06,0.455255586449));
#9192 = CARTESIAN_POINT('',(9.952518894824E-06,0.455966815211));
#9193 = CARTESIAN_POINT('',(5.106624133395E-06,0.456676100266));
#9194 = CARTESIAN_POINT('',(-7.12343654515E-06,0.457386377917));
#9195 = CARTESIAN_POINT('',(-4.445286716234E-06,0.45809659578));
#9196 = CARTESIAN_POINT('',(-5.708507550023E-06,0.458806835498));
#9197 = CARTESIAN_POINT('',(-4.77603268939E-06,0.459517063937));
#9198 = CARTESIAN_POINT('',(-7.672183564922E-06,0.460227284311));
#9199 = CARTESIAN_POINT('',(2.87912521394E-06,0.460937493127));
#9200 = CARTESIAN_POINT('',(-3.716669260774E-06,0.461647738712));
#9201 = CARTESIAN_POINT('',(6.791172245174E-07,0.462357902989));
#9202 = CARTESIAN_POINT('',(-1.030823424194E-05,0.463068365371));
#9203 = CARTESIAN_POINT('',(6.982175526926E-05,0.463777407779));
#9204 = CARTESIAN_POINT('',(6.561073948303E-06,0.464488702502));
#9205 = CARTESIAN_POINT('',(-6.608339651035E-06,0.465198847863));
#9206 = CARTESIAN_POINT('',(-5.522898003783E-06,0.465909117699));
#9207 = CARTESIAN_POINT('',(-6.897042113489E-06,0.466619354816));
#9208 = CARTESIAN_POINT('',(-5.991275903414E-06,0.46732958328));
#9209 = CARTESIAN_POINT('',(-1.360179328777E-05,0.46803978573));
#9210 = CARTESIAN_POINT('',(7.839238195045E-06,0.468749999922));
#9211 = CARTESIAN_POINT('',(-1.775995226416E-05,0.469460214218));
#9212 = CARTESIAN_POINT('',(-1.050566312677E-05,0.470170416408));
#9213 = CARTESIAN_POINT('',(-1.271803242976E-05,0.470880645952));
#9214 = CARTESIAN_POINT('',(-1.000397102221E-05,0.471590882402));
#9215 = CARTESIAN_POINT('',(-1.76113542298E-05,0.472301152341));
#9216 = CARTESIAN_POINT('',(1.106227651163E-05,0.473011297328));
#9217 = CARTESIAN_POINT('',(3.911572333399E-05,0.473722592671));
#9218 = CARTESIAN_POINT('',(-1.134739322435E-05,0.47443163423));
#9219 = CARTESIAN_POINT('',(2.999389525563E-06,0.475142097511));
#9220 = CARTESIAN_POINT('',(-8.435961132265E-07,0.475852262417));
#9221 = CARTESIAN_POINT('',(2.0990589316E-07,0.476562505511));
#9222 = CARTESIAN_POINT('',(-1.10441421235E-07,0.477272719276));
#9223 = CARTESIAN_POINT('',(3.145989760149E-08,0.477982938568));
#9224 = CARTESIAN_POINT('',(-5.08872771217E-08,0.478693167681));
#9225 = CARTESIAN_POINT('',(1.720580542946E-07,0.479403407062));
#9226 = CARTESIAN_POINT('',(-6.373449400567E-07,0.480113626867));
#9227 = CARTESIAN_POINT('',(2.377321705933E-06,0.480823898333));
#9228 = CARTESIAN_POINT('',(3.927348627146E-05,0.481533185203));
#9229 = CARTESIAN_POINT('',(-5.269615537129E-06,0.482244413463));
#9230 = CARTESIAN_POINT('',(1.380441733821E-06,0.482954523296));
#9231 = CARTESIAN_POINT('',(-4.066954190295E-07,0.483664784177));
#9232 = CARTESIAN_POINT('',(1.200308123437E-07,0.484374997252));
#9233 = CARTESIAN_POINT('',(-7.511104014834E-08,0.485085226275));
#9234 = CARTESIAN_POINT('',(-5.580123145072E-08,0.485795454879));
#9235 = CARTESIAN_POINT('',(2.740643704866E-08,0.486505687512));
#9236 = CARTESIAN_POINT('',(-5.382451674391E-08,0.487215916185));
#9237 = CARTESIAN_POINT('',(1.87891629927E-07,0.487926134817));
#9238 = CARTESIAN_POINT('',(-6.97742002964E-07,0.488636367614));
#9239 = CARTESIAN_POINT('',(2.599236245447E-06,0.489346567291));
#9240 = CARTESIAN_POINT('',(-9.701829357166E-06,0.490056883033));
#9241 = CARTESIAN_POINT('',(3.619824998498E-05,0.490766795747));
#9242 = CARTESIAN_POINT('',(4.502420788749E-05,0.491477923935));
#9243 = CARTESIAN_POINT('',(-1.209784872871E-05,0.492187326859));
#9244 = CARTESIAN_POINT('',(3.116830445609E-06,0.49289778026));
#9245 = CARTESIAN_POINT('',(-1.128303163918E-06,0.493607962938));
#9246 = CARTESIAN_POINT('',(-4.922966925792E-08,0.494318213659));
#9247 = CARTESIAN_POINT('',(-1.606028890829E-07,0.495028429678));
#9248 = CARTESIAN_POINT('',(-2.945659027795E-08,0.495738636869));
#9249 = CARTESIAN_POINT('',(2.784292501947E-07,0.496448862574));
#9250 = CARTESIAN_POINT('',(-1.084260410501E-06,0.497159056213));
#9251 = CARTESIAN_POINT('',(4.057475740877E-06,0.497869269576));
#9252 = CARTESIAN_POINT('',(-1.514690198425E-05,0.498579507371));
#9253 = CARTESIAN_POINT('',(-1.599034015236E-05,0.4992897626));
#9254 = CARTESIAN_POINT('',(5.388863989046E-06,0.500000000115));
#9255 = CARTESIAN_POINT('',(-5.565115675349E-06,0.500710236939));
#9256 = CARTESIAN_POINT('',(-3.676718653031E-06,0.5014204925));
#9257 = CARTESIAN_POINT('',(-5.527000289694E-06,0.502130729218));
#9258 = CARTESIAN_POINT('',(-6.106269224279E-06,0.502840943866));
#9259 = CARTESIAN_POINT('',(-8.452160862621E-06,0.503551136201));
#9260 = CARTESIAN_POINT('',(-3.254643078736E-06,0.504261362611));
#9261 = CARTESIAN_POINT('',(-1.062107875107E-05,0.504971570144));
#9262 = CARTESIAN_POINT('',(-9.689394688582E-06,0.505681786122));
#9263 = CARTESIAN_POINT('',(-1.120251594361E-05,0.506392036882));
#9264 = CARTESIAN_POINT('',(4.824526237872E-06,0.507102219627));
#9265 = CARTESIAN_POINT('',(-1.756172656267E-05,0.50781267289));
#9266 = CARTESIAN_POINT('',(6.580688225837E-05,0.508522076452));
#9267 = CARTESIAN_POINT('',(2.802697645163E-05,0.509233204401));
#9268 = CARTESIAN_POINT('',(-7.064012360241E-06,0.509943116857));
#9269 = CARTESIAN_POINT('',(-2.170845198055E-07,0.51065343225));
#9270 = CARTESIAN_POINT('',(9.477767540793E-07,0.51136363273));
#9271 = CARTESIAN_POINT('',(-8.821648991684E-06,0.512073862359));
#9272 = CARTESIAN_POINT('',(-6.128566446208E-06,0.512784080605));
#9273 = CARTESIAN_POINT('',(-6.401876059741E-06,0.513494308528));
#9274 = CARTESIAN_POINT('',(-5.150547323752E-06,0.514204541387));
#9275 = CARTESIAN_POINT('',(-8.261630565642E-06,0.514914767352));
#9276 = CARTESIAN_POINT('',(2.844219825298E-06,0.515625004731));
#9277 = CARTESIAN_POINT('',(-3.119062069055E-06,0.516335213542));
#9278 = CARTESIAN_POINT('',(-1.676406153716E-06,0.51704547592));
#9279 = CARTESIAN_POINT('',(-1.483747920722E-06,0.517755586465));
#9280 = CARTESIAN_POINT('',(9.903893775634E-06,0.518466815238));
#9281 = CARTESIAN_POINT('',(5.259039894498E-06,0.519176100141));
#9282 = CARTESIAN_POINT('',(-7.684498391501E-06,0.519886378389));
#9283 = CARTESIAN_POINT('',(-5.500414532098E-06,0.520596596509));
#9284 = CARTESIAN_POINT('',(-7.7874838849E-06,0.521306836758));
#9285 = CARTESIAN_POINT('',(-7.232169466607E-06,0.522017065354));
#9286 = CARTESIAN_POINT('',(-1.294836543656E-05,0.522727287014));
#9287 = CARTESIAN_POINT('',(4.294499539574E-06,0.523437492397));
#9288 = CARTESIAN_POINT('',(-4.096338732914E-06,0.524147738929));
#9289 = CARTESIAN_POINT('',(7.82420787443E-07,0.524857902956));
#9290 = CARTESIAN_POINT('',(-1.03417790215E-05,0.52556836538));
#9291 = CARTESIAN_POINT('',(6.985358002428E-05,0.526277407775));
#9292 = CARTESIAN_POINT('',(6.465468610163E-06,0.52698870251));
#9293 = CARTESIAN_POINT('',(-6.25835245436E-06,0.527698847837));
#9294 = CARTESIAN_POINT('',(-5.171841166575E-06,0.528409117635));
#9295 = CARTESIAN_POINT('',(-5.77595243471E-06,0.529119354715));
#9296 = CARTESIAN_POINT('',(-4.846617544995E-06,0.529829583029));
#9297 = CARTESIAN_POINT('',(-8.719838662803E-06,0.530539785918));
#9298 = CARTESIAN_POINT('',(4.561053980392E-06,0.531249999984));
#9299 = CARTESIAN_POINT('',(-9.526618645011E-06,0.531960213782));
#9300 = CARTESIAN_POINT('',(-6.958903232455E-06,0.532670416896));
#9301 = CARTESIAN_POINT('',(-8.410682424802E-06,0.533380645116));
#9302 = CARTESIAN_POINT('',(-1.423440673924E-05,0.534090883026));
#9303 = CARTESIAN_POINT('',(-4.996960992498E-06,0.534801152279));
#9304 = CARTESIAN_POINT('',(7.682146798111E-06,0.535511297344));
#9305 = CARTESIAN_POINT('',(4.002196672601E-05,0.536222592667));
#9306 = CARTESIAN_POINT('',(-1.15903876742E-05,0.536931634231));
#9307 = CARTESIAN_POINT('',(3.064517644723E-06,0.53764209751));
#9308 = CARTESIAN_POINT('',(-8.60672466734E-07,0.538352262417));
#9309 = CARTESIAN_POINT('',(2.133542975255E-07,0.539062505511));
#9310 = CARTESIAN_POINT('',(-1.11969681384E-07,0.539772719276));
#9311 = CARTESIAN_POINT('',(3.162721657477E-08,0.540482938568));
#9312 = CARTESIAN_POINT('',(-5.104131118997E-08,0.541193167681));
#9313 = CARTESIAN_POINT('',(1.722908460382E-07,0.541903407062));
#9314 = CARTESIAN_POINT('',(-6.381220729628E-07,0.542613626868));
#9315 = CARTESIAN_POINT('',(2.377541215696E-06,0.543323898333));
#9316 = CARTESIAN_POINT('',(3.927340939261E-05,0.544033185203));
#9317 = CARTESIAN_POINT('',(-5.269526610448E-06,0.544744413463));
#9318 = CARTESIAN_POINT('',(1.38041138994E-06,0.545454523296));
#9319 = CARTESIAN_POINT('',(-4.120307926098E-07,0.546164784177));
#9320 = CARTESIAN_POINT('',(1.266212369256E-07,0.546874997252));
#9321 = CARTESIAN_POINT('',(-9.340130857532E-08,0.547585226275));
#9322 = CARTESIAN_POINT('',(-1.513928377622E-07,0.548295454879));
#9323 = CARTESIAN_POINT('',(5.23748573805E-08,0.549005687512));
#9324 = CARTESIAN_POINT('',(-6.151509366934E-08,0.549715916185));
#9325 = CARTESIAN_POINT('',(1.936855172969E-07,0.550426134817));
#9326 = CARTESIAN_POINT('',(-7.164789755183E-07,0.551136367613));
#9327 = CARTESIAN_POINT('',(2.602964070589E-06,0.551846567292));
#9328 = CARTESIAN_POINT('',(-9.701697125837E-06,0.552556883028));
#9329 = CARTESIAN_POINT('',(3.619844879384E-05,0.553266795748));
#9330 = CARTESIAN_POINT('',(4.502400976351E-05,0.553977923934));
#9331 = CARTESIAN_POINT('',(-1.209725444976E-05,0.554687326859));
#9332 = CARTESIAN_POINT('',(3.128860447483E-06,0.55539778026));
#9333 = CARTESIAN_POINT('',(-1.053602166259E-06,0.556107962938));
#9334 = CARTESIAN_POINT('',(9.700180051942E-08,0.556818213659));
#9335 = CARTESIAN_POINT('',(-9.35665635768E-08,0.557528429677));
#9336 = CARTESIAN_POINT('',(2.363976780848E-08,0.558238636871));
#9337 = CARTESIAN_POINT('',(-6.342844598506E-09,0.558948862567));
#9338 = CARTESIAN_POINT('',(1.731610585545E-09,0.559659056239));
#9339 = CARTESIAN_POINT('',(-5.835977436741E-10,0.560369269479));
#9340 = CARTESIAN_POINT('',(1.317955788304E-10,0.561079507753));
#9341 = CARTESIAN_POINT('',(5.641542835259E-11,0.561789761279));
#9342 = CARTESIAN_POINT('',(-2.194997187097E-10,0.562263257136));
#9343 = CARTESIAN_POINT('',(-5.42E-10,0.5625));
#9344 = ( GEOMETRIC_REPRESENTATION_CONTEXT(2) 
PARAMETRIC_REPRESENTATION_CONTEXT() REPRESENTATION_CONTEXT('2D SPACE',''
  ) );
#9345 = PCURVE('',#6026,#9346);
#9346 = DEFINITIONAL_REPRESENTATION('',(#9347),#9527);
#9347 = B_SPLINE_CURVE_WITH_KNOTS('',3,(#9348,#9349,#9350,#9351,#9352,
    #9353,#9354,#9355,#9356,#9357,#9358,#9359,#9360,#9361,#9362,#9363,
    #9364,#9365,#9366,#9367,#9368,#9369,#9370,#9371,#9372,#9373,#9374,
    #9375,#9376,#9377,#9378,#9379,#9380,#9381,#9382,#9383,#9384,#9385,
    #9386,#9387,#9388,#9389,#9390,#9391,#9392,#9393,#9394,#9395,#9396,
    #9397,#9398,#9399,#9400,#9401,#9402,#9403,#9404,#9405,#9406,#9407,
    #9408,#9409,#9410,#9411,#9412,#9413,#9414,#9415,#9416,#9417,#9418,
    #9419,#9420,#9421,#9422,#9423,#9424,#9425,#9426,#9427,#9428,#9429,
    #9430,#9431,#9432,#9433,#9434,#9435,#9436,#9437,#9438,#9439,#9440,
    #9441,#9442,#9443,#9444,#9445,#9446,#9447,#9448,#9449,#9450,#9451,
    #9452,#9453,#9454,#9455,#9456,#9457,#9458,#9459,#9460,#9461,#9462,
    #9463,#9464,#9465,#9466,#9467,#9468,#9469,#9470,#9471,#9472,#9473,
    #9474,#9475,#9476,#9477,#9478,#9479,#9480,#9481,#9482,#9483,#9484,
    #9485,#9486,#9487,#9488,#9489,#9490,#9491,#9492,#9493,#9494,#9495,
    #9496,#9497,#9498,#9499,#9500,#9501,#9502,#9503,#9504,#9505,#9506,
    #9507,#9508,#9509,#9510,#9511,#9512,#9513,#9514,#9515,#9516,#9517,
    #9518,#9519,#9520,#9521,#9522,#9523,#9524,#9525,#9526),
  .UNSPECIFIED.,.F.,.F.,(4,1,1,1,1,1,1,1,1,1,1,1,1,1,1,1,1,1,1,1,1,1,1,1
    ,1,1,1,1,1,1,1,1,1,1,1,1,1,1,1,1,1,1,1,1,1,1,1,1,1,1,1,1,1,1,1,1,1,1
    ,1,1,1,1,1,1,1,1,1,1,1,1,1,1,1,1,1,1,1,1,1,1,1,1,1,1,1,1,1,1,1,1,1,1
    ,1,1,1,1,1,1,1,1,1,1,1,1,1,1,1,1,1,1,1,1,1,1,1,1,1,1,1,1,1,1,1,1,1,1
    ,1,1,1,1,1,1,1,1,1,1,1,1,1,1,1,1,1,1,1,1,1,1,1,1,1,1,1,1,1,1,1,1,1,1
    ,1,1,1,1,1,1,1,1,1,1,1,1,1,1,1,1,4),(0.4375,0.438210227273,
    0.438920454545,0.439630681818,0.440340909091,0.441051136364,
    0.441761363636,0.442471590909,0.443181818182,0.443892045455,
    0.444602272727,0.4453125,0.446022727273,0.446732954545,
    0.447443181818,0.448153409091,0.448863636364,0.449573863636,
    0.450284090909,0.450994318182,0.451704545455,0.452414772727,0.453125
    ,0.453835227273,0.454545454545,0.455255681818,0.455965909091,
    0.456676136364,0.457386363636,0.458096590909,0.458806818182,
    0.459517045455,0.460227272727,0.4609375,0.461647727273,
    0.462357954545,0.463068181818,0.463778409091,0.464488636364,
    0.465198863636,0.465909090909,0.466619318182,0.467329545455,
    0.468039772727,0.46875,0.469460227273,0.470170454545,0.470880681818,
    0.471590909091,0.472301136364,0.473011363636,0.473721590909,
    0.474431818182,0.475142045455,0.475852272727,0.4765625,
    0.477272727273,0.477982954545,0.478693181818,0.479403409091,
    0.480113636364,0.480823863636,0.481534090909,0.482244318182,
    0.482954545455,0.483664772727,0.484375,0.485085227273,0.485795454545
    ,0.486505681818,0.487215909091,0.487926136364,0.488636363636,
    0.489346590909,0.490056818182,0.490767045455,0.491477272727,
    0.4921875,0.492897727273,0.493607954545,0.494318181818,
    0.495028409091,0.495738636364,0.496448863636,0.497159090909,
    0.497869318182,0.498579545455,0.499289772727,0.5,0.500710227273,
    0.501420454545,0.502130681818,0.502840909091,0.503551136364,
    0.504261363636,0.504971590909,0.505681818182,0.506392045455,
    0.507102272727,0.5078125,0.508522727273,0.509232954545,
    0.509943181818,0.510653409091,0.511363636364,0.512073863636,
    0.512784090909,0.513494318182,0.514204545455,0.514914772727,0.515625
    ,0.516335227273,0.517045454545,0.517755681818,0.518465909091,
    0.519176136364,0.519886363636,0.520596590909,0.521306818182,
    0.522017045455,0.522727272727,0.5234375,0.524147727273,
    0.524857954545,0.525568181818,0.526278409091,0.526988636364,
    0.527698863636,0.528409090909,0.529119318182,0.529829545455,
    0.530539772727,0.53125,0.531960227273,0.532670454545,0.533380681818,
    0.534090909091,0.534801136364,0.535511363636,0.536221590909,
    0.536931818182,0.537642045455,0.538352272727,0.5390625,
    0.539772727273,0.540482954545,0.541193181818,0.541903409091,
    0.542613636364,0.543323863636,0.544034090909,0.544744318182,
    0.545454545455,0.546164772727,0.546875,0.547585227273,0.548295454545
    ,0.549005681818,0.549715909091,0.550426136364,0.551136363636,
    0.551846590909,0.552556818182,0.553267045455,0.553977272727,
    0.5546875,0.555397727273,0.556107954545,0.556818181818,
    0.557528409091,0.558238636364,0.558948863636,0.559659090909,
    0.560369318182,0.561079545455,0.561789772727,0.5625),
  .QUASI_UNIFORM_KNOTS.);
#9348 = CARTESIAN_POINT('',(0.,-103.686700263));
#9349 = CARTESIAN_POINT('',(1.180033752153E-02,-103.685217418));
#9350 = CARTESIAN_POINT('',(3.544873013361E-02,-103.6822336409));
#9351 = CARTESIAN_POINT('',(7.104136648424E-02,-103.677712234));
#9352 = CARTESIAN_POINT('',(0.106730881883,-103.6731536084));
#9353 = CARTESIAN_POINT('',(0.14249432883,-103.6685662792));
#9354 = CARTESIAN_POINT('',(0.178309284787,-103.6639587904));
#9355 = CARTESIAN_POINT('',(0.214155457066,-103.659339577));
#9356 = CARTESIAN_POINT('',(0.250007265502,-103.6547179617));
#9357 = CARTESIAN_POINT('',(0.28584311868,-103.6501027574));
#9358 = CARTESIAN_POINT('',(0.321641089258,-103.6455023449));
#9359 = CARTESIAN_POINT('',(0.357374118148,-103.6409269216));
#9360 = CARTESIAN_POINT('',(0.393033154686,-103.6363798505));
#9361 = CARTESIAN_POINT('',(0.428542553801,-103.6318900159));
#9362 = CARTESIAN_POINT('',(0.463972102143,-103.6274306226));
#9363 = CARTESIAN_POINT('',(0.499484433123,-103.6229396897));
#9364 = CARTESIAN_POINT('',(0.53512409862,-103.6184000976));
#9365 = CARTESIAN_POINT('',(0.57084683037,-103.6138285164));
#9366 = CARTESIAN_POINT('',(0.606636498666,-103.6092311114));
#9367 = CARTESIAN_POINT('',(0.642468221746,-103.6046173653));
#9368 = CARTESIAN_POINT('',(0.678320171355,-103.5999959996));
#9369 = CARTESIAN_POINT('',(0.714169062033,-103.5953758873));
#9370 = CARTESIAN_POINT('',(0.749991324641,-103.5907659482));
#9371 = CARTESIAN_POINT('',(0.785764769745,-103.5861747626));
#9372 = CARTESIAN_POINT('',(0.821463947023,-103.581612223));
#9373 = CARTESIAN_POINT('',(0.857076673681,-103.5770829552));
#9374 = CARTESIAN_POINT('',(0.892544460806,-103.5726090221));
#9375 = CARTESIAN_POINT('',(0.928007733743,-103.5681368494));
#9376 = CARTESIAN_POINT('',(0.963546944895,-103.5636355618));
#9377 = CARTESIAN_POINT('',(0.999222637217,-103.5590820881));
#9378 = CARTESIAN_POINT('',(1.034977830863,-103.5544980062));
#9379 = CARTESIAN_POINT('',(1.070788780763,-103.5498925558));
#9380 = CARTESIAN_POINT('',(1.106632362422,-103.5452744679));
#9381 = CARTESIAN_POINT('',(1.142485232933,-103.5406525862));
#9382 = CARTESIAN_POINT('',(1.178324749683,-103.5360358125));
#9383 = CARTESIAN_POINT('',(1.214129314268,-103.5314327036));
#9384 = CARTESIAN_POINT('',(1.249871931966,-103.5268534699));
#9385 = CARTESIAN_POINT('',(1.28554421041,-103.5223013702));
#9386 = CARTESIAN_POINT('',(1.321054923068,-103.5178109659));
#9387 = CARTESIAN_POINT('',(1.356502412356,-103.5133447798));
#9388 = CARTESIAN_POINT('',(1.39200069756,-103.5088591943));
#9389 = CARTESIAN_POINT('',(1.42762582657,-103.5043252175));
#9390 = CARTESIAN_POINT('',(1.463338657551,-103.4997576521));
#9391 = CARTESIAN_POINT('',(1.499120303404,-103.4951634764));
#9392 = CARTESIAN_POINT('',(1.534946506222,-103.4905518012));
#9393 = CARTESIAN_POINT('',(1.570796326795,-103.485931032));
#9394 = CARTESIAN_POINT('',(1.606646147367,-103.4813102627));
#9395 = CARTESIAN_POINT('',(1.642472350186,-103.4766985875));
#9396 = CARTESIAN_POINT('',(1.678253996039,-103.472104412));
#9397 = CARTESIAN_POINT('',(1.71396682702,-103.4675368468));
#9398 = CARTESIAN_POINT('',(1.74959195603,-103.4630028703));
#9399 = CARTESIAN_POINT('',(1.785090241234,-103.4585172851));
#9400 = CARTESIAN_POINT('',(1.820537730522,-103.454051099));
#9401 = CARTESIAN_POINT('',(1.85604844318,-103.4495606947));
#9402 = CARTESIAN_POINT('',(1.891720721623,-103.445008595));
#9403 = CARTESIAN_POINT('',(1.927463339322,-103.4404293613));
#9404 = CARTESIAN_POINT('',(1.963267903907,-103.4358262524));
#9405 = CARTESIAN_POINT('',(1.999107420657,-103.4312094787));
#9406 = CARTESIAN_POINT('',(2.034960291168,-103.426587597));
#9407 = CARTESIAN_POINT('',(2.070803872827,-103.4219695091));
#9408 = CARTESIAN_POINT('',(2.106614822727,-103.4173640587));
#9409 = CARTESIAN_POINT('',(2.142370016373,-103.4127799768));
#9410 = CARTESIAN_POINT('',(2.178045708694,-103.4082265031));
#9411 = CARTESIAN_POINT('',(2.213584919847,-103.4037252155));
#9412 = CARTESIAN_POINT('',(2.249048192784,-103.3992530428));
#9413 = CARTESIAN_POINT('',(2.284515979909,-103.3947791097));
#9414 = CARTESIAN_POINT('',(2.320128706567,-103.3902498419));
#9415 = CARTESIAN_POINT('',(2.355827883845,-103.3856873023));
#9416 = CARTESIAN_POINT('',(2.391601328949,-103.3810961167));
#9417 = CARTESIAN_POINT('',(2.427423591557,-103.3764861776));
#9418 = CARTESIAN_POINT('',(2.463272482235,-103.3718660653));
#9419 = CARTESIAN_POINT('',(2.499124431843,-103.3672446996));
#9420 = CARTESIAN_POINT('',(2.534956154923,-103.3626309535));
#9421 = CARTESIAN_POINT('',(2.57074582322,-103.3580335485));
#9422 = CARTESIAN_POINT('',(2.60646855497,-103.3534619673));
#9423 = CARTESIAN_POINT('',(2.642108220467,-103.3489223753));
#9424 = CARTESIAN_POINT('',(2.677620551448,-103.3444314423));
#9425 = CARTESIAN_POINT('',(2.713050099785,-103.339972049));
#9426 = CARTESIAN_POINT('',(2.748559498916,-103.3354822144));
#9427 = CARTESIAN_POINT('',(2.784218535397,-103.3309351433));
#9428 = CARTESIAN_POINT('',(2.819951564501,-103.32635972));
#9429 = CARTESIAN_POINT('',(2.855749534276,-103.3217593077));
#9430 = CARTESIAN_POINT('',(2.891585390454,-103.3171441023));
#9431 = CARTESIAN_POINT('',(2.927437187694,-103.3125224912));
#9432 = CARTESIAN_POINT('',(2.963283401757,-103.3079032621));
#9433 = CARTESIAN_POINT('',(2.999098201773,-103.3032958323));
#9434 = CARTESIAN_POINT('',(3.0348622307,-103.2987082825));
#9435 = CARTESIAN_POINT('',(3.070549574122,-103.2941504802));
#9436 = CARTESIAN_POINT('',(3.106150316398,-103.2896260007));
#9437 = CARTESIAN_POINT('',(3.14159265359,-103.285161802));
#9438 = CARTESIAN_POINT('',(3.177034990781,-103.2806976031));
#9439 = CARTESIAN_POINT('',(3.212635733058,-103.2761731234));
#9440 = CARTESIAN_POINT('',(3.24832307648,-103.2716153208));
#9441 = CARTESIAN_POINT('',(3.284087105406,-103.2670277708));
#9442 = CARTESIAN_POINT('',(3.319901905423,-103.2624203408));
#9443 = CARTESIAN_POINT('',(3.355748119486,-103.2578011119));
#9444 = CARTESIAN_POINT('',(3.391599916725,-103.2531795011));
#9445 = CARTESIAN_POINT('',(3.427435772904,-103.2485642956));
#9446 = CARTESIAN_POINT('',(3.463233742678,-103.2439638832));
#9447 = CARTESIAN_POINT('',(3.498966771783,-103.2393884597));
#9448 = CARTESIAN_POINT('',(3.534625808264,-103.2348413885));
#9449 = CARTESIAN_POINT('',(3.570135207394,-103.2303515539));
#9450 = CARTESIAN_POINT('',(3.605564755732,-103.2258921606));
#9451 = CARTESIAN_POINT('',(3.641077086713,-103.2214012276));
#9452 = CARTESIAN_POINT('',(3.67671675221,-103.216861636));
#9453 = CARTESIAN_POINT('',(3.71243948396,-103.2122900549));
#9454 = CARTESIAN_POINT('',(3.748229152256,-103.2076926495));
#9455 = CARTESIAN_POINT('',(3.784060875336,-103.2030789038));
#9456 = CARTESIAN_POINT('',(3.819912824945,-103.1984575381));
#9457 = CARTESIAN_POINT('',(3.855761715623,-103.1938374255));
#9458 = CARTESIAN_POINT('',(3.89158397823,-103.1892274863));
#9459 = CARTESIAN_POINT('',(3.927357423335,-103.1846363005));
#9460 = CARTESIAN_POINT('',(3.963056600613,-103.1800737613));
#9461 = CARTESIAN_POINT('',(3.998669327271,-103.1755444938));
#9462 = CARTESIAN_POINT('',(4.034137114396,-103.1710705599));
#9463 = CARTESIAN_POINT('',(4.069600387332,-103.1665983875));
#9464 = CARTESIAN_POINT('',(4.105139598485,-103.1620970998));
#9465 = CARTESIAN_POINT('',(4.140815290807,-103.1575436261));
#9466 = CARTESIAN_POINT('',(4.176570484453,-103.1529595442));
#9467 = CARTESIAN_POINT('',(4.212381434353,-103.1483540939));
#9468 = CARTESIAN_POINT('',(4.248225016012,-103.1437360061));
#9469 = CARTESIAN_POINT('',(4.284077886522,-103.1391141246));
#9470 = CARTESIAN_POINT('',(4.319917403273,-103.1344973519));
#9471 = CARTESIAN_POINT('',(4.355721967858,-103.1298942416));
#9472 = CARTESIAN_POINT('',(4.391464585556,-103.1253150082));
#9473 = CARTESIAN_POINT('',(4.427136864,-103.1207629092));
#9474 = CARTESIAN_POINT('',(4.462647576658,-103.1162725043));
#9475 = CARTESIAN_POINT('',(4.498095065946,-103.1118063189));
#9476 = CARTESIAN_POINT('',(4.53359335115,-103.1073207333));
#9477 = CARTESIAN_POINT('',(4.56921848016,-103.1027867565));
#9478 = CARTESIAN_POINT('',(4.604931311141,-103.0982191911));
#9479 = CARTESIAN_POINT('',(4.640712956994,-103.0936250154));
#9480 = CARTESIAN_POINT('',(4.676539159812,-103.0890133402));
#9481 = CARTESIAN_POINT('',(4.712388980385,-103.084392571));
#9482 = CARTESIAN_POINT('',(4.748238800957,-103.0797718017));
#9483 = CARTESIAN_POINT('',(4.784065003775,-103.0751601265));
#9484 = CARTESIAN_POINT('',(4.819846649629,-103.0705659508));
#9485 = CARTESIAN_POINT('',(4.855559480609,-103.0659983854));
#9486 = CARTESIAN_POINT('',(4.891184609619,-103.0614644086));
#9487 = CARTESIAN_POINT('',(4.926682894824,-103.056978823));
#9488 = CARTESIAN_POINT('',(4.962130384111,-103.0525126376));
#9489 = CARTESIAN_POINT('',(4.99764109677,-103.0480222327));
#9490 = CARTESIAN_POINT('',(5.033313375213,-103.0434701337));
#9491 = CARTESIAN_POINT('',(5.069055992911,-103.0388909003));
#9492 = CARTESIAN_POINT('',(5.104860557497,-103.03428779));
#9493 = CARTESIAN_POINT('',(5.140700074247,-103.0296710173));
#9494 = CARTESIAN_POINT('',(5.176552944757,-103.0250491358));
#9495 = CARTESIAN_POINT('',(5.212396526416,-103.020431048));
#9496 = CARTESIAN_POINT('',(5.248207476317,-103.0158255977));
#9497 = CARTESIAN_POINT('',(5.283962669963,-103.0112415158));
#9498 = CARTESIAN_POINT('',(5.319638362284,-103.0066880421));
#9499 = CARTESIAN_POINT('',(5.355177573437,-103.0021867544));
#9500 = CARTESIAN_POINT('',(5.390640846373,-102.997714582));
#9501 = CARTESIAN_POINT('',(5.426108633498,-102.9932406481));
#9502 = CARTESIAN_POINT('',(5.461721360157,-102.9887113806));
#9503 = CARTESIAN_POINT('',(5.497420537435,-102.9841488414));
#9504 = CARTESIAN_POINT('',(5.533193982539,-102.9795576556));
#9505 = CARTESIAN_POINT('',(5.569016245146,-102.9749477164));
#9506 = CARTESIAN_POINT('',(5.604865135825,-102.9703276038));
#9507 = CARTESIAN_POINT('',(5.640717085433,-102.9657062381));
#9508 = CARTESIAN_POINT('',(5.676548808513,-102.9610924924));
#9509 = CARTESIAN_POINT('',(5.71233847681,-102.956495087));
#9510 = CARTESIAN_POINT('',(5.748061208559,-102.9519235059));
#9511 = CARTESIAN_POINT('',(5.783700874057,-102.9473839143));
#9512 = CARTESIAN_POINT('',(5.819213205037,-102.9428929813));
#9513 = CARTESIAN_POINT('',(5.854642753378,-102.938433588));
#9514 = CARTESIAN_POINT('',(5.890152152494,-102.9339437534));
#9515 = CARTESIAN_POINT('',(5.925811189032,-102.9293966822));
#9516 = CARTESIAN_POINT('',(5.961544217921,-102.9248212588));
#9517 = CARTESIAN_POINT('',(5.997342188499,-102.9202208461));
#9518 = CARTESIAN_POINT('',(6.033178041678,-102.9156056417));
#9519 = CARTESIAN_POINT('',(6.069029850114,-102.9109840266));
#9520 = CARTESIAN_POINT('',(6.104876022393,-102.9063648136));
#9521 = CARTESIAN_POINT('',(6.14069097835,-102.9017573245));
#9522 = CARTESIAN_POINT('',(6.176454425297,-102.897169995));
#9523 = CARTESIAN_POINT('',(6.212143940695,-102.8926113692));
#9524 = CARTESIAN_POINT('',(6.247736577046,-102.888089962));
#9525 = CARTESIAN_POINT('',(6.271384969658,-102.8851061849));
#9526 = CARTESIAN_POINT('',(6.28318530718,-102.88362334));
#9527 = ( GEOMETRIC_REPRESENTATION_CONTEXT(2) 
PARAMETRIC_REPRESENTATION_CONTEXT() REPRESENTATION_CONTEXT('2D SPACE',''
  ) );
#9528 = ORIENTED_EDGE('',*,*,#9529,.F.);
#9529 = EDGE_CURVE('',#9530,#9025,#9532,.T.);
#9530 = VERTEX_POINT('',#9531);
#9531 = CARTESIAN_POINT('',(293.092307692,210.,614.9));
#9532 = SURFACE_CURVE('',#9533,(#9667,#9850),.PCURVE_S1.);
#9533 = B_SPLINE_CURVE_WITH_KNOTS('',3,(#9534,#9535,#9536,#9537,#9538,
    #9539,#9540,#9541,#9542,#9543,#9544,#9545,#9546,#9547,#9548,#9549,
    #9550,#9551,#9552,#9553,#9554,#9555,#9556,#9557,#9558,#9559,#9560,
    #9561,#9562,#9563,#9564,#9565,#9566,#9567,#9568,#9569,#9570,#9571,
    #9572,#9573,#9574,#9575,#9576,#9577,#9578,#9579,#9580,#9581,#9582,
    #9583,#9584,#9585,#9586,#9587,#9588,#9589,#9590,#9591,#9592,#9593,
    #9594,#9595,#9596,#9597,#9598,#9599,#9600,#9601,#9602,#9603,#9604,
    #9605,#9606,#9607,#9608,#9609,#9610,#9611,#9612,#9613,#9614,#9615,
    #9616,#9617,#9618,#9619,#9620,#9621,#9622,#9623,#9624,#9625,#9626,
    #9627,#9628,#9629,#9630,#9631,#9632,#9633,#9634,#9635,#9636,#9637,
    #9638,#9639,#9640,#9641,#9642,#9643,#9644,#9645,#9646,#9647,#9648,
    #9649,#9650,#9651,#9652,#9653,#9654,#9655,#9656,#9657,#9658,#9659,
    #9660,#9661,#9662,#9663,#9664,#9665,#9666),.UNSPECIFIED.,.F.,.F.,(4,
    3,3,3,3,3,3,3,3,3,3,3,3,3,3,3,3,3,3,3,3,3,3,3,3,3,3,3,3,3,3,3,3,3,3,
    3,3,3,3,3,3,3,3,3,4),(0.3125,0.31640625,0.3203125,0.322265625,
    0.32421875,0.328125,0.330078125,0.33203125,0.3359375,0.337890625,
    0.33984375,0.34375,0.34765625,0.349609375,0.3515625,0.35546875,
    0.357421875,0.359375,0.36328125,0.365234375,0.3671875,0.37109375,
    0.375,0.37890625,0.3828125,0.384765625,0.38671875,0.390625,
    0.392578125,0.39453125,0.3984375,0.400390625,0.40234375,0.40625,
    0.41015625,0.412109375,0.4140625,0.41796875,0.419921875,0.421875,
    0.42578125,0.427734375,0.4296875,0.43359375,0.4375),.UNSPECIFIED.);
#9534 = CARTESIAN_POINT('',(293.092307692,210.,614.9));
#9535 = CARTESIAN_POINT('',(293.084152045,210.967038938,614.9));
#9536 = CARTESIAN_POINT('',(293.075722827,211.944815315,614.804944123));
#9537 = CARTESIAN_POINT('',(293.06725632,212.905144583,614.614038968));
#9538 = CARTESIAN_POINT('',(293.058789813,213.865473852,614.423133813));
#9539 = CARTESIAN_POINT('',(293.050289051,214.807998993,614.136429982));
#9540 = CARTESIAN_POINT('',(293.041996819,215.70623834,613.764041703));
#9541 = CARTESIAN_POINT('',(293.037850704,216.155358013,613.577847564));
#9542 = CARTESIAN_POINT('',(293.033797751,216.592085054,613.371245689));
#9543 = CARTESIAN_POINT('',(293.029666952,217.020395768,613.14245195));
#9544 = CARTESIAN_POINT('',(293.025536154,217.448706483,612.913658211));
#9545 = CARTESIAN_POINT('',(293.021349541,217.867728896,612.662849341));
#9546 = CARTESIAN_POINT('',(293.017136348,218.274222015,612.391418403));
#9547 = CARTESIAN_POINT('',(293.00870996,219.087208255,611.848556527));
#9548 = CARTESIAN_POINT('',(293.000178314,219.849577211,611.222692586));
#9549 = CARTESIAN_POINT('',(292.991786966,220.53962249,610.532158267));
#9550 = CARTESIAN_POINT('',(292.987591292,220.88464513,610.186891107));
#9551 = CARTESIAN_POINT('',(292.983430786,221.211695634,609.825598437));
#9552 = CARTESIAN_POINT('',(292.979334134,221.518864282,609.451230907));
#9553 = CARTESIAN_POINT('',(292.975237482,221.82603293,609.076863377));
#9554 = CARTESIAN_POINT('',(292.971138117,222.115080177,608.687475776));
#9555 = CARTESIAN_POINT('',(292.966964881,222.385921915,608.282447605));
#9556 = CARTESIAN_POINT('',(292.958618407,222.927605389,607.472391262));
#9557 = CARTESIAN_POINT('',(292.950096961,223.392798409,606.603066682));
#9558 = CARTESIAN_POINT('',(292.941645519,223.767068707,605.698931409));
#9559 = CARTESIAN_POINT('',(292.937419799,223.954203856,605.246863773));
#9560 = CARTESIAN_POINT('',(292.933211787,224.118755709,604.786193632));
#9561 = CARTESIAN_POINT('',(292.929051525,224.259888588,604.320367745));
#9562 = CARTESIAN_POINT('',(292.924891264,224.401021468,603.854541857));
#9563 = CARTESIAN_POINT('',(292.92082284,224.518439762,603.385273859));
#9564 = CARTESIAN_POINT('',(292.916708529,224.613139698,602.909664617));
#9565 = CARTESIAN_POINT('',(292.908479908,224.802539568,601.958446131));
#9566 = CARTESIAN_POINT('',(292.900010046,224.9,600.979315573));
#9567 = CARTESIAN_POINT('',(292.891538462,224.9,600.));
#9568 = CARTESIAN_POINT('',(292.883066878,224.9,599.020684427));
#9569 = CARTESIAN_POINT('',(292.874597016,224.802539568,598.041553869));
#9570 = CARTESIAN_POINT('',(292.866368394,224.613139698,597.090335383));
#9571 = CARTESIAN_POINT('',(292.862254083,224.518439762,596.614726141));
#9572 = CARTESIAN_POINT('',(292.858185659,224.401021468,596.145458143));
#9573 = CARTESIAN_POINT('',(292.854025398,224.259888588,595.679632255));
#9574 = CARTESIAN_POINT('',(292.849865136,224.118755709,595.213806368));
#9575 = CARTESIAN_POINT('',(292.845657124,223.954203856,594.753136227));
#9576 = CARTESIAN_POINT('',(292.841431404,223.767068707,594.301068591));
#9577 = CARTESIAN_POINT('',(292.832979962,223.392798409,593.396933318));
#9578 = CARTESIAN_POINT('',(292.824458516,222.927605389,592.527608738));
#9579 = CARTESIAN_POINT('',(292.816112042,222.385921915,591.717552395));
#9580 = CARTESIAN_POINT('',(292.811938806,222.115080177,591.312524224));
#9581 = CARTESIAN_POINT('',(292.807839441,221.82603293,590.923136623));
#9582 = CARTESIAN_POINT('',(292.803742789,221.518864282,590.548769093));
#9583 = CARTESIAN_POINT('',(292.799646137,221.211695634,590.174401563));
#9584 = CARTESIAN_POINT('',(292.795485631,220.88464513,589.813108893));
#9585 = CARTESIAN_POINT('',(292.791289957,220.53962249,589.467841733));
#9586 = CARTESIAN_POINT('',(292.782898609,219.849577211,588.777307414));
#9587 = CARTESIAN_POINT('',(292.774366963,219.087208255,588.151443473));
#9588 = CARTESIAN_POINT('',(292.765940575,218.274222015,587.608581597));
#9589 = CARTESIAN_POINT('',(292.761727382,217.867728896,587.337150659));
#9590 = CARTESIAN_POINT('',(292.757540769,217.448706483,587.086341789));
#9591 = CARTESIAN_POINT('',(292.753409971,217.020395768,586.85754805));
#9592 = CARTESIAN_POINT('',(292.749279172,216.592085054,586.628754311));
#9593 = CARTESIAN_POINT('',(292.745226219,216.155358013,586.422152436));
#9594 = CARTESIAN_POINT('',(292.741080104,215.70623834,586.235958297));
#9595 = CARTESIAN_POINT('',(292.732787872,214.807998993,585.863570018));
#9596 = CARTESIAN_POINT('',(292.72428711,213.865473852,585.576866187));
#9597 = CARTESIAN_POINT('',(292.715820603,212.905144583,585.385961032));
#9598 = CARTESIAN_POINT('',(292.707354096,211.944815315,585.195055877));
#9599 = CARTESIAN_POINT('',(292.698924878,210.967038938,585.1));
#9600 = CARTESIAN_POINT('',(292.690769231,210.,585.1));
#9601 = CARTESIAN_POINT('',(292.682613584,209.032961062,585.1));
#9602 = CARTESIAN_POINT('',(292.674184365,208.055184685,585.195055877));
#9603 = CARTESIAN_POINT('',(292.665717858,207.094855417,585.385961032));
#9604 = CARTESIAN_POINT('',(292.657251352,206.134526148,585.576866187));
#9605 = CARTESIAN_POINT('',(292.648750589,205.192001007,585.863570018));
#9606 = CARTESIAN_POINT('',(292.640458357,204.29376166,586.235958297));
#9607 = CARTESIAN_POINT('',(292.636312242,203.844641987,586.422152436));
#9608 = CARTESIAN_POINT('',(292.632259289,203.407914946,586.628754311));
#9609 = CARTESIAN_POINT('',(292.62812849,202.979604232,586.85754805));
#9610 = CARTESIAN_POINT('',(292.623997692,202.551293517,587.086341789));
#9611 = CARTESIAN_POINT('',(292.61981108,202.132271104,587.337150659));
#9612 = CARTESIAN_POINT('',(292.615597886,201.725777985,587.608581597));
#9613 = CARTESIAN_POINT('',(292.607171499,200.912791745,588.151443473));
#9614 = CARTESIAN_POINT('',(292.598639852,200.150422789,588.777307414));
#9615 = CARTESIAN_POINT('',(292.590248504,199.46037751,589.467841733));
#9616 = CARTESIAN_POINT('',(292.58605283,199.11535487,589.813108893));
#9617 = CARTESIAN_POINT('',(292.581892325,198.788304366,590.174401563));
#9618 = CARTESIAN_POINT('',(292.577795672,198.481135718,590.548769093));
#9619 = CARTESIAN_POINT('',(292.57369902,198.17396707,590.923136623));
#9620 = CARTESIAN_POINT('',(292.569599655,197.884919823,591.312524224));
#9621 = CARTESIAN_POINT('',(292.565426419,197.614078085,591.717552395));
#9622 = CARTESIAN_POINT('',(292.557079945,197.072394611,592.527608738));
#9623 = CARTESIAN_POINT('',(292.548558499,196.607201591,593.396933318));
#9624 = CARTESIAN_POINT('',(292.540107058,196.232931293,594.301068591));
#9625 = CARTESIAN_POINT('',(292.535881337,196.045796144,594.753136227));
#9626 = CARTESIAN_POINT('',(292.531673325,195.881244291,595.213806368));
#9627 = CARTESIAN_POINT('',(292.527513064,195.740111412,595.679632255));
#9628 = CARTESIAN_POINT('',(292.523352802,195.598978532,596.145458143));
#9629 = CARTESIAN_POINT('',(292.519284379,195.481560238,596.614726141));
#9630 = CARTESIAN_POINT('',(292.515170068,195.386860302,597.090335383));
#9631 = CARTESIAN_POINT('',(292.506941446,195.197460432,598.041553869));
#9632 = CARTESIAN_POINT('',(292.498471584,195.1,599.020684427));
#9633 = CARTESIAN_POINT('',(292.49,195.1,600.));
#9634 = CARTESIAN_POINT('',(292.481528416,195.1,600.979315573));
#9635 = CARTESIAN_POINT('',(292.473058554,195.197460432,601.958446131));
#9636 = CARTESIAN_POINT('',(292.464829932,195.386860302,602.909664617));
#9637 = CARTESIAN_POINT('',(292.460715621,195.481560238,603.385273859));
#9638 = CARTESIAN_POINT('',(292.456647198,195.598978532,603.854541857));
#9639 = CARTESIAN_POINT('',(292.452486936,195.740111412,604.320367745));
#9640 = CARTESIAN_POINT('',(292.448326675,195.881244291,604.786193632));
#9641 = CARTESIAN_POINT('',(292.444118663,196.045796144,605.246863773));
#9642 = CARTESIAN_POINT('',(292.439892942,196.232931293,605.698931409));
#9643 = CARTESIAN_POINT('',(292.431441501,196.607201591,606.603066682));
#9644 = CARTESIAN_POINT('',(292.422920055,197.072394611,607.472391262));
#9645 = CARTESIAN_POINT('',(292.414573581,197.614078085,608.282447605));
#9646 = CARTESIAN_POINT('',(292.410400345,197.884919823,608.687475776));
#9647 = CARTESIAN_POINT('',(292.40630098,198.17396707,609.076863377));
#9648 = CARTESIAN_POINT('',(292.402204328,198.481135718,609.451230907));
#9649 = CARTESIAN_POINT('',(292.398107675,198.788304366,609.825598437));
#9650 = CARTESIAN_POINT('',(292.39394717,199.11535487,610.186891107));
#9651 = CARTESIAN_POINT('',(292.389751496,199.46037751,610.532158267));
#9652 = CARTESIAN_POINT('',(292.381360148,200.150422789,611.222692586));
#9653 = CARTESIAN_POINT('',(292.372828501,200.912791745,611.848556527));
#9654 = CARTESIAN_POINT('',(292.364402114,201.725777985,612.391418403));
#9655 = CARTESIAN_POINT('',(292.36018892,202.132271104,612.662849341));
#9656 = CARTESIAN_POINT('',(292.356002308,202.551293517,612.913658211));
#9657 = CARTESIAN_POINT('',(292.35187151,202.979604232,613.14245195));
#9658 = CARTESIAN_POINT('',(292.347740711,203.407914946,613.371245689));
#9659 = CARTESIAN_POINT('',(292.343687758,203.844641987,613.577847564));
#9660 = CARTESIAN_POINT('',(292.339541643,204.29376166,613.764041703));
#9661 = CARTESIAN_POINT('',(292.331249411,205.192001007,614.136429982));
#9662 = CARTESIAN_POINT('',(292.322748648,206.134526148,614.423133813));
#9663 = CARTESIAN_POINT('',(292.314282142,207.094855417,614.614038968));
#9664 = CARTESIAN_POINT('',(292.305815635,208.055184685,614.804944123));
#9665 = CARTESIAN_POINT('',(292.297386416,209.032961062,614.9));
#9666 = CARTESIAN_POINT('',(292.289230769,210.,614.9));
#9667 = PCURVE('',#2149,#9668);
#9668 = DEFINITIONAL_REPRESENTATION('',(#9669),#9849);
#9669 = B_SPLINE_CURVE_WITH_KNOTS('',3,(#9670,#9671,#9672,#9673,#9674,
    #9675,#9676,#9677,#9678,#9679,#9680,#9681,#9682,#9683,#9684,#9685,
    #9686,#9687,#9688,#9689,#9690,#9691,#9692,#9693,#9694,#9695,#9696,
    #9697,#9698,#9699,#9700,#9701,#9702,#9703,#9704,#9705,#9706,#9707,
    #9708,#9709,#9710,#9711,#9712,#9713,#9714,#9715,#9716,#9717,#9718,
    #9719,#9720,#9721,#9722,#9723,#9724,#9725,#9726,#9727,#9728,#9729,
    #9730,#9731,#9732,#9733,#9734,#9735,#9736,#9737,#9738,#9739,#9740,
    #9741,#9742,#9743,#9744,#9745,#9746,#9747,#9748,#9749,#9750,#9751,
    #9752,#9753,#9754,#9755,#9756,#9757,#9758,#9759,#9760,#9761,#9762,
    #9763,#9764,#9765,#9766,#9767,#9768,#9769,#9770,#9771,#9772,#9773,
    #9774,#9775,#9776,#9777,#9778,#9779,#9780,#9781,#9782,#9783,#9784,
    #9785,#9786,#9787,#9788,#9789,#9790,#9791,#9792,#9793,#9794,#9795,
    #9796,#9797,#9798,#9799,#9800,#9801,#9802,#9803,#9804,#9805,#9806,
    #9807,#9808,#9809,#9810,#9811,#9812,#9813,#9814,#9815,#9816,#9817,
    #9818,#9819,#9820,#9821,#9822,#9823,#9824,#9825,#9826,#9827,#9828,
    #9829,#9830,#9831,#9832,#9833,#9834,#9835,#9836,#9837,#9838,#9839,
    #9840,#9841,#9842,#9843,#9844,#9845,#9846,#9847,#9848),
  .UNSPECIFIED.,.F.,.F.,(4,1,1,1,1,1,1,1,1,1,1,1,1,1,1,1,1,1,1,1,1,1,1,1
    ,1,1,1,1,1,1,1,1,1,1,1,1,1,1,1,1,1,1,1,1,1,1,1,1,1,1,1,1,1,1,1,1,1,1
    ,1,1,1,1,1,1,1,1,1,1,1,1,1,1,1,1,1,1,1,1,1,1,1,1,1,1,1,1,1,1,1,1,1,1
    ,1,1,1,1,1,1,1,1,1,1,1,1,1,1,1,1,1,1,1,1,1,1,1,1,1,1,1,1,1,1,1,1,1,1
    ,1,1,1,1,1,1,1,1,1,1,1,1,1,1,1,1,1,1,1,1,1,1,1,1,1,1,1,1,1,1,1,1,1,1
    ,1,1,1,1,1,1,1,1,1,1,1,1,1,1,1,1,4),(0.3125,0.313210227273,
    0.313920454545,0.314630681818,0.315340909091,0.316051136364,
    0.316761363636,0.317471590909,0.318181818182,0.318892045455,
    0.319602272727,0.3203125,0.321022727273,0.321732954545,
    0.322443181818,0.323153409091,0.323863636364,0.324573863636,
    0.325284090909,0.325994318182,0.326704545455,0.327414772727,0.328125
    ,0.328835227273,0.329545454545,0.330255681818,0.330965909091,
    0.331676136364,0.332386363636,0.333096590909,0.333806818182,
    0.334517045455,0.335227272727,0.3359375,0.336647727273,
    0.337357954545,0.338068181818,0.338778409091,0.339488636364,
    0.340198863636,0.340909090909,0.341619318182,0.342329545455,
    0.343039772727,0.34375,0.344460227273,0.345170454545,0.345880681818,
    0.346590909091,0.347301136364,0.348011363636,0.348721590909,
    0.349431818182,0.350142045455,0.350852272727,0.3515625,
    0.352272727273,0.352982954545,0.353693181818,0.354403409091,
    0.355113636364,0.355823863636,0.356534090909,0.357244318182,
    0.357954545455,0.358664772727,0.359375,0.360085227273,0.360795454545
    ,0.361505681818,0.362215909091,0.362926136364,0.363636363636,
    0.364346590909,0.365056818182,0.365767045455,0.366477272727,
    0.3671875,0.367897727273,0.368607954545,0.369318181818,
    0.370028409091,0.370738636364,0.371448863636,0.372159090909,
    0.372869318182,0.373579545455,0.374289772727,0.375,0.375710227273,
    0.376420454545,0.377130681818,0.377840909091,0.378551136364,
    0.379261363636,0.379971590909,0.380681818182,0.381392045455,
    0.382102272727,0.3828125,0.383522727273,0.384232954545,
    0.384943181818,0.385653409091,0.386363636364,0.387073863636,
    0.387784090909,0.388494318182,0.389204545455,0.389914772727,0.390625
    ,0.391335227273,0.392045454545,0.392755681818,0.393465909091,
    0.394176136364,0.394886363636,0.395596590909,0.396306818182,
    0.397017045455,0.397727272727,0.3984375,0.399147727273,
    0.399857954545,0.400568181818,0.401278409091,0.401988636364,
    0.402698863636,0.403409090909,0.404119318182,0.404829545455,
    0.405539772727,0.40625,0.406960227273,0.407670454545,0.408380681818,
    0.409090909091,0.409801136364,0.410511363636,0.411221590909,
    0.411931818182,0.412642045455,0.413352272727,0.4140625,
    0.414772727273,0.415482954545,0.416193181818,0.416903409091,
    0.417613636364,0.418323863636,0.419034090909,0.419744318182,
    0.420454545455,0.421164772727,0.421875,0.422585227273,0.423295454545
    ,0.424005681818,0.424715909091,0.425426136364,0.426136363636,
    0.426846590909,0.427556818182,0.428267045455,0.428977272727,
    0.4296875,0.430397727273,0.431107954545,0.431818181818,
    0.432528409091,0.433238636364,0.433948863636,0.434659090909,
    0.435369318182,0.436079545455,0.436789772727,0.4375),
  .QUASI_UNIFORM_KNOTS.);
#9670 = CARTESIAN_POINT('',(-5.42E-10,0.3125));
#9671 = CARTESIAN_POINT('',(-1.865484517424E-06,0.312736742808));
#9672 = CARTESIAN_POINT('',(-3.892897505976E-06,0.313210238434));
#9673 = CARTESIAN_POINT('',(-4.125687155116E-06,0.313920491641));
#9674 = CARTESIAN_POINT('',(-5.405670906227E-06,0.314630729436));
#9675 = CARTESIAN_POINT('',(-6.140840988362E-06,0.315340943853));
#9676 = CARTESIAN_POINT('',(-8.437780956154E-06,0.316051136034));
#9677 = CARTESIAN_POINT('',(-3.261534415088E-06,0.316761363296));
#9678 = CARTESIAN_POINT('',(-1.062294053449E-05,0.317471569358));
#9679 = CARTESIAN_POINT('',(-9.669687130035E-06,0.318181785751));
#9680 = CARTESIAN_POINT('',(-1.12730706388E-05,0.318892036982));
#9681 = CARTESIAN_POINT('',(4.840021127415E-06,0.3196022196));
#9682 = CARTESIAN_POINT('',(-1.756912256524E-05,0.320312672897));
#9683 = CARTESIAN_POINT('',(6.582098539693E-05,0.321022076453));
#9684 = CARTESIAN_POINT('',(2.797796007228E-05,0.321733204392));
#9685 = CARTESIAN_POINT('',(-6.881322220192E-06,0.322443116891));
#9686 = CARTESIAN_POINT('',(-9.2967053328E-07,0.32315343212));
#9687 = CARTESIAN_POINT('',(1.157038110244E-06,0.323863632923));
#9688 = CARTESIAN_POINT('',(-1.359339840249E-05,0.324573860699));
#9689 = CARTESIAN_POINT('',(-9.504134958968E-06,0.325284079065));
#9690 = CARTESIAN_POINT('',(-1.089869688544E-05,0.325994305929));
#9691 = CARTESIAN_POINT('',(-9.245521828417E-06,0.326704538605));
#9692 = CARTESIAN_POINT('',(-1.434694223675E-05,0.327414762869));
#9693 = CARTESIAN_POINT('',(4.475173956679E-06,0.328125005927));
#9694 = CARTESIAN_POINT('',(-3.556789603884E-06,0.328835213241));
#9695 = CARTESIAN_POINT('',(-1.556450145785E-06,0.329545476013));
#9696 = CARTESIAN_POINT('',(-1.525844417618E-06,0.330255586449));
#9697 = CARTESIAN_POINT('',(9.95257200296E-06,0.330966815212));
#9698 = CARTESIAN_POINT('',(5.106426038742E-06,0.331676100265));
#9699 = CARTESIAN_POINT('',(-7.122698019352E-06,0.33238637792));
#9700 = CARTESIAN_POINT('',(-4.445335542522E-06,0.333096595778));
#9701 = CARTESIAN_POINT('',(-5.708231909778E-06,0.333806835499));
#9702 = CARTESIAN_POINT('',(-4.77708642408E-06,0.334517063936));
#9703 = CARTESIAN_POINT('',(-7.671933048402E-06,0.335227284312));
#9704 = CARTESIAN_POINT('',(2.879176882552E-06,0.335937493127));
#9705 = CARTESIAN_POINT('',(-3.717127391153E-06,0.336647738712));
#9706 = CARTESIAN_POINT('',(6.808980774223E-07,0.337357902989));
#9707 = CARTESIAN_POINT('',(-1.031489952318E-05,0.338068365371));
#9708 = CARTESIAN_POINT('',(6.984663515615E-05,0.338777407778));
#9709 = CARTESIAN_POINT('',(6.468218923836E-06,0.339488702507));
#9710 = CARTESIAN_POINT('',(-6.262290960104E-06,0.340198847844));
#9711 = CARTESIAN_POINT('',(-5.170780766349E-06,0.340909117604));
#9712 = CARTESIAN_POINT('',(-5.776255529871E-06,0.341619354832));
#9713 = CARTESIAN_POINT('',(-4.84550695459E-06,0.342329582591));
#9714 = CARTESIAN_POINT('',(-8.720968779931E-06,0.343039786048));
#9715 = CARTESIAN_POINT('',(4.561221956765E-06,0.343749999902));
#9716 = CARTESIAN_POINT('',(-9.525632083285E-06,0.344460213983));
#9717 = CARTESIAN_POINT('',(-6.960150427673E-06,0.345170417266));
#9718 = CARTESIAN_POINT('',(-8.410342218058E-06,0.345880645168));
#9719 = CARTESIAN_POINT('',(-1.4234520371E-05,0.346590882443));
#9720 = CARTESIAN_POINT('',(-4.996847171465E-06,0.347301152437));
#9721 = CARTESIAN_POINT('',(7.68210102124E-06,0.348011297302));
#9722 = CARTESIAN_POINT('',(4.002142719392E-05,0.348722592678));
#9723 = CARTESIAN_POINT('',(-1.15900339378E-05,0.349431634228));
#9724 = CARTESIAN_POINT('',(3.064407944327E-06,0.350142097511));
#9725 = CARTESIAN_POINT('',(-8.610226097118E-07,0.350852262417));
#9726 = CARTESIAN_POINT('',(2.145763220296E-07,0.351562505511));
#9727 = CARTESIAN_POINT('',(-1.11697481737E-07,0.352272719276));
#9728 = CARTESIAN_POINT('',(3.180947563818E-08,0.352982938568));
#9729 = CARTESIAN_POINT('',(-5.103080553563E-08,0.353693167681));
#9730 = CARTESIAN_POINT('',(1.722927476998E-07,0.354403407062));
#9731 = CARTESIAN_POINT('',(-6.381401852636E-07,0.355113626868));
#9732 = CARTESIAN_POINT('',(2.377534846536E-06,0.355823898333));
#9733 = CARTESIAN_POINT('',(3.927342894642E-05,0.356533185203));
#9734 = CARTESIAN_POINT('',(-5.269600048686E-06,0.357244413463));
#9735 = CARTESIAN_POINT('',(1.380437385627E-06,0.357954523296));
#9736 = CARTESIAN_POINT('',(-4.066931351298E-07,0.358664784177));
#9737 = CARTESIAN_POINT('',(1.200257390248E-07,0.359374997252));
#9738 = CARTESIAN_POINT('',(-7.509326817785E-08,0.360085226275));
#9739 = CARTESIAN_POINT('',(-5.586690616958E-08,0.360795454879));
#9740 = CARTESIAN_POINT('',(2.765063062696E-08,0.361505687512));
#9741 = CARTESIAN_POINT('',(-5.473561633827E-08,0.362215916185));
#9742 = CARTESIAN_POINT('',(1.880398347261E-07,0.362926134817));
#9743 = CARTESIAN_POINT('',(-6.974237225662E-07,0.363636367614));
#9744 = CARTESIAN_POINT('',(2.599152728432E-06,0.364346567291));
#9745 = CARTESIAN_POINT('',(-9.701824237778E-06,0.365056883033));
#9746 = CARTESIAN_POINT('',(3.61982511935E-05,0.365766795747));
#9747 = CARTESIAN_POINT('',(4.502419747226E-05,0.366477923935));
#9748 = CARTESIAN_POINT('',(-1.209780794631E-05,0.367187326859));
#9749 = CARTESIAN_POINT('',(3.116663472984E-06,0.36789778026));
#9750 = CARTESIAN_POINT('',(-1.127719818999E-06,0.368607962938));
#9751 = CARTESIAN_POINT('',(-5.147865694432E-08,0.369318213659));
#9752 = CARTESIAN_POINT('',(-1.522756562988E-07,0.370028429678));
#9753 = CARTESIAN_POINT('',(-6.055971876977E-08,0.370738636869));
#9754 = CARTESIAN_POINT('',(3.885910410681E-07,0.371448862574));
#9755 = CARTESIAN_POINT('',(-1.493804445503E-06,0.37215905621));
#9756 = CARTESIAN_POINT('',(5.585349776019E-06,0.372869269585));
#9757 = CARTESIAN_POINT('',(-2.084885409784E-05,0.373579507368));
#9758 = CARTESIAN_POINT('',(5.289594266872E-06,0.374289762602));
#9759 = CARTESIAN_POINT('',(-3.127749696501E-07,0.375000000153));
#9760 = CARTESIAN_POINT('',(-4.038494687847E-06,0.375710236785));
#9761 = CARTESIAN_POINT('',(-4.084515309506E-06,0.376420492286));
#9762 = CARTESIAN_POINT('',(-5.42127158089E-06,0.377130730227));
#9763 = CARTESIAN_POINT('',(-6.119610135323E-06,0.377840942702));
#9764 = CARTESIAN_POINT('',(-8.496794703964E-06,0.378551136513));
#9765 = CARTESIAN_POINT('',(-3.261415061716E-06,0.379261362528));
#9766 = CARTESIAN_POINT('',(-1.062214818419E-05,0.379971570166));
#9767 = CARTESIAN_POINT('',(-9.689086271701E-06,0.380681786116));
#9768 = CARTESIAN_POINT('',(-1.120268017801E-05,0.381392036884));
#9769 = CARTESIAN_POINT('',(4.824874758579E-06,0.382102219626));
#9770 = CARTESIAN_POINT('',(-1.756183119034E-05,0.38281267289));
#9771 = CARTESIAN_POINT('',(6.580695191565E-05,0.383522076452));
#9772 = CARTESIAN_POINT('',(2.802680240161E-05,0.3842332044));
#9773 = CARTESIAN_POINT('',(-7.063387322081E-06,0.38494311686));
#9774 = CARTESIAN_POINT('',(-2.194105932849E-07,0.385653432238));
#9775 = CARTESIAN_POINT('',(9.56455488857E-07,0.386363632775));
#9776 = CARTESIAN_POINT('',(-8.854038113716E-06,0.38707386219));
#9777 = CARTESIAN_POINT('',(-6.119174411821E-06,0.38778408065));
#9778 = CARTESIAN_POINT('',(-6.404295540647E-06,0.388494308516));
#9779 = CARTESIAN_POINT('',(-5.147883703338E-06,0.389204541392));
#9780 = CARTESIAN_POINT('',(-8.261173812896E-06,0.389914767351));
#9781 = CARTESIAN_POINT('',(2.844097116521E-06,0.390625004731));
#9782 = CARTESIAN_POINT('',(-3.119028011967E-06,0.391335213542));
#9783 = CARTESIAN_POINT('',(-1.676419673293E-06,0.39204547592));
#9784 = CARTESIAN_POINT('',(-1.483727899499E-06,0.392755586465));
#9785 = CARTESIAN_POINT('',(9.903826885766E-06,0.393466815238));
#9786 = CARTESIAN_POINT('',(5.259286000373E-06,0.394176100141));
#9787 = CARTESIAN_POINT('',(-7.685417172579E-06,0.394886378389));
#9788 = CARTESIAN_POINT('',(-5.499501510649E-06,0.395596596508));
#9789 = CARTESIAN_POINT('',(-7.788990140847E-06,0.39630683676));
#9790 = CARTESIAN_POINT('',(-7.2304232131E-06,0.39701706535));
#9791 = CARTESIAN_POINT('',(-1.294953369423E-05,0.397727287015));
#9792 = CARTESIAN_POINT('',(4.294808509448E-06,0.398437492397));
#9793 = CARTESIAN_POINT('',(-4.096407488604E-06,0.399147738929));
#9794 = CARTESIAN_POINT('',(7.823868403292E-07,0.399857902956));
#9795 = CARTESIAN_POINT('',(-1.034157447735E-05,0.400568365381));
#9796 = CARTESIAN_POINT('',(6.98527960601E-05,0.401277407772));
#9797 = CARTESIAN_POINT('',(6.468398964793E-06,0.401988702522));
#9798 = CARTESIAN_POINT('',(-6.269289436365E-06,0.40269884779));
#9799 = CARTESIAN_POINT('',(-5.169872466378E-06,0.403409117806));
#9800 = CARTESIAN_POINT('',(-5.775697255687E-06,0.404119354082));
#9801 = CARTESIAN_POINT('',(-4.846731297794E-06,0.404829583199));
#9802 = CARTESIAN_POINT('',(-8.720641999212E-06,0.405539785866));
#9803 = CARTESIAN_POINT('',(4.561139177093E-06,0.406250000021));
#9804 = CARTESIAN_POINT('',(-9.526156113929E-06,0.406960213689));
#9805 = CARTESIAN_POINT('',(-6.959404988715E-06,0.407670417231));
#9806 = CARTESIAN_POINT('',(-8.409137930845E-06,0.408380645602));
#9807 = CARTESIAN_POINT('',(-1.423482800767E-05,0.409090882877));
#9808 = CARTESIAN_POINT('',(-4.996820412742E-06,0.409801152391));
#9809 = CARTESIAN_POINT('',(7.682108977028E-06,0.410511297314));
#9810 = CARTESIAN_POINT('',(4.002197695741E-05,0.411222592675));
#9811 = CARTESIAN_POINT('',(-1.159039014999E-05,0.411931634229));
#9812 = CARTESIAN_POINT('',(3.064518459691E-06,0.412642097511));
#9813 = CARTESIAN_POINT('',(-8.606730519706E-07,0.413352262417));
#9814 = CARTESIAN_POINT('',(2.133489333756E-07,0.414062505511));
#9815 = CARTESIAN_POINT('',(-1.119475770725E-07,0.414772719276));
#9816 = CARTESIAN_POINT('',(3.154503209481E-08,0.415482938568));
#9817 = CARTESIAN_POINT('',(-5.073482309142E-08,0.416193167681));
#9818 = CARTESIAN_POINT('',(1.711466500378E-07,0.416903407062));
#9819 = CARTESIAN_POINT('',(-6.371037770599E-07,0.417613626868));
#9820 = CARTESIAN_POINT('',(2.377268458202E-06,0.418323898333));
#9821 = CARTESIAN_POINT('',(3.927348262126E-05,0.419033185203));
#9822 = CARTESIAN_POINT('',(-5.269546561063E-06,0.419744413463));
#9823 = CARTESIAN_POINT('',(1.380417772595E-06,0.420454523296));
#9824 = CARTESIAN_POINT('',(-4.12027381099E-07,0.421164784177));
#9825 = CARTESIAN_POINT('',(1.266091874778E-07,0.421874997252));
#9826 = CARTESIAN_POINT('',(-9.33568222145E-08,0.422585226275));
#9827 = CARTESIAN_POINT('',(-1.515370457957E-07,0.423295454879));
#9828 = CARTESIAN_POINT('',(5.294470947065E-08,0.424005687512));
#9829 = CARTESIAN_POINT('',(-6.366582566593E-08,0.424715916185));
#9830 = CARTESIAN_POINT('',(1.930930291274E-07,0.425426134817));
#9831 = CARTESIAN_POINT('',(-7.119582908439E-07,0.426136367613));
#9832 = CARTESIAN_POINT('',(2.60165379342E-06,0.426846567292));
#9833 = CARTESIAN_POINT('',(-9.70139482173E-06,0.427556883028));
#9834 = CARTESIAN_POINT('',(3.61983677878E-05,0.428266795748));
#9835 = CARTESIAN_POINT('',(4.502403178598E-05,0.428977923934));
#9836 = CARTESIAN_POINT('',(-1.209726274199E-05,0.429687326859));
#9837 = CARTESIAN_POINT('',(3.128871122472E-06,0.43039778026));
#9838 = CARTESIAN_POINT('',(-1.053636979056E-06,0.431107962938));
#9839 = CARTESIAN_POINT('',(9.713055127401E-08,0.431818213659));
#9840 = CARTESIAN_POINT('',(-9.404722073074E-08,0.432528429677));
#9841 = CARTESIAN_POINT('',(2.543323817412E-08,0.433238636871));
#9842 = CARTESIAN_POINT('',(-7.685731965727E-09,0.433948862567));
#9843 = CARTESIAN_POINT('',(2.05768968879E-09,0.434659056238));
#9844 = CARTESIAN_POINT('',(-5.450267894353E-10,0.435369269482));
#9845 = CARTESIAN_POINT('',(1.224174689505E-10,0.436079507752));
#9846 = CARTESIAN_POINT('',(5.535691363317E-11,0.436789761279));
#9847 = CARTESIAN_POINT('',(-2.107777777778E-10,0.437263257136));
#9848 = CARTESIAN_POINT('',(-5.42E-10,0.4375));
#9849 = ( GEOMETRIC_REPRESENTATION_CONTEXT(2) 
PARAMETRIC_REPRESENTATION_CONTEXT() REPRESENTATION_CONTEXT('2D SPACE',''
  ) );
#9850 = PCURVE('',#5516,#9851);
#9851 = DEFINITIONAL_REPRESENTATION('',(#9852),#10032);
#9852 = B_SPLINE_CURVE_WITH_KNOTS('',3,(#9853,#9854,#9855,#9856,#9857,
    #9858,#9859,#9860,#9861,#9862,#9863,#9864,#9865,#9866,#9867,#9868,
    #9869,#9870,#9871,#9872,#9873,#9874,#9875,#9876,#9877,#9878,#9879,
    #9880,#9881,#9882,#9883,#9884,#9885,#9886,#9887,#9888,#9889,#9890,
    #9891,#9892,#9893,#9894,#9895,#9896,#9897,#9898,#9899,#9900,#9901,
    #9902,#9903,#9904,#9905,#9906,#9907,#9908,#9909,#9910,#9911,#9912,
    #9913,#9914,#9915,#9916,#9917,#9918,#9919,#9920,#9921,#9922,#9923,
    #9924,#9925,#9926,#9927,#9928,#9929,#9930,#9931,#9932,#9933,#9934,
    #9935,#9936,#9937,#9938,#9939,#9940,#9941,#9942,#9943,#9944,#9945,
    #9946,#9947,#9948,#9949,#9950,#9951,#9952,#9953,#9954,#9955,#9956,
    #9957,#9958,#9959,#9960,#9961,#9962,#9963,#9964,#9965,#9966,#9967,
    #9968,#9969,#9970,#9971,#9972,#9973,#9974,#9975,#9976,#9977,#9978,
    #9979,#9980,#9981,#9982,#9983,#9984,#9985,#9986,#9987,#9988,#9989,
    #9990,#9991,#9992,#9993,#9994,#9995,#9996,#9997,#9998,#9999,#10000,
    #10001,#10002,#10003,#10004,#10005,#10006,#10007,#10008,#10009,
    #10010,#10011,#10012,#10013,#10014,#10015,#10016,#10017,#10018,
    #10019,#10020,#10021,#10022,#10023,#10024,#10025,#10026,#10027,
    #10028,#10029,#10030,#10031),.UNSPECIFIED.,.F.,.F.,(4,1,1,1,1,1,1,1,
    1,1,1,1,1,1,1,1,1,1,1,1,1,1,1,1,1,1,1,1,1,1,1,1,1,1,1,1,1,1,1,1,1,1,
    1,1,1,1,1,1,1,1,1,1,1,1,1,1,1,1,1,1,1,1,1,1,1,1,1,1,1,1,1,1,1,1,1,1,
    1,1,1,1,1,1,1,1,1,1,1,1,1,1,1,1,1,1,1,1,1,1,1,1,1,1,1,1,1,1,1,1,1,1,
    1,1,1,1,1,1,1,1,1,1,1,1,1,1,1,1,1,1,1,1,1,1,1,1,1,1,1,1,1,1,1,1,1,1,
    1,1,1,1,1,1,1,1,1,1,1,1,1,1,1,1,1,1,1,1,1,1,1,1,1,1,1,1,1,1,1,1,4),(
    0.3125,0.313210227273,0.313920454545,0.314630681818,0.315340909091,
    0.316051136364,0.316761363636,0.317471590909,0.318181818182,
    0.318892045455,0.319602272727,0.3203125,0.321022727273,
    0.321732954545,0.322443181818,0.323153409091,0.323863636364,
    0.324573863636,0.325284090909,0.325994318182,0.326704545455,
    0.327414772727,0.328125,0.328835227273,0.329545454545,0.330255681818
    ,0.330965909091,0.331676136364,0.332386363636,0.333096590909,
    0.333806818182,0.334517045455,0.335227272727,0.3359375,
    0.336647727273,0.337357954545,0.338068181818,0.338778409091,
    0.339488636364,0.340198863636,0.340909090909,0.341619318182,
    0.342329545455,0.343039772727,0.34375,0.344460227273,0.345170454545,
    0.345880681818,0.346590909091,0.347301136364,0.348011363636,
    0.348721590909,0.349431818182,0.350142045455,0.350852272727,
    0.3515625,0.352272727273,0.352982954545,0.353693181818,
    0.354403409091,0.355113636364,0.355823863636,0.356534090909,
    0.357244318182,0.357954545455,0.358664772727,0.359375,0.360085227273
    ,0.360795454545,0.361505681818,0.362215909091,0.362926136364,
    0.363636363636,0.364346590909,0.365056818182,0.365767045455,
    0.366477272727,0.3671875,0.367897727273,0.368607954545,
    0.369318181818,0.370028409091,0.370738636364,0.371448863636,
    0.372159090909,0.372869318182,0.373579545455,0.374289772727,0.375,
    0.375710227273,0.376420454545,0.377130681818,0.377840909091,
    0.378551136364,0.379261363636,0.379971590909,0.380681818182,
    0.381392045455,0.382102272727,0.3828125,0.383522727273,
    0.384232954545,0.384943181818,0.385653409091,0.386363636364,
    0.387073863636,0.387784090909,0.388494318182,0.389204545455,
    0.389914772727,0.390625,0.391335227273,0.392045454545,0.392755681818
    ,0.393465909091,0.394176136364,0.394886363636,0.395596590909,
    0.396306818182,0.397017045455,0.397727272727,0.3984375,
    0.399147727273,0.399857954545,0.400568181818,0.401278409091,
    0.401988636364,0.402698863636,0.403409090909,0.404119318182,
    0.404829545455,0.405539772727,0.40625,0.406960227273,0.407670454545,
    0.408380681818,0.409090909091,0.409801136364,0.410511363636,
    0.411221590909,0.411931818182,0.412642045455,0.413352272727,
    0.4140625,0.414772727273,0.415482954545,0.416193181818,
    0.416903409091,0.417613636364,0.418323863636,0.419034090909,
    0.419744318182,0.420454545455,0.421164772727,0.421875,0.422585227273
    ,0.423295454545,0.424005681818,0.424715909091,0.425426136364,
    0.426136363636,0.426846590909,0.427556818182,0.428267045455,
    0.428977272727,0.4296875,0.430397727273,0.431107954545,
    0.431818181818,0.432528409091,0.433238636364,0.433948863636,
    0.434659090909,0.435369318182,0.436079545455,0.436789772727,0.4375),
  .QUASI_UNIFORM_KNOTS.);
#9853 = CARTESIAN_POINT('',(0.,-104.489777186));
#9854 = CARTESIAN_POINT('',(1.180033752153E-02,-104.488294341));
#9855 = CARTESIAN_POINT('',(3.544873013361E-02,-104.4853105639));
#9856 = CARTESIAN_POINT('',(7.104136648424E-02,-104.480789157));
#9857 = CARTESIAN_POINT('',(0.106730881883,-104.4762305314));
#9858 = CARTESIAN_POINT('',(0.14249432883,-104.4716432022));
#9859 = CARTESIAN_POINT('',(0.178309284787,-104.4670357134));
#9860 = CARTESIAN_POINT('',(0.214155457066,-104.4624165));
#9861 = CARTESIAN_POINT('',(0.250007265502,-104.4577948847));
#9862 = CARTESIAN_POINT('',(0.28584311868,-104.4531796804));
#9863 = CARTESIAN_POINT('',(0.321641089258,-104.4485792679));
#9864 = CARTESIAN_POINT('',(0.357374118148,-104.4440038446));
#9865 = CARTESIAN_POINT('',(0.393033154686,-104.4394567735));
#9866 = CARTESIAN_POINT('',(0.428542553801,-104.4349669389));
#9867 = CARTESIAN_POINT('',(0.463972102143,-104.4305075456));
#9868 = CARTESIAN_POINT('',(0.499484433123,-104.4260166127));
#9869 = CARTESIAN_POINT('',(0.53512409862,-104.4214770206));
#9870 = CARTESIAN_POINT('',(0.57084683037,-104.4169054394));
#9871 = CARTESIAN_POINT('',(0.606636498666,-104.4123080344));
#9872 = CARTESIAN_POINT('',(0.642468221746,-104.4076942883));
#9873 = CARTESIAN_POINT('',(0.678320171355,-104.4030729226));
#9874 = CARTESIAN_POINT('',(0.714169062033,-104.3984528103));
#9875 = CARTESIAN_POINT('',(0.749991324641,-104.3938428712));
#9876 = CARTESIAN_POINT('',(0.785764769745,-104.3892516856));
#9877 = CARTESIAN_POINT('',(0.821463947023,-104.384689146));
#9878 = CARTESIAN_POINT('',(0.857076673681,-104.3801598782));
#9879 = CARTESIAN_POINT('',(0.892544460806,-104.3756859451));
#9880 = CARTESIAN_POINT('',(0.928007733743,-104.3712137724));
#9881 = CARTESIAN_POINT('',(0.963546944895,-104.3667124848));
#9882 = CARTESIAN_POINT('',(0.999222637217,-104.3621590111));
#9883 = CARTESIAN_POINT('',(1.034977830863,-104.3575749292));
#9884 = CARTESIAN_POINT('',(1.070788780763,-104.3529694788));
#9885 = CARTESIAN_POINT('',(1.106632362422,-104.3483513909));
#9886 = CARTESIAN_POINT('',(1.142485232933,-104.3437295092));
#9887 = CARTESIAN_POINT('',(1.178324749683,-104.3391127355));
#9888 = CARTESIAN_POINT('',(1.214129314268,-104.3345096266));
#9889 = CARTESIAN_POINT('',(1.249871931966,-104.3299303929));
#9890 = CARTESIAN_POINT('',(1.28554421041,-104.3253782932));
#9891 = CARTESIAN_POINT('',(1.321054923068,-104.3208878889));
#9892 = CARTESIAN_POINT('',(1.356502412356,-104.3164217028));
#9893 = CARTESIAN_POINT('',(1.39200069756,-104.3119361176));
#9894 = CARTESIAN_POINT('',(1.42762582657,-104.3074021411));
#9895 = CARTESIAN_POINT('',(1.463338657551,-104.3028345759));
#9896 = CARTESIAN_POINT('',(1.499120303404,-104.2982404004));
#9897 = CARTESIAN_POINT('',(1.534946506222,-104.2936287252));
#9898 = CARTESIAN_POINT('',(1.570796326795,-104.289007956));
#9899 = CARTESIAN_POINT('',(1.606646147367,-104.2843871867));
#9900 = CARTESIAN_POINT('',(1.642472350186,-104.2797755115));
#9901 = CARTESIAN_POINT('',(1.678253996039,-104.2751813358));
#9902 = CARTESIAN_POINT('',(1.71396682702,-104.2706137704));
#9903 = CARTESIAN_POINT('',(1.74959195603,-104.2660797936));
#9904 = CARTESIAN_POINT('',(1.785090241234,-104.2615942081));
#9905 = CARTESIAN_POINT('',(1.820537730522,-104.257128022));
#9906 = CARTESIAN_POINT('',(1.85604844318,-104.2526376177));
#9907 = CARTESIAN_POINT('',(1.891720721623,-104.248085518));
#9908 = CARTESIAN_POINT('',(1.927463339322,-104.2435062843));
#9909 = CARTESIAN_POINT('',(1.963267903907,-104.2389031754));
#9910 = CARTESIAN_POINT('',(1.999107420657,-104.2342864017));
#9911 = CARTESIAN_POINT('',(2.034960291168,-104.22966452));
#9912 = CARTESIAN_POINT('',(2.070803872827,-104.2250464321));
#9913 = CARTESIAN_POINT('',(2.106614822727,-104.2204409817));
#9914 = CARTESIAN_POINT('',(2.142370016373,-104.2158568998));
#9915 = CARTESIAN_POINT('',(2.178045708694,-104.2113034261));
#9916 = CARTESIAN_POINT('',(2.213584919847,-104.2068021385));
#9917 = CARTESIAN_POINT('',(2.249048192784,-104.2023299658));
#9918 = CARTESIAN_POINT('',(2.284515979909,-104.1978560327));
#9919 = CARTESIAN_POINT('',(2.320128706567,-104.1933267649));
#9920 = CARTESIAN_POINT('',(2.355827883845,-104.1887642253));
#9921 = CARTESIAN_POINT('',(2.391601328949,-104.1841730397));
#9922 = CARTESIAN_POINT('',(2.427423591557,-104.1795631006));
#9923 = CARTESIAN_POINT('',(2.463272482235,-104.1749429883));
#9924 = CARTESIAN_POINT('',(2.499124431843,-104.1703216226));
#9925 = CARTESIAN_POINT('',(2.534956154923,-104.1657078765));
#9926 = CARTESIAN_POINT('',(2.57074582322,-104.1611104715));
#9927 = CARTESIAN_POINT('',(2.60646855497,-104.1565388903));
#9928 = CARTESIAN_POINT('',(2.642108220467,-104.1519992983));
#9929 = CARTESIAN_POINT('',(2.677620551448,-104.1475083653));
#9930 = CARTESIAN_POINT('',(2.713050099785,-104.143048972));
#9931 = CARTESIAN_POINT('',(2.748559498916,-104.1385591374));
#9932 = CARTESIAN_POINT('',(2.784218535397,-104.1340120663));
#9933 = CARTESIAN_POINT('',(2.819951564501,-104.129436643));
#9934 = CARTESIAN_POINT('',(2.855749534276,-104.1248362307));
#9935 = CARTESIAN_POINT('',(2.891585390454,-104.1202210253));
#9936 = CARTESIAN_POINT('',(2.927437187694,-104.1155994142));
#9937 = CARTESIAN_POINT('',(2.963283401757,-104.1109801851));
#9938 = CARTESIAN_POINT('',(2.999098201773,-104.1063727553));
#9939 = CARTESIAN_POINT('',(3.0348622307,-104.1017852055));
#9940 = CARTESIAN_POINT('',(3.070549574122,-104.0972274032));
#9941 = CARTESIAN_POINT('',(3.106150316398,-104.0927029237));
#9942 = CARTESIAN_POINT('',(3.14159265359,-104.088238725));
#9943 = CARTESIAN_POINT('',(3.177034990781,-104.0837745261));
#9944 = CARTESIAN_POINT('',(3.212635733058,-104.0792500464));
#9945 = CARTESIAN_POINT('',(3.24832307648,-104.0746922438));
#9946 = CARTESIAN_POINT('',(3.284087105406,-104.0701046938));
#9947 = CARTESIAN_POINT('',(3.319901905423,-104.0654972638));
#9948 = CARTESIAN_POINT('',(3.355748119486,-104.0608780349));
#9949 = CARTESIAN_POINT('',(3.391599916725,-104.0562564241));
#9950 = CARTESIAN_POINT('',(3.427435772904,-104.0516412186));
#9951 = CARTESIAN_POINT('',(3.463233742678,-104.0470408062));
#9952 = CARTESIAN_POINT('',(3.498966771783,-104.0424653827));
#9953 = CARTESIAN_POINT('',(3.534625808264,-104.0379183115));
#9954 = CARTESIAN_POINT('',(3.570135207394,-104.0334284769));
#9955 = CARTESIAN_POINT('',(3.605564755732,-104.0289690836));
#9956 = CARTESIAN_POINT('',(3.641077086713,-104.0244781506));
#9957 = CARTESIAN_POINT('',(3.67671675221,-104.019938559));
#9958 = CARTESIAN_POINT('',(3.71243948396,-104.0153669779));
#9959 = CARTESIAN_POINT('',(3.748229152256,-104.0107695725));
#9960 = CARTESIAN_POINT('',(3.784060875336,-104.0061558268));
#9961 = CARTESIAN_POINT('',(3.819912824945,-104.0015344611));
#9962 = CARTESIAN_POINT('',(3.855761715623,-103.9969143485));
#9963 = CARTESIAN_POINT('',(3.89158397823,-103.9923044093));
#9964 = CARTESIAN_POINT('',(3.927357423335,-103.9877132235));
#9965 = CARTESIAN_POINT('',(3.963056600613,-103.9831506843));
#9966 = CARTESIAN_POINT('',(3.998669327271,-103.9786214168));
#9967 = CARTESIAN_POINT('',(4.034137114396,-103.9741474829));
#9968 = CARTESIAN_POINT('',(4.069600387332,-103.9696753105));
#9969 = CARTESIAN_POINT('',(4.105139598485,-103.9651740228));
#9970 = CARTESIAN_POINT('',(4.140815290807,-103.9606205491));
#9971 = CARTESIAN_POINT('',(4.176570484453,-103.9560364672));
#9972 = CARTESIAN_POINT('',(4.212381434353,-103.9514310169));
#9973 = CARTESIAN_POINT('',(4.248225016012,-103.9468129291));
#9974 = CARTESIAN_POINT('',(4.284077886522,-103.9421910476));
#9975 = CARTESIAN_POINT('',(4.319917403273,-103.9375742749));
#9976 = CARTESIAN_POINT('',(4.355721967858,-103.9329711646));
#9977 = CARTESIAN_POINT('',(4.391464585556,-103.9283919312));
#9978 = CARTESIAN_POINT('',(4.427136864,-103.9238398322));
#9979 = CARTESIAN_POINT('',(4.462647576658,-103.9193494273));
#9980 = CARTESIAN_POINT('',(4.498095065946,-103.9148832419));
#9981 = CARTESIAN_POINT('',(4.53359335115,-103.9103976563));
#9982 = CARTESIAN_POINT('',(4.56921848016,-103.9058636795));
#9983 = CARTESIAN_POINT('',(4.604931311141,-103.9012961141));
#9984 = CARTESIAN_POINT('',(4.640712956994,-103.8967019384));
#9985 = CARTESIAN_POINT('',(4.676539159812,-103.8920902632));
#9986 = CARTESIAN_POINT('',(4.712388980385,-103.887469494));
#9987 = CARTESIAN_POINT('',(4.748238800957,-103.8828487247));
#9988 = CARTESIAN_POINT('',(4.784065003775,-103.8782370495));
#9989 = CARTESIAN_POINT('',(4.819846649629,-103.8736428738));
#9990 = CARTESIAN_POINT('',(4.855559480609,-103.8690753084));
#9991 = CARTESIAN_POINT('',(4.891184609619,-103.8645413316));
#9992 = CARTESIAN_POINT('',(4.926682894824,-103.860055746));
#9993 = CARTESIAN_POINT('',(4.962130384111,-103.8555895606));
#9994 = CARTESIAN_POINT('',(4.99764109677,-103.8510991557));
#9995 = CARTESIAN_POINT('',(5.033313375213,-103.8465470567));
#9996 = CARTESIAN_POINT('',(5.069055992911,-103.8419678233));
#9997 = CARTESIAN_POINT('',(5.104860557497,-103.837364713));
#9998 = CARTESIAN_POINT('',(5.140700074247,-103.8327479403));
#9999 = CARTESIAN_POINT('',(5.176552944757,-103.8281260588));
#10000 = CARTESIAN_POINT('',(5.212396526416,-103.823507971));
#10001 = CARTESIAN_POINT('',(5.248207476317,-103.8189025207));
#10002 = CARTESIAN_POINT('',(5.283962669963,-103.8143184388));
#10003 = CARTESIAN_POINT('',(5.319638362284,-103.8097649651));
#10004 = CARTESIAN_POINT('',(5.355177573437,-103.8052636774));
#10005 = CARTESIAN_POINT('',(5.390640846373,-103.800791505));
#10006 = CARTESIAN_POINT('',(5.426108633498,-103.7963175711));
#10007 = CARTESIAN_POINT('',(5.461721360157,-103.7917883036));
#10008 = CARTESIAN_POINT('',(5.497420537435,-103.7872257644));
#10009 = CARTESIAN_POINT('',(5.533193982539,-103.7826345786));
#10010 = CARTESIAN_POINT('',(5.569016245146,-103.7780246394));
#10011 = CARTESIAN_POINT('',(5.604865135825,-103.7734045268));
#10012 = CARTESIAN_POINT('',(5.640717085433,-103.7687831611));
#10013 = CARTESIAN_POINT('',(5.676548808513,-103.7641694154));
#10014 = CARTESIAN_POINT('',(5.71233847681,-103.75957201));
#10015 = CARTESIAN_POINT('',(5.748061208559,-103.7550004289));
#10016 = CARTESIAN_POINT('',(5.783700874057,-103.7504608373));
#10017 = CARTESIAN_POINT('',(5.819213205037,-103.7459699043));
#10018 = CARTESIAN_POINT('',(5.854642753378,-103.741510511));
#10019 = CARTESIAN_POINT('',(5.890152152494,-103.7370206764));
#10020 = CARTESIAN_POINT('',(5.925811189032,-103.7324736052));
#10021 = CARTESIAN_POINT('',(5.961544217921,-103.7278981818));
#10022 = CARTESIAN_POINT('',(5.997342188499,-103.7232977691));
#10023 = CARTESIAN_POINT('',(6.033178041678,-103.7186825647));
#10024 = CARTESIAN_POINT('',(6.069029850114,-103.7140609496));
#10025 = CARTESIAN_POINT('',(6.104876022393,-103.7094417366));
#10026 = CARTESIAN_POINT('',(6.14069097835,-103.7048342475));
#10027 = CARTESIAN_POINT('',(6.176454425297,-103.700246918));
#10028 = CARTESIAN_POINT('',(6.212143940695,-103.6956882922));
#10029 = CARTESIAN_POINT('',(6.247736577046,-103.691166885));
#10030 = CARTESIAN_POINT('',(6.271384969658,-103.6881831079));
#10031 = CARTESIAN_POINT('',(6.28318530718,-103.686700263));
#10032 = ( GEOMETRIC_REPRESENTATION_CONTEXT(2) 
PARAMETRIC_REPRESENTATION_CONTEXT() REPRESENTATION_CONTEXT('2D SPACE',''
  ) );
#10033 = ORIENTED_EDGE('',*,*,#10034,.F.);
#10034 = EDGE_CURVE('',#10035,#9530,#10037,.T.);
#10035 = VERTEX_POINT('',#10036);
#10036 = CARTESIAN_POINT('',(293.895384615,210.,614.9));
#10037 = SURFACE_CURVE('',#10038,(#10172,#10355),.PCURVE_S1.);
#10038 = B_SPLINE_CURVE_WITH_KNOTS('',3,(#10039,#10040,#10041,#10042,
    #10043,#10044,#10045,#10046,#10047,#10048,#10049,#10050,#10051,
    #10052,#10053,#10054,#10055,#10056,#10057,#10058,#10059,#10060,
    #10061,#10062,#10063,#10064,#10065,#10066,#10067,#10068,#10069,
    #10070,#10071,#10072,#10073,#10074,#10075,#10076,#10077,#10078,
    #10079,#10080,#10081,#10082,#10083,#10084,#10085,#10086,#10087,
    #10088,#10089,#10090,#10091,#10092,#10093,#10094,#10095,#10096,
    #10097,#10098,#10099,#10100,#10101,#10102,#10103,#10104,#10105,
    #10106,#10107,#10108,#10109,#10110,#10111,#10112,#10113,#10114,
    #10115,#10116,#10117,#10118,#10119,#10120,#10121,#10122,#10123,
    #10124,#10125,#10126,#10127,#10128,#10129,#10130,#10131,#10132,
    #10133,#10134,#10135,#10136,#10137,#10138,#10139,#10140,#10141,
    #10142,#10143,#10144,#10145,#10146,#10147,#10148,#10149,#10150,
    #10151,#10152,#10153,#10154,#10155,#10156,#10157,#10158,#10159,
    #10160,#10161,#10162,#10163,#10164,#10165,#10166,#10167,#10168,
    #10169,#10170,#10171),.UNSPECIFIED.,.F.,.F.,(4,3,3,3,3,3,3,3,3,3,3,3
    ,3,3,3,3,3,3,3,3,3,3,3,3,3,3,3,3,3,3,3,3,3,3,3,3,3,3,3,3,3,3,3,3,4),
  (0.1875,0.19140625,0.1953125,0.197265625,0.19921875,0.203125,
    0.205078125,0.20703125,0.2109375,0.212890625,0.21484375,0.21875,
    0.22265625,0.224609375,0.2265625,0.23046875,0.232421875,0.234375,
    0.23828125,0.240234375,0.2421875,0.24609375,0.25,0.25390625,
    0.2578125,0.259765625,0.26171875,0.265625,0.267578125,0.26953125,
    0.2734375,0.275390625,0.27734375,0.28125,0.28515625,0.287109375,
    0.2890625,0.29296875,0.294921875,0.296875,0.30078125,0.302734375,
    0.3046875,0.30859375,0.3125),.UNSPECIFIED.);
#10039 = CARTESIAN_POINT('',(293.895384615,210.,614.9));
#10040 = CARTESIAN_POINT('',(293.887228968,210.967038938,614.9));
#10041 = CARTESIAN_POINT('',(293.87879975,211.944815315,614.804944123));
#10042 = CARTESIAN_POINT('',(293.870333243,212.905144583,614.614038968)
  );
#10043 = CARTESIAN_POINT('',(293.861866736,213.865473852,614.423133813)
  );
#10044 = CARTESIAN_POINT('',(293.853365974,214.807998993,614.136429982)
  );
#10045 = CARTESIAN_POINT('',(293.845073742,215.70623834,613.764041703));
#10046 = CARTESIAN_POINT('',(293.840927627,216.155358013,613.577847564)
  );
#10047 = CARTESIAN_POINT('',(293.836874674,216.592085054,613.371245689)
  );
#10048 = CARTESIAN_POINT('',(293.832743875,217.020395768,613.14245195));
#10049 = CARTESIAN_POINT('',(293.828613077,217.448706483,612.913658211)
  );
#10050 = CARTESIAN_POINT('',(293.824426464,217.867728896,612.662849341)
  );
#10051 = CARTESIAN_POINT('',(293.820213271,218.274222015,612.391418403)
  );
#10052 = CARTESIAN_POINT('',(293.811786883,219.087208255,611.848556527)
  );
#10053 = CARTESIAN_POINT('',(293.803255237,219.849577211,611.222692586)
  );
#10054 = CARTESIAN_POINT('',(293.794863889,220.53962249,610.532158267));
#10055 = CARTESIAN_POINT('',(293.790668215,220.88464513,610.186891107));
#10056 = CARTESIAN_POINT('',(293.786507709,221.211695634,609.825598437)
  );
#10057 = CARTESIAN_POINT('',(293.782411057,221.518864282,609.451230907)
  );
#10058 = CARTESIAN_POINT('',(293.778314405,221.82603293,609.076863377));
#10059 = CARTESIAN_POINT('',(293.77421504,222.115080177,608.687475776));
#10060 = CARTESIAN_POINT('',(293.770041804,222.385921915,608.282447605)
  );
#10061 = CARTESIAN_POINT('',(293.76169533,222.927605389,607.472391262));
#10062 = CARTESIAN_POINT('',(293.753173884,223.392798409,606.603066682)
  );
#10063 = CARTESIAN_POINT('',(293.744722442,223.767068707,605.698931409)
  );
#10064 = CARTESIAN_POINT('',(293.740496722,223.954203856,605.246863773)
  );
#10065 = CARTESIAN_POINT('',(293.73628871,224.118755709,604.786193632));
#10066 = CARTESIAN_POINT('',(293.732128448,224.259888588,604.320367745)
  );
#10067 = CARTESIAN_POINT('',(293.727968187,224.401021468,603.854541857)
  );
#10068 = CARTESIAN_POINT('',(293.723899763,224.518439762,603.385273859)
  );
#10069 = CARTESIAN_POINT('',(293.719785452,224.613139698,602.909664617)
  );
#10070 = CARTESIAN_POINT('',(293.711556831,224.802539568,601.958446131)
  );
#10071 = CARTESIAN_POINT('',(293.703086969,224.9,600.979315573));
#10072 = CARTESIAN_POINT('',(293.694615385,224.9,600.));
#10073 = CARTESIAN_POINT('',(293.686143801,224.9,599.020684427));
#10074 = CARTESIAN_POINT('',(293.677673939,224.802539568,598.041553869)
  );
#10075 = CARTESIAN_POINT('',(293.669445317,224.613139698,597.090335383)
  );
#10076 = CARTESIAN_POINT('',(293.665331006,224.518439762,596.614726141)
  );
#10077 = CARTESIAN_POINT('',(293.661262582,224.401021468,596.145458143)
  );
#10078 = CARTESIAN_POINT('',(293.657102321,224.259888588,595.679632255)
  );
#10079 = CARTESIAN_POINT('',(293.652942059,224.118755709,595.213806368)
  );
#10080 = CARTESIAN_POINT('',(293.648734047,223.954203856,594.753136227)
  );
#10081 = CARTESIAN_POINT('',(293.644508327,223.767068707,594.301068591)
  );
#10082 = CARTESIAN_POINT('',(293.636056886,223.392798409,593.396933318)
  );
#10083 = CARTESIAN_POINT('',(293.627535439,222.927605389,592.527608738)
  );
#10084 = CARTESIAN_POINT('',(293.619188966,222.385921915,591.717552395)
  );
#10085 = CARTESIAN_POINT('',(293.61501573,222.115080177,591.312524224));
#10086 = CARTESIAN_POINT('',(293.610916365,221.82603293,590.923136623));
#10087 = CARTESIAN_POINT('',(293.606819713,221.518864282,590.548769093)
  );
#10088 = CARTESIAN_POINT('',(293.60272306,221.211695634,590.174401563));
#10089 = CARTESIAN_POINT('',(293.598562554,220.88464513,589.813108893));
#10090 = CARTESIAN_POINT('',(293.594366881,220.53962249,589.467841733));
#10091 = CARTESIAN_POINT('',(293.585975533,219.849577211,588.777307414)
  );
#10092 = CARTESIAN_POINT('',(293.577443886,219.087208255,588.151443473)
  );
#10093 = CARTESIAN_POINT('',(293.569017498,218.274222015,587.608581597)
  );
#10094 = CARTESIAN_POINT('',(293.564804305,217.867728896,587.337150659)
  );
#10095 = CARTESIAN_POINT('',(293.560617692,217.448706483,587.086341789)
  );
#10096 = CARTESIAN_POINT('',(293.556486894,217.020395768,586.85754805));
#10097 = CARTESIAN_POINT('',(293.552356095,216.592085054,586.628754311)
  );
#10098 = CARTESIAN_POINT('',(293.548303142,216.155358013,586.422152436)
  );
#10099 = CARTESIAN_POINT('',(293.544157027,215.70623834,586.235958297));
#10100 = CARTESIAN_POINT('',(293.535864796,214.807998993,585.863570018)
  );
#10101 = CARTESIAN_POINT('',(293.527364033,213.865473852,585.576866187)
  );
#10102 = CARTESIAN_POINT('',(293.518897526,212.905144583,585.385961032)
  );
#10103 = CARTESIAN_POINT('',(293.51043102,211.944815315,585.195055877));
#10104 = CARTESIAN_POINT('',(293.502001801,210.967038938,585.1));
#10105 = CARTESIAN_POINT('',(293.493846154,210.,585.1));
#10106 = CARTESIAN_POINT('',(293.485690507,209.032961062,585.1));
#10107 = CARTESIAN_POINT('',(293.477261288,208.055184685,585.195055877)
  );
#10108 = CARTESIAN_POINT('',(293.468794781,207.094855417,585.385961032)
  );
#10109 = CARTESIAN_POINT('',(293.460328275,206.134526148,585.576866187)
  );
#10110 = CARTESIAN_POINT('',(293.451827512,205.192001007,585.863570018)
  );
#10111 = CARTESIAN_POINT('',(293.44353528,204.29376166,586.235958297));
#10112 = CARTESIAN_POINT('',(293.439389165,203.844641987,586.422152436)
  );
#10113 = CARTESIAN_POINT('',(293.435336212,203.407914946,586.628754311)
  );
#10114 = CARTESIAN_POINT('',(293.431205413,202.979604232,586.85754805));
#10115 = CARTESIAN_POINT('',(293.427074615,202.551293517,587.086341789)
  );
#10116 = CARTESIAN_POINT('',(293.422888003,202.132271104,587.337150659)
  );
#10117 = CARTESIAN_POINT('',(293.418674809,201.725777985,587.608581597)
  );
#10118 = CARTESIAN_POINT('',(293.410248422,200.912791745,588.151443473)
  );
#10119 = CARTESIAN_POINT('',(293.401716775,200.150422789,588.777307414)
  );
#10120 = CARTESIAN_POINT('',(293.393325427,199.46037751,589.467841733));
#10121 = CARTESIAN_POINT('',(293.389129753,199.11535487,589.813108893));
#10122 = CARTESIAN_POINT('',(293.384969248,198.788304366,590.174401563)
  );
#10123 = CARTESIAN_POINT('',(293.380872595,198.481135718,590.548769093)
  );
#10124 = CARTESIAN_POINT('',(293.376775943,198.17396707,590.923136623));
#10125 = CARTESIAN_POINT('',(293.372676578,197.884919823,591.312524224)
  );
#10126 = CARTESIAN_POINT('',(293.368503342,197.614078085,591.717552395)
  );
#10127 = CARTESIAN_POINT('',(293.360156868,197.072394611,592.527608738)
  );
#10128 = CARTESIAN_POINT('',(293.351635422,196.607201591,593.396933318)
  );
#10129 = CARTESIAN_POINT('',(293.343183981,196.232931293,594.301068591)
  );
#10130 = CARTESIAN_POINT('',(293.33895826,196.045796144,594.753136227));
#10131 = CARTESIAN_POINT('',(293.334750248,195.881244291,595.213806368)
  );
#10132 = CARTESIAN_POINT('',(293.330589987,195.740111412,595.679632255)
  );
#10133 = CARTESIAN_POINT('',(293.326429725,195.598978532,596.145458143)
  );
#10134 = CARTESIAN_POINT('',(293.322361302,195.481560238,596.614726141)
  );
#10135 = CARTESIAN_POINT('',(293.318246991,195.386860302,597.090335383)
  );
#10136 = CARTESIAN_POINT('',(293.310018369,195.197460432,598.041553869)
  );
#10137 = CARTESIAN_POINT('',(293.301548507,195.1,599.020684427));
#10138 = CARTESIAN_POINT('',(293.293076923,195.1,600.));
#10139 = CARTESIAN_POINT('',(293.284605339,195.1,600.979315573));
#10140 = CARTESIAN_POINT('',(293.276135477,195.197460432,601.958446131)
  );
#10141 = CARTESIAN_POINT('',(293.267906855,195.386860302,602.909664617)
  );
#10142 = CARTESIAN_POINT('',(293.263792544,195.481560238,603.385273859)
  );
#10143 = CARTESIAN_POINT('',(293.259724121,195.598978532,603.854541857)
  );
#10144 = CARTESIAN_POINT('',(293.255563859,195.740111412,604.320367745)
  );
#10145 = CARTESIAN_POINT('',(293.251403598,195.881244291,604.786193632)
  );
#10146 = CARTESIAN_POINT('',(293.247195586,196.045796144,605.246863773)
  );
#10147 = CARTESIAN_POINT('',(293.242969865,196.232931293,605.698931409)
  );
#10148 = CARTESIAN_POINT('',(293.234518424,196.607201591,606.603066682)
  );
#10149 = CARTESIAN_POINT('',(293.225996978,197.072394611,607.472391262)
  );
#10150 = CARTESIAN_POINT('',(293.217650504,197.614078085,608.282447605)
  );
#10151 = CARTESIAN_POINT('',(293.213477268,197.884919823,608.687475776)
  );
#10152 = CARTESIAN_POINT('',(293.209377903,198.17396707,609.076863377));
#10153 = CARTESIAN_POINT('',(293.205281251,198.481135718,609.451230907)
  );
#10154 = CARTESIAN_POINT('',(293.201184598,198.788304366,609.825598437)
  );
#10155 = CARTESIAN_POINT('',(293.197024093,199.11535487,610.186891107));
#10156 = CARTESIAN_POINT('',(293.192828419,199.46037751,610.532158267));
#10157 = CARTESIAN_POINT('',(293.184437071,200.150422789,611.222692586)
  );
#10158 = CARTESIAN_POINT('',(293.175905424,200.912791745,611.848556527)
  );
#10159 = CARTESIAN_POINT('',(293.167479037,201.725777985,612.391418403)
  );
#10160 = CARTESIAN_POINT('',(293.163265843,202.132271104,612.662849341)
  );
#10161 = CARTESIAN_POINT('',(293.159079231,202.551293517,612.913658211)
  );
#10162 = CARTESIAN_POINT('',(293.154948433,202.979604232,613.14245195));
#10163 = CARTESIAN_POINT('',(293.150817634,203.407914946,613.371245689)
  );
#10164 = CARTESIAN_POINT('',(293.146764681,203.844641987,613.577847564)
  );
#10165 = CARTESIAN_POINT('',(293.142618566,204.29376166,613.764041703));
#10166 = CARTESIAN_POINT('',(293.134326334,205.192001007,614.136429982)
  );
#10167 = CARTESIAN_POINT('',(293.125825571,206.134526148,614.423133813)
  );
#10168 = CARTESIAN_POINT('',(293.117359065,207.094855417,614.614038968)
  );
#10169 = CARTESIAN_POINT('',(293.108892558,208.055184685,614.804944123)
  );
#10170 = CARTESIAN_POINT('',(293.100463339,209.032961062,614.9));
#10171 = CARTESIAN_POINT('',(293.092307692,210.,614.9));
#10172 = PCURVE('',#2149,#10173);
#10173 = DEFINITIONAL_REPRESENTATION('',(#10174),#10354);
#10174 = B_SPLINE_CURVE_WITH_KNOTS('',3,(#10175,#10176,#10177,#10178,
    #10179,#10180,#10181,#10182,#10183,#10184,#10185,#10186,#10187,
    #10188,#10189,#10190,#10191,#10192,#10193,#10194,#10195,#10196,
    #10197,#10198,#10199,#10200,#10201,#10202,#10203,#10204,#10205,
    #10206,#10207,#10208,#10209,#10210,#10211,#10212,#10213,#10214,
    #10215,#10216,#10217,#10218,#10219,#10220,#10221,#10222,#10223,
    #10224,#10225,#10226,#10227,#10228,#10229,#10230,#10231,#10232,
    #10233,#10234,#10235,#10236,#10237,#10238,#10239,#10240,#10241,
    #10242,#10243,#10244,#10245,#10246,#10247,#10248,#10249,#10250,
    #10251,#10252,#10253,#10254,#10255,#10256,#10257,#10258,#10259,
    #10260,#10261,#10262,#10263,#10264,#10265,#10266,#10267,#10268,
    #10269,#10270,#10271,#10272,#10273,#10274,#10275,#10276,#10277,
    #10278,#10279,#10280,#10281,#10282,#10283,#10284,#10285,#10286,
    #10287,#10288,#10289,#10290,#10291,#10292,#10293,#10294,#10295,
    #10296,#10297,#10298,#10299,#10300,#10301,#10302,#10303,#10304,
    #10305,#10306,#10307,#10308,#10309,#10310,#10311,#10312,#10313,
    #10314,#10315,#10316,#10317,#10318,#10319,#10320,#10321,#10322,
    #10323,#10324,#10325,#10326,#10327,#10328,#10329,#10330,#10331,
    #10332,#10333,#10334,#10335,#10336,#10337,#10338,#10339,#10340,
    #10341,#10342,#10343,#10344,#10345,#10346,#10347,#10348,#10349,
    #10350,#10351,#10352,#10353),.UNSPECIFIED.,.F.,.F.,(4,1,1,1,1,1,1,1,
    1,1,1,1,1,1,1,1,1,1,1,1,1,1,1,1,1,1,1,1,1,1,1,1,1,1,1,1,1,1,1,1,1,1,
    1,1,1,1,1,1,1,1,1,1,1,1,1,1,1,1,1,1,1,1,1,1,1,1,1,1,1,1,1,1,1,1,1,1,
    1,1,1,1,1,1,1,1,1,1,1,1,1,1,1,1,1,1,1,1,1,1,1,1,1,1,1,1,1,1,1,1,1,1,
    1,1,1,1,1,1,1,1,1,1,1,1,1,1,1,1,1,1,1,1,1,1,1,1,1,1,1,1,1,1,1,1,1,1,
    1,1,1,1,1,1,1,1,1,1,1,1,1,1,1,1,1,1,1,1,1,1,1,1,1,1,1,1,1,1,1,1,4),(
    0.1875,0.188210227273,0.188920454545,0.189630681818,0.190340909091,
    0.191051136364,0.191761363636,0.192471590909,0.193181818182,
    0.193892045455,0.194602272727,0.1953125,0.196022727273,
    0.196732954545,0.197443181818,0.198153409091,0.198863636364,
    0.199573863636,0.200284090909,0.200994318182,0.201704545455,
    0.202414772727,0.203125,0.203835227273,0.204545454545,0.205255681818
    ,0.205965909091,0.206676136364,0.207386363636,0.208096590909,
    0.208806818182,0.209517045455,0.210227272727,0.2109375,
    0.211647727273,0.212357954545,0.213068181818,0.213778409091,
    0.214488636364,0.215198863636,0.215909090909,0.216619318182,
    0.217329545455,0.218039772727,0.21875,0.219460227273,0.220170454545,
    0.220880681818,0.221590909091,0.222301136364,0.223011363636,
    0.223721590909,0.224431818182,0.225142045455,0.225852272727,
    0.2265625,0.227272727273,0.227982954545,0.228693181818,
    0.229403409091,0.230113636364,0.230823863636,0.231534090909,
    0.232244318182,0.232954545455,0.233664772727,0.234375,0.235085227273
    ,0.235795454545,0.236505681818,0.237215909091,0.237926136364,
    0.238636363636,0.239346590909,0.240056818182,0.240767045455,
    0.241477272727,0.2421875,0.242897727273,0.243607954545,
    0.244318181818,0.245028409091,0.245738636364,0.246448863636,
    0.247159090909,0.247869318182,0.248579545455,0.249289772727,0.25,
    0.250710227273,0.251420454545,0.252130681818,0.252840909091,
    0.253551136364,0.254261363636,0.254971590909,0.255681818182,
    0.256392045455,0.257102272727,0.2578125,0.258522727273,
    0.259232954545,0.259943181818,0.260653409091,0.261363636364,
    0.262073863636,0.262784090909,0.263494318182,0.264204545455,
    0.264914772727,0.265625,0.266335227273,0.267045454545,0.267755681818
    ,0.268465909091,0.269176136364,0.269886363636,0.270596590909,
    0.271306818182,0.272017045455,0.272727272727,0.2734375,
    0.274147727273,0.274857954545,0.275568181818,0.276278409091,
    0.276988636364,0.277698863636,0.278409090909,0.279119318182,
    0.279829545455,0.280539772727,0.28125,0.281960227273,0.282670454545,
    0.283380681818,0.284090909091,0.284801136364,0.285511363636,
    0.286221590909,0.286931818182,0.287642045455,0.288352272727,
    0.2890625,0.289772727273,0.290482954545,0.291193181818,
    0.291903409091,0.292613636364,0.293323863636,0.294034090909,
    0.294744318182,0.295454545455,0.296164772727,0.296875,0.297585227273
    ,0.298295454545,0.299005681818,0.299715909091,0.300426136364,
    0.301136363636,0.301846590909,0.302556818182,0.303267045455,
    0.303977272727,0.3046875,0.305397727273,0.306107954545,
    0.306818181818,0.307528409091,0.308238636364,0.308948863636,
    0.309659090909,0.310369318182,0.311079545455,0.311789772727,0.3125),
  .QUASI_UNIFORM_KNOTS.);
#10175 = CARTESIAN_POINT('',(-5.42E-10,0.1875));
#10176 = CARTESIAN_POINT('',(-1.865602411655E-06,0.187736742532));
#10177 = CARTESIAN_POINT('',(-3.893552068984E-06,0.188210238175));
#10178 = CARTESIAN_POINT('',(-4.124695175818E-06,0.188920492169));
#10179 = CARTESIAN_POINT('',(-5.411311135583E-06,0.189630729308));
#10180 = CARTESIAN_POINT('',(-6.122826783769E-06,0.190340943838));
#10181 = CARTESIAN_POINT('',(-8.504197545171E-06,0.191051136219));
#10182 = CARTESIAN_POINT('',(-3.227697265812E-06,0.191761362565));
#10183 = CARTESIAN_POINT('',(-1.062797980467E-05,0.192471570312));
#10184 = CARTESIAN_POINT('',(-9.688736287101E-06,0.193181785496));
#10185 = CARTESIAN_POINT('',(-1.120466360993E-05,0.19389203705));
#10186 = CARTESIAN_POINT('',(4.820923332896E-06,0.194602219582));
#10187 = CARTESIAN_POINT('',(-1.756401777184E-05,0.195312672902));
#10188 = CARTESIAN_POINT('',(6.581966359348E-05,0.196022076451));
#10189 = CARTESIAN_POINT('',(2.797814205916E-05,0.196733204393));
#10190 = CARTESIAN_POINT('',(-6.880726560745E-06,0.197443116891));
#10191 = CARTESIAN_POINT('',(-9.322756416306E-07,0.19815343212));
#10192 = CARTESIAN_POINT('',(1.157468765143E-06,0.198863632923));
#10193 = CARTESIAN_POINT('',(-1.359351415274E-05,0.199573860698));
#10194 = CARTESIAN_POINT('',(-9.504103586188E-06,0.200284079067));
#10195 = CARTESIAN_POINT('',(-1.089870556639E-05,0.200994305928));
#10196 = CARTESIAN_POINT('',(-9.245519469369E-06,0.201704538607));
#10197 = CARTESIAN_POINT('',(-1.434694299185E-05,0.202414762869));
#10198 = CARTESIAN_POINT('',(4.475174209987E-06,0.203125005927));
#10199 = CARTESIAN_POINT('',(-3.556788821981E-06,0.203835213241));
#10200 = CARTESIAN_POINT('',(-1.556453526703E-06,0.204545476013));
#10201 = CARTESIAN_POINT('',(-1.525831675847E-06,0.205255586449));
#10202 = CARTESIAN_POINT('',(9.95252422415E-06,0.205966815211));
#10203 = CARTESIAN_POINT('',(5.106604301727E-06,0.206676100266));
#10204 = CARTESIAN_POINT('',(-7.123362607315E-06,0.207386377918));
#10205 = CARTESIAN_POINT('',(-4.444208978939E-06,0.208096595779));
#10206 = CARTESIAN_POINT('',(-5.708798570651E-06,0.208806835499));
#10207 = CARTESIAN_POINT('',(-4.775946344172E-06,0.209517063937));
#10208 = CARTESIAN_POINT('',(-7.672237925165E-06,0.210227284311));
#10209 = CARTESIAN_POINT('',(2.879256309694E-06,0.210937493127));
#10210 = CARTESIAN_POINT('',(-3.717139755781E-06,0.211647738712));
#10211 = CARTESIAN_POINT('',(6.808681087894E-07,0.212357902989));
#10212 = CARTESIAN_POINT('',(-1.031476728402E-05,0.213068365371));
#10213 = CARTESIAN_POINT('',(6.984613673132E-05,0.213777407778));
#10214 = CARTESIAN_POINT('',(6.470081162196E-06,0.214488702509));
#10215 = CARTESIAN_POINT('',(-6.269241082771E-06,0.215198847837));
#10216 = CARTESIAN_POINT('',(-5.168745817331E-06,0.215909117637));
#10217 = CARTESIAN_POINT('',(-5.775574136019E-06,0.216619354702));
#10218 = CARTESIAN_POINT('',(-4.84547526135E-06,0.217329583079));
#10219 = CARTESIAN_POINT('',(-8.720774015749E-06,0.218039785729));
#10220 = CARTESIAN_POINT('',(4.56149190713E-06,0.218750000055));
#10221 = CARTESIAN_POINT('',(-9.526906429351E-06,0.219460213689));
#10222 = CARTESIAN_POINT('',(-6.959623688092E-06,0.220170417191));
#10223 = CARTESIAN_POINT('',(-8.409343750869E-06,0.22088064576));
#10224 = CARTESIAN_POINT('',(-1.423904097934E-05,0.221590882285));
#10225 = CARTESIAN_POINT('',(-4.979763202164E-06,0.222301152478));
#10226 = CARTESIAN_POINT('',(7.673004455143E-06,0.223011297291));
#10227 = CARTESIAN_POINT('',(4.004072873698E-05,0.223722592681));
#10228 = CARTESIAN_POINT('',(-1.165814459421E-05,0.224431634227));
#10229 = CARTESIAN_POINT('',(3.076778332825E-06,0.225142097511));
#10230 = CARTESIAN_POINT('',(-8.857165730129E-07,0.225852262417));
#10231 = CARTESIAN_POINT('',(2.151036327992E-07,0.226562505511));
#10232 = CARTESIAN_POINT('',(-2.11300869279E-07,0.227272719276));
#10233 = CARTESIAN_POINT('',(2.46789023877E-08,0.227982938568));
#10234 = CARTESIAN_POINT('',(-4.980947198677E-08,0.228693167681));
#10235 = CARTESIAN_POINT('',(1.713069855594E-07,0.229403407062));
#10236 = CARTESIAN_POINT('',(-6.386704702507E-07,0.230113626868));
#10237 = CARTESIAN_POINT('',(2.378342733083E-06,0.230823898333));
#10238 = CARTESIAN_POINT('',(3.927355544768E-05,0.231533185203));
#10239 = CARTESIAN_POINT('',(-5.26949935647E-06,0.232244413463));
#10240 = CARTESIAN_POINT('',(1.380156727247E-06,0.232954523296));
#10241 = CARTESIAN_POINT('',(-4.071345419402E-07,0.233664784177));
#10242 = CARTESIAN_POINT('',(1.20719173665E-07,0.234374997252));
#10243 = CARTESIAN_POINT('',(-7.457035797437E-08,0.235085226275));
#10244 = CARTESIAN_POINT('',(-5.485700251086E-08,0.235795454879));
#10245 = CARTESIAN_POINT('',(2.626263020639E-08,0.236505687512));
#10246 = CARTESIAN_POINT('',(-5.344551831469E-08,0.237215916185));
#10247 = CARTESIAN_POINT('',(1.875194430524E-07,0.237926134817));
#10248 = CARTESIAN_POINT('',(-6.966414042E-07,0.238636367614));
#10249 = CARTESIAN_POINT('',(2.598922964696E-06,0.239346567291));
#10250 = CARTESIAN_POINT('',(-9.701744567201E-06,0.240056883033));
#10251 = CARTESIAN_POINT('',(3.619830556675E-05,0.240766795747));
#10252 = CARTESIAN_POINT('',(4.50238995578E-05,0.241477923936));
#10253 = CARTESIAN_POINT('',(-1.209760259155E-05,0.242187326858));
#10254 = CARTESIAN_POINT('',(3.128876494811E-06,0.24289778026));
#10255 = CARTESIAN_POINT('',(-1.053566584062E-06,0.243607962938));
#10256 = CARTESIAN_POINT('',(9.723186268135E-08,0.244318213659));
#10257 = CARTESIAN_POINT('',(-9.449418884788E-08,0.245028429678));
#10258 = CARTESIAN_POINT('',(2.562706426569E-08,0.245738636869));
#10259 = CARTESIAN_POINT('',(-8.891308055211E-09,0.246448862574));
#10260 = CARTESIAN_POINT('',(8.165012404365E-09,0.247159056213));
#10261 = CARTESIAN_POINT('',(-2.376874156225E-08,0.247869269577));
#10262 = CARTESIAN_POINT('',(8.565051457784E-08,0.248579507397));
#10263 = CARTESIAN_POINT('',(-3.188333167491E-07,0.249289762604));
#10264 = CARTESIAN_POINT('',(1.189682752419E-06,0.25000000011));
#10265 = CARTESIAN_POINT('',(-4.43989756619E-06,0.250710236957));
#10266 = CARTESIAN_POINT('',(-3.979147689826E-06,0.251420492432));
#10267 = CARTESIAN_POINT('',(-5.44366542697E-06,0.252130729473));
#10268 = CARTESIAN_POINT('',(-6.133625301085E-06,0.252840942918));
#10269 = CARTESIAN_POINT('',(-8.438963711832E-06,0.253551136401));
#10270 = CARTESIAN_POINT('',(-3.281351233988E-06,0.254261362761));
#10271 = CARTESIAN_POINT('',(-1.06148433274E-05,0.254971569345));
#10272 = CARTESIAN_POINT('',(-9.687628227992E-06,0.255681786336));
#10273 = CARTESIAN_POINT('',(-1.120299105646E-05,0.256392036825));
#10274 = CARTESIAN_POINT('',(4.824660228683E-06,0.257102219642));
#10275 = CARTESIAN_POINT('',(-1.756176344004E-05,0.257812672886));
#10276 = CARTESIAN_POINT('',(6.580689591951E-05,0.258522076453));
#10277 = CARTESIAN_POINT('',(2.802695868567E-05,0.259233204401));
#10278 = CARTESIAN_POINT('',(-7.063956485036E-06,0.259943116857));
#10279 = CARTESIAN_POINT('',(-2.172897244352E-07,0.26065343225));
#10280 = CARTESIAN_POINT('',(9.485417045942E-07,0.26136363273));
#10281 = CARTESIAN_POINT('',(-8.824504156694E-06,0.262073862357));
#10282 = CARTESIAN_POINT('',(-6.12670923822E-06,0.262784080605));
#10283 = CARTESIAN_POINT('',(-6.403690192071E-06,0.263494308528));
#10284 = CARTESIAN_POINT('',(-5.149904384649E-06,0.264204541387));
#10285 = CARTESIAN_POINT('',(-8.262388189721E-06,0.264914767353));
#10286 = CARTESIAN_POINT('',(2.844423016338E-06,0.265625004731));
#10287 = CARTESIAN_POINT('',(-3.119117520246E-06,0.266335213542));
#10288 = CARTESIAN_POINT('',(-1.676387539995E-06,0.26704547592));
#10289 = CARTESIAN_POINT('',(-1.483766924416E-06,0.267755586465));
#10290 = CARTESIAN_POINT('',(9.903949960051E-06,0.268466815238));
#10291 = CARTESIAN_POINT('',(5.258833473542E-06,0.269176100141));
#10292 = CARTESIAN_POINT('',(-7.683729866048E-06,0.269886378389));
#10293 = CARTESIAN_POINT('',(-5.500766624625E-06,0.270596596509));
#10294 = CARTESIAN_POINT('',(-7.786844040246E-06,0.271306836757));
#10295 = CARTESIAN_POINT('',(-7.231011520119E-06,0.272017065353));
#10296 = CARTESIAN_POINT('',(-1.295148172342E-05,0.272727287012));
#10297 = CARTESIAN_POINT('',(4.295334008442E-06,0.273437492398));
#10298 = CARTESIAN_POINT('',(-4.096561034482E-06,0.274147738928));
#10299 = CARTESIAN_POINT('',(7.824755248486E-07,0.274857902956));
#10300 = CARTESIAN_POINT('',(-1.034177566955E-05,0.275568365381));
#10301 = CARTESIAN_POINT('',(6.985351118285E-05,0.276277407772));
#10302 = CARTESIAN_POINT('',(6.465739228486E-06,0.276988702522));
#10303 = CARTESIAN_POINT('',(-6.259365177561E-06,0.27769884779));
#10304 = CARTESIAN_POINT('',(-5.171274503349E-06,0.278409117804));
#10305 = CARTESIAN_POINT('',(-5.775335297159E-06,0.279119354085));
#10306 = CARTESIAN_POINT('',(-4.846777094934E-06,0.279829583192));
#10307 = CARTESIAN_POINT('',(-8.72182399717E-06,0.280539785898));
#10308 = CARTESIAN_POINT('',(4.561589500383E-06,0.2812499999));
#10309 = CARTESIAN_POINT('',(-9.526775079834E-06,0.281960214138));
#10310 = CARTESIAN_POINT('',(-6.95881301315E-06,0.282670416647));
#10311 = CARTESIAN_POINT('',(-8.409056080717E-06,0.283380645754));
#10312 = CARTESIAN_POINT('',(-1.423574738375E-05,0.284090882855));
#10313 = CARTESIAN_POINT('',(-4.993224758568E-06,0.284801152326));
#10314 = CARTESIAN_POINT('',(7.681145440927E-06,0.285511297332));
#10315 = CARTESIAN_POINT('',(4.002223532509E-05,0.28622259267));
#10316 = CARTESIAN_POINT('',(-1.159045950906E-05,0.28693163423));
#10317 = CARTESIAN_POINT('',(3.064537336124E-06,0.28764209751));
#10318 = CARTESIAN_POINT('',(-8.606791195912E-07,0.288352262417));
#10319 = CARTESIAN_POINT('',(2.13355172066E-07,0.289062505511));
#10320 = CARTESIAN_POINT('',(-1.119660121047E-07,0.289772719276));
#10321 = CARTESIAN_POINT('',(3.161258547823E-08,0.290482938568));
#10322 = CARTESIAN_POINT('',(-5.098621243823E-08,0.291193167681));
#10323 = CARTESIAN_POINT('',(1.720853732741E-07,0.291903407062));
#10324 = CARTESIAN_POINT('',(-6.373552806581E-07,0.292613626868));
#10325 = CARTESIAN_POINT('',(2.377335749358E-06,0.293323898333));
#10326 = CARTESIAN_POINT('',(3.927346448345E-05,0.294033185203));
#10327 = CARTESIAN_POINT('',(-5.269541306786E-06,0.294744413463));
#10328 = CARTESIAN_POINT('',(1.380415010551E-06,0.295454523296));
#10329 = CARTESIAN_POINT('',(-4.120302208491E-07,0.296164784177));
#10330 = CARTESIAN_POINT('',(1.266153389196E-07,0.296874997252));
#10331 = CARTESIAN_POINT('',(-9.337765448772E-08,0.297585226275));
#10332 = CARTESIAN_POINT('',(-1.514817069026E-07,0.298295454879));
#10333 = CARTESIAN_POINT('',(5.270660203215E-08,0.299005687512));
#10334 = CARTESIAN_POINT('',(-6.275320032863E-08,0.299715916185));
#10335 = CARTESIAN_POINT('',(1.983061992824E-07,0.300426134817));
#10336 = CARTESIAN_POINT('',(-7.304715968009E-07,0.301136367613));
#10337 = CARTESIAN_POINT('',(2.606713763966E-06,0.301846567292));
#10338 = CARTESIAN_POINT('',(-9.702678058212E-06,0.302556883028));
#10339 = CARTESIAN_POINT('',(3.619871161118E-05,0.303266795748));
#10340 = CARTESIAN_POINT('',(4.502394087738E-05,0.303977923935));
#10341 = CARTESIAN_POINT('',(-1.209723830538E-05,0.304687326859));
#10342 = CARTESIAN_POINT('',(3.128865432974E-06,0.30539778026));
#10343 = CARTESIAN_POINT('',(-1.05363221746E-06,0.306107962938));
#10344 = CARTESIAN_POINT('',(9.713498704016E-08,0.306818213659));
#10345 = CARTESIAN_POINT('',(-9.404759653865E-08,0.307528429677));
#10346 = CARTESIAN_POINT('',(2.543981951276E-08,0.308238636871));
#10347 = CARTESIAN_POINT('',(-7.711681512386E-09,0.308948862567));
#10348 = CARTESIAN_POINT('',(2.154906536782E-09,0.309659056239));
#10349 = CARTESIAN_POINT('',(-9.079446347438E-10,0.310369269479));
#10350 = CARTESIAN_POINT('',(2.174350149369E-10,0.311079507753));
#10351 = CARTESIAN_POINT('',(3.820457499624E-11,0.311789761278));
#10352 = CARTESIAN_POINT('',(-2.341006849492E-10,0.312263257135));
#10353 = CARTESIAN_POINT('',(-5.42E-10,0.3125));
#10354 = ( GEOMETRIC_REPRESENTATION_CONTEXT(2) 
PARAMETRIC_REPRESENTATION_CONTEXT() REPRESENTATION_CONTEXT('2D SPACE',''
  ) );
#10355 = PCURVE('',#5006,#10356);
#10356 = DEFINITIONAL_REPRESENTATION('',(#10357),#10537);
#10357 = B_SPLINE_CURVE_WITH_KNOTS('',3,(#10358,#10359,#10360,#10361,
    #10362,#10363,#10364,#10365,#10366,#10367,#10368,#10369,#10370,
    #10371,#10372,#10373,#10374,#10375,#10376,#10377,#10378,#10379,
    #10380,#10381,#10382,#10383,#10384,#10385,#10386,#10387,#10388,
    #10389,#10390,#10391,#10392,#10393,#10394,#10395,#10396,#10397,
    #10398,#10399,#10400,#10401,#10402,#10403,#10404,#10405,#10406,
    #10407,#10408,#10409,#10410,#10411,#10412,#10413,#10414,#10415,
    #10416,#10417,#10418,#10419,#10420,#10421,#10422,#10423,#10424,
    #10425,#10426,#10427,#10428,#10429,#10430,#10431,#10432,#10433,
    #10434,#10435,#10436,#10437,#10438,#10439,#10440,#10441,#10442,
    #10443,#10444,#10445,#10446,#10447,#10448,#10449,#10450,#10451,
    #10452,#10453,#10454,#10455,#10456,#10457,#10458,#10459,#10460,
    #10461,#10462,#10463,#10464,#10465,#10466,#10467,#10468,#10469,
    #10470,#10471,#10472,#10473,#10474,#10475,#10476,#10477,#10478,
    #10479,#10480,#10481,#10482,#10483,#10484,#10485,#10486,#10487,
    #10488,#10489,#10490,#10491,#10492,#10493,#10494,#10495,#10496,
    #10497,#10498,#10499,#10500,#10501,#10502,#10503,#10504,#10505,
    #10506,#10507,#10508,#10509,#10510,#10511,#10512,#10513,#10514,
    #10515,#10516,#10517,#10518,#10519,#10520,#10521,#10522,#10523,
    #10524,#10525,#10526,#10527,#10528,#10529,#10530,#10531,#10532,
    #10533,#10534,#10535,#10536),.UNSPECIFIED.,.F.,.F.,(4,1,1,1,1,1,1,1,
    1,1,1,1,1,1,1,1,1,1,1,1,1,1,1,1,1,1,1,1,1,1,1,1,1,1,1,1,1,1,1,1,1,1,
    1,1,1,1,1,1,1,1,1,1,1,1,1,1,1,1,1,1,1,1,1,1,1,1,1,1,1,1,1,1,1,1,1,1,
    1,1,1,1,1,1,1,1,1,1,1,1,1,1,1,1,1,1,1,1,1,1,1,1,1,1,1,1,1,1,1,1,1,1,
    1,1,1,1,1,1,1,1,1,1,1,1,1,1,1,1,1,1,1,1,1,1,1,1,1,1,1,1,1,1,1,1,1,1,
    1,1,1,1,1,1,1,1,1,1,1,1,1,1,1,1,1,1,1,1,1,1,1,1,1,1,1,1,1,1,1,1,4),(
    0.1875,0.188210227273,0.188920454545,0.189630681818,0.190340909091,
    0.191051136364,0.191761363636,0.192471590909,0.193181818182,
    0.193892045455,0.194602272727,0.1953125,0.196022727273,
    0.196732954545,0.197443181818,0.198153409091,0.198863636364,
    0.199573863636,0.200284090909,0.200994318182,0.201704545455,
    0.202414772727,0.203125,0.203835227273,0.204545454545,0.205255681818
    ,0.205965909091,0.206676136364,0.207386363636,0.208096590909,
    0.208806818182,0.209517045455,0.210227272727,0.2109375,
    0.211647727273,0.212357954545,0.213068181818,0.213778409091,
    0.214488636364,0.215198863636,0.215909090909,0.216619318182,
    0.217329545455,0.218039772727,0.21875,0.219460227273,0.220170454545,
    0.220880681818,0.221590909091,0.222301136364,0.223011363636,
    0.223721590909,0.224431818182,0.225142045455,0.225852272727,
    0.2265625,0.227272727273,0.227982954545,0.228693181818,
    0.229403409091,0.230113636364,0.230823863636,0.231534090909,
    0.232244318182,0.232954545455,0.233664772727,0.234375,0.235085227273
    ,0.235795454545,0.236505681818,0.237215909091,0.237926136364,
    0.238636363636,0.239346590909,0.240056818182,0.240767045455,
    0.241477272727,0.2421875,0.242897727273,0.243607954545,
    0.244318181818,0.245028409091,0.245738636364,0.246448863636,
    0.247159090909,0.247869318182,0.248579545455,0.249289772727,0.25,
    0.250710227273,0.251420454545,0.252130681818,0.252840909091,
    0.253551136364,0.254261363636,0.254971590909,0.255681818182,
    0.256392045455,0.257102272727,0.2578125,0.258522727273,
    0.259232954545,0.259943181818,0.260653409091,0.261363636364,
    0.262073863636,0.262784090909,0.263494318182,0.264204545455,
    0.264914772727,0.265625,0.266335227273,0.267045454545,0.267755681818
    ,0.268465909091,0.269176136364,0.269886363636,0.270596590909,
    0.271306818182,0.272017045455,0.272727272727,0.2734375,
    0.274147727273,0.274857954545,0.275568181818,0.276278409091,
    0.276988636364,0.277698863636,0.278409090909,0.279119318182,
    0.279829545455,0.280539772727,0.28125,0.281960227273,0.282670454545,
    0.283380681818,0.284090909091,0.284801136364,0.285511363636,
    0.286221590909,0.286931818182,0.287642045455,0.288352272727,
    0.2890625,0.289772727273,0.290482954545,0.291193181818,
    0.291903409091,0.292613636364,0.293323863636,0.294034090909,
    0.294744318182,0.295454545455,0.296164772727,0.296875,0.297585227273
    ,0.298295454545,0.299005681818,0.299715909091,0.300426136364,
    0.301136363636,0.301846590909,0.302556818182,0.303267045455,
    0.303977272727,0.3046875,0.305397727273,0.306107954545,
    0.306818181818,0.307528409091,0.308238636364,0.308948863636,
    0.309659090909,0.310369318182,0.311079545455,0.311789772727,0.3125),
  .QUASI_UNIFORM_KNOTS.);
#10358 = CARTESIAN_POINT('',(0.,-105.292854109));
#10359 = CARTESIAN_POINT('',(1.180033752152E-02,-105.291371264));
#10360 = CARTESIAN_POINT('',(3.544873013361E-02,-105.2883874869));
#10361 = CARTESIAN_POINT('',(7.104136648424E-02,-105.28386608));
#10362 = CARTESIAN_POINT('',(0.106730881883,-105.2793074544));
#10363 = CARTESIAN_POINT('',(0.14249432883,-105.2747201252));
#10364 = CARTESIAN_POINT('',(0.178309284787,-105.2701126364));
#10365 = CARTESIAN_POINT('',(0.214155457066,-105.265493423));
#10366 = CARTESIAN_POINT('',(0.250007265502,-105.2608718077));
#10367 = CARTESIAN_POINT('',(0.28584311868,-105.2562566034));
#10368 = CARTESIAN_POINT('',(0.321641089258,-105.2516561909));
#10369 = CARTESIAN_POINT('',(0.357374118148,-105.2470807676));
#10370 = CARTESIAN_POINT('',(0.393033154686,-105.2425336965));
#10371 = CARTESIAN_POINT('',(0.428542553801,-105.2380438619));
#10372 = CARTESIAN_POINT('',(0.463972102143,-105.2335844686));
#10373 = CARTESIAN_POINT('',(0.499484433123,-105.2290935356));
#10374 = CARTESIAN_POINT('',(0.53512409862,-105.2245539436));
#10375 = CARTESIAN_POINT('',(0.57084683037,-105.2199823624));
#10376 = CARTESIAN_POINT('',(0.606636498666,-105.2153849574));
#10377 = CARTESIAN_POINT('',(0.642468221746,-105.2107712113));
#10378 = CARTESIAN_POINT('',(0.678320171355,-105.2061498456));
#10379 = CARTESIAN_POINT('',(0.714169062033,-105.2015297333));
#10380 = CARTESIAN_POINT('',(0.749991324641,-105.1969197942));
#10381 = CARTESIAN_POINT('',(0.785764769745,-105.1923286086));
#10382 = CARTESIAN_POINT('',(0.821463947023,-105.187766069));
#10383 = CARTESIAN_POINT('',(0.857076673681,-105.1832368012));
#10384 = CARTESIAN_POINT('',(0.892544460806,-105.1787628681));
#10385 = CARTESIAN_POINT('',(0.928007733743,-105.1742906954));
#10386 = CARTESIAN_POINT('',(0.963546944895,-105.1697894078));
#10387 = CARTESIAN_POINT('',(0.999222637217,-105.1652359341));
#10388 = CARTESIAN_POINT('',(1.034977830863,-105.1606518522));
#10389 = CARTESIAN_POINT('',(1.070788780763,-105.1560464018));
#10390 = CARTESIAN_POINT('',(1.106632362422,-105.1514283139));
#10391 = CARTESIAN_POINT('',(1.142485232933,-105.1468064322));
#10392 = CARTESIAN_POINT('',(1.178324749683,-105.1421896585));
#10393 = CARTESIAN_POINT('',(1.214129314268,-105.1375865496));
#10394 = CARTESIAN_POINT('',(1.249871931966,-105.1330073159));
#10395 = CARTESIAN_POINT('',(1.28554421041,-105.1284552162));
#10396 = CARTESIAN_POINT('',(1.321054923068,-105.1239648119));
#10397 = CARTESIAN_POINT('',(1.356502412356,-105.1194986258));
#10398 = CARTESIAN_POINT('',(1.39200069756,-105.1150130406));
#10399 = CARTESIAN_POINT('',(1.42762582657,-105.1104790641));
#10400 = CARTESIAN_POINT('',(1.463338657551,-105.1059114989));
#10401 = CARTESIAN_POINT('',(1.499120303404,-105.1013173234));
#10402 = CARTESIAN_POINT('',(1.534946506222,-105.0967056482));
#10403 = CARTESIAN_POINT('',(1.570796326795,-105.092084879));
#10404 = CARTESIAN_POINT('',(1.606646147367,-105.0874641097));
#10405 = CARTESIAN_POINT('',(1.642472350186,-105.0828524345));
#10406 = CARTESIAN_POINT('',(1.678253996039,-105.0782582588));
#10407 = CARTESIAN_POINT('',(1.713966827019,-105.0736906934));
#10408 = CARTESIAN_POINT('',(1.74959195603,-105.0691567166));
#10409 = CARTESIAN_POINT('',(1.785090241234,-105.0646711311));
#10410 = CARTESIAN_POINT('',(1.820537730522,-105.060204945));
#10411 = CARTESIAN_POINT('',(1.85604844318,-105.0557145407));
#10412 = CARTESIAN_POINT('',(1.891720721623,-105.051162441));
#10413 = CARTESIAN_POINT('',(1.927463339322,-105.0465832073));
#10414 = CARTESIAN_POINT('',(1.963267903907,-105.0419800983));
#10415 = CARTESIAN_POINT('',(1.999107420657,-105.0373633252));
#10416 = CARTESIAN_POINT('',(2.034960291168,-105.0327414435));
#10417 = CARTESIAN_POINT('',(2.070803872827,-105.0281233556));
#10418 = CARTESIAN_POINT('',(2.106614822727,-105.0235179052));
#10419 = CARTESIAN_POINT('',(2.142370016373,-105.0189338235));
#10420 = CARTESIAN_POINT('',(2.178045708694,-105.0143803502));
#10421 = CARTESIAN_POINT('',(2.213584919847,-105.0098790624));
#10422 = CARTESIAN_POINT('',(2.249048192784,-105.00540689));
#10423 = CARTESIAN_POINT('',(2.284515979909,-105.000932956));
#10424 = CARTESIAN_POINT('',(2.320128706567,-104.9964036879));
#10425 = CARTESIAN_POINT('',(2.355827883845,-104.9918411496));
#10426 = CARTESIAN_POINT('',(2.391601328949,-104.9872499636));
#10427 = CARTESIAN_POINT('',(2.427423591557,-104.9826400244));
#10428 = CARTESIAN_POINT('',(2.463272482235,-104.9780199117));
#10429 = CARTESIAN_POINT('',(2.499124431843,-104.9733985457));
#10430 = CARTESIAN_POINT('',(2.534956154923,-104.9687847995));
#10431 = CARTESIAN_POINT('',(2.57074582322,-104.9641873945));
#10432 = CARTESIAN_POINT('',(2.60646855497,-104.9596158133));
#10433 = CARTESIAN_POINT('',(2.642108220467,-104.9550762213));
#10434 = CARTESIAN_POINT('',(2.677620551448,-104.9505852883));
#10435 = CARTESIAN_POINT('',(2.713050099785,-104.946125895));
#10436 = CARTESIAN_POINT('',(2.748559498916,-104.9416360602));
#10437 = CARTESIAN_POINT('',(2.784218535397,-104.9370889898));
#10438 = CARTESIAN_POINT('',(2.819951564501,-104.9325135664));
#10439 = CARTESIAN_POINT('',(2.855749534276,-104.9279131541));
#10440 = CARTESIAN_POINT('',(2.891585390454,-104.9232979485));
#10441 = CARTESIAN_POINT('',(2.927437187694,-104.9186763371));
#10442 = CARTESIAN_POINT('',(2.963283401757,-104.9140571083));
#10443 = CARTESIAN_POINT('',(2.999098201773,-104.9094496788));
#10444 = CARTESIAN_POINT('',(3.0348622307,-104.9048621289));
#10445 = CARTESIAN_POINT('',(3.070549574122,-104.9003043265));
#10446 = CARTESIAN_POINT('',(3.106150316398,-104.8957798468));
#10447 = CARTESIAN_POINT('',(3.14159265359,-104.891315648));
#10448 = CARTESIAN_POINT('',(3.177034990781,-104.8868514491));
#10449 = CARTESIAN_POINT('',(3.212635733058,-104.8823269694));
#10450 = CARTESIAN_POINT('',(3.24832307648,-104.8777691668));
#10451 = CARTESIAN_POINT('',(3.284087105406,-104.8731816168));
#10452 = CARTESIAN_POINT('',(3.319901905423,-104.8685741868));
#10453 = CARTESIAN_POINT('',(3.355748119486,-104.8639549579));
#10454 = CARTESIAN_POINT('',(3.391599916725,-104.8593333471));
#10455 = CARTESIAN_POINT('',(3.427435772904,-104.8547181416));
#10456 = CARTESIAN_POINT('',(3.463233742678,-104.8501177292));
#10457 = CARTESIAN_POINT('',(3.498966771783,-104.8455423057));
#10458 = CARTESIAN_POINT('',(3.534625808264,-104.8409952345));
#10459 = CARTESIAN_POINT('',(3.570135207394,-104.8365053999));
#10460 = CARTESIAN_POINT('',(3.605564755732,-104.8320460066));
#10461 = CARTESIAN_POINT('',(3.641077086713,-104.8275550736));
#10462 = CARTESIAN_POINT('',(3.67671675221,-104.823015482));
#10463 = CARTESIAN_POINT('',(3.71243948396,-104.8184439009));
#10464 = CARTESIAN_POINT('',(3.748229152256,-104.8138464955));
#10465 = CARTESIAN_POINT('',(3.784060875336,-104.8092327498));
#10466 = CARTESIAN_POINT('',(3.819912824945,-104.8046113841));
#10467 = CARTESIAN_POINT('',(3.855761715623,-104.7999912715));
#10468 = CARTESIAN_POINT('',(3.89158397823,-104.7953813323));
#10469 = CARTESIAN_POINT('',(3.927357423335,-104.7907901465));
#10470 = CARTESIAN_POINT('',(3.963056600613,-104.7862276073));
#10471 = CARTESIAN_POINT('',(3.998669327271,-104.7816983398));
#10472 = CARTESIAN_POINT('',(4.034137114396,-104.7772244059));
#10473 = CARTESIAN_POINT('',(4.069600387332,-104.7727522335));
#10474 = CARTESIAN_POINT('',(4.105139598485,-104.7682509458));
#10475 = CARTESIAN_POINT('',(4.140815290807,-104.7636974721));
#10476 = CARTESIAN_POINT('',(4.176570484453,-104.7591133902));
#10477 = CARTESIAN_POINT('',(4.212381434353,-104.7545079399));
#10478 = CARTESIAN_POINT('',(4.248225016012,-104.7498898521));
#10479 = CARTESIAN_POINT('',(4.284077886522,-104.7452679706));
#10480 = CARTESIAN_POINT('',(4.319917403273,-104.7406511979));
#10481 = CARTESIAN_POINT('',(4.355721967858,-104.7360480876));
#10482 = CARTESIAN_POINT('',(4.391464585556,-104.7314688542));
#10483 = CARTESIAN_POINT('',(4.427136864,-104.7269167552));
#10484 = CARTESIAN_POINT('',(4.462647576658,-104.7224263503));
#10485 = CARTESIAN_POINT('',(4.498095065946,-104.7179601649));
#10486 = CARTESIAN_POINT('',(4.53359335115,-104.7134745793));
#10487 = CARTESIAN_POINT('',(4.56921848016,-104.7089406025));
#10488 = CARTESIAN_POINT('',(4.604931311141,-104.7043730371));
#10489 = CARTESIAN_POINT('',(4.640712956994,-104.6997788614));
#10490 = CARTESIAN_POINT('',(4.676539159812,-104.6951671862));
#10491 = CARTESIAN_POINT('',(4.712388980385,-104.690546417));
#10492 = CARTESIAN_POINT('',(4.748238800957,-104.6859256477));
#10493 = CARTESIAN_POINT('',(4.784065003775,-104.6813139725));
#10494 = CARTESIAN_POINT('',(4.819846649629,-104.6767197968));
#10495 = CARTESIAN_POINT('',(4.855559480609,-104.6721522314));
#10496 = CARTESIAN_POINT('',(4.891184609619,-104.6676182546));
#10497 = CARTESIAN_POINT('',(4.926682894824,-104.663132669));
#10498 = CARTESIAN_POINT('',(4.962130384111,-104.6586664836));
#10499 = CARTESIAN_POINT('',(4.99764109677,-104.6541760787));
#10500 = CARTESIAN_POINT('',(5.033313375213,-104.6496239797));
#10501 = CARTESIAN_POINT('',(5.069055992911,-104.6450447463));
#10502 = CARTESIAN_POINT('',(5.104860557497,-104.640441636));
#10503 = CARTESIAN_POINT('',(5.140700074247,-104.6358248633));
#10504 = CARTESIAN_POINT('',(5.176552944757,-104.6312029818));
#10505 = CARTESIAN_POINT('',(5.212396526416,-104.626584894));
#10506 = CARTESIAN_POINT('',(5.248207476317,-104.6219794437));
#10507 = CARTESIAN_POINT('',(5.283962669963,-104.6173953618));
#10508 = CARTESIAN_POINT('',(5.319638362284,-104.6128418881));
#10509 = CARTESIAN_POINT('',(5.355177573437,-104.6083406004));
#10510 = CARTESIAN_POINT('',(5.390640846373,-104.603868428));
#10511 = CARTESIAN_POINT('',(5.426108633498,-104.5993944941));
#10512 = CARTESIAN_POINT('',(5.461721360157,-104.5948652266));
#10513 = CARTESIAN_POINT('',(5.497420537435,-104.5903026874));
#10514 = CARTESIAN_POINT('',(5.533193982539,-104.5857115016));
#10515 = CARTESIAN_POINT('',(5.569016245146,-104.5811015624));
#10516 = CARTESIAN_POINT('',(5.604865135825,-104.5764814498));
#10517 = CARTESIAN_POINT('',(5.640717085433,-104.5718600841));
#10518 = CARTESIAN_POINT('',(5.676548808513,-104.5672463384));
#10519 = CARTESIAN_POINT('',(5.71233847681,-104.562648933));
#10520 = CARTESIAN_POINT('',(5.748061208559,-104.5580773519));
#10521 = CARTESIAN_POINT('',(5.783700874057,-104.5535377603));
#10522 = CARTESIAN_POINT('',(5.819213205037,-104.5490468273));
#10523 = CARTESIAN_POINT('',(5.854642753378,-104.544587434));
#10524 = CARTESIAN_POINT('',(5.890152152494,-104.5400975994));
#10525 = CARTESIAN_POINT('',(5.925811189032,-104.5355505282));
#10526 = CARTESIAN_POINT('',(5.961544217921,-104.5309751048));
#10527 = CARTESIAN_POINT('',(5.997342188499,-104.5263746921));
#10528 = CARTESIAN_POINT('',(6.033178041678,-104.5217594877));
#10529 = CARTESIAN_POINT('',(6.069029850114,-104.5171378726));
#10530 = CARTESIAN_POINT('',(6.104876022393,-104.5125186596));
#10531 = CARTESIAN_POINT('',(6.14069097835,-104.5079111705));
#10532 = CARTESIAN_POINT('',(6.176454425297,-104.503323841));
#10533 = CARTESIAN_POINT('',(6.212143940695,-104.4987652152));
#10534 = CARTESIAN_POINT('',(6.247736577046,-104.494243808));
#10535 = CARTESIAN_POINT('',(6.271384969658,-104.4912600309));
#10536 = CARTESIAN_POINT('',(6.28318530718,-104.489777186));
#10537 = ( GEOMETRIC_REPRESENTATION_CONTEXT(2) 
PARAMETRIC_REPRESENTATION_CONTEXT() REPRESENTATION_CONTEXT('2D SPACE',''
  ) );
#10538 = ORIENTED_EDGE('',*,*,#10539,.F.);
#10539 = EDGE_CURVE('',#10540,#10035,#10542,.T.);
#10540 = VERTEX_POINT('',#10541);
#10541 = CARTESIAN_POINT('',(294.698461538,210.,614.9));
#10542 = SURFACE_CURVE('',#10543,(#10677,#10860),.PCURVE_S1.);
#10543 = B_SPLINE_CURVE_WITH_KNOTS('',3,(#10544,#10545,#10546,#10547,
    #10548,#10549,#10550,#10551,#10552,#10553,#10554,#10555,#10556,
    #10557,#10558,#10559,#10560,#10561,#10562,#10563,#10564,#10565,
    #10566,#10567,#10568,#10569,#10570,#10571,#10572,#10573,#10574,
    #10575,#10576,#10577,#10578,#10579,#10580,#10581,#10582,#10583,
    #10584,#10585,#10586,#10587,#10588,#10589,#10590,#10591,#10592,
    #10593,#10594,#10595,#10596,#10597,#10598,#10599,#10600,#10601,
    #10602,#10603,#10604,#10605,#10606,#10607,#10608,#10609,#10610,
    #10611,#10612,#10613,#10614,#10615,#10616,#10617,#10618,#10619,
    #10620,#10621,#10622,#10623,#10624,#10625,#10626,#10627,#10628,
    #10629,#10630,#10631,#10632,#10633,#10634,#10635,#10636,#10637,
    #10638,#10639,#10640,#10641,#10642,#10643,#10644,#10645,#10646,
    #10647,#10648,#10649,#10650,#10651,#10652,#10653,#10654,#10655,
    #10656,#10657,#10658,#10659,#10660,#10661,#10662,#10663,#10664,
    #10665,#10666,#10667,#10668,#10669,#10670,#10671,#10672,#10673,
    #10674,#10675,#10676),.UNSPECIFIED.,.F.,.F.,(4,3,3,3,3,3,3,3,3,3,3,3
    ,3,3,3,3,3,3,3,3,3,3,3,3,3,3,3,3,3,3,3,3,3,3,3,3,3,3,3,3,3,3,3,3,4),
  (6.25E-02,6.640625E-02,7.03125E-02,7.2265625E-02,7.421875E-02,
    7.8125E-02,8.0078125E-02,8.203125E-02,8.59375E-02,8.7890625E-02,
    8.984375E-02,9.375E-02,9.765625E-02,9.9609375E-02,0.1015625,
    0.10546875,0.107421875,0.109375,0.11328125,0.115234375,0.1171875,
    0.12109375,0.125,0.12890625,0.1328125,0.134765625,0.13671875,
    0.140625,0.142578125,0.14453125,0.1484375,0.150390625,0.15234375,
    0.15625,0.16015625,0.162109375,0.1640625,0.16796875,0.169921875,
    0.171875,0.17578125,0.177734375,0.1796875,0.18359375,0.1875),
  .UNSPECIFIED.);
#10544 = CARTESIAN_POINT('',(294.698461538,210.,614.9));
#10545 = CARTESIAN_POINT('',(294.690305891,210.967038938,614.9));
#10546 = CARTESIAN_POINT('',(294.681876673,211.944815315,614.804944123)
  );
#10547 = CARTESIAN_POINT('',(294.673410166,212.905144583,614.614038968)
  );
#10548 = CARTESIAN_POINT('',(294.664943659,213.865473852,614.423133813)
  );
#10549 = CARTESIAN_POINT('',(294.656442897,214.807998993,614.136429982)
  );
#10550 = CARTESIAN_POINT('',(294.648150665,215.70623834,613.764041703));
#10551 = CARTESIAN_POINT('',(294.64400455,216.155358013,613.577847564));
#10552 = CARTESIAN_POINT('',(294.639951597,216.592085054,613.371245689)
  );
#10553 = CARTESIAN_POINT('',(294.635820798,217.020395768,613.14245195));
#10554 = CARTESIAN_POINT('',(294.63169,217.448706483,612.913658211));
#10555 = CARTESIAN_POINT('',(294.627503387,217.867728896,612.662849341)
  );
#10556 = CARTESIAN_POINT('',(294.623290194,218.274222015,612.391418403)
  );
#10557 = CARTESIAN_POINT('',(294.614863806,219.087208255,611.848556527)
  );
#10558 = CARTESIAN_POINT('',(294.60633216,219.849577211,611.222692586));
#10559 = CARTESIAN_POINT('',(294.597940812,220.53962249,610.532158267));
#10560 = CARTESIAN_POINT('',(294.593745138,220.88464513,610.186891107));
#10561 = CARTESIAN_POINT('',(294.589584632,221.211695634,609.825598437)
  );
#10562 = CARTESIAN_POINT('',(294.58548798,221.518864282,609.451230907));
#10563 = CARTESIAN_POINT('',(294.581391328,221.82603293,609.076863377));
#10564 = CARTESIAN_POINT('',(294.577291963,222.115080177,608.687475776)
  );
#10565 = CARTESIAN_POINT('',(294.573118727,222.385921915,608.282447605)
  );
#10566 = CARTESIAN_POINT('',(294.564772253,222.927605389,607.472391262)
  );
#10567 = CARTESIAN_POINT('',(294.556250807,223.392798409,606.603066682)
  );
#10568 = CARTESIAN_POINT('',(294.547799365,223.767068707,605.698931409)
  );
#10569 = CARTESIAN_POINT('',(294.543573645,223.954203856,605.246863773)
  );
#10570 = CARTESIAN_POINT('',(294.539365633,224.118755709,604.786193632)
  );
#10571 = CARTESIAN_POINT('',(294.535205371,224.259888588,604.320367745)
  );
#10572 = CARTESIAN_POINT('',(294.53104511,224.401021468,603.854541857));
#10573 = CARTESIAN_POINT('',(294.526976686,224.518439762,603.385273859)
  );
#10574 = CARTESIAN_POINT('',(294.522862375,224.613139698,602.909664617)
  );
#10575 = CARTESIAN_POINT('',(294.514633754,224.802539568,601.958446131)
  );
#10576 = CARTESIAN_POINT('',(294.506163892,224.9,600.979315573));
#10577 = CARTESIAN_POINT('',(294.497692308,224.9,600.));
#10578 = CARTESIAN_POINT('',(294.489220724,224.9,599.020684427));
#10579 = CARTESIAN_POINT('',(294.480750862,224.802539568,598.041553869)
  );
#10580 = CARTESIAN_POINT('',(294.47252224,224.613139698,597.090335383));
#10581 = CARTESIAN_POINT('',(294.468407929,224.518439762,596.614726141)
  );
#10582 = CARTESIAN_POINT('',(294.464339505,224.401021468,596.145458143)
  );
#10583 = CARTESIAN_POINT('',(294.460179244,224.259888588,595.679632255)
  );
#10584 = CARTESIAN_POINT('',(294.456018982,224.118755709,595.213806368)
  );
#10585 = CARTESIAN_POINT('',(294.45181097,223.954203856,594.753136227));
#10586 = CARTESIAN_POINT('',(294.44758525,223.767068707,594.301068591));
#10587 = CARTESIAN_POINT('',(294.439133809,223.392798409,593.396933318)
  );
#10588 = CARTESIAN_POINT('',(294.430612362,222.927605389,592.527608738)
  );
#10589 = CARTESIAN_POINT('',(294.422265889,222.385921915,591.717552395)
  );
#10590 = CARTESIAN_POINT('',(294.418092653,222.115080177,591.312524224)
  );
#10591 = CARTESIAN_POINT('',(294.413993288,221.82603293,590.923136623));
#10592 = CARTESIAN_POINT('',(294.409896636,221.518864282,590.548769093)
  );
#10593 = CARTESIAN_POINT('',(294.405799983,221.211695634,590.174401563)
  );
#10594 = CARTESIAN_POINT('',(294.401639477,220.88464513,589.813108893));
#10595 = CARTESIAN_POINT('',(294.397443804,220.53962249,589.467841733));
#10596 = CARTESIAN_POINT('',(294.389052456,219.849577211,588.777307414)
  );
#10597 = CARTESIAN_POINT('',(294.380520809,219.087208255,588.151443473)
  );
#10598 = CARTESIAN_POINT('',(294.372094421,218.274222015,587.608581597)
  );
#10599 = CARTESIAN_POINT('',(294.367881228,217.867728896,587.337150659)
  );
#10600 = CARTESIAN_POINT('',(294.363694615,217.448706483,587.086341789)
  );
#10601 = CARTESIAN_POINT('',(294.359563817,217.020395768,586.85754805));
#10602 = CARTESIAN_POINT('',(294.355433018,216.592085054,586.628754311)
  );
#10603 = CARTESIAN_POINT('',(294.351380065,216.155358013,586.422152436)
  );
#10604 = CARTESIAN_POINT('',(294.34723395,215.70623834,586.235958297));
#10605 = CARTESIAN_POINT('',(294.338941719,214.807998993,585.863570018)
  );
#10606 = CARTESIAN_POINT('',(294.330440956,213.865473852,585.576866187)
  );
#10607 = CARTESIAN_POINT('',(294.321974449,212.905144583,585.385961032)
  );
#10608 = CARTESIAN_POINT('',(294.313507943,211.944815315,585.195055877)
  );
#10609 = CARTESIAN_POINT('',(294.305078724,210.967038938,585.1));
#10610 = CARTESIAN_POINT('',(294.296923077,210.,585.1));
#10611 = CARTESIAN_POINT('',(294.28876743,209.032961062,585.1));
#10612 = CARTESIAN_POINT('',(294.280338211,208.055184685,585.195055877)
  );
#10613 = CARTESIAN_POINT('',(294.271871705,207.094855417,585.385961032)
  );
#10614 = CARTESIAN_POINT('',(294.263405198,206.134526148,585.576866187)
  );
#10615 = CARTESIAN_POINT('',(294.254904435,205.192001007,585.863570018)
  );
#10616 = CARTESIAN_POINT('',(294.246612204,204.29376166,586.235958297));
#10617 = CARTESIAN_POINT('',(294.242466089,203.844641987,586.422152436)
  );
#10618 = CARTESIAN_POINT('',(294.238413136,203.407914946,586.628754311)
  );
#10619 = CARTESIAN_POINT('',(294.234282337,202.979604232,586.85754805));
#10620 = CARTESIAN_POINT('',(294.230151539,202.551293517,587.086341789)
  );
#10621 = CARTESIAN_POINT('',(294.225964926,202.132271104,587.337150659)
  );
#10622 = CARTESIAN_POINT('',(294.221751733,201.725777985,587.608581597)
  );
#10623 = CARTESIAN_POINT('',(294.213325345,200.912791745,588.151443473)
  );
#10624 = CARTESIAN_POINT('',(294.204793698,200.150422789,588.777307414)
  );
#10625 = CARTESIAN_POINT('',(294.19640235,199.46037751,589.467841733));
#10626 = CARTESIAN_POINT('',(294.192206677,199.11535487,589.813108893));
#10627 = CARTESIAN_POINT('',(294.188046171,198.788304366,590.174401563)
  );
#10628 = CARTESIAN_POINT('',(294.183949518,198.481135718,590.548769093)
  );
#10629 = CARTESIAN_POINT('',(294.179852866,198.17396707,590.923136623));
#10630 = CARTESIAN_POINT('',(294.175753501,197.884919823,591.312524224)
  );
#10631 = CARTESIAN_POINT('',(294.171580265,197.614078085,591.717552395)
  );
#10632 = CARTESIAN_POINT('',(294.163233792,197.072394611,592.527608738)
  );
#10633 = CARTESIAN_POINT('',(294.154712345,196.607201591,593.396933318)
  );
#10634 = CARTESIAN_POINT('',(294.146260904,196.232931293,594.301068591)
  );
#10635 = CARTESIAN_POINT('',(294.142035184,196.045796144,594.753136227)
  );
#10636 = CARTESIAN_POINT('',(294.137827172,195.881244291,595.213806368)
  );
#10637 = CARTESIAN_POINT('',(294.13366691,195.740111412,595.679632255));
#10638 = CARTESIAN_POINT('',(294.129506649,195.598978532,596.145458143)
  );
#10639 = CARTESIAN_POINT('',(294.125438225,195.481560238,596.614726141)
  );
#10640 = CARTESIAN_POINT('',(294.121323914,195.386860302,597.090335383)
  );
#10641 = CARTESIAN_POINT('',(294.113095292,195.197460432,598.041553869)
  );
#10642 = CARTESIAN_POINT('',(294.10462543,195.1,599.020684427));
#10643 = CARTESIAN_POINT('',(294.096153846,195.1,600.));
#10644 = CARTESIAN_POINT('',(294.087682262,195.1,600.979315573));
#10645 = CARTESIAN_POINT('',(294.0792124,195.197460432,601.958446131));
#10646 = CARTESIAN_POINT('',(294.070983778,195.386860302,602.909664617)
  );
#10647 = CARTESIAN_POINT('',(294.066869467,195.481560238,603.385273859)
  );
#10648 = CARTESIAN_POINT('',(294.062801044,195.598978532,603.854541857)
  );
#10649 = CARTESIAN_POINT('',(294.058640782,195.740111412,604.320367745)
  );
#10650 = CARTESIAN_POINT('',(294.054480521,195.881244291,604.786193632)
  );
#10651 = CARTESIAN_POINT('',(294.050272509,196.045796144,605.246863773)
  );
#10652 = CARTESIAN_POINT('',(294.046046788,196.232931293,605.698931409)
  );
#10653 = CARTESIAN_POINT('',(294.037595347,196.607201591,606.603066682)
  );
#10654 = CARTESIAN_POINT('',(294.029073901,197.072394611,607.472391262)
  );
#10655 = CARTESIAN_POINT('',(294.020727427,197.614078085,608.282447605)
  );
#10656 = CARTESIAN_POINT('',(294.016554191,197.884919823,608.687475776)
  );
#10657 = CARTESIAN_POINT('',(294.012454826,198.17396707,609.076863377));
#10658 = CARTESIAN_POINT('',(294.008358174,198.481135718,609.451230907)
  );
#10659 = CARTESIAN_POINT('',(294.004261521,198.788304366,609.825598437)
  );
#10660 = CARTESIAN_POINT('',(294.000101016,199.11535487,610.186891107));
#10661 = CARTESIAN_POINT('',(293.995905342,199.46037751,610.532158267));
#10662 = CARTESIAN_POINT('',(293.987513994,200.150422789,611.222692586)
  );
#10663 = CARTESIAN_POINT('',(293.978982347,200.912791745,611.848556527)
  );
#10664 = CARTESIAN_POINT('',(293.97055596,201.725777985,612.391418403));
#10665 = CARTESIAN_POINT('',(293.966342766,202.132271104,612.662849341)
  );
#10666 = CARTESIAN_POINT('',(293.962156154,202.551293517,612.913658211)
  );
#10667 = CARTESIAN_POINT('',(293.958025356,202.979604232,613.14245195));
#10668 = CARTESIAN_POINT('',(293.953894557,203.407914946,613.371245689)
  );
#10669 = CARTESIAN_POINT('',(293.949841604,203.844641987,613.577847564)
  );
#10670 = CARTESIAN_POINT('',(293.945695489,204.29376166,613.764041703));
#10671 = CARTESIAN_POINT('',(293.937403257,205.192001007,614.136429982)
  );
#10672 = CARTESIAN_POINT('',(293.928902494,206.134526148,614.423133813)
  );
#10673 = CARTESIAN_POINT('',(293.920435988,207.094855417,614.614038968)
  );
#10674 = CARTESIAN_POINT('',(293.911969481,208.055184685,614.804944123)
  );
#10675 = CARTESIAN_POINT('',(293.903540262,209.032961062,614.9));
#10676 = CARTESIAN_POINT('',(293.895384615,210.,614.9));
#10677 = PCURVE('',#2149,#10678);
#10678 = DEFINITIONAL_REPRESENTATION('',(#10679),#10859);
#10679 = B_SPLINE_CURVE_WITH_KNOTS('',3,(#10680,#10681,#10682,#10683,
    #10684,#10685,#10686,#10687,#10688,#10689,#10690,#10691,#10692,
    #10693,#10694,#10695,#10696,#10697,#10698,#10699,#10700,#10701,
    #10702,#10703,#10704,#10705,#10706,#10707,#10708,#10709,#10710,
    #10711,#10712,#10713,#10714,#10715,#10716,#10717,#10718,#10719,
    #10720,#10721,#10722,#10723,#10724,#10725,#10726,#10727,#10728,
    #10729,#10730,#10731,#10732,#10733,#10734,#10735,#10736,#10737,
    #10738,#10739,#10740,#10741,#10742,#10743,#10744,#10745,#10746,
    #10747,#10748,#10749,#10750,#10751,#10752,#10753,#10754,#10755,
    #10756,#10757,#10758,#10759,#10760,#10761,#10762,#10763,#10764,
    #10765,#10766,#10767,#10768,#10769,#10770,#10771,#10772,#10773,
    #10774,#10775,#10776,#10777,#10778,#10779,#10780,#10781,#10782,
    #10783,#10784,#10785,#10786,#10787,#10788,#10789,#10790,#10791,
    #10792,#10793,#10794,#10795,#10796,#10797,#10798,#10799,#10800,
    #10801,#10802,#10803,#10804,#10805,#10806,#10807,#10808,#10809,
    #10810,#10811,#10812,#10813,#10814,#10815,#10816,#10817,#10818,
    #10819,#10820,#10821,#10822,#10823,#10824,#10825,#10826,#10827,
    #10828,#10829,#10830,#10831,#10832,#10833,#10834,#10835,#10836,
    #10837,#10838,#10839,#10840,#10841,#10842,#10843,#10844,#10845,
    #10846,#10847,#10848,#10849,#10850,#10851,#10852,#10853,#10854,
    #10855,#10856,#10857,#10858),.UNSPECIFIED.,.F.,.F.,(4,1,1,1,1,1,1,1,
    1,1,1,1,1,1,1,1,1,1,1,1,1,1,1,1,1,1,1,1,1,1,1,1,1,1,1,1,1,1,1,1,1,1,
    1,1,1,1,1,1,1,1,1,1,1,1,1,1,1,1,1,1,1,1,1,1,1,1,1,1,1,1,1,1,1,1,1,1,
    1,1,1,1,1,1,1,1,1,1,1,1,1,1,1,1,1,1,1,1,1,1,1,1,1,1,1,1,1,1,1,1,1,1,
    1,1,1,1,1,1,1,1,1,1,1,1,1,1,1,1,1,1,1,1,1,1,1,1,1,1,1,1,1,1,1,1,1,1,
    1,1,1,1,1,1,1,1,1,1,1,1,1,1,1,1,1,1,1,1,1,1,1,1,1,1,1,1,1,1,1,1,4),(
    6.25E-02,6.321022727273E-02,6.392045454545E-02,6.463068181818E-02,
    6.534090909091E-02,6.605113636364E-02,6.676136363636E-02,
    6.747159090909E-02,6.818181818182E-02,6.889204545455E-02,
    6.960227272727E-02,7.03125E-02,7.102272727273E-02,7.173295454545E-02
    ,7.244318181818E-02,7.315340909091E-02,7.386363636364E-02,
    7.457386363636E-02,7.528409090909E-02,7.599431818182E-02,
    7.670454545455E-02,7.741477272727E-02,7.8125E-02,7.883522727273E-02,
    7.954545454545E-02,8.025568181818E-02,8.096590909091E-02,
    8.167613636364E-02,8.238636363636E-02,8.309659090909E-02,
    8.380681818182E-02,8.451704545455E-02,8.522727272727E-02,8.59375E-02
    ,8.664772727273E-02,8.735795454545E-02,8.806818181818E-02,
    8.877840909091E-02,8.948863636364E-02,9.019886363636E-02,
    9.090909090909E-02,9.161931818182E-02,9.232954545455E-02,
    9.303977272727E-02,9.375E-02,9.446022727273E-02,9.517045454545E-02,
    9.588068181818E-02,9.659090909091E-02,9.730113636364E-02,
    9.801136363636E-02,9.872159090909E-02,9.943181818182E-02,
    0.100142045455,0.100852272727,0.1015625,0.102272727273,
    0.102982954545,0.103693181818,0.104403409091,0.105113636364,
    0.105823863636,0.106534090909,0.107244318182,0.107954545455,
    0.108664772727,0.109375,0.110085227273,0.110795454545,0.111505681818
    ,0.112215909091,0.112926136364,0.113636363636,0.114346590909,
    0.115056818182,0.115767045455,0.116477272727,0.1171875,
    0.117897727273,0.118607954545,0.119318181818,0.120028409091,
    0.120738636364,0.121448863636,0.122159090909,0.122869318182,
    0.123579545455,0.124289772727,0.125,0.125710227273,0.126420454545,
    0.127130681818,0.127840909091,0.128551136364,0.129261363636,
    0.129971590909,0.130681818182,0.131392045455,0.132102272727,
    0.1328125,0.133522727273,0.134232954545,0.134943181818,
    0.135653409091,0.136363636364,0.137073863636,0.137784090909,
    0.138494318182,0.139204545455,0.139914772727,0.140625,0.141335227273
    ,0.142045454545,0.142755681818,0.143465909091,0.144176136364,
    0.144886363636,0.145596590909,0.146306818182,0.147017045455,
    0.147727272727,0.1484375,0.149147727273,0.149857954545,
    0.150568181818,0.151278409091,0.151988636364,0.152698863636,
    0.153409090909,0.154119318182,0.154829545455,0.155539772727,0.15625,
    0.156960227273,0.157670454545,0.158380681818,0.159090909091,
    0.159801136364,0.160511363636,0.161221590909,0.161931818182,
    0.162642045455,0.163352272727,0.1640625,0.164772727273,
    0.165482954545,0.166193181818,0.166903409091,0.167613636364,
    0.168323863636,0.169034090909,0.169744318182,0.170454545455,
    0.171164772727,0.171875,0.172585227273,0.173295454545,0.174005681818
    ,0.174715909091,0.175426136364,0.176136363636,0.176846590909,
    0.177556818182,0.178267045455,0.178977272727,0.1796875,
    0.180397727273,0.181107954545,0.181818181818,0.182528409091,
    0.183238636364,0.183948863636,0.184659090909,0.185369318182,
    0.186079545455,0.186789772727,0.1875),.QUASI_UNIFORM_KNOTS.);
#10680 = CARTESIAN_POINT('',(-5.42E-10,6.25E-02));
#10681 = CARTESIAN_POINT('',(-1.865879548196E-06,6.273674267584E-02));
#10682 = CARTESIAN_POINT('',(-3.893847754836E-06,6.321023827051E-02));
#10683 = CARTESIAN_POINT('',(-4.124720615138E-06,6.392049161795E-02));
#10684 = CARTESIAN_POINT('',(-5.409750202398E-06,6.463072969105E-02));
#10685 = CARTESIAN_POINT('',(-6.125490343656E-06,6.534094285663E-02));
#10686 = CARTESIAN_POINT('',(-8.492526472409E-06,6.6051136428E-02));
#10687 = CARTESIAN_POINT('',(-3.264776903305E-06,6.676136271235E-02));
#10688 = CARTESIAN_POINT('',(-1.062130611186E-05,6.747156951325E-02));
#10689 = CARTESIAN_POINT('',(-9.672982332336E-06,6.818178570948E-02));
#10690 = CARTESIAN_POINT('',(-1.126152425222E-05,6.889203699296E-02));
#10691 = CARTESIAN_POINT('',(4.797130701158E-06,6.960221959686E-02));
#10692 = CARTESIAN_POINT('',(-1.755763036102E-05,7.03126728975E-02));
#10693 = CARTESIAN_POINT('',(6.58179096899E-05,7.102207645231E-02));
#10694 = CARTESIAN_POINT('',(2.797877280798E-05,7.173320439232E-02));
#10695 = CARTESIAN_POINT('',(-6.881495706368E-06,7.244311689111E-02));
#10696 = CARTESIAN_POINT('',(-9.298297417287E-07,7.31534321201E-02));
#10697 = CARTESIAN_POINT('',(1.156813143862E-06,7.386363292316E-02));
#10698 = CARTESIAN_POINT('',(-1.359333812658E-05,7.457386069961E-02));
#10699 = CARTESIAN_POINT('',(-9.504151096234E-06,7.52840790648E-02));
#10700 = CARTESIAN_POINT('',(-1.089869261233E-05,7.599430592806E-02));
#10701 = CARTESIAN_POINT('',(-9.245522783592E-06,7.670453860674E-02));
#10702 = CARTESIAN_POINT('',(-1.434694192473E-05,7.74147628685E-02));
#10703 = CARTESIAN_POINT('',(4.475173663778E-06,7.812500592703E-02));
#10704 = CARTESIAN_POINT('',(-3.556789273131E-06,7.883521324063E-02));
#10705 = CARTESIAN_POINT('',(-1.556451175895E-06,7.954547601283E-02));
#10706 = CARTESIAN_POINT('',(-1.525840627929E-06,8.025558644888E-02));
#10707 = CARTESIAN_POINT('',(9.952557928843E-06,8.096681521149E-02));
#10708 = CARTESIAN_POINT('',(5.106477905291E-06,8.167610026566E-02));
#10709 = CARTESIAN_POINT('',(-7.122893027587E-06,8.238637791878E-02));
#10710 = CARTESIAN_POINT('',(-4.444607376131E-06,8.309659577989E-02));
#10711 = CARTESIAN_POINT('',(-5.708493247283E-06,8.380683549799E-02));
#10712 = CARTESIAN_POINT('',(-4.776769240451E-06,8.451706393648E-02));
#10713 = CARTESIAN_POINT('',(-7.672018171368E-06,8.522728431024E-02));
#10714 = CARTESIAN_POINT('',(2.879200190786E-06,8.593749312744E-02));
#10715 = CARTESIAN_POINT('',(-3.717135927731E-06,8.664773871163E-02));
#10716 = CARTESIAN_POINT('',(6.809089154965E-07,8.73579029889E-02));
#10717 = CARTESIAN_POINT('',(-1.031493433889E-05,8.806836537141E-02));
#10718 = CARTESIAN_POINT('',(6.98467630448E-05,8.87774077774E-02));
#10719 = CARTESIAN_POINT('',(6.467742298409E-06,8.948870250975E-02));
#10720 = CARTESIAN_POINT('',(-6.260511949986E-06,9.019884783472E-02));
#10721 = CARTESIAN_POINT('',(-5.170989899634E-06,9.090911763707E-02));
#10722 = CARTESIAN_POINT('',(-5.775326939593E-06,9.161935470261E-02));
#10723 = CARTESIAN_POINT('',(-4.847095128914E-06,9.232958307636E-02));
#10724 = CARTESIAN_POINT('',(-8.720560218815E-06,9.303978573876E-02));
#10725 = CARTESIAN_POINT('',(4.561175886624E-06,9.375000001875E-02));
#10726 = CARTESIAN_POINT('',(-9.52585572556E-06,9.44602138238E-02));
#10727 = CARTESIAN_POINT('',(-6.963510482749E-06,9.51704166895E-02));
#10728 = CARTESIAN_POINT('',(-8.40583595071E-06,9.588064589563E-02));
#10729 = CARTESIAN_POINT('',(-1.423604989575E-05,9.659088224483E-02));
#10730 = CARTESIAN_POINT('',(-4.995235339882E-06,9.730115248973E-02));
#10731 = CARTESIAN_POINT('',(7.677146403361E-06,9.801129728789E-02));
#10732 = CARTESIAN_POINT('',(4.003963296546E-05,9.872259268176E-02));
#10733 = CARTESIAN_POINT('',(-1.16579036626E-05,9.943163422686E-02));
#10734 = CARTESIAN_POINT('',(3.076710749694E-06,0.100142097511));
#10735 = CARTESIAN_POINT('',(-8.857005660316E-07,0.100852262417));
#10736 = CARTESIAN_POINT('',(2.150928673849E-07,0.101562505511));
#10737 = CARTESIAN_POINT('',(-2.112874341301E-07,0.102272719276));
#10738 = CARTESIAN_POINT('',(2.460185113764E-08,0.102982938568));
#10739 = CARTESIAN_POINT('',(-4.952310314168E-08,0.103693167681));
#10740 = CARTESIAN_POINT('',(1.702385614291E-07,0.104403407061));
#10741 = CARTESIAN_POINT('',(-6.38324429136E-07,0.105113626868));
#10742 = CARTESIAN_POINT('',(2.378249900539E-06,0.105823898333));
#10743 = CARTESIAN_POINT('',(3.927358043611E-05,0.106533185203));
#10744 = CARTESIAN_POINT('',(-5.269506889809E-06,0.107244413463));
#10745 = CARTESIAN_POINT('',(1.380160507985E-06,0.107954523296));
#10746 = CARTESIAN_POINT('',(-4.071337040282E-07,0.108664784177));
#10747 = CARTESIAN_POINT('',(1.20718443767E-07,0.109374997252));
#10748 = CARTESIAN_POINT('',(-7.456873183596E-08,0.110085226275));
#10749 = CARTESIAN_POINT('',(-5.485584610688E-08,0.110795454879));
#10750 = CARTESIAN_POINT('',(2.626227982236E-08,0.111505687512));
#10751 = CARTESIAN_POINT('',(-5.344527318256E-08,0.112215916185));
#10752 = CARTESIAN_POINT('',(1.875188129079E-07,0.112926134817));
#10753 = CARTESIAN_POINT('',(-6.96629978449E-07,0.113636367614));
#10754 = CARTESIAN_POINT('',(2.598902799446E-06,0.114346567291));
#10755 = CARTESIAN_POINT('',(-9.701665093325E-06,0.115056883033));
#10756 = CARTESIAN_POINT('',(3.619828677669E-05,0.115766795747));
#10757 = CARTESIAN_POINT('',(4.502389593873E-05,0.116477923935));
#10758 = CARTESIAN_POINT('',(-1.209760145509E-05,0.117187326859));
#10759 = CARTESIAN_POINT('',(3.128875839381E-06,0.11789778026));
#10760 = CARTESIAN_POINT('',(-1.05356505159E-06,0.118607962938));
#10761 = CARTESIAN_POINT('',(9.722647693174E-08,0.119318213659));
#10762 = CARTESIAN_POINT('',(-9.447374819563E-08,0.120028429678));
#10763 = CARTESIAN_POINT('',(2.555115136177E-08,0.120738636869));
#10764 = CARTESIAN_POINT('',(-8.607309963655E-09,0.121448862574));
#10765 = CARTESIAN_POINT('',(8.110975832764E-09,0.122159056213));
#10766 = CARTESIAN_POINT('',(-2.38365933674E-08,0.122869269577));
#10767 = CARTESIAN_POINT('',(8.590294561499E-08,0.123579507396));
#10768 = CARTESIAN_POINT('',(-3.197751890926E-07,0.124289762607));
#10769 = CARTESIAN_POINT('',(1.193197810755E-06,0.12500000011));
#10770 = CARTESIAN_POINT('',(-4.453016353443E-06,0.125710236952));
#10771 = CARTESIAN_POINT('',(-4.156973996648E-06,0.126420492456));
#10772 = CARTESIAN_POINT('',(-6.082323051742E-06,0.127130729398));
#10773 = CARTESIAN_POINT('',(-8.023774780138E-06,0.127840942697));
#10774 = CARTESIAN_POINT('',(-1.255722028301E-05,0.128551136063));
#10775 = CARTESIAN_POINT('',(-1.114636572334E-05,0.129261361942));
#10776 = CARTESIAN_POINT('',(-1.136375524553E-05,0.129971570343));
#10777 = CARTESIAN_POINT('',(-1.108163186944E-05,0.130681786091));
#10778 = CARTESIAN_POINT('',(-1.123583323502E-05,0.131392036914));
#10779 = CARTESIAN_POINT('',(-1.020827814121E-05,0.132102219635));
#10780 = CARTESIAN_POINT('',(-1.353311596806E-05,0.132812672888));
#10781 = CARTESIAN_POINT('',(6.472769165905E-05,0.133522076453));
#10782 = CARTESIAN_POINT('',(2.831609045645E-05,0.1342332044));
#10783 = CARTESIAN_POINT('',(-7.140548013683E-06,0.13494311686));
#10784 = CARTESIAN_POINT('',(-1.988604799517E-07,0.135653432238));
#10785 = CARTESIAN_POINT('',(9.515590646259E-07,0.136363632775));
#10786 = CARTESIAN_POINT('',(-8.853854662608E-06,0.13707386219));
#10787 = CARTESIAN_POINT('',(-6.120292300623E-06,0.13778408065));
#10788 = CARTESIAN_POINT('',(-6.405526889115E-06,0.138494308516));
#10789 = CARTESIAN_POINT('',(-5.148974534072E-06,0.13920454139));
#10790 = CARTESIAN_POINT('',(-8.262097554837E-06,0.139914767353));
#10791 = CARTESIAN_POINT('',(2.844514992396E-06,0.14062500473));
#10792 = CARTESIAN_POINT('',(-3.11985651174E-06,0.141335213543));
#10793 = CARTESIAN_POINT('',(-1.673523550075E-06,0.142045475918));
#10794 = CARTESIAN_POINT('',(-1.494483892598E-06,0.142755586474));
#10795 = CARTESIAN_POINT('',(9.943955144147E-06,0.143466815205));
#10796 = CARTESIAN_POINT('',(5.108118818151E-06,0.144176100268));
#10797 = CARTESIAN_POINT('',(-7.123680241681E-06,0.144886377917));
#10798 = CARTESIAN_POINT('',(-4.445129769919E-06,0.14559659578));
#10799 = CARTESIAN_POINT('',(-5.708072777859E-06,0.146306835499));
#10800 = CARTESIAN_POINT('',(-4.776133088638E-06,0.147017063936));
#10801 = CARTESIAN_POINT('',(-7.672216740092E-06,0.147727284312));
#10802 = CARTESIAN_POINT('',(2.879358313869E-06,0.148437493127));
#10803 = CARTESIAN_POINT('',(-3.717169645944E-06,0.149147738711));
#10804 = CARTESIAN_POINT('',(6.808856652659E-07,0.14985790299));
#10805 = CARTESIAN_POINT('',(-1.031480761976E-05,0.150568365368));
#10806 = CARTESIAN_POINT('',(6.984629884057E-05,0.151277407791));
#10807 = CARTESIAN_POINT('',(6.469473753024E-06,0.151988702459));
#10808 = CARTESIAN_POINT('',(-6.266483071944E-06,0.152698848026));
#10809 = CARTESIAN_POINT('',(-5.169519855795E-06,0.153409116931));
#10810 = CARTESIAN_POINT('',(-5.77523599299E-06,0.154119354903));
#10811 = CARTESIAN_POINT('',(-4.846053795006E-06,0.154829582972));
#10812 = CARTESIAN_POINT('',(-8.721806995307E-06,0.155539785952));
#10813 = CARTESIAN_POINT('',(4.561879159089E-06,0.156249999897));
#10814 = CARTESIAN_POINT('',(-9.527951103326E-06,0.156960214098));
#10815 = CARTESIAN_POINT('',(-6.957266011911E-06,0.15767041681));
#10816 = CARTESIAN_POINT('',(-8.41223742216E-06,0.158380645137));
#10817 = CARTESIAN_POINT('',(-1.423507992891E-05,0.15909088302));
#10818 = CARTESIAN_POINT('',(-4.992713236457E-06,0.159801152281));
#10819 = CARTESIAN_POINT('',(7.68100879581E-06,0.160511297344));
#10820 = CARTESIAN_POINT('',(4.002227097401E-05,0.161222592667));
#10821 = CARTESIAN_POINT('',(-1.159046566197E-05,0.161931634231));
#10822 = CARTESIAN_POINT('',(3.064539372795E-06,0.16264209751));
#10823 = CARTESIAN_POINT('',(-8.606789642354E-07,0.163352262417));
#10824 = CARTESIAN_POINT('',(2.13355329147E-07,0.164062505511));
#10825 = CARTESIAN_POINT('',(-1.11962944798E-07,0.164772719276));
#10826 = CARTESIAN_POINT('',(3.160829321514E-08,0.165482938568));
#10827 = CARTESIAN_POINT('',(-5.097002692902E-08,0.16619316768));
#10828 = CARTESIAN_POINT('',(1.722718145009E-07,0.166903407062));
#10829 = CARTESIAN_POINT('',(-6.381172310747E-07,0.167613626868));
#10830 = CARTESIAN_POINT('',(2.377539644351E-06,0.168323898333));
#10831 = CARTESIAN_POINT('',(3.927340990162E-05,0.169033185203));
#10832 = CARTESIAN_POINT('',(-5.269526765125E-06,0.169744413463));
#10833 = CARTESIAN_POINT('',(1.380410933022E-06,0.170454523296));
#10834 = CARTESIAN_POINT('',(-4.120287716109E-07,0.171164784177));
#10835 = CARTESIAN_POINT('',(1.266129761791E-07,0.171874997252));
#10836 = CARTESIAN_POINT('',(-9.336914940711E-08,0.172585226275));
#10837 = CARTESIAN_POINT('',(-1.515135749118E-07,0.173295454879));
#10838 = CARTESIAN_POINT('',(5.282597402372E-08,0.174005687512));
#10839 = CARTESIAN_POINT('',(-6.320022982324E-08,0.174715916184));
#10840 = CARTESIAN_POINT('',(1.967229452693E-07,0.175426134817));
#10841 = CARTESIAN_POINT('',(-7.236915512538E-07,0.176136367613));
#10842 = CARTESIAN_POINT('',(2.604890187306E-06,0.176846567292));
#10843 = CARTESIAN_POINT('',(-9.70218945081E-06,0.177556883028));
#10844 = CARTESIAN_POINT('',(3.619858099747E-05,0.178266795748));
#10845 = CARTESIAN_POINT('',(4.502397385442E-05,0.178977923934));
#10846 = CARTESIAN_POINT('',(-1.209724350759E-05,0.179687326859));
#10847 = CARTESIAN_POINT('',(3.128864348475E-06,0.18039778026));
#10848 = CARTESIAN_POINT('',(-1.053598950802E-06,0.181107962938));
#10849 = CARTESIAN_POINT('',(9.702307439908E-08,0.181818213659));
#10850 = CARTESIAN_POINT('',(-9.363352552523E-08,0.182528429677));
#10851 = CARTESIAN_POINT('',(2.389118329273E-08,0.183238636871));
#10852 = CARTESIAN_POINT('',(-7.281425920301E-09,0.183948862567));
#10853 = CARTESIAN_POINT('',(1.982520388474E-09,0.184659056239));
#10854 = CARTESIAN_POINT('',(-6.486556335946E-10,0.185369269479));
#10855 = CARTESIAN_POINT('',(1.493287102506E-10,0.186079507753));
#10856 = CARTESIAN_POINT('',(5.134079259233E-11,0.186789761276));
#10857 = CARTESIAN_POINT('',(-2.193476562158E-10,0.187263257134));
#10858 = CARTESIAN_POINT('',(-5.42E-10,0.1875));
#10859 = ( GEOMETRIC_REPRESENTATION_CONTEXT(2) 
PARAMETRIC_REPRESENTATION_CONTEXT() REPRESENTATION_CONTEXT('2D SPACE',''
  ) );
#10860 = PCURVE('',#4496,#10861);
#10861 = DEFINITIONAL_REPRESENTATION('',(#10862),#11042);
#10862 = B_SPLINE_CURVE_WITH_KNOTS('',3,(#10863,#10864,#10865,#10866,
    #10867,#10868,#10869,#10870,#10871,#10872,#10873,#10874,#10875,
    #10876,#10877,#10878,#10879,#10880,#10881,#10882,#10883,#10884,
    #10885,#10886,#10887,#10888,#10889,#10890,#10891,#10892,#10893,
    #10894,#10895,#10896,#10897,#10898,#10899,#10900,#10901,#10902,
    #10903,#10904,#10905,#10906,#10907,#10908,#10909,#10910,#10911,
    #10912,#10913,#10914,#10915,#10916,#10917,#10918,#10919,#10920,
    #10921,#10922,#10923,#10924,#10925,#10926,#10927,#10928,#10929,
    #10930,#10931,#10932,#10933,#10934,#10935,#10936,#10937,#10938,
    #10939,#10940,#10941,#10942,#10943,#10944,#10945,#10946,#10947,
    #10948,#10949,#10950,#10951,#10952,#10953,#10954,#10955,#10956,
    #10957,#10958,#10959,#10960,#10961,#10962,#10963,#10964,#10965,
    #10966,#10967,#10968,#10969,#10970,#10971,#10972,#10973,#10974,
    #10975,#10976,#10977,#10978,#10979,#10980,#10981,#10982,#10983,
    #10984,#10985,#10986,#10987,#10988,#10989,#10990,#10991,#10992,
    #10993,#10994,#10995,#10996,#10997,#10998,#10999,#11000,#11001,
    #11002,#11003,#11004,#11005,#11006,#11007,#11008,#11009,#11010,
    #11011,#11012,#11013,#11014,#11015,#11016,#11017,#11018,#11019,
    #11020,#11021,#11022,#11023,#11024,#11025,#11026,#11027,#11028,
    #11029,#11030,#11031,#11032,#11033,#11034,#11035,#11036,#11037,
    #11038,#11039,#11040,#11041),.UNSPECIFIED.,.F.,.F.,(4,1,1,1,1,1,1,1,
    1,1,1,1,1,1,1,1,1,1,1,1,1,1,1,1,1,1,1,1,1,1,1,1,1,1,1,1,1,1,1,1,1,1,
    1,1,1,1,1,1,1,1,1,1,1,1,1,1,1,1,1,1,1,1,1,1,1,1,1,1,1,1,1,1,1,1,1,1,
    1,1,1,1,1,1,1,1,1,1,1,1,1,1,1,1,1,1,1,1,1,1,1,1,1,1,1,1,1,1,1,1,1,1,
    1,1,1,1,1,1,1,1,1,1,1,1,1,1,1,1,1,1,1,1,1,1,1,1,1,1,1,1,1,1,1,1,1,1,
    1,1,1,1,1,1,1,1,1,1,1,1,1,1,1,1,1,1,1,1,1,1,1,1,1,1,1,1,1,1,1,1,4),(
    6.25E-02,6.321022727273E-02,6.392045454545E-02,6.463068181818E-02,
    6.534090909091E-02,6.605113636364E-02,6.676136363636E-02,
    6.747159090909E-02,6.818181818182E-02,6.889204545455E-02,
    6.960227272727E-02,7.03125E-02,7.102272727273E-02,7.173295454545E-02
    ,7.244318181818E-02,7.315340909091E-02,7.386363636364E-02,
    7.457386363636E-02,7.528409090909E-02,7.599431818182E-02,
    7.670454545455E-02,7.741477272727E-02,7.8125E-02,7.883522727273E-02,
    7.954545454545E-02,8.025568181818E-02,8.096590909091E-02,
    8.167613636364E-02,8.238636363636E-02,8.309659090909E-02,
    8.380681818182E-02,8.451704545455E-02,8.522727272727E-02,8.59375E-02
    ,8.664772727273E-02,8.735795454545E-02,8.806818181818E-02,
    8.877840909091E-02,8.948863636364E-02,9.019886363636E-02,
    9.090909090909E-02,9.161931818182E-02,9.232954545455E-02,
    9.303977272727E-02,9.375E-02,9.446022727273E-02,9.517045454545E-02,
    9.588068181818E-02,9.659090909091E-02,9.730113636364E-02,
    9.801136363636E-02,9.872159090909E-02,9.943181818182E-02,
    0.100142045455,0.100852272727,0.1015625,0.102272727273,
    0.102982954545,0.103693181818,0.104403409091,0.105113636364,
    0.105823863636,0.106534090909,0.107244318182,0.107954545455,
    0.108664772727,0.109375,0.110085227273,0.110795454545,0.111505681818
    ,0.112215909091,0.112926136364,0.113636363636,0.114346590909,
    0.115056818182,0.115767045455,0.116477272727,0.1171875,
    0.117897727273,0.118607954545,0.119318181818,0.120028409091,
    0.120738636364,0.121448863636,0.122159090909,0.122869318182,
    0.123579545455,0.124289772727,0.125,0.125710227273,0.126420454545,
    0.127130681818,0.127840909091,0.128551136364,0.129261363636,
    0.129971590909,0.130681818182,0.131392045455,0.132102272727,
    0.1328125,0.133522727273,0.134232954545,0.134943181818,
    0.135653409091,0.136363636364,0.137073863636,0.137784090909,
    0.138494318182,0.139204545455,0.139914772727,0.140625,0.141335227273
    ,0.142045454545,0.142755681818,0.143465909091,0.144176136364,
    0.144886363636,0.145596590909,0.146306818182,0.147017045455,
    0.147727272727,0.1484375,0.149147727273,0.149857954545,
    0.150568181818,0.151278409091,0.151988636364,0.152698863636,
    0.153409090909,0.154119318182,0.154829545455,0.155539772727,0.15625,
    0.156960227273,0.157670454545,0.158380681818,0.159090909091,
    0.159801136364,0.160511363636,0.161221590909,0.161931818182,
    0.162642045455,0.163352272727,0.1640625,0.164772727273,
    0.165482954545,0.166193181818,0.166903409091,0.167613636364,
    0.168323863636,0.169034090909,0.169744318182,0.170454545455,
    0.171164772727,0.171875,0.172585227273,0.173295454545,0.174005681818
    ,0.174715909091,0.175426136364,0.176136363636,0.176846590909,
    0.177556818182,0.178267045455,0.178977272727,0.1796875,
    0.180397727273,0.181107954545,0.181818181818,0.182528409091,
    0.183238636364,0.183948863636,0.184659090909,0.185369318182,
    0.186079545455,0.186789772727,0.1875),.QUASI_UNIFORM_KNOTS.);
#10863 = CARTESIAN_POINT('',(0.,-106.095931032));
#10864 = CARTESIAN_POINT('',(1.180033752153E-02,-106.094448187));
#10865 = CARTESIAN_POINT('',(3.544873013361E-02,-106.0914644099));
#10866 = CARTESIAN_POINT('',(7.104136648425E-02,-106.086943003));
#10867 = CARTESIAN_POINT('',(0.106730881883,-106.0823843774));
#10868 = CARTESIAN_POINT('',(0.14249432883,-106.0777970482));
#10869 = CARTESIAN_POINT('',(0.178309284787,-106.0731895594));
#10870 = CARTESIAN_POINT('',(0.214155457066,-106.068570346));
#10871 = CARTESIAN_POINT('',(0.250007265502,-106.0639487307));
#10872 = CARTESIAN_POINT('',(0.28584311868,-106.0593335264));
#10873 = CARTESIAN_POINT('',(0.321641089258,-106.0547331139));
#10874 = CARTESIAN_POINT('',(0.357374118148,-106.0501576906));
#10875 = CARTESIAN_POINT('',(0.393033154686,-106.0456106195));
#10876 = CARTESIAN_POINT('',(0.428542553801,-106.0411207849));
#10877 = CARTESIAN_POINT('',(0.463972102143,-106.0366613916));
#10878 = CARTESIAN_POINT('',(0.499484433123,-106.0321704587));
#10879 = CARTESIAN_POINT('',(0.53512409862,-106.0276308666));
#10880 = CARTESIAN_POINT('',(0.57084683037,-106.0230592854));
#10881 = CARTESIAN_POINT('',(0.606636498666,-106.0184618804));
#10882 = CARTESIAN_POINT('',(0.642468221746,-106.0138481343));
#10883 = CARTESIAN_POINT('',(0.678320171355,-106.0092267686));
#10884 = CARTESIAN_POINT('',(0.714169062033,-106.0046066563));
#10885 = CARTESIAN_POINT('',(0.749991324641,-105.9999967172));
#10886 = CARTESIAN_POINT('',(0.785764769745,-105.9954055316));
#10887 = CARTESIAN_POINT('',(0.821463947023,-105.990842992));
#10888 = CARTESIAN_POINT('',(0.857076673681,-105.9863137242));
#10889 = CARTESIAN_POINT('',(0.892544460806,-105.9818397911));
#10890 = CARTESIAN_POINT('',(0.928007733743,-105.9773676184));
#10891 = CARTESIAN_POINT('',(0.963546944895,-105.9728663308));
#10892 = CARTESIAN_POINT('',(0.999222637217,-105.9683128571));
#10893 = CARTESIAN_POINT('',(1.034977830863,-105.9637287752));
#10894 = CARTESIAN_POINT('',(1.070788780763,-105.9591233248));
#10895 = CARTESIAN_POINT('',(1.106632362422,-105.9545052369));
#10896 = CARTESIAN_POINT('',(1.142485232933,-105.9498833552));
#10897 = CARTESIAN_POINT('',(1.178324749683,-105.9452665815));
#10898 = CARTESIAN_POINT('',(1.214129314268,-105.9406634726));
#10899 = CARTESIAN_POINT('',(1.249871931966,-105.9360842389));
#10900 = CARTESIAN_POINT('',(1.28554421041,-105.9315321392));
#10901 = CARTESIAN_POINT('',(1.321054923068,-105.9270417349));
#10902 = CARTESIAN_POINT('',(1.356502412356,-105.9225755488));
#10903 = CARTESIAN_POINT('',(1.39200069756,-105.9180899636));
#10904 = CARTESIAN_POINT('',(1.42762582657,-105.9135559871));
#10905 = CARTESIAN_POINT('',(1.463338657551,-105.9089884219));
#10906 = CARTESIAN_POINT('',(1.499120303404,-105.9043942464));
#10907 = CARTESIAN_POINT('',(1.534946506222,-105.8997825712));
#10908 = CARTESIAN_POINT('',(1.570796326795,-105.895161802));
#10909 = CARTESIAN_POINT('',(1.606646147367,-105.8905410327));
#10910 = CARTESIAN_POINT('',(1.642472350186,-105.8859293575));
#10911 = CARTESIAN_POINT('',(1.678253996039,-105.8813351818));
#10912 = CARTESIAN_POINT('',(1.71396682702,-105.8767676164));
#10913 = CARTESIAN_POINT('',(1.74959195603,-105.8722336396));
#10914 = CARTESIAN_POINT('',(1.785090241234,-105.8677480541));
#10915 = CARTESIAN_POINT('',(1.820537730522,-105.863281868));
#10916 = CARTESIAN_POINT('',(1.85604844318,-105.8587914637));
#10917 = CARTESIAN_POINT('',(1.891720721623,-105.854239364));
#10918 = CARTESIAN_POINT('',(1.927463339322,-105.8496601303));
#10919 = CARTESIAN_POINT('',(1.963267903907,-105.8450570213));
#10920 = CARTESIAN_POINT('',(1.999107420657,-105.8404402482));
#10921 = CARTESIAN_POINT('',(2.034960291168,-105.8358183665));
#10922 = CARTESIAN_POINT('',(2.070803872827,-105.8312002786));
#10923 = CARTESIAN_POINT('',(2.106614822727,-105.8265948282));
#10924 = CARTESIAN_POINT('',(2.142370016373,-105.8220107465));
#10925 = CARTESIAN_POINT('',(2.178045708694,-105.8174572732));
#10926 = CARTESIAN_POINT('',(2.213584919847,-105.8129559854));
#10927 = CARTESIAN_POINT('',(2.249048192784,-105.808483813));
#10928 = CARTESIAN_POINT('',(2.284515979909,-105.804009879));
#10929 = CARTESIAN_POINT('',(2.320128706567,-105.7994806109));
#10930 = CARTESIAN_POINT('',(2.355827883845,-105.7949180726));
#10931 = CARTESIAN_POINT('',(2.391601328949,-105.7903268866));
#10932 = CARTESIAN_POINT('',(2.427423591557,-105.7857169474));
#10933 = CARTESIAN_POINT('',(2.463272482235,-105.7810968347));
#10934 = CARTESIAN_POINT('',(2.499124431843,-105.7764754687));
#10935 = CARTESIAN_POINT('',(2.534956154923,-105.7718617225));
#10936 = CARTESIAN_POINT('',(2.57074582322,-105.7672643175));
#10937 = CARTESIAN_POINT('',(2.60646855497,-105.7626927363));
#10938 = CARTESIAN_POINT('',(2.642108220467,-105.7581531443));
#10939 = CARTESIAN_POINT('',(2.677620551448,-105.7536622113));
#10940 = CARTESIAN_POINT('',(2.713050099785,-105.749202818));
#10941 = CARTESIAN_POINT('',(2.748559498916,-105.7447129832));
#10942 = CARTESIAN_POINT('',(2.784218535397,-105.7401659128));
#10943 = CARTESIAN_POINT('',(2.819951564501,-105.7355904894));
#10944 = CARTESIAN_POINT('',(2.855749534276,-105.7309900771));
#10945 = CARTESIAN_POINT('',(2.891585390454,-105.7263748715));
#10946 = CARTESIAN_POINT('',(2.927437187694,-105.7217532601));
#10947 = CARTESIAN_POINT('',(2.963283401757,-105.7171340313));
#10948 = CARTESIAN_POINT('',(2.999098201773,-105.7125266018));
#10949 = CARTESIAN_POINT('',(3.0348622307,-105.7079390519));
#10950 = CARTESIAN_POINT('',(3.070549574122,-105.7033812495));
#10951 = CARTESIAN_POINT('',(3.106150316398,-105.6988567698));
#10952 = CARTESIAN_POINT('',(3.14159265359,-105.694392571));
#10953 = CARTESIAN_POINT('',(3.177034990781,-105.6899283721));
#10954 = CARTESIAN_POINT('',(3.212635733058,-105.6854038924));
#10955 = CARTESIAN_POINT('',(3.24832307648,-105.68084609));
#10956 = CARTESIAN_POINT('',(3.284087105406,-105.6762585401));
#10957 = CARTESIAN_POINT('',(3.319901905423,-105.6716511106));
#10958 = CARTESIAN_POINT('',(3.355748119486,-105.6670318818));
#10959 = CARTESIAN_POINT('',(3.391599916725,-105.6624102704));
#10960 = CARTESIAN_POINT('',(3.427435772904,-105.6577950648));
#10961 = CARTESIAN_POINT('',(3.463233742678,-105.6531946525));
#10962 = CARTESIAN_POINT('',(3.498966771783,-105.6486192291));
#10963 = CARTESIAN_POINT('',(3.534625808264,-105.6440721587));
#10964 = CARTESIAN_POINT('',(3.570135207394,-105.6395823239));
#10965 = CARTESIAN_POINT('',(3.605564755732,-105.6351229306));
#10966 = CARTESIAN_POINT('',(3.641077086713,-105.6306319976));
#10967 = CARTESIAN_POINT('',(3.67671675221,-105.6260924056));
#10968 = CARTESIAN_POINT('',(3.71243948396,-105.6215208244));
#10969 = CARTESIAN_POINT('',(3.748229152256,-105.6169234194));
#10970 = CARTESIAN_POINT('',(3.784060875336,-105.6123096732));
#10971 = CARTESIAN_POINT('',(3.819912824945,-105.6076883072));
#10972 = CARTESIAN_POINT('',(3.855761715623,-105.6030681945));
#10973 = CARTESIAN_POINT('',(3.89158397823,-105.5984582553));
#10974 = CARTESIAN_POINT('',(3.927357423335,-105.5938670693));
#10975 = CARTESIAN_POINT('',(3.963056600613,-105.589304531));
#10976 = CARTESIAN_POINT('',(3.998669327271,-105.5847752629));
#10977 = CARTESIAN_POINT('',(4.034137114396,-105.5803013289));
#10978 = CARTESIAN_POINT('',(4.069600387332,-105.5758291565));
#10979 = CARTESIAN_POINT('',(4.105139598485,-105.5713278687));
#10980 = CARTESIAN_POINT('',(4.140815290807,-105.5667743954));
#10981 = CARTESIAN_POINT('',(4.176570484452,-105.5621903137));
#10982 = CARTESIAN_POINT('',(4.212381434353,-105.5575848633));
#10983 = CARTESIAN_POINT('',(4.248225016012,-105.5529667754));
#10984 = CARTESIAN_POINT('',(4.284077886522,-105.5483448937));
#10985 = CARTESIAN_POINT('',(4.319917403273,-105.5437281206));
#10986 = CARTESIAN_POINT('',(4.355721967858,-105.5391250116));
#10987 = CARTESIAN_POINT('',(4.391464585556,-105.5345457779));
#10988 = CARTESIAN_POINT('',(4.427136864,-105.5299936782));
#10989 = CARTESIAN_POINT('',(4.462647576658,-105.5255032739));
#10990 = CARTESIAN_POINT('',(4.498095065946,-105.5210370878));
#10991 = CARTESIAN_POINT('',(4.53359335115,-105.5165515023));
#10992 = CARTESIAN_POINT('',(4.56921848016,-105.5120175255));
#10993 = CARTESIAN_POINT('',(4.604931311141,-105.5074499601));
#10994 = CARTESIAN_POINT('',(4.640712956994,-105.5028557844));
#10995 = CARTESIAN_POINT('',(4.676539159812,-105.4982441092));
#10996 = CARTESIAN_POINT('',(4.712388980385,-105.49362334));
#10997 = CARTESIAN_POINT('',(4.748238800957,-105.4890025707));
#10998 = CARTESIAN_POINT('',(4.784065003775,-105.4843908955));
#10999 = CARTESIAN_POINT('',(4.819846649629,-105.4797967198));
#11000 = CARTESIAN_POINT('',(4.855559480609,-105.4752291544));
#11001 = CARTESIAN_POINT('',(4.891184609619,-105.4706951776));
#11002 = CARTESIAN_POINT('',(4.926682894824,-105.466209592));
#11003 = CARTESIAN_POINT('',(4.962130384111,-105.4617434066));
#11004 = CARTESIAN_POINT('',(4.99764109677,-105.4572530017));
#11005 = CARTESIAN_POINT('',(5.033313375213,-105.4527009027));
#11006 = CARTESIAN_POINT('',(5.069055992911,-105.4481216693));
#11007 = CARTESIAN_POINT('',(5.104860557497,-105.443518559));
#11008 = CARTESIAN_POINT('',(5.140700074247,-105.4389017863));
#11009 = CARTESIAN_POINT('',(5.176552944757,-105.4342799048));
#11010 = CARTESIAN_POINT('',(5.212396526416,-105.429661817));
#11011 = CARTESIAN_POINT('',(5.248207476317,-105.4250563667));
#11012 = CARTESIAN_POINT('',(5.283962669963,-105.4204722848));
#11013 = CARTESIAN_POINT('',(5.319638362284,-105.4159188111));
#11014 = CARTESIAN_POINT('',(5.355177573437,-105.4114175234));
#11015 = CARTESIAN_POINT('',(5.390640846373,-105.406945351));
#11016 = CARTESIAN_POINT('',(5.426108633498,-105.4024714171));
#11017 = CARTESIAN_POINT('',(5.461721360157,-105.3979421496));
#11018 = CARTESIAN_POINT('',(5.497420537435,-105.3933796104));
#11019 = CARTESIAN_POINT('',(5.533193982539,-105.3887884246));
#11020 = CARTESIAN_POINT('',(5.569016245146,-105.3841784854));
#11021 = CARTESIAN_POINT('',(5.604865135825,-105.3795583728));
#11022 = CARTESIAN_POINT('',(5.640717085433,-105.3749370071));
#11023 = CARTESIAN_POINT('',(5.676548808513,-105.3703232614));
#11024 = CARTESIAN_POINT('',(5.71233847681,-105.365725856));
#11025 = CARTESIAN_POINT('',(5.748061208559,-105.3611542749));
#11026 = CARTESIAN_POINT('',(5.783700874057,-105.3566146833));
#11027 = CARTESIAN_POINT('',(5.819213205037,-105.3521237503));
#11028 = CARTESIAN_POINT('',(5.854642753378,-105.347664357));
#11029 = CARTESIAN_POINT('',(5.890152152494,-105.3431745224));
#11030 = CARTESIAN_POINT('',(5.925811189032,-105.3386274512));
#11031 = CARTESIAN_POINT('',(5.961544217921,-105.3340520278));
#11032 = CARTESIAN_POINT('',(5.997342188499,-105.3294516151));
#11033 = CARTESIAN_POINT('',(6.033178041678,-105.3248364107));
#11034 = CARTESIAN_POINT('',(6.069029850114,-105.3202147956));
#11035 = CARTESIAN_POINT('',(6.104876022393,-105.3155955826));
#11036 = CARTESIAN_POINT('',(6.14069097835,-105.3109880935));
#11037 = CARTESIAN_POINT('',(6.176454425297,-105.306400764));
#11038 = CARTESIAN_POINT('',(6.212143940695,-105.3018421382));
#11039 = CARTESIAN_POINT('',(6.247736577046,-105.297320731));
#11040 = CARTESIAN_POINT('',(6.271384969658,-105.2943369539));
#11041 = CARTESIAN_POINT('',(6.28318530718,-105.292854109));
#11042 = ( GEOMETRIC_REPRESENTATION_CONTEXT(2) 
PARAMETRIC_REPRESENTATION_CONTEXT() REPRESENTATION_CONTEXT('2D SPACE',''
  ) );
#11043 = ORIENTED_EDGE('',*,*,#11044,.F.);
#11044 = EDGE_CURVE('',#11045,#10540,#11047,.T.);
#11045 = VERTEX_POINT('',#11046);
#11046 = CARTESIAN_POINT('',(295.1,210.,585.1));
#11047 = SURFACE_CURVE('',#11048,(#11116,#11211),.PCURVE_S1.);
#11048 = B_SPLINE_CURVE_WITH_KNOTS('',3,(#11049,#11050,#11051,#11052,
    #11053,#11054,#11055,#11056,#11057,#11058,#11059,#11060,#11061,
    #11062,#11063,#11064,#11065,#11066,#11067,#11068,#11069,#11070,
    #11071,#11072,#11073,#11074,#11075,#11076,#11077,#11078,#11079,
    #11080,#11081,#11082,#11083,#11084,#11085,#11086,#11087,#11088,
    #11089,#11090,#11091,#11092,#11093,#11094,#11095,#11096,#11097,
    #11098,#11099,#11100,#11101,#11102,#11103,#11104,#11105,#11106,
    #11107,#11108,#11109,#11110,#11111,#11112,#11113,#11114,#11115),
  .UNSPECIFIED.,.F.,.F.,(4,3,3,3,3,3,3,3,3,3,3,3,3,3,3,3,3,3,3,3,3,3,4),
  (0.,3.90625E-03,7.8125E-03,9.765625E-03,1.171875E-02,1.5625E-02,
    1.7578125E-02,1.953125E-02,2.34375E-02,2.5390625E-02,2.734375E-02,
    3.125E-02,3.515625E-02,3.7109375E-02,3.90625E-02,4.296875E-02,
    4.4921875E-02,4.6875E-02,5.078125E-02,5.2734375E-02,5.46875E-02,
    5.859375E-02,6.25E-02),.UNSPECIFIED.);
#11049 = CARTESIAN_POINT('',(295.1,210.,585.1));
#11050 = CARTESIAN_POINT('',(295.091844353,209.032961062,585.1));
#11051 = CARTESIAN_POINT('',(295.083415134,208.055184685,585.195055877)
  );
#11052 = CARTESIAN_POINT('',(295.074948628,207.094855417,585.385961032)
  );
#11053 = CARTESIAN_POINT('',(295.066482121,206.134526148,585.576866187)
  );
#11054 = CARTESIAN_POINT('',(295.057981358,205.192001007,585.863570018)
  );
#11055 = CARTESIAN_POINT('',(295.049689127,204.29376166,586.235958297));
#11056 = CARTESIAN_POINT('',(295.045543012,203.844641987,586.422152436)
  );
#11057 = CARTESIAN_POINT('',(295.041490059,203.407914946,586.628754311)
  );
#11058 = CARTESIAN_POINT('',(295.03735926,202.979604232,586.85754805));
#11059 = CARTESIAN_POINT('',(295.033228462,202.551293517,587.086341789)
  );
#11060 = CARTESIAN_POINT('',(295.029041849,202.132271104,587.337150659)
  );
#11061 = CARTESIAN_POINT('',(295.024828656,201.725777985,587.608581597)
  );
#11062 = CARTESIAN_POINT('',(295.016402268,200.912791745,588.151443473)
  );
#11063 = CARTESIAN_POINT('',(295.007870621,200.150422789,588.777307414)
  );
#11064 = CARTESIAN_POINT('',(294.999479273,199.46037751,589.467841733));
#11065 = CARTESIAN_POINT('',(294.9952836,199.11535487,589.813108893));
#11066 = CARTESIAN_POINT('',(294.991123094,198.788304366,590.174401563)
  );
#11067 = CARTESIAN_POINT('',(294.987026441,198.481135718,590.548769093)
  );
#11068 = CARTESIAN_POINT('',(294.982929789,198.17396707,590.923136623));
#11069 = CARTESIAN_POINT('',(294.978830424,197.884919823,591.312524224)
  );
#11070 = CARTESIAN_POINT('',(294.974657188,197.614078085,591.717552395)
  );
#11071 = CARTESIAN_POINT('',(294.966310715,197.072394611,592.527608738)
  );
#11072 = CARTESIAN_POINT('',(294.957789268,196.607201591,593.396933318)
  );
#11073 = CARTESIAN_POINT('',(294.949337827,196.232931293,594.301068591)
  );
#11074 = CARTESIAN_POINT('',(294.945112107,196.045796144,594.753136227)
  );
#11075 = CARTESIAN_POINT('',(294.940904095,195.881244291,595.213806368)
  );
#11076 = CARTESIAN_POINT('',(294.936743833,195.740111412,595.679632255)
  );
#11077 = CARTESIAN_POINT('',(294.932583572,195.598978532,596.145458143)
  );
#11078 = CARTESIAN_POINT('',(294.928515148,195.481560238,596.614726141)
  );
#11079 = CARTESIAN_POINT('',(294.924400837,195.386860302,597.090335383)
  );
#11080 = CARTESIAN_POINT('',(294.916172215,195.197460432,598.041553869)
  );
#11081 = CARTESIAN_POINT('',(294.907702353,195.1,599.020684427));
#11082 = CARTESIAN_POINT('',(294.899230769,195.1,600.));
#11083 = CARTESIAN_POINT('',(294.890759185,195.1,600.979315573));
#11084 = CARTESIAN_POINT('',(294.882289323,195.197460432,601.958446131)
  );
#11085 = CARTESIAN_POINT('',(294.874060702,195.386860302,602.909664617)
  );
#11086 = CARTESIAN_POINT('',(294.869946391,195.481560238,603.385273859)
  );
#11087 = CARTESIAN_POINT('',(294.865877967,195.598978532,603.854541857)
  );
#11088 = CARTESIAN_POINT('',(294.861717706,195.740111412,604.320367745)
  );
#11089 = CARTESIAN_POINT('',(294.857557444,195.881244291,604.786193632)
  );
#11090 = CARTESIAN_POINT('',(294.853349432,196.045796144,605.246863773)
  );
#11091 = CARTESIAN_POINT('',(294.849123712,196.232931293,605.698931409)
  );
#11092 = CARTESIAN_POINT('',(294.84067227,196.607201591,606.603066682));
#11093 = CARTESIAN_POINT('',(294.832150824,197.072394611,607.472391262)
  );
#11094 = CARTESIAN_POINT('',(294.82380435,197.614078085,608.282447605));
#11095 = CARTESIAN_POINT('',(294.819631114,197.884919823,608.687475776)
  );
#11096 = CARTESIAN_POINT('',(294.815531749,198.17396707,609.076863377));
#11097 = CARTESIAN_POINT('',(294.811435097,198.481135718,609.451230907)
  );
#11098 = CARTESIAN_POINT('',(294.807338445,198.788304366,609.825598437)
  );
#11099 = CARTESIAN_POINT('',(294.803177939,199.11535487,610.186891107));
#11100 = CARTESIAN_POINT('',(294.798982265,199.46037751,610.532158267));
#11101 = CARTESIAN_POINT('',(294.790590917,200.150422789,611.222692586)
  );
#11102 = CARTESIAN_POINT('',(294.782059271,200.912791745,611.848556527)
  );
#11103 = CARTESIAN_POINT('',(294.773632883,201.725777985,612.391418403)
  );
#11104 = CARTESIAN_POINT('',(294.76941969,202.132271104,612.662849341));
#11105 = CARTESIAN_POINT('',(294.765233077,202.551293517,612.913658211)
  );
#11106 = CARTESIAN_POINT('',(294.761102279,202.979604232,613.14245195));
#11107 = CARTESIAN_POINT('',(294.75697148,203.407914946,613.371245689));
#11108 = CARTESIAN_POINT('',(294.752918527,203.844641987,613.577847564)
  );
#11109 = CARTESIAN_POINT('',(294.748772412,204.29376166,613.764041703));
#11110 = CARTESIAN_POINT('',(294.74048018,205.192001007,614.136429982));
#11111 = CARTESIAN_POINT('',(294.731979417,206.134526148,614.423133813)
  );
#11112 = CARTESIAN_POINT('',(294.723512911,207.094855417,614.614038968)
  );
#11113 = CARTESIAN_POINT('',(294.715046404,208.055184685,614.804944123)
  );
#11114 = CARTESIAN_POINT('',(294.706617185,209.032961062,614.9));
#11115 = CARTESIAN_POINT('',(294.698461538,210.,614.9));
#11116 = PCURVE('',#2149,#11117);
#11117 = DEFINITIONAL_REPRESENTATION('',(#11118),#11210);
#11118 = B_SPLINE_CURVE_WITH_KNOTS('',3,(#11119,#11120,#11121,#11122,
    #11123,#11124,#11125,#11126,#11127,#11128,#11129,#11130,#11131,
    #11132,#11133,#11134,#11135,#11136,#11137,#11138,#11139,#11140,
    #11141,#11142,#11143,#11144,#11145,#11146,#11147,#11148,#11149,
    #11150,#11151,#11152,#11153,#11154,#11155,#11156,#11157,#11158,
    #11159,#11160,#11161,#11162,#11163,#11164,#11165,#11166,#11167,
    #11168,#11169,#11170,#11171,#11172,#11173,#11174,#11175,#11176,
    #11177,#11178,#11179,#11180,#11181,#11182,#11183,#11184,#11185,
    #11186,#11187,#11188,#11189,#11190,#11191,#11192,#11193,#11194,
    #11195,#11196,#11197,#11198,#11199,#11200,#11201,#11202,#11203,
    #11204,#11205,#11206,#11207,#11208,#11209),.UNSPECIFIED.,.F.,.F.,(4,
    1,1,1,1,1,1,1,1,1,1,1,1,1,1,1,1,1,1,1,1,1,1,1,1,1,1,1,1,1,1,1,1,1,1,
    1,1,1,1,1,1,1,1,1,1,1,1,1,1,1,1,1,1,1,1,1,1,1,1,1,1,1,1,1,1,1,1,1,1,
    1,1,1,1,1,1,1,1,1,1,1,1,1,1,1,1,1,1,1,4),(0.,7.102272727273E-04,
    1.420454545455E-03,2.130681818182E-03,2.840909090909E-03,
    3.551136363636E-03,4.261363636364E-03,4.971590909091E-03,
    5.681818181818E-03,6.392045454545E-03,7.102272727273E-03,7.8125E-03,
    8.522727272727E-03,9.232954545455E-03,9.943181818182E-03,
    1.065340909091E-02,1.136363636364E-02,1.207386363636E-02,
    1.278409090909E-02,1.349431818182E-02,1.420454545455E-02,
    1.491477272727E-02,1.5625E-02,1.633522727273E-02,1.704545454545E-02,
    1.775568181818E-02,1.846590909091E-02,1.917613636364E-02,
    1.988636363636E-02,2.059659090909E-02,2.130681818182E-02,
    2.201704545455E-02,2.272727272727E-02,2.34375E-02,2.414772727273E-02
    ,2.485795454545E-02,2.556818181818E-02,2.627840909091E-02,
    2.698863636364E-02,2.769886363636E-02,2.840909090909E-02,
    2.911931818182E-02,2.982954545455E-02,3.053977272727E-02,3.125E-02,
    3.196022727273E-02,3.267045454545E-02,3.338068181818E-02,
    3.409090909091E-02,3.480113636364E-02,3.551136363636E-02,
    3.622159090909E-02,3.693181818182E-02,3.764204545455E-02,
    3.835227272727E-02,3.90625E-02,3.977272727273E-02,4.048295454545E-02
    ,4.119318181818E-02,4.190340909091E-02,4.261363636364E-02,
    4.332386363636E-02,4.403409090909E-02,4.474431818182E-02,
    4.545454545455E-02,4.616477272727E-02,4.6875E-02,4.758522727273E-02,
    4.829545454545E-02,4.900568181818E-02,4.971590909091E-02,
    5.042613636364E-02,5.113636363636E-02,5.184659090909E-02,
    5.255681818182E-02,5.326704545455E-02,5.397727272727E-02,5.46875E-02
    ,5.539772727273E-02,5.610795454545E-02,5.681818181818E-02,
    5.752840909091E-02,5.823863636364E-02,5.894886363636E-02,
    5.965909090909E-02,6.036931818182E-02,6.107954545455E-02,
    6.178977272727E-02,6.25E-02),.QUASI_UNIFORM_KNOTS.);
#11119 = CARTESIAN_POINT('',(-5.42E-10,0.));
#11120 = CARTESIAN_POINT('',(-1.266668467895E-05,2.367428603569E-04));
#11121 = CARTESIAN_POINT('',(-1.727215004657E-05,7.102387108148E-04));
#11122 = CARTESIAN_POINT('',(5.733153559605E-06,1.4204922283E-03));
#11123 = CARTESIAN_POINT('',(-1.696889879649E-05,2.130730488669E-03));
#11124 = CARTESIAN_POINT('',(-9.260517161695E-06,2.840943723188E-03));
#11125 = CARTESIAN_POINT('',(-1.635256146775E-05,3.551137384935E-03));
#11126 = CARTESIAN_POINT('',(5.271742932484E-06,4.261363072113E-03));
#11127 = CARTESIAN_POINT('',(-1.604284486682E-05,4.971570254553E-03));
#11128 = CARTESIAN_POINT('',(-8.783381913319E-06,5.681786265312E-03));
#11129 = CARTESIAN_POINT('',(-1.574974336246E-05,6.39203696374E-03));
#11130 = CARTESIAN_POINT('',(5.549112451357E-06,7.102219679155E-03));
#11131 = CARTESIAN_POINT('',(-1.775514104761E-05,7.812672898477E-03));
#11132 = CARTESIAN_POINT('',(6.58590002877E-05,8.522076459148E-03));
#11133 = CARTESIAN_POINT('',(2.801313935763E-05,9.233204398223E-03));
#11134 = CARTESIAN_POINT('',(-7.060053071781E-06,9.943116860664E-03));
#11135 = CARTESIAN_POINT('',(-2.178231674606E-07,1.065343223744E-02));
#11136 = CARTESIAN_POINT('',(9.480025730125E-07,1.136363277534E-02));
#11137 = CARTESIAN_POINT('',(-8.820210511959E-06,1.207386218977E-02));
#11138 = CARTESIAN_POINT('',(-6.126554053597E-06,1.27840806503E-02));
#11139 = CARTESIAN_POINT('',(-6.40584542396E-06,1.349430851521E-02));
#11140 = CARTESIAN_POINT('',(-5.148575515648E-06,1.420454139091E-02));
#11141 = CARTESIAN_POINT('',(-8.263375093688E-06,1.491476735155E-02));
#11142 = CARTESIAN_POINT('',(2.844857127058E-06,1.562500473059E-02));
#11143 = CARTESIAN_POINT('',(-3.119947942796E-06,1.633521354274E-02));
#11144 = CARTESIAN_POINT('',(-1.673499960514E-06,1.70454759177E-02));
#11145 = CARTESIAN_POINT('',(-1.494486819787E-06,1.775558647437E-02));
#11146 = CARTESIAN_POINT('',(9.943943288548E-06,1.84668152047E-02));
#11147 = CARTESIAN_POINT('',(5.108168419241E-06,1.917610026736E-02));
#11148 = CARTESIAN_POINT('',(-7.123866504211E-06,1.98863779188E-02));
#11149 = CARTESIAN_POINT('',(-4.445111165835E-06,2.059659577965E-02));
#11150 = CARTESIAN_POINT('',(-5.707960931664E-06,2.130683549848E-02));
#11151 = CARTESIAN_POINT('',(-4.776599077505E-06,2.201706393675E-02));
#11152 = CARTESIAN_POINT('',(-7.672308917095E-06,2.272728431178E-02));
#11153 = CARTESIAN_POINT('',(2.879265160489E-06,2.343749312704E-02));
#11154 = CARTESIAN_POINT('',(-3.716704914536E-06,2.41477387117E-02));
#11155 = CARTESIAN_POINT('',(6.791198930149E-07,2.485790298902E-02));
#11156 = CARTESIAN_POINT('',(-1.030820926216E-05,2.556836537084E-02));
#11157 = CARTESIAN_POINT('',(6.982167058579E-05,2.627740777959E-02));
#11158 = CARTESIAN_POINT('',(6.56138841298E-06,2.698870250159E-02));
#11159 = CARTESIAN_POINT('',(-6.609513487765E-06,2.769884786517E-02));
#11160 = CARTESIAN_POINT('',(-5.523156094448E-06,2.840911769316E-02));
#11161 = CARTESIAN_POINT('',(-6.897050555822E-06,2.911935484117E-02));
#11162 = CARTESIAN_POINT('',(-5.990984043417E-06,2.982958318062E-02));
#11163 = CARTESIAN_POINT('',(-1.360122471754E-05,3.05397861071E-02));
#11164 = CARTESIAN_POINT('',(7.839085978398E-06,3.124999986967E-02));
#11165 = CARTESIAN_POINT('',(-1.775991152937E-05,3.196021405181E-02));
#11166 = CARTESIAN_POINT('',(-1.050567384927E-05,3.267041712385E-02));
#11167 = CARTESIAN_POINT('',(-1.271802958805E-05,3.338064577383E-02));
#11168 = CARTESIAN_POINT('',(-1.000397166652E-05,3.409088239932E-02));
#11169 = CARTESIAN_POINT('',(-1.761135409996E-05,3.480115253412E-02));
#11170 = CARTESIAN_POINT('',(1.106227663654E-05,3.5511297276E-02));
#11171 = CARTESIAN_POINT('',(3.911572317535E-05,3.622259268495E-02));
#11172 = CARTESIAN_POINT('',(-1.134739361582E-05,3.693163422601E-02));
#11173 = CARTESIAN_POINT('',(2.999391048476E-06,3.764209751157E-02));
#11174 = CARTESIAN_POINT('',(-8.436020010522E-07,3.835226241666E-02));
#11175 = CARTESIAN_POINT('',(2.099074773852E-07,3.906250551136E-02));
#11176 = CARTESIAN_POINT('',(-1.104417270768E-07,3.977271927572E-02));
#11177 = CARTESIAN_POINT('',(3.146013396125E-08,4.048293856796E-02));
#11178 = CARTESIAN_POINT('',(-5.08872295994E-08,4.119316768061E-02));
#11179 = CARTESIAN_POINT('',(1.720580365348E-07,4.190340706155E-02));
#11180 = CARTESIAN_POINT('',(-6.373449165398E-07,4.261362686756E-02));
#11181 = CARTESIAN_POINT('',(2.377321629624E-06,4.332389833269E-02));
#11182 = CARTESIAN_POINT('',(3.927348625956E-05,4.403318520256E-02));
#11183 = CARTESIAN_POINT('',(-5.269615504296E-06,4.474441346335E-02));
#11184 = CARTESIAN_POINT('',(1.380441737889E-06,4.545452329601E-02));
#11185 = CARTESIAN_POINT('',(-4.066955695398E-07,4.61647841766E-02));
#11186 = CARTESIAN_POINT('',(1.200308307411E-07,4.687499725154E-02));
#11187 = CARTESIAN_POINT('',(-7.51112982128E-08,4.758522627492E-02));
#11188 = CARTESIAN_POINT('',(-5.580058281086E-08,4.829545487864E-02));
#11189 = CARTESIAN_POINT('',(2.73992406928E-08,4.900568751202E-02));
#11190 = CARTESIAN_POINT('',(-5.379637996035E-08,4.971591618502E-02));
#11191 = CARTESIAN_POINT('',(1.877862791486E-07,5.042613481684E-02));
#11192 = CARTESIAN_POINT('',(-6.97348736634E-07,5.113636761366E-02));
#11193 = CARTESIAN_POINT('',(2.599124084475E-06,5.184656729115E-02));
#11194 = CARTESIAN_POINT('',(-9.701792343451E-06,5.25568830328E-02));
#11195 = CARTESIAN_POINT('',(3.61982788157E-05,5.326679574693E-02));
#11196 = CARTESIAN_POINT('',(4.502405541252E-05,5.397792393474E-02));
#11197 = CARTESIAN_POINT('',(-1.209726706744E-05,5.468732685863E-02));
#11198 = CARTESIAN_POINT('',(3.128876765107E-06,5.539778025974E-02));
#11199 = CARTESIAN_POINT('',(-1.053625395011E-06,5.610796293796E-02));
#11200 = CARTESIAN_POINT('',(9.711627965517E-08,5.681821365931E-02));
#11201 = CARTESIAN_POINT('',(-9.397956927944E-08,5.75284296774E-02));
#11202 = CARTESIAN_POINT('',(2.518162748179E-08,5.823863687054E-02));
#11203 = CARTESIAN_POINT('',(-6.746940647724E-09,5.894886256709E-02));
#11204 = CARTESIAN_POINT('',(1.806135109105E-09,5.965905623743E-02));
#11205 = CARTESIAN_POINT('',(-4.775997886947E-10,6.036926948473E-02));
#11206 = CARTESIAN_POINT('',(1.042640456742E-10,6.107950774214E-02));
#11207 = CARTESIAN_POINT('',(6.054360599784E-11,6.178976128074E-02));
#11208 = CARTESIAN_POINT('',(-2.107777777778E-10,6.226325713921E-02));
#11209 = CARTESIAN_POINT('',(-5.42E-10,6.25E-02));
#11210 = ( GEOMETRIC_REPRESENTATION_CONTEXT(2) 
PARAMETRIC_REPRESENTATION_CONTEXT() REPRESENTATION_CONTEXT('2D SPACE',''
  ) );
#11211 = PCURVE('',#4074,#11212);
#11212 = DEFINITIONAL_REPRESENTATION('',(#11213),#11305);
#11213 = B_SPLINE_CURVE_WITH_KNOTS('',3,(#11214,#11215,#11216,#11217,
    #11218,#11219,#11220,#11221,#11222,#11223,#11224,#11225,#11226,
    #11227,#11228,#11229,#11230,#11231,#11232,#11233,#11234,#11235,
    #11236,#11237,#11238,#11239,#11240,#11241,#11242,#11243,#11244,
    #11245,#11246,#11247,#11248,#11249,#11250,#11251,#11252,#11253,
    #11254,#11255,#11256,#11257,#11258,#11259,#11260,#11261,#11262,
    #11263,#11264,#11265,#11266,#11267,#11268,#11269,#11270,#11271,
    #11272,#11273,#11274,#11275,#11276,#11277,#11278,#11279,#11280,
    #11281,#11282,#11283,#11284,#11285,#11286,#11287,#11288,#11289,
    #11290,#11291,#11292,#11293,#11294,#11295,#11296,#11297,#11298,
    #11299,#11300,#11301,#11302,#11303,#11304),.UNSPECIFIED.,.F.,.F.,(4,
    1,1,1,1,1,1,1,1,1,1,1,1,1,1,1,1,1,1,1,1,1,1,1,1,1,1,1,1,1,1,1,1,1,1,
    1,1,1,1,1,1,1,1,1,1,1,1,1,1,1,1,1,1,1,1,1,1,1,1,1,1,1,1,1,1,1,1,1,1,
    1,1,1,1,1,1,1,1,1,1,1,1,1,1,1,1,1,1,1,4),(0.,7.102272727273E-04,
    1.420454545455E-03,2.130681818182E-03,2.840909090909E-03,
    3.551136363636E-03,4.261363636364E-03,4.971590909091E-03,
    5.681818181818E-03,6.392045454545E-03,7.102272727273E-03,7.8125E-03,
    8.522727272727E-03,9.232954545455E-03,9.943181818182E-03,
    1.065340909091E-02,1.136363636364E-02,1.207386363636E-02,
    1.278409090909E-02,1.349431818182E-02,1.420454545455E-02,
    1.491477272727E-02,1.5625E-02,1.633522727273E-02,1.704545454545E-02,
    1.775568181818E-02,1.846590909091E-02,1.917613636364E-02,
    1.988636363636E-02,2.059659090909E-02,2.130681818182E-02,
    2.201704545455E-02,2.272727272727E-02,2.34375E-02,2.414772727273E-02
    ,2.485795454545E-02,2.556818181818E-02,2.627840909091E-02,
    2.698863636364E-02,2.769886363636E-02,2.840909090909E-02,
    2.911931818182E-02,2.982954545455E-02,3.053977272727E-02,3.125E-02,
    3.196022727273E-02,3.267045454545E-02,3.338068181818E-02,
    3.409090909091E-02,3.480113636364E-02,3.551136363636E-02,
    3.622159090909E-02,3.693181818182E-02,3.764204545455E-02,
    3.835227272727E-02,3.90625E-02,3.977272727273E-02,4.048295454545E-02
    ,4.119318181818E-02,4.190340909091E-02,4.261363636364E-02,
    4.332386363636E-02,4.403409090909E-02,4.474431818182E-02,
    4.545454545455E-02,4.616477272727E-02,4.6875E-02,4.758522727273E-02,
    4.829545454545E-02,4.900568181818E-02,4.971590909091E-02,
    5.042613636364E-02,5.113636363636E-02,5.184659090909E-02,
    5.255681818182E-02,5.326704545455E-02,5.397727272727E-02,5.46875E-02
    ,5.539772727273E-02,5.610795454545E-02,5.681818181818E-02,
    5.752840909091E-02,5.823863636364E-02,5.894886363636E-02,
    5.965909090909E-02,6.036931818182E-02,6.107954545455E-02,
    6.178977272727E-02,6.25E-02),.QUASI_UNIFORM_KNOTS.);
#11214 = CARTESIAN_POINT('',(3.14159265359,-106.497469494));
#11215 = CARTESIAN_POINT('',(3.153392991111,-106.495986649));
#11216 = CARTESIAN_POINT('',(3.177041383723,-106.4930028719));
#11217 = CARTESIAN_POINT('',(3.212634020074,-106.4884814647));
#11218 = CARTESIAN_POINT('',(3.248323535472,-106.483922839));
#11219 = CARTESIAN_POINT('',(3.284086982419,-106.4793355097));
#11220 = CARTESIAN_POINT('',(3.319901938377,-106.4747280211));
#11221 = CARTESIAN_POINT('',(3.355748110656,-106.4701088081));
#11222 = CARTESIAN_POINT('',(3.391599919091,-106.4654871925));
#11223 = CARTESIAN_POINT('',(3.42743577227,-106.460871988));
#11224 = CARTESIAN_POINT('',(3.463233742848,-106.4562715754));
#11225 = CARTESIAN_POINT('',(3.498966771738,-106.4516961522));
#11226 = CARTESIAN_POINT('',(3.534625808276,-106.4471490817));
#11227 = CARTESIAN_POINT('',(3.570135207391,-106.4426592469));
#11228 = CARTESIAN_POINT('',(3.605564755733,-106.4381998536));
#11229 = CARTESIAN_POINT('',(3.641077086713,-106.4337089206));
#11230 = CARTESIAN_POINT('',(3.67671675221,-106.4291693286));
#11231 = CARTESIAN_POINT('',(3.71243948396,-106.4245977474));
#11232 = CARTESIAN_POINT('',(3.748229152256,-106.4200003424));
#11233 = CARTESIAN_POINT('',(3.784060875336,-106.4153865962));
#11234 = CARTESIAN_POINT('',(3.819912824945,-106.4107652302));
#11235 = CARTESIAN_POINT('',(3.855761715623,-106.4061451175));
#11236 = CARTESIAN_POINT('',(3.89158397823,-106.4015351783));
#11237 = CARTESIAN_POINT('',(3.927357423335,-106.3969439923));
#11238 = CARTESIAN_POINT('',(3.963056600613,-106.392381454));
#11239 = CARTESIAN_POINT('',(3.998669327271,-106.3878521859));
#11240 = CARTESIAN_POINT('',(4.034137114396,-106.3833782519));
#11241 = CARTESIAN_POINT('',(4.069600387332,-106.3789060795));
#11242 = CARTESIAN_POINT('',(4.105139598485,-106.3744047917));
#11243 = CARTESIAN_POINT('',(4.140815290807,-106.3698513184));
#11244 = CARTESIAN_POINT('',(4.176570484453,-106.3652672367));
#11245 = CARTESIAN_POINT('',(4.212381434353,-106.3606617863));
#11246 = CARTESIAN_POINT('',(4.248225016012,-106.3560436984));
#11247 = CARTESIAN_POINT('',(4.284077886522,-106.3514218167));
#11248 = CARTESIAN_POINT('',(4.319917403273,-106.3468050436));
#11249 = CARTESIAN_POINT('',(4.355721967858,-106.3422019346));
#11250 = CARTESIAN_POINT('',(4.391464585556,-106.3376227009));
#11251 = CARTESIAN_POINT('',(4.427136864,-106.3330706012));
#11252 = CARTESIAN_POINT('',(4.462647576658,-106.3285801969));
#11253 = CARTESIAN_POINT('',(4.498095065946,-106.3241140108));
#11254 = CARTESIAN_POINT('',(4.53359335115,-106.3196284253));
#11255 = CARTESIAN_POINT('',(4.56921848016,-106.3150944485));
#11256 = CARTESIAN_POINT('',(4.604931311141,-106.3105268831));
#11257 = CARTESIAN_POINT('',(4.640712956994,-106.3059327074));
#11258 = CARTESIAN_POINT('',(4.676539159812,-106.3013210322));
#11259 = CARTESIAN_POINT('',(4.712388980385,-106.296700263));
#11260 = CARTESIAN_POINT('',(4.748238800957,-106.2920794937));
#11261 = CARTESIAN_POINT('',(4.784065003775,-106.2874678185));
#11262 = CARTESIAN_POINT('',(4.819846649629,-106.282873643));
#11263 = CARTESIAN_POINT('',(4.855559480609,-106.2783060778));
#11264 = CARTESIAN_POINT('',(4.891184609619,-106.2737721013));
#11265 = CARTESIAN_POINT('',(4.926682894824,-106.2692865161));
#11266 = CARTESIAN_POINT('',(4.962130384111,-106.26482033));
#11267 = CARTESIAN_POINT('',(4.99764109677,-106.2603299257));
#11268 = CARTESIAN_POINT('',(5.033313375213,-106.255777826));
#11269 = CARTESIAN_POINT('',(5.069055992911,-106.2511985923));
#11270 = CARTESIAN_POINT('',(5.104860557497,-106.2465954834));
#11271 = CARTESIAN_POINT('',(5.140700074247,-106.2419787097));
#11272 = CARTESIAN_POINT('',(5.176552944757,-106.237356828));
#11273 = CARTESIAN_POINT('',(5.212396526416,-106.2327387401));
#11274 = CARTESIAN_POINT('',(5.248207476317,-106.2281332897));
#11275 = CARTESIAN_POINT('',(5.283962669963,-106.2235492078));
#11276 = CARTESIAN_POINT('',(5.319638362284,-106.2189957341));
#11277 = CARTESIAN_POINT('',(5.355177573437,-106.2144944465));
#11278 = CARTESIAN_POINT('',(5.390640846373,-106.2100222738));
#11279 = CARTESIAN_POINT('',(5.426108633498,-106.2055483407));
#11280 = CARTESIAN_POINT('',(5.461721360157,-106.2010190729));
#11281 = CARTESIAN_POINT('',(5.497420537435,-106.1964565333));
#11282 = CARTESIAN_POINT('',(5.533193982539,-106.1918653477));
#11283 = CARTESIAN_POINT('',(5.569016245146,-106.1872554086));
#11284 = CARTESIAN_POINT('',(5.604865135825,-106.1826352963));
#11285 = CARTESIAN_POINT('',(5.640717085433,-106.1780139306));
#11286 = CARTESIAN_POINT('',(5.676548808513,-106.1734001845));
#11287 = CARTESIAN_POINT('',(5.71233847681,-106.1688027795));
#11288 = CARTESIAN_POINT('',(5.748061208559,-106.1642311983));
#11289 = CARTESIAN_POINT('',(5.783700874057,-106.1596916063));
#11290 = CARTESIAN_POINT('',(5.819213205037,-106.1552006733));
#11291 = CARTESIAN_POINT('',(5.854642753378,-106.15074128));
#11292 = CARTESIAN_POINT('',(5.890152152494,-106.1462514454));
#11293 = CARTESIAN_POINT('',(5.925811189032,-106.1417043742));
#11294 = CARTESIAN_POINT('',(5.961544217921,-106.1371289508));
#11295 = CARTESIAN_POINT('',(5.997342188499,-106.1325285381));
#11296 = CARTESIAN_POINT('',(6.033178041678,-106.1279133337));
#11297 = CARTESIAN_POINT('',(6.069029850114,-106.1232917186));
#11298 = CARTESIAN_POINT('',(6.104876022393,-106.1186725056));
#11299 = CARTESIAN_POINT('',(6.14069097835,-106.1140650165));
#11300 = CARTESIAN_POINT('',(6.176454425297,-106.109477687));
#11301 = CARTESIAN_POINT('',(6.212143940695,-106.1049190612));
#11302 = CARTESIAN_POINT('',(6.247736577046,-106.100397654));
#11303 = CARTESIAN_POINT('',(6.271384969658,-106.0974138769));
#11304 = CARTESIAN_POINT('',(6.28318530718,-106.095931032));
#11305 = ( GEOMETRIC_REPRESENTATION_CONTEXT(2) 
PARAMETRIC_REPRESENTATION_CONTEXT() REPRESENTATION_CONTEXT('2D SPACE',''
  ) );
#11306 = ORIENTED_EDGE('',*,*,#11307,.T.);
#11307 = EDGE_CURVE('',#11045,#1563,#11308,.T.);
#11308 = SURFACE_CURVE('',#11309,(#11313,#11319),.PCURVE_S1.);
#11309 = LINE('',#11310,#11311);
#11310 = CARTESIAN_POINT('',(295.1,210.,585.1));
#11311 = VECTOR('',#11312,1.);
#11312 = DIRECTION('',(0.707106781187,-0.,-0.707106781187));
#11313 = PCURVE('',#2149,#11314);
#11314 = DEFINITIONAL_REPRESENTATION('',(#11315),#11318);
#11315 = B_SPLINE_CURVE_WITH_KNOTS('',1,(#11316,#11317),.UNSPECIFIED.,
  .F.,.F.,(2,2),(0.,0.565685424949),.PIECEWISE_BEZIER_KNOTS.);
#11316 = CARTESIAN_POINT('',(1.385265311349E-13,-3.581484025026E-18));
#11317 = CARTESIAN_POINT('',(1.,4.420369545447E-17));
#11318 = ( GEOMETRIC_REPRESENTATION_CONTEXT(2) 
PARAMETRIC_REPRESENTATION_CONTEXT() REPRESENTATION_CONTEXT('2D SPACE',''
  ) );
#11319 = PCURVE('',#3894,#11320);
#11320 = DEFINITIONAL_REPRESENTATION('',(#11321),#11325);
#11321 = LINE('',#11322,#11323);
#11322 = CARTESIAN_POINT('',(14.9,65.1));
#11323 = VECTOR('',#11324,1.);
#11324 = DIRECTION('',(0.707106781187,0.707106781187));
#11325 = ( GEOMETRIC_REPRESENTATION_CONTEXT(2) 
PARAMETRIC_REPRESENTATION_CONTEXT() REPRESENTATION_CONTEXT('2D SPACE',''
  ) );
#11326 = ADVANCED_FACE('',(#11327),#3894,.F.);
#11327 = FACE_BOUND('',#11328,.T.);
#11328 = EDGE_LOOP('',(#11329,#11330,#11331));
#11329 = ORIENTED_EDGE('',*,*,#3879,.F.);
#11330 = ORIENTED_EDGE('',*,*,#11307,.F.);
#11331 = ORIENTED_EDGE('',*,*,#11332,.F.);
#11332 = EDGE_CURVE('',#3880,#11045,#11333,.T.);
#11333 = SURFACE_CURVE('',#11334,(#11338,#11345),.PCURVE_S1.);
#11334 = LINE('',#11335,#11336);
#11335 = CARTESIAN_POINT('',(295.9,210.,585.1));
#11336 = VECTOR('',#11337,1.);
#11337 = DIRECTION('',(-1.,0.,0.));
#11338 = PCURVE('',#3894,#11339);
#11339 = DEFINITIONAL_REPRESENTATION('',(#11340),#11344);
#11340 = LINE('',#11341,#11342);
#11341 = CARTESIAN_POINT('',(14.9,65.9));
#11342 = VECTOR('',#11343,1.);
#11343 = DIRECTION('',(0.,-1.));
#11344 = ( GEOMETRIC_REPRESENTATION_CONTEXT(2) 
PARAMETRIC_REPRESENTATION_CONTEXT() REPRESENTATION_CONTEXT('2D SPACE',''
  ) );
#11345 = PCURVE('',#4074,#11346);
#11346 = DEFINITIONAL_REPRESENTATION('',(#11347),#11351);
#11347 = LINE('',#11348,#11349);
#11348 = CARTESIAN_POINT('',(3.14159265359,-107.297469494));
#11349 = VECTOR('',#11350,1.);
#11350 = DIRECTION('',(0.,1.));
#11351 = ( GEOMETRIC_REPRESENTATION_CONTEXT(2) 
PARAMETRIC_REPRESENTATION_CONTEXT() REPRESENTATION_CONTEXT('2D SPACE',''
  ) );
#11352 = ADVANCED_FACE('',(#11353),#72,.T.);
#11353 = FACE_BOUND('',#11354,.T.);
#11354 = EDGE_LOOP('',(#11355,#11356,#11357,#11379,#11380));
#11355 = ORIENTED_EDGE('',*,*,#56,.F.);
#11356 = ORIENTED_EDGE('',*,*,#7680,.F.);
#11357 = ORIENTED_EDGE('',*,*,#11358,.F.);
#11358 = EDGE_CURVE('',#7730,#7681,#11359,.T.);
#11359 = SURFACE_CURVE('',#11360,(#11365,#11372),.PCURVE_S1.);
#11360 = CIRCLE('',#11361,14.9);
#11361 = AXIS2_PLACEMENT_3D('',#11362,#11363,#11364);
#11362 = CARTESIAN_POINT('',(290.,210.,600.));
#11363 = DIRECTION('',(-1.,0.,0.));
#11364 = DIRECTION('',(0.,0.,1.));
#11365 = PCURVE('',#72,#11366);
#11366 = DEFINITIONAL_REPRESENTATION('',(#11367),#11371);
#11367 = CIRCLE('',#11368,14.9);
#11368 = AXIS2_PLACEMENT_2D('',#11369,#11370);
#11369 = CARTESIAN_POINT('',(0.,0.));
#11370 = DIRECTION('',(1.,0.));
#11371 = ( GEOMETRIC_REPRESENTATION_CONTEXT(2) 
PARAMETRIC_REPRESENTATION_CONTEXT() REPRESENTATION_CONTEXT('2D SPACE',''
  ) );
#11372 = PCURVE('',#7046,#11373);
#11373 = DEFINITIONAL_REPRESENTATION('',(#11374),#11378);
#11374 = LINE('',#11375,#11376);
#11375 = CARTESIAN_POINT('',(8.881784197001E-16,-101.397469494));
#11376 = VECTOR('',#11377,1.);
#11377 = DIRECTION('',(1.,0.));
#11378 = ( GEOMETRIC_REPRESENTATION_CONTEXT(2) 
PARAMETRIC_REPRESENTATION_CONTEXT() REPRESENTATION_CONTEXT('2D SPACE',''
  ) );
#11379 = ORIENTED_EDGE('',*,*,#7729,.F.);
#11380 = ORIENTED_EDGE('',*,*,#1329,.F.);
#11381 = ADVANCED_FACE('',(#11382),#7046,.F.);
#11382 = FACE_BOUND('',#11383,.F.);
#11383 = EDGE_LOOP('',(#11384,#11385,#11386,#11387,#11388));
#11384 = ORIENTED_EDGE('',*,*,#6724,.T.);
#11385 = ORIENTED_EDGE('',*,*,#7704,.F.);
#11386 = ORIENTED_EDGE('',*,*,#11358,.F.);
#11387 = ORIENTED_EDGE('',*,*,#8020,.F.);
#11388 = ORIENTED_EDGE('',*,*,#11389,.T.);
#11389 = EDGE_CURVE('',#8021,#6215,#11390,.T.);
#11390 = SURFACE_CURVE('',#11391,(#11395,#11402),.PCURVE_S1.);
#11391 = LINE('',#11392,#11393);
#11392 = CARTESIAN_POINT('',(290.683076923,210.,614.9));
#11393 = VECTOR('',#11394,1.);
#11394 = DIRECTION('',(1.,-0.,-0.));
#11395 = PCURVE('',#7046,#11396);
#11396 = DEFINITIONAL_REPRESENTATION('',(#11397),#11401);
#11397 = LINE('',#11398,#11399);
#11398 = CARTESIAN_POINT('',(0.,-102.080546417));
#11399 = VECTOR('',#11400,1.);
#11400 = DIRECTION('',(0.,-1.));
#11401 = ( GEOMETRIC_REPRESENTATION_CONTEXT(2) 
PARAMETRIC_REPRESENTATION_CONTEXT() REPRESENTATION_CONTEXT('2D SPACE',''
  ) );
#11402 = PCURVE('',#6536,#11403);
#11403 = DEFINITIONAL_REPRESENTATION('',(#11404),#11408);
#11404 = LINE('',#11405,#11406);
#11405 = CARTESIAN_POINT('',(6.28318530718,-102.080546417));
#11406 = VECTOR('',#11407,1.);
#11407 = DIRECTION('',(0.,-1.));
#11408 = ( GEOMETRIC_REPRESENTATION_CONTEXT(2) 
PARAMETRIC_REPRESENTATION_CONTEXT() REPRESENTATION_CONTEXT('2D SPACE',''
  ) );
#11409 = ADVANCED_FACE('',(#11410),#6536,.F.);
#11410 = FACE_BOUND('',#11411,.F.);
#11411 = EDGE_LOOP('',(#11412,#11413,#11414,#11415));
#11412 = ORIENTED_EDGE('',*,*,#6214,.T.);
#11413 = ORIENTED_EDGE('',*,*,#11389,.F.);
#11414 = ORIENTED_EDGE('',*,*,#8519,.F.);
#11415 = ORIENTED_EDGE('',*,*,#11416,.T.);
#11416 = EDGE_CURVE('',#8520,#5705,#11417,.T.);
#11417 = SURFACE_CURVE('',#11418,(#11422,#11429),.PCURVE_S1.);
#11418 = LINE('',#11419,#11420);
#11419 = CARTESIAN_POINT('',(291.486153846,210.,614.9));
#11420 = VECTOR('',#11421,1.);
#11421 = DIRECTION('',(1.,-0.,-0.));
#11422 = PCURVE('',#6536,#11423);
#11423 = DEFINITIONAL_REPRESENTATION('',(#11424),#11428);
#11424 = LINE('',#11425,#11426);
#11425 = CARTESIAN_POINT('',(0.,-102.88362334));
#11426 = VECTOR('',#11427,1.);
#11427 = DIRECTION('',(0.,-1.));
#11428 = ( GEOMETRIC_REPRESENTATION_CONTEXT(2) 
PARAMETRIC_REPRESENTATION_CONTEXT() REPRESENTATION_CONTEXT('2D SPACE',''
  ) );
#11429 = PCURVE('',#6026,#11430);
#11430 = DEFINITIONAL_REPRESENTATION('',(#11431),#11435);
#11431 = LINE('',#11432,#11433);
#11432 = CARTESIAN_POINT('',(6.28318530718,-102.88362334));
#11433 = VECTOR('',#11434,1.);
#11434 = DIRECTION('',(0.,-1.));
#11435 = ( GEOMETRIC_REPRESENTATION_CONTEXT(2) 
PARAMETRIC_REPRESENTATION_CONTEXT() REPRESENTATION_CONTEXT('2D SPACE',''
  ) );
#11436 = ADVANCED_FACE('',(#11437),#6026,.F.);
#11437 = FACE_BOUND('',#11438,.F.);
#11438 = EDGE_LOOP('',(#11439,#11440,#11441,#11442));
#11439 = ORIENTED_EDGE('',*,*,#5704,.T.);
#11440 = ORIENTED_EDGE('',*,*,#11416,.F.);
#11441 = ORIENTED_EDGE('',*,*,#9024,.F.);
#11442 = ORIENTED_EDGE('',*,*,#11443,.T.);
#11443 = EDGE_CURVE('',#9025,#5195,#11444,.T.);
#11444 = SURFACE_CURVE('',#11445,(#11449,#11456),.PCURVE_S1.);
#11445 = LINE('',#11446,#11447);
#11446 = CARTESIAN_POINT('',(292.289230769,210.,614.9));
#11447 = VECTOR('',#11448,1.);
#11448 = DIRECTION('',(1.,-0.,-0.));
#11449 = PCURVE('',#6026,#11450);
#11450 = DEFINITIONAL_REPRESENTATION('',(#11451),#11455);
#11451 = LINE('',#11452,#11453);
#11452 = CARTESIAN_POINT('',(0.,-103.686700263));
#11453 = VECTOR('',#11454,1.);
#11454 = DIRECTION('',(0.,-1.));
#11455 = ( GEOMETRIC_REPRESENTATION_CONTEXT(2) 
PARAMETRIC_REPRESENTATION_CONTEXT() REPRESENTATION_CONTEXT('2D SPACE',''
  ) );
#11456 = PCURVE('',#5516,#11457);
#11457 = DEFINITIONAL_REPRESENTATION('',(#11458),#11462);
#11458 = LINE('',#11459,#11460);
#11459 = CARTESIAN_POINT('',(6.28318530718,-103.686700263));
#11460 = VECTOR('',#11461,1.);
#11461 = DIRECTION('',(0.,-1.));
#11462 = ( GEOMETRIC_REPRESENTATION_CONTEXT(2) 
PARAMETRIC_REPRESENTATION_CONTEXT() REPRESENTATION_CONTEXT('2D SPACE',''
  ) );
#11463 = ADVANCED_FACE('',(#11464),#5516,.F.);
#11464 = FACE_BOUND('',#11465,.F.);
#11465 = EDGE_LOOP('',(#11466,#11467,#11468,#11469));
#11466 = ORIENTED_EDGE('',*,*,#5194,.T.);
#11467 = ORIENTED_EDGE('',*,*,#11443,.F.);
#11468 = ORIENTED_EDGE('',*,*,#9529,.F.);
#11469 = ORIENTED_EDGE('',*,*,#11470,.T.);
#11470 = EDGE_CURVE('',#9530,#4685,#11471,.T.);
#11471 = SURFACE_CURVE('',#11472,(#11476,#11483),.PCURVE_S1.);
#11472 = LINE('',#11473,#11474);
#11473 = CARTESIAN_POINT('',(293.092307692,210.,614.9));
#11474 = VECTOR('',#11475,1.);
#11475 = DIRECTION('',(1.,-0.,-0.));
#11476 = PCURVE('',#5516,#11477);
#11477 = DEFINITIONAL_REPRESENTATION('',(#11478),#11482);
#11478 = LINE('',#11479,#11480);
#11479 = CARTESIAN_POINT('',(0.,-104.489777186));
#11480 = VECTOR('',#11481,1.);
#11481 = DIRECTION('',(0.,-1.));
#11482 = ( GEOMETRIC_REPRESENTATION_CONTEXT(2) 
PARAMETRIC_REPRESENTATION_CONTEXT() REPRESENTATION_CONTEXT('2D SPACE',''
  ) );
#11483 = PCURVE('',#5006,#11484);
#11484 = DEFINITIONAL_REPRESENTATION('',(#11485),#11489);
#11485 = LINE('',#11486,#11487);
#11486 = CARTESIAN_POINT('',(6.28318530718,-104.489777186));
#11487 = VECTOR('',#11488,1.);
#11488 = DIRECTION('',(0.,-1.));
#11489 = ( GEOMETRIC_REPRESENTATION_CONTEXT(2) 
PARAMETRIC_REPRESENTATION_CONTEXT() REPRESENTATION_CONTEXT('2D SPACE',''
  ) );
#11490 = ADVANCED_FACE('',(#11491),#5006,.F.);
#11491 = FACE_BOUND('',#11492,.F.);
#11492 = EDGE_LOOP('',(#11493,#11494,#11495,#11496));
#11493 = ORIENTED_EDGE('',*,*,#4684,.T.);
#11494 = ORIENTED_EDGE('',*,*,#11470,.F.);
#11495 = ORIENTED_EDGE('',*,*,#10034,.F.);
#11496 = ORIENTED_EDGE('',*,*,#11497,.T.);
#11497 = EDGE_CURVE('',#10035,#4175,#11498,.T.);
#11498 = SURFACE_CURVE('',#11499,(#11503,#11510),.PCURVE_S1.);
#11499 = LINE('',#11500,#11501);
#11500 = CARTESIAN_POINT('',(293.895384615,210.,614.9));
#11501 = VECTOR('',#11502,1.);
#11502 = DIRECTION('',(1.,-0.,-0.));
#11503 = PCURVE('',#5006,#11504);
#11504 = DEFINITIONAL_REPRESENTATION('',(#11505),#11509);
#11505 = LINE('',#11506,#11507);
#11506 = CARTESIAN_POINT('',(0.,-105.292854109));
#11507 = VECTOR('',#11508,1.);
#11508 = DIRECTION('',(0.,-1.));
#11509 = ( GEOMETRIC_REPRESENTATION_CONTEXT(2) 
PARAMETRIC_REPRESENTATION_CONTEXT() REPRESENTATION_CONTEXT('2D SPACE',''
  ) );
#11510 = PCURVE('',#4496,#11511);
#11511 = DEFINITIONAL_REPRESENTATION('',(#11512),#11516);
#11512 = LINE('',#11513,#11514);
#11513 = CARTESIAN_POINT('',(6.28318530718,-105.292854109));
#11514 = VECTOR('',#11515,1.);
#11515 = DIRECTION('',(0.,-1.));
#11516 = ( GEOMETRIC_REPRESENTATION_CONTEXT(2) 
PARAMETRIC_REPRESENTATION_CONTEXT() REPRESENTATION_CONTEXT('2D SPACE',''
  ) );
#11517 = ADVANCED_FACE('',(#11518),#4496,.F.);
#11518 = FACE_BOUND('',#11519,.F.);
#11519 = EDGE_LOOP('',(#11520,#11521,#11522,#11523));
#11520 = ORIENTED_EDGE('',*,*,#4174,.T.);
#11521 = ORIENTED_EDGE('',*,*,#11497,.F.);
#11522 = ORIENTED_EDGE('',*,*,#10539,.F.);
#11523 = ORIENTED_EDGE('',*,*,#11524,.T.);
#11524 = EDGE_CURVE('',#10540,#3907,#11525,.T.);
#11525 = SURFACE_CURVE('',#11526,(#11530,#11537),.PCURVE_S1.);
#11526 = LINE('',#11527,#11528);
#11527 = CARTESIAN_POINT('',(294.698461538,210.,614.9));
#11528 = VECTOR('',#11529,1.);
#11529 = DIRECTION('',(1.,-0.,-0.));
#11530 = PCURVE('',#4496,#11531);
#11531 = DEFINITIONAL_REPRESENTATION('',(#11532),#11536);
#11532 = LINE('',#11533,#11534);
#11533 = CARTESIAN_POINT('',(0.,-106.095931032));
#11534 = VECTOR('',#11535,1.);
#11535 = DIRECTION('',(0.,-1.));
#11536 = ( GEOMETRIC_REPRESENTATION_CONTEXT(2) 
PARAMETRIC_REPRESENTATION_CONTEXT() REPRESENTATION_CONTEXT('2D SPACE',''
  ) );
#11537 = PCURVE('',#4074,#11538);
#11538 = DEFINITIONAL_REPRESENTATION('',(#11539),#11543);
#11539 = LINE('',#11540,#11541);
#11540 = CARTESIAN_POINT('',(6.28318530718,-106.095931032));
#11541 = VECTOR('',#11542,1.);
#11542 = DIRECTION('',(0.,-1.));
#11543 = ( GEOMETRIC_REPRESENTATION_CONTEXT(2) 
PARAMETRIC_REPRESENTATION_CONTEXT() REPRESENTATION_CONTEXT('2D SPACE',''
  ) );
#11544 = ADVANCED_FACE('',(#11545),#4074,.F.);
#11545 = FACE_BOUND('',#11546,.F.);
#11546 = EDGE_LOOP('',(#11547,#11548,#11549,#11550));
#11547 = ORIENTED_EDGE('',*,*,#11044,.F.);
#11548 = ORIENTED_EDGE('',*,*,#11332,.F.);
#11549 = ORIENTED_EDGE('',*,*,#3906,.T.);
#11550 = ORIENTED_EDGE('',*,*,#11524,.F.);
#11551 = ( GEOMETRIC_REPRESENTATION_CONTEXT(3) 
GLOBAL_UNCERTAINTY_ASSIGNED_CONTEXT((#11555)) 
GLOBAL_UNIT_ASSIGNED_CONTEXT((#11552,#11553,#11554)) 
REPRESENTATION_CONTEXT('Context #1',
  '3D Context with UNIT and UNCERTAINTY') );
#11552 = ( LENGTH_UNIT() NAMED_UNIT(*) SI_UNIT(.MILLI.,.METRE.) );
#11553 = ( NAMED_UNIT(*) PLANE_ANGLE_UNIT() SI_UNIT($,.RADIAN.) );
#11554 = ( NAMED_UNIT(*) SI_UNIT($,.STERADIAN.) SOLID_ANGLE_UNIT() );
#11555 = UNCERTAINTY_MEASURE_WITH_UNIT(LENGTH_MEASURE(1.E-04),#11552,
  'distance_accuracy_value','confusion accuracy');
#11556 = PRODUCT_RELATED_PRODUCT_CATEGORY('part',$,(#7));
ENDSEC;
END-ISO-10303-21;
