ISO-10303-21;
HEADER;
FILE_DESCRIPTION(('Open CASCADE Model'),'2;1');
FILE_NAME('Open CASCADE Shape Model','2026-07-08T22:44:24',('Author'),(
    'Open CASCADE'),'Open CASCADE STEP processor 7.8','Open CASCADE 7.8'
  ,'Unknown');
FILE_SCHEMA(('AUTOMOTIVE_DESIGN { 1 0 10303 214 1 1 1 1 }'));
ENDSEC;
DATA;
#1 = APPLICATION_PROTOCOL_DEFINITION('international standard',
  'automotive_design',2000,#2);
#2 = APPLICATION_CONTEXT(
  'core data for automotive mechanical design processes');
#3 = SHAPE_DEFINITION_REPRESENTATION(#4,#10);
#4 = PRODUCT_DEFINITION_SHAPE('','',#5);
#5 = PRODUCT_DEFINITION('design','',#6,#9);
#6 = PRODUCT_DEFINITION_FORMATION('','',#7);
#7 = PRODUCT('Open CASCADE STEP translator 7.8 9',
  'Open CASCADE STEP translator 7.8 9','',(#8));
#8 = PRODUCT_CONTEXT('',#2,'mechanical');
#9 = PRODUCT_DEFINITION_CONTEXT('part definition',#2,'design');
#10 = ADVANCED_BREP_SHAPE_REPRESENTATION('',(#11,#15),#2579);
#11 = AXIS2_PLACEMENT_3D('',#12,#13,#14);
#12 = CARTESIAN_POINT('',(0.,0.,0.));
#13 = DIRECTION('',(0.,0.,1.));
#14 = DIRECTION('',(1.,0.,-0.));
#15 = MANIFOLD_SOLID_BREP('',#16);
#16 = CLOSED_SHELL('',(#17,#1450,#2298,#2441,#2546,#2573));
#17 = ADVANCED_FACE('',(#18),#159,.T.);
#18 = FACE_BOUND('',#19,.T.);
#19 = EDGE_LOOP('',(#20,#694,#881,#1292));
#20 = ORIENTED_EDGE('',*,*,#21,.F.);
#21 = EDGE_CURVE('',#22,#24,#26,.T.);
#22 = VERTEX_POINT('',#23);
#23 = CARTESIAN_POINT('',(327.25,195.04000853614,600.00001378005));
#24 = VERTEX_POINT('',#25);
#25 = CARTESIAN_POINT('',(335.9,204.27507249163,586.17871259847));
#26 = SURFACE_CURVE('',#27,(#158,#426),.PCURVE_S1.);
#27 = B_SPLINE_CURVE_WITH_KNOTS('',9,(#28,#29,#30,#31,#32,#33,#34,#35,
    #36,#37,#38,#39,#40,#41,#42,#43,#44,#45,#46,#47,#48,#49,#50,#51,#52,
    #53,#54,#55,#56,#57,#58,#59,#60,#61,#62,#63,#64,#65,#66,#67,#68,#69,
    #70,#71,#72,#73,#74,#75,#76,#77,#78,#79,#80,#81,#82,#83,#84,#85,#86,
    #87,#88,#89,#90,#91,#92,#93,#94,#95,#96,#97,#98,#99,#100,#101,#102,
    #103,#104,#105,#106,#107,#108,#109,#110,#111,#112,#113,#114,#115,
    #116,#117,#118,#119,#120,#121,#122,#123,#124,#125,#126,#127,#128,
    #129,#130,#131,#132,#133,#134,#135,#136,#137,#138,#139,#140,#141,
    #142,#143,#144,#145,#146,#147,#148,#149,#150,#151,#152,#153,#154,
    #155,#156,#157),.UNSPECIFIED.,.F.,.F.,(10,8,8,8,8,8,8,8,8,8,8,8,8,8,
    8,8,10),(0.,4.676207092211,9.352414184422,14.028621276633,
    18.704828368844,23.381035461055,28.057242553266,32.733449645478,
    37.409656737689,42.0858638299,46.762070922111,51.438278014322,
    56.114485106533,60.790692198744,65.466899290955,70.143106383166,
    74.819313475377),.UNSPECIFIED.);
#28 = CARTESIAN_POINT('',(326.65000000178,210.00000000014,
    614.95999970674));
#29 = CARTESIAN_POINT('',(326.71562500179,217.71064632812,
    614.95999985208));
#30 = CARTESIAN_POINT('',(326.78125000175,225.42334928958,
    610.48762485035));
#31 = CARTESIAN_POINT('',(326.84687500182,230.15733527559,
    601.55421344508));
#32 = CARTESIAN_POINT('',(326.91250000174,229.02766251873,
    590.40680463818));
#33 = CARTESIAN_POINT('',(326.9781250018,220.96696244381,581.72961386102
    ));
#34 = CARTESIAN_POINT('',(327.04375000178,209.93286464775,
    579.78294656671));
#35 = CARTESIAN_POINT('',(327.10937500176,200.67540303916,
    583.84692341578));
#36 = CARTESIAN_POINT('',(327.17500000179,195.64776547665,
    591.20972015993));
#37 = CARTESIAN_POINT('',(327.30625000175,194.5133046125,606.58922813886
    ));
#38 = CARTESIAN_POINT('',(327.37187500193,198.40617982232,
    614.61004150899));
#39 = CARTESIAN_POINT('',(327.43750000143,206.96713223774,
    619.98838307105));
#40 = CARTESIAN_POINT('',(327.50312500226,218.16744045113,
    619.68182547099));
#41 = CARTESIAN_POINT('',(327.56875000133,227.41410196078,
    612.28129996857));
#42 = CARTESIAN_POINT('',(327.63437500206,230.16721321717,601.4203052662
    ));
#43 = CARTESIAN_POINT('',(327.70000000167,226.79526903607,
    591.88896246859));
#44 = CARTESIAN_POINT('',(327.7656250018,219.82227806422,586.33330657815
    ));
#45 = CARTESIAN_POINT('',(327.89687500176,204.56789764858,584.0705327921
    ));
#46 = CARTESIAN_POINT('',(327.96250000186,196.28243935242,
    587.36281245249));
#47 = CARTESIAN_POINT('',(328.02812500162,190.28888791305,
    595.50491324677));
#48 = CARTESIAN_POINT('',(328.09375000197,189.7706690945,606.69742551565
    ));
#49 = CARTESIAN_POINT('',(328.15937500162,196.47091593499,
    616.46344922458));
#50 = CARTESIAN_POINT('',(328.22500000186,207.09995087285,
    620.00808514216));
#51 = CARTESIAN_POINT('',(328.29062500175,216.85352368674,
    617.34644646337));
#52 = CARTESIAN_POINT('',(328.35625000178,222.90709132459,
    610.80104851372));
#53 = CARTESIAN_POINT('',(328.48750000177,226.28591586532,
    595.75446046875));
#54 = CARTESIAN_POINT('',(328.55312500181,223.61207290306,
    587.24925686432));
#55 = CARTESIAN_POINT('',(328.61875000172,215.93294647969,580.6729751205
    ));
#56 = CARTESIAN_POINT('',(328.68437500186,204.80888334887,
    579.33278815765));
#57 = CARTESIAN_POINT('',(328.75000000171,194.57642036946,
    585.29644711681));
#58 = CARTESIAN_POINT('',(328.81562500181,190.25946847975,
    595.63592262965));
#59 = CARTESIAN_POINT('',(328.88125000177,192.19637800565,
    605.55887000332));
#60 = CARTESIAN_POINT('',(328.94687500178,198.2787128545,612.07754458117
    ));
#61 = CARTESIAN_POINT('',(329.07812500177,213.03596976451,
    616.55410973361));
#62 = CARTESIAN_POINT('',(329.1437500018,221.71482824195,614.51319325619
    ));
#63 = CARTESIAN_POINT('',(329.20937500175,228.83820284969,607.3386550551
    ));
#64 = CARTESIAN_POINT('',(329.2750000018,230.99309536752,596.34332332435
    ));
#65 = CARTESIAN_POINT('',(329.34062500177,225.79834187438,
    585.69987167785));
#66 = CARTESIAN_POINT('',(329.40625000178,215.80445630013,
    580.63399775235));
#67 = CARTESIAN_POINT('',(329.47187500177,205.76590767828,
    581.83568184482));
#68 = CARTESIAN_POINT('',(329.53750000179,198.81745142277,
    587.42199289333));
#69 = CARTESIAN_POINT('',(329.66875000175,193.26740455301,
    601.80994781457));
#70 = CARTESIAN_POINT('',(329.73437500189,194.66433464242,
    610.61542967902));
#71 = CARTESIAN_POINT('',(329.80000000153,201.295405177,618.24729496638)
  );
#72 = CARTESIAN_POINT('',(329.86562500211,212.10242085251,
    621.20521549013));
#73 = CARTESIAN_POINT('',(329.93125000148,223.09918337935,616.807518282)
  );
#74 = CARTESIAN_POINT('',(329.99687500196,228.88652693093,
    607.21338037842));
#75 = CARTESIAN_POINT('',(330.06250000171,228.42658030213,
    597.11363027299));
#76 = CARTESIAN_POINT('',(330.12812500179,223.36656575752,
    589.77304662634));
#77 = CARTESIAN_POINT('',(330.25937500177,209.42588239938,
    583.17959422414));
#78 = CARTESIAN_POINT('',(330.32500000181,200.54149481711,
    583.92496784029));
#79 = CARTESIAN_POINT('',(330.39062500169,192.44249658925,
    589.97663636271));
#80 = CARTESIAN_POINT('',(330.45625000191,188.6975772874,600.53677182855
    ));
#81 = CARTESIAN_POINT('',(330.52187500163,192.27438670805,611.8272528269
    ));
#82 = CARTESIAN_POINT('',(330.58750000189,201.41678547663,
    618.30470388842));
#83 = CARTESIAN_POINT('',(330.65312500172,211.52300564462,
    618.58898721388));
#84 = CARTESIAN_POINT('',(330.71875000179,219.21593742366,
    614.08268983043));
#85 = CARTESIAN_POINT('',(330.85000000176,226.81706486847,
    600.66482380636));
#86 = CARTESIAN_POINT('',(330.91562500185,226.72728696974,
    591.74967577233));
#87 = CARTESIAN_POINT('',(330.98125000162,221.28781497561,
    583.22743377716));
#88 = CARTESIAN_POINT('',(331.04687500201,211.03178600842,
    578.71580973923));
#89 = CARTESIAN_POINT('',(331.11250000153,199.50877063337,581.4523483324
    ));
#90 = CARTESIAN_POINT('',(331.17812500196,192.37631393044,
    590.09346451482));
#91 = CARTESIAN_POINT('',(331.24375000169,191.34934120665,
    600.15138826271));
#92 = CARTESIAN_POINT('',(331.3093750018,195.277501413,608.15497951027)
  );
#93 = CARTESIAN_POINT('',(331.44062500175,208.09983752445,
    616.72259082949));
#94 = CARTESIAN_POINT('',(331.50625000191,216.99743405063,617.2888951624
    ));
#95 = CARTESIAN_POINT('',(331.57187500148,225.89673704533,
    612.49109666658));
#96 = CARTESIAN_POINT('',(331.6375000022,231.15061693781,602.59475250762
    ));
#97 = CARTESIAN_POINT('',(331.70312500138,229.26917871182,
    590.90164697455));
#98 = CARTESIAN_POINT('',(331.76875000204,221.17617207286,
    583.15283603108));
#99 = CARTESIAN_POINT('',(331.83437500167,211.22104950531,
    581.38873916314));
#100 = CARTESIAN_POINT('',(331.9000000018,202.95017094363,
    584.71747515188));
#101 = CARTESIAN_POINT('',(332.03125000177,193.46250437809,
    596.87479600038));
#102 = CARTESIAN_POINT('',(332.09687500178,192.24318666572,
    605.70662417215));
#103 = CARTESIAN_POINT('',(332.1625000018,196.37331197761,
    614.93476207258));
#104 = CARTESIAN_POINT('',(332.22812500172,205.85634218177,
    620.90242658892));
#105 = CARTESIAN_POINT('',(332.29375000184,217.65617192089,
    619.88628440728));
#106 = CARTESIAN_POINT('',(332.35937500173,225.97934562707,
    612.38524401562));
#107 = CARTESIAN_POINT('',(332.42500000179,228.47100684533,
    602.58687030032));
#108 = CARTESIAN_POINT('',(332.49062500178,225.75973378296,
    594.09352503201));
#109 = CARTESIAN_POINT('',(332.62187500177,214.33330977245,
    583.73721770729));
#110 = CARTESIAN_POINT('',(332.68750000181,205.6151103971,
    581.87149420386));
#111 = CARTESIAN_POINT('',(332.75312500171,196.10814566995,
    585.31156482478));
#112 = CARTESIAN_POINT('',(332.81875000186,189.45903582048,
    594.32989171196));
#113 = CARTESIAN_POINT('',(332.88437500171,189.60437539566,
    606.17250135737));
#114 = CARTESIAN_POINT('',(332.95000000181,196.47280075188,
    615.02493382674));
#115 = CARTESIAN_POINT('',(333.01562500178,206.061327379,618.23065686737
    ));
#116 = CARTESIAN_POINT('',(333.08125000177,214.73111317999,
    616.15153935498));
#117 = CARTESIAN_POINT('',(333.2125000018,225.89993953719,
    605.51793296416));
#118 = CARTESIAN_POINT('',(333.27812500168,228.40195831442,
    596.96060706309));
#119 = CARTESIAN_POINT('',(333.34375000202,225.67058442513,
    587.2263345746));
#120 = CARTESIAN_POINT('',(333.40937500142,217.16583194978,
    579.93181149471));
#121 = CARTESIAN_POINT('',(333.47500000214,205.34461852584,
    579.20556085528));
#122 = CARTESIAN_POINT('',(333.54062500154,196.01089939173,
    585.40415058426));
#123 = CARTESIAN_POINT('',(333.60625000188,192.10848661973,
    594.73086906648));
#124 = CARTESIAN_POINT('',(333.67187500176,193.54418166417,
    603.53011307976));
#125 = CARTESIAN_POINT('',(333.80312500179,203.32734600092,
    615.45093363173));
#126 = CARTESIAN_POINT('',(333.86875000175,211.67742553732,
    618.57568902617));
#127 = CARTESIAN_POINT('',(333.93437500183,221.58625492089,
    616.56781342036));
#128 = CARTESIAN_POINT('',(334.0000000017,229.48666157903,
    608.62272334731));
#129 = CARTESIAN_POINT('',(334.06562500186,231.08056681745,
    596.88696632457));
#130 = CARTESIAN_POINT('',(334.13125000172,225.58540341088,
    587.12254075852));
#131 = CARTESIAN_POINT('',(334.1968750018,216.57103536892,
    582.54458576797));
#132 = CARTESIAN_POINT('',(334.26250000177,207.69001700911,
    583.32907818867));
#133 = CARTESIAN_POINT('',(334.39375000177,195.08180222178,
    592.20878465616));
#134 = CARTESIAN_POINT('',(334.45937500181,191.35124353035,
    600.30636802341));
#135 = CARTESIAN_POINT('',(334.52500000169,192.6247400008,
    610.33605749713));
#136 = CARTESIAN_POINT('',(334.59062500191,199.96711254007,
    618.79953474529));
#137 = CARTESIAN_POINT('',(334.65625000164,211.55381607746,
    621.25245707215));
#138 = CARTESIAN_POINT('',(334.72187500187,221.69603380733,
    616.49049875458));
#139 = CARTESIAN_POINT('',(334.78750000174,226.92472268166,
    607.83733079434));
#140 = CARTESIAN_POINT('',(334.85312500178,226.79568411712,
    598.92266509594));
#141 = CARTESIAN_POINT('',(334.98437500178,218.86755541755,
    585.69538108163));
#142 = CARTESIAN_POINT('',(335.05000000177,211.06634972552,
    581.3792353139));
#143 = CARTESIAN_POINT('',(335.11562500179,200.97015191733,
    581.9114514615));
#144 = CARTESIAN_POINT('',(335.18125000177,191.98946839679,
    588.61131751366));
#145 = CARTESIAN_POINT('',(335.24687500178,188.69082157846,
    599.98617821583));
#146 = CARTESIAN_POINT('',(335.31250000179,192.6937693442,
    610.45122655231));
#147 = CARTESIAN_POINT('',(335.37812500176,200.93884495407,
    616.30231459297));
#148 = CARTESIAN_POINT('',(335.44375000178,209.83884864655,
    616.82942915525));
#149 = CARTESIAN_POINT('',(335.57500000177,223.61352208811,
    609.89584144062));
#150 = CARTESIAN_POINT('',(335.64062500183,228.49186537133,
    602.43328883037));
#151 = CARTESIAN_POINT('',(335.70625000164,228.70381365039,
    592.32529486753));
#152 = CARTESIAN_POINT('',(335.771875002,222.68276128415,582.87607215813
    ));
#153 = CARTESIAN_POINT('',(335.83750000153,211.58138470462,
    578.74957652981));
#154 = CARTESIAN_POINT('',(335.90312500196,200.8502168486,
    581.97182138819));
#155 = CARTESIAN_POINT('',(335.96875000169,194.40843711253,
    589.76412390271));
#156 = CARTESIAN_POINT('',(336.0343750018,193.22802596829,
    598.60123567104));
#157 = CARTESIAN_POINT('',(336.10000000178,196.17876243516,
    605.72494404828));
#158 = PCURVE('',#159,#420);
#159 = B_SPLINE_SURFACE_WITH_KNOTS('',1,9,(
    (#160,#161,#162,#163,#164,#165,#166,#167,#168,#169,#170,#171,#172
      ,#173,#174,#175,#176,#177,#178,#179,#180,#181,#182,#183,#184,#185
      ,#186,#187,#188,#189,#190,#191,#192,#193,#194,#195,#196,#197,#198
      ,#199,#200,#201,#202,#203,#204,#205,#206,#207,#208,#209,#210,#211
      ,#212,#213,#214,#215,#216,#217,#218,#219,#220,#221,#222,#223,#224
      ,#225,#226,#227,#228,#229,#230,#231,#232,#233,#234,#235,#236,#237
      ,#238,#239,#240,#241,#242,#243,#244,#245,#246,#247,#248,#249,#250
      ,#251,#252,#253,#254,#255,#256,#257,#258,#259,#260,#261,#262,#263
      ,#264,#265,#266,#267,#268,#269,#270,#271,#272,#273,#274,#275,#276
      ,#277,#278,#279,#280,#281,#282,#283,#284,#285,#286,#287,#288,#289)
    ,(#290,#291,#292,#293,#294,#295,#296,#297,#298,#299,#300,#301,#302
      ,#303,#304,#305,#306,#307,#308,#309,#310,#311,#312,#313,#314,#315
      ,#316,#317,#318,#319,#320,#321,#322,#323,#324,#325,#326,#327,#328
      ,#329,#330,#331,#332,#333,#334,#335,#336,#337,#338,#339,#340,#341
      ,#342,#343,#344,#345,#346,#347,#348,#349,#350,#351,#352,#353,#354
      ,#355,#356,#357,#358,#359,#360,#361,#362,#363,#364,#365,#366,#367
      ,#368,#369,#370,#371,#372,#373,#374,#375,#376,#377,#378,#379,#380
      ,#381,#382,#383,#384,#385,#386,#387,#388,#389,#390,#391,#392,#393
      ,#394,#395,#396,#397,#398,#399,#400,#401,#402,#403,#404,#405,#406
      ,#407,#408,#409,#410,#411,#412,#413,#414,#415,#416,#417,#418,#419
    )),.UNSPECIFIED.,.F.,.F.,.F.,(2,2),(10,8,8,8,8,8,8,8,8,8,8,8,8,8,8,8
    ,10),(0.,0.466476151588),(0.,4.676207092211,9.352414184422,
    14.028621276633,18.704828368844,23.381035461055,28.057242553266,
    32.733449645478,37.409656737689,42.0858638299,46.762070922111,
    51.438278014322,56.114485106533,60.790692198744,65.466899290955,
    70.143106383166,74.819313475377),.UNSPECIFIED.);
#160 = CARTESIAN_POINT('',(326.65000000178,210.00000000014,
    614.95999970674));
#161 = CARTESIAN_POINT('',(326.71562500179,217.71064632812,
    614.95999985208));
#162 = CARTESIAN_POINT('',(326.78125000175,225.42334928958,
    610.48762485035));
#163 = CARTESIAN_POINT('',(326.84687500182,230.15733527559,
    601.55421344508));
#164 = CARTESIAN_POINT('',(326.91250000174,229.02766251873,
    590.40680463818));
#165 = CARTESIAN_POINT('',(326.9781250018,220.96696244381,
    581.72961386102));
#166 = CARTESIAN_POINT('',(327.04375000178,209.93286464775,
    579.78294656671));
#167 = CARTESIAN_POINT('',(327.10937500176,200.67540303916,
    583.84692341578));
#168 = CARTESIAN_POINT('',(327.17500000179,195.64776547665,
    591.20972015993));
#169 = CARTESIAN_POINT('',(327.30625000175,194.5133046125,
    606.58922813886));
#170 = CARTESIAN_POINT('',(327.37187500193,198.40617982232,
    614.61004150899));
#171 = CARTESIAN_POINT('',(327.43750000143,206.96713223774,
    619.98838307105));
#172 = CARTESIAN_POINT('',(327.50312500226,218.16744045113,
    619.68182547099));
#173 = CARTESIAN_POINT('',(327.56875000133,227.41410196078,
    612.28129996857));
#174 = CARTESIAN_POINT('',(327.63437500206,230.16721321717,
    601.4203052662));
#175 = CARTESIAN_POINT('',(327.70000000167,226.79526903607,
    591.88896246859));
#176 = CARTESIAN_POINT('',(327.7656250018,219.82227806422,
    586.33330657815));
#177 = CARTESIAN_POINT('',(327.89687500176,204.56789764858,
    584.0705327921));
#178 = CARTESIAN_POINT('',(327.96250000186,196.28243935242,
    587.36281245249));
#179 = CARTESIAN_POINT('',(328.02812500162,190.28888791305,
    595.50491324677));
#180 = CARTESIAN_POINT('',(328.09375000197,189.7706690945,
    606.69742551565));
#181 = CARTESIAN_POINT('',(328.15937500162,196.47091593499,
    616.46344922458));
#182 = CARTESIAN_POINT('',(328.22500000186,207.09995087285,
    620.00808514216));
#183 = CARTESIAN_POINT('',(328.29062500175,216.85352368674,
    617.34644646337));
#184 = CARTESIAN_POINT('',(328.35625000178,222.90709132459,
    610.80104851372));
#185 = CARTESIAN_POINT('',(328.48750000177,226.28591586532,
    595.75446046875));
#186 = CARTESIAN_POINT('',(328.55312500181,223.61207290306,
    587.24925686432));
#187 = CARTESIAN_POINT('',(328.61875000172,215.93294647969,
    580.6729751205));
#188 = CARTESIAN_POINT('',(328.68437500186,204.80888334887,
    579.33278815765));
#189 = CARTESIAN_POINT('',(328.75000000171,194.57642036946,
    585.29644711681));
#190 = CARTESIAN_POINT('',(328.81562500181,190.25946847975,
    595.63592262965));
#191 = CARTESIAN_POINT('',(328.88125000177,192.19637800565,
    605.55887000332));
#192 = CARTESIAN_POINT('',(328.94687500178,198.2787128545,
    612.07754458117));
#193 = CARTESIAN_POINT('',(329.07812500177,213.03596976451,
    616.55410973361));
#194 = CARTESIAN_POINT('',(329.1437500018,221.71482824195,
    614.51319325619));
#195 = CARTESIAN_POINT('',(329.20937500175,228.83820284969,
    607.3386550551));
#196 = CARTESIAN_POINT('',(329.2750000018,230.99309536752,
    596.34332332435));
#197 = CARTESIAN_POINT('',(329.34062500177,225.79834187438,
    585.69987167785));
#198 = CARTESIAN_POINT('',(329.40625000178,215.80445630013,
    580.63399775235));
#199 = CARTESIAN_POINT('',(329.47187500177,205.76590767828,
    581.83568184482));
#200 = CARTESIAN_POINT('',(329.53750000179,198.81745142277,
    587.42199289333));
#201 = CARTESIAN_POINT('',(329.66875000175,193.26740455301,
    601.80994781457));
#202 = CARTESIAN_POINT('',(329.73437500189,194.66433464242,
    610.61542967902));
#203 = CARTESIAN_POINT('',(329.80000000153,201.295405177,618.24729496638
    ));
#204 = CARTESIAN_POINT('',(329.86562500211,212.10242085251,
    621.20521549013));
#205 = CARTESIAN_POINT('',(329.93125000148,223.09918337935,616.807518282
    ));
#206 = CARTESIAN_POINT('',(329.99687500196,228.88652693093,
    607.21338037842));
#207 = CARTESIAN_POINT('',(330.06250000171,228.42658030213,
    597.11363027299));
#208 = CARTESIAN_POINT('',(330.12812500179,223.36656575752,
    589.77304662634));
#209 = CARTESIAN_POINT('',(330.25937500177,209.42588239938,
    583.17959422414));
#210 = CARTESIAN_POINT('',(330.32500000181,200.54149481711,
    583.92496784029));
#211 = CARTESIAN_POINT('',(330.39062500169,192.44249658925,
    589.97663636271));
#212 = CARTESIAN_POINT('',(330.45625000191,188.6975772874,
    600.53677182855));
#213 = CARTESIAN_POINT('',(330.52187500163,192.27438670805,
    611.8272528269));
#214 = CARTESIAN_POINT('',(330.58750000189,201.41678547663,
    618.30470388842));
#215 = CARTESIAN_POINT('',(330.65312500172,211.52300564462,
    618.58898721388));
#216 = CARTESIAN_POINT('',(330.71875000179,219.21593742366,
    614.08268983043));
#217 = CARTESIAN_POINT('',(330.85000000176,226.81706486847,
    600.66482380636));
#218 = CARTESIAN_POINT('',(330.91562500185,226.72728696974,
    591.74967577233));
#219 = CARTESIAN_POINT('',(330.98125000162,221.28781497561,
    583.22743377716));
#220 = CARTESIAN_POINT('',(331.04687500201,211.03178600842,
    578.71580973923));
#221 = CARTESIAN_POINT('',(331.11250000153,199.50877063337,
    581.4523483324));
#222 = CARTESIAN_POINT('',(331.17812500196,192.37631393044,
    590.09346451482));
#223 = CARTESIAN_POINT('',(331.24375000169,191.34934120665,
    600.15138826271));
#224 = CARTESIAN_POINT('',(331.3093750018,195.277501413,608.15497951027)
  );
#225 = CARTESIAN_POINT('',(331.44062500175,208.09983752445,
    616.72259082949));
#226 = CARTESIAN_POINT('',(331.50625000191,216.99743405063,
    617.2888951624));
#227 = CARTESIAN_POINT('',(331.57187500148,225.89673704533,
    612.49109666658));
#228 = CARTESIAN_POINT('',(331.6375000022,231.15061693781,
    602.59475250762));
#229 = CARTESIAN_POINT('',(331.70312500138,229.26917871182,
    590.90164697455));
#230 = CARTESIAN_POINT('',(331.76875000204,221.17617207286,
    583.15283603108));
#231 = CARTESIAN_POINT('',(331.83437500167,211.22104950531,
    581.38873916314));
#232 = CARTESIAN_POINT('',(331.9000000018,202.95017094363,
    584.71747515188));
#233 = CARTESIAN_POINT('',(332.03125000177,193.46250437809,
    596.87479600038));
#234 = CARTESIAN_POINT('',(332.09687500178,192.24318666572,
    605.70662417215));
#235 = CARTESIAN_POINT('',(332.1625000018,196.37331197761,
    614.93476207258));
#236 = CARTESIAN_POINT('',(332.22812500172,205.85634218177,
    620.90242658892));
#237 = CARTESIAN_POINT('',(332.29375000184,217.65617192089,
    619.88628440728));
#238 = CARTESIAN_POINT('',(332.35937500173,225.97934562707,
    612.38524401562));
#239 = CARTESIAN_POINT('',(332.42500000179,228.47100684533,
    602.58687030032));
#240 = CARTESIAN_POINT('',(332.49062500178,225.75973378296,
    594.09352503201));
#241 = CARTESIAN_POINT('',(332.62187500177,214.33330977245,
    583.73721770729));
#242 = CARTESIAN_POINT('',(332.68750000181,205.6151103971,
    581.87149420386));
#243 = CARTESIAN_POINT('',(332.75312500171,196.10814566995,
    585.31156482478));
#244 = CARTESIAN_POINT('',(332.81875000186,189.45903582048,
    594.32989171196));
#245 = CARTESIAN_POINT('',(332.88437500171,189.60437539566,
    606.17250135737));
#246 = CARTESIAN_POINT('',(332.95000000181,196.47280075188,
    615.02493382674));
#247 = CARTESIAN_POINT('',(333.01562500178,206.061327379,618.23065686737
    ));
#248 = CARTESIAN_POINT('',(333.08125000177,214.73111317999,
    616.15153935498));
#249 = CARTESIAN_POINT('',(333.2125000018,225.89993953719,
    605.51793296416));
#250 = CARTESIAN_POINT('',(333.27812500168,228.40195831442,
    596.96060706309));
#251 = CARTESIAN_POINT('',(333.34375000202,225.67058442513,
    587.2263345746));
#252 = CARTESIAN_POINT('',(333.40937500142,217.16583194978,
    579.93181149471));
#253 = CARTESIAN_POINT('',(333.47500000214,205.34461852584,
    579.20556085528));
#254 = CARTESIAN_POINT('',(333.54062500154,196.01089939173,
    585.40415058426));
#255 = CARTESIAN_POINT('',(333.60625000188,192.10848661973,
    594.73086906648));
#256 = CARTESIAN_POINT('',(333.67187500176,193.54418166417,
    603.53011307976));
#257 = CARTESIAN_POINT('',(333.80312500179,203.32734600092,
    615.45093363173));
#258 = CARTESIAN_POINT('',(333.86875000175,211.67742553732,
    618.57568902617));
#259 = CARTESIAN_POINT('',(333.93437500183,221.58625492089,
    616.56781342036));
#260 = CARTESIAN_POINT('',(334.0000000017,229.48666157903,
    608.62272334731));
#261 = CARTESIAN_POINT('',(334.06562500186,231.08056681745,
    596.88696632457));
#262 = CARTESIAN_POINT('',(334.13125000172,225.58540341088,
    587.12254075852));
#263 = CARTESIAN_POINT('',(334.1968750018,216.57103536892,
    582.54458576797));
#264 = CARTESIAN_POINT('',(334.26250000177,207.69001700911,
    583.32907818867));
#265 = CARTESIAN_POINT('',(334.39375000177,195.08180222178,
    592.20878465616));
#266 = CARTESIAN_POINT('',(334.45937500181,191.35124353035,
    600.30636802341));
#267 = CARTESIAN_POINT('',(334.52500000169,192.6247400008,
    610.33605749713));
#268 = CARTESIAN_POINT('',(334.59062500191,199.96711254007,
    618.79953474529));
#269 = CARTESIAN_POINT('',(334.65625000164,211.55381607746,
    621.25245707215));
#270 = CARTESIAN_POINT('',(334.72187500187,221.69603380733,
    616.49049875458));
#271 = CARTESIAN_POINT('',(334.78750000174,226.92472268166,
    607.83733079434));
#272 = CARTESIAN_POINT('',(334.85312500178,226.79568411712,
    598.92266509594));
#273 = CARTESIAN_POINT('',(334.98437500178,218.86755541755,
    585.69538108163));
#274 = CARTESIAN_POINT('',(335.05000000177,211.06634972552,
    581.3792353139));
#275 = CARTESIAN_POINT('',(335.11562500179,200.97015191733,
    581.9114514615));
#276 = CARTESIAN_POINT('',(335.18125000177,191.98946839679,
    588.61131751366));
#277 = CARTESIAN_POINT('',(335.24687500178,188.69082157846,
    599.98617821583));
#278 = CARTESIAN_POINT('',(335.31250000179,192.6937693442,
    610.45122655231));
#279 = CARTESIAN_POINT('',(335.37812500176,200.93884495407,
    616.30231459297));
#280 = CARTESIAN_POINT('',(335.44375000178,209.83884864655,
    616.82942915525));
#281 = CARTESIAN_POINT('',(335.57500000177,223.61352208811,
    609.89584144062));
#282 = CARTESIAN_POINT('',(335.64062500183,228.49186537133,
    602.43328883037));
#283 = CARTESIAN_POINT('',(335.70625000164,228.70381365039,
    592.32529486753));
#284 = CARTESIAN_POINT('',(335.771875002,222.68276128415,582.87607215813
    ));
#285 = CARTESIAN_POINT('',(335.83750000153,211.58138470462,
    578.74957652981));
#286 = CARTESIAN_POINT('',(335.90312500196,200.8502168486,
    581.97182138819));
#287 = CARTESIAN_POINT('',(335.96875000169,194.40843711253,
    589.76412390271));
#288 = CARTESIAN_POINT('',(336.0343750018,193.22802596829,
    598.60123567104));
#289 = CARTESIAN_POINT('',(336.10000000178,196.17876243516,
    605.72494404828));
#290 = CARTESIAN_POINT('',(327.04999998368,210.00000002222,
    615.19999973691));
#291 = CARTESIAN_POINT('',(327.11562515581,217.83434571682,
    615.19999958007));
#292 = CARTESIAN_POINT('',(327.18124945595,225.67078578169,
    610.65587657923));
#293 = CARTESIAN_POINT('',(327.24687618493,230.48070967861,
    601.57914434553));
#294 = CARTESIAN_POINT('',(327.31249830018,229.33292420361,
    590.2529087095));
#295 = CARTESIAN_POINT('',(327.37812669093,221.14290063113,
    581.43649880347));
#296 = CARTESIAN_POINT('',(327.44374885696,209.93178751302,
    579.45861492366));
#297 = CARTESIAN_POINT('',(327.50937550757,200.52581119338,
    583.5877799914));
#298 = CARTESIAN_POINT('',(327.57499988327,195.41751544606,
    591.0687004704));
#299 = CARTESIAN_POINT('',(327.70625012156,194.26485522434,
    606.6949368806));
#300 = CARTESIAN_POINT('',(327.77187450486,198.22018150424,
    614.84443020023));
#301 = CARTESIAN_POINT('',(327.83750112924,206.91847989759,
    620.30904724181));
#302 = CARTESIAN_POINT('',(327.90312335092,218.2984630351,619.9975813269
    ));
#303 = CARTESIAN_POINT('',(327.9687516544,227.69347993284,612.4783243223
    ));
#304 = CARTESIAN_POINT('',(328.03437387701,230.49074534237,
    601.44309036724));
#305 = CARTESIAN_POINT('',(328.10000049992,227.06471494601,
    591.75883972078));
#306 = CARTESIAN_POINT('',(328.16562488468,219.97985390021,
    586.11405447201));
#307 = CARTESIAN_POINT('',(328.29687512089,204.48075239893,
    583.8149801708));
#308 = CARTESIAN_POINT('',(328.36249950579,196.0623686342,
    587.16007540327));
#309 = CARTESIAN_POINT('',(328.42812612824,189.97267168216,
    595.43280321222));
#310 = CARTESIAN_POINT('',(328.49374835176,189.44613017507,
    606.80486464675));
#311 = CARTESIAN_POINT('',(328.55937665385,196.25387310767,
    616.72757619916));
#312 = CARTESIAN_POINT('',(328.62499887729,207.05342700994,
    620.3290644671));
#313 = CARTESIAN_POINT('',(328.69062549981,216.96347219037,
    617.62473472109));
#314 = CARTESIAN_POINT('',(328.7562498847,223.11415736007,
    610.97432657666));
#315 = CARTESIAN_POINT('',(328.88750012089,226.54718685797,
    595.68635095999));
#316 = CARTESIAN_POINT('',(328.95312450575,223.83045003383,
    587.04469669979));
#317 = CARTESIAN_POINT('',(329.01875112834,216.02812343796,
    580.36292043442));
#318 = CARTESIAN_POINT('',(329.08437335164,204.72560989277,
    579.00122487768));
#319 = CARTESIAN_POINT('',(329.15000165395,194.32897571921,
    585.06056199082));
#320 = CARTESIAN_POINT('',(329.21562387723,189.94278136988,
    595.56591212119));
#321 = CARTESIAN_POINT('',(329.28125049984,191.91075546833,
    605.64804844249));
#322 = CARTESIAN_POINT('',(329.34687488469,198.09067157344,
    612.27130243717));
#323 = CARTESIAN_POINT('',(329.47812512089,213.08467444104,
    616.81968324749));
#324 = CARTESIAN_POINT('',(329.54374950575,221.90276932355,
    614.74602706388));
#325 = CARTESIAN_POINT('',(329.60937612836,229.14041577773,607.456383165
    ));
#326 = CARTESIAN_POINT('',(329.67499835159,231.32988623794,
    596.28466680923));
#327 = CARTESIAN_POINT('',(329.740626654,226.05179101704,585.47045027597
    ));
#328 = CARTESIAN_POINT('',(329.8062488772,215.89757406117,
    580.32331901243));
#329 = CARTESIAN_POINT('',(329.87187549984,205.69798256925,
    581.54427284117));
#330 = CARTESIAN_POINT('',(329.9374998847,198.63805173685,
    587.22020740615));
#331 = CARTESIAN_POINT('',(330.06875012088,192.99896768382,
    601.83898372403));
#332 = CARTESIAN_POINT('',(330.13437450583,194.41830590431,
    610.78573320862));
#333 = CARTESIAN_POINT('',(330.20000112816,201.15576389444,
    618.54002841847));
#334 = CARTESIAN_POINT('',(330.26562335188,212.13614256176,
    621.54540885187));
#335 = CARTESIAN_POINT('',(330.33125165373,223.30933827846,
    617.07715797872));
#336 = CARTESIAN_POINT('',(330.39687387737,229.1895137059,
    607.32910077865));
#337 = CARTESIAN_POINT('',(330.46250049978,228.72219660144,
    597.06732658622));
#338 = CARTESIAN_POINT('',(330.5281248847,223.5810019578,589.60897729294
    ));
#339 = CARTESIAN_POINT('',(330.65937512088,209.41667260511,
    582.90974868225));
#340 = CARTESIAN_POINT('',(330.72499950576,200.38975172903,
    583.66707742291));
#341 = CARTESIAN_POINT('',(330.79062612831,192.16082896121,
    589.81583863555));
#342 = CARTESIAN_POINT('',(330.85624835168,188.35582497139,
    600.54537599121));
#343 = CARTESIAN_POINT('',(330.92187665389,191.99001765841,
    612.01700237558));
#344 = CARTESIAN_POINT('',(330.98749887729,201.27908953592,
    618.59835678684));
#345 = CARTESIAN_POINT('',(331.0531254998,211.5474369855,618.88720883854
    ));
#346 = CARTESIAN_POINT('',(331.1187498847,219.3637872986,614.30861469544
    ));
#347 = CARTESIAN_POINT('',(331.25000012088,227.08685676666,
    600.67549003596));
#348 = CARTESIAN_POINT('',(331.31562450577,226.99564153594,
    591.61731543475));
#349 = CARTESIAN_POINT('',(331.3812511283,221.46889777047,
    582.95835835434));
#350 = CARTESIAN_POINT('',(331.44687335169,211.04834601912,
    578.37435045452));
#351 = CARTESIAN_POINT('',(331.51250165388,199.34045470434,
    581.15479095021));
#352 = CARTESIAN_POINT('',(331.57812387729,192.09358623904,
    589.93453921995));
#353 = CARTESIAN_POINT('',(331.6437504998,191.05013034548,
    600.15381486211));
#354 = CARTESIAN_POINT('',(331.7093748847,195.04131218967,
    608.28580871548));
#355 = CARTESIAN_POINT('',(331.84062512088,208.06935307222,
    616.9908670583));
#356 = CARTESIAN_POINT('',(331.90624950582,217.10969436556,
    617.56625964078));
#357 = CARTESIAN_POINT('',(331.97187612818,226.15176211993,
    612.69148322577));
#358 = CARTESIAN_POINT('',(332.03749835186,231.48993279373,
    602.63638695155));
#359 = CARTESIAN_POINT('',(332.10312665374,229.57831193735,
    590.7556767838));
#360 = CARTESIAN_POINT('',(332.16874887737,221.35546549194,
    582.88256567256));
#361 = CARTESIAN_POINT('',(332.23437549979,211.24064079732,
    581.09016051505));
#362 = CARTESIAN_POINT('',(332.2999998847,202.83707138297,
    584.47230150009));
#363 = CARTESIAN_POINT('',(332.43125012088,193.19719763074,
    596.82465852338));
#364 = CARTESIAN_POINT('',(332.49687450576,191.95831533741,
    605.79817611617));
#365 = CARTESIAN_POINT('',(332.56250112834,196.15470756606,
    615.17435479572));
#366 = CARTESIAN_POINT('',(332.62812335161,205.78985892537,
    621.23776023442));
#367 = CARTESIAN_POINT('',(332.69375165398,217.77900534829,
    620.20531825604));
#368 = CARTESIAN_POINT('',(332.75937387723,226.23569403415,
    612.58393395259));
#369 = CARTESIAN_POINT('',(332.82500049983,228.76733525685,
    602.62837331674));
#370 = CARTESIAN_POINT('',(332.8906248847,226.01256324593,
    593.99876801222));
#371 = CARTESIAN_POINT('',(333.02187512089,214.40282857487,
    583.47631816169));
#372 = CARTESIAN_POINT('',(333.08749950576,205.54476295202,
    581.58065976792));
#373 = CARTESIAN_POINT('',(333.15312612833,195.88528367173,
    585.07592719727));
#374 = CARTESIAN_POINT('',(333.21874835163,189.12950158789,
    594.23891992151));
#375 = CARTESIAN_POINT('',(333.28437665397,189.27716979534,
    606.27153237639));
#376 = CARTESIAN_POINT('',(333.34999887722,196.25579101527,
    615.26597110824));
#377 = CARTESIAN_POINT('',(333.41562549985,205.9981375465,
    618.52312921291));
#378 = CARTESIAN_POINT('',(333.48124988469,214.80701416242,
    616.41065452437));
#379 = CARTESIAN_POINT('',(333.6125001209,226.15501804382,
    605.60645636361));
#380 = CARTESIAN_POINT('',(333.67812450568,228.69717980091,
    596.91184533574));
#381 = CARTESIAN_POINT('',(333.74375112852,225.92197832799,
    587.02141101003));
#382 = CARTESIAN_POINT('',(333.80937335135,217.28079929021,
    579.6098624492));
#383 = CARTESIAN_POINT('',(333.87500165423,205.2699265728,
    578.87195665926));
#384 = CARTESIAN_POINT('',(333.94062387706,195.78647943783,
    585.16999704236));
#385 = CARTESIAN_POINT('',(334.0062504999,191.82145527308,
    594.64633484916));
#386 = CARTESIAN_POINT('',(334.07187488468,193.28018495591,
    603.58674671082));
#387 = CARTESIAN_POINT('',(334.2031251209,203.22029772044,
    615.69880880684));
#388 = CARTESIAN_POINT('',(334.26874950571,211.70433730279,
    618.87369773247));
#389 = CARTESIAN_POINT('',(334.33437612842,221.77212955355,
    616.83360127311));
#390 = CARTESIAN_POINT('',(334.39999835151,229.79928076726,
    608.76106321979));
#391 = CARTESIAN_POINT('',(334.46562665408,231.41876177954,
    596.83701819976));
#392 = CARTESIAN_POINT('',(334.53124887716,225.83543185948,
    586.91595428327));
#393 = CARTESIAN_POINT('',(334.59687549987,216.67645587291,
    582.26455086803));
#394 = CARTESIAN_POINT('',(334.66249988469,207.65295763194,
    583.06163056257));
#395 = CARTESIAN_POINT('',(334.79375012089,194.84247363524,
    592.08379159857));
#396 = CARTESIAN_POINT('',(334.85937450574,191.05206253924,
    600.3112839898));
#397 = CARTESIAN_POINT('',(334.92500112834,192.34599852555,
    610.50187592712));
#398 = CARTESIAN_POINT('',(334.99062335165,199.8061498113,
    619.10112996579));
#399 = CARTESIAN_POINT('',(335.05625165393,211.57874970085,
    621.59341009248));
#400 = CARTESIAN_POINT('',(335.12187387725,221.88366729389,
    616.75504718408));
#401 = CARTESIAN_POINT('',(335.18750049984,227.19624360152,
    607.96306630213));
#402 = CARTESIAN_POINT('',(335.25312488468,227.06513333919,
    598.90538080067));
#403 = CARTESIAN_POINT('',(335.38437512092,219.00981590411,
    585.46589602597));
#404 = CARTESIAN_POINT('',(335.44999950558,211.08345619792,
    581.08050332583));
#405 = CARTESIAN_POINT('',(335.51562612878,200.82528827526,
    581.62126688766));
#406 = CARTESIAN_POINT('',(335.58124835086,191.70053151324,
    588.42860420002));
#407 = CARTESIAN_POINT('',(335.646876655,188.34895815567,599.98596221978
    ));
#408 = CARTESIAN_POINT('',(335.71249887612,192.41613454278,
    610.61889024867));
#409 = CARTESIAN_POINT('',(335.77812550081,200.79347581564,
    616.5638501368));
#410 = CARTESIAN_POINT('',(335.84374988401,209.83626419378,
    617.09941980504));
#411 = CARTESIAN_POINT('',(335.97500012232,223.83192001568,
    610.05459843331));
#412 = CARTESIAN_POINT('',(336.04062449801,228.78852948993,
    602.47232504522));
#413 = CARTESIAN_POINT('',(336.10625114858,229.00386881866,
    592.20217102868));
#414 = CARTESIAN_POINT('',(336.17187331476,222.88623498648,
    582.60135940973));
#415 = CARTESIAN_POINT('',(336.23750170526,211.60674922882,
    578.40865525856));
#416 = CARTESIAN_POINT('',(336.30312382075,200.70343143942,
    581.68260477863));
#417 = CARTESIAN_POINT('',(336.3687505496,194.15830430515,
    589.59990886936));
#418 = CARTESIAN_POINT('',(336.43437484976,192.95895693978,
    598.57879649818));
#419 = CARTESIAN_POINT('',(336.50000002192,195.9570313867,605.8167880793
    ));
#420 = DEFINITIONAL_REPRESENTATION('',(#421),#425);
#421 = LINE('',#422,#423);
#422 = CARTESIAN_POINT('',(0.,0.));
#423 = VECTOR('',#424,1.);
#424 = DIRECTION('',(0.,1.));
#425 = ( GEOMETRIC_REPRESENTATION_CONTEXT(2) 
PARAMETRIC_REPRESENTATION_CONTEXT() REPRESENTATION_CONTEXT('2D SPACE',''
  ) );
#426 = PCURVE('',#427,#688);
#427 = B_SPLINE_SURFACE_WITH_KNOTS('',1,9,(
    (#428,#429,#430,#431,#432,#433,#434,#435,#436,#437,#438,#439,#440
      ,#441,#442,#443,#444,#445,#446,#447,#448,#449,#450,#451,#452,#453
      ,#454,#455,#456,#457,#458,#459,#460,#461,#462,#463,#464,#465,#466
      ,#467,#468,#469,#470,#471,#472,#473,#474,#475,#476,#477,#478,#479
      ,#480,#481,#482,#483,#484,#485,#486,#487,#488,#489,#490,#491,#492
      ,#493,#494,#495,#496,#497,#498,#499,#500,#501,#502,#503,#504,#505
      ,#506,#507,#508,#509,#510,#511,#512,#513,#514,#515,#516,#517,#518
      ,#519,#520,#521,#522,#523,#524,#525,#526,#527,#528,#529,#530,#531
      ,#532,#533,#534,#535,#536,#537,#538,#539,#540,#541,#542,#543,#544
      ,#545,#546,#547,#548,#549,#550,#551,#552,#553,#554,#555,#556,#557)
    ,(#558,#559,#560,#561,#562,#563,#564,#565,#566,#567,#568,#569,#570
      ,#571,#572,#573,#574,#575,#576,#577,#578,#579,#580,#581,#582,#583
      ,#584,#585,#586,#587,#588,#589,#590,#591,#592,#593,#594,#595,#596
      ,#597,#598,#599,#600,#601,#602,#603,#604,#605,#606,#607,#608,#609
      ,#610,#611,#612,#613,#614,#615,#616,#617,#618,#619,#620,#621,#622
      ,#623,#624,#625,#626,#627,#628,#629,#630,#631,#632,#633,#634,#635
      ,#636,#637,#638,#639,#640,#641,#642,#643,#644,#645,#646,#647,#648
      ,#649,#650,#651,#652,#653,#654,#655,#656,#657,#658,#659,#660,#661
      ,#662,#663,#664,#665,#666,#667,#668,#669,#670,#671,#672,#673,#674
      ,#675,#676,#677,#678,#679,#680,#681,#682,#683,#684,#685,#686,#687
    )),.UNSPECIFIED.,.F.,.F.,.F.,(2,2),(10,8,8,8,8,8,8,8,8,8,8,8,8,8,8,8
    ,10),(0.,0.8),(0.,4.676207092211,9.352414184422,14.028621276633,
    18.704828368844,23.381035461055,28.057242553266,32.733449645478,
    37.409656737689,42.0858638299,46.762070922111,51.438278014322,
    56.114485106533,60.790692198744,65.466899290955,70.143106383166,
    74.819313475377),.UNSPECIFIED.);
#428 = CARTESIAN_POINT('',(327.45000000178,209.99999999957,
    614.95999976709));
#429 = CARTESIAN_POINT('',(327.51562500179,217.71064631877,
    614.95999933107));
#430 = CARTESIAN_POINT('',(327.58125000175,225.42334915758,
    610.48762641393));
#431 = CARTESIAN_POINT('',(327.64687500183,230.15733601912,
    601.55421077488));
#432 = CARTESIAN_POINT('',(327.71250000172,229.02766062641,
    590.4068074549));
#433 = CARTESIAN_POINT('',(327.77812500182,220.96696521194,
    581.72961204677));
#434 = CARTESIAN_POINT('',(327.84375000177,209.93286212019,
    579.78294720981));
#435 = CARTESIAN_POINT('',(327.90937500176,200.67540444645,
    583.8469233619));
#436 = CARTESIAN_POINT('',(327.97500000179,195.64776508013,
    591.20972013414));
#437 = CARTESIAN_POINT('',(328.10625000175,194.51330501636,
    606.58922816156));
#438 = CARTESIAN_POINT('',(328.17187500194,198.40617843851,
    614.61004127124));
#439 = CARTESIAN_POINT('',(328.23750000141,206.96713465778,
    619.98838399905));
#440 = CARTESIAN_POINT('',(328.30312500229,218.16743795228,
    619.68182338538));
#441 = CARTESIAN_POINT('',(328.3687500013,227.41410344347,
    612.28130285656));
#442 = CARTESIAN_POINT('',(328.43437500208,230.16721282935,
    601.42030270141));
#443 = CARTESIAN_POINT('',(328.50000000165,226.79526896038,
    591.88896387482));
#444 = CARTESIAN_POINT('',(328.5656250018,219.82227812391,
    586.33330618482));
#445 = CARTESIAN_POINT('',(328.69687500175,204.56789759394,
    584.07053319304));
#446 = CARTESIAN_POINT('',(328.76250000187,196.28243969454,
    587.36281109024));
#447 = CARTESIAN_POINT('',(328.8281250016,190.28888680601,
    595.50491559151));
#448 = CARTESIAN_POINT('',(328.89375000201,189.77067136132,
    606.69742317749));
#449 = CARTESIAN_POINT('',(328.95937500158,196.47091294373,
    616.46345049048));
#450 = CARTESIAN_POINT('',(329.02500000189,207.09995346024,
    620.0080849442));
#451 = CARTESIAN_POINT('',(329.09062500173,216.85352228953,
    617.34644628442));
#452 = CARTESIAN_POINT('',(329.15625000179,222.90709171252,
    610.80104860218));
#453 = CARTESIAN_POINT('',(329.28750000177,226.28591546946,
    595.75446038477));
#454 = CARTESIAN_POINT('',(329.3531250018,223.6120742365,587.24925730571
    ));
#455 = CARTESIAN_POINT('',(329.41875000172,215.93294422267,
    580.67297384398));
#456 = CARTESIAN_POINT('',(329.48437500185,204.80888551402,
    579.33279059033));
#457 = CARTESIAN_POINT('',(329.55000000171,194.576419327,585.29644404053
    ));
#458 = CARTESIAN_POINT('',(329.61562500181,190.25946848685,
    595.63592522459));
#459 = CARTESIAN_POINT('',(329.68125000177,192.1963782869,
    605.55886862307));
#460 = CARTESIAN_POINT('',(329.74687500178,198.27871273774,
    612.07754496153));
#461 = CARTESIAN_POINT('',(329.87812500177,213.03596987738,
    616.55410934501));
#462 = CARTESIAN_POINT('',(329.94375000179,221.71482770369,
    614.5131945535));
#463 = CARTESIAN_POINT('',(330.00937500176,228.83820428872,
    607.33865289819));
#464 = CARTESIAN_POINT('',(330.07500000179,230.99309278228,
    596.34332530458));
#465 = CARTESIAN_POINT('',(330.14062500178,225.79834501887,
    585.69987086455));
#466 = CARTESIAN_POINT('',(330.20625000177,215.8044537118,
    580.63399756854));
#467 = CARTESIAN_POINT('',(330.27187500177,205.76590903407,
    581.83568222683));
#468 = CARTESIAN_POINT('',(330.33750000179,198.81745105202,
    587.42199274891));
#469 = CARTESIAN_POINT('',(330.46875000176,193.26740493229,
    601.80994795573));
#470 = CARTESIAN_POINT('',(330.53437500188,194.66433338811,
    610.61542904671));
#471 = CARTESIAN_POINT('',(330.60000000154,201.29540722239,
    618.24729656038));
#472 = CARTESIAN_POINT('',(330.6656250021,212.10241906765,621.2052127659
    ));
#473 = CARTESIAN_POINT('',(330.73125000149,223.09918395919,
    616.80752147815));
#474 = CARTESIAN_POINT('',(330.79687500195,228.88652730467,
    607.21337781038));
#475 = CARTESIAN_POINT('',(330.86250000171,228.42657982137,
    597.11363159711));
#476 = CARTESIAN_POINT('',(330.92812500179,223.36656592884,
    589.77304626721));
#477 = CARTESIAN_POINT('',(331.05937500177,209.42588223071,
    583.17959459198));
#478 = CARTESIAN_POINT('',(331.12500000182,200.54149553993,
    583.92496663596));
#479 = CARTESIAN_POINT('',(331.19062500168,192.44249484924,
    589.9766382852));
#480 = CARTESIAN_POINT('',(331.25625000193,188.69758013535,600.536770249
    ));
#481 = CARTESIAN_POINT('',(331.32187500161,192.27438347807,
    611.82725317003));
#482 = CARTESIAN_POINT('',(331.38750000191,201.41678801013,
    618.30470445004));
#483 = CARTESIAN_POINT('',(331.45312500171,211.52300435948,
    618.58898663704));
#484 = CARTESIAN_POINT('',(331.51875000179,219.21593776922,
    614.0826900277));
#485 = CARTESIAN_POINT('',(331.65000000176,226.81706451402,
    600.66482361108));
#486 = CARTESIAN_POINT('',(331.71562500184,226.72728811768,
    591.74967658182));
#487 = CARTESIAN_POINT('',(331.78125000163,221.28781318626,
    583.22743190035));
#488 = CARTESIAN_POINT('',(331.84687500199,211.03178737423,
    578.71581269581));
#489 = CARTESIAN_POINT('',(331.91250000155,199.50877052876,
    581.45234508579));
#490 = CARTESIAN_POINT('',(331.97812500195,192.37631318395,
    590.09346700025));
#491 = CARTESIAN_POINT('',(332.04375000169,191.34934187649,
    600.15138702343));
#492 = CARTESIAN_POINT('',(332.1093750018,195.27750119084,
    608.15497984041));
#493 = CARTESIAN_POINT('',(332.24062500175,208.0998377453,
    616.72259049034));
#494 = CARTESIAN_POINT('',(332.30625000191,216.99743315881,
    617.28889624774));
#495 = CARTESIAN_POINT('',(332.37187500149,225.89673904885,
    612.49109502007));
#496 = CARTESIAN_POINT('',(332.43750000219,231.15061388855,
    602.59475365228));
#497 = CARTESIAN_POINT('',(332.50312500139,229.26918195751,
    590.90164710908));
#498 = CARTESIAN_POINT('',(332.56875000203,221.17616964898,
    583.15283510374));
#499 = CARTESIAN_POINT('',(332.63437500168,211.22105069198,
    581.38873992235));
#500 = CARTESIAN_POINT('',(332.7000000018,202.95017063075,
    584.71747490604));
#501 = CARTESIAN_POINT('',(332.83125000177,193.46250470003,
    596.87479624554));
#502 = CARTESIAN_POINT('',(332.89687500178,192.24318564907,
    605.70662320308));
#503 = CARTESIAN_POINT('',(332.9625000018,196.37331347207,
    614.93476419139));
#504 = CARTESIAN_POINT('',(333.02812500173,205.85634126465,
    620.9024234643));
#505 = CARTESIAN_POINT('',(333.09375000183,217.65617154801,
    619.8862876337));
#506 = CARTESIAN_POINT('',(333.15937500174,225.97934673007,
    612.38524166692));
#507 = CARTESIAN_POINT('',(333.22500000179,228.47100600099,
    602.58687142776));
#508 = CARTESIAN_POINT('',(333.29062500178,225.75973405113,
    594.09352473809));
#509 = CARTESIAN_POINT('',(333.42187500177,214.33330950426,
    583.73721801034));
#510 = CARTESIAN_POINT('',(333.48750000181,205.6151114384,
    581.87149326121));
#511 = CARTESIAN_POINT('',(333.55312500171,196.10814344678,
    585.3115661594));
#512 = CARTESIAN_POINT('',(333.61875000186,189.45903900434,
    594.32989102715));
#513 = CARTESIAN_POINT('',(333.68437500171,189.60437220519,
    606.17250074811));
#514 = CARTESIAN_POINT('',(333.75000000181,196.47280301321,
    615.02493509961));
#515 = CARTESIAN_POINT('',(333.81562500178,206.06132631669,
    618.23065594233));
#516 = CARTESIAN_POINT('',(333.88125000177,214.73111345338,
    616.15153964404));
#517 = CARTESIAN_POINT('',(334.01250000179,225.89993925473,
    605.51793267444));
#518 = CARTESIAN_POINT('',(334.07812500168,228.40195917781,
    596.96060817075));
#519 = CARTESIAN_POINT('',(334.143750002,225.6705832578,587.22633225963)
  );
#520 = CARTESIAN_POINT('',(334.20937500144,217.16583239848,
    579.93181471981));
#521 = CARTESIAN_POINT('',(334.27500000211,205.34461936806,
    579.20555771875));
#522 = CARTESIAN_POINT('',(334.34062500156,196.0108979561,
    585.40415274553));
#523 = CARTESIAN_POINT('',(334.40625000187,192.10848762031,
    594.73086807521));
#524 = CARTESIAN_POINT('',(334.47187500176,193.5441813558,
    603.53011333113));
#525 = CARTESIAN_POINT('',(334.60312500179,203.32734631065,
    615.45093337133));
#526 = CARTESIAN_POINT('',(334.66875000174,211.67742436904,
    618.5756898058));
#527 = CARTESIAN_POINT('',(334.73437500186,221.58625731571,
    616.56781242643));
#528 = CARTESIAN_POINT('',(334.80000000166,229.48665832932,
    608.62272355753));
#529 = CARTESIAN_POINT('',(334.8656250019,231.08056988384,
    596.88696739534));
#530 = CARTESIAN_POINT('',(334.93125000169,225.58540136088,
    587.12253916767));
#531 = CARTESIAN_POINT('',(334.99687500181,216.57103628398,
    582.54458683884));
#532 = CARTESIAN_POINT('',(335.06250000177,207.69001678108,
    583.32907786262));
#533 = CARTESIAN_POINT('',(335.19375000178,195.08180245871,
    592.20878498424));
#534 = CARTESIAN_POINT('',(335.25937500181,191.35124283872,
    600.30636680084));
#535 = CARTESIAN_POINT('',(335.32500000169,192.62474081593,
    610.33605995878));
#536 = CARTESIAN_POINT('',(335.39062500191,199.96711256945,
    618.79953148864));
#537 = CARTESIAN_POINT('',(335.45625000163,211.55381478398,
    621.25246005173));
#538 = CARTESIAN_POINT('',(335.52187500188,221.69603554473,616.490496827
    ));
#539 = CARTESIAN_POINT('',(335.58750000174,226.92472154636,
    607.83733162819));
#540 = CARTESIAN_POINT('',(335.65312500178,226.79568445904,
    598.92266489253));
#541 = CARTESIAN_POINT('',(335.78437500178,218.86755507303,
    585.69538129373));
#542 = CARTESIAN_POINT('',(335.85000000178,211.06635099509,
    581.3792347143));
#543 = CARTESIAN_POINT('',(335.91562500178,200.97014940383,
    581.91145209283));
#544 = CARTESIAN_POINT('',(335.98125000179,191.98947163992,
    588.61131778337));
#545 = CARTESIAN_POINT('',(336.04687500175,188.69081870548,
    599.98617670555));
#546 = CARTESIAN_POINT('',(336.11250000181,192.69377113515,
    610.45122842804));
#547 = CARTESIAN_POINT('',(336.17812500175,200.93884420908,
    616.30231339827));
#548 = CARTESIAN_POINT('',(336.24375000179,209.83884882213,
    616.82942951204));
#549 = CARTESIAN_POINT('',(336.37500000177,223.61352190638,
    609.89584107967));
#550 = CARTESIAN_POINT('',(336.44062500183,228.49186585178,
    602.43329015018));
#551 = CARTESIAN_POINT('',(336.50625000165,228.70381326884,
    592.32529228943));
#552 = CARTESIAN_POINT('',(336.57187500199,222.68276066143,
    582.87607541803));
#553 = CARTESIAN_POINT('',(336.63750000153,211.5813865824,
    578.74957371274));
#554 = CARTESIAN_POINT('',(336.70312500197,200.85021466994,
    581.97182310545));
#555 = CARTESIAN_POINT('',(336.76875000168,194.40843851392,
    589.76412318685));
#556 = CARTESIAN_POINT('',(336.8343750018,193.22802549079,
    598.60123586248));
#557 = CARTESIAN_POINT('',(336.90000000178,196.17876249699,
    605.72494402206));
#558 = CARTESIAN_POINT('',(326.65000000178,210.00000000014,
    614.95999970674));
#559 = CARTESIAN_POINT('',(326.71562500179,217.71064632812,
    614.95999985208));
#560 = CARTESIAN_POINT('',(326.78125000175,225.42334928958,
    610.48762485035));
#561 = CARTESIAN_POINT('',(326.84687500183,230.15733527559,
    601.55421344508));
#562 = CARTESIAN_POINT('',(326.91250000172,229.02766251873,
    590.40680463818));
#563 = CARTESIAN_POINT('',(326.97812500181,220.96696244381,
    581.72961386102));
#564 = CARTESIAN_POINT('',(327.04375000178,209.93286464775,
    579.78294656671));
#565 = CARTESIAN_POINT('',(327.10937500176,200.67540303916,
    583.84692341578));
#566 = CARTESIAN_POINT('',(327.17500000179,195.64776547665,
    591.20972015993));
#567 = CARTESIAN_POINT('',(327.30625000175,194.5133046125,
    606.58922813886));
#568 = CARTESIAN_POINT('',(327.37187500192,198.40617982232,
    614.61004150899));
#569 = CARTESIAN_POINT('',(327.43750000146,206.96713223774,
    619.98838307105));
#570 = CARTESIAN_POINT('',(327.50312500222,218.16744045113,
    619.68182547099));
#571 = CARTESIAN_POINT('',(327.56875000137,227.41410196078,
    612.28129996857));
#572 = CARTESIAN_POINT('',(327.63437500203,230.16721321717,
    601.4203052662));
#573 = CARTESIAN_POINT('',(327.70000000168,226.79526903607,
    591.88896246859));
#574 = CARTESIAN_POINT('',(327.7656250018,219.82227806422,
    586.33330657815));
#575 = CARTESIAN_POINT('',(327.89687500176,204.56789764858,
    584.0705327921));
#576 = CARTESIAN_POINT('',(327.96250000185,196.28243935242,
    587.36281245249));
#577 = CARTESIAN_POINT('',(328.02812500164,190.28888791305,
    595.50491324677));
#578 = CARTESIAN_POINT('',(328.09375000195,189.7706690945,
    606.69742551565));
#579 = CARTESIAN_POINT('',(328.15937500164,196.47091593499,
    616.46344922458));
#580 = CARTESIAN_POINT('',(328.22500000186,207.09995087285,
    620.00808514216));
#581 = CARTESIAN_POINT('',(328.29062500175,216.85352368674,
    617.34644646338));
#582 = CARTESIAN_POINT('',(328.35625000178,222.90709132459,
    610.80104851372));
#583 = CARTESIAN_POINT('',(328.48750000177,226.28591586532,
    595.75446046875));
#584 = CARTESIAN_POINT('',(328.5531250018,223.61207290306,
    587.24925686432));
#585 = CARTESIAN_POINT('',(328.61875000172,215.93294647968,
    580.6729751205));
#586 = CARTESIAN_POINT('',(328.68437500185,204.80888334887,
    579.33278815765));
#587 = CARTESIAN_POINT('',(328.75000000172,194.57642036946,
    585.29644711681));
#588 = CARTESIAN_POINT('',(328.81562500181,190.25946847975,
    595.63592262965));
#589 = CARTESIAN_POINT('',(328.88125000177,192.19637800565,
    605.55887000332));
#590 = CARTESIAN_POINT('',(328.94687500178,198.2787128545,
    612.07754458117));
#591 = CARTESIAN_POINT('',(329.07812500177,213.03596976451,
    616.55410973361));
#592 = CARTESIAN_POINT('',(329.1437500018,221.71482824195,
    614.51319325619));
#593 = CARTESIAN_POINT('',(329.20937500175,228.83820284969,
    607.3386550551));
#594 = CARTESIAN_POINT('',(329.2750000018,230.99309536752,
    596.34332332434));
#595 = CARTESIAN_POINT('',(329.34062500177,225.79834187437,
    585.69987167785));
#596 = CARTESIAN_POINT('',(329.40625000178,215.80445630013,
    580.63399775235));
#597 = CARTESIAN_POINT('',(329.47187500177,205.76590767828,
    581.83568184482));
#598 = CARTESIAN_POINT('',(329.53750000179,198.81745142277,
    587.42199289333));
#599 = CARTESIAN_POINT('',(329.66875000176,193.26740455301,
    601.80994781457));
#600 = CARTESIAN_POINT('',(329.73437500189,194.66433464242,
    610.61542967902));
#601 = CARTESIAN_POINT('',(329.80000000154,201.295405177,618.24729496638
    ));
#602 = CARTESIAN_POINT('',(329.8656250021,212.10242085251,
    621.20521549013));
#603 = CARTESIAN_POINT('',(329.93125000149,223.09918337935,616.807518282
    ));
#604 = CARTESIAN_POINT('',(329.99687500195,228.88652693093,
    607.21338037842));
#605 = CARTESIAN_POINT('',(330.06250000171,228.42658030213,
    597.11363027299));
#606 = CARTESIAN_POINT('',(330.12812500179,223.36656575752,
    589.77304662634));
#607 = CARTESIAN_POINT('',(330.25937500177,209.42588239938,
    583.17959422414));
#608 = CARTESIAN_POINT('',(330.32500000181,200.54149481711,
    583.92496784029));
#609 = CARTESIAN_POINT('',(330.3906250017,192.44249658925,
    589.97663636271));
#610 = CARTESIAN_POINT('',(330.45625000191,188.6975772874,
    600.53677182855));
#611 = CARTESIAN_POINT('',(330.52187500163,192.27438670805,
    611.8272528269));
#612 = CARTESIAN_POINT('',(330.58750000189,201.41678547663,
    618.30470388842));
#613 = CARTESIAN_POINT('',(330.65312500172,211.52300564462,
    618.58898721388));
#614 = CARTESIAN_POINT('',(330.71875000179,219.21593742366,
    614.08268983043));
#615 = CARTESIAN_POINT('',(330.85000000176,226.81706486847,
    600.66482380636));
#616 = CARTESIAN_POINT('',(330.91562500184,226.72728696974,
    591.74967577233));
#617 = CARTESIAN_POINT('',(330.98125000163,221.28781497561,
    583.22743377716));
#618 = CARTESIAN_POINT('',(331.046875002,211.03178600842,578.71580973923
    ));
#619 = CARTESIAN_POINT('',(331.11250000154,199.50877063337,
    581.4523483324));
#620 = CARTESIAN_POINT('',(331.17812500195,192.37631393044,
    590.09346451482));
#621 = CARTESIAN_POINT('',(331.24375000169,191.34934120665,
    600.15138826271));
#622 = CARTESIAN_POINT('',(331.3093750018,195.277501413,608.15497951027)
  );
#623 = CARTESIAN_POINT('',(331.44062500175,208.09983752445,
    616.72259082949));
#624 = CARTESIAN_POINT('',(331.5062500019,216.99743405063,617.2888951624
    ));
#625 = CARTESIAN_POINT('',(331.5718750015,225.89673704533,
    612.49109666658));
#626 = CARTESIAN_POINT('',(331.63750000216,231.15061693781,
    602.59475250762));
#627 = CARTESIAN_POINT('',(331.70312500141,229.26917871182,
    590.90164697455));
#628 = CARTESIAN_POINT('',(331.76875000201,221.17617207286,
    583.15283603109));
#629 = CARTESIAN_POINT('',(331.83437500168,211.22104950531,
    581.38873916314));
#630 = CARTESIAN_POINT('',(331.90000000179,202.95017094363,
    584.71747515188));
#631 = CARTESIAN_POINT('',(332.03125000177,193.46250437809,
    596.87479600038));
#632 = CARTESIAN_POINT('',(332.09687500179,192.24318666572,
    605.70662417215));
#633 = CARTESIAN_POINT('',(332.16250000178,196.37331197761,
    614.93476207258));
#634 = CARTESIAN_POINT('',(332.22812500175,205.85634218177,
    620.90242658892));
#635 = CARTESIAN_POINT('',(332.29375000181,217.65617192089,
    619.88628440728));
#636 = CARTESIAN_POINT('',(332.35937500175,225.97934562707,
    612.38524401562));
#637 = CARTESIAN_POINT('',(332.42500000178,228.47100684533,
    602.58687030033));
#638 = CARTESIAN_POINT('',(332.49062500178,225.75973378296,
    594.09352503201));
#639 = CARTESIAN_POINT('',(332.62187500177,214.33330977245,
    583.73721770729));
#640 = CARTESIAN_POINT('',(332.68750000181,205.6151103971,
    581.87149420386));
#641 = CARTESIAN_POINT('',(332.75312500171,196.10814566995,
    585.31156482478));
#642 = CARTESIAN_POINT('',(332.81875000187,189.45903582048,
    594.32989171196));
#643 = CARTESIAN_POINT('',(332.8843750017,189.60437539566,
    606.17250135737));
#644 = CARTESIAN_POINT('',(332.95000000181,196.47280075188,
    615.02493382674));
#645 = CARTESIAN_POINT('',(333.01562500177,206.061327379,618.23065686737
    ));
#646 = CARTESIAN_POINT('',(333.08125000177,214.73111317999,
    616.15153935498));
#647 = CARTESIAN_POINT('',(333.21250000179,225.89993953719,
    605.51793296416));
#648 = CARTESIAN_POINT('',(333.27812500168,228.40195831442,
    596.96060706309));
#649 = CARTESIAN_POINT('',(333.34375000201,225.67058442513,
    587.2263345746));
#650 = CARTESIAN_POINT('',(333.40937500143,217.16583194978,
    579.93181149471));
#651 = CARTESIAN_POINT('',(333.47500000213,205.34461852584,
    579.20556085528));
#652 = CARTESIAN_POINT('',(333.54062500154,196.01089939172,
    585.40415058426));
#653 = CARTESIAN_POINT('',(333.60625000187,192.10848661973,
    594.73086906648));
#654 = CARTESIAN_POINT('',(333.67187500176,193.54418166417,
    603.53011307976));
#655 = CARTESIAN_POINT('',(333.80312500179,203.32734600092,
    615.45093363173));
#656 = CARTESIAN_POINT('',(333.86875000175,211.67742553732,
    618.57568902617));
#657 = CARTESIAN_POINT('',(333.93437500183,221.58625492089,
    616.56781342036));
#658 = CARTESIAN_POINT('',(334.0000000017,229.48666157903,
    608.62272334731));
#659 = CARTESIAN_POINT('',(334.06562500186,231.08056681745,
    596.88696632457));
#660 = CARTESIAN_POINT('',(334.13125000171,225.58540341088,
    587.12254075852));
#661 = CARTESIAN_POINT('',(334.19687500181,216.57103536892,
    582.54458576797));
#662 = CARTESIAN_POINT('',(334.26250000177,207.69001700911,
    583.32907818867));
#663 = CARTESIAN_POINT('',(334.39375000178,195.08180222178,
    592.20878465616));
#664 = CARTESIAN_POINT('',(334.45937500181,191.35124353035,
    600.30636802341));
#665 = CARTESIAN_POINT('',(334.5250000017,192.6247400008,610.33605749713
    ));
#666 = CARTESIAN_POINT('',(334.59062500191,199.96711254007,
    618.79953474529));
#667 = CARTESIAN_POINT('',(334.65625000164,211.55381607746,
    621.25245707215));
#668 = CARTESIAN_POINT('',(334.72187500187,221.69603380733,
    616.49049875458));
#669 = CARTESIAN_POINT('',(334.78750000174,226.92472268166,
    607.83733079433));
#670 = CARTESIAN_POINT('',(334.85312500178,226.79568411712,
    598.92266509594));
#671 = CARTESIAN_POINT('',(334.98437500178,218.86755541755,
    585.69538108163));
#672 = CARTESIAN_POINT('',(335.05000000177,211.06634972552,
    581.3792353139));
#673 = CARTESIAN_POINT('',(335.1156250018,200.97015191733,581.9114514615
    ));
#674 = CARTESIAN_POINT('',(335.18125000175,191.98946839679,
    588.61131751366));
#675 = CARTESIAN_POINT('',(335.2468750018,188.69082157846,
    599.98617821583));
#676 = CARTESIAN_POINT('',(335.31250000178,192.6937693442,
    610.45122655231));
#677 = CARTESIAN_POINT('',(335.37812500177,200.93884495407,
    616.30231459297));
#678 = CARTESIAN_POINT('',(335.44375000178,209.83884864655,
    616.82942915525));
#679 = CARTESIAN_POINT('',(335.57500000177,223.61352208811,
    609.89584144062));
#680 = CARTESIAN_POINT('',(335.64062500183,228.49186537133,
    602.43328883037));
#681 = CARTESIAN_POINT('',(335.70625000165,228.70381365039,
    592.32529486753));
#682 = CARTESIAN_POINT('',(335.77187500199,222.68276128414,
    582.87607215813));
#683 = CARTESIAN_POINT('',(335.83750000154,211.58138470462,
    578.74957652981));
#684 = CARTESIAN_POINT('',(335.90312500196,200.8502168486,
    581.97182138819));
#685 = CARTESIAN_POINT('',(335.96875000169,194.40843711253,
    589.76412390271));
#686 = CARTESIAN_POINT('',(336.0343750018,193.22802596829,
    598.60123567104));
#687 = CARTESIAN_POINT('',(336.10000000178,196.17876243516,
    605.72494404828));
#688 = DEFINITIONAL_REPRESENTATION('',(#689),#693);
#689 = LINE('',#690,#691);
#690 = CARTESIAN_POINT('',(0.8,0.));
#691 = VECTOR('',#692,1.);
#692 = DIRECTION('',(0.,1.));
#693 = ( GEOMETRIC_REPRESENTATION_CONTEXT(2) 
PARAMETRIC_REPRESENTATION_CONTEXT() REPRESENTATION_CONTEXT('2D SPACE',''
  ) );
#694 = ORIENTED_EDGE('',*,*,#695,.F.);
#695 = EDGE_CURVE('',#696,#22,#698,.T.);
#696 = VERTEX_POINT('',#697);
#697 = CARTESIAN_POINT('',(327.25,225.20004005975,599.99996570338));
#698 = SURFACE_CURVE('',#699,(#756,#816),.PCURVE_S1.);
#699 = B_SPLINE_CURVE_WITH_KNOTS('',7,(#700,#701,#702,#703,#704,#705,
    #706,#707,#708,#709,#710,#711,#712,#713,#714,#715,#716,#717,#718,
    #719,#720,#721,#722,#723,#724,#725,#726,#727,#728,#729,#730,#731,
    #732,#733,#734,#735,#736,#737,#738,#739,#740,#741,#742,#743,#744,
    #745,#746,#747,#748,#749,#750,#751,#752,#753,#754,#755),
  .UNSPECIFIED.,.F.,.F.,(8,6,6,6,6,6,6,6,6,8),(0.,0.130895268767,
    0.260519115109,0.381864941863,0.505978704716,0.63483989517,
    0.754472919745,0.883815077466,0.941438179527,1.),.UNSPECIFIED.);
#700 = CARTESIAN_POINT('',(327.25,225.20004005975,599.99996570338));
#701 = CARTESIAN_POINT('',(327.25,225.19558695727,599.11406502781));
#702 = CARTESIAN_POINT('',(327.25,225.13089074285,598.22841766861));
#703 = CARTESIAN_POINT('',(327.25,225.00593970204,597.34802942437));
#704 = CARTESIAN_POINT('',(327.25,224.82125843018,596.47780434327));
#705 = CARTESIAN_POINT('',(327.25,224.57784334729,595.62255518423));
#706 = CARTESIAN_POINT('',(327.25,224.2771636137,594.78699992232));
#707 = CARTESIAN_POINT('',(327.25,223.56874858668,593.17236862802));
#708 = CARTESIAN_POINT('',(327.25,223.1620423793,592.39273356952));
#709 = CARTESIAN_POINT('',(327.25,222.7030377652,591.64132036706));
#710 = CARTESIAN_POINT('',(327.25,222.19410001611,590.92231532688));
#711 = CARTESIAN_POINT('',(327.25,221.63797812563,590.23964338));
#712 = CARTESIAN_POINT('',(327.25,221.03780431766,589.59696467165));
#713 = CARTESIAN_POINT('',(327.25,219.79740067825,588.43657804255));
#714 = CARTESIAN_POINT('',(327.25,219.162120369,587.91345766759));
#715 = CARTESIAN_POINT('',(327.25,218.49421402336,587.43103272503));
#716 = CARTESIAN_POINT('',(327.25,217.79681274505,586.99172686152));
#717 = CARTESIAN_POINT('',(327.25,217.07324541829,586.59766219666));
#718 = CARTESIAN_POINT('',(327.25,216.32703785861,586.25065691663));
#719 = CARTESIAN_POINT('',(327.25,214.77938022839,585.64690679419));
#720 = CARTESIAN_POINT('',(327.25,213.97698733148,585.39237367238));
#721 = CARTESIAN_POINT('',(327.25,213.15876173927,585.19018256011));
#722 = CARTESIAN_POINT('',(327.25,212.32879664654,585.04149246268));
#723 = CARTESIAN_POINT('',(327.25,211.49126233199,584.94707290582));
#724 = CARTESIAN_POINT('',(327.25,210.65040412101,584.90730200334));
#725 = CARTESIAN_POINT('',(327.25,208.9385692126,584.93749483678));
#726 = CARTESIAN_POINT('',(327.25,208.06758015606,585.01171577299));
#727 = CARTESIAN_POINT('',(327.25,207.2024323211,585.14472678767));
#728 = CARTESIAN_POINT('',(327.25,206.34787260376,585.33596291648));
#729 = CARTESIAN_POINT('',(327.25,205.50855511146,585.58440660133));
#730 = CARTESIAN_POINT('',(327.25,204.6890378909,585.88858703621));
#731 = CARTESIAN_POINT('',(327.25,203.15544557343,586.57881564637));
#732 = CARTESIAN_POINT('',(327.25,202.43795428159,586.95747160715));
#733 = CARTESIAN_POINT('',(327.25,201.74484740824,587.38091426461));
#734 = CARTESIAN_POINT('',(327.25,201.07946536854,587.84725110431));
#735 = CARTESIAN_POINT('',(327.25,200.44495483011,588.35430208463));
#736 = CARTESIAN_POINT('',(327.25,199.84426623921,588.89959941285));
#737 = CARTESIAN_POINT('',(327.25,198.67020455588,590.10823990488));
#738 = CARTESIAN_POINT('',(327.25,198.10294280006,590.77763562082));
#739 = CARTESIAN_POINT('',(327.25,197.58181517827,591.48501876466));
#740 = CARTESIAN_POINT('',(327.25,197.10984624701,592.22656839286));
#741 = CARTESIAN_POINT('',(327.25,196.68966341253,592.99820086477));
#742 = CARTESIAN_POINT('',(327.25,196.323493924,593.79557162705));
#743 = CARTESIAN_POINT('',(327.25,195.87482768547,594.97867835116));
#744 = CARTESIAN_POINT('',(327.25,195.74761579332,595.34751233104));
#745 = CARTESIAN_POINT('',(327.25,195.63162701334,595.7201403203));
#746 = CARTESIAN_POINT('',(327.25,195.52699776485,596.09615290393));
#747 = CARTESIAN_POINT('',(327.25,195.43384579827,596.47513514189));
#748 = CARTESIAN_POINT('',(327.25,195.35227019519,596.85666656914));
#749 = CARTESIAN_POINT('',(327.25,195.2112935176,597.63022580949));
#750 = CARTESIAN_POINT('',(327.25,195.15227468751,598.02232545448));
#751 = CARTESIAN_POINT('',(327.25,195.10538160992,598.41617331728));
#752 = CARTESIAN_POINT('',(327.25,195.07067059454,598.81131785574));
#753 = CARTESIAN_POINT('',(327.25,195.04820160589,599.20730983077));
#754 = CARTESIAN_POINT('',(327.25,195.03797975471,599.60369385745));
#755 = CARTESIAN_POINT('',(327.25,195.04000853614,600.00001378005));
#756 = PCURVE('',#159,#757);
#757 = DEFINITIONAL_REPRESENTATION('',(#758),#815);
#758 = B_SPLINE_CURVE_WITH_KNOTS('',7,(#759,#760,#761,#762,#763,#764,
    #765,#766,#767,#768,#769,#770,#771,#772,#773,#774,#775,#776,#777,
    #778,#779,#780,#781,#782,#783,#784,#785,#786,#787,#788,#789,#790,
    #791,#792,#793,#794,#795,#796,#797,#798,#799,#800,#801,#802,#803,
    #804,#805,#806,#807,#808,#809,#810,#811,#812,#813,#814),
  .UNSPECIFIED.,.F.,.F.,(8,6,6,6,6,6,6,6,6,8),(0.,0.130895268767,
    0.260519115109,0.381864941863,0.505978704716,0.63483989517,
    0.754472919745,0.883815077466,0.941438179527,1.),.UNSPECIFIED.);
#759 = CARTESIAN_POINT('',(0.466476151588,1.583477507244));
#760 = CARTESIAN_POINT('',(0.457822082692,1.642230886148));
#761 = CARTESIAN_POINT('',(0.449164552509,1.701007763994));
#762 = CARTESIAN_POINT('',(0.440504409962,1.75980237669));
#763 = CARTESIAN_POINT('',(0.431841534282,1.818615543628));
#764 = CARTESIAN_POINT('',(0.423175474903,1.877450323515));
#765 = CARTESIAN_POINT('',(0.414506099737,1.936307613117));
#766 = CARTESIAN_POINT('',(0.397246636064,2.053483904349));
#767 = CARTESIAN_POINT('',(0.388655650752,2.111808994507));
#768 = CARTESIAN_POINT('',(0.380062105733,2.170151461688));
#769 = CARTESIAN_POINT('',(0.371465877452,2.22851214509));
#770 = CARTESIAN_POINT('',(0.362866523952,2.286894045659));
#771 = CARTESIAN_POINT('',(0.354263907988,2.3452980956));
#772 = CARTESIAN_POINT('',(0.337603284966,2.458408790216));
#773 = CARTESIAN_POINT('',(0.329544833946,2.513118448935));
#774 = CARTESIAN_POINT('',(0.32148406046,2.56784387582));
#775 = CARTESIAN_POINT('',(0.313420873471,2.622585689124));
#776 = CARTESIAN_POINT('',(0.305354952786,2.677346062739));
#777 = CARTESIAN_POINT('',(0.297286202957,2.732125644613));
#778 = CARTESIAN_POINT('',(0.280960123206,2.842965099726));
#779 = CARTESIAN_POINT('',(0.272701947765,2.899030713315));
#780 = CARTESIAN_POINT('',(0.264441361365,2.955112695769));
#781 = CARTESIAN_POINT('',(0.256178269685,3.011211687146));
#782 = CARTESIAN_POINT('',(0.247912316112,3.067330108193));
#783 = CARTESIAN_POINT('',(0.239643394818,3.123468677066));
#784 = CARTESIAN_POINT('',(0.222784568149,3.237925008042));
#785 = CARTESIAN_POINT('',(0.214193599714,3.296249987325));
#786 = CARTESIAN_POINT('',(0.205600075004,3.354592320538));
#787 = CARTESIAN_POINT('',(0.19700386471,3.412952885408));
#788 = CARTESIAN_POINT('',(0.188404516957,3.471334749793));
#789 = CARTESIAN_POINT('',(0.179801882265,3.529738928744));
#790 = CARTESIAN_POINT('',(0.163207854412,3.642397503632));
#791 = CARTESIAN_POINT('',(0.155216077636,3.69665450403));
#792 = CARTESIAN_POINT('',(0.147221967126,3.750927348278));
#793 = CARTESIAN_POINT('',(0.139225424428,3.805216705158));
#794 = CARTESIAN_POINT('',(0.13122613461,3.85952471317));
#795 = CARTESIAN_POINT('',(0.123224004796,3.913852003153));
#796 = CARTESIAN_POINT('',(0.106565596258,4.026947670104));
#797 = CARTESIAN_POINT('',(9.790806280721E-02,4.085724565721));
#798 = CARTESIAN_POINT('',(8.924787662839E-02,4.144519472253));
#799 = CARTESIAN_POINT('',(8.058493975261E-02,4.203333054681));
#800 = CARTESIAN_POINT('',(7.191883796508E-02,4.262168124459));
#801 = CARTESIAN_POINT('',(6.324947758254E-02,4.32102531653));
#802 = CARTESIAN_POINT('',(5.071435864256E-02,4.406127544635));
#803 = CARTESIAN_POINT('',(4.685042991925E-02,4.432360158917));
#804 = CARTESIAN_POINT('',(4.298592545752E-02,4.458596681573));
#805 = CARTESIAN_POINT('',(3.912084443675E-02,4.484837118123));
#806 = CARTESIAN_POINT('',(3.52551833094E-02,4.511081492648));
#807 = CARTESIAN_POINT('',(3.138893580095E-02,4.537329847789));
#808 = CARTESIAN_POINT('',(2.359225659283E-02,4.590262310601));
#809 = CARTESIAN_POINT('',(1.966175916826E-02,4.61694686422));
#810 = CARTESIAN_POINT('',(1.573077823359E-02,4.643634701714));
#811 = CARTESIAN_POINT('',(1.179890370733E-02,4.670328602748));
#812 = CARTESIAN_POINT('',(7.866488229437E-03,4.697026180286));
#813 = CARTESIAN_POINT('',(3.933550792644E-03,4.723727301686));
#814 = CARTESIAN_POINT('',(0.,4.750432587575));
#815 = ( GEOMETRIC_REPRESENTATION_CONTEXT(2) 
PARAMETRIC_REPRESENTATION_CONTEXT() REPRESENTATION_CONTEXT('2D SPACE',''
  ) );
#816 = PCURVE('',#817,#822);
#817 = PLANE('',#818);
#818 = AXIS2_PLACEMENT_3D('',#819,#820,#821);
#819 = CARTESIAN_POINT('',(327.25,192.8,582.8));
#820 = DIRECTION('',(1.,0.,0.));
#821 = DIRECTION('',(0.,0.,1.));
#822 = DEFINITIONAL_REPRESENTATION('',(#823),#880);
#823 = B_SPLINE_CURVE_WITH_KNOTS('',7,(#824,#825,#826,#827,#828,#829,
    #830,#831,#832,#833,#834,#835,#836,#837,#838,#839,#840,#841,#842,
    #843,#844,#845,#846,#847,#848,#849,#850,#851,#852,#853,#854,#855,
    #856,#857,#858,#859,#860,#861,#862,#863,#864,#865,#866,#867,#868,
    #869,#870,#871,#872,#873,#874,#875,#876,#877,#878,#879),
  .UNSPECIFIED.,.F.,.F.,(8,6,6,6,6,6,6,6,6,8),(0.,0.130895268767,
    0.260519115109,0.381864941863,0.505978704716,0.63483989517,
    0.754472919745,0.883815077466,0.941438179527,1.),.UNSPECIFIED.);
#824 = CARTESIAN_POINT('',(17.199965703389,-32.40004005975));
#825 = CARTESIAN_POINT('',(16.314065027816,-32.39558695727));
#826 = CARTESIAN_POINT('',(15.428417668619,-32.33089074285));
#827 = CARTESIAN_POINT('',(14.548029424378,-32.20593970204));
#828 = CARTESIAN_POINT('',(13.677804343278,-32.02125843018));
#829 = CARTESIAN_POINT('',(12.822555184232,-31.77784334729));
#830 = CARTESIAN_POINT('',(11.986999922323,-31.4771636137));
#831 = CARTESIAN_POINT('',(10.372368628025,-30.76874858668));
#832 = CARTESIAN_POINT('',(9.592733569525,-30.3620423793));
#833 = CARTESIAN_POINT('',(8.841320367062,-29.9030377652));
#834 = CARTESIAN_POINT('',(8.122315326886,-29.39410001611));
#835 = CARTESIAN_POINT('',(7.439643380001,-28.83797812563));
#836 = CARTESIAN_POINT('',(6.796964671658,-28.23780431766));
#837 = CARTESIAN_POINT('',(5.636578042558,-26.99740067825));
#838 = CARTESIAN_POINT('',(5.11345766759,-26.362120369));
#839 = CARTESIAN_POINT('',(4.631032725032,-25.69421402336));
#840 = CARTESIAN_POINT('',(4.191726861527,-24.99681274505));
#841 = CARTESIAN_POINT('',(3.797662196667,-24.27324541829));
#842 = CARTESIAN_POINT('',(3.450656916636,-23.52703785861));
#843 = CARTESIAN_POINT('',(2.846906794198,-21.97938022839));
#844 = CARTESIAN_POINT('',(2.592373672383,-21.17698733148));
#845 = CARTESIAN_POINT('',(2.390182560112,-20.35876173927));
#846 = CARTESIAN_POINT('',(2.241492462684,-19.52879664654));
#847 = CARTESIAN_POINT('',(2.147072905829,-18.69126233199));
#848 = CARTESIAN_POINT('',(2.10730200334,-17.85040412101));
#849 = CARTESIAN_POINT('',(2.137494836789,-16.1385692126));
#850 = CARTESIAN_POINT('',(2.211715772994,-15.26758015606));
#851 = CARTESIAN_POINT('',(2.344726787679,-14.4024323211));
#852 = CARTESIAN_POINT('',(2.535962916484,-13.54787260376));
#853 = CARTESIAN_POINT('',(2.784406601333,-12.70855511146));
#854 = CARTESIAN_POINT('',(3.088587036213,-11.8890378909));
#855 = CARTESIAN_POINT('',(3.778815646379,-10.35544557343));
#856 = CARTESIAN_POINT('',(4.157471607153,-9.637954281592));
#857 = CARTESIAN_POINT('',(4.580914264617,-8.94484740824));
#858 = CARTESIAN_POINT('',(5.047251104313,-8.279465368544));
#859 = CARTESIAN_POINT('',(5.554302084639,-7.644954830113));
#860 = CARTESIAN_POINT('',(6.099599412855,-7.044266239219));
#861 = CARTESIAN_POINT('',(7.308239904886,-5.870204555885));
#862 = CARTESIAN_POINT('',(7.977635620828,-5.302942800064));
#863 = CARTESIAN_POINT('',(8.68501876466,-4.781815178276));
#864 = CARTESIAN_POINT('',(9.426568392863,-4.309846247016));
#865 = CARTESIAN_POINT('',(10.198200864773,-3.889663412536));
#866 = CARTESIAN_POINT('',(10.995571627054,-3.523493924009));
#867 = CARTESIAN_POINT('',(12.178678351168,-3.074827685477));
#868 = CARTESIAN_POINT('',(12.547512331044,-2.94761579332));
#869 = CARTESIAN_POINT('',(12.920140320308,-2.831627013348));
#870 = CARTESIAN_POINT('',(13.296152903937,-2.726997764852));
#871 = CARTESIAN_POINT('',(13.675135141898,-2.633845798271));
#872 = CARTESIAN_POINT('',(14.056666569144,-2.552270195192));
#873 = CARTESIAN_POINT('',(14.830225809493,-2.411293517609));
#874 = CARTESIAN_POINT('',(15.222325454483,-2.352274687515));
#875 = CARTESIAN_POINT('',(15.616173317285,-2.305381609922));
#876 = CARTESIAN_POINT('',(16.011317855742,-2.270670594541));
#877 = CARTESIAN_POINT('',(16.407309830773,-2.248201605895));
#878 = CARTESIAN_POINT('',(16.803693857458,-2.237979754718));
#879 = CARTESIAN_POINT('',(17.200013780056,-2.240008536145));
#880 = ( GEOMETRIC_REPRESENTATION_CONTEXT(2) 
PARAMETRIC_REPRESENTATION_CONTEXT() REPRESENTATION_CONTEXT('2D SPACE',''
  ) );
#881 = ORIENTED_EDGE('',*,*,#882,.T.);
#882 = EDGE_CURVE('',#696,#883,#885,.T.);
#883 = VERTEX_POINT('',#884);
#884 = CARTESIAN_POINT('',(335.9,215.81677271112,614.04296590891));
#885 = SURFACE_CURVE('',#886,(#1017,#1024),.PCURVE_S1.);
#886 = B_SPLINE_CURVE_WITH_KNOTS('',9,(#887,#888,#889,#890,#891,#892,
    #893,#894,#895,#896,#897,#898,#899,#900,#901,#902,#903,#904,#905,
    #906,#907,#908,#909,#910,#911,#912,#913,#914,#915,#916,#917,#918,
    #919,#920,#921,#922,#923,#924,#925,#926,#927,#928,#929,#930,#931,
    #932,#933,#934,#935,#936,#937,#938,#939,#940,#941,#942,#943,#944,
    #945,#946,#947,#948,#949,#950,#951,#952,#953,#954,#955,#956,#957,
    #958,#959,#960,#961,#962,#963,#964,#965,#966,#967,#968,#969,#970,
    #971,#972,#973,#974,#975,#976,#977,#978,#979,#980,#981,#982,#983,
    #984,#985,#986,#987,#988,#989,#990,#991,#992,#993,#994,#995,#996,
    #997,#998,#999,#1000,#1001,#1002,#1003,#1004,#1005,#1006,#1007,#1008
    ,#1009,#1010,#1011,#1012,#1013,#1014,#1015,#1016),.UNSPECIFIED.,.F.,
  .F.,(10,8,8,8,8,8,8,8,8,8,8,8,8,8,8,8,10),(0.,4.676207092211,
    9.352414184422,14.028621276633,18.704828368844,23.381035461055,
    28.057242553266,32.733449645478,37.409656737689,42.0858638299,
    46.762070922111,51.438278014322,56.114485106533,60.790692198744,
    65.466899290955,70.143106383166,74.819313475377),.UNSPECIFIED.);
#887 = CARTESIAN_POINT('',(327.04999998368,210.00000002222,
    615.19999973691));
#888 = CARTESIAN_POINT('',(327.11562515581,217.83434571682,
    615.19999958007));
#889 = CARTESIAN_POINT('',(327.18124945595,225.67078578169,
    610.65587657923));
#890 = CARTESIAN_POINT('',(327.24687618493,230.48070967861,
    601.57914434553));
#891 = CARTESIAN_POINT('',(327.31249830018,229.33292420361,
    590.2529087095));
#892 = CARTESIAN_POINT('',(327.37812669093,221.14290063113,
    581.43649880347));
#893 = CARTESIAN_POINT('',(327.44374885696,209.93178751302,
    579.45861492366));
#894 = CARTESIAN_POINT('',(327.50937550757,200.52581119338,
    583.5877799914));
#895 = CARTESIAN_POINT('',(327.57499988327,195.41751544606,
    591.0687004704));
#896 = CARTESIAN_POINT('',(327.70625012156,194.26485522434,
    606.6949368806));
#897 = CARTESIAN_POINT('',(327.77187450486,198.22018150424,
    614.84443020023));
#898 = CARTESIAN_POINT('',(327.83750112924,206.91847989759,
    620.30904724181));
#899 = CARTESIAN_POINT('',(327.90312335092,218.2984630351,619.9975813269
    ));
#900 = CARTESIAN_POINT('',(327.9687516544,227.69347993284,612.4783243223
    ));
#901 = CARTESIAN_POINT('',(328.03437387701,230.49074534237,
    601.44309036724));
#902 = CARTESIAN_POINT('',(328.10000049992,227.06471494601,
    591.75883972078));
#903 = CARTESIAN_POINT('',(328.16562488468,219.97985390021,
    586.11405447201));
#904 = CARTESIAN_POINT('',(328.29687512089,204.48075239893,
    583.8149801708));
#905 = CARTESIAN_POINT('',(328.36249950579,196.0623686342,
    587.16007540327));
#906 = CARTESIAN_POINT('',(328.42812612824,189.97267168216,
    595.43280321222));
#907 = CARTESIAN_POINT('',(328.49374835176,189.44613017507,
    606.80486464675));
#908 = CARTESIAN_POINT('',(328.55937665385,196.25387310767,
    616.72757619916));
#909 = CARTESIAN_POINT('',(328.62499887729,207.05342700994,
    620.3290644671));
#910 = CARTESIAN_POINT('',(328.69062549981,216.96347219037,
    617.62473472109));
#911 = CARTESIAN_POINT('',(328.7562498847,223.11415736007,
    610.97432657666));
#912 = CARTESIAN_POINT('',(328.88750012089,226.54718685797,
    595.68635095999));
#913 = CARTESIAN_POINT('',(328.95312450575,223.83045003383,
    587.04469669979));
#914 = CARTESIAN_POINT('',(329.01875112834,216.02812343796,
    580.36292043442));
#915 = CARTESIAN_POINT('',(329.08437335164,204.72560989277,
    579.00122487768));
#916 = CARTESIAN_POINT('',(329.15000165395,194.32897571921,
    585.06056199082));
#917 = CARTESIAN_POINT('',(329.21562387723,189.94278136988,
    595.56591212119));
#918 = CARTESIAN_POINT('',(329.28125049984,191.91075546833,
    605.64804844249));
#919 = CARTESIAN_POINT('',(329.34687488469,198.09067157344,
    612.27130243717));
#920 = CARTESIAN_POINT('',(329.47812512089,213.08467444104,
    616.81968324749));
#921 = CARTESIAN_POINT('',(329.54374950575,221.90276932355,
    614.74602706388));
#922 = CARTESIAN_POINT('',(329.60937612836,229.14041577773,607.456383165
    ));
#923 = CARTESIAN_POINT('',(329.67499835159,231.32988623794,
    596.28466680923));
#924 = CARTESIAN_POINT('',(329.740626654,226.05179101704,585.47045027597
    ));
#925 = CARTESIAN_POINT('',(329.8062488772,215.89757406117,
    580.32331901243));
#926 = CARTESIAN_POINT('',(329.87187549984,205.69798256925,
    581.54427284117));
#927 = CARTESIAN_POINT('',(329.9374998847,198.63805173685,
    587.22020740615));
#928 = CARTESIAN_POINT('',(330.06875012088,192.99896768382,
    601.83898372403));
#929 = CARTESIAN_POINT('',(330.13437450583,194.41830590431,
    610.78573320862));
#930 = CARTESIAN_POINT('',(330.20000112816,201.15576389444,
    618.54002841847));
#931 = CARTESIAN_POINT('',(330.26562335188,212.13614256176,
    621.54540885187));
#932 = CARTESIAN_POINT('',(330.33125165373,223.30933827846,
    617.07715797872));
#933 = CARTESIAN_POINT('',(330.39687387737,229.1895137059,
    607.32910077865));
#934 = CARTESIAN_POINT('',(330.46250049978,228.72219660144,
    597.06732658622));
#935 = CARTESIAN_POINT('',(330.5281248847,223.5810019578,589.60897729294
    ));
#936 = CARTESIAN_POINT('',(330.65937512088,209.41667260511,
    582.90974868225));
#937 = CARTESIAN_POINT('',(330.72499950576,200.38975172903,
    583.66707742291));
#938 = CARTESIAN_POINT('',(330.79062612831,192.16082896121,
    589.81583863555));
#939 = CARTESIAN_POINT('',(330.85624835168,188.35582497139,
    600.54537599121));
#940 = CARTESIAN_POINT('',(330.92187665389,191.99001765841,
    612.01700237558));
#941 = CARTESIAN_POINT('',(330.98749887729,201.27908953592,
    618.59835678684));
#942 = CARTESIAN_POINT('',(331.0531254998,211.5474369855,618.88720883854
    ));
#943 = CARTESIAN_POINT('',(331.1187498847,219.3637872986,614.30861469544
    ));
#944 = CARTESIAN_POINT('',(331.25000012088,227.08685676666,
    600.67549003596));
#945 = CARTESIAN_POINT('',(331.31562450577,226.99564153594,
    591.61731543475));
#946 = CARTESIAN_POINT('',(331.3812511283,221.46889777047,
    582.95835835434));
#947 = CARTESIAN_POINT('',(331.44687335169,211.04834601912,
    578.37435045452));
#948 = CARTESIAN_POINT('',(331.51250165388,199.34045470434,
    581.15479095021));
#949 = CARTESIAN_POINT('',(331.57812387729,192.09358623904,
    589.93453921995));
#950 = CARTESIAN_POINT('',(331.6437504998,191.05013034548,
    600.15381486211));
#951 = CARTESIAN_POINT('',(331.7093748847,195.04131218967,
    608.28580871548));
#952 = CARTESIAN_POINT('',(331.84062512088,208.06935307222,
    616.9908670583));
#953 = CARTESIAN_POINT('',(331.90624950582,217.10969436556,
    617.56625964078));
#954 = CARTESIAN_POINT('',(331.97187612818,226.15176211993,
    612.69148322577));
#955 = CARTESIAN_POINT('',(332.03749835186,231.48993279373,
    602.63638695155));
#956 = CARTESIAN_POINT('',(332.10312665374,229.57831193735,
    590.7556767838));
#957 = CARTESIAN_POINT('',(332.16874887737,221.35546549194,
    582.88256567256));
#958 = CARTESIAN_POINT('',(332.23437549979,211.24064079732,
    581.09016051505));
#959 = CARTESIAN_POINT('',(332.2999998847,202.83707138297,
    584.47230150009));
#960 = CARTESIAN_POINT('',(332.43125012088,193.19719763074,
    596.82465852338));
#961 = CARTESIAN_POINT('',(332.49687450576,191.95831533741,
    605.79817611617));
#962 = CARTESIAN_POINT('',(332.56250112834,196.15470756606,
    615.17435479572));
#963 = CARTESIAN_POINT('',(332.62812335161,205.78985892537,
    621.23776023442));
#964 = CARTESIAN_POINT('',(332.69375165398,217.77900534829,
    620.20531825604));
#965 = CARTESIAN_POINT('',(332.75937387723,226.23569403415,
    612.58393395259));
#966 = CARTESIAN_POINT('',(332.82500049983,228.76733525685,
    602.62837331674));
#967 = CARTESIAN_POINT('',(332.8906248847,226.01256324593,
    593.99876801222));
#968 = CARTESIAN_POINT('',(333.02187512089,214.40282857487,
    583.47631816169));
#969 = CARTESIAN_POINT('',(333.08749950576,205.54476295202,
    581.58065976792));
#970 = CARTESIAN_POINT('',(333.15312612833,195.88528367173,
    585.07592719727));
#971 = CARTESIAN_POINT('',(333.21874835163,189.12950158789,
    594.23891992151));
#972 = CARTESIAN_POINT('',(333.28437665397,189.27716979534,
    606.27153237639));
#973 = CARTESIAN_POINT('',(333.34999887722,196.25579101527,
    615.26597110824));
#974 = CARTESIAN_POINT('',(333.41562549985,205.9981375465,
    618.52312921291));
#975 = CARTESIAN_POINT('',(333.48124988469,214.80701416242,
    616.41065452437));
#976 = CARTESIAN_POINT('',(333.6125001209,226.15501804382,
    605.60645636361));
#977 = CARTESIAN_POINT('',(333.67812450568,228.69717980091,
    596.91184533574));
#978 = CARTESIAN_POINT('',(333.74375112852,225.92197832799,
    587.02141101003));
#979 = CARTESIAN_POINT('',(333.80937335135,217.28079929021,
    579.6098624492));
#980 = CARTESIAN_POINT('',(333.87500165423,205.2699265728,
    578.87195665926));
#981 = CARTESIAN_POINT('',(333.94062387706,195.78647943783,
    585.16999704236));
#982 = CARTESIAN_POINT('',(334.0062504999,191.82145527308,
    594.64633484916));
#983 = CARTESIAN_POINT('',(334.07187488468,193.28018495591,
    603.58674671082));
#984 = CARTESIAN_POINT('',(334.2031251209,203.22029772044,
    615.69880880684));
#985 = CARTESIAN_POINT('',(334.26874950571,211.70433730279,
    618.87369773247));
#986 = CARTESIAN_POINT('',(334.33437612842,221.77212955355,
    616.83360127311));
#987 = CARTESIAN_POINT('',(334.39999835151,229.79928076726,
    608.76106321979));
#988 = CARTESIAN_POINT('',(334.46562665408,231.41876177954,
    596.83701819976));
#989 = CARTESIAN_POINT('',(334.53124887716,225.83543185948,
    586.91595428327));
#990 = CARTESIAN_POINT('',(334.59687549987,216.67645587291,
    582.26455086803));
#991 = CARTESIAN_POINT('',(334.66249988469,207.65295763194,
    583.06163056257));
#992 = CARTESIAN_POINT('',(334.79375012089,194.84247363524,
    592.08379159857));
#993 = CARTESIAN_POINT('',(334.85937450574,191.05206253924,
    600.3112839898));
#994 = CARTESIAN_POINT('',(334.92500112834,192.34599852555,
    610.50187592712));
#995 = CARTESIAN_POINT('',(334.99062335165,199.8061498113,
    619.10112996579));
#996 = CARTESIAN_POINT('',(335.05625165393,211.57874970085,
    621.59341009248));
#997 = CARTESIAN_POINT('',(335.12187387725,221.88366729389,
    616.75504718408));
#998 = CARTESIAN_POINT('',(335.18750049984,227.19624360152,
    607.96306630213));
#999 = CARTESIAN_POINT('',(335.25312488468,227.06513333919,
    598.90538080067));
#1000 = CARTESIAN_POINT('',(335.38437512092,219.00981590411,
    585.46589602597));
#1001 = CARTESIAN_POINT('',(335.44999950558,211.08345619792,
    581.08050332583));
#1002 = CARTESIAN_POINT('',(335.51562612878,200.82528827526,
    581.62126688766));
#1003 = CARTESIAN_POINT('',(335.58124835086,191.70053151324,
    588.42860420002));
#1004 = CARTESIAN_POINT('',(335.646876655,188.34895815567,
    599.98596221978));
#1005 = CARTESIAN_POINT('',(335.71249887612,192.41613454278,
    610.61889024867));
#1006 = CARTESIAN_POINT('',(335.77812550081,200.79347581564,
    616.5638501368));
#1007 = CARTESIAN_POINT('',(335.84374988401,209.83626419378,
    617.09941980504));
#1008 = CARTESIAN_POINT('',(335.97500012232,223.83192001568,
    610.05459843331));
#1009 = CARTESIAN_POINT('',(336.04062449801,228.78852948993,
    602.47232504522));
#1010 = CARTESIAN_POINT('',(336.10625114858,229.00386881866,
    592.20217102868));
#1011 = CARTESIAN_POINT('',(336.17187331476,222.88623498648,
    582.60135940973));
#1012 = CARTESIAN_POINT('',(336.23750170526,211.60674922882,
    578.40865525856));
#1013 = CARTESIAN_POINT('',(336.30312382075,200.70343143942,
    581.68260477863));
#1014 = CARTESIAN_POINT('',(336.3687505496,194.15830430515,
    589.59990886936));
#1015 = CARTESIAN_POINT('',(336.43437484976,192.95895693978,
    598.57879649818));
#1016 = CARTESIAN_POINT('',(336.50000002192,195.9570313867,
    605.8167880793));
#1017 = PCURVE('',#159,#1018);
#1018 = DEFINITIONAL_REPRESENTATION('',(#1019),#1023);
#1019 = LINE('',#1020,#1021);
#1020 = CARTESIAN_POINT('',(0.466476151588,0.));
#1021 = VECTOR('',#1022,1.);
#1022 = DIRECTION('',(0.,1.));
#1023 = ( GEOMETRIC_REPRESENTATION_CONTEXT(2) 
PARAMETRIC_REPRESENTATION_CONTEXT() REPRESENTATION_CONTEXT('2D SPACE',''
  ) );
#1024 = PCURVE('',#1025,#1286);
#1025 = B_SPLINE_SURFACE_WITH_KNOTS('',1,9,(
    (#1026,#1027,#1028,#1029,#1030,#1031,#1032,#1033,#1034,#1035,#1036
      ,#1037,#1038,#1039,#1040,#1041,#1042,#1043,#1044,#1045,#1046,#1047
      ,#1048,#1049,#1050,#1051,#1052,#1053,#1054,#1055,#1056,#1057,#1058
      ,#1059,#1060,#1061,#1062,#1063,#1064,#1065,#1066,#1067,#1068,#1069
      ,#1070,#1071,#1072,#1073,#1074,#1075,#1076,#1077,#1078,#1079,#1080
      ,#1081,#1082,#1083,#1084,#1085,#1086,#1087,#1088,#1089,#1090,#1091
      ,#1092,#1093,#1094,#1095,#1096,#1097,#1098,#1099,#1100,#1101,#1102
      ,#1103,#1104,#1105,#1106,#1107,#1108,#1109,#1110,#1111,#1112,#1113
      ,#1114,#1115,#1116,#1117,#1118,#1119,#1120,#1121,#1122,#1123,#1124
      ,#1125,#1126,#1127,#1128,#1129,#1130,#1131,#1132,#1133,#1134,#1135
      ,#1136,#1137,#1138,#1139,#1140,#1141,#1142,#1143,#1144,#1145,#1146
      ,#1147,#1148,#1149,#1150,#1151,#1152,#1153,#1154,#1155)
    ,(#1156,#1157,#1158,#1159,#1160,#1161,#1162,#1163,#1164,#1165,#1166
      ,#1167,#1168,#1169,#1170,#1171,#1172,#1173,#1174,#1175,#1176,#1177
      ,#1178,#1179,#1180,#1181,#1182,#1183,#1184,#1185,#1186,#1187,#1188
      ,#1189,#1190,#1191,#1192,#1193,#1194,#1195,#1196,#1197,#1198,#1199
      ,#1200,#1201,#1202,#1203,#1204,#1205,#1206,#1207,#1208,#1209,#1210
      ,#1211,#1212,#1213,#1214,#1215,#1216,#1217,#1218,#1219,#1220,#1221
      ,#1222,#1223,#1224,#1225,#1226,#1227,#1228,#1229,#1230,#1231,#1232
      ,#1233,#1234,#1235,#1236,#1237,#1238,#1239,#1240,#1241,#1242,#1243
      ,#1244,#1245,#1246,#1247,#1248,#1249,#1250,#1251,#1252,#1253,#1254
      ,#1255,#1256,#1257,#1258,#1259,#1260,#1261,#1262,#1263,#1264,#1265
      ,#1266,#1267,#1268,#1269,#1270,#1271,#1272,#1273,#1274,#1275,#1276
      ,#1277,#1278,#1279,#1280,#1281,#1282,#1283,#1284,#1285
  )),.UNSPECIFIED.,.F.,.F.,.F.,(2,2),(10,8,8,8,8,8,8,8,8,8,8,8,8,8,8,8,
    10),(0.,0.466476151588),(0.,4.676207092211,9.352414184422,
    14.028621276633,18.704828368844,23.381035461055,28.057242553266,
    32.733449645478,37.409656737689,42.0858638299,46.762070922111,
    51.438278014322,56.114485106533,60.790692198744,65.466899290955,
    70.143106383166,74.819313475377),.UNSPECIFIED.);
#1026 = CARTESIAN_POINT('',(327.04999998368,210.00000002222,
    615.19999973691));
#1027 = CARTESIAN_POINT('',(327.11562515581,217.83434571682,
    615.19999958007));
#1028 = CARTESIAN_POINT('',(327.18124945596,225.67078578169,
    610.65587657923));
#1029 = CARTESIAN_POINT('',(327.24687618492,230.48070967861,
    601.57914434553));
#1030 = CARTESIAN_POINT('',(327.3124983002,229.3329242036,590.2529087095
    ));
#1031 = CARTESIAN_POINT('',(327.37812669092,221.14290063114,
    581.43649880347));
#1032 = CARTESIAN_POINT('',(327.44374885697,209.93178751302,
    579.45861492366));
#1033 = CARTESIAN_POINT('',(327.50937550757,200.52581119338,
    583.5877799914));
#1034 = CARTESIAN_POINT('',(327.57499988327,195.41751544606,
    591.0687004704));
#1035 = CARTESIAN_POINT('',(327.70625012156,194.26485522434,
    606.6949368806));
#1036 = CARTESIAN_POINT('',(327.77187450486,198.22018150424,
    614.84443020023));
#1037 = CARTESIAN_POINT('',(327.83750112924,206.91847989759,
    620.30904724181));
#1038 = CARTESIAN_POINT('',(327.90312335092,218.29846303511,
    619.9975813269));
#1039 = CARTESIAN_POINT('',(327.9687516544,227.69347993284,
    612.4783243223));
#1040 = CARTESIAN_POINT('',(328.034373877,230.49074534237,
    601.44309036724));
#1041 = CARTESIAN_POINT('',(328.10000049993,227.06471494601,
    591.75883972078));
#1042 = CARTESIAN_POINT('',(328.16562488468,219.97985390021,
    586.11405447201));
#1043 = CARTESIAN_POINT('',(328.29687512089,204.48075239893,
    583.8149801708));
#1044 = CARTESIAN_POINT('',(328.36249950579,196.0623686342,
    587.16007540327));
#1045 = CARTESIAN_POINT('',(328.42812612825,189.97267168216,
    595.43280321222));
#1046 = CARTESIAN_POINT('',(328.49374835175,189.44613017507,
    606.80486464675));
#1047 = CARTESIAN_POINT('',(328.55937665385,196.25387310767,
    616.72757619916));
#1048 = CARTESIAN_POINT('',(328.6249988773,207.05342700994,
    620.3290644671));
#1049 = CARTESIAN_POINT('',(328.69062549981,216.96347219037,
    617.62473472109));
#1050 = CARTESIAN_POINT('',(328.7562498847,223.11415736007,
    610.97432657666));
#1051 = CARTESIAN_POINT('',(328.88750012089,226.54718685797,
    595.68635095999));
#1052 = CARTESIAN_POINT('',(328.95312450575,223.83045003383,
    587.04469669979));
#1053 = CARTESIAN_POINT('',(329.01875112833,216.02812343796,
    580.36292043442));
#1054 = CARTESIAN_POINT('',(329.08437335165,204.72560989277,
    579.00122487768));
#1055 = CARTESIAN_POINT('',(329.15000165394,194.32897571921,
    585.06056199082));
#1056 = CARTESIAN_POINT('',(329.21562387724,189.94278136988,
    595.56591212119));
#1057 = CARTESIAN_POINT('',(329.28125049983,191.91075546833,
    605.64804844249));
#1058 = CARTESIAN_POINT('',(329.34687488469,198.09067157344,
    612.27130243717));
#1059 = CARTESIAN_POINT('',(329.47812512089,213.08467444104,
    616.81968324749));
#1060 = CARTESIAN_POINT('',(329.54374950575,221.90276932355,
    614.74602706388));
#1061 = CARTESIAN_POINT('',(329.60937612836,229.14041577774,
    607.456383165));
#1062 = CARTESIAN_POINT('',(329.67499835158,231.32988623793,
    596.28466680923));
#1063 = CARTESIAN_POINT('',(329.74062665401,226.05179101704,
    585.47045027597));
#1064 = CARTESIAN_POINT('',(329.8062488772,215.89757406117,
    580.32331901243));
#1065 = CARTESIAN_POINT('',(329.87187549985,205.69798256925,
    581.54427284117));
#1066 = CARTESIAN_POINT('',(329.9374998847,198.63805173685,
    587.22020740615));
#1067 = CARTESIAN_POINT('',(330.06875012088,192.99896768382,
    601.83898372403));
#1068 = CARTESIAN_POINT('',(330.13437450582,194.41830590431,
    610.78573320862));
#1069 = CARTESIAN_POINT('',(330.20000112817,201.15576389444,
    618.54002841847));
#1070 = CARTESIAN_POINT('',(330.26562335187,212.13614256176,
    621.54540885187));
#1071 = CARTESIAN_POINT('',(330.33125165373,223.30933827846,
    617.07715797872));
#1072 = CARTESIAN_POINT('',(330.39687387737,229.18951370591,
    607.32910077865));
#1073 = CARTESIAN_POINT('',(330.46250049978,228.72219660144,
    597.06732658622));
#1074 = CARTESIAN_POINT('',(330.5281248847,223.5810019578,
    589.60897729294));
#1075 = CARTESIAN_POINT('',(330.65937512088,209.41667260511,
    582.90974868225));
#1076 = CARTESIAN_POINT('',(330.72499950576,200.38975172903,
    583.66707742291));
#1077 = CARTESIAN_POINT('',(330.79062612831,192.16082896121,
    589.81583863555));
#1078 = CARTESIAN_POINT('',(330.85624835168,188.35582497139,
    600.54537599121));
#1079 = CARTESIAN_POINT('',(330.9218766539,191.99001765841,
    612.01700237558));
#1080 = CARTESIAN_POINT('',(330.98749887728,201.27908953592,
    618.59835678684));
#1081 = CARTESIAN_POINT('',(331.05312549981,211.5474369855,
    618.88720883854));
#1082 = CARTESIAN_POINT('',(331.1187498847,219.3637872986,
    614.30861469544));
#1083 = CARTESIAN_POINT('',(331.25000012089,227.08685676666,
    600.67549003596));
#1084 = CARTESIAN_POINT('',(331.31562450577,226.99564153594,
    591.61731543474));
#1085 = CARTESIAN_POINT('',(331.38125112831,221.46889777047,
    582.95835835434));
#1086 = CARTESIAN_POINT('',(331.44687335169,211.04834601912,
    578.37435045452));
#1087 = CARTESIAN_POINT('',(331.51250165389,199.34045470434,
    581.15479095021));
#1088 = CARTESIAN_POINT('',(331.57812387729,192.09358623904,
    589.93453921995));
#1089 = CARTESIAN_POINT('',(331.64375049981,191.05013034548,
    600.15381486212));
#1090 = CARTESIAN_POINT('',(331.7093748847,195.04131218967,
    608.28580871548));
#1091 = CARTESIAN_POINT('',(331.84062512088,208.06935307222,
    616.9908670583));
#1092 = CARTESIAN_POINT('',(331.90624950581,217.10969436556,
    617.56625964078));
#1093 = CARTESIAN_POINT('',(331.97187612819,226.15176211993,
    612.69148322577));
#1094 = CARTESIAN_POINT('',(332.03749835185,231.48993279373,
    602.63638695155));
#1095 = CARTESIAN_POINT('',(332.10312665375,229.57831193735,
    590.7556767838));
#1096 = CARTESIAN_POINT('',(332.16874887736,221.35546549194,
    582.88256567256));
#1097 = CARTESIAN_POINT('',(332.23437549979,211.24064079732,
    581.09016051505));
#1098 = CARTESIAN_POINT('',(332.2999998847,202.83707138297,
    584.47230150009));
#1099 = CARTESIAN_POINT('',(332.43125012089,193.19719763074,
    596.82465852338));
#1100 = CARTESIAN_POINT('',(332.49687450575,191.95831533741,
    605.79817611617));
#1101 = CARTESIAN_POINT('',(332.56250112837,196.15470756606,
    615.17435479572));
#1102 = CARTESIAN_POINT('',(332.62812335157,205.78985892537,
    621.23776023442));
#1103 = CARTESIAN_POINT('',(332.69375165402,217.77900534829,
    620.20531825604));
#1104 = CARTESIAN_POINT('',(332.75937387719,226.23569403415,
    612.58393395259));
#1105 = CARTESIAN_POINT('',(332.82500049985,228.76733525685,
    602.62837331674));
#1106 = CARTESIAN_POINT('',(332.89062488469,226.01256324593,
    593.99876801222));
#1107 = CARTESIAN_POINT('',(333.02187512089,214.40282857487,
    583.47631816169));
#1108 = CARTESIAN_POINT('',(333.08749950576,205.54476295202,
    581.58065976792));
#1109 = CARTESIAN_POINT('',(333.15312612832,195.88528367173,
    585.07592719727));
#1110 = CARTESIAN_POINT('',(333.21874835165,189.12950158789,
    594.23891992151));
#1111 = CARTESIAN_POINT('',(333.28437665395,189.27716979534,
    606.27153237639));
#1112 = CARTESIAN_POINT('',(333.34999887723,196.25579101527,
    615.26597110824));
#1113 = CARTESIAN_POINT('',(333.41562549984,205.9981375465,
    618.52312921291));
#1114 = CARTESIAN_POINT('',(333.48124988469,214.80701416242,
    616.41065452437));
#1115 = CARTESIAN_POINT('',(333.6125001209,226.15501804382,
    605.60645636361));
#1116 = CARTESIAN_POINT('',(333.67812450569,228.69717980091,
    596.91184533574));
#1117 = CARTESIAN_POINT('',(333.74375112851,225.92197832799,
    587.02141101003));
#1118 = CARTESIAN_POINT('',(333.80937335136,217.28079929021,
    579.6098624492));
#1119 = CARTESIAN_POINT('',(333.87500165422,205.2699265728,
    578.87195665926));
#1120 = CARTESIAN_POINT('',(333.94062387707,195.78647943783,
    585.16999704236));
#1121 = CARTESIAN_POINT('',(334.00625049989,191.82145527308,
    594.64633484916));
#1122 = CARTESIAN_POINT('',(334.07187488468,193.28018495591,
    603.58674671082));
#1123 = CARTESIAN_POINT('',(334.2031251209,203.22029772044,
    615.69880880684));
#1124 = CARTESIAN_POINT('',(334.26874950571,211.70433730279,
    618.87369773247));
#1125 = CARTESIAN_POINT('',(334.33437612843,221.77212955355,
    616.83360127311));
#1126 = CARTESIAN_POINT('',(334.3999983515,229.79928076726,
    608.76106321979));
#1127 = CARTESIAN_POINT('',(334.46562665408,231.41876177954,
    596.83701819976));
#1128 = CARTESIAN_POINT('',(334.53124887716,225.83543185948,
    586.91595428327));
#1129 = CARTESIAN_POINT('',(334.59687549986,216.67645587291,
    582.26455086803));
#1130 = CARTESIAN_POINT('',(334.66249988469,207.65295763194,
    583.06163056257));
#1131 = CARTESIAN_POINT('',(334.79375012089,194.84247363524,
    592.08379159857));
#1132 = CARTESIAN_POINT('',(334.85937450574,191.05206253924,
    600.3112839898));
#1133 = CARTESIAN_POINT('',(334.92500112834,192.34599852555,
    610.50187592712));
#1134 = CARTESIAN_POINT('',(334.99062335165,199.8061498113,
    619.10112996579));
#1135 = CARTESIAN_POINT('',(335.05625165393,211.57874970085,
    621.59341009248));
#1136 = CARTESIAN_POINT('',(335.12187387724,221.88366729389,
    616.75504718408));
#1137 = CARTESIAN_POINT('',(335.18750049984,227.19624360152,
    607.96306630213));
#1138 = CARTESIAN_POINT('',(335.25312488468,227.06513333919,
    598.90538080067));
#1139 = CARTESIAN_POINT('',(335.38437512092,219.00981590411,
    585.46589602597));
#1140 = CARTESIAN_POINT('',(335.44999950559,211.08345619792,
    581.08050332583));
#1141 = CARTESIAN_POINT('',(335.51562612875,200.82528827526,
    581.62126688766));
#1142 = CARTESIAN_POINT('',(335.58124835089,191.70053151324,
    588.42860420002));
#1143 = CARTESIAN_POINT('',(335.64687665497,188.34895815567,
    599.98596221978));
#1144 = CARTESIAN_POINT('',(335.71249887614,192.41613454278,
    610.61889024867));
#1145 = CARTESIAN_POINT('',(335.7781255008,200.79347581564,
    616.5638501368));
#1146 = CARTESIAN_POINT('',(335.84374988401,209.83626419378,
    617.09941980504));
#1147 = CARTESIAN_POINT('',(335.97500012232,223.83192001568,
    610.05459843331));
#1148 = CARTESIAN_POINT('',(336.040624498,228.78852948993,
    602.47232504522));
#1149 = CARTESIAN_POINT('',(336.1062511486,229.00386881866,
    592.20217102868));
#1150 = CARTESIAN_POINT('',(336.17187331473,222.88623498648,
    582.60135940973));
#1151 = CARTESIAN_POINT('',(336.23750170529,211.60674922882,
    578.40865525856));
#1152 = CARTESIAN_POINT('',(336.30312382072,200.70343143942,
    581.68260477863));
#1153 = CARTESIAN_POINT('',(336.36875054962,194.15830430515,
    589.59990886936));
#1154 = CARTESIAN_POINT('',(336.43437484975,192.95895693978,
    598.57879649818));
#1155 = CARTESIAN_POINT('',(336.50000002192,195.9570313867,
    605.8167880793));
#1156 = CARTESIAN_POINT('',(327.45000000178,209.99999999957,
    614.95999976709));
#1157 = CARTESIAN_POINT('',(327.51562500179,217.71064631877,
    614.95999933107));
#1158 = CARTESIAN_POINT('',(327.58125000175,225.42334915758,
    610.48762641393));
#1159 = CARTESIAN_POINT('',(327.64687500183,230.15733601912,
    601.55421077488));
#1160 = CARTESIAN_POINT('',(327.71250000172,229.02766062641,
    590.4068074549));
#1161 = CARTESIAN_POINT('',(327.77812500182,220.96696521194,
    581.72961204677));
#1162 = CARTESIAN_POINT('',(327.84375000177,209.93286212019,
    579.78294720981));
#1163 = CARTESIAN_POINT('',(327.90937500176,200.67540444645,
    583.8469233619));
#1164 = CARTESIAN_POINT('',(327.97500000179,195.64776508013,
    591.20972013414));
#1165 = CARTESIAN_POINT('',(328.10625000175,194.51330501636,
    606.58922816156));
#1166 = CARTESIAN_POINT('',(328.17187500194,198.40617843851,
    614.61004127124));
#1167 = CARTESIAN_POINT('',(328.23750000142,206.96713465778,
    619.98838399905));
#1168 = CARTESIAN_POINT('',(328.30312500227,218.16743795228,
    619.68182338538));
#1169 = CARTESIAN_POINT('',(328.36875000132,227.41410344347,
    612.28130285656));
#1170 = CARTESIAN_POINT('',(328.43437500207,230.16721282935,
    601.42030270141));
#1171 = CARTESIAN_POINT('',(328.50000000166,226.79526896038,
    591.88896387482));
#1172 = CARTESIAN_POINT('',(328.5656250018,219.82227812391,
    586.33330618482));
#1173 = CARTESIAN_POINT('',(328.69687500175,204.56789759394,
    584.07053319304));
#1174 = CARTESIAN_POINT('',(328.76250000186,196.28243969454,
    587.36281109024));
#1175 = CARTESIAN_POINT('',(328.82812500161,190.288886806,
    595.50491559151));
#1176 = CARTESIAN_POINT('',(328.89375000199,189.77067136132,
    606.69742317749));
#1177 = CARTESIAN_POINT('',(328.95937500159,196.47091294373,
    616.46345049048));
#1178 = CARTESIAN_POINT('',(329.02500000188,207.09995346024,
    620.00808494421));
#1179 = CARTESIAN_POINT('',(329.09062500174,216.85352228953,
    617.34644628442));
#1180 = CARTESIAN_POINT('',(329.15625000179,222.90709171252,
    610.80104860218));
#1181 = CARTESIAN_POINT('',(329.28750000177,226.28591546946,
    595.75446038477));
#1182 = CARTESIAN_POINT('',(329.3531250018,223.6120742365,
    587.24925730571));
#1183 = CARTESIAN_POINT('',(329.41875000172,215.93294422267,
    580.67297384398));
#1184 = CARTESIAN_POINT('',(329.48437500186,204.80888551402,
    579.33279059033));
#1185 = CARTESIAN_POINT('',(329.55000000171,194.57641932699,
    585.29644404053));
#1186 = CARTESIAN_POINT('',(329.61562500181,190.25946848685,
    595.63592522459));
#1187 = CARTESIAN_POINT('',(329.68125000177,192.1963782869,
    605.55886862307));
#1188 = CARTESIAN_POINT('',(329.74687500178,198.27871273774,
    612.07754496153));
#1189 = CARTESIAN_POINT('',(329.87812500177,213.03596987738,
    616.55410934501));
#1190 = CARTESIAN_POINT('',(329.94375000179,221.71482770369,
    614.5131945535));
#1191 = CARTESIAN_POINT('',(330.00937500177,228.83820428872,
    607.33865289819));
#1192 = CARTESIAN_POINT('',(330.07500000178,230.99309278228,
    596.34332530458));
#1193 = CARTESIAN_POINT('',(330.14062500178,225.79834501887,
    585.69987086455));
#1194 = CARTESIAN_POINT('',(330.20625000177,215.8044537118,
    580.63399756854));
#1195 = CARTESIAN_POINT('',(330.27187500177,205.76590903407,
    581.83568222683));
#1196 = CARTESIAN_POINT('',(330.33750000179,198.81745105202,
    587.42199274891));
#1197 = CARTESIAN_POINT('',(330.46875000176,193.26740493228,
    601.80994795573));
#1198 = CARTESIAN_POINT('',(330.53437500189,194.66433338811,
    610.61542904671));
#1199 = CARTESIAN_POINT('',(330.60000000153,201.29540722239,
    618.24729656038));
#1200 = CARTESIAN_POINT('',(330.66562500212,212.10241906765,
    621.2052127659));
#1201 = CARTESIAN_POINT('',(330.73125000147,223.09918395919,
    616.80752147815));
#1202 = CARTESIAN_POINT('',(330.79687500197,228.88652730467,
    607.21337781038));
#1203 = CARTESIAN_POINT('',(330.8625000017,228.42657982137,
    597.11363159711));
#1204 = CARTESIAN_POINT('',(330.92812500179,223.36656592884,
    589.77304626721));
#1205 = CARTESIAN_POINT('',(331.05937500177,209.42588223071,
    583.17959459198));
#1206 = CARTESIAN_POINT('',(331.12500000181,200.54149553993,
    583.92496663596));
#1207 = CARTESIAN_POINT('',(331.19062500169,192.44249484924,
    589.9766382852));
#1208 = CARTESIAN_POINT('',(331.25625000192,188.69758013535,
    600.536770249));
#1209 = CARTESIAN_POINT('',(331.32187500162,192.27438347807,
    611.82725317003));
#1210 = CARTESIAN_POINT('',(331.3875000019,201.41678801013,
    618.30470445004));
#1211 = CARTESIAN_POINT('',(331.45312500172,211.52300435948,
    618.58898663704));
#1212 = CARTESIAN_POINT('',(331.51875000179,219.21593776922,
    614.0826900277));
#1213 = CARTESIAN_POINT('',(331.65000000176,226.81706451402,
    600.66482361108));
#1214 = CARTESIAN_POINT('',(331.71562500184,226.72728811768,
    591.74967658182));
#1215 = CARTESIAN_POINT('',(331.78125000164,221.28781318627,
    583.22743190035));
#1216 = CARTESIAN_POINT('',(331.84687500198,211.03178737423,
    578.71581269581));
#1217 = CARTESIAN_POINT('',(331.91250000156,199.50877052876,
    581.45234508579));
#1218 = CARTESIAN_POINT('',(331.97812500194,192.37631318395,
    590.09346700025));
#1219 = CARTESIAN_POINT('',(332.0437500017,191.34934187649,
    600.15138702343));
#1220 = CARTESIAN_POINT('',(332.1093750018,195.27750119084,
    608.15497984041));
#1221 = CARTESIAN_POINT('',(332.24062500175,208.0998377453,
    616.72259049034));
#1222 = CARTESIAN_POINT('',(332.3062500019,216.99743315881,
    617.28889624774));
#1223 = CARTESIAN_POINT('',(332.3718750015,225.89673904885,
    612.49109502007));
#1224 = CARTESIAN_POINT('',(332.43750000217,231.15061388855,
    602.59475365228));
#1225 = CARTESIAN_POINT('',(332.5031250014,229.26918195751,
    590.90164710908));
#1226 = CARTESIAN_POINT('',(332.56875000202,221.17616964898,
    583.15283510374));
#1227 = CARTESIAN_POINT('',(332.63437500168,211.22105069198,
    581.38873992235));
#1228 = CARTESIAN_POINT('',(332.70000000179,202.95017063075,
    584.71747490604));
#1229 = CARTESIAN_POINT('',(332.83125000177,193.46250470003,
    596.87479624554));
#1230 = CARTESIAN_POINT('',(332.89687500177,192.24318564907,
    605.70662320308));
#1231 = CARTESIAN_POINT('',(332.96250000182,196.37331347208,
    614.93476419139));
#1232 = CARTESIAN_POINT('',(333.02812500171,205.85634126465,
    620.9024234643));
#1233 = CARTESIAN_POINT('',(333.09375000185,217.65617154801,
    619.88628763371));
#1234 = CARTESIAN_POINT('',(333.15937500173,225.97934673007,
    612.38524166692));
#1235 = CARTESIAN_POINT('',(333.2250000018,228.47100600099,
    602.58687142776));
#1236 = CARTESIAN_POINT('',(333.29062500178,225.75973405113,
    594.09352473809));
#1237 = CARTESIAN_POINT('',(333.42187500177,214.33330950426,
    583.73721801034));
#1238 = CARTESIAN_POINT('',(333.48750000181,205.6151114384,
    581.8714932612));
#1239 = CARTESIAN_POINT('',(333.5531250017,196.10814344678,
    585.3115661594));
#1240 = CARTESIAN_POINT('',(333.61875000187,189.45903900434,
    594.32989102715));
#1241 = CARTESIAN_POINT('',(333.6843750017,189.60437220519,
    606.17250074811));
#1242 = CARTESIAN_POINT('',(333.75000000181,196.47280301321,
    615.02493509961));
#1243 = CARTESIAN_POINT('',(333.81562500177,206.06132631669,
    618.23065594233));
#1244 = CARTESIAN_POINT('',(333.88125000177,214.73111345338,
    616.15153964404));
#1245 = CARTESIAN_POINT('',(334.01250000179,225.89993925473,
    605.51793267444));
#1246 = CARTESIAN_POINT('',(334.07812500168,228.40195917781,
    596.96060817075));
#1247 = CARTESIAN_POINT('',(334.143750002,225.6705832578,587.22633225963
    ));
#1248 = CARTESIAN_POINT('',(334.20937500144,217.16583239848,
    579.93181471981));
#1249 = CARTESIAN_POINT('',(334.27500000211,205.34461936806,
    579.20555771874));
#1250 = CARTESIAN_POINT('',(334.34062500156,196.0108979561,
    585.40415274553));
#1251 = CARTESIAN_POINT('',(334.40625000187,192.10848762031,
    594.73086807521));
#1252 = CARTESIAN_POINT('',(334.47187500176,193.5441813558,
    603.53011333113));
#1253 = CARTESIAN_POINT('',(334.60312500179,203.32734631065,
    615.45093337133));
#1254 = CARTESIAN_POINT('',(334.66875000174,211.67742436904,
    618.5756898058));
#1255 = CARTESIAN_POINT('',(334.73437500185,221.58625731571,
    616.56781242643));
#1256 = CARTESIAN_POINT('',(334.80000000167,229.48665832933,
    608.62272355753));
#1257 = CARTESIAN_POINT('',(334.86562500189,231.08056988384,
    596.88696739534));
#1258 = CARTESIAN_POINT('',(334.9312500017,225.58540136088,
    587.12253916767));
#1259 = CARTESIAN_POINT('',(334.99687500181,216.57103628398,
    582.54458683884));
#1260 = CARTESIAN_POINT('',(335.06250000177,207.69001678108,
    583.32907786262));
#1261 = CARTESIAN_POINT('',(335.19375000177,195.08180245871,
    592.20878498424));
#1262 = CARTESIAN_POINT('',(335.25937500182,191.35124283872,
    600.30636680084));
#1263 = CARTESIAN_POINT('',(335.32500000167,192.62474081593,
    610.33605995878));
#1264 = CARTESIAN_POINT('',(335.39062500194,199.96711256945,
    618.79953148864));
#1265 = CARTESIAN_POINT('',(335.45625000161,211.55381478398,
    621.25246005173));
#1266 = CARTESIAN_POINT('',(335.52187500189,221.69603554473,
    616.490496827));
#1267 = CARTESIAN_POINT('',(335.58750000173,226.92472154636,
    607.83733162819));
#1268 = CARTESIAN_POINT('',(335.65312500179,226.79568445904,
    598.92266489253));
#1269 = CARTESIAN_POINT('',(335.78437500177,218.86755507303,
    585.69538129373));
#1270 = CARTESIAN_POINT('',(335.85000000178,211.06635099509,
    581.3792347143));
#1271 = CARTESIAN_POINT('',(335.91562500176,200.97014940383,
    581.91145209283));
#1272 = CARTESIAN_POINT('',(335.98125000181,191.98947163992,
    588.61131778337));
#1273 = CARTESIAN_POINT('',(336.04687500173,188.69081870548,
    599.98617670555));
#1274 = CARTESIAN_POINT('',(336.11250000182,192.69377113515,
    610.45122842804));
#1275 = CARTESIAN_POINT('',(336.17812500175,200.93884420908,
    616.30231339827));
#1276 = CARTESIAN_POINT('',(336.24375000179,209.83884882213,
    616.82942951204));
#1277 = CARTESIAN_POINT('',(336.37500000177,223.61352190638,
    609.89584107967));
#1278 = CARTESIAN_POINT('',(336.44062500184,228.49186585178,
    602.43329015018));
#1279 = CARTESIAN_POINT('',(336.50625000163,228.70381326884,
    592.32529228943));
#1280 = CARTESIAN_POINT('',(336.57187500202,222.68276066143,
    582.87607541803));
#1281 = CARTESIAN_POINT('',(336.63750000151,211.5813865824,
    578.74957371274));
#1282 = CARTESIAN_POINT('',(336.70312500198,200.85021466994,
    581.97182310545));
#1283 = CARTESIAN_POINT('',(336.76875000168,194.40843851392,
    589.76412318685));
#1284 = CARTESIAN_POINT('',(336.8343750018,193.22802549079,
    598.60123586248));
#1285 = CARTESIAN_POINT('',(336.90000000178,196.17876249699,
    605.72494402206));
#1286 = DEFINITIONAL_REPRESENTATION('',(#1287),#1291);
#1287 = LINE('',#1288,#1289);
#1288 = CARTESIAN_POINT('',(0.,0.));
#1289 = VECTOR('',#1290,1.);
#1290 = DIRECTION('',(0.,1.));
#1291 = ( GEOMETRIC_REPRESENTATION_CONTEXT(2) 
PARAMETRIC_REPRESENTATION_CONTEXT() REPRESENTATION_CONTEXT('2D SPACE',''
  ) );
#1292 = ORIENTED_EDGE('',*,*,#1293,.T.);
#1293 = EDGE_CURVE('',#883,#24,#1294,.T.);
#1294 = SURFACE_CURVE('',#1295,(#1343,#1394),.PCURVE_S1.);
#1295 = B_SPLINE_CURVE_WITH_KNOTS('',6,(#1296,#1297,#1298,#1299,#1300,
    #1301,#1302,#1303,#1304,#1305,#1306,#1307,#1308,#1309,#1310,#1311,
    #1312,#1313,#1314,#1315,#1316,#1317,#1318,#1319,#1320,#1321,#1322,
    #1323,#1324,#1325,#1326,#1327,#1328,#1329,#1330,#1331,#1332,#1333,
    #1334,#1335,#1336,#1337,#1338,#1339,#1340,#1341,#1342),
  .UNSPECIFIED.,.F.,.F.,(7,5,5,5,5,5,5,5,5,7),(0.,2.519383498862E-02,
    0.165087039716,0.28761629817,0.409913022011,0.524977346415,
    0.646814580113,0.769411743355,0.883818624979,1.),.UNSPECIFIED.);
#1296 = CARTESIAN_POINT('',(335.9,215.81677271113,614.04296590891));
#1297 = CARTESIAN_POINT('',(335.9,216.00017890774,613.96591710521));
#1298 = CARTESIAN_POINT('',(335.9,216.18237493124,613.88598773946));
#1299 = CARTESIAN_POINT('',(335.9,216.36330399953,613.80320115157));
#1300 = CARTESIAN_POINT('',(335.9,216.5429099643,613.71758211806));
#1301 = CARTESIAN_POINT('',(335.9,216.72113731104,613.62915685211));
#1302 = CARTESIAN_POINT('',(335.9,217.87961012887,613.03152757562));
#1303 = CARTESIAN_POINT('',(335.9,218.81718033593,612.43939078025));
#1304 = CARTESIAN_POINT('',(335.9,219.7010956879,611.76643066115));
#1305 = CARTESIAN_POINT('',(335.9,220.52281936246,611.01879494054));
#1306 = CARTESIAN_POINT('',(335.9,221.27466487354,610.2036835224));
#1307 = CARTESIAN_POINT('',(335.9,222.54156332185,608.56400291362));
#1308 = CARTESIAN_POINT('',(335.9,223.07449898673,607.75306937621));
#1309 = CARTESIAN_POINT('',(335.9,223.5443870447,606.90246618991));
#1310 = CARTESIAN_POINT('',(335.9,223.94764383974,606.01832180594));
#1311 = CARTESIAN_POINT('',(335.9,224.2814132354,605.10714566491));
#1312 = CARTESIAN_POINT('',(335.9,224.80552002711,603.24641062329));
#1313 = CARTESIAN_POINT('',(335.9,224.99615614659,602.29682950301));
#1314 = CARTESIAN_POINT('',(335.9,225.11362806756,601.3340606039));
#1315 = CARTESIAN_POINT('',(335.9,225.15690697955,600.36511427248));
#1316 = CARTESIAN_POINT('',(335.9,225.12577597511,599.39708147134));
#1317 = CARTESIAN_POINT('',(335.9,224.92241181365,597.53396765393));
#1318 = CARTESIAN_POINT('',(335.9,224.75862307138,596.63787548223));
#1319 = CARTESIAN_POINT('',(335.9,224.53024020281,595.75483517611));
#1320 = CARTESIAN_POINT('',(335.9,224.2386068864,594.89061664988));
#1321 = CARTESIAN_POINT('',(335.9,223.88569496519,594.05081410823));
#1322 = CARTESIAN_POINT('',(335.9,223.03851426163,592.38312311685));
#1323 = CARTESIAN_POINT('',(335.9,222.53710525958,591.5587621284));
#1324 = CARTESIAN_POINT('',(335.9,221.97318869453,590.77413679023));
#1325 = CARTESIAN_POINT('',(335.9,221.35074348122,590.03507857585));
#1326 = CARTESIAN_POINT('',(335.9,220.67439992415,589.34692808209));
#1327 = CARTESIAN_POINT('',(335.9,219.22020718817,588.07798423971));
#1328 = CARTESIAN_POINT('',(335.9,218.44167258425,587.4978186533));
#1329 = CARTESIAN_POINT('',(335.9,217.61945064384,586.9787883724));
#1330 = CARTESIAN_POINT('',(335.9,216.75955065617,586.52489425088));
#1331 = CARTESIAN_POINT('',(335.9,215.86841262474,586.13941879342));
#1332 = CARTESIAN_POINT('',(335.9,214.09871619519,585.53114914219));
#1333 = CARTESIAN_POINT('',(335.9,213.22321568482,585.29918004286));
#1334 = CARTESIAN_POINT('',(335.9,212.33211504447,585.13084376069));
#1335 = CARTESIAN_POINT('',(335.9,211.43117330796,585.02737330135));
#1336 = CARTESIAN_POINT('',(335.9,210.52625723038,584.98936313902));
#1337 = CARTESIAN_POINT('',(335.9,208.70644577137,585.04436746603));
#1338 = CARTESIAN_POINT('',(335.9,207.79153329507,585.13942575176));
#1339 = CARTESIAN_POINT('',(335.9,206.88489140734,585.30168268036));
#1340 = CARTESIAN_POINT('',(335.9,205.99263956261,585.53019653276));
#1341 = CARTESIAN_POINT('',(335.9,205.12076148229,585.82334722093));
#1342 = CARTESIAN_POINT('',(335.9,204.27507249164,586.17871259846));
#1343 = PCURVE('',#159,#1344);
#1344 = DEFINITIONAL_REPRESENTATION('',(#1345),#1393);
#1345 = B_SPLINE_CURVE_WITH_KNOTS('',6,(#1346,#1347,#1348,#1349,#1350,
    #1351,#1352,#1353,#1354,#1355,#1356,#1357,#1358,#1359,#1360,#1361,
    #1362,#1363,#1364,#1365,#1366,#1367,#1368,#1369,#1370,#1371,#1372,
    #1373,#1374,#1375,#1376,#1377,#1378,#1379,#1380,#1381,#1382,#1383,
    #1384,#1385,#1386,#1387,#1388,#1389,#1390,#1391,#1392),
  .UNSPECIFIED.,.F.,.F.,(7,5,5,5,5,5,5,5,5,7),(0.,2.519383498862E-02,
    0.165087039716,0.28761629817,0.409913022011,0.524977346415,
    0.646814580113,0.769411743355,0.883818624979,1.),.UNSPECIFIED.);
#1346 = CARTESIAN_POINT('',(0.466476151588,70.068880937917));
#1347 = CARTESIAN_POINT('',(0.464532901736,70.082073853787));
#1348 = CARTESIAN_POINT('',(0.462589498332,70.095267810768));
#1349 = CARTESIAN_POINT('',(0.460645931386,70.108462874227));
#1350 = CARTESIAN_POINT('',(0.458702197455,70.121659066965));
#1351 = CARTESIAN_POINT('',(0.456758299636,70.134856369212));
#1352 = CARTESIAN_POINT('',(0.444019556184,70.221340877676));
#1353 = CARTESIAN_POINT('',(0.433219632891,70.294662681754));
#1354 = CARTESIAN_POINT('',(0.422415893355,70.368010427908));
#1355 = CARTESIAN_POINT('',(0.411607271909,70.441391321672));
#1356 = CARTESIAN_POINT('',(0.400792644242,70.514812984721));
#1357 = CARTESIAN_POINT('',(0.380498315042,70.652593336462));
#1358 = CARTESIAN_POINT('',(0.371018352083,70.716953802232));
#1359 = CARTESIAN_POINT('',(0.361535312347,70.781335147629));
#1360 = CARTESIAN_POINT('',(0.352048674681,70.845740914087));
#1361 = CARTESIAN_POINT('',(0.342557868936,70.910174974993));
#1362 = CARTESIAN_POINT('',(0.323588093206,71.038962740514));
#1363 = CARTESIAN_POINT('',(0.31410814098,71.103323113657));
#1364 = CARTESIAN_POINT('',(0.304625184535,71.167703883682));
#1365 = CARTESIAN_POINT('',(0.295138625604,71.232109113428));
#1366 = CARTESIAN_POINT('',(0.285647844335,71.296543011205));
#1367 = CARTESIAN_POINT('',(0.267221374631,71.421642227521));
#1368 = CARTESIAN_POINT('',(0.258285242831,71.482310555903));
#1369 = CARTESIAN_POINT('',(0.249346270246,71.542998172032));
#1370 = CARTESIAN_POINT('',(0.240404015406,71.60370807248));
#1371 = CARTESIAN_POINT('',(0.231458032438,71.664443283762));
#1372 = CARTESIAN_POINT('',(0.213033466436,71.789529583283));
#1373 = CARTESIAN_POINT('',(0.203553613999,71.853889289612));
#1374 = CARTESIAN_POINT('',(0.194070651755,71.918270108041));
#1375 = CARTESIAN_POINT('',(0.184584012725,71.982675887601));
#1376 = CARTESIAN_POINT('',(0.175093114008,72.04711058574));
#1377 = CARTESIAN_POINT('',(0.156045736962,72.176425207439));
#1378 = CARTESIAN_POINT('',(0.146488198066,72.241312331293));
#1379 = CARTESIAN_POINT('',(0.136927537961,72.306220644866));
#1380 = CARTESIAN_POINT('',(0.127363156063,72.371154225931));
#1381 = CARTESIAN_POINT('',(0.117794431515,72.436117289852));
#1382 = CARTESIAN_POINT('',(9.928997210425E-02,72.561745985629));
#1383 = CARTESIAN_POINT('',(9.035383701151E-02,72.622414334652));
#1384 = CARTESIAN_POINT('',(8.141485564763E-02,72.683102007705));
#1385 = CARTESIAN_POINT('',(7.247259527786E-02,72.7438119427));
#1386 = CARTESIAN_POINT('',(6.352661344888E-02,72.804547143389));
#1387 = CARTESIAN_POINT('',(4.549000551033E-02,72.926999550176));
#1388 = CARTESIAN_POINT('',(3.639850140234E-02,72.988722717103));
#1389 = CARTESIAN_POINT('',(2.730407901174E-02,73.050465696584));
#1390 = CARTESIAN_POINT('',(1.82062786961E-02,73.112231608978));
#1391 = CARTESIAN_POINT('',(9.104626651117E-03,73.17402367087));
#1392 = CARTESIAN_POINT('',(0.,73.235835927394));
#1393 = ( GEOMETRIC_REPRESENTATION_CONTEXT(2) 
PARAMETRIC_REPRESENTATION_CONTEXT() REPRESENTATION_CONTEXT('2D SPACE',''
  ) );
#1394 = PCURVE('',#1395,#1400);
#1395 = PLANE('',#1396);
#1396 = AXIS2_PLACEMENT_3D('',#1397,#1398,#1399);
#1397 = CARTESIAN_POINT('',(335.9,192.8,582.8));
#1398 = DIRECTION('',(1.,0.,0.));
#1399 = DIRECTION('',(0.,0.,1.));
#1400 = DEFINITIONAL_REPRESENTATION('',(#1401),#1449);
#1401 = B_SPLINE_CURVE_WITH_KNOTS('',6,(#1402,#1403,#1404,#1405,#1406,
    #1407,#1408,#1409,#1410,#1411,#1412,#1413,#1414,#1415,#1416,#1417,
    #1418,#1419,#1420,#1421,#1422,#1423,#1424,#1425,#1426,#1427,#1428,
    #1429,#1430,#1431,#1432,#1433,#1434,#1435,#1436,#1437,#1438,#1439,
    #1440,#1441,#1442,#1443,#1444,#1445,#1446,#1447,#1448),
  .UNSPECIFIED.,.F.,.F.,(7,5,5,5,5,5,5,5,5,7),(0.,2.519383498862E-02,
    0.165087039716,0.28761629817,0.409913022011,0.524977346415,
    0.646814580113,0.769411743355,0.883818624979,1.),.UNSPECIFIED.);
#1402 = CARTESIAN_POINT('',(31.242965908915,-23.01677271113));
#1403 = CARTESIAN_POINT('',(31.165917105213,-23.20017890774));
#1404 = CARTESIAN_POINT('',(31.085987739465,-23.38237493124));
#1405 = CARTESIAN_POINT('',(31.00320115157,-23.56330399953));
#1406 = CARTESIAN_POINT('',(30.917582118064,-23.7429099643));
#1407 = CARTESIAN_POINT('',(30.829156852111,-23.92113731104));
#1408 = CARTESIAN_POINT('',(30.231527575623,-25.07961012887));
#1409 = CARTESIAN_POINT('',(29.63939078025,-26.01718033593));
#1410 = CARTESIAN_POINT('',(28.966430661154,-26.9010956879));
#1411 = CARTESIAN_POINT('',(28.218794940546,-27.72281936246));
#1412 = CARTESIAN_POINT('',(27.403683522403,-28.47466487354));
#1413 = CARTESIAN_POINT('',(25.764002913625,-29.74156332185));
#1414 = CARTESIAN_POINT('',(24.953069376218,-30.27449898673));
#1415 = CARTESIAN_POINT('',(24.102466189911,-30.7443870447));
#1416 = CARTESIAN_POINT('',(23.218321805945,-31.14764383974));
#1417 = CARTESIAN_POINT('',(22.307145664917,-31.4814132354));
#1418 = CARTESIAN_POINT('',(20.44641062329,-32.00552002711));
#1419 = CARTESIAN_POINT('',(19.496829503017,-32.19615614659));
#1420 = CARTESIAN_POINT('',(18.534060603906,-32.31362806756));
#1421 = CARTESIAN_POINT('',(17.565114272486,-32.35690697955));
#1422 = CARTESIAN_POINT('',(16.59708147134,-32.32577597511));
#1423 = CARTESIAN_POINT('',(14.733967653934,-32.12241181365));
#1424 = CARTESIAN_POINT('',(13.837875482232,-31.95862307138));
#1425 = CARTESIAN_POINT('',(12.954835176116,-31.73024020281));
#1426 = CARTESIAN_POINT('',(12.090616649886,-31.4386068864));
#1427 = CARTESIAN_POINT('',(11.250814108239,-31.08569496519));
#1428 = CARTESIAN_POINT('',(9.583123116858,-30.23851426163));
#1429 = CARTESIAN_POINT('',(8.758762128407,-29.73710525958));
#1430 = CARTESIAN_POINT('',(7.974136790235,-29.17318869453));
#1431 = CARTESIAN_POINT('',(7.235078575852,-28.55074348122));
#1432 = CARTESIAN_POINT('',(6.546928082097,-27.87439992415));
#1433 = CARTESIAN_POINT('',(5.277984239719,-26.42020718817));
#1434 = CARTESIAN_POINT('',(4.6978186533,-25.64167258425));
#1435 = CARTESIAN_POINT('',(4.178788372407,-24.81945064384));
#1436 = CARTESIAN_POINT('',(3.724894250885,-23.95955065617));
#1437 = CARTESIAN_POINT('',(3.339418793424,-23.06841262474));
#1438 = CARTESIAN_POINT('',(2.731149142198,-21.29871619519));
#1439 = CARTESIAN_POINT('',(2.499180042861,-20.42321568482));
#1440 = CARTESIAN_POINT('',(2.330843760696,-19.53211504447));
#1441 = CARTESIAN_POINT('',(2.227373301359,-18.63117330796));
#1442 = CARTESIAN_POINT('',(2.189363139022,-17.72625723038));
#1443 = CARTESIAN_POINT('',(2.244367466034,-15.90644577137));
#1444 = CARTESIAN_POINT('',(2.339425751766,-14.99153329507));
#1445 = CARTESIAN_POINT('',(2.501682680362,-14.08489140734));
#1446 = CARTESIAN_POINT('',(2.730196532765,-13.19263956261));
#1447 = CARTESIAN_POINT('',(3.023347220934,-12.32076148229));
#1448 = CARTESIAN_POINT('',(3.378712598469,-11.47507249164));
#1449 = ( GEOMETRIC_REPRESENTATION_CONTEXT(2) 
PARAMETRIC_REPRESENTATION_CONTEXT() REPRESENTATION_CONTEXT('2D SPACE',''
  ) );
#1450 = ADVANCED_FACE('',(#1451),#427,.T.);
#1451 = FACE_BOUND('',#1452,.T.);
#1452 = EDGE_LOOP('',(#1453,#1605,#1631,#1922,#1923));
#1453 = ORIENTED_EDGE('',*,*,#1454,.F.);
#1454 = EDGE_CURVE('',#1455,#1457,#1459,.T.);
#1455 = VERTEX_POINT('',#1456);
#1456 = CARTESIAN_POINT('',(327.45000000178,209.99999999957,
    614.95999976709));
#1457 = VERTEX_POINT('',#1458);
#1458 = CARTESIAN_POINT('',(335.9,204.27501855001,586.17874653595));
#1459 = SURFACE_CURVE('',#1460,(#1591,#1598),.PCURVE_S1.);
#1460 = B_SPLINE_CURVE_WITH_KNOTS('',9,(#1461,#1462,#1463,#1464,#1465,
    #1466,#1467,#1468,#1469,#1470,#1471,#1472,#1473,#1474,#1475,#1476,
    #1477,#1478,#1479,#1480,#1481,#1482,#1483,#1484,#1485,#1486,#1487,
    #1488,#1489,#1490,#1491,#1492,#1493,#1494,#1495,#1496,#1497,#1498,
    #1499,#1500,#1501,#1502,#1503,#1504,#1505,#1506,#1507,#1508,#1509,
    #1510,#1511,#1512,#1513,#1514,#1515,#1516,#1517,#1518,#1519,#1520,
    #1521,#1522,#1523,#1524,#1525,#1526,#1527,#1528,#1529,#1530,#1531,
    #1532,#1533,#1534,#1535,#1536,#1537,#1538,#1539,#1540,#1541,#1542,
    #1543,#1544,#1545,#1546,#1547,#1548,#1549,#1550,#1551,#1552,#1553,
    #1554,#1555,#1556,#1557,#1558,#1559,#1560,#1561,#1562,#1563,#1564,
    #1565,#1566,#1567,#1568,#1569,#1570,#1571,#1572,#1573,#1574,#1575,
    #1576,#1577,#1578,#1579,#1580,#1581,#1582,#1583,#1584,#1585,#1586,
    #1587,#1588,#1589,#1590),.UNSPECIFIED.,.F.,.F.,(10,8,8,8,8,8,8,8,8,8
    ,8,8,8,8,8,8,10),(0.,4.676207092211,9.352414184422,14.028621276633,
    18.704828368844,23.381035461055,28.057242553266,32.733449645478,
    37.409656737689,42.0858638299,46.762070922111,51.438278014322,
    56.114485106533,60.790692198744,65.466899290955,70.143106383166,
    74.819313475377),.UNSPECIFIED.);
#1461 = CARTESIAN_POINT('',(327.45000000178,209.99999999957,
    614.95999976709));
#1462 = CARTESIAN_POINT('',(327.51562500179,217.71064631877,
    614.95999933107));
#1463 = CARTESIAN_POINT('',(327.58125000175,225.42334915758,
    610.48762641393));
#1464 = CARTESIAN_POINT('',(327.64687500183,230.15733601912,
    601.55421077488));
#1465 = CARTESIAN_POINT('',(327.71250000172,229.02766062641,
    590.4068074549));
#1466 = CARTESIAN_POINT('',(327.77812500182,220.96696521194,
    581.72961204677));
#1467 = CARTESIAN_POINT('',(327.84375000177,209.93286212019,
    579.78294720981));
#1468 = CARTESIAN_POINT('',(327.90937500176,200.67540444645,
    583.8469233619));
#1469 = CARTESIAN_POINT('',(327.97500000179,195.64776508013,
    591.20972013414));
#1470 = CARTESIAN_POINT('',(328.10625000175,194.51330501636,
    606.58922816156));
#1471 = CARTESIAN_POINT('',(328.17187500194,198.40617843851,
    614.61004127124));
#1472 = CARTESIAN_POINT('',(328.23750000142,206.96713465778,
    619.98838399905));
#1473 = CARTESIAN_POINT('',(328.30312500227,218.16743795228,
    619.68182338538));
#1474 = CARTESIAN_POINT('',(328.36875000132,227.41410344347,
    612.28130285656));
#1475 = CARTESIAN_POINT('',(328.43437500207,230.16721282935,
    601.42030270141));
#1476 = CARTESIAN_POINT('',(328.50000000166,226.79526896038,
    591.88896387482));
#1477 = CARTESIAN_POINT('',(328.5656250018,219.82227812391,
    586.33330618482));
#1478 = CARTESIAN_POINT('',(328.69687500175,204.56789759394,
    584.07053319304));
#1479 = CARTESIAN_POINT('',(328.76250000186,196.28243969454,
    587.36281109024));
#1480 = CARTESIAN_POINT('',(328.82812500161,190.288886806,
    595.50491559151));
#1481 = CARTESIAN_POINT('',(328.89375000199,189.77067136132,
    606.69742317749));
#1482 = CARTESIAN_POINT('',(328.95937500159,196.47091294373,
    616.46345049048));
#1483 = CARTESIAN_POINT('',(329.02500000188,207.09995346024,
    620.00808494421));
#1484 = CARTESIAN_POINT('',(329.09062500174,216.85352228953,
    617.34644628442));
#1485 = CARTESIAN_POINT('',(329.15625000179,222.90709171252,
    610.80104860218));
#1486 = CARTESIAN_POINT('',(329.28750000177,226.28591546946,
    595.75446038477));
#1487 = CARTESIAN_POINT('',(329.3531250018,223.6120742365,
    587.24925730571));
#1488 = CARTESIAN_POINT('',(329.41875000172,215.93294422267,
    580.67297384398));
#1489 = CARTESIAN_POINT('',(329.48437500186,204.80888551402,
    579.33279059033));
#1490 = CARTESIAN_POINT('',(329.55000000171,194.57641932699,
    585.29644404053));
#1491 = CARTESIAN_POINT('',(329.61562500181,190.25946848685,
    595.63592522459));
#1492 = CARTESIAN_POINT('',(329.68125000177,192.1963782869,
    605.55886862307));
#1493 = CARTESIAN_POINT('',(329.74687500178,198.27871273774,
    612.07754496153));
#1494 = CARTESIAN_POINT('',(329.87812500177,213.03596987738,
    616.55410934501));
#1495 = CARTESIAN_POINT('',(329.94375000179,221.71482770369,
    614.5131945535));
#1496 = CARTESIAN_POINT('',(330.00937500177,228.83820428872,
    607.33865289819));
#1497 = CARTESIAN_POINT('',(330.07500000178,230.99309278228,
    596.34332530458));
#1498 = CARTESIAN_POINT('',(330.14062500178,225.79834501887,
    585.69987086455));
#1499 = CARTESIAN_POINT('',(330.20625000177,215.8044537118,
    580.63399756854));
#1500 = CARTESIAN_POINT('',(330.27187500177,205.76590903407,
    581.83568222683));
#1501 = CARTESIAN_POINT('',(330.33750000179,198.81745105202,
    587.42199274891));
#1502 = CARTESIAN_POINT('',(330.46875000176,193.26740493228,
    601.80994795573));
#1503 = CARTESIAN_POINT('',(330.53437500189,194.66433338811,
    610.61542904671));
#1504 = CARTESIAN_POINT('',(330.60000000153,201.29540722239,
    618.24729656038));
#1505 = CARTESIAN_POINT('',(330.66562500212,212.10241906765,
    621.2052127659));
#1506 = CARTESIAN_POINT('',(330.73125000147,223.09918395919,
    616.80752147815));
#1507 = CARTESIAN_POINT('',(330.79687500197,228.88652730467,
    607.21337781038));
#1508 = CARTESIAN_POINT('',(330.8625000017,228.42657982137,
    597.11363159711));
#1509 = CARTESIAN_POINT('',(330.92812500179,223.36656592884,
    589.77304626721));
#1510 = CARTESIAN_POINT('',(331.05937500177,209.42588223071,
    583.17959459198));
#1511 = CARTESIAN_POINT('',(331.12500000181,200.54149553993,
    583.92496663596));
#1512 = CARTESIAN_POINT('',(331.19062500169,192.44249484924,
    589.9766382852));
#1513 = CARTESIAN_POINT('',(331.25625000192,188.69758013535,
    600.536770249));
#1514 = CARTESIAN_POINT('',(331.32187500162,192.27438347807,
    611.82725317003));
#1515 = CARTESIAN_POINT('',(331.3875000019,201.41678801013,
    618.30470445004));
#1516 = CARTESIAN_POINT('',(331.45312500172,211.52300435948,
    618.58898663704));
#1517 = CARTESIAN_POINT('',(331.51875000179,219.21593776922,
    614.0826900277));
#1518 = CARTESIAN_POINT('',(331.65000000176,226.81706451402,
    600.66482361108));
#1519 = CARTESIAN_POINT('',(331.71562500184,226.72728811768,
    591.74967658182));
#1520 = CARTESIAN_POINT('',(331.78125000164,221.28781318627,
    583.22743190035));
#1521 = CARTESIAN_POINT('',(331.84687500198,211.03178737423,
    578.71581269581));
#1522 = CARTESIAN_POINT('',(331.91250000156,199.50877052876,
    581.45234508579));
#1523 = CARTESIAN_POINT('',(331.97812500194,192.37631318395,
    590.09346700025));
#1524 = CARTESIAN_POINT('',(332.0437500017,191.34934187649,
    600.15138702343));
#1525 = CARTESIAN_POINT('',(332.1093750018,195.27750119084,
    608.15497984041));
#1526 = CARTESIAN_POINT('',(332.24062500175,208.0998377453,
    616.72259049034));
#1527 = CARTESIAN_POINT('',(332.3062500019,216.99743315881,
    617.28889624774));
#1528 = CARTESIAN_POINT('',(332.3718750015,225.89673904885,
    612.49109502007));
#1529 = CARTESIAN_POINT('',(332.43750000217,231.15061388855,
    602.59475365228));
#1530 = CARTESIAN_POINT('',(332.5031250014,229.26918195751,
    590.90164710908));
#1531 = CARTESIAN_POINT('',(332.56875000202,221.17616964898,
    583.15283510374));
#1532 = CARTESIAN_POINT('',(332.63437500168,211.22105069198,
    581.38873992235));
#1533 = CARTESIAN_POINT('',(332.70000000179,202.95017063075,
    584.71747490604));
#1534 = CARTESIAN_POINT('',(332.83125000177,193.46250470003,
    596.87479624554));
#1535 = CARTESIAN_POINT('',(332.89687500177,192.24318564907,
    605.70662320308));
#1536 = CARTESIAN_POINT('',(332.96250000182,196.37331347208,
    614.93476419139));
#1537 = CARTESIAN_POINT('',(333.02812500171,205.85634126465,
    620.9024234643));
#1538 = CARTESIAN_POINT('',(333.09375000185,217.65617154801,
    619.88628763371));
#1539 = CARTESIAN_POINT('',(333.15937500173,225.97934673007,
    612.38524166692));
#1540 = CARTESIAN_POINT('',(333.2250000018,228.47100600099,
    602.58687142776));
#1541 = CARTESIAN_POINT('',(333.29062500178,225.75973405113,
    594.09352473809));
#1542 = CARTESIAN_POINT('',(333.42187500177,214.33330950426,
    583.73721801034));
#1543 = CARTESIAN_POINT('',(333.48750000181,205.6151114384,
    581.8714932612));
#1544 = CARTESIAN_POINT('',(333.5531250017,196.10814344678,
    585.3115661594));
#1545 = CARTESIAN_POINT('',(333.61875000187,189.45903900434,
    594.32989102715));
#1546 = CARTESIAN_POINT('',(333.6843750017,189.60437220519,
    606.17250074811));
#1547 = CARTESIAN_POINT('',(333.75000000181,196.47280301321,
    615.02493509961));
#1548 = CARTESIAN_POINT('',(333.81562500177,206.06132631669,
    618.23065594233));
#1549 = CARTESIAN_POINT('',(333.88125000177,214.73111345338,
    616.15153964404));
#1550 = CARTESIAN_POINT('',(334.01250000179,225.89993925473,
    605.51793267444));
#1551 = CARTESIAN_POINT('',(334.07812500168,228.40195917781,
    596.96060817075));
#1552 = CARTESIAN_POINT('',(334.143750002,225.6705832578,587.22633225963
    ));
#1553 = CARTESIAN_POINT('',(334.20937500144,217.16583239848,
    579.93181471981));
#1554 = CARTESIAN_POINT('',(334.27500000211,205.34461936806,
    579.20555771874));
#1555 = CARTESIAN_POINT('',(334.34062500156,196.0108979561,
    585.40415274553));
#1556 = CARTESIAN_POINT('',(334.40625000187,192.10848762031,
    594.73086807521));
#1557 = CARTESIAN_POINT('',(334.47187500176,193.5441813558,
    603.53011333113));
#1558 = CARTESIAN_POINT('',(334.60312500179,203.32734631065,
    615.45093337133));
#1559 = CARTESIAN_POINT('',(334.66875000174,211.67742436904,
    618.5756898058));
#1560 = CARTESIAN_POINT('',(334.73437500185,221.58625731571,
    616.56781242643));
#1561 = CARTESIAN_POINT('',(334.80000000167,229.48665832933,
    608.62272355753));
#1562 = CARTESIAN_POINT('',(334.86562500189,231.08056988384,
    596.88696739534));
#1563 = CARTESIAN_POINT('',(334.9312500017,225.58540136088,
    587.12253916767));
#1564 = CARTESIAN_POINT('',(334.99687500181,216.57103628398,
    582.54458683884));
#1565 = CARTESIAN_POINT('',(335.06250000177,207.69001678108,
    583.32907786262));
#1566 = CARTESIAN_POINT('',(335.19375000177,195.08180245871,
    592.20878498424));
#1567 = CARTESIAN_POINT('',(335.25937500182,191.35124283872,
    600.30636680084));
#1568 = CARTESIAN_POINT('',(335.32500000167,192.62474081593,
    610.33605995878));
#1569 = CARTESIAN_POINT('',(335.39062500194,199.96711256945,
    618.79953148864));
#1570 = CARTESIAN_POINT('',(335.45625000161,211.55381478398,
    621.25246005173));
#1571 = CARTESIAN_POINT('',(335.52187500189,221.69603554473,
    616.490496827));
#1572 = CARTESIAN_POINT('',(335.58750000173,226.92472154636,
    607.83733162819));
#1573 = CARTESIAN_POINT('',(335.65312500179,226.79568445904,
    598.92266489253));
#1574 = CARTESIAN_POINT('',(335.78437500177,218.86755507303,
    585.69538129373));
#1575 = CARTESIAN_POINT('',(335.85000000178,211.06635099509,
    581.3792347143));
#1576 = CARTESIAN_POINT('',(335.91562500176,200.97014940383,
    581.91145209283));
#1577 = CARTESIAN_POINT('',(335.98125000181,191.98947163992,
    588.61131778337));
#1578 = CARTESIAN_POINT('',(336.04687500173,188.69081870548,
    599.98617670555));
#1579 = CARTESIAN_POINT('',(336.11250000182,192.69377113515,
    610.45122842804));
#1580 = CARTESIAN_POINT('',(336.17812500175,200.93884420908,
    616.30231339827));
#1581 = CARTESIAN_POINT('',(336.24375000179,209.83884882213,
    616.82942951204));
#1582 = CARTESIAN_POINT('',(336.37500000177,223.61352190638,
    609.89584107967));
#1583 = CARTESIAN_POINT('',(336.44062500184,228.49186585178,
    602.43329015018));
#1584 = CARTESIAN_POINT('',(336.50625000163,228.70381326884,
    592.32529228943));
#1585 = CARTESIAN_POINT('',(336.57187500202,222.68276066143,
    582.87607541803));
#1586 = CARTESIAN_POINT('',(336.63750000151,211.5813865824,
    578.74957371274));
#1587 = CARTESIAN_POINT('',(336.70312500198,200.85021466994,
    581.97182310545));
#1588 = CARTESIAN_POINT('',(336.76875000168,194.40843851392,
    589.76412318685));
#1589 = CARTESIAN_POINT('',(336.8343750018,193.22802549079,
    598.60123586248));
#1590 = CARTESIAN_POINT('',(336.90000000178,196.17876249699,
    605.72494402206));
#1591 = PCURVE('',#427,#1592);
#1592 = DEFINITIONAL_REPRESENTATION('',(#1593),#1597);
#1593 = LINE('',#1594,#1595);
#1594 = CARTESIAN_POINT('',(0.,0.));
#1595 = VECTOR('',#1596,1.);
#1596 = DIRECTION('',(0.,1.));
#1597 = ( GEOMETRIC_REPRESENTATION_CONTEXT(2) 
PARAMETRIC_REPRESENTATION_CONTEXT() REPRESENTATION_CONTEXT('2D SPACE',''
  ) );
#1598 = PCURVE('',#1025,#1599);
#1599 = DEFINITIONAL_REPRESENTATION('',(#1600),#1604);
#1600 = LINE('',#1601,#1602);
#1601 = CARTESIAN_POINT('',(0.466476151588,0.));
#1602 = VECTOR('',#1603,1.);
#1603 = DIRECTION('',(0.,1.));
#1604 = ( GEOMETRIC_REPRESENTATION_CONTEXT(2) 
PARAMETRIC_REPRESENTATION_CONTEXT() REPRESENTATION_CONTEXT('2D SPACE',''
  ) );
#1605 = ORIENTED_EDGE('',*,*,#1606,.T.);
#1606 = EDGE_CURVE('',#1455,#1607,#1609,.T.);
#1607 = VERTEX_POINT('',#1608);
#1608 = CARTESIAN_POINT('',(327.25,209.99999999971,614.959999752));
#1609 = SURFACE_CURVE('',#1610,(#1613,#1620),.PCURVE_S1.);
#1610 = B_SPLINE_CURVE_WITH_KNOTS('',1,(#1611,#1612),.UNSPECIFIED.,.F.,
  .F.,(2,2),(0.,0.8),.PIECEWISE_BEZIER_KNOTS.);
#1611 = CARTESIAN_POINT('',(327.45000000178,209.99999999957,
    614.95999976709));
#1612 = CARTESIAN_POINT('',(326.65000000178,210.00000000014,
    614.95999970674));
#1613 = PCURVE('',#427,#1614);
#1614 = DEFINITIONAL_REPRESENTATION('',(#1615),#1619);
#1615 = LINE('',#1616,#1617);
#1616 = CARTESIAN_POINT('',(0.,0.));
#1617 = VECTOR('',#1618,1.);
#1618 = DIRECTION('',(1.,0.));
#1619 = ( GEOMETRIC_REPRESENTATION_CONTEXT(2) 
PARAMETRIC_REPRESENTATION_CONTEXT() REPRESENTATION_CONTEXT('2D SPACE',''
  ) );
#1620 = PCURVE('',#1621,#1626);
#1621 = PLANE('',#1622);
#1622 = AXIS2_PLACEMENT_3D('',#1623,#1624,#1625);
#1623 = CARTESIAN_POINT('',(327.0499999969,210.00000000587,
    615.02460294393));
#1624 = DIRECTION('',(7.087003654902E-10,1.,-9.317750718151E-08));
#1625 = DIRECTION('',(-1.232595164408E-32,9.317750718151E-08,1.));
#1626 = DEFINITIONAL_REPRESENTATION('',(#1627),#1630);
#1627 = B_SPLINE_CURVE_WITH_KNOTS('',1,(#1628,#1629),.UNSPECIFIED.,.F.,
  .F.,(2,2),(0.,0.8),.PIECEWISE_BEZIER_KNOTS.);
#1628 = CARTESIAN_POINT('',(-6.460317683911E-02,0.400000004873));
#1629 = CARTESIAN_POINT('',(-6.460323718147E-02,-0.399999995127));
#1630 = ( GEOMETRIC_REPRESENTATION_CONTEXT(2) 
PARAMETRIC_REPRESENTATION_CONTEXT() REPRESENTATION_CONTEXT('2D SPACE',''
  ) );
#1631 = ORIENTED_EDGE('',*,*,#1632,.T.);
#1632 = EDGE_CURVE('',#1607,#22,#1633,.T.);
#1633 = SURFACE_CURVE('',#1634,(#1728,#1825),.PCURVE_S1.);
#1634 = B_SPLINE_CURVE_WITH_KNOTS('',8,(#1635,#1636,#1637,#1638,#1639,
    #1640,#1641,#1642,#1643,#1644,#1645,#1646,#1647,#1648,#1649,#1650,
    #1651,#1652,#1653,#1654,#1655,#1656,#1657,#1658,#1659,#1660,#1661,
    #1662,#1663,#1664,#1665,#1666,#1667,#1668,#1669,#1670,#1671,#1672,
    #1673,#1674,#1675,#1676,#1677,#1678,#1679,#1680,#1681,#1682,#1683,
    #1684,#1685,#1686,#1687,#1688,#1689,#1690,#1691,#1692,#1693,#1694,
    #1695,#1696,#1697,#1698,#1699,#1700,#1701,#1702,#1703,#1704,#1705,
    #1706,#1707,#1708,#1709,#1710,#1711,#1712,#1713,#1714,#1715,#1716,
    #1717,#1718,#1719,#1720,#1721,#1722,#1723,#1724,#1725,#1726,#1727),
  .UNSPECIFIED.,.F.,.F.,(9,7,7,7,7,7,7,7,7,7,7,7,7,9),(0.,0.124004746989
    ,0.158674501269,0.178676501136,0.217347507821,0.334687756061,
    0.453359372907,0.492030195525,0.564037284202,0.63604425652,
    0.665380856959,0.858652540243,0.94132616993,1.),.UNSPECIFIED.);
#1635 = CARTESIAN_POINT('',(327.25,209.99999999971,614.959999752));
#1636 = CARTESIAN_POINT('',(327.25,211.09262274523,614.95999971011));
#1637 = CARTESIAN_POINT('',(327.25,212.18546468628,614.8687694741));
#1638 = CARTESIAN_POINT('',(327.25,213.26931933647,614.68629411136));
#1639 = CARTESIAN_POINT('',(327.25,214.33529404484,614.41368782538));
#1640 = CARTESIAN_POINT('',(327.25,215.37478318419,614.05303553624));
#1641 = CARTESIAN_POINT('',(327.25,216.37945705127,613.60733360316));
#1642 = CARTESIAN_POINT('',(327.25,217.34128696561,613.08054751243));
#1643 = CARTESIAN_POINT('',(327.25,218.50742324197,612.30928695728));
#1644 = CARTESIAN_POINT('',(327.25,218.75828688636,612.13482289703));
#1645 = CARTESIAN_POINT('',(327.25,219.00505562389,611.95451958799));
#1646 = CARTESIAN_POINT('',(327.25,219.24757102061,611.76848944043));
#1647 = CARTESIAN_POINT('',(327.25,219.48567857119,611.57684986048));
#1648 = CARTESIAN_POINT('',(327.25,219.71922769896,611.37972325015));
#1649 = CARTESIAN_POINT('',(327.25,219.9480717559,611.1772370073));
#1650 = CARTESIAN_POINT('',(327.25,220.30129805008,610.84968751536));
#1651 = CARTESIAN_POINT('',(327.25,220.42891461885,610.72811152851));
#1652 = CARTESIAN_POINT('',(327.25,220.55489037848,610.6048209417));
#1653 = CARTESIAN_POINT('',(327.25,220.67919848038,610.47984162328));
#1654 = CARTESIAN_POINT('',(327.25,220.80181257786,610.3531999334));
#1655 = CARTESIAN_POINT('',(327.25,220.92270682608,610.22492272399));
#1656 = CARTESIAN_POINT('',(327.25,221.04185588211,610.09503733877));
#1657 = CARTESIAN_POINT('',(327.25,221.38617046151,609.70940143101));
#1658 = CARTESIAN_POINT('',(327.25,221.60649034624,609.44932355607));
#1659 = CARTESIAN_POINT('',(327.25,221.8200146074,609.18353970107));
#1660 = CARTESIAN_POINT('',(327.25,222.02657117789,608.91225741636));
#1661 = CARTESIAN_POINT('',(327.25,222.22599587522,608.63569009002));
#1662 = CARTESIAN_POINT('',(327.25,222.41813240148,608.35405694779));
#1663 = CARTESIAN_POINT('',(327.25,222.60283234334,608.06758305313));
#1664 = CARTESIAN_POINT('',(327.25,223.31740269338,606.89325777987));
#1665 = CARTESIAN_POINT('',(327.25,223.78517691666,605.96742466149));
#1666 = CARTESIAN_POINT('',(327.25,224.17919926259,605.00561963933));
#1667 = CARTESIAN_POINT('',(327.25,224.4963144237,604.01473688542));
#1668 = CARTESIAN_POINT('',(327.25,224.73415042264,603.00189704015));
#1669 = CARTESIAN_POINT('',(327.25,224.89107399973,601.97442561943));
#1670 = CARTESIAN_POINT('',(327.25,224.96624133014,600.93985784522));
#1671 = CARTESIAN_POINT('',(327.25,224.95317309137,598.86035123107));
#1672 = CARTESIAN_POINT('',(327.25,224.86307162317,597.81508064432));
#1673 = CARTESIAN_POINT('',(327.25,224.68944318505,596.778209431));
#1674 = CARTESIAN_POINT('',(327.25,224.43326924092,595.75752103042));
#1675 = CARTESIAN_POINT('',(327.25,224.0963538625,594.76056671983));
#1676 = CARTESIAN_POINT('',(327.25,223.68126979496,593.79467149201));
#1677 = CARTESIAN_POINT('',(327.25,223.19140592487,592.86691012031));
#1678 = CARTESIAN_POINT('',(327.25,222.44853781338,591.69636208201));
#1679 = CARTESIAN_POINT('',(327.25,222.25847069698,591.41342258725));
#1680 = CARTESIAN_POINT('',(327.25,222.06105971242,591.13546309602));
#1681 = CARTESIAN_POINT('',(327.25,221.85645753998,590.86270578645));
#1682 = CARTESIAN_POINT('',(327.25,221.64482462918,590.59536684571));
#1683 = CARTESIAN_POINT('',(327.25,221.42632919881,590.33365646999));
#1684 = CARTESIAN_POINT('',(327.25,221.2011472369,590.07777886457));
#1685 = CARTESIAN_POINT('',(327.25,220.53805343801,589.3627048045));
#1686 = CARTESIAN_POINT('',(327.25,220.0840861931,588.91837566987));
#1687 = CARTESIAN_POINT('',(327.25,219.60875594416,588.49623729556));
#1688 = CARTESIAN_POINT('',(327.25,219.11333455557,588.09748321798));
#1689 = CARTESIAN_POINT('',(327.25,218.59916532307,587.72321434175));
#1690 = CARTESIAN_POINT('',(327.25,218.06766105437,587.374440871));
#1691 = CARTESIAN_POINT('',(327.25,217.52030548503,587.05207988434));
#1692 = CARTESIAN_POINT('',(327.25,216.39701148182,586.46181769974));
#1693 = CARTESIAN_POINT('',(327.25,215.82104696875,586.19390268559));
#1694 = CARTESIAN_POINT('',(327.25,215.2323217462,585.95402507614));
#1695 = CARTESIAN_POINT('',(327.25,214.63243252137,585.7428874511));
#1696 = CARTESIAN_POINT('',(327.25,214.02301259653,585.56108106462));
#1697 = CARTESIAN_POINT('',(327.25,213.40573070474,585.40908829766));
#1698 = CARTESIAN_POINT('',(327.25,212.78229153747,585.28727990318));
#1699 = CARTESIAN_POINT('',(327.25,211.89864204896,585.1586805231));
#1700 = CARTESIAN_POINT('',(327.25,211.64211080814,585.12650549012));
#1701 = CARTESIAN_POINT('',(327.25,211.38496086936,585.09939891024));
#1702 = CARTESIAN_POINT('',(327.25,211.12730910456,585.0773745014));
#1703 = CARTESIAN_POINT('',(327.25,210.86927263026,585.06044273424));
#1704 = CARTESIAN_POINT('',(327.25,210.61096880753,585.04861083221));
#1705 = CARTESIAN_POINT('',(327.25,210.35251524203,585.04188277144));
#1706 = CARTESIAN_POINT('',(327.25,208.39110855805,585.02956360532));
#1707 = CARTESIAN_POINT('',(327.25,206.68480771563,585.24040829272));
#1708 = CARTESIAN_POINT('',(327.25,205.01193204048,585.67391543983));
#1709 = CARTESIAN_POINT('',(327.25,203.40586810632,586.32279502249));
#1710 = CARTESIAN_POINT('',(327.25,201.89795548236,587.17525448772));
#1711 = CARTESIAN_POINT('',(327.25,200.51693861721,588.21411528745));
#1712 = CARTESIAN_POINT('',(327.25,199.28931738876,589.4178026574));
#1713 = CARTESIAN_POINT('',(327.25,197.78705120965,591.32959372618));
#1714 = CARTESIAN_POINT('',(327.25,197.36882798706,591.92744013483));
#1715 = CARTESIAN_POINT('',(327.25,196.98412013556,592.54825715713));
#1716 = CARTESIAN_POINT('',(327.25,196.63438786639,593.18984221913));
#1717 = CARTESIAN_POINT('',(327.25,196.32090998885,593.84989957509));
#1718 = CARTESIAN_POINT('',(327.25,196.0447892266,594.52604398228));
#1719 = CARTESIAN_POINT('',(327.25,195.80694707059,595.21579897159));
#1720 = CARTESIAN_POINT('',(327.25,195.46699134546,596.41394391365));
#1721 = CARTESIAN_POINT('',(327.25,195.34551494681,596.91687652881));
#1722 = CARTESIAN_POINT('',(327.25,195.24393180911,597.42447607014));
#1723 = CARTESIAN_POINT('',(327.25,195.16247122671,597.93582099853));
#1724 = CARTESIAN_POINT('',(327.25,195.10124462069,598.44998532185));
#1725 = CARTESIAN_POINT('',(327.25,195.06041525144,598.96603263934));
#1726 = CARTESIAN_POINT('',(327.25,195.04000203024,599.48302615918));
#1727 = CARTESIAN_POINT('',(327.25,195.04000853614,600.00001377996));
#1728 = PCURVE('',#427,#1729);
#1729 = DEFINITIONAL_REPRESENTATION('',(#1730),#1824);
#1730 = B_SPLINE_CURVE_WITH_KNOTS('',8,(#1731,#1732,#1733,#1734,#1735,
    #1736,#1737,#1738,#1739,#1740,#1741,#1742,#1743,#1744,#1745,#1746,
    #1747,#1748,#1749,#1750,#1751,#1752,#1753,#1754,#1755,#1756,#1757,
    #1758,#1759,#1760,#1761,#1762,#1763,#1764,#1765,#1766,#1767,#1768,
    #1769,#1770,#1771,#1772,#1773,#1774,#1775,#1776,#1777,#1778,#1779,
    #1780,#1781,#1782,#1783,#1784,#1785,#1786,#1787,#1788,#1789,#1790,
    #1791,#1792,#1793,#1794,#1795,#1796,#1797,#1798,#1799,#1800,#1801,
    #1802,#1803,#1804,#1805,#1806,#1807,#1808,#1809,#1810,#1811,#1812,
    #1813,#1814,#1815,#1816,#1817,#1818,#1819,#1820,#1821,#1822,#1823),
  .UNSPECIFIED.,.F.,.F.,(9,7,7,7,7,7,7,7,7,7,7,7,7,9),(0.,0.124004746989
    ,0.158674501269,0.178676501136,0.217347507821,0.334687756061,
    0.453359372907,0.492030195525,0.564037284202,0.63604425652,
    0.665380856959,0.858652540243,0.94132616993,1.),.UNSPECIFIED.);
#1731 = CARTESIAN_POINT('',(0.200000001782,0.));
#1732 = CARTESIAN_POINT('',(0.209299269923,7.362591090421E-02));
#1733 = CARTESIAN_POINT('',(0.21860004787,0.147263775529));
#1734 = CARTESIAN_POINT('',(0.227900019106,0.220895253121));
#1735 = CARTESIAN_POINT('',(0.237199292424,0.294521205028));
#1736 = CARTESIAN_POINT('',(0.246498698511,0.368148208115));
#1737 = CARTESIAN_POINT('',(0.25579907409,0.441782887048));
#1738 = CARTESIAN_POINT('',(0.265100442774,0.515425428778));
#1739 = CARTESIAN_POINT('',(0.27700001052,0.609638919723));
#1740 = CARTESIAN_POINT('',(0.279600019433,0.63022419823));
#1741 = CARTESIAN_POINT('',(0.282200026993,0.650809466026));
#1742 = CARTESIAN_POINT('',(0.284800031826,0.671394712229));
#1743 = CARTESIAN_POINT('',(0.287400032711,0.691979927177));
#1744 = CARTESIAN_POINT('',(0.290000028582,0.712565102426));
#1745 = CARTESIAN_POINT('',(0.292600018525,0.733150230745));
#1746 = CARTESIAN_POINT('',(0.296700008513,0.765611440915));
#1747 = CARTESIAN_POINT('',(0.298200013462,0.777487561604));
#1748 = CARTESIAN_POINT('',(0.299700016538,0.789363667464));
#1749 = CARTESIAN_POINT('',(0.301200017666,0.8012397579));
#1750 = CARTESIAN_POINT('',(0.302700016788,0.813115832451));
#1751 = CARTESIAN_POINT('',(0.304200013862,0.824991890786));
#1752 = CARTESIAN_POINT('',(0.305700008862,0.83686793271));
#1753 = CARTESIAN_POINT('',(0.310100023611,0.871704555222));
#1754 = CARTESIAN_POINT('',(0.31300003976,0.894665107323));
#1755 = CARTESIAN_POINT('',(0.315900049786,0.917625610945));
#1756 = CARTESIAN_POINT('',(0.318800053377,0.94058606362));
#1757 = CARTESIAN_POINT('',(0.321700050354,0.963546463926));
#1758 = CARTESIAN_POINT('',(0.324600040669,0.986506811485));
#1759 = CARTESIAN_POINT('',(0.327500024406,1.009467106966));
#1760 = CARTESIAN_POINT('',(0.339199464076,1.102096106345));
#1761 = CARTESIAN_POINT('',(0.34800028257,1.171775598172));
#1762 = CARTESIAN_POINT('',(0.356800463986,1.241450045998));
#1763 = CARTESIAN_POINT('',(0.365599875212,1.311118395942));
#1764 = CARTESIAN_POINT('',(0.374399309858,1.380786931299));
#1765 = CARTESIAN_POINT('',(0.383199555263,1.450461885757));
#1766 = CARTESIAN_POINT('',(0.392000459991,1.520142060329));
#1767 = CARTESIAN_POINT('',(0.409699385136,1.660271312036));
#1768 = CARTESIAN_POINT('',(0.418600276094,1.730743116353));
#1769 = CARTESIAN_POINT('',(0.427500530057,1.801209877337));
#1770 = CARTESIAN_POINT('',(0.436399973845,1.871670223847));
#1771 = CARTESIAN_POINT('',(0.445299419734,1.942130586993));
#1772 = CARTESIAN_POINT('',(0.454199680652,2.012597403035));
#1773 = CARTESIAN_POINT('',(0.463100586524,2.083069325439));
#1774 = CARTESIAN_POINT('',(0.474900001951,2.17648987164));
#1775 = CARTESIAN_POINT('',(0.477800003075,2.199450304786));
#1776 = CARTESIAN_POINT('',(0.480700004626,2.222410741307));
#1777 = CARTESIAN_POINT('',(0.483600006096,2.245371177181));
#1778 = CARTESIAN_POINT('',(0.486500006998,2.268331608565));
#1779 = CARTESIAN_POINT('',(0.48940000687,2.291292031792));
#1780 = CARTESIAN_POINT('',(0.492300005271,2.314252443372));
#1781 = CARTESIAN_POINT('',(0.500599946542,2.37996629605));
#1782 = CARTESIAN_POINT('',(0.506000015695,2.422720736978));
#1783 = CARTESIAN_POINT('',(0.511400030919,2.465474750925));
#1784 = CARTESIAN_POINT('',(0.5167999795,2.508228237234));
#1785 = CARTESIAN_POINT('',(0.522199931368,2.550981749571));
#1786 = CARTESIAN_POINT('',(0.527599956077,2.59373583861));
#1787 = CARTESIAN_POINT('',(0.533000039717,2.636490394239));
#1788 = CARTESIAN_POINT('',(0.543799955121,2.721997511289));
#1789 = CARTESIAN_POINT('',(0.549200036327,2.764752047641));
#1790 = CARTESIAN_POINT('',(0.554600063697,2.807506157753));
#1791 = CARTESIAN_POINT('',(0.560000021541,2.850259717401));
#1792 = CARTESIAN_POINT('',(0.565399977133,2.893013259223));
#1793 = CARTESIAN_POINT('',(0.570799997599,2.935767314674));
#1794 = CARTESIAN_POINT('',(0.576200066738,2.978521755491));
#1795 = CARTESIAN_POINT('',(0.583800007305,3.038693431223));
#1796 = CARTESIAN_POINT('',(0.586000011803,3.056111719706));
#1797 = CARTESIAN_POINT('',(0.588200014973,3.073529997679));
#1798 = CARTESIAN_POINT('',(0.590400016534,3.090948262911));
#1799 = CARTESIAN_POINT('',(0.592600016225,3.108366513338));
#1800 = CARTESIAN_POINT('',(0.594800013806,3.125784747058));
#1801 = CARTESIAN_POINT('',(0.597000009058,3.143202962337));
#1802 = CARTESIAN_POINT('',(0.6136937158,3.275373510257));
#1803 = CARTESIAN_POINT('',(0.628204224457,3.390258832568));
#1804 = CARTESIAN_POINT('',(0.642704730873,3.505064963271));
#1805 = CARTESIAN_POINT('',(0.657199343416,3.619824429889));
#1806 = CARTESIAN_POINT('',(0.671694056442,3.734584692074));
#1807 = CARTESIAN_POINT('',(0.686194884582,3.849393369984));
#1808 = CARTESIAN_POINT('',(0.700705863283,3.964282413818));
#1809 = CARTESIAN_POINT('',(0.721399994552,4.128125873551));
#1810 = CARTESIAN_POINT('',(0.727600241805,4.1772156347));
#1811 = CARTESIAN_POINT('',(0.733800368944,4.226304444863));
#1812 = CARTESIAN_POINT('',(0.740000331611,4.27539195283));
#1813 = CARTESIAN_POINT('',(0.746200248341,4.324479097099));
#1814 = CARTESIAN_POINT('',(0.75240023909,4.373566827408));
#1815 = CARTESIAN_POINT('',(0.758600269625,4.422654872719));
#1816 = CARTESIAN_POINT('',(0.769199978322,4.506576875669));
#1817 = CARTESIAN_POINT('',(0.773599971492,4.541413327342));
#1818 = CARTESIAN_POINT('',(0.777999965288,4.576249783981));
#1819 = CARTESIAN_POINT('',(0.782399936708,4.611086063444));
#1820 = CARTESIAN_POINT('',(0.786799705386,4.645920737738));
#1821 = CARTESIAN_POINT('',(0.791200065802,4.680760097057));
#1822 = CARTESIAN_POINT('',(0.795600031581,4.715596331859));
#1823 = CARTESIAN_POINT('',(0.8,4.750432587569));
#1824 = ( GEOMETRIC_REPRESENTATION_CONTEXT(2) 
PARAMETRIC_REPRESENTATION_CONTEXT() REPRESENTATION_CONTEXT('2D SPACE',''
  ) );
#1825 = PCURVE('',#817,#1826);
#1826 = DEFINITIONAL_REPRESENTATION('',(#1827),#1921);
#1827 = B_SPLINE_CURVE_WITH_KNOTS('',8,(#1828,#1829,#1830,#1831,#1832,
    #1833,#1834,#1835,#1836,#1837,#1838,#1839,#1840,#1841,#1842,#1843,
    #1844,#1845,#1846,#1847,#1848,#1849,#1850,#1851,#1852,#1853,#1854,
    #1855,#1856,#1857,#1858,#1859,#1860,#1861,#1862,#1863,#1864,#1865,
    #1866,#1867,#1868,#1869,#1870,#1871,#1872,#1873,#1874,#1875,#1876,
    #1877,#1878,#1879,#1880,#1881,#1882,#1883,#1884,#1885,#1886,#1887,
    #1888,#1889,#1890,#1891,#1892,#1893,#1894,#1895,#1896,#1897,#1898,
    #1899,#1900,#1901,#1902,#1903,#1904,#1905,#1906,#1907,#1908,#1909,
    #1910,#1911,#1912,#1913,#1914,#1915,#1916,#1917,#1918,#1919,#1920),
  .UNSPECIFIED.,.F.,.F.,(9,7,7,7,7,7,7,7,7,7,7,7,7,9),(0.,0.124004746989
    ,0.158674501269,0.178676501136,0.217347507821,0.334687756061,
    0.453359372907,0.492030195525,0.564037284202,0.63604425652,
    0.665380856959,0.858652540243,0.94132616993,1.),.UNSPECIFIED.);
#1828 = CARTESIAN_POINT('',(32.159999752005,-17.19999999971));
#1829 = CARTESIAN_POINT('',(32.159999710114,-18.29262274523));
#1830 = CARTESIAN_POINT('',(32.068769474106,-19.38546468628));
#1831 = CARTESIAN_POINT('',(31.886294111364,-20.46931933647));
#1832 = CARTESIAN_POINT('',(31.613687825381,-21.53529404484));
#1833 = CARTESIAN_POINT('',(31.253035536245,-22.57478318419));
#1834 = CARTESIAN_POINT('',(30.807333603162,-23.57945705127));
#1835 = CARTESIAN_POINT('',(30.280547512433,-24.54128696561));
#1836 = CARTESIAN_POINT('',(29.509286957286,-25.70742324197));
#1837 = CARTESIAN_POINT('',(29.334822897038,-25.95828688636));
#1838 = CARTESIAN_POINT('',(29.154519587999,-26.20505562389));
#1839 = CARTESIAN_POINT('',(28.968489440438,-26.44757102061));
#1840 = CARTESIAN_POINT('',(28.776849860489,-26.68567857119));
#1841 = CARTESIAN_POINT('',(28.579723250156,-26.91922769896));
#1842 = CARTESIAN_POINT('',(28.377237007309,-27.1480717559));
#1843 = CARTESIAN_POINT('',(28.049687515362,-27.50129805008));
#1844 = CARTESIAN_POINT('',(27.928111528511,-27.62891461885));
#1845 = CARTESIAN_POINT('',(27.8048209417,-27.75489037848));
#1846 = CARTESIAN_POINT('',(27.679841623284,-27.87919848038));
#1847 = CARTESIAN_POINT('',(27.553199933405,-28.00181257786));
#1848 = CARTESIAN_POINT('',(27.424922723994,-28.12270682608));
#1849 = CARTESIAN_POINT('',(27.29503733877,-28.24185588211));
#1850 = CARTESIAN_POINT('',(26.909401431017,-28.58617046151));
#1851 = CARTESIAN_POINT('',(26.649323556074,-28.80649034624));
#1852 = CARTESIAN_POINT('',(26.383539701071,-29.0200146074));
#1853 = CARTESIAN_POINT('',(26.112257416368,-29.22657117789));
#1854 = CARTESIAN_POINT('',(25.835690090023,-29.42599587522));
#1855 = CARTESIAN_POINT('',(25.554056947793,-29.61813240148));
#1856 = CARTESIAN_POINT('',(25.26758305313,-29.80283234334));
#1857 = CARTESIAN_POINT('',(24.093257779878,-30.51740269338));
#1858 = CARTESIAN_POINT('',(23.167424661491,-30.98517691666));
#1859 = CARTESIAN_POINT('',(22.205619639331,-31.37919926259));
#1860 = CARTESIAN_POINT('',(21.214736885421,-31.6963144237));
#1861 = CARTESIAN_POINT('',(20.201897040156,-31.93415042264));
#1862 = CARTESIAN_POINT('',(19.174425619432,-32.09107399973));
#1863 = CARTESIAN_POINT('',(18.139857845229,-32.16624133014));
#1864 = CARTESIAN_POINT('',(16.060351231073,-32.15317309137));
#1865 = CARTESIAN_POINT('',(15.015080644326,-32.06307162317));
#1866 = CARTESIAN_POINT('',(13.978209431,-31.88944318505));
#1867 = CARTESIAN_POINT('',(12.957521030423,-31.63326924092));
#1868 = CARTESIAN_POINT('',(11.960566719836,-31.2963538625));
#1869 = CARTESIAN_POINT('',(10.99467149201,-30.88126979496));
#1870 = CARTESIAN_POINT('',(10.066910120314,-30.39140592487));
#1871 = CARTESIAN_POINT('',(8.896362082017,-29.64853781338));
#1872 = CARTESIAN_POINT('',(8.613422587252,-29.45847069698));
#1873 = CARTESIAN_POINT('',(8.335463096028,-29.26105971242));
#1874 = CARTESIAN_POINT('',(8.062705786459,-29.05645753998));
#1875 = CARTESIAN_POINT('',(7.79536684571,-28.84482462918));
#1876 = CARTESIAN_POINT('',(7.533656469994,-28.62632919881));
#1877 = CARTESIAN_POINT('',(7.277778864572,-28.4011472369));
#1878 = CARTESIAN_POINT('',(6.562704804509,-27.73805343801));
#1879 = CARTESIAN_POINT('',(6.11837566987,-27.2840861931));
#1880 = CARTESIAN_POINT('',(5.696237295564,-26.80875594416));
#1881 = CARTESIAN_POINT('',(5.297483217985,-26.31333455557));
#1882 = CARTESIAN_POINT('',(4.923214341757,-25.79916532307));
#1883 = CARTESIAN_POINT('',(4.574440871003,-25.26766105437));
#1884 = CARTESIAN_POINT('',(4.25207988434,-24.72030548503));
#1885 = CARTESIAN_POINT('',(3.66181769974,-23.59701148182));
#1886 = CARTESIAN_POINT('',(3.393902685597,-23.02104696875));
#1887 = CARTESIAN_POINT('',(3.154025076142,-22.4323217462));
#1888 = CARTESIAN_POINT('',(2.942887451103,-21.83243252137));
#1889 = CARTESIAN_POINT('',(2.761081064621,-21.22301259653));
#1890 = CARTESIAN_POINT('',(2.609088297667,-20.60573070474));
#1891 = CARTESIAN_POINT('',(2.487279903189,-19.98229153747));
#1892 = CARTESIAN_POINT('',(2.358680523102,-19.09864204896));
#1893 = CARTESIAN_POINT('',(2.326505490122,-18.84211080814));
#1894 = CARTESIAN_POINT('',(2.299398910247,-18.58496086936));
#1895 = CARTESIAN_POINT('',(2.2773745014,-18.32730910456));
#1896 = CARTESIAN_POINT('',(2.260442734249,-18.06927263026));
#1897 = CARTESIAN_POINT('',(2.24861083221,-17.81096880753));
#1898 = CARTESIAN_POINT('',(2.241882771441,-17.55251524203));
#1899 = CARTESIAN_POINT('',(2.229563605327,-15.59110855805));
#1900 = CARTESIAN_POINT('',(2.44040829272,-13.88480771563));
#1901 = CARTESIAN_POINT('',(2.873915439832,-12.21193204048));
#1902 = CARTESIAN_POINT('',(3.522795022499,-10.60586810632));
#1903 = CARTESIAN_POINT('',(4.375254487723,-9.097955482365));
#1904 = CARTESIAN_POINT('',(5.414115287452,-7.716938617218));
#1905 = CARTESIAN_POINT('',(6.617802657407,-6.489317388763));
#1906 = CARTESIAN_POINT('',(8.529593726184,-4.987051209651));
#1907 = CARTESIAN_POINT('',(9.127440134839,-4.568827987065));
#1908 = CARTESIAN_POINT('',(9.748257157134,-4.184120135565));
#1909 = CARTESIAN_POINT('',(10.389842219132,-3.834387866397));
#1910 = CARTESIAN_POINT('',(11.049899575093,-3.520909988853));
#1911 = CARTESIAN_POINT('',(11.726043982285,-3.244789226609));
#1912 = CARTESIAN_POINT('',(12.415798971598,-3.006947070591));
#1913 = CARTESIAN_POINT('',(13.613943913654,-2.666991345466));
#1914 = CARTESIAN_POINT('',(14.116876528811,-2.545514946819));
#1915 = CARTESIAN_POINT('',(14.624476070148,-2.443931809114));
#1916 = CARTESIAN_POINT('',(15.135820998532,-2.362471226718));
#1917 = CARTESIAN_POINT('',(15.649985321853,-2.301244620691));
#1918 = CARTESIAN_POINT('',(16.16603263934,-2.260415251448));
#1919 = CARTESIAN_POINT('',(16.683026159189,-2.24000203024));
#1920 = CARTESIAN_POINT('',(17.200013779967,-2.240008536145));
#1921 = ( GEOMETRIC_REPRESENTATION_CONTEXT(2) 
PARAMETRIC_REPRESENTATION_CONTEXT() REPRESENTATION_CONTEXT('2D SPACE',''
  ) );
#1922 = ORIENTED_EDGE('',*,*,#21,.T.);
#1923 = ORIENTED_EDGE('',*,*,#1924,.T.);
#1924 = EDGE_CURVE('',#24,#1457,#1925,.T.);
#1925 = SURFACE_CURVE('',#1926,(#2048,#2173),.PCURVE_S1.);
#1926 = B_SPLINE_CURVE_WITH_KNOTS('',8,(#1927,#1928,#1929,#1930,#1931,
    #1932,#1933,#1934,#1935,#1936,#1937,#1938,#1939,#1940,#1941,#1942,
    #1943,#1944,#1945,#1946,#1947,#1948,#1949,#1950,#1951,#1952,#1953,
    #1954,#1955,#1956,#1957,#1958,#1959,#1960,#1961,#1962,#1963,#1964,
    #1965,#1966,#1967,#1968,#1969,#1970,#1971,#1972,#1973,#1974,#1975,
    #1976,#1977,#1978,#1979,#1980,#1981,#1982,#1983,#1984,#1985,#1986,
    #1987,#1988,#1989,#1990,#1991,#1992,#1993,#1994,#1995,#1996,#1997,
    #1998,#1999,#2000,#2001,#2002,#2003,#2004,#2005,#2006,#2007,#2008,
    #2009,#2010,#2011,#2012,#2013,#2014,#2015,#2016,#2017,#2018,#2019,
    #2020,#2021,#2022,#2023,#2024,#2025,#2026,#2027,#2028,#2029,#2030,
    #2031,#2032,#2033,#2034,#2035,#2036,#2037,#2038,#2039,#2040,#2041,
    #2042,#2043,#2044,#2045,#2046,#2047),.UNSPECIFIED.,.F.,.F.,(9,7,7,7,
    7,7,7,7,7,7,7,7,7,7,7,7,7,9),(0.,8.60046415826E-02,0.119008302086,
    0.173013838773,0.227019288188,0.24902182822,0.393976181645,
    0.455981656692,0.487985884621,0.520990232486,0.542992865891,
    0.652987930208,0.701994000264,0.727997228603,0.750999929085,
    0.857997898977,0.96499586645,1.),.UNSPECIFIED.);
#1927 = CARTESIAN_POINT('',(335.9,204.27507249164,586.17871259846));
#1928 = CARTESIAN_POINT('',(335.9,205.2085617968,585.79204946727));
#1929 = CARTESIAN_POINT('',(335.9,206.17203661012,585.47738795012));
#1930 = CARTESIAN_POINT('',(335.9,207.15881529226,585.23753749484));
#1931 = CARTESIAN_POINT('',(335.9,208.16209426143,585.0744398565));
#1932 = CARTESIAN_POINT('',(335.9,209.1749714494,584.98929714949));
#1933 = CARTESIAN_POINT('',(335.9,210.1904592106,584.98261420907));
#1934 = CARTESIAN_POINT('',(335.9,211.20148668453,585.05415526236));
#1935 = CARTESIAN_POINT('',(335.9,212.58440603931,585.25986197496));
#1936 = CARTESIAN_POINT('',(335.9,212.96623200205,585.32826885624));
#1937 = CARTESIAN_POINT('',(335.9,213.34597516119,585.40797672445));
#1938 = CARTESIAN_POINT('',(335.9,213.72324527518,585.49891081578));
#1939 = CARTESIAN_POINT('',(335.9,214.09765619931,585.60098043058));
#1940 = CARTESIAN_POINT('',(335.9,214.46882588579,585.71407893334));
#1941 = CARTESIAN_POINT('',(335.9,214.83637638369,585.83808375275));
#1942 = CARTESIAN_POINT('',(335.9,215.79484104584,586.19339155994));
#1943 = CARTESIAN_POINT('',(335.9,216.37907337902,586.44276521583));
#1944 = CARTESIAN_POINT('',(335.9,216.95097939023,586.72036775006));
#1945 = CARTESIAN_POINT('',(335.9,217.50896967421,587.02548085974));
#1946 = CARTESIAN_POINT('',(335.9,218.05151307069,587.35728479937));
#1947 = CARTESIAN_POINT('',(335.9,218.57713561467,587.71486089317));
#1948 = CARTESIAN_POINT('',(335.9,219.08442223498,588.09718929902));
#1949 = CARTESIAN_POINT('',(335.9,220.05961937947,588.90909409254));
#1950 = CARTESIAN_POINT('',(335.9,220.52755264823,589.33868928701));
#1951 = CARTESIAN_POINT('',(335.9,220.97446604445,589.79080328977));
#1952 = CARTESIAN_POINT('',(335.9,221.39909943571,590.2642298013));
#1953 = CARTESIAN_POINT('',(335.9,221.80028153672,590.75768611021));
#1954 = CARTESIAN_POINT('',(335.9,222.17692808909,591.26981510739));
#1955 = CARTESIAN_POINT('',(335.9,222.52804420459,591.79918374426));
#1956 = CARTESIAN_POINT('',(335.9,222.98501254823,592.56635657488));
#1957 = CARTESIAN_POINT('',(335.9,223.11290865524,592.79104768747));
#1958 = CARTESIAN_POINT('',(335.9,223.23635888759,593.0182500154));
#1959 = CARTESIAN_POINT('',(335.9,223.35530584661,593.24786083271));
#1960 = CARTESIAN_POINT('',(335.9,223.46969504013,593.4797759448));
#1961 = CARTESIAN_POINT('',(335.9,223.57947488244,593.71388968845));
#1962 = CARTESIAN_POINT('',(335.9,223.6845966943,593.95009493181));
#1963 = CARTESIAN_POINT('',(335.9,224.44657593637,595.75748409197));
#1964 = CARTESIAN_POINT('',(335.9,224.90475388486,597.41458729168));
#1965 = CARTESIAN_POINT('',(335.9,225.14442728562,599.12601889465));
#1966 = CARTESIAN_POINT('',(335.9,225.15955475473,600.85814395747));
#1967 = CARTESIAN_POINT('',(335.9,224.94903805695,602.57749567859));
#1968 = CARTESIAN_POINT('',(335.9,224.51774807755,604.25094370486));
#1969 = CARTESIAN_POINT('',(335.9,223.87547623583,605.84574903665));
#1970 = CARTESIAN_POINT('',(335.9,222.68410394494,607.96527276317));
#1971 = CARTESIAN_POINT('',(335.9,222.29181297412,608.58044654861));
#1972 = CARTESIAN_POINT('',(335.9,221.86547414658,609.17344664148));
#1973 = CARTESIAN_POINT('',(335.9,221.40656357668,609.74208109397));
#1974 = CARTESIAN_POINT('',(335.9,220.91671287783,610.28428989649));
#1975 = CARTESIAN_POINT('',(335.9,220.3977037329,610.79814147237));
#1976 = CARTESIAN_POINT('',(335.9,219.85147146174,611.28183677134));
#1977 = CARTESIAN_POINT('',(335.9,218.98521234277,611.96696173012));
#1978 = CARTESIAN_POINT('',(335.9,218.68360736972,612.19173296996));
#1979 = CARTESIAN_POINT('',(335.9,218.37558772684,612.40780957556));
#1980 = CARTESIAN_POINT('',(335.9,218.06144621475,612.61497835514));
#1981 = CARTESIAN_POINT('',(335.9,217.74148337434,612.81303803101));
#1982 = CARTESIAN_POINT('',(335.9,217.4160074868,613.00179923957));
#1983 = CARTESIAN_POINT('',(335.9,217.08533457357,613.18108453131));
#1984 = CARTESIAN_POINT('',(335.9,216.40375652896,613.52567351575));
#1985 = CARTESIAN_POINT('',(335.9,216.05253985084,613.69036596139));
#1986 = CARTESIAN_POINT('',(335.9,215.69649519807,613.84462767444));
#1987 = CARTESIAN_POINT('',(335.9,215.33598498835,613.98829540133));
#1988 = CARTESIAN_POINT('',(335.9,214.97137724429,614.12122080367));
#1989 = CARTESIAN_POINT('',(335.9,214.60304561659,614.2432705937));
#1990 = CARTESIAN_POINT('',(335.9,214.23136940728,614.35432666978));
#1991 = CARTESIAN_POINT('',(335.9,213.60697939331,614.5209251701));
#1992 = CARTESIAN_POINT('',(335.9,213.35590921909,614.58263262633));
#1993 = CARTESIAN_POINT('',(335.9,213.10363690556,614.63937823491));
#1994 = CARTESIAN_POINT('',(335.9,212.85027690777,614.69113479));
#1995 = CARTESIAN_POINT('',(335.9,212.59594430051,614.73787826548));
#1996 = CARTESIAN_POINT('',(335.9,212.34075477831,614.779587815));
#1997 = CARTESIAN_POINT('',(335.9,212.08482465541,614.81624577195));
#1998 = CARTESIAN_POINT('',(335.9,210.54571299789,615.00577104489));
#1999 = CARTESIAN_POINT('',(335.9,209.24706235656,615.03715675192));
#2000 = CARTESIAN_POINT('',(335.9,207.94765106667,614.93992289124));
#2001 = CARTESIAN_POINT('',(335.9,206.66232638174,614.71453365885));
#2002 = CARTESIAN_POINT('',(335.9,205.4055476411,614.36329188807));
#2003 = CARTESIAN_POINT('',(335.9,204.19135060947,613.8903686738));
#2004 = CARTESIAN_POINT('',(335.9,203.03333213428,613.30174984858));
#2005 = CARTESIAN_POINT('',(335.9,201.45929556715,612.29589685467));
#2006 = CARTESIAN_POINT('',(335.9,200.98778564523,611.96453911767));
#2007 = CARTESIAN_POINT('',(335.9,200.53100959047,611.61254531528));
#2008 = CARTESIAN_POINT('',(335.9,200.09001887232,611.24068433925));
#2009 = CARTESIAN_POINT('',(335.9,199.66581261284,610.84978478465));
#2010 = CARTESIAN_POINT('',(335.9,199.25933844217,610.4407337005));
#2011 = CARTESIAN_POINT('',(335.9,198.8714913188,610.0144776497));
#2012 = CARTESIAN_POINT('',(335.9,198.30764278656,609.33725578846));
#2013 = CARTESIAN_POINT('',(335.9,198.11765406473,609.09792339091));
#2014 = CARTESIAN_POINT('',(335.9,197.93326873877,608.8541784801));
#2015 = CARTESIAN_POINT('',(335.9,197.75460620552,608.60617430492));
#2016 = CARTESIAN_POINT('',(335.9,197.58178066894,608.35406776838));
#2017 = CARTESIAN_POINT('',(335.9,197.41490114011,608.0980194275));
#2018 = CARTESIAN_POINT('',(335.9,197.25407143721,607.83819349342));
#2019 = CARTESIAN_POINT('',(335.9,196.96255769476,607.34172016566));
#2020 = CARTESIAN_POINT('',(335.9,196.83053630855,607.10585732489));
#2021 = CARTESIAN_POINT('',(335.9,196.70339423567,606.86728545193));
#2022 = CARTESIAN_POINT('',(335.9,196.581196197,606.62612241291));
#2023 = CARTESIAN_POINT('',(335.9,196.46400342555,606.38248779714));
#2024 = CARTESIAN_POINT('',(335.9,196.35187366646,606.13650291712));
#2025 = CARTESIAN_POINT('',(335.9,196.24486117702,605.88829080851));
#2026 = CARTESIAN_POINT('',(335.9,195.6692832427,604.47362808169));
#2027 = CARTESIAN_POINT('',(335.9,195.30720228275,603.26337805415));
#2028 = CARTESIAN_POINT('',(335.9,195.06226112436,602.02032263043));
#2029 = CARTESIAN_POINT('',(335.9,194.93767021617,600.75774604192));
#2030 = CARTESIAN_POINT('',(335.9,194.93495801519,599.48903975732));
#2031 = CARTESIAN_POINT('',(335.9,195.05393935507,598.22768081851));
#2032 = CARTESIAN_POINT('',(335.9,195.29274783718,596.98720689068));
#2033 = CARTESIAN_POINT('',(335.9,196.00172928995,594.57518461873));
#2034 = CARTESIAN_POINT('',(335.9,196.47215094017,593.40279022372));
#2035 = CARTESIAN_POINT('',(335.9,197.05464203602,592.27767371929));
#2036 = CARTESIAN_POINT('',(335.9,197.7434466665,591.21222957246));
#2037 = CARTESIAN_POINT('',(335.9,198.53142785187,590.21789147922));
#2038 = CARTESIAN_POINT('',(335.9,199.41005378582,589.30509384692));
#2039 = CARTESIAN_POINT('',(335.9,200.36943616917,588.4832706986));
#2040 = CARTESIAN_POINT('',(335.9,201.73432444148,587.52400227791));
#2041 = CARTESIAN_POINT('',(335.9,202.07820590752,587.2981080188));
#2042 = CARTESIAN_POINT('',(335.9,202.4291284074,587.08305696167));
#2043 = CARTESIAN_POINT('',(335.9,202.78669233666,586.87910445093));
#2044 = CARTESIAN_POINT('',(335.9,203.15048804203,586.68648753886));
#2045 = CARTESIAN_POINT('',(335.9,203.52009582145,586.50542498564));
#2046 = CARTESIAN_POINT('',(335.9,203.89508592401,586.33611725934));
#2047 = CARTESIAN_POINT('',(335.9,204.27501855002,586.17874653595));
#2048 = PCURVE('',#427,#2049);
#2049 = DEFINITIONAL_REPRESENTATION('',(#2050),#2172);
#2050 = B_SPLINE_CURVE_WITH_KNOTS('',8,(#2051,#2052,#2053,#2054,#2055,
    #2056,#2057,#2058,#2059,#2060,#2061,#2062,#2063,#2064,#2065,#2066,
    #2067,#2068,#2069,#2070,#2071,#2072,#2073,#2074,#2075,#2076,#2077,
    #2078,#2079,#2080,#2081,#2082,#2083,#2084,#2085,#2086,#2087,#2088,
    #2089,#2090,#2091,#2092,#2093,#2094,#2095,#2096,#2097,#2098,#2099,
    #2100,#2101,#2102,#2103,#2104,#2105,#2106,#2107,#2108,#2109,#2110,
    #2111,#2112,#2113,#2114,#2115,#2116,#2117,#2118,#2119,#2120,#2121,
    #2122,#2123,#2124,#2125,#2126,#2127,#2128,#2129,#2130,#2131,#2132,
    #2133,#2134,#2135,#2136,#2137,#2138,#2139,#2140,#2141,#2142,#2143,
    #2144,#2145,#2146,#2147,#2148,#2149,#2150,#2151,#2152,#2153,#2154,
    #2155,#2156,#2157,#2158,#2159,#2160,#2161,#2162,#2163,#2164,#2165,
    #2166,#2167,#2168,#2169,#2170,#2171),.UNSPECIFIED.,.F.,.F.,(9,7,7,7,
    7,7,7,7,7,7,7,7,7,7,7,7,7,9),(0.,8.60046415826E-02,0.119008302086,
    0.173013838773,0.227019288188,0.24902182822,0.393976181645,
    0.455981656692,0.487985884621,0.520990232486,0.542992865891,
    0.652987930208,0.701994000264,0.727997228603,0.750999929085,
    0.857997898977,0.96499586645,1.),.UNSPECIFIED.);
#2051 = CARTESIAN_POINT('',(0.8,73.235835927394));
#2052 = CARTESIAN_POINT('',(0.791400528461,73.167750577467));
#2053 = CARTESIAN_POINT('',(0.78279978013,73.099655118684));
#2054 = CARTESIAN_POINT('',(0.774199566743,73.031563895264));
#2055 = CARTESIAN_POINT('',(0.765600035231,72.963478070506));
#2056 = CARTESIAN_POINT('',(0.757000500353,72.895392219106));
#2057 = CARTESIAN_POINT('',(0.748400276412,72.827300912123));
#2058 = CARTESIAN_POINT('',(0.73979950803,72.759205294587));
#2059 = CARTESIAN_POINT('',(0.727900000857,72.664992283225));
#2060 = CARTESIAN_POINT('',(0.724599999389,72.638864892296));
#2061 = CARTESIAN_POINT('',(0.721299996688,72.612737491601));
#2062 = CARTESIAN_POINT('',(0.717999993804,72.586610089453));
#2063 = CARTESIAN_POINT('',(0.714699991745,72.560482693844));
#2064 = CARTESIAN_POINT('',(0.71139999148,72.534355312437));
#2065 = CARTESIAN_POINT('',(0.708099993936,72.508227952576));
#2066 = CARTESIAN_POINT('',(0.69940005524,72.439347165219));
#2067 = CARTESIAN_POINT('',(0.693999986087,72.396592724291));
#2068 = CARTESIAN_POINT('',(0.688599970863,72.353838710343));
#2069 = CARTESIAN_POINT('',(0.683200022282,72.311085224034));
#2070 = CARTESIAN_POINT('',(0.677800070414,72.268331711696));
#2071 = CARTESIAN_POINT('',(0.672400045706,72.225577622655));
#2072 = CARTESIAN_POINT('',(0.666999962065,72.182823067026));
#2073 = CARTESIAN_POINT('',(0.656200046661,72.097315949975));
#2074 = CARTESIAN_POINT('',(0.650799965455,72.054561413624));
#2075 = CARTESIAN_POINT('',(0.645399938086,72.011807303512));
#2076 = CARTESIAN_POINT('',(0.639999980242,71.969053743863));
#2077 = CARTESIAN_POINT('',(0.634600024649,71.926300202042));
#2078 = CARTESIAN_POINT('',(0.629200004183,71.88354614659));
#2079 = CARTESIAN_POINT('',(0.623799935044,71.840791705773));
#2080 = CARTESIAN_POINT('',(0.616199994477,71.780620030041));
#2081 = CARTESIAN_POINT('',(0.613999989979,71.763201741557));
#2082 = CARTESIAN_POINT('',(0.611799986809,71.745783463585));
#2083 = CARTESIAN_POINT('',(0.609599985248,71.728365198353));
#2084 = CARTESIAN_POINT('',(0.607399985557,71.710946947927));
#2085 = CARTESIAN_POINT('',(0.605199987976,71.693528714207));
#2086 = CARTESIAN_POINT('',(0.602999992724,71.676110498928));
#2087 = CARTESIAN_POINT('',(0.586306285982,71.543939951012));
#2088 = CARTESIAN_POINT('',(0.571795777326,71.429054628701));
#2089 = CARTESIAN_POINT('',(0.55729527091,71.314248498003));
#2090 = CARTESIAN_POINT('',(0.542800658366,71.19948903138));
#2091 = CARTESIAN_POINT('',(0.52830594534,71.084728769198));
#2092 = CARTESIAN_POINT('',(0.513805117201,70.969920091284));
#2093 = CARTESIAN_POINT('',(0.4992941385,70.855031047446));
#2094 = CARTESIAN_POINT('',(0.478600007231,70.691187587714));
#2095 = CARTESIAN_POINT('',(0.472399759978,70.642097826569));
#2096 = CARTESIAN_POINT('',(0.466199632839,70.59300901641));
#2097 = CARTESIAN_POINT('',(0.459999670173,70.543921508446));
#2098 = CARTESIAN_POINT('',(0.453799753443,70.494834364181));
#2099 = CARTESIAN_POINT('',(0.447599762694,70.445746633876));
#2100 = CARTESIAN_POINT('',(0.441399732158,70.396658588568));
#2101 = CARTESIAN_POINT('',(0.431999998049,70.322237249644));
#2102 = CARTESIAN_POINT('',(0.42880000619,70.296901673557));
#2103 = CARTESIAN_POINT('',(0.425600022796,70.271566164494));
#2104 = CARTESIAN_POINT('',(0.422400043729,70.246230689686));
#2105 = CARTESIAN_POINT('',(0.419200062337,70.220895196469));
#2106 = CARTESIAN_POINT('',(0.416000069455,70.195559612284));
#2107 = CARTESIAN_POINT('',(0.412800053406,70.170223844675));
#2108 = CARTESIAN_POINT('',(0.406299946143,70.118759975576));
#2109 = CARTESIAN_POINT('',(0.402999917709,70.09263237114));
#2110 = CARTESIAN_POINT('',(0.399699922482,70.066505029616));
#2111 = CARTESIAN_POINT('',(0.396399950089,70.040377868886));
#2112 = CARTESIAN_POINT('',(0.393099981897,70.014250741411));
#2113 = CARTESIAN_POINT('',(0.389800000902,69.988123512566));
#2114 = CARTESIAN_POINT('',(0.386500001623,69.961996138968));
#2115 = CARTESIAN_POINT('',(0.381000025432,69.918450695287));
#2116 = CARTESIAN_POINT('',(0.378800044175,69.901032590816));
#2117 = CARTESIAN_POINT('',(0.376600055614,69.883614428504));
#2118 = CARTESIAN_POINT('',(0.374400059391,69.86619620554));
#2119 = CARTESIAN_POINT('',(0.372200055416,69.848777921198));
#2120 = CARTESIAN_POINT('',(0.37000004386,69.831359576828));
#2121 = CARTESIAN_POINT('',(0.367800025156,69.813941175866));
#2122 = CARTESIAN_POINT('',(0.354601684296,69.709444794692));
#2123 = CARTESIAN_POINT('',(0.343598891251,69.622331416712));
#2124 = CARTESIAN_POINT('',(0.332598278766,69.535235303063));
#2125 = CARTESIAN_POINT('',(0.321599561827,69.448154197195));
#2126 = CARTESIAN_POINT('',(0.310600946612,69.361073896711));
#2127 = CARTESIAN_POINT('',(0.299600609603,69.27397996412));
#2128 = CARTESIAN_POINT('',(0.288598111405,69.186868920556));
#2129 = CARTESIAN_POINT('',(0.27270001452,69.060997524311));
#2130 = CARTESIAN_POINT('',(0.267799964313,69.02220192722));
#2131 = CARTESIAN_POINT('',(0.262899956343,68.983406664538));
#2132 = CARTESIAN_POINT('',(0.257999995051,68.944611771424));
#2133 = CARTESIAN_POINT('',(0.253100033847,68.905816879009));
#2134 = CARTESIAN_POINT('',(0.248200026578,68.867021621874));
#2135 = CARTESIAN_POINT('',(0.243299978962,68.8282260453));
#2136 = CARTESIAN_POINT('',(0.235800010414,68.768845886799));
#2137 = CARTESIAN_POINT('',(0.233200017477,68.74826073478));
#2138 = CARTESIAN_POINT('',(0.230600021298,68.727675557093));
#2139 = CARTESIAN_POINT('',(0.228000022049,68.707090355098));
#2140 = CARTESIAN_POINT('',(0.225400019965,68.686505130657));
#2141 = CARTESIAN_POINT('',(0.222800015344,68.66591988613));
#2142 = CARTESIAN_POINT('',(0.220200008547,68.645334624379));
#2143 = CARTESIAN_POINT('',(0.215300007973,68.606539420247));
#2144 = CARTESIAN_POINT('',(0.213000013111,68.588329469295));
#2145 = CARTESIAN_POINT('',(0.210700015665,68.57011949787));
#2146 = CARTESIAN_POINT('',(0.208400015904,68.551909508124));
#2147 = CARTESIAN_POINT('',(0.206100014125,68.5336995024));
#2148 = CARTESIAN_POINT('',(0.203800010648,68.515489483232));
#2149 = CARTESIAN_POINT('',(0.201500005817,68.497279453343));
#2150 = CARTESIAN_POINT('',(0.188501432092,68.394364706016));
#2151 = CARTESIAN_POINT('',(0.177799093332,68.309630141085));
#2152 = CARTESIAN_POINT('',(0.167098709878,68.224911057068));
#2153 = CARTESIAN_POINT('',(0.156399958606,68.14020489567));
#2154 = CARTESIAN_POINT('',(0.145701217463,68.055498814466));
#2155 = CARTESIAN_POINT('',(0.135000860796,67.970779942537));
#2156 = CARTESIAN_POINT('',(0.124298555682,67.88604564399));
#2157 = CARTESIAN_POINT('',(0.10290144456,67.716636420233));
#2158 = CARTESIAN_POINT('',(9.219913849509E-02,67.631902114161));
#2159 = CARTESIAN_POINT('',(8.149878043444E-02,67.547183231196));
#2160 = CARTESIAN_POINT('',(7.08000379894E-02,67.46247713968));
#2161 = CARTESIAN_POINT('',(6.010128592932E-02,67.377770972046));
#2162 = CARTESIAN_POINT('',(4.940090256466E-02,67.293051888734));
#2163 = CARTESIAN_POINT('',(3.869856506884E-02,67.208317333812));
#2164 = CARTESIAN_POINT('',(2.449998958561E-02,67.095901707358));
#2165 = CARTESIAN_POINT('',(2.099997806085E-02,67.06819075927));
#2166 = CARTESIAN_POINT('',(1.749996766142E-02,67.04047982009));
#2167 = CARTESIAN_POINT('',(1.399996046883E-02,67.012768906301));
#2168 = CARTESIAN_POINT('',(1.049995841041E-02,66.985058033161));
#2169 = CARTESIAN_POINT('',(6.99996325925E-03,66.957347214708));
#2170 = CARTESIAN_POINT('',(3.499976634228E-03,66.929636463761));
#2171 = CARTESIAN_POINT('',(0.,66.901925791914));
#2172 = ( GEOMETRIC_REPRESENTATION_CONTEXT(2) 
PARAMETRIC_REPRESENTATION_CONTEXT() REPRESENTATION_CONTEXT('2D SPACE',''
  ) );
#2173 = PCURVE('',#1395,#2174);
#2174 = DEFINITIONAL_REPRESENTATION('',(#2175),#2297);
#2175 = B_SPLINE_CURVE_WITH_KNOTS('',8,(#2176,#2177,#2178,#2179,#2180,
    #2181,#2182,#2183,#2184,#2185,#2186,#2187,#2188,#2189,#2190,#2191,
    #2192,#2193,#2194,#2195,#2196,#2197,#2198,#2199,#2200,#2201,#2202,
    #2203,#2204,#2205,#2206,#2207,#2208,#2209,#2210,#2211,#2212,#2213,
    #2214,#2215,#2216,#2217,#2218,#2219,#2220,#2221,#2222,#2223,#2224,
    #2225,#2226,#2227,#2228,#2229,#2230,#2231,#2232,#2233,#2234,#2235,
    #2236,#2237,#2238,#2239,#2240,#2241,#2242,#2243,#2244,#2245,#2246,
    #2247,#2248,#2249,#2250,#2251,#2252,#2253,#2254,#2255,#2256,#2257,
    #2258,#2259,#2260,#2261,#2262,#2263,#2264,#2265,#2266,#2267,#2268,
    #2269,#2270,#2271,#2272,#2273,#2274,#2275,#2276,#2277,#2278,#2279,
    #2280,#2281,#2282,#2283,#2284,#2285,#2286,#2287,#2288,#2289,#2290,
    #2291,#2292,#2293,#2294,#2295,#2296),.UNSPECIFIED.,.F.,.F.,(9,7,7,7,
    7,7,7,7,7,7,7,7,7,7,7,7,7,9),(0.,8.60046415826E-02,0.119008302086,
    0.173013838773,0.227019288188,0.24902182822,0.393976181645,
    0.455981656692,0.487985884621,0.520990232486,0.542992865891,
    0.652987930208,0.701994000264,0.727997228603,0.750999929085,
    0.857997898977,0.96499586645,1.),.UNSPECIFIED.);
#2176 = CARTESIAN_POINT('',(3.378712598469,-11.47507249164));
#2177 = CARTESIAN_POINT('',(2.992049467274,-12.4085617968));
#2178 = CARTESIAN_POINT('',(2.677387950125,-13.37203661012));
#2179 = CARTESIAN_POINT('',(2.437537494849,-14.35881529226));
#2180 = CARTESIAN_POINT('',(2.274439856505,-15.36209426143));
#2181 = CARTESIAN_POINT('',(2.189297149491,-16.3749714494));
#2182 = CARTESIAN_POINT('',(2.182614209079,-17.3904592106));
#2183 = CARTESIAN_POINT('',(2.254155262361,-18.40148668453));
#2184 = CARTESIAN_POINT('',(2.459861974969,-19.78440603931));
#2185 = CARTESIAN_POINT('',(2.528268856244,-20.16623200205));
#2186 = CARTESIAN_POINT('',(2.607976724455,-20.54597516119));
#2187 = CARTESIAN_POINT('',(2.698910815786,-20.92324527518));
#2188 = CARTESIAN_POINT('',(2.800980430581,-21.29765619931));
#2189 = CARTESIAN_POINT('',(2.914078933347,-21.66882588579));
#2190 = CARTESIAN_POINT('',(3.038083752756,-22.03637638369));
#2191 = CARTESIAN_POINT('',(3.393391559942,-22.99484104584));
#2192 = CARTESIAN_POINT('',(3.642765215837,-23.57907337902));
#2193 = CARTESIAN_POINT('',(3.920367750062,-24.15097939023));
#2194 = CARTESIAN_POINT('',(4.225480859747,-24.70896967421));
#2195 = CARTESIAN_POINT('',(4.557284799371,-25.25151307069));
#2196 = CARTESIAN_POINT('',(4.91486089317,-25.77713561467));
#2197 = CARTESIAN_POINT('',(5.297189299022,-26.28442223498));
#2198 = CARTESIAN_POINT('',(6.109094092541,-27.25961937947));
#2199 = CARTESIAN_POINT('',(6.538689287014,-27.72755264823));
#2200 = CARTESIAN_POINT('',(6.99080328977,-28.17446604445));
#2201 = CARTESIAN_POINT('',(7.464229801305,-28.59909943571));
#2202 = CARTESIAN_POINT('',(7.957686110215,-29.00028153672));
#2203 = CARTESIAN_POINT('',(8.469815107397,-29.37692808909));
#2204 = CARTESIAN_POINT('',(8.999183744266,-29.72804420459));
#2205 = CARTESIAN_POINT('',(9.766356574887,-30.18501254823));
#2206 = CARTESIAN_POINT('',(9.991047687471,-30.31290865524));
#2207 = CARTESIAN_POINT('',(10.218250015404,-30.43635888759));
#2208 = CARTESIAN_POINT('',(10.447860832713,-30.55530584661));
#2209 = CARTESIAN_POINT('',(10.679775944801,-30.66969504013));
#2210 = CARTESIAN_POINT('',(10.91388968845,-30.77947488244));
#2211 = CARTESIAN_POINT('',(11.150094931815,-30.8845966943));
#2212 = CARTESIAN_POINT('',(12.957484091972,-31.64657593637));
#2213 = CARTESIAN_POINT('',(14.614587291683,-32.10475388486));
#2214 = CARTESIAN_POINT('',(16.326018894655,-32.34442728562));
#2215 = CARTESIAN_POINT('',(18.058143957475,-32.35955475473));
#2216 = CARTESIAN_POINT('',(19.777495678592,-32.14903805695));
#2217 = CARTESIAN_POINT('',(21.450943704861,-31.71774807755));
#2218 = CARTESIAN_POINT('',(23.04574903665,-31.07547623583));
#2219 = CARTESIAN_POINT('',(25.165272763172,-29.88410394494));
#2220 = CARTESIAN_POINT('',(25.780446548614,-29.49181297412));
#2221 = CARTESIAN_POINT('',(26.373446641486,-29.06547414658));
#2222 = CARTESIAN_POINT('',(26.94208109397,-28.60656357668));
#2223 = CARTESIAN_POINT('',(27.484289896494,-28.11671287783));
#2224 = CARTESIAN_POINT('',(27.998141472377,-27.5977037329));
#2225 = CARTESIAN_POINT('',(28.481836771344,-27.05147146174));
#2226 = CARTESIAN_POINT('',(29.166961730123,-26.18521234277));
#2227 = CARTESIAN_POINT('',(29.391732969965,-25.88360736972));
#2228 = CARTESIAN_POINT('',(29.607809575566,-25.57558772684));
#2229 = CARTESIAN_POINT('',(29.814978355145,-25.26144621475));
#2230 = CARTESIAN_POINT('',(30.013038031012,-24.94148337434));
#2231 = CARTESIAN_POINT('',(30.201799239571,-24.6160074868));
#2232 = CARTESIAN_POINT('',(30.381084531319,-24.28533457357));
#2233 = CARTESIAN_POINT('',(30.725673515757,-23.60375652896));
#2234 = CARTESIAN_POINT('',(30.890365961393,-23.25253985084));
#2235 = CARTESIAN_POINT('',(31.044627674446,-22.89649519807));
#2236 = CARTESIAN_POINT('',(31.188295401338,-22.53598498835));
#2237 = CARTESIAN_POINT('',(31.321220803671,-22.17137724429));
#2238 = CARTESIAN_POINT('',(31.4432705937,-21.80304561659));
#2239 = CARTESIAN_POINT('',(31.554326669784,-21.43136940728));
#2240 = CARTESIAN_POINT('',(31.720925170109,-20.80697939331));
#2241 = CARTESIAN_POINT('',(31.782632626334,-20.55590921909));
#2242 = CARTESIAN_POINT('',(31.839378234918,-20.30363690556));
#2243 = CARTESIAN_POINT('',(31.891134790003,-20.05027690777));
#2244 = CARTESIAN_POINT('',(31.937878265482,-19.79594430051));
#2245 = CARTESIAN_POINT('',(31.979587815,-19.54075477831));
#2246 = CARTESIAN_POINT('',(32.016245771953,-19.28482465541));
#2247 = CARTESIAN_POINT('',(32.205771044895,-17.74571299789));
#2248 = CARTESIAN_POINT('',(32.237156751926,-16.44706235656));
#2249 = CARTESIAN_POINT('',(32.139922891244,-15.14765106667));
#2250 = CARTESIAN_POINT('',(31.914533658858,-13.86232638174));
#2251 = CARTESIAN_POINT('',(31.563291888079,-12.6055476411));
#2252 = CARTESIAN_POINT('',(31.090368673805,-11.39135060947));
#2253 = CARTESIAN_POINT('',(30.501749848583,-10.23333213428));
#2254 = CARTESIAN_POINT('',(29.495896854678,-8.65929556715));
#2255 = CARTESIAN_POINT('',(29.164539117671,-8.187785645238));
#2256 = CARTESIAN_POINT('',(28.812545315281,-7.731009590477));
#2257 = CARTESIAN_POINT('',(28.440684339259,-7.290018872328));
#2258 = CARTESIAN_POINT('',(28.04978478465,-6.865812612846));
#2259 = CARTESIAN_POINT('',(27.640733700504,-6.459338442177));
#2260 = CARTESIAN_POINT('',(27.214477649701,-6.071491318802));
#2261 = CARTESIAN_POINT('',(26.537255788461,-5.507642786568));
#2262 = CARTESIAN_POINT('',(26.297923390916,-5.317654064737));
#2263 = CARTESIAN_POINT('',(26.0541784801,-5.133268738775));
#2264 = CARTESIAN_POINT('',(25.806174304927,-4.954606205526));
#2265 = CARTESIAN_POINT('',(25.55406776838,-4.781780668948));
#2266 = CARTESIAN_POINT('',(25.298019427507,-4.614901140114));
#2267 = CARTESIAN_POINT('',(25.038193493426,-4.454071437213));
#2268 = CARTESIAN_POINT('',(24.541720165668,-4.162557694765));
#2269 = CARTESIAN_POINT('',(24.305857324891,-4.030536308557));
#2270 = CARTESIAN_POINT('',(24.067285451932,-3.903394235678));
#2271 = CARTESIAN_POINT('',(23.826122412915,-3.781196197007));
#2272 = CARTESIAN_POINT('',(23.582487797149,-3.664003425556));
#2273 = CARTESIAN_POINT('',(23.336502917124,-3.551873666469));
#2274 = CARTESIAN_POINT('',(23.088290808517,-3.44486117702));
#2275 = CARTESIAN_POINT('',(21.673628081695,-2.869283242708));
#2276 = CARTESIAN_POINT('',(20.463378054153,-2.507202282754));
#2277 = CARTESIAN_POINT('',(19.220322630432,-2.262261124363));
#2278 = CARTESIAN_POINT('',(17.957746041925,-2.137670216172));
#2279 = CARTESIAN_POINT('',(16.689039757329,-2.13495801519));
#2280 = CARTESIAN_POINT('',(15.427680818514,-2.253939355076));
#2281 = CARTESIAN_POINT('',(14.187206890686,-2.492747837184));
#2282 = CARTESIAN_POINT('',(11.775184618731,-3.201729289957));
#2283 = CARTESIAN_POINT('',(10.602790223721,-3.672150940179));
#2284 = CARTESIAN_POINT('',(9.477673719298,-4.254642036027));
#2285 = CARTESIAN_POINT('',(8.412229572464,-4.943446666506));
#2286 = CARTESIAN_POINT('',(7.417891479227,-5.731427851878));
#2287 = CARTESIAN_POINT('',(6.505093846927,-6.610053785826));
#2288 = CARTESIAN_POINT('',(5.6832706986,-7.569436169173));
#2289 = CARTESIAN_POINT('',(4.724002277917,-8.934324441485));
#2290 = CARTESIAN_POINT('',(4.498108018806,-9.278205907529));
#2291 = CARTESIAN_POINT('',(4.283056961679,-9.629128407404));
#2292 = CARTESIAN_POINT('',(4.079104450935,-9.986692336662));
#2293 = CARTESIAN_POINT('',(3.886487538861,-10.35048804203));
#2294 = CARTESIAN_POINT('',(3.705424985641,-10.72009582145));
#2295 = CARTESIAN_POINT('',(3.536117259348,-11.09508592401));
#2296 = CARTESIAN_POINT('',(3.37874653595,-11.47501855002));
#2297 = ( GEOMETRIC_REPRESENTATION_CONTEXT(2) 
PARAMETRIC_REPRESENTATION_CONTEXT() REPRESENTATION_CONTEXT('2D SPACE',''
  ) );
#2298 = ADVANCED_FACE('',(#2299),#1395,.T.);
#2299 = FACE_BOUND('',#2300,.T.);
#2300 = EDGE_LOOP('',(#2301,#2302,#2440));
#2301 = ORIENTED_EDGE('',*,*,#1293,.F.);
#2302 = ORIENTED_EDGE('',*,*,#2303,.F.);
#2303 = EDGE_CURVE('',#1457,#883,#2304,.T.);
#2304 = SURFACE_CURVE('',#2305,(#2348,#2394),.PCURVE_S1.);
#2305 = B_SPLINE_CURVE_WITH_KNOTS('',6,(#2306,#2307,#2308,#2309,#2310,
    #2311,#2312,#2313,#2314,#2315,#2316,#2317,#2318,#2319,#2320,#2321,
    #2322,#2323,#2324,#2325,#2326,#2327,#2328,#2329,#2330,#2331,#2332,
    #2333,#2334,#2335,#2336,#2337,#2338,#2339,#2340,#2341,#2342,#2343,
    #2344,#2345,#2346,#2347),.UNSPECIFIED.,.F.,.F.,(7,5,5,5,5,5,5,5,7),(
    0.,0.124133543709,0.241542658704,0.367155097635,0.496018444884,
    0.617131741681,0.742492649354,0.87212083806,1.),.UNSPECIFIED.);
#2306 = CARTESIAN_POINT('',(335.9,204.27501855001,586.17874653595));
#2307 = CARTESIAN_POINT('',(335.9,203.36761456586,586.54918231694));
#2308 = CARTESIAN_POINT('',(335.9,202.48928042424,586.99098129999));
#2309 = CARTESIAN_POINT('',(335.9,201.64713634179,587.50121474862));
#2310 = CARTESIAN_POINT('',(335.9,200.84770380682,588.07605831232));
#2311 = CARTESIAN_POINT('',(335.9,200.09700191178,588.71095369466));
#2312 = CARTESIAN_POINT('',(335.9,198.74161629425,590.05262533678));
#2313 = CARTESIAN_POINT('',(335.9,198.13115861714,590.75371091242));
#2314 = CARTESIAN_POINT('',(335.9,197.5736569336,591.49915024562));
#2315 = CARTESIAN_POINT('',(335.9,197.07299611684,592.28389297712));
#2316 = CARTESIAN_POINT('',(335.9,196.63246627735,593.10249202732));
#2317 = CARTESIAN_POINT('',(335.9,195.85044906728,594.85472977772));
#2318 = CARTESIAN_POINT('',(335.9,195.51798817444,595.79250902594));
#2319 = CARTESIAN_POINT('',(335.9,195.26047850347,596.75513667035));
#2320 = CARTESIAN_POINT('',(335.9,195.0800355566,597.7351345868));
#2321 = CARTESIAN_POINT('',(335.9,194.97787687181,598.72483733163));
#2322 = CARTESIAN_POINT('',(335.9,194.92978259994,600.73354285399));
#2323 = CARTESIAN_POINT('',(335.9,194.98795548967,601.75277070595));
#2324 = CARTESIAN_POINT('',(335.9,195.12883915948,602.76552447247));
#2325 = CARTESIAN_POINT('',(335.9,195.35140405358,603.76350979271));
#2326 = CARTESIAN_POINT('',(335.9,195.65363285936,604.73862694667));
#2327 = CARTESIAN_POINT('',(335.9,196.38821103413,606.57061509274));
#2328 = CARTESIAN_POINT('',(335.9,196.81168194994,607.43117128663));
#2329 = CARTESIAN_POINT('',(335.9,197.30008535295,608.25816988472));
#2330 = CARTESIAN_POINT('',(335.9,197.84998947071,609.04561111066));
#2331 = CARTESIAN_POINT('',(335.9,198.45730339735,609.78793466706));
#2332 = CARTESIAN_POINT('',(335.9,199.80015394684,611.19655000506));
#2333 = CARTESIAN_POINT('',(335.9,200.53951633167,611.85934167886));
#2334 = CARTESIAN_POINT('',(335.9,201.32986374532,612.46286938062));
#2335 = CARTESIAN_POINT('',(335.9,202.16519486579,613.00241469359));
#2336 = CARTESIAN_POINT('',(335.9,203.03900549663,613.47399956704));
#2337 = CARTESIAN_POINT('',(335.9,204.88019117348,614.28871171582));
#2338 = CARTESIAN_POINT('',(335.9,205.84985689762,614.62697214797));
#2339 = CARTESIAN_POINT('',(335.9,206.84534258946,614.885869946));
#2340 = CARTESIAN_POINT('',(335.9,207.85854335319,615.06316857872));
#2341 = CARTESIAN_POINT('',(335.9,208.88115519108,615.15762522064));
#2342 = CARTESIAN_POINT('',(335.9,210.91431208952,615.18063411151));
#2343 = CARTESIAN_POINT('',(335.9,211.92496015927,615.11140898174));
#2344 = CARTESIAN_POINT('',(335.9,212.92839422928,614.96146551133));
#2345 = CARTESIAN_POINT('',(335.9,213.91664886981,614.73188048345));
#2346 = CARTESIAN_POINT('',(335.9,214.88195421238,614.42467383349));
#2347 = CARTESIAN_POINT('',(335.9,215.816772711,614.04296590896));
#2348 = PCURVE('',#1395,#2349);
#2349 = DEFINITIONAL_REPRESENTATION('',(#2350),#2393);
#2350 = B_SPLINE_CURVE_WITH_KNOTS('',6,(#2351,#2352,#2353,#2354,#2355,
    #2356,#2357,#2358,#2359,#2360,#2361,#2362,#2363,#2364,#2365,#2366,
    #2367,#2368,#2369,#2370,#2371,#2372,#2373,#2374,#2375,#2376,#2377,
    #2378,#2379,#2380,#2381,#2382,#2383,#2384,#2385,#2386,#2387,#2388,
    #2389,#2390,#2391,#2392),.UNSPECIFIED.,.F.,.F.,(7,5,5,5,5,5,5,5,7),(
    0.,0.124133543709,0.241542658704,0.367155097635,0.496018444884,
    0.617131741681,0.742492649354,0.87212083806,1.),.UNSPECIFIED.);
#2351 = CARTESIAN_POINT('',(3.378746535952,-11.47501855001));
#2352 = CARTESIAN_POINT('',(3.74918231694,-10.56761456586));
#2353 = CARTESIAN_POINT('',(4.190981299999,-9.689280424246));
#2354 = CARTESIAN_POINT('',(4.701214748623,-8.847136341798));
#2355 = CARTESIAN_POINT('',(5.276058312329,-8.047703806826));
#2356 = CARTESIAN_POINT('',(5.910953694664,-7.297001911785));
#2357 = CARTESIAN_POINT('',(7.252625336785,-5.941616294254));
#2358 = CARTESIAN_POINT('',(7.953710912429,-5.33115861714));
#2359 = CARTESIAN_POINT('',(8.699150245624,-4.773656933605));
#2360 = CARTESIAN_POINT('',(9.483892977122,-4.272996116844));
#2361 = CARTESIAN_POINT('',(10.302492027328,-3.832466277352));
#2362 = CARTESIAN_POINT('',(12.054729777721,-3.050449067288));
#2363 = CARTESIAN_POINT('',(12.992509025949,-2.717988174447));
#2364 = CARTESIAN_POINT('',(13.955136670357,-2.460478503474));
#2365 = CARTESIAN_POINT('',(14.935134586806,-2.280035556603));
#2366 = CARTESIAN_POINT('',(15.924837331635,-2.177876871818));
#2367 = CARTESIAN_POINT('',(17.933542853997,-2.129782599949));
#2368 = CARTESIAN_POINT('',(18.952770705957,-2.187955489672));
#2369 = CARTESIAN_POINT('',(19.965524472475,-2.328839159487));
#2370 = CARTESIAN_POINT('',(20.963509792715,-2.551404053581));
#2371 = CARTESIAN_POINT('',(21.938626946677,-2.853632859367));
#2372 = CARTESIAN_POINT('',(23.770615092748,-3.588211034135));
#2373 = CARTESIAN_POINT('',(24.631171286635,-4.011681949948));
#2374 = CARTESIAN_POINT('',(25.45816988472,-4.500085352952));
#2375 = CARTESIAN_POINT('',(26.245611110668,-5.049989470716));
#2376 = CARTESIAN_POINT('',(26.987934667069,-5.657303397355));
#2377 = CARTESIAN_POINT('',(28.39655000506,-7.000153946847));
#2378 = CARTESIAN_POINT('',(29.059341678863,-7.739516331672));
#2379 = CARTESIAN_POINT('',(29.662869380629,-8.529863745324));
#2380 = CARTESIAN_POINT('',(30.202414693592,-9.365194865796));
#2381 = CARTESIAN_POINT('',(30.673999567049,-10.23900549663));
#2382 = CARTESIAN_POINT('',(31.488711715824,-12.08019117348));
#2383 = CARTESIAN_POINT('',(31.826972147978,-13.04985689762));
#2384 = CARTESIAN_POINT('',(32.085869946002,-14.04534258946));
#2385 = CARTESIAN_POINT('',(32.263168578723,-15.05854335319));
#2386 = CARTESIAN_POINT('',(32.357625220644,-16.08115519108));
#2387 = CARTESIAN_POINT('',(32.380634111511,-18.11431208952));
#2388 = CARTESIAN_POINT('',(32.311408981743,-19.12496015927));
#2389 = CARTESIAN_POINT('',(32.161465511335,-20.12839422928));
#2390 = CARTESIAN_POINT('',(31.931880483453,-21.11664886981));
#2391 = CARTESIAN_POINT('',(31.62467383349,-22.08195421238));
#2392 = CARTESIAN_POINT('',(31.242965908969,-23.016772711));
#2393 = ( GEOMETRIC_REPRESENTATION_CONTEXT(2) 
PARAMETRIC_REPRESENTATION_CONTEXT() REPRESENTATION_CONTEXT('2D SPACE',''
  ) );
#2394 = PCURVE('',#1025,#2395);
#2395 = DEFINITIONAL_REPRESENTATION('',(#2396),#2439);
#2396 = B_SPLINE_CURVE_WITH_KNOTS('',6,(#2397,#2398,#2399,#2400,#2401,
    #2402,#2403,#2404,#2405,#2406,#2407,#2408,#2409,#2410,#2411,#2412,
    #2413,#2414,#2415,#2416,#2417,#2418,#2419,#2420,#2421,#2422,#2423,
    #2424,#2425,#2426,#2427,#2428,#2429,#2430,#2431,#2432,#2433,#2434,
    #2435,#2436,#2437,#2438),.UNSPECIFIED.,.F.,.F.,(7,5,5,5,5,5,5,5,7),(
    0.,0.124133543709,0.241542658704,0.367155097635,0.496018444884,
    0.617131741681,0.742492649354,0.87212083806,1.),.UNSPECIFIED.);
#2397 = CARTESIAN_POINT('',(0.466476151588,66.901925791914));
#2398 = CARTESIAN_POINT('',(0.456748431984,66.967968290646));
#2399 = CARTESIAN_POINT('',(0.447024006249,67.033988427188));
#2400 = CARTESIAN_POINT('',(0.437304080637,67.099978012328));
#2401 = CARTESIAN_POINT('',(0.427587991217,67.16594155354));
#2402 = CARTESIAN_POINT('',(0.417875099083,67.231883388221));
#2403 = CARTESIAN_POINT('',(0.398984082798,67.360136462045));
#2404 = CARTESIAN_POINT('',(0.38980456733,67.422457146988));
#2405 = CARTESIAN_POINT('',(0.380629000524,67.484751023838));
#2406 = CARTESIAN_POINT('',(0.371456884036,67.547021475699));
#2407 = CARTESIAN_POINT('',(0.362287730737,67.609271809673));
#2408 = CARTESIAN_POINT('',(0.343316788346,67.738067506824));
#2409 = CARTESIAN_POINT('',(0.333514496911,67.804616280401));
#2410 = CARTESIAN_POINT('',(0.323716816514,67.871133748746));
#2411 = CARTESIAN_POINT('',(0.313923045962,67.93762467257));
#2412 = CARTESIAN_POINT('',(0.304132505561,68.004093666782));
#2413 = CARTESIAN_POINT('',(0.284307130111,68.138690198011));
#2414 = CARTESIAN_POINT('',(0.274271262737,68.206824743613));
#2415 = CARTESIAN_POINT('',(0.264240263474,68.274926239999));
#2416 = CARTESIAN_POINT('',(0.254213359939,68.342999931238));
#2417 = CARTESIAN_POINT('',(0.244189804161,68.411050895287));
#2418 = CARTESIAN_POINT('',(0.224754797478,68.542997180936));
#2419 = CARTESIAN_POINT('',(0.2153417306,68.606903473463));
#2420 = CARTESIAN_POINT('',(0.205932865664,68.670781238809));
#2421 = CARTESIAN_POINT('',(0.196527635057,68.734634329935));
#2422 = CARTESIAN_POINT('',(0.18712547871,68.798466548435));
#2423 = CARTESIAN_POINT('',(0.167999745666,68.928313138321));
#2424 = CARTESIAN_POINT('',(0.158275391171,68.994332790138));
#2425 = CARTESIAN_POINT('',(0.148555530725,69.060321929097));
#2426 = CARTESIAN_POINT('',(0.138839467124,69.126285288351));
#2427 = CARTESIAN_POINT('',(0.129126523027,69.192227467215));
#2428 = CARTESIAN_POINT('',(0.10937878516,69.326296895748));
#2429 = CARTESIAN_POINT('',(9.934303403269E-02,69.394430645017));
#2430 = CARTESIAN_POINT('',(8.931204869471E-02,69.462532041019));
#2431 = CARTESIAN_POINT('',(7.928506279839E-02,69.530606289523));
#2432 = CARTESIAN_POINT('',(6.926137241167E-02,69.59865817394));
#2433 = CARTESIAN_POINT('',(4.935875166072E-02,69.733779169449));
#2434 = CARTESIAN_POINT('',(3.947846715129E-02,69.800857473716));
#2435 = CARTESIAN_POINT('',(2.96029643313E-02,69.867903322677));
#2436 = CARTESIAN_POINT('',(1.973155093238E-02,69.934921410297));
#2437 = CARTESIAN_POINT('',(9.863560657025E-03,70.001916243545));
#2438 = CARTESIAN_POINT('',(0.,70.068880937908));
#2439 = ( GEOMETRIC_REPRESENTATION_CONTEXT(2) 
PARAMETRIC_REPRESENTATION_CONTEXT() REPRESENTATION_CONTEXT('2D SPACE',''
  ) );
#2440 = ORIENTED_EDGE('',*,*,#1924,.F.);
#2441 = ADVANCED_FACE('',(#2442),#1025,.T.);
#2442 = FACE_BOUND('',#2443,.T.);
#2443 = EDGE_LOOP('',(#2444,#2445,#2525,#2544,#2545));
#2444 = ORIENTED_EDGE('',*,*,#882,.F.);
#2445 = ORIENTED_EDGE('',*,*,#2446,.F.);
#2446 = EDGE_CURVE('',#2447,#696,#2449,.T.);
#2447 = VERTEX_POINT('',#2448);
#2448 = CARTESIAN_POINT('',(327.25,210.00000001089,615.07999974764));
#2449 = SURFACE_CURVE('',#2450,(#2473,#2499),.PCURVE_S1.);
#2450 = B_SPLINE_CURVE_WITH_KNOTS('',6,(#2451,#2452,#2453,#2454,#2455,
    #2456,#2457,#2458,#2459,#2460,#2461,#2462,#2463,#2464,#2465,#2466,
    #2467,#2468,#2469,#2470,#2471,#2472),.UNSPECIFIED.,.F.,.F.,(7,5,5,5,
    7),(0.,0.213340806952,0.477013680127,0.729221030476,1.),
  .UNSPECIFIED.);
#2451 = CARTESIAN_POINT('',(327.25,210.00000001089,615.07999974764));
#2452 = CARTESIAN_POINT('',(327.25,210.84557820561,615.08428336885));
#2453 = CARTESIAN_POINT('',(327.25,211.69147148946,615.03165104045));
#2454 = CARTESIAN_POINT('',(327.25,212.53283647498,614.92212063557));
#2455 = CARTESIAN_POINT('',(327.25,213.36492595569,614.75624732124));
#2456 = CARTESIAN_POINT('',(327.25,214.18308239379,614.53507196765));
#2457 = CARTESIAN_POINT('',(327.25,215.97108274563,613.92045329311));
#2458 = CARTESIAN_POINT('',(327.25,216.93128172953,613.49864179323));
#2459 = CARTESIAN_POINT('',(327.25,217.85468060026,612.99775157416));
#2460 = CARTESIAN_POINT('',(327.25,218.73331537072,612.42194953652));
#2461 = CARTESIAN_POINT('',(327.25,219.55980403992,611.77634350136));
#2462 = CARTESIAN_POINT('',(327.25,221.06177922984,610.38886314862));
#2463 = CARTESIAN_POINT('',(327.25,221.74236438719,609.65230774413));
#2464 = CARTESIAN_POINT('',(327.25,222.36339296556,608.8629508225));
#2465 = CARTESIAN_POINT('',(327.25,222.91993519119,608.02688047616));
#2466 = CARTESIAN_POINT('',(327.25,223.40781839045,607.1507144372));
#2467 = CARTESIAN_POINT('',(327.25,224.27038258304,605.26575680369));
#2468 = CARTESIAN_POINT('',(327.25,224.63414625881,604.25181014018));
#2469 = CARTESIAN_POINT('',(327.25,224.91099272214,603.208838609));
#2470 = CARTESIAN_POINT('',(327.25,225.09830545659,602.14613631003));
#2471 = CARTESIAN_POINT('',(327.25,225.19464658598,601.0732377394));
#2472 = CARTESIAN_POINT('',(327.25,225.20004005975,599.99996570339));
#2473 = PCURVE('',#1025,#2474);
#2474 = DEFINITIONAL_REPRESENTATION('',(#2475),#2498);
#2475 = B_SPLINE_CURVE_WITH_KNOTS('',6,(#2476,#2477,#2478,#2479,#2480,
    #2481,#2482,#2483,#2484,#2485,#2486,#2487,#2488,#2489,#2490,#2491,
    #2492,#2493,#2494,#2495,#2496,#2497),.UNSPECIFIED.,.F.,.F.,(7,5,5,5,
    7),(0.,0.213340806952,0.477013680127,0.729221030476,1.),
  .UNSPECIFIED.);
#2476 = CARTESIAN_POINT('',(0.233238084271,0.));
#2477 = CARTESIAN_POINT('',(0.224912157477,5.652551062264E-02));
#2478 = CARTESIAN_POINT('',(0.216589069275,0.113031787016));
#2479 = CARTESIAN_POINT('',(0.208269084333,0.169517018304));
#2480 = CARTESIAN_POINT('',(0.199951839098,0.225983662346));
#2481 = CARTESIAN_POINT('',(0.191637007795,0.282433924231));
#2482 = CARTESIAN_POINT('',(0.173052300875,0.408607453701));
#2483 = CARTESIAN_POINT('',(0.162782885147,0.478327600185));
#2484 = CARTESIAN_POINT('',(0.152518522359,0.548013437163));
#2485 = CARTESIAN_POINT('',(0.142258432022,0.617670261715));
#2486 = CARTESIAN_POINT('',(0.132001811412,0.687303524608));
#2487 = CARTESIAN_POINT('',(0.111944533527,0.823474460888));
#2488 = CARTESIAN_POINT('',(0.10214218344,0.890023627252));
#2489 = CARTESIAN_POINT('',(9.234449908815E-02,0.956541115674));
#2490 = CARTESIAN_POINT('',(8.255076863466E-02,1.023031761017));
#2491 = CARTESIAN_POINT('',(7.27602892195E-02,1.089500336402));
#2492 = CARTESIAN_POINT('',(5.246768426214E-02,1.227268930889));
#2493 = CARTESIAN_POINT('',(4.196475267966E-02,1.298574422626));
#2494 = CARTESIAN_POINT('',(3.146722765721E-02,1.369843212017));
#2495 = CARTESIAN_POINT('',(2.097410821317E-02,1.4410820945));
#2496 = CARTESIAN_POINT('',(1.048443720507E-02,1.512297566999));
#2497 = CARTESIAN_POINT('',(0.,1.583477507244));
#2498 = ( GEOMETRIC_REPRESENTATION_CONTEXT(2) 
PARAMETRIC_REPRESENTATION_CONTEXT() REPRESENTATION_CONTEXT('2D SPACE',''
  ) );
#2499 = PCURVE('',#817,#2500);
#2500 = DEFINITIONAL_REPRESENTATION('',(#2501),#2524);
#2501 = B_SPLINE_CURVE_WITH_KNOTS('',6,(#2502,#2503,#2504,#2505,#2506,
    #2507,#2508,#2509,#2510,#2511,#2512,#2513,#2514,#2515,#2516,#2517,
    #2518,#2519,#2520,#2521,#2522,#2523),.UNSPECIFIED.,.F.,.F.,(7,5,5,5,
    7),(0.,0.213340806952,0.477013680127,0.729221030476,1.),
  .UNSPECIFIED.);
#2502 = CARTESIAN_POINT('',(32.279999747644,-17.20000001089));
#2503 = CARTESIAN_POINT('',(32.284283368851,-18.04557820561));
#2504 = CARTESIAN_POINT('',(32.231651040451,-18.89147148946));
#2505 = CARTESIAN_POINT('',(32.122120635576,-19.73283647498));
#2506 = CARTESIAN_POINT('',(31.956247321244,-20.56492595569));
#2507 = CARTESIAN_POINT('',(31.735071967657,-21.38308239379));
#2508 = CARTESIAN_POINT('',(31.120453293112,-23.17108274563));
#2509 = CARTESIAN_POINT('',(30.698641793239,-24.13128172953));
#2510 = CARTESIAN_POINT('',(30.19775157416,-25.05468060026));
#2511 = CARTESIAN_POINT('',(29.621949536527,-25.93331537072));
#2512 = CARTESIAN_POINT('',(28.976343501368,-26.75980403992));
#2513 = CARTESIAN_POINT('',(27.588863148629,-28.26177922984));
#2514 = CARTESIAN_POINT('',(26.852307744131,-28.94236438719));
#2515 = CARTESIAN_POINT('',(26.062950822506,-29.56339296556));
#2516 = CARTESIAN_POINT('',(25.226880476168,-30.11993519119));
#2517 = CARTESIAN_POINT('',(24.350714437203,-30.60781839045));
#2518 = CARTESIAN_POINT('',(22.465756803699,-31.47038258304));
#2519 = CARTESIAN_POINT('',(21.451810140185,-31.83414625881));
#2520 = CARTESIAN_POINT('',(20.408838609006,-32.11099272214));
#2521 = CARTESIAN_POINT('',(19.346136310038,-32.29830545659));
#2522 = CARTESIAN_POINT('',(18.273237739404,-32.39464658598));
#2523 = CARTESIAN_POINT('',(17.199965703393,-32.40004005975));
#2524 = ( GEOMETRIC_REPRESENTATION_CONTEXT(2) 
PARAMETRIC_REPRESENTATION_CONTEXT() REPRESENTATION_CONTEXT('2D SPACE',''
  ) );
#2525 = ORIENTED_EDGE('',*,*,#2526,.T.);
#2526 = EDGE_CURVE('',#2447,#1455,#2527,.T.);
#2527 = SURFACE_CURVE('',#2528,(#2531,#2538),.PCURVE_S1.);
#2528 = B_SPLINE_CURVE_WITH_KNOTS('',1,(#2529,#2530),.UNSPECIFIED.,.F.,
  .F.,(2,2),(0.,0.466476151588),.PIECEWISE_BEZIER_KNOTS.);
#2529 = CARTESIAN_POINT('',(327.04999998368,210.00000002222,
    615.19999973691));
#2530 = CARTESIAN_POINT('',(327.45000000178,209.99999999957,
    614.95999976709));
#2531 = PCURVE('',#1025,#2532);
#2532 = DEFINITIONAL_REPRESENTATION('',(#2533),#2537);
#2533 = LINE('',#2534,#2535);
#2534 = CARTESIAN_POINT('',(0.,0.));
#2535 = VECTOR('',#2536,1.);
#2536 = DIRECTION('',(1.,0.));
#2537 = ( GEOMETRIC_REPRESENTATION_CONTEXT(2) 
PARAMETRIC_REPRESENTATION_CONTEXT() REPRESENTATION_CONTEXT('2D SPACE',''
  ) );
#2538 = PCURVE('',#1621,#2539);
#2539 = DEFINITIONAL_REPRESENTATION('',(#2540),#2543);
#2540 = B_SPLINE_CURVE_WITH_KNOTS('',1,(#2541,#2542),.UNSPECIFIED.,.F.,
  .F.,(2,2),(0.,0.466476151588),.PIECEWISE_BEZIER_KNOTS.);
#2541 = CARTESIAN_POINT('',(0.17539679299,-1.322979414908E-08));
#2542 = CARTESIAN_POINT('',(-6.460317683911E-02,0.400000004873));
#2543 = ( GEOMETRIC_REPRESENTATION_CONTEXT(2) 
PARAMETRIC_REPRESENTATION_CONTEXT() REPRESENTATION_CONTEXT('2D SPACE',''
  ) );
#2544 = ORIENTED_EDGE('',*,*,#1454,.T.);
#2545 = ORIENTED_EDGE('',*,*,#2303,.T.);
#2546 = ADVANCED_FACE('',(#2547),#817,.F.);
#2547 = FACE_BOUND('',#2548,.F.);
#2548 = EDGE_LOOP('',(#2549,#2550,#2551,#2572));
#2549 = ORIENTED_EDGE('',*,*,#695,.F.);
#2550 = ORIENTED_EDGE('',*,*,#2446,.F.);
#2551 = ORIENTED_EDGE('',*,*,#2552,.T.);
#2552 = EDGE_CURVE('',#2447,#1607,#2553,.T.);
#2553 = SURFACE_CURVE('',#2554,(#2558,#2565),.PCURVE_S1.);
#2554 = LINE('',#2555,#2556);
#2555 = CARTESIAN_POINT('',(327.25,209.99999850443,598.91230067063));
#2556 = VECTOR('',#2557,1.);
#2557 = DIRECTION('',(0.,-9.317750718151E-08,-1.));
#2558 = PCURVE('',#817,#2559);
#2559 = DEFINITIONAL_REPRESENTATION('',(#2560),#2564);
#2560 = LINE('',#2561,#2562);
#2561 = CARTESIAN_POINT('',(16.112300670638,-17.19999850443));
#2562 = VECTOR('',#2563,1.);
#2563 = DIRECTION('',(-1.,9.317750718151E-08));
#2564 = ( GEOMETRIC_REPRESENTATION_CONTEXT(2) 
PARAMETRIC_REPRESENTATION_CONTEXT() REPRESENTATION_CONTEXT('2D SPACE',''
  ) );
#2565 = PCURVE('',#1621,#2566);
#2566 = DEFINITIONAL_REPRESENTATION('',(#2567),#2571);
#2567 = LINE('',#2568,#2569);
#2568 = CARTESIAN_POINT('',(-16.11230227329,0.200000003091));
#2569 = VECTOR('',#2570,1.);
#2570 = DIRECTION('',(-1.,-2.465190328816E-32));
#2571 = ( GEOMETRIC_REPRESENTATION_CONTEXT(2) 
PARAMETRIC_REPRESENTATION_CONTEXT() REPRESENTATION_CONTEXT('2D SPACE',''
  ) );
#2572 = ORIENTED_EDGE('',*,*,#1632,.T.);
#2573 = ADVANCED_FACE('',(#2574),#1621,.F.);
#2574 = FACE_BOUND('',#2575,.F.);
#2575 = EDGE_LOOP('',(#2576,#2577,#2578));
#2576 = ORIENTED_EDGE('',*,*,#1606,.T.);
#2577 = ORIENTED_EDGE('',*,*,#2552,.F.);
#2578 = ORIENTED_EDGE('',*,*,#2526,.T.);
#2579 = ( GEOMETRIC_REPRESENTATION_CONTEXT(3) 
GLOBAL_UNCERTAINTY_ASSIGNED_CONTEXT((#2583)) 
GLOBAL_UNIT_ASSIGNED_CONTEXT((#2580,#2581,#2582)) REPRESENTATION_CONTEXT
('Context #1','3D Context with UNIT and UNCERTAINTY') );
#2580 = ( LENGTH_UNIT() NAMED_UNIT(*) SI_UNIT(.MILLI.,.METRE.) );
#2581 = ( NAMED_UNIT(*) PLANE_ANGLE_UNIT() SI_UNIT($,.RADIAN.) );
#2582 = ( NAMED_UNIT(*) SI_UNIT($,.STERADIAN.) SOLID_ANGLE_UNIT() );
#2583 = UNCERTAINTY_MEASURE_WITH_UNIT(LENGTH_MEASURE(1.E-05),#2580,
  'distance_accuracy_value','confusion accuracy');
#2584 = PRODUCT_RELATED_PRODUCT_CATEGORY('part',$,(#7));
ENDSEC;
END-ISO-10303-21;
