ISO-10303-21;
HEADER;
FILE_DESCRIPTION(('Open CASCADE Model'),'2;1');
FILE_NAME('Open CASCADE Shape Model','2026-07-11T19:30:36',('Author'),(
    'Open CASCADE'),'Open CASCADE STEP processor 7.8','Open CASCADE 7.8'
  ,'Unknown');
FILE_SCHEMA(('AUTOMOTIVE_DESIGN { 1 0 10303 214 1 1 1 1 }'));
ENDSEC;
DATA;
#1 = APPLICATION_PROTOCOL_DEFINITION('international standard',
  'automotive_design',2000,#2);
#2 = APPLICATION_CONTEXT(
  'core data for automotive mechanical design processes');
#3 = SHAPE_DEFINITION_REPRESENTATION(#4,#10);
#4 = PRODUCT_DEFINITION_SHAPE('','',#5);
#5 = PRODUCT_DEFINITION('design','',#6,#9);
#6 = PRODUCT_DEFINITION_FORMATION('','',#7);
#7 = PRODUCT('Open CASCADE STEP translator 7.8 1',
  'Open CASCADE STEP translator 7.8 1','',(#8));
#8 = PRODUCT_CONTEXT('',#2,'mechanical');
#9 = PRODUCT_DEFINITION_CONTEXT('part definition',#2,'design');
#10 = SHAPE_REPRESENTATION('',(#11,#15,#19,#23,#27,#31,#35,#39,#43,#47,
    #51,#55),#59);
#11 = AXIS2_PLACEMENT_3D('',#12,#13,#14);
#12 = CARTESIAN_POINT('',(0.,0.,0.));
#13 = DIRECTION('',(0.,0.,1.));
#14 = DIRECTION('',(1.,0.,-0.));
#15 = AXIS2_PLACEMENT_3D('',#16,#17,#18);
#16 = CARTESIAN_POINT('',(0.,0.,0.));
#17 = DIRECTION('',(0.,0.,1.));
#18 = DIRECTION('',(1.,0.,-0.));
#19 = AXIS2_PLACEMENT_3D('',#20,#21,#22);
#20 = CARTESIAN_POINT('',(0.,0.,0.));
#21 = DIRECTION('',(0.,0.,1.));
#22 = DIRECTION('',(1.,0.,-0.));
#23 = AXIS2_PLACEMENT_3D('',#24,#25,#26);
#24 = CARTESIAN_POINT('',(0.,0.,0.));
#25 = DIRECTION('',(0.,0.,1.));
#26 = DIRECTION('',(1.,0.,-0.));
#27 = AXIS2_PLACEMENT_3D('',#28,#29,#30);
#28 = CARTESIAN_POINT('',(0.,0.,0.));
#29 = DIRECTION('',(0.,0.,1.));
#30 = DIRECTION('',(1.,0.,-0.));
#31 = AXIS2_PLACEMENT_3D('',#32,#33,#34);
#32 = CARTESIAN_POINT('',(0.,0.,0.));
#33 = DIRECTION('',(0.,0.,1.));
#34 = DIRECTION('',(1.,0.,-0.));
#35 = AXIS2_PLACEMENT_3D('',#36,#37,#38);
#36 = CARTESIAN_POINT('',(0.,0.,0.));
#37 = DIRECTION('',(0.,0.,1.));
#38 = DIRECTION('',(1.,0.,-0.));
#39 = AXIS2_PLACEMENT_3D('',#40,#41,#42);
#40 = CARTESIAN_POINT('',(0.,0.,0.));
#41 = DIRECTION('',(0.,0.,1.));
#42 = DIRECTION('',(1.,0.,-0.));
#43 = AXIS2_PLACEMENT_3D('',#44,#45,#46);
#44 = CARTESIAN_POINT('',(0.,0.,0.));
#45 = DIRECTION('',(0.,0.,1.));
#46 = DIRECTION('',(1.,0.,-0.));
#47 = AXIS2_PLACEMENT_3D('',#48,#49,#50);
#48 = CARTESIAN_POINT('',(0.,0.,0.));
#49 = DIRECTION('',(0.,0.,1.));
#50 = DIRECTION('',(1.,0.,-0.));
#51 = AXIS2_PLACEMENT_3D('',#52,#53,#54);
#52 = CARTESIAN_POINT('',(0.,0.,0.));
#53 = DIRECTION('',(0.,0.,1.));
#54 = DIRECTION('',(1.,0.,-0.));
#55 = AXIS2_PLACEMENT_3D('',#56,#57,#58);
#56 = CARTESIAN_POINT('',(0.,0.,0.));
#57 = DIRECTION('',(0.,0.,1.));
#58 = DIRECTION('',(1.,0.,-0.));
#59 = ( GEOMETRIC_REPRESENTATION_CONTEXT(3) 
GLOBAL_UNCERTAINTY_ASSIGNED_CONTEXT((#63)) GLOBAL_UNIT_ASSIGNED_CONTEXT(
(#60,#61,#62)) REPRESENTATION_CONTEXT('Context #1',
  '3D Context with UNIT and UNCERTAINTY') );
#60 = ( LENGTH_UNIT() NAMED_UNIT(*) SI_UNIT(.MILLI.,.METRE.) );
#61 = ( NAMED_UNIT(*) PLANE_ANGLE_UNIT() SI_UNIT($,.RADIAN.) );
#62 = ( NAMED_UNIT(*) SI_UNIT($,.STERADIAN.) SOLID_ANGLE_UNIT() );
#63 = UNCERTAINTY_MEASURE_WITH_UNIT(LENGTH_MEASURE(1.E-07),#60,
  'distance_accuracy_value','confusion accuracy');
#64 = PRODUCT_RELATED_PRODUCT_CATEGORY('part',$,(#7));
#65 = SHAPE_DEFINITION_REPRESENTATION(#66,#72);
#66 = PRODUCT_DEFINITION_SHAPE('','',#67);
#67 = PRODUCT_DEFINITION('design','',#68,#71);
#68 = PRODUCT_DEFINITION_FORMATION('','',#69);
#69 = PRODUCT('Open CASCADE STEP translator 7.8 1.1',
  'Open CASCADE STEP translator 7.8 1.1','',(#70));
#70 = PRODUCT_CONTEXT('',#2,'mechanical');
#71 = PRODUCT_DEFINITION_CONTEXT('part definition',#2,'design');
#72 = ADVANCED_BREP_SHAPE_REPRESENTATION('',(#11,#73),#277);
#73 = MANIFOLD_SOLID_BREP('',#74);
#74 = CLOSED_SHELL('',(#75,#163,#216,#269,#273));
#75 = ADVANCED_FACE('',(#76),#89,.T.);
#76 = FACE_BOUND('',#77,.T.);
#77 = EDGE_LOOP('',(#78,#112,#135,#162));
#78 = ORIENTED_EDGE('',*,*,#79,.T.);
#79 = EDGE_CURVE('',#80,#80,#82,.T.);
#80 = VERTEX_POINT('',#81);
#81 = CARTESIAN_POINT('',(0.35,3.,0.));
#82 = SURFACE_CURVE('',#83,(#88,#100),.PCURVE_S1.);
#83 = CIRCLE('',#84,3.);
#84 = AXIS2_PLACEMENT_3D('',#85,#86,#87);
#85 = CARTESIAN_POINT('',(0.35,3.,3.));
#86 = DIRECTION('',(1.,-0.,1.110223024625E-16));
#87 = DIRECTION('',(1.110223024625E-16,0.,-1.));
#88 = PCURVE('',#89,#94);
#89 = CYLINDRICAL_SURFACE('',#90,3.);
#90 = AXIS2_PLACEMENT_3D('',#91,#92,#93);
#91 = CARTESIAN_POINT('',(2.942091015257E-16,3.,3.));
#92 = DIRECTION('',(-1.,-0.,-1.110223024625E-16));
#93 = DIRECTION('',(1.110223024625E-16,0.,-1.));
#94 = DEFINITIONAL_REPRESENTATION('',(#95),#99);
#95 = LINE('',#96,#97);
#96 = CARTESIAN_POINT('',(6.28318530718,-0.35));
#97 = VECTOR('',#98,1.);
#98 = DIRECTION('',(-1.,0.));
#99 = ( GEOMETRIC_REPRESENTATION_CONTEXT(2) 
PARAMETRIC_REPRESENTATION_CONTEXT() REPRESENTATION_CONTEXT('2D SPACE',''
  ) );
#100 = PCURVE('',#101,#106);
#101 = CONICAL_SURFACE('',#102,3.,0.785398163397);
#102 = AXIS2_PLACEMENT_3D('',#103,#104,#105);
#103 = CARTESIAN_POINT('',(0.35,3.,3.));
#104 = DIRECTION('',(1.,0.,1.110223024625E-16));
#105 = DIRECTION('',(1.110223024625E-16,0.,-1.));
#106 = DEFINITIONAL_REPRESENTATION('',(#107),#111);
#107 = LINE('',#108,#109);
#108 = CARTESIAN_POINT('',(0.,0.));
#109 = VECTOR('',#110,1.);
#110 = DIRECTION('',(1.,-0.));
#111 = ( GEOMETRIC_REPRESENTATION_CONTEXT(2) 
PARAMETRIC_REPRESENTATION_CONTEXT() REPRESENTATION_CONTEXT('2D SPACE',''
  ) );
#112 = ORIENTED_EDGE('',*,*,#113,.T.);
#113 = EDGE_CURVE('',#80,#114,#116,.T.);
#114 = VERTEX_POINT('',#115);
#115 = CARTESIAN_POINT('',(49.65,3.,5.329070518201E-15));
#116 = SEAM_CURVE('',#117,(#121,#128),.PCURVE_S1.);
#117 = LINE('',#118,#119);
#118 = CARTESIAN_POINT('',(6.272760089132E-16,3.,0.));
#119 = VECTOR('',#120,1.);
#120 = DIRECTION('',(1.,0.,1.110223024625E-16));
#121 = PCURVE('',#89,#122);
#122 = DEFINITIONAL_REPRESENTATION('',(#123),#127);
#123 = LINE('',#124,#125);
#124 = CARTESIAN_POINT('',(-4.138911435803E-13,0.));
#125 = VECTOR('',#126,1.);
#126 = DIRECTION('',(-0.,-1.));
#127 = ( GEOMETRIC_REPRESENTATION_CONTEXT(2) 
PARAMETRIC_REPRESENTATION_CONTEXT() REPRESENTATION_CONTEXT('2D SPACE',''
  ) );
#128 = PCURVE('',#89,#129);
#129 = DEFINITIONAL_REPRESENTATION('',(#130),#134);
#130 = LINE('',#131,#132);
#131 = CARTESIAN_POINT('',(6.28318530718,0.));
#132 = VECTOR('',#133,1.);
#133 = DIRECTION('',(-0.,-1.));
#134 = ( GEOMETRIC_REPRESENTATION_CONTEXT(2) 
PARAMETRIC_REPRESENTATION_CONTEXT() REPRESENTATION_CONTEXT('2D SPACE',''
  ) );
#135 = ORIENTED_EDGE('',*,*,#136,.F.);
#136 = EDGE_CURVE('',#114,#114,#137,.T.);
#137 = SURFACE_CURVE('',#138,(#143,#150),.PCURVE_S1.);
#138 = CIRCLE('',#139,3.);
#139 = AXIS2_PLACEMENT_3D('',#140,#141,#142);
#140 = CARTESIAN_POINT('',(49.65,3.,3.));
#141 = DIRECTION('',(1.,-0.,1.110223024625E-16));
#142 = DIRECTION('',(1.110223024625E-16,0.,-1.));
#143 = PCURVE('',#89,#144);
#144 = DEFINITIONAL_REPRESENTATION('',(#145),#149);
#145 = LINE('',#146,#147);
#146 = CARTESIAN_POINT('',(6.28318530718,-49.65));
#147 = VECTOR('',#148,1.);
#148 = DIRECTION('',(-1.,0.));
#149 = ( GEOMETRIC_REPRESENTATION_CONTEXT(2) 
PARAMETRIC_REPRESENTATION_CONTEXT() REPRESENTATION_CONTEXT('2D SPACE',''
  ) );
#150 = PCURVE('',#151,#156);
#151 = CONICAL_SURFACE('',#152,3.,0.785398163397);
#152 = AXIS2_PLACEMENT_3D('',#153,#154,#155);
#153 = CARTESIAN_POINT('',(49.65,3.,3.));
#154 = DIRECTION('',(-1.,-0.,-1.110223024625E-16));
#155 = DIRECTION('',(1.110223024625E-16,0.,-1.));
#156 = DEFINITIONAL_REPRESENTATION('',(#157),#161);
#157 = LINE('',#158,#159);
#158 = CARTESIAN_POINT('',(6.28318530718,0.));
#159 = VECTOR('',#160,1.);
#160 = DIRECTION('',(-1.,0.));
#161 = ( GEOMETRIC_REPRESENTATION_CONTEXT(2) 
PARAMETRIC_REPRESENTATION_CONTEXT() REPRESENTATION_CONTEXT('2D SPACE',''
  ) );
#162 = ORIENTED_EDGE('',*,*,#113,.F.);
#163 = ADVANCED_FACE('',(#164),#101,.T.);
#164 = FACE_BOUND('',#165,.T.);
#165 = EDGE_LOOP('',(#166,#195,#214,#215));
#166 = ORIENTED_EDGE('',*,*,#167,.T.);
#167 = EDGE_CURVE('',#168,#168,#170,.T.);
#168 = VERTEX_POINT('',#169);
#169 = CARTESIAN_POINT('',(5.884182030513E-16,3.,0.35));
#170 = SURFACE_CURVE('',#171,(#176,#183),.PCURVE_S1.);
#171 = CIRCLE('',#172,2.65);
#172 = AXIS2_PLACEMENT_3D('',#173,#174,#175);
#173 = CARTESIAN_POINT('',(2.942091015257E-16,3.,3.));
#174 = DIRECTION('',(1.,-0.,1.110223024625E-16));
#175 = DIRECTION('',(1.110223024625E-16,0.,-1.));
#176 = PCURVE('',#101,#177);
#177 = DEFINITIONAL_REPRESENTATION('',(#178),#182);
#178 = LINE('',#179,#180);
#179 = CARTESIAN_POINT('',(0.,-0.35));
#180 = VECTOR('',#181,1.);
#181 = DIRECTION('',(1.,-0.));
#182 = ( GEOMETRIC_REPRESENTATION_CONTEXT(2) 
PARAMETRIC_REPRESENTATION_CONTEXT() REPRESENTATION_CONTEXT('2D SPACE',''
  ) );
#183 = PCURVE('',#184,#189);
#184 = PLANE('',#185);
#185 = AXIS2_PLACEMENT_3D('',#186,#187,#188);
#186 = CARTESIAN_POINT('',(2.942091015257E-16,3.,3.));
#187 = DIRECTION('',(1.,0.,1.110223024625E-16));
#188 = DIRECTION('',(1.110223024625E-16,0.,-1.));
#189 = DEFINITIONAL_REPRESENTATION('',(#190),#194);
#190 = CIRCLE('',#191,2.65);
#191 = AXIS2_PLACEMENT_2D('',#192,#193);
#192 = CARTESIAN_POINT('',(0.,0.));
#193 = DIRECTION('',(1.,0.));
#194 = ( GEOMETRIC_REPRESENTATION_CONTEXT(2) 
PARAMETRIC_REPRESENTATION_CONTEXT() REPRESENTATION_CONTEXT('2D SPACE',''
  ) );
#195 = ORIENTED_EDGE('',*,*,#196,.F.);
#196 = EDGE_CURVE('',#80,#168,#197,.T.);
#197 = SEAM_CURVE('',#198,(#202,#208),.PCURVE_S1.);
#198 = LINE('',#199,#200);
#199 = CARTESIAN_POINT('',(0.35,3.,0.));
#200 = VECTOR('',#201,1.);
#201 = DIRECTION('',(-0.707106781187,-0.,0.707106781187));
#202 = PCURVE('',#101,#203);
#203 = DEFINITIONAL_REPRESENTATION('',(#204),#207);
#204 = B_SPLINE_CURVE_WITH_KNOTS('',1,(#205,#206),.UNSPECIFIED.,.F.,.F.,
  (2,2),(0.,0.494974746831),.PIECEWISE_BEZIER_KNOTS.);
#205 = CARTESIAN_POINT('',(6.28318530718,0.));
#206 = CARTESIAN_POINT('',(6.28318530718,-0.35));
#207 = ( GEOMETRIC_REPRESENTATION_CONTEXT(2) 
PARAMETRIC_REPRESENTATION_CONTEXT() REPRESENTATION_CONTEXT('2D SPACE',''
  ) );
#208 = PCURVE('',#101,#209);
#209 = DEFINITIONAL_REPRESENTATION('',(#210),#213);
#210 = B_SPLINE_CURVE_WITH_KNOTS('',1,(#211,#212),.UNSPECIFIED.,.F.,.F.,
  (2,2),(0.,0.494974746831),.PIECEWISE_BEZIER_KNOTS.);
#211 = CARTESIAN_POINT('',(4.138911435803E-13,0.));
#212 = CARTESIAN_POINT('',(4.138911435803E-13,-0.35));
#213 = ( GEOMETRIC_REPRESENTATION_CONTEXT(2) 
PARAMETRIC_REPRESENTATION_CONTEXT() REPRESENTATION_CONTEXT('2D SPACE',''
  ) );
#214 = ORIENTED_EDGE('',*,*,#79,.F.);
#215 = ORIENTED_EDGE('',*,*,#196,.T.);
#216 = ADVANCED_FACE('',(#217),#151,.T.);
#217 = FACE_BOUND('',#218,.T.);
#218 = EDGE_LOOP('',(#219,#240,#241,#242));
#219 = ORIENTED_EDGE('',*,*,#220,.F.);
#220 = EDGE_CURVE('',#114,#221,#223,.T.);
#221 = VERTEX_POINT('',#222);
#222 = CARTESIAN_POINT('',(50.,3.,0.35));
#223 = SEAM_CURVE('',#224,(#228,#234),.PCURVE_S1.);
#224 = LINE('',#225,#226);
#225 = CARTESIAN_POINT('',(49.65,3.,5.329070518201E-15));
#226 = VECTOR('',#227,1.);
#227 = DIRECTION('',(0.707106781187,0.,0.707106781187));
#228 = PCURVE('',#151,#229);
#229 = DEFINITIONAL_REPRESENTATION('',(#230),#233);
#230 = B_SPLINE_CURVE_WITH_KNOTS('',1,(#231,#232),.UNSPECIFIED.,.F.,.F.,
  (2,2),(0.,0.494974746831),.PIECEWISE_BEZIER_KNOTS.);
#231 = CARTESIAN_POINT('',(6.28318530718,0.));
#232 = CARTESIAN_POINT('',(6.28318530718,-0.35));
#233 = ( GEOMETRIC_REPRESENTATION_CONTEXT(2) 
PARAMETRIC_REPRESENTATION_CONTEXT() REPRESENTATION_CONTEXT('2D SPACE',''
  ) );
#234 = PCURVE('',#151,#235);
#235 = DEFINITIONAL_REPRESENTATION('',(#236),#239);
#236 = B_SPLINE_CURVE_WITH_KNOTS('',1,(#237,#238),.UNSPECIFIED.,.F.,.F.,
  (2,2),(0.,0.494974746831),.PIECEWISE_BEZIER_KNOTS.);
#237 = CARTESIAN_POINT('',(-4.138911435803E-13,0.));
#238 = CARTESIAN_POINT('',(-4.138911435803E-13,-0.35));
#239 = ( GEOMETRIC_REPRESENTATION_CONTEXT(2) 
PARAMETRIC_REPRESENTATION_CONTEXT() REPRESENTATION_CONTEXT('2D SPACE',''
  ) );
#240 = ORIENTED_EDGE('',*,*,#136,.T.);
#241 = ORIENTED_EDGE('',*,*,#220,.T.);
#242 = ORIENTED_EDGE('',*,*,#243,.F.);
#243 = EDGE_CURVE('',#221,#221,#244,.T.);
#244 = SURFACE_CURVE('',#245,(#250,#257),.PCURVE_S1.);
#245 = CIRCLE('',#246,2.65);
#246 = AXIS2_PLACEMENT_3D('',#247,#248,#249);
#247 = CARTESIAN_POINT('',(50.,3.,3.));
#248 = DIRECTION('',(1.,-0.,1.110223024625E-16));
#249 = DIRECTION('',(1.110223024625E-16,0.,-1.));
#250 = PCURVE('',#151,#251);
#251 = DEFINITIONAL_REPRESENTATION('',(#252),#256);
#252 = LINE('',#253,#254);
#253 = CARTESIAN_POINT('',(6.28318530718,-0.35));
#254 = VECTOR('',#255,1.);
#255 = DIRECTION('',(-1.,0.));
#256 = ( GEOMETRIC_REPRESENTATION_CONTEXT(2) 
PARAMETRIC_REPRESENTATION_CONTEXT() REPRESENTATION_CONTEXT('2D SPACE',''
  ) );
#257 = PCURVE('',#258,#263);
#258 = PLANE('',#259);
#259 = AXIS2_PLACEMENT_3D('',#260,#261,#262);
#260 = CARTESIAN_POINT('',(50.,3.,3.));
#261 = DIRECTION('',(1.,0.,1.110223024625E-16));
#262 = DIRECTION('',(1.110223024625E-16,0.,-1.));
#263 = DEFINITIONAL_REPRESENTATION('',(#264),#268);
#264 = CIRCLE('',#265,2.65);
#265 = AXIS2_PLACEMENT_2D('',#266,#267);
#266 = CARTESIAN_POINT('',(4.440892098501E-16,0.));
#267 = DIRECTION('',(1.,0.));
#268 = ( GEOMETRIC_REPRESENTATION_CONTEXT(2) 
PARAMETRIC_REPRESENTATION_CONTEXT() REPRESENTATION_CONTEXT('2D SPACE',''
  ) );
#269 = ADVANCED_FACE('',(#270),#184,.F.);
#270 = FACE_BOUND('',#271,.F.);
#271 = EDGE_LOOP('',(#272));
#272 = ORIENTED_EDGE('',*,*,#167,.T.);
#273 = ADVANCED_FACE('',(#274),#258,.T.);
#274 = FACE_BOUND('',#275,.T.);
#275 = EDGE_LOOP('',(#276));
#276 = ORIENTED_EDGE('',*,*,#243,.T.);
#277 = ( GEOMETRIC_REPRESENTATION_CONTEXT(3) 
GLOBAL_UNCERTAINTY_ASSIGNED_CONTEXT((#281)) GLOBAL_UNIT_ASSIGNED_CONTEXT
((#278,#279,#280)) REPRESENTATION_CONTEXT('Context #1',
  '3D Context with UNIT and UNCERTAINTY') );
#278 = ( LENGTH_UNIT() NAMED_UNIT(*) SI_UNIT(.MILLI.,.METRE.) );
#279 = ( NAMED_UNIT(*) PLANE_ANGLE_UNIT() SI_UNIT($,.RADIAN.) );
#280 = ( NAMED_UNIT(*) SI_UNIT($,.STERADIAN.) SOLID_ANGLE_UNIT() );
#281 = UNCERTAINTY_MEASURE_WITH_UNIT(LENGTH_MEASURE(1.E-07),#278,
  'distance_accuracy_value','confusion accuracy');
#282 = CONTEXT_DEPENDENT_SHAPE_REPRESENTATION(#283,#285);
#283 = ( REPRESENTATION_RELATIONSHIP('','',#72,#10) 
REPRESENTATION_RELATIONSHIP_WITH_TRANSFORMATION(#284) 
SHAPE_REPRESENTATION_RELATIONSHIP() );
#284 = ITEM_DEFINED_TRANSFORMATION('','',#11,#15);
#285 = PRODUCT_DEFINITION_SHAPE('Placement','Placement of an item',#286
  );
#286 = NEXT_ASSEMBLY_USAGE_OCCURRENCE('1','','',#5,#67,$);
#287 = PRODUCT_RELATED_PRODUCT_CATEGORY('part',$,(#69));
#288 = SHAPE_DEFINITION_REPRESENTATION(#289,#295);
#289 = PRODUCT_DEFINITION_SHAPE('','',#290);
#290 = PRODUCT_DEFINITION('design','',#291,#294);
#291 = PRODUCT_DEFINITION_FORMATION('','',#292);
#292 = PRODUCT('Open CASCADE STEP translator 7.8 1.2',
  'Open CASCADE STEP translator 7.8 1.2','',(#293));
#293 = PRODUCT_CONTEXT('',#2,'mechanical');
#294 = PRODUCT_DEFINITION_CONTEXT('part definition',#2,'design');
#295 = ADVANCED_BREP_SHAPE_REPRESENTATION('',(#11,#296),#500);
#296 = MANIFOLD_SOLID_BREP('',#297);
#297 = CLOSED_SHELL('',(#298,#386,#439,#492,#496));
#298 = ADVANCED_FACE('',(#299),#312,.T.);
#299 = FACE_BOUND('',#300,.T.);
#300 = EDGE_LOOP('',(#301,#335,#358,#385));
#301 = ORIENTED_EDGE('',*,*,#302,.T.);
#302 = EDGE_CURVE('',#303,#303,#305,.T.);
#303 = VERTEX_POINT('',#304);
#304 = CARTESIAN_POINT('',(58.35,3.,0.));
#305 = SURFACE_CURVE('',#306,(#311,#323),.PCURVE_S1.);
#306 = CIRCLE('',#307,3.);
#307 = AXIS2_PLACEMENT_3D('',#308,#309,#310);
#308 = CARTESIAN_POINT('',(58.35,3.,3.));
#309 = DIRECTION('',(1.,-0.,1.110223024625E-16));
#310 = DIRECTION('',(1.110223024625E-16,0.,-1.));
#311 = PCURVE('',#312,#317);
#312 = CYLINDRICAL_SURFACE('',#313,3.);
#313 = AXIS2_PLACEMENT_3D('',#314,#315,#316);
#314 = CARTESIAN_POINT('',(58.,3.,3.));
#315 = DIRECTION('',(-1.,-0.,-1.110223024625E-16));
#316 = DIRECTION('',(1.110223024625E-16,0.,-1.));
#317 = DEFINITIONAL_REPRESENTATION('',(#318),#322);
#318 = LINE('',#319,#320);
#319 = CARTESIAN_POINT('',(6.28318530718,-0.35));
#320 = VECTOR('',#321,1.);
#321 = DIRECTION('',(-1.,0.));
#322 = ( GEOMETRIC_REPRESENTATION_CONTEXT(2) 
PARAMETRIC_REPRESENTATION_CONTEXT() REPRESENTATION_CONTEXT('2D SPACE',''
  ) );
#323 = PCURVE('',#324,#329);
#324 = CONICAL_SURFACE('',#325,3.,0.785398163397);
#325 = AXIS2_PLACEMENT_3D('',#326,#327,#328);
#326 = CARTESIAN_POINT('',(58.35,3.,3.));
#327 = DIRECTION('',(1.,0.,1.110223024625E-16));
#328 = DIRECTION('',(1.110223024625E-16,0.,-1.));
#329 = DEFINITIONAL_REPRESENTATION('',(#330),#334);
#330 = LINE('',#331,#332);
#331 = CARTESIAN_POINT('',(0.,0.));
#332 = VECTOR('',#333,1.);
#333 = DIRECTION('',(1.,-0.));
#334 = ( GEOMETRIC_REPRESENTATION_CONTEXT(2) 
PARAMETRIC_REPRESENTATION_CONTEXT() REPRESENTATION_CONTEXT('2D SPACE',''
  ) );
#335 = ORIENTED_EDGE('',*,*,#336,.T.);
#336 = EDGE_CURVE('',#303,#337,#339,.T.);
#337 = VERTEX_POINT('',#338);
#338 = CARTESIAN_POINT('',(107.65,3.,5.329070518201E-15));
#339 = SEAM_CURVE('',#340,(#344,#351),.PCURVE_S1.);
#340 = LINE('',#341,#342);
#341 = CARTESIAN_POINT('',(58.,3.,0.));
#342 = VECTOR('',#343,1.);
#343 = DIRECTION('',(1.,0.,1.110223024625E-16));
#344 = PCURVE('',#312,#345);
#345 = DEFINITIONAL_REPRESENTATION('',(#346),#350);
#346 = LINE('',#347,#348);
#347 = CARTESIAN_POINT('',(-4.138911435803E-13,0.));
#348 = VECTOR('',#349,1.);
#349 = DIRECTION('',(-0.,-1.));
#350 = ( GEOMETRIC_REPRESENTATION_CONTEXT(2) 
PARAMETRIC_REPRESENTATION_CONTEXT() REPRESENTATION_CONTEXT('2D SPACE',''
  ) );
#351 = PCURVE('',#312,#352);
#352 = DEFINITIONAL_REPRESENTATION('',(#353),#357);
#353 = LINE('',#354,#355);
#354 = CARTESIAN_POINT('',(6.28318530718,0.));
#355 = VECTOR('',#356,1.);
#356 = DIRECTION('',(-0.,-1.));
#357 = ( GEOMETRIC_REPRESENTATION_CONTEXT(2) 
PARAMETRIC_REPRESENTATION_CONTEXT() REPRESENTATION_CONTEXT('2D SPACE',''
  ) );
#358 = ORIENTED_EDGE('',*,*,#359,.F.);
#359 = EDGE_CURVE('',#337,#337,#360,.T.);
#360 = SURFACE_CURVE('',#361,(#366,#373),.PCURVE_S1.);
#361 = CIRCLE('',#362,3.);
#362 = AXIS2_PLACEMENT_3D('',#363,#364,#365);
#363 = CARTESIAN_POINT('',(107.65,3.,3.));
#364 = DIRECTION('',(1.,-0.,1.110223024625E-16));
#365 = DIRECTION('',(1.110223024625E-16,0.,-1.));
#366 = PCURVE('',#312,#367);
#367 = DEFINITIONAL_REPRESENTATION('',(#368),#372);
#368 = LINE('',#369,#370);
#369 = CARTESIAN_POINT('',(6.28318530718,-49.65));
#370 = VECTOR('',#371,1.);
#371 = DIRECTION('',(-1.,0.));
#372 = ( GEOMETRIC_REPRESENTATION_CONTEXT(2) 
PARAMETRIC_REPRESENTATION_CONTEXT() REPRESENTATION_CONTEXT('2D SPACE',''
  ) );
#373 = PCURVE('',#374,#379);
#374 = CONICAL_SURFACE('',#375,3.,0.785398163397);
#375 = AXIS2_PLACEMENT_3D('',#376,#377,#378);
#376 = CARTESIAN_POINT('',(107.65,3.,3.));
#377 = DIRECTION('',(-1.,-0.,-1.110223024625E-16));
#378 = DIRECTION('',(1.110223024625E-16,0.,-1.));
#379 = DEFINITIONAL_REPRESENTATION('',(#380),#384);
#380 = LINE('',#381,#382);
#381 = CARTESIAN_POINT('',(6.28318530718,0.));
#382 = VECTOR('',#383,1.);
#383 = DIRECTION('',(-1.,0.));
#384 = ( GEOMETRIC_REPRESENTATION_CONTEXT(2) 
PARAMETRIC_REPRESENTATION_CONTEXT() REPRESENTATION_CONTEXT('2D SPACE',''
  ) );
#385 = ORIENTED_EDGE('',*,*,#336,.F.);
#386 = ADVANCED_FACE('',(#387),#324,.T.);
#387 = FACE_BOUND('',#388,.T.);
#388 = EDGE_LOOP('',(#389,#418,#437,#438));
#389 = ORIENTED_EDGE('',*,*,#390,.T.);
#390 = EDGE_CURVE('',#391,#391,#393,.T.);
#391 = VERTEX_POINT('',#392);
#392 = CARTESIAN_POINT('',(58.,3.,0.35));
#393 = SURFACE_CURVE('',#394,(#399,#406),.PCURVE_S1.);
#394 = CIRCLE('',#395,2.65);
#395 = AXIS2_PLACEMENT_3D('',#396,#397,#398);
#396 = CARTESIAN_POINT('',(58.,3.,3.));
#397 = DIRECTION('',(1.,-0.,1.110223024625E-16));
#398 = DIRECTION('',(1.110223024625E-16,0.,-1.));
#399 = PCURVE('',#324,#400);
#400 = DEFINITIONAL_REPRESENTATION('',(#401),#405);
#401 = LINE('',#402,#403);
#402 = CARTESIAN_POINT('',(0.,-0.35));
#403 = VECTOR('',#404,1.);
#404 = DIRECTION('',(1.,-0.));
#405 = ( GEOMETRIC_REPRESENTATION_CONTEXT(2) 
PARAMETRIC_REPRESENTATION_CONTEXT() REPRESENTATION_CONTEXT('2D SPACE',''
  ) );
#406 = PCURVE('',#407,#412);
#407 = PLANE('',#408);
#408 = AXIS2_PLACEMENT_3D('',#409,#410,#411);
#409 = CARTESIAN_POINT('',(58.,3.,3.));
#410 = DIRECTION('',(1.,0.,1.110223024625E-16));
#411 = DIRECTION('',(1.110223024625E-16,0.,-1.));
#412 = DEFINITIONAL_REPRESENTATION('',(#413),#417);
#413 = CIRCLE('',#414,2.65);
#414 = AXIS2_PLACEMENT_2D('',#415,#416);
#415 = CARTESIAN_POINT('',(0.,0.));
#416 = DIRECTION('',(1.,0.));
#417 = ( GEOMETRIC_REPRESENTATION_CONTEXT(2) 
PARAMETRIC_REPRESENTATION_CONTEXT() REPRESENTATION_CONTEXT('2D SPACE',''
  ) );
#418 = ORIENTED_EDGE('',*,*,#419,.F.);
#419 = EDGE_CURVE('',#303,#391,#420,.T.);
#420 = SEAM_CURVE('',#421,(#425,#431),.PCURVE_S1.);
#421 = LINE('',#422,#423);
#422 = CARTESIAN_POINT('',(58.35,3.,0.));
#423 = VECTOR('',#424,1.);
#424 = DIRECTION('',(-0.707106781187,-0.,0.707106781187));
#425 = PCURVE('',#324,#426);
#426 = DEFINITIONAL_REPRESENTATION('',(#427),#430);
#427 = B_SPLINE_CURVE_WITH_KNOTS('',1,(#428,#429),.UNSPECIFIED.,.F.,.F.,
  (2,2),(0.,0.494974746831),.PIECEWISE_BEZIER_KNOTS.);
#428 = CARTESIAN_POINT('',(6.28318530718,0.));
#429 = CARTESIAN_POINT('',(6.28318530718,-0.35));
#430 = ( GEOMETRIC_REPRESENTATION_CONTEXT(2) 
PARAMETRIC_REPRESENTATION_CONTEXT() REPRESENTATION_CONTEXT('2D SPACE',''
  ) );
#431 = PCURVE('',#324,#432);
#432 = DEFINITIONAL_REPRESENTATION('',(#433),#436);
#433 = B_SPLINE_CURVE_WITH_KNOTS('',1,(#434,#435),.UNSPECIFIED.,.F.,.F.,
  (2,2),(0.,0.494974746831),.PIECEWISE_BEZIER_KNOTS.);
#434 = CARTESIAN_POINT('',(4.138911435803E-13,0.));
#435 = CARTESIAN_POINT('',(4.138911435803E-13,-0.35));
#436 = ( GEOMETRIC_REPRESENTATION_CONTEXT(2) 
PARAMETRIC_REPRESENTATION_CONTEXT() REPRESENTATION_CONTEXT('2D SPACE',''
  ) );
#437 = ORIENTED_EDGE('',*,*,#302,.F.);
#438 = ORIENTED_EDGE('',*,*,#419,.T.);
#439 = ADVANCED_FACE('',(#440),#374,.T.);
#440 = FACE_BOUND('',#441,.T.);
#441 = EDGE_LOOP('',(#442,#463,#464,#465));
#442 = ORIENTED_EDGE('',*,*,#443,.F.);
#443 = EDGE_CURVE('',#337,#444,#446,.T.);
#444 = VERTEX_POINT('',#445);
#445 = CARTESIAN_POINT('',(108.,3.,0.35));
#446 = SEAM_CURVE('',#447,(#451,#457),.PCURVE_S1.);
#447 = LINE('',#448,#449);
#448 = CARTESIAN_POINT('',(107.65,3.,5.329070518201E-15));
#449 = VECTOR('',#450,1.);
#450 = DIRECTION('',(0.707106781187,0.,0.707106781187));
#451 = PCURVE('',#374,#452);
#452 = DEFINITIONAL_REPRESENTATION('',(#453),#456);
#453 = B_SPLINE_CURVE_WITH_KNOTS('',1,(#454,#455),.UNSPECIFIED.,.F.,.F.,
  (2,2),(0.,0.494974746831),.PIECEWISE_BEZIER_KNOTS.);
#454 = CARTESIAN_POINT('',(6.28318530718,0.));
#455 = CARTESIAN_POINT('',(6.28318530718,-0.35));
#456 = ( GEOMETRIC_REPRESENTATION_CONTEXT(2) 
PARAMETRIC_REPRESENTATION_CONTEXT() REPRESENTATION_CONTEXT('2D SPACE',''
  ) );
#457 = PCURVE('',#374,#458);
#458 = DEFINITIONAL_REPRESENTATION('',(#459),#462);
#459 = B_SPLINE_CURVE_WITH_KNOTS('',1,(#460,#461),.UNSPECIFIED.,.F.,.F.,
  (2,2),(0.,0.494974746831),.PIECEWISE_BEZIER_KNOTS.);
#460 = CARTESIAN_POINT('',(-4.138911435803E-13,0.));
#461 = CARTESIAN_POINT('',(-4.138911435803E-13,-0.35));
#462 = ( GEOMETRIC_REPRESENTATION_CONTEXT(2) 
PARAMETRIC_REPRESENTATION_CONTEXT() REPRESENTATION_CONTEXT('2D SPACE',''
  ) );
#463 = ORIENTED_EDGE('',*,*,#359,.T.);
#464 = ORIENTED_EDGE('',*,*,#443,.T.);
#465 = ORIENTED_EDGE('',*,*,#466,.F.);
#466 = EDGE_CURVE('',#444,#444,#467,.T.);
#467 = SURFACE_CURVE('',#468,(#473,#480),.PCURVE_S1.);
#468 = CIRCLE('',#469,2.65);
#469 = AXIS2_PLACEMENT_3D('',#470,#471,#472);
#470 = CARTESIAN_POINT('',(108.,3.,3.));
#471 = DIRECTION('',(1.,-0.,1.110223024625E-16));
#472 = DIRECTION('',(1.110223024625E-16,0.,-1.));
#473 = PCURVE('',#374,#474);
#474 = DEFINITIONAL_REPRESENTATION('',(#475),#479);
#475 = LINE('',#476,#477);
#476 = CARTESIAN_POINT('',(6.28318530718,-0.35));
#477 = VECTOR('',#478,1.);
#478 = DIRECTION('',(-1.,0.));
#479 = ( GEOMETRIC_REPRESENTATION_CONTEXT(2) 
PARAMETRIC_REPRESENTATION_CONTEXT() REPRESENTATION_CONTEXT('2D SPACE',''
  ) );
#480 = PCURVE('',#481,#486);
#481 = PLANE('',#482);
#482 = AXIS2_PLACEMENT_3D('',#483,#484,#485);
#483 = CARTESIAN_POINT('',(108.,3.,3.));
#484 = DIRECTION('',(1.,0.,1.110223024625E-16));
#485 = DIRECTION('',(1.110223024625E-16,0.,-1.));
#486 = DEFINITIONAL_REPRESENTATION('',(#487),#491);
#487 = CIRCLE('',#488,2.65);
#488 = AXIS2_PLACEMENT_2D('',#489,#490);
#489 = CARTESIAN_POINT('',(4.440892098501E-16,0.));
#490 = DIRECTION('',(1.,0.));
#491 = ( GEOMETRIC_REPRESENTATION_CONTEXT(2) 
PARAMETRIC_REPRESENTATION_CONTEXT() REPRESENTATION_CONTEXT('2D SPACE',''
  ) );
#492 = ADVANCED_FACE('',(#493),#407,.F.);
#493 = FACE_BOUND('',#494,.F.);
#494 = EDGE_LOOP('',(#495));
#495 = ORIENTED_EDGE('',*,*,#390,.T.);
#496 = ADVANCED_FACE('',(#497),#481,.T.);
#497 = FACE_BOUND('',#498,.T.);
#498 = EDGE_LOOP('',(#499));
#499 = ORIENTED_EDGE('',*,*,#466,.T.);
#500 = ( GEOMETRIC_REPRESENTATION_CONTEXT(3) 
GLOBAL_UNCERTAINTY_ASSIGNED_CONTEXT((#504)) GLOBAL_UNIT_ASSIGNED_CONTEXT
((#501,#502,#503)) REPRESENTATION_CONTEXT('Context #1',
  '3D Context with UNIT and UNCERTAINTY') );
#501 = ( LENGTH_UNIT() NAMED_UNIT(*) SI_UNIT(.MILLI.,.METRE.) );
#502 = ( NAMED_UNIT(*) PLANE_ANGLE_UNIT() SI_UNIT($,.RADIAN.) );
#503 = ( NAMED_UNIT(*) SI_UNIT($,.STERADIAN.) SOLID_ANGLE_UNIT() );
#504 = UNCERTAINTY_MEASURE_WITH_UNIT(LENGTH_MEASURE(1.E-07),#501,
  'distance_accuracy_value','confusion accuracy');
#505 = CONTEXT_DEPENDENT_SHAPE_REPRESENTATION(#506,#508);
#506 = ( REPRESENTATION_RELATIONSHIP('','',#295,#10) 
REPRESENTATION_RELATIONSHIP_WITH_TRANSFORMATION(#507) 
SHAPE_REPRESENTATION_RELATIONSHIP() );
#507 = ITEM_DEFINED_TRANSFORMATION('','',#11,#19);
#508 = PRODUCT_DEFINITION_SHAPE('Placement','Placement of an item',#509
  );
#509 = NEXT_ASSEMBLY_USAGE_OCCURRENCE('2','','',#5,#290,$);
#510 = PRODUCT_RELATED_PRODUCT_CATEGORY('part',$,(#292));
#511 = SHAPE_DEFINITION_REPRESENTATION(#512,#518);
#512 = PRODUCT_DEFINITION_SHAPE('','',#513);
#513 = PRODUCT_DEFINITION('design','',#514,#517);
#514 = PRODUCT_DEFINITION_FORMATION('','',#515);
#515 = PRODUCT('Open CASCADE STEP translator 7.8 1.3',
  'Open CASCADE STEP translator 7.8 1.3','',(#516));
#516 = PRODUCT_CONTEXT('',#2,'mechanical');
#517 = PRODUCT_DEFINITION_CONTEXT('part definition',#2,'design');
#518 = ADVANCED_BREP_SHAPE_REPRESENTATION('',(#11,#519),#723);
#519 = MANIFOLD_SOLID_BREP('',#520);
#520 = CLOSED_SHELL('',(#521,#609,#662,#715,#719));
#521 = ADVANCED_FACE('',(#522),#535,.T.);
#522 = FACE_BOUND('',#523,.T.);
#523 = EDGE_LOOP('',(#524,#558,#581,#608));
#524 = ORIENTED_EDGE('',*,*,#525,.T.);
#525 = EDGE_CURVE('',#526,#526,#528,.T.);
#526 = VERTEX_POINT('',#527);
#527 = CARTESIAN_POINT('',(116.35,3.,0.));
#528 = SURFACE_CURVE('',#529,(#534,#546),.PCURVE_S1.);
#529 = CIRCLE('',#530,3.);
#530 = AXIS2_PLACEMENT_3D('',#531,#532,#533);
#531 = CARTESIAN_POINT('',(116.35,3.,3.));
#532 = DIRECTION('',(1.,-0.,1.110223024625E-16));
#533 = DIRECTION('',(1.110223024625E-16,0.,-1.));
#534 = PCURVE('',#535,#540);
#535 = CYLINDRICAL_SURFACE('',#536,3.);
#536 = AXIS2_PLACEMENT_3D('',#537,#538,#539);
#537 = CARTESIAN_POINT('',(116.,3.,3.));
#538 = DIRECTION('',(-1.,-0.,-1.110223024625E-16));
#539 = DIRECTION('',(1.110223024625E-16,0.,-1.));
#540 = DEFINITIONAL_REPRESENTATION('',(#541),#545);
#541 = LINE('',#542,#543);
#542 = CARTESIAN_POINT('',(6.28318530718,-0.35));
#543 = VECTOR('',#544,1.);
#544 = DIRECTION('',(-1.,0.));
#545 = ( GEOMETRIC_REPRESENTATION_CONTEXT(2) 
PARAMETRIC_REPRESENTATION_CONTEXT() REPRESENTATION_CONTEXT('2D SPACE',''
  ) );
#546 = PCURVE('',#547,#552);
#547 = CONICAL_SURFACE('',#548,3.,0.785398163397);
#548 = AXIS2_PLACEMENT_3D('',#549,#550,#551);
#549 = CARTESIAN_POINT('',(116.35,3.,3.));
#550 = DIRECTION('',(1.,0.,1.110223024625E-16));
#551 = DIRECTION('',(1.110223024625E-16,0.,-1.));
#552 = DEFINITIONAL_REPRESENTATION('',(#553),#557);
#553 = LINE('',#554,#555);
#554 = CARTESIAN_POINT('',(0.,0.));
#555 = VECTOR('',#556,1.);
#556 = DIRECTION('',(1.,-0.));
#557 = ( GEOMETRIC_REPRESENTATION_CONTEXT(2) 
PARAMETRIC_REPRESENTATION_CONTEXT() REPRESENTATION_CONTEXT('2D SPACE',''
  ) );
#558 = ORIENTED_EDGE('',*,*,#559,.T.);
#559 = EDGE_CURVE('',#526,#560,#562,.T.);
#560 = VERTEX_POINT('',#561);
#561 = CARTESIAN_POINT('',(165.65,3.,5.329070518201E-15));
#562 = SEAM_CURVE('',#563,(#567,#574),.PCURVE_S1.);
#563 = LINE('',#564,#565);
#564 = CARTESIAN_POINT('',(116.,3.,0.));
#565 = VECTOR('',#566,1.);
#566 = DIRECTION('',(1.,0.,1.110223024625E-16));
#567 = PCURVE('',#535,#568);
#568 = DEFINITIONAL_REPRESENTATION('',(#569),#573);
#569 = LINE('',#570,#571);
#570 = CARTESIAN_POINT('',(-4.138911435803E-13,0.));
#571 = VECTOR('',#572,1.);
#572 = DIRECTION('',(-0.,-1.));
#573 = ( GEOMETRIC_REPRESENTATION_CONTEXT(2) 
PARAMETRIC_REPRESENTATION_CONTEXT() REPRESENTATION_CONTEXT('2D SPACE',''
  ) );
#574 = PCURVE('',#535,#575);
#575 = DEFINITIONAL_REPRESENTATION('',(#576),#580);
#576 = LINE('',#577,#578);
#577 = CARTESIAN_POINT('',(6.28318530718,0.));
#578 = VECTOR('',#579,1.);
#579 = DIRECTION('',(-0.,-1.));
#580 = ( GEOMETRIC_REPRESENTATION_CONTEXT(2) 
PARAMETRIC_REPRESENTATION_CONTEXT() REPRESENTATION_CONTEXT('2D SPACE',''
  ) );
#581 = ORIENTED_EDGE('',*,*,#582,.F.);
#582 = EDGE_CURVE('',#560,#560,#583,.T.);
#583 = SURFACE_CURVE('',#584,(#589,#596),.PCURVE_S1.);
#584 = CIRCLE('',#585,3.);
#585 = AXIS2_PLACEMENT_3D('',#586,#587,#588);
#586 = CARTESIAN_POINT('',(165.65,3.,3.));
#587 = DIRECTION('',(1.,-0.,1.110223024625E-16));
#588 = DIRECTION('',(1.110223024625E-16,0.,-1.));
#589 = PCURVE('',#535,#590);
#590 = DEFINITIONAL_REPRESENTATION('',(#591),#595);
#591 = LINE('',#592,#593);
#592 = CARTESIAN_POINT('',(6.28318530718,-49.65));
#593 = VECTOR('',#594,1.);
#594 = DIRECTION('',(-1.,0.));
#595 = ( GEOMETRIC_REPRESENTATION_CONTEXT(2) 
PARAMETRIC_REPRESENTATION_CONTEXT() REPRESENTATION_CONTEXT('2D SPACE',''
  ) );
#596 = PCURVE('',#597,#602);
#597 = CONICAL_SURFACE('',#598,3.,0.785398163397);
#598 = AXIS2_PLACEMENT_3D('',#599,#600,#601);
#599 = CARTESIAN_POINT('',(165.65,3.,3.));
#600 = DIRECTION('',(-1.,-0.,-1.110223024625E-16));
#601 = DIRECTION('',(1.110223024625E-16,0.,-1.));
#602 = DEFINITIONAL_REPRESENTATION('',(#603),#607);
#603 = LINE('',#604,#605);
#604 = CARTESIAN_POINT('',(6.28318530718,0.));
#605 = VECTOR('',#606,1.);
#606 = DIRECTION('',(-1.,0.));
#607 = ( GEOMETRIC_REPRESENTATION_CONTEXT(2) 
PARAMETRIC_REPRESENTATION_CONTEXT() REPRESENTATION_CONTEXT('2D SPACE',''
  ) );
#608 = ORIENTED_EDGE('',*,*,#559,.F.);
#609 = ADVANCED_FACE('',(#610),#547,.T.);
#610 = FACE_BOUND('',#611,.T.);
#611 = EDGE_LOOP('',(#612,#641,#660,#661));
#612 = ORIENTED_EDGE('',*,*,#613,.T.);
#613 = EDGE_CURVE('',#614,#614,#616,.T.);
#614 = VERTEX_POINT('',#615);
#615 = CARTESIAN_POINT('',(116.,3.,0.35));
#616 = SURFACE_CURVE('',#617,(#622,#629),.PCURVE_S1.);
#617 = CIRCLE('',#618,2.65);
#618 = AXIS2_PLACEMENT_3D('',#619,#620,#621);
#619 = CARTESIAN_POINT('',(116.,3.,3.));
#620 = DIRECTION('',(1.,-0.,1.110223024625E-16));
#621 = DIRECTION('',(1.110223024625E-16,0.,-1.));
#622 = PCURVE('',#547,#623);
#623 = DEFINITIONAL_REPRESENTATION('',(#624),#628);
#624 = LINE('',#625,#626);
#625 = CARTESIAN_POINT('',(0.,-0.35));
#626 = VECTOR('',#627,1.);
#627 = DIRECTION('',(1.,-0.));
#628 = ( GEOMETRIC_REPRESENTATION_CONTEXT(2) 
PARAMETRIC_REPRESENTATION_CONTEXT() REPRESENTATION_CONTEXT('2D SPACE',''
  ) );
#629 = PCURVE('',#630,#635);
#630 = PLANE('',#631);
#631 = AXIS2_PLACEMENT_3D('',#632,#633,#634);
#632 = CARTESIAN_POINT('',(116.,3.,3.));
#633 = DIRECTION('',(1.,0.,1.110223024625E-16));
#634 = DIRECTION('',(1.110223024625E-16,0.,-1.));
#635 = DEFINITIONAL_REPRESENTATION('',(#636),#640);
#636 = CIRCLE('',#637,2.65);
#637 = AXIS2_PLACEMENT_2D('',#638,#639);
#638 = CARTESIAN_POINT('',(0.,0.));
#639 = DIRECTION('',(1.,0.));
#640 = ( GEOMETRIC_REPRESENTATION_CONTEXT(2) 
PARAMETRIC_REPRESENTATION_CONTEXT() REPRESENTATION_CONTEXT('2D SPACE',''
  ) );
#641 = ORIENTED_EDGE('',*,*,#642,.F.);
#642 = EDGE_CURVE('',#526,#614,#643,.T.);
#643 = SEAM_CURVE('',#644,(#648,#654),.PCURVE_S1.);
#644 = LINE('',#645,#646);
#645 = CARTESIAN_POINT('',(116.35,3.,0.));
#646 = VECTOR('',#647,1.);
#647 = DIRECTION('',(-0.707106781187,-0.,0.707106781187));
#648 = PCURVE('',#547,#649);
#649 = DEFINITIONAL_REPRESENTATION('',(#650),#653);
#650 = B_SPLINE_CURVE_WITH_KNOTS('',1,(#651,#652),.UNSPECIFIED.,.F.,.F.,
  (2,2),(0.,0.494974746831),.PIECEWISE_BEZIER_KNOTS.);
#651 = CARTESIAN_POINT('',(6.28318530718,0.));
#652 = CARTESIAN_POINT('',(6.28318530718,-0.35));
#653 = ( GEOMETRIC_REPRESENTATION_CONTEXT(2) 
PARAMETRIC_REPRESENTATION_CONTEXT() REPRESENTATION_CONTEXT('2D SPACE',''
  ) );
#654 = PCURVE('',#547,#655);
#655 = DEFINITIONAL_REPRESENTATION('',(#656),#659);
#656 = B_SPLINE_CURVE_WITH_KNOTS('',1,(#657,#658),.UNSPECIFIED.,.F.,.F.,
  (2,2),(0.,0.494974746831),.PIECEWISE_BEZIER_KNOTS.);
#657 = CARTESIAN_POINT('',(4.138911435803E-13,0.));
#658 = CARTESIAN_POINT('',(4.138911435803E-13,-0.35));
#659 = ( GEOMETRIC_REPRESENTATION_CONTEXT(2) 
PARAMETRIC_REPRESENTATION_CONTEXT() REPRESENTATION_CONTEXT('2D SPACE',''
  ) );
#660 = ORIENTED_EDGE('',*,*,#525,.F.);
#661 = ORIENTED_EDGE('',*,*,#642,.T.);
#662 = ADVANCED_FACE('',(#663),#597,.T.);
#663 = FACE_BOUND('',#664,.T.);
#664 = EDGE_LOOP('',(#665,#686,#687,#688));
#665 = ORIENTED_EDGE('',*,*,#666,.F.);
#666 = EDGE_CURVE('',#560,#667,#669,.T.);
#667 = VERTEX_POINT('',#668);
#668 = CARTESIAN_POINT('',(166.,3.,0.35));
#669 = SEAM_CURVE('',#670,(#674,#680),.PCURVE_S1.);
#670 = LINE('',#671,#672);
#671 = CARTESIAN_POINT('',(165.65,3.,5.329070518201E-15));
#672 = VECTOR('',#673,1.);
#673 = DIRECTION('',(0.707106781187,0.,0.707106781187));
#674 = PCURVE('',#597,#675);
#675 = DEFINITIONAL_REPRESENTATION('',(#676),#679);
#676 = B_SPLINE_CURVE_WITH_KNOTS('',1,(#677,#678),.UNSPECIFIED.,.F.,.F.,
  (2,2),(0.,0.494974746831),.PIECEWISE_BEZIER_KNOTS.);
#677 = CARTESIAN_POINT('',(6.28318530718,0.));
#678 = CARTESIAN_POINT('',(6.28318530718,-0.35));
#679 = ( GEOMETRIC_REPRESENTATION_CONTEXT(2) 
PARAMETRIC_REPRESENTATION_CONTEXT() REPRESENTATION_CONTEXT('2D SPACE',''
  ) );
#680 = PCURVE('',#597,#681);
#681 = DEFINITIONAL_REPRESENTATION('',(#682),#685);
#682 = B_SPLINE_CURVE_WITH_KNOTS('',1,(#683,#684),.UNSPECIFIED.,.F.,.F.,
  (2,2),(0.,0.494974746831),.PIECEWISE_BEZIER_KNOTS.);
#683 = CARTESIAN_POINT('',(-4.138911435803E-13,0.));
#684 = CARTESIAN_POINT('',(-4.138911435803E-13,-0.35));
#685 = ( GEOMETRIC_REPRESENTATION_CONTEXT(2) 
PARAMETRIC_REPRESENTATION_CONTEXT() REPRESENTATION_CONTEXT('2D SPACE',''
  ) );
#686 = ORIENTED_EDGE('',*,*,#582,.T.);
#687 = ORIENTED_EDGE('',*,*,#666,.T.);
#688 = ORIENTED_EDGE('',*,*,#689,.F.);
#689 = EDGE_CURVE('',#667,#667,#690,.T.);
#690 = SURFACE_CURVE('',#691,(#696,#703),.PCURVE_S1.);
#691 = CIRCLE('',#692,2.65);
#692 = AXIS2_PLACEMENT_3D('',#693,#694,#695);
#693 = CARTESIAN_POINT('',(166.,3.,3.));
#694 = DIRECTION('',(1.,-0.,1.110223024625E-16));
#695 = DIRECTION('',(1.110223024625E-16,0.,-1.));
#696 = PCURVE('',#597,#697);
#697 = DEFINITIONAL_REPRESENTATION('',(#698),#702);
#698 = LINE('',#699,#700);
#699 = CARTESIAN_POINT('',(6.28318530718,-0.35));
#700 = VECTOR('',#701,1.);
#701 = DIRECTION('',(-1.,0.));
#702 = ( GEOMETRIC_REPRESENTATION_CONTEXT(2) 
PARAMETRIC_REPRESENTATION_CONTEXT() REPRESENTATION_CONTEXT('2D SPACE',''
  ) );
#703 = PCURVE('',#704,#709);
#704 = PLANE('',#705);
#705 = AXIS2_PLACEMENT_3D('',#706,#707,#708);
#706 = CARTESIAN_POINT('',(166.,3.,3.));
#707 = DIRECTION('',(1.,0.,1.110223024625E-16));
#708 = DIRECTION('',(1.110223024625E-16,0.,-1.));
#709 = DEFINITIONAL_REPRESENTATION('',(#710),#714);
#710 = CIRCLE('',#711,2.65);
#711 = AXIS2_PLACEMENT_2D('',#712,#713);
#712 = CARTESIAN_POINT('',(4.440892098501E-16,0.));
#713 = DIRECTION('',(1.,0.));
#714 = ( GEOMETRIC_REPRESENTATION_CONTEXT(2) 
PARAMETRIC_REPRESENTATION_CONTEXT() REPRESENTATION_CONTEXT('2D SPACE',''
  ) );
#715 = ADVANCED_FACE('',(#716),#630,.F.);
#716 = FACE_BOUND('',#717,.F.);
#717 = EDGE_LOOP('',(#718));
#718 = ORIENTED_EDGE('',*,*,#613,.T.);
#719 = ADVANCED_FACE('',(#720),#704,.T.);
#720 = FACE_BOUND('',#721,.T.);
#721 = EDGE_LOOP('',(#722));
#722 = ORIENTED_EDGE('',*,*,#689,.T.);
#723 = ( GEOMETRIC_REPRESENTATION_CONTEXT(3) 
GLOBAL_UNCERTAINTY_ASSIGNED_CONTEXT((#727)) GLOBAL_UNIT_ASSIGNED_CONTEXT
((#724,#725,#726)) REPRESENTATION_CONTEXT('Context #1',
  '3D Context with UNIT and UNCERTAINTY') );
#724 = ( LENGTH_UNIT() NAMED_UNIT(*) SI_UNIT(.MILLI.,.METRE.) );
#725 = ( NAMED_UNIT(*) PLANE_ANGLE_UNIT() SI_UNIT($,.RADIAN.) );
#726 = ( NAMED_UNIT(*) SI_UNIT($,.STERADIAN.) SOLID_ANGLE_UNIT() );
#727 = UNCERTAINTY_MEASURE_WITH_UNIT(LENGTH_MEASURE(1.E-07),#724,
  'distance_accuracy_value','confusion accuracy');
#728 = CONTEXT_DEPENDENT_SHAPE_REPRESENTATION(#729,#731);
#729 = ( REPRESENTATION_RELATIONSHIP('','',#518,#10) 
REPRESENTATION_RELATIONSHIP_WITH_TRANSFORMATION(#730) 
SHAPE_REPRESENTATION_RELATIONSHIP() );
#730 = ITEM_DEFINED_TRANSFORMATION('','',#11,#23);
#731 = PRODUCT_DEFINITION_SHAPE('Placement','Placement of an item',#732
  );
#732 = NEXT_ASSEMBLY_USAGE_OCCURRENCE('3','','',#5,#513,$);
#733 = PRODUCT_RELATED_PRODUCT_CATEGORY('part',$,(#515));
#734 = SHAPE_DEFINITION_REPRESENTATION(#735,#741);
#735 = PRODUCT_DEFINITION_SHAPE('','',#736);
#736 = PRODUCT_DEFINITION('design','',#737,#740);
#737 = PRODUCT_DEFINITION_FORMATION('','',#738);
#738 = PRODUCT('Open CASCADE STEP translator 7.8 1.4',
  'Open CASCADE STEP translator 7.8 1.4','',(#739));
#739 = PRODUCT_CONTEXT('',#2,'mechanical');
#740 = PRODUCT_DEFINITION_CONTEXT('part definition',#2,'design');
#741 = ADVANCED_BREP_SHAPE_REPRESENTATION('',(#11,#742),#946);
#742 = MANIFOLD_SOLID_BREP('',#743);
#743 = CLOSED_SHELL('',(#744,#832,#885,#938,#942));
#744 = ADVANCED_FACE('',(#745),#758,.T.);
#745 = FACE_BOUND('',#746,.T.);
#746 = EDGE_LOOP('',(#747,#781,#804,#831));
#747 = ORIENTED_EDGE('',*,*,#748,.T.);
#748 = EDGE_CURVE('',#749,#749,#751,.T.);
#749 = VERTEX_POINT('',#750);
#750 = CARTESIAN_POINT('',(0.35,15.,0.));
#751 = SURFACE_CURVE('',#752,(#757,#769),.PCURVE_S1.);
#752 = CIRCLE('',#753,3.);
#753 = AXIS2_PLACEMENT_3D('',#754,#755,#756);
#754 = CARTESIAN_POINT('',(0.35,15.,3.));
#755 = DIRECTION('',(1.,-0.,1.110223024625E-16));
#756 = DIRECTION('',(1.110223024625E-16,0.,-1.));
#757 = PCURVE('',#758,#763);
#758 = CYLINDRICAL_SURFACE('',#759,3.);
#759 = AXIS2_PLACEMENT_3D('',#760,#761,#762);
#760 = CARTESIAN_POINT('',(2.942091015257E-16,15.,3.));
#761 = DIRECTION('',(-1.,-0.,-1.110223024625E-16));
#762 = DIRECTION('',(1.110223024625E-16,0.,-1.));
#763 = DEFINITIONAL_REPRESENTATION('',(#764),#768);
#764 = LINE('',#765,#766);
#765 = CARTESIAN_POINT('',(6.28318530718,-0.35));
#766 = VECTOR('',#767,1.);
#767 = DIRECTION('',(-1.,0.));
#768 = ( GEOMETRIC_REPRESENTATION_CONTEXT(2) 
PARAMETRIC_REPRESENTATION_CONTEXT() REPRESENTATION_CONTEXT('2D SPACE',''
  ) );
#769 = PCURVE('',#770,#775);
#770 = CONICAL_SURFACE('',#771,3.,0.785398163397);
#771 = AXIS2_PLACEMENT_3D('',#772,#773,#774);
#772 = CARTESIAN_POINT('',(0.35,15.,3.));
#773 = DIRECTION('',(1.,0.,1.110223024625E-16));
#774 = DIRECTION('',(1.110223024625E-16,0.,-1.));
#775 = DEFINITIONAL_REPRESENTATION('',(#776),#780);
#776 = LINE('',#777,#778);
#777 = CARTESIAN_POINT('',(0.,0.));
#778 = VECTOR('',#779,1.);
#779 = DIRECTION('',(1.,-0.));
#780 = ( GEOMETRIC_REPRESENTATION_CONTEXT(2) 
PARAMETRIC_REPRESENTATION_CONTEXT() REPRESENTATION_CONTEXT('2D SPACE',''
  ) );
#781 = ORIENTED_EDGE('',*,*,#782,.T.);
#782 = EDGE_CURVE('',#749,#783,#785,.T.);
#783 = VERTEX_POINT('',#784);
#784 = CARTESIAN_POINT('',(49.65,15.,5.329070518201E-15));
#785 = SEAM_CURVE('',#786,(#790,#797),.PCURVE_S1.);
#786 = LINE('',#787,#788);
#787 = CARTESIAN_POINT('',(6.272760089132E-16,15.,0.));
#788 = VECTOR('',#789,1.);
#789 = DIRECTION('',(1.,0.,1.110223024625E-16));
#790 = PCURVE('',#758,#791);
#791 = DEFINITIONAL_REPRESENTATION('',(#792),#796);
#792 = LINE('',#793,#794);
#793 = CARTESIAN_POINT('',(-4.138911435803E-13,0.));
#794 = VECTOR('',#795,1.);
#795 = DIRECTION('',(-0.,-1.));
#796 = ( GEOMETRIC_REPRESENTATION_CONTEXT(2) 
PARAMETRIC_REPRESENTATION_CONTEXT() REPRESENTATION_CONTEXT('2D SPACE',''
  ) );
#797 = PCURVE('',#758,#798);
#798 = DEFINITIONAL_REPRESENTATION('',(#799),#803);
#799 = LINE('',#800,#801);
#800 = CARTESIAN_POINT('',(6.28318530718,0.));
#801 = VECTOR('',#802,1.);
#802 = DIRECTION('',(-0.,-1.));
#803 = ( GEOMETRIC_REPRESENTATION_CONTEXT(2) 
PARAMETRIC_REPRESENTATION_CONTEXT() REPRESENTATION_CONTEXT('2D SPACE',''
  ) );
#804 = ORIENTED_EDGE('',*,*,#805,.F.);
#805 = EDGE_CURVE('',#783,#783,#806,.T.);
#806 = SURFACE_CURVE('',#807,(#812,#819),.PCURVE_S1.);
#807 = CIRCLE('',#808,3.);
#808 = AXIS2_PLACEMENT_3D('',#809,#810,#811);
#809 = CARTESIAN_POINT('',(49.65,15.,3.));
#810 = DIRECTION('',(1.,-0.,1.110223024625E-16));
#811 = DIRECTION('',(1.110223024625E-16,0.,-1.));
#812 = PCURVE('',#758,#813);
#813 = DEFINITIONAL_REPRESENTATION('',(#814),#818);
#814 = LINE('',#815,#816);
#815 = CARTESIAN_POINT('',(6.28318530718,-49.65));
#816 = VECTOR('',#817,1.);
#817 = DIRECTION('',(-1.,0.));
#818 = ( GEOMETRIC_REPRESENTATION_CONTEXT(2) 
PARAMETRIC_REPRESENTATION_CONTEXT() REPRESENTATION_CONTEXT('2D SPACE',''
  ) );
#819 = PCURVE('',#820,#825);
#820 = CONICAL_SURFACE('',#821,3.,0.785398163397);
#821 = AXIS2_PLACEMENT_3D('',#822,#823,#824);
#822 = CARTESIAN_POINT('',(49.65,15.,3.));
#823 = DIRECTION('',(-1.,-0.,-1.110223024625E-16));
#824 = DIRECTION('',(1.110223024625E-16,0.,-1.));
#825 = DEFINITIONAL_REPRESENTATION('',(#826),#830);
#826 = LINE('',#827,#828);
#827 = CARTESIAN_POINT('',(6.28318530718,0.));
#828 = VECTOR('',#829,1.);
#829 = DIRECTION('',(-1.,0.));
#830 = ( GEOMETRIC_REPRESENTATION_CONTEXT(2) 
PARAMETRIC_REPRESENTATION_CONTEXT() REPRESENTATION_CONTEXT('2D SPACE',''
  ) );
#831 = ORIENTED_EDGE('',*,*,#782,.F.);
#832 = ADVANCED_FACE('',(#833),#770,.T.);
#833 = FACE_BOUND('',#834,.T.);
#834 = EDGE_LOOP('',(#835,#864,#883,#884));
#835 = ORIENTED_EDGE('',*,*,#836,.T.);
#836 = EDGE_CURVE('',#837,#837,#839,.T.);
#837 = VERTEX_POINT('',#838);
#838 = CARTESIAN_POINT('',(5.884182030513E-16,15.,0.35));
#839 = SURFACE_CURVE('',#840,(#845,#852),.PCURVE_S1.);
#840 = CIRCLE('',#841,2.65);
#841 = AXIS2_PLACEMENT_3D('',#842,#843,#844);
#842 = CARTESIAN_POINT('',(2.942091015257E-16,15.,3.));
#843 = DIRECTION('',(1.,-0.,1.110223024625E-16));
#844 = DIRECTION('',(1.110223024625E-16,0.,-1.));
#845 = PCURVE('',#770,#846);
#846 = DEFINITIONAL_REPRESENTATION('',(#847),#851);
#847 = LINE('',#848,#849);
#848 = CARTESIAN_POINT('',(0.,-0.35));
#849 = VECTOR('',#850,1.);
#850 = DIRECTION('',(1.,-0.));
#851 = ( GEOMETRIC_REPRESENTATION_CONTEXT(2) 
PARAMETRIC_REPRESENTATION_CONTEXT() REPRESENTATION_CONTEXT('2D SPACE',''
  ) );
#852 = PCURVE('',#853,#858);
#853 = PLANE('',#854);
#854 = AXIS2_PLACEMENT_3D('',#855,#856,#857);
#855 = CARTESIAN_POINT('',(2.942091015257E-16,15.,3.));
#856 = DIRECTION('',(1.,0.,1.110223024625E-16));
#857 = DIRECTION('',(1.110223024625E-16,0.,-1.));
#858 = DEFINITIONAL_REPRESENTATION('',(#859),#863);
#859 = CIRCLE('',#860,2.65);
#860 = AXIS2_PLACEMENT_2D('',#861,#862);
#861 = CARTESIAN_POINT('',(0.,0.));
#862 = DIRECTION('',(1.,0.));
#863 = ( GEOMETRIC_REPRESENTATION_CONTEXT(2) 
PARAMETRIC_REPRESENTATION_CONTEXT() REPRESENTATION_CONTEXT('2D SPACE',''
  ) );
#864 = ORIENTED_EDGE('',*,*,#865,.F.);
#865 = EDGE_CURVE('',#749,#837,#866,.T.);
#866 = SEAM_CURVE('',#867,(#871,#877),.PCURVE_S1.);
#867 = LINE('',#868,#869);
#868 = CARTESIAN_POINT('',(0.35,15.,0.));
#869 = VECTOR('',#870,1.);
#870 = DIRECTION('',(-0.707106781187,-0.,0.707106781187));
#871 = PCURVE('',#770,#872);
#872 = DEFINITIONAL_REPRESENTATION('',(#873),#876);
#873 = B_SPLINE_CURVE_WITH_KNOTS('',1,(#874,#875),.UNSPECIFIED.,.F.,.F.,
  (2,2),(0.,0.494974746831),.PIECEWISE_BEZIER_KNOTS.);
#874 = CARTESIAN_POINT('',(6.28318530718,0.));
#875 = CARTESIAN_POINT('',(6.28318530718,-0.35));
#876 = ( GEOMETRIC_REPRESENTATION_CONTEXT(2) 
PARAMETRIC_REPRESENTATION_CONTEXT() REPRESENTATION_CONTEXT('2D SPACE',''
  ) );
#877 = PCURVE('',#770,#878);
#878 = DEFINITIONAL_REPRESENTATION('',(#879),#882);
#879 = B_SPLINE_CURVE_WITH_KNOTS('',1,(#880,#881),.UNSPECIFIED.,.F.,.F.,
  (2,2),(0.,0.494974746831),.PIECEWISE_BEZIER_KNOTS.);
#880 = CARTESIAN_POINT('',(4.138911435803E-13,0.));
#881 = CARTESIAN_POINT('',(4.138911435803E-13,-0.35));
#882 = ( GEOMETRIC_REPRESENTATION_CONTEXT(2) 
PARAMETRIC_REPRESENTATION_CONTEXT() REPRESENTATION_CONTEXT('2D SPACE',''
  ) );
#883 = ORIENTED_EDGE('',*,*,#748,.F.);
#884 = ORIENTED_EDGE('',*,*,#865,.T.);
#885 = ADVANCED_FACE('',(#886),#820,.T.);
#886 = FACE_BOUND('',#887,.T.);
#887 = EDGE_LOOP('',(#888,#909,#910,#911));
#888 = ORIENTED_EDGE('',*,*,#889,.F.);
#889 = EDGE_CURVE('',#783,#890,#892,.T.);
#890 = VERTEX_POINT('',#891);
#891 = CARTESIAN_POINT('',(50.,15.,0.35));
#892 = SEAM_CURVE('',#893,(#897,#903),.PCURVE_S1.);
#893 = LINE('',#894,#895);
#894 = CARTESIAN_POINT('',(49.65,15.,5.329070518201E-15));
#895 = VECTOR('',#896,1.);
#896 = DIRECTION('',(0.707106781187,0.,0.707106781187));
#897 = PCURVE('',#820,#898);
#898 = DEFINITIONAL_REPRESENTATION('',(#899),#902);
#899 = B_SPLINE_CURVE_WITH_KNOTS('',1,(#900,#901),.UNSPECIFIED.,.F.,.F.,
  (2,2),(0.,0.494974746831),.PIECEWISE_BEZIER_KNOTS.);
#900 = CARTESIAN_POINT('',(6.28318530718,0.));
#901 = CARTESIAN_POINT('',(6.28318530718,-0.35));
#902 = ( GEOMETRIC_REPRESENTATION_CONTEXT(2) 
PARAMETRIC_REPRESENTATION_CONTEXT() REPRESENTATION_CONTEXT('2D SPACE',''
  ) );
#903 = PCURVE('',#820,#904);
#904 = DEFINITIONAL_REPRESENTATION('',(#905),#908);
#905 = B_SPLINE_CURVE_WITH_KNOTS('',1,(#906,#907),.UNSPECIFIED.,.F.,.F.,
  (2,2),(0.,0.494974746831),.PIECEWISE_BEZIER_KNOTS.);
#906 = CARTESIAN_POINT('',(-4.138911435803E-13,0.));
#907 = CARTESIAN_POINT('',(-4.138911435803E-13,-0.35));
#908 = ( GEOMETRIC_REPRESENTATION_CONTEXT(2) 
PARAMETRIC_REPRESENTATION_CONTEXT() REPRESENTATION_CONTEXT('2D SPACE',''
  ) );
#909 = ORIENTED_EDGE('',*,*,#805,.T.);
#910 = ORIENTED_EDGE('',*,*,#889,.T.);
#911 = ORIENTED_EDGE('',*,*,#912,.F.);
#912 = EDGE_CURVE('',#890,#890,#913,.T.);
#913 = SURFACE_CURVE('',#914,(#919,#926),.PCURVE_S1.);
#914 = CIRCLE('',#915,2.65);
#915 = AXIS2_PLACEMENT_3D('',#916,#917,#918);
#916 = CARTESIAN_POINT('',(50.,15.,3.));
#917 = DIRECTION('',(1.,-0.,1.110223024625E-16));
#918 = DIRECTION('',(1.110223024625E-16,0.,-1.));
#919 = PCURVE('',#820,#920);
#920 = DEFINITIONAL_REPRESENTATION('',(#921),#925);
#921 = LINE('',#922,#923);
#922 = CARTESIAN_POINT('',(6.28318530718,-0.35));
#923 = VECTOR('',#924,1.);
#924 = DIRECTION('',(-1.,0.));
#925 = ( GEOMETRIC_REPRESENTATION_CONTEXT(2) 
PARAMETRIC_REPRESENTATION_CONTEXT() REPRESENTATION_CONTEXT('2D SPACE',''
  ) );
#926 = PCURVE('',#927,#932);
#927 = PLANE('',#928);
#928 = AXIS2_PLACEMENT_3D('',#929,#930,#931);
#929 = CARTESIAN_POINT('',(50.,15.,3.));
#930 = DIRECTION('',(1.,0.,1.110223024625E-16));
#931 = DIRECTION('',(1.110223024625E-16,0.,-1.));
#932 = DEFINITIONAL_REPRESENTATION('',(#933),#937);
#933 = CIRCLE('',#934,2.65);
#934 = AXIS2_PLACEMENT_2D('',#935,#936);
#935 = CARTESIAN_POINT('',(4.440892098501E-16,0.));
#936 = DIRECTION('',(1.,0.));
#937 = ( GEOMETRIC_REPRESENTATION_CONTEXT(2) 
PARAMETRIC_REPRESENTATION_CONTEXT() REPRESENTATION_CONTEXT('2D SPACE',''
  ) );
#938 = ADVANCED_FACE('',(#939),#853,.F.);
#939 = FACE_BOUND('',#940,.F.);
#940 = EDGE_LOOP('',(#941));
#941 = ORIENTED_EDGE('',*,*,#836,.T.);
#942 = ADVANCED_FACE('',(#943),#927,.T.);
#943 = FACE_BOUND('',#944,.T.);
#944 = EDGE_LOOP('',(#945));
#945 = ORIENTED_EDGE('',*,*,#912,.T.);
#946 = ( GEOMETRIC_REPRESENTATION_CONTEXT(3) 
GLOBAL_UNCERTAINTY_ASSIGNED_CONTEXT((#950)) GLOBAL_UNIT_ASSIGNED_CONTEXT
((#947,#948,#949)) REPRESENTATION_CONTEXT('Context #1',
  '3D Context with UNIT and UNCERTAINTY') );
#947 = ( LENGTH_UNIT() NAMED_UNIT(*) SI_UNIT(.MILLI.,.METRE.) );
#948 = ( NAMED_UNIT(*) PLANE_ANGLE_UNIT() SI_UNIT($,.RADIAN.) );
#949 = ( NAMED_UNIT(*) SI_UNIT($,.STERADIAN.) SOLID_ANGLE_UNIT() );
#950 = UNCERTAINTY_MEASURE_WITH_UNIT(LENGTH_MEASURE(1.E-07),#947,
  'distance_accuracy_value','confusion accuracy');
#951 = CONTEXT_DEPENDENT_SHAPE_REPRESENTATION(#952,#954);
#952 = ( REPRESENTATION_RELATIONSHIP('','',#741,#10) 
REPRESENTATION_RELATIONSHIP_WITH_TRANSFORMATION(#953) 
SHAPE_REPRESENTATION_RELATIONSHIP() );
#953 = ITEM_DEFINED_TRANSFORMATION('','',#11,#27);
#954 = PRODUCT_DEFINITION_SHAPE('Placement','Placement of an item',#955
  );
#955 = NEXT_ASSEMBLY_USAGE_OCCURRENCE('4','','',#5,#736,$);
#956 = PRODUCT_RELATED_PRODUCT_CATEGORY('part',$,(#738));
#957 = SHAPE_DEFINITION_REPRESENTATION(#958,#964);
#958 = PRODUCT_DEFINITION_SHAPE('','',#959);
#959 = PRODUCT_DEFINITION('design','',#960,#963);
#960 = PRODUCT_DEFINITION_FORMATION('','',#961);
#961 = PRODUCT('Open CASCADE STEP translator 7.8 1.5',
  'Open CASCADE STEP translator 7.8 1.5','',(#962));
#962 = PRODUCT_CONTEXT('',#2,'mechanical');
#963 = PRODUCT_DEFINITION_CONTEXT('part definition',#2,'design');
#964 = ADVANCED_BREP_SHAPE_REPRESENTATION('',(#11,#965),#1169);
#965 = MANIFOLD_SOLID_BREP('',#966);
#966 = CLOSED_SHELL('',(#967,#1055,#1108,#1161,#1165));
#967 = ADVANCED_FACE('',(#968),#981,.T.);
#968 = FACE_BOUND('',#969,.T.);
#969 = EDGE_LOOP('',(#970,#1004,#1027,#1054));
#970 = ORIENTED_EDGE('',*,*,#971,.T.);
#971 = EDGE_CURVE('',#972,#972,#974,.T.);
#972 = VERTEX_POINT('',#973);
#973 = CARTESIAN_POINT('',(58.35,15.,0.));
#974 = SURFACE_CURVE('',#975,(#980,#992),.PCURVE_S1.);
#975 = CIRCLE('',#976,3.);
#976 = AXIS2_PLACEMENT_3D('',#977,#978,#979);
#977 = CARTESIAN_POINT('',(58.35,15.,3.));
#978 = DIRECTION('',(1.,-0.,1.110223024625E-16));
#979 = DIRECTION('',(1.110223024625E-16,0.,-1.));
#980 = PCURVE('',#981,#986);
#981 = CYLINDRICAL_SURFACE('',#982,3.);
#982 = AXIS2_PLACEMENT_3D('',#983,#984,#985);
#983 = CARTESIAN_POINT('',(58.,15.,3.));
#984 = DIRECTION('',(-1.,-0.,-1.110223024625E-16));
#985 = DIRECTION('',(1.110223024625E-16,0.,-1.));
#986 = DEFINITIONAL_REPRESENTATION('',(#987),#991);
#987 = LINE('',#988,#989);
#988 = CARTESIAN_POINT('',(6.28318530718,-0.35));
#989 = VECTOR('',#990,1.);
#990 = DIRECTION('',(-1.,0.));
#991 = ( GEOMETRIC_REPRESENTATION_CONTEXT(2) 
PARAMETRIC_REPRESENTATION_CONTEXT() REPRESENTATION_CONTEXT('2D SPACE',''
  ) );
#992 = PCURVE('',#993,#998);
#993 = CONICAL_SURFACE('',#994,3.,0.785398163397);
#994 = AXIS2_PLACEMENT_3D('',#995,#996,#997);
#995 = CARTESIAN_POINT('',(58.35,15.,3.));
#996 = DIRECTION('',(1.,0.,1.110223024625E-16));
#997 = DIRECTION('',(1.110223024625E-16,0.,-1.));
#998 = DEFINITIONAL_REPRESENTATION('',(#999),#1003);
#999 = LINE('',#1000,#1001);
#1000 = CARTESIAN_POINT('',(0.,0.));
#1001 = VECTOR('',#1002,1.);
#1002 = DIRECTION('',(1.,-0.));
#1003 = ( GEOMETRIC_REPRESENTATION_CONTEXT(2) 
PARAMETRIC_REPRESENTATION_CONTEXT() REPRESENTATION_CONTEXT('2D SPACE',''
  ) );
#1004 = ORIENTED_EDGE('',*,*,#1005,.T.);
#1005 = EDGE_CURVE('',#972,#1006,#1008,.T.);
#1006 = VERTEX_POINT('',#1007);
#1007 = CARTESIAN_POINT('',(107.65,15.,5.329070518201E-15));
#1008 = SEAM_CURVE('',#1009,(#1013,#1020),.PCURVE_S1.);
#1009 = LINE('',#1010,#1011);
#1010 = CARTESIAN_POINT('',(58.,15.,0.));
#1011 = VECTOR('',#1012,1.);
#1012 = DIRECTION('',(1.,0.,1.110223024625E-16));
#1013 = PCURVE('',#981,#1014);
#1014 = DEFINITIONAL_REPRESENTATION('',(#1015),#1019);
#1015 = LINE('',#1016,#1017);
#1016 = CARTESIAN_POINT('',(-4.138911435803E-13,0.));
#1017 = VECTOR('',#1018,1.);
#1018 = DIRECTION('',(-0.,-1.));
#1019 = ( GEOMETRIC_REPRESENTATION_CONTEXT(2) 
PARAMETRIC_REPRESENTATION_CONTEXT() REPRESENTATION_CONTEXT('2D SPACE',''
  ) );
#1020 = PCURVE('',#981,#1021);
#1021 = DEFINITIONAL_REPRESENTATION('',(#1022),#1026);
#1022 = LINE('',#1023,#1024);
#1023 = CARTESIAN_POINT('',(6.28318530718,0.));
#1024 = VECTOR('',#1025,1.);
#1025 = DIRECTION('',(-0.,-1.));
#1026 = ( GEOMETRIC_REPRESENTATION_CONTEXT(2) 
PARAMETRIC_REPRESENTATION_CONTEXT() REPRESENTATION_CONTEXT('2D SPACE',''
  ) );
#1027 = ORIENTED_EDGE('',*,*,#1028,.F.);
#1028 = EDGE_CURVE('',#1006,#1006,#1029,.T.);
#1029 = SURFACE_CURVE('',#1030,(#1035,#1042),.PCURVE_S1.);
#1030 = CIRCLE('',#1031,3.);
#1031 = AXIS2_PLACEMENT_3D('',#1032,#1033,#1034);
#1032 = CARTESIAN_POINT('',(107.65,15.,3.));
#1033 = DIRECTION('',(1.,-0.,1.110223024625E-16));
#1034 = DIRECTION('',(1.110223024625E-16,0.,-1.));
#1035 = PCURVE('',#981,#1036);
#1036 = DEFINITIONAL_REPRESENTATION('',(#1037),#1041);
#1037 = LINE('',#1038,#1039);
#1038 = CARTESIAN_POINT('',(6.28318530718,-49.65));
#1039 = VECTOR('',#1040,1.);
#1040 = DIRECTION('',(-1.,0.));
#1041 = ( GEOMETRIC_REPRESENTATION_CONTEXT(2) 
PARAMETRIC_REPRESENTATION_CONTEXT() REPRESENTATION_CONTEXT('2D SPACE',''
  ) );
#1042 = PCURVE('',#1043,#1048);
#1043 = CONICAL_SURFACE('',#1044,3.,0.785398163397);
#1044 = AXIS2_PLACEMENT_3D('',#1045,#1046,#1047);
#1045 = CARTESIAN_POINT('',(107.65,15.,3.));
#1046 = DIRECTION('',(-1.,-0.,-1.110223024625E-16));
#1047 = DIRECTION('',(1.110223024625E-16,0.,-1.));
#1048 = DEFINITIONAL_REPRESENTATION('',(#1049),#1053);
#1049 = LINE('',#1050,#1051);
#1050 = CARTESIAN_POINT('',(6.28318530718,0.));
#1051 = VECTOR('',#1052,1.);
#1052 = DIRECTION('',(-1.,0.));
#1053 = ( GEOMETRIC_REPRESENTATION_CONTEXT(2) 
PARAMETRIC_REPRESENTATION_CONTEXT() REPRESENTATION_CONTEXT('2D SPACE',''
  ) );
#1054 = ORIENTED_EDGE('',*,*,#1005,.F.);
#1055 = ADVANCED_FACE('',(#1056),#993,.T.);
#1056 = FACE_BOUND('',#1057,.T.);
#1057 = EDGE_LOOP('',(#1058,#1087,#1106,#1107));
#1058 = ORIENTED_EDGE('',*,*,#1059,.T.);
#1059 = EDGE_CURVE('',#1060,#1060,#1062,.T.);
#1060 = VERTEX_POINT('',#1061);
#1061 = CARTESIAN_POINT('',(58.,15.,0.35));
#1062 = SURFACE_CURVE('',#1063,(#1068,#1075),.PCURVE_S1.);
#1063 = CIRCLE('',#1064,2.65);
#1064 = AXIS2_PLACEMENT_3D('',#1065,#1066,#1067);
#1065 = CARTESIAN_POINT('',(58.,15.,3.));
#1066 = DIRECTION('',(1.,-0.,1.110223024625E-16));
#1067 = DIRECTION('',(1.110223024625E-16,0.,-1.));
#1068 = PCURVE('',#993,#1069);
#1069 = DEFINITIONAL_REPRESENTATION('',(#1070),#1074);
#1070 = LINE('',#1071,#1072);
#1071 = CARTESIAN_POINT('',(0.,-0.35));
#1072 = VECTOR('',#1073,1.);
#1073 = DIRECTION('',(1.,-0.));
#1074 = ( GEOMETRIC_REPRESENTATION_CONTEXT(2) 
PARAMETRIC_REPRESENTATION_CONTEXT() REPRESENTATION_CONTEXT('2D SPACE',''
  ) );
#1075 = PCURVE('',#1076,#1081);
#1076 = PLANE('',#1077);
#1077 = AXIS2_PLACEMENT_3D('',#1078,#1079,#1080);
#1078 = CARTESIAN_POINT('',(58.,15.,3.));
#1079 = DIRECTION('',(1.,0.,1.110223024625E-16));
#1080 = DIRECTION('',(1.110223024625E-16,0.,-1.));
#1081 = DEFINITIONAL_REPRESENTATION('',(#1082),#1086);
#1082 = CIRCLE('',#1083,2.65);
#1083 = AXIS2_PLACEMENT_2D('',#1084,#1085);
#1084 = CARTESIAN_POINT('',(0.,0.));
#1085 = DIRECTION('',(1.,0.));
#1086 = ( GEOMETRIC_REPRESENTATION_CONTEXT(2) 
PARAMETRIC_REPRESENTATION_CONTEXT() REPRESENTATION_CONTEXT('2D SPACE',''
  ) );
#1087 = ORIENTED_EDGE('',*,*,#1088,.F.);
#1088 = EDGE_CURVE('',#972,#1060,#1089,.T.);
#1089 = SEAM_CURVE('',#1090,(#1094,#1100),.PCURVE_S1.);
#1090 = LINE('',#1091,#1092);
#1091 = CARTESIAN_POINT('',(58.35,15.,0.));
#1092 = VECTOR('',#1093,1.);
#1093 = DIRECTION('',(-0.707106781187,-0.,0.707106781187));
#1094 = PCURVE('',#993,#1095);
#1095 = DEFINITIONAL_REPRESENTATION('',(#1096),#1099);
#1096 = B_SPLINE_CURVE_WITH_KNOTS('',1,(#1097,#1098),.UNSPECIFIED.,.F.,
  .F.,(2,2),(0.,0.494974746831),.PIECEWISE_BEZIER_KNOTS.);
#1097 = CARTESIAN_POINT('',(6.28318530718,0.));
#1098 = CARTESIAN_POINT('',(6.28318530718,-0.35));
#1099 = ( GEOMETRIC_REPRESENTATION_CONTEXT(2) 
PARAMETRIC_REPRESENTATION_CONTEXT() REPRESENTATION_CONTEXT('2D SPACE',''
  ) );
#1100 = PCURVE('',#993,#1101);
#1101 = DEFINITIONAL_REPRESENTATION('',(#1102),#1105);
#1102 = B_SPLINE_CURVE_WITH_KNOTS('',1,(#1103,#1104),.UNSPECIFIED.,.F.,
  .F.,(2,2),(0.,0.494974746831),.PIECEWISE_BEZIER_KNOTS.);
#1103 = CARTESIAN_POINT('',(4.138911435803E-13,0.));
#1104 = CARTESIAN_POINT('',(4.138911435803E-13,-0.35));
#1105 = ( GEOMETRIC_REPRESENTATION_CONTEXT(2) 
PARAMETRIC_REPRESENTATION_CONTEXT() REPRESENTATION_CONTEXT('2D SPACE',''
  ) );
#1106 = ORIENTED_EDGE('',*,*,#971,.F.);
#1107 = ORIENTED_EDGE('',*,*,#1088,.T.);
#1108 = ADVANCED_FACE('',(#1109),#1043,.T.);
#1109 = FACE_BOUND('',#1110,.T.);
#1110 = EDGE_LOOP('',(#1111,#1132,#1133,#1134));
#1111 = ORIENTED_EDGE('',*,*,#1112,.F.);
#1112 = EDGE_CURVE('',#1006,#1113,#1115,.T.);
#1113 = VERTEX_POINT('',#1114);
#1114 = CARTESIAN_POINT('',(108.,15.,0.35));
#1115 = SEAM_CURVE('',#1116,(#1120,#1126),.PCURVE_S1.);
#1116 = LINE('',#1117,#1118);
#1117 = CARTESIAN_POINT('',(107.65,15.,5.329070518201E-15));
#1118 = VECTOR('',#1119,1.);
#1119 = DIRECTION('',(0.707106781187,0.,0.707106781187));
#1120 = PCURVE('',#1043,#1121);
#1121 = DEFINITIONAL_REPRESENTATION('',(#1122),#1125);
#1122 = B_SPLINE_CURVE_WITH_KNOTS('',1,(#1123,#1124),.UNSPECIFIED.,.F.,
  .F.,(2,2),(0.,0.494974746831),.PIECEWISE_BEZIER_KNOTS.);
#1123 = CARTESIAN_POINT('',(6.28318530718,0.));
#1124 = CARTESIAN_POINT('',(6.28318530718,-0.35));
#1125 = ( GEOMETRIC_REPRESENTATION_CONTEXT(2) 
PARAMETRIC_REPRESENTATION_CONTEXT() REPRESENTATION_CONTEXT('2D SPACE',''
  ) );
#1126 = PCURVE('',#1043,#1127);
#1127 = DEFINITIONAL_REPRESENTATION('',(#1128),#1131);
#1128 = B_SPLINE_CURVE_WITH_KNOTS('',1,(#1129,#1130),.UNSPECIFIED.,.F.,
  .F.,(2,2),(0.,0.494974746831),.PIECEWISE_BEZIER_KNOTS.);
#1129 = CARTESIAN_POINT('',(-4.138911435803E-13,0.));
#1130 = CARTESIAN_POINT('',(-4.138911435803E-13,-0.35));
#1131 = ( GEOMETRIC_REPRESENTATION_CONTEXT(2) 
PARAMETRIC_REPRESENTATION_CONTEXT() REPRESENTATION_CONTEXT('2D SPACE',''
  ) );
#1132 = ORIENTED_EDGE('',*,*,#1028,.T.);
#1133 = ORIENTED_EDGE('',*,*,#1112,.T.);
#1134 = ORIENTED_EDGE('',*,*,#1135,.F.);
#1135 = EDGE_CURVE('',#1113,#1113,#1136,.T.);
#1136 = SURFACE_CURVE('',#1137,(#1142,#1149),.PCURVE_S1.);
#1137 = CIRCLE('',#1138,2.65);
#1138 = AXIS2_PLACEMENT_3D('',#1139,#1140,#1141);
#1139 = CARTESIAN_POINT('',(108.,15.,3.));
#1140 = DIRECTION('',(1.,-0.,1.110223024625E-16));
#1141 = DIRECTION('',(1.110223024625E-16,0.,-1.));
#1142 = PCURVE('',#1043,#1143);
#1143 = DEFINITIONAL_REPRESENTATION('',(#1144),#1148);
#1144 = LINE('',#1145,#1146);
#1145 = CARTESIAN_POINT('',(6.28318530718,-0.35));
#1146 = VECTOR('',#1147,1.);
#1147 = DIRECTION('',(-1.,0.));
#1148 = ( GEOMETRIC_REPRESENTATION_CONTEXT(2) 
PARAMETRIC_REPRESENTATION_CONTEXT() REPRESENTATION_CONTEXT('2D SPACE',''
  ) );
#1149 = PCURVE('',#1150,#1155);
#1150 = PLANE('',#1151);
#1151 = AXIS2_PLACEMENT_3D('',#1152,#1153,#1154);
#1152 = CARTESIAN_POINT('',(108.,15.,3.));
#1153 = DIRECTION('',(1.,0.,1.110223024625E-16));
#1154 = DIRECTION('',(1.110223024625E-16,0.,-1.));
#1155 = DEFINITIONAL_REPRESENTATION('',(#1156),#1160);
#1156 = CIRCLE('',#1157,2.65);
#1157 = AXIS2_PLACEMENT_2D('',#1158,#1159);
#1158 = CARTESIAN_POINT('',(4.440892098501E-16,0.));
#1159 = DIRECTION('',(1.,0.));
#1160 = ( GEOMETRIC_REPRESENTATION_CONTEXT(2) 
PARAMETRIC_REPRESENTATION_CONTEXT() REPRESENTATION_CONTEXT('2D SPACE',''
  ) );
#1161 = ADVANCED_FACE('',(#1162),#1076,.F.);
#1162 = FACE_BOUND('',#1163,.F.);
#1163 = EDGE_LOOP('',(#1164));
#1164 = ORIENTED_EDGE('',*,*,#1059,.T.);
#1165 = ADVANCED_FACE('',(#1166),#1150,.T.);
#1166 = FACE_BOUND('',#1167,.T.);
#1167 = EDGE_LOOP('',(#1168));
#1168 = ORIENTED_EDGE('',*,*,#1135,.T.);
#1169 = ( GEOMETRIC_REPRESENTATION_CONTEXT(3) 
GLOBAL_UNCERTAINTY_ASSIGNED_CONTEXT((#1173)) 
GLOBAL_UNIT_ASSIGNED_CONTEXT((#1170,#1171,#1172)) REPRESENTATION_CONTEXT
('Context #1','3D Context with UNIT and UNCERTAINTY') );
#1170 = ( LENGTH_UNIT() NAMED_UNIT(*) SI_UNIT(.MILLI.,.METRE.) );
#1171 = ( NAMED_UNIT(*) PLANE_ANGLE_UNIT() SI_UNIT($,.RADIAN.) );
#1172 = ( NAMED_UNIT(*) SI_UNIT($,.STERADIAN.) SOLID_ANGLE_UNIT() );
#1173 = UNCERTAINTY_MEASURE_WITH_UNIT(LENGTH_MEASURE(1.E-07),#1170,
  'distance_accuracy_value','confusion accuracy');
#1174 = CONTEXT_DEPENDENT_SHAPE_REPRESENTATION(#1175,#1177);
#1175 = ( REPRESENTATION_RELATIONSHIP('','',#964,#10) 
REPRESENTATION_RELATIONSHIP_WITH_TRANSFORMATION(#1176) 
SHAPE_REPRESENTATION_RELATIONSHIP() );
#1176 = ITEM_DEFINED_TRANSFORMATION('','',#11,#31);
#1177 = PRODUCT_DEFINITION_SHAPE('Placement','Placement of an item',
  #1178);
#1178 = NEXT_ASSEMBLY_USAGE_OCCURRENCE('5','','',#5,#959,$);
#1179 = PRODUCT_RELATED_PRODUCT_CATEGORY('part',$,(#961));
#1180 = SHAPE_DEFINITION_REPRESENTATION(#1181,#1187);
#1181 = PRODUCT_DEFINITION_SHAPE('','',#1182);
#1182 = PRODUCT_DEFINITION('design','',#1183,#1186);
#1183 = PRODUCT_DEFINITION_FORMATION('','',#1184);
#1184 = PRODUCT('Open CASCADE STEP translator 7.8 1.6',
  'Open CASCADE STEP translator 7.8 1.6','',(#1185));
#1185 = PRODUCT_CONTEXT('',#2,'mechanical');
#1186 = PRODUCT_DEFINITION_CONTEXT('part definition',#2,'design');
#1187 = ADVANCED_BREP_SHAPE_REPRESENTATION('',(#11,#1188),#1392);
#1188 = MANIFOLD_SOLID_BREP('',#1189);
#1189 = CLOSED_SHELL('',(#1190,#1278,#1331,#1384,#1388));
#1190 = ADVANCED_FACE('',(#1191),#1204,.T.);
#1191 = FACE_BOUND('',#1192,.T.);
#1192 = EDGE_LOOP('',(#1193,#1227,#1250,#1277));
#1193 = ORIENTED_EDGE('',*,*,#1194,.T.);
#1194 = EDGE_CURVE('',#1195,#1195,#1197,.T.);
#1195 = VERTEX_POINT('',#1196);
#1196 = CARTESIAN_POINT('',(116.35,15.,0.));
#1197 = SURFACE_CURVE('',#1198,(#1203,#1215),.PCURVE_S1.);
#1198 = CIRCLE('',#1199,3.);
#1199 = AXIS2_PLACEMENT_3D('',#1200,#1201,#1202);
#1200 = CARTESIAN_POINT('',(116.35,15.,3.));
#1201 = DIRECTION('',(1.,-0.,1.110223024625E-16));
#1202 = DIRECTION('',(1.110223024625E-16,0.,-1.));
#1203 = PCURVE('',#1204,#1209);
#1204 = CYLINDRICAL_SURFACE('',#1205,3.);
#1205 = AXIS2_PLACEMENT_3D('',#1206,#1207,#1208);
#1206 = CARTESIAN_POINT('',(116.,15.,3.));
#1207 = DIRECTION('',(-1.,-0.,-1.110223024625E-16));
#1208 = DIRECTION('',(1.110223024625E-16,0.,-1.));
#1209 = DEFINITIONAL_REPRESENTATION('',(#1210),#1214);
#1210 = LINE('',#1211,#1212);
#1211 = CARTESIAN_POINT('',(6.28318530718,-0.35));
#1212 = VECTOR('',#1213,1.);
#1213 = DIRECTION('',(-1.,0.));
#1214 = ( GEOMETRIC_REPRESENTATION_CONTEXT(2) 
PARAMETRIC_REPRESENTATION_CONTEXT() REPRESENTATION_CONTEXT('2D SPACE',''
  ) );
#1215 = PCURVE('',#1216,#1221);
#1216 = CONICAL_SURFACE('',#1217,3.,0.785398163397);
#1217 = AXIS2_PLACEMENT_3D('',#1218,#1219,#1220);
#1218 = CARTESIAN_POINT('',(116.35,15.,3.));
#1219 = DIRECTION('',(1.,0.,1.110223024625E-16));
#1220 = DIRECTION('',(1.110223024625E-16,0.,-1.));
#1221 = DEFINITIONAL_REPRESENTATION('',(#1222),#1226);
#1222 = LINE('',#1223,#1224);
#1223 = CARTESIAN_POINT('',(0.,0.));
#1224 = VECTOR('',#1225,1.);
#1225 = DIRECTION('',(1.,-0.));
#1226 = ( GEOMETRIC_REPRESENTATION_CONTEXT(2) 
PARAMETRIC_REPRESENTATION_CONTEXT() REPRESENTATION_CONTEXT('2D SPACE',''
  ) );
#1227 = ORIENTED_EDGE('',*,*,#1228,.T.);
#1228 = EDGE_CURVE('',#1195,#1229,#1231,.T.);
#1229 = VERTEX_POINT('',#1230);
#1230 = CARTESIAN_POINT('',(165.65,15.,5.329070518201E-15));
#1231 = SEAM_CURVE('',#1232,(#1236,#1243),.PCURVE_S1.);
#1232 = LINE('',#1233,#1234);
#1233 = CARTESIAN_POINT('',(116.,15.,0.));
#1234 = VECTOR('',#1235,1.);
#1235 = DIRECTION('',(1.,0.,1.110223024625E-16));
#1236 = PCURVE('',#1204,#1237);
#1237 = DEFINITIONAL_REPRESENTATION('',(#1238),#1242);
#1238 = LINE('',#1239,#1240);
#1239 = CARTESIAN_POINT('',(-4.138911435803E-13,0.));
#1240 = VECTOR('',#1241,1.);
#1241 = DIRECTION('',(-0.,-1.));
#1242 = ( GEOMETRIC_REPRESENTATION_CONTEXT(2) 
PARAMETRIC_REPRESENTATION_CONTEXT() REPRESENTATION_CONTEXT('2D SPACE',''
  ) );
#1243 = PCURVE('',#1204,#1244);
#1244 = DEFINITIONAL_REPRESENTATION('',(#1245),#1249);
#1245 = LINE('',#1246,#1247);
#1246 = CARTESIAN_POINT('',(6.28318530718,0.));
#1247 = VECTOR('',#1248,1.);
#1248 = DIRECTION('',(-0.,-1.));
#1249 = ( GEOMETRIC_REPRESENTATION_CONTEXT(2) 
PARAMETRIC_REPRESENTATION_CONTEXT() REPRESENTATION_CONTEXT('2D SPACE',''
  ) );
#1250 = ORIENTED_EDGE('',*,*,#1251,.F.);
#1251 = EDGE_CURVE('',#1229,#1229,#1252,.T.);
#1252 = SURFACE_CURVE('',#1253,(#1258,#1265),.PCURVE_S1.);
#1253 = CIRCLE('',#1254,3.);
#1254 = AXIS2_PLACEMENT_3D('',#1255,#1256,#1257);
#1255 = CARTESIAN_POINT('',(165.65,15.,3.));
#1256 = DIRECTION('',(1.,-0.,1.110223024625E-16));
#1257 = DIRECTION('',(1.110223024625E-16,0.,-1.));
#1258 = PCURVE('',#1204,#1259);
#1259 = DEFINITIONAL_REPRESENTATION('',(#1260),#1264);
#1260 = LINE('',#1261,#1262);
#1261 = CARTESIAN_POINT('',(6.28318530718,-49.65));
#1262 = VECTOR('',#1263,1.);
#1263 = DIRECTION('',(-1.,0.));
#1264 = ( GEOMETRIC_REPRESENTATION_CONTEXT(2) 
PARAMETRIC_REPRESENTATION_CONTEXT() REPRESENTATION_CONTEXT('2D SPACE',''
  ) );
#1265 = PCURVE('',#1266,#1271);
#1266 = CONICAL_SURFACE('',#1267,3.,0.785398163397);
#1267 = AXIS2_PLACEMENT_3D('',#1268,#1269,#1270);
#1268 = CARTESIAN_POINT('',(165.65,15.,3.));
#1269 = DIRECTION('',(-1.,-0.,-1.110223024625E-16));
#1270 = DIRECTION('',(1.110223024625E-16,0.,-1.));
#1271 = DEFINITIONAL_REPRESENTATION('',(#1272),#1276);
#1272 = LINE('',#1273,#1274);
#1273 = CARTESIAN_POINT('',(6.28318530718,0.));
#1274 = VECTOR('',#1275,1.);
#1275 = DIRECTION('',(-1.,0.));
#1276 = ( GEOMETRIC_REPRESENTATION_CONTEXT(2) 
PARAMETRIC_REPRESENTATION_CONTEXT() REPRESENTATION_CONTEXT('2D SPACE',''
  ) );
#1277 = ORIENTED_EDGE('',*,*,#1228,.F.);
#1278 = ADVANCED_FACE('',(#1279),#1216,.T.);
#1279 = FACE_BOUND('',#1280,.T.);
#1280 = EDGE_LOOP('',(#1281,#1310,#1329,#1330));
#1281 = ORIENTED_EDGE('',*,*,#1282,.T.);
#1282 = EDGE_CURVE('',#1283,#1283,#1285,.T.);
#1283 = VERTEX_POINT('',#1284);
#1284 = CARTESIAN_POINT('',(116.,15.,0.35));
#1285 = SURFACE_CURVE('',#1286,(#1291,#1298),.PCURVE_S1.);
#1286 = CIRCLE('',#1287,2.65);
#1287 = AXIS2_PLACEMENT_3D('',#1288,#1289,#1290);
#1288 = CARTESIAN_POINT('',(116.,15.,3.));
#1289 = DIRECTION('',(1.,-0.,1.110223024625E-16));
#1290 = DIRECTION('',(1.110223024625E-16,0.,-1.));
#1291 = PCURVE('',#1216,#1292);
#1292 = DEFINITIONAL_REPRESENTATION('',(#1293),#1297);
#1293 = LINE('',#1294,#1295);
#1294 = CARTESIAN_POINT('',(0.,-0.35));
#1295 = VECTOR('',#1296,1.);
#1296 = DIRECTION('',(1.,-0.));
#1297 = ( GEOMETRIC_REPRESENTATION_CONTEXT(2) 
PARAMETRIC_REPRESENTATION_CONTEXT() REPRESENTATION_CONTEXT('2D SPACE',''
  ) );
#1298 = PCURVE('',#1299,#1304);
#1299 = PLANE('',#1300);
#1300 = AXIS2_PLACEMENT_3D('',#1301,#1302,#1303);
#1301 = CARTESIAN_POINT('',(116.,15.,3.));
#1302 = DIRECTION('',(1.,0.,1.110223024625E-16));
#1303 = DIRECTION('',(1.110223024625E-16,0.,-1.));
#1304 = DEFINITIONAL_REPRESENTATION('',(#1305),#1309);
#1305 = CIRCLE('',#1306,2.65);
#1306 = AXIS2_PLACEMENT_2D('',#1307,#1308);
#1307 = CARTESIAN_POINT('',(0.,0.));
#1308 = DIRECTION('',(1.,0.));
#1309 = ( GEOMETRIC_REPRESENTATION_CONTEXT(2) 
PARAMETRIC_REPRESENTATION_CONTEXT() REPRESENTATION_CONTEXT('2D SPACE',''
  ) );
#1310 = ORIENTED_EDGE('',*,*,#1311,.F.);
#1311 = EDGE_CURVE('',#1195,#1283,#1312,.T.);
#1312 = SEAM_CURVE('',#1313,(#1317,#1323),.PCURVE_S1.);
#1313 = LINE('',#1314,#1315);
#1314 = CARTESIAN_POINT('',(116.35,15.,0.));
#1315 = VECTOR('',#1316,1.);
#1316 = DIRECTION('',(-0.707106781187,-0.,0.707106781187));
#1317 = PCURVE('',#1216,#1318);
#1318 = DEFINITIONAL_REPRESENTATION('',(#1319),#1322);
#1319 = B_SPLINE_CURVE_WITH_KNOTS('',1,(#1320,#1321),.UNSPECIFIED.,.F.,
  .F.,(2,2),(0.,0.494974746831),.PIECEWISE_BEZIER_KNOTS.);
#1320 = CARTESIAN_POINT('',(6.28318530718,0.));
#1321 = CARTESIAN_POINT('',(6.28318530718,-0.35));
#1322 = ( GEOMETRIC_REPRESENTATION_CONTEXT(2) 
PARAMETRIC_REPRESENTATION_CONTEXT() REPRESENTATION_CONTEXT('2D SPACE',''
  ) );
#1323 = PCURVE('',#1216,#1324);
#1324 = DEFINITIONAL_REPRESENTATION('',(#1325),#1328);
#1325 = B_SPLINE_CURVE_WITH_KNOTS('',1,(#1326,#1327),.UNSPECIFIED.,.F.,
  .F.,(2,2),(0.,0.494974746831),.PIECEWISE_BEZIER_KNOTS.);
#1326 = CARTESIAN_POINT('',(4.138911435803E-13,0.));
#1327 = CARTESIAN_POINT('',(4.138911435803E-13,-0.35));
#1328 = ( GEOMETRIC_REPRESENTATION_CONTEXT(2) 
PARAMETRIC_REPRESENTATION_CONTEXT() REPRESENTATION_CONTEXT('2D SPACE',''
  ) );
#1329 = ORIENTED_EDGE('',*,*,#1194,.F.);
#1330 = ORIENTED_EDGE('',*,*,#1311,.T.);
#1331 = ADVANCED_FACE('',(#1332),#1266,.T.);
#1332 = FACE_BOUND('',#1333,.T.);
#1333 = EDGE_LOOP('',(#1334,#1355,#1356,#1357));
#1334 = ORIENTED_EDGE('',*,*,#1335,.F.);
#1335 = EDGE_CURVE('',#1229,#1336,#1338,.T.);
#1336 = VERTEX_POINT('',#1337);
#1337 = CARTESIAN_POINT('',(166.,15.,0.35));
#1338 = SEAM_CURVE('',#1339,(#1343,#1349),.PCURVE_S1.);
#1339 = LINE('',#1340,#1341);
#1340 = CARTESIAN_POINT('',(165.65,15.,5.329070518201E-15));
#1341 = VECTOR('',#1342,1.);
#1342 = DIRECTION('',(0.707106781187,0.,0.707106781187));
#1343 = PCURVE('',#1266,#1344);
#1344 = DEFINITIONAL_REPRESENTATION('',(#1345),#1348);
#1345 = B_SPLINE_CURVE_WITH_KNOTS('',1,(#1346,#1347),.UNSPECIFIED.,.F.,
  .F.,(2,2),(0.,0.494974746831),.PIECEWISE_BEZIER_KNOTS.);
#1346 = CARTESIAN_POINT('',(6.28318530718,0.));
#1347 = CARTESIAN_POINT('',(6.28318530718,-0.35));
#1348 = ( GEOMETRIC_REPRESENTATION_CONTEXT(2) 
PARAMETRIC_REPRESENTATION_CONTEXT() REPRESENTATION_CONTEXT('2D SPACE',''
  ) );
#1349 = PCURVE('',#1266,#1350);
#1350 = DEFINITIONAL_REPRESENTATION('',(#1351),#1354);
#1351 = B_SPLINE_CURVE_WITH_KNOTS('',1,(#1352,#1353),.UNSPECIFIED.,.F.,
  .F.,(2,2),(0.,0.494974746831),.PIECEWISE_BEZIER_KNOTS.);
#1352 = CARTESIAN_POINT('',(-4.138911435803E-13,0.));
#1353 = CARTESIAN_POINT('',(-4.138911435803E-13,-0.35));
#1354 = ( GEOMETRIC_REPRESENTATION_CONTEXT(2) 
PARAMETRIC_REPRESENTATION_CONTEXT() REPRESENTATION_CONTEXT('2D SPACE',''
  ) );
#1355 = ORIENTED_EDGE('',*,*,#1251,.T.);
#1356 = ORIENTED_EDGE('',*,*,#1335,.T.);
#1357 = ORIENTED_EDGE('',*,*,#1358,.F.);
#1358 = EDGE_CURVE('',#1336,#1336,#1359,.T.);
#1359 = SURFACE_CURVE('',#1360,(#1365,#1372),.PCURVE_S1.);
#1360 = CIRCLE('',#1361,2.65);
#1361 = AXIS2_PLACEMENT_3D('',#1362,#1363,#1364);
#1362 = CARTESIAN_POINT('',(166.,15.,3.));
#1363 = DIRECTION('',(1.,-0.,1.110223024625E-16));
#1364 = DIRECTION('',(1.110223024625E-16,0.,-1.));
#1365 = PCURVE('',#1266,#1366);
#1366 = DEFINITIONAL_REPRESENTATION('',(#1367),#1371);
#1367 = LINE('',#1368,#1369);
#1368 = CARTESIAN_POINT('',(6.28318530718,-0.35));
#1369 = VECTOR('',#1370,1.);
#1370 = DIRECTION('',(-1.,0.));
#1371 = ( GEOMETRIC_REPRESENTATION_CONTEXT(2) 
PARAMETRIC_REPRESENTATION_CONTEXT() REPRESENTATION_CONTEXT('2D SPACE',''
  ) );
#1372 = PCURVE('',#1373,#1378);
#1373 = PLANE('',#1374);
#1374 = AXIS2_PLACEMENT_3D('',#1375,#1376,#1377);
#1375 = CARTESIAN_POINT('',(166.,15.,3.));
#1376 = DIRECTION('',(1.,0.,1.110223024625E-16));
#1377 = DIRECTION('',(1.110223024625E-16,0.,-1.));
#1378 = DEFINITIONAL_REPRESENTATION('',(#1379),#1383);
#1379 = CIRCLE('',#1380,2.65);
#1380 = AXIS2_PLACEMENT_2D('',#1381,#1382);
#1381 = CARTESIAN_POINT('',(4.440892098501E-16,0.));
#1382 = DIRECTION('',(1.,0.));
#1383 = ( GEOMETRIC_REPRESENTATION_CONTEXT(2) 
PARAMETRIC_REPRESENTATION_CONTEXT() REPRESENTATION_CONTEXT('2D SPACE',''
  ) );
#1384 = ADVANCED_FACE('',(#1385),#1299,.F.);
#1385 = FACE_BOUND('',#1386,.F.);
#1386 = EDGE_LOOP('',(#1387));
#1387 = ORIENTED_EDGE('',*,*,#1282,.T.);
#1388 = ADVANCED_FACE('',(#1389),#1373,.T.);
#1389 = FACE_BOUND('',#1390,.T.);
#1390 = EDGE_LOOP('',(#1391));
#1391 = ORIENTED_EDGE('',*,*,#1358,.T.);
#1392 = ( GEOMETRIC_REPRESENTATION_CONTEXT(3) 
GLOBAL_UNCERTAINTY_ASSIGNED_CONTEXT((#1396)) 
GLOBAL_UNIT_ASSIGNED_CONTEXT((#1393,#1394,#1395)) REPRESENTATION_CONTEXT
('Context #1','3D Context with UNIT and UNCERTAINTY') );
#1393 = ( LENGTH_UNIT() NAMED_UNIT(*) SI_UNIT(.MILLI.,.METRE.) );
#1394 = ( NAMED_UNIT(*) PLANE_ANGLE_UNIT() SI_UNIT($,.RADIAN.) );
#1395 = ( NAMED_UNIT(*) SI_UNIT($,.STERADIAN.) SOLID_ANGLE_UNIT() );
#1396 = UNCERTAINTY_MEASURE_WITH_UNIT(LENGTH_MEASURE(1.E-07),#1393,
  'distance_accuracy_value','confusion accuracy');
#1397 = CONTEXT_DEPENDENT_SHAPE_REPRESENTATION(#1398,#1400);
#1398 = ( REPRESENTATION_RELATIONSHIP('','',#1187,#10) 
REPRESENTATION_RELATIONSHIP_WITH_TRANSFORMATION(#1399) 
SHAPE_REPRESENTATION_RELATIONSHIP() );
#1399 = ITEM_DEFINED_TRANSFORMATION('','',#11,#35);
#1400 = PRODUCT_DEFINITION_SHAPE('Placement','Placement of an item',
  #1401);
#1401 = NEXT_ASSEMBLY_USAGE_OCCURRENCE('6','','',#5,#1182,$);
#1402 = PRODUCT_RELATED_PRODUCT_CATEGORY('part',$,(#1184));
#1403 = SHAPE_DEFINITION_REPRESENTATION(#1404,#1410);
#1404 = PRODUCT_DEFINITION_SHAPE('','',#1405);
#1405 = PRODUCT_DEFINITION('design','',#1406,#1409);
#1406 = PRODUCT_DEFINITION_FORMATION('','',#1407);
#1407 = PRODUCT('Open CASCADE STEP translator 7.8 1.7',
  'Open CASCADE STEP translator 7.8 1.7','',(#1408));
#1408 = PRODUCT_CONTEXT('',#2,'mechanical');
#1409 = PRODUCT_DEFINITION_CONTEXT('part definition',#2,'design');
#1410 = ADVANCED_BREP_SHAPE_REPRESENTATION('',(#11,#1411),#1615);
#1411 = MANIFOLD_SOLID_BREP('',#1412);
#1412 = CLOSED_SHELL('',(#1413,#1501,#1554,#1607,#1611));
#1413 = ADVANCED_FACE('',(#1414),#1427,.T.);
#1414 = FACE_BOUND('',#1415,.T.);
#1415 = EDGE_LOOP('',(#1416,#1450,#1473,#1500));
#1416 = ORIENTED_EDGE('',*,*,#1417,.T.);
#1417 = EDGE_CURVE('',#1418,#1418,#1420,.T.);
#1418 = VERTEX_POINT('',#1419);
#1419 = CARTESIAN_POINT('',(0.35,27.,0.));
#1420 = SURFACE_CURVE('',#1421,(#1426,#1438),.PCURVE_S1.);
#1421 = CIRCLE('',#1422,3.);
#1422 = AXIS2_PLACEMENT_3D('',#1423,#1424,#1425);
#1423 = CARTESIAN_POINT('',(0.35,27.,3.));
#1424 = DIRECTION('',(1.,-0.,1.110223024625E-16));
#1425 = DIRECTION('',(1.110223024625E-16,0.,-1.));
#1426 = PCURVE('',#1427,#1432);
#1427 = CYLINDRICAL_SURFACE('',#1428,3.);
#1428 = AXIS2_PLACEMENT_3D('',#1429,#1430,#1431);
#1429 = CARTESIAN_POINT('',(2.942091015257E-16,27.,3.));
#1430 = DIRECTION('',(-1.,-0.,-1.110223024625E-16));
#1431 = DIRECTION('',(1.110223024625E-16,0.,-1.));
#1432 = DEFINITIONAL_REPRESENTATION('',(#1433),#1437);
#1433 = LINE('',#1434,#1435);
#1434 = CARTESIAN_POINT('',(6.28318530718,-0.35));
#1435 = VECTOR('',#1436,1.);
#1436 = DIRECTION('',(-1.,0.));
#1437 = ( GEOMETRIC_REPRESENTATION_CONTEXT(2) 
PARAMETRIC_REPRESENTATION_CONTEXT() REPRESENTATION_CONTEXT('2D SPACE',''
  ) );
#1438 = PCURVE('',#1439,#1444);
#1439 = CONICAL_SURFACE('',#1440,3.,0.785398163397);
#1440 = AXIS2_PLACEMENT_3D('',#1441,#1442,#1443);
#1441 = CARTESIAN_POINT('',(0.35,27.,3.));
#1442 = DIRECTION('',(1.,0.,1.110223024625E-16));
#1443 = DIRECTION('',(1.110223024625E-16,0.,-1.));
#1444 = DEFINITIONAL_REPRESENTATION('',(#1445),#1449);
#1445 = LINE('',#1446,#1447);
#1446 = CARTESIAN_POINT('',(0.,0.));
#1447 = VECTOR('',#1448,1.);
#1448 = DIRECTION('',(1.,-0.));
#1449 = ( GEOMETRIC_REPRESENTATION_CONTEXT(2) 
PARAMETRIC_REPRESENTATION_CONTEXT() REPRESENTATION_CONTEXT('2D SPACE',''
  ) );
#1450 = ORIENTED_EDGE('',*,*,#1451,.T.);
#1451 = EDGE_CURVE('',#1418,#1452,#1454,.T.);
#1452 = VERTEX_POINT('',#1453);
#1453 = CARTESIAN_POINT('',(49.65,27.,5.329070518201E-15));
#1454 = SEAM_CURVE('',#1455,(#1459,#1466),.PCURVE_S1.);
#1455 = LINE('',#1456,#1457);
#1456 = CARTESIAN_POINT('',(6.272760089132E-16,27.,0.));
#1457 = VECTOR('',#1458,1.);
#1458 = DIRECTION('',(1.,0.,1.110223024625E-16));
#1459 = PCURVE('',#1427,#1460);
#1460 = DEFINITIONAL_REPRESENTATION('',(#1461),#1465);
#1461 = LINE('',#1462,#1463);
#1462 = CARTESIAN_POINT('',(-4.138911435803E-13,0.));
#1463 = VECTOR('',#1464,1.);
#1464 = DIRECTION('',(-0.,-1.));
#1465 = ( GEOMETRIC_REPRESENTATION_CONTEXT(2) 
PARAMETRIC_REPRESENTATION_CONTEXT() REPRESENTATION_CONTEXT('2D SPACE',''
  ) );
#1466 = PCURVE('',#1427,#1467);
#1467 = DEFINITIONAL_REPRESENTATION('',(#1468),#1472);
#1468 = LINE('',#1469,#1470);
#1469 = CARTESIAN_POINT('',(6.28318530718,0.));
#1470 = VECTOR('',#1471,1.);
#1471 = DIRECTION('',(-0.,-1.));
#1472 = ( GEOMETRIC_REPRESENTATION_CONTEXT(2) 
PARAMETRIC_REPRESENTATION_CONTEXT() REPRESENTATION_CONTEXT('2D SPACE',''
  ) );
#1473 = ORIENTED_EDGE('',*,*,#1474,.F.);
#1474 = EDGE_CURVE('',#1452,#1452,#1475,.T.);
#1475 = SURFACE_CURVE('',#1476,(#1481,#1488),.PCURVE_S1.);
#1476 = CIRCLE('',#1477,3.);
#1477 = AXIS2_PLACEMENT_3D('',#1478,#1479,#1480);
#1478 = CARTESIAN_POINT('',(49.65,27.,3.));
#1479 = DIRECTION('',(1.,-0.,1.110223024625E-16));
#1480 = DIRECTION('',(1.110223024625E-16,0.,-1.));
#1481 = PCURVE('',#1427,#1482);
#1482 = DEFINITIONAL_REPRESENTATION('',(#1483),#1487);
#1483 = LINE('',#1484,#1485);
#1484 = CARTESIAN_POINT('',(6.28318530718,-49.65));
#1485 = VECTOR('',#1486,1.);
#1486 = DIRECTION('',(-1.,0.));
#1487 = ( GEOMETRIC_REPRESENTATION_CONTEXT(2) 
PARAMETRIC_REPRESENTATION_CONTEXT() REPRESENTATION_CONTEXT('2D SPACE',''
  ) );
#1488 = PCURVE('',#1489,#1494);
#1489 = CONICAL_SURFACE('',#1490,3.,0.785398163397);
#1490 = AXIS2_PLACEMENT_3D('',#1491,#1492,#1493);
#1491 = CARTESIAN_POINT('',(49.65,27.,3.));
#1492 = DIRECTION('',(-1.,-0.,-1.110223024625E-16));
#1493 = DIRECTION('',(1.110223024625E-16,0.,-1.));
#1494 = DEFINITIONAL_REPRESENTATION('',(#1495),#1499);
#1495 = LINE('',#1496,#1497);
#1496 = CARTESIAN_POINT('',(6.28318530718,0.));
#1497 = VECTOR('',#1498,1.);
#1498 = DIRECTION('',(-1.,0.));
#1499 = ( GEOMETRIC_REPRESENTATION_CONTEXT(2) 
PARAMETRIC_REPRESENTATION_CONTEXT() REPRESENTATION_CONTEXT('2D SPACE',''
  ) );
#1500 = ORIENTED_EDGE('',*,*,#1451,.F.);
#1501 = ADVANCED_FACE('',(#1502),#1439,.T.);
#1502 = FACE_BOUND('',#1503,.T.);
#1503 = EDGE_LOOP('',(#1504,#1533,#1552,#1553));
#1504 = ORIENTED_EDGE('',*,*,#1505,.T.);
#1505 = EDGE_CURVE('',#1506,#1506,#1508,.T.);
#1506 = VERTEX_POINT('',#1507);
#1507 = CARTESIAN_POINT('',(5.884182030513E-16,27.,0.35));
#1508 = SURFACE_CURVE('',#1509,(#1514,#1521),.PCURVE_S1.);
#1509 = CIRCLE('',#1510,2.65);
#1510 = AXIS2_PLACEMENT_3D('',#1511,#1512,#1513);
#1511 = CARTESIAN_POINT('',(2.942091015257E-16,27.,3.));
#1512 = DIRECTION('',(1.,-0.,1.110223024625E-16));
#1513 = DIRECTION('',(1.110223024625E-16,0.,-1.));
#1514 = PCURVE('',#1439,#1515);
#1515 = DEFINITIONAL_REPRESENTATION('',(#1516),#1520);
#1516 = LINE('',#1517,#1518);
#1517 = CARTESIAN_POINT('',(0.,-0.35));
#1518 = VECTOR('',#1519,1.);
#1519 = DIRECTION('',(1.,-0.));
#1520 = ( GEOMETRIC_REPRESENTATION_CONTEXT(2) 
PARAMETRIC_REPRESENTATION_CONTEXT() REPRESENTATION_CONTEXT('2D SPACE',''
  ) );
#1521 = PCURVE('',#1522,#1527);
#1522 = PLANE('',#1523);
#1523 = AXIS2_PLACEMENT_3D('',#1524,#1525,#1526);
#1524 = CARTESIAN_POINT('',(2.942091015257E-16,27.,3.));
#1525 = DIRECTION('',(1.,0.,1.110223024625E-16));
#1526 = DIRECTION('',(1.110223024625E-16,0.,-1.));
#1527 = DEFINITIONAL_REPRESENTATION('',(#1528),#1532);
#1528 = CIRCLE('',#1529,2.65);
#1529 = AXIS2_PLACEMENT_2D('',#1530,#1531);
#1530 = CARTESIAN_POINT('',(0.,0.));
#1531 = DIRECTION('',(1.,0.));
#1532 = ( GEOMETRIC_REPRESENTATION_CONTEXT(2) 
PARAMETRIC_REPRESENTATION_CONTEXT() REPRESENTATION_CONTEXT('2D SPACE',''
  ) );
#1533 = ORIENTED_EDGE('',*,*,#1534,.F.);
#1534 = EDGE_CURVE('',#1418,#1506,#1535,.T.);
#1535 = SEAM_CURVE('',#1536,(#1540,#1546),.PCURVE_S1.);
#1536 = LINE('',#1537,#1538);
#1537 = CARTESIAN_POINT('',(0.35,27.,0.));
#1538 = VECTOR('',#1539,1.);
#1539 = DIRECTION('',(-0.707106781187,-0.,0.707106781187));
#1540 = PCURVE('',#1439,#1541);
#1541 = DEFINITIONAL_REPRESENTATION('',(#1542),#1545);
#1542 = B_SPLINE_CURVE_WITH_KNOTS('',1,(#1543,#1544),.UNSPECIFIED.,.F.,
  .F.,(2,2),(0.,0.494974746831),.PIECEWISE_BEZIER_KNOTS.);
#1543 = CARTESIAN_POINT('',(6.28318530718,0.));
#1544 = CARTESIAN_POINT('',(6.28318530718,-0.35));
#1545 = ( GEOMETRIC_REPRESENTATION_CONTEXT(2) 
PARAMETRIC_REPRESENTATION_CONTEXT() REPRESENTATION_CONTEXT('2D SPACE',''
  ) );
#1546 = PCURVE('',#1439,#1547);
#1547 = DEFINITIONAL_REPRESENTATION('',(#1548),#1551);
#1548 = B_SPLINE_CURVE_WITH_KNOTS('',1,(#1549,#1550),.UNSPECIFIED.,.F.,
  .F.,(2,2),(0.,0.494974746831),.PIECEWISE_BEZIER_KNOTS.);
#1549 = CARTESIAN_POINT('',(4.138911435803E-13,0.));
#1550 = CARTESIAN_POINT('',(4.138911435803E-13,-0.35));
#1551 = ( GEOMETRIC_REPRESENTATION_CONTEXT(2) 
PARAMETRIC_REPRESENTATION_CONTEXT() REPRESENTATION_CONTEXT('2D SPACE',''
  ) );
#1552 = ORIENTED_EDGE('',*,*,#1417,.F.);
#1553 = ORIENTED_EDGE('',*,*,#1534,.T.);
#1554 = ADVANCED_FACE('',(#1555),#1489,.T.);
#1555 = FACE_BOUND('',#1556,.T.);
#1556 = EDGE_LOOP('',(#1557,#1578,#1579,#1580));
#1557 = ORIENTED_EDGE('',*,*,#1558,.F.);
#1558 = EDGE_CURVE('',#1452,#1559,#1561,.T.);
#1559 = VERTEX_POINT('',#1560);
#1560 = CARTESIAN_POINT('',(50.,27.,0.35));
#1561 = SEAM_CURVE('',#1562,(#1566,#1572),.PCURVE_S1.);
#1562 = LINE('',#1563,#1564);
#1563 = CARTESIAN_POINT('',(49.65,27.,5.329070518201E-15));
#1564 = VECTOR('',#1565,1.);
#1565 = DIRECTION('',(0.707106781187,0.,0.707106781187));
#1566 = PCURVE('',#1489,#1567);
#1567 = DEFINITIONAL_REPRESENTATION('',(#1568),#1571);
#1568 = B_SPLINE_CURVE_WITH_KNOTS('',1,(#1569,#1570),.UNSPECIFIED.,.F.,
  .F.,(2,2),(0.,0.494974746831),.PIECEWISE_BEZIER_KNOTS.);
#1569 = CARTESIAN_POINT('',(6.28318530718,0.));
#1570 = CARTESIAN_POINT('',(6.28318530718,-0.35));
#1571 = ( GEOMETRIC_REPRESENTATION_CONTEXT(2) 
PARAMETRIC_REPRESENTATION_CONTEXT() REPRESENTATION_CONTEXT('2D SPACE',''
  ) );
#1572 = PCURVE('',#1489,#1573);
#1573 = DEFINITIONAL_REPRESENTATION('',(#1574),#1577);
#1574 = B_SPLINE_CURVE_WITH_KNOTS('',1,(#1575,#1576),.UNSPECIFIED.,.F.,
  .F.,(2,2),(0.,0.494974746831),.PIECEWISE_BEZIER_KNOTS.);
#1575 = CARTESIAN_POINT('',(-4.138911435803E-13,0.));
#1576 = CARTESIAN_POINT('',(-4.138911435803E-13,-0.35));
#1577 = ( GEOMETRIC_REPRESENTATION_CONTEXT(2) 
PARAMETRIC_REPRESENTATION_CONTEXT() REPRESENTATION_CONTEXT('2D SPACE',''
  ) );
#1578 = ORIENTED_EDGE('',*,*,#1474,.T.);
#1579 = ORIENTED_EDGE('',*,*,#1558,.T.);
#1580 = ORIENTED_EDGE('',*,*,#1581,.F.);
#1581 = EDGE_CURVE('',#1559,#1559,#1582,.T.);
#1582 = SURFACE_CURVE('',#1583,(#1588,#1595),.PCURVE_S1.);
#1583 = CIRCLE('',#1584,2.65);
#1584 = AXIS2_PLACEMENT_3D('',#1585,#1586,#1587);
#1585 = CARTESIAN_POINT('',(50.,27.,3.));
#1586 = DIRECTION('',(1.,-0.,1.110223024625E-16));
#1587 = DIRECTION('',(1.110223024625E-16,0.,-1.));
#1588 = PCURVE('',#1489,#1589);
#1589 = DEFINITIONAL_REPRESENTATION('',(#1590),#1594);
#1590 = LINE('',#1591,#1592);
#1591 = CARTESIAN_POINT('',(6.28318530718,-0.35));
#1592 = VECTOR('',#1593,1.);
#1593 = DIRECTION('',(-1.,0.));
#1594 = ( GEOMETRIC_REPRESENTATION_CONTEXT(2) 
PARAMETRIC_REPRESENTATION_CONTEXT() REPRESENTATION_CONTEXT('2D SPACE',''
  ) );
#1595 = PCURVE('',#1596,#1601);
#1596 = PLANE('',#1597);
#1597 = AXIS2_PLACEMENT_3D('',#1598,#1599,#1600);
#1598 = CARTESIAN_POINT('',(50.,27.,3.));
#1599 = DIRECTION('',(1.,0.,1.110223024625E-16));
#1600 = DIRECTION('',(1.110223024625E-16,0.,-1.));
#1601 = DEFINITIONAL_REPRESENTATION('',(#1602),#1606);
#1602 = CIRCLE('',#1603,2.65);
#1603 = AXIS2_PLACEMENT_2D('',#1604,#1605);
#1604 = CARTESIAN_POINT('',(4.440892098501E-16,0.));
#1605 = DIRECTION('',(1.,0.));
#1606 = ( GEOMETRIC_REPRESENTATION_CONTEXT(2) 
PARAMETRIC_REPRESENTATION_CONTEXT() REPRESENTATION_CONTEXT('2D SPACE',''
  ) );
#1607 = ADVANCED_FACE('',(#1608),#1522,.F.);
#1608 = FACE_BOUND('',#1609,.F.);
#1609 = EDGE_LOOP('',(#1610));
#1610 = ORIENTED_EDGE('',*,*,#1505,.T.);
#1611 = ADVANCED_FACE('',(#1612),#1596,.T.);
#1612 = FACE_BOUND('',#1613,.T.);
#1613 = EDGE_LOOP('',(#1614));
#1614 = ORIENTED_EDGE('',*,*,#1581,.T.);
#1615 = ( GEOMETRIC_REPRESENTATION_CONTEXT(3) 
GLOBAL_UNCERTAINTY_ASSIGNED_CONTEXT((#1619)) 
GLOBAL_UNIT_ASSIGNED_CONTEXT((#1616,#1617,#1618)) REPRESENTATION_CONTEXT
('Context #1','3D Context with UNIT and UNCERTAINTY') );
#1616 = ( LENGTH_UNIT() NAMED_UNIT(*) SI_UNIT(.MILLI.,.METRE.) );
#1617 = ( NAMED_UNIT(*) PLANE_ANGLE_UNIT() SI_UNIT($,.RADIAN.) );
#1618 = ( NAMED_UNIT(*) SI_UNIT($,.STERADIAN.) SOLID_ANGLE_UNIT() );
#1619 = UNCERTAINTY_MEASURE_WITH_UNIT(LENGTH_MEASURE(1.E-07),#1616,
  'distance_accuracy_value','confusion accuracy');
#1620 = CONTEXT_DEPENDENT_SHAPE_REPRESENTATION(#1621,#1623);
#1621 = ( REPRESENTATION_RELATIONSHIP('','',#1410,#10) 
REPRESENTATION_RELATIONSHIP_WITH_TRANSFORMATION(#1622) 
SHAPE_REPRESENTATION_RELATIONSHIP() );
#1622 = ITEM_DEFINED_TRANSFORMATION('','',#11,#39);
#1623 = PRODUCT_DEFINITION_SHAPE('Placement','Placement of an item',
  #1624);
#1624 = NEXT_ASSEMBLY_USAGE_OCCURRENCE('7','','',#5,#1405,$);
#1625 = PRODUCT_RELATED_PRODUCT_CATEGORY('part',$,(#1407));
#1626 = SHAPE_DEFINITION_REPRESENTATION(#1627,#1633);
#1627 = PRODUCT_DEFINITION_SHAPE('','',#1628);
#1628 = PRODUCT_DEFINITION('design','',#1629,#1632);
#1629 = PRODUCT_DEFINITION_FORMATION('','',#1630);
#1630 = PRODUCT('Open CASCADE STEP translator 7.8 1.8',
  'Open CASCADE STEP translator 7.8 1.8','',(#1631));
#1631 = PRODUCT_CONTEXT('',#2,'mechanical');
#1632 = PRODUCT_DEFINITION_CONTEXT('part definition',#2,'design');
#1633 = ADVANCED_BREP_SHAPE_REPRESENTATION('',(#11,#1634),#1838);
#1634 = MANIFOLD_SOLID_BREP('',#1635);
#1635 = CLOSED_SHELL('',(#1636,#1724,#1777,#1830,#1834));
#1636 = ADVANCED_FACE('',(#1637),#1650,.T.);
#1637 = FACE_BOUND('',#1638,.T.);
#1638 = EDGE_LOOP('',(#1639,#1673,#1696,#1723));
#1639 = ORIENTED_EDGE('',*,*,#1640,.T.);
#1640 = EDGE_CURVE('',#1641,#1641,#1643,.T.);
#1641 = VERTEX_POINT('',#1642);
#1642 = CARTESIAN_POINT('',(58.35,27.,0.));
#1643 = SURFACE_CURVE('',#1644,(#1649,#1661),.PCURVE_S1.);
#1644 = CIRCLE('',#1645,3.);
#1645 = AXIS2_PLACEMENT_3D('',#1646,#1647,#1648);
#1646 = CARTESIAN_POINT('',(58.35,27.,3.));
#1647 = DIRECTION('',(1.,-0.,1.110223024625E-16));
#1648 = DIRECTION('',(1.110223024625E-16,0.,-1.));
#1649 = PCURVE('',#1650,#1655);
#1650 = CYLINDRICAL_SURFACE('',#1651,3.);
#1651 = AXIS2_PLACEMENT_3D('',#1652,#1653,#1654);
#1652 = CARTESIAN_POINT('',(58.,27.,3.));
#1653 = DIRECTION('',(-1.,-0.,-1.110223024625E-16));
#1654 = DIRECTION('',(1.110223024625E-16,0.,-1.));
#1655 = DEFINITIONAL_REPRESENTATION('',(#1656),#1660);
#1656 = LINE('',#1657,#1658);
#1657 = CARTESIAN_POINT('',(6.28318530718,-0.35));
#1658 = VECTOR('',#1659,1.);
#1659 = DIRECTION('',(-1.,0.));
#1660 = ( GEOMETRIC_REPRESENTATION_CONTEXT(2) 
PARAMETRIC_REPRESENTATION_CONTEXT() REPRESENTATION_CONTEXT('2D SPACE',''
  ) );
#1661 = PCURVE('',#1662,#1667);
#1662 = CONICAL_SURFACE('',#1663,3.,0.785398163397);
#1663 = AXIS2_PLACEMENT_3D('',#1664,#1665,#1666);
#1664 = CARTESIAN_POINT('',(58.35,27.,3.));
#1665 = DIRECTION('',(1.,0.,1.110223024625E-16));
#1666 = DIRECTION('',(1.110223024625E-16,0.,-1.));
#1667 = DEFINITIONAL_REPRESENTATION('',(#1668),#1672);
#1668 = LINE('',#1669,#1670);
#1669 = CARTESIAN_POINT('',(0.,0.));
#1670 = VECTOR('',#1671,1.);
#1671 = DIRECTION('',(1.,-0.));
#1672 = ( GEOMETRIC_REPRESENTATION_CONTEXT(2) 
PARAMETRIC_REPRESENTATION_CONTEXT() REPRESENTATION_CONTEXT('2D SPACE',''
  ) );
#1673 = ORIENTED_EDGE('',*,*,#1674,.T.);
#1674 = EDGE_CURVE('',#1641,#1675,#1677,.T.);
#1675 = VERTEX_POINT('',#1676);
#1676 = CARTESIAN_POINT('',(107.65,27.,5.329070518201E-15));
#1677 = SEAM_CURVE('',#1678,(#1682,#1689),.PCURVE_S1.);
#1678 = LINE('',#1679,#1680);
#1679 = CARTESIAN_POINT('',(58.,27.,0.));
#1680 = VECTOR('',#1681,1.);
#1681 = DIRECTION('',(1.,0.,1.110223024625E-16));
#1682 = PCURVE('',#1650,#1683);
#1683 = DEFINITIONAL_REPRESENTATION('',(#1684),#1688);
#1684 = LINE('',#1685,#1686);
#1685 = CARTESIAN_POINT('',(-4.138911435803E-13,0.));
#1686 = VECTOR('',#1687,1.);
#1687 = DIRECTION('',(-0.,-1.));
#1688 = ( GEOMETRIC_REPRESENTATION_CONTEXT(2) 
PARAMETRIC_REPRESENTATION_CONTEXT() REPRESENTATION_CONTEXT('2D SPACE',''
  ) );
#1689 = PCURVE('',#1650,#1690);
#1690 = DEFINITIONAL_REPRESENTATION('',(#1691),#1695);
#1691 = LINE('',#1692,#1693);
#1692 = CARTESIAN_POINT('',(6.28318530718,0.));
#1693 = VECTOR('',#1694,1.);
#1694 = DIRECTION('',(-0.,-1.));
#1695 = ( GEOMETRIC_REPRESENTATION_CONTEXT(2) 
PARAMETRIC_REPRESENTATION_CONTEXT() REPRESENTATION_CONTEXT('2D SPACE',''
  ) );
#1696 = ORIENTED_EDGE('',*,*,#1697,.F.);
#1697 = EDGE_CURVE('',#1675,#1675,#1698,.T.);
#1698 = SURFACE_CURVE('',#1699,(#1704,#1711),.PCURVE_S1.);
#1699 = CIRCLE('',#1700,3.);
#1700 = AXIS2_PLACEMENT_3D('',#1701,#1702,#1703);
#1701 = CARTESIAN_POINT('',(107.65,27.,3.));
#1702 = DIRECTION('',(1.,-0.,1.110223024625E-16));
#1703 = DIRECTION('',(1.110223024625E-16,0.,-1.));
#1704 = PCURVE('',#1650,#1705);
#1705 = DEFINITIONAL_REPRESENTATION('',(#1706),#1710);
#1706 = LINE('',#1707,#1708);
#1707 = CARTESIAN_POINT('',(6.28318530718,-49.65));
#1708 = VECTOR('',#1709,1.);
#1709 = DIRECTION('',(-1.,0.));
#1710 = ( GEOMETRIC_REPRESENTATION_CONTEXT(2) 
PARAMETRIC_REPRESENTATION_CONTEXT() REPRESENTATION_CONTEXT('2D SPACE',''
  ) );
#1711 = PCURVE('',#1712,#1717);
#1712 = CONICAL_SURFACE('',#1713,3.,0.785398163397);
#1713 = AXIS2_PLACEMENT_3D('',#1714,#1715,#1716);
#1714 = CARTESIAN_POINT('',(107.65,27.,3.));
#1715 = DIRECTION('',(-1.,-0.,-1.110223024625E-16));
#1716 = DIRECTION('',(1.110223024625E-16,0.,-1.));
#1717 = DEFINITIONAL_REPRESENTATION('',(#1718),#1722);
#1718 = LINE('',#1719,#1720);
#1719 = CARTESIAN_POINT('',(6.28318530718,0.));
#1720 = VECTOR('',#1721,1.);
#1721 = DIRECTION('',(-1.,0.));
#1722 = ( GEOMETRIC_REPRESENTATION_CONTEXT(2) 
PARAMETRIC_REPRESENTATION_CONTEXT() REPRESENTATION_CONTEXT('2D SPACE',''
  ) );
#1723 = ORIENTED_EDGE('',*,*,#1674,.F.);
#1724 = ADVANCED_FACE('',(#1725),#1662,.T.);
#1725 = FACE_BOUND('',#1726,.T.);
#1726 = EDGE_LOOP('',(#1727,#1756,#1775,#1776));
#1727 = ORIENTED_EDGE('',*,*,#1728,.T.);
#1728 = EDGE_CURVE('',#1729,#1729,#1731,.T.);
#1729 = VERTEX_POINT('',#1730);
#1730 = CARTESIAN_POINT('',(58.,27.,0.35));
#1731 = SURFACE_CURVE('',#1732,(#1737,#1744),.PCURVE_S1.);
#1732 = CIRCLE('',#1733,2.65);
#1733 = AXIS2_PLACEMENT_3D('',#1734,#1735,#1736);
#1734 = CARTESIAN_POINT('',(58.,27.,3.));
#1735 = DIRECTION('',(1.,-0.,1.110223024625E-16));
#1736 = DIRECTION('',(1.110223024625E-16,0.,-1.));
#1737 = PCURVE('',#1662,#1738);
#1738 = DEFINITIONAL_REPRESENTATION('',(#1739),#1743);
#1739 = LINE('',#1740,#1741);
#1740 = CARTESIAN_POINT('',(0.,-0.35));
#1741 = VECTOR('',#1742,1.);
#1742 = DIRECTION('',(1.,-0.));
#1743 = ( GEOMETRIC_REPRESENTATION_CONTEXT(2) 
PARAMETRIC_REPRESENTATION_CONTEXT() REPRESENTATION_CONTEXT('2D SPACE',''
  ) );
#1744 = PCURVE('',#1745,#1750);
#1745 = PLANE('',#1746);
#1746 = AXIS2_PLACEMENT_3D('',#1747,#1748,#1749);
#1747 = CARTESIAN_POINT('',(58.,27.,3.));
#1748 = DIRECTION('',(1.,0.,1.110223024625E-16));
#1749 = DIRECTION('',(1.110223024625E-16,0.,-1.));
#1750 = DEFINITIONAL_REPRESENTATION('',(#1751),#1755);
#1751 = CIRCLE('',#1752,2.65);
#1752 = AXIS2_PLACEMENT_2D('',#1753,#1754);
#1753 = CARTESIAN_POINT('',(0.,0.));
#1754 = DIRECTION('',(1.,0.));
#1755 = ( GEOMETRIC_REPRESENTATION_CONTEXT(2) 
PARAMETRIC_REPRESENTATION_CONTEXT() REPRESENTATION_CONTEXT('2D SPACE',''
  ) );
#1756 = ORIENTED_EDGE('',*,*,#1757,.F.);
#1757 = EDGE_CURVE('',#1641,#1729,#1758,.T.);
#1758 = SEAM_CURVE('',#1759,(#1763,#1769),.PCURVE_S1.);
#1759 = LINE('',#1760,#1761);
#1760 = CARTESIAN_POINT('',(58.35,27.,0.));
#1761 = VECTOR('',#1762,1.);
#1762 = DIRECTION('',(-0.707106781187,-0.,0.707106781187));
#1763 = PCURVE('',#1662,#1764);
#1764 = DEFINITIONAL_REPRESENTATION('',(#1765),#1768);
#1765 = B_SPLINE_CURVE_WITH_KNOTS('',1,(#1766,#1767),.UNSPECIFIED.,.F.,
  .F.,(2,2),(0.,0.494974746831),.PIECEWISE_BEZIER_KNOTS.);
#1766 = CARTESIAN_POINT('',(6.28318530718,0.));
#1767 = CARTESIAN_POINT('',(6.28318530718,-0.35));
#1768 = ( GEOMETRIC_REPRESENTATION_CONTEXT(2) 
PARAMETRIC_REPRESENTATION_CONTEXT() REPRESENTATION_CONTEXT('2D SPACE',''
  ) );
#1769 = PCURVE('',#1662,#1770);
#1770 = DEFINITIONAL_REPRESENTATION('',(#1771),#1774);
#1771 = B_SPLINE_CURVE_WITH_KNOTS('',1,(#1772,#1773),.UNSPECIFIED.,.F.,
  .F.,(2,2),(0.,0.494974746831),.PIECEWISE_BEZIER_KNOTS.);
#1772 = CARTESIAN_POINT('',(4.138911435803E-13,0.));
#1773 = CARTESIAN_POINT('',(4.138911435803E-13,-0.35));
#1774 = ( GEOMETRIC_REPRESENTATION_CONTEXT(2) 
PARAMETRIC_REPRESENTATION_CONTEXT() REPRESENTATION_CONTEXT('2D SPACE',''
  ) );
#1775 = ORIENTED_EDGE('',*,*,#1640,.F.);
#1776 = ORIENTED_EDGE('',*,*,#1757,.T.);
#1777 = ADVANCED_FACE('',(#1778),#1712,.T.);
#1778 = FACE_BOUND('',#1779,.T.);
#1779 = EDGE_LOOP('',(#1780,#1801,#1802,#1803));
#1780 = ORIENTED_EDGE('',*,*,#1781,.F.);
#1781 = EDGE_CURVE('',#1675,#1782,#1784,.T.);
#1782 = VERTEX_POINT('',#1783);
#1783 = CARTESIAN_POINT('',(108.,27.,0.35));
#1784 = SEAM_CURVE('',#1785,(#1789,#1795),.PCURVE_S1.);
#1785 = LINE('',#1786,#1787);
#1786 = CARTESIAN_POINT('',(107.65,27.,5.329070518201E-15));
#1787 = VECTOR('',#1788,1.);
#1788 = DIRECTION('',(0.707106781187,0.,0.707106781187));
#1789 = PCURVE('',#1712,#1790);
#1790 = DEFINITIONAL_REPRESENTATION('',(#1791),#1794);
#1791 = B_SPLINE_CURVE_WITH_KNOTS('',1,(#1792,#1793),.UNSPECIFIED.,.F.,
  .F.,(2,2),(0.,0.494974746831),.PIECEWISE_BEZIER_KNOTS.);
#1792 = CARTESIAN_POINT('',(6.28318530718,0.));
#1793 = CARTESIAN_POINT('',(6.28318530718,-0.35));
#1794 = ( GEOMETRIC_REPRESENTATION_CONTEXT(2) 
PARAMETRIC_REPRESENTATION_CONTEXT() REPRESENTATION_CONTEXT('2D SPACE',''
  ) );
#1795 = PCURVE('',#1712,#1796);
#1796 = DEFINITIONAL_REPRESENTATION('',(#1797),#1800);
#1797 = B_SPLINE_CURVE_WITH_KNOTS('',1,(#1798,#1799),.UNSPECIFIED.,.F.,
  .F.,(2,2),(0.,0.494974746831),.PIECEWISE_BEZIER_KNOTS.);
#1798 = CARTESIAN_POINT('',(-4.138911435803E-13,0.));
#1799 = CARTESIAN_POINT('',(-4.138911435803E-13,-0.35));
#1800 = ( GEOMETRIC_REPRESENTATION_CONTEXT(2) 
PARAMETRIC_REPRESENTATION_CONTEXT() REPRESENTATION_CONTEXT('2D SPACE',''
  ) );
#1801 = ORIENTED_EDGE('',*,*,#1697,.T.);
#1802 = ORIENTED_EDGE('',*,*,#1781,.T.);
#1803 = ORIENTED_EDGE('',*,*,#1804,.F.);
#1804 = EDGE_CURVE('',#1782,#1782,#1805,.T.);
#1805 = SURFACE_CURVE('',#1806,(#1811,#1818),.PCURVE_S1.);
#1806 = CIRCLE('',#1807,2.65);
#1807 = AXIS2_PLACEMENT_3D('',#1808,#1809,#1810);
#1808 = CARTESIAN_POINT('',(108.,27.,3.));
#1809 = DIRECTION('',(1.,-0.,1.110223024625E-16));
#1810 = DIRECTION('',(1.110223024625E-16,0.,-1.));
#1811 = PCURVE('',#1712,#1812);
#1812 = DEFINITIONAL_REPRESENTATION('',(#1813),#1817);
#1813 = LINE('',#1814,#1815);
#1814 = CARTESIAN_POINT('',(6.28318530718,-0.35));
#1815 = VECTOR('',#1816,1.);
#1816 = DIRECTION('',(-1.,0.));
#1817 = ( GEOMETRIC_REPRESENTATION_CONTEXT(2) 
PARAMETRIC_REPRESENTATION_CONTEXT() REPRESENTATION_CONTEXT('2D SPACE',''
  ) );
#1818 = PCURVE('',#1819,#1824);
#1819 = PLANE('',#1820);
#1820 = AXIS2_PLACEMENT_3D('',#1821,#1822,#1823);
#1821 = CARTESIAN_POINT('',(108.,27.,3.));
#1822 = DIRECTION('',(1.,0.,1.110223024625E-16));
#1823 = DIRECTION('',(1.110223024625E-16,0.,-1.));
#1824 = DEFINITIONAL_REPRESENTATION('',(#1825),#1829);
#1825 = CIRCLE('',#1826,2.65);
#1826 = AXIS2_PLACEMENT_2D('',#1827,#1828);
#1827 = CARTESIAN_POINT('',(4.440892098501E-16,0.));
#1828 = DIRECTION('',(1.,0.));
#1829 = ( GEOMETRIC_REPRESENTATION_CONTEXT(2) 
PARAMETRIC_REPRESENTATION_CONTEXT() REPRESENTATION_CONTEXT('2D SPACE',''
  ) );
#1830 = ADVANCED_FACE('',(#1831),#1745,.F.);
#1831 = FACE_BOUND('',#1832,.F.);
#1832 = EDGE_LOOP('',(#1833));
#1833 = ORIENTED_EDGE('',*,*,#1728,.T.);
#1834 = ADVANCED_FACE('',(#1835),#1819,.T.);
#1835 = FACE_BOUND('',#1836,.T.);
#1836 = EDGE_LOOP('',(#1837));
#1837 = ORIENTED_EDGE('',*,*,#1804,.T.);
#1838 = ( GEOMETRIC_REPRESENTATION_CONTEXT(3) 
GLOBAL_UNCERTAINTY_ASSIGNED_CONTEXT((#1842)) 
GLOBAL_UNIT_ASSIGNED_CONTEXT((#1839,#1840,#1841)) REPRESENTATION_CONTEXT
('Context #1','3D Context with UNIT and UNCERTAINTY') );
#1839 = ( LENGTH_UNIT() NAMED_UNIT(*) SI_UNIT(.MILLI.,.METRE.) );
#1840 = ( NAMED_UNIT(*) PLANE_ANGLE_UNIT() SI_UNIT($,.RADIAN.) );
#1841 = ( NAMED_UNIT(*) SI_UNIT($,.STERADIAN.) SOLID_ANGLE_UNIT() );
#1842 = UNCERTAINTY_MEASURE_WITH_UNIT(LENGTH_MEASURE(1.E-07),#1839,
  'distance_accuracy_value','confusion accuracy');
#1843 = CONTEXT_DEPENDENT_SHAPE_REPRESENTATION(#1844,#1846);
#1844 = ( REPRESENTATION_RELATIONSHIP('','',#1633,#10) 
REPRESENTATION_RELATIONSHIP_WITH_TRANSFORMATION(#1845) 
SHAPE_REPRESENTATION_RELATIONSHIP() );
#1845 = ITEM_DEFINED_TRANSFORMATION('','',#11,#43);
#1846 = PRODUCT_DEFINITION_SHAPE('Placement','Placement of an item',
  #1847);
#1847 = NEXT_ASSEMBLY_USAGE_OCCURRENCE('8','','',#5,#1628,$);
#1848 = PRODUCT_RELATED_PRODUCT_CATEGORY('part',$,(#1630));
#1849 = SHAPE_DEFINITION_REPRESENTATION(#1850,#1856);
#1850 = PRODUCT_DEFINITION_SHAPE('','',#1851);
#1851 = PRODUCT_DEFINITION('design','',#1852,#1855);
#1852 = PRODUCT_DEFINITION_FORMATION('','',#1853);
#1853 = PRODUCT('Open CASCADE STEP translator 7.8 1.9',
  'Open CASCADE STEP translator 7.8 1.9','',(#1854));
#1854 = PRODUCT_CONTEXT('',#2,'mechanical');
#1855 = PRODUCT_DEFINITION_CONTEXT('part definition',#2,'design');
#1856 = ADVANCED_BREP_SHAPE_REPRESENTATION('',(#11,#1857),#2061);
#1857 = MANIFOLD_SOLID_BREP('',#1858);
#1858 = CLOSED_SHELL('',(#1859,#1947,#2000,#2053,#2057));
#1859 = ADVANCED_FACE('',(#1860),#1873,.T.);
#1860 = FACE_BOUND('',#1861,.T.);
#1861 = EDGE_LOOP('',(#1862,#1896,#1919,#1946));
#1862 = ORIENTED_EDGE('',*,*,#1863,.T.);
#1863 = EDGE_CURVE('',#1864,#1864,#1866,.T.);
#1864 = VERTEX_POINT('',#1865);
#1865 = CARTESIAN_POINT('',(116.35,27.,0.));
#1866 = SURFACE_CURVE('',#1867,(#1872,#1884),.PCURVE_S1.);
#1867 = CIRCLE('',#1868,3.);
#1868 = AXIS2_PLACEMENT_3D('',#1869,#1870,#1871);
#1869 = CARTESIAN_POINT('',(116.35,27.,3.));
#1870 = DIRECTION('',(1.,-0.,1.110223024625E-16));
#1871 = DIRECTION('',(1.110223024625E-16,0.,-1.));
#1872 = PCURVE('',#1873,#1878);
#1873 = CYLINDRICAL_SURFACE('',#1874,3.);
#1874 = AXIS2_PLACEMENT_3D('',#1875,#1876,#1877);
#1875 = CARTESIAN_POINT('',(116.,27.,3.));
#1876 = DIRECTION('',(-1.,-0.,-1.110223024625E-16));
#1877 = DIRECTION('',(1.110223024625E-16,0.,-1.));
#1878 = DEFINITIONAL_REPRESENTATION('',(#1879),#1883);
#1879 = LINE('',#1880,#1881);
#1880 = CARTESIAN_POINT('',(6.28318530718,-0.35));
#1881 = VECTOR('',#1882,1.);
#1882 = DIRECTION('',(-1.,0.));
#1883 = ( GEOMETRIC_REPRESENTATION_CONTEXT(2) 
PARAMETRIC_REPRESENTATION_CONTEXT() REPRESENTATION_CONTEXT('2D SPACE',''
  ) );
#1884 = PCURVE('',#1885,#1890);
#1885 = CONICAL_SURFACE('',#1886,3.,0.785398163397);
#1886 = AXIS2_PLACEMENT_3D('',#1887,#1888,#1889);
#1887 = CARTESIAN_POINT('',(116.35,27.,3.));
#1888 = DIRECTION('',(1.,0.,1.110223024625E-16));
#1889 = DIRECTION('',(1.110223024625E-16,0.,-1.));
#1890 = DEFINITIONAL_REPRESENTATION('',(#1891),#1895);
#1891 = LINE('',#1892,#1893);
#1892 = CARTESIAN_POINT('',(0.,0.));
#1893 = VECTOR('',#1894,1.);
#1894 = DIRECTION('',(1.,-0.));
#1895 = ( GEOMETRIC_REPRESENTATION_CONTEXT(2) 
PARAMETRIC_REPRESENTATION_CONTEXT() REPRESENTATION_CONTEXT('2D SPACE',''
  ) );
#1896 = ORIENTED_EDGE('',*,*,#1897,.T.);
#1897 = EDGE_CURVE('',#1864,#1898,#1900,.T.);
#1898 = VERTEX_POINT('',#1899);
#1899 = CARTESIAN_POINT('',(165.65,27.,5.329070518201E-15));
#1900 = SEAM_CURVE('',#1901,(#1905,#1912),.PCURVE_S1.);
#1901 = LINE('',#1902,#1903);
#1902 = CARTESIAN_POINT('',(116.,27.,0.));
#1903 = VECTOR('',#1904,1.);
#1904 = DIRECTION('',(1.,0.,1.110223024625E-16));
#1905 = PCURVE('',#1873,#1906);
#1906 = DEFINITIONAL_REPRESENTATION('',(#1907),#1911);
#1907 = LINE('',#1908,#1909);
#1908 = CARTESIAN_POINT('',(-4.138911435803E-13,0.));
#1909 = VECTOR('',#1910,1.);
#1910 = DIRECTION('',(-0.,-1.));
#1911 = ( GEOMETRIC_REPRESENTATION_CONTEXT(2) 
PARAMETRIC_REPRESENTATION_CONTEXT() REPRESENTATION_CONTEXT('2D SPACE',''
  ) );
#1912 = PCURVE('',#1873,#1913);
#1913 = DEFINITIONAL_REPRESENTATION('',(#1914),#1918);
#1914 = LINE('',#1915,#1916);
#1915 = CARTESIAN_POINT('',(6.28318530718,0.));
#1916 = VECTOR('',#1917,1.);
#1917 = DIRECTION('',(-0.,-1.));
#1918 = ( GEOMETRIC_REPRESENTATION_CONTEXT(2) 
PARAMETRIC_REPRESENTATION_CONTEXT() REPRESENTATION_CONTEXT('2D SPACE',''
  ) );
#1919 = ORIENTED_EDGE('',*,*,#1920,.F.);
#1920 = EDGE_CURVE('',#1898,#1898,#1921,.T.);
#1921 = SURFACE_CURVE('',#1922,(#1927,#1934),.PCURVE_S1.);
#1922 = CIRCLE('',#1923,3.);
#1923 = AXIS2_PLACEMENT_3D('',#1924,#1925,#1926);
#1924 = CARTESIAN_POINT('',(165.65,27.,3.));
#1925 = DIRECTION('',(1.,-0.,1.110223024625E-16));
#1926 = DIRECTION('',(1.110223024625E-16,0.,-1.));
#1927 = PCURVE('',#1873,#1928);
#1928 = DEFINITIONAL_REPRESENTATION('',(#1929),#1933);
#1929 = LINE('',#1930,#1931);
#1930 = CARTESIAN_POINT('',(6.28318530718,-49.65));
#1931 = VECTOR('',#1932,1.);
#1932 = DIRECTION('',(-1.,0.));
#1933 = ( GEOMETRIC_REPRESENTATION_CONTEXT(2) 
PARAMETRIC_REPRESENTATION_CONTEXT() REPRESENTATION_CONTEXT('2D SPACE',''
  ) );
#1934 = PCURVE('',#1935,#1940);
#1935 = CONICAL_SURFACE('',#1936,3.,0.785398163397);
#1936 = AXIS2_PLACEMENT_3D('',#1937,#1938,#1939);
#1937 = CARTESIAN_POINT('',(165.65,27.,3.));
#1938 = DIRECTION('',(-1.,-0.,-1.110223024625E-16));
#1939 = DIRECTION('',(1.110223024625E-16,0.,-1.));
#1940 = DEFINITIONAL_REPRESENTATION('',(#1941),#1945);
#1941 = LINE('',#1942,#1943);
#1942 = CARTESIAN_POINT('',(6.28318530718,0.));
#1943 = VECTOR('',#1944,1.);
#1944 = DIRECTION('',(-1.,0.));
#1945 = ( GEOMETRIC_REPRESENTATION_CONTEXT(2) 
PARAMETRIC_REPRESENTATION_CONTEXT() REPRESENTATION_CONTEXT('2D SPACE',''
  ) );
#1946 = ORIENTED_EDGE('',*,*,#1897,.F.);
#1947 = ADVANCED_FACE('',(#1948),#1885,.T.);
#1948 = FACE_BOUND('',#1949,.T.);
#1949 = EDGE_LOOP('',(#1950,#1979,#1998,#1999));
#1950 = ORIENTED_EDGE('',*,*,#1951,.T.);
#1951 = EDGE_CURVE('',#1952,#1952,#1954,.T.);
#1952 = VERTEX_POINT('',#1953);
#1953 = CARTESIAN_POINT('',(116.,27.,0.35));
#1954 = SURFACE_CURVE('',#1955,(#1960,#1967),.PCURVE_S1.);
#1955 = CIRCLE('',#1956,2.65);
#1956 = AXIS2_PLACEMENT_3D('',#1957,#1958,#1959);
#1957 = CARTESIAN_POINT('',(116.,27.,3.));
#1958 = DIRECTION('',(1.,-0.,1.110223024625E-16));
#1959 = DIRECTION('',(1.110223024625E-16,0.,-1.));
#1960 = PCURVE('',#1885,#1961);
#1961 = DEFINITIONAL_REPRESENTATION('',(#1962),#1966);
#1962 = LINE('',#1963,#1964);
#1963 = CARTESIAN_POINT('',(0.,-0.35));
#1964 = VECTOR('',#1965,1.);
#1965 = DIRECTION('',(1.,-0.));
#1966 = ( GEOMETRIC_REPRESENTATION_CONTEXT(2) 
PARAMETRIC_REPRESENTATION_CONTEXT() REPRESENTATION_CONTEXT('2D SPACE',''
  ) );
#1967 = PCURVE('',#1968,#1973);
#1968 = PLANE('',#1969);
#1969 = AXIS2_PLACEMENT_3D('',#1970,#1971,#1972);
#1970 = CARTESIAN_POINT('',(116.,27.,3.));
#1971 = DIRECTION('',(1.,0.,1.110223024625E-16));
#1972 = DIRECTION('',(1.110223024625E-16,0.,-1.));
#1973 = DEFINITIONAL_REPRESENTATION('',(#1974),#1978);
#1974 = CIRCLE('',#1975,2.65);
#1975 = AXIS2_PLACEMENT_2D('',#1976,#1977);
#1976 = CARTESIAN_POINT('',(0.,0.));
#1977 = DIRECTION('',(1.,0.));
#1978 = ( GEOMETRIC_REPRESENTATION_CONTEXT(2) 
PARAMETRIC_REPRESENTATION_CONTEXT() REPRESENTATION_CONTEXT('2D SPACE',''
  ) );
#1979 = ORIENTED_EDGE('',*,*,#1980,.F.);
#1980 = EDGE_CURVE('',#1864,#1952,#1981,.T.);
#1981 = SEAM_CURVE('',#1982,(#1986,#1992),.PCURVE_S1.);
#1982 = LINE('',#1983,#1984);
#1983 = CARTESIAN_POINT('',(116.35,27.,0.));
#1984 = VECTOR('',#1985,1.);
#1985 = DIRECTION('',(-0.707106781187,-0.,0.707106781187));
#1986 = PCURVE('',#1885,#1987);
#1987 = DEFINITIONAL_REPRESENTATION('',(#1988),#1991);
#1988 = B_SPLINE_CURVE_WITH_KNOTS('',1,(#1989,#1990),.UNSPECIFIED.,.F.,
  .F.,(2,2),(0.,0.494974746831),.PIECEWISE_BEZIER_KNOTS.);
#1989 = CARTESIAN_POINT('',(6.28318530718,0.));
#1990 = CARTESIAN_POINT('',(6.28318530718,-0.35));
#1991 = ( GEOMETRIC_REPRESENTATION_CONTEXT(2) 
PARAMETRIC_REPRESENTATION_CONTEXT() REPRESENTATION_CONTEXT('2D SPACE',''
  ) );
#1992 = PCURVE('',#1885,#1993);
#1993 = DEFINITIONAL_REPRESENTATION('',(#1994),#1997);
#1994 = B_SPLINE_CURVE_WITH_KNOTS('',1,(#1995,#1996),.UNSPECIFIED.,.F.,
  .F.,(2,2),(0.,0.494974746831),.PIECEWISE_BEZIER_KNOTS.);
#1995 = CARTESIAN_POINT('',(4.138911435803E-13,0.));
#1996 = CARTESIAN_POINT('',(4.138911435803E-13,-0.35));
#1997 = ( GEOMETRIC_REPRESENTATION_CONTEXT(2) 
PARAMETRIC_REPRESENTATION_CONTEXT() REPRESENTATION_CONTEXT('2D SPACE',''
  ) );
#1998 = ORIENTED_EDGE('',*,*,#1863,.F.);
#1999 = ORIENTED_EDGE('',*,*,#1980,.T.);
#2000 = ADVANCED_FACE('',(#2001),#1935,.T.);
#2001 = FACE_BOUND('',#2002,.T.);
#2002 = EDGE_LOOP('',(#2003,#2024,#2025,#2026));
#2003 = ORIENTED_EDGE('',*,*,#2004,.F.);
#2004 = EDGE_CURVE('',#1898,#2005,#2007,.T.);
#2005 = VERTEX_POINT('',#2006);
#2006 = CARTESIAN_POINT('',(166.,27.,0.35));
#2007 = SEAM_CURVE('',#2008,(#2012,#2018),.PCURVE_S1.);
#2008 = LINE('',#2009,#2010);
#2009 = CARTESIAN_POINT('',(165.65,27.,5.329070518201E-15));
#2010 = VECTOR('',#2011,1.);
#2011 = DIRECTION('',(0.707106781187,0.,0.707106781187));
#2012 = PCURVE('',#1935,#2013);
#2013 = DEFINITIONAL_REPRESENTATION('',(#2014),#2017);
#2014 = B_SPLINE_CURVE_WITH_KNOTS('',1,(#2015,#2016),.UNSPECIFIED.,.F.,
  .F.,(2,2),(0.,0.494974746831),.PIECEWISE_BEZIER_KNOTS.);
#2015 = CARTESIAN_POINT('',(6.28318530718,0.));
#2016 = CARTESIAN_POINT('',(6.28318530718,-0.35));
#2017 = ( GEOMETRIC_REPRESENTATION_CONTEXT(2) 
PARAMETRIC_REPRESENTATION_CONTEXT() REPRESENTATION_CONTEXT('2D SPACE',''
  ) );
#2018 = PCURVE('',#1935,#2019);
#2019 = DEFINITIONAL_REPRESENTATION('',(#2020),#2023);
#2020 = B_SPLINE_CURVE_WITH_KNOTS('',1,(#2021,#2022),.UNSPECIFIED.,.F.,
  .F.,(2,2),(0.,0.494974746831),.PIECEWISE_BEZIER_KNOTS.);
#2021 = CARTESIAN_POINT('',(-4.138911435803E-13,0.));
#2022 = CARTESIAN_POINT('',(-4.138911435803E-13,-0.35));
#2023 = ( GEOMETRIC_REPRESENTATION_CONTEXT(2) 
PARAMETRIC_REPRESENTATION_CONTEXT() REPRESENTATION_CONTEXT('2D SPACE',''
  ) );
#2024 = ORIENTED_EDGE('',*,*,#1920,.T.);
#2025 = ORIENTED_EDGE('',*,*,#2004,.T.);
#2026 = ORIENTED_EDGE('',*,*,#2027,.F.);
#2027 = EDGE_CURVE('',#2005,#2005,#2028,.T.);
#2028 = SURFACE_CURVE('',#2029,(#2034,#2041),.PCURVE_S1.);
#2029 = CIRCLE('',#2030,2.65);
#2030 = AXIS2_PLACEMENT_3D('',#2031,#2032,#2033);
#2031 = CARTESIAN_POINT('',(166.,27.,3.));
#2032 = DIRECTION('',(1.,-0.,1.110223024625E-16));
#2033 = DIRECTION('',(1.110223024625E-16,0.,-1.));
#2034 = PCURVE('',#1935,#2035);
#2035 = DEFINITIONAL_REPRESENTATION('',(#2036),#2040);
#2036 = LINE('',#2037,#2038);
#2037 = CARTESIAN_POINT('',(6.28318530718,-0.35));
#2038 = VECTOR('',#2039,1.);
#2039 = DIRECTION('',(-1.,0.));
#2040 = ( GEOMETRIC_REPRESENTATION_CONTEXT(2) 
PARAMETRIC_REPRESENTATION_CONTEXT() REPRESENTATION_CONTEXT('2D SPACE',''
  ) );
#2041 = PCURVE('',#2042,#2047);
#2042 = PLANE('',#2043);
#2043 = AXIS2_PLACEMENT_3D('',#2044,#2045,#2046);
#2044 = CARTESIAN_POINT('',(166.,27.,3.));
#2045 = DIRECTION('',(1.,0.,1.110223024625E-16));
#2046 = DIRECTION('',(1.110223024625E-16,0.,-1.));
#2047 = DEFINITIONAL_REPRESENTATION('',(#2048),#2052);
#2048 = CIRCLE('',#2049,2.65);
#2049 = AXIS2_PLACEMENT_2D('',#2050,#2051);
#2050 = CARTESIAN_POINT('',(4.440892098501E-16,0.));
#2051 = DIRECTION('',(1.,0.));
#2052 = ( GEOMETRIC_REPRESENTATION_CONTEXT(2) 
PARAMETRIC_REPRESENTATION_CONTEXT() REPRESENTATION_CONTEXT('2D SPACE',''
  ) );
#2053 = ADVANCED_FACE('',(#2054),#1968,.F.);
#2054 = FACE_BOUND('',#2055,.F.);
#2055 = EDGE_LOOP('',(#2056));
#2056 = ORIENTED_EDGE('',*,*,#1951,.T.);
#2057 = ADVANCED_FACE('',(#2058),#2042,.T.);
#2058 = FACE_BOUND('',#2059,.T.);
#2059 = EDGE_LOOP('',(#2060));
#2060 = ORIENTED_EDGE('',*,*,#2027,.T.);
#2061 = ( GEOMETRIC_REPRESENTATION_CONTEXT(3) 
GLOBAL_UNCERTAINTY_ASSIGNED_CONTEXT((#2065)) 
GLOBAL_UNIT_ASSIGNED_CONTEXT((#2062,#2063,#2064)) REPRESENTATION_CONTEXT
('Context #1','3D Context with UNIT and UNCERTAINTY') );
#2062 = ( LENGTH_UNIT() NAMED_UNIT(*) SI_UNIT(.MILLI.,.METRE.) );
#2063 = ( NAMED_UNIT(*) PLANE_ANGLE_UNIT() SI_UNIT($,.RADIAN.) );
#2064 = ( NAMED_UNIT(*) SI_UNIT($,.STERADIAN.) SOLID_ANGLE_UNIT() );
#2065 = UNCERTAINTY_MEASURE_WITH_UNIT(LENGTH_MEASURE(1.E-07),#2062,
  'distance_accuracy_value','confusion accuracy');
#2066 = CONTEXT_DEPENDENT_SHAPE_REPRESENTATION(#2067,#2069);
#2067 = ( REPRESENTATION_RELATIONSHIP('','',#1856,#10) 
REPRESENTATION_RELATIONSHIP_WITH_TRANSFORMATION(#2068) 
SHAPE_REPRESENTATION_RELATIONSHIP() );
#2068 = ITEM_DEFINED_TRANSFORMATION('','',#11,#47);
#2069 = PRODUCT_DEFINITION_SHAPE('Placement','Placement of an item',
  #2070);
#2070 = NEXT_ASSEMBLY_USAGE_OCCURRENCE('9','','',#5,#1851,$);
#2071 = PRODUCT_RELATED_PRODUCT_CATEGORY('part',$,(#1853));
#2072 = SHAPE_DEFINITION_REPRESENTATION(#2073,#2079);
#2073 = PRODUCT_DEFINITION_SHAPE('','',#2074);
#2074 = PRODUCT_DEFINITION('design','',#2075,#2078);
#2075 = PRODUCT_DEFINITION_FORMATION('','',#2076);
#2076 = PRODUCT('Open CASCADE STEP translator 7.8 1.10',
  'Open CASCADE STEP translator 7.8 1.10','',(#2077));
#2077 = PRODUCT_CONTEXT('',#2,'mechanical');
#2078 = PRODUCT_DEFINITION_CONTEXT('part definition',#2,'design');
#2079 = SHAPE_REPRESENTATION('',(#11,#2080),#2084);
#2080 = AXIS2_PLACEMENT_3D('',#2081,#2082,#2083);
#2081 = CARTESIAN_POINT('',(0.,0.,0.));
#2082 = DIRECTION('',(0.,0.,1.));
#2083 = DIRECTION('',(1.,0.,-0.));
#2084 = ( GEOMETRIC_REPRESENTATION_CONTEXT(3) 
GLOBAL_UNCERTAINTY_ASSIGNED_CONTEXT((#2088)) 
GLOBAL_UNIT_ASSIGNED_CONTEXT((#2085,#2086,#2087)) REPRESENTATION_CONTEXT
('Context #1','3D Context with UNIT and UNCERTAINTY') );
#2085 = ( LENGTH_UNIT() NAMED_UNIT(*) SI_UNIT(.MILLI.,.METRE.) );
#2086 = ( NAMED_UNIT(*) PLANE_ANGLE_UNIT() SI_UNIT($,.RADIAN.) );
#2087 = ( NAMED_UNIT(*) SI_UNIT($,.STERADIAN.) SOLID_ANGLE_UNIT() );
#2088 = UNCERTAINTY_MEASURE_WITH_UNIT(LENGTH_MEASURE(1.E-07),#2085,
  'distance_accuracy_value','confusion accuracy');
#2089 = CONTEXT_DEPENDENT_SHAPE_REPRESENTATION(#2090,#2092);
#2090 = ( REPRESENTATION_RELATIONSHIP('','',#2079,#10) 
REPRESENTATION_RELATIONSHIP_WITH_TRANSFORMATION(#2091) 
SHAPE_REPRESENTATION_RELATIONSHIP() );
#2091 = ITEM_DEFINED_TRANSFORMATION('','',#11,#51);
#2092 = PRODUCT_DEFINITION_SHAPE('Placement','Placement of an item',
  #2093);
#2093 = NEXT_ASSEMBLY_USAGE_OCCURRENCE('20','','',#5,#2074,$);
#2094 = PRODUCT_RELATED_PRODUCT_CATEGORY('part',$,(#2076));
#2095 = SHAPE_DEFINITION_REPRESENTATION(#2096,#2102);
#2096 = PRODUCT_DEFINITION_SHAPE('','',#2097);
#2097 = PRODUCT_DEFINITION('design','',#2098,#2101);
#2098 = PRODUCT_DEFINITION_FORMATION('','',#2099);
#2099 = PRODUCT('Open CASCADE STEP translator 7.8 1.10.1',
  'Open CASCADE STEP translator 7.8 1.10.1','',(#2100));
#2100 = PRODUCT_CONTEXT('',#2,'mechanical');
#2101 = PRODUCT_DEFINITION_CONTEXT('part definition',#2,'design');
#2102 = SHAPE_REPRESENTATION('',(#11,#2103,#2107,#2111,#2115,#2119,#2123
    ,#2127,#2131,#2135),#2139);
#2103 = AXIS2_PLACEMENT_3D('',#2104,#2105,#2106);
#2104 = CARTESIAN_POINT('',(0.,0.,0.));
#2105 = DIRECTION('',(0.,0.,1.));
#2106 = DIRECTION('',(1.,0.,0.));
#2107 = AXIS2_PLACEMENT_3D('',#2108,#2109,#2110);
#2108 = CARTESIAN_POINT('',(0.,0.,0.));
#2109 = DIRECTION('',(0.,0.,1.));
#2110 = DIRECTION('',(1.,0.,0.));
#2111 = AXIS2_PLACEMENT_3D('',#2112,#2113,#2114);
#2112 = CARTESIAN_POINT('',(0.,0.,0.));
#2113 = DIRECTION('',(0.,0.,1.));
#2114 = DIRECTION('',(1.,0.,0.));
#2115 = AXIS2_PLACEMENT_3D('',#2116,#2117,#2118);
#2116 = CARTESIAN_POINT('',(0.,0.,0.));
#2117 = DIRECTION('',(0.,0.,1.));
#2118 = DIRECTION('',(1.,0.,0.));
#2119 = AXIS2_PLACEMENT_3D('',#2120,#2121,#2122);
#2120 = CARTESIAN_POINT('',(0.,0.,0.));
#2121 = DIRECTION('',(0.,0.,1.));
#2122 = DIRECTION('',(1.,0.,0.));
#2123 = AXIS2_PLACEMENT_3D('',#2124,#2125,#2126);
#2124 = CARTESIAN_POINT('',(0.,0.,0.));
#2125 = DIRECTION('',(0.,0.,1.));
#2126 = DIRECTION('',(1.,0.,0.));
#2127 = AXIS2_PLACEMENT_3D('',#2128,#2129,#2130);
#2128 = CARTESIAN_POINT('',(0.,0.,0.));
#2129 = DIRECTION('',(0.,0.,1.));
#2130 = DIRECTION('',(1.,0.,0.));
#2131 = AXIS2_PLACEMENT_3D('',#2132,#2133,#2134);
#2132 = CARTESIAN_POINT('',(0.,0.,0.));
#2133 = DIRECTION('',(0.,0.,1.));
#2134 = DIRECTION('',(1.,0.,0.));
#2135 = AXIS2_PLACEMENT_3D('',#2136,#2137,#2138);
#2136 = CARTESIAN_POINT('',(0.,0.,0.));
#2137 = DIRECTION('',(0.,0.,1.));
#2138 = DIRECTION('',(1.,0.,0.));
#2139 = ( GEOMETRIC_REPRESENTATION_CONTEXT(3) 
GLOBAL_UNCERTAINTY_ASSIGNED_CONTEXT((#2143)) 
GLOBAL_UNIT_ASSIGNED_CONTEXT((#2140,#2141,#2142)) REPRESENTATION_CONTEXT
('Context #1','3D Context with UNIT and UNCERTAINTY') );
#2140 = ( LENGTH_UNIT() NAMED_UNIT(*) SI_UNIT(.MILLI.,.METRE.) );
#2141 = ( NAMED_UNIT(*) PLANE_ANGLE_UNIT() SI_UNIT($,.RADIAN.) );
#2142 = ( NAMED_UNIT(*) SI_UNIT($,.STERADIAN.) SOLID_ANGLE_UNIT() );
#2143 = UNCERTAINTY_MEASURE_WITH_UNIT(LENGTH_MEASURE(1.E-07),#2140,
  'distance_accuracy_value','confusion accuracy');
#2144 = CONTEXT_DEPENDENT_SHAPE_REPRESENTATION(#2145,#2147);
#2145 = ( REPRESENTATION_RELATIONSHIP('','',#2102,#2079) 
REPRESENTATION_RELATIONSHIP_WITH_TRANSFORMATION(#2146) 
SHAPE_REPRESENTATION_RELATIONSHIP() );
#2146 = ITEM_DEFINED_TRANSFORMATION('','',#11,#2080);
#2147 = PRODUCT_DEFINITION_SHAPE('Placement','Placement of an item',
  #2148);
#2148 = NEXT_ASSEMBLY_USAGE_OCCURRENCE('19','','',#2074,#2097,$);
#2149 = PRODUCT_RELATED_PRODUCT_CATEGORY('part',$,(#2099));
#2150 = SHAPE_DEFINITION_REPRESENTATION(#2151,#2157);
#2151 = PRODUCT_DEFINITION_SHAPE('','',#2152);
#2152 = PRODUCT_DEFINITION('design','',#2153,#2156);
#2153 = PRODUCT_DEFINITION_FORMATION('','',#2154);
#2154 = PRODUCT('Open CASCADE STEP translator 7.8 1.10.1.1',
  'Open CASCADE STEP translator 7.8 1.10.1.1','',(#2155));
#2155 = PRODUCT_CONTEXT('',#2,'mechanical');
#2156 = PRODUCT_DEFINITION_CONTEXT('part definition',#2,'design');
#2157 = ADVANCED_BREP_SHAPE_REPRESENTATION('',(#11,#2158),#2664);
#2158 = MANIFOLD_SOLID_BREP('',#2159);
#2159 = CLOSED_SHELL('',(#2160,#2248,#2303,#2358,#2397,#2436,#2491,#2546
    ,#2601,#2656,#2660));
#2160 = ADVANCED_FACE('',(#2161),#2174,.T.);
#2161 = FACE_BOUND('',#2162,.T.);
#2162 = EDGE_LOOP('',(#2163,#2197,#2220,#2247));
#2163 = ORIENTED_EDGE('',*,*,#2164,.T.);
#2164 = EDGE_CURVE('',#2165,#2165,#2167,.T.);
#2165 = VERTEX_POINT('',#2166);
#2166 = CARTESIAN_POINT('',(13.,44.5,0.35));
#2167 = SURFACE_CURVE('',#2168,(#2173,#2185),.PCURVE_S1.);
#2168 = CIRCLE('',#2169,6.5);
#2169 = AXIS2_PLACEMENT_3D('',#2170,#2171,#2172);
#2170 = CARTESIAN_POINT('',(6.5,44.5,0.35));
#2171 = DIRECTION('',(0.,0.,1.));
#2172 = DIRECTION('',(1.,0.,0.));
#2173 = PCURVE('',#2174,#2179);
#2174 = CYLINDRICAL_SURFACE('',#2175,6.5);
#2175 = AXIS2_PLACEMENT_3D('',#2176,#2177,#2178);
#2176 = CARTESIAN_POINT('',(6.5,44.5,7.771561172376E-16));
#2177 = DIRECTION('',(-0.,-0.,-1.));
#2178 = DIRECTION('',(1.,0.,0.));
#2179 = DEFINITIONAL_REPRESENTATION('',(#2180),#2184);
#2180 = LINE('',#2181,#2182);
#2181 = CARTESIAN_POINT('',(6.28318530718,-0.35));
#2182 = VECTOR('',#2183,1.);
#2183 = DIRECTION('',(-1.,0.));
#2184 = ( GEOMETRIC_REPRESENTATION_CONTEXT(2) 
PARAMETRIC_REPRESENTATION_CONTEXT() REPRESENTATION_CONTEXT('2D SPACE',''
  ) );
#2185 = PCURVE('',#2186,#2191);
#2186 = CONICAL_SURFACE('',#2187,6.5,0.785398163397);
#2187 = AXIS2_PLACEMENT_3D('',#2188,#2189,#2190);
#2188 = CARTESIAN_POINT('',(6.5,44.5,0.35));
#2189 = DIRECTION('',(0.,0.,1.));
#2190 = DIRECTION('',(1.,0.,0.));
#2191 = DEFINITIONAL_REPRESENTATION('',(#2192),#2196);
#2192 = LINE('',#2193,#2194);
#2193 = CARTESIAN_POINT('',(0.,0.));
#2194 = VECTOR('',#2195,1.);
#2195 = DIRECTION('',(1.,-0.));
#2196 = ( GEOMETRIC_REPRESENTATION_CONTEXT(2) 
PARAMETRIC_REPRESENTATION_CONTEXT() REPRESENTATION_CONTEXT('2D SPACE',''
  ) );
#2197 = ORIENTED_EDGE('',*,*,#2198,.T.);
#2198 = EDGE_CURVE('',#2165,#2199,#2201,.T.);
#2199 = VERTEX_POINT('',#2200);
#2200 = CARTESIAN_POINT('',(13.,44.5,12.65));
#2201 = SEAM_CURVE('',#2202,(#2206,#2213),.PCURVE_S1.);
#2202 = LINE('',#2203,#2204);
#2203 = CARTESIAN_POINT('',(13.,44.5,7.771561172376E-16));
#2204 = VECTOR('',#2205,1.);
#2205 = DIRECTION('',(0.,0.,1.));
#2206 = PCURVE('',#2174,#2207);
#2207 = DEFINITIONAL_REPRESENTATION('',(#2208),#2212);
#2208 = LINE('',#2209,#2210);
#2209 = CARTESIAN_POINT('',(-4.138911435803E-13,0.));
#2210 = VECTOR('',#2211,1.);
#2211 = DIRECTION('',(-0.,-1.));
#2212 = ( GEOMETRIC_REPRESENTATION_CONTEXT(2) 
PARAMETRIC_REPRESENTATION_CONTEXT() REPRESENTATION_CONTEXT('2D SPACE',''
  ) );
#2213 = PCURVE('',#2174,#2214);
#2214 = DEFINITIONAL_REPRESENTATION('',(#2215),#2219);
#2215 = LINE('',#2216,#2217);
#2216 = CARTESIAN_POINT('',(6.28318530718,0.));
#2217 = VECTOR('',#2218,1.);
#2218 = DIRECTION('',(-0.,-1.));
#2219 = ( GEOMETRIC_REPRESENTATION_CONTEXT(2) 
PARAMETRIC_REPRESENTATION_CONTEXT() REPRESENTATION_CONTEXT('2D SPACE',''
  ) );
#2220 = ORIENTED_EDGE('',*,*,#2221,.F.);
#2221 = EDGE_CURVE('',#2199,#2199,#2222,.T.);
#2222 = SURFACE_CURVE('',#2223,(#2228,#2235),.PCURVE_S1.);
#2223 = CIRCLE('',#2224,6.5);
#2224 = AXIS2_PLACEMENT_3D('',#2225,#2226,#2227);
#2225 = CARTESIAN_POINT('',(6.5,44.5,12.65));
#2226 = DIRECTION('',(0.,0.,1.));
#2227 = DIRECTION('',(1.,0.,0.));
#2228 = PCURVE('',#2174,#2229);
#2229 = DEFINITIONAL_REPRESENTATION('',(#2230),#2234);
#2230 = LINE('',#2231,#2232);
#2231 = CARTESIAN_POINT('',(6.28318530718,-12.65));
#2232 = VECTOR('',#2233,1.);
#2233 = DIRECTION('',(-1.,0.));
#2234 = ( GEOMETRIC_REPRESENTATION_CONTEXT(2) 
PARAMETRIC_REPRESENTATION_CONTEXT() REPRESENTATION_CONTEXT('2D SPACE',''
  ) );
#2235 = PCURVE('',#2236,#2241);
#2236 = CONICAL_SURFACE('',#2237,6.5,0.785398163397);
#2237 = AXIS2_PLACEMENT_3D('',#2238,#2239,#2240);
#2238 = CARTESIAN_POINT('',(6.5,44.5,12.65));
#2239 = DIRECTION('',(-0.,-0.,-1.));
#2240 = DIRECTION('',(1.,0.,0.));
#2241 = DEFINITIONAL_REPRESENTATION('',(#2242),#2246);
#2242 = LINE('',#2243,#2244);
#2243 = CARTESIAN_POINT('',(6.28318530718,0.));
#2244 = VECTOR('',#2245,1.);
#2245 = DIRECTION('',(-1.,0.));
#2246 = ( GEOMETRIC_REPRESENTATION_CONTEXT(2) 
PARAMETRIC_REPRESENTATION_CONTEXT() REPRESENTATION_CONTEXT('2D SPACE',''
  ) );
#2247 = ORIENTED_EDGE('',*,*,#2198,.F.);
#2248 = ADVANCED_FACE('',(#2249),#2186,.T.);
#2249 = FACE_BOUND('',#2250,.T.);
#2250 = EDGE_LOOP('',(#2251,#2280,#2301,#2302));
#2251 = ORIENTED_EDGE('',*,*,#2252,.T.);
#2252 = EDGE_CURVE('',#2253,#2253,#2255,.T.);
#2253 = VERTEX_POINT('',#2254);
#2254 = CARTESIAN_POINT('',(12.65,44.5,7.771561172376E-16));
#2255 = SURFACE_CURVE('',#2256,(#2261,#2268),.PCURVE_S1.);
#2256 = CIRCLE('',#2257,6.15);
#2257 = AXIS2_PLACEMENT_3D('',#2258,#2259,#2260);
#2258 = CARTESIAN_POINT('',(6.5,44.5,7.771561172376E-16));
#2259 = DIRECTION('',(0.,0.,1.));
#2260 = DIRECTION('',(1.,0.,0.));
#2261 = PCURVE('',#2186,#2262);
#2262 = DEFINITIONAL_REPRESENTATION('',(#2263),#2267);
#2263 = LINE('',#2264,#2265);
#2264 = CARTESIAN_POINT('',(0.,-0.35));
#2265 = VECTOR('',#2266,1.);
#2266 = DIRECTION('',(1.,-0.));
#2267 = ( GEOMETRIC_REPRESENTATION_CONTEXT(2) 
PARAMETRIC_REPRESENTATION_CONTEXT() REPRESENTATION_CONTEXT('2D SPACE',''
  ) );
#2268 = PCURVE('',#2269,#2274);
#2269 = PLANE('',#2270);
#2270 = AXIS2_PLACEMENT_3D('',#2271,#2272,#2273);
#2271 = CARTESIAN_POINT('',(6.5,44.5,7.771561172376E-16));
#2272 = DIRECTION('',(0.,0.,1.));
#2273 = DIRECTION('',(1.,0.,0.));
#2274 = DEFINITIONAL_REPRESENTATION('',(#2275),#2279);
#2275 = CIRCLE('',#2276,6.15);
#2276 = AXIS2_PLACEMENT_2D('',#2277,#2278);
#2277 = CARTESIAN_POINT('',(0.,0.));
#2278 = DIRECTION('',(1.,0.));
#2279 = ( GEOMETRIC_REPRESENTATION_CONTEXT(2) 
PARAMETRIC_REPRESENTATION_CONTEXT() REPRESENTATION_CONTEXT('2D SPACE',''
  ) );
#2280 = ORIENTED_EDGE('',*,*,#2281,.F.);
#2281 = EDGE_CURVE('',#2165,#2253,#2282,.T.);
#2282 = SEAM_CURVE('',#2283,(#2287,#2294),.PCURVE_S1.);
#2283 = LINE('',#2284,#2285);
#2284 = CARTESIAN_POINT('',(13.,44.5,0.35));
#2285 = VECTOR('',#2286,1.);
#2286 = DIRECTION('',(-0.707106781187,-0.,-0.707106781187));
#2287 = PCURVE('',#2186,#2288);
#2288 = DEFINITIONAL_REPRESENTATION('',(#2289),#2293);
#2289 = LINE('',#2290,#2291);
#2290 = CARTESIAN_POINT('',(6.28318530718,0.));
#2291 = VECTOR('',#2292,1.);
#2292 = DIRECTION('',(0.,-1.));
#2293 = ( GEOMETRIC_REPRESENTATION_CONTEXT(2) 
PARAMETRIC_REPRESENTATION_CONTEXT() REPRESENTATION_CONTEXT('2D SPACE',''
  ) );
#2294 = PCURVE('',#2186,#2295);
#2295 = DEFINITIONAL_REPRESENTATION('',(#2296),#2300);
#2296 = LINE('',#2297,#2298);
#2297 = CARTESIAN_POINT('',(4.138911435803E-13,0.));
#2298 = VECTOR('',#2299,1.);
#2299 = DIRECTION('',(0.,-1.));
#2300 = ( GEOMETRIC_REPRESENTATION_CONTEXT(2) 
PARAMETRIC_REPRESENTATION_CONTEXT() REPRESENTATION_CONTEXT('2D SPACE',''
  ) );
#2301 = ORIENTED_EDGE('',*,*,#2164,.F.);
#2302 = ORIENTED_EDGE('',*,*,#2281,.T.);
#2303 = ADVANCED_FACE('',(#2304),#2236,.T.);
#2304 = FACE_BOUND('',#2305,.T.);
#2305 = EDGE_LOOP('',(#2306,#2329,#2330,#2331));
#2306 = ORIENTED_EDGE('',*,*,#2307,.F.);
#2307 = EDGE_CURVE('',#2199,#2308,#2310,.T.);
#2308 = VERTEX_POINT('',#2309);
#2309 = CARTESIAN_POINT('',(12.65,44.5,13.));
#2310 = SEAM_CURVE('',#2311,(#2315,#2322),.PCURVE_S1.);
#2311 = LINE('',#2312,#2313);
#2312 = CARTESIAN_POINT('',(13.,44.5,12.65));
#2313 = VECTOR('',#2314,1.);
#2314 = DIRECTION('',(-0.707106781187,0.,0.707106781187));
#2315 = PCURVE('',#2236,#2316);
#2316 = DEFINITIONAL_REPRESENTATION('',(#2317),#2321);
#2317 = LINE('',#2318,#2319);
#2318 = CARTESIAN_POINT('',(6.28318530718,0.));
#2319 = VECTOR('',#2320,1.);
#2320 = DIRECTION('',(-0.,-1.));
#2321 = ( GEOMETRIC_REPRESENTATION_CONTEXT(2) 
PARAMETRIC_REPRESENTATION_CONTEXT() REPRESENTATION_CONTEXT('2D SPACE',''
  ) );
#2322 = PCURVE('',#2236,#2323);
#2323 = DEFINITIONAL_REPRESENTATION('',(#2324),#2328);
#2324 = LINE('',#2325,#2326);
#2325 = CARTESIAN_POINT('',(-4.138911435803E-13,0.));
#2326 = VECTOR('',#2327,1.);
#2327 = DIRECTION('',(-0.,-1.));
#2328 = ( GEOMETRIC_REPRESENTATION_CONTEXT(2) 
PARAMETRIC_REPRESENTATION_CONTEXT() REPRESENTATION_CONTEXT('2D SPACE',''
  ) );
#2329 = ORIENTED_EDGE('',*,*,#2221,.T.);
#2330 = ORIENTED_EDGE('',*,*,#2307,.T.);
#2331 = ORIENTED_EDGE('',*,*,#2332,.F.);
#2332 = EDGE_CURVE('',#2308,#2308,#2333,.T.);
#2333 = SURFACE_CURVE('',#2334,(#2339,#2346),.PCURVE_S1.);
#2334 = CIRCLE('',#2335,6.15);
#2335 = AXIS2_PLACEMENT_3D('',#2336,#2337,#2338);
#2336 = CARTESIAN_POINT('',(6.5,44.5,13.));
#2337 = DIRECTION('',(0.,0.,1.));
#2338 = DIRECTION('',(1.,0.,0.));
#2339 = PCURVE('',#2236,#2340);
#2340 = DEFINITIONAL_REPRESENTATION('',(#2341),#2345);
#2341 = LINE('',#2342,#2343);
#2342 = CARTESIAN_POINT('',(6.28318530718,-0.35));
#2343 = VECTOR('',#2344,1.);
#2344 = DIRECTION('',(-1.,0.));
#2345 = ( GEOMETRIC_REPRESENTATION_CONTEXT(2) 
PARAMETRIC_REPRESENTATION_CONTEXT() REPRESENTATION_CONTEXT('2D SPACE',''
  ) );
#2346 = PCURVE('',#2347,#2352);
#2347 = PLANE('',#2348);
#2348 = AXIS2_PLACEMENT_3D('',#2349,#2350,#2351);
#2349 = CARTESIAN_POINT('',(6.5,44.5,13.));
#2350 = DIRECTION('',(0.,0.,1.));
#2351 = DIRECTION('',(1.,0.,0.));
#2352 = DEFINITIONAL_REPRESENTATION('',(#2353),#2357);
#2353 = CIRCLE('',#2354,6.15);
#2354 = AXIS2_PLACEMENT_2D('',#2355,#2356);
#2355 = CARTESIAN_POINT('',(0.,0.));
#2356 = DIRECTION('',(1.,0.));
#2357 = ( GEOMETRIC_REPRESENTATION_CONTEXT(2) 
PARAMETRIC_REPRESENTATION_CONTEXT() REPRESENTATION_CONTEXT('2D SPACE',''
  ) );
#2358 = ADVANCED_FACE('',(#2359,#2362),#2269,.F.);
#2359 = FACE_BOUND('',#2360,.F.);
#2360 = EDGE_LOOP('',(#2361));
#2361 = ORIENTED_EDGE('',*,*,#2252,.T.);
#2362 = FACE_BOUND('',#2363,.F.);
#2363 = EDGE_LOOP('',(#2364));
#2364 = ORIENTED_EDGE('',*,*,#2365,.T.);
#2365 = EDGE_CURVE('',#2366,#2366,#2368,.T.);
#2366 = VERTEX_POINT('',#2367);
#2367 = CARTESIAN_POINT('',(10.05,44.5,7.771561172376E-16));
#2368 = SURFACE_CURVE('',#2369,(#2374,#2385),.PCURVE_S1.);
#2369 = CIRCLE('',#2370,3.55);
#2370 = AXIS2_PLACEMENT_3D('',#2371,#2372,#2373);
#2371 = CARTESIAN_POINT('',(6.5,44.5,7.771561172376E-16));
#2372 = DIRECTION('',(0.,0.,-1.));
#2373 = DIRECTION('',(1.,0.,0.));
#2374 = PCURVE('',#2269,#2375);
#2375 = DEFINITIONAL_REPRESENTATION('',(#2376),#2384);
#2376 = ( BOUNDED_CURVE() B_SPLINE_CURVE(2,(#2377,#2378,#2379,#2380,
#2381,#2382,#2383),.UNSPECIFIED.,.T.,.F.) B_SPLINE_CURVE_WITH_KNOTS((1,2
    ,2,2,2,1),(-2.094395102393,0.,2.094395102393,4.188790204786,
6.28318530718,8.377580409573),.UNSPECIFIED.) CURVE() 
GEOMETRIC_REPRESENTATION_ITEM() RATIONAL_B_SPLINE_CURVE((1.,0.5,1.,0.5,
1.,0.5,1.)) REPRESENTATION_ITEM('') );
#2377 = CARTESIAN_POINT('',(3.55,0.));
#2378 = CARTESIAN_POINT('',(3.55,-6.14878036687));
#2379 = CARTESIAN_POINT('',(-1.775,-3.074390183435));
#2380 = CARTESIAN_POINT('',(-7.1,-8.694992273946E-16));
#2381 = CARTESIAN_POINT('',(-1.775,3.074390183435));
#2382 = CARTESIAN_POINT('',(3.55,6.14878036687));
#2383 = CARTESIAN_POINT('',(3.55,0.));
#2384 = ( GEOMETRIC_REPRESENTATION_CONTEXT(2) 
PARAMETRIC_REPRESENTATION_CONTEXT() REPRESENTATION_CONTEXT('2D SPACE',''
  ) );
#2385 = PCURVE('',#2386,#2391);
#2386 = CONICAL_SURFACE('',#2387,3.2,0.785398163397);
#2387 = AXIS2_PLACEMENT_3D('',#2388,#2389,#2390);
#2388 = CARTESIAN_POINT('',(6.5,44.5,0.35));
#2389 = DIRECTION('',(-0.,-0.,-1.));
#2390 = DIRECTION('',(1.,0.,0.));
#2391 = DEFINITIONAL_REPRESENTATION('',(#2392),#2396);
#2392 = LINE('',#2393,#2394);
#2393 = CARTESIAN_POINT('',(0.,0.35));
#2394 = VECTOR('',#2395,1.);
#2395 = DIRECTION('',(1.,-0.));
#2396 = ( GEOMETRIC_REPRESENTATION_CONTEXT(2) 
PARAMETRIC_REPRESENTATION_CONTEXT() REPRESENTATION_CONTEXT('2D SPACE',''
  ) );
#2397 = ADVANCED_FACE('',(#2398,#2401),#2347,.T.);
#2398 = FACE_BOUND('',#2399,.T.);
#2399 = EDGE_LOOP('',(#2400));
#2400 = ORIENTED_EDGE('',*,*,#2332,.T.);
#2401 = FACE_BOUND('',#2402,.T.);
#2402 = EDGE_LOOP('',(#2403));
#2403 = ORIENTED_EDGE('',*,*,#2404,.T.);
#2404 = EDGE_CURVE('',#2405,#2405,#2407,.T.);
#2405 = VERTEX_POINT('',#2406);
#2406 = CARTESIAN_POINT('',(10.05,44.5,13.));
#2407 = SURFACE_CURVE('',#2408,(#2413,#2424),.PCURVE_S1.);
#2408 = CIRCLE('',#2409,3.55);
#2409 = AXIS2_PLACEMENT_3D('',#2410,#2411,#2412);
#2410 = CARTESIAN_POINT('',(6.5,44.5,13.));
#2411 = DIRECTION('',(0.,0.,-1.));
#2412 = DIRECTION('',(1.,0.,0.));
#2413 = PCURVE('',#2347,#2414);
#2414 = DEFINITIONAL_REPRESENTATION('',(#2415),#2423);
#2415 = ( BOUNDED_CURVE() B_SPLINE_CURVE(2,(#2416,#2417,#2418,#2419,
#2420,#2421,#2422),.UNSPECIFIED.,.T.,.F.) B_SPLINE_CURVE_WITH_KNOTS((1,2
    ,2,2,2,1),(-2.094395102393,0.,2.094395102393,4.188790204786,
6.28318530718,8.377580409573),.UNSPECIFIED.) CURVE() 
GEOMETRIC_REPRESENTATION_ITEM() RATIONAL_B_SPLINE_CURVE((1.,0.5,1.,0.5,
1.,0.5,1.)) REPRESENTATION_ITEM('') );
#2416 = CARTESIAN_POINT('',(3.55,0.));
#2417 = CARTESIAN_POINT('',(3.55,-6.14878036687));
#2418 = CARTESIAN_POINT('',(-1.775,-3.074390183435));
#2419 = CARTESIAN_POINT('',(-7.1,-8.694992273946E-16));
#2420 = CARTESIAN_POINT('',(-1.775,3.074390183435));
#2421 = CARTESIAN_POINT('',(3.55,6.14878036687));
#2422 = CARTESIAN_POINT('',(3.55,0.));
#2423 = ( GEOMETRIC_REPRESENTATION_CONTEXT(2) 
PARAMETRIC_REPRESENTATION_CONTEXT() REPRESENTATION_CONTEXT('2D SPACE',''
  ) );
#2424 = PCURVE('',#2425,#2430);
#2425 = CONICAL_SURFACE('',#2426,3.2,0.785398163397);
#2426 = AXIS2_PLACEMENT_3D('',#2427,#2428,#2429);
#2427 = CARTESIAN_POINT('',(6.5,44.5,12.65));
#2428 = DIRECTION('',(0.,0.,1.));
#2429 = DIRECTION('',(1.,0.,0.));
#2430 = DEFINITIONAL_REPRESENTATION('',(#2431),#2435);
#2431 = LINE('',#2432,#2433);
#2432 = CARTESIAN_POINT('',(6.28318530718,0.35));
#2433 = VECTOR('',#2434,1.);
#2434 = DIRECTION('',(-1.,0.));
#2435 = ( GEOMETRIC_REPRESENTATION_CONTEXT(2) 
PARAMETRIC_REPRESENTATION_CONTEXT() REPRESENTATION_CONTEXT('2D SPACE',''
  ) );
#2436 = ADVANCED_FACE('',(#2437),#2386,.F.);
#2437 = FACE_BOUND('',#2438,.F.);
#2438 = EDGE_LOOP('',(#2439,#2468,#2489,#2490));
#2439 = ORIENTED_EDGE('',*,*,#2440,.T.);
#2440 = EDGE_CURVE('',#2441,#2441,#2443,.T.);
#2441 = VERTEX_POINT('',#2442);
#2442 = CARTESIAN_POINT('',(9.7,44.5,0.35));
#2443 = SURFACE_CURVE('',#2444,(#2449,#2456),.PCURVE_S1.);
#2444 = CIRCLE('',#2445,3.2);
#2445 = AXIS2_PLACEMENT_3D('',#2446,#2447,#2448);
#2446 = CARTESIAN_POINT('',(6.5,44.5,0.35));
#2447 = DIRECTION('',(0.,0.,-1.));
#2448 = DIRECTION('',(1.,0.,0.));
#2449 = PCURVE('',#2386,#2450);
#2450 = DEFINITIONAL_REPRESENTATION('',(#2451),#2455);
#2451 = LINE('',#2452,#2453);
#2452 = CARTESIAN_POINT('',(0.,0.));
#2453 = VECTOR('',#2454,1.);
#2454 = DIRECTION('',(1.,-0.));
#2455 = ( GEOMETRIC_REPRESENTATION_CONTEXT(2) 
PARAMETRIC_REPRESENTATION_CONTEXT() REPRESENTATION_CONTEXT('2D SPACE',''
  ) );
#2456 = PCURVE('',#2457,#2462);
#2457 = CYLINDRICAL_SURFACE('',#2458,3.2);
#2458 = AXIS2_PLACEMENT_3D('',#2459,#2460,#2461);
#2459 = CARTESIAN_POINT('',(6.5,44.5,-5.E-02));
#2460 = DIRECTION('',(-0.,-0.,-1.));
#2461 = DIRECTION('',(1.,0.,0.));
#2462 = DEFINITIONAL_REPRESENTATION('',(#2463),#2467);
#2463 = LINE('',#2464,#2465);
#2464 = CARTESIAN_POINT('',(-4.138911435803E-13,-0.4));
#2465 = VECTOR('',#2466,1.);
#2466 = DIRECTION('',(1.,-0.));
#2467 = ( GEOMETRIC_REPRESENTATION_CONTEXT(2) 
PARAMETRIC_REPRESENTATION_CONTEXT() REPRESENTATION_CONTEXT('2D SPACE',''
  ) );
#2468 = ORIENTED_EDGE('',*,*,#2469,.F.);
#2469 = EDGE_CURVE('',#2366,#2441,#2470,.T.);
#2470 = SEAM_CURVE('',#2471,(#2475,#2482),.PCURVE_S1.);
#2471 = LINE('',#2472,#2473);
#2472 = CARTESIAN_POINT('',(9.7,44.5,0.35));
#2473 = VECTOR('',#2474,1.);
#2474 = DIRECTION('',(-0.707106781187,0.,0.707106781187));
#2475 = PCURVE('',#2386,#2476);
#2476 = DEFINITIONAL_REPRESENTATION('',(#2477),#2481);
#2477 = LINE('',#2478,#2479);
#2478 = CARTESIAN_POINT('',(6.28318530718,0.));
#2479 = VECTOR('',#2480,1.);
#2480 = DIRECTION('',(0.,-1.));
#2481 = ( GEOMETRIC_REPRESENTATION_CONTEXT(2) 
PARAMETRIC_REPRESENTATION_CONTEXT() REPRESENTATION_CONTEXT('2D SPACE',''
  ) );
#2482 = PCURVE('',#2386,#2483);
#2483 = DEFINITIONAL_REPRESENTATION('',(#2484),#2488);
#2484 = LINE('',#2485,#2486);
#2485 = CARTESIAN_POINT('',(4.138911435803E-13,0.));
#2486 = VECTOR('',#2487,1.);
#2487 = DIRECTION('',(0.,-1.));
#2488 = ( GEOMETRIC_REPRESENTATION_CONTEXT(2) 
PARAMETRIC_REPRESENTATION_CONTEXT() REPRESENTATION_CONTEXT('2D SPACE',''
  ) );
#2489 = ORIENTED_EDGE('',*,*,#2365,.F.);
#2490 = ORIENTED_EDGE('',*,*,#2469,.T.);
#2491 = ADVANCED_FACE('',(#2492),#2425,.F.);
#2492 = FACE_BOUND('',#2493,.F.);
#2493 = EDGE_LOOP('',(#2494,#2517,#2518,#2519));
#2494 = ORIENTED_EDGE('',*,*,#2495,.F.);
#2495 = EDGE_CURVE('',#2405,#2496,#2498,.T.);
#2496 = VERTEX_POINT('',#2497);
#2497 = CARTESIAN_POINT('',(9.7,44.5,12.65));
#2498 = SEAM_CURVE('',#2499,(#2503,#2510),.PCURVE_S1.);
#2499 = LINE('',#2500,#2501);
#2500 = CARTESIAN_POINT('',(9.7,44.5,12.65));
#2501 = VECTOR('',#2502,1.);
#2502 = DIRECTION('',(-0.707106781187,0.,-0.707106781187));
#2503 = PCURVE('',#2425,#2504);
#2504 = DEFINITIONAL_REPRESENTATION('',(#2505),#2509);
#2505 = LINE('',#2506,#2507);
#2506 = CARTESIAN_POINT('',(6.28318530718,0.));
#2507 = VECTOR('',#2508,1.);
#2508 = DIRECTION('',(-0.,-1.));
#2509 = ( GEOMETRIC_REPRESENTATION_CONTEXT(2) 
PARAMETRIC_REPRESENTATION_CONTEXT() REPRESENTATION_CONTEXT('2D SPACE',''
  ) );
#2510 = PCURVE('',#2425,#2511);
#2511 = DEFINITIONAL_REPRESENTATION('',(#2512),#2516);
#2512 = LINE('',#2513,#2514);
#2513 = CARTESIAN_POINT('',(-4.138911435803E-13,0.));
#2514 = VECTOR('',#2515,1.);
#2515 = DIRECTION('',(-0.,-1.));
#2516 = ( GEOMETRIC_REPRESENTATION_CONTEXT(2) 
PARAMETRIC_REPRESENTATION_CONTEXT() REPRESENTATION_CONTEXT('2D SPACE',''
  ) );
#2517 = ORIENTED_EDGE('',*,*,#2404,.T.);
#2518 = ORIENTED_EDGE('',*,*,#2495,.T.);
#2519 = ORIENTED_EDGE('',*,*,#2520,.F.);
#2520 = EDGE_CURVE('',#2496,#2496,#2521,.T.);
#2521 = SURFACE_CURVE('',#2522,(#2527,#2534),.PCURVE_S1.);
#2522 = CIRCLE('',#2523,3.2);
#2523 = AXIS2_PLACEMENT_3D('',#2524,#2525,#2526);
#2524 = CARTESIAN_POINT('',(6.5,44.5,12.65));
#2525 = DIRECTION('',(0.,0.,-1.));
#2526 = DIRECTION('',(1.,0.,0.));
#2527 = PCURVE('',#2425,#2528);
#2528 = DEFINITIONAL_REPRESENTATION('',(#2529),#2533);
#2529 = LINE('',#2530,#2531);
#2530 = CARTESIAN_POINT('',(6.28318530718,-4.440892098501E-16));
#2531 = VECTOR('',#2532,1.);
#2532 = DIRECTION('',(-1.,0.));
#2533 = ( GEOMETRIC_REPRESENTATION_CONTEXT(2) 
PARAMETRIC_REPRESENTATION_CONTEXT() REPRESENTATION_CONTEXT('2D SPACE',''
  ) );
#2534 = PCURVE('',#2535,#2540);
#2535 = CYLINDRICAL_SURFACE('',#2536,3.2);
#2536 = AXIS2_PLACEMENT_3D('',#2537,#2538,#2539);
#2537 = CARTESIAN_POINT('',(6.5,44.5,7.95));
#2538 = DIRECTION('',(-0.,-0.,-1.));
#2539 = DIRECTION('',(1.,0.,0.));
#2540 = DEFINITIONAL_REPRESENTATION('',(#2541),#2545);
#2541 = LINE('',#2542,#2543);
#2542 = CARTESIAN_POINT('',(-4.138911435803E-13,-4.7));
#2543 = VECTOR('',#2544,1.);
#2544 = DIRECTION('',(1.,-0.));
#2545 = ( GEOMETRIC_REPRESENTATION_CONTEXT(2) 
PARAMETRIC_REPRESENTATION_CONTEXT() REPRESENTATION_CONTEXT('2D SPACE',''
  ) );
#2546 = ADVANCED_FACE('',(#2547),#2457,.F.);
#2547 = FACE_BOUND('',#2548,.F.);
#2548 = EDGE_LOOP('',(#2549,#2578,#2599,#2600));
#2549 = ORIENTED_EDGE('',*,*,#2550,.F.);
#2550 = EDGE_CURVE('',#2551,#2551,#2553,.T.);
#2551 = VERTEX_POINT('',#2552);
#2552 = CARTESIAN_POINT('',(9.7,44.5,5.05));
#2553 = SURFACE_CURVE('',#2554,(#2559,#2566),.PCURVE_S1.);
#2554 = CIRCLE('',#2555,3.2);
#2555 = AXIS2_PLACEMENT_3D('',#2556,#2557,#2558);
#2556 = CARTESIAN_POINT('',(6.5,44.5,5.05));
#2557 = DIRECTION('',(0.,0.,1.));
#2558 = DIRECTION('',(1.,0.,0.));
#2559 = PCURVE('',#2457,#2560);
#2560 = DEFINITIONAL_REPRESENTATION('',(#2561),#2565);
#2561 = LINE('',#2562,#2563);
#2562 = CARTESIAN_POINT('',(6.28318530718,-5.1));
#2563 = VECTOR('',#2564,1.);
#2564 = DIRECTION('',(-1.,0.));
#2565 = ( GEOMETRIC_REPRESENTATION_CONTEXT(2) 
PARAMETRIC_REPRESENTATION_CONTEXT() REPRESENTATION_CONTEXT('2D SPACE',''
  ) );
#2566 = PCURVE('',#2567,#2572);
#2567 = PLANE('',#2568);
#2568 = AXIS2_PLACEMENT_3D('',#2569,#2570,#2571);
#2569 = CARTESIAN_POINT('',(6.5,44.5,5.05));
#2570 = DIRECTION('',(0.,0.,1.));
#2571 = DIRECTION('',(1.,0.,0.));
#2572 = DEFINITIONAL_REPRESENTATION('',(#2573),#2577);
#2573 = CIRCLE('',#2574,3.2);
#2574 = AXIS2_PLACEMENT_2D('',#2575,#2576);
#2575 = CARTESIAN_POINT('',(0.,0.));
#2576 = DIRECTION('',(1.,0.));
#2577 = ( GEOMETRIC_REPRESENTATION_CONTEXT(2) 
PARAMETRIC_REPRESENTATION_CONTEXT() REPRESENTATION_CONTEXT('2D SPACE',''
  ) );
#2578 = ORIENTED_EDGE('',*,*,#2579,.F.);
#2579 = EDGE_CURVE('',#2441,#2551,#2580,.T.);
#2580 = SEAM_CURVE('',#2581,(#2585,#2592),.PCURVE_S1.);
#2581 = LINE('',#2582,#2583);
#2582 = CARTESIAN_POINT('',(9.7,44.5,-5.E-02));
#2583 = VECTOR('',#2584,1.);
#2584 = DIRECTION('',(0.,0.,1.));
#2585 = PCURVE('',#2457,#2586);
#2586 = DEFINITIONAL_REPRESENTATION('',(#2587),#2591);
#2587 = LINE('',#2588,#2589);
#2588 = CARTESIAN_POINT('',(6.283185307179,0.));
#2589 = VECTOR('',#2590,1.);
#2590 = DIRECTION('',(-0.,-1.));
#2591 = ( GEOMETRIC_REPRESENTATION_CONTEXT(2) 
PARAMETRIC_REPRESENTATION_CONTEXT() REPRESENTATION_CONTEXT('2D SPACE',''
  ) );
#2592 = PCURVE('',#2457,#2593);
#2593 = DEFINITIONAL_REPRESENTATION('',(#2594),#2598);
#2594 = LINE('',#2595,#2596);
#2595 = CARTESIAN_POINT('',(-0.,0.));
#2596 = VECTOR('',#2597,1.);
#2597 = DIRECTION('',(-0.,-1.));
#2598 = ( GEOMETRIC_REPRESENTATION_CONTEXT(2) 
PARAMETRIC_REPRESENTATION_CONTEXT() REPRESENTATION_CONTEXT('2D SPACE',''
  ) );
#2599 = ORIENTED_EDGE('',*,*,#2440,.F.);
#2600 = ORIENTED_EDGE('',*,*,#2579,.T.);
#2601 = ADVANCED_FACE('',(#2602),#2535,.F.);
#2602 = FACE_BOUND('',#2603,.F.);
#2603 = EDGE_LOOP('',(#2604,#2605,#2628,#2655));
#2604 = ORIENTED_EDGE('',*,*,#2520,.T.);
#2605 = ORIENTED_EDGE('',*,*,#2606,.F.);
#2606 = EDGE_CURVE('',#2607,#2496,#2609,.T.);
#2607 = VERTEX_POINT('',#2608);
#2608 = CARTESIAN_POINT('',(9.7,44.5,7.95));
#2609 = SEAM_CURVE('',#2610,(#2614,#2621),.PCURVE_S1.);
#2610 = LINE('',#2611,#2612);
#2611 = CARTESIAN_POINT('',(9.7,44.5,7.95));
#2612 = VECTOR('',#2613,1.);
#2613 = DIRECTION('',(0.,0.,1.));
#2614 = PCURVE('',#2535,#2615);
#2615 = DEFINITIONAL_REPRESENTATION('',(#2616),#2620);
#2616 = LINE('',#2617,#2618);
#2617 = CARTESIAN_POINT('',(6.283185307179,0.));
#2618 = VECTOR('',#2619,1.);
#2619 = DIRECTION('',(-0.,-1.));
#2620 = ( GEOMETRIC_REPRESENTATION_CONTEXT(2) 
PARAMETRIC_REPRESENTATION_CONTEXT() REPRESENTATION_CONTEXT('2D SPACE',''
  ) );
#2621 = PCURVE('',#2535,#2622);
#2622 = DEFINITIONAL_REPRESENTATION('',(#2623),#2627);
#2623 = LINE('',#2624,#2625);
#2624 = CARTESIAN_POINT('',(-0.,0.));
#2625 = VECTOR('',#2626,1.);
#2626 = DIRECTION('',(-0.,-1.));
#2627 = ( GEOMETRIC_REPRESENTATION_CONTEXT(2) 
PARAMETRIC_REPRESENTATION_CONTEXT() REPRESENTATION_CONTEXT('2D SPACE',''
  ) );
#2628 = ORIENTED_EDGE('',*,*,#2629,.T.);
#2629 = EDGE_CURVE('',#2607,#2607,#2630,.T.);
#2630 = SURFACE_CURVE('',#2631,(#2636,#2643),.PCURVE_S1.);
#2631 = CIRCLE('',#2632,3.2);
#2632 = AXIS2_PLACEMENT_3D('',#2633,#2634,#2635);
#2633 = CARTESIAN_POINT('',(6.5,44.5,7.95));
#2634 = DIRECTION('',(0.,0.,1.));
#2635 = DIRECTION('',(1.,0.,0.));
#2636 = PCURVE('',#2535,#2637);
#2637 = DEFINITIONAL_REPRESENTATION('',(#2638),#2642);
#2638 = LINE('',#2639,#2640);
#2639 = CARTESIAN_POINT('',(6.28318530718,0.));
#2640 = VECTOR('',#2641,1.);
#2641 = DIRECTION('',(-1.,0.));
#2642 = ( GEOMETRIC_REPRESENTATION_CONTEXT(2) 
PARAMETRIC_REPRESENTATION_CONTEXT() REPRESENTATION_CONTEXT('2D SPACE',''
  ) );
#2643 = PCURVE('',#2644,#2649);
#2644 = PLANE('',#2645);
#2645 = AXIS2_PLACEMENT_3D('',#2646,#2647,#2648);
#2646 = CARTESIAN_POINT('',(6.5,44.5,7.95));
#2647 = DIRECTION('',(0.,0.,1.));
#2648 = DIRECTION('',(1.,0.,0.));
#2649 = DEFINITIONAL_REPRESENTATION('',(#2650),#2654);
#2650 = CIRCLE('',#2651,3.2);
#2651 = AXIS2_PLACEMENT_2D('',#2652,#2653);
#2652 = CARTESIAN_POINT('',(0.,0.));
#2653 = DIRECTION('',(1.,0.));
#2654 = ( GEOMETRIC_REPRESENTATION_CONTEXT(2) 
PARAMETRIC_REPRESENTATION_CONTEXT() REPRESENTATION_CONTEXT('2D SPACE',''
  ) );
#2655 = ORIENTED_EDGE('',*,*,#2606,.T.);
#2656 = ADVANCED_FACE('',(#2657),#2567,.F.);
#2657 = FACE_BOUND('',#2658,.F.);
#2658 = EDGE_LOOP('',(#2659));
#2659 = ORIENTED_EDGE('',*,*,#2550,.T.);
#2660 = ADVANCED_FACE('',(#2661),#2644,.T.);
#2661 = FACE_BOUND('',#2662,.T.);
#2662 = EDGE_LOOP('',(#2663));
#2663 = ORIENTED_EDGE('',*,*,#2629,.T.);
#2664 = ( GEOMETRIC_REPRESENTATION_CONTEXT(3) 
GLOBAL_UNCERTAINTY_ASSIGNED_CONTEXT((#2668)) 
GLOBAL_UNIT_ASSIGNED_CONTEXT((#2665,#2666,#2667)) REPRESENTATION_CONTEXT
('Context #1','3D Context with UNIT and UNCERTAINTY') );
#2665 = ( LENGTH_UNIT() NAMED_UNIT(*) SI_UNIT(.MILLI.,.METRE.) );
#2666 = ( NAMED_UNIT(*) PLANE_ANGLE_UNIT() SI_UNIT($,.RADIAN.) );
#2667 = ( NAMED_UNIT(*) SI_UNIT($,.STERADIAN.) SOLID_ANGLE_UNIT() );
#2668 = UNCERTAINTY_MEASURE_WITH_UNIT(LENGTH_MEASURE(1.E-07),#2665,
  'distance_accuracy_value','confusion accuracy');
#2669 = CONTEXT_DEPENDENT_SHAPE_REPRESENTATION(#2670,#2672);
#2670 = ( REPRESENTATION_RELATIONSHIP('','',#2157,#2102) 
REPRESENTATION_RELATIONSHIP_WITH_TRANSFORMATION(#2671) 
SHAPE_REPRESENTATION_RELATIONSHIP() );
#2671 = ITEM_DEFINED_TRANSFORMATION('','',#11,#2103);
#2672 = PRODUCT_DEFINITION_SHAPE('Placement','Placement of an item',
  #2673);
#2673 = NEXT_ASSEMBLY_USAGE_OCCURRENCE('10','','',#2097,#2152,$);
#2674 = PRODUCT_RELATED_PRODUCT_CATEGORY('part',$,(#2154));
#2675 = SHAPE_DEFINITION_REPRESENTATION(#2676,#2682);
#2676 = PRODUCT_DEFINITION_SHAPE('','',#2677);
#2677 = PRODUCT_DEFINITION('design','',#2678,#2681);
#2678 = PRODUCT_DEFINITION_FORMATION('','',#2679);
#2679 = PRODUCT('Open CASCADE STEP translator 7.8 1.10.1.2',
  'Open CASCADE STEP translator 7.8 1.10.1.2','',(#2680));
#2680 = PRODUCT_CONTEXT('',#2,'mechanical');
#2681 = PRODUCT_DEFINITION_CONTEXT('part definition',#2,'design');
#2682 = ADVANCED_BREP_SHAPE_REPRESENTATION('',(#11,#2683),#3189);
#2683 = MANIFOLD_SOLID_BREP('',#2684);
#2684 = CLOSED_SHELL('',(#2685,#2773,#2828,#2883,#2922,#2961,#3016,#3071
    ,#3126,#3181,#3185));
#2685 = ADVANCED_FACE('',(#2686),#2699,.T.);
#2686 = FACE_BOUND('',#2687,.T.);
#2687 = EDGE_LOOP('',(#2688,#2722,#2745,#2772));
#2688 = ORIENTED_EDGE('',*,*,#2689,.T.);
#2689 = EDGE_CURVE('',#2690,#2690,#2692,.T.);
#2690 = VERTEX_POINT('',#2691);
#2691 = CARTESIAN_POINT('',(33.,44.5,0.35));
#2692 = SURFACE_CURVE('',#2693,(#2698,#2710),.PCURVE_S1.);
#2693 = CIRCLE('',#2694,6.5);
#2694 = AXIS2_PLACEMENT_3D('',#2695,#2696,#2697);
#2695 = CARTESIAN_POINT('',(26.5,44.5,0.35));
#2696 = DIRECTION('',(0.,0.,1.));
#2697 = DIRECTION('',(1.,0.,0.));
#2698 = PCURVE('',#2699,#2704);
#2699 = CYLINDRICAL_SURFACE('',#2700,6.5);
#2700 = AXIS2_PLACEMENT_3D('',#2701,#2702,#2703);
#2701 = CARTESIAN_POINT('',(26.5,44.5,7.771561172376E-16));
#2702 = DIRECTION('',(-0.,-0.,-1.));
#2703 = DIRECTION('',(1.,0.,0.));
#2704 = DEFINITIONAL_REPRESENTATION('',(#2705),#2709);
#2705 = LINE('',#2706,#2707);
#2706 = CARTESIAN_POINT('',(6.28318530718,-0.35));
#2707 = VECTOR('',#2708,1.);
#2708 = DIRECTION('',(-1.,0.));
#2709 = ( GEOMETRIC_REPRESENTATION_CONTEXT(2) 
PARAMETRIC_REPRESENTATION_CONTEXT() REPRESENTATION_CONTEXT('2D SPACE',''
  ) );
#2710 = PCURVE('',#2711,#2716);
#2711 = CONICAL_SURFACE('',#2712,6.5,0.785398163397);
#2712 = AXIS2_PLACEMENT_3D('',#2713,#2714,#2715);
#2713 = CARTESIAN_POINT('',(26.5,44.5,0.35));
#2714 = DIRECTION('',(0.,0.,1.));
#2715 = DIRECTION('',(1.,0.,0.));
#2716 = DEFINITIONAL_REPRESENTATION('',(#2717),#2721);
#2717 = LINE('',#2718,#2719);
#2718 = CARTESIAN_POINT('',(0.,0.));
#2719 = VECTOR('',#2720,1.);
#2720 = DIRECTION('',(1.,-0.));
#2721 = ( GEOMETRIC_REPRESENTATION_CONTEXT(2) 
PARAMETRIC_REPRESENTATION_CONTEXT() REPRESENTATION_CONTEXT('2D SPACE',''
  ) );
#2722 = ORIENTED_EDGE('',*,*,#2723,.T.);
#2723 = EDGE_CURVE('',#2690,#2724,#2726,.T.);
#2724 = VERTEX_POINT('',#2725);
#2725 = CARTESIAN_POINT('',(33.,44.5,12.65));
#2726 = SEAM_CURVE('',#2727,(#2731,#2738),.PCURVE_S1.);
#2727 = LINE('',#2728,#2729);
#2728 = CARTESIAN_POINT('',(33.,44.5,7.771561172376E-16));
#2729 = VECTOR('',#2730,1.);
#2730 = DIRECTION('',(0.,0.,1.));
#2731 = PCURVE('',#2699,#2732);
#2732 = DEFINITIONAL_REPRESENTATION('',(#2733),#2737);
#2733 = LINE('',#2734,#2735);
#2734 = CARTESIAN_POINT('',(-4.138911435803E-13,0.));
#2735 = VECTOR('',#2736,1.);
#2736 = DIRECTION('',(-0.,-1.));
#2737 = ( GEOMETRIC_REPRESENTATION_CONTEXT(2) 
PARAMETRIC_REPRESENTATION_CONTEXT() REPRESENTATION_CONTEXT('2D SPACE',''
  ) );
#2738 = PCURVE('',#2699,#2739);
#2739 = DEFINITIONAL_REPRESENTATION('',(#2740),#2744);
#2740 = LINE('',#2741,#2742);
#2741 = CARTESIAN_POINT('',(6.28318530718,0.));
#2742 = VECTOR('',#2743,1.);
#2743 = DIRECTION('',(-0.,-1.));
#2744 = ( GEOMETRIC_REPRESENTATION_CONTEXT(2) 
PARAMETRIC_REPRESENTATION_CONTEXT() REPRESENTATION_CONTEXT('2D SPACE',''
  ) );
#2745 = ORIENTED_EDGE('',*,*,#2746,.F.);
#2746 = EDGE_CURVE('',#2724,#2724,#2747,.T.);
#2747 = SURFACE_CURVE('',#2748,(#2753,#2760),.PCURVE_S1.);
#2748 = CIRCLE('',#2749,6.5);
#2749 = AXIS2_PLACEMENT_3D('',#2750,#2751,#2752);
#2750 = CARTESIAN_POINT('',(26.5,44.5,12.65));
#2751 = DIRECTION('',(0.,0.,1.));
#2752 = DIRECTION('',(1.,0.,0.));
#2753 = PCURVE('',#2699,#2754);
#2754 = DEFINITIONAL_REPRESENTATION('',(#2755),#2759);
#2755 = LINE('',#2756,#2757);
#2756 = CARTESIAN_POINT('',(6.28318530718,-12.65));
#2757 = VECTOR('',#2758,1.);
#2758 = DIRECTION('',(-1.,0.));
#2759 = ( GEOMETRIC_REPRESENTATION_CONTEXT(2) 
PARAMETRIC_REPRESENTATION_CONTEXT() REPRESENTATION_CONTEXT('2D SPACE',''
  ) );
#2760 = PCURVE('',#2761,#2766);
#2761 = CONICAL_SURFACE('',#2762,6.5,0.785398163397);
#2762 = AXIS2_PLACEMENT_3D('',#2763,#2764,#2765);
#2763 = CARTESIAN_POINT('',(26.5,44.5,12.65));
#2764 = DIRECTION('',(-0.,-0.,-1.));
#2765 = DIRECTION('',(1.,0.,0.));
#2766 = DEFINITIONAL_REPRESENTATION('',(#2767),#2771);
#2767 = LINE('',#2768,#2769);
#2768 = CARTESIAN_POINT('',(6.28318530718,0.));
#2769 = VECTOR('',#2770,1.);
#2770 = DIRECTION('',(-1.,0.));
#2771 = ( GEOMETRIC_REPRESENTATION_CONTEXT(2) 
PARAMETRIC_REPRESENTATION_CONTEXT() REPRESENTATION_CONTEXT('2D SPACE',''
  ) );
#2772 = ORIENTED_EDGE('',*,*,#2723,.F.);
#2773 = ADVANCED_FACE('',(#2774),#2711,.T.);
#2774 = FACE_BOUND('',#2775,.T.);
#2775 = EDGE_LOOP('',(#2776,#2805,#2826,#2827));
#2776 = ORIENTED_EDGE('',*,*,#2777,.T.);
#2777 = EDGE_CURVE('',#2778,#2778,#2780,.T.);
#2778 = VERTEX_POINT('',#2779);
#2779 = CARTESIAN_POINT('',(32.65,44.5,7.771561172376E-16));
#2780 = SURFACE_CURVE('',#2781,(#2786,#2793),.PCURVE_S1.);
#2781 = CIRCLE('',#2782,6.15);
#2782 = AXIS2_PLACEMENT_3D('',#2783,#2784,#2785);
#2783 = CARTESIAN_POINT('',(26.5,44.5,7.771561172376E-16));
#2784 = DIRECTION('',(0.,0.,1.));
#2785 = DIRECTION('',(1.,0.,0.));
#2786 = PCURVE('',#2711,#2787);
#2787 = DEFINITIONAL_REPRESENTATION('',(#2788),#2792);
#2788 = LINE('',#2789,#2790);
#2789 = CARTESIAN_POINT('',(0.,-0.35));
#2790 = VECTOR('',#2791,1.);
#2791 = DIRECTION('',(1.,-0.));
#2792 = ( GEOMETRIC_REPRESENTATION_CONTEXT(2) 
PARAMETRIC_REPRESENTATION_CONTEXT() REPRESENTATION_CONTEXT('2D SPACE',''
  ) );
#2793 = PCURVE('',#2794,#2799);
#2794 = PLANE('',#2795);
#2795 = AXIS2_PLACEMENT_3D('',#2796,#2797,#2798);
#2796 = CARTESIAN_POINT('',(26.5,44.5,7.771561172376E-16));
#2797 = DIRECTION('',(0.,0.,1.));
#2798 = DIRECTION('',(1.,0.,0.));
#2799 = DEFINITIONAL_REPRESENTATION('',(#2800),#2804);
#2800 = CIRCLE('',#2801,6.15);
#2801 = AXIS2_PLACEMENT_2D('',#2802,#2803);
#2802 = CARTESIAN_POINT('',(0.,0.));
#2803 = DIRECTION('',(1.,0.));
#2804 = ( GEOMETRIC_REPRESENTATION_CONTEXT(2) 
PARAMETRIC_REPRESENTATION_CONTEXT() REPRESENTATION_CONTEXT('2D SPACE',''
  ) );
#2805 = ORIENTED_EDGE('',*,*,#2806,.F.);
#2806 = EDGE_CURVE('',#2690,#2778,#2807,.T.);
#2807 = SEAM_CURVE('',#2808,(#2812,#2819),.PCURVE_S1.);
#2808 = LINE('',#2809,#2810);
#2809 = CARTESIAN_POINT('',(33.,44.5,0.35));
#2810 = VECTOR('',#2811,1.);
#2811 = DIRECTION('',(-0.707106781187,-0.,-0.707106781187));
#2812 = PCURVE('',#2711,#2813);
#2813 = DEFINITIONAL_REPRESENTATION('',(#2814),#2818);
#2814 = LINE('',#2815,#2816);
#2815 = CARTESIAN_POINT('',(6.28318530718,0.));
#2816 = VECTOR('',#2817,1.);
#2817 = DIRECTION('',(0.,-1.));
#2818 = ( GEOMETRIC_REPRESENTATION_CONTEXT(2) 
PARAMETRIC_REPRESENTATION_CONTEXT() REPRESENTATION_CONTEXT('2D SPACE',''
  ) );
#2819 = PCURVE('',#2711,#2820);
#2820 = DEFINITIONAL_REPRESENTATION('',(#2821),#2825);
#2821 = LINE('',#2822,#2823);
#2822 = CARTESIAN_POINT('',(4.138911435803E-13,0.));
#2823 = VECTOR('',#2824,1.);
#2824 = DIRECTION('',(0.,-1.));
#2825 = ( GEOMETRIC_REPRESENTATION_CONTEXT(2) 
PARAMETRIC_REPRESENTATION_CONTEXT() REPRESENTATION_CONTEXT('2D SPACE',''
  ) );
#2826 = ORIENTED_EDGE('',*,*,#2689,.F.);
#2827 = ORIENTED_EDGE('',*,*,#2806,.T.);
#2828 = ADVANCED_FACE('',(#2829),#2761,.T.);
#2829 = FACE_BOUND('',#2830,.T.);
#2830 = EDGE_LOOP('',(#2831,#2854,#2855,#2856));
#2831 = ORIENTED_EDGE('',*,*,#2832,.F.);
#2832 = EDGE_CURVE('',#2724,#2833,#2835,.T.);
#2833 = VERTEX_POINT('',#2834);
#2834 = CARTESIAN_POINT('',(32.65,44.5,13.));
#2835 = SEAM_CURVE('',#2836,(#2840,#2847),.PCURVE_S1.);
#2836 = LINE('',#2837,#2838);
#2837 = CARTESIAN_POINT('',(33.,44.5,12.65));
#2838 = VECTOR('',#2839,1.);
#2839 = DIRECTION('',(-0.707106781187,0.,0.707106781187));
#2840 = PCURVE('',#2761,#2841);
#2841 = DEFINITIONAL_REPRESENTATION('',(#2842),#2846);
#2842 = LINE('',#2843,#2844);
#2843 = CARTESIAN_POINT('',(6.28318530718,0.));
#2844 = VECTOR('',#2845,1.);
#2845 = DIRECTION('',(-0.,-1.));
#2846 = ( GEOMETRIC_REPRESENTATION_CONTEXT(2) 
PARAMETRIC_REPRESENTATION_CONTEXT() REPRESENTATION_CONTEXT('2D SPACE',''
  ) );
#2847 = PCURVE('',#2761,#2848);
#2848 = DEFINITIONAL_REPRESENTATION('',(#2849),#2853);
#2849 = LINE('',#2850,#2851);
#2850 = CARTESIAN_POINT('',(-4.138911435803E-13,0.));
#2851 = VECTOR('',#2852,1.);
#2852 = DIRECTION('',(-0.,-1.));
#2853 = ( GEOMETRIC_REPRESENTATION_CONTEXT(2) 
PARAMETRIC_REPRESENTATION_CONTEXT() REPRESENTATION_CONTEXT('2D SPACE',''
  ) );
#2854 = ORIENTED_EDGE('',*,*,#2746,.T.);
#2855 = ORIENTED_EDGE('',*,*,#2832,.T.);
#2856 = ORIENTED_EDGE('',*,*,#2857,.F.);
#2857 = EDGE_CURVE('',#2833,#2833,#2858,.T.);
#2858 = SURFACE_CURVE('',#2859,(#2864,#2871),.PCURVE_S1.);
#2859 = CIRCLE('',#2860,6.15);
#2860 = AXIS2_PLACEMENT_3D('',#2861,#2862,#2863);
#2861 = CARTESIAN_POINT('',(26.5,44.5,13.));
#2862 = DIRECTION('',(0.,0.,1.));
#2863 = DIRECTION('',(1.,0.,0.));
#2864 = PCURVE('',#2761,#2865);
#2865 = DEFINITIONAL_REPRESENTATION('',(#2866),#2870);
#2866 = LINE('',#2867,#2868);
#2867 = CARTESIAN_POINT('',(6.28318530718,-0.35));
#2868 = VECTOR('',#2869,1.);
#2869 = DIRECTION('',(-1.,0.));
#2870 = ( GEOMETRIC_REPRESENTATION_CONTEXT(2) 
PARAMETRIC_REPRESENTATION_CONTEXT() REPRESENTATION_CONTEXT('2D SPACE',''
  ) );
#2871 = PCURVE('',#2872,#2877);
#2872 = PLANE('',#2873);
#2873 = AXIS2_PLACEMENT_3D('',#2874,#2875,#2876);
#2874 = CARTESIAN_POINT('',(26.5,44.5,13.));
#2875 = DIRECTION('',(0.,0.,1.));
#2876 = DIRECTION('',(1.,0.,0.));
#2877 = DEFINITIONAL_REPRESENTATION('',(#2878),#2882);
#2878 = CIRCLE('',#2879,6.15);
#2879 = AXIS2_PLACEMENT_2D('',#2880,#2881);
#2880 = CARTESIAN_POINT('',(0.,0.));
#2881 = DIRECTION('',(1.,0.));
#2882 = ( GEOMETRIC_REPRESENTATION_CONTEXT(2) 
PARAMETRIC_REPRESENTATION_CONTEXT() REPRESENTATION_CONTEXT('2D SPACE',''
  ) );
#2883 = ADVANCED_FACE('',(#2884,#2887),#2794,.F.);
#2884 = FACE_BOUND('',#2885,.F.);
#2885 = EDGE_LOOP('',(#2886));
#2886 = ORIENTED_EDGE('',*,*,#2777,.T.);
#2887 = FACE_BOUND('',#2888,.F.);
#2888 = EDGE_LOOP('',(#2889));
#2889 = ORIENTED_EDGE('',*,*,#2890,.T.);
#2890 = EDGE_CURVE('',#2891,#2891,#2893,.T.);
#2891 = VERTEX_POINT('',#2892);
#2892 = CARTESIAN_POINT('',(30.05,44.5,7.771561172376E-16));
#2893 = SURFACE_CURVE('',#2894,(#2899,#2910),.PCURVE_S1.);
#2894 = CIRCLE('',#2895,3.55);
#2895 = AXIS2_PLACEMENT_3D('',#2896,#2897,#2898);
#2896 = CARTESIAN_POINT('',(26.5,44.5,7.771561172376E-16));
#2897 = DIRECTION('',(0.,0.,-1.));
#2898 = DIRECTION('',(1.,0.,0.));
#2899 = PCURVE('',#2794,#2900);
#2900 = DEFINITIONAL_REPRESENTATION('',(#2901),#2909);
#2901 = ( BOUNDED_CURVE() B_SPLINE_CURVE(2,(#2902,#2903,#2904,#2905,
#2906,#2907,#2908),.UNSPECIFIED.,.T.,.F.) B_SPLINE_CURVE_WITH_KNOTS((1,2
    ,2,2,2,1),(-2.094395102393,0.,2.094395102393,4.188790204786,
6.28318530718,8.377580409573),.UNSPECIFIED.) CURVE() 
GEOMETRIC_REPRESENTATION_ITEM() RATIONAL_B_SPLINE_CURVE((1.,0.5,1.,0.5,
1.,0.5,1.)) REPRESENTATION_ITEM('') );
#2902 = CARTESIAN_POINT('',(3.55,0.));
#2903 = CARTESIAN_POINT('',(3.55,-6.14878036687));
#2904 = CARTESIAN_POINT('',(-1.775,-3.074390183435));
#2905 = CARTESIAN_POINT('',(-7.1,-8.694992273946E-16));
#2906 = CARTESIAN_POINT('',(-1.775,3.074390183435));
#2907 = CARTESIAN_POINT('',(3.55,6.14878036687));
#2908 = CARTESIAN_POINT('',(3.55,0.));
#2909 = ( GEOMETRIC_REPRESENTATION_CONTEXT(2) 
PARAMETRIC_REPRESENTATION_CONTEXT() REPRESENTATION_CONTEXT('2D SPACE',''
  ) );
#2910 = PCURVE('',#2911,#2916);
#2911 = CONICAL_SURFACE('',#2912,3.2,0.785398163397);
#2912 = AXIS2_PLACEMENT_3D('',#2913,#2914,#2915);
#2913 = CARTESIAN_POINT('',(26.5,44.5,0.35));
#2914 = DIRECTION('',(-0.,-0.,-1.));
#2915 = DIRECTION('',(1.,0.,0.));
#2916 = DEFINITIONAL_REPRESENTATION('',(#2917),#2921);
#2917 = LINE('',#2918,#2919);
#2918 = CARTESIAN_POINT('',(0.,0.35));
#2919 = VECTOR('',#2920,1.);
#2920 = DIRECTION('',(1.,-0.));
#2921 = ( GEOMETRIC_REPRESENTATION_CONTEXT(2) 
PARAMETRIC_REPRESENTATION_CONTEXT() REPRESENTATION_CONTEXT('2D SPACE',''
  ) );
#2922 = ADVANCED_FACE('',(#2923,#2926),#2872,.T.);
#2923 = FACE_BOUND('',#2924,.T.);
#2924 = EDGE_LOOP('',(#2925));
#2925 = ORIENTED_EDGE('',*,*,#2857,.T.);
#2926 = FACE_BOUND('',#2927,.T.);
#2927 = EDGE_LOOP('',(#2928));
#2928 = ORIENTED_EDGE('',*,*,#2929,.T.);
#2929 = EDGE_CURVE('',#2930,#2930,#2932,.T.);
#2930 = VERTEX_POINT('',#2931);
#2931 = CARTESIAN_POINT('',(30.05,44.5,13.));
#2932 = SURFACE_CURVE('',#2933,(#2938,#2949),.PCURVE_S1.);
#2933 = CIRCLE('',#2934,3.55);
#2934 = AXIS2_PLACEMENT_3D('',#2935,#2936,#2937);
#2935 = CARTESIAN_POINT('',(26.5,44.5,13.));
#2936 = DIRECTION('',(0.,0.,-1.));
#2937 = DIRECTION('',(1.,0.,0.));
#2938 = PCURVE('',#2872,#2939);
#2939 = DEFINITIONAL_REPRESENTATION('',(#2940),#2948);
#2940 = ( BOUNDED_CURVE() B_SPLINE_CURVE(2,(#2941,#2942,#2943,#2944,
#2945,#2946,#2947),.UNSPECIFIED.,.T.,.F.) B_SPLINE_CURVE_WITH_KNOTS((1,2
    ,2,2,2,1),(-2.094395102393,0.,2.094395102393,4.188790204786,
6.28318530718,8.377580409573),.UNSPECIFIED.) CURVE() 
GEOMETRIC_REPRESENTATION_ITEM() RATIONAL_B_SPLINE_CURVE((1.,0.5,1.,0.5,
1.,0.5,1.)) REPRESENTATION_ITEM('') );
#2941 = CARTESIAN_POINT('',(3.55,0.));
#2942 = CARTESIAN_POINT('',(3.55,-6.14878036687));
#2943 = CARTESIAN_POINT('',(-1.775,-3.074390183435));
#2944 = CARTESIAN_POINT('',(-7.1,-8.694992273946E-16));
#2945 = CARTESIAN_POINT('',(-1.775,3.074390183435));
#2946 = CARTESIAN_POINT('',(3.55,6.14878036687));
#2947 = CARTESIAN_POINT('',(3.55,0.));
#2948 = ( GEOMETRIC_REPRESENTATION_CONTEXT(2) 
PARAMETRIC_REPRESENTATION_CONTEXT() REPRESENTATION_CONTEXT('2D SPACE',''
  ) );
#2949 = PCURVE('',#2950,#2955);
#2950 = CONICAL_SURFACE('',#2951,3.2,0.785398163397);
#2951 = AXIS2_PLACEMENT_3D('',#2952,#2953,#2954);
#2952 = CARTESIAN_POINT('',(26.5,44.5,12.65));
#2953 = DIRECTION('',(0.,0.,1.));
#2954 = DIRECTION('',(1.,0.,0.));
#2955 = DEFINITIONAL_REPRESENTATION('',(#2956),#2960);
#2956 = LINE('',#2957,#2958);
#2957 = CARTESIAN_POINT('',(6.28318530718,0.35));
#2958 = VECTOR('',#2959,1.);
#2959 = DIRECTION('',(-1.,0.));
#2960 = ( GEOMETRIC_REPRESENTATION_CONTEXT(2) 
PARAMETRIC_REPRESENTATION_CONTEXT() REPRESENTATION_CONTEXT('2D SPACE',''
  ) );
#2961 = ADVANCED_FACE('',(#2962),#2911,.F.);
#2962 = FACE_BOUND('',#2963,.F.);
#2963 = EDGE_LOOP('',(#2964,#2993,#3014,#3015));
#2964 = ORIENTED_EDGE('',*,*,#2965,.T.);
#2965 = EDGE_CURVE('',#2966,#2966,#2968,.T.);
#2966 = VERTEX_POINT('',#2967);
#2967 = CARTESIAN_POINT('',(29.7,44.5,0.35));
#2968 = SURFACE_CURVE('',#2969,(#2974,#2981),.PCURVE_S1.);
#2969 = CIRCLE('',#2970,3.2);
#2970 = AXIS2_PLACEMENT_3D('',#2971,#2972,#2973);
#2971 = CARTESIAN_POINT('',(26.5,44.5,0.35));
#2972 = DIRECTION('',(0.,0.,-1.));
#2973 = DIRECTION('',(1.,0.,0.));
#2974 = PCURVE('',#2911,#2975);
#2975 = DEFINITIONAL_REPRESENTATION('',(#2976),#2980);
#2976 = LINE('',#2977,#2978);
#2977 = CARTESIAN_POINT('',(0.,0.));
#2978 = VECTOR('',#2979,1.);
#2979 = DIRECTION('',(1.,-0.));
#2980 = ( GEOMETRIC_REPRESENTATION_CONTEXT(2) 
PARAMETRIC_REPRESENTATION_CONTEXT() REPRESENTATION_CONTEXT('2D SPACE',''
  ) );
#2981 = PCURVE('',#2982,#2987);
#2982 = CYLINDRICAL_SURFACE('',#2983,3.2);
#2983 = AXIS2_PLACEMENT_3D('',#2984,#2985,#2986);
#2984 = CARTESIAN_POINT('',(26.5,44.5,-5.E-02));
#2985 = DIRECTION('',(-0.,-0.,-1.));
#2986 = DIRECTION('',(1.,0.,0.));
#2987 = DEFINITIONAL_REPRESENTATION('',(#2988),#2992);
#2988 = LINE('',#2989,#2990);
#2989 = CARTESIAN_POINT('',(-4.138911435803E-13,-0.4));
#2990 = VECTOR('',#2991,1.);
#2991 = DIRECTION('',(1.,-0.));
#2992 = ( GEOMETRIC_REPRESENTATION_CONTEXT(2) 
PARAMETRIC_REPRESENTATION_CONTEXT() REPRESENTATION_CONTEXT('2D SPACE',''
  ) );
#2993 = ORIENTED_EDGE('',*,*,#2994,.F.);
#2994 = EDGE_CURVE('',#2891,#2966,#2995,.T.);
#2995 = SEAM_CURVE('',#2996,(#3000,#3007),.PCURVE_S1.);
#2996 = LINE('',#2997,#2998);
#2997 = CARTESIAN_POINT('',(29.7,44.5,0.35));
#2998 = VECTOR('',#2999,1.);
#2999 = DIRECTION('',(-0.707106781187,0.,0.707106781187));
#3000 = PCURVE('',#2911,#3001);
#3001 = DEFINITIONAL_REPRESENTATION('',(#3002),#3006);
#3002 = LINE('',#3003,#3004);
#3003 = CARTESIAN_POINT('',(6.28318530718,0.));
#3004 = VECTOR('',#3005,1.);
#3005 = DIRECTION('',(0.,-1.));
#3006 = ( GEOMETRIC_REPRESENTATION_CONTEXT(2) 
PARAMETRIC_REPRESENTATION_CONTEXT() REPRESENTATION_CONTEXT('2D SPACE',''
  ) );
#3007 = PCURVE('',#2911,#3008);
#3008 = DEFINITIONAL_REPRESENTATION('',(#3009),#3013);
#3009 = LINE('',#3010,#3011);
#3010 = CARTESIAN_POINT('',(4.138911435803E-13,0.));
#3011 = VECTOR('',#3012,1.);
#3012 = DIRECTION('',(0.,-1.));
#3013 = ( GEOMETRIC_REPRESENTATION_CONTEXT(2) 
PARAMETRIC_REPRESENTATION_CONTEXT() REPRESENTATION_CONTEXT('2D SPACE',''
  ) );
#3014 = ORIENTED_EDGE('',*,*,#2890,.F.);
#3015 = ORIENTED_EDGE('',*,*,#2994,.T.);
#3016 = ADVANCED_FACE('',(#3017),#2950,.F.);
#3017 = FACE_BOUND('',#3018,.F.);
#3018 = EDGE_LOOP('',(#3019,#3042,#3043,#3044));
#3019 = ORIENTED_EDGE('',*,*,#3020,.F.);
#3020 = EDGE_CURVE('',#2930,#3021,#3023,.T.);
#3021 = VERTEX_POINT('',#3022);
#3022 = CARTESIAN_POINT('',(29.7,44.5,12.65));
#3023 = SEAM_CURVE('',#3024,(#3028,#3035),.PCURVE_S1.);
#3024 = LINE('',#3025,#3026);
#3025 = CARTESIAN_POINT('',(29.7,44.5,12.65));
#3026 = VECTOR('',#3027,1.);
#3027 = DIRECTION('',(-0.707106781187,0.,-0.707106781187));
#3028 = PCURVE('',#2950,#3029);
#3029 = DEFINITIONAL_REPRESENTATION('',(#3030),#3034);
#3030 = LINE('',#3031,#3032);
#3031 = CARTESIAN_POINT('',(6.28318530718,0.));
#3032 = VECTOR('',#3033,1.);
#3033 = DIRECTION('',(-0.,-1.));
#3034 = ( GEOMETRIC_REPRESENTATION_CONTEXT(2) 
PARAMETRIC_REPRESENTATION_CONTEXT() REPRESENTATION_CONTEXT('2D SPACE',''
  ) );
#3035 = PCURVE('',#2950,#3036);
#3036 = DEFINITIONAL_REPRESENTATION('',(#3037),#3041);
#3037 = LINE('',#3038,#3039);
#3038 = CARTESIAN_POINT('',(-4.138911435803E-13,0.));
#3039 = VECTOR('',#3040,1.);
#3040 = DIRECTION('',(-0.,-1.));
#3041 = ( GEOMETRIC_REPRESENTATION_CONTEXT(2) 
PARAMETRIC_REPRESENTATION_CONTEXT() REPRESENTATION_CONTEXT('2D SPACE',''
  ) );
#3042 = ORIENTED_EDGE('',*,*,#2929,.T.);
#3043 = ORIENTED_EDGE('',*,*,#3020,.T.);
#3044 = ORIENTED_EDGE('',*,*,#3045,.F.);
#3045 = EDGE_CURVE('',#3021,#3021,#3046,.T.);
#3046 = SURFACE_CURVE('',#3047,(#3052,#3059),.PCURVE_S1.);
#3047 = CIRCLE('',#3048,3.2);
#3048 = AXIS2_PLACEMENT_3D('',#3049,#3050,#3051);
#3049 = CARTESIAN_POINT('',(26.5,44.5,12.65));
#3050 = DIRECTION('',(0.,0.,-1.));
#3051 = DIRECTION('',(1.,0.,0.));
#3052 = PCURVE('',#2950,#3053);
#3053 = DEFINITIONAL_REPRESENTATION('',(#3054),#3058);
#3054 = LINE('',#3055,#3056);
#3055 = CARTESIAN_POINT('',(6.28318530718,0.));
#3056 = VECTOR('',#3057,1.);
#3057 = DIRECTION('',(-1.,0.));
#3058 = ( GEOMETRIC_REPRESENTATION_CONTEXT(2) 
PARAMETRIC_REPRESENTATION_CONTEXT() REPRESENTATION_CONTEXT('2D SPACE',''
  ) );
#3059 = PCURVE('',#3060,#3065);
#3060 = CYLINDRICAL_SURFACE('',#3061,3.2);
#3061 = AXIS2_PLACEMENT_3D('',#3062,#3063,#3064);
#3062 = CARTESIAN_POINT('',(26.5,44.5,7.95));
#3063 = DIRECTION('',(-0.,-0.,-1.));
#3064 = DIRECTION('',(1.,0.,0.));
#3065 = DEFINITIONAL_REPRESENTATION('',(#3066),#3070);
#3066 = LINE('',#3067,#3068);
#3067 = CARTESIAN_POINT('',(-4.138911435803E-13,-4.7));
#3068 = VECTOR('',#3069,1.);
#3069 = DIRECTION('',(1.,-0.));
#3070 = ( GEOMETRIC_REPRESENTATION_CONTEXT(2) 
PARAMETRIC_REPRESENTATION_CONTEXT() REPRESENTATION_CONTEXT('2D SPACE',''
  ) );
#3071 = ADVANCED_FACE('',(#3072),#2982,.F.);
#3072 = FACE_BOUND('',#3073,.F.);
#3073 = EDGE_LOOP('',(#3074,#3103,#3124,#3125));
#3074 = ORIENTED_EDGE('',*,*,#3075,.F.);
#3075 = EDGE_CURVE('',#3076,#3076,#3078,.T.);
#3076 = VERTEX_POINT('',#3077);
#3077 = CARTESIAN_POINT('',(29.7,44.5,5.05));
#3078 = SURFACE_CURVE('',#3079,(#3084,#3091),.PCURVE_S1.);
#3079 = CIRCLE('',#3080,3.2);
#3080 = AXIS2_PLACEMENT_3D('',#3081,#3082,#3083);
#3081 = CARTESIAN_POINT('',(26.5,44.5,5.05));
#3082 = DIRECTION('',(0.,0.,1.));
#3083 = DIRECTION('',(1.,0.,0.));
#3084 = PCURVE('',#2982,#3085);
#3085 = DEFINITIONAL_REPRESENTATION('',(#3086),#3090);
#3086 = LINE('',#3087,#3088);
#3087 = CARTESIAN_POINT('',(6.28318530718,-5.1));
#3088 = VECTOR('',#3089,1.);
#3089 = DIRECTION('',(-1.,0.));
#3090 = ( GEOMETRIC_REPRESENTATION_CONTEXT(2) 
PARAMETRIC_REPRESENTATION_CONTEXT() REPRESENTATION_CONTEXT('2D SPACE',''
  ) );
#3091 = PCURVE('',#3092,#3097);
#3092 = PLANE('',#3093);
#3093 = AXIS2_PLACEMENT_3D('',#3094,#3095,#3096);
#3094 = CARTESIAN_POINT('',(26.5,44.5,5.05));
#3095 = DIRECTION('',(0.,0.,1.));
#3096 = DIRECTION('',(1.,0.,0.));
#3097 = DEFINITIONAL_REPRESENTATION('',(#3098),#3102);
#3098 = CIRCLE('',#3099,3.2);
#3099 = AXIS2_PLACEMENT_2D('',#3100,#3101);
#3100 = CARTESIAN_POINT('',(0.,0.));
#3101 = DIRECTION('',(1.,0.));
#3102 = ( GEOMETRIC_REPRESENTATION_CONTEXT(2) 
PARAMETRIC_REPRESENTATION_CONTEXT() REPRESENTATION_CONTEXT('2D SPACE',''
  ) );
#3103 = ORIENTED_EDGE('',*,*,#3104,.F.);
#3104 = EDGE_CURVE('',#2966,#3076,#3105,.T.);
#3105 = SEAM_CURVE('',#3106,(#3110,#3117),.PCURVE_S1.);
#3106 = LINE('',#3107,#3108);
#3107 = CARTESIAN_POINT('',(29.7,44.5,-5.E-02));
#3108 = VECTOR('',#3109,1.);
#3109 = DIRECTION('',(0.,0.,1.));
#3110 = PCURVE('',#2982,#3111);
#3111 = DEFINITIONAL_REPRESENTATION('',(#3112),#3116);
#3112 = LINE('',#3113,#3114);
#3113 = CARTESIAN_POINT('',(6.283185307179,0.));
#3114 = VECTOR('',#3115,1.);
#3115 = DIRECTION('',(-0.,-1.));
#3116 = ( GEOMETRIC_REPRESENTATION_CONTEXT(2) 
PARAMETRIC_REPRESENTATION_CONTEXT() REPRESENTATION_CONTEXT('2D SPACE',''
  ) );
#3117 = PCURVE('',#2982,#3118);
#3118 = DEFINITIONAL_REPRESENTATION('',(#3119),#3123);
#3119 = LINE('',#3120,#3121);
#3120 = CARTESIAN_POINT('',(-0.,0.));
#3121 = VECTOR('',#3122,1.);
#3122 = DIRECTION('',(-0.,-1.));
#3123 = ( GEOMETRIC_REPRESENTATION_CONTEXT(2) 
PARAMETRIC_REPRESENTATION_CONTEXT() REPRESENTATION_CONTEXT('2D SPACE',''
  ) );
#3124 = ORIENTED_EDGE('',*,*,#2965,.F.);
#3125 = ORIENTED_EDGE('',*,*,#3104,.T.);
#3126 = ADVANCED_FACE('',(#3127),#3060,.F.);
#3127 = FACE_BOUND('',#3128,.F.);
#3128 = EDGE_LOOP('',(#3129,#3130,#3153,#3180));
#3129 = ORIENTED_EDGE('',*,*,#3045,.T.);
#3130 = ORIENTED_EDGE('',*,*,#3131,.F.);
#3131 = EDGE_CURVE('',#3132,#3021,#3134,.T.);
#3132 = VERTEX_POINT('',#3133);
#3133 = CARTESIAN_POINT('',(29.7,44.5,7.95));
#3134 = SEAM_CURVE('',#3135,(#3139,#3146),.PCURVE_S1.);
#3135 = LINE('',#3136,#3137);
#3136 = CARTESIAN_POINT('',(29.7,44.5,7.95));
#3137 = VECTOR('',#3138,1.);
#3138 = DIRECTION('',(0.,0.,1.));
#3139 = PCURVE('',#3060,#3140);
#3140 = DEFINITIONAL_REPRESENTATION('',(#3141),#3145);
#3141 = LINE('',#3142,#3143);
#3142 = CARTESIAN_POINT('',(6.283185307179,0.));
#3143 = VECTOR('',#3144,1.);
#3144 = DIRECTION('',(-0.,-1.));
#3145 = ( GEOMETRIC_REPRESENTATION_CONTEXT(2) 
PARAMETRIC_REPRESENTATION_CONTEXT() REPRESENTATION_CONTEXT('2D SPACE',''
  ) );
#3146 = PCURVE('',#3060,#3147);
#3147 = DEFINITIONAL_REPRESENTATION('',(#3148),#3152);
#3148 = LINE('',#3149,#3150);
#3149 = CARTESIAN_POINT('',(-0.,0.));
#3150 = VECTOR('',#3151,1.);
#3151 = DIRECTION('',(-0.,-1.));
#3152 = ( GEOMETRIC_REPRESENTATION_CONTEXT(2) 
PARAMETRIC_REPRESENTATION_CONTEXT() REPRESENTATION_CONTEXT('2D SPACE',''
  ) );
#3153 = ORIENTED_EDGE('',*,*,#3154,.T.);
#3154 = EDGE_CURVE('',#3132,#3132,#3155,.T.);
#3155 = SURFACE_CURVE('',#3156,(#3161,#3168),.PCURVE_S1.);
#3156 = CIRCLE('',#3157,3.2);
#3157 = AXIS2_PLACEMENT_3D('',#3158,#3159,#3160);
#3158 = CARTESIAN_POINT('',(26.5,44.5,7.95));
#3159 = DIRECTION('',(0.,0.,1.));
#3160 = DIRECTION('',(1.,0.,0.));
#3161 = PCURVE('',#3060,#3162);
#3162 = DEFINITIONAL_REPRESENTATION('',(#3163),#3167);
#3163 = LINE('',#3164,#3165);
#3164 = CARTESIAN_POINT('',(6.28318530718,0.));
#3165 = VECTOR('',#3166,1.);
#3166 = DIRECTION('',(-1.,0.));
#3167 = ( GEOMETRIC_REPRESENTATION_CONTEXT(2) 
PARAMETRIC_REPRESENTATION_CONTEXT() REPRESENTATION_CONTEXT('2D SPACE',''
  ) );
#3168 = PCURVE('',#3169,#3174);
#3169 = PLANE('',#3170);
#3170 = AXIS2_PLACEMENT_3D('',#3171,#3172,#3173);
#3171 = CARTESIAN_POINT('',(26.5,44.5,7.95));
#3172 = DIRECTION('',(0.,0.,1.));
#3173 = DIRECTION('',(1.,0.,0.));
#3174 = DEFINITIONAL_REPRESENTATION('',(#3175),#3179);
#3175 = CIRCLE('',#3176,3.2);
#3176 = AXIS2_PLACEMENT_2D('',#3177,#3178);
#3177 = CARTESIAN_POINT('',(0.,0.));
#3178 = DIRECTION('',(1.,0.));
#3179 = ( GEOMETRIC_REPRESENTATION_CONTEXT(2) 
PARAMETRIC_REPRESENTATION_CONTEXT() REPRESENTATION_CONTEXT('2D SPACE',''
  ) );
#3180 = ORIENTED_EDGE('',*,*,#3131,.T.);
#3181 = ADVANCED_FACE('',(#3182),#3092,.F.);
#3182 = FACE_BOUND('',#3183,.F.);
#3183 = EDGE_LOOP('',(#3184));
#3184 = ORIENTED_EDGE('',*,*,#3075,.T.);
#3185 = ADVANCED_FACE('',(#3186),#3169,.T.);
#3186 = FACE_BOUND('',#3187,.T.);
#3187 = EDGE_LOOP('',(#3188));
#3188 = ORIENTED_EDGE('',*,*,#3154,.T.);
#3189 = ( GEOMETRIC_REPRESENTATION_CONTEXT(3) 
GLOBAL_UNCERTAINTY_ASSIGNED_CONTEXT((#3193)) 
GLOBAL_UNIT_ASSIGNED_CONTEXT((#3190,#3191,#3192)) REPRESENTATION_CONTEXT
('Context #1','3D Context with UNIT and UNCERTAINTY') );
#3190 = ( LENGTH_UNIT() NAMED_UNIT(*) SI_UNIT(.MILLI.,.METRE.) );
#3191 = ( NAMED_UNIT(*) PLANE_ANGLE_UNIT() SI_UNIT($,.RADIAN.) );
#3192 = ( NAMED_UNIT(*) SI_UNIT($,.STERADIAN.) SOLID_ANGLE_UNIT() );
#3193 = UNCERTAINTY_MEASURE_WITH_UNIT(LENGTH_MEASURE(1.E-07),#3190,
  'distance_accuracy_value','confusion accuracy');
#3194 = CONTEXT_DEPENDENT_SHAPE_REPRESENTATION(#3195,#3197);
#3195 = ( REPRESENTATION_RELATIONSHIP('','',#2682,#2102) 
REPRESENTATION_RELATIONSHIP_WITH_TRANSFORMATION(#3196) 
SHAPE_REPRESENTATION_RELATIONSHIP() );
#3196 = ITEM_DEFINED_TRANSFORMATION('','',#11,#2107);
#3197 = PRODUCT_DEFINITION_SHAPE('Placement','Placement of an item',
  #3198);
#3198 = NEXT_ASSEMBLY_USAGE_OCCURRENCE('11','','',#2097,#2677,$);
#3199 = PRODUCT_RELATED_PRODUCT_CATEGORY('part',$,(#2679));
#3200 = SHAPE_DEFINITION_REPRESENTATION(#3201,#3207);
#3201 = PRODUCT_DEFINITION_SHAPE('','',#3202);
#3202 = PRODUCT_DEFINITION('design','',#3203,#3206);
#3203 = PRODUCT_DEFINITION_FORMATION('','',#3204);
#3204 = PRODUCT('Open CASCADE STEP translator 7.8 1.10.1.3',
  'Open CASCADE STEP translator 7.8 1.10.1.3','',(#3205));
#3205 = PRODUCT_CONTEXT('',#2,'mechanical');
#3206 = PRODUCT_DEFINITION_CONTEXT('part definition',#2,'design');
#3207 = ADVANCED_BREP_SHAPE_REPRESENTATION('',(#11,#3208),#3714);
#3208 = MANIFOLD_SOLID_BREP('',#3209);
#3209 = CLOSED_SHELL('',(#3210,#3298,#3353,#3408,#3447,#3486,#3541,#3596
    ,#3651,#3706,#3710));
#3210 = ADVANCED_FACE('',(#3211),#3224,.T.);
#3211 = FACE_BOUND('',#3212,.T.);
#3212 = EDGE_LOOP('',(#3213,#3247,#3270,#3297));
#3213 = ORIENTED_EDGE('',*,*,#3214,.T.);
#3214 = EDGE_CURVE('',#3215,#3215,#3217,.T.);
#3215 = VERTEX_POINT('',#3216);
#3216 = CARTESIAN_POINT('',(53.,44.5,0.35));
#3217 = SURFACE_CURVE('',#3218,(#3223,#3235),.PCURVE_S1.);
#3218 = CIRCLE('',#3219,6.5);
#3219 = AXIS2_PLACEMENT_3D('',#3220,#3221,#3222);
#3220 = CARTESIAN_POINT('',(46.5,44.5,0.35));
#3221 = DIRECTION('',(0.,0.,1.));
#3222 = DIRECTION('',(1.,0.,0.));
#3223 = PCURVE('',#3224,#3229);
#3224 = CYLINDRICAL_SURFACE('',#3225,6.5);
#3225 = AXIS2_PLACEMENT_3D('',#3226,#3227,#3228);
#3226 = CARTESIAN_POINT('',(46.5,44.5,7.771561172376E-16));
#3227 = DIRECTION('',(-0.,-0.,-1.));
#3228 = DIRECTION('',(1.,0.,0.));
#3229 = DEFINITIONAL_REPRESENTATION('',(#3230),#3234);
#3230 = LINE('',#3231,#3232);
#3231 = CARTESIAN_POINT('',(6.28318530718,-0.35));
#3232 = VECTOR('',#3233,1.);
#3233 = DIRECTION('',(-1.,0.));
#3234 = ( GEOMETRIC_REPRESENTATION_CONTEXT(2) 
PARAMETRIC_REPRESENTATION_CONTEXT() REPRESENTATION_CONTEXT('2D SPACE',''
  ) );
#3235 = PCURVE('',#3236,#3241);
#3236 = CONICAL_SURFACE('',#3237,6.5,0.785398163397);
#3237 = AXIS2_PLACEMENT_3D('',#3238,#3239,#3240);
#3238 = CARTESIAN_POINT('',(46.5,44.5,0.35));
#3239 = DIRECTION('',(0.,0.,1.));
#3240 = DIRECTION('',(1.,0.,0.));
#3241 = DEFINITIONAL_REPRESENTATION('',(#3242),#3246);
#3242 = LINE('',#3243,#3244);
#3243 = CARTESIAN_POINT('',(0.,0.));
#3244 = VECTOR('',#3245,1.);
#3245 = DIRECTION('',(1.,-0.));
#3246 = ( GEOMETRIC_REPRESENTATION_CONTEXT(2) 
PARAMETRIC_REPRESENTATION_CONTEXT() REPRESENTATION_CONTEXT('2D SPACE',''
  ) );
#3247 = ORIENTED_EDGE('',*,*,#3248,.T.);
#3248 = EDGE_CURVE('',#3215,#3249,#3251,.T.);
#3249 = VERTEX_POINT('',#3250);
#3250 = CARTESIAN_POINT('',(53.,44.5,12.65));
#3251 = SEAM_CURVE('',#3252,(#3256,#3263),.PCURVE_S1.);
#3252 = LINE('',#3253,#3254);
#3253 = CARTESIAN_POINT('',(53.,44.5,7.771561172376E-16));
#3254 = VECTOR('',#3255,1.);
#3255 = DIRECTION('',(0.,0.,1.));
#3256 = PCURVE('',#3224,#3257);
#3257 = DEFINITIONAL_REPRESENTATION('',(#3258),#3262);
#3258 = LINE('',#3259,#3260);
#3259 = CARTESIAN_POINT('',(-4.138911435803E-13,0.));
#3260 = VECTOR('',#3261,1.);
#3261 = DIRECTION('',(-0.,-1.));
#3262 = ( GEOMETRIC_REPRESENTATION_CONTEXT(2) 
PARAMETRIC_REPRESENTATION_CONTEXT() REPRESENTATION_CONTEXT('2D SPACE',''
  ) );
#3263 = PCURVE('',#3224,#3264);
#3264 = DEFINITIONAL_REPRESENTATION('',(#3265),#3269);
#3265 = LINE('',#3266,#3267);
#3266 = CARTESIAN_POINT('',(6.28318530718,0.));
#3267 = VECTOR('',#3268,1.);
#3268 = DIRECTION('',(-0.,-1.));
#3269 = ( GEOMETRIC_REPRESENTATION_CONTEXT(2) 
PARAMETRIC_REPRESENTATION_CONTEXT() REPRESENTATION_CONTEXT('2D SPACE',''
  ) );
#3270 = ORIENTED_EDGE('',*,*,#3271,.F.);
#3271 = EDGE_CURVE('',#3249,#3249,#3272,.T.);
#3272 = SURFACE_CURVE('',#3273,(#3278,#3285),.PCURVE_S1.);
#3273 = CIRCLE('',#3274,6.5);
#3274 = AXIS2_PLACEMENT_3D('',#3275,#3276,#3277);
#3275 = CARTESIAN_POINT('',(46.5,44.5,12.65));
#3276 = DIRECTION('',(0.,0.,1.));
#3277 = DIRECTION('',(1.,0.,0.));
#3278 = PCURVE('',#3224,#3279);
#3279 = DEFINITIONAL_REPRESENTATION('',(#3280),#3284);
#3280 = LINE('',#3281,#3282);
#3281 = CARTESIAN_POINT('',(6.28318530718,-12.65));
#3282 = VECTOR('',#3283,1.);
#3283 = DIRECTION('',(-1.,0.));
#3284 = ( GEOMETRIC_REPRESENTATION_CONTEXT(2) 
PARAMETRIC_REPRESENTATION_CONTEXT() REPRESENTATION_CONTEXT('2D SPACE',''
  ) );
#3285 = PCURVE('',#3286,#3291);
#3286 = CONICAL_SURFACE('',#3287,6.5,0.785398163397);
#3287 = AXIS2_PLACEMENT_3D('',#3288,#3289,#3290);
#3288 = CARTESIAN_POINT('',(46.5,44.5,12.65));
#3289 = DIRECTION('',(-0.,-0.,-1.));
#3290 = DIRECTION('',(1.,0.,0.));
#3291 = DEFINITIONAL_REPRESENTATION('',(#3292),#3296);
#3292 = LINE('',#3293,#3294);
#3293 = CARTESIAN_POINT('',(6.28318530718,0.));
#3294 = VECTOR('',#3295,1.);
#3295 = DIRECTION('',(-1.,0.));
#3296 = ( GEOMETRIC_REPRESENTATION_CONTEXT(2) 
PARAMETRIC_REPRESENTATION_CONTEXT() REPRESENTATION_CONTEXT('2D SPACE',''
  ) );
#3297 = ORIENTED_EDGE('',*,*,#3248,.F.);
#3298 = ADVANCED_FACE('',(#3299),#3236,.T.);
#3299 = FACE_BOUND('',#3300,.T.);
#3300 = EDGE_LOOP('',(#3301,#3330,#3351,#3352));
#3301 = ORIENTED_EDGE('',*,*,#3302,.T.);
#3302 = EDGE_CURVE('',#3303,#3303,#3305,.T.);
#3303 = VERTEX_POINT('',#3304);
#3304 = CARTESIAN_POINT('',(52.65,44.5,7.771561172376E-16));
#3305 = SURFACE_CURVE('',#3306,(#3311,#3318),.PCURVE_S1.);
#3306 = CIRCLE('',#3307,6.15);
#3307 = AXIS2_PLACEMENT_3D('',#3308,#3309,#3310);
#3308 = CARTESIAN_POINT('',(46.5,44.5,7.771561172376E-16));
#3309 = DIRECTION('',(0.,0.,1.));
#3310 = DIRECTION('',(1.,0.,0.));
#3311 = PCURVE('',#3236,#3312);
#3312 = DEFINITIONAL_REPRESENTATION('',(#3313),#3317);
#3313 = LINE('',#3314,#3315);
#3314 = CARTESIAN_POINT('',(0.,-0.35));
#3315 = VECTOR('',#3316,1.);
#3316 = DIRECTION('',(1.,-0.));
#3317 = ( GEOMETRIC_REPRESENTATION_CONTEXT(2) 
PARAMETRIC_REPRESENTATION_CONTEXT() REPRESENTATION_CONTEXT('2D SPACE',''
  ) );
#3318 = PCURVE('',#3319,#3324);
#3319 = PLANE('',#3320);
#3320 = AXIS2_PLACEMENT_3D('',#3321,#3322,#3323);
#3321 = CARTESIAN_POINT('',(46.5,44.5,7.771561172376E-16));
#3322 = DIRECTION('',(0.,0.,1.));
#3323 = DIRECTION('',(1.,0.,0.));
#3324 = DEFINITIONAL_REPRESENTATION('',(#3325),#3329);
#3325 = CIRCLE('',#3326,6.15);
#3326 = AXIS2_PLACEMENT_2D('',#3327,#3328);
#3327 = CARTESIAN_POINT('',(0.,0.));
#3328 = DIRECTION('',(1.,0.));
#3329 = ( GEOMETRIC_REPRESENTATION_CONTEXT(2) 
PARAMETRIC_REPRESENTATION_CONTEXT() REPRESENTATION_CONTEXT('2D SPACE',''
  ) );
#3330 = ORIENTED_EDGE('',*,*,#3331,.F.);
#3331 = EDGE_CURVE('',#3215,#3303,#3332,.T.);
#3332 = SEAM_CURVE('',#3333,(#3337,#3344),.PCURVE_S1.);
#3333 = LINE('',#3334,#3335);
#3334 = CARTESIAN_POINT('',(53.,44.5,0.35));
#3335 = VECTOR('',#3336,1.);
#3336 = DIRECTION('',(-0.707106781187,-0.,-0.707106781187));
#3337 = PCURVE('',#3236,#3338);
#3338 = DEFINITIONAL_REPRESENTATION('',(#3339),#3343);
#3339 = LINE('',#3340,#3341);
#3340 = CARTESIAN_POINT('',(6.28318530718,0.));
#3341 = VECTOR('',#3342,1.);
#3342 = DIRECTION('',(0.,-1.));
#3343 = ( GEOMETRIC_REPRESENTATION_CONTEXT(2) 
PARAMETRIC_REPRESENTATION_CONTEXT() REPRESENTATION_CONTEXT('2D SPACE',''
  ) );
#3344 = PCURVE('',#3236,#3345);
#3345 = DEFINITIONAL_REPRESENTATION('',(#3346),#3350);
#3346 = LINE('',#3347,#3348);
#3347 = CARTESIAN_POINT('',(4.138911435803E-13,0.));
#3348 = VECTOR('',#3349,1.);
#3349 = DIRECTION('',(0.,-1.));
#3350 = ( GEOMETRIC_REPRESENTATION_CONTEXT(2) 
PARAMETRIC_REPRESENTATION_CONTEXT() REPRESENTATION_CONTEXT('2D SPACE',''
  ) );
#3351 = ORIENTED_EDGE('',*,*,#3214,.F.);
#3352 = ORIENTED_EDGE('',*,*,#3331,.T.);
#3353 = ADVANCED_FACE('',(#3354),#3286,.T.);
#3354 = FACE_BOUND('',#3355,.T.);
#3355 = EDGE_LOOP('',(#3356,#3379,#3380,#3381));
#3356 = ORIENTED_EDGE('',*,*,#3357,.F.);
#3357 = EDGE_CURVE('',#3249,#3358,#3360,.T.);
#3358 = VERTEX_POINT('',#3359);
#3359 = CARTESIAN_POINT('',(52.65,44.5,13.));
#3360 = SEAM_CURVE('',#3361,(#3365,#3372),.PCURVE_S1.);
#3361 = LINE('',#3362,#3363);
#3362 = CARTESIAN_POINT('',(53.,44.5,12.65));
#3363 = VECTOR('',#3364,1.);
#3364 = DIRECTION('',(-0.707106781187,0.,0.707106781187));
#3365 = PCURVE('',#3286,#3366);
#3366 = DEFINITIONAL_REPRESENTATION('',(#3367),#3371);
#3367 = LINE('',#3368,#3369);
#3368 = CARTESIAN_POINT('',(6.28318530718,0.));
#3369 = VECTOR('',#3370,1.);
#3370 = DIRECTION('',(-0.,-1.));
#3371 = ( GEOMETRIC_REPRESENTATION_CONTEXT(2) 
PARAMETRIC_REPRESENTATION_CONTEXT() REPRESENTATION_CONTEXT('2D SPACE',''
  ) );
#3372 = PCURVE('',#3286,#3373);
#3373 = DEFINITIONAL_REPRESENTATION('',(#3374),#3378);
#3374 = LINE('',#3375,#3376);
#3375 = CARTESIAN_POINT('',(-4.138911435803E-13,0.));
#3376 = VECTOR('',#3377,1.);
#3377 = DIRECTION('',(-0.,-1.));
#3378 = ( GEOMETRIC_REPRESENTATION_CONTEXT(2) 
PARAMETRIC_REPRESENTATION_CONTEXT() REPRESENTATION_CONTEXT('2D SPACE',''
  ) );
#3379 = ORIENTED_EDGE('',*,*,#3271,.T.);
#3380 = ORIENTED_EDGE('',*,*,#3357,.T.);
#3381 = ORIENTED_EDGE('',*,*,#3382,.F.);
#3382 = EDGE_CURVE('',#3358,#3358,#3383,.T.);
#3383 = SURFACE_CURVE('',#3384,(#3389,#3396),.PCURVE_S1.);
#3384 = CIRCLE('',#3385,6.15);
#3385 = AXIS2_PLACEMENT_3D('',#3386,#3387,#3388);
#3386 = CARTESIAN_POINT('',(46.5,44.5,13.));
#3387 = DIRECTION('',(0.,0.,1.));
#3388 = DIRECTION('',(1.,0.,0.));
#3389 = PCURVE('',#3286,#3390);
#3390 = DEFINITIONAL_REPRESENTATION('',(#3391),#3395);
#3391 = LINE('',#3392,#3393);
#3392 = CARTESIAN_POINT('',(6.28318530718,-0.35));
#3393 = VECTOR('',#3394,1.);
#3394 = DIRECTION('',(-1.,0.));
#3395 = ( GEOMETRIC_REPRESENTATION_CONTEXT(2) 
PARAMETRIC_REPRESENTATION_CONTEXT() REPRESENTATION_CONTEXT('2D SPACE',''
  ) );
#3396 = PCURVE('',#3397,#3402);
#3397 = PLANE('',#3398);
#3398 = AXIS2_PLACEMENT_3D('',#3399,#3400,#3401);
#3399 = CARTESIAN_POINT('',(46.5,44.5,13.));
#3400 = DIRECTION('',(0.,0.,1.));
#3401 = DIRECTION('',(1.,0.,0.));
#3402 = DEFINITIONAL_REPRESENTATION('',(#3403),#3407);
#3403 = CIRCLE('',#3404,6.15);
#3404 = AXIS2_PLACEMENT_2D('',#3405,#3406);
#3405 = CARTESIAN_POINT('',(0.,0.));
#3406 = DIRECTION('',(1.,0.));
#3407 = ( GEOMETRIC_REPRESENTATION_CONTEXT(2) 
PARAMETRIC_REPRESENTATION_CONTEXT() REPRESENTATION_CONTEXT('2D SPACE',''
  ) );
#3408 = ADVANCED_FACE('',(#3409,#3412),#3319,.F.);
#3409 = FACE_BOUND('',#3410,.F.);
#3410 = EDGE_LOOP('',(#3411));
#3411 = ORIENTED_EDGE('',*,*,#3302,.T.);
#3412 = FACE_BOUND('',#3413,.F.);
#3413 = EDGE_LOOP('',(#3414));
#3414 = ORIENTED_EDGE('',*,*,#3415,.T.);
#3415 = EDGE_CURVE('',#3416,#3416,#3418,.T.);
#3416 = VERTEX_POINT('',#3417);
#3417 = CARTESIAN_POINT('',(50.05,44.5,7.771561172376E-16));
#3418 = SURFACE_CURVE('',#3419,(#3424,#3435),.PCURVE_S1.);
#3419 = CIRCLE('',#3420,3.55);
#3420 = AXIS2_PLACEMENT_3D('',#3421,#3422,#3423);
#3421 = CARTESIAN_POINT('',(46.5,44.5,7.771561172376E-16));
#3422 = DIRECTION('',(0.,0.,-1.));
#3423 = DIRECTION('',(1.,0.,0.));
#3424 = PCURVE('',#3319,#3425);
#3425 = DEFINITIONAL_REPRESENTATION('',(#3426),#3434);
#3426 = ( BOUNDED_CURVE() B_SPLINE_CURVE(2,(#3427,#3428,#3429,#3430,
#3431,#3432,#3433),.UNSPECIFIED.,.T.,.F.) B_SPLINE_CURVE_WITH_KNOTS((1,2
    ,2,2,2,1),(-2.094395102393,0.,2.094395102393,4.188790204786,
6.28318530718,8.377580409573),.UNSPECIFIED.) CURVE() 
GEOMETRIC_REPRESENTATION_ITEM() RATIONAL_B_SPLINE_CURVE((1.,0.5,1.,0.5,
1.,0.5,1.)) REPRESENTATION_ITEM('') );
#3427 = CARTESIAN_POINT('',(3.55,0.));
#3428 = CARTESIAN_POINT('',(3.55,-6.14878036687));
#3429 = CARTESIAN_POINT('',(-1.775,-3.074390183435));
#3430 = CARTESIAN_POINT('',(-7.1,-8.694992273946E-16));
#3431 = CARTESIAN_POINT('',(-1.775,3.074390183435));
#3432 = CARTESIAN_POINT('',(3.55,6.14878036687));
#3433 = CARTESIAN_POINT('',(3.55,0.));
#3434 = ( GEOMETRIC_REPRESENTATION_CONTEXT(2) 
PARAMETRIC_REPRESENTATION_CONTEXT() REPRESENTATION_CONTEXT('2D SPACE',''
  ) );
#3435 = PCURVE('',#3436,#3441);
#3436 = CONICAL_SURFACE('',#3437,3.2,0.785398163397);
#3437 = AXIS2_PLACEMENT_3D('',#3438,#3439,#3440);
#3438 = CARTESIAN_POINT('',(46.5,44.5,0.35));
#3439 = DIRECTION('',(-0.,-0.,-1.));
#3440 = DIRECTION('',(1.,0.,0.));
#3441 = DEFINITIONAL_REPRESENTATION('',(#3442),#3446);
#3442 = LINE('',#3443,#3444);
#3443 = CARTESIAN_POINT('',(0.,0.35));
#3444 = VECTOR('',#3445,1.);
#3445 = DIRECTION('',(1.,-0.));
#3446 = ( GEOMETRIC_REPRESENTATION_CONTEXT(2) 
PARAMETRIC_REPRESENTATION_CONTEXT() REPRESENTATION_CONTEXT('2D SPACE',''
  ) );
#3447 = ADVANCED_FACE('',(#3448,#3451),#3397,.T.);
#3448 = FACE_BOUND('',#3449,.T.);
#3449 = EDGE_LOOP('',(#3450));
#3450 = ORIENTED_EDGE('',*,*,#3382,.T.);
#3451 = FACE_BOUND('',#3452,.T.);
#3452 = EDGE_LOOP('',(#3453));
#3453 = ORIENTED_EDGE('',*,*,#3454,.T.);
#3454 = EDGE_CURVE('',#3455,#3455,#3457,.T.);
#3455 = VERTEX_POINT('',#3456);
#3456 = CARTESIAN_POINT('',(50.05,44.5,13.));
#3457 = SURFACE_CURVE('',#3458,(#3463,#3474),.PCURVE_S1.);
#3458 = CIRCLE('',#3459,3.55);
#3459 = AXIS2_PLACEMENT_3D('',#3460,#3461,#3462);
#3460 = CARTESIAN_POINT('',(46.5,44.5,13.));
#3461 = DIRECTION('',(0.,0.,-1.));
#3462 = DIRECTION('',(1.,0.,0.));
#3463 = PCURVE('',#3397,#3464);
#3464 = DEFINITIONAL_REPRESENTATION('',(#3465),#3473);
#3465 = ( BOUNDED_CURVE() B_SPLINE_CURVE(2,(#3466,#3467,#3468,#3469,
#3470,#3471,#3472),.UNSPECIFIED.,.T.,.F.) B_SPLINE_CURVE_WITH_KNOTS((1,2
    ,2,2,2,1),(-2.094395102393,0.,2.094395102393,4.188790204786,
6.28318530718,8.377580409573),.UNSPECIFIED.) CURVE() 
GEOMETRIC_REPRESENTATION_ITEM() RATIONAL_B_SPLINE_CURVE((1.,0.5,1.,0.5,
1.,0.5,1.)) REPRESENTATION_ITEM('') );
#3466 = CARTESIAN_POINT('',(3.55,0.));
#3467 = CARTESIAN_POINT('',(3.55,-6.14878036687));
#3468 = CARTESIAN_POINT('',(-1.775,-3.074390183435));
#3469 = CARTESIAN_POINT('',(-7.1,-8.694992273946E-16));
#3470 = CARTESIAN_POINT('',(-1.775,3.074390183435));
#3471 = CARTESIAN_POINT('',(3.55,6.14878036687));
#3472 = CARTESIAN_POINT('',(3.55,0.));
#3473 = ( GEOMETRIC_REPRESENTATION_CONTEXT(2) 
PARAMETRIC_REPRESENTATION_CONTEXT() REPRESENTATION_CONTEXT('2D SPACE',''
  ) );
#3474 = PCURVE('',#3475,#3480);
#3475 = CONICAL_SURFACE('',#3476,3.2,0.785398163397);
#3476 = AXIS2_PLACEMENT_3D('',#3477,#3478,#3479);
#3477 = CARTESIAN_POINT('',(46.5,44.5,12.65));
#3478 = DIRECTION('',(0.,0.,1.));
#3479 = DIRECTION('',(1.,0.,0.));
#3480 = DEFINITIONAL_REPRESENTATION('',(#3481),#3485);
#3481 = LINE('',#3482,#3483);
#3482 = CARTESIAN_POINT('',(6.28318530718,0.35));
#3483 = VECTOR('',#3484,1.);
#3484 = DIRECTION('',(-1.,0.));
#3485 = ( GEOMETRIC_REPRESENTATION_CONTEXT(2) 
PARAMETRIC_REPRESENTATION_CONTEXT() REPRESENTATION_CONTEXT('2D SPACE',''
  ) );
#3486 = ADVANCED_FACE('',(#3487),#3436,.F.);
#3487 = FACE_BOUND('',#3488,.F.);
#3488 = EDGE_LOOP('',(#3489,#3518,#3539,#3540));
#3489 = ORIENTED_EDGE('',*,*,#3490,.T.);
#3490 = EDGE_CURVE('',#3491,#3491,#3493,.T.);
#3491 = VERTEX_POINT('',#3492);
#3492 = CARTESIAN_POINT('',(49.7,44.5,0.35));
#3493 = SURFACE_CURVE('',#3494,(#3499,#3506),.PCURVE_S1.);
#3494 = CIRCLE('',#3495,3.2);
#3495 = AXIS2_PLACEMENT_3D('',#3496,#3497,#3498);
#3496 = CARTESIAN_POINT('',(46.5,44.5,0.35));
#3497 = DIRECTION('',(0.,0.,-1.));
#3498 = DIRECTION('',(1.,0.,0.));
#3499 = PCURVE('',#3436,#3500);
#3500 = DEFINITIONAL_REPRESENTATION('',(#3501),#3505);
#3501 = LINE('',#3502,#3503);
#3502 = CARTESIAN_POINT('',(0.,0.));
#3503 = VECTOR('',#3504,1.);
#3504 = DIRECTION('',(1.,-0.));
#3505 = ( GEOMETRIC_REPRESENTATION_CONTEXT(2) 
PARAMETRIC_REPRESENTATION_CONTEXT() REPRESENTATION_CONTEXT('2D SPACE',''
  ) );
#3506 = PCURVE('',#3507,#3512);
#3507 = CYLINDRICAL_SURFACE('',#3508,3.2);
#3508 = AXIS2_PLACEMENT_3D('',#3509,#3510,#3511);
#3509 = CARTESIAN_POINT('',(46.5,44.5,-5.E-02));
#3510 = DIRECTION('',(-0.,-0.,-1.));
#3511 = DIRECTION('',(1.,0.,0.));
#3512 = DEFINITIONAL_REPRESENTATION('',(#3513),#3517);
#3513 = LINE('',#3514,#3515);
#3514 = CARTESIAN_POINT('',(-4.138911435803E-13,-0.4));
#3515 = VECTOR('',#3516,1.);
#3516 = DIRECTION('',(1.,-0.));
#3517 = ( GEOMETRIC_REPRESENTATION_CONTEXT(2) 
PARAMETRIC_REPRESENTATION_CONTEXT() REPRESENTATION_CONTEXT('2D SPACE',''
  ) );
#3518 = ORIENTED_EDGE('',*,*,#3519,.F.);
#3519 = EDGE_CURVE('',#3416,#3491,#3520,.T.);
#3520 = SEAM_CURVE('',#3521,(#3525,#3532),.PCURVE_S1.);
#3521 = LINE('',#3522,#3523);
#3522 = CARTESIAN_POINT('',(49.7,44.5,0.35));
#3523 = VECTOR('',#3524,1.);
#3524 = DIRECTION('',(-0.707106781187,0.,0.707106781187));
#3525 = PCURVE('',#3436,#3526);
#3526 = DEFINITIONAL_REPRESENTATION('',(#3527),#3531);
#3527 = LINE('',#3528,#3529);
#3528 = CARTESIAN_POINT('',(6.28318530718,0.));
#3529 = VECTOR('',#3530,1.);
#3530 = DIRECTION('',(0.,-1.));
#3531 = ( GEOMETRIC_REPRESENTATION_CONTEXT(2) 
PARAMETRIC_REPRESENTATION_CONTEXT() REPRESENTATION_CONTEXT('2D SPACE',''
  ) );
#3532 = PCURVE('',#3436,#3533);
#3533 = DEFINITIONAL_REPRESENTATION('',(#3534),#3538);
#3534 = LINE('',#3535,#3536);
#3535 = CARTESIAN_POINT('',(4.138911435803E-13,0.));
#3536 = VECTOR('',#3537,1.);
#3537 = DIRECTION('',(0.,-1.));
#3538 = ( GEOMETRIC_REPRESENTATION_CONTEXT(2) 
PARAMETRIC_REPRESENTATION_CONTEXT() REPRESENTATION_CONTEXT('2D SPACE',''
  ) );
#3539 = ORIENTED_EDGE('',*,*,#3415,.F.);
#3540 = ORIENTED_EDGE('',*,*,#3519,.T.);
#3541 = ADVANCED_FACE('',(#3542),#3475,.F.);
#3542 = FACE_BOUND('',#3543,.F.);
#3543 = EDGE_LOOP('',(#3544,#3567,#3568,#3569));
#3544 = ORIENTED_EDGE('',*,*,#3545,.F.);
#3545 = EDGE_CURVE('',#3455,#3546,#3548,.T.);
#3546 = VERTEX_POINT('',#3547);
#3547 = CARTESIAN_POINT('',(49.7,44.5,12.65));
#3548 = SEAM_CURVE('',#3549,(#3553,#3560),.PCURVE_S1.);
#3549 = LINE('',#3550,#3551);
#3550 = CARTESIAN_POINT('',(49.7,44.5,12.65));
#3551 = VECTOR('',#3552,1.);
#3552 = DIRECTION('',(-0.707106781187,0.,-0.707106781187));
#3553 = PCURVE('',#3475,#3554);
#3554 = DEFINITIONAL_REPRESENTATION('',(#3555),#3559);
#3555 = LINE('',#3556,#3557);
#3556 = CARTESIAN_POINT('',(6.28318530718,0.));
#3557 = VECTOR('',#3558,1.);
#3558 = DIRECTION('',(-0.,-1.));
#3559 = ( GEOMETRIC_REPRESENTATION_CONTEXT(2) 
PARAMETRIC_REPRESENTATION_CONTEXT() REPRESENTATION_CONTEXT('2D SPACE',''
  ) );
#3560 = PCURVE('',#3475,#3561);
#3561 = DEFINITIONAL_REPRESENTATION('',(#3562),#3566);
#3562 = LINE('',#3563,#3564);
#3563 = CARTESIAN_POINT('',(-4.138911435803E-13,0.));
#3564 = VECTOR('',#3565,1.);
#3565 = DIRECTION('',(-0.,-1.));
#3566 = ( GEOMETRIC_REPRESENTATION_CONTEXT(2) 
PARAMETRIC_REPRESENTATION_CONTEXT() REPRESENTATION_CONTEXT('2D SPACE',''
  ) );
#3567 = ORIENTED_EDGE('',*,*,#3454,.T.);
#3568 = ORIENTED_EDGE('',*,*,#3545,.T.);
#3569 = ORIENTED_EDGE('',*,*,#3570,.F.);
#3570 = EDGE_CURVE('',#3546,#3546,#3571,.T.);
#3571 = SURFACE_CURVE('',#3572,(#3577,#3584),.PCURVE_S1.);
#3572 = CIRCLE('',#3573,3.2);
#3573 = AXIS2_PLACEMENT_3D('',#3574,#3575,#3576);
#3574 = CARTESIAN_POINT('',(46.5,44.5,12.65));
#3575 = DIRECTION('',(0.,0.,-1.));
#3576 = DIRECTION('',(1.,0.,0.));
#3577 = PCURVE('',#3475,#3578);
#3578 = DEFINITIONAL_REPRESENTATION('',(#3579),#3583);
#3579 = LINE('',#3580,#3581);
#3580 = CARTESIAN_POINT('',(6.28318530718,-4.440892098501E-16));
#3581 = VECTOR('',#3582,1.);
#3582 = DIRECTION('',(-1.,0.));
#3583 = ( GEOMETRIC_REPRESENTATION_CONTEXT(2) 
PARAMETRIC_REPRESENTATION_CONTEXT() REPRESENTATION_CONTEXT('2D SPACE',''
  ) );
#3584 = PCURVE('',#3585,#3590);
#3585 = CYLINDRICAL_SURFACE('',#3586,3.2);
#3586 = AXIS2_PLACEMENT_3D('',#3587,#3588,#3589);
#3587 = CARTESIAN_POINT('',(46.5,44.5,7.95));
#3588 = DIRECTION('',(-0.,-0.,-1.));
#3589 = DIRECTION('',(1.,0.,0.));
#3590 = DEFINITIONAL_REPRESENTATION('',(#3591),#3595);
#3591 = LINE('',#3592,#3593);
#3592 = CARTESIAN_POINT('',(-4.138911435803E-13,-4.7));
#3593 = VECTOR('',#3594,1.);
#3594 = DIRECTION('',(1.,-0.));
#3595 = ( GEOMETRIC_REPRESENTATION_CONTEXT(2) 
PARAMETRIC_REPRESENTATION_CONTEXT() REPRESENTATION_CONTEXT('2D SPACE',''
  ) );
#3596 = ADVANCED_FACE('',(#3597),#3507,.F.);
#3597 = FACE_BOUND('',#3598,.F.);
#3598 = EDGE_LOOP('',(#3599,#3628,#3649,#3650));
#3599 = ORIENTED_EDGE('',*,*,#3600,.F.);
#3600 = EDGE_CURVE('',#3601,#3601,#3603,.T.);
#3601 = VERTEX_POINT('',#3602);
#3602 = CARTESIAN_POINT('',(49.7,44.5,5.05));
#3603 = SURFACE_CURVE('',#3604,(#3609,#3616),.PCURVE_S1.);
#3604 = CIRCLE('',#3605,3.2);
#3605 = AXIS2_PLACEMENT_3D('',#3606,#3607,#3608);
#3606 = CARTESIAN_POINT('',(46.5,44.5,5.05));
#3607 = DIRECTION('',(0.,0.,1.));
#3608 = DIRECTION('',(1.,0.,0.));
#3609 = PCURVE('',#3507,#3610);
#3610 = DEFINITIONAL_REPRESENTATION('',(#3611),#3615);
#3611 = LINE('',#3612,#3613);
#3612 = CARTESIAN_POINT('',(6.28318530718,-5.1));
#3613 = VECTOR('',#3614,1.);
#3614 = DIRECTION('',(-1.,0.));
#3615 = ( GEOMETRIC_REPRESENTATION_CONTEXT(2) 
PARAMETRIC_REPRESENTATION_CONTEXT() REPRESENTATION_CONTEXT('2D SPACE',''
  ) );
#3616 = PCURVE('',#3617,#3622);
#3617 = PLANE('',#3618);
#3618 = AXIS2_PLACEMENT_3D('',#3619,#3620,#3621);
#3619 = CARTESIAN_POINT('',(46.5,44.5,5.05));
#3620 = DIRECTION('',(0.,0.,1.));
#3621 = DIRECTION('',(1.,0.,0.));
#3622 = DEFINITIONAL_REPRESENTATION('',(#3623),#3627);
#3623 = CIRCLE('',#3624,3.2);
#3624 = AXIS2_PLACEMENT_2D('',#3625,#3626);
#3625 = CARTESIAN_POINT('',(0.,0.));
#3626 = DIRECTION('',(1.,0.));
#3627 = ( GEOMETRIC_REPRESENTATION_CONTEXT(2) 
PARAMETRIC_REPRESENTATION_CONTEXT() REPRESENTATION_CONTEXT('2D SPACE',''
  ) );
#3628 = ORIENTED_EDGE('',*,*,#3629,.F.);
#3629 = EDGE_CURVE('',#3491,#3601,#3630,.T.);
#3630 = SEAM_CURVE('',#3631,(#3635,#3642),.PCURVE_S1.);
#3631 = LINE('',#3632,#3633);
#3632 = CARTESIAN_POINT('',(49.7,44.5,-5.E-02));
#3633 = VECTOR('',#3634,1.);
#3634 = DIRECTION('',(0.,0.,1.));
#3635 = PCURVE('',#3507,#3636);
#3636 = DEFINITIONAL_REPRESENTATION('',(#3637),#3641);
#3637 = LINE('',#3638,#3639);
#3638 = CARTESIAN_POINT('',(6.283185307179,0.));
#3639 = VECTOR('',#3640,1.);
#3640 = DIRECTION('',(-0.,-1.));
#3641 = ( GEOMETRIC_REPRESENTATION_CONTEXT(2) 
PARAMETRIC_REPRESENTATION_CONTEXT() REPRESENTATION_CONTEXT('2D SPACE',''
  ) );
#3642 = PCURVE('',#3507,#3643);
#3643 = DEFINITIONAL_REPRESENTATION('',(#3644),#3648);
#3644 = LINE('',#3645,#3646);
#3645 = CARTESIAN_POINT('',(-0.,0.));
#3646 = VECTOR('',#3647,1.);
#3647 = DIRECTION('',(-0.,-1.));
#3648 = ( GEOMETRIC_REPRESENTATION_CONTEXT(2) 
PARAMETRIC_REPRESENTATION_CONTEXT() REPRESENTATION_CONTEXT('2D SPACE',''
  ) );
#3649 = ORIENTED_EDGE('',*,*,#3490,.F.);
#3650 = ORIENTED_EDGE('',*,*,#3629,.T.);
#3651 = ADVANCED_FACE('',(#3652),#3585,.F.);
#3652 = FACE_BOUND('',#3653,.F.);
#3653 = EDGE_LOOP('',(#3654,#3655,#3678,#3705));
#3654 = ORIENTED_EDGE('',*,*,#3570,.T.);
#3655 = ORIENTED_EDGE('',*,*,#3656,.F.);
#3656 = EDGE_CURVE('',#3657,#3546,#3659,.T.);
#3657 = VERTEX_POINT('',#3658);
#3658 = CARTESIAN_POINT('',(49.7,44.5,7.95));
#3659 = SEAM_CURVE('',#3660,(#3664,#3671),.PCURVE_S1.);
#3660 = LINE('',#3661,#3662);
#3661 = CARTESIAN_POINT('',(49.7,44.5,7.95));
#3662 = VECTOR('',#3663,1.);
#3663 = DIRECTION('',(0.,0.,1.));
#3664 = PCURVE('',#3585,#3665);
#3665 = DEFINITIONAL_REPRESENTATION('',(#3666),#3670);
#3666 = LINE('',#3667,#3668);
#3667 = CARTESIAN_POINT('',(6.283185307179,0.));
#3668 = VECTOR('',#3669,1.);
#3669 = DIRECTION('',(-0.,-1.));
#3670 = ( GEOMETRIC_REPRESENTATION_CONTEXT(2) 
PARAMETRIC_REPRESENTATION_CONTEXT() REPRESENTATION_CONTEXT('2D SPACE',''
  ) );
#3671 = PCURVE('',#3585,#3672);
#3672 = DEFINITIONAL_REPRESENTATION('',(#3673),#3677);
#3673 = LINE('',#3674,#3675);
#3674 = CARTESIAN_POINT('',(-0.,0.));
#3675 = VECTOR('',#3676,1.);
#3676 = DIRECTION('',(-0.,-1.));
#3677 = ( GEOMETRIC_REPRESENTATION_CONTEXT(2) 
PARAMETRIC_REPRESENTATION_CONTEXT() REPRESENTATION_CONTEXT('2D SPACE',''
  ) );
#3678 = ORIENTED_EDGE('',*,*,#3679,.T.);
#3679 = EDGE_CURVE('',#3657,#3657,#3680,.T.);
#3680 = SURFACE_CURVE('',#3681,(#3686,#3693),.PCURVE_S1.);
#3681 = CIRCLE('',#3682,3.2);
#3682 = AXIS2_PLACEMENT_3D('',#3683,#3684,#3685);
#3683 = CARTESIAN_POINT('',(46.5,44.5,7.95));
#3684 = DIRECTION('',(0.,0.,1.));
#3685 = DIRECTION('',(1.,0.,0.));
#3686 = PCURVE('',#3585,#3687);
#3687 = DEFINITIONAL_REPRESENTATION('',(#3688),#3692);
#3688 = LINE('',#3689,#3690);
#3689 = CARTESIAN_POINT('',(6.28318530718,0.));
#3690 = VECTOR('',#3691,1.);
#3691 = DIRECTION('',(-1.,0.));
#3692 = ( GEOMETRIC_REPRESENTATION_CONTEXT(2) 
PARAMETRIC_REPRESENTATION_CONTEXT() REPRESENTATION_CONTEXT('2D SPACE',''
  ) );
#3693 = PCURVE('',#3694,#3699);
#3694 = PLANE('',#3695);
#3695 = AXIS2_PLACEMENT_3D('',#3696,#3697,#3698);
#3696 = CARTESIAN_POINT('',(46.5,44.5,7.95));
#3697 = DIRECTION('',(0.,0.,1.));
#3698 = DIRECTION('',(1.,0.,0.));
#3699 = DEFINITIONAL_REPRESENTATION('',(#3700),#3704);
#3700 = CIRCLE('',#3701,3.2);
#3701 = AXIS2_PLACEMENT_2D('',#3702,#3703);
#3702 = CARTESIAN_POINT('',(0.,0.));
#3703 = DIRECTION('',(1.,0.));
#3704 = ( GEOMETRIC_REPRESENTATION_CONTEXT(2) 
PARAMETRIC_REPRESENTATION_CONTEXT() REPRESENTATION_CONTEXT('2D SPACE',''
  ) );
#3705 = ORIENTED_EDGE('',*,*,#3656,.T.);
#3706 = ADVANCED_FACE('',(#3707),#3617,.F.);
#3707 = FACE_BOUND('',#3708,.F.);
#3708 = EDGE_LOOP('',(#3709));
#3709 = ORIENTED_EDGE('',*,*,#3600,.T.);
#3710 = ADVANCED_FACE('',(#3711),#3694,.T.);
#3711 = FACE_BOUND('',#3712,.T.);
#3712 = EDGE_LOOP('',(#3713));
#3713 = ORIENTED_EDGE('',*,*,#3679,.T.);
#3714 = ( GEOMETRIC_REPRESENTATION_CONTEXT(3) 
GLOBAL_UNCERTAINTY_ASSIGNED_CONTEXT((#3718)) 
GLOBAL_UNIT_ASSIGNED_CONTEXT((#3715,#3716,#3717)) REPRESENTATION_CONTEXT
('Context #1','3D Context with UNIT and UNCERTAINTY') );
#3715 = ( LENGTH_UNIT() NAMED_UNIT(*) SI_UNIT(.MILLI.,.METRE.) );
#3716 = ( NAMED_UNIT(*) PLANE_ANGLE_UNIT() SI_UNIT($,.RADIAN.) );
#3717 = ( NAMED_UNIT(*) SI_UNIT($,.STERADIAN.) SOLID_ANGLE_UNIT() );
#3718 = UNCERTAINTY_MEASURE_WITH_UNIT(LENGTH_MEASURE(1.E-07),#3715,
  'distance_accuracy_value','confusion accuracy');
#3719 = CONTEXT_DEPENDENT_SHAPE_REPRESENTATION(#3720,#3722);
#3720 = ( REPRESENTATION_RELATIONSHIP('','',#3207,#2102) 
REPRESENTATION_RELATIONSHIP_WITH_TRANSFORMATION(#3721) 
SHAPE_REPRESENTATION_RELATIONSHIP() );
#3721 = ITEM_DEFINED_TRANSFORMATION('','',#11,#2111);
#3722 = PRODUCT_DEFINITION_SHAPE('Placement','Placement of an item',
  #3723);
#3723 = NEXT_ASSEMBLY_USAGE_OCCURRENCE('12','','',#2097,#3202,$);
#3724 = PRODUCT_RELATED_PRODUCT_CATEGORY('part',$,(#3204));
#3725 = SHAPE_DEFINITION_REPRESENTATION(#3726,#3732);
#3726 = PRODUCT_DEFINITION_SHAPE('','',#3727);
#3727 = PRODUCT_DEFINITION('design','',#3728,#3731);
#3728 = PRODUCT_DEFINITION_FORMATION('','',#3729);
#3729 = PRODUCT('Open CASCADE STEP translator 7.8 1.10.1.4',
  'Open CASCADE STEP translator 7.8 1.10.1.4','',(#3730));
#3730 = PRODUCT_CONTEXT('',#2,'mechanical');
#3731 = PRODUCT_DEFINITION_CONTEXT('part definition',#2,'design');
#3732 = ADVANCED_BREP_SHAPE_REPRESENTATION('',(#11,#3733),#4239);
#3733 = MANIFOLD_SOLID_BREP('',#3734);
#3734 = CLOSED_SHELL('',(#3735,#3823,#3878,#3933,#3972,#4011,#4066,#4121
    ,#4176,#4231,#4235));
#3735 = ADVANCED_FACE('',(#3736),#3749,.T.);
#3736 = FACE_BOUND('',#3737,.T.);
#3737 = EDGE_LOOP('',(#3738,#3772,#3795,#3822));
#3738 = ORIENTED_EDGE('',*,*,#3739,.T.);
#3739 = EDGE_CURVE('',#3740,#3740,#3742,.T.);
#3740 = VERTEX_POINT('',#3741);
#3741 = CARTESIAN_POINT('',(13.,64.5,0.35));
#3742 = SURFACE_CURVE('',#3743,(#3748,#3760),.PCURVE_S1.);
#3743 = CIRCLE('',#3744,6.5);
#3744 = AXIS2_PLACEMENT_3D('',#3745,#3746,#3747);
#3745 = CARTESIAN_POINT('',(6.5,64.5,0.35));
#3746 = DIRECTION('',(0.,0.,1.));
#3747 = DIRECTION('',(1.,0.,0.));
#3748 = PCURVE('',#3749,#3754);
#3749 = CYLINDRICAL_SURFACE('',#3750,6.5);
#3750 = AXIS2_PLACEMENT_3D('',#3751,#3752,#3753);
#3751 = CARTESIAN_POINT('',(6.5,64.5,7.771561172376E-16));
#3752 = DIRECTION('',(-0.,-0.,-1.));
#3753 = DIRECTION('',(1.,0.,0.));
#3754 = DEFINITIONAL_REPRESENTATION('',(#3755),#3759);
#3755 = LINE('',#3756,#3757);
#3756 = CARTESIAN_POINT('',(6.28318530718,-0.35));
#3757 = VECTOR('',#3758,1.);
#3758 = DIRECTION('',(-1.,0.));
#3759 = ( GEOMETRIC_REPRESENTATION_CONTEXT(2) 
PARAMETRIC_REPRESENTATION_CONTEXT() REPRESENTATION_CONTEXT('2D SPACE',''
  ) );
#3760 = PCURVE('',#3761,#3766);
#3761 = CONICAL_SURFACE('',#3762,6.5,0.785398163397);
#3762 = AXIS2_PLACEMENT_3D('',#3763,#3764,#3765);
#3763 = CARTESIAN_POINT('',(6.5,64.5,0.35));
#3764 = DIRECTION('',(0.,0.,1.));
#3765 = DIRECTION('',(1.,0.,0.));
#3766 = DEFINITIONAL_REPRESENTATION('',(#3767),#3771);
#3767 = LINE('',#3768,#3769);
#3768 = CARTESIAN_POINT('',(0.,0.));
#3769 = VECTOR('',#3770,1.);
#3770 = DIRECTION('',(1.,-0.));
#3771 = ( GEOMETRIC_REPRESENTATION_CONTEXT(2) 
PARAMETRIC_REPRESENTATION_CONTEXT() REPRESENTATION_CONTEXT('2D SPACE',''
  ) );
#3772 = ORIENTED_EDGE('',*,*,#3773,.T.);
#3773 = EDGE_CURVE('',#3740,#3774,#3776,.T.);
#3774 = VERTEX_POINT('',#3775);
#3775 = CARTESIAN_POINT('',(13.,64.5,12.65));
#3776 = SEAM_CURVE('',#3777,(#3781,#3788),.PCURVE_S1.);
#3777 = LINE('',#3778,#3779);
#3778 = CARTESIAN_POINT('',(13.,64.5,7.771561172376E-16));
#3779 = VECTOR('',#3780,1.);
#3780 = DIRECTION('',(0.,0.,1.));
#3781 = PCURVE('',#3749,#3782);
#3782 = DEFINITIONAL_REPRESENTATION('',(#3783),#3787);
#3783 = LINE('',#3784,#3785);
#3784 = CARTESIAN_POINT('',(-4.138911435803E-13,0.));
#3785 = VECTOR('',#3786,1.);
#3786 = DIRECTION('',(-0.,-1.));
#3787 = ( GEOMETRIC_REPRESENTATION_CONTEXT(2) 
PARAMETRIC_REPRESENTATION_CONTEXT() REPRESENTATION_CONTEXT('2D SPACE',''
  ) );
#3788 = PCURVE('',#3749,#3789);
#3789 = DEFINITIONAL_REPRESENTATION('',(#3790),#3794);
#3790 = LINE('',#3791,#3792);
#3791 = CARTESIAN_POINT('',(6.28318530718,0.));
#3792 = VECTOR('',#3793,1.);
#3793 = DIRECTION('',(-0.,-1.));
#3794 = ( GEOMETRIC_REPRESENTATION_CONTEXT(2) 
PARAMETRIC_REPRESENTATION_CONTEXT() REPRESENTATION_CONTEXT('2D SPACE',''
  ) );
#3795 = ORIENTED_EDGE('',*,*,#3796,.F.);
#3796 = EDGE_CURVE('',#3774,#3774,#3797,.T.);
#3797 = SURFACE_CURVE('',#3798,(#3803,#3810),.PCURVE_S1.);
#3798 = CIRCLE('',#3799,6.5);
#3799 = AXIS2_PLACEMENT_3D('',#3800,#3801,#3802);
#3800 = CARTESIAN_POINT('',(6.5,64.5,12.65));
#3801 = DIRECTION('',(0.,0.,1.));
#3802 = DIRECTION('',(1.,0.,0.));
#3803 = PCURVE('',#3749,#3804);
#3804 = DEFINITIONAL_REPRESENTATION('',(#3805),#3809);
#3805 = LINE('',#3806,#3807);
#3806 = CARTESIAN_POINT('',(6.28318530718,-12.65));
#3807 = VECTOR('',#3808,1.);
#3808 = DIRECTION('',(-1.,0.));
#3809 = ( GEOMETRIC_REPRESENTATION_CONTEXT(2) 
PARAMETRIC_REPRESENTATION_CONTEXT() REPRESENTATION_CONTEXT('2D SPACE',''
  ) );
#3810 = PCURVE('',#3811,#3816);
#3811 = CONICAL_SURFACE('',#3812,6.5,0.785398163397);
#3812 = AXIS2_PLACEMENT_3D('',#3813,#3814,#3815);
#3813 = CARTESIAN_POINT('',(6.5,64.5,12.65));
#3814 = DIRECTION('',(-0.,-0.,-1.));
#3815 = DIRECTION('',(1.,0.,0.));
#3816 = DEFINITIONAL_REPRESENTATION('',(#3817),#3821);
#3817 = LINE('',#3818,#3819);
#3818 = CARTESIAN_POINT('',(6.28318530718,0.));
#3819 = VECTOR('',#3820,1.);
#3820 = DIRECTION('',(-1.,0.));
#3821 = ( GEOMETRIC_REPRESENTATION_CONTEXT(2) 
PARAMETRIC_REPRESENTATION_CONTEXT() REPRESENTATION_CONTEXT('2D SPACE',''
  ) );
#3822 = ORIENTED_EDGE('',*,*,#3773,.F.);
#3823 = ADVANCED_FACE('',(#3824),#3761,.T.);
#3824 = FACE_BOUND('',#3825,.T.);
#3825 = EDGE_LOOP('',(#3826,#3855,#3876,#3877));
#3826 = ORIENTED_EDGE('',*,*,#3827,.T.);
#3827 = EDGE_CURVE('',#3828,#3828,#3830,.T.);
#3828 = VERTEX_POINT('',#3829);
#3829 = CARTESIAN_POINT('',(12.65,64.5,7.771561172376E-16));
#3830 = SURFACE_CURVE('',#3831,(#3836,#3843),.PCURVE_S1.);
#3831 = CIRCLE('',#3832,6.15);
#3832 = AXIS2_PLACEMENT_3D('',#3833,#3834,#3835);
#3833 = CARTESIAN_POINT('',(6.5,64.5,7.771561172376E-16));
#3834 = DIRECTION('',(0.,0.,1.));
#3835 = DIRECTION('',(1.,0.,0.));
#3836 = PCURVE('',#3761,#3837);
#3837 = DEFINITIONAL_REPRESENTATION('',(#3838),#3842);
#3838 = LINE('',#3839,#3840);
#3839 = CARTESIAN_POINT('',(0.,-0.35));
#3840 = VECTOR('',#3841,1.);
#3841 = DIRECTION('',(1.,-0.));
#3842 = ( GEOMETRIC_REPRESENTATION_CONTEXT(2) 
PARAMETRIC_REPRESENTATION_CONTEXT() REPRESENTATION_CONTEXT('2D SPACE',''
  ) );
#3843 = PCURVE('',#3844,#3849);
#3844 = PLANE('',#3845);
#3845 = AXIS2_PLACEMENT_3D('',#3846,#3847,#3848);
#3846 = CARTESIAN_POINT('',(6.5,64.5,7.771561172376E-16));
#3847 = DIRECTION('',(0.,0.,1.));
#3848 = DIRECTION('',(1.,0.,0.));
#3849 = DEFINITIONAL_REPRESENTATION('',(#3850),#3854);
#3850 = CIRCLE('',#3851,6.15);
#3851 = AXIS2_PLACEMENT_2D('',#3852,#3853);
#3852 = CARTESIAN_POINT('',(0.,0.));
#3853 = DIRECTION('',(1.,0.));
#3854 = ( GEOMETRIC_REPRESENTATION_CONTEXT(2) 
PARAMETRIC_REPRESENTATION_CONTEXT() REPRESENTATION_CONTEXT('2D SPACE',''
  ) );
#3855 = ORIENTED_EDGE('',*,*,#3856,.F.);
#3856 = EDGE_CURVE('',#3740,#3828,#3857,.T.);
#3857 = SEAM_CURVE('',#3858,(#3862,#3869),.PCURVE_S1.);
#3858 = LINE('',#3859,#3860);
#3859 = CARTESIAN_POINT('',(13.,64.5,0.35));
#3860 = VECTOR('',#3861,1.);
#3861 = DIRECTION('',(-0.707106781187,-0.,-0.707106781187));
#3862 = PCURVE('',#3761,#3863);
#3863 = DEFINITIONAL_REPRESENTATION('',(#3864),#3868);
#3864 = LINE('',#3865,#3866);
#3865 = CARTESIAN_POINT('',(6.28318530718,0.));
#3866 = VECTOR('',#3867,1.);
#3867 = DIRECTION('',(0.,-1.));
#3868 = ( GEOMETRIC_REPRESENTATION_CONTEXT(2) 
PARAMETRIC_REPRESENTATION_CONTEXT() REPRESENTATION_CONTEXT('2D SPACE',''
  ) );
#3869 = PCURVE('',#3761,#3870);
#3870 = DEFINITIONAL_REPRESENTATION('',(#3871),#3875);
#3871 = LINE('',#3872,#3873);
#3872 = CARTESIAN_POINT('',(4.138911435803E-13,0.));
#3873 = VECTOR('',#3874,1.);
#3874 = DIRECTION('',(0.,-1.));
#3875 = ( GEOMETRIC_REPRESENTATION_CONTEXT(2) 
PARAMETRIC_REPRESENTATION_CONTEXT() REPRESENTATION_CONTEXT('2D SPACE',''
  ) );
#3876 = ORIENTED_EDGE('',*,*,#3739,.F.);
#3877 = ORIENTED_EDGE('',*,*,#3856,.T.);
#3878 = ADVANCED_FACE('',(#3879),#3811,.T.);
#3879 = FACE_BOUND('',#3880,.T.);
#3880 = EDGE_LOOP('',(#3881,#3904,#3905,#3906));
#3881 = ORIENTED_EDGE('',*,*,#3882,.F.);
#3882 = EDGE_CURVE('',#3774,#3883,#3885,.T.);
#3883 = VERTEX_POINT('',#3884);
#3884 = CARTESIAN_POINT('',(12.65,64.5,13.));
#3885 = SEAM_CURVE('',#3886,(#3890,#3897),.PCURVE_S1.);
#3886 = LINE('',#3887,#3888);
#3887 = CARTESIAN_POINT('',(13.,64.5,12.65));
#3888 = VECTOR('',#3889,1.);
#3889 = DIRECTION('',(-0.707106781187,0.,0.707106781187));
#3890 = PCURVE('',#3811,#3891);
#3891 = DEFINITIONAL_REPRESENTATION('',(#3892),#3896);
#3892 = LINE('',#3893,#3894);
#3893 = CARTESIAN_POINT('',(6.28318530718,0.));
#3894 = VECTOR('',#3895,1.);
#3895 = DIRECTION('',(-0.,-1.));
#3896 = ( GEOMETRIC_REPRESENTATION_CONTEXT(2) 
PARAMETRIC_REPRESENTATION_CONTEXT() REPRESENTATION_CONTEXT('2D SPACE',''
  ) );
#3897 = PCURVE('',#3811,#3898);
#3898 = DEFINITIONAL_REPRESENTATION('',(#3899),#3903);
#3899 = LINE('',#3900,#3901);
#3900 = CARTESIAN_POINT('',(-4.138911435803E-13,0.));
#3901 = VECTOR('',#3902,1.);
#3902 = DIRECTION('',(-0.,-1.));
#3903 = ( GEOMETRIC_REPRESENTATION_CONTEXT(2) 
PARAMETRIC_REPRESENTATION_CONTEXT() REPRESENTATION_CONTEXT('2D SPACE',''
  ) );
#3904 = ORIENTED_EDGE('',*,*,#3796,.T.);
#3905 = ORIENTED_EDGE('',*,*,#3882,.T.);
#3906 = ORIENTED_EDGE('',*,*,#3907,.F.);
#3907 = EDGE_CURVE('',#3883,#3883,#3908,.T.);
#3908 = SURFACE_CURVE('',#3909,(#3914,#3921),.PCURVE_S1.);
#3909 = CIRCLE('',#3910,6.15);
#3910 = AXIS2_PLACEMENT_3D('',#3911,#3912,#3913);
#3911 = CARTESIAN_POINT('',(6.5,64.5,13.));
#3912 = DIRECTION('',(0.,0.,1.));
#3913 = DIRECTION('',(1.,0.,0.));
#3914 = PCURVE('',#3811,#3915);
#3915 = DEFINITIONAL_REPRESENTATION('',(#3916),#3920);
#3916 = LINE('',#3917,#3918);
#3917 = CARTESIAN_POINT('',(6.28318530718,-0.35));
#3918 = VECTOR('',#3919,1.);
#3919 = DIRECTION('',(-1.,0.));
#3920 = ( GEOMETRIC_REPRESENTATION_CONTEXT(2) 
PARAMETRIC_REPRESENTATION_CONTEXT() REPRESENTATION_CONTEXT('2D SPACE',''
  ) );
#3921 = PCURVE('',#3922,#3927);
#3922 = PLANE('',#3923);
#3923 = AXIS2_PLACEMENT_3D('',#3924,#3925,#3926);
#3924 = CARTESIAN_POINT('',(6.5,64.5,13.));
#3925 = DIRECTION('',(0.,0.,1.));
#3926 = DIRECTION('',(1.,0.,0.));
#3927 = DEFINITIONAL_REPRESENTATION('',(#3928),#3932);
#3928 = CIRCLE('',#3929,6.15);
#3929 = AXIS2_PLACEMENT_2D('',#3930,#3931);
#3930 = CARTESIAN_POINT('',(0.,0.));
#3931 = DIRECTION('',(1.,0.));
#3932 = ( GEOMETRIC_REPRESENTATION_CONTEXT(2) 
PARAMETRIC_REPRESENTATION_CONTEXT() REPRESENTATION_CONTEXT('2D SPACE',''
  ) );
#3933 = ADVANCED_FACE('',(#3934,#3937),#3844,.F.);
#3934 = FACE_BOUND('',#3935,.F.);
#3935 = EDGE_LOOP('',(#3936));
#3936 = ORIENTED_EDGE('',*,*,#3827,.T.);
#3937 = FACE_BOUND('',#3938,.F.);
#3938 = EDGE_LOOP('',(#3939));
#3939 = ORIENTED_EDGE('',*,*,#3940,.T.);
#3940 = EDGE_CURVE('',#3941,#3941,#3943,.T.);
#3941 = VERTEX_POINT('',#3942);
#3942 = CARTESIAN_POINT('',(10.05,64.5,7.771561172376E-16));
#3943 = SURFACE_CURVE('',#3944,(#3949,#3960),.PCURVE_S1.);
#3944 = CIRCLE('',#3945,3.55);
#3945 = AXIS2_PLACEMENT_3D('',#3946,#3947,#3948);
#3946 = CARTESIAN_POINT('',(6.5,64.5,7.771561172376E-16));
#3947 = DIRECTION('',(0.,0.,-1.));
#3948 = DIRECTION('',(1.,0.,0.));
#3949 = PCURVE('',#3844,#3950);
#3950 = DEFINITIONAL_REPRESENTATION('',(#3951),#3959);
#3951 = ( BOUNDED_CURVE() B_SPLINE_CURVE(2,(#3952,#3953,#3954,#3955,
#3956,#3957,#3958),.UNSPECIFIED.,.T.,.F.) B_SPLINE_CURVE_WITH_KNOTS((1,2
    ,2,2,2,1),(-2.094395102393,0.,2.094395102393,4.188790204786,
6.28318530718,8.377580409573),.UNSPECIFIED.) CURVE() 
GEOMETRIC_REPRESENTATION_ITEM() RATIONAL_B_SPLINE_CURVE((1.,0.5,1.,0.5,
1.,0.5,1.)) REPRESENTATION_ITEM('') );
#3952 = CARTESIAN_POINT('',(3.55,0.));
#3953 = CARTESIAN_POINT('',(3.55,-6.14878036687));
#3954 = CARTESIAN_POINT('',(-1.775,-3.074390183435));
#3955 = CARTESIAN_POINT('',(-7.1,-8.694992273946E-16));
#3956 = CARTESIAN_POINT('',(-1.775,3.074390183435));
#3957 = CARTESIAN_POINT('',(3.55,6.14878036687));
#3958 = CARTESIAN_POINT('',(3.55,0.));
#3959 = ( GEOMETRIC_REPRESENTATION_CONTEXT(2) 
PARAMETRIC_REPRESENTATION_CONTEXT() REPRESENTATION_CONTEXT('2D SPACE',''
  ) );
#3960 = PCURVE('',#3961,#3966);
#3961 = CONICAL_SURFACE('',#3962,3.2,0.785398163397);
#3962 = AXIS2_PLACEMENT_3D('',#3963,#3964,#3965);
#3963 = CARTESIAN_POINT('',(6.5,64.5,0.35));
#3964 = DIRECTION('',(-0.,-0.,-1.));
#3965 = DIRECTION('',(1.,0.,0.));
#3966 = DEFINITIONAL_REPRESENTATION('',(#3967),#3971);
#3967 = LINE('',#3968,#3969);
#3968 = CARTESIAN_POINT('',(0.,0.35));
#3969 = VECTOR('',#3970,1.);
#3970 = DIRECTION('',(1.,-0.));
#3971 = ( GEOMETRIC_REPRESENTATION_CONTEXT(2) 
PARAMETRIC_REPRESENTATION_CONTEXT() REPRESENTATION_CONTEXT('2D SPACE',''
  ) );
#3972 = ADVANCED_FACE('',(#3973,#3976),#3922,.T.);
#3973 = FACE_BOUND('',#3974,.T.);
#3974 = EDGE_LOOP('',(#3975));
#3975 = ORIENTED_EDGE('',*,*,#3907,.T.);
#3976 = FACE_BOUND('',#3977,.T.);
#3977 = EDGE_LOOP('',(#3978));
#3978 = ORIENTED_EDGE('',*,*,#3979,.T.);
#3979 = EDGE_CURVE('',#3980,#3980,#3982,.T.);
#3980 = VERTEX_POINT('',#3981);
#3981 = CARTESIAN_POINT('',(10.05,64.5,13.));
#3982 = SURFACE_CURVE('',#3983,(#3988,#3999),.PCURVE_S1.);
#3983 = CIRCLE('',#3984,3.55);
#3984 = AXIS2_PLACEMENT_3D('',#3985,#3986,#3987);
#3985 = CARTESIAN_POINT('',(6.5,64.5,13.));
#3986 = DIRECTION('',(0.,0.,-1.));
#3987 = DIRECTION('',(1.,0.,0.));
#3988 = PCURVE('',#3922,#3989);
#3989 = DEFINITIONAL_REPRESENTATION('',(#3990),#3998);
#3990 = ( BOUNDED_CURVE() B_SPLINE_CURVE(2,(#3991,#3992,#3993,#3994,
#3995,#3996,#3997),.UNSPECIFIED.,.T.,.F.) B_SPLINE_CURVE_WITH_KNOTS((1,2
    ,2,2,2,1),(-2.094395102393,0.,2.094395102393,4.188790204786,
6.28318530718,8.377580409573),.UNSPECIFIED.) CURVE() 
GEOMETRIC_REPRESENTATION_ITEM() RATIONAL_B_SPLINE_CURVE((1.,0.5,1.,0.5,
1.,0.5,1.)) REPRESENTATION_ITEM('') );
#3991 = CARTESIAN_POINT('',(3.55,0.));
#3992 = CARTESIAN_POINT('',(3.55,-6.14878036687));
#3993 = CARTESIAN_POINT('',(-1.775,-3.074390183435));
#3994 = CARTESIAN_POINT('',(-7.1,-8.694992273946E-16));
#3995 = CARTESIAN_POINT('',(-1.775,3.074390183435));
#3996 = CARTESIAN_POINT('',(3.55,6.14878036687));
#3997 = CARTESIAN_POINT('',(3.55,0.));
#3998 = ( GEOMETRIC_REPRESENTATION_CONTEXT(2) 
PARAMETRIC_REPRESENTATION_CONTEXT() REPRESENTATION_CONTEXT('2D SPACE',''
  ) );
#3999 = PCURVE('',#4000,#4005);
#4000 = CONICAL_SURFACE('',#4001,3.2,0.785398163397);
#4001 = AXIS2_PLACEMENT_3D('',#4002,#4003,#4004);
#4002 = CARTESIAN_POINT('',(6.5,64.5,12.65));
#4003 = DIRECTION('',(0.,0.,1.));
#4004 = DIRECTION('',(1.,0.,0.));
#4005 = DEFINITIONAL_REPRESENTATION('',(#4006),#4010);
#4006 = LINE('',#4007,#4008);
#4007 = CARTESIAN_POINT('',(6.28318530718,0.35));
#4008 = VECTOR('',#4009,1.);
#4009 = DIRECTION('',(-1.,0.));
#4010 = ( GEOMETRIC_REPRESENTATION_CONTEXT(2) 
PARAMETRIC_REPRESENTATION_CONTEXT() REPRESENTATION_CONTEXT('2D SPACE',''
  ) );
#4011 = ADVANCED_FACE('',(#4012),#3961,.F.);
#4012 = FACE_BOUND('',#4013,.F.);
#4013 = EDGE_LOOP('',(#4014,#4043,#4064,#4065));
#4014 = ORIENTED_EDGE('',*,*,#4015,.T.);
#4015 = EDGE_CURVE('',#4016,#4016,#4018,.T.);
#4016 = VERTEX_POINT('',#4017);
#4017 = CARTESIAN_POINT('',(9.7,64.5,0.35));
#4018 = SURFACE_CURVE('',#4019,(#4024,#4031),.PCURVE_S1.);
#4019 = CIRCLE('',#4020,3.2);
#4020 = AXIS2_PLACEMENT_3D('',#4021,#4022,#4023);
#4021 = CARTESIAN_POINT('',(6.5,64.5,0.35));
#4022 = DIRECTION('',(0.,0.,-1.));
#4023 = DIRECTION('',(1.,0.,0.));
#4024 = PCURVE('',#3961,#4025);
#4025 = DEFINITIONAL_REPRESENTATION('',(#4026),#4030);
#4026 = LINE('',#4027,#4028);
#4027 = CARTESIAN_POINT('',(0.,0.));
#4028 = VECTOR('',#4029,1.);
#4029 = DIRECTION('',(1.,-0.));
#4030 = ( GEOMETRIC_REPRESENTATION_CONTEXT(2) 
PARAMETRIC_REPRESENTATION_CONTEXT() REPRESENTATION_CONTEXT('2D SPACE',''
  ) );
#4031 = PCURVE('',#4032,#4037);
#4032 = CYLINDRICAL_SURFACE('',#4033,3.2);
#4033 = AXIS2_PLACEMENT_3D('',#4034,#4035,#4036);
#4034 = CARTESIAN_POINT('',(6.5,64.5,-5.E-02));
#4035 = DIRECTION('',(-0.,-0.,-1.));
#4036 = DIRECTION('',(1.,0.,0.));
#4037 = DEFINITIONAL_REPRESENTATION('',(#4038),#4042);
#4038 = LINE('',#4039,#4040);
#4039 = CARTESIAN_POINT('',(-4.138911435803E-13,-0.4));
#4040 = VECTOR('',#4041,1.);
#4041 = DIRECTION('',(1.,-0.));
#4042 = ( GEOMETRIC_REPRESENTATION_CONTEXT(2) 
PARAMETRIC_REPRESENTATION_CONTEXT() REPRESENTATION_CONTEXT('2D SPACE',''
  ) );
#4043 = ORIENTED_EDGE('',*,*,#4044,.F.);
#4044 = EDGE_CURVE('',#3941,#4016,#4045,.T.);
#4045 = SEAM_CURVE('',#4046,(#4050,#4057),.PCURVE_S1.);
#4046 = LINE('',#4047,#4048);
#4047 = CARTESIAN_POINT('',(9.7,64.5,0.35));
#4048 = VECTOR('',#4049,1.);
#4049 = DIRECTION('',(-0.707106781187,0.,0.707106781187));
#4050 = PCURVE('',#3961,#4051);
#4051 = DEFINITIONAL_REPRESENTATION('',(#4052),#4056);
#4052 = LINE('',#4053,#4054);
#4053 = CARTESIAN_POINT('',(6.28318530718,0.));
#4054 = VECTOR('',#4055,1.);
#4055 = DIRECTION('',(0.,-1.));
#4056 = ( GEOMETRIC_REPRESENTATION_CONTEXT(2) 
PARAMETRIC_REPRESENTATION_CONTEXT() REPRESENTATION_CONTEXT('2D SPACE',''
  ) );
#4057 = PCURVE('',#3961,#4058);
#4058 = DEFINITIONAL_REPRESENTATION('',(#4059),#4063);
#4059 = LINE('',#4060,#4061);
#4060 = CARTESIAN_POINT('',(4.138911435803E-13,0.));
#4061 = VECTOR('',#4062,1.);
#4062 = DIRECTION('',(0.,-1.));
#4063 = ( GEOMETRIC_REPRESENTATION_CONTEXT(2) 
PARAMETRIC_REPRESENTATION_CONTEXT() REPRESENTATION_CONTEXT('2D SPACE',''
  ) );
#4064 = ORIENTED_EDGE('',*,*,#3940,.F.);
#4065 = ORIENTED_EDGE('',*,*,#4044,.T.);
#4066 = ADVANCED_FACE('',(#4067),#4000,.F.);
#4067 = FACE_BOUND('',#4068,.F.);
#4068 = EDGE_LOOP('',(#4069,#4092,#4093,#4094));
#4069 = ORIENTED_EDGE('',*,*,#4070,.F.);
#4070 = EDGE_CURVE('',#3980,#4071,#4073,.T.);
#4071 = VERTEX_POINT('',#4072);
#4072 = CARTESIAN_POINT('',(9.7,64.5,12.65));
#4073 = SEAM_CURVE('',#4074,(#4078,#4085),.PCURVE_S1.);
#4074 = LINE('',#4075,#4076);
#4075 = CARTESIAN_POINT('',(9.7,64.5,12.65));
#4076 = VECTOR('',#4077,1.);
#4077 = DIRECTION('',(-0.707106781187,0.,-0.707106781187));
#4078 = PCURVE('',#4000,#4079);
#4079 = DEFINITIONAL_REPRESENTATION('',(#4080),#4084);
#4080 = LINE('',#4081,#4082);
#4081 = CARTESIAN_POINT('',(6.28318530718,0.));
#4082 = VECTOR('',#4083,1.);
#4083 = DIRECTION('',(-0.,-1.));
#4084 = ( GEOMETRIC_REPRESENTATION_CONTEXT(2) 
PARAMETRIC_REPRESENTATION_CONTEXT() REPRESENTATION_CONTEXT('2D SPACE',''
  ) );
#4085 = PCURVE('',#4000,#4086);
#4086 = DEFINITIONAL_REPRESENTATION('',(#4087),#4091);
#4087 = LINE('',#4088,#4089);
#4088 = CARTESIAN_POINT('',(-4.138911435803E-13,0.));
#4089 = VECTOR('',#4090,1.);
#4090 = DIRECTION('',(-0.,-1.));
#4091 = ( GEOMETRIC_REPRESENTATION_CONTEXT(2) 
PARAMETRIC_REPRESENTATION_CONTEXT() REPRESENTATION_CONTEXT('2D SPACE',''
  ) );
#4092 = ORIENTED_EDGE('',*,*,#3979,.T.);
#4093 = ORIENTED_EDGE('',*,*,#4070,.T.);
#4094 = ORIENTED_EDGE('',*,*,#4095,.F.);
#4095 = EDGE_CURVE('',#4071,#4071,#4096,.T.);
#4096 = SURFACE_CURVE('',#4097,(#4102,#4109),.PCURVE_S1.);
#4097 = CIRCLE('',#4098,3.2);
#4098 = AXIS2_PLACEMENT_3D('',#4099,#4100,#4101);
#4099 = CARTESIAN_POINT('',(6.5,64.5,12.65));
#4100 = DIRECTION('',(0.,0.,-1.));
#4101 = DIRECTION('',(1.,0.,0.));
#4102 = PCURVE('',#4000,#4103);
#4103 = DEFINITIONAL_REPRESENTATION('',(#4104),#4108);
#4104 = LINE('',#4105,#4106);
#4105 = CARTESIAN_POINT('',(6.28318530718,-4.440892098501E-16));
#4106 = VECTOR('',#4107,1.);
#4107 = DIRECTION('',(-1.,0.));
#4108 = ( GEOMETRIC_REPRESENTATION_CONTEXT(2) 
PARAMETRIC_REPRESENTATION_CONTEXT() REPRESENTATION_CONTEXT('2D SPACE',''
  ) );
#4109 = PCURVE('',#4110,#4115);
#4110 = CYLINDRICAL_SURFACE('',#4111,3.2);
#4111 = AXIS2_PLACEMENT_3D('',#4112,#4113,#4114);
#4112 = CARTESIAN_POINT('',(6.5,64.5,7.95));
#4113 = DIRECTION('',(-0.,-0.,-1.));
#4114 = DIRECTION('',(1.,0.,0.));
#4115 = DEFINITIONAL_REPRESENTATION('',(#4116),#4120);
#4116 = LINE('',#4117,#4118);
#4117 = CARTESIAN_POINT('',(-4.138911435803E-13,-4.7));
#4118 = VECTOR('',#4119,1.);
#4119 = DIRECTION('',(1.,-0.));
#4120 = ( GEOMETRIC_REPRESENTATION_CONTEXT(2) 
PARAMETRIC_REPRESENTATION_CONTEXT() REPRESENTATION_CONTEXT('2D SPACE',''
  ) );
#4121 = ADVANCED_FACE('',(#4122),#4032,.F.);
#4122 = FACE_BOUND('',#4123,.F.);
#4123 = EDGE_LOOP('',(#4124,#4153,#4174,#4175));
#4124 = ORIENTED_EDGE('',*,*,#4125,.F.);
#4125 = EDGE_CURVE('',#4126,#4126,#4128,.T.);
#4126 = VERTEX_POINT('',#4127);
#4127 = CARTESIAN_POINT('',(9.7,64.5,5.05));
#4128 = SURFACE_CURVE('',#4129,(#4134,#4141),.PCURVE_S1.);
#4129 = CIRCLE('',#4130,3.2);
#4130 = AXIS2_PLACEMENT_3D('',#4131,#4132,#4133);
#4131 = CARTESIAN_POINT('',(6.5,64.5,5.05));
#4132 = DIRECTION('',(0.,0.,1.));
#4133 = DIRECTION('',(1.,0.,0.));
#4134 = PCURVE('',#4032,#4135);
#4135 = DEFINITIONAL_REPRESENTATION('',(#4136),#4140);
#4136 = LINE('',#4137,#4138);
#4137 = CARTESIAN_POINT('',(6.28318530718,-5.1));
#4138 = VECTOR('',#4139,1.);
#4139 = DIRECTION('',(-1.,0.));
#4140 = ( GEOMETRIC_REPRESENTATION_CONTEXT(2) 
PARAMETRIC_REPRESENTATION_CONTEXT() REPRESENTATION_CONTEXT('2D SPACE',''
  ) );
#4141 = PCURVE('',#4142,#4147);
#4142 = PLANE('',#4143);
#4143 = AXIS2_PLACEMENT_3D('',#4144,#4145,#4146);
#4144 = CARTESIAN_POINT('',(6.5,64.5,5.05));
#4145 = DIRECTION('',(0.,0.,1.));
#4146 = DIRECTION('',(1.,0.,0.));
#4147 = DEFINITIONAL_REPRESENTATION('',(#4148),#4152);
#4148 = CIRCLE('',#4149,3.2);
#4149 = AXIS2_PLACEMENT_2D('',#4150,#4151);
#4150 = CARTESIAN_POINT('',(0.,0.));
#4151 = DIRECTION('',(1.,0.));
#4152 = ( GEOMETRIC_REPRESENTATION_CONTEXT(2) 
PARAMETRIC_REPRESENTATION_CONTEXT() REPRESENTATION_CONTEXT('2D SPACE',''
  ) );
#4153 = ORIENTED_EDGE('',*,*,#4154,.F.);
#4154 = EDGE_CURVE('',#4016,#4126,#4155,.T.);
#4155 = SEAM_CURVE('',#4156,(#4160,#4167),.PCURVE_S1.);
#4156 = LINE('',#4157,#4158);
#4157 = CARTESIAN_POINT('',(9.7,64.5,-5.E-02));
#4158 = VECTOR('',#4159,1.);
#4159 = DIRECTION('',(0.,0.,1.));
#4160 = PCURVE('',#4032,#4161);
#4161 = DEFINITIONAL_REPRESENTATION('',(#4162),#4166);
#4162 = LINE('',#4163,#4164);
#4163 = CARTESIAN_POINT('',(6.283185307179,0.));
#4164 = VECTOR('',#4165,1.);
#4165 = DIRECTION('',(-0.,-1.));
#4166 = ( GEOMETRIC_REPRESENTATION_CONTEXT(2) 
PARAMETRIC_REPRESENTATION_CONTEXT() REPRESENTATION_CONTEXT('2D SPACE',''
  ) );
#4167 = PCURVE('',#4032,#4168);
#4168 = DEFINITIONAL_REPRESENTATION('',(#4169),#4173);
#4169 = LINE('',#4170,#4171);
#4170 = CARTESIAN_POINT('',(-0.,0.));
#4171 = VECTOR('',#4172,1.);
#4172 = DIRECTION('',(-0.,-1.));
#4173 = ( GEOMETRIC_REPRESENTATION_CONTEXT(2) 
PARAMETRIC_REPRESENTATION_CONTEXT() REPRESENTATION_CONTEXT('2D SPACE',''
  ) );
#4174 = ORIENTED_EDGE('',*,*,#4015,.F.);
#4175 = ORIENTED_EDGE('',*,*,#4154,.T.);
#4176 = ADVANCED_FACE('',(#4177),#4110,.F.);
#4177 = FACE_BOUND('',#4178,.F.);
#4178 = EDGE_LOOP('',(#4179,#4180,#4203,#4230));
#4179 = ORIENTED_EDGE('',*,*,#4095,.T.);
#4180 = ORIENTED_EDGE('',*,*,#4181,.F.);
#4181 = EDGE_CURVE('',#4182,#4071,#4184,.T.);
#4182 = VERTEX_POINT('',#4183);
#4183 = CARTESIAN_POINT('',(9.7,64.5,7.95));
#4184 = SEAM_CURVE('',#4185,(#4189,#4196),.PCURVE_S1.);
#4185 = LINE('',#4186,#4187);
#4186 = CARTESIAN_POINT('',(9.7,64.5,7.95));
#4187 = VECTOR('',#4188,1.);
#4188 = DIRECTION('',(0.,0.,1.));
#4189 = PCURVE('',#4110,#4190);
#4190 = DEFINITIONAL_REPRESENTATION('',(#4191),#4195);
#4191 = LINE('',#4192,#4193);
#4192 = CARTESIAN_POINT('',(6.283185307179,0.));
#4193 = VECTOR('',#4194,1.);
#4194 = DIRECTION('',(-0.,-1.));
#4195 = ( GEOMETRIC_REPRESENTATION_CONTEXT(2) 
PARAMETRIC_REPRESENTATION_CONTEXT() REPRESENTATION_CONTEXT('2D SPACE',''
  ) );
#4196 = PCURVE('',#4110,#4197);
#4197 = DEFINITIONAL_REPRESENTATION('',(#4198),#4202);
#4198 = LINE('',#4199,#4200);
#4199 = CARTESIAN_POINT('',(-0.,0.));
#4200 = VECTOR('',#4201,1.);
#4201 = DIRECTION('',(-0.,-1.));
#4202 = ( GEOMETRIC_REPRESENTATION_CONTEXT(2) 
PARAMETRIC_REPRESENTATION_CONTEXT() REPRESENTATION_CONTEXT('2D SPACE',''
  ) );
#4203 = ORIENTED_EDGE('',*,*,#4204,.T.);
#4204 = EDGE_CURVE('',#4182,#4182,#4205,.T.);
#4205 = SURFACE_CURVE('',#4206,(#4211,#4218),.PCURVE_S1.);
#4206 = CIRCLE('',#4207,3.2);
#4207 = AXIS2_PLACEMENT_3D('',#4208,#4209,#4210);
#4208 = CARTESIAN_POINT('',(6.5,64.5,7.95));
#4209 = DIRECTION('',(0.,0.,1.));
#4210 = DIRECTION('',(1.,0.,0.));
#4211 = PCURVE('',#4110,#4212);
#4212 = DEFINITIONAL_REPRESENTATION('',(#4213),#4217);
#4213 = LINE('',#4214,#4215);
#4214 = CARTESIAN_POINT('',(6.28318530718,0.));
#4215 = VECTOR('',#4216,1.);
#4216 = DIRECTION('',(-1.,0.));
#4217 = ( GEOMETRIC_REPRESENTATION_CONTEXT(2) 
PARAMETRIC_REPRESENTATION_CONTEXT() REPRESENTATION_CONTEXT('2D SPACE',''
  ) );
#4218 = PCURVE('',#4219,#4224);
#4219 = PLANE('',#4220);
#4220 = AXIS2_PLACEMENT_3D('',#4221,#4222,#4223);
#4221 = CARTESIAN_POINT('',(6.5,64.5,7.95));
#4222 = DIRECTION('',(0.,0.,1.));
#4223 = DIRECTION('',(1.,0.,0.));
#4224 = DEFINITIONAL_REPRESENTATION('',(#4225),#4229);
#4225 = CIRCLE('',#4226,3.2);
#4226 = AXIS2_PLACEMENT_2D('',#4227,#4228);
#4227 = CARTESIAN_POINT('',(0.,0.));
#4228 = DIRECTION('',(1.,0.));
#4229 = ( GEOMETRIC_REPRESENTATION_CONTEXT(2) 
PARAMETRIC_REPRESENTATION_CONTEXT() REPRESENTATION_CONTEXT('2D SPACE',''
  ) );
#4230 = ORIENTED_EDGE('',*,*,#4181,.T.);
#4231 = ADVANCED_FACE('',(#4232),#4142,.F.);
#4232 = FACE_BOUND('',#4233,.F.);
#4233 = EDGE_LOOP('',(#4234));
#4234 = ORIENTED_EDGE('',*,*,#4125,.T.);
#4235 = ADVANCED_FACE('',(#4236),#4219,.T.);
#4236 = FACE_BOUND('',#4237,.T.);
#4237 = EDGE_LOOP('',(#4238));
#4238 = ORIENTED_EDGE('',*,*,#4204,.T.);
#4239 = ( GEOMETRIC_REPRESENTATION_CONTEXT(3) 
GLOBAL_UNCERTAINTY_ASSIGNED_CONTEXT((#4243)) 
GLOBAL_UNIT_ASSIGNED_CONTEXT((#4240,#4241,#4242)) REPRESENTATION_CONTEXT
('Context #1','3D Context with UNIT and UNCERTAINTY') );
#4240 = ( LENGTH_UNIT() NAMED_UNIT(*) SI_UNIT(.MILLI.,.METRE.) );
#4241 = ( NAMED_UNIT(*) PLANE_ANGLE_UNIT() SI_UNIT($,.RADIAN.) );
#4242 = ( NAMED_UNIT(*) SI_UNIT($,.STERADIAN.) SOLID_ANGLE_UNIT() );
#4243 = UNCERTAINTY_MEASURE_WITH_UNIT(LENGTH_MEASURE(1.E-07),#4240,
  'distance_accuracy_value','confusion accuracy');
#4244 = CONTEXT_DEPENDENT_SHAPE_REPRESENTATION(#4245,#4247);
#4245 = ( REPRESENTATION_RELATIONSHIP('','',#3732,#2102) 
REPRESENTATION_RELATIONSHIP_WITH_TRANSFORMATION(#4246) 
SHAPE_REPRESENTATION_RELATIONSHIP() );
#4246 = ITEM_DEFINED_TRANSFORMATION('','',#11,#2115);
#4247 = PRODUCT_DEFINITION_SHAPE('Placement','Placement of an item',
  #4248);
#4248 = NEXT_ASSEMBLY_USAGE_OCCURRENCE('13','','',#2097,#3727,$);
#4249 = PRODUCT_RELATED_PRODUCT_CATEGORY('part',$,(#3729));
#4250 = SHAPE_DEFINITION_REPRESENTATION(#4251,#4257);
#4251 = PRODUCT_DEFINITION_SHAPE('','',#4252);
#4252 = PRODUCT_DEFINITION('design','',#4253,#4256);
#4253 = PRODUCT_DEFINITION_FORMATION('','',#4254);
#4254 = PRODUCT('Open CASCADE STEP translator 7.8 1.10.1.5',
  'Open CASCADE STEP translator 7.8 1.10.1.5','',(#4255));
#4255 = PRODUCT_CONTEXT('',#2,'mechanical');
#4256 = PRODUCT_DEFINITION_CONTEXT('part definition',#2,'design');
#4257 = ADVANCED_BREP_SHAPE_REPRESENTATION('',(#11,#4258),#4764);
#4258 = MANIFOLD_SOLID_BREP('',#4259);
#4259 = CLOSED_SHELL('',(#4260,#4348,#4403,#4458,#4497,#4536,#4591,#4646
    ,#4701,#4756,#4760));
#4260 = ADVANCED_FACE('',(#4261),#4274,.T.);
#4261 = FACE_BOUND('',#4262,.T.);
#4262 = EDGE_LOOP('',(#4263,#4297,#4320,#4347));
#4263 = ORIENTED_EDGE('',*,*,#4264,.T.);
#4264 = EDGE_CURVE('',#4265,#4265,#4267,.T.);
#4265 = VERTEX_POINT('',#4266);
#4266 = CARTESIAN_POINT('',(33.,64.5,0.35));
#4267 = SURFACE_CURVE('',#4268,(#4273,#4285),.PCURVE_S1.);
#4268 = CIRCLE('',#4269,6.5);
#4269 = AXIS2_PLACEMENT_3D('',#4270,#4271,#4272);
#4270 = CARTESIAN_POINT('',(26.5,64.5,0.35));
#4271 = DIRECTION('',(0.,0.,1.));
#4272 = DIRECTION('',(1.,0.,0.));
#4273 = PCURVE('',#4274,#4279);
#4274 = CYLINDRICAL_SURFACE('',#4275,6.5);
#4275 = AXIS2_PLACEMENT_3D('',#4276,#4277,#4278);
#4276 = CARTESIAN_POINT('',(26.5,64.5,7.771561172376E-16));
#4277 = DIRECTION('',(-0.,-0.,-1.));
#4278 = DIRECTION('',(1.,0.,0.));
#4279 = DEFINITIONAL_REPRESENTATION('',(#4280),#4284);
#4280 = LINE('',#4281,#4282);
#4281 = CARTESIAN_POINT('',(6.28318530718,-0.35));
#4282 = VECTOR('',#4283,1.);
#4283 = DIRECTION('',(-1.,0.));
#4284 = ( GEOMETRIC_REPRESENTATION_CONTEXT(2) 
PARAMETRIC_REPRESENTATION_CONTEXT() REPRESENTATION_CONTEXT('2D SPACE',''
  ) );
#4285 = PCURVE('',#4286,#4291);
#4286 = CONICAL_SURFACE('',#4287,6.5,0.785398163397);
#4287 = AXIS2_PLACEMENT_3D('',#4288,#4289,#4290);
#4288 = CARTESIAN_POINT('',(26.5,64.5,0.35));
#4289 = DIRECTION('',(0.,0.,1.));
#4290 = DIRECTION('',(1.,0.,0.));
#4291 = DEFINITIONAL_REPRESENTATION('',(#4292),#4296);
#4292 = LINE('',#4293,#4294);
#4293 = CARTESIAN_POINT('',(0.,0.));
#4294 = VECTOR('',#4295,1.);
#4295 = DIRECTION('',(1.,-0.));
#4296 = ( GEOMETRIC_REPRESENTATION_CONTEXT(2) 
PARAMETRIC_REPRESENTATION_CONTEXT() REPRESENTATION_CONTEXT('2D SPACE',''
  ) );
#4297 = ORIENTED_EDGE('',*,*,#4298,.T.);
#4298 = EDGE_CURVE('',#4265,#4299,#4301,.T.);
#4299 = VERTEX_POINT('',#4300);
#4300 = CARTESIAN_POINT('',(33.,64.5,12.65));
#4301 = SEAM_CURVE('',#4302,(#4306,#4313),.PCURVE_S1.);
#4302 = LINE('',#4303,#4304);
#4303 = CARTESIAN_POINT('',(33.,64.5,7.771561172376E-16));
#4304 = VECTOR('',#4305,1.);
#4305 = DIRECTION('',(0.,0.,1.));
#4306 = PCURVE('',#4274,#4307);
#4307 = DEFINITIONAL_REPRESENTATION('',(#4308),#4312);
#4308 = LINE('',#4309,#4310);
#4309 = CARTESIAN_POINT('',(-4.138911435803E-13,0.));
#4310 = VECTOR('',#4311,1.);
#4311 = DIRECTION('',(-0.,-1.));
#4312 = ( GEOMETRIC_REPRESENTATION_CONTEXT(2) 
PARAMETRIC_REPRESENTATION_CONTEXT() REPRESENTATION_CONTEXT('2D SPACE',''
  ) );
#4313 = PCURVE('',#4274,#4314);
#4314 = DEFINITIONAL_REPRESENTATION('',(#4315),#4319);
#4315 = LINE('',#4316,#4317);
#4316 = CARTESIAN_POINT('',(6.28318530718,0.));
#4317 = VECTOR('',#4318,1.);
#4318 = DIRECTION('',(-0.,-1.));
#4319 = ( GEOMETRIC_REPRESENTATION_CONTEXT(2) 
PARAMETRIC_REPRESENTATION_CONTEXT() REPRESENTATION_CONTEXT('2D SPACE',''
  ) );
#4320 = ORIENTED_EDGE('',*,*,#4321,.F.);
#4321 = EDGE_CURVE('',#4299,#4299,#4322,.T.);
#4322 = SURFACE_CURVE('',#4323,(#4328,#4335),.PCURVE_S1.);
#4323 = CIRCLE('',#4324,6.5);
#4324 = AXIS2_PLACEMENT_3D('',#4325,#4326,#4327);
#4325 = CARTESIAN_POINT('',(26.5,64.5,12.65));
#4326 = DIRECTION('',(0.,0.,1.));
#4327 = DIRECTION('',(1.,0.,0.));
#4328 = PCURVE('',#4274,#4329);
#4329 = DEFINITIONAL_REPRESENTATION('',(#4330),#4334);
#4330 = LINE('',#4331,#4332);
#4331 = CARTESIAN_POINT('',(6.28318530718,-12.65));
#4332 = VECTOR('',#4333,1.);
#4333 = DIRECTION('',(-1.,0.));
#4334 = ( GEOMETRIC_REPRESENTATION_CONTEXT(2) 
PARAMETRIC_REPRESENTATION_CONTEXT() REPRESENTATION_CONTEXT('2D SPACE',''
  ) );
#4335 = PCURVE('',#4336,#4341);
#4336 = CONICAL_SURFACE('',#4337,6.5,0.785398163397);
#4337 = AXIS2_PLACEMENT_3D('',#4338,#4339,#4340);
#4338 = CARTESIAN_POINT('',(26.5,64.5,12.65));
#4339 = DIRECTION('',(-0.,-0.,-1.));
#4340 = DIRECTION('',(1.,0.,0.));
#4341 = DEFINITIONAL_REPRESENTATION('',(#4342),#4346);
#4342 = LINE('',#4343,#4344);
#4343 = CARTESIAN_POINT('',(6.28318530718,0.));
#4344 = VECTOR('',#4345,1.);
#4345 = DIRECTION('',(-1.,0.));
#4346 = ( GEOMETRIC_REPRESENTATION_CONTEXT(2) 
PARAMETRIC_REPRESENTATION_CONTEXT() REPRESENTATION_CONTEXT('2D SPACE',''
  ) );
#4347 = ORIENTED_EDGE('',*,*,#4298,.F.);
#4348 = ADVANCED_FACE('',(#4349),#4286,.T.);
#4349 = FACE_BOUND('',#4350,.T.);
#4350 = EDGE_LOOP('',(#4351,#4380,#4401,#4402));
#4351 = ORIENTED_EDGE('',*,*,#4352,.T.);
#4352 = EDGE_CURVE('',#4353,#4353,#4355,.T.);
#4353 = VERTEX_POINT('',#4354);
#4354 = CARTESIAN_POINT('',(32.65,64.5,7.771561172376E-16));
#4355 = SURFACE_CURVE('',#4356,(#4361,#4368),.PCURVE_S1.);
#4356 = CIRCLE('',#4357,6.15);
#4357 = AXIS2_PLACEMENT_3D('',#4358,#4359,#4360);
#4358 = CARTESIAN_POINT('',(26.5,64.5,7.771561172376E-16));
#4359 = DIRECTION('',(0.,0.,1.));
#4360 = DIRECTION('',(1.,0.,0.));
#4361 = PCURVE('',#4286,#4362);
#4362 = DEFINITIONAL_REPRESENTATION('',(#4363),#4367);
#4363 = LINE('',#4364,#4365);
#4364 = CARTESIAN_POINT('',(0.,-0.35));
#4365 = VECTOR('',#4366,1.);
#4366 = DIRECTION('',(1.,-0.));
#4367 = ( GEOMETRIC_REPRESENTATION_CONTEXT(2) 
PARAMETRIC_REPRESENTATION_CONTEXT() REPRESENTATION_CONTEXT('2D SPACE',''
  ) );
#4368 = PCURVE('',#4369,#4374);
#4369 = PLANE('',#4370);
#4370 = AXIS2_PLACEMENT_3D('',#4371,#4372,#4373);
#4371 = CARTESIAN_POINT('',(26.5,64.5,7.771561172376E-16));
#4372 = DIRECTION('',(0.,0.,1.));
#4373 = DIRECTION('',(1.,0.,0.));
#4374 = DEFINITIONAL_REPRESENTATION('',(#4375),#4379);
#4375 = CIRCLE('',#4376,6.15);
#4376 = AXIS2_PLACEMENT_2D('',#4377,#4378);
#4377 = CARTESIAN_POINT('',(0.,0.));
#4378 = DIRECTION('',(1.,0.));
#4379 = ( GEOMETRIC_REPRESENTATION_CONTEXT(2) 
PARAMETRIC_REPRESENTATION_CONTEXT() REPRESENTATION_CONTEXT('2D SPACE',''
  ) );
#4380 = ORIENTED_EDGE('',*,*,#4381,.F.);
#4381 = EDGE_CURVE('',#4265,#4353,#4382,.T.);
#4382 = SEAM_CURVE('',#4383,(#4387,#4394),.PCURVE_S1.);
#4383 = LINE('',#4384,#4385);
#4384 = CARTESIAN_POINT('',(33.,64.5,0.35));
#4385 = VECTOR('',#4386,1.);
#4386 = DIRECTION('',(-0.707106781187,-0.,-0.707106781187));
#4387 = PCURVE('',#4286,#4388);
#4388 = DEFINITIONAL_REPRESENTATION('',(#4389),#4393);
#4389 = LINE('',#4390,#4391);
#4390 = CARTESIAN_POINT('',(6.28318530718,0.));
#4391 = VECTOR('',#4392,1.);
#4392 = DIRECTION('',(0.,-1.));
#4393 = ( GEOMETRIC_REPRESENTATION_CONTEXT(2) 
PARAMETRIC_REPRESENTATION_CONTEXT() REPRESENTATION_CONTEXT('2D SPACE',''
  ) );
#4394 = PCURVE('',#4286,#4395);
#4395 = DEFINITIONAL_REPRESENTATION('',(#4396),#4400);
#4396 = LINE('',#4397,#4398);
#4397 = CARTESIAN_POINT('',(4.138911435803E-13,0.));
#4398 = VECTOR('',#4399,1.);
#4399 = DIRECTION('',(0.,-1.));
#4400 = ( GEOMETRIC_REPRESENTATION_CONTEXT(2) 
PARAMETRIC_REPRESENTATION_CONTEXT() REPRESENTATION_CONTEXT('2D SPACE',''
  ) );
#4401 = ORIENTED_EDGE('',*,*,#4264,.F.);
#4402 = ORIENTED_EDGE('',*,*,#4381,.T.);
#4403 = ADVANCED_FACE('',(#4404),#4336,.T.);
#4404 = FACE_BOUND('',#4405,.T.);
#4405 = EDGE_LOOP('',(#4406,#4429,#4430,#4431));
#4406 = ORIENTED_EDGE('',*,*,#4407,.F.);
#4407 = EDGE_CURVE('',#4299,#4408,#4410,.T.);
#4408 = VERTEX_POINT('',#4409);
#4409 = CARTESIAN_POINT('',(32.65,64.5,13.));
#4410 = SEAM_CURVE('',#4411,(#4415,#4422),.PCURVE_S1.);
#4411 = LINE('',#4412,#4413);
#4412 = CARTESIAN_POINT('',(33.,64.5,12.65));
#4413 = VECTOR('',#4414,1.);
#4414 = DIRECTION('',(-0.707106781187,0.,0.707106781187));
#4415 = PCURVE('',#4336,#4416);
#4416 = DEFINITIONAL_REPRESENTATION('',(#4417),#4421);
#4417 = LINE('',#4418,#4419);
#4418 = CARTESIAN_POINT('',(6.28318530718,0.));
#4419 = VECTOR('',#4420,1.);
#4420 = DIRECTION('',(-0.,-1.));
#4421 = ( GEOMETRIC_REPRESENTATION_CONTEXT(2) 
PARAMETRIC_REPRESENTATION_CONTEXT() REPRESENTATION_CONTEXT('2D SPACE',''
  ) );
#4422 = PCURVE('',#4336,#4423);
#4423 = DEFINITIONAL_REPRESENTATION('',(#4424),#4428);
#4424 = LINE('',#4425,#4426);
#4425 = CARTESIAN_POINT('',(-4.138911435803E-13,0.));
#4426 = VECTOR('',#4427,1.);
#4427 = DIRECTION('',(-0.,-1.));
#4428 = ( GEOMETRIC_REPRESENTATION_CONTEXT(2) 
PARAMETRIC_REPRESENTATION_CONTEXT() REPRESENTATION_CONTEXT('2D SPACE',''
  ) );
#4429 = ORIENTED_EDGE('',*,*,#4321,.T.);
#4430 = ORIENTED_EDGE('',*,*,#4407,.T.);
#4431 = ORIENTED_EDGE('',*,*,#4432,.F.);
#4432 = EDGE_CURVE('',#4408,#4408,#4433,.T.);
#4433 = SURFACE_CURVE('',#4434,(#4439,#4446),.PCURVE_S1.);
#4434 = CIRCLE('',#4435,6.15);
#4435 = AXIS2_PLACEMENT_3D('',#4436,#4437,#4438);
#4436 = CARTESIAN_POINT('',(26.5,64.5,13.));
#4437 = DIRECTION('',(0.,0.,1.));
#4438 = DIRECTION('',(1.,0.,0.));
#4439 = PCURVE('',#4336,#4440);
#4440 = DEFINITIONAL_REPRESENTATION('',(#4441),#4445);
#4441 = LINE('',#4442,#4443);
#4442 = CARTESIAN_POINT('',(6.28318530718,-0.35));
#4443 = VECTOR('',#4444,1.);
#4444 = DIRECTION('',(-1.,0.));
#4445 = ( GEOMETRIC_REPRESENTATION_CONTEXT(2) 
PARAMETRIC_REPRESENTATION_CONTEXT() REPRESENTATION_CONTEXT('2D SPACE',''
  ) );
#4446 = PCURVE('',#4447,#4452);
#4447 = PLANE('',#4448);
#4448 = AXIS2_PLACEMENT_3D('',#4449,#4450,#4451);
#4449 = CARTESIAN_POINT('',(26.5,64.5,13.));
#4450 = DIRECTION('',(0.,0.,1.));
#4451 = DIRECTION('',(1.,0.,0.));
#4452 = DEFINITIONAL_REPRESENTATION('',(#4453),#4457);
#4453 = CIRCLE('',#4454,6.15);
#4454 = AXIS2_PLACEMENT_2D('',#4455,#4456);
#4455 = CARTESIAN_POINT('',(0.,0.));
#4456 = DIRECTION('',(1.,0.));
#4457 = ( GEOMETRIC_REPRESENTATION_CONTEXT(2) 
PARAMETRIC_REPRESENTATION_CONTEXT() REPRESENTATION_CONTEXT('2D SPACE',''
  ) );
#4458 = ADVANCED_FACE('',(#4459,#4462),#4369,.F.);
#4459 = FACE_BOUND('',#4460,.F.);
#4460 = EDGE_LOOP('',(#4461));
#4461 = ORIENTED_EDGE('',*,*,#4352,.T.);
#4462 = FACE_BOUND('',#4463,.F.);
#4463 = EDGE_LOOP('',(#4464));
#4464 = ORIENTED_EDGE('',*,*,#4465,.T.);
#4465 = EDGE_CURVE('',#4466,#4466,#4468,.T.);
#4466 = VERTEX_POINT('',#4467);
#4467 = CARTESIAN_POINT('',(30.05,64.5,7.771561172376E-16));
#4468 = SURFACE_CURVE('',#4469,(#4474,#4485),.PCURVE_S1.);
#4469 = CIRCLE('',#4470,3.55);
#4470 = AXIS2_PLACEMENT_3D('',#4471,#4472,#4473);
#4471 = CARTESIAN_POINT('',(26.5,64.5,7.771561172376E-16));
#4472 = DIRECTION('',(0.,0.,-1.));
#4473 = DIRECTION('',(1.,0.,0.));
#4474 = PCURVE('',#4369,#4475);
#4475 = DEFINITIONAL_REPRESENTATION('',(#4476),#4484);
#4476 = ( BOUNDED_CURVE() B_SPLINE_CURVE(2,(#4477,#4478,#4479,#4480,
#4481,#4482,#4483),.UNSPECIFIED.,.T.,.F.) B_SPLINE_CURVE_WITH_KNOTS((1,2
    ,2,2,2,1),(-2.094395102393,0.,2.094395102393,4.188790204786,
6.28318530718,8.377580409573),.UNSPECIFIED.) CURVE() 
GEOMETRIC_REPRESENTATION_ITEM() RATIONAL_B_SPLINE_CURVE((1.,0.5,1.,0.5,
1.,0.5,1.)) REPRESENTATION_ITEM('') );
#4477 = CARTESIAN_POINT('',(3.55,0.));
#4478 = CARTESIAN_POINT('',(3.55,-6.14878036687));
#4479 = CARTESIAN_POINT('',(-1.775,-3.074390183435));
#4480 = CARTESIAN_POINT('',(-7.1,-8.694992273946E-16));
#4481 = CARTESIAN_POINT('',(-1.775,3.074390183435));
#4482 = CARTESIAN_POINT('',(3.55,6.14878036687));
#4483 = CARTESIAN_POINT('',(3.55,0.));
#4484 = ( GEOMETRIC_REPRESENTATION_CONTEXT(2) 
PARAMETRIC_REPRESENTATION_CONTEXT() REPRESENTATION_CONTEXT('2D SPACE',''
  ) );
#4485 = PCURVE('',#4486,#4491);
#4486 = CONICAL_SURFACE('',#4487,3.2,0.785398163397);
#4487 = AXIS2_PLACEMENT_3D('',#4488,#4489,#4490);
#4488 = CARTESIAN_POINT('',(26.5,64.5,0.35));
#4489 = DIRECTION('',(-0.,-0.,-1.));
#4490 = DIRECTION('',(1.,0.,0.));
#4491 = DEFINITIONAL_REPRESENTATION('',(#4492),#4496);
#4492 = LINE('',#4493,#4494);
#4493 = CARTESIAN_POINT('',(0.,0.35));
#4494 = VECTOR('',#4495,1.);
#4495 = DIRECTION('',(1.,-0.));
#4496 = ( GEOMETRIC_REPRESENTATION_CONTEXT(2) 
PARAMETRIC_REPRESENTATION_CONTEXT() REPRESENTATION_CONTEXT('2D SPACE',''
  ) );
#4497 = ADVANCED_FACE('',(#4498,#4501),#4447,.T.);
#4498 = FACE_BOUND('',#4499,.T.);
#4499 = EDGE_LOOP('',(#4500));
#4500 = ORIENTED_EDGE('',*,*,#4432,.T.);
#4501 = FACE_BOUND('',#4502,.T.);
#4502 = EDGE_LOOP('',(#4503));
#4503 = ORIENTED_EDGE('',*,*,#4504,.T.);
#4504 = EDGE_CURVE('',#4505,#4505,#4507,.T.);
#4505 = VERTEX_POINT('',#4506);
#4506 = CARTESIAN_POINT('',(30.05,64.5,13.));
#4507 = SURFACE_CURVE('',#4508,(#4513,#4524),.PCURVE_S1.);
#4508 = CIRCLE('',#4509,3.55);
#4509 = AXIS2_PLACEMENT_3D('',#4510,#4511,#4512);
#4510 = CARTESIAN_POINT('',(26.5,64.5,13.));
#4511 = DIRECTION('',(0.,0.,-1.));
#4512 = DIRECTION('',(1.,0.,0.));
#4513 = PCURVE('',#4447,#4514);
#4514 = DEFINITIONAL_REPRESENTATION('',(#4515),#4523);
#4515 = ( BOUNDED_CURVE() B_SPLINE_CURVE(2,(#4516,#4517,#4518,#4519,
#4520,#4521,#4522),.UNSPECIFIED.,.T.,.F.) B_SPLINE_CURVE_WITH_KNOTS((1,2
    ,2,2,2,1),(-2.094395102393,0.,2.094395102393,4.188790204786,
6.28318530718,8.377580409573),.UNSPECIFIED.) CURVE() 
GEOMETRIC_REPRESENTATION_ITEM() RATIONAL_B_SPLINE_CURVE((1.,0.5,1.,0.5,
1.,0.5,1.)) REPRESENTATION_ITEM('') );
#4516 = CARTESIAN_POINT('',(3.55,0.));
#4517 = CARTESIAN_POINT('',(3.55,-6.14878036687));
#4518 = CARTESIAN_POINT('',(-1.775,-3.074390183435));
#4519 = CARTESIAN_POINT('',(-7.1,-8.694992273946E-16));
#4520 = CARTESIAN_POINT('',(-1.775,3.074390183435));
#4521 = CARTESIAN_POINT('',(3.55,6.14878036687));
#4522 = CARTESIAN_POINT('',(3.55,0.));
#4523 = ( GEOMETRIC_REPRESENTATION_CONTEXT(2) 
PARAMETRIC_REPRESENTATION_CONTEXT() REPRESENTATION_CONTEXT('2D SPACE',''
  ) );
#4524 = PCURVE('',#4525,#4530);
#4525 = CONICAL_SURFACE('',#4526,3.2,0.785398163397);
#4526 = AXIS2_PLACEMENT_3D('',#4527,#4528,#4529);
#4527 = CARTESIAN_POINT('',(26.5,64.5,12.65));
#4528 = DIRECTION('',(0.,0.,1.));
#4529 = DIRECTION('',(1.,0.,0.));
#4530 = DEFINITIONAL_REPRESENTATION('',(#4531),#4535);
#4531 = LINE('',#4532,#4533);
#4532 = CARTESIAN_POINT('',(6.28318530718,0.35));
#4533 = VECTOR('',#4534,1.);
#4534 = DIRECTION('',(-1.,0.));
#4535 = ( GEOMETRIC_REPRESENTATION_CONTEXT(2) 
PARAMETRIC_REPRESENTATION_CONTEXT() REPRESENTATION_CONTEXT('2D SPACE',''
  ) );
#4536 = ADVANCED_FACE('',(#4537),#4486,.F.);
#4537 = FACE_BOUND('',#4538,.F.);
#4538 = EDGE_LOOP('',(#4539,#4568,#4589,#4590));
#4539 = ORIENTED_EDGE('',*,*,#4540,.T.);
#4540 = EDGE_CURVE('',#4541,#4541,#4543,.T.);
#4541 = VERTEX_POINT('',#4542);
#4542 = CARTESIAN_POINT('',(29.7,64.5,0.35));
#4543 = SURFACE_CURVE('',#4544,(#4549,#4556),.PCURVE_S1.);
#4544 = CIRCLE('',#4545,3.2);
#4545 = AXIS2_PLACEMENT_3D('',#4546,#4547,#4548);
#4546 = CARTESIAN_POINT('',(26.5,64.5,0.35));
#4547 = DIRECTION('',(0.,0.,-1.));
#4548 = DIRECTION('',(1.,0.,0.));
#4549 = PCURVE('',#4486,#4550);
#4550 = DEFINITIONAL_REPRESENTATION('',(#4551),#4555);
#4551 = LINE('',#4552,#4553);
#4552 = CARTESIAN_POINT('',(0.,0.));
#4553 = VECTOR('',#4554,1.);
#4554 = DIRECTION('',(1.,-0.));
#4555 = ( GEOMETRIC_REPRESENTATION_CONTEXT(2) 
PARAMETRIC_REPRESENTATION_CONTEXT() REPRESENTATION_CONTEXT('2D SPACE',''
  ) );
#4556 = PCURVE('',#4557,#4562);
#4557 = CYLINDRICAL_SURFACE('',#4558,3.2);
#4558 = AXIS2_PLACEMENT_3D('',#4559,#4560,#4561);
#4559 = CARTESIAN_POINT('',(26.5,64.5,-5.E-02));
#4560 = DIRECTION('',(-0.,-0.,-1.));
#4561 = DIRECTION('',(1.,0.,0.));
#4562 = DEFINITIONAL_REPRESENTATION('',(#4563),#4567);
#4563 = LINE('',#4564,#4565);
#4564 = CARTESIAN_POINT('',(-4.138911435803E-13,-0.4));
#4565 = VECTOR('',#4566,1.);
#4566 = DIRECTION('',(1.,-0.));
#4567 = ( GEOMETRIC_REPRESENTATION_CONTEXT(2) 
PARAMETRIC_REPRESENTATION_CONTEXT() REPRESENTATION_CONTEXT('2D SPACE',''
  ) );
#4568 = ORIENTED_EDGE('',*,*,#4569,.F.);
#4569 = EDGE_CURVE('',#4466,#4541,#4570,.T.);
#4570 = SEAM_CURVE('',#4571,(#4575,#4582),.PCURVE_S1.);
#4571 = LINE('',#4572,#4573);
#4572 = CARTESIAN_POINT('',(29.7,64.5,0.35));
#4573 = VECTOR('',#4574,1.);
#4574 = DIRECTION('',(-0.707106781187,0.,0.707106781187));
#4575 = PCURVE('',#4486,#4576);
#4576 = DEFINITIONAL_REPRESENTATION('',(#4577),#4581);
#4577 = LINE('',#4578,#4579);
#4578 = CARTESIAN_POINT('',(6.28318530718,0.));
#4579 = VECTOR('',#4580,1.);
#4580 = DIRECTION('',(0.,-1.));
#4581 = ( GEOMETRIC_REPRESENTATION_CONTEXT(2) 
PARAMETRIC_REPRESENTATION_CONTEXT() REPRESENTATION_CONTEXT('2D SPACE',''
  ) );
#4582 = PCURVE('',#4486,#4583);
#4583 = DEFINITIONAL_REPRESENTATION('',(#4584),#4588);
#4584 = LINE('',#4585,#4586);
#4585 = CARTESIAN_POINT('',(4.138911435803E-13,0.));
#4586 = VECTOR('',#4587,1.);
#4587 = DIRECTION('',(0.,-1.));
#4588 = ( GEOMETRIC_REPRESENTATION_CONTEXT(2) 
PARAMETRIC_REPRESENTATION_CONTEXT() REPRESENTATION_CONTEXT('2D SPACE',''
  ) );
#4589 = ORIENTED_EDGE('',*,*,#4465,.F.);
#4590 = ORIENTED_EDGE('',*,*,#4569,.T.);
#4591 = ADVANCED_FACE('',(#4592),#4525,.F.);
#4592 = FACE_BOUND('',#4593,.F.);
#4593 = EDGE_LOOP('',(#4594,#4617,#4618,#4619));
#4594 = ORIENTED_EDGE('',*,*,#4595,.F.);
#4595 = EDGE_CURVE('',#4505,#4596,#4598,.T.);
#4596 = VERTEX_POINT('',#4597);
#4597 = CARTESIAN_POINT('',(29.7,64.5,12.65));
#4598 = SEAM_CURVE('',#4599,(#4603,#4610),.PCURVE_S1.);
#4599 = LINE('',#4600,#4601);
#4600 = CARTESIAN_POINT('',(29.7,64.5,12.65));
#4601 = VECTOR('',#4602,1.);
#4602 = DIRECTION('',(-0.707106781187,0.,-0.707106781187));
#4603 = PCURVE('',#4525,#4604);
#4604 = DEFINITIONAL_REPRESENTATION('',(#4605),#4609);
#4605 = LINE('',#4606,#4607);
#4606 = CARTESIAN_POINT('',(6.28318530718,0.));
#4607 = VECTOR('',#4608,1.);
#4608 = DIRECTION('',(-0.,-1.));
#4609 = ( GEOMETRIC_REPRESENTATION_CONTEXT(2) 
PARAMETRIC_REPRESENTATION_CONTEXT() REPRESENTATION_CONTEXT('2D SPACE',''
  ) );
#4610 = PCURVE('',#4525,#4611);
#4611 = DEFINITIONAL_REPRESENTATION('',(#4612),#4616);
#4612 = LINE('',#4613,#4614);
#4613 = CARTESIAN_POINT('',(-4.138911435803E-13,0.));
#4614 = VECTOR('',#4615,1.);
#4615 = DIRECTION('',(-0.,-1.));
#4616 = ( GEOMETRIC_REPRESENTATION_CONTEXT(2) 
PARAMETRIC_REPRESENTATION_CONTEXT() REPRESENTATION_CONTEXT('2D SPACE',''
  ) );
#4617 = ORIENTED_EDGE('',*,*,#4504,.T.);
#4618 = ORIENTED_EDGE('',*,*,#4595,.T.);
#4619 = ORIENTED_EDGE('',*,*,#4620,.F.);
#4620 = EDGE_CURVE('',#4596,#4596,#4621,.T.);
#4621 = SURFACE_CURVE('',#4622,(#4627,#4634),.PCURVE_S1.);
#4622 = CIRCLE('',#4623,3.2);
#4623 = AXIS2_PLACEMENT_3D('',#4624,#4625,#4626);
#4624 = CARTESIAN_POINT('',(26.5,64.5,12.65));
#4625 = DIRECTION('',(0.,0.,-1.));
#4626 = DIRECTION('',(1.,0.,0.));
#4627 = PCURVE('',#4525,#4628);
#4628 = DEFINITIONAL_REPRESENTATION('',(#4629),#4633);
#4629 = LINE('',#4630,#4631);
#4630 = CARTESIAN_POINT('',(6.28318530718,0.));
#4631 = VECTOR('',#4632,1.);
#4632 = DIRECTION('',(-1.,0.));
#4633 = ( GEOMETRIC_REPRESENTATION_CONTEXT(2) 
PARAMETRIC_REPRESENTATION_CONTEXT() REPRESENTATION_CONTEXT('2D SPACE',''
  ) );
#4634 = PCURVE('',#4635,#4640);
#4635 = CYLINDRICAL_SURFACE('',#4636,3.2);
#4636 = AXIS2_PLACEMENT_3D('',#4637,#4638,#4639);
#4637 = CARTESIAN_POINT('',(26.5,64.5,7.95));
#4638 = DIRECTION('',(-0.,-0.,-1.));
#4639 = DIRECTION('',(1.,0.,0.));
#4640 = DEFINITIONAL_REPRESENTATION('',(#4641),#4645);
#4641 = LINE('',#4642,#4643);
#4642 = CARTESIAN_POINT('',(-4.138911435803E-13,-4.7));
#4643 = VECTOR('',#4644,1.);
#4644 = DIRECTION('',(1.,-0.));
#4645 = ( GEOMETRIC_REPRESENTATION_CONTEXT(2) 
PARAMETRIC_REPRESENTATION_CONTEXT() REPRESENTATION_CONTEXT('2D SPACE',''
  ) );
#4646 = ADVANCED_FACE('',(#4647),#4557,.F.);
#4647 = FACE_BOUND('',#4648,.F.);
#4648 = EDGE_LOOP('',(#4649,#4678,#4699,#4700));
#4649 = ORIENTED_EDGE('',*,*,#4650,.F.);
#4650 = EDGE_CURVE('',#4651,#4651,#4653,.T.);
#4651 = VERTEX_POINT('',#4652);
#4652 = CARTESIAN_POINT('',(29.7,64.5,5.05));
#4653 = SURFACE_CURVE('',#4654,(#4659,#4666),.PCURVE_S1.);
#4654 = CIRCLE('',#4655,3.2);
#4655 = AXIS2_PLACEMENT_3D('',#4656,#4657,#4658);
#4656 = CARTESIAN_POINT('',(26.5,64.5,5.05));
#4657 = DIRECTION('',(0.,0.,1.));
#4658 = DIRECTION('',(1.,0.,0.));
#4659 = PCURVE('',#4557,#4660);
#4660 = DEFINITIONAL_REPRESENTATION('',(#4661),#4665);
#4661 = LINE('',#4662,#4663);
#4662 = CARTESIAN_POINT('',(6.28318530718,-5.1));
#4663 = VECTOR('',#4664,1.);
#4664 = DIRECTION('',(-1.,0.));
#4665 = ( GEOMETRIC_REPRESENTATION_CONTEXT(2) 
PARAMETRIC_REPRESENTATION_CONTEXT() REPRESENTATION_CONTEXT('2D SPACE',''
  ) );
#4666 = PCURVE('',#4667,#4672);
#4667 = PLANE('',#4668);
#4668 = AXIS2_PLACEMENT_3D('',#4669,#4670,#4671);
#4669 = CARTESIAN_POINT('',(26.5,64.5,5.05));
#4670 = DIRECTION('',(0.,0.,1.));
#4671 = DIRECTION('',(1.,0.,0.));
#4672 = DEFINITIONAL_REPRESENTATION('',(#4673),#4677);
#4673 = CIRCLE('',#4674,3.2);
#4674 = AXIS2_PLACEMENT_2D('',#4675,#4676);
#4675 = CARTESIAN_POINT('',(0.,0.));
#4676 = DIRECTION('',(1.,0.));
#4677 = ( GEOMETRIC_REPRESENTATION_CONTEXT(2) 
PARAMETRIC_REPRESENTATION_CONTEXT() REPRESENTATION_CONTEXT('2D SPACE',''
  ) );
#4678 = ORIENTED_EDGE('',*,*,#4679,.F.);
#4679 = EDGE_CURVE('',#4541,#4651,#4680,.T.);
#4680 = SEAM_CURVE('',#4681,(#4685,#4692),.PCURVE_S1.);
#4681 = LINE('',#4682,#4683);
#4682 = CARTESIAN_POINT('',(29.7,64.5,-5.E-02));
#4683 = VECTOR('',#4684,1.);
#4684 = DIRECTION('',(0.,0.,1.));
#4685 = PCURVE('',#4557,#4686);
#4686 = DEFINITIONAL_REPRESENTATION('',(#4687),#4691);
#4687 = LINE('',#4688,#4689);
#4688 = CARTESIAN_POINT('',(6.283185307179,0.));
#4689 = VECTOR('',#4690,1.);
#4690 = DIRECTION('',(-0.,-1.));
#4691 = ( GEOMETRIC_REPRESENTATION_CONTEXT(2) 
PARAMETRIC_REPRESENTATION_CONTEXT() REPRESENTATION_CONTEXT('2D SPACE',''
  ) );
#4692 = PCURVE('',#4557,#4693);
#4693 = DEFINITIONAL_REPRESENTATION('',(#4694),#4698);
#4694 = LINE('',#4695,#4696);
#4695 = CARTESIAN_POINT('',(-0.,0.));
#4696 = VECTOR('',#4697,1.);
#4697 = DIRECTION('',(-0.,-1.));
#4698 = ( GEOMETRIC_REPRESENTATION_CONTEXT(2) 
PARAMETRIC_REPRESENTATION_CONTEXT() REPRESENTATION_CONTEXT('2D SPACE',''
  ) );
#4699 = ORIENTED_EDGE('',*,*,#4540,.F.);
#4700 = ORIENTED_EDGE('',*,*,#4679,.T.);
#4701 = ADVANCED_FACE('',(#4702),#4635,.F.);
#4702 = FACE_BOUND('',#4703,.F.);
#4703 = EDGE_LOOP('',(#4704,#4705,#4728,#4755));
#4704 = ORIENTED_EDGE('',*,*,#4620,.T.);
#4705 = ORIENTED_EDGE('',*,*,#4706,.F.);
#4706 = EDGE_CURVE('',#4707,#4596,#4709,.T.);
#4707 = VERTEX_POINT('',#4708);
#4708 = CARTESIAN_POINT('',(29.7,64.5,7.95));
#4709 = SEAM_CURVE('',#4710,(#4714,#4721),.PCURVE_S1.);
#4710 = LINE('',#4711,#4712);
#4711 = CARTESIAN_POINT('',(29.7,64.5,7.95));
#4712 = VECTOR('',#4713,1.);
#4713 = DIRECTION('',(0.,0.,1.));
#4714 = PCURVE('',#4635,#4715);
#4715 = DEFINITIONAL_REPRESENTATION('',(#4716),#4720);
#4716 = LINE('',#4717,#4718);
#4717 = CARTESIAN_POINT('',(6.283185307179,0.));
#4718 = VECTOR('',#4719,1.);
#4719 = DIRECTION('',(-0.,-1.));
#4720 = ( GEOMETRIC_REPRESENTATION_CONTEXT(2) 
PARAMETRIC_REPRESENTATION_CONTEXT() REPRESENTATION_CONTEXT('2D SPACE',''
  ) );
#4721 = PCURVE('',#4635,#4722);
#4722 = DEFINITIONAL_REPRESENTATION('',(#4723),#4727);
#4723 = LINE('',#4724,#4725);
#4724 = CARTESIAN_POINT('',(-0.,0.));
#4725 = VECTOR('',#4726,1.);
#4726 = DIRECTION('',(-0.,-1.));
#4727 = ( GEOMETRIC_REPRESENTATION_CONTEXT(2) 
PARAMETRIC_REPRESENTATION_CONTEXT() REPRESENTATION_CONTEXT('2D SPACE',''
  ) );
#4728 = ORIENTED_EDGE('',*,*,#4729,.T.);
#4729 = EDGE_CURVE('',#4707,#4707,#4730,.T.);
#4730 = SURFACE_CURVE('',#4731,(#4736,#4743),.PCURVE_S1.);
#4731 = CIRCLE('',#4732,3.2);
#4732 = AXIS2_PLACEMENT_3D('',#4733,#4734,#4735);
#4733 = CARTESIAN_POINT('',(26.5,64.5,7.95));
#4734 = DIRECTION('',(0.,0.,1.));
#4735 = DIRECTION('',(1.,0.,0.));
#4736 = PCURVE('',#4635,#4737);
#4737 = DEFINITIONAL_REPRESENTATION('',(#4738),#4742);
#4738 = LINE('',#4739,#4740);
#4739 = CARTESIAN_POINT('',(6.28318530718,0.));
#4740 = VECTOR('',#4741,1.);
#4741 = DIRECTION('',(-1.,0.));
#4742 = ( GEOMETRIC_REPRESENTATION_CONTEXT(2) 
PARAMETRIC_REPRESENTATION_CONTEXT() REPRESENTATION_CONTEXT('2D SPACE',''
  ) );
#4743 = PCURVE('',#4744,#4749);
#4744 = PLANE('',#4745);
#4745 = AXIS2_PLACEMENT_3D('',#4746,#4747,#4748);
#4746 = CARTESIAN_POINT('',(26.5,64.5,7.95));
#4747 = DIRECTION('',(0.,0.,1.));
#4748 = DIRECTION('',(1.,0.,0.));
#4749 = DEFINITIONAL_REPRESENTATION('',(#4750),#4754);
#4750 = CIRCLE('',#4751,3.2);
#4751 = AXIS2_PLACEMENT_2D('',#4752,#4753);
#4752 = CARTESIAN_POINT('',(0.,0.));
#4753 = DIRECTION('',(1.,0.));
#4754 = ( GEOMETRIC_REPRESENTATION_CONTEXT(2) 
PARAMETRIC_REPRESENTATION_CONTEXT() REPRESENTATION_CONTEXT('2D SPACE',''
  ) );
#4755 = ORIENTED_EDGE('',*,*,#4706,.T.);
#4756 = ADVANCED_FACE('',(#4757),#4667,.F.);
#4757 = FACE_BOUND('',#4758,.F.);
#4758 = EDGE_LOOP('',(#4759));
#4759 = ORIENTED_EDGE('',*,*,#4650,.T.);
#4760 = ADVANCED_FACE('',(#4761),#4744,.T.);
#4761 = FACE_BOUND('',#4762,.T.);
#4762 = EDGE_LOOP('',(#4763));
#4763 = ORIENTED_EDGE('',*,*,#4729,.T.);
#4764 = ( GEOMETRIC_REPRESENTATION_CONTEXT(3) 
GLOBAL_UNCERTAINTY_ASSIGNED_CONTEXT((#4768)) 
GLOBAL_UNIT_ASSIGNED_CONTEXT((#4765,#4766,#4767)) REPRESENTATION_CONTEXT
('Context #1','3D Context with UNIT and UNCERTAINTY') );
#4765 = ( LENGTH_UNIT() NAMED_UNIT(*) SI_UNIT(.MILLI.,.METRE.) );
#4766 = ( NAMED_UNIT(*) PLANE_ANGLE_UNIT() SI_UNIT($,.RADIAN.) );
#4767 = ( NAMED_UNIT(*) SI_UNIT($,.STERADIAN.) SOLID_ANGLE_UNIT() );
#4768 = UNCERTAINTY_MEASURE_WITH_UNIT(LENGTH_MEASURE(1.E-07),#4765,
  'distance_accuracy_value','confusion accuracy');
#4769 = CONTEXT_DEPENDENT_SHAPE_REPRESENTATION(#4770,#4772);
#4770 = ( REPRESENTATION_RELATIONSHIP('','',#4257,#2102) 
REPRESENTATION_RELATIONSHIP_WITH_TRANSFORMATION(#4771) 
SHAPE_REPRESENTATION_RELATIONSHIP() );
#4771 = ITEM_DEFINED_TRANSFORMATION('','',#11,#2119);
#4772 = PRODUCT_DEFINITION_SHAPE('Placement','Placement of an item',
  #4773);
#4773 = NEXT_ASSEMBLY_USAGE_OCCURRENCE('14','','',#2097,#4252,$);
#4774 = PRODUCT_RELATED_PRODUCT_CATEGORY('part',$,(#4254));
#4775 = SHAPE_DEFINITION_REPRESENTATION(#4776,#4782);
#4776 = PRODUCT_DEFINITION_SHAPE('','',#4777);
#4777 = PRODUCT_DEFINITION('design','',#4778,#4781);
#4778 = PRODUCT_DEFINITION_FORMATION('','',#4779);
#4779 = PRODUCT('Open CASCADE STEP translator 7.8 1.10.1.6',
  'Open CASCADE STEP translator 7.8 1.10.1.6','',(#4780));
#4780 = PRODUCT_CONTEXT('',#2,'mechanical');
#4781 = PRODUCT_DEFINITION_CONTEXT('part definition',#2,'design');
#4782 = ADVANCED_BREP_SHAPE_REPRESENTATION('',(#11,#4783),#5289);
#4783 = MANIFOLD_SOLID_BREP('',#4784);
#4784 = CLOSED_SHELL('',(#4785,#4873,#4928,#4983,#5022,#5061,#5116,#5171
    ,#5226,#5281,#5285));
#4785 = ADVANCED_FACE('',(#4786),#4799,.T.);
#4786 = FACE_BOUND('',#4787,.T.);
#4787 = EDGE_LOOP('',(#4788,#4822,#4845,#4872));
#4788 = ORIENTED_EDGE('',*,*,#4789,.T.);
#4789 = EDGE_CURVE('',#4790,#4790,#4792,.T.);
#4790 = VERTEX_POINT('',#4791);
#4791 = CARTESIAN_POINT('',(53.,64.5,0.35));
#4792 = SURFACE_CURVE('',#4793,(#4798,#4810),.PCURVE_S1.);
#4793 = CIRCLE('',#4794,6.5);
#4794 = AXIS2_PLACEMENT_3D('',#4795,#4796,#4797);
#4795 = CARTESIAN_POINT('',(46.5,64.5,0.35));
#4796 = DIRECTION('',(0.,0.,1.));
#4797 = DIRECTION('',(1.,0.,0.));
#4798 = PCURVE('',#4799,#4804);
#4799 = CYLINDRICAL_SURFACE('',#4800,6.5);
#4800 = AXIS2_PLACEMENT_3D('',#4801,#4802,#4803);
#4801 = CARTESIAN_POINT('',(46.5,64.5,7.771561172376E-16));
#4802 = DIRECTION('',(-0.,-0.,-1.));
#4803 = DIRECTION('',(1.,0.,0.));
#4804 = DEFINITIONAL_REPRESENTATION('',(#4805),#4809);
#4805 = LINE('',#4806,#4807);
#4806 = CARTESIAN_POINT('',(6.28318530718,-0.35));
#4807 = VECTOR('',#4808,1.);
#4808 = DIRECTION('',(-1.,0.));
#4809 = ( GEOMETRIC_REPRESENTATION_CONTEXT(2) 
PARAMETRIC_REPRESENTATION_CONTEXT() REPRESENTATION_CONTEXT('2D SPACE',''
  ) );
#4810 = PCURVE('',#4811,#4816);
#4811 = CONICAL_SURFACE('',#4812,6.5,0.785398163397);
#4812 = AXIS2_PLACEMENT_3D('',#4813,#4814,#4815);
#4813 = CARTESIAN_POINT('',(46.5,64.5,0.35));
#4814 = DIRECTION('',(0.,0.,1.));
#4815 = DIRECTION('',(1.,0.,0.));
#4816 = DEFINITIONAL_REPRESENTATION('',(#4817),#4821);
#4817 = LINE('',#4818,#4819);
#4818 = CARTESIAN_POINT('',(0.,0.));
#4819 = VECTOR('',#4820,1.);
#4820 = DIRECTION('',(1.,-0.));
#4821 = ( GEOMETRIC_REPRESENTATION_CONTEXT(2) 
PARAMETRIC_REPRESENTATION_CONTEXT() REPRESENTATION_CONTEXT('2D SPACE',''
  ) );
#4822 = ORIENTED_EDGE('',*,*,#4823,.T.);
#4823 = EDGE_CURVE('',#4790,#4824,#4826,.T.);
#4824 = VERTEX_POINT('',#4825);
#4825 = CARTESIAN_POINT('',(53.,64.5,12.65));
#4826 = SEAM_CURVE('',#4827,(#4831,#4838),.PCURVE_S1.);
#4827 = LINE('',#4828,#4829);
#4828 = CARTESIAN_POINT('',(53.,64.5,7.771561172376E-16));
#4829 = VECTOR('',#4830,1.);
#4830 = DIRECTION('',(0.,0.,1.));
#4831 = PCURVE('',#4799,#4832);
#4832 = DEFINITIONAL_REPRESENTATION('',(#4833),#4837);
#4833 = LINE('',#4834,#4835);
#4834 = CARTESIAN_POINT('',(-4.138911435803E-13,0.));
#4835 = VECTOR('',#4836,1.);
#4836 = DIRECTION('',(-0.,-1.));
#4837 = ( GEOMETRIC_REPRESENTATION_CONTEXT(2) 
PARAMETRIC_REPRESENTATION_CONTEXT() REPRESENTATION_CONTEXT('2D SPACE',''
  ) );
#4838 = PCURVE('',#4799,#4839);
#4839 = DEFINITIONAL_REPRESENTATION('',(#4840),#4844);
#4840 = LINE('',#4841,#4842);
#4841 = CARTESIAN_POINT('',(6.28318530718,0.));
#4842 = VECTOR('',#4843,1.);
#4843 = DIRECTION('',(-0.,-1.));
#4844 = ( GEOMETRIC_REPRESENTATION_CONTEXT(2) 
PARAMETRIC_REPRESENTATION_CONTEXT() REPRESENTATION_CONTEXT('2D SPACE',''
  ) );
#4845 = ORIENTED_EDGE('',*,*,#4846,.F.);
#4846 = EDGE_CURVE('',#4824,#4824,#4847,.T.);
#4847 = SURFACE_CURVE('',#4848,(#4853,#4860),.PCURVE_S1.);
#4848 = CIRCLE('',#4849,6.5);
#4849 = AXIS2_PLACEMENT_3D('',#4850,#4851,#4852);
#4850 = CARTESIAN_POINT('',(46.5,64.5,12.65));
#4851 = DIRECTION('',(0.,0.,1.));
#4852 = DIRECTION('',(1.,0.,0.));
#4853 = PCURVE('',#4799,#4854);
#4854 = DEFINITIONAL_REPRESENTATION('',(#4855),#4859);
#4855 = LINE('',#4856,#4857);
#4856 = CARTESIAN_POINT('',(6.28318530718,-12.65));
#4857 = VECTOR('',#4858,1.);
#4858 = DIRECTION('',(-1.,0.));
#4859 = ( GEOMETRIC_REPRESENTATION_CONTEXT(2) 
PARAMETRIC_REPRESENTATION_CONTEXT() REPRESENTATION_CONTEXT('2D SPACE',''
  ) );
#4860 = PCURVE('',#4861,#4866);
#4861 = CONICAL_SURFACE('',#4862,6.5,0.785398163397);
#4862 = AXIS2_PLACEMENT_3D('',#4863,#4864,#4865);
#4863 = CARTESIAN_POINT('',(46.5,64.5,12.65));
#4864 = DIRECTION('',(-0.,-0.,-1.));
#4865 = DIRECTION('',(1.,0.,0.));
#4866 = DEFINITIONAL_REPRESENTATION('',(#4867),#4871);
#4867 = LINE('',#4868,#4869);
#4868 = CARTESIAN_POINT('',(6.28318530718,0.));
#4869 = VECTOR('',#4870,1.);
#4870 = DIRECTION('',(-1.,0.));
#4871 = ( GEOMETRIC_REPRESENTATION_CONTEXT(2) 
PARAMETRIC_REPRESENTATION_CONTEXT() REPRESENTATION_CONTEXT('2D SPACE',''
  ) );
#4872 = ORIENTED_EDGE('',*,*,#4823,.F.);
#4873 = ADVANCED_FACE('',(#4874),#4811,.T.);
#4874 = FACE_BOUND('',#4875,.T.);
#4875 = EDGE_LOOP('',(#4876,#4905,#4926,#4927));
#4876 = ORIENTED_EDGE('',*,*,#4877,.T.);
#4877 = EDGE_CURVE('',#4878,#4878,#4880,.T.);
#4878 = VERTEX_POINT('',#4879);
#4879 = CARTESIAN_POINT('',(52.65,64.5,7.771561172376E-16));
#4880 = SURFACE_CURVE('',#4881,(#4886,#4893),.PCURVE_S1.);
#4881 = CIRCLE('',#4882,6.15);
#4882 = AXIS2_PLACEMENT_3D('',#4883,#4884,#4885);
#4883 = CARTESIAN_POINT('',(46.5,64.5,7.771561172376E-16));
#4884 = DIRECTION('',(0.,0.,1.));
#4885 = DIRECTION('',(1.,0.,0.));
#4886 = PCURVE('',#4811,#4887);
#4887 = DEFINITIONAL_REPRESENTATION('',(#4888),#4892);
#4888 = LINE('',#4889,#4890);
#4889 = CARTESIAN_POINT('',(0.,-0.35));
#4890 = VECTOR('',#4891,1.);
#4891 = DIRECTION('',(1.,-0.));
#4892 = ( GEOMETRIC_REPRESENTATION_CONTEXT(2) 
PARAMETRIC_REPRESENTATION_CONTEXT() REPRESENTATION_CONTEXT('2D SPACE',''
  ) );
#4893 = PCURVE('',#4894,#4899);
#4894 = PLANE('',#4895);
#4895 = AXIS2_PLACEMENT_3D('',#4896,#4897,#4898);
#4896 = CARTESIAN_POINT('',(46.5,64.5,7.771561172376E-16));
#4897 = DIRECTION('',(0.,0.,1.));
#4898 = DIRECTION('',(1.,0.,0.));
#4899 = DEFINITIONAL_REPRESENTATION('',(#4900),#4904);
#4900 = CIRCLE('',#4901,6.15);
#4901 = AXIS2_PLACEMENT_2D('',#4902,#4903);
#4902 = CARTESIAN_POINT('',(0.,0.));
#4903 = DIRECTION('',(1.,0.));
#4904 = ( GEOMETRIC_REPRESENTATION_CONTEXT(2) 
PARAMETRIC_REPRESENTATION_CONTEXT() REPRESENTATION_CONTEXT('2D SPACE',''
  ) );
#4905 = ORIENTED_EDGE('',*,*,#4906,.F.);
#4906 = EDGE_CURVE('',#4790,#4878,#4907,.T.);
#4907 = SEAM_CURVE('',#4908,(#4912,#4919),.PCURVE_S1.);
#4908 = LINE('',#4909,#4910);
#4909 = CARTESIAN_POINT('',(53.,64.5,0.35));
#4910 = VECTOR('',#4911,1.);
#4911 = DIRECTION('',(-0.707106781187,-0.,-0.707106781187));
#4912 = PCURVE('',#4811,#4913);
#4913 = DEFINITIONAL_REPRESENTATION('',(#4914),#4918);
#4914 = LINE('',#4915,#4916);
#4915 = CARTESIAN_POINT('',(6.28318530718,0.));
#4916 = VECTOR('',#4917,1.);
#4917 = DIRECTION('',(0.,-1.));
#4918 = ( GEOMETRIC_REPRESENTATION_CONTEXT(2) 
PARAMETRIC_REPRESENTATION_CONTEXT() REPRESENTATION_CONTEXT('2D SPACE',''
  ) );
#4919 = PCURVE('',#4811,#4920);
#4920 = DEFINITIONAL_REPRESENTATION('',(#4921),#4925);
#4921 = LINE('',#4922,#4923);
#4922 = CARTESIAN_POINT('',(4.138911435803E-13,0.));
#4923 = VECTOR('',#4924,1.);
#4924 = DIRECTION('',(0.,-1.));
#4925 = ( GEOMETRIC_REPRESENTATION_CONTEXT(2) 
PARAMETRIC_REPRESENTATION_CONTEXT() REPRESENTATION_CONTEXT('2D SPACE',''
  ) );
#4926 = ORIENTED_EDGE('',*,*,#4789,.F.);
#4927 = ORIENTED_EDGE('',*,*,#4906,.T.);
#4928 = ADVANCED_FACE('',(#4929),#4861,.T.);
#4929 = FACE_BOUND('',#4930,.T.);
#4930 = EDGE_LOOP('',(#4931,#4954,#4955,#4956));
#4931 = ORIENTED_EDGE('',*,*,#4932,.F.);
#4932 = EDGE_CURVE('',#4824,#4933,#4935,.T.);
#4933 = VERTEX_POINT('',#4934);
#4934 = CARTESIAN_POINT('',(52.65,64.5,13.));
#4935 = SEAM_CURVE('',#4936,(#4940,#4947),.PCURVE_S1.);
#4936 = LINE('',#4937,#4938);
#4937 = CARTESIAN_POINT('',(53.,64.5,12.65));
#4938 = VECTOR('',#4939,1.);
#4939 = DIRECTION('',(-0.707106781187,0.,0.707106781187));
#4940 = PCURVE('',#4861,#4941);
#4941 = DEFINITIONAL_REPRESENTATION('',(#4942),#4946);
#4942 = LINE('',#4943,#4944);
#4943 = CARTESIAN_POINT('',(6.28318530718,0.));
#4944 = VECTOR('',#4945,1.);
#4945 = DIRECTION('',(-0.,-1.));
#4946 = ( GEOMETRIC_REPRESENTATION_CONTEXT(2) 
PARAMETRIC_REPRESENTATION_CONTEXT() REPRESENTATION_CONTEXT('2D SPACE',''
  ) );
#4947 = PCURVE('',#4861,#4948);
#4948 = DEFINITIONAL_REPRESENTATION('',(#4949),#4953);
#4949 = LINE('',#4950,#4951);
#4950 = CARTESIAN_POINT('',(-4.138911435803E-13,0.));
#4951 = VECTOR('',#4952,1.);
#4952 = DIRECTION('',(-0.,-1.));
#4953 = ( GEOMETRIC_REPRESENTATION_CONTEXT(2) 
PARAMETRIC_REPRESENTATION_CONTEXT() REPRESENTATION_CONTEXT('2D SPACE',''
  ) );
#4954 = ORIENTED_EDGE('',*,*,#4846,.T.);
#4955 = ORIENTED_EDGE('',*,*,#4932,.T.);
#4956 = ORIENTED_EDGE('',*,*,#4957,.F.);
#4957 = EDGE_CURVE('',#4933,#4933,#4958,.T.);
#4958 = SURFACE_CURVE('',#4959,(#4964,#4971),.PCURVE_S1.);
#4959 = CIRCLE('',#4960,6.15);
#4960 = AXIS2_PLACEMENT_3D('',#4961,#4962,#4963);
#4961 = CARTESIAN_POINT('',(46.5,64.5,13.));
#4962 = DIRECTION('',(0.,0.,1.));
#4963 = DIRECTION('',(1.,0.,0.));
#4964 = PCURVE('',#4861,#4965);
#4965 = DEFINITIONAL_REPRESENTATION('',(#4966),#4970);
#4966 = LINE('',#4967,#4968);
#4967 = CARTESIAN_POINT('',(6.28318530718,-0.35));
#4968 = VECTOR('',#4969,1.);
#4969 = DIRECTION('',(-1.,0.));
#4970 = ( GEOMETRIC_REPRESENTATION_CONTEXT(2) 
PARAMETRIC_REPRESENTATION_CONTEXT() REPRESENTATION_CONTEXT('2D SPACE',''
  ) );
#4971 = PCURVE('',#4972,#4977);
#4972 = PLANE('',#4973);
#4973 = AXIS2_PLACEMENT_3D('',#4974,#4975,#4976);
#4974 = CARTESIAN_POINT('',(46.5,64.5,13.));
#4975 = DIRECTION('',(0.,0.,1.));
#4976 = DIRECTION('',(1.,0.,0.));
#4977 = DEFINITIONAL_REPRESENTATION('',(#4978),#4982);
#4978 = CIRCLE('',#4979,6.15);
#4979 = AXIS2_PLACEMENT_2D('',#4980,#4981);
#4980 = CARTESIAN_POINT('',(0.,0.));
#4981 = DIRECTION('',(1.,0.));
#4982 = ( GEOMETRIC_REPRESENTATION_CONTEXT(2) 
PARAMETRIC_REPRESENTATION_CONTEXT() REPRESENTATION_CONTEXT('2D SPACE',''
  ) );
#4983 = ADVANCED_FACE('',(#4984,#4987),#4894,.F.);
#4984 = FACE_BOUND('',#4985,.F.);
#4985 = EDGE_LOOP('',(#4986));
#4986 = ORIENTED_EDGE('',*,*,#4877,.T.);
#4987 = FACE_BOUND('',#4988,.F.);
#4988 = EDGE_LOOP('',(#4989));
#4989 = ORIENTED_EDGE('',*,*,#4990,.T.);
#4990 = EDGE_CURVE('',#4991,#4991,#4993,.T.);
#4991 = VERTEX_POINT('',#4992);
#4992 = CARTESIAN_POINT('',(50.05,64.5,7.771561172376E-16));
#4993 = SURFACE_CURVE('',#4994,(#4999,#5010),.PCURVE_S1.);
#4994 = CIRCLE('',#4995,3.55);
#4995 = AXIS2_PLACEMENT_3D('',#4996,#4997,#4998);
#4996 = CARTESIAN_POINT('',(46.5,64.5,7.771561172376E-16));
#4997 = DIRECTION('',(0.,0.,-1.));
#4998 = DIRECTION('',(1.,0.,0.));
#4999 = PCURVE('',#4894,#5000);
#5000 = DEFINITIONAL_REPRESENTATION('',(#5001),#5009);
#5001 = ( BOUNDED_CURVE() B_SPLINE_CURVE(2,(#5002,#5003,#5004,#5005,
#5006,#5007,#5008),.UNSPECIFIED.,.T.,.F.) B_SPLINE_CURVE_WITH_KNOTS((1,2
    ,2,2,2,1),(-2.094395102393,0.,2.094395102393,4.188790204786,
6.28318530718,8.377580409573),.UNSPECIFIED.) CURVE() 
GEOMETRIC_REPRESENTATION_ITEM() RATIONAL_B_SPLINE_CURVE((1.,0.5,1.,0.5,
1.,0.5,1.)) REPRESENTATION_ITEM('') );
#5002 = CARTESIAN_POINT('',(3.55,0.));
#5003 = CARTESIAN_POINT('',(3.55,-6.14878036687));
#5004 = CARTESIAN_POINT('',(-1.775,-3.074390183435));
#5005 = CARTESIAN_POINT('',(-7.1,-8.694992273946E-16));
#5006 = CARTESIAN_POINT('',(-1.775,3.074390183435));
#5007 = CARTESIAN_POINT('',(3.55,6.14878036687));
#5008 = CARTESIAN_POINT('',(3.55,0.));
#5009 = ( GEOMETRIC_REPRESENTATION_CONTEXT(2) 
PARAMETRIC_REPRESENTATION_CONTEXT() REPRESENTATION_CONTEXT('2D SPACE',''
  ) );
#5010 = PCURVE('',#5011,#5016);
#5011 = CONICAL_SURFACE('',#5012,3.2,0.785398163397);
#5012 = AXIS2_PLACEMENT_3D('',#5013,#5014,#5015);
#5013 = CARTESIAN_POINT('',(46.5,64.5,0.35));
#5014 = DIRECTION('',(-0.,-0.,-1.));
#5015 = DIRECTION('',(1.,0.,0.));
#5016 = DEFINITIONAL_REPRESENTATION('',(#5017),#5021);
#5017 = LINE('',#5018,#5019);
#5018 = CARTESIAN_POINT('',(0.,0.35));
#5019 = VECTOR('',#5020,1.);
#5020 = DIRECTION('',(1.,-0.));
#5021 = ( GEOMETRIC_REPRESENTATION_CONTEXT(2) 
PARAMETRIC_REPRESENTATION_CONTEXT() REPRESENTATION_CONTEXT('2D SPACE',''
  ) );
#5022 = ADVANCED_FACE('',(#5023,#5026),#4972,.T.);
#5023 = FACE_BOUND('',#5024,.T.);
#5024 = EDGE_LOOP('',(#5025));
#5025 = ORIENTED_EDGE('',*,*,#4957,.T.);
#5026 = FACE_BOUND('',#5027,.T.);
#5027 = EDGE_LOOP('',(#5028));
#5028 = ORIENTED_EDGE('',*,*,#5029,.T.);
#5029 = EDGE_CURVE('',#5030,#5030,#5032,.T.);
#5030 = VERTEX_POINT('',#5031);
#5031 = CARTESIAN_POINT('',(50.05,64.5,13.));
#5032 = SURFACE_CURVE('',#5033,(#5038,#5049),.PCURVE_S1.);
#5033 = CIRCLE('',#5034,3.55);
#5034 = AXIS2_PLACEMENT_3D('',#5035,#5036,#5037);
#5035 = CARTESIAN_POINT('',(46.5,64.5,13.));
#5036 = DIRECTION('',(0.,0.,-1.));
#5037 = DIRECTION('',(1.,0.,0.));
#5038 = PCURVE('',#4972,#5039);
#5039 = DEFINITIONAL_REPRESENTATION('',(#5040),#5048);
#5040 = ( BOUNDED_CURVE() B_SPLINE_CURVE(2,(#5041,#5042,#5043,#5044,
#5045,#5046,#5047),.UNSPECIFIED.,.T.,.F.) B_SPLINE_CURVE_WITH_KNOTS((1,2
    ,2,2,2,1),(-2.094395102393,0.,2.094395102393,4.188790204786,
6.28318530718,8.377580409573),.UNSPECIFIED.) CURVE() 
GEOMETRIC_REPRESENTATION_ITEM() RATIONAL_B_SPLINE_CURVE((1.,0.5,1.,0.5,
1.,0.5,1.)) REPRESENTATION_ITEM('') );
#5041 = CARTESIAN_POINT('',(3.55,0.));
#5042 = CARTESIAN_POINT('',(3.55,-6.14878036687));
#5043 = CARTESIAN_POINT('',(-1.775,-3.074390183435));
#5044 = CARTESIAN_POINT('',(-7.1,-8.694992273946E-16));
#5045 = CARTESIAN_POINT('',(-1.775,3.074390183435));
#5046 = CARTESIAN_POINT('',(3.55,6.14878036687));
#5047 = CARTESIAN_POINT('',(3.55,0.));
#5048 = ( GEOMETRIC_REPRESENTATION_CONTEXT(2) 
PARAMETRIC_REPRESENTATION_CONTEXT() REPRESENTATION_CONTEXT('2D SPACE',''
  ) );
#5049 = PCURVE('',#5050,#5055);
#5050 = CONICAL_SURFACE('',#5051,3.2,0.785398163397);
#5051 = AXIS2_PLACEMENT_3D('',#5052,#5053,#5054);
#5052 = CARTESIAN_POINT('',(46.5,64.5,12.65));
#5053 = DIRECTION('',(0.,0.,1.));
#5054 = DIRECTION('',(1.,0.,0.));
#5055 = DEFINITIONAL_REPRESENTATION('',(#5056),#5060);
#5056 = LINE('',#5057,#5058);
#5057 = CARTESIAN_POINT('',(6.28318530718,0.35));
#5058 = VECTOR('',#5059,1.);
#5059 = DIRECTION('',(-1.,0.));
#5060 = ( GEOMETRIC_REPRESENTATION_CONTEXT(2) 
PARAMETRIC_REPRESENTATION_CONTEXT() REPRESENTATION_CONTEXT('2D SPACE',''
  ) );
#5061 = ADVANCED_FACE('',(#5062),#5011,.F.);
#5062 = FACE_BOUND('',#5063,.F.);
#5063 = EDGE_LOOP('',(#5064,#5093,#5114,#5115));
#5064 = ORIENTED_EDGE('',*,*,#5065,.T.);
#5065 = EDGE_CURVE('',#5066,#5066,#5068,.T.);
#5066 = VERTEX_POINT('',#5067);
#5067 = CARTESIAN_POINT('',(49.7,64.5,0.35));
#5068 = SURFACE_CURVE('',#5069,(#5074,#5081),.PCURVE_S1.);
#5069 = CIRCLE('',#5070,3.2);
#5070 = AXIS2_PLACEMENT_3D('',#5071,#5072,#5073);
#5071 = CARTESIAN_POINT('',(46.5,64.5,0.35));
#5072 = DIRECTION('',(0.,0.,-1.));
#5073 = DIRECTION('',(1.,0.,0.));
#5074 = PCURVE('',#5011,#5075);
#5075 = DEFINITIONAL_REPRESENTATION('',(#5076),#5080);
#5076 = LINE('',#5077,#5078);
#5077 = CARTESIAN_POINT('',(0.,0.));
#5078 = VECTOR('',#5079,1.);
#5079 = DIRECTION('',(1.,-0.));
#5080 = ( GEOMETRIC_REPRESENTATION_CONTEXT(2) 
PARAMETRIC_REPRESENTATION_CONTEXT() REPRESENTATION_CONTEXT('2D SPACE',''
  ) );
#5081 = PCURVE('',#5082,#5087);
#5082 = CYLINDRICAL_SURFACE('',#5083,3.2);
#5083 = AXIS2_PLACEMENT_3D('',#5084,#5085,#5086);
#5084 = CARTESIAN_POINT('',(46.5,64.5,-5.E-02));
#5085 = DIRECTION('',(-0.,-0.,-1.));
#5086 = DIRECTION('',(1.,0.,0.));
#5087 = DEFINITIONAL_REPRESENTATION('',(#5088),#5092);
#5088 = LINE('',#5089,#5090);
#5089 = CARTESIAN_POINT('',(-4.138911435803E-13,-0.4));
#5090 = VECTOR('',#5091,1.);
#5091 = DIRECTION('',(1.,-0.));
#5092 = ( GEOMETRIC_REPRESENTATION_CONTEXT(2) 
PARAMETRIC_REPRESENTATION_CONTEXT() REPRESENTATION_CONTEXT('2D SPACE',''
  ) );
#5093 = ORIENTED_EDGE('',*,*,#5094,.F.);
#5094 = EDGE_CURVE('',#4991,#5066,#5095,.T.);
#5095 = SEAM_CURVE('',#5096,(#5100,#5107),.PCURVE_S1.);
#5096 = LINE('',#5097,#5098);
#5097 = CARTESIAN_POINT('',(49.7,64.5,0.35));
#5098 = VECTOR('',#5099,1.);
#5099 = DIRECTION('',(-0.707106781187,0.,0.707106781187));
#5100 = PCURVE('',#5011,#5101);
#5101 = DEFINITIONAL_REPRESENTATION('',(#5102),#5106);
#5102 = LINE('',#5103,#5104);
#5103 = CARTESIAN_POINT('',(6.28318530718,0.));
#5104 = VECTOR('',#5105,1.);
#5105 = DIRECTION('',(0.,-1.));
#5106 = ( GEOMETRIC_REPRESENTATION_CONTEXT(2) 
PARAMETRIC_REPRESENTATION_CONTEXT() REPRESENTATION_CONTEXT('2D SPACE',''
  ) );
#5107 = PCURVE('',#5011,#5108);
#5108 = DEFINITIONAL_REPRESENTATION('',(#5109),#5113);
#5109 = LINE('',#5110,#5111);
#5110 = CARTESIAN_POINT('',(4.138911435803E-13,0.));
#5111 = VECTOR('',#5112,1.);
#5112 = DIRECTION('',(0.,-1.));
#5113 = ( GEOMETRIC_REPRESENTATION_CONTEXT(2) 
PARAMETRIC_REPRESENTATION_CONTEXT() REPRESENTATION_CONTEXT('2D SPACE',''
  ) );
#5114 = ORIENTED_EDGE('',*,*,#4990,.F.);
#5115 = ORIENTED_EDGE('',*,*,#5094,.T.);
#5116 = ADVANCED_FACE('',(#5117),#5050,.F.);
#5117 = FACE_BOUND('',#5118,.F.);
#5118 = EDGE_LOOP('',(#5119,#5142,#5143,#5144));
#5119 = ORIENTED_EDGE('',*,*,#5120,.F.);
#5120 = EDGE_CURVE('',#5030,#5121,#5123,.T.);
#5121 = VERTEX_POINT('',#5122);
#5122 = CARTESIAN_POINT('',(49.7,64.5,12.65));
#5123 = SEAM_CURVE('',#5124,(#5128,#5135),.PCURVE_S1.);
#5124 = LINE('',#5125,#5126);
#5125 = CARTESIAN_POINT('',(49.7,64.5,12.65));
#5126 = VECTOR('',#5127,1.);
#5127 = DIRECTION('',(-0.707106781187,0.,-0.707106781187));
#5128 = PCURVE('',#5050,#5129);
#5129 = DEFINITIONAL_REPRESENTATION('',(#5130),#5134);
#5130 = LINE('',#5131,#5132);
#5131 = CARTESIAN_POINT('',(6.28318530718,0.));
#5132 = VECTOR('',#5133,1.);
#5133 = DIRECTION('',(-0.,-1.));
#5134 = ( GEOMETRIC_REPRESENTATION_CONTEXT(2) 
PARAMETRIC_REPRESENTATION_CONTEXT() REPRESENTATION_CONTEXT('2D SPACE',''
  ) );
#5135 = PCURVE('',#5050,#5136);
#5136 = DEFINITIONAL_REPRESENTATION('',(#5137),#5141);
#5137 = LINE('',#5138,#5139);
#5138 = CARTESIAN_POINT('',(-4.138911435803E-13,0.));
#5139 = VECTOR('',#5140,1.);
#5140 = DIRECTION('',(-0.,-1.));
#5141 = ( GEOMETRIC_REPRESENTATION_CONTEXT(2) 
PARAMETRIC_REPRESENTATION_CONTEXT() REPRESENTATION_CONTEXT('2D SPACE',''
  ) );
#5142 = ORIENTED_EDGE('',*,*,#5029,.T.);
#5143 = ORIENTED_EDGE('',*,*,#5120,.T.);
#5144 = ORIENTED_EDGE('',*,*,#5145,.F.);
#5145 = EDGE_CURVE('',#5121,#5121,#5146,.T.);
#5146 = SURFACE_CURVE('',#5147,(#5152,#5159),.PCURVE_S1.);
#5147 = CIRCLE('',#5148,3.2);
#5148 = AXIS2_PLACEMENT_3D('',#5149,#5150,#5151);
#5149 = CARTESIAN_POINT('',(46.5,64.5,12.65));
#5150 = DIRECTION('',(0.,0.,-1.));
#5151 = DIRECTION('',(1.,0.,0.));
#5152 = PCURVE('',#5050,#5153);
#5153 = DEFINITIONAL_REPRESENTATION('',(#5154),#5158);
#5154 = LINE('',#5155,#5156);
#5155 = CARTESIAN_POINT('',(6.28318530718,-4.440892098501E-16));
#5156 = VECTOR('',#5157,1.);
#5157 = DIRECTION('',(-1.,0.));
#5158 = ( GEOMETRIC_REPRESENTATION_CONTEXT(2) 
PARAMETRIC_REPRESENTATION_CONTEXT() REPRESENTATION_CONTEXT('2D SPACE',''
  ) );
#5159 = PCURVE('',#5160,#5165);
#5160 = CYLINDRICAL_SURFACE('',#5161,3.2);
#5161 = AXIS2_PLACEMENT_3D('',#5162,#5163,#5164);
#5162 = CARTESIAN_POINT('',(46.5,64.5,7.95));
#5163 = DIRECTION('',(-0.,-0.,-1.));
#5164 = DIRECTION('',(1.,0.,0.));
#5165 = DEFINITIONAL_REPRESENTATION('',(#5166),#5170);
#5166 = LINE('',#5167,#5168);
#5167 = CARTESIAN_POINT('',(-4.138911435803E-13,-4.7));
#5168 = VECTOR('',#5169,1.);
#5169 = DIRECTION('',(1.,-0.));
#5170 = ( GEOMETRIC_REPRESENTATION_CONTEXT(2) 
PARAMETRIC_REPRESENTATION_CONTEXT() REPRESENTATION_CONTEXT('2D SPACE',''
  ) );
#5171 = ADVANCED_FACE('',(#5172),#5082,.F.);
#5172 = FACE_BOUND('',#5173,.F.);
#5173 = EDGE_LOOP('',(#5174,#5203,#5224,#5225));
#5174 = ORIENTED_EDGE('',*,*,#5175,.F.);
#5175 = EDGE_CURVE('',#5176,#5176,#5178,.T.);
#5176 = VERTEX_POINT('',#5177);
#5177 = CARTESIAN_POINT('',(49.7,64.5,5.05));
#5178 = SURFACE_CURVE('',#5179,(#5184,#5191),.PCURVE_S1.);
#5179 = CIRCLE('',#5180,3.2);
#5180 = AXIS2_PLACEMENT_3D('',#5181,#5182,#5183);
#5181 = CARTESIAN_POINT('',(46.5,64.5,5.05));
#5182 = DIRECTION('',(0.,0.,1.));
#5183 = DIRECTION('',(1.,0.,0.));
#5184 = PCURVE('',#5082,#5185);
#5185 = DEFINITIONAL_REPRESENTATION('',(#5186),#5190);
#5186 = LINE('',#5187,#5188);
#5187 = CARTESIAN_POINT('',(6.28318530718,-5.1));
#5188 = VECTOR('',#5189,1.);
#5189 = DIRECTION('',(-1.,0.));
#5190 = ( GEOMETRIC_REPRESENTATION_CONTEXT(2) 
PARAMETRIC_REPRESENTATION_CONTEXT() REPRESENTATION_CONTEXT('2D SPACE',''
  ) );
#5191 = PCURVE('',#5192,#5197);
#5192 = PLANE('',#5193);
#5193 = AXIS2_PLACEMENT_3D('',#5194,#5195,#5196);
#5194 = CARTESIAN_POINT('',(46.5,64.5,5.05));
#5195 = DIRECTION('',(0.,0.,1.));
#5196 = DIRECTION('',(1.,0.,0.));
#5197 = DEFINITIONAL_REPRESENTATION('',(#5198),#5202);
#5198 = CIRCLE('',#5199,3.2);
#5199 = AXIS2_PLACEMENT_2D('',#5200,#5201);
#5200 = CARTESIAN_POINT('',(0.,0.));
#5201 = DIRECTION('',(1.,0.));
#5202 = ( GEOMETRIC_REPRESENTATION_CONTEXT(2) 
PARAMETRIC_REPRESENTATION_CONTEXT() REPRESENTATION_CONTEXT('2D SPACE',''
  ) );
#5203 = ORIENTED_EDGE('',*,*,#5204,.F.);
#5204 = EDGE_CURVE('',#5066,#5176,#5205,.T.);
#5205 = SEAM_CURVE('',#5206,(#5210,#5217),.PCURVE_S1.);
#5206 = LINE('',#5207,#5208);
#5207 = CARTESIAN_POINT('',(49.7,64.5,-5.E-02));
#5208 = VECTOR('',#5209,1.);
#5209 = DIRECTION('',(0.,0.,1.));
#5210 = PCURVE('',#5082,#5211);
#5211 = DEFINITIONAL_REPRESENTATION('',(#5212),#5216);
#5212 = LINE('',#5213,#5214);
#5213 = CARTESIAN_POINT('',(6.283185307179,0.));
#5214 = VECTOR('',#5215,1.);
#5215 = DIRECTION('',(-0.,-1.));
#5216 = ( GEOMETRIC_REPRESENTATION_CONTEXT(2) 
PARAMETRIC_REPRESENTATION_CONTEXT() REPRESENTATION_CONTEXT('2D SPACE',''
  ) );
#5217 = PCURVE('',#5082,#5218);
#5218 = DEFINITIONAL_REPRESENTATION('',(#5219),#5223);
#5219 = LINE('',#5220,#5221);
#5220 = CARTESIAN_POINT('',(-0.,0.));
#5221 = VECTOR('',#5222,1.);
#5222 = DIRECTION('',(-0.,-1.));
#5223 = ( GEOMETRIC_REPRESENTATION_CONTEXT(2) 
PARAMETRIC_REPRESENTATION_CONTEXT() REPRESENTATION_CONTEXT('2D SPACE',''
  ) );
#5224 = ORIENTED_EDGE('',*,*,#5065,.F.);
#5225 = ORIENTED_EDGE('',*,*,#5204,.T.);
#5226 = ADVANCED_FACE('',(#5227),#5160,.F.);
#5227 = FACE_BOUND('',#5228,.F.);
#5228 = EDGE_LOOP('',(#5229,#5230,#5253,#5280));
#5229 = ORIENTED_EDGE('',*,*,#5145,.T.);
#5230 = ORIENTED_EDGE('',*,*,#5231,.F.);
#5231 = EDGE_CURVE('',#5232,#5121,#5234,.T.);
#5232 = VERTEX_POINT('',#5233);
#5233 = CARTESIAN_POINT('',(49.7,64.5,7.95));
#5234 = SEAM_CURVE('',#5235,(#5239,#5246),.PCURVE_S1.);
#5235 = LINE('',#5236,#5237);
#5236 = CARTESIAN_POINT('',(49.7,64.5,7.95));
#5237 = VECTOR('',#5238,1.);
#5238 = DIRECTION('',(0.,0.,1.));
#5239 = PCURVE('',#5160,#5240);
#5240 = DEFINITIONAL_REPRESENTATION('',(#5241),#5245);
#5241 = LINE('',#5242,#5243);
#5242 = CARTESIAN_POINT('',(6.283185307179,0.));
#5243 = VECTOR('',#5244,1.);
#5244 = DIRECTION('',(-0.,-1.));
#5245 = ( GEOMETRIC_REPRESENTATION_CONTEXT(2) 
PARAMETRIC_REPRESENTATION_CONTEXT() REPRESENTATION_CONTEXT('2D SPACE',''
  ) );
#5246 = PCURVE('',#5160,#5247);
#5247 = DEFINITIONAL_REPRESENTATION('',(#5248),#5252);
#5248 = LINE('',#5249,#5250);
#5249 = CARTESIAN_POINT('',(-0.,0.));
#5250 = VECTOR('',#5251,1.);
#5251 = DIRECTION('',(-0.,-1.));
#5252 = ( GEOMETRIC_REPRESENTATION_CONTEXT(2) 
PARAMETRIC_REPRESENTATION_CONTEXT() REPRESENTATION_CONTEXT('2D SPACE',''
  ) );
#5253 = ORIENTED_EDGE('',*,*,#5254,.T.);
#5254 = EDGE_CURVE('',#5232,#5232,#5255,.T.);
#5255 = SURFACE_CURVE('',#5256,(#5261,#5268),.PCURVE_S1.);
#5256 = CIRCLE('',#5257,3.2);
#5257 = AXIS2_PLACEMENT_3D('',#5258,#5259,#5260);
#5258 = CARTESIAN_POINT('',(46.5,64.5,7.95));
#5259 = DIRECTION('',(0.,0.,1.));
#5260 = DIRECTION('',(1.,0.,0.));
#5261 = PCURVE('',#5160,#5262);
#5262 = DEFINITIONAL_REPRESENTATION('',(#5263),#5267);
#5263 = LINE('',#5264,#5265);
#5264 = CARTESIAN_POINT('',(6.28318530718,0.));
#5265 = VECTOR('',#5266,1.);
#5266 = DIRECTION('',(-1.,0.));
#5267 = ( GEOMETRIC_REPRESENTATION_CONTEXT(2) 
PARAMETRIC_REPRESENTATION_CONTEXT() REPRESENTATION_CONTEXT('2D SPACE',''
  ) );
#5268 = PCURVE('',#5269,#5274);
#5269 = PLANE('',#5270);
#5270 = AXIS2_PLACEMENT_3D('',#5271,#5272,#5273);
#5271 = CARTESIAN_POINT('',(46.5,64.5,7.95));
#5272 = DIRECTION('',(0.,0.,1.));
#5273 = DIRECTION('',(1.,0.,0.));
#5274 = DEFINITIONAL_REPRESENTATION('',(#5275),#5279);
#5275 = CIRCLE('',#5276,3.2);
#5276 = AXIS2_PLACEMENT_2D('',#5277,#5278);
#5277 = CARTESIAN_POINT('',(0.,0.));
#5278 = DIRECTION('',(1.,0.));
#5279 = ( GEOMETRIC_REPRESENTATION_CONTEXT(2) 
PARAMETRIC_REPRESENTATION_CONTEXT() REPRESENTATION_CONTEXT('2D SPACE',''
  ) );
#5280 = ORIENTED_EDGE('',*,*,#5231,.T.);
#5281 = ADVANCED_FACE('',(#5282),#5192,.F.);
#5282 = FACE_BOUND('',#5283,.F.);
#5283 = EDGE_LOOP('',(#5284));
#5284 = ORIENTED_EDGE('',*,*,#5175,.T.);
#5285 = ADVANCED_FACE('',(#5286),#5269,.T.);
#5286 = FACE_BOUND('',#5287,.T.);
#5287 = EDGE_LOOP('',(#5288));
#5288 = ORIENTED_EDGE('',*,*,#5254,.T.);
#5289 = ( GEOMETRIC_REPRESENTATION_CONTEXT(3) 
GLOBAL_UNCERTAINTY_ASSIGNED_CONTEXT((#5293)) 
GLOBAL_UNIT_ASSIGNED_CONTEXT((#5290,#5291,#5292)) REPRESENTATION_CONTEXT
('Context #1','3D Context with UNIT and UNCERTAINTY') );
#5290 = ( LENGTH_UNIT() NAMED_UNIT(*) SI_UNIT(.MILLI.,.METRE.) );
#5291 = ( NAMED_UNIT(*) PLANE_ANGLE_UNIT() SI_UNIT($,.RADIAN.) );
#5292 = ( NAMED_UNIT(*) SI_UNIT($,.STERADIAN.) SOLID_ANGLE_UNIT() );
#5293 = UNCERTAINTY_MEASURE_WITH_UNIT(LENGTH_MEASURE(1.E-07),#5290,
  'distance_accuracy_value','confusion accuracy');
#5294 = CONTEXT_DEPENDENT_SHAPE_REPRESENTATION(#5295,#5297);
#5295 = ( REPRESENTATION_RELATIONSHIP('','',#4782,#2102) 
REPRESENTATION_RELATIONSHIP_WITH_TRANSFORMATION(#5296) 
SHAPE_REPRESENTATION_RELATIONSHIP() );
#5296 = ITEM_DEFINED_TRANSFORMATION('','',#11,#2123);
#5297 = PRODUCT_DEFINITION_SHAPE('Placement','Placement of an item',
  #5298);
#5298 = NEXT_ASSEMBLY_USAGE_OCCURRENCE('15','','',#2097,#4777,$);
#5299 = PRODUCT_RELATED_PRODUCT_CATEGORY('part',$,(#4779));
#5300 = SHAPE_DEFINITION_REPRESENTATION(#5301,#5307);
#5301 = PRODUCT_DEFINITION_SHAPE('','',#5302);
#5302 = PRODUCT_DEFINITION('design','',#5303,#5306);
#5303 = PRODUCT_DEFINITION_FORMATION('','',#5304);
#5304 = PRODUCT('Open CASCADE STEP translator 7.8 1.10.1.7',
  'Open CASCADE STEP translator 7.8 1.10.1.7','',(#5305));
#5305 = PRODUCT_CONTEXT('',#2,'mechanical');
#5306 = PRODUCT_DEFINITION_CONTEXT('part definition',#2,'design');
#5307 = ADVANCED_BREP_SHAPE_REPRESENTATION('',(#11,#5308),#5814);
#5308 = MANIFOLD_SOLID_BREP('',#5309);
#5309 = CLOSED_SHELL('',(#5310,#5398,#5453,#5508,#5547,#5586,#5641,#5696
    ,#5751,#5806,#5810));
#5310 = ADVANCED_FACE('',(#5311),#5324,.T.);
#5311 = FACE_BOUND('',#5312,.T.);
#5312 = EDGE_LOOP('',(#5313,#5347,#5370,#5397));
#5313 = ORIENTED_EDGE('',*,*,#5314,.T.);
#5314 = EDGE_CURVE('',#5315,#5315,#5317,.T.);
#5315 = VERTEX_POINT('',#5316);
#5316 = CARTESIAN_POINT('',(13.,84.5,0.35));
#5317 = SURFACE_CURVE('',#5318,(#5323,#5335),.PCURVE_S1.);
#5318 = CIRCLE('',#5319,6.5);
#5319 = AXIS2_PLACEMENT_3D('',#5320,#5321,#5322);
#5320 = CARTESIAN_POINT('',(6.5,84.5,0.35));
#5321 = DIRECTION('',(0.,0.,1.));
#5322 = DIRECTION('',(1.,0.,0.));
#5323 = PCURVE('',#5324,#5329);
#5324 = CYLINDRICAL_SURFACE('',#5325,6.5);
#5325 = AXIS2_PLACEMENT_3D('',#5326,#5327,#5328);
#5326 = CARTESIAN_POINT('',(6.5,84.5,7.771561172376E-16));
#5327 = DIRECTION('',(-0.,-0.,-1.));
#5328 = DIRECTION('',(1.,0.,0.));
#5329 = DEFINITIONAL_REPRESENTATION('',(#5330),#5334);
#5330 = LINE('',#5331,#5332);
#5331 = CARTESIAN_POINT('',(6.28318530718,-0.35));
#5332 = VECTOR('',#5333,1.);
#5333 = DIRECTION('',(-1.,0.));
#5334 = ( GEOMETRIC_REPRESENTATION_CONTEXT(2) 
PARAMETRIC_REPRESENTATION_CONTEXT() REPRESENTATION_CONTEXT('2D SPACE',''
  ) );
#5335 = PCURVE('',#5336,#5341);
#5336 = CONICAL_SURFACE('',#5337,6.5,0.785398163397);
#5337 = AXIS2_PLACEMENT_3D('',#5338,#5339,#5340);
#5338 = CARTESIAN_POINT('',(6.5,84.5,0.35));
#5339 = DIRECTION('',(0.,0.,1.));
#5340 = DIRECTION('',(1.,0.,0.));
#5341 = DEFINITIONAL_REPRESENTATION('',(#5342),#5346);
#5342 = LINE('',#5343,#5344);
#5343 = CARTESIAN_POINT('',(0.,0.));
#5344 = VECTOR('',#5345,1.);
#5345 = DIRECTION('',(1.,-0.));
#5346 = ( GEOMETRIC_REPRESENTATION_CONTEXT(2) 
PARAMETRIC_REPRESENTATION_CONTEXT() REPRESENTATION_CONTEXT('2D SPACE',''
  ) );
#5347 = ORIENTED_EDGE('',*,*,#5348,.T.);
#5348 = EDGE_CURVE('',#5315,#5349,#5351,.T.);
#5349 = VERTEX_POINT('',#5350);
#5350 = CARTESIAN_POINT('',(13.,84.5,12.65));
#5351 = SEAM_CURVE('',#5352,(#5356,#5363),.PCURVE_S1.);
#5352 = LINE('',#5353,#5354);
#5353 = CARTESIAN_POINT('',(13.,84.5,7.771561172376E-16));
#5354 = VECTOR('',#5355,1.);
#5355 = DIRECTION('',(0.,0.,1.));
#5356 = PCURVE('',#5324,#5357);
#5357 = DEFINITIONAL_REPRESENTATION('',(#5358),#5362);
#5358 = LINE('',#5359,#5360);
#5359 = CARTESIAN_POINT('',(-4.138911435803E-13,0.));
#5360 = VECTOR('',#5361,1.);
#5361 = DIRECTION('',(-0.,-1.));
#5362 = ( GEOMETRIC_REPRESENTATION_CONTEXT(2) 
PARAMETRIC_REPRESENTATION_CONTEXT() REPRESENTATION_CONTEXT('2D SPACE',''
  ) );
#5363 = PCURVE('',#5324,#5364);
#5364 = DEFINITIONAL_REPRESENTATION('',(#5365),#5369);
#5365 = LINE('',#5366,#5367);
#5366 = CARTESIAN_POINT('',(6.28318530718,0.));
#5367 = VECTOR('',#5368,1.);
#5368 = DIRECTION('',(-0.,-1.));
#5369 = ( GEOMETRIC_REPRESENTATION_CONTEXT(2) 
PARAMETRIC_REPRESENTATION_CONTEXT() REPRESENTATION_CONTEXT('2D SPACE',''
  ) );
#5370 = ORIENTED_EDGE('',*,*,#5371,.F.);
#5371 = EDGE_CURVE('',#5349,#5349,#5372,.T.);
#5372 = SURFACE_CURVE('',#5373,(#5378,#5385),.PCURVE_S1.);
#5373 = CIRCLE('',#5374,6.5);
#5374 = AXIS2_PLACEMENT_3D('',#5375,#5376,#5377);
#5375 = CARTESIAN_POINT('',(6.5,84.5,12.65));
#5376 = DIRECTION('',(0.,0.,1.));
#5377 = DIRECTION('',(1.,0.,0.));
#5378 = PCURVE('',#5324,#5379);
#5379 = DEFINITIONAL_REPRESENTATION('',(#5380),#5384);
#5380 = LINE('',#5381,#5382);
#5381 = CARTESIAN_POINT('',(6.28318530718,-12.65));
#5382 = VECTOR('',#5383,1.);
#5383 = DIRECTION('',(-1.,0.));
#5384 = ( GEOMETRIC_REPRESENTATION_CONTEXT(2) 
PARAMETRIC_REPRESENTATION_CONTEXT() REPRESENTATION_CONTEXT('2D SPACE',''
  ) );
#5385 = PCURVE('',#5386,#5391);
#5386 = CONICAL_SURFACE('',#5387,6.5,0.785398163397);
#5387 = AXIS2_PLACEMENT_3D('',#5388,#5389,#5390);
#5388 = CARTESIAN_POINT('',(6.5,84.5,12.65));
#5389 = DIRECTION('',(-0.,-0.,-1.));
#5390 = DIRECTION('',(1.,0.,0.));
#5391 = DEFINITIONAL_REPRESENTATION('',(#5392),#5396);
#5392 = LINE('',#5393,#5394);
#5393 = CARTESIAN_POINT('',(6.28318530718,0.));
#5394 = VECTOR('',#5395,1.);
#5395 = DIRECTION('',(-1.,0.));
#5396 = ( GEOMETRIC_REPRESENTATION_CONTEXT(2) 
PARAMETRIC_REPRESENTATION_CONTEXT() REPRESENTATION_CONTEXT('2D SPACE',''
  ) );
#5397 = ORIENTED_EDGE('',*,*,#5348,.F.);
#5398 = ADVANCED_FACE('',(#5399),#5336,.T.);
#5399 = FACE_BOUND('',#5400,.T.);
#5400 = EDGE_LOOP('',(#5401,#5430,#5451,#5452));
#5401 = ORIENTED_EDGE('',*,*,#5402,.T.);
#5402 = EDGE_CURVE('',#5403,#5403,#5405,.T.);
#5403 = VERTEX_POINT('',#5404);
#5404 = CARTESIAN_POINT('',(12.65,84.5,7.771561172376E-16));
#5405 = SURFACE_CURVE('',#5406,(#5411,#5418),.PCURVE_S1.);
#5406 = CIRCLE('',#5407,6.15);
#5407 = AXIS2_PLACEMENT_3D('',#5408,#5409,#5410);
#5408 = CARTESIAN_POINT('',(6.5,84.5,7.771561172376E-16));
#5409 = DIRECTION('',(0.,0.,1.));
#5410 = DIRECTION('',(1.,0.,0.));
#5411 = PCURVE('',#5336,#5412);
#5412 = DEFINITIONAL_REPRESENTATION('',(#5413),#5417);
#5413 = LINE('',#5414,#5415);
#5414 = CARTESIAN_POINT('',(0.,-0.35));
#5415 = VECTOR('',#5416,1.);
#5416 = DIRECTION('',(1.,-0.));
#5417 = ( GEOMETRIC_REPRESENTATION_CONTEXT(2) 
PARAMETRIC_REPRESENTATION_CONTEXT() REPRESENTATION_CONTEXT('2D SPACE',''
  ) );
#5418 = PCURVE('',#5419,#5424);
#5419 = PLANE('',#5420);
#5420 = AXIS2_PLACEMENT_3D('',#5421,#5422,#5423);
#5421 = CARTESIAN_POINT('',(6.5,84.5,7.771561172376E-16));
#5422 = DIRECTION('',(0.,0.,1.));
#5423 = DIRECTION('',(1.,0.,0.));
#5424 = DEFINITIONAL_REPRESENTATION('',(#5425),#5429);
#5425 = CIRCLE('',#5426,6.15);
#5426 = AXIS2_PLACEMENT_2D('',#5427,#5428);
#5427 = CARTESIAN_POINT('',(0.,0.));
#5428 = DIRECTION('',(1.,0.));
#5429 = ( GEOMETRIC_REPRESENTATION_CONTEXT(2) 
PARAMETRIC_REPRESENTATION_CONTEXT() REPRESENTATION_CONTEXT('2D SPACE',''
  ) );
#5430 = ORIENTED_EDGE('',*,*,#5431,.F.);
#5431 = EDGE_CURVE('',#5315,#5403,#5432,.T.);
#5432 = SEAM_CURVE('',#5433,(#5437,#5444),.PCURVE_S1.);
#5433 = LINE('',#5434,#5435);
#5434 = CARTESIAN_POINT('',(13.,84.5,0.35));
#5435 = VECTOR('',#5436,1.);
#5436 = DIRECTION('',(-0.707106781187,-0.,-0.707106781187));
#5437 = PCURVE('',#5336,#5438);
#5438 = DEFINITIONAL_REPRESENTATION('',(#5439),#5443);
#5439 = LINE('',#5440,#5441);
#5440 = CARTESIAN_POINT('',(6.28318530718,0.));
#5441 = VECTOR('',#5442,1.);
#5442 = DIRECTION('',(0.,-1.));
#5443 = ( GEOMETRIC_REPRESENTATION_CONTEXT(2) 
PARAMETRIC_REPRESENTATION_CONTEXT() REPRESENTATION_CONTEXT('2D SPACE',''
  ) );
#5444 = PCURVE('',#5336,#5445);
#5445 = DEFINITIONAL_REPRESENTATION('',(#5446),#5450);
#5446 = LINE('',#5447,#5448);
#5447 = CARTESIAN_POINT('',(4.138911435803E-13,0.));
#5448 = VECTOR('',#5449,1.);
#5449 = DIRECTION('',(0.,-1.));
#5450 = ( GEOMETRIC_REPRESENTATION_CONTEXT(2) 
PARAMETRIC_REPRESENTATION_CONTEXT() REPRESENTATION_CONTEXT('2D SPACE',''
  ) );
#5451 = ORIENTED_EDGE('',*,*,#5314,.F.);
#5452 = ORIENTED_EDGE('',*,*,#5431,.T.);
#5453 = ADVANCED_FACE('',(#5454),#5386,.T.);
#5454 = FACE_BOUND('',#5455,.T.);
#5455 = EDGE_LOOP('',(#5456,#5479,#5480,#5481));
#5456 = ORIENTED_EDGE('',*,*,#5457,.F.);
#5457 = EDGE_CURVE('',#5349,#5458,#5460,.T.);
#5458 = VERTEX_POINT('',#5459);
#5459 = CARTESIAN_POINT('',(12.65,84.5,13.));
#5460 = SEAM_CURVE('',#5461,(#5465,#5472),.PCURVE_S1.);
#5461 = LINE('',#5462,#5463);
#5462 = CARTESIAN_POINT('',(13.,84.5,12.65));
#5463 = VECTOR('',#5464,1.);
#5464 = DIRECTION('',(-0.707106781187,0.,0.707106781187));
#5465 = PCURVE('',#5386,#5466);
#5466 = DEFINITIONAL_REPRESENTATION('',(#5467),#5471);
#5467 = LINE('',#5468,#5469);
#5468 = CARTESIAN_POINT('',(6.28318530718,0.));
#5469 = VECTOR('',#5470,1.);
#5470 = DIRECTION('',(-0.,-1.));
#5471 = ( GEOMETRIC_REPRESENTATION_CONTEXT(2) 
PARAMETRIC_REPRESENTATION_CONTEXT() REPRESENTATION_CONTEXT('2D SPACE',''
  ) );
#5472 = PCURVE('',#5386,#5473);
#5473 = DEFINITIONAL_REPRESENTATION('',(#5474),#5478);
#5474 = LINE('',#5475,#5476);
#5475 = CARTESIAN_POINT('',(-4.138911435803E-13,0.));
#5476 = VECTOR('',#5477,1.);
#5477 = DIRECTION('',(-0.,-1.));
#5478 = ( GEOMETRIC_REPRESENTATION_CONTEXT(2) 
PARAMETRIC_REPRESENTATION_CONTEXT() REPRESENTATION_CONTEXT('2D SPACE',''
  ) );
#5479 = ORIENTED_EDGE('',*,*,#5371,.T.);
#5480 = ORIENTED_EDGE('',*,*,#5457,.T.);
#5481 = ORIENTED_EDGE('',*,*,#5482,.F.);
#5482 = EDGE_CURVE('',#5458,#5458,#5483,.T.);
#5483 = SURFACE_CURVE('',#5484,(#5489,#5496),.PCURVE_S1.);
#5484 = CIRCLE('',#5485,6.15);
#5485 = AXIS2_PLACEMENT_3D('',#5486,#5487,#5488);
#5486 = CARTESIAN_POINT('',(6.5,84.5,13.));
#5487 = DIRECTION('',(0.,0.,1.));
#5488 = DIRECTION('',(1.,0.,0.));
#5489 = PCURVE('',#5386,#5490);
#5490 = DEFINITIONAL_REPRESENTATION('',(#5491),#5495);
#5491 = LINE('',#5492,#5493);
#5492 = CARTESIAN_POINT('',(6.28318530718,-0.35));
#5493 = VECTOR('',#5494,1.);
#5494 = DIRECTION('',(-1.,0.));
#5495 = ( GEOMETRIC_REPRESENTATION_CONTEXT(2) 
PARAMETRIC_REPRESENTATION_CONTEXT() REPRESENTATION_CONTEXT('2D SPACE',''
  ) );
#5496 = PCURVE('',#5497,#5502);
#5497 = PLANE('',#5498);
#5498 = AXIS2_PLACEMENT_3D('',#5499,#5500,#5501);
#5499 = CARTESIAN_POINT('',(6.5,84.5,13.));
#5500 = DIRECTION('',(0.,0.,1.));
#5501 = DIRECTION('',(1.,0.,0.));
#5502 = DEFINITIONAL_REPRESENTATION('',(#5503),#5507);
#5503 = CIRCLE('',#5504,6.15);
#5504 = AXIS2_PLACEMENT_2D('',#5505,#5506);
#5505 = CARTESIAN_POINT('',(0.,0.));
#5506 = DIRECTION('',(1.,0.));
#5507 = ( GEOMETRIC_REPRESENTATION_CONTEXT(2) 
PARAMETRIC_REPRESENTATION_CONTEXT() REPRESENTATION_CONTEXT('2D SPACE',''
  ) );
#5508 = ADVANCED_FACE('',(#5509,#5512),#5419,.F.);
#5509 = FACE_BOUND('',#5510,.F.);
#5510 = EDGE_LOOP('',(#5511));
#5511 = ORIENTED_EDGE('',*,*,#5402,.T.);
#5512 = FACE_BOUND('',#5513,.F.);
#5513 = EDGE_LOOP('',(#5514));
#5514 = ORIENTED_EDGE('',*,*,#5515,.T.);
#5515 = EDGE_CURVE('',#5516,#5516,#5518,.T.);
#5516 = VERTEX_POINT('',#5517);
#5517 = CARTESIAN_POINT('',(10.05,84.5,7.771561172376E-16));
#5518 = SURFACE_CURVE('',#5519,(#5524,#5535),.PCURVE_S1.);
#5519 = CIRCLE('',#5520,3.55);
#5520 = AXIS2_PLACEMENT_3D('',#5521,#5522,#5523);
#5521 = CARTESIAN_POINT('',(6.5,84.5,7.771561172376E-16));
#5522 = DIRECTION('',(0.,0.,-1.));
#5523 = DIRECTION('',(1.,0.,0.));
#5524 = PCURVE('',#5419,#5525);
#5525 = DEFINITIONAL_REPRESENTATION('',(#5526),#5534);
#5526 = ( BOUNDED_CURVE() B_SPLINE_CURVE(2,(#5527,#5528,#5529,#5530,
#5531,#5532,#5533),.UNSPECIFIED.,.T.,.F.) B_SPLINE_CURVE_WITH_KNOTS((1,2
    ,2,2,2,1),(-2.094395102393,0.,2.094395102393,4.188790204786,
6.28318530718,8.377580409573),.UNSPECIFIED.) CURVE() 
GEOMETRIC_REPRESENTATION_ITEM() RATIONAL_B_SPLINE_CURVE((1.,0.5,1.,0.5,
1.,0.5,1.)) REPRESENTATION_ITEM('') );
#5527 = CARTESIAN_POINT('',(3.55,0.));
#5528 = CARTESIAN_POINT('',(3.55,-6.14878036687));
#5529 = CARTESIAN_POINT('',(-1.775,-3.074390183435));
#5530 = CARTESIAN_POINT('',(-7.1,-8.694992273946E-16));
#5531 = CARTESIAN_POINT('',(-1.775,3.074390183435));
#5532 = CARTESIAN_POINT('',(3.55,6.14878036687));
#5533 = CARTESIAN_POINT('',(3.55,0.));
#5534 = ( GEOMETRIC_REPRESENTATION_CONTEXT(2) 
PARAMETRIC_REPRESENTATION_CONTEXT() REPRESENTATION_CONTEXT('2D SPACE',''
  ) );
#5535 = PCURVE('',#5536,#5541);
#5536 = CONICAL_SURFACE('',#5537,3.2,0.785398163397);
#5537 = AXIS2_PLACEMENT_3D('',#5538,#5539,#5540);
#5538 = CARTESIAN_POINT('',(6.5,84.5,0.35));
#5539 = DIRECTION('',(-0.,-0.,-1.));
#5540 = DIRECTION('',(1.,0.,0.));
#5541 = DEFINITIONAL_REPRESENTATION('',(#5542),#5546);
#5542 = LINE('',#5543,#5544);
#5543 = CARTESIAN_POINT('',(0.,0.35));
#5544 = VECTOR('',#5545,1.);
#5545 = DIRECTION('',(1.,-0.));
#5546 = ( GEOMETRIC_REPRESENTATION_CONTEXT(2) 
PARAMETRIC_REPRESENTATION_CONTEXT() REPRESENTATION_CONTEXT('2D SPACE',''
  ) );
#5547 = ADVANCED_FACE('',(#5548,#5551),#5497,.T.);
#5548 = FACE_BOUND('',#5549,.T.);
#5549 = EDGE_LOOP('',(#5550));
#5550 = ORIENTED_EDGE('',*,*,#5482,.T.);
#5551 = FACE_BOUND('',#5552,.T.);
#5552 = EDGE_LOOP('',(#5553));
#5553 = ORIENTED_EDGE('',*,*,#5554,.T.);
#5554 = EDGE_CURVE('',#5555,#5555,#5557,.T.);
#5555 = VERTEX_POINT('',#5556);
#5556 = CARTESIAN_POINT('',(10.05,84.5,13.));
#5557 = SURFACE_CURVE('',#5558,(#5563,#5574),.PCURVE_S1.);
#5558 = CIRCLE('',#5559,3.55);
#5559 = AXIS2_PLACEMENT_3D('',#5560,#5561,#5562);
#5560 = CARTESIAN_POINT('',(6.5,84.5,13.));
#5561 = DIRECTION('',(0.,0.,-1.));
#5562 = DIRECTION('',(1.,0.,0.));
#5563 = PCURVE('',#5497,#5564);
#5564 = DEFINITIONAL_REPRESENTATION('',(#5565),#5573);
#5565 = ( BOUNDED_CURVE() B_SPLINE_CURVE(2,(#5566,#5567,#5568,#5569,
#5570,#5571,#5572),.UNSPECIFIED.,.T.,.F.) B_SPLINE_CURVE_WITH_KNOTS((1,2
    ,2,2,2,1),(-2.094395102393,0.,2.094395102393,4.188790204786,
6.28318530718,8.377580409573),.UNSPECIFIED.) CURVE() 
GEOMETRIC_REPRESENTATION_ITEM() RATIONAL_B_SPLINE_CURVE((1.,0.5,1.,0.5,
1.,0.5,1.)) REPRESENTATION_ITEM('') );
#5566 = CARTESIAN_POINT('',(3.55,0.));
#5567 = CARTESIAN_POINT('',(3.55,-6.14878036687));
#5568 = CARTESIAN_POINT('',(-1.775,-3.074390183435));
#5569 = CARTESIAN_POINT('',(-7.1,-8.694992273946E-16));
#5570 = CARTESIAN_POINT('',(-1.775,3.074390183435));
#5571 = CARTESIAN_POINT('',(3.55,6.14878036687));
#5572 = CARTESIAN_POINT('',(3.55,0.));
#5573 = ( GEOMETRIC_REPRESENTATION_CONTEXT(2) 
PARAMETRIC_REPRESENTATION_CONTEXT() REPRESENTATION_CONTEXT('2D SPACE',''
  ) );
#5574 = PCURVE('',#5575,#5580);
#5575 = CONICAL_SURFACE('',#5576,3.2,0.785398163397);
#5576 = AXIS2_PLACEMENT_3D('',#5577,#5578,#5579);
#5577 = CARTESIAN_POINT('',(6.5,84.5,12.65));
#5578 = DIRECTION('',(0.,0.,1.));
#5579 = DIRECTION('',(1.,0.,0.));
#5580 = DEFINITIONAL_REPRESENTATION('',(#5581),#5585);
#5581 = LINE('',#5582,#5583);
#5582 = CARTESIAN_POINT('',(6.28318530718,0.35));
#5583 = VECTOR('',#5584,1.);
#5584 = DIRECTION('',(-1.,0.));
#5585 = ( GEOMETRIC_REPRESENTATION_CONTEXT(2) 
PARAMETRIC_REPRESENTATION_CONTEXT() REPRESENTATION_CONTEXT('2D SPACE',''
  ) );
#5586 = ADVANCED_FACE('',(#5587),#5536,.F.);
#5587 = FACE_BOUND('',#5588,.F.);
#5588 = EDGE_LOOP('',(#5589,#5618,#5639,#5640));
#5589 = ORIENTED_EDGE('',*,*,#5590,.T.);
#5590 = EDGE_CURVE('',#5591,#5591,#5593,.T.);
#5591 = VERTEX_POINT('',#5592);
#5592 = CARTESIAN_POINT('',(9.7,84.5,0.35));
#5593 = SURFACE_CURVE('',#5594,(#5599,#5606),.PCURVE_S1.);
#5594 = CIRCLE('',#5595,3.2);
#5595 = AXIS2_PLACEMENT_3D('',#5596,#5597,#5598);
#5596 = CARTESIAN_POINT('',(6.5,84.5,0.35));
#5597 = DIRECTION('',(0.,0.,-1.));
#5598 = DIRECTION('',(1.,0.,0.));
#5599 = PCURVE('',#5536,#5600);
#5600 = DEFINITIONAL_REPRESENTATION('',(#5601),#5605);
#5601 = LINE('',#5602,#5603);
#5602 = CARTESIAN_POINT('',(0.,0.));
#5603 = VECTOR('',#5604,1.);
#5604 = DIRECTION('',(1.,-0.));
#5605 = ( GEOMETRIC_REPRESENTATION_CONTEXT(2) 
PARAMETRIC_REPRESENTATION_CONTEXT() REPRESENTATION_CONTEXT('2D SPACE',''
  ) );
#5606 = PCURVE('',#5607,#5612);
#5607 = CYLINDRICAL_SURFACE('',#5608,3.2);
#5608 = AXIS2_PLACEMENT_3D('',#5609,#5610,#5611);
#5609 = CARTESIAN_POINT('',(6.5,84.5,-5.E-02));
#5610 = DIRECTION('',(-0.,-0.,-1.));
#5611 = DIRECTION('',(1.,0.,0.));
#5612 = DEFINITIONAL_REPRESENTATION('',(#5613),#5617);
#5613 = LINE('',#5614,#5615);
#5614 = CARTESIAN_POINT('',(-4.138911435803E-13,-0.4));
#5615 = VECTOR('',#5616,1.);
#5616 = DIRECTION('',(1.,-0.));
#5617 = ( GEOMETRIC_REPRESENTATION_CONTEXT(2) 
PARAMETRIC_REPRESENTATION_CONTEXT() REPRESENTATION_CONTEXT('2D SPACE',''
  ) );
#5618 = ORIENTED_EDGE('',*,*,#5619,.F.);
#5619 = EDGE_CURVE('',#5516,#5591,#5620,.T.);
#5620 = SEAM_CURVE('',#5621,(#5625,#5632),.PCURVE_S1.);
#5621 = LINE('',#5622,#5623);
#5622 = CARTESIAN_POINT('',(9.7,84.5,0.35));
#5623 = VECTOR('',#5624,1.);
#5624 = DIRECTION('',(-0.707106781187,0.,0.707106781187));
#5625 = PCURVE('',#5536,#5626);
#5626 = DEFINITIONAL_REPRESENTATION('',(#5627),#5631);
#5627 = LINE('',#5628,#5629);
#5628 = CARTESIAN_POINT('',(6.28318530718,0.));
#5629 = VECTOR('',#5630,1.);
#5630 = DIRECTION('',(0.,-1.));
#5631 = ( GEOMETRIC_REPRESENTATION_CONTEXT(2) 
PARAMETRIC_REPRESENTATION_CONTEXT() REPRESENTATION_CONTEXT('2D SPACE',''
  ) );
#5632 = PCURVE('',#5536,#5633);
#5633 = DEFINITIONAL_REPRESENTATION('',(#5634),#5638);
#5634 = LINE('',#5635,#5636);
#5635 = CARTESIAN_POINT('',(4.138911435803E-13,0.));
#5636 = VECTOR('',#5637,1.);
#5637 = DIRECTION('',(0.,-1.));
#5638 = ( GEOMETRIC_REPRESENTATION_CONTEXT(2) 
PARAMETRIC_REPRESENTATION_CONTEXT() REPRESENTATION_CONTEXT('2D SPACE',''
  ) );
#5639 = ORIENTED_EDGE('',*,*,#5515,.F.);
#5640 = ORIENTED_EDGE('',*,*,#5619,.T.);
#5641 = ADVANCED_FACE('',(#5642),#5575,.F.);
#5642 = FACE_BOUND('',#5643,.F.);
#5643 = EDGE_LOOP('',(#5644,#5667,#5668,#5669));
#5644 = ORIENTED_EDGE('',*,*,#5645,.F.);
#5645 = EDGE_CURVE('',#5555,#5646,#5648,.T.);
#5646 = VERTEX_POINT('',#5647);
#5647 = CARTESIAN_POINT('',(9.7,84.5,12.65));
#5648 = SEAM_CURVE('',#5649,(#5653,#5660),.PCURVE_S1.);
#5649 = LINE('',#5650,#5651);
#5650 = CARTESIAN_POINT('',(9.7,84.5,12.65));
#5651 = VECTOR('',#5652,1.);
#5652 = DIRECTION('',(-0.707106781187,0.,-0.707106781187));
#5653 = PCURVE('',#5575,#5654);
#5654 = DEFINITIONAL_REPRESENTATION('',(#5655),#5659);
#5655 = LINE('',#5656,#5657);
#5656 = CARTESIAN_POINT('',(6.28318530718,0.));
#5657 = VECTOR('',#5658,1.);
#5658 = DIRECTION('',(-0.,-1.));
#5659 = ( GEOMETRIC_REPRESENTATION_CONTEXT(2) 
PARAMETRIC_REPRESENTATION_CONTEXT() REPRESENTATION_CONTEXT('2D SPACE',''
  ) );
#5660 = PCURVE('',#5575,#5661);
#5661 = DEFINITIONAL_REPRESENTATION('',(#5662),#5666);
#5662 = LINE('',#5663,#5664);
#5663 = CARTESIAN_POINT('',(-4.138911435803E-13,0.));
#5664 = VECTOR('',#5665,1.);
#5665 = DIRECTION('',(-0.,-1.));
#5666 = ( GEOMETRIC_REPRESENTATION_CONTEXT(2) 
PARAMETRIC_REPRESENTATION_CONTEXT() REPRESENTATION_CONTEXT('2D SPACE',''
  ) );
#5667 = ORIENTED_EDGE('',*,*,#5554,.T.);
#5668 = ORIENTED_EDGE('',*,*,#5645,.T.);
#5669 = ORIENTED_EDGE('',*,*,#5670,.F.);
#5670 = EDGE_CURVE('',#5646,#5646,#5671,.T.);
#5671 = SURFACE_CURVE('',#5672,(#5677,#5684),.PCURVE_S1.);
#5672 = CIRCLE('',#5673,3.2);
#5673 = AXIS2_PLACEMENT_3D('',#5674,#5675,#5676);
#5674 = CARTESIAN_POINT('',(6.5,84.5,12.65));
#5675 = DIRECTION('',(0.,0.,-1.));
#5676 = DIRECTION('',(1.,0.,0.));
#5677 = PCURVE('',#5575,#5678);
#5678 = DEFINITIONAL_REPRESENTATION('',(#5679),#5683);
#5679 = LINE('',#5680,#5681);
#5680 = CARTESIAN_POINT('',(6.28318530718,-4.440892098501E-16));
#5681 = VECTOR('',#5682,1.);
#5682 = DIRECTION('',(-1.,0.));
#5683 = ( GEOMETRIC_REPRESENTATION_CONTEXT(2) 
PARAMETRIC_REPRESENTATION_CONTEXT() REPRESENTATION_CONTEXT('2D SPACE',''
  ) );
#5684 = PCURVE('',#5685,#5690);
#5685 = CYLINDRICAL_SURFACE('',#5686,3.2);
#5686 = AXIS2_PLACEMENT_3D('',#5687,#5688,#5689);
#5687 = CARTESIAN_POINT('',(6.5,84.5,7.95));
#5688 = DIRECTION('',(-0.,-0.,-1.));
#5689 = DIRECTION('',(1.,0.,0.));
#5690 = DEFINITIONAL_REPRESENTATION('',(#5691),#5695);
#5691 = LINE('',#5692,#5693);
#5692 = CARTESIAN_POINT('',(-4.138911435803E-13,-4.7));
#5693 = VECTOR('',#5694,1.);
#5694 = DIRECTION('',(1.,-0.));
#5695 = ( GEOMETRIC_REPRESENTATION_CONTEXT(2) 
PARAMETRIC_REPRESENTATION_CONTEXT() REPRESENTATION_CONTEXT('2D SPACE',''
  ) );
#5696 = ADVANCED_FACE('',(#5697),#5607,.F.);
#5697 = FACE_BOUND('',#5698,.F.);
#5698 = EDGE_LOOP('',(#5699,#5728,#5749,#5750));
#5699 = ORIENTED_EDGE('',*,*,#5700,.F.);
#5700 = EDGE_CURVE('',#5701,#5701,#5703,.T.);
#5701 = VERTEX_POINT('',#5702);
#5702 = CARTESIAN_POINT('',(9.7,84.5,5.05));
#5703 = SURFACE_CURVE('',#5704,(#5709,#5716),.PCURVE_S1.);
#5704 = CIRCLE('',#5705,3.2);
#5705 = AXIS2_PLACEMENT_3D('',#5706,#5707,#5708);
#5706 = CARTESIAN_POINT('',(6.5,84.5,5.05));
#5707 = DIRECTION('',(0.,0.,1.));
#5708 = DIRECTION('',(1.,0.,0.));
#5709 = PCURVE('',#5607,#5710);
#5710 = DEFINITIONAL_REPRESENTATION('',(#5711),#5715);
#5711 = LINE('',#5712,#5713);
#5712 = CARTESIAN_POINT('',(6.28318530718,-5.1));
#5713 = VECTOR('',#5714,1.);
#5714 = DIRECTION('',(-1.,0.));
#5715 = ( GEOMETRIC_REPRESENTATION_CONTEXT(2) 
PARAMETRIC_REPRESENTATION_CONTEXT() REPRESENTATION_CONTEXT('2D SPACE',''
  ) );
#5716 = PCURVE('',#5717,#5722);
#5717 = PLANE('',#5718);
#5718 = AXIS2_PLACEMENT_3D('',#5719,#5720,#5721);
#5719 = CARTESIAN_POINT('',(6.5,84.5,5.05));
#5720 = DIRECTION('',(0.,0.,1.));
#5721 = DIRECTION('',(1.,0.,0.));
#5722 = DEFINITIONAL_REPRESENTATION('',(#5723),#5727);
#5723 = CIRCLE('',#5724,3.2);
#5724 = AXIS2_PLACEMENT_2D('',#5725,#5726);
#5725 = CARTESIAN_POINT('',(0.,0.));
#5726 = DIRECTION('',(1.,0.));
#5727 = ( GEOMETRIC_REPRESENTATION_CONTEXT(2) 
PARAMETRIC_REPRESENTATION_CONTEXT() REPRESENTATION_CONTEXT('2D SPACE',''
  ) );
#5728 = ORIENTED_EDGE('',*,*,#5729,.F.);
#5729 = EDGE_CURVE('',#5591,#5701,#5730,.T.);
#5730 = SEAM_CURVE('',#5731,(#5735,#5742),.PCURVE_S1.);
#5731 = LINE('',#5732,#5733);
#5732 = CARTESIAN_POINT('',(9.7,84.5,-5.E-02));
#5733 = VECTOR('',#5734,1.);
#5734 = DIRECTION('',(0.,0.,1.));
#5735 = PCURVE('',#5607,#5736);
#5736 = DEFINITIONAL_REPRESENTATION('',(#5737),#5741);
#5737 = LINE('',#5738,#5739);
#5738 = CARTESIAN_POINT('',(6.283185307179,0.));
#5739 = VECTOR('',#5740,1.);
#5740 = DIRECTION('',(-0.,-1.));
#5741 = ( GEOMETRIC_REPRESENTATION_CONTEXT(2) 
PARAMETRIC_REPRESENTATION_CONTEXT() REPRESENTATION_CONTEXT('2D SPACE',''
  ) );
#5742 = PCURVE('',#5607,#5743);
#5743 = DEFINITIONAL_REPRESENTATION('',(#5744),#5748);
#5744 = LINE('',#5745,#5746);
#5745 = CARTESIAN_POINT('',(-0.,0.));
#5746 = VECTOR('',#5747,1.);
#5747 = DIRECTION('',(-0.,-1.));
#5748 = ( GEOMETRIC_REPRESENTATION_CONTEXT(2) 
PARAMETRIC_REPRESENTATION_CONTEXT() REPRESENTATION_CONTEXT('2D SPACE',''
  ) );
#5749 = ORIENTED_EDGE('',*,*,#5590,.F.);
#5750 = ORIENTED_EDGE('',*,*,#5729,.T.);
#5751 = ADVANCED_FACE('',(#5752),#5685,.F.);
#5752 = FACE_BOUND('',#5753,.F.);
#5753 = EDGE_LOOP('',(#5754,#5755,#5778,#5805));
#5754 = ORIENTED_EDGE('',*,*,#5670,.T.);
#5755 = ORIENTED_EDGE('',*,*,#5756,.F.);
#5756 = EDGE_CURVE('',#5757,#5646,#5759,.T.);
#5757 = VERTEX_POINT('',#5758);
#5758 = CARTESIAN_POINT('',(9.7,84.5,7.95));
#5759 = SEAM_CURVE('',#5760,(#5764,#5771),.PCURVE_S1.);
#5760 = LINE('',#5761,#5762);
#5761 = CARTESIAN_POINT('',(9.7,84.5,7.95));
#5762 = VECTOR('',#5763,1.);
#5763 = DIRECTION('',(0.,0.,1.));
#5764 = PCURVE('',#5685,#5765);
#5765 = DEFINITIONAL_REPRESENTATION('',(#5766),#5770);
#5766 = LINE('',#5767,#5768);
#5767 = CARTESIAN_POINT('',(6.283185307179,0.));
#5768 = VECTOR('',#5769,1.);
#5769 = DIRECTION('',(-0.,-1.));
#5770 = ( GEOMETRIC_REPRESENTATION_CONTEXT(2) 
PARAMETRIC_REPRESENTATION_CONTEXT() REPRESENTATION_CONTEXT('2D SPACE',''
  ) );
#5771 = PCURVE('',#5685,#5772);
#5772 = DEFINITIONAL_REPRESENTATION('',(#5773),#5777);
#5773 = LINE('',#5774,#5775);
#5774 = CARTESIAN_POINT('',(-0.,0.));
#5775 = VECTOR('',#5776,1.);
#5776 = DIRECTION('',(-0.,-1.));
#5777 = ( GEOMETRIC_REPRESENTATION_CONTEXT(2) 
PARAMETRIC_REPRESENTATION_CONTEXT() REPRESENTATION_CONTEXT('2D SPACE',''
  ) );
#5778 = ORIENTED_EDGE('',*,*,#5779,.T.);
#5779 = EDGE_CURVE('',#5757,#5757,#5780,.T.);
#5780 = SURFACE_CURVE('',#5781,(#5786,#5793),.PCURVE_S1.);
#5781 = CIRCLE('',#5782,3.2);
#5782 = AXIS2_PLACEMENT_3D('',#5783,#5784,#5785);
#5783 = CARTESIAN_POINT('',(6.5,84.5,7.95));
#5784 = DIRECTION('',(0.,0.,1.));
#5785 = DIRECTION('',(1.,0.,0.));
#5786 = PCURVE('',#5685,#5787);
#5787 = DEFINITIONAL_REPRESENTATION('',(#5788),#5792);
#5788 = LINE('',#5789,#5790);
#5789 = CARTESIAN_POINT('',(6.28318530718,0.));
#5790 = VECTOR('',#5791,1.);
#5791 = DIRECTION('',(-1.,0.));
#5792 = ( GEOMETRIC_REPRESENTATION_CONTEXT(2) 
PARAMETRIC_REPRESENTATION_CONTEXT() REPRESENTATION_CONTEXT('2D SPACE',''
  ) );
#5793 = PCURVE('',#5794,#5799);
#5794 = PLANE('',#5795);
#5795 = AXIS2_PLACEMENT_3D('',#5796,#5797,#5798);
#5796 = CARTESIAN_POINT('',(6.5,84.5,7.95));
#5797 = DIRECTION('',(0.,0.,1.));
#5798 = DIRECTION('',(1.,0.,0.));
#5799 = DEFINITIONAL_REPRESENTATION('',(#5800),#5804);
#5800 = CIRCLE('',#5801,3.2);
#5801 = AXIS2_PLACEMENT_2D('',#5802,#5803);
#5802 = CARTESIAN_POINT('',(0.,0.));
#5803 = DIRECTION('',(1.,0.));
#5804 = ( GEOMETRIC_REPRESENTATION_CONTEXT(2) 
PARAMETRIC_REPRESENTATION_CONTEXT() REPRESENTATION_CONTEXT('2D SPACE',''
  ) );
#5805 = ORIENTED_EDGE('',*,*,#5756,.T.);
#5806 = ADVANCED_FACE('',(#5807),#5717,.F.);
#5807 = FACE_BOUND('',#5808,.F.);
#5808 = EDGE_LOOP('',(#5809));
#5809 = ORIENTED_EDGE('',*,*,#5700,.T.);
#5810 = ADVANCED_FACE('',(#5811),#5794,.T.);
#5811 = FACE_BOUND('',#5812,.T.);
#5812 = EDGE_LOOP('',(#5813));
#5813 = ORIENTED_EDGE('',*,*,#5779,.T.);
#5814 = ( GEOMETRIC_REPRESENTATION_CONTEXT(3) 
GLOBAL_UNCERTAINTY_ASSIGNED_CONTEXT((#5818)) 
GLOBAL_UNIT_ASSIGNED_CONTEXT((#5815,#5816,#5817)) REPRESENTATION_CONTEXT
('Context #1','3D Context with UNIT and UNCERTAINTY') );
#5815 = ( LENGTH_UNIT() NAMED_UNIT(*) SI_UNIT(.MILLI.,.METRE.) );
#5816 = ( NAMED_UNIT(*) PLANE_ANGLE_UNIT() SI_UNIT($,.RADIAN.) );
#5817 = ( NAMED_UNIT(*) SI_UNIT($,.STERADIAN.) SOLID_ANGLE_UNIT() );
#5818 = UNCERTAINTY_MEASURE_WITH_UNIT(LENGTH_MEASURE(1.E-07),#5815,
  'distance_accuracy_value','confusion accuracy');
#5819 = CONTEXT_DEPENDENT_SHAPE_REPRESENTATION(#5820,#5822);
#5820 = ( REPRESENTATION_RELATIONSHIP('','',#5307,#2102) 
REPRESENTATION_RELATIONSHIP_WITH_TRANSFORMATION(#5821) 
SHAPE_REPRESENTATION_RELATIONSHIP() );
#5821 = ITEM_DEFINED_TRANSFORMATION('','',#11,#2127);
#5822 = PRODUCT_DEFINITION_SHAPE('Placement','Placement of an item',
  #5823);
#5823 = NEXT_ASSEMBLY_USAGE_OCCURRENCE('16','','',#2097,#5302,$);
#5824 = PRODUCT_RELATED_PRODUCT_CATEGORY('part',$,(#5304));
#5825 = SHAPE_DEFINITION_REPRESENTATION(#5826,#5832);
#5826 = PRODUCT_DEFINITION_SHAPE('','',#5827);
#5827 = PRODUCT_DEFINITION('design','',#5828,#5831);
#5828 = PRODUCT_DEFINITION_FORMATION('','',#5829);
#5829 = PRODUCT('Open CASCADE STEP translator 7.8 1.10.1.8',
  'Open CASCADE STEP translator 7.8 1.10.1.8','',(#5830));
#5830 = PRODUCT_CONTEXT('',#2,'mechanical');
#5831 = PRODUCT_DEFINITION_CONTEXT('part definition',#2,'design');
#5832 = ADVANCED_BREP_SHAPE_REPRESENTATION('',(#11,#5833),#6339);
#5833 = MANIFOLD_SOLID_BREP('',#5834);
#5834 = CLOSED_SHELL('',(#5835,#5923,#5978,#6033,#6072,#6111,#6166,#6221
    ,#6276,#6331,#6335));
#5835 = ADVANCED_FACE('',(#5836),#5849,.T.);
#5836 = FACE_BOUND('',#5837,.T.);
#5837 = EDGE_LOOP('',(#5838,#5872,#5895,#5922));
#5838 = ORIENTED_EDGE('',*,*,#5839,.T.);
#5839 = EDGE_CURVE('',#5840,#5840,#5842,.T.);
#5840 = VERTEX_POINT('',#5841);
#5841 = CARTESIAN_POINT('',(33.,84.5,0.35));
#5842 = SURFACE_CURVE('',#5843,(#5848,#5860),.PCURVE_S1.);
#5843 = CIRCLE('',#5844,6.5);
#5844 = AXIS2_PLACEMENT_3D('',#5845,#5846,#5847);
#5845 = CARTESIAN_POINT('',(26.5,84.5,0.35));
#5846 = DIRECTION('',(0.,0.,1.));
#5847 = DIRECTION('',(1.,0.,0.));
#5848 = PCURVE('',#5849,#5854);
#5849 = CYLINDRICAL_SURFACE('',#5850,6.5);
#5850 = AXIS2_PLACEMENT_3D('',#5851,#5852,#5853);
#5851 = CARTESIAN_POINT('',(26.5,84.5,7.771561172376E-16));
#5852 = DIRECTION('',(-0.,-0.,-1.));
#5853 = DIRECTION('',(1.,0.,0.));
#5854 = DEFINITIONAL_REPRESENTATION('',(#5855),#5859);
#5855 = LINE('',#5856,#5857);
#5856 = CARTESIAN_POINT('',(6.28318530718,-0.35));
#5857 = VECTOR('',#5858,1.);
#5858 = DIRECTION('',(-1.,0.));
#5859 = ( GEOMETRIC_REPRESENTATION_CONTEXT(2) 
PARAMETRIC_REPRESENTATION_CONTEXT() REPRESENTATION_CONTEXT('2D SPACE',''
  ) );
#5860 = PCURVE('',#5861,#5866);
#5861 = CONICAL_SURFACE('',#5862,6.5,0.785398163397);
#5862 = AXIS2_PLACEMENT_3D('',#5863,#5864,#5865);
#5863 = CARTESIAN_POINT('',(26.5,84.5,0.35));
#5864 = DIRECTION('',(0.,0.,1.));
#5865 = DIRECTION('',(1.,0.,0.));
#5866 = DEFINITIONAL_REPRESENTATION('',(#5867),#5871);
#5867 = LINE('',#5868,#5869);
#5868 = CARTESIAN_POINT('',(0.,0.));
#5869 = VECTOR('',#5870,1.);
#5870 = DIRECTION('',(1.,-0.));
#5871 = ( GEOMETRIC_REPRESENTATION_CONTEXT(2) 
PARAMETRIC_REPRESENTATION_CONTEXT() REPRESENTATION_CONTEXT('2D SPACE',''
  ) );
#5872 = ORIENTED_EDGE('',*,*,#5873,.T.);
#5873 = EDGE_CURVE('',#5840,#5874,#5876,.T.);
#5874 = VERTEX_POINT('',#5875);
#5875 = CARTESIAN_POINT('',(33.,84.5,12.65));
#5876 = SEAM_CURVE('',#5877,(#5881,#5888),.PCURVE_S1.);
#5877 = LINE('',#5878,#5879);
#5878 = CARTESIAN_POINT('',(33.,84.5,7.771561172376E-16));
#5879 = VECTOR('',#5880,1.);
#5880 = DIRECTION('',(0.,0.,1.));
#5881 = PCURVE('',#5849,#5882);
#5882 = DEFINITIONAL_REPRESENTATION('',(#5883),#5887);
#5883 = LINE('',#5884,#5885);
#5884 = CARTESIAN_POINT('',(-4.138911435803E-13,0.));
#5885 = VECTOR('',#5886,1.);
#5886 = DIRECTION('',(-0.,-1.));
#5887 = ( GEOMETRIC_REPRESENTATION_CONTEXT(2) 
PARAMETRIC_REPRESENTATION_CONTEXT() REPRESENTATION_CONTEXT('2D SPACE',''
  ) );
#5888 = PCURVE('',#5849,#5889);
#5889 = DEFINITIONAL_REPRESENTATION('',(#5890),#5894);
#5890 = LINE('',#5891,#5892);
#5891 = CARTESIAN_POINT('',(6.28318530718,0.));
#5892 = VECTOR('',#5893,1.);
#5893 = DIRECTION('',(-0.,-1.));
#5894 = ( GEOMETRIC_REPRESENTATION_CONTEXT(2) 
PARAMETRIC_REPRESENTATION_CONTEXT() REPRESENTATION_CONTEXT('2D SPACE',''
  ) );
#5895 = ORIENTED_EDGE('',*,*,#5896,.F.);
#5896 = EDGE_CURVE('',#5874,#5874,#5897,.T.);
#5897 = SURFACE_CURVE('',#5898,(#5903,#5910),.PCURVE_S1.);
#5898 = CIRCLE('',#5899,6.5);
#5899 = AXIS2_PLACEMENT_3D('',#5900,#5901,#5902);
#5900 = CARTESIAN_POINT('',(26.5,84.5,12.65));
#5901 = DIRECTION('',(0.,0.,1.));
#5902 = DIRECTION('',(1.,0.,0.));
#5903 = PCURVE('',#5849,#5904);
#5904 = DEFINITIONAL_REPRESENTATION('',(#5905),#5909);
#5905 = LINE('',#5906,#5907);
#5906 = CARTESIAN_POINT('',(6.28318530718,-12.65));
#5907 = VECTOR('',#5908,1.);
#5908 = DIRECTION('',(-1.,0.));
#5909 = ( GEOMETRIC_REPRESENTATION_CONTEXT(2) 
PARAMETRIC_REPRESENTATION_CONTEXT() REPRESENTATION_CONTEXT('2D SPACE',''
  ) );
#5910 = PCURVE('',#5911,#5916);
#5911 = CONICAL_SURFACE('',#5912,6.5,0.785398163397);
#5912 = AXIS2_PLACEMENT_3D('',#5913,#5914,#5915);
#5913 = CARTESIAN_POINT('',(26.5,84.5,12.65));
#5914 = DIRECTION('',(-0.,-0.,-1.));
#5915 = DIRECTION('',(1.,0.,0.));
#5916 = DEFINITIONAL_REPRESENTATION('',(#5917),#5921);
#5917 = LINE('',#5918,#5919);
#5918 = CARTESIAN_POINT('',(6.28318530718,0.));
#5919 = VECTOR('',#5920,1.);
#5920 = DIRECTION('',(-1.,0.));
#5921 = ( GEOMETRIC_REPRESENTATION_CONTEXT(2) 
PARAMETRIC_REPRESENTATION_CONTEXT() REPRESENTATION_CONTEXT('2D SPACE',''
  ) );
#5922 = ORIENTED_EDGE('',*,*,#5873,.F.);
#5923 = ADVANCED_FACE('',(#5924),#5861,.T.);
#5924 = FACE_BOUND('',#5925,.T.);
#5925 = EDGE_LOOP('',(#5926,#5955,#5976,#5977));
#5926 = ORIENTED_EDGE('',*,*,#5927,.T.);
#5927 = EDGE_CURVE('',#5928,#5928,#5930,.T.);
#5928 = VERTEX_POINT('',#5929);
#5929 = CARTESIAN_POINT('',(32.65,84.5,7.771561172376E-16));
#5930 = SURFACE_CURVE('',#5931,(#5936,#5943),.PCURVE_S1.);
#5931 = CIRCLE('',#5932,6.15);
#5932 = AXIS2_PLACEMENT_3D('',#5933,#5934,#5935);
#5933 = CARTESIAN_POINT('',(26.5,84.5,7.771561172376E-16));
#5934 = DIRECTION('',(0.,0.,1.));
#5935 = DIRECTION('',(1.,0.,0.));
#5936 = PCURVE('',#5861,#5937);
#5937 = DEFINITIONAL_REPRESENTATION('',(#5938),#5942);
#5938 = LINE('',#5939,#5940);
#5939 = CARTESIAN_POINT('',(0.,-0.35));
#5940 = VECTOR('',#5941,1.);
#5941 = DIRECTION('',(1.,-0.));
#5942 = ( GEOMETRIC_REPRESENTATION_CONTEXT(2) 
PARAMETRIC_REPRESENTATION_CONTEXT() REPRESENTATION_CONTEXT('2D SPACE',''
  ) );
#5943 = PCURVE('',#5944,#5949);
#5944 = PLANE('',#5945);
#5945 = AXIS2_PLACEMENT_3D('',#5946,#5947,#5948);
#5946 = CARTESIAN_POINT('',(26.5,84.5,7.771561172376E-16));
#5947 = DIRECTION('',(0.,0.,1.));
#5948 = DIRECTION('',(1.,0.,0.));
#5949 = DEFINITIONAL_REPRESENTATION('',(#5950),#5954);
#5950 = CIRCLE('',#5951,6.15);
#5951 = AXIS2_PLACEMENT_2D('',#5952,#5953);
#5952 = CARTESIAN_POINT('',(0.,0.));
#5953 = DIRECTION('',(1.,0.));
#5954 = ( GEOMETRIC_REPRESENTATION_CONTEXT(2) 
PARAMETRIC_REPRESENTATION_CONTEXT() REPRESENTATION_CONTEXT('2D SPACE',''
  ) );
#5955 = ORIENTED_EDGE('',*,*,#5956,.F.);
#5956 = EDGE_CURVE('',#5840,#5928,#5957,.T.);
#5957 = SEAM_CURVE('',#5958,(#5962,#5969),.PCURVE_S1.);
#5958 = LINE('',#5959,#5960);
#5959 = CARTESIAN_POINT('',(33.,84.5,0.35));
#5960 = VECTOR('',#5961,1.);
#5961 = DIRECTION('',(-0.707106781187,-0.,-0.707106781187));
#5962 = PCURVE('',#5861,#5963);
#5963 = DEFINITIONAL_REPRESENTATION('',(#5964),#5968);
#5964 = LINE('',#5965,#5966);
#5965 = CARTESIAN_POINT('',(6.28318530718,0.));
#5966 = VECTOR('',#5967,1.);
#5967 = DIRECTION('',(0.,-1.));
#5968 = ( GEOMETRIC_REPRESENTATION_CONTEXT(2) 
PARAMETRIC_REPRESENTATION_CONTEXT() REPRESENTATION_CONTEXT('2D SPACE',''
  ) );
#5969 = PCURVE('',#5861,#5970);
#5970 = DEFINITIONAL_REPRESENTATION('',(#5971),#5975);
#5971 = LINE('',#5972,#5973);
#5972 = CARTESIAN_POINT('',(4.138911435803E-13,0.));
#5973 = VECTOR('',#5974,1.);
#5974 = DIRECTION('',(0.,-1.));
#5975 = ( GEOMETRIC_REPRESENTATION_CONTEXT(2) 
PARAMETRIC_REPRESENTATION_CONTEXT() REPRESENTATION_CONTEXT('2D SPACE',''
  ) );
#5976 = ORIENTED_EDGE('',*,*,#5839,.F.);
#5977 = ORIENTED_EDGE('',*,*,#5956,.T.);
#5978 = ADVANCED_FACE('',(#5979),#5911,.T.);
#5979 = FACE_BOUND('',#5980,.T.);
#5980 = EDGE_LOOP('',(#5981,#6004,#6005,#6006));
#5981 = ORIENTED_EDGE('',*,*,#5982,.F.);
#5982 = EDGE_CURVE('',#5874,#5983,#5985,.T.);
#5983 = VERTEX_POINT('',#5984);
#5984 = CARTESIAN_POINT('',(32.65,84.5,13.));
#5985 = SEAM_CURVE('',#5986,(#5990,#5997),.PCURVE_S1.);
#5986 = LINE('',#5987,#5988);
#5987 = CARTESIAN_POINT('',(33.,84.5,12.65));
#5988 = VECTOR('',#5989,1.);
#5989 = DIRECTION('',(-0.707106781187,0.,0.707106781187));
#5990 = PCURVE('',#5911,#5991);
#5991 = DEFINITIONAL_REPRESENTATION('',(#5992),#5996);
#5992 = LINE('',#5993,#5994);
#5993 = CARTESIAN_POINT('',(6.28318530718,0.));
#5994 = VECTOR('',#5995,1.);
#5995 = DIRECTION('',(-0.,-1.));
#5996 = ( GEOMETRIC_REPRESENTATION_CONTEXT(2) 
PARAMETRIC_REPRESENTATION_CONTEXT() REPRESENTATION_CONTEXT('2D SPACE',''
  ) );
#5997 = PCURVE('',#5911,#5998);
#5998 = DEFINITIONAL_REPRESENTATION('',(#5999),#6003);
#5999 = LINE('',#6000,#6001);
#6000 = CARTESIAN_POINT('',(-4.138911435803E-13,0.));
#6001 = VECTOR('',#6002,1.);
#6002 = DIRECTION('',(-0.,-1.));
#6003 = ( GEOMETRIC_REPRESENTATION_CONTEXT(2) 
PARAMETRIC_REPRESENTATION_CONTEXT() REPRESENTATION_CONTEXT('2D SPACE',''
  ) );
#6004 = ORIENTED_EDGE('',*,*,#5896,.T.);
#6005 = ORIENTED_EDGE('',*,*,#5982,.T.);
#6006 = ORIENTED_EDGE('',*,*,#6007,.F.);
#6007 = EDGE_CURVE('',#5983,#5983,#6008,.T.);
#6008 = SURFACE_CURVE('',#6009,(#6014,#6021),.PCURVE_S1.);
#6009 = CIRCLE('',#6010,6.15);
#6010 = AXIS2_PLACEMENT_3D('',#6011,#6012,#6013);
#6011 = CARTESIAN_POINT('',(26.5,84.5,13.));
#6012 = DIRECTION('',(0.,0.,1.));
#6013 = DIRECTION('',(1.,0.,0.));
#6014 = PCURVE('',#5911,#6015);
#6015 = DEFINITIONAL_REPRESENTATION('',(#6016),#6020);
#6016 = LINE('',#6017,#6018);
#6017 = CARTESIAN_POINT('',(6.28318530718,-0.35));
#6018 = VECTOR('',#6019,1.);
#6019 = DIRECTION('',(-1.,0.));
#6020 = ( GEOMETRIC_REPRESENTATION_CONTEXT(2) 
PARAMETRIC_REPRESENTATION_CONTEXT() REPRESENTATION_CONTEXT('2D SPACE',''
  ) );
#6021 = PCURVE('',#6022,#6027);
#6022 = PLANE('',#6023);
#6023 = AXIS2_PLACEMENT_3D('',#6024,#6025,#6026);
#6024 = CARTESIAN_POINT('',(26.5,84.5,13.));
#6025 = DIRECTION('',(0.,0.,1.));
#6026 = DIRECTION('',(1.,0.,0.));
#6027 = DEFINITIONAL_REPRESENTATION('',(#6028),#6032);
#6028 = CIRCLE('',#6029,6.15);
#6029 = AXIS2_PLACEMENT_2D('',#6030,#6031);
#6030 = CARTESIAN_POINT('',(0.,0.));
#6031 = DIRECTION('',(1.,0.));
#6032 = ( GEOMETRIC_REPRESENTATION_CONTEXT(2) 
PARAMETRIC_REPRESENTATION_CONTEXT() REPRESENTATION_CONTEXT('2D SPACE',''
  ) );
#6033 = ADVANCED_FACE('',(#6034,#6037),#5944,.F.);
#6034 = FACE_BOUND('',#6035,.F.);
#6035 = EDGE_LOOP('',(#6036));
#6036 = ORIENTED_EDGE('',*,*,#5927,.T.);
#6037 = FACE_BOUND('',#6038,.F.);
#6038 = EDGE_LOOP('',(#6039));
#6039 = ORIENTED_EDGE('',*,*,#6040,.T.);
#6040 = EDGE_CURVE('',#6041,#6041,#6043,.T.);
#6041 = VERTEX_POINT('',#6042);
#6042 = CARTESIAN_POINT('',(30.05,84.5,7.771561172376E-16));
#6043 = SURFACE_CURVE('',#6044,(#6049,#6060),.PCURVE_S1.);
#6044 = CIRCLE('',#6045,3.55);
#6045 = AXIS2_PLACEMENT_3D('',#6046,#6047,#6048);
#6046 = CARTESIAN_POINT('',(26.5,84.5,7.771561172376E-16));
#6047 = DIRECTION('',(0.,0.,-1.));
#6048 = DIRECTION('',(1.,0.,0.));
#6049 = PCURVE('',#5944,#6050);
#6050 = DEFINITIONAL_REPRESENTATION('',(#6051),#6059);
#6051 = ( BOUNDED_CURVE() B_SPLINE_CURVE(2,(#6052,#6053,#6054,#6055,
#6056,#6057,#6058),.UNSPECIFIED.,.T.,.F.) B_SPLINE_CURVE_WITH_KNOTS((1,2
    ,2,2,2,1),(-2.094395102393,0.,2.094395102393,4.188790204786,
6.28318530718,8.377580409573),.UNSPECIFIED.) CURVE() 
GEOMETRIC_REPRESENTATION_ITEM() RATIONAL_B_SPLINE_CURVE((1.,0.5,1.,0.5,
1.,0.5,1.)) REPRESENTATION_ITEM('') );
#6052 = CARTESIAN_POINT('',(3.55,0.));
#6053 = CARTESIAN_POINT('',(3.55,-6.14878036687));
#6054 = CARTESIAN_POINT('',(-1.775,-3.074390183435));
#6055 = CARTESIAN_POINT('',(-7.1,-8.694992273946E-16));
#6056 = CARTESIAN_POINT('',(-1.775,3.074390183435));
#6057 = CARTESIAN_POINT('',(3.55,6.14878036687));
#6058 = CARTESIAN_POINT('',(3.55,0.));
#6059 = ( GEOMETRIC_REPRESENTATION_CONTEXT(2) 
PARAMETRIC_REPRESENTATION_CONTEXT() REPRESENTATION_CONTEXT('2D SPACE',''
  ) );
#6060 = PCURVE('',#6061,#6066);
#6061 = CONICAL_SURFACE('',#6062,3.2,0.785398163397);
#6062 = AXIS2_PLACEMENT_3D('',#6063,#6064,#6065);
#6063 = CARTESIAN_POINT('',(26.5,84.5,0.35));
#6064 = DIRECTION('',(-0.,-0.,-1.));
#6065 = DIRECTION('',(1.,0.,0.));
#6066 = DEFINITIONAL_REPRESENTATION('',(#6067),#6071);
#6067 = LINE('',#6068,#6069);
#6068 = CARTESIAN_POINT('',(0.,0.35));
#6069 = VECTOR('',#6070,1.);
#6070 = DIRECTION('',(1.,-0.));
#6071 = ( GEOMETRIC_REPRESENTATION_CONTEXT(2) 
PARAMETRIC_REPRESENTATION_CONTEXT() REPRESENTATION_CONTEXT('2D SPACE',''
  ) );
#6072 = ADVANCED_FACE('',(#6073,#6076),#6022,.T.);
#6073 = FACE_BOUND('',#6074,.T.);
#6074 = EDGE_LOOP('',(#6075));
#6075 = ORIENTED_EDGE('',*,*,#6007,.T.);
#6076 = FACE_BOUND('',#6077,.T.);
#6077 = EDGE_LOOP('',(#6078));
#6078 = ORIENTED_EDGE('',*,*,#6079,.T.);
#6079 = EDGE_CURVE('',#6080,#6080,#6082,.T.);
#6080 = VERTEX_POINT('',#6081);
#6081 = CARTESIAN_POINT('',(30.05,84.5,13.));
#6082 = SURFACE_CURVE('',#6083,(#6088,#6099),.PCURVE_S1.);
#6083 = CIRCLE('',#6084,3.55);
#6084 = AXIS2_PLACEMENT_3D('',#6085,#6086,#6087);
#6085 = CARTESIAN_POINT('',(26.5,84.5,13.));
#6086 = DIRECTION('',(0.,0.,-1.));
#6087 = DIRECTION('',(1.,0.,0.));
#6088 = PCURVE('',#6022,#6089);
#6089 = DEFINITIONAL_REPRESENTATION('',(#6090),#6098);
#6090 = ( BOUNDED_CURVE() B_SPLINE_CURVE(2,(#6091,#6092,#6093,#6094,
#6095,#6096,#6097),.UNSPECIFIED.,.T.,.F.) B_SPLINE_CURVE_WITH_KNOTS((1,2
    ,2,2,2,1),(-2.094395102393,0.,2.094395102393,4.188790204786,
6.28318530718,8.377580409573),.UNSPECIFIED.) CURVE() 
GEOMETRIC_REPRESENTATION_ITEM() RATIONAL_B_SPLINE_CURVE((1.,0.5,1.,0.5,
1.,0.5,1.)) REPRESENTATION_ITEM('') );
#6091 = CARTESIAN_POINT('',(3.55,0.));
#6092 = CARTESIAN_POINT('',(3.55,-6.14878036687));
#6093 = CARTESIAN_POINT('',(-1.775,-3.074390183435));
#6094 = CARTESIAN_POINT('',(-7.1,-8.694992273946E-16));
#6095 = CARTESIAN_POINT('',(-1.775,3.074390183435));
#6096 = CARTESIAN_POINT('',(3.55,6.14878036687));
#6097 = CARTESIAN_POINT('',(3.55,0.));
#6098 = ( GEOMETRIC_REPRESENTATION_CONTEXT(2) 
PARAMETRIC_REPRESENTATION_CONTEXT() REPRESENTATION_CONTEXT('2D SPACE',''
  ) );
#6099 = PCURVE('',#6100,#6105);
#6100 = CONICAL_SURFACE('',#6101,3.2,0.785398163397);
#6101 = AXIS2_PLACEMENT_3D('',#6102,#6103,#6104);
#6102 = CARTESIAN_POINT('',(26.5,84.5,12.65));
#6103 = DIRECTION('',(0.,0.,1.));
#6104 = DIRECTION('',(1.,0.,0.));
#6105 = DEFINITIONAL_REPRESENTATION('',(#6106),#6110);
#6106 = LINE('',#6107,#6108);
#6107 = CARTESIAN_POINT('',(6.28318530718,0.35));
#6108 = VECTOR('',#6109,1.);
#6109 = DIRECTION('',(-1.,0.));
#6110 = ( GEOMETRIC_REPRESENTATION_CONTEXT(2) 
PARAMETRIC_REPRESENTATION_CONTEXT() REPRESENTATION_CONTEXT('2D SPACE',''
  ) );
#6111 = ADVANCED_FACE('',(#6112),#6061,.F.);
#6112 = FACE_BOUND('',#6113,.F.);
#6113 = EDGE_LOOP('',(#6114,#6143,#6164,#6165));
#6114 = ORIENTED_EDGE('',*,*,#6115,.T.);
#6115 = EDGE_CURVE('',#6116,#6116,#6118,.T.);
#6116 = VERTEX_POINT('',#6117);
#6117 = CARTESIAN_POINT('',(29.7,84.5,0.35));
#6118 = SURFACE_CURVE('',#6119,(#6124,#6131),.PCURVE_S1.);
#6119 = CIRCLE('',#6120,3.2);
#6120 = AXIS2_PLACEMENT_3D('',#6121,#6122,#6123);
#6121 = CARTESIAN_POINT('',(26.5,84.5,0.35));
#6122 = DIRECTION('',(0.,0.,-1.));
#6123 = DIRECTION('',(1.,0.,0.));
#6124 = PCURVE('',#6061,#6125);
#6125 = DEFINITIONAL_REPRESENTATION('',(#6126),#6130);
#6126 = LINE('',#6127,#6128);
#6127 = CARTESIAN_POINT('',(0.,0.));
#6128 = VECTOR('',#6129,1.);
#6129 = DIRECTION('',(1.,-0.));
#6130 = ( GEOMETRIC_REPRESENTATION_CONTEXT(2) 
PARAMETRIC_REPRESENTATION_CONTEXT() REPRESENTATION_CONTEXT('2D SPACE',''
  ) );
#6131 = PCURVE('',#6132,#6137);
#6132 = CYLINDRICAL_SURFACE('',#6133,3.2);
#6133 = AXIS2_PLACEMENT_3D('',#6134,#6135,#6136);
#6134 = CARTESIAN_POINT('',(26.5,84.5,-5.E-02));
#6135 = DIRECTION('',(-0.,-0.,-1.));
#6136 = DIRECTION('',(1.,0.,0.));
#6137 = DEFINITIONAL_REPRESENTATION('',(#6138),#6142);
#6138 = LINE('',#6139,#6140);
#6139 = CARTESIAN_POINT('',(-4.138911435803E-13,-0.4));
#6140 = VECTOR('',#6141,1.);
#6141 = DIRECTION('',(1.,-0.));
#6142 = ( GEOMETRIC_REPRESENTATION_CONTEXT(2) 
PARAMETRIC_REPRESENTATION_CONTEXT() REPRESENTATION_CONTEXT('2D SPACE',''
  ) );
#6143 = ORIENTED_EDGE('',*,*,#6144,.F.);
#6144 = EDGE_CURVE('',#6041,#6116,#6145,.T.);
#6145 = SEAM_CURVE('',#6146,(#6150,#6157),.PCURVE_S1.);
#6146 = LINE('',#6147,#6148);
#6147 = CARTESIAN_POINT('',(29.7,84.5,0.35));
#6148 = VECTOR('',#6149,1.);
#6149 = DIRECTION('',(-0.707106781187,0.,0.707106781187));
#6150 = PCURVE('',#6061,#6151);
#6151 = DEFINITIONAL_REPRESENTATION('',(#6152),#6156);
#6152 = LINE('',#6153,#6154);
#6153 = CARTESIAN_POINT('',(6.28318530718,0.));
#6154 = VECTOR('',#6155,1.);
#6155 = DIRECTION('',(0.,-1.));
#6156 = ( GEOMETRIC_REPRESENTATION_CONTEXT(2) 
PARAMETRIC_REPRESENTATION_CONTEXT() REPRESENTATION_CONTEXT('2D SPACE',''
  ) );
#6157 = PCURVE('',#6061,#6158);
#6158 = DEFINITIONAL_REPRESENTATION('',(#6159),#6163);
#6159 = LINE('',#6160,#6161);
#6160 = CARTESIAN_POINT('',(4.138911435803E-13,0.));
#6161 = VECTOR('',#6162,1.);
#6162 = DIRECTION('',(0.,-1.));
#6163 = ( GEOMETRIC_REPRESENTATION_CONTEXT(2) 
PARAMETRIC_REPRESENTATION_CONTEXT() REPRESENTATION_CONTEXT('2D SPACE',''
  ) );
#6164 = ORIENTED_EDGE('',*,*,#6040,.F.);
#6165 = ORIENTED_EDGE('',*,*,#6144,.T.);
#6166 = ADVANCED_FACE('',(#6167),#6100,.F.);
#6167 = FACE_BOUND('',#6168,.F.);
#6168 = EDGE_LOOP('',(#6169,#6192,#6193,#6194));
#6169 = ORIENTED_EDGE('',*,*,#6170,.F.);
#6170 = EDGE_CURVE('',#6080,#6171,#6173,.T.);
#6171 = VERTEX_POINT('',#6172);
#6172 = CARTESIAN_POINT('',(29.7,84.5,12.65));
#6173 = SEAM_CURVE('',#6174,(#6178,#6185),.PCURVE_S1.);
#6174 = LINE('',#6175,#6176);
#6175 = CARTESIAN_POINT('',(29.7,84.5,12.65));
#6176 = VECTOR('',#6177,1.);
#6177 = DIRECTION('',(-0.707106781187,0.,-0.707106781187));
#6178 = PCURVE('',#6100,#6179);
#6179 = DEFINITIONAL_REPRESENTATION('',(#6180),#6184);
#6180 = LINE('',#6181,#6182);
#6181 = CARTESIAN_POINT('',(6.28318530718,0.));
#6182 = VECTOR('',#6183,1.);
#6183 = DIRECTION('',(-0.,-1.));
#6184 = ( GEOMETRIC_REPRESENTATION_CONTEXT(2) 
PARAMETRIC_REPRESENTATION_CONTEXT() REPRESENTATION_CONTEXT('2D SPACE',''
  ) );
#6185 = PCURVE('',#6100,#6186);
#6186 = DEFINITIONAL_REPRESENTATION('',(#6187),#6191);
#6187 = LINE('',#6188,#6189);
#6188 = CARTESIAN_POINT('',(-4.138911435803E-13,0.));
#6189 = VECTOR('',#6190,1.);
#6190 = DIRECTION('',(-0.,-1.));
#6191 = ( GEOMETRIC_REPRESENTATION_CONTEXT(2) 
PARAMETRIC_REPRESENTATION_CONTEXT() REPRESENTATION_CONTEXT('2D SPACE',''
  ) );
#6192 = ORIENTED_EDGE('',*,*,#6079,.T.);
#6193 = ORIENTED_EDGE('',*,*,#6170,.T.);
#6194 = ORIENTED_EDGE('',*,*,#6195,.F.);
#6195 = EDGE_CURVE('',#6171,#6171,#6196,.T.);
#6196 = SURFACE_CURVE('',#6197,(#6202,#6209),.PCURVE_S1.);
#6197 = CIRCLE('',#6198,3.2);
#6198 = AXIS2_PLACEMENT_3D('',#6199,#6200,#6201);
#6199 = CARTESIAN_POINT('',(26.5,84.5,12.65));
#6200 = DIRECTION('',(0.,0.,-1.));
#6201 = DIRECTION('',(1.,0.,0.));
#6202 = PCURVE('',#6100,#6203);
#6203 = DEFINITIONAL_REPRESENTATION('',(#6204),#6208);
#6204 = LINE('',#6205,#6206);
#6205 = CARTESIAN_POINT('',(6.28318530718,0.));
#6206 = VECTOR('',#6207,1.);
#6207 = DIRECTION('',(-1.,0.));
#6208 = ( GEOMETRIC_REPRESENTATION_CONTEXT(2) 
PARAMETRIC_REPRESENTATION_CONTEXT() REPRESENTATION_CONTEXT('2D SPACE',''
  ) );
#6209 = PCURVE('',#6210,#6215);
#6210 = CYLINDRICAL_SURFACE('',#6211,3.2);
#6211 = AXIS2_PLACEMENT_3D('',#6212,#6213,#6214);
#6212 = CARTESIAN_POINT('',(26.5,84.5,7.95));
#6213 = DIRECTION('',(-0.,-0.,-1.));
#6214 = DIRECTION('',(1.,0.,0.));
#6215 = DEFINITIONAL_REPRESENTATION('',(#6216),#6220);
#6216 = LINE('',#6217,#6218);
#6217 = CARTESIAN_POINT('',(-4.138911435803E-13,-4.7));
#6218 = VECTOR('',#6219,1.);
#6219 = DIRECTION('',(1.,-0.));
#6220 = ( GEOMETRIC_REPRESENTATION_CONTEXT(2) 
PARAMETRIC_REPRESENTATION_CONTEXT() REPRESENTATION_CONTEXT('2D SPACE',''
  ) );
#6221 = ADVANCED_FACE('',(#6222),#6132,.F.);
#6222 = FACE_BOUND('',#6223,.F.);
#6223 = EDGE_LOOP('',(#6224,#6253,#6274,#6275));
#6224 = ORIENTED_EDGE('',*,*,#6225,.F.);
#6225 = EDGE_CURVE('',#6226,#6226,#6228,.T.);
#6226 = VERTEX_POINT('',#6227);
#6227 = CARTESIAN_POINT('',(29.7,84.5,5.05));
#6228 = SURFACE_CURVE('',#6229,(#6234,#6241),.PCURVE_S1.);
#6229 = CIRCLE('',#6230,3.2);
#6230 = AXIS2_PLACEMENT_3D('',#6231,#6232,#6233);
#6231 = CARTESIAN_POINT('',(26.5,84.5,5.05));
#6232 = DIRECTION('',(0.,0.,1.));
#6233 = DIRECTION('',(1.,0.,0.));
#6234 = PCURVE('',#6132,#6235);
#6235 = DEFINITIONAL_REPRESENTATION('',(#6236),#6240);
#6236 = LINE('',#6237,#6238);
#6237 = CARTESIAN_POINT('',(6.28318530718,-5.1));
#6238 = VECTOR('',#6239,1.);
#6239 = DIRECTION('',(-1.,0.));
#6240 = ( GEOMETRIC_REPRESENTATION_CONTEXT(2) 
PARAMETRIC_REPRESENTATION_CONTEXT() REPRESENTATION_CONTEXT('2D SPACE',''
  ) );
#6241 = PCURVE('',#6242,#6247);
#6242 = PLANE('',#6243);
#6243 = AXIS2_PLACEMENT_3D('',#6244,#6245,#6246);
#6244 = CARTESIAN_POINT('',(26.5,84.5,5.05));
#6245 = DIRECTION('',(0.,0.,1.));
#6246 = DIRECTION('',(1.,0.,0.));
#6247 = DEFINITIONAL_REPRESENTATION('',(#6248),#6252);
#6248 = CIRCLE('',#6249,3.2);
#6249 = AXIS2_PLACEMENT_2D('',#6250,#6251);
#6250 = CARTESIAN_POINT('',(0.,0.));
#6251 = DIRECTION('',(1.,0.));
#6252 = ( GEOMETRIC_REPRESENTATION_CONTEXT(2) 
PARAMETRIC_REPRESENTATION_CONTEXT() REPRESENTATION_CONTEXT('2D SPACE',''
  ) );
#6253 = ORIENTED_EDGE('',*,*,#6254,.F.);
#6254 = EDGE_CURVE('',#6116,#6226,#6255,.T.);
#6255 = SEAM_CURVE('',#6256,(#6260,#6267),.PCURVE_S1.);
#6256 = LINE('',#6257,#6258);
#6257 = CARTESIAN_POINT('',(29.7,84.5,-5.E-02));
#6258 = VECTOR('',#6259,1.);
#6259 = DIRECTION('',(0.,0.,1.));
#6260 = PCURVE('',#6132,#6261);
#6261 = DEFINITIONAL_REPRESENTATION('',(#6262),#6266);
#6262 = LINE('',#6263,#6264);
#6263 = CARTESIAN_POINT('',(6.283185307179,0.));
#6264 = VECTOR('',#6265,1.);
#6265 = DIRECTION('',(-0.,-1.));
#6266 = ( GEOMETRIC_REPRESENTATION_CONTEXT(2) 
PARAMETRIC_REPRESENTATION_CONTEXT() REPRESENTATION_CONTEXT('2D SPACE',''
  ) );
#6267 = PCURVE('',#6132,#6268);
#6268 = DEFINITIONAL_REPRESENTATION('',(#6269),#6273);
#6269 = LINE('',#6270,#6271);
#6270 = CARTESIAN_POINT('',(-0.,0.));
#6271 = VECTOR('',#6272,1.);
#6272 = DIRECTION('',(-0.,-1.));
#6273 = ( GEOMETRIC_REPRESENTATION_CONTEXT(2) 
PARAMETRIC_REPRESENTATION_CONTEXT() REPRESENTATION_CONTEXT('2D SPACE',''
  ) );
#6274 = ORIENTED_EDGE('',*,*,#6115,.F.);
#6275 = ORIENTED_EDGE('',*,*,#6254,.T.);
#6276 = ADVANCED_FACE('',(#6277),#6210,.F.);
#6277 = FACE_BOUND('',#6278,.F.);
#6278 = EDGE_LOOP('',(#6279,#6280,#6303,#6330));
#6279 = ORIENTED_EDGE('',*,*,#6195,.T.);
#6280 = ORIENTED_EDGE('',*,*,#6281,.F.);
#6281 = EDGE_CURVE('',#6282,#6171,#6284,.T.);
#6282 = VERTEX_POINT('',#6283);
#6283 = CARTESIAN_POINT('',(29.7,84.5,7.95));
#6284 = SEAM_CURVE('',#6285,(#6289,#6296),.PCURVE_S1.);
#6285 = LINE('',#6286,#6287);
#6286 = CARTESIAN_POINT('',(29.7,84.5,7.95));
#6287 = VECTOR('',#6288,1.);
#6288 = DIRECTION('',(0.,0.,1.));
#6289 = PCURVE('',#6210,#6290);
#6290 = DEFINITIONAL_REPRESENTATION('',(#6291),#6295);
#6291 = LINE('',#6292,#6293);
#6292 = CARTESIAN_POINT('',(6.283185307179,0.));
#6293 = VECTOR('',#6294,1.);
#6294 = DIRECTION('',(-0.,-1.));
#6295 = ( GEOMETRIC_REPRESENTATION_CONTEXT(2) 
PARAMETRIC_REPRESENTATION_CONTEXT() REPRESENTATION_CONTEXT('2D SPACE',''
  ) );
#6296 = PCURVE('',#6210,#6297);
#6297 = DEFINITIONAL_REPRESENTATION('',(#6298),#6302);
#6298 = LINE('',#6299,#6300);
#6299 = CARTESIAN_POINT('',(-0.,0.));
#6300 = VECTOR('',#6301,1.);
#6301 = DIRECTION('',(-0.,-1.));
#6302 = ( GEOMETRIC_REPRESENTATION_CONTEXT(2) 
PARAMETRIC_REPRESENTATION_CONTEXT() REPRESENTATION_CONTEXT('2D SPACE',''
  ) );
#6303 = ORIENTED_EDGE('',*,*,#6304,.T.);
#6304 = EDGE_CURVE('',#6282,#6282,#6305,.T.);
#6305 = SURFACE_CURVE('',#6306,(#6311,#6318),.PCURVE_S1.);
#6306 = CIRCLE('',#6307,3.2);
#6307 = AXIS2_PLACEMENT_3D('',#6308,#6309,#6310);
#6308 = CARTESIAN_POINT('',(26.5,84.5,7.95));
#6309 = DIRECTION('',(0.,0.,1.));
#6310 = DIRECTION('',(1.,0.,0.));
#6311 = PCURVE('',#6210,#6312);
#6312 = DEFINITIONAL_REPRESENTATION('',(#6313),#6317);
#6313 = LINE('',#6314,#6315);
#6314 = CARTESIAN_POINT('',(6.28318530718,0.));
#6315 = VECTOR('',#6316,1.);
#6316 = DIRECTION('',(-1.,0.));
#6317 = ( GEOMETRIC_REPRESENTATION_CONTEXT(2) 
PARAMETRIC_REPRESENTATION_CONTEXT() REPRESENTATION_CONTEXT('2D SPACE',''
  ) );
#6318 = PCURVE('',#6319,#6324);
#6319 = PLANE('',#6320);
#6320 = AXIS2_PLACEMENT_3D('',#6321,#6322,#6323);
#6321 = CARTESIAN_POINT('',(26.5,84.5,7.95));
#6322 = DIRECTION('',(0.,0.,1.));
#6323 = DIRECTION('',(1.,0.,0.));
#6324 = DEFINITIONAL_REPRESENTATION('',(#6325),#6329);
#6325 = CIRCLE('',#6326,3.2);
#6326 = AXIS2_PLACEMENT_2D('',#6327,#6328);
#6327 = CARTESIAN_POINT('',(0.,0.));
#6328 = DIRECTION('',(1.,0.));
#6329 = ( GEOMETRIC_REPRESENTATION_CONTEXT(2) 
PARAMETRIC_REPRESENTATION_CONTEXT() REPRESENTATION_CONTEXT('2D SPACE',''
  ) );
#6330 = ORIENTED_EDGE('',*,*,#6281,.T.);
#6331 = ADVANCED_FACE('',(#6332),#6242,.F.);
#6332 = FACE_BOUND('',#6333,.F.);
#6333 = EDGE_LOOP('',(#6334));
#6334 = ORIENTED_EDGE('',*,*,#6225,.T.);
#6335 = ADVANCED_FACE('',(#6336),#6319,.T.);
#6336 = FACE_BOUND('',#6337,.T.);
#6337 = EDGE_LOOP('',(#6338));
#6338 = ORIENTED_EDGE('',*,*,#6304,.T.);
#6339 = ( GEOMETRIC_REPRESENTATION_CONTEXT(3) 
GLOBAL_UNCERTAINTY_ASSIGNED_CONTEXT((#6343)) 
GLOBAL_UNIT_ASSIGNED_CONTEXT((#6340,#6341,#6342)) REPRESENTATION_CONTEXT
('Context #1','3D Context with UNIT and UNCERTAINTY') );
#6340 = ( LENGTH_UNIT() NAMED_UNIT(*) SI_UNIT(.MILLI.,.METRE.) );
#6341 = ( NAMED_UNIT(*) PLANE_ANGLE_UNIT() SI_UNIT($,.RADIAN.) );
#6342 = ( NAMED_UNIT(*) SI_UNIT($,.STERADIAN.) SOLID_ANGLE_UNIT() );
#6343 = UNCERTAINTY_MEASURE_WITH_UNIT(LENGTH_MEASURE(1.E-07),#6340,
  'distance_accuracy_value','confusion accuracy');
#6344 = CONTEXT_DEPENDENT_SHAPE_REPRESENTATION(#6345,#6347);
#6345 = ( REPRESENTATION_RELATIONSHIP('','',#5832,#2102) 
REPRESENTATION_RELATIONSHIP_WITH_TRANSFORMATION(#6346) 
SHAPE_REPRESENTATION_RELATIONSHIP() );
#6346 = ITEM_DEFINED_TRANSFORMATION('','',#11,#2131);
#6347 = PRODUCT_DEFINITION_SHAPE('Placement','Placement of an item',
  #6348);
#6348 = NEXT_ASSEMBLY_USAGE_OCCURRENCE('17','','',#2097,#5827,$);
#6349 = PRODUCT_RELATED_PRODUCT_CATEGORY('part',$,(#5829));
#6350 = SHAPE_DEFINITION_REPRESENTATION(#6351,#6357);
#6351 = PRODUCT_DEFINITION_SHAPE('','',#6352);
#6352 = PRODUCT_DEFINITION('design','',#6353,#6356);
#6353 = PRODUCT_DEFINITION_FORMATION('','',#6354);
#6354 = PRODUCT('Open CASCADE STEP translator 7.8 1.10.1.9',
  'Open CASCADE STEP translator 7.8 1.10.1.9','',(#6355));
#6355 = PRODUCT_CONTEXT('',#2,'mechanical');
#6356 = PRODUCT_DEFINITION_CONTEXT('part definition',#2,'design');
#6357 = ADVANCED_BREP_SHAPE_REPRESENTATION('',(#11,#6358),#6864);
#6358 = MANIFOLD_SOLID_BREP('',#6359);
#6359 = CLOSED_SHELL('',(#6360,#6448,#6503,#6558,#6597,#6636,#6691,#6746
    ,#6801,#6856,#6860));
#6360 = ADVANCED_FACE('',(#6361),#6374,.T.);
#6361 = FACE_BOUND('',#6362,.T.);
#6362 = EDGE_LOOP('',(#6363,#6397,#6420,#6447));
#6363 = ORIENTED_EDGE('',*,*,#6364,.T.);
#6364 = EDGE_CURVE('',#6365,#6365,#6367,.T.);
#6365 = VERTEX_POINT('',#6366);
#6366 = CARTESIAN_POINT('',(53.,84.5,0.35));
#6367 = SURFACE_CURVE('',#6368,(#6373,#6385),.PCURVE_S1.);
#6368 = CIRCLE('',#6369,6.5);
#6369 = AXIS2_PLACEMENT_3D('',#6370,#6371,#6372);
#6370 = CARTESIAN_POINT('',(46.5,84.5,0.35));
#6371 = DIRECTION('',(0.,0.,1.));
#6372 = DIRECTION('',(1.,0.,0.));
#6373 = PCURVE('',#6374,#6379);
#6374 = CYLINDRICAL_SURFACE('',#6375,6.5);
#6375 = AXIS2_PLACEMENT_3D('',#6376,#6377,#6378);
#6376 = CARTESIAN_POINT('',(46.5,84.5,7.771561172376E-16));
#6377 = DIRECTION('',(-0.,-0.,-1.));
#6378 = DIRECTION('',(1.,0.,0.));
#6379 = DEFINITIONAL_REPRESENTATION('',(#6380),#6384);
#6380 = LINE('',#6381,#6382);
#6381 = CARTESIAN_POINT('',(6.28318530718,-0.35));
#6382 = VECTOR('',#6383,1.);
#6383 = DIRECTION('',(-1.,0.));
#6384 = ( GEOMETRIC_REPRESENTATION_CONTEXT(2) 
PARAMETRIC_REPRESENTATION_CONTEXT() REPRESENTATION_CONTEXT('2D SPACE',''
  ) );
#6385 = PCURVE('',#6386,#6391);
#6386 = CONICAL_SURFACE('',#6387,6.5,0.785398163397);
#6387 = AXIS2_PLACEMENT_3D('',#6388,#6389,#6390);
#6388 = CARTESIAN_POINT('',(46.5,84.5,0.35));
#6389 = DIRECTION('',(0.,0.,1.));
#6390 = DIRECTION('',(1.,0.,0.));
#6391 = DEFINITIONAL_REPRESENTATION('',(#6392),#6396);
#6392 = LINE('',#6393,#6394);
#6393 = CARTESIAN_POINT('',(0.,0.));
#6394 = VECTOR('',#6395,1.);
#6395 = DIRECTION('',(1.,-0.));
#6396 = ( GEOMETRIC_REPRESENTATION_CONTEXT(2) 
PARAMETRIC_REPRESENTATION_CONTEXT() REPRESENTATION_CONTEXT('2D SPACE',''
  ) );
#6397 = ORIENTED_EDGE('',*,*,#6398,.T.);
#6398 = EDGE_CURVE('',#6365,#6399,#6401,.T.);
#6399 = VERTEX_POINT('',#6400);
#6400 = CARTESIAN_POINT('',(53.,84.5,12.65));
#6401 = SEAM_CURVE('',#6402,(#6406,#6413),.PCURVE_S1.);
#6402 = LINE('',#6403,#6404);
#6403 = CARTESIAN_POINT('',(53.,84.5,7.771561172376E-16));
#6404 = VECTOR('',#6405,1.);
#6405 = DIRECTION('',(0.,0.,1.));
#6406 = PCURVE('',#6374,#6407);
#6407 = DEFINITIONAL_REPRESENTATION('',(#6408),#6412);
#6408 = LINE('',#6409,#6410);
#6409 = CARTESIAN_POINT('',(-4.138911435803E-13,0.));
#6410 = VECTOR('',#6411,1.);
#6411 = DIRECTION('',(-0.,-1.));
#6412 = ( GEOMETRIC_REPRESENTATION_CONTEXT(2) 
PARAMETRIC_REPRESENTATION_CONTEXT() REPRESENTATION_CONTEXT('2D SPACE',''
  ) );
#6413 = PCURVE('',#6374,#6414);
#6414 = DEFINITIONAL_REPRESENTATION('',(#6415),#6419);
#6415 = LINE('',#6416,#6417);
#6416 = CARTESIAN_POINT('',(6.28318530718,0.));
#6417 = VECTOR('',#6418,1.);
#6418 = DIRECTION('',(-0.,-1.));
#6419 = ( GEOMETRIC_REPRESENTATION_CONTEXT(2) 
PARAMETRIC_REPRESENTATION_CONTEXT() REPRESENTATION_CONTEXT('2D SPACE',''
  ) );
#6420 = ORIENTED_EDGE('',*,*,#6421,.F.);
#6421 = EDGE_CURVE('',#6399,#6399,#6422,.T.);
#6422 = SURFACE_CURVE('',#6423,(#6428,#6435),.PCURVE_S1.);
#6423 = CIRCLE('',#6424,6.5);
#6424 = AXIS2_PLACEMENT_3D('',#6425,#6426,#6427);
#6425 = CARTESIAN_POINT('',(46.5,84.5,12.65));
#6426 = DIRECTION('',(0.,0.,1.));
#6427 = DIRECTION('',(1.,0.,0.));
#6428 = PCURVE('',#6374,#6429);
#6429 = DEFINITIONAL_REPRESENTATION('',(#6430),#6434);
#6430 = LINE('',#6431,#6432);
#6431 = CARTESIAN_POINT('',(6.28318530718,-12.65));
#6432 = VECTOR('',#6433,1.);
#6433 = DIRECTION('',(-1.,0.));
#6434 = ( GEOMETRIC_REPRESENTATION_CONTEXT(2) 
PARAMETRIC_REPRESENTATION_CONTEXT() REPRESENTATION_CONTEXT('2D SPACE',''
  ) );
#6435 = PCURVE('',#6436,#6441);
#6436 = CONICAL_SURFACE('',#6437,6.5,0.785398163397);
#6437 = AXIS2_PLACEMENT_3D('',#6438,#6439,#6440);
#6438 = CARTESIAN_POINT('',(46.5,84.5,12.65));
#6439 = DIRECTION('',(-0.,-0.,-1.));
#6440 = DIRECTION('',(1.,0.,0.));
#6441 = DEFINITIONAL_REPRESENTATION('',(#6442),#6446);
#6442 = LINE('',#6443,#6444);
#6443 = CARTESIAN_POINT('',(6.28318530718,0.));
#6444 = VECTOR('',#6445,1.);
#6445 = DIRECTION('',(-1.,0.));
#6446 = ( GEOMETRIC_REPRESENTATION_CONTEXT(2) 
PARAMETRIC_REPRESENTATION_CONTEXT() REPRESENTATION_CONTEXT('2D SPACE',''
  ) );
#6447 = ORIENTED_EDGE('',*,*,#6398,.F.);
#6448 = ADVANCED_FACE('',(#6449),#6386,.T.);
#6449 = FACE_BOUND('',#6450,.T.);
#6450 = EDGE_LOOP('',(#6451,#6480,#6501,#6502));
#6451 = ORIENTED_EDGE('',*,*,#6452,.T.);
#6452 = EDGE_CURVE('',#6453,#6453,#6455,.T.);
#6453 = VERTEX_POINT('',#6454);
#6454 = CARTESIAN_POINT('',(52.65,84.5,7.771561172376E-16));
#6455 = SURFACE_CURVE('',#6456,(#6461,#6468),.PCURVE_S1.);
#6456 = CIRCLE('',#6457,6.15);
#6457 = AXIS2_PLACEMENT_3D('',#6458,#6459,#6460);
#6458 = CARTESIAN_POINT('',(46.5,84.5,7.771561172376E-16));
#6459 = DIRECTION('',(0.,0.,1.));
#6460 = DIRECTION('',(1.,0.,0.));
#6461 = PCURVE('',#6386,#6462);
#6462 = DEFINITIONAL_REPRESENTATION('',(#6463),#6467);
#6463 = LINE('',#6464,#6465);
#6464 = CARTESIAN_POINT('',(0.,-0.35));
#6465 = VECTOR('',#6466,1.);
#6466 = DIRECTION('',(1.,-0.));
#6467 = ( GEOMETRIC_REPRESENTATION_CONTEXT(2) 
PARAMETRIC_REPRESENTATION_CONTEXT() REPRESENTATION_CONTEXT('2D SPACE',''
  ) );
#6468 = PCURVE('',#6469,#6474);
#6469 = PLANE('',#6470);
#6470 = AXIS2_PLACEMENT_3D('',#6471,#6472,#6473);
#6471 = CARTESIAN_POINT('',(46.5,84.5,7.771561172376E-16));
#6472 = DIRECTION('',(0.,0.,1.));
#6473 = DIRECTION('',(1.,0.,0.));
#6474 = DEFINITIONAL_REPRESENTATION('',(#6475),#6479);
#6475 = CIRCLE('',#6476,6.15);
#6476 = AXIS2_PLACEMENT_2D('',#6477,#6478);
#6477 = CARTESIAN_POINT('',(0.,0.));
#6478 = DIRECTION('',(1.,0.));
#6479 = ( GEOMETRIC_REPRESENTATION_CONTEXT(2) 
PARAMETRIC_REPRESENTATION_CONTEXT() REPRESENTATION_CONTEXT('2D SPACE',''
  ) );
#6480 = ORIENTED_EDGE('',*,*,#6481,.F.);
#6481 = EDGE_CURVE('',#6365,#6453,#6482,.T.);
#6482 = SEAM_CURVE('',#6483,(#6487,#6494),.PCURVE_S1.);
#6483 = LINE('',#6484,#6485);
#6484 = CARTESIAN_POINT('',(53.,84.5,0.35));
#6485 = VECTOR('',#6486,1.);
#6486 = DIRECTION('',(-0.707106781187,-0.,-0.707106781187));
#6487 = PCURVE('',#6386,#6488);
#6488 = DEFINITIONAL_REPRESENTATION('',(#6489),#6493);
#6489 = LINE('',#6490,#6491);
#6490 = CARTESIAN_POINT('',(6.28318530718,0.));
#6491 = VECTOR('',#6492,1.);
#6492 = DIRECTION('',(0.,-1.));
#6493 = ( GEOMETRIC_REPRESENTATION_CONTEXT(2) 
PARAMETRIC_REPRESENTATION_CONTEXT() REPRESENTATION_CONTEXT('2D SPACE',''
  ) );
#6494 = PCURVE('',#6386,#6495);
#6495 = DEFINITIONAL_REPRESENTATION('',(#6496),#6500);
#6496 = LINE('',#6497,#6498);
#6497 = CARTESIAN_POINT('',(4.138911435803E-13,0.));
#6498 = VECTOR('',#6499,1.);
#6499 = DIRECTION('',(0.,-1.));
#6500 = ( GEOMETRIC_REPRESENTATION_CONTEXT(2) 
PARAMETRIC_REPRESENTATION_CONTEXT() REPRESENTATION_CONTEXT('2D SPACE',''
  ) );
#6501 = ORIENTED_EDGE('',*,*,#6364,.F.);
#6502 = ORIENTED_EDGE('',*,*,#6481,.T.);
#6503 = ADVANCED_FACE('',(#6504),#6436,.T.);
#6504 = FACE_BOUND('',#6505,.T.);
#6505 = EDGE_LOOP('',(#6506,#6529,#6530,#6531));
#6506 = ORIENTED_EDGE('',*,*,#6507,.F.);
#6507 = EDGE_CURVE('',#6399,#6508,#6510,.T.);
#6508 = VERTEX_POINT('',#6509);
#6509 = CARTESIAN_POINT('',(52.65,84.5,13.));
#6510 = SEAM_CURVE('',#6511,(#6515,#6522),.PCURVE_S1.);
#6511 = LINE('',#6512,#6513);
#6512 = CARTESIAN_POINT('',(53.,84.5,12.65));
#6513 = VECTOR('',#6514,1.);
#6514 = DIRECTION('',(-0.707106781187,0.,0.707106781187));
#6515 = PCURVE('',#6436,#6516);
#6516 = DEFINITIONAL_REPRESENTATION('',(#6517),#6521);
#6517 = LINE('',#6518,#6519);
#6518 = CARTESIAN_POINT('',(6.28318530718,0.));
#6519 = VECTOR('',#6520,1.);
#6520 = DIRECTION('',(-0.,-1.));
#6521 = ( GEOMETRIC_REPRESENTATION_CONTEXT(2) 
PARAMETRIC_REPRESENTATION_CONTEXT() REPRESENTATION_CONTEXT('2D SPACE',''
  ) );
#6522 = PCURVE('',#6436,#6523);
#6523 = DEFINITIONAL_REPRESENTATION('',(#6524),#6528);
#6524 = LINE('',#6525,#6526);
#6525 = CARTESIAN_POINT('',(-4.138911435803E-13,0.));
#6526 = VECTOR('',#6527,1.);
#6527 = DIRECTION('',(-0.,-1.));
#6528 = ( GEOMETRIC_REPRESENTATION_CONTEXT(2) 
PARAMETRIC_REPRESENTATION_CONTEXT() REPRESENTATION_CONTEXT('2D SPACE',''
  ) );
#6529 = ORIENTED_EDGE('',*,*,#6421,.T.);
#6530 = ORIENTED_EDGE('',*,*,#6507,.T.);
#6531 = ORIENTED_EDGE('',*,*,#6532,.F.);
#6532 = EDGE_CURVE('',#6508,#6508,#6533,.T.);
#6533 = SURFACE_CURVE('',#6534,(#6539,#6546),.PCURVE_S1.);
#6534 = CIRCLE('',#6535,6.15);
#6535 = AXIS2_PLACEMENT_3D('',#6536,#6537,#6538);
#6536 = CARTESIAN_POINT('',(46.5,84.5,13.));
#6537 = DIRECTION('',(0.,0.,1.));
#6538 = DIRECTION('',(1.,0.,0.));
#6539 = PCURVE('',#6436,#6540);
#6540 = DEFINITIONAL_REPRESENTATION('',(#6541),#6545);
#6541 = LINE('',#6542,#6543);
#6542 = CARTESIAN_POINT('',(6.28318530718,-0.35));
#6543 = VECTOR('',#6544,1.);
#6544 = DIRECTION('',(-1.,0.));
#6545 = ( GEOMETRIC_REPRESENTATION_CONTEXT(2) 
PARAMETRIC_REPRESENTATION_CONTEXT() REPRESENTATION_CONTEXT('2D SPACE',''
  ) );
#6546 = PCURVE('',#6547,#6552);
#6547 = PLANE('',#6548);
#6548 = AXIS2_PLACEMENT_3D('',#6549,#6550,#6551);
#6549 = CARTESIAN_POINT('',(46.5,84.5,13.));
#6550 = DIRECTION('',(0.,0.,1.));
#6551 = DIRECTION('',(1.,0.,0.));
#6552 = DEFINITIONAL_REPRESENTATION('',(#6553),#6557);
#6553 = CIRCLE('',#6554,6.15);
#6554 = AXIS2_PLACEMENT_2D('',#6555,#6556);
#6555 = CARTESIAN_POINT('',(0.,0.));
#6556 = DIRECTION('',(1.,0.));
#6557 = ( GEOMETRIC_REPRESENTATION_CONTEXT(2) 
PARAMETRIC_REPRESENTATION_CONTEXT() REPRESENTATION_CONTEXT('2D SPACE',''
  ) );
#6558 = ADVANCED_FACE('',(#6559,#6562),#6469,.F.);
#6559 = FACE_BOUND('',#6560,.F.);
#6560 = EDGE_LOOP('',(#6561));
#6561 = ORIENTED_EDGE('',*,*,#6452,.T.);
#6562 = FACE_BOUND('',#6563,.F.);
#6563 = EDGE_LOOP('',(#6564));
#6564 = ORIENTED_EDGE('',*,*,#6565,.T.);
#6565 = EDGE_CURVE('',#6566,#6566,#6568,.T.);
#6566 = VERTEX_POINT('',#6567);
#6567 = CARTESIAN_POINT('',(50.05,84.5,7.771561172376E-16));
#6568 = SURFACE_CURVE('',#6569,(#6574,#6585),.PCURVE_S1.);
#6569 = CIRCLE('',#6570,3.55);
#6570 = AXIS2_PLACEMENT_3D('',#6571,#6572,#6573);
#6571 = CARTESIAN_POINT('',(46.5,84.5,7.771561172376E-16));
#6572 = DIRECTION('',(0.,0.,-1.));
#6573 = DIRECTION('',(1.,0.,0.));
#6574 = PCURVE('',#6469,#6575);
#6575 = DEFINITIONAL_REPRESENTATION('',(#6576),#6584);
#6576 = ( BOUNDED_CURVE() B_SPLINE_CURVE(2,(#6577,#6578,#6579,#6580,
#6581,#6582,#6583),.UNSPECIFIED.,.T.,.F.) B_SPLINE_CURVE_WITH_KNOTS((1,2
    ,2,2,2,1),(-2.094395102393,0.,2.094395102393,4.188790204786,
6.28318530718,8.377580409573),.UNSPECIFIED.) CURVE() 
GEOMETRIC_REPRESENTATION_ITEM() RATIONAL_B_SPLINE_CURVE((1.,0.5,1.,0.5,
1.,0.5,1.)) REPRESENTATION_ITEM('') );
#6577 = CARTESIAN_POINT('',(3.55,0.));
#6578 = CARTESIAN_POINT('',(3.55,-6.14878036687));
#6579 = CARTESIAN_POINT('',(-1.775,-3.074390183435));
#6580 = CARTESIAN_POINT('',(-7.1,-8.694992273946E-16));
#6581 = CARTESIAN_POINT('',(-1.775,3.074390183435));
#6582 = CARTESIAN_POINT('',(3.55,6.14878036687));
#6583 = CARTESIAN_POINT('',(3.55,0.));
#6584 = ( GEOMETRIC_REPRESENTATION_CONTEXT(2) 
PARAMETRIC_REPRESENTATION_CONTEXT() REPRESENTATION_CONTEXT('2D SPACE',''
  ) );
#6585 = PCURVE('',#6586,#6591);
#6586 = CONICAL_SURFACE('',#6587,3.2,0.785398163397);
#6587 = AXIS2_PLACEMENT_3D('',#6588,#6589,#6590);
#6588 = CARTESIAN_POINT('',(46.5,84.5,0.35));
#6589 = DIRECTION('',(-0.,-0.,-1.));
#6590 = DIRECTION('',(1.,0.,0.));
#6591 = DEFINITIONAL_REPRESENTATION('',(#6592),#6596);
#6592 = LINE('',#6593,#6594);
#6593 = CARTESIAN_POINT('',(0.,0.35));
#6594 = VECTOR('',#6595,1.);
#6595 = DIRECTION('',(1.,-0.));
#6596 = ( GEOMETRIC_REPRESENTATION_CONTEXT(2) 
PARAMETRIC_REPRESENTATION_CONTEXT() REPRESENTATION_CONTEXT('2D SPACE',''
  ) );
#6597 = ADVANCED_FACE('',(#6598,#6601),#6547,.T.);
#6598 = FACE_BOUND('',#6599,.T.);
#6599 = EDGE_LOOP('',(#6600));
#6600 = ORIENTED_EDGE('',*,*,#6532,.T.);
#6601 = FACE_BOUND('',#6602,.T.);
#6602 = EDGE_LOOP('',(#6603));
#6603 = ORIENTED_EDGE('',*,*,#6604,.T.);
#6604 = EDGE_CURVE('',#6605,#6605,#6607,.T.);
#6605 = VERTEX_POINT('',#6606);
#6606 = CARTESIAN_POINT('',(50.05,84.5,13.));
#6607 = SURFACE_CURVE('',#6608,(#6613,#6624),.PCURVE_S1.);
#6608 = CIRCLE('',#6609,3.55);
#6609 = AXIS2_PLACEMENT_3D('',#6610,#6611,#6612);
#6610 = CARTESIAN_POINT('',(46.5,84.5,13.));
#6611 = DIRECTION('',(0.,0.,-1.));
#6612 = DIRECTION('',(1.,0.,0.));
#6613 = PCURVE('',#6547,#6614);
#6614 = DEFINITIONAL_REPRESENTATION('',(#6615),#6623);
#6615 = ( BOUNDED_CURVE() B_SPLINE_CURVE(2,(#6616,#6617,#6618,#6619,
#6620,#6621,#6622),.UNSPECIFIED.,.T.,.F.) B_SPLINE_CURVE_WITH_KNOTS((1,2
    ,2,2,2,1),(-2.094395102393,0.,2.094395102393,4.188790204786,
6.28318530718,8.377580409573),.UNSPECIFIED.) CURVE() 
GEOMETRIC_REPRESENTATION_ITEM() RATIONAL_B_SPLINE_CURVE((1.,0.5,1.,0.5,
1.,0.5,1.)) REPRESENTATION_ITEM('') );
#6616 = CARTESIAN_POINT('',(3.55,0.));
#6617 = CARTESIAN_POINT('',(3.55,-6.14878036687));
#6618 = CARTESIAN_POINT('',(-1.775,-3.074390183435));
#6619 = CARTESIAN_POINT('',(-7.1,-8.694992273946E-16));
#6620 = CARTESIAN_POINT('',(-1.775,3.074390183435));
#6621 = CARTESIAN_POINT('',(3.55,6.14878036687));
#6622 = CARTESIAN_POINT('',(3.55,0.));
#6623 = ( GEOMETRIC_REPRESENTATION_CONTEXT(2) 
PARAMETRIC_REPRESENTATION_CONTEXT() REPRESENTATION_CONTEXT('2D SPACE',''
  ) );
#6624 = PCURVE('',#6625,#6630);
#6625 = CONICAL_SURFACE('',#6626,3.2,0.785398163397);
#6626 = AXIS2_PLACEMENT_3D('',#6627,#6628,#6629);
#6627 = CARTESIAN_POINT('',(46.5,84.5,12.65));
#6628 = DIRECTION('',(0.,0.,1.));
#6629 = DIRECTION('',(1.,0.,0.));
#6630 = DEFINITIONAL_REPRESENTATION('',(#6631),#6635);
#6631 = LINE('',#6632,#6633);
#6632 = CARTESIAN_POINT('',(6.28318530718,0.35));
#6633 = VECTOR('',#6634,1.);
#6634 = DIRECTION('',(-1.,0.));
#6635 = ( GEOMETRIC_REPRESENTATION_CONTEXT(2) 
PARAMETRIC_REPRESENTATION_CONTEXT() REPRESENTATION_CONTEXT('2D SPACE',''
  ) );
#6636 = ADVANCED_FACE('',(#6637),#6586,.F.);
#6637 = FACE_BOUND('',#6638,.F.);
#6638 = EDGE_LOOP('',(#6639,#6668,#6689,#6690));
#6639 = ORIENTED_EDGE('',*,*,#6640,.T.);
#6640 = EDGE_CURVE('',#6641,#6641,#6643,.T.);
#6641 = VERTEX_POINT('',#6642);
#6642 = CARTESIAN_POINT('',(49.7,84.5,0.35));
#6643 = SURFACE_CURVE('',#6644,(#6649,#6656),.PCURVE_S1.);
#6644 = CIRCLE('',#6645,3.2);
#6645 = AXIS2_PLACEMENT_3D('',#6646,#6647,#6648);
#6646 = CARTESIAN_POINT('',(46.5,84.5,0.35));
#6647 = DIRECTION('',(0.,0.,-1.));
#6648 = DIRECTION('',(1.,0.,0.));
#6649 = PCURVE('',#6586,#6650);
#6650 = DEFINITIONAL_REPRESENTATION('',(#6651),#6655);
#6651 = LINE('',#6652,#6653);
#6652 = CARTESIAN_POINT('',(0.,0.));
#6653 = VECTOR('',#6654,1.);
#6654 = DIRECTION('',(1.,-0.));
#6655 = ( GEOMETRIC_REPRESENTATION_CONTEXT(2) 
PARAMETRIC_REPRESENTATION_CONTEXT() REPRESENTATION_CONTEXT('2D SPACE',''
  ) );
#6656 = PCURVE('',#6657,#6662);
#6657 = CYLINDRICAL_SURFACE('',#6658,3.2);
#6658 = AXIS2_PLACEMENT_3D('',#6659,#6660,#6661);
#6659 = CARTESIAN_POINT('',(46.5,84.5,-5.E-02));
#6660 = DIRECTION('',(-0.,-0.,-1.));
#6661 = DIRECTION('',(1.,0.,0.));
#6662 = DEFINITIONAL_REPRESENTATION('',(#6663),#6667);
#6663 = LINE('',#6664,#6665);
#6664 = CARTESIAN_POINT('',(-4.138911435803E-13,-0.4));
#6665 = VECTOR('',#6666,1.);
#6666 = DIRECTION('',(1.,-0.));
#6667 = ( GEOMETRIC_REPRESENTATION_CONTEXT(2) 
PARAMETRIC_REPRESENTATION_CONTEXT() REPRESENTATION_CONTEXT('2D SPACE',''
  ) );
#6668 = ORIENTED_EDGE('',*,*,#6669,.F.);
#6669 = EDGE_CURVE('',#6566,#6641,#6670,.T.);
#6670 = SEAM_CURVE('',#6671,(#6675,#6682),.PCURVE_S1.);
#6671 = LINE('',#6672,#6673);
#6672 = CARTESIAN_POINT('',(49.7,84.5,0.35));
#6673 = VECTOR('',#6674,1.);
#6674 = DIRECTION('',(-0.707106781187,0.,0.707106781187));
#6675 = PCURVE('',#6586,#6676);
#6676 = DEFINITIONAL_REPRESENTATION('',(#6677),#6681);
#6677 = LINE('',#6678,#6679);
#6678 = CARTESIAN_POINT('',(6.28318530718,0.));
#6679 = VECTOR('',#6680,1.);
#6680 = DIRECTION('',(0.,-1.));
#6681 = ( GEOMETRIC_REPRESENTATION_CONTEXT(2) 
PARAMETRIC_REPRESENTATION_CONTEXT() REPRESENTATION_CONTEXT('2D SPACE',''
  ) );
#6682 = PCURVE('',#6586,#6683);
#6683 = DEFINITIONAL_REPRESENTATION('',(#6684),#6688);
#6684 = LINE('',#6685,#6686);
#6685 = CARTESIAN_POINT('',(4.138911435803E-13,0.));
#6686 = VECTOR('',#6687,1.);
#6687 = DIRECTION('',(0.,-1.));
#6688 = ( GEOMETRIC_REPRESENTATION_CONTEXT(2) 
PARAMETRIC_REPRESENTATION_CONTEXT() REPRESENTATION_CONTEXT('2D SPACE',''
  ) );
#6689 = ORIENTED_EDGE('',*,*,#6565,.F.);
#6690 = ORIENTED_EDGE('',*,*,#6669,.T.);
#6691 = ADVANCED_FACE('',(#6692),#6625,.F.);
#6692 = FACE_BOUND('',#6693,.F.);
#6693 = EDGE_LOOP('',(#6694,#6717,#6718,#6719));
#6694 = ORIENTED_EDGE('',*,*,#6695,.F.);
#6695 = EDGE_CURVE('',#6605,#6696,#6698,.T.);
#6696 = VERTEX_POINT('',#6697);
#6697 = CARTESIAN_POINT('',(49.7,84.5,12.65));
#6698 = SEAM_CURVE('',#6699,(#6703,#6710),.PCURVE_S1.);
#6699 = LINE('',#6700,#6701);
#6700 = CARTESIAN_POINT('',(49.7,84.5,12.65));
#6701 = VECTOR('',#6702,1.);
#6702 = DIRECTION('',(-0.707106781187,0.,-0.707106781187));
#6703 = PCURVE('',#6625,#6704);
#6704 = DEFINITIONAL_REPRESENTATION('',(#6705),#6709);
#6705 = LINE('',#6706,#6707);
#6706 = CARTESIAN_POINT('',(6.28318530718,0.));
#6707 = VECTOR('',#6708,1.);
#6708 = DIRECTION('',(-0.,-1.));
#6709 = ( GEOMETRIC_REPRESENTATION_CONTEXT(2) 
PARAMETRIC_REPRESENTATION_CONTEXT() REPRESENTATION_CONTEXT('2D SPACE',''
  ) );
#6710 = PCURVE('',#6625,#6711);
#6711 = DEFINITIONAL_REPRESENTATION('',(#6712),#6716);
#6712 = LINE('',#6713,#6714);
#6713 = CARTESIAN_POINT('',(-4.138911435803E-13,0.));
#6714 = VECTOR('',#6715,1.);
#6715 = DIRECTION('',(-0.,-1.));
#6716 = ( GEOMETRIC_REPRESENTATION_CONTEXT(2) 
PARAMETRIC_REPRESENTATION_CONTEXT() REPRESENTATION_CONTEXT('2D SPACE',''
  ) );
#6717 = ORIENTED_EDGE('',*,*,#6604,.T.);
#6718 = ORIENTED_EDGE('',*,*,#6695,.T.);
#6719 = ORIENTED_EDGE('',*,*,#6720,.F.);
#6720 = EDGE_CURVE('',#6696,#6696,#6721,.T.);
#6721 = SURFACE_CURVE('',#6722,(#6727,#6734),.PCURVE_S1.);
#6722 = CIRCLE('',#6723,3.2);
#6723 = AXIS2_PLACEMENT_3D('',#6724,#6725,#6726);
#6724 = CARTESIAN_POINT('',(46.5,84.5,12.65));
#6725 = DIRECTION('',(0.,0.,-1.));
#6726 = DIRECTION('',(1.,0.,0.));
#6727 = PCURVE('',#6625,#6728);
#6728 = DEFINITIONAL_REPRESENTATION('',(#6729),#6733);
#6729 = LINE('',#6730,#6731);
#6730 = CARTESIAN_POINT('',(6.28318530718,-4.440892098501E-16));
#6731 = VECTOR('',#6732,1.);
#6732 = DIRECTION('',(-1.,0.));
#6733 = ( GEOMETRIC_REPRESENTATION_CONTEXT(2) 
PARAMETRIC_REPRESENTATION_CONTEXT() REPRESENTATION_CONTEXT('2D SPACE',''
  ) );
#6734 = PCURVE('',#6735,#6740);
#6735 = CYLINDRICAL_SURFACE('',#6736,3.2);
#6736 = AXIS2_PLACEMENT_3D('',#6737,#6738,#6739);
#6737 = CARTESIAN_POINT('',(46.5,84.5,7.95));
#6738 = DIRECTION('',(-0.,-0.,-1.));
#6739 = DIRECTION('',(1.,0.,0.));
#6740 = DEFINITIONAL_REPRESENTATION('',(#6741),#6745);
#6741 = LINE('',#6742,#6743);
#6742 = CARTESIAN_POINT('',(-4.138911435803E-13,-4.7));
#6743 = VECTOR('',#6744,1.);
#6744 = DIRECTION('',(1.,-0.));
#6745 = ( GEOMETRIC_REPRESENTATION_CONTEXT(2) 
PARAMETRIC_REPRESENTATION_CONTEXT() REPRESENTATION_CONTEXT('2D SPACE',''
  ) );
#6746 = ADVANCED_FACE('',(#6747),#6657,.F.);
#6747 = FACE_BOUND('',#6748,.F.);
#6748 = EDGE_LOOP('',(#6749,#6778,#6799,#6800));
#6749 = ORIENTED_EDGE('',*,*,#6750,.F.);
#6750 = EDGE_CURVE('',#6751,#6751,#6753,.T.);
#6751 = VERTEX_POINT('',#6752);
#6752 = CARTESIAN_POINT('',(49.7,84.5,5.05));
#6753 = SURFACE_CURVE('',#6754,(#6759,#6766),.PCURVE_S1.);
#6754 = CIRCLE('',#6755,3.2);
#6755 = AXIS2_PLACEMENT_3D('',#6756,#6757,#6758);
#6756 = CARTESIAN_POINT('',(46.5,84.5,5.05));
#6757 = DIRECTION('',(0.,0.,1.));
#6758 = DIRECTION('',(1.,0.,0.));
#6759 = PCURVE('',#6657,#6760);
#6760 = DEFINITIONAL_REPRESENTATION('',(#6761),#6765);
#6761 = LINE('',#6762,#6763);
#6762 = CARTESIAN_POINT('',(6.28318530718,-5.1));
#6763 = VECTOR('',#6764,1.);
#6764 = DIRECTION('',(-1.,0.));
#6765 = ( GEOMETRIC_REPRESENTATION_CONTEXT(2) 
PARAMETRIC_REPRESENTATION_CONTEXT() REPRESENTATION_CONTEXT('2D SPACE',''
  ) );
#6766 = PCURVE('',#6767,#6772);
#6767 = PLANE('',#6768);
#6768 = AXIS2_PLACEMENT_3D('',#6769,#6770,#6771);
#6769 = CARTESIAN_POINT('',(46.5,84.5,5.05));
#6770 = DIRECTION('',(0.,0.,1.));
#6771 = DIRECTION('',(1.,0.,0.));
#6772 = DEFINITIONAL_REPRESENTATION('',(#6773),#6777);
#6773 = CIRCLE('',#6774,3.2);
#6774 = AXIS2_PLACEMENT_2D('',#6775,#6776);
#6775 = CARTESIAN_POINT('',(0.,0.));
#6776 = DIRECTION('',(1.,0.));
#6777 = ( GEOMETRIC_REPRESENTATION_CONTEXT(2) 
PARAMETRIC_REPRESENTATION_CONTEXT() REPRESENTATION_CONTEXT('2D SPACE',''
  ) );
#6778 = ORIENTED_EDGE('',*,*,#6779,.F.);
#6779 = EDGE_CURVE('',#6641,#6751,#6780,.T.);
#6780 = SEAM_CURVE('',#6781,(#6785,#6792),.PCURVE_S1.);
#6781 = LINE('',#6782,#6783);
#6782 = CARTESIAN_POINT('',(49.7,84.5,-5.E-02));
#6783 = VECTOR('',#6784,1.);
#6784 = DIRECTION('',(0.,0.,1.));
#6785 = PCURVE('',#6657,#6786);
#6786 = DEFINITIONAL_REPRESENTATION('',(#6787),#6791);
#6787 = LINE('',#6788,#6789);
#6788 = CARTESIAN_POINT('',(6.283185307179,0.));
#6789 = VECTOR('',#6790,1.);
#6790 = DIRECTION('',(-0.,-1.));
#6791 = ( GEOMETRIC_REPRESENTATION_CONTEXT(2) 
PARAMETRIC_REPRESENTATION_CONTEXT() REPRESENTATION_CONTEXT('2D SPACE',''
  ) );
#6792 = PCURVE('',#6657,#6793);
#6793 = DEFINITIONAL_REPRESENTATION('',(#6794),#6798);
#6794 = LINE('',#6795,#6796);
#6795 = CARTESIAN_POINT('',(-0.,0.));
#6796 = VECTOR('',#6797,1.);
#6797 = DIRECTION('',(-0.,-1.));
#6798 = ( GEOMETRIC_REPRESENTATION_CONTEXT(2) 
PARAMETRIC_REPRESENTATION_CONTEXT() REPRESENTATION_CONTEXT('2D SPACE',''
  ) );
#6799 = ORIENTED_EDGE('',*,*,#6640,.F.);
#6800 = ORIENTED_EDGE('',*,*,#6779,.T.);
#6801 = ADVANCED_FACE('',(#6802),#6735,.F.);
#6802 = FACE_BOUND('',#6803,.F.);
#6803 = EDGE_LOOP('',(#6804,#6805,#6828,#6855));
#6804 = ORIENTED_EDGE('',*,*,#6720,.T.);
#6805 = ORIENTED_EDGE('',*,*,#6806,.F.);
#6806 = EDGE_CURVE('',#6807,#6696,#6809,.T.);
#6807 = VERTEX_POINT('',#6808);
#6808 = CARTESIAN_POINT('',(49.7,84.5,7.95));
#6809 = SEAM_CURVE('',#6810,(#6814,#6821),.PCURVE_S1.);
#6810 = LINE('',#6811,#6812);
#6811 = CARTESIAN_POINT('',(49.7,84.5,7.95));
#6812 = VECTOR('',#6813,1.);
#6813 = DIRECTION('',(0.,0.,1.));
#6814 = PCURVE('',#6735,#6815);
#6815 = DEFINITIONAL_REPRESENTATION('',(#6816),#6820);
#6816 = LINE('',#6817,#6818);
#6817 = CARTESIAN_POINT('',(6.283185307179,0.));
#6818 = VECTOR('',#6819,1.);
#6819 = DIRECTION('',(-0.,-1.));
#6820 = ( GEOMETRIC_REPRESENTATION_CONTEXT(2) 
PARAMETRIC_REPRESENTATION_CONTEXT() REPRESENTATION_CONTEXT('2D SPACE',''
  ) );
#6821 = PCURVE('',#6735,#6822);
#6822 = DEFINITIONAL_REPRESENTATION('',(#6823),#6827);
#6823 = LINE('',#6824,#6825);
#6824 = CARTESIAN_POINT('',(-0.,0.));
#6825 = VECTOR('',#6826,1.);
#6826 = DIRECTION('',(-0.,-1.));
#6827 = ( GEOMETRIC_REPRESENTATION_CONTEXT(2) 
PARAMETRIC_REPRESENTATION_CONTEXT() REPRESENTATION_CONTEXT('2D SPACE',''
  ) );
#6828 = ORIENTED_EDGE('',*,*,#6829,.T.);
#6829 = EDGE_CURVE('',#6807,#6807,#6830,.T.);
#6830 = SURFACE_CURVE('',#6831,(#6836,#6843),.PCURVE_S1.);
#6831 = CIRCLE('',#6832,3.2);
#6832 = AXIS2_PLACEMENT_3D('',#6833,#6834,#6835);
#6833 = CARTESIAN_POINT('',(46.5,84.5,7.95));
#6834 = DIRECTION('',(0.,0.,1.));
#6835 = DIRECTION('',(1.,0.,0.));
#6836 = PCURVE('',#6735,#6837);
#6837 = DEFINITIONAL_REPRESENTATION('',(#6838),#6842);
#6838 = LINE('',#6839,#6840);
#6839 = CARTESIAN_POINT('',(6.28318530718,0.));
#6840 = VECTOR('',#6841,1.);
#6841 = DIRECTION('',(-1.,0.));
#6842 = ( GEOMETRIC_REPRESENTATION_CONTEXT(2) 
PARAMETRIC_REPRESENTATION_CONTEXT() REPRESENTATION_CONTEXT('2D SPACE',''
  ) );
#6843 = PCURVE('',#6844,#6849);
#6844 = PLANE('',#6845);
#6845 = AXIS2_PLACEMENT_3D('',#6846,#6847,#6848);
#6846 = CARTESIAN_POINT('',(46.5,84.5,7.95));
#6847 = DIRECTION('',(0.,0.,1.));
#6848 = DIRECTION('',(1.,0.,0.));
#6849 = DEFINITIONAL_REPRESENTATION('',(#6850),#6854);
#6850 = CIRCLE('',#6851,3.2);
#6851 = AXIS2_PLACEMENT_2D('',#6852,#6853);
#6852 = CARTESIAN_POINT('',(0.,0.));
#6853 = DIRECTION('',(1.,0.));
#6854 = ( GEOMETRIC_REPRESENTATION_CONTEXT(2) 
PARAMETRIC_REPRESENTATION_CONTEXT() REPRESENTATION_CONTEXT('2D SPACE',''
  ) );
#6855 = ORIENTED_EDGE('',*,*,#6806,.T.);
#6856 = ADVANCED_FACE('',(#6857),#6767,.F.);
#6857 = FACE_BOUND('',#6858,.F.);
#6858 = EDGE_LOOP('',(#6859));
#6859 = ORIENTED_EDGE('',*,*,#6750,.T.);
#6860 = ADVANCED_FACE('',(#6861),#6844,.T.);
#6861 = FACE_BOUND('',#6862,.T.);
#6862 = EDGE_LOOP('',(#6863));
#6863 = ORIENTED_EDGE('',*,*,#6829,.T.);
#6864 = ( GEOMETRIC_REPRESENTATION_CONTEXT(3) 
GLOBAL_UNCERTAINTY_ASSIGNED_CONTEXT((#6868)) 
GLOBAL_UNIT_ASSIGNED_CONTEXT((#6865,#6866,#6867)) REPRESENTATION_CONTEXT
('Context #1','3D Context with UNIT and UNCERTAINTY') );
#6865 = ( LENGTH_UNIT() NAMED_UNIT(*) SI_UNIT(.MILLI.,.METRE.) );
#6866 = ( NAMED_UNIT(*) PLANE_ANGLE_UNIT() SI_UNIT($,.RADIAN.) );
#6867 = ( NAMED_UNIT(*) SI_UNIT($,.STERADIAN.) SOLID_ANGLE_UNIT() );
#6868 = UNCERTAINTY_MEASURE_WITH_UNIT(LENGTH_MEASURE(1.E-07),#6865,
  'distance_accuracy_value','confusion accuracy');
#6869 = CONTEXT_DEPENDENT_SHAPE_REPRESENTATION(#6870,#6872);
#6870 = ( REPRESENTATION_RELATIONSHIP('','',#6357,#2102) 
REPRESENTATION_RELATIONSHIP_WITH_TRANSFORMATION(#6871) 
SHAPE_REPRESENTATION_RELATIONSHIP() );
#6871 = ITEM_DEFINED_TRANSFORMATION('','',#11,#2135);
#6872 = PRODUCT_DEFINITION_SHAPE('Placement','Placement of an item',
  #6873);
#6873 = NEXT_ASSEMBLY_USAGE_OCCURRENCE('18','','',#2097,#6352,$);
#6874 = PRODUCT_RELATED_PRODUCT_CATEGORY('part',$,(#6354));
#6875 = SHAPE_DEFINITION_REPRESENTATION(#6876,#6882);
#6876 = PRODUCT_DEFINITION_SHAPE('','',#6877);
#6877 = PRODUCT_DEFINITION('design','',#6878,#6881);
#6878 = PRODUCT_DEFINITION_FORMATION('','',#6879);
#6879 = PRODUCT('Open CASCADE STEP translator 7.8 1.11',
  'Open CASCADE STEP translator 7.8 1.11','',(#6880));
#6880 = PRODUCT_CONTEXT('',#2,'mechanical');
#6881 = PRODUCT_DEFINITION_CONTEXT('part definition',#2,'design');
#6882 = SHAPE_REPRESENTATION('',(#11,#6883),#6887);
#6883 = AXIS2_PLACEMENT_3D('',#6884,#6885,#6886);
#6884 = CARTESIAN_POINT('',(0.,0.,0.));
#6885 = DIRECTION('',(0.,0.,1.));
#6886 = DIRECTION('',(1.,0.,-0.));
#6887 = ( GEOMETRIC_REPRESENTATION_CONTEXT(3) 
GLOBAL_UNCERTAINTY_ASSIGNED_CONTEXT((#6891)) 
GLOBAL_UNIT_ASSIGNED_CONTEXT((#6888,#6889,#6890)) REPRESENTATION_CONTEXT
('Context #1','3D Context with UNIT and UNCERTAINTY') );
#6888 = ( LENGTH_UNIT() NAMED_UNIT(*) SI_UNIT(.MILLI.,.METRE.) );
#6889 = ( NAMED_UNIT(*) PLANE_ANGLE_UNIT() SI_UNIT($,.RADIAN.) );
#6890 = ( NAMED_UNIT(*) SI_UNIT($,.STERADIAN.) SOLID_ANGLE_UNIT() );
#6891 = UNCERTAINTY_MEASURE_WITH_UNIT(LENGTH_MEASURE(1.E-07),#6888,
  'distance_accuracy_value','confusion accuracy');
#6892 = CONTEXT_DEPENDENT_SHAPE_REPRESENTATION(#6893,#6895);
#6893 = ( REPRESENTATION_RELATIONSHIP('','',#6882,#10) 
REPRESENTATION_RELATIONSHIP_WITH_TRANSFORMATION(#6894) 
SHAPE_REPRESENTATION_RELATIONSHIP() );
#6894 = ITEM_DEFINED_TRANSFORMATION('','',#11,#55);
#6895 = PRODUCT_DEFINITION_SHAPE('Placement','Placement of an item',
  #6896);
#6896 = NEXT_ASSEMBLY_USAGE_OCCURRENCE('26','','',#5,#6877,$);
#6897 = PRODUCT_RELATED_PRODUCT_CATEGORY('part',$,(#6879));
#6898 = SHAPE_DEFINITION_REPRESENTATION(#6899,#6905);
#6899 = PRODUCT_DEFINITION_SHAPE('','',#6900);
#6900 = PRODUCT_DEFINITION('design','',#6901,#6904);
#6901 = PRODUCT_DEFINITION_FORMATION('','',#6902);
#6902 = PRODUCT('Open CASCADE STEP translator 7.8 1.11.1',
  'Open CASCADE STEP translator 7.8 1.11.1','',(#6903));
#6903 = PRODUCT_CONTEXT('',#2,'mechanical');
#6904 = PRODUCT_DEFINITION_CONTEXT('part definition',#2,'design');
#6905 = SHAPE_REPRESENTATION('',(#11,#6906,#6910,#6914,#6918),#6922);
#6906 = AXIS2_PLACEMENT_3D('',#6907,#6908,#6909);
#6907 = CARTESIAN_POINT('',(0.,0.,0.));
#6908 = DIRECTION('',(0.,0.,1.));
#6909 = DIRECTION('',(1.,0.,0.));
#6910 = AXIS2_PLACEMENT_3D('',#6911,#6912,#6913);
#6911 = CARTESIAN_POINT('',(0.,0.,0.));
#6912 = DIRECTION('',(0.,0.,1.));
#6913 = DIRECTION('',(1.,0.,0.));
#6914 = AXIS2_PLACEMENT_3D('',#6915,#6916,#6917);
#6915 = CARTESIAN_POINT('',(0.,0.,0.));
#6916 = DIRECTION('',(0.,0.,1.));
#6917 = DIRECTION('',(1.,0.,0.));
#6918 = AXIS2_PLACEMENT_3D('',#6919,#6920,#6921);
#6919 = CARTESIAN_POINT('',(0.,0.,0.));
#6920 = DIRECTION('',(0.,0.,1.));
#6921 = DIRECTION('',(1.,0.,0.));
#6922 = ( GEOMETRIC_REPRESENTATION_CONTEXT(3) 
GLOBAL_UNCERTAINTY_ASSIGNED_CONTEXT((#6926)) 
GLOBAL_UNIT_ASSIGNED_CONTEXT((#6923,#6924,#6925)) REPRESENTATION_CONTEXT
('Context #1','3D Context with UNIT and UNCERTAINTY') );
#6923 = ( LENGTH_UNIT() NAMED_UNIT(*) SI_UNIT(.MILLI.,.METRE.) );
#6924 = ( NAMED_UNIT(*) PLANE_ANGLE_UNIT() SI_UNIT($,.RADIAN.) );
#6925 = ( NAMED_UNIT(*) SI_UNIT($,.STERADIAN.) SOLID_ANGLE_UNIT() );
#6926 = UNCERTAINTY_MEASURE_WITH_UNIT(LENGTH_MEASURE(1.E-07),#6923,
  'distance_accuracy_value','confusion accuracy');
#6927 = CONTEXT_DEPENDENT_SHAPE_REPRESENTATION(#6928,#6930);
#6928 = ( REPRESENTATION_RELATIONSHIP('','',#6905,#6882) 
REPRESENTATION_RELATIONSHIP_WITH_TRANSFORMATION(#6929) 
SHAPE_REPRESENTATION_RELATIONSHIP() );
#6929 = ITEM_DEFINED_TRANSFORMATION('','',#11,#6883);
#6930 = PRODUCT_DEFINITION_SHAPE('Placement','Placement of an item',
  #6931);
#6931 = NEXT_ASSEMBLY_USAGE_OCCURRENCE('25','','',#6877,#6900,$);
#6932 = PRODUCT_RELATED_PRODUCT_CATEGORY('part',$,(#6902));
#6933 = SHAPE_DEFINITION_REPRESENTATION(#6934,#6940);
#6934 = PRODUCT_DEFINITION_SHAPE('','',#6935);
#6935 = PRODUCT_DEFINITION('design','',#6936,#6939);
#6936 = PRODUCT_DEFINITION_FORMATION('','',#6937);
#6937 = PRODUCT('Open CASCADE STEP translator 7.8 1.11.1.1',
  'Open CASCADE STEP translator 7.8 1.11.1.1','',(#6938));
#6938 = PRODUCT_CONTEXT('',#2,'mechanical');
#6939 = PRODUCT_DEFINITION_CONTEXT('part definition',#2,'design');
#6940 = ADVANCED_BREP_SHAPE_REPRESENTATION('',(#11,#6941),#7239);
#6941 = MANIFOLD_SOLID_BREP('',#6942);
#6942 = CLOSED_SHELL('',(#6943,#7031,#7086,#7121,#7125,#7180,#7235));
#6943 = ADVANCED_FACE('',(#6944),#6957,.T.);
#6944 = FACE_BOUND('',#6945,.T.);
#6945 = EDGE_LOOP('',(#6946,#6980,#7003,#7030));
#6946 = ORIENTED_EDGE('',*,*,#6947,.T.);
#6947 = EDGE_CURVE('',#6948,#6948,#6950,.T.);
#6948 = VERTEX_POINT('',#6949);
#6949 = CARTESIAN_POINT('',(68.9,42.9,20.));
#6950 = SURFACE_CURVE('',#6951,(#6956,#6968),.PCURVE_S1.);
#6951 = CIRCLE('',#6952,3.);
#6952 = AXIS2_PLACEMENT_3D('',#6953,#6954,#6955);
#6953 = CARTESIAN_POINT('',(65.9,42.9,20.));
#6954 = DIRECTION('',(0.,0.,1.));
#6955 = DIRECTION('',(1.,0.,0.));
#6956 = PCURVE('',#6957,#6962);
#6957 = CYLINDRICAL_SURFACE('',#6958,3.);
#6958 = AXIS2_PLACEMENT_3D('',#6959,#6960,#6961);
#6959 = CARTESIAN_POINT('',(65.9,42.9,20.));
#6960 = DIRECTION('',(-0.,-0.,-1.));
#6961 = DIRECTION('',(1.,0.,0.));
#6962 = DEFINITIONAL_REPRESENTATION('',(#6963),#6967);
#6963 = LINE('',#6964,#6965);
#6964 = CARTESIAN_POINT('',(6.28318530718,0.));
#6965 = VECTOR('',#6966,1.);
#6966 = DIRECTION('',(-1.,0.));
#6967 = ( GEOMETRIC_REPRESENTATION_CONTEXT(2) 
PARAMETRIC_REPRESENTATION_CONTEXT() REPRESENTATION_CONTEXT('2D SPACE',''
  ) );
#6968 = PCURVE('',#6969,#6974);
#6969 = PLANE('',#6970);
#6970 = AXIS2_PLACEMENT_3D('',#6971,#6972,#6973);
#6971 = CARTESIAN_POINT('',(65.9,42.9,20.));
#6972 = DIRECTION('',(0.,0.,1.));
#6973 = DIRECTION('',(1.,0.,0.));
#6974 = DEFINITIONAL_REPRESENTATION('',(#6975),#6979);
#6975 = CIRCLE('',#6976,3.);
#6976 = AXIS2_PLACEMENT_2D('',#6977,#6978);
#6977 = CARTESIAN_POINT('',(0.,0.));
#6978 = DIRECTION('',(1.,0.));
#6979 = ( GEOMETRIC_REPRESENTATION_CONTEXT(2) 
PARAMETRIC_REPRESENTATION_CONTEXT() REPRESENTATION_CONTEXT('2D SPACE',''
  ) );
#6980 = ORIENTED_EDGE('',*,*,#6981,.T.);
#6981 = EDGE_CURVE('',#6948,#6982,#6984,.T.);
#6982 = VERTEX_POINT('',#6983);
#6983 = CARTESIAN_POINT('',(68.9,42.9,69.65));
#6984 = SEAM_CURVE('',#6985,(#6989,#6996),.PCURVE_S1.);
#6985 = LINE('',#6986,#6987);
#6986 = CARTESIAN_POINT('',(68.9,42.9,20.));
#6987 = VECTOR('',#6988,1.);
#6988 = DIRECTION('',(0.,0.,1.));
#6989 = PCURVE('',#6957,#6990);
#6990 = DEFINITIONAL_REPRESENTATION('',(#6991),#6995);
#6991 = LINE('',#6992,#6993);
#6992 = CARTESIAN_POINT('',(-4.138911435803E-13,0.));
#6993 = VECTOR('',#6994,1.);
#6994 = DIRECTION('',(-0.,-1.));
#6995 = ( GEOMETRIC_REPRESENTATION_CONTEXT(2) 
PARAMETRIC_REPRESENTATION_CONTEXT() REPRESENTATION_CONTEXT('2D SPACE',''
  ) );
#6996 = PCURVE('',#6957,#6997);
#6997 = DEFINITIONAL_REPRESENTATION('',(#6998),#7002);
#6998 = LINE('',#6999,#7000);
#6999 = CARTESIAN_POINT('',(6.28318530718,0.));
#7000 = VECTOR('',#7001,1.);
#7001 = DIRECTION('',(-0.,-1.));
#7002 = ( GEOMETRIC_REPRESENTATION_CONTEXT(2) 
PARAMETRIC_REPRESENTATION_CONTEXT() REPRESENTATION_CONTEXT('2D SPACE',''
  ) );
#7003 = ORIENTED_EDGE('',*,*,#7004,.F.);
#7004 = EDGE_CURVE('',#6982,#6982,#7005,.T.);
#7005 = SURFACE_CURVE('',#7006,(#7011,#7018),.PCURVE_S1.);
#7006 = CIRCLE('',#7007,3.);
#7007 = AXIS2_PLACEMENT_3D('',#7008,#7009,#7010);
#7008 = CARTESIAN_POINT('',(65.9,42.9,69.65));
#7009 = DIRECTION('',(0.,0.,1.));
#7010 = DIRECTION('',(1.,0.,0.));
#7011 = PCURVE('',#6957,#7012);
#7012 = DEFINITIONAL_REPRESENTATION('',(#7013),#7017);
#7013 = LINE('',#7014,#7015);
#7014 = CARTESIAN_POINT('',(6.28318530718,-49.65));
#7015 = VECTOR('',#7016,1.);
#7016 = DIRECTION('',(-1.,0.));
#7017 = ( GEOMETRIC_REPRESENTATION_CONTEXT(2) 
PARAMETRIC_REPRESENTATION_CONTEXT() REPRESENTATION_CONTEXT('2D SPACE',''
  ) );
#7018 = PCURVE('',#7019,#7024);
#7019 = CONICAL_SURFACE('',#7020,3.,0.785398163397);
#7020 = AXIS2_PLACEMENT_3D('',#7021,#7022,#7023);
#7021 = CARTESIAN_POINT('',(65.9,42.9,69.65));
#7022 = DIRECTION('',(-0.,-0.,-1.));
#7023 = DIRECTION('',(1.,0.,0.));
#7024 = DEFINITIONAL_REPRESENTATION('',(#7025),#7029);
#7025 = LINE('',#7026,#7027);
#7026 = CARTESIAN_POINT('',(6.28318530718,0.));
#7027 = VECTOR('',#7028,1.);
#7028 = DIRECTION('',(-1.,0.));
#7029 = ( GEOMETRIC_REPRESENTATION_CONTEXT(2) 
PARAMETRIC_REPRESENTATION_CONTEXT() REPRESENTATION_CONTEXT('2D SPACE',''
  ) );
#7030 = ORIENTED_EDGE('',*,*,#6981,.F.);
#7031 = ADVANCED_FACE('',(#7032),#7019,.T.);
#7032 = FACE_BOUND('',#7033,.T.);
#7033 = EDGE_LOOP('',(#7034,#7057,#7058,#7059));
#7034 = ORIENTED_EDGE('',*,*,#7035,.F.);
#7035 = EDGE_CURVE('',#6982,#7036,#7038,.T.);
#7036 = VERTEX_POINT('',#7037);
#7037 = CARTESIAN_POINT('',(68.55,42.9,70.));
#7038 = SEAM_CURVE('',#7039,(#7043,#7050),.PCURVE_S1.);
#7039 = LINE('',#7040,#7041);
#7040 = CARTESIAN_POINT('',(68.9,42.9,69.65));
#7041 = VECTOR('',#7042,1.);
#7042 = DIRECTION('',(-0.707106781187,0.,0.707106781187));
#7043 = PCURVE('',#7019,#7044);
#7044 = DEFINITIONAL_REPRESENTATION('',(#7045),#7049);
#7045 = LINE('',#7046,#7047);
#7046 = CARTESIAN_POINT('',(6.28318530718,0.));
#7047 = VECTOR('',#7048,1.);
#7048 = DIRECTION('',(-0.,-1.));
#7049 = ( GEOMETRIC_REPRESENTATION_CONTEXT(2) 
PARAMETRIC_REPRESENTATION_CONTEXT() REPRESENTATION_CONTEXT('2D SPACE',''
  ) );
#7050 = PCURVE('',#7019,#7051);
#7051 = DEFINITIONAL_REPRESENTATION('',(#7052),#7056);
#7052 = LINE('',#7053,#7054);
#7053 = CARTESIAN_POINT('',(-4.138911435803E-13,0.));
#7054 = VECTOR('',#7055,1.);
#7055 = DIRECTION('',(-0.,-1.));
#7056 = ( GEOMETRIC_REPRESENTATION_CONTEXT(2) 
PARAMETRIC_REPRESENTATION_CONTEXT() REPRESENTATION_CONTEXT('2D SPACE',''
  ) );
#7057 = ORIENTED_EDGE('',*,*,#7004,.T.);
#7058 = ORIENTED_EDGE('',*,*,#7035,.T.);
#7059 = ORIENTED_EDGE('',*,*,#7060,.F.);
#7060 = EDGE_CURVE('',#7036,#7036,#7061,.T.);
#7061 = SURFACE_CURVE('',#7062,(#7067,#7074),.PCURVE_S1.);
#7062 = CIRCLE('',#7063,2.65);
#7063 = AXIS2_PLACEMENT_3D('',#7064,#7065,#7066);
#7064 = CARTESIAN_POINT('',(65.9,42.9,70.));
#7065 = DIRECTION('',(0.,0.,1.));
#7066 = DIRECTION('',(1.,0.,0.));
#7067 = PCURVE('',#7019,#7068);
#7068 = DEFINITIONAL_REPRESENTATION('',(#7069),#7073);
#7069 = LINE('',#7070,#7071);
#7070 = CARTESIAN_POINT('',(6.28318530718,-0.35));
#7071 = VECTOR('',#7072,1.);
#7072 = DIRECTION('',(-1.,0.));
#7073 = ( GEOMETRIC_REPRESENTATION_CONTEXT(2) 
PARAMETRIC_REPRESENTATION_CONTEXT() REPRESENTATION_CONTEXT('2D SPACE',''
  ) );
#7074 = PCURVE('',#7075,#7080);
#7075 = PLANE('',#7076);
#7076 = AXIS2_PLACEMENT_3D('',#7077,#7078,#7079);
#7077 = CARTESIAN_POINT('',(65.9,42.9,70.));
#7078 = DIRECTION('',(0.,0.,1.));
#7079 = DIRECTION('',(1.,0.,0.));
#7080 = DEFINITIONAL_REPRESENTATION('',(#7081),#7085);
#7081 = CIRCLE('',#7082,2.65);
#7082 = AXIS2_PLACEMENT_2D('',#7083,#7084);
#7083 = CARTESIAN_POINT('',(0.,0.));
#7084 = DIRECTION('',(1.,0.));
#7085 = ( GEOMETRIC_REPRESENTATION_CONTEXT(2) 
PARAMETRIC_REPRESENTATION_CONTEXT() REPRESENTATION_CONTEXT('2D SPACE',''
  ) );
#7086 = ADVANCED_FACE('',(#7087,#7118),#6969,.T.);
#7087 = FACE_BOUND('',#7088,.T.);
#7088 = EDGE_LOOP('',(#7089));
#7089 = ORIENTED_EDGE('',*,*,#7090,.T.);
#7090 = EDGE_CURVE('',#7091,#7091,#7093,.T.);
#7091 = VERTEX_POINT('',#7092);
#7092 = CARTESIAN_POINT('',(70.8,42.9,20.));
#7093 = SURFACE_CURVE('',#7094,(#7099,#7106),.PCURVE_S1.);
#7094 = CIRCLE('',#7095,4.9);
#7095 = AXIS2_PLACEMENT_3D('',#7096,#7097,#7098);
#7096 = CARTESIAN_POINT('',(65.9,42.9,20.));
#7097 = DIRECTION('',(0.,0.,1.));
#7098 = DIRECTION('',(1.,0.,0.));
#7099 = PCURVE('',#6969,#7100);
#7100 = DEFINITIONAL_REPRESENTATION('',(#7101),#7105);
#7101 = CIRCLE('',#7102,4.9);
#7102 = AXIS2_PLACEMENT_2D('',#7103,#7104);
#7103 = CARTESIAN_POINT('',(0.,0.));
#7104 = DIRECTION('',(1.,0.));
#7105 = ( GEOMETRIC_REPRESENTATION_CONTEXT(2) 
PARAMETRIC_REPRESENTATION_CONTEXT() REPRESENTATION_CONTEXT('2D SPACE',''
  ) );
#7106 = PCURVE('',#7107,#7112);
#7107 = CYLINDRICAL_SURFACE('',#7108,4.9);
#7108 = AXIS2_PLACEMENT_3D('',#7109,#7110,#7111);
#7109 = CARTESIAN_POINT('',(65.9,42.9,3.330669073875E-16));
#7110 = DIRECTION('',(-0.,-0.,-1.));
#7111 = DIRECTION('',(1.,0.,0.));
#7112 = DEFINITIONAL_REPRESENTATION('',(#7113),#7117);
#7113 = LINE('',#7114,#7115);
#7114 = CARTESIAN_POINT('',(6.28318530718,-20.));
#7115 = VECTOR('',#7116,1.);
#7116 = DIRECTION('',(-1.,0.));
#7117 = ( GEOMETRIC_REPRESENTATION_CONTEXT(2) 
PARAMETRIC_REPRESENTATION_CONTEXT() REPRESENTATION_CONTEXT('2D SPACE',''
  ) );
#7118 = FACE_BOUND('',#7119,.T.);
#7119 = EDGE_LOOP('',(#7120));
#7120 = ORIENTED_EDGE('',*,*,#6947,.F.);
#7121 = ADVANCED_FACE('',(#7122),#7075,.T.);
#7122 = FACE_BOUND('',#7123,.T.);
#7123 = EDGE_LOOP('',(#7124));
#7124 = ORIENTED_EDGE('',*,*,#7060,.T.);
#7125 = ADVANCED_FACE('',(#7126),#7107,.T.);
#7126 = FACE_BOUND('',#7127,.T.);
#7127 = EDGE_LOOP('',(#7128,#7157,#7178,#7179));
#7128 = ORIENTED_EDGE('',*,*,#7129,.T.);
#7129 = EDGE_CURVE('',#7130,#7130,#7132,.T.);
#7130 = VERTEX_POINT('',#7131);
#7131 = CARTESIAN_POINT('',(70.8,42.9,0.35));
#7132 = SURFACE_CURVE('',#7133,(#7138,#7145),.PCURVE_S1.);
#7133 = CIRCLE('',#7134,4.9);
#7134 = AXIS2_PLACEMENT_3D('',#7135,#7136,#7137);
#7135 = CARTESIAN_POINT('',(65.9,42.9,0.35));
#7136 = DIRECTION('',(0.,0.,1.));
#7137 = DIRECTION('',(1.,0.,0.));
#7138 = PCURVE('',#7107,#7139);
#7139 = DEFINITIONAL_REPRESENTATION('',(#7140),#7144);
#7140 = LINE('',#7141,#7142);
#7141 = CARTESIAN_POINT('',(6.28318530718,-0.35));
#7142 = VECTOR('',#7143,1.);
#7143 = DIRECTION('',(-1.,0.));
#7144 = ( GEOMETRIC_REPRESENTATION_CONTEXT(2) 
PARAMETRIC_REPRESENTATION_CONTEXT() REPRESENTATION_CONTEXT('2D SPACE',''
  ) );
#7145 = PCURVE('',#7146,#7151);
#7146 = CONICAL_SURFACE('',#7147,4.9,0.785398163397);
#7147 = AXIS2_PLACEMENT_3D('',#7148,#7149,#7150);
#7148 = CARTESIAN_POINT('',(65.9,42.9,0.35));
#7149 = DIRECTION('',(0.,0.,1.));
#7150 = DIRECTION('',(1.,0.,0.));
#7151 = DEFINITIONAL_REPRESENTATION('',(#7152),#7156);
#7152 = LINE('',#7153,#7154);
#7153 = CARTESIAN_POINT('',(0.,0.));
#7154 = VECTOR('',#7155,1.);
#7155 = DIRECTION('',(1.,-0.));
#7156 = ( GEOMETRIC_REPRESENTATION_CONTEXT(2) 
PARAMETRIC_REPRESENTATION_CONTEXT() REPRESENTATION_CONTEXT('2D SPACE',''
  ) );
#7157 = ORIENTED_EDGE('',*,*,#7158,.T.);
#7158 = EDGE_CURVE('',#7130,#7091,#7159,.T.);
#7159 = SEAM_CURVE('',#7160,(#7164,#7171),.PCURVE_S1.);
#7160 = LINE('',#7161,#7162);
#7161 = CARTESIAN_POINT('',(70.8,42.9,3.330669073875E-16));
#7162 = VECTOR('',#7163,1.);
#7163 = DIRECTION('',(0.,0.,1.));
#7164 = PCURVE('',#7107,#7165);
#7165 = DEFINITIONAL_REPRESENTATION('',(#7166),#7170);
#7166 = LINE('',#7167,#7168);
#7167 = CARTESIAN_POINT('',(-4.138911435803E-13,0.));
#7168 = VECTOR('',#7169,1.);
#7169 = DIRECTION('',(-0.,-1.));
#7170 = ( GEOMETRIC_REPRESENTATION_CONTEXT(2) 
PARAMETRIC_REPRESENTATION_CONTEXT() REPRESENTATION_CONTEXT('2D SPACE',''
  ) );
#7171 = PCURVE('',#7107,#7172);
#7172 = DEFINITIONAL_REPRESENTATION('',(#7173),#7177);
#7173 = LINE('',#7174,#7175);
#7174 = CARTESIAN_POINT('',(6.28318530718,0.));
#7175 = VECTOR('',#7176,1.);
#7176 = DIRECTION('',(-0.,-1.));
#7177 = ( GEOMETRIC_REPRESENTATION_CONTEXT(2) 
PARAMETRIC_REPRESENTATION_CONTEXT() REPRESENTATION_CONTEXT('2D SPACE',''
  ) );
#7178 = ORIENTED_EDGE('',*,*,#7090,.F.);
#7179 = ORIENTED_EDGE('',*,*,#7158,.F.);
#7180 = ADVANCED_FACE('',(#7181),#7146,.T.);
#7181 = FACE_BOUND('',#7182,.T.);
#7182 = EDGE_LOOP('',(#7183,#7212,#7233,#7234));
#7183 = ORIENTED_EDGE('',*,*,#7184,.T.);
#7184 = EDGE_CURVE('',#7185,#7185,#7187,.T.);
#7185 = VERTEX_POINT('',#7186);
#7186 = CARTESIAN_POINT('',(70.45,42.9,3.330669073875E-16));
#7187 = SURFACE_CURVE('',#7188,(#7193,#7200),.PCURVE_S1.);
#7188 = CIRCLE('',#7189,4.55);
#7189 = AXIS2_PLACEMENT_3D('',#7190,#7191,#7192);
#7190 = CARTESIAN_POINT('',(65.9,42.9,3.330669073875E-16));
#7191 = DIRECTION('',(0.,0.,1.));
#7192 = DIRECTION('',(1.,0.,0.));
#7193 = PCURVE('',#7146,#7194);
#7194 = DEFINITIONAL_REPRESENTATION('',(#7195),#7199);
#7195 = LINE('',#7196,#7197);
#7196 = CARTESIAN_POINT('',(0.,-0.35));
#7197 = VECTOR('',#7198,1.);
#7198 = DIRECTION('',(1.,-0.));
#7199 = ( GEOMETRIC_REPRESENTATION_CONTEXT(2) 
PARAMETRIC_REPRESENTATION_CONTEXT() REPRESENTATION_CONTEXT('2D SPACE',''
  ) );
#7200 = PCURVE('',#7201,#7206);
#7201 = PLANE('',#7202);
#7202 = AXIS2_PLACEMENT_3D('',#7203,#7204,#7205);
#7203 = CARTESIAN_POINT('',(65.9,42.9,3.330669073875E-16));
#7204 = DIRECTION('',(0.,0.,1.));
#7205 = DIRECTION('',(1.,0.,0.));
#7206 = DEFINITIONAL_REPRESENTATION('',(#7207),#7211);
#7207 = CIRCLE('',#7208,4.55);
#7208 = AXIS2_PLACEMENT_2D('',#7209,#7210);
#7209 = CARTESIAN_POINT('',(0.,0.));
#7210 = DIRECTION('',(1.,0.));
#7211 = ( GEOMETRIC_REPRESENTATION_CONTEXT(2) 
PARAMETRIC_REPRESENTATION_CONTEXT() REPRESENTATION_CONTEXT('2D SPACE',''
  ) );
#7212 = ORIENTED_EDGE('',*,*,#7213,.F.);
#7213 = EDGE_CURVE('',#7130,#7185,#7214,.T.);
#7214 = SEAM_CURVE('',#7215,(#7219,#7226),.PCURVE_S1.);
#7215 = LINE('',#7216,#7217);
#7216 = CARTESIAN_POINT('',(70.8,42.9,0.35));
#7217 = VECTOR('',#7218,1.);
#7218 = DIRECTION('',(-0.707106781187,-0.,-0.707106781187));
#7219 = PCURVE('',#7146,#7220);
#7220 = DEFINITIONAL_REPRESENTATION('',(#7221),#7225);
#7221 = LINE('',#7222,#7223);
#7222 = CARTESIAN_POINT('',(6.28318530718,0.));
#7223 = VECTOR('',#7224,1.);
#7224 = DIRECTION('',(0.,-1.));
#7225 = ( GEOMETRIC_REPRESENTATION_CONTEXT(2) 
PARAMETRIC_REPRESENTATION_CONTEXT() REPRESENTATION_CONTEXT('2D SPACE',''
  ) );
#7226 = PCURVE('',#7146,#7227);
#7227 = DEFINITIONAL_REPRESENTATION('',(#7228),#7232);
#7228 = LINE('',#7229,#7230);
#7229 = CARTESIAN_POINT('',(4.138911435803E-13,0.));
#7230 = VECTOR('',#7231,1.);
#7231 = DIRECTION('',(0.,-1.));
#7232 = ( GEOMETRIC_REPRESENTATION_CONTEXT(2) 
PARAMETRIC_REPRESENTATION_CONTEXT() REPRESENTATION_CONTEXT('2D SPACE',''
  ) );
#7233 = ORIENTED_EDGE('',*,*,#7129,.F.);
#7234 = ORIENTED_EDGE('',*,*,#7213,.T.);
#7235 = ADVANCED_FACE('',(#7236),#7201,.F.);
#7236 = FACE_BOUND('',#7237,.F.);
#7237 = EDGE_LOOP('',(#7238));
#7238 = ORIENTED_EDGE('',*,*,#7184,.T.);
#7239 = ( GEOMETRIC_REPRESENTATION_CONTEXT(3) 
GLOBAL_UNCERTAINTY_ASSIGNED_CONTEXT((#7243)) 
GLOBAL_UNIT_ASSIGNED_CONTEXT((#7240,#7241,#7242)) REPRESENTATION_CONTEXT
('Context #1','3D Context with UNIT and UNCERTAINTY') );
#7240 = ( LENGTH_UNIT() NAMED_UNIT(*) SI_UNIT(.MILLI.,.METRE.) );
#7241 = ( NAMED_UNIT(*) PLANE_ANGLE_UNIT() SI_UNIT($,.RADIAN.) );
#7242 = ( NAMED_UNIT(*) SI_UNIT($,.STERADIAN.) SOLID_ANGLE_UNIT() );
#7243 = UNCERTAINTY_MEASURE_WITH_UNIT(LENGTH_MEASURE(1.E-07),#7240,
  'distance_accuracy_value','confusion accuracy');
#7244 = CONTEXT_DEPENDENT_SHAPE_REPRESENTATION(#7245,#7247);
#7245 = ( REPRESENTATION_RELATIONSHIP('','',#6940,#6905) 
REPRESENTATION_RELATIONSHIP_WITH_TRANSFORMATION(#7246) 
SHAPE_REPRESENTATION_RELATIONSHIP() );
#7246 = ITEM_DEFINED_TRANSFORMATION('','',#11,#6906);
#7247 = PRODUCT_DEFINITION_SHAPE('Placement','Placement of an item',
  #7248);
#7248 = NEXT_ASSEMBLY_USAGE_OCCURRENCE('21','','',#6900,#6935,$);
#7249 = PRODUCT_RELATED_PRODUCT_CATEGORY('part',$,(#6937));
#7250 = SHAPE_DEFINITION_REPRESENTATION(#7251,#7257);
#7251 = PRODUCT_DEFINITION_SHAPE('','',#7252);
#7252 = PRODUCT_DEFINITION('design','',#7253,#7256);
#7253 = PRODUCT_DEFINITION_FORMATION('','',#7254);
#7254 = PRODUCT('Open CASCADE STEP translator 7.8 1.11.1.2',
  'Open CASCADE STEP translator 7.8 1.11.1.2','',(#7255));
#7255 = PRODUCT_CONTEXT('',#2,'mechanical');
#7256 = PRODUCT_DEFINITION_CONTEXT('part definition',#2,'design');
#7257 = ADVANCED_BREP_SHAPE_REPRESENTATION('',(#11,#7258),#7556);
#7258 = MANIFOLD_SOLID_BREP('',#7259);
#7259 = CLOSED_SHELL('',(#7260,#7348,#7403,#7438,#7442,#7497,#7552));
#7260 = ADVANCED_FACE('',(#7261),#7274,.T.);
#7261 = FACE_BOUND('',#7262,.T.);
#7262 = EDGE_LOOP('',(#7263,#7297,#7320,#7347));
#7263 = ORIENTED_EDGE('',*,*,#7264,.T.);
#7264 = EDGE_CURVE('',#7265,#7265,#7267,.T.);
#7265 = VERTEX_POINT('',#7266);
#7266 = CARTESIAN_POINT('',(92.9,42.9,20.));
#7267 = SURFACE_CURVE('',#7268,(#7273,#7285),.PCURVE_S1.);
#7268 = CIRCLE('',#7269,3.);
#7269 = AXIS2_PLACEMENT_3D('',#7270,#7271,#7272);
#7270 = CARTESIAN_POINT('',(89.9,42.9,20.));
#7271 = DIRECTION('',(0.,0.,1.));
#7272 = DIRECTION('',(1.,0.,0.));
#7273 = PCURVE('',#7274,#7279);
#7274 = CYLINDRICAL_SURFACE('',#7275,3.);
#7275 = AXIS2_PLACEMENT_3D('',#7276,#7277,#7278);
#7276 = CARTESIAN_POINT('',(89.9,42.9,20.));
#7277 = DIRECTION('',(-0.,-0.,-1.));
#7278 = DIRECTION('',(1.,0.,0.));
#7279 = DEFINITIONAL_REPRESENTATION('',(#7280),#7284);
#7280 = LINE('',#7281,#7282);
#7281 = CARTESIAN_POINT('',(6.28318530718,0.));
#7282 = VECTOR('',#7283,1.);
#7283 = DIRECTION('',(-1.,0.));
#7284 = ( GEOMETRIC_REPRESENTATION_CONTEXT(2) 
PARAMETRIC_REPRESENTATION_CONTEXT() REPRESENTATION_CONTEXT('2D SPACE',''
  ) );
#7285 = PCURVE('',#7286,#7291);
#7286 = PLANE('',#7287);
#7287 = AXIS2_PLACEMENT_3D('',#7288,#7289,#7290);
#7288 = CARTESIAN_POINT('',(89.9,42.9,20.));
#7289 = DIRECTION('',(0.,0.,1.));
#7290 = DIRECTION('',(1.,0.,0.));
#7291 = DEFINITIONAL_REPRESENTATION('',(#7292),#7296);
#7292 = CIRCLE('',#7293,3.);
#7293 = AXIS2_PLACEMENT_2D('',#7294,#7295);
#7294 = CARTESIAN_POINT('',(0.,0.));
#7295 = DIRECTION('',(1.,0.));
#7296 = ( GEOMETRIC_REPRESENTATION_CONTEXT(2) 
PARAMETRIC_REPRESENTATION_CONTEXT() REPRESENTATION_CONTEXT('2D SPACE',''
  ) );
#7297 = ORIENTED_EDGE('',*,*,#7298,.T.);
#7298 = EDGE_CURVE('',#7265,#7299,#7301,.T.);
#7299 = VERTEX_POINT('',#7300);
#7300 = CARTESIAN_POINT('',(92.9,42.9,69.65));
#7301 = SEAM_CURVE('',#7302,(#7306,#7313),.PCURVE_S1.);
#7302 = LINE('',#7303,#7304);
#7303 = CARTESIAN_POINT('',(92.9,42.9,20.));
#7304 = VECTOR('',#7305,1.);
#7305 = DIRECTION('',(0.,0.,1.));
#7306 = PCURVE('',#7274,#7307);
#7307 = DEFINITIONAL_REPRESENTATION('',(#7308),#7312);
#7308 = LINE('',#7309,#7310);
#7309 = CARTESIAN_POINT('',(-4.138911435803E-13,0.));
#7310 = VECTOR('',#7311,1.);
#7311 = DIRECTION('',(-0.,-1.));
#7312 = ( GEOMETRIC_REPRESENTATION_CONTEXT(2) 
PARAMETRIC_REPRESENTATION_CONTEXT() REPRESENTATION_CONTEXT('2D SPACE',''
  ) );
#7313 = PCURVE('',#7274,#7314);
#7314 = DEFINITIONAL_REPRESENTATION('',(#7315),#7319);
#7315 = LINE('',#7316,#7317);
#7316 = CARTESIAN_POINT('',(6.28318530718,0.));
#7317 = VECTOR('',#7318,1.);
#7318 = DIRECTION('',(-0.,-1.));
#7319 = ( GEOMETRIC_REPRESENTATION_CONTEXT(2) 
PARAMETRIC_REPRESENTATION_CONTEXT() REPRESENTATION_CONTEXT('2D SPACE',''
  ) );
#7320 = ORIENTED_EDGE('',*,*,#7321,.F.);
#7321 = EDGE_CURVE('',#7299,#7299,#7322,.T.);
#7322 = SURFACE_CURVE('',#7323,(#7328,#7335),.PCURVE_S1.);
#7323 = CIRCLE('',#7324,3.);
#7324 = AXIS2_PLACEMENT_3D('',#7325,#7326,#7327);
#7325 = CARTESIAN_POINT('',(89.9,42.9,69.65));
#7326 = DIRECTION('',(0.,0.,1.));
#7327 = DIRECTION('',(1.,0.,0.));
#7328 = PCURVE('',#7274,#7329);
#7329 = DEFINITIONAL_REPRESENTATION('',(#7330),#7334);
#7330 = LINE('',#7331,#7332);
#7331 = CARTESIAN_POINT('',(6.28318530718,-49.65));
#7332 = VECTOR('',#7333,1.);
#7333 = DIRECTION('',(-1.,0.));
#7334 = ( GEOMETRIC_REPRESENTATION_CONTEXT(2) 
PARAMETRIC_REPRESENTATION_CONTEXT() REPRESENTATION_CONTEXT('2D SPACE',''
  ) );
#7335 = PCURVE('',#7336,#7341);
#7336 = CONICAL_SURFACE('',#7337,3.,0.785398163397);
#7337 = AXIS2_PLACEMENT_3D('',#7338,#7339,#7340);
#7338 = CARTESIAN_POINT('',(89.9,42.9,69.65));
#7339 = DIRECTION('',(-0.,-0.,-1.));
#7340 = DIRECTION('',(1.,0.,0.));
#7341 = DEFINITIONAL_REPRESENTATION('',(#7342),#7346);
#7342 = LINE('',#7343,#7344);
#7343 = CARTESIAN_POINT('',(6.28318530718,0.));
#7344 = VECTOR('',#7345,1.);
#7345 = DIRECTION('',(-1.,0.));
#7346 = ( GEOMETRIC_REPRESENTATION_CONTEXT(2) 
PARAMETRIC_REPRESENTATION_CONTEXT() REPRESENTATION_CONTEXT('2D SPACE',''
  ) );
#7347 = ORIENTED_EDGE('',*,*,#7298,.F.);
#7348 = ADVANCED_FACE('',(#7349),#7336,.T.);
#7349 = FACE_BOUND('',#7350,.T.);
#7350 = EDGE_LOOP('',(#7351,#7374,#7375,#7376));
#7351 = ORIENTED_EDGE('',*,*,#7352,.F.);
#7352 = EDGE_CURVE('',#7299,#7353,#7355,.T.);
#7353 = VERTEX_POINT('',#7354);
#7354 = CARTESIAN_POINT('',(92.55,42.9,70.));
#7355 = SEAM_CURVE('',#7356,(#7360,#7367),.PCURVE_S1.);
#7356 = LINE('',#7357,#7358);
#7357 = CARTESIAN_POINT('',(92.9,42.9,69.65));
#7358 = VECTOR('',#7359,1.);
#7359 = DIRECTION('',(-0.707106781187,0.,0.707106781187));
#7360 = PCURVE('',#7336,#7361);
#7361 = DEFINITIONAL_REPRESENTATION('',(#7362),#7366);
#7362 = LINE('',#7363,#7364);
#7363 = CARTESIAN_POINT('',(6.28318530718,0.));
#7364 = VECTOR('',#7365,1.);
#7365 = DIRECTION('',(-0.,-1.));
#7366 = ( GEOMETRIC_REPRESENTATION_CONTEXT(2) 
PARAMETRIC_REPRESENTATION_CONTEXT() REPRESENTATION_CONTEXT('2D SPACE',''
  ) );
#7367 = PCURVE('',#7336,#7368);
#7368 = DEFINITIONAL_REPRESENTATION('',(#7369),#7373);
#7369 = LINE('',#7370,#7371);
#7370 = CARTESIAN_POINT('',(-4.138911435803E-13,0.));
#7371 = VECTOR('',#7372,1.);
#7372 = DIRECTION('',(-0.,-1.));
#7373 = ( GEOMETRIC_REPRESENTATION_CONTEXT(2) 
PARAMETRIC_REPRESENTATION_CONTEXT() REPRESENTATION_CONTEXT('2D SPACE',''
  ) );
#7374 = ORIENTED_EDGE('',*,*,#7321,.T.);
#7375 = ORIENTED_EDGE('',*,*,#7352,.T.);
#7376 = ORIENTED_EDGE('',*,*,#7377,.F.);
#7377 = EDGE_CURVE('',#7353,#7353,#7378,.T.);
#7378 = SURFACE_CURVE('',#7379,(#7384,#7391),.PCURVE_S1.);
#7379 = CIRCLE('',#7380,2.65);
#7380 = AXIS2_PLACEMENT_3D('',#7381,#7382,#7383);
#7381 = CARTESIAN_POINT('',(89.9,42.9,70.));
#7382 = DIRECTION('',(0.,0.,1.));
#7383 = DIRECTION('',(1.,0.,0.));
#7384 = PCURVE('',#7336,#7385);
#7385 = DEFINITIONAL_REPRESENTATION('',(#7386),#7390);
#7386 = LINE('',#7387,#7388);
#7387 = CARTESIAN_POINT('',(6.28318530718,-0.35));
#7388 = VECTOR('',#7389,1.);
#7389 = DIRECTION('',(-1.,0.));
#7390 = ( GEOMETRIC_REPRESENTATION_CONTEXT(2) 
PARAMETRIC_REPRESENTATION_CONTEXT() REPRESENTATION_CONTEXT('2D SPACE',''
  ) );
#7391 = PCURVE('',#7392,#7397);
#7392 = PLANE('',#7393);
#7393 = AXIS2_PLACEMENT_3D('',#7394,#7395,#7396);
#7394 = CARTESIAN_POINT('',(89.9,42.9,70.));
#7395 = DIRECTION('',(0.,0.,1.));
#7396 = DIRECTION('',(1.,0.,0.));
#7397 = DEFINITIONAL_REPRESENTATION('',(#7398),#7402);
#7398 = CIRCLE('',#7399,2.65);
#7399 = AXIS2_PLACEMENT_2D('',#7400,#7401);
#7400 = CARTESIAN_POINT('',(0.,0.));
#7401 = DIRECTION('',(1.,0.));
#7402 = ( GEOMETRIC_REPRESENTATION_CONTEXT(2) 
PARAMETRIC_REPRESENTATION_CONTEXT() REPRESENTATION_CONTEXT('2D SPACE',''
  ) );
#7403 = ADVANCED_FACE('',(#7404,#7435),#7286,.T.);
#7404 = FACE_BOUND('',#7405,.T.);
#7405 = EDGE_LOOP('',(#7406));
#7406 = ORIENTED_EDGE('',*,*,#7407,.T.);
#7407 = EDGE_CURVE('',#7408,#7408,#7410,.T.);
#7408 = VERTEX_POINT('',#7409);
#7409 = CARTESIAN_POINT('',(94.8,42.9,20.));
#7410 = SURFACE_CURVE('',#7411,(#7416,#7423),.PCURVE_S1.);
#7411 = CIRCLE('',#7412,4.9);
#7412 = AXIS2_PLACEMENT_3D('',#7413,#7414,#7415);
#7413 = CARTESIAN_POINT('',(89.9,42.9,20.));
#7414 = DIRECTION('',(0.,0.,1.));
#7415 = DIRECTION('',(1.,0.,0.));
#7416 = PCURVE('',#7286,#7417);
#7417 = DEFINITIONAL_REPRESENTATION('',(#7418),#7422);
#7418 = CIRCLE('',#7419,4.9);
#7419 = AXIS2_PLACEMENT_2D('',#7420,#7421);
#7420 = CARTESIAN_POINT('',(0.,0.));
#7421 = DIRECTION('',(1.,0.));
#7422 = ( GEOMETRIC_REPRESENTATION_CONTEXT(2) 
PARAMETRIC_REPRESENTATION_CONTEXT() REPRESENTATION_CONTEXT('2D SPACE',''
  ) );
#7423 = PCURVE('',#7424,#7429);
#7424 = CYLINDRICAL_SURFACE('',#7425,4.9);
#7425 = AXIS2_PLACEMENT_3D('',#7426,#7427,#7428);
#7426 = CARTESIAN_POINT('',(89.9,42.9,3.330669073875E-16));
#7427 = DIRECTION('',(-0.,-0.,-1.));
#7428 = DIRECTION('',(1.,0.,0.));
#7429 = DEFINITIONAL_REPRESENTATION('',(#7430),#7434);
#7430 = LINE('',#7431,#7432);
#7431 = CARTESIAN_POINT('',(6.28318530718,-20.));
#7432 = VECTOR('',#7433,1.);
#7433 = DIRECTION('',(-1.,0.));
#7434 = ( GEOMETRIC_REPRESENTATION_CONTEXT(2) 
PARAMETRIC_REPRESENTATION_CONTEXT() REPRESENTATION_CONTEXT('2D SPACE',''
  ) );
#7435 = FACE_BOUND('',#7436,.T.);
#7436 = EDGE_LOOP('',(#7437));
#7437 = ORIENTED_EDGE('',*,*,#7264,.F.);
#7438 = ADVANCED_FACE('',(#7439),#7392,.T.);
#7439 = FACE_BOUND('',#7440,.T.);
#7440 = EDGE_LOOP('',(#7441));
#7441 = ORIENTED_EDGE('',*,*,#7377,.T.);
#7442 = ADVANCED_FACE('',(#7443),#7424,.T.);
#7443 = FACE_BOUND('',#7444,.T.);
#7444 = EDGE_LOOP('',(#7445,#7474,#7495,#7496));
#7445 = ORIENTED_EDGE('',*,*,#7446,.T.);
#7446 = EDGE_CURVE('',#7447,#7447,#7449,.T.);
#7447 = VERTEX_POINT('',#7448);
#7448 = CARTESIAN_POINT('',(94.8,42.9,0.35));
#7449 = SURFACE_CURVE('',#7450,(#7455,#7462),.PCURVE_S1.);
#7450 = CIRCLE('',#7451,4.9);
#7451 = AXIS2_PLACEMENT_3D('',#7452,#7453,#7454);
#7452 = CARTESIAN_POINT('',(89.9,42.9,0.35));
#7453 = DIRECTION('',(0.,0.,1.));
#7454 = DIRECTION('',(1.,0.,0.));
#7455 = PCURVE('',#7424,#7456);
#7456 = DEFINITIONAL_REPRESENTATION('',(#7457),#7461);
#7457 = LINE('',#7458,#7459);
#7458 = CARTESIAN_POINT('',(6.28318530718,-0.35));
#7459 = VECTOR('',#7460,1.);
#7460 = DIRECTION('',(-1.,0.));
#7461 = ( GEOMETRIC_REPRESENTATION_CONTEXT(2) 
PARAMETRIC_REPRESENTATION_CONTEXT() REPRESENTATION_CONTEXT('2D SPACE',''
  ) );
#7462 = PCURVE('',#7463,#7468);
#7463 = CONICAL_SURFACE('',#7464,4.9,0.785398163397);
#7464 = AXIS2_PLACEMENT_3D('',#7465,#7466,#7467);
#7465 = CARTESIAN_POINT('',(89.9,42.9,0.35));
#7466 = DIRECTION('',(0.,0.,1.));
#7467 = DIRECTION('',(1.,0.,0.));
#7468 = DEFINITIONAL_REPRESENTATION('',(#7469),#7473);
#7469 = LINE('',#7470,#7471);
#7470 = CARTESIAN_POINT('',(0.,0.));
#7471 = VECTOR('',#7472,1.);
#7472 = DIRECTION('',(1.,-0.));
#7473 = ( GEOMETRIC_REPRESENTATION_CONTEXT(2) 
PARAMETRIC_REPRESENTATION_CONTEXT() REPRESENTATION_CONTEXT('2D SPACE',''
  ) );
#7474 = ORIENTED_EDGE('',*,*,#7475,.T.);
#7475 = EDGE_CURVE('',#7447,#7408,#7476,.T.);
#7476 = SEAM_CURVE('',#7477,(#7481,#7488),.PCURVE_S1.);
#7477 = LINE('',#7478,#7479);
#7478 = CARTESIAN_POINT('',(94.8,42.9,3.330669073875E-16));
#7479 = VECTOR('',#7480,1.);
#7480 = DIRECTION('',(0.,0.,1.));
#7481 = PCURVE('',#7424,#7482);
#7482 = DEFINITIONAL_REPRESENTATION('',(#7483),#7487);
#7483 = LINE('',#7484,#7485);
#7484 = CARTESIAN_POINT('',(-4.138911435803E-13,0.));
#7485 = VECTOR('',#7486,1.);
#7486 = DIRECTION('',(-0.,-1.));
#7487 = ( GEOMETRIC_REPRESENTATION_CONTEXT(2) 
PARAMETRIC_REPRESENTATION_CONTEXT() REPRESENTATION_CONTEXT('2D SPACE',''
  ) );
#7488 = PCURVE('',#7424,#7489);
#7489 = DEFINITIONAL_REPRESENTATION('',(#7490),#7494);
#7490 = LINE('',#7491,#7492);
#7491 = CARTESIAN_POINT('',(6.28318530718,0.));
#7492 = VECTOR('',#7493,1.);
#7493 = DIRECTION('',(-0.,-1.));
#7494 = ( GEOMETRIC_REPRESENTATION_CONTEXT(2) 
PARAMETRIC_REPRESENTATION_CONTEXT() REPRESENTATION_CONTEXT('2D SPACE',''
  ) );
#7495 = ORIENTED_EDGE('',*,*,#7407,.F.);
#7496 = ORIENTED_EDGE('',*,*,#7475,.F.);
#7497 = ADVANCED_FACE('',(#7498),#7463,.T.);
#7498 = FACE_BOUND('',#7499,.T.);
#7499 = EDGE_LOOP('',(#7500,#7529,#7550,#7551));
#7500 = ORIENTED_EDGE('',*,*,#7501,.T.);
#7501 = EDGE_CURVE('',#7502,#7502,#7504,.T.);
#7502 = VERTEX_POINT('',#7503);
#7503 = CARTESIAN_POINT('',(94.45,42.9,3.330669073875E-16));
#7504 = SURFACE_CURVE('',#7505,(#7510,#7517),.PCURVE_S1.);
#7505 = CIRCLE('',#7506,4.55);
#7506 = AXIS2_PLACEMENT_3D('',#7507,#7508,#7509);
#7507 = CARTESIAN_POINT('',(89.9,42.9,3.330669073875E-16));
#7508 = DIRECTION('',(0.,0.,1.));
#7509 = DIRECTION('',(1.,0.,0.));
#7510 = PCURVE('',#7463,#7511);
#7511 = DEFINITIONAL_REPRESENTATION('',(#7512),#7516);
#7512 = LINE('',#7513,#7514);
#7513 = CARTESIAN_POINT('',(0.,-0.35));
#7514 = VECTOR('',#7515,1.);
#7515 = DIRECTION('',(1.,-0.));
#7516 = ( GEOMETRIC_REPRESENTATION_CONTEXT(2) 
PARAMETRIC_REPRESENTATION_CONTEXT() REPRESENTATION_CONTEXT('2D SPACE',''
  ) );
#7517 = PCURVE('',#7518,#7523);
#7518 = PLANE('',#7519);
#7519 = AXIS2_PLACEMENT_3D('',#7520,#7521,#7522);
#7520 = CARTESIAN_POINT('',(89.9,42.9,3.330669073875E-16));
#7521 = DIRECTION('',(0.,0.,1.));
#7522 = DIRECTION('',(1.,0.,0.));
#7523 = DEFINITIONAL_REPRESENTATION('',(#7524),#7528);
#7524 = CIRCLE('',#7525,4.55);
#7525 = AXIS2_PLACEMENT_2D('',#7526,#7527);
#7526 = CARTESIAN_POINT('',(0.,0.));
#7527 = DIRECTION('',(1.,0.));
#7528 = ( GEOMETRIC_REPRESENTATION_CONTEXT(2) 
PARAMETRIC_REPRESENTATION_CONTEXT() REPRESENTATION_CONTEXT('2D SPACE',''
  ) );
#7529 = ORIENTED_EDGE('',*,*,#7530,.F.);
#7530 = EDGE_CURVE('',#7447,#7502,#7531,.T.);
#7531 = SEAM_CURVE('',#7532,(#7536,#7543),.PCURVE_S1.);
#7532 = LINE('',#7533,#7534);
#7533 = CARTESIAN_POINT('',(94.8,42.9,0.35));
#7534 = VECTOR('',#7535,1.);
#7535 = DIRECTION('',(-0.707106781187,-0.,-0.707106781187));
#7536 = PCURVE('',#7463,#7537);
#7537 = DEFINITIONAL_REPRESENTATION('',(#7538),#7542);
#7538 = LINE('',#7539,#7540);
#7539 = CARTESIAN_POINT('',(6.28318530718,0.));
#7540 = VECTOR('',#7541,1.);
#7541 = DIRECTION('',(0.,-1.));
#7542 = ( GEOMETRIC_REPRESENTATION_CONTEXT(2) 
PARAMETRIC_REPRESENTATION_CONTEXT() REPRESENTATION_CONTEXT('2D SPACE',''
  ) );
#7543 = PCURVE('',#7463,#7544);
#7544 = DEFINITIONAL_REPRESENTATION('',(#7545),#7549);
#7545 = LINE('',#7546,#7547);
#7546 = CARTESIAN_POINT('',(4.138911435803E-13,0.));
#7547 = VECTOR('',#7548,1.);
#7548 = DIRECTION('',(0.,-1.));
#7549 = ( GEOMETRIC_REPRESENTATION_CONTEXT(2) 
PARAMETRIC_REPRESENTATION_CONTEXT() REPRESENTATION_CONTEXT('2D SPACE',''
  ) );
#7550 = ORIENTED_EDGE('',*,*,#7446,.F.);
#7551 = ORIENTED_EDGE('',*,*,#7530,.T.);
#7552 = ADVANCED_FACE('',(#7553),#7518,.F.);
#7553 = FACE_BOUND('',#7554,.F.);
#7554 = EDGE_LOOP('',(#7555));
#7555 = ORIENTED_EDGE('',*,*,#7501,.T.);
#7556 = ( GEOMETRIC_REPRESENTATION_CONTEXT(3) 
GLOBAL_UNCERTAINTY_ASSIGNED_CONTEXT((#7560)) 
GLOBAL_UNIT_ASSIGNED_CONTEXT((#7557,#7558,#7559)) REPRESENTATION_CONTEXT
('Context #1','3D Context with UNIT and UNCERTAINTY') );
#7557 = ( LENGTH_UNIT() NAMED_UNIT(*) SI_UNIT(.MILLI.,.METRE.) );
#7558 = ( NAMED_UNIT(*) PLANE_ANGLE_UNIT() SI_UNIT($,.RADIAN.) );
#7559 = ( NAMED_UNIT(*) SI_UNIT($,.STERADIAN.) SOLID_ANGLE_UNIT() );
#7560 = UNCERTAINTY_MEASURE_WITH_UNIT(LENGTH_MEASURE(1.E-07),#7557,
  'distance_accuracy_value','confusion accuracy');
#7561 = CONTEXT_DEPENDENT_SHAPE_REPRESENTATION(#7562,#7564);
#7562 = ( REPRESENTATION_RELATIONSHIP('','',#7257,#6905) 
REPRESENTATION_RELATIONSHIP_WITH_TRANSFORMATION(#7563) 
SHAPE_REPRESENTATION_RELATIONSHIP() );
#7563 = ITEM_DEFINED_TRANSFORMATION('','',#11,#6910);
#7564 = PRODUCT_DEFINITION_SHAPE('Placement','Placement of an item',
  #7565);
#7565 = NEXT_ASSEMBLY_USAGE_OCCURRENCE('22','','',#6900,#7252,$);
#7566 = PRODUCT_RELATED_PRODUCT_CATEGORY('part',$,(#7254));
#7567 = SHAPE_DEFINITION_REPRESENTATION(#7568,#7574);
#7568 = PRODUCT_DEFINITION_SHAPE('','',#7569);
#7569 = PRODUCT_DEFINITION('design','',#7570,#7573);
#7570 = PRODUCT_DEFINITION_FORMATION('','',#7571);
#7571 = PRODUCT('Open CASCADE STEP translator 7.8 1.11.1.3',
  'Open CASCADE STEP translator 7.8 1.11.1.3','',(#7572));
#7572 = PRODUCT_CONTEXT('',#2,'mechanical');
#7573 = PRODUCT_DEFINITION_CONTEXT('part definition',#2,'design');
#7574 = ADVANCED_BREP_SHAPE_REPRESENTATION('',(#11,#7575),#7873);
#7575 = MANIFOLD_SOLID_BREP('',#7576);
#7576 = CLOSED_SHELL('',(#7577,#7665,#7720,#7755,#7759,#7814,#7869));
#7577 = ADVANCED_FACE('',(#7578),#7591,.T.);
#7578 = FACE_BOUND('',#7579,.T.);
#7579 = EDGE_LOOP('',(#7580,#7614,#7637,#7664));
#7580 = ORIENTED_EDGE('',*,*,#7581,.T.);
#7581 = EDGE_CURVE('',#7582,#7582,#7584,.T.);
#7582 = VERTEX_POINT('',#7583);
#7583 = CARTESIAN_POINT('',(68.9,66.9,20.));
#7584 = SURFACE_CURVE('',#7585,(#7590,#7602),.PCURVE_S1.);
#7585 = CIRCLE('',#7586,3.);
#7586 = AXIS2_PLACEMENT_3D('',#7587,#7588,#7589);
#7587 = CARTESIAN_POINT('',(65.9,66.9,20.));
#7588 = DIRECTION('',(0.,0.,1.));
#7589 = DIRECTION('',(1.,0.,0.));
#7590 = PCURVE('',#7591,#7596);
#7591 = CYLINDRICAL_SURFACE('',#7592,3.);
#7592 = AXIS2_PLACEMENT_3D('',#7593,#7594,#7595);
#7593 = CARTESIAN_POINT('',(65.9,66.9,20.));
#7594 = DIRECTION('',(-0.,-0.,-1.));
#7595 = DIRECTION('',(1.,0.,0.));
#7596 = DEFINITIONAL_REPRESENTATION('',(#7597),#7601);
#7597 = LINE('',#7598,#7599);
#7598 = CARTESIAN_POINT('',(6.28318530718,0.));
#7599 = VECTOR('',#7600,1.);
#7600 = DIRECTION('',(-1.,0.));
#7601 = ( GEOMETRIC_REPRESENTATION_CONTEXT(2) 
PARAMETRIC_REPRESENTATION_CONTEXT() REPRESENTATION_CONTEXT('2D SPACE',''
  ) );
#7602 = PCURVE('',#7603,#7608);
#7603 = PLANE('',#7604);
#7604 = AXIS2_PLACEMENT_3D('',#7605,#7606,#7607);
#7605 = CARTESIAN_POINT('',(65.9,66.9,20.));
#7606 = DIRECTION('',(0.,0.,1.));
#7607 = DIRECTION('',(1.,0.,0.));
#7608 = DEFINITIONAL_REPRESENTATION('',(#7609),#7613);
#7609 = CIRCLE('',#7610,3.);
#7610 = AXIS2_PLACEMENT_2D('',#7611,#7612);
#7611 = CARTESIAN_POINT('',(0.,0.));
#7612 = DIRECTION('',(1.,0.));
#7613 = ( GEOMETRIC_REPRESENTATION_CONTEXT(2) 
PARAMETRIC_REPRESENTATION_CONTEXT() REPRESENTATION_CONTEXT('2D SPACE',''
  ) );
#7614 = ORIENTED_EDGE('',*,*,#7615,.T.);
#7615 = EDGE_CURVE('',#7582,#7616,#7618,.T.);
#7616 = VERTEX_POINT('',#7617);
#7617 = CARTESIAN_POINT('',(68.9,66.9,69.65));
#7618 = SEAM_CURVE('',#7619,(#7623,#7630),.PCURVE_S1.);
#7619 = LINE('',#7620,#7621);
#7620 = CARTESIAN_POINT('',(68.9,66.9,20.));
#7621 = VECTOR('',#7622,1.);
#7622 = DIRECTION('',(0.,0.,1.));
#7623 = PCURVE('',#7591,#7624);
#7624 = DEFINITIONAL_REPRESENTATION('',(#7625),#7629);
#7625 = LINE('',#7626,#7627);
#7626 = CARTESIAN_POINT('',(-4.138911435803E-13,0.));
#7627 = VECTOR('',#7628,1.);
#7628 = DIRECTION('',(-0.,-1.));
#7629 = ( GEOMETRIC_REPRESENTATION_CONTEXT(2) 
PARAMETRIC_REPRESENTATION_CONTEXT() REPRESENTATION_CONTEXT('2D SPACE',''
  ) );
#7630 = PCURVE('',#7591,#7631);
#7631 = DEFINITIONAL_REPRESENTATION('',(#7632),#7636);
#7632 = LINE('',#7633,#7634);
#7633 = CARTESIAN_POINT('',(6.28318530718,0.));
#7634 = VECTOR('',#7635,1.);
#7635 = DIRECTION('',(-0.,-1.));
#7636 = ( GEOMETRIC_REPRESENTATION_CONTEXT(2) 
PARAMETRIC_REPRESENTATION_CONTEXT() REPRESENTATION_CONTEXT('2D SPACE',''
  ) );
#7637 = ORIENTED_EDGE('',*,*,#7638,.F.);
#7638 = EDGE_CURVE('',#7616,#7616,#7639,.T.);
#7639 = SURFACE_CURVE('',#7640,(#7645,#7652),.PCURVE_S1.);
#7640 = CIRCLE('',#7641,3.);
#7641 = AXIS2_PLACEMENT_3D('',#7642,#7643,#7644);
#7642 = CARTESIAN_POINT('',(65.9,66.9,69.65));
#7643 = DIRECTION('',(0.,0.,1.));
#7644 = DIRECTION('',(1.,0.,0.));
#7645 = PCURVE('',#7591,#7646);
#7646 = DEFINITIONAL_REPRESENTATION('',(#7647),#7651);
#7647 = LINE('',#7648,#7649);
#7648 = CARTESIAN_POINT('',(6.28318530718,-49.65));
#7649 = VECTOR('',#7650,1.);
#7650 = DIRECTION('',(-1.,0.));
#7651 = ( GEOMETRIC_REPRESENTATION_CONTEXT(2) 
PARAMETRIC_REPRESENTATION_CONTEXT() REPRESENTATION_CONTEXT('2D SPACE',''
  ) );
#7652 = PCURVE('',#7653,#7658);
#7653 = CONICAL_SURFACE('',#7654,3.,0.785398163397);
#7654 = AXIS2_PLACEMENT_3D('',#7655,#7656,#7657);
#7655 = CARTESIAN_POINT('',(65.9,66.9,69.65));
#7656 = DIRECTION('',(-0.,-0.,-1.));
#7657 = DIRECTION('',(1.,0.,0.));
#7658 = DEFINITIONAL_REPRESENTATION('',(#7659),#7663);
#7659 = LINE('',#7660,#7661);
#7660 = CARTESIAN_POINT('',(6.28318530718,0.));
#7661 = VECTOR('',#7662,1.);
#7662 = DIRECTION('',(-1.,0.));
#7663 = ( GEOMETRIC_REPRESENTATION_CONTEXT(2) 
PARAMETRIC_REPRESENTATION_CONTEXT() REPRESENTATION_CONTEXT('2D SPACE',''
  ) );
#7664 = ORIENTED_EDGE('',*,*,#7615,.F.);
#7665 = ADVANCED_FACE('',(#7666),#7653,.T.);
#7666 = FACE_BOUND('',#7667,.T.);
#7667 = EDGE_LOOP('',(#7668,#7691,#7692,#7693));
#7668 = ORIENTED_EDGE('',*,*,#7669,.F.);
#7669 = EDGE_CURVE('',#7616,#7670,#7672,.T.);
#7670 = VERTEX_POINT('',#7671);
#7671 = CARTESIAN_POINT('',(68.55,66.9,70.));
#7672 = SEAM_CURVE('',#7673,(#7677,#7684),.PCURVE_S1.);
#7673 = LINE('',#7674,#7675);
#7674 = CARTESIAN_POINT('',(68.9,66.9,69.65));
#7675 = VECTOR('',#7676,1.);
#7676 = DIRECTION('',(-0.707106781187,0.,0.707106781187));
#7677 = PCURVE('',#7653,#7678);
#7678 = DEFINITIONAL_REPRESENTATION('',(#7679),#7683);
#7679 = LINE('',#7680,#7681);
#7680 = CARTESIAN_POINT('',(6.28318530718,0.));
#7681 = VECTOR('',#7682,1.);
#7682 = DIRECTION('',(-0.,-1.));
#7683 = ( GEOMETRIC_REPRESENTATION_CONTEXT(2) 
PARAMETRIC_REPRESENTATION_CONTEXT() REPRESENTATION_CONTEXT('2D SPACE',''
  ) );
#7684 = PCURVE('',#7653,#7685);
#7685 = DEFINITIONAL_REPRESENTATION('',(#7686),#7690);
#7686 = LINE('',#7687,#7688);
#7687 = CARTESIAN_POINT('',(-4.138911435803E-13,0.));
#7688 = VECTOR('',#7689,1.);
#7689 = DIRECTION('',(-0.,-1.));
#7690 = ( GEOMETRIC_REPRESENTATION_CONTEXT(2) 
PARAMETRIC_REPRESENTATION_CONTEXT() REPRESENTATION_CONTEXT('2D SPACE',''
  ) );
#7691 = ORIENTED_EDGE('',*,*,#7638,.T.);
#7692 = ORIENTED_EDGE('',*,*,#7669,.T.);
#7693 = ORIENTED_EDGE('',*,*,#7694,.F.);
#7694 = EDGE_CURVE('',#7670,#7670,#7695,.T.);
#7695 = SURFACE_CURVE('',#7696,(#7701,#7708),.PCURVE_S1.);
#7696 = CIRCLE('',#7697,2.65);
#7697 = AXIS2_PLACEMENT_3D('',#7698,#7699,#7700);
#7698 = CARTESIAN_POINT('',(65.9,66.9,70.));
#7699 = DIRECTION('',(0.,0.,1.));
#7700 = DIRECTION('',(1.,0.,0.));
#7701 = PCURVE('',#7653,#7702);
#7702 = DEFINITIONAL_REPRESENTATION('',(#7703),#7707);
#7703 = LINE('',#7704,#7705);
#7704 = CARTESIAN_POINT('',(6.28318530718,-0.35));
#7705 = VECTOR('',#7706,1.);
#7706 = DIRECTION('',(-1.,0.));
#7707 = ( GEOMETRIC_REPRESENTATION_CONTEXT(2) 
PARAMETRIC_REPRESENTATION_CONTEXT() REPRESENTATION_CONTEXT('2D SPACE',''
  ) );
#7708 = PCURVE('',#7709,#7714);
#7709 = PLANE('',#7710);
#7710 = AXIS2_PLACEMENT_3D('',#7711,#7712,#7713);
#7711 = CARTESIAN_POINT('',(65.9,66.9,70.));
#7712 = DIRECTION('',(0.,0.,1.));
#7713 = DIRECTION('',(1.,0.,0.));
#7714 = DEFINITIONAL_REPRESENTATION('',(#7715),#7719);
#7715 = CIRCLE('',#7716,2.65);
#7716 = AXIS2_PLACEMENT_2D('',#7717,#7718);
#7717 = CARTESIAN_POINT('',(0.,0.));
#7718 = DIRECTION('',(1.,0.));
#7719 = ( GEOMETRIC_REPRESENTATION_CONTEXT(2) 
PARAMETRIC_REPRESENTATION_CONTEXT() REPRESENTATION_CONTEXT('2D SPACE',''
  ) );
#7720 = ADVANCED_FACE('',(#7721,#7752),#7603,.T.);
#7721 = FACE_BOUND('',#7722,.T.);
#7722 = EDGE_LOOP('',(#7723));
#7723 = ORIENTED_EDGE('',*,*,#7724,.T.);
#7724 = EDGE_CURVE('',#7725,#7725,#7727,.T.);
#7725 = VERTEX_POINT('',#7726);
#7726 = CARTESIAN_POINT('',(70.8,66.9,20.));
#7727 = SURFACE_CURVE('',#7728,(#7733,#7740),.PCURVE_S1.);
#7728 = CIRCLE('',#7729,4.9);
#7729 = AXIS2_PLACEMENT_3D('',#7730,#7731,#7732);
#7730 = CARTESIAN_POINT('',(65.9,66.9,20.));
#7731 = DIRECTION('',(0.,0.,1.));
#7732 = DIRECTION('',(1.,0.,0.));
#7733 = PCURVE('',#7603,#7734);
#7734 = DEFINITIONAL_REPRESENTATION('',(#7735),#7739);
#7735 = CIRCLE('',#7736,4.9);
#7736 = AXIS2_PLACEMENT_2D('',#7737,#7738);
#7737 = CARTESIAN_POINT('',(0.,0.));
#7738 = DIRECTION('',(1.,0.));
#7739 = ( GEOMETRIC_REPRESENTATION_CONTEXT(2) 
PARAMETRIC_REPRESENTATION_CONTEXT() REPRESENTATION_CONTEXT('2D SPACE',''
  ) );
#7740 = PCURVE('',#7741,#7746);
#7741 = CYLINDRICAL_SURFACE('',#7742,4.9);
#7742 = AXIS2_PLACEMENT_3D('',#7743,#7744,#7745);
#7743 = CARTESIAN_POINT('',(65.9,66.9,3.330669073875E-16));
#7744 = DIRECTION('',(-0.,-0.,-1.));
#7745 = DIRECTION('',(1.,0.,0.));
#7746 = DEFINITIONAL_REPRESENTATION('',(#7747),#7751);
#7747 = LINE('',#7748,#7749);
#7748 = CARTESIAN_POINT('',(6.28318530718,-20.));
#7749 = VECTOR('',#7750,1.);
#7750 = DIRECTION('',(-1.,0.));
#7751 = ( GEOMETRIC_REPRESENTATION_CONTEXT(2) 
PARAMETRIC_REPRESENTATION_CONTEXT() REPRESENTATION_CONTEXT('2D SPACE',''
  ) );
#7752 = FACE_BOUND('',#7753,.T.);
#7753 = EDGE_LOOP('',(#7754));
#7754 = ORIENTED_EDGE('',*,*,#7581,.F.);
#7755 = ADVANCED_FACE('',(#7756),#7709,.T.);
#7756 = FACE_BOUND('',#7757,.T.);
#7757 = EDGE_LOOP('',(#7758));
#7758 = ORIENTED_EDGE('',*,*,#7694,.T.);
#7759 = ADVANCED_FACE('',(#7760),#7741,.T.);
#7760 = FACE_BOUND('',#7761,.T.);
#7761 = EDGE_LOOP('',(#7762,#7791,#7812,#7813));
#7762 = ORIENTED_EDGE('',*,*,#7763,.T.);
#7763 = EDGE_CURVE('',#7764,#7764,#7766,.T.);
#7764 = VERTEX_POINT('',#7765);
#7765 = CARTESIAN_POINT('',(70.8,66.9,0.35));
#7766 = SURFACE_CURVE('',#7767,(#7772,#7779),.PCURVE_S1.);
#7767 = CIRCLE('',#7768,4.9);
#7768 = AXIS2_PLACEMENT_3D('',#7769,#7770,#7771);
#7769 = CARTESIAN_POINT('',(65.9,66.9,0.35));
#7770 = DIRECTION('',(0.,0.,1.));
#7771 = DIRECTION('',(1.,0.,0.));
#7772 = PCURVE('',#7741,#7773);
#7773 = DEFINITIONAL_REPRESENTATION('',(#7774),#7778);
#7774 = LINE('',#7775,#7776);
#7775 = CARTESIAN_POINT('',(6.28318530718,-0.35));
#7776 = VECTOR('',#7777,1.);
#7777 = DIRECTION('',(-1.,0.));
#7778 = ( GEOMETRIC_REPRESENTATION_CONTEXT(2) 
PARAMETRIC_REPRESENTATION_CONTEXT() REPRESENTATION_CONTEXT('2D SPACE',''
  ) );
#7779 = PCURVE('',#7780,#7785);
#7780 = CONICAL_SURFACE('',#7781,4.9,0.785398163397);
#7781 = AXIS2_PLACEMENT_3D('',#7782,#7783,#7784);
#7782 = CARTESIAN_POINT('',(65.9,66.9,0.35));
#7783 = DIRECTION('',(0.,0.,1.));
#7784 = DIRECTION('',(1.,0.,0.));
#7785 = DEFINITIONAL_REPRESENTATION('',(#7786),#7790);
#7786 = LINE('',#7787,#7788);
#7787 = CARTESIAN_POINT('',(0.,0.));
#7788 = VECTOR('',#7789,1.);
#7789 = DIRECTION('',(1.,-0.));
#7790 = ( GEOMETRIC_REPRESENTATION_CONTEXT(2) 
PARAMETRIC_REPRESENTATION_CONTEXT() REPRESENTATION_CONTEXT('2D SPACE',''
  ) );
#7791 = ORIENTED_EDGE('',*,*,#7792,.T.);
#7792 = EDGE_CURVE('',#7764,#7725,#7793,.T.);
#7793 = SEAM_CURVE('',#7794,(#7798,#7805),.PCURVE_S1.);
#7794 = LINE('',#7795,#7796);
#7795 = CARTESIAN_POINT('',(70.8,66.9,3.330669073875E-16));
#7796 = VECTOR('',#7797,1.);
#7797 = DIRECTION('',(0.,0.,1.));
#7798 = PCURVE('',#7741,#7799);
#7799 = DEFINITIONAL_REPRESENTATION('',(#7800),#7804);
#7800 = LINE('',#7801,#7802);
#7801 = CARTESIAN_POINT('',(-4.138911435803E-13,0.));
#7802 = VECTOR('',#7803,1.);
#7803 = DIRECTION('',(-0.,-1.));
#7804 = ( GEOMETRIC_REPRESENTATION_CONTEXT(2) 
PARAMETRIC_REPRESENTATION_CONTEXT() REPRESENTATION_CONTEXT('2D SPACE',''
  ) );
#7805 = PCURVE('',#7741,#7806);
#7806 = DEFINITIONAL_REPRESENTATION('',(#7807),#7811);
#7807 = LINE('',#7808,#7809);
#7808 = CARTESIAN_POINT('',(6.28318530718,0.));
#7809 = VECTOR('',#7810,1.);
#7810 = DIRECTION('',(-0.,-1.));
#7811 = ( GEOMETRIC_REPRESENTATION_CONTEXT(2) 
PARAMETRIC_REPRESENTATION_CONTEXT() REPRESENTATION_CONTEXT('2D SPACE',''
  ) );
#7812 = ORIENTED_EDGE('',*,*,#7724,.F.);
#7813 = ORIENTED_EDGE('',*,*,#7792,.F.);
#7814 = ADVANCED_FACE('',(#7815),#7780,.T.);
#7815 = FACE_BOUND('',#7816,.T.);
#7816 = EDGE_LOOP('',(#7817,#7846,#7867,#7868));
#7817 = ORIENTED_EDGE('',*,*,#7818,.T.);
#7818 = EDGE_CURVE('',#7819,#7819,#7821,.T.);
#7819 = VERTEX_POINT('',#7820);
#7820 = CARTESIAN_POINT('',(70.45,66.9,3.330669073875E-16));
#7821 = SURFACE_CURVE('',#7822,(#7827,#7834),.PCURVE_S1.);
#7822 = CIRCLE('',#7823,4.55);
#7823 = AXIS2_PLACEMENT_3D('',#7824,#7825,#7826);
#7824 = CARTESIAN_POINT('',(65.9,66.9,3.330669073875E-16));
#7825 = DIRECTION('',(0.,0.,1.));
#7826 = DIRECTION('',(1.,0.,0.));
#7827 = PCURVE('',#7780,#7828);
#7828 = DEFINITIONAL_REPRESENTATION('',(#7829),#7833);
#7829 = LINE('',#7830,#7831);
#7830 = CARTESIAN_POINT('',(0.,-0.35));
#7831 = VECTOR('',#7832,1.);
#7832 = DIRECTION('',(1.,-0.));
#7833 = ( GEOMETRIC_REPRESENTATION_CONTEXT(2) 
PARAMETRIC_REPRESENTATION_CONTEXT() REPRESENTATION_CONTEXT('2D SPACE',''
  ) );
#7834 = PCURVE('',#7835,#7840);
#7835 = PLANE('',#7836);
#7836 = AXIS2_PLACEMENT_3D('',#7837,#7838,#7839);
#7837 = CARTESIAN_POINT('',(65.9,66.9,3.330669073875E-16));
#7838 = DIRECTION('',(0.,0.,1.));
#7839 = DIRECTION('',(1.,0.,0.));
#7840 = DEFINITIONAL_REPRESENTATION('',(#7841),#7845);
#7841 = CIRCLE('',#7842,4.55);
#7842 = AXIS2_PLACEMENT_2D('',#7843,#7844);
#7843 = CARTESIAN_POINT('',(0.,0.));
#7844 = DIRECTION('',(1.,0.));
#7845 = ( GEOMETRIC_REPRESENTATION_CONTEXT(2) 
PARAMETRIC_REPRESENTATION_CONTEXT() REPRESENTATION_CONTEXT('2D SPACE',''
  ) );
#7846 = ORIENTED_EDGE('',*,*,#7847,.F.);
#7847 = EDGE_CURVE('',#7764,#7819,#7848,.T.);
#7848 = SEAM_CURVE('',#7849,(#7853,#7860),.PCURVE_S1.);
#7849 = LINE('',#7850,#7851);
#7850 = CARTESIAN_POINT('',(70.8,66.9,0.35));
#7851 = VECTOR('',#7852,1.);
#7852 = DIRECTION('',(-0.707106781187,-0.,-0.707106781187));
#7853 = PCURVE('',#7780,#7854);
#7854 = DEFINITIONAL_REPRESENTATION('',(#7855),#7859);
#7855 = LINE('',#7856,#7857);
#7856 = CARTESIAN_POINT('',(6.28318530718,0.));
#7857 = VECTOR('',#7858,1.);
#7858 = DIRECTION('',(0.,-1.));
#7859 = ( GEOMETRIC_REPRESENTATION_CONTEXT(2) 
PARAMETRIC_REPRESENTATION_CONTEXT() REPRESENTATION_CONTEXT('2D SPACE',''
  ) );
#7860 = PCURVE('',#7780,#7861);
#7861 = DEFINITIONAL_REPRESENTATION('',(#7862),#7866);
#7862 = LINE('',#7863,#7864);
#7863 = CARTESIAN_POINT('',(4.138911435803E-13,0.));
#7864 = VECTOR('',#7865,1.);
#7865 = DIRECTION('',(0.,-1.));
#7866 = ( GEOMETRIC_REPRESENTATION_CONTEXT(2) 
PARAMETRIC_REPRESENTATION_CONTEXT() REPRESENTATION_CONTEXT('2D SPACE',''
  ) );
#7867 = ORIENTED_EDGE('',*,*,#7763,.F.);
#7868 = ORIENTED_EDGE('',*,*,#7847,.T.);
#7869 = ADVANCED_FACE('',(#7870),#7835,.F.);
#7870 = FACE_BOUND('',#7871,.F.);
#7871 = EDGE_LOOP('',(#7872));
#7872 = ORIENTED_EDGE('',*,*,#7818,.T.);
#7873 = ( GEOMETRIC_REPRESENTATION_CONTEXT(3) 
GLOBAL_UNCERTAINTY_ASSIGNED_CONTEXT((#7877)) 
GLOBAL_UNIT_ASSIGNED_CONTEXT((#7874,#7875,#7876)) REPRESENTATION_CONTEXT
('Context #1','3D Context with UNIT and UNCERTAINTY') );
#7874 = ( LENGTH_UNIT() NAMED_UNIT(*) SI_UNIT(.MILLI.,.METRE.) );
#7875 = ( NAMED_UNIT(*) PLANE_ANGLE_UNIT() SI_UNIT($,.RADIAN.) );
#7876 = ( NAMED_UNIT(*) SI_UNIT($,.STERADIAN.) SOLID_ANGLE_UNIT() );
#7877 = UNCERTAINTY_MEASURE_WITH_UNIT(LENGTH_MEASURE(1.E-07),#7874,
  'distance_accuracy_value','confusion accuracy');
#7878 = CONTEXT_DEPENDENT_SHAPE_REPRESENTATION(#7879,#7881);
#7879 = ( REPRESENTATION_RELATIONSHIP('','',#7574,#6905) 
REPRESENTATION_RELATIONSHIP_WITH_TRANSFORMATION(#7880) 
SHAPE_REPRESENTATION_RELATIONSHIP() );
#7880 = ITEM_DEFINED_TRANSFORMATION('','',#11,#6914);
#7881 = PRODUCT_DEFINITION_SHAPE('Placement','Placement of an item',
  #7882);
#7882 = NEXT_ASSEMBLY_USAGE_OCCURRENCE('23','','',#6900,#7569,$);
#7883 = PRODUCT_RELATED_PRODUCT_CATEGORY('part',$,(#7571));
#7884 = SHAPE_DEFINITION_REPRESENTATION(#7885,#7891);
#7885 = PRODUCT_DEFINITION_SHAPE('','',#7886);
#7886 = PRODUCT_DEFINITION('design','',#7887,#7890);
#7887 = PRODUCT_DEFINITION_FORMATION('','',#7888);
#7888 = PRODUCT('Open CASCADE STEP translator 7.8 1.11.1.4',
  'Open CASCADE STEP translator 7.8 1.11.1.4','',(#7889));
#7889 = PRODUCT_CONTEXT('',#2,'mechanical');
#7890 = PRODUCT_DEFINITION_CONTEXT('part definition',#2,'design');
#7891 = ADVANCED_BREP_SHAPE_REPRESENTATION('',(#11,#7892),#8190);
#7892 = MANIFOLD_SOLID_BREP('',#7893);
#7893 = CLOSED_SHELL('',(#7894,#7982,#8037,#8072,#8076,#8131,#8186));
#7894 = ADVANCED_FACE('',(#7895),#7908,.T.);
#7895 = FACE_BOUND('',#7896,.T.);
#7896 = EDGE_LOOP('',(#7897,#7931,#7954,#7981));
#7897 = ORIENTED_EDGE('',*,*,#7898,.T.);
#7898 = EDGE_CURVE('',#7899,#7899,#7901,.T.);
#7899 = VERTEX_POINT('',#7900);
#7900 = CARTESIAN_POINT('',(92.9,66.9,20.));
#7901 = SURFACE_CURVE('',#7902,(#7907,#7919),.PCURVE_S1.);
#7902 = CIRCLE('',#7903,3.);
#7903 = AXIS2_PLACEMENT_3D('',#7904,#7905,#7906);
#7904 = CARTESIAN_POINT('',(89.9,66.9,20.));
#7905 = DIRECTION('',(0.,0.,1.));
#7906 = DIRECTION('',(1.,0.,0.));
#7907 = PCURVE('',#7908,#7913);
#7908 = CYLINDRICAL_SURFACE('',#7909,3.);
#7909 = AXIS2_PLACEMENT_3D('',#7910,#7911,#7912);
#7910 = CARTESIAN_POINT('',(89.9,66.9,20.));
#7911 = DIRECTION('',(-0.,-0.,-1.));
#7912 = DIRECTION('',(1.,0.,0.));
#7913 = DEFINITIONAL_REPRESENTATION('',(#7914),#7918);
#7914 = LINE('',#7915,#7916);
#7915 = CARTESIAN_POINT('',(6.28318530718,0.));
#7916 = VECTOR('',#7917,1.);
#7917 = DIRECTION('',(-1.,0.));
#7918 = ( GEOMETRIC_REPRESENTATION_CONTEXT(2) 
PARAMETRIC_REPRESENTATION_CONTEXT() REPRESENTATION_CONTEXT('2D SPACE',''
  ) );
#7919 = PCURVE('',#7920,#7925);
#7920 = PLANE('',#7921);
#7921 = AXIS2_PLACEMENT_3D('',#7922,#7923,#7924);
#7922 = CARTESIAN_POINT('',(89.9,66.9,20.));
#7923 = DIRECTION('',(0.,0.,1.));
#7924 = DIRECTION('',(1.,0.,0.));
#7925 = DEFINITIONAL_REPRESENTATION('',(#7926),#7930);
#7926 = CIRCLE('',#7927,3.);
#7927 = AXIS2_PLACEMENT_2D('',#7928,#7929);
#7928 = CARTESIAN_POINT('',(0.,0.));
#7929 = DIRECTION('',(1.,0.));
#7930 = ( GEOMETRIC_REPRESENTATION_CONTEXT(2) 
PARAMETRIC_REPRESENTATION_CONTEXT() REPRESENTATION_CONTEXT('2D SPACE',''
  ) );
#7931 = ORIENTED_EDGE('',*,*,#7932,.T.);
#7932 = EDGE_CURVE('',#7899,#7933,#7935,.T.);
#7933 = VERTEX_POINT('',#7934);
#7934 = CARTESIAN_POINT('',(92.9,66.9,69.65));
#7935 = SEAM_CURVE('',#7936,(#7940,#7947),.PCURVE_S1.);
#7936 = LINE('',#7937,#7938);
#7937 = CARTESIAN_POINT('',(92.9,66.9,20.));
#7938 = VECTOR('',#7939,1.);
#7939 = DIRECTION('',(0.,0.,1.));
#7940 = PCURVE('',#7908,#7941);
#7941 = DEFINITIONAL_REPRESENTATION('',(#7942),#7946);
#7942 = LINE('',#7943,#7944);
#7943 = CARTESIAN_POINT('',(-4.138911435803E-13,0.));
#7944 = VECTOR('',#7945,1.);
#7945 = DIRECTION('',(-0.,-1.));
#7946 = ( GEOMETRIC_REPRESENTATION_CONTEXT(2) 
PARAMETRIC_REPRESENTATION_CONTEXT() REPRESENTATION_CONTEXT('2D SPACE',''
  ) );
#7947 = PCURVE('',#7908,#7948);
#7948 = DEFINITIONAL_REPRESENTATION('',(#7949),#7953);
#7949 = LINE('',#7950,#7951);
#7950 = CARTESIAN_POINT('',(6.28318530718,0.));
#7951 = VECTOR('',#7952,1.);
#7952 = DIRECTION('',(-0.,-1.));
#7953 = ( GEOMETRIC_REPRESENTATION_CONTEXT(2) 
PARAMETRIC_REPRESENTATION_CONTEXT() REPRESENTATION_CONTEXT('2D SPACE',''
  ) );
#7954 = ORIENTED_EDGE('',*,*,#7955,.F.);
#7955 = EDGE_CURVE('',#7933,#7933,#7956,.T.);
#7956 = SURFACE_CURVE('',#7957,(#7962,#7969),.PCURVE_S1.);
#7957 = CIRCLE('',#7958,3.);
#7958 = AXIS2_PLACEMENT_3D('',#7959,#7960,#7961);
#7959 = CARTESIAN_POINT('',(89.9,66.9,69.65));
#7960 = DIRECTION('',(0.,0.,1.));
#7961 = DIRECTION('',(1.,0.,0.));
#7962 = PCURVE('',#7908,#7963);
#7963 = DEFINITIONAL_REPRESENTATION('',(#7964),#7968);
#7964 = LINE('',#7965,#7966);
#7965 = CARTESIAN_POINT('',(6.28318530718,-49.65));
#7966 = VECTOR('',#7967,1.);
#7967 = DIRECTION('',(-1.,0.));
#7968 = ( GEOMETRIC_REPRESENTATION_CONTEXT(2) 
PARAMETRIC_REPRESENTATION_CONTEXT() REPRESENTATION_CONTEXT('2D SPACE',''
  ) );
#7969 = PCURVE('',#7970,#7975);
#7970 = CONICAL_SURFACE('',#7971,3.,0.785398163397);
#7971 = AXIS2_PLACEMENT_3D('',#7972,#7973,#7974);
#7972 = CARTESIAN_POINT('',(89.9,66.9,69.65));
#7973 = DIRECTION('',(-0.,-0.,-1.));
#7974 = DIRECTION('',(1.,0.,0.));
#7975 = DEFINITIONAL_REPRESENTATION('',(#7976),#7980);
#7976 = LINE('',#7977,#7978);
#7977 = CARTESIAN_POINT('',(6.28318530718,0.));
#7978 = VECTOR('',#7979,1.);
#7979 = DIRECTION('',(-1.,0.));
#7980 = ( GEOMETRIC_REPRESENTATION_CONTEXT(2) 
PARAMETRIC_REPRESENTATION_CONTEXT() REPRESENTATION_CONTEXT('2D SPACE',''
  ) );
#7981 = ORIENTED_EDGE('',*,*,#7932,.F.);
#7982 = ADVANCED_FACE('',(#7983),#7970,.T.);
#7983 = FACE_BOUND('',#7984,.T.);
#7984 = EDGE_LOOP('',(#7985,#8008,#8009,#8010));
#7985 = ORIENTED_EDGE('',*,*,#7986,.F.);
#7986 = EDGE_CURVE('',#7933,#7987,#7989,.T.);
#7987 = VERTEX_POINT('',#7988);
#7988 = CARTESIAN_POINT('',(92.55,66.9,70.));
#7989 = SEAM_CURVE('',#7990,(#7994,#8001),.PCURVE_S1.);
#7990 = LINE('',#7991,#7992);
#7991 = CARTESIAN_POINT('',(92.9,66.9,69.65));
#7992 = VECTOR('',#7993,1.);
#7993 = DIRECTION('',(-0.707106781187,0.,0.707106781187));
#7994 = PCURVE('',#7970,#7995);
#7995 = DEFINITIONAL_REPRESENTATION('',(#7996),#8000);
#7996 = LINE('',#7997,#7998);
#7997 = CARTESIAN_POINT('',(6.28318530718,0.));
#7998 = VECTOR('',#7999,1.);
#7999 = DIRECTION('',(-0.,-1.));
#8000 = ( GEOMETRIC_REPRESENTATION_CONTEXT(2) 
PARAMETRIC_REPRESENTATION_CONTEXT() REPRESENTATION_CONTEXT('2D SPACE',''
  ) );
#8001 = PCURVE('',#7970,#8002);
#8002 = DEFINITIONAL_REPRESENTATION('',(#8003),#8007);
#8003 = LINE('',#8004,#8005);
#8004 = CARTESIAN_POINT('',(-4.138911435803E-13,0.));
#8005 = VECTOR('',#8006,1.);
#8006 = DIRECTION('',(-0.,-1.));
#8007 = ( GEOMETRIC_REPRESENTATION_CONTEXT(2) 
PARAMETRIC_REPRESENTATION_CONTEXT() REPRESENTATION_CONTEXT('2D SPACE',''
  ) );
#8008 = ORIENTED_EDGE('',*,*,#7955,.T.);
#8009 = ORIENTED_EDGE('',*,*,#7986,.T.);
#8010 = ORIENTED_EDGE('',*,*,#8011,.F.);
#8011 = EDGE_CURVE('',#7987,#7987,#8012,.T.);
#8012 = SURFACE_CURVE('',#8013,(#8018,#8025),.PCURVE_S1.);
#8013 = CIRCLE('',#8014,2.65);
#8014 = AXIS2_PLACEMENT_3D('',#8015,#8016,#8017);
#8015 = CARTESIAN_POINT('',(89.9,66.9,70.));
#8016 = DIRECTION('',(0.,0.,1.));
#8017 = DIRECTION('',(1.,0.,0.));
#8018 = PCURVE('',#7970,#8019);
#8019 = DEFINITIONAL_REPRESENTATION('',(#8020),#8024);
#8020 = LINE('',#8021,#8022);
#8021 = CARTESIAN_POINT('',(6.28318530718,-0.35));
#8022 = VECTOR('',#8023,1.);
#8023 = DIRECTION('',(-1.,0.));
#8024 = ( GEOMETRIC_REPRESENTATION_CONTEXT(2) 
PARAMETRIC_REPRESENTATION_CONTEXT() REPRESENTATION_CONTEXT('2D SPACE',''
  ) );
#8025 = PCURVE('',#8026,#8031);
#8026 = PLANE('',#8027);
#8027 = AXIS2_PLACEMENT_3D('',#8028,#8029,#8030);
#8028 = CARTESIAN_POINT('',(89.9,66.9,70.));
#8029 = DIRECTION('',(0.,0.,1.));
#8030 = DIRECTION('',(1.,0.,0.));
#8031 = DEFINITIONAL_REPRESENTATION('',(#8032),#8036);
#8032 = CIRCLE('',#8033,2.65);
#8033 = AXIS2_PLACEMENT_2D('',#8034,#8035);
#8034 = CARTESIAN_POINT('',(0.,0.));
#8035 = DIRECTION('',(1.,0.));
#8036 = ( GEOMETRIC_REPRESENTATION_CONTEXT(2) 
PARAMETRIC_REPRESENTATION_CONTEXT() REPRESENTATION_CONTEXT('2D SPACE',''
  ) );
#8037 = ADVANCED_FACE('',(#8038,#8069),#7920,.T.);
#8038 = FACE_BOUND('',#8039,.T.);
#8039 = EDGE_LOOP('',(#8040));
#8040 = ORIENTED_EDGE('',*,*,#8041,.T.);
#8041 = EDGE_CURVE('',#8042,#8042,#8044,.T.);
#8042 = VERTEX_POINT('',#8043);
#8043 = CARTESIAN_POINT('',(94.8,66.9,20.));
#8044 = SURFACE_CURVE('',#8045,(#8050,#8057),.PCURVE_S1.);
#8045 = CIRCLE('',#8046,4.9);
#8046 = AXIS2_PLACEMENT_3D('',#8047,#8048,#8049);
#8047 = CARTESIAN_POINT('',(89.9,66.9,20.));
#8048 = DIRECTION('',(0.,0.,1.));
#8049 = DIRECTION('',(1.,0.,0.));
#8050 = PCURVE('',#7920,#8051);
#8051 = DEFINITIONAL_REPRESENTATION('',(#8052),#8056);
#8052 = CIRCLE('',#8053,4.9);
#8053 = AXIS2_PLACEMENT_2D('',#8054,#8055);
#8054 = CARTESIAN_POINT('',(0.,0.));
#8055 = DIRECTION('',(1.,0.));
#8056 = ( GEOMETRIC_REPRESENTATION_CONTEXT(2) 
PARAMETRIC_REPRESENTATION_CONTEXT() REPRESENTATION_CONTEXT('2D SPACE',''
  ) );
#8057 = PCURVE('',#8058,#8063);
#8058 = CYLINDRICAL_SURFACE('',#8059,4.9);
#8059 = AXIS2_PLACEMENT_3D('',#8060,#8061,#8062);
#8060 = CARTESIAN_POINT('',(89.9,66.9,3.330669073875E-16));
#8061 = DIRECTION('',(-0.,-0.,-1.));
#8062 = DIRECTION('',(1.,0.,0.));
#8063 = DEFINITIONAL_REPRESENTATION('',(#8064),#8068);
#8064 = LINE('',#8065,#8066);
#8065 = CARTESIAN_POINT('',(6.28318530718,-20.));
#8066 = VECTOR('',#8067,1.);
#8067 = DIRECTION('',(-1.,0.));
#8068 = ( GEOMETRIC_REPRESENTATION_CONTEXT(2) 
PARAMETRIC_REPRESENTATION_CONTEXT() REPRESENTATION_CONTEXT('2D SPACE',''
  ) );
#8069 = FACE_BOUND('',#8070,.T.);
#8070 = EDGE_LOOP('',(#8071));
#8071 = ORIENTED_EDGE('',*,*,#7898,.F.);
#8072 = ADVANCED_FACE('',(#8073),#8026,.T.);
#8073 = FACE_BOUND('',#8074,.T.);
#8074 = EDGE_LOOP('',(#8075));
#8075 = ORIENTED_EDGE('',*,*,#8011,.T.);
#8076 = ADVANCED_FACE('',(#8077),#8058,.T.);
#8077 = FACE_BOUND('',#8078,.T.);
#8078 = EDGE_LOOP('',(#8079,#8108,#8129,#8130));
#8079 = ORIENTED_EDGE('',*,*,#8080,.T.);
#8080 = EDGE_CURVE('',#8081,#8081,#8083,.T.);
#8081 = VERTEX_POINT('',#8082);
#8082 = CARTESIAN_POINT('',(94.8,66.9,0.35));
#8083 = SURFACE_CURVE('',#8084,(#8089,#8096),.PCURVE_S1.);
#8084 = CIRCLE('',#8085,4.9);
#8085 = AXIS2_PLACEMENT_3D('',#8086,#8087,#8088);
#8086 = CARTESIAN_POINT('',(89.9,66.9,0.35));
#8087 = DIRECTION('',(0.,0.,1.));
#8088 = DIRECTION('',(1.,0.,0.));
#8089 = PCURVE('',#8058,#8090);
#8090 = DEFINITIONAL_REPRESENTATION('',(#8091),#8095);
#8091 = LINE('',#8092,#8093);
#8092 = CARTESIAN_POINT('',(6.28318530718,-0.35));
#8093 = VECTOR('',#8094,1.);
#8094 = DIRECTION('',(-1.,0.));
#8095 = ( GEOMETRIC_REPRESENTATION_CONTEXT(2) 
PARAMETRIC_REPRESENTATION_CONTEXT() REPRESENTATION_CONTEXT('2D SPACE',''
  ) );
#8096 = PCURVE('',#8097,#8102);
#8097 = CONICAL_SURFACE('',#8098,4.9,0.785398163397);
#8098 = AXIS2_PLACEMENT_3D('',#8099,#8100,#8101);
#8099 = CARTESIAN_POINT('',(89.9,66.9,0.35));
#8100 = DIRECTION('',(0.,0.,1.));
#8101 = DIRECTION('',(1.,0.,0.));
#8102 = DEFINITIONAL_REPRESENTATION('',(#8103),#8107);
#8103 = LINE('',#8104,#8105);
#8104 = CARTESIAN_POINT('',(0.,0.));
#8105 = VECTOR('',#8106,1.);
#8106 = DIRECTION('',(1.,-0.));
#8107 = ( GEOMETRIC_REPRESENTATION_CONTEXT(2) 
PARAMETRIC_REPRESENTATION_CONTEXT() REPRESENTATION_CONTEXT('2D SPACE',''
  ) );
#8108 = ORIENTED_EDGE('',*,*,#8109,.T.);
#8109 = EDGE_CURVE('',#8081,#8042,#8110,.T.);
#8110 = SEAM_CURVE('',#8111,(#8115,#8122),.PCURVE_S1.);
#8111 = LINE('',#8112,#8113);
#8112 = CARTESIAN_POINT('',(94.8,66.9,3.330669073875E-16));
#8113 = VECTOR('',#8114,1.);
#8114 = DIRECTION('',(0.,0.,1.));
#8115 = PCURVE('',#8058,#8116);
#8116 = DEFINITIONAL_REPRESENTATION('',(#8117),#8121);
#8117 = LINE('',#8118,#8119);
#8118 = CARTESIAN_POINT('',(-4.138911435803E-13,0.));
#8119 = VECTOR('',#8120,1.);
#8120 = DIRECTION('',(-0.,-1.));
#8121 = ( GEOMETRIC_REPRESENTATION_CONTEXT(2) 
PARAMETRIC_REPRESENTATION_CONTEXT() REPRESENTATION_CONTEXT('2D SPACE',''
  ) );
#8122 = PCURVE('',#8058,#8123);
#8123 = DEFINITIONAL_REPRESENTATION('',(#8124),#8128);
#8124 = LINE('',#8125,#8126);
#8125 = CARTESIAN_POINT('',(6.28318530718,0.));
#8126 = VECTOR('',#8127,1.);
#8127 = DIRECTION('',(-0.,-1.));
#8128 = ( GEOMETRIC_REPRESENTATION_CONTEXT(2) 
PARAMETRIC_REPRESENTATION_CONTEXT() REPRESENTATION_CONTEXT('2D SPACE',''
  ) );
#8129 = ORIENTED_EDGE('',*,*,#8041,.F.);
#8130 = ORIENTED_EDGE('',*,*,#8109,.F.);
#8131 = ADVANCED_FACE('',(#8132),#8097,.T.);
#8132 = FACE_BOUND('',#8133,.T.);
#8133 = EDGE_LOOP('',(#8134,#8163,#8184,#8185));
#8134 = ORIENTED_EDGE('',*,*,#8135,.T.);
#8135 = EDGE_CURVE('',#8136,#8136,#8138,.T.);
#8136 = VERTEX_POINT('',#8137);
#8137 = CARTESIAN_POINT('',(94.45,66.9,3.330669073875E-16));
#8138 = SURFACE_CURVE('',#8139,(#8144,#8151),.PCURVE_S1.);
#8139 = CIRCLE('',#8140,4.55);
#8140 = AXIS2_PLACEMENT_3D('',#8141,#8142,#8143);
#8141 = CARTESIAN_POINT('',(89.9,66.9,3.330669073875E-16));
#8142 = DIRECTION('',(0.,0.,1.));
#8143 = DIRECTION('',(1.,0.,0.));
#8144 = PCURVE('',#8097,#8145);
#8145 = DEFINITIONAL_REPRESENTATION('',(#8146),#8150);
#8146 = LINE('',#8147,#8148);
#8147 = CARTESIAN_POINT('',(0.,-0.35));
#8148 = VECTOR('',#8149,1.);
#8149 = DIRECTION('',(1.,-0.));
#8150 = ( GEOMETRIC_REPRESENTATION_CONTEXT(2) 
PARAMETRIC_REPRESENTATION_CONTEXT() REPRESENTATION_CONTEXT('2D SPACE',''
  ) );
#8151 = PCURVE('',#8152,#8157);
#8152 = PLANE('',#8153);
#8153 = AXIS2_PLACEMENT_3D('',#8154,#8155,#8156);
#8154 = CARTESIAN_POINT('',(89.9,66.9,3.330669073875E-16));
#8155 = DIRECTION('',(0.,0.,1.));
#8156 = DIRECTION('',(1.,0.,0.));
#8157 = DEFINITIONAL_REPRESENTATION('',(#8158),#8162);
#8158 = CIRCLE('',#8159,4.55);
#8159 = AXIS2_PLACEMENT_2D('',#8160,#8161);
#8160 = CARTESIAN_POINT('',(0.,0.));
#8161 = DIRECTION('',(1.,0.));
#8162 = ( GEOMETRIC_REPRESENTATION_CONTEXT(2) 
PARAMETRIC_REPRESENTATION_CONTEXT() REPRESENTATION_CONTEXT('2D SPACE',''
  ) );
#8163 = ORIENTED_EDGE('',*,*,#8164,.F.);
#8164 = EDGE_CURVE('',#8081,#8136,#8165,.T.);
#8165 = SEAM_CURVE('',#8166,(#8170,#8177),.PCURVE_S1.);
#8166 = LINE('',#8167,#8168);
#8167 = CARTESIAN_POINT('',(94.8,66.9,0.35));
#8168 = VECTOR('',#8169,1.);
#8169 = DIRECTION('',(-0.707106781187,-0.,-0.707106781187));
#8170 = PCURVE('',#8097,#8171);
#8171 = DEFINITIONAL_REPRESENTATION('',(#8172),#8176);
#8172 = LINE('',#8173,#8174);
#8173 = CARTESIAN_POINT('',(6.28318530718,0.));
#8174 = VECTOR('',#8175,1.);
#8175 = DIRECTION('',(0.,-1.));
#8176 = ( GEOMETRIC_REPRESENTATION_CONTEXT(2) 
PARAMETRIC_REPRESENTATION_CONTEXT() REPRESENTATION_CONTEXT('2D SPACE',''
  ) );
#8177 = PCURVE('',#8097,#8178);
#8178 = DEFINITIONAL_REPRESENTATION('',(#8179),#8183);
#8179 = LINE('',#8180,#8181);
#8180 = CARTESIAN_POINT('',(4.138911435803E-13,0.));
#8181 = VECTOR('',#8182,1.);
#8182 = DIRECTION('',(0.,-1.));
#8183 = ( GEOMETRIC_REPRESENTATION_CONTEXT(2) 
PARAMETRIC_REPRESENTATION_CONTEXT() REPRESENTATION_CONTEXT('2D SPACE',''
  ) );
#8184 = ORIENTED_EDGE('',*,*,#8080,.F.);
#8185 = ORIENTED_EDGE('',*,*,#8164,.T.);
#8186 = ADVANCED_FACE('',(#8187),#8152,.F.);
#8187 = FACE_BOUND('',#8188,.F.);
#8188 = EDGE_LOOP('',(#8189));
#8189 = ORIENTED_EDGE('',*,*,#8135,.T.);
#8190 = ( GEOMETRIC_REPRESENTATION_CONTEXT(3) 
GLOBAL_UNCERTAINTY_ASSIGNED_CONTEXT((#8194)) 
GLOBAL_UNIT_ASSIGNED_CONTEXT((#8191,#8192,#8193)) REPRESENTATION_CONTEXT
('Context #1','3D Context with UNIT and UNCERTAINTY') );
#8191 = ( LENGTH_UNIT() NAMED_UNIT(*) SI_UNIT(.MILLI.,.METRE.) );
#8192 = ( NAMED_UNIT(*) PLANE_ANGLE_UNIT() SI_UNIT($,.RADIAN.) );
#8193 = ( NAMED_UNIT(*) SI_UNIT($,.STERADIAN.) SOLID_ANGLE_UNIT() );
#8194 = UNCERTAINTY_MEASURE_WITH_UNIT(LENGTH_MEASURE(1.E-07),#8191,
  'distance_accuracy_value','confusion accuracy');
#8195 = CONTEXT_DEPENDENT_SHAPE_REPRESENTATION(#8196,#8198);
#8196 = ( REPRESENTATION_RELATIONSHIP('','',#7891,#6905) 
REPRESENTATION_RELATIONSHIP_WITH_TRANSFORMATION(#8197) 
SHAPE_REPRESENTATION_RELATIONSHIP() );
#8197 = ITEM_DEFINED_TRANSFORMATION('','',#11,#6918);
#8198 = PRODUCT_DEFINITION_SHAPE('Placement','Placement of an item',
  #8199);
#8199 = NEXT_ASSEMBLY_USAGE_OCCURRENCE('24','','',#6900,#7886,$);
#8200 = PRODUCT_RELATED_PRODUCT_CATEGORY('part',$,(#7888));
ENDSEC;
END-ISO-10303-21;
