ISO-10303-21;
HEADER;
FILE_DESCRIPTION(('Open CASCADE Model'),'2;1');
FILE_NAME('Open CASCADE Shape Model','2026-07-15T22:40:12',('Author'),(
    'Open CASCADE'),'Open CASCADE STEP processor 7.8','Open CASCADE 7.8'
  ,'Unknown');
FILE_SCHEMA(('AUTOMOTIVE_DESIGN { 1 0 10303 214 1 1 1 1 }'));
ENDSEC;
DATA;
#1 = APPLICATION_PROTOCOL_DEFINITION('international standard',
  'automotive_design',2000,#2);
#2 = APPLICATION_CONTEXT(
  'core data for automotive mechanical design processes');
#3 = SHAPE_DEFINITION_REPRESENTATION(#4,#10);
#4 = PRODUCT_DEFINITION_SHAPE('','',#5);
#5 = PRODUCT_DEFINITION('design','',#6,#9);
#6 = PRODUCT_DEFINITION_FORMATION('','',#7);
#7 = PRODUCT('Open CASCADE STEP translator 7.8 7',
  'Open CASCADE STEP translator 7.8 7','',(#8));
#8 = PRODUCT_CONTEXT('',#2,'mechanical');
#9 = PRODUCT_DEFINITION_CONTEXT('part definition',#2,'design');
#10 = ADVANCED_BREP_SHAPE_REPRESENTATION('',(#11,#15),#1965);
#11 = AXIS2_PLACEMENT_3D('',#12,#13,#14);
#12 = CARTESIAN_POINT('',(0.,0.,0.));
#13 = DIRECTION('',(0.,0.,1.));
#14 = DIRECTION('',(1.,0.,-0.));
#15 = MANIFOLD_SOLID_BREP('',#16);
#16 = CLOSED_SHELL('',(#17,#943,#1671,#1829,#1934,#1959));
#17 = ADVANCED_FACE('',(#18),#103,.T.);
#18 = FACE_BOUND('',#19,.T.);
#19 = EDGE_LOOP('',(#20,#413,#558,#800));
#20 = ORIENTED_EDGE('',*,*,#21,.F.);
#21 = EDGE_CURVE('',#22,#24,#26,.T.);
#22 = VERTEX_POINT('',#23);
#23 = CARTESIAN_POINT('',(3.642919299551E-17,-12.47995819115,
    1.013428263286E-05));
#24 = VERTEX_POINT('',#25);
#25 = CARTESIAN_POINT('',(5.,1.427283266242E-05,12.480035681444));
#26 = SURFACE_CURVE('',#27,(#102,#258),.PCURVE_S1.);
#27 = B_SPLINE_CURVE_WITH_KNOTS('',10,(#28,#29,#30,#31,#32,#33,#34,#35,
    #36,#37,#38,#39,#40,#41,#42,#43,#44,#45,#46,#47,#48,#49,#50,#51,#52,
    #53,#54,#55,#56,#57,#58,#59,#60,#61,#62,#63,#64,#65,#66,#67,#68,#69,
    #70,#71,#72,#73,#74,#75,#76,#77,#78,#79,#80,#81,#82,#83,#84,#85,#86,
    #87,#88,#89,#90,#91,#92,#93,#94,#95,#96,#97,#98,#99,#100,#101),
  .UNSPECIFIED.,.F.,.F.,(11,9,9,9,9,9,9,9,11),(0.,5.74010606028,
    11.480212120561,17.220318180841,22.960424241121,28.700530301401,
    34.440636361682,40.180742421962,45.920848482242),.UNSPECIFIED.);
#28 = CARTESIAN_POINT('',(-0.600000000861,-1.139381922144E-10,
    12.479999855651));
#29 = CARTESIAN_POINT('',(-0.527500000862,7.106282512334,12.480000111639
    ));
#30 = CARTESIAN_POINT('',(-0.455000000861,14.214593719347,7.984991807591
    ));
#31 = CARTESIAN_POINT('',(-0.382500000863,18.106642834925,
    -1.014807645194));
#32 = CARTESIAN_POINT('',(-0.31000000086,15.661784784382,-11.86823256011
    ));
#33 = CARTESIAN_POINT('',(-0.237500000863,5.924701921945,-19.53112084209
    ));
#34 = CARTESIAN_POINT('',(-0.165000000861,-6.428663785806,
    -18.56929498028));
#35 = CARTESIAN_POINT('',(-9.250000086137E-02,-14.49132459095,
    -10.90329522444));
#36 = CARTESIAN_POINT('',(-2.000000086168E-02,-16.25522735064,
    -1.257925999744));
#37 = CARTESIAN_POINT('',(5.249999913857E-02,-12.84217430449,
    6.428701475322));
#38 = CARTESIAN_POINT('',(0.197499999138,-1.024858578563,14.324779847332
    ));
#39 = CARTESIAN_POINT('',(0.269999999139,7.382778929773,14.536483245972)
  );
#40 = CARTESIAN_POINT('',(0.342499999138,15.618920267408,9.215729987135)
  );
#41 = CARTESIAN_POINT('',(0.414999999138,19.615934801456,-1.16685322975)
  );
#42 = CARTESIAN_POINT('',(0.487499999139,15.777119008901,-12.94794550791
    ));
#43 = CARTESIAN_POINT('',(0.559999999137,4.971308926043,-19.01137869506)
  );
#44 = CARTESIAN_POINT('',(0.63249999914,-5.9915497567,-17.11670725361));
#45 = CARTESIAN_POINT('',(0.704999999138,-12.81686134746,-10.07684768277
    ));
#46 = CARTESIAN_POINT('',(0.777499999139,-14.24947286582,-1.789459848863
    ));
#47 = CARTESIAN_POINT('',(0.922499999138,-8.810560043168,11.34123822733)
  );
#48 = CARTESIAN_POINT('',(0.99499999914,-1.937481049103,16.188296298123)
  );
#49 = CARTESIAN_POINT('',(1.067499999136,7.866672322052,16.340006613192)
  );
#50 = CARTESIAN_POINT('',(1.139999999143,16.958322625977,9.927826464754)
  );
#51 = CARTESIAN_POINT('',(1.212499999135,20.311688127774,-2.000525546411
    ));
#52 = CARTESIAN_POINT('',(1.284999999141,14.695648397526,-13.04547241513
    ));
#53 = CARTESIAN_POINT('',(1.357499999138,4.52774148386,-17.56074863819)
  );
#54 = CARTESIAN_POINT('',(1.429999999139,-5.058434120191,-15.49925928154
    ));
#55 = CARTESIAN_POINT('',(1.502499999139,-10.85383305406,-9.404464447216
    ));
#56 = CARTESIAN_POINT('',(1.647499999138,-13.62656730794,4.535010055683)
  );
#57 = CARTESIAN_POINT('',(1.719999999139,-10.60469216329,12.383669648932
    ));
#58 = CARTESIAN_POINT('',(1.792499999136,-2.537122295887,17.956707938727
    ));
#59 = CARTESIAN_POINT('',(1.864999999142,8.584725076701,17.676225274607)
  );
#60 = CARTESIAN_POINT('',(1.937499999134,17.99998389681,9.621193105679)
  );
#61 = CARTESIAN_POINT('',(2.009999999142,19.466661225139,-2.682449086715
    ));
#62 = CARTESIAN_POINT('',(2.082499999137,13.520908669121,-12.08575047071
    ));
#63 = CARTESIAN_POINT('',(2.154999999139,4.404992833901,-15.69747852866)
  );
#64 = CARTESIAN_POINT('',(2.227499999138,-3.799791857098,-13.84959296684
    ));
#65 = CARTESIAN_POINT('',(2.372499999139,-13.84959322993,-3.79979212174)
  );
#66 = CARTESIAN_POINT('',(2.444999999136,-15.69747751409,4.404993705598)
  );
#67 = CARTESIAN_POINT('',(2.517499999145,-12.08575250551,13.520907362969
    ));
#68 = CARTESIAN_POINT('',(2.589999999128,-2.682446563458,19.466661887241
    ));
#69 = CARTESIAN_POINT('',(2.66249999915,9.62119113647,17.999984949456));
#70 = CARTESIAN_POINT('',(2.734999999129,17.676226125871,8.58472261074)
  );
#71 = CARTESIAN_POINT('',(2.807499999144,17.956707894317,-2.537119878287
    ));
#72 = CARTESIAN_POINT('',(2.879999999137,12.383669487792,-10.60469349119
    ));
#73 = CARTESIAN_POINT('',(2.952499999139,4.535010129565,-13.62656694216)
  );
#74 = CARTESIAN_POINT('',(3.097499999138,-9.404464518936,-10.85383342027
    ));
#75 = CARTESIAN_POINT('',(3.169999999138,-15.49925892224,-5.058432831725
    ));
#76 = CARTESIAN_POINT('',(3.24249999914,-17.56074960441,4.527739267335)
  );
#77 = CARTESIAN_POINT('',(3.314999999136,-13.04547068497,14.695650349922
    ));
#78 = CARTESIAN_POINT('',(3.387499999142,-2.000527768572,20.31168790895)
  );
#79 = CARTESIAN_POINT('',(3.459999999135,9.927828542589,16.958321048569)
  );
#80 = CARTESIAN_POINT('',(3.532499999141,16.340005233088,7.866674307525)
  );
#81 = CARTESIAN_POINT('',(3.604999999137,16.188296901914,-1.93748224273)
  );
#82 = CARTESIAN_POINT('',(3.677499999139,11.34123808552,-8.810559697987)
  );
#83 = CARTESIAN_POINT('',(3.822499999138,-1.789459704988,-14.24947321016
    ));
#84 = CARTESIAN_POINT('',(3.89499999914,-10.07684810017,-12.81686007651)
  );
#85 = CARTESIAN_POINT('',(3.967499999136,-17.11670682469,-5.991552136506
    ));
#86 = CARTESIAN_POINT('',(4.039999999143,-19.01137834285,4.971311510688)
  );
#87 = CARTESIAN_POINT('',(4.112499999134,-12.94794723147,15.77711759231)
  );
#88 = CARTESIAN_POINT('',(4.184999999142,-1.166850628777,19.61593464435)
  );
#89 = CARTESIAN_POINT('',(4.257499999137,9.21572773955,15.618921151465)
  );
#90 = CARTESIAN_POINT('',(4.329999999139,14.536484408731,7.382778272792)
  );
#91 = CARTESIAN_POINT('',(4.402499999138,14.324779539233,-1.024858370359
    ));
#92 = CARTESIAN_POINT('',(4.547499999138,6.428701783028,-12.84217451083)
  );
#93 = CARTESIAN_POINT('',(4.619999999139,-1.257927034703,-16.25522652596
    ));
#94 = CARTESIAN_POINT('',(4.692499999138,-10.9032935959,-14.49132633092)
  );
#95 = CARTESIAN_POINT('',(4.764999999138,-18.56929602561,-6.428661441995
    ));
#96 = CARTESIAN_POINT('',(4.837499999141,-19.53112163537,5.924699787897)
  );
#97 = CARTESIAN_POINT('',(4.909999999134,-11.86823013221,15.66178609714)
  );
#98 = CARTESIAN_POINT('',(4.982499999142,-1.014810180715,18.106642322905
    ));
#99 = CARTESIAN_POINT('',(5.054999999137,7.984993281048,14.214593817791)
  );
#100 = CARTESIAN_POINT('',(5.127499999139,12.479999647083,7.106282515122
    ));
#101 = CARTESIAN_POINT('',(5.199999999138,12.479999903073,
    1.14127818307E-10));
#102 = PCURVE('',#103,#252);
#103 = B_SPLINE_SURFACE_WITH_KNOTS('',1,10,(
    (#104,#105,#106,#107,#108,#109,#110,#111,#112,#113,#114,#115,#116
      ,#117,#118,#119,#120,#121,#122,#123,#124,#125,#126,#127,#128,#129
      ,#130,#131,#132,#133,#134,#135,#136,#137,#138,#139,#140,#141,#142
      ,#143,#144,#145,#146,#147,#148,#149,#150,#151,#152,#153,#154,#155
      ,#156,#157,#158,#159,#160,#161,#162,#163,#164,#165,#166,#167,#168
      ,#169,#170,#171,#172,#173,#174,#175,#176,#177)
    ,(#178,#179,#180,#181,#182,#183,#184,#185,#186,#187,#188,#189,#190
      ,#191,#192,#193,#194,#195,#196,#197,#198,#199,#200,#201,#202,#203
      ,#204,#205,#206,#207,#208,#209,#210,#211,#212,#213,#214,#215,#216
      ,#217,#218,#219,#220,#221,#222,#223,#224,#225,#226,#227,#228,#229
      ,#230,#231,#232,#233,#234,#235,#236,#237,#238,#239,#240,#241,#242
      ,#243,#244,#245,#246,#247,#248,#249,#250,#251
  )),.UNSPECIFIED.,.F.,.F.,.F.,(2,2),(11,9,9,9,9,9,9,9,11),(0.,
    0.456508488421),(0.,5.74010606028,11.480212120561,17.220318180841,
    22.960424241121,28.700530301401,34.440636361682,40.180742421962,
    45.920848482242),.UNSPECIFIED.);
#104 = CARTESIAN_POINT('',(-0.600000000861,-1.139381922144E-10,
    12.479999855651));
#105 = CARTESIAN_POINT('',(-0.527500000862,7.106282512334,
    12.480000111639));
#106 = CARTESIAN_POINT('',(-0.455000000861,14.214593719347,
    7.984991807591));
#107 = CARTESIAN_POINT('',(-0.382500000863,18.106642834925,
    -1.014807645194));
#108 = CARTESIAN_POINT('',(-0.31000000086,15.661784784382,
    -11.86823256011));
#109 = CARTESIAN_POINT('',(-0.237500000863,5.924701921945,
    -19.53112084209));
#110 = CARTESIAN_POINT('',(-0.165000000861,-6.428663785806,
    -18.56929498028));
#111 = CARTESIAN_POINT('',(-9.250000086137E-02,-14.49132459095,
    -10.90329522444));
#112 = CARTESIAN_POINT('',(-2.000000086168E-02,-16.25522735064,
    -1.257925999744));
#113 = CARTESIAN_POINT('',(5.249999913857E-02,-12.84217430449,
    6.428701475322));
#114 = CARTESIAN_POINT('',(0.197499999138,-1.024858578563,
    14.324779847332));
#115 = CARTESIAN_POINT('',(0.269999999139,7.382778929773,14.536483245972
    ));
#116 = CARTESIAN_POINT('',(0.342499999138,15.618920267408,9.215729987135
    ));
#117 = CARTESIAN_POINT('',(0.414999999138,19.615934801456,-1.16685322975
    ));
#118 = CARTESIAN_POINT('',(0.487499999139,15.777119008901,
    -12.94794550791));
#119 = CARTESIAN_POINT('',(0.559999999137,4.971308926043,-19.01137869506
    ));
#120 = CARTESIAN_POINT('',(0.63249999914,-5.9915497567,-17.11670725361)
  );
#121 = CARTESIAN_POINT('',(0.704999999138,-12.81686134746,
    -10.07684768277));
#122 = CARTESIAN_POINT('',(0.777499999139,-14.24947286582,
    -1.789459848863));
#123 = CARTESIAN_POINT('',(0.922499999138,-8.810560043168,11.34123822733
    ));
#124 = CARTESIAN_POINT('',(0.99499999914,-1.937481049103,16.188296298123
    ));
#125 = CARTESIAN_POINT('',(1.067499999136,7.866672322052,16.340006613192
    ));
#126 = CARTESIAN_POINT('',(1.139999999143,16.958322625977,9.927826464754
    ));
#127 = CARTESIAN_POINT('',(1.212499999135,20.311688127774,
    -2.000525546411));
#128 = CARTESIAN_POINT('',(1.284999999141,14.695648397526,
    -13.04547241513));
#129 = CARTESIAN_POINT('',(1.357499999138,4.52774148386,-17.56074863819)
  );
#130 = CARTESIAN_POINT('',(1.429999999139,-5.058434120191,
    -15.49925928154));
#131 = CARTESIAN_POINT('',(1.502499999139,-10.85383305406,
    -9.404464447216));
#132 = CARTESIAN_POINT('',(1.647499999138,-13.62656730794,4.535010055683
    ));
#133 = CARTESIAN_POINT('',(1.719999999139,-10.60469216329,
    12.383669648932));
#134 = CARTESIAN_POINT('',(1.792499999136,-2.537122295887,
    17.956707938727));
#135 = CARTESIAN_POINT('',(1.864999999142,8.584725076701,17.676225274607
    ));
#136 = CARTESIAN_POINT('',(1.937499999134,17.99998389681,9.621193105679)
  );
#137 = CARTESIAN_POINT('',(2.009999999142,19.466661225139,
    -2.682449086715));
#138 = CARTESIAN_POINT('',(2.082499999137,13.520908669121,
    -12.08575047071));
#139 = CARTESIAN_POINT('',(2.154999999139,4.404992833901,-15.69747852866
    ));
#140 = CARTESIAN_POINT('',(2.227499999138,-3.799791857098,
    -13.84959296684));
#141 = CARTESIAN_POINT('',(2.372499999139,-13.84959322993,-3.79979212174
    ));
#142 = CARTESIAN_POINT('',(2.444999999136,-15.69747751409,4.404993705598
    ));
#143 = CARTESIAN_POINT('',(2.517499999145,-12.08575250551,
    13.520907362969));
#144 = CARTESIAN_POINT('',(2.589999999128,-2.682446563458,
    19.466661887241));
#145 = CARTESIAN_POINT('',(2.66249999915,9.62119113647,17.999984949456)
  );
#146 = CARTESIAN_POINT('',(2.734999999129,17.676226125871,8.58472261074)
  );
#147 = CARTESIAN_POINT('',(2.807499999144,17.956707894317,
    -2.537119878287));
#148 = CARTESIAN_POINT('',(2.879999999137,12.383669487792,
    -10.60469349119));
#149 = CARTESIAN_POINT('',(2.952499999139,4.535010129565,-13.62656694216
    ));
#150 = CARTESIAN_POINT('',(3.097499999138,-9.404464518936,
    -10.85383342027));
#151 = CARTESIAN_POINT('',(3.169999999138,-15.49925892224,
    -5.058432831725));
#152 = CARTESIAN_POINT('',(3.24249999914,-17.56074960441,4.527739267335)
  );
#153 = CARTESIAN_POINT('',(3.314999999136,-13.04547068497,
    14.695650349922));
#154 = CARTESIAN_POINT('',(3.387499999142,-2.000527768572,20.31168790895
    ));
#155 = CARTESIAN_POINT('',(3.459999999135,9.927828542589,16.958321048569
    ));
#156 = CARTESIAN_POINT('',(3.532499999141,16.340005233088,7.866674307525
    ));
#157 = CARTESIAN_POINT('',(3.604999999137,16.188296901914,-1.93748224273
    ));
#158 = CARTESIAN_POINT('',(3.677499999139,11.34123808552,-8.810559697987
    ));
#159 = CARTESIAN_POINT('',(3.822499999138,-1.789459704988,
    -14.24947321016));
#160 = CARTESIAN_POINT('',(3.89499999914,-10.07684810017,-12.81686007651
    ));
#161 = CARTESIAN_POINT('',(3.967499999136,-17.11670682469,
    -5.991552136506));
#162 = CARTESIAN_POINT('',(4.039999999143,-19.01137834285,4.971311510688
    ));
#163 = CARTESIAN_POINT('',(4.112499999134,-12.94794723147,15.77711759231
    ));
#164 = CARTESIAN_POINT('',(4.184999999142,-1.166850628777,19.61593464435
    ));
#165 = CARTESIAN_POINT('',(4.257499999137,9.21572773955,15.618921151465)
  );
#166 = CARTESIAN_POINT('',(4.329999999139,14.536484408731,7.382778272792
    ));
#167 = CARTESIAN_POINT('',(4.402499999138,14.324779539233,
    -1.024858370359));
#168 = CARTESIAN_POINT('',(4.547499999138,6.428701783028,-12.84217451083
    ));
#169 = CARTESIAN_POINT('',(4.619999999139,-1.257927034703,
    -16.25522652596));
#170 = CARTESIAN_POINT('',(4.692499999138,-10.9032935959,-14.49132633092
    ));
#171 = CARTESIAN_POINT('',(4.764999999138,-18.56929602561,
    -6.428661441995));
#172 = CARTESIAN_POINT('',(4.837499999141,-19.53112163537,5.924699787897
    ));
#173 = CARTESIAN_POINT('',(4.909999999134,-11.86823013221,15.66178609714
    ));
#174 = CARTESIAN_POINT('',(4.982499999142,-1.014810180715,
    18.106642322905));
#175 = CARTESIAN_POINT('',(5.054999999137,7.984993281048,14.214593817791
    ));
#176 = CARTESIAN_POINT('',(5.127499999139,12.479999647083,7.106282515122
    ));
#177 = CARTESIAN_POINT('',(5.199999999138,12.479999903073,
    1.14127818307E-10));
#178 = CARTESIAN_POINT('',(-0.200000027019,3.682950522332E-08,
    12.699999903209));
#179 = CARTESIAN_POINT('',(-0.12749974509,7.231554225765,12.699999626304
    ));
#180 = CARTESIAN_POINT('',(-5.500081015811E-02,14.465168726382,
    8.125754816893));
#181 = CARTESIAN_POINT('',(1.750135463739E-02,18.425835949904,
    -1.032702167678));
#182 = CARTESIAN_POINT('',(8.999883177296E-02,15.937868491132,
    -12.07743902006));
#183 = CARTESIAN_POINT('',(0.162500078873,6.029144622896,-19.87543032178
    ));
#184 = CARTESIAN_POINT('',(0.23500101684,-6.541985439509,-18.8966299804)
  );
#185 = CARTESIAN_POINT('',(0.307498765919,-14.74678594173,
    -11.09550463288));
#186 = CARTESIAN_POINT('',(0.380000721612,-16.54177487383,
    -1.280099960151));
#187 = CARTESIAN_POINT('',(0.452499795232,-13.06855953418,6.542027921798
    ));
#188 = CARTESIAN_POINT('',(0.597500203785,-1.04292418902,14.57730007051)
  );
#189 = CARTESIAN_POINT('',(0.66999926796,7.512920775043,14.792735308151)
  );
#190 = CARTESIAN_POINT('',(0.742501257823,15.894261208842,9.378185574525
    ));
#191 = CARTESIAN_POINT('',(0.814998929921,19.96171899528,-1.187418302409
    ));
#192 = CARTESIAN_POINT('',(0.887499997702,16.055247956534,
    -13.17620299955));
#193 = CARTESIAN_POINT('',(0.960001070756,5.058943051527,-19.34650601945
    ));
#194 = CARTESIAN_POINT('',(1.032498738215,-6.097172309243,
    -17.41845021638));
#195 = CARTESIAN_POINT('',(1.105000731646,-13.04279770295,
    -10.25448194637));
#196 = CARTESIAN_POINT('',(1.177499793453,-14.50066610707,
    -1.821005244483));
#197 = CARTESIAN_POINT('',(1.322500204658,-8.965873767638,
    11.541164402668));
#198 = CARTESIAN_POINT('',(1.394999266627,-1.971638078722,
    16.473665038223));
#199 = CARTESIAN_POINT('',(1.467501259474,8.005354461016,16.628054725963
    ));
#200 = CARTESIAN_POINT('',(1.539998928248,17.257257016061,10.10283463942
    ));
#201 = CARTESIAN_POINT('',(1.612499999084,20.669756965264,-2.03579455233
    ));
#202 = CARTESIAN_POINT('',(1.685001069838,14.954700274632,
    -13.27543368871));
#203 = CARTESIAN_POINT('',(1.757498738686,4.607558949667,-17.8703194893)
  );
#204 = CARTESIAN_POINT('',(1.830000731475,-5.147605025049,
    -15.77248028724));
#205 = CARTESIAN_POINT('',(1.902499793484,-11.04516691815,
    -9.570248972699));
#206 = CARTESIAN_POINT('',(2.047500204643,-13.86677898204,4.614954913107
    ));
#207 = CARTESIAN_POINT('',(2.119999266649,-10.79163507287,
    12.601968455688));
#208 = CARTESIAN_POINT('',(2.192501259446,-2.58184326873,18.273258859678
    ));
#209 = CARTESIAN_POINT('',(2.264998928276,8.736050605775,17.987818302461
    ));
#210 = CARTESIAN_POINT('',(2.337499999061,18.317301664111,9.790800386518
    ));
#211 = CARTESIAN_POINT('',(2.410001069855,19.809814627326,
    -2.729733386002));
#212 = CARTESIAN_POINT('',(2.482498738677,13.75926281635,-12.29880501817
    ));
#213 = CARTESIAN_POINT('',(2.555000731479,4.482643394015,-15.97419419274
    ));
#214 = CARTESIAN_POINT('',(2.627499793483,-3.866775203435,
    -14.09373716142));
#215 = CARTESIAN_POINT('',(2.772500204644,-14.09373692053,
    -3.866774857889));
#216 = CARTESIAN_POINT('',(2.844999266647,-15.97419518158,4.48264261398)
  );
#217 = CARTESIAN_POINT('',(2.917501259454,-12.29880290438,
    13.759264193176));
#218 = CARTESIAN_POINT('',(2.989998928265,-2.729735795556,
    19.809813980766));
#219 = CARTESIAN_POINT('',(3.062499999074,9.790802460881,18.31730055541)
  );
#220 = CARTESIAN_POINT('',(3.135001069844,17.987817501329,8.736052968366
    ));
#221 = CARTESIAN_POINT('',(3.207498738683,18.273258889278,
    -2.581845791151));
#222 = CARTESIAN_POINT('',(3.280000731476,12.60196855488,-10.79163381734
    ));
#223 = CARTESIAN_POINT('',(3.352499793483,4.614954759629,-13.86677937431
    ));
#224 = CARTESIAN_POINT('',(3.497500204643,-9.570248964379,
    -11.04516649701));
#225 = CARTESIAN_POINT('',(3.569999266651,-15.77248067608,
    -5.147606222986));
#226 = CARTESIAN_POINT('',(3.642501259441,-17.87031849664,4.607561268793
    ));
#227 = CARTESIAN_POINT('',(3.714998928288,-13.27543533303,
    14.954698398391));
#228 = CARTESIAN_POINT('',(3.787499999043,-2.03579221152,20.669757195834
    ));
#229 = CARTESIAN_POINT('',(3.860001069878,10.102832660635,
    17.257258535425));
#230 = CARTESIAN_POINT('',(3.932498738653,16.628056152027,8.005352380128
    ));
#231 = CARTESIAN_POINT('',(4.0050007315,16.47366442311,-1.971636979667)
  );
#232 = CARTESIAN_POINT('',(4.077499793468,11.541164493015,
    -8.965874179063));
#233 = CARTESIAN_POINT('',(4.222500204673,-1.821005471594,
    -14.50066575228));
#234 = CARTESIAN_POINT('',(4.294999266481,-10.25448160383,
    -13.04279891502));
#235 = CARTESIAN_POINT('',(4.367501259912,-17.41845068031,-6.09716982948
    ));
#236 = CARTESIAN_POINT('',(4.439998927371,-19.3465063426,5.058940577975)
  );
#237 = CARTESIAN_POINT('',(4.512500000423,-13.17620118385,16.05524944871
    ));
#238 = CARTESIAN_POINT('',(4.585001068207,-1.187420788784,
    19.961719159242));
#239 = CARTESIAN_POINT('',(4.657498740303,9.378187913335,15.89426027093)
  );
#240 = CARTESIAN_POINT('',(4.730000730167,14.79273418852,7.512921347123)
  );
#241 = CARTESIAN_POINT('',(4.802499794341,14.577300372622,
    -1.042924480902));
#242 = CARTESIAN_POINT('',(4.947500202894,6.542027539079,-13.06855936539
    ));
#243 = CARTESIAN_POINT('',(5.019999276514,-1.28009902014,-16.54177569117
    ));
#244 = CARTESIAN_POINT('',(5.092501232207,-11.09550634607,
    -14.74678413806));
#245 = CARTESIAN_POINT('',(5.164998981286,-18.89662897263,
    -6.541987674866));
#246 = CARTESIAN_POINT('',(5.237499919256,-19.8754294939,6.029146871033)
  );
#247 = CARTESIAN_POINT('',(5.310001166351,-12.07744135647,
    15.937867247707));
#248 = CARTESIAN_POINT('',(5.382498643491,-1.032699526397,
    18.425836467843));
#249 = CARTESIAN_POINT('',(5.455000808284,8.125753426469,14.465168581301
    ));
#250 = CARTESIAN_POINT('',(5.527499743216,12.70000013237,7.231554150078)
  );
#251 = CARTESIAN_POINT('',(5.600000025145,12.699999855787,
    -3.629713596354E-08));
#252 = DEFINITIONAL_REPRESENTATION('',(#253),#257);
#253 = LINE('',#254,#255);
#254 = CARTESIAN_POINT('',(0.,0.));
#255 = VECTOR('',#256,1.);
#256 = DIRECTION('',(0.,1.));
#257 = ( GEOMETRIC_REPRESENTATION_CONTEXT(2) 
PARAMETRIC_REPRESENTATION_CONTEXT() REPRESENTATION_CONTEXT('2D SPACE',''
  ) );
#258 = PCURVE('',#259,#408);
#259 = B_SPLINE_SURFACE_WITH_KNOTS('',1,10,(
    (#260,#261,#262,#263,#264,#265,#266,#267,#268,#269,#270,#271,#272
      ,#273,#274,#275,#276,#277,#278,#279,#280,#281,#282,#283,#284,#285
      ,#286,#287,#288,#289,#290,#291,#292,#293,#294,#295,#296,#297,#298
      ,#299,#300,#301,#302,#303,#304,#305,#306,#307,#308,#309,#310,#311
      ,#312,#313,#314,#315,#316,#317,#318,#319,#320,#321,#322,#323,#324
      ,#325,#326,#327,#328,#329,#330,#331,#332,#333)
    ,(#334,#335,#336,#337,#338,#339,#340,#341,#342,#343,#344,#345,#346
      ,#347,#348,#349,#350,#351,#352,#353,#354,#355,#356,#357,#358,#359
      ,#360,#361,#362,#363,#364,#365,#366,#367,#368,#369,#370,#371,#372
      ,#373,#374,#375,#376,#377,#378,#379,#380,#381,#382,#383,#384,#385
      ,#386,#387,#388,#389,#390,#391,#392,#393,#394,#395,#396,#397,#398
      ,#399,#400,#401,#402,#403,#404,#405,#406,#407
  )),.UNSPECIFIED.,.F.,.F.,.F.,(2,2),(11,9,9,9,9,9,9,9,11),(0.,0.8),(0.,
    5.74010606028,11.480212120561,17.220318180841,22.960424241121,
    28.700530301401,34.440636361682,40.180742421962,45.920848482242),
  .UNSPECIFIED.);
#260 = CARTESIAN_POINT('',(0.199999999139,3.417643945625E-10,
    12.479999950768));
#261 = CARTESIAN_POINT('',(0.272499999138,7.106282518066,12.479999182803
    ));
#262 = CARTESIAN_POINT('',(0.344999999139,14.214593916542,7.984994754675
    ));
#263 = CARTESIAN_POINT('',(0.417499999139,18.106641811292,
    -1.014812716247));
#264 = CARTESIAN_POINT('',(0.489999999138,15.661787410231,
    -11.86822770458));
#265 = CARTESIAN_POINT('',(0.56249999914,5.92469765398,-19.53112242907)
  );
#266 = CARTESIAN_POINT('',(0.634999999136,-6.428659098315,
    -18.56929707134));
#267 = CARTESIAN_POINT('',(0.70749999914,-14.49132807121,-10.9032919676)
  );
#268 = CARTESIAN_POINT('',(0.779999999138,-16.25522570163,
    -1.257928069692));
#269 = CARTESIAN_POINT('',(0.852499999139,-12.84217471745,6.428702090873
    ));
#270 = CARTESIAN_POINT('',(0.997499999138,-1.024858162174,
    14.324779231447));
#271 = CARTESIAN_POINT('',(1.069999999138,7.382777615962,14.536485571805
    ));
#272 = CARTESIAN_POINT('',(1.142499999139,15.618922035889,9.215725492178
    ));
#273 = CARTESIAN_POINT('',(1.214999999136,19.61593448763,-1.166848027847
    ));
#274 = CARTESIAN_POINT('',(1.287499999142,15.777116176119,-12.9479489553
    ));
#275 = CARTESIAN_POINT('',(1.359999999135,4.971314095394,-19.01137799107
    ));
#276 = CARTESIAN_POINT('',(1.432499999141,-5.991554516414,
    -17.11670639614));
#277 = CARTESIAN_POINT('',(1.504999999137,-12.81685880586,-10.0768485178
    ));
#278 = CARTESIAN_POINT('',(1.577499999139,-14.2494735548,-1.789459561151
    ));
#279 = CARTESIAN_POINT('',(1.722499999138,-8.810559353003,
    11.341237943957));
#280 = CARTESIAN_POINT('',(1.794999999139,-1.937483436385,
    16.188297506065));
#281 = CARTESIAN_POINT('',(1.867499999137,7.866676293133,16.340003853334
    ));
#282 = CARTESIAN_POINT('',(1.93999999914,16.958319471593,9.927830620647)
  );
#283 = CARTESIAN_POINT('',(2.012499999138,20.311687690503,
    -2.000529990776));
#284 = CARTESIAN_POINT('',(2.084999999138,14.695652302693,-13.0454689551
    ));
#285 = CARTESIAN_POINT('',(2.157499999139,4.527737050882,-17.560750571)
  );
#286 = CARTESIAN_POINT('',(2.229999999138,-5.058431543362,
    -15.49925856329));
#287 = CARTESIAN_POINT('',(2.302499999139,-10.85383378671,
    -9.404464590862));
#288 = CARTESIAN_POINT('',(2.447499999138,-13.62656657668,4.535010203546
    ));
#289 = CARTESIAN_POINT('',(2.519999999139,-10.60469481929,
    12.383669326928));
#290 = CARTESIAN_POINT('',(2.592499999137,-2.537117460814,
    17.956707850288));
#291 = CARTESIAN_POINT('',(2.664999999141,8.58472014509,17.676226977537)
  );
#292 = CARTESIAN_POINT('',(2.737499999136,17.999986002346,9.621189167463
    ));
#293 = CARTESIAN_POINT('',(2.80999999914,19.466662549901,-2.682444040257
    ));
#294 = CARTESIAN_POINT('',(2.882499999138,13.520906057033,
    -12.08575454058));
#295 = CARTESIAN_POINT('',(2.954999999139,4.404994577423,-15.69747649986
    ));
#296 = CARTESIAN_POINT('',(3.027499999138,-3.79979238647,-13.84959349332
    ));
#297 = CARTESIAN_POINT('',(3.172499999139,-13.84959270406,
    -3.799791592534));
#298 = CARTESIAN_POINT('',(3.244999999135,-15.69747954358,4.40499196227)
  );
#299 = CARTESIAN_POINT('',(3.317499999146,-12.08574843617,
    13.520909975646));
#300 = CARTESIAN_POINT('',(3.389999999125,-2.682451610033,
    19.466660563337));
#301 = CARTESIAN_POINT('',(3.462499999154,9.621195075106,17.999982844703
    ));
#302 = CARTESIAN_POINT('',(3.534999999126,17.676224423717,8.584727542731
    ));
#303 = CARTESIAN_POINT('',(3.607499999146,17.956707983542,
    -2.537124713473));
#304 = CARTESIAN_POINT('',(3.679999999136,12.383669810338,
    -10.60469083565));
#305 = CARTESIAN_POINT('',(3.752499999139,4.535009981901,-13.62656767401
    ));
#306 = CARTESIAN_POINT('',(3.897499999138,-9.404464375703,-10.8538326881
    ));
#307 = CARTESIAN_POINT('',(3.969999999138,-15.49925964117,
    -5.058435408775));
#308 = CARTESIAN_POINT('',(4.04249999914,-17.56074767237,4.527743700508)
  );
#309 = CARTESIAN_POINT('',(4.114999999135,-13.04547414557,
    14.695646445403));
#310 = CARTESIAN_POINT('',(4.187499999144,-2.000523324296,
    20.311688347107));
#311 = CARTESIAN_POINT('',(4.259999999133,9.927824387131,16.958324203699
    ));
#312 = CARTESIAN_POINT('',(4.332499999142,16.340007993662,7.866670336787
    ));
#313 = CARTESIAN_POINT('',(4.404999999137,16.188295694681,
    -1.937479855532));
#314 = CARTESIAN_POINT('',(4.477499999139,11.34123836939,-8.810560388538
    ));
#315 = CARTESIAN_POINT('',(4.622499999138,-1.789459992778,-14.2494725218
    ));
#316 = CARTESIAN_POINT('',(4.694999999139,-10.07684726558,
    -12.81686261867));
#317 = CARTESIAN_POINT('',(4.767499999138,-17.11670768292,
    -5.991547377055));
#318 = CARTESIAN_POINT('',(4.83999999914,-19.01137904766,4.971306341555)
  );
#319 = CARTESIAN_POINT('',(4.912499999137,-12.94794378465,
    15.777120425784));
#320 = CARTESIAN_POINT('',(4.984999999139,-1.166855830729,
    19.615934959036));
#321 = CARTESIAN_POINT('',(5.057499999138,9.21573223491,15.618919383667)
  );
#322 = CARTESIAN_POINT('',(5.129999999138,14.536482083536,7.382779586927
    ));
#323 = CARTESIAN_POINT('',(5.202499999139,14.324780155745,
    -1.024858786792));
#324 = CARTESIAN_POINT('',(5.347499999138,6.428701167759,-12.84217409843
    ));
#325 = CARTESIAN_POINT('',(5.419999999139,-1.25792496481,-16.25522817568
    ));
#326 = CARTESIAN_POINT('',(5.492499999139,-10.90329685322,
    -14.49132285129));
#327 = CARTESIAN_POINT('',(5.564999999137,-18.56929393537,
    -6.428666129766));
#328 = CARTESIAN_POINT('',(5.637499999143,-19.53112004925,5.924704056118
    ));
#329 = CARTESIAN_POINT('',(5.709999999133,-11.86823498827,
    15.661783471979));
#330 = CARTESIAN_POINT('',(5.782499999143,-1.014805109699,
    18.106643347331));
#331 = CARTESIAN_POINT('',(5.854999999137,7.984990334309,14.21459362122)
  );
#332 = CARTESIAN_POINT('',(5.927499999139,12.480000576469,7.106282509701
    ));
#333 = CARTESIAN_POINT('',(5.999999999138,12.479999808502,
    -3.416054106253E-10));
#334 = CARTESIAN_POINT('',(-0.600000000861,-1.139515148907E-10,
    12.479999855651));
#335 = CARTESIAN_POINT('',(-0.527500000862,7.106282512334,
    12.480000111639));
#336 = CARTESIAN_POINT('',(-0.455000000861,14.214593719347,
    7.984991807591));
#337 = CARTESIAN_POINT('',(-0.382500000863,18.106642834926,
    -1.014807645193));
#338 = CARTESIAN_POINT('',(-0.31000000086,15.661784784381,
    -11.86823256011));
#339 = CARTESIAN_POINT('',(-0.237500000863,5.924701921946,
    -19.53112084209));
#340 = CARTESIAN_POINT('',(-0.165000000861,-6.428663785807,
    -18.56929498028));
#341 = CARTESIAN_POINT('',(-9.250000086138E-02,-14.49132459095,
    -10.90329522444));
#342 = CARTESIAN_POINT('',(-2.000000086168E-02,-16.25522735064,
    -1.257925999744));
#343 = CARTESIAN_POINT('',(5.249999913857E-02,-12.84217430449,
    6.428701475322));
#344 = CARTESIAN_POINT('',(0.197499999138,-1.024858578563,
    14.324779847332));
#345 = CARTESIAN_POINT('',(0.269999999139,7.382778929774,14.536483245972
    ));
#346 = CARTESIAN_POINT('',(0.342499999138,15.618920267407,9.215729987135
    ));
#347 = CARTESIAN_POINT('',(0.414999999138,19.615934801458,-1.16685322975
    ));
#348 = CARTESIAN_POINT('',(0.487499999139,15.777119008899,
    -12.94794550791));
#349 = CARTESIAN_POINT('',(0.559999999137,4.971308926044,-19.01137869505
    ));
#350 = CARTESIAN_POINT('',(0.63249999914,-5.991549756701,-17.11670725361
    ));
#351 = CARTESIAN_POINT('',(0.704999999138,-12.81686134746,
    -10.07684768277));
#352 = CARTESIAN_POINT('',(0.777499999139,-14.24947286582,
    -1.789459848863));
#353 = CARTESIAN_POINT('',(0.922499999138,-8.810560043167,11.34123822733
    ));
#354 = CARTESIAN_POINT('',(0.99499999914,-1.937481049103,16.188296298123
    ));
#355 = CARTESIAN_POINT('',(1.067499999136,7.866672322053,16.340006613192
    ));
#356 = CARTESIAN_POINT('',(1.139999999142,16.958322625976,9.927826464755
    ));
#357 = CARTESIAN_POINT('',(1.212499999135,20.311688127775,
    -2.000525546413));
#358 = CARTESIAN_POINT('',(1.284999999141,14.695648397526,
    -13.04547241513));
#359 = CARTESIAN_POINT('',(1.357499999138,4.52774148386,-17.56074863819)
  );
#360 = CARTESIAN_POINT('',(1.429999999139,-5.058434120191,
    -15.49925928154));
#361 = CARTESIAN_POINT('',(1.502499999139,-10.85383305406,
    -9.404464447216));
#362 = CARTESIAN_POINT('',(1.647499999138,-13.62656730794,4.535010055683
    ));
#363 = CARTESIAN_POINT('',(1.71999999914,-10.60469216329,12.383669648932
    ));
#364 = CARTESIAN_POINT('',(1.792499999136,-2.537122295886,
    17.956707938727));
#365 = CARTESIAN_POINT('',(1.864999999143,8.5847250767,17.676225274607)
  );
#366 = CARTESIAN_POINT('',(1.937499999134,17.999983896812,9.621193105679
    ));
#367 = CARTESIAN_POINT('',(2.009999999142,19.466661225138,
    -2.682449086715));
#368 = CARTESIAN_POINT('',(2.082499999136,13.520908669122,
    -12.08575047071));
#369 = CARTESIAN_POINT('',(2.154999999139,4.404992833901,-15.69747852866
    ));
#370 = CARTESIAN_POINT('',(2.227499999138,-3.799791857098,
    -13.84959296684));
#371 = CARTESIAN_POINT('',(2.372499999139,-13.84959322993,-3.79979212174
    ));
#372 = CARTESIAN_POINT('',(2.444999999136,-15.69747751409,4.404993705598
    ));
#373 = CARTESIAN_POINT('',(2.517499999145,-12.08575250551,13.52090736297
    ));
#374 = CARTESIAN_POINT('',(2.589999999128,-2.682446563459,19.46666188724
    ));
#375 = CARTESIAN_POINT('',(2.66249999915,9.621191136471,17.999984949457)
  );
#376 = CARTESIAN_POINT('',(2.734999999129,17.676226125871,8.584722610739
    ));
#377 = CARTESIAN_POINT('',(2.807499999144,17.956707894317,
    -2.537119878287));
#378 = CARTESIAN_POINT('',(2.879999999137,12.383669487792,
    -10.60469349119));
#379 = CARTESIAN_POINT('',(2.952499999139,4.535010129565,-13.62656694216
    ));
#380 = CARTESIAN_POINT('',(3.097499999138,-9.404464518936,
    -10.85383342027));
#381 = CARTESIAN_POINT('',(3.169999999138,-15.49925892224,
    -5.058432831725));
#382 = CARTESIAN_POINT('',(3.242499999139,-17.56074960441,4.527739267336
    ));
#383 = CARTESIAN_POINT('',(3.314999999136,-13.04547068497,14.69565034992
    ));
#384 = CARTESIAN_POINT('',(3.387499999142,-2.000527768573,
    20.311687908953));
#385 = CARTESIAN_POINT('',(3.459999999135,9.92782854259,16.958321048566)
  );
#386 = CARTESIAN_POINT('',(3.532499999141,16.340005233087,7.866674307527
    ));
#387 = CARTESIAN_POINT('',(3.604999999137,16.188296901915,
    -1.937482242731));
#388 = CARTESIAN_POINT('',(3.677499999139,11.34123808552,-8.810559697987
    ));
#389 = CARTESIAN_POINT('',(3.822499999138,-1.789459704988,
    -14.24947321016));
#390 = CARTESIAN_POINT('',(3.89499999914,-10.07684810017,-12.81686007651
    ));
#391 = CARTESIAN_POINT('',(3.967499999136,-17.11670682469,
    -5.991552136507));
#392 = CARTESIAN_POINT('',(4.039999999142,-19.01137834285,4.97131151069)
  );
#393 = CARTESIAN_POINT('',(4.112499999134,-12.94794723147,
    15.777117592308));
#394 = CARTESIAN_POINT('',(4.184999999142,-1.166850628778,
    19.615934644352));
#395 = CARTESIAN_POINT('',(4.257499999137,9.21572773955,15.618921151464)
  );
#396 = CARTESIAN_POINT('',(4.329999999139,14.536484408731,7.382778272793
    ));
#397 = CARTESIAN_POINT('',(4.402499999138,14.324779539233,
    -1.024858370359));
#398 = CARTESIAN_POINT('',(4.547499999138,6.428701783028,-12.84217451083
    ));
#399 = CARTESIAN_POINT('',(4.619999999139,-1.257927034703,
    -16.25522652596));
#400 = CARTESIAN_POINT('',(4.692499999138,-10.9032935959,-14.49132633091
    ));
#401 = CARTESIAN_POINT('',(4.764999999138,-18.56929602561,
    -6.428661441998));
#402 = CARTESIAN_POINT('',(4.837499999141,-19.53112163537,5.9246997879)
  );
#403 = CARTESIAN_POINT('',(4.909999999134,-11.86823013221,
    15.661786097137));
#404 = CARTESIAN_POINT('',(4.982499999142,-1.014810180716,
    18.106642322907));
#405 = CARTESIAN_POINT('',(5.054999999137,7.984993281049,14.21459381779)
  );
#406 = CARTESIAN_POINT('',(5.127499999139,12.479999647083,7.106282515122
    ));
#407 = CARTESIAN_POINT('',(5.199999999138,12.479999903073,
    1.141287064854E-10));
#408 = DEFINITIONAL_REPRESENTATION('',(#409),#412);
#409 = B_SPLINE_CURVE_WITH_KNOTS('',1,(#410,#411),.UNSPECIFIED.,.F.,.F.,
  (2,2),(0.,45.920848482242),.PIECEWISE_BEZIER_KNOTS.);
#410 = CARTESIAN_POINT('',(0.8,0.));
#411 = CARTESIAN_POINT('',(0.8,45.920848482242));
#412 = ( GEOMETRIC_REPRESENTATION_CONTEXT(2) 
PARAMETRIC_REPRESENTATION_CONTEXT() REPRESENTATION_CONTEXT('2D SPACE',''
  ) );
#413 = ORIENTED_EDGE('',*,*,#414,.F.);
#414 = EDGE_CURVE('',#415,#22,#417,.T.);
#415 = VERTEX_POINT('',#416);
#416 = CARTESIAN_POINT('',(-3.295974604356E-17,12.700036338758,
    1.492008540094E-05));
#417 = SURFACE_CURVE('',#418,(#461,#507),.PCURVE_S1.);
#418 = B_SPLINE_CURVE_WITH_KNOTS('',6,(#419,#420,#421,#422,#423,#424,
    #425,#426,#427,#428,#429,#430,#431,#432,#433,#434,#435,#436,#437,
    #438,#439,#440,#441,#442,#443,#444,#445,#446,#447,#448,#449,#450,
    #451,#452,#453,#454,#455,#456,#457,#458,#459,#460),.UNSPECIFIED.,.F.
  ,.F.,(7,5,5,5,5,5,5,5,7),(0.,0.13098215103,0.257654555707,
    0.38104370006,0.506169369949,0.631025231937,0.750632492972,
    0.871975936684,1.),.UNSPECIFIED.);
#419 = CARTESIAN_POINT('',(0.,12.700036338758,1.492008539294E-05));
#420 = CARTESIAN_POINT('',(0.,12.695278284188,-0.86346716129));
#421 = CARTESIAN_POINT('',(0.,12.6200636451,-1.726617816558));
#422 = CARTESIAN_POINT('',(0.,12.474376439238,-2.58211998917));
#423 = CARTESIAN_POINT('',(0.,12.259245492044,-3.422853679905));
#424 = CARTESIAN_POINT('',(0.,11.976556165964,-4.241865692231));
#425 = CARTESIAN_POINT('',(0.,11.293360492448,-5.796964809977));
#426 = CARTESIAN_POINT('',(0.,10.896994621228,-6.53498972428));
#427 = CARTESIAN_POINT('',(0.,10.442772508595,-7.240397707046));
#428 = CARTESIAN_POINT('',(0.,9.934093268601,-7.907607054445));
#429 = CARTESIAN_POINT('',(0.,9.374996521178,-8.53146883971));
#430 = CARTESIAN_POINT('',(0.,8.1812660893,-9.668343426304));
#431 = CARTESIAN_POINT('',(0.,7.548899479762,-10.18387350214));
#432 = CARTESIAN_POINT('',(0.,6.877622406951,-10.64967944869));
#433 = CARTESIAN_POINT('',(0.,6.1723304054,-11.06217845977));
#434 = CARTESIAN_POINT('',(0.,5.438308716669,-11.41837511292));
#435 = CARTESIAN_POINT('',(0.,3.913646339236,-12.01778797365));
#436 = CARTESIAN_POINT('',(0.,3.122267113526,-12.2593778436));
#437 = CARTESIAN_POINT('',(0.,2.313154667898,-12.43835044338));
#438 = CARTESIAN_POINT('',(0.,1.492476170695,-12.55317821401));
#439 = CARTESIAN_POINT('',(0.,0.666544357554,-12.60306725976));
#440 = CARTESIAN_POINT('',(0.,-0.981089981692,-12.57319402732));
#441 = CARTESIAN_POINT('',(0.,-1.802893279656,-12.49370936806));
#442 = CARTESIAN_POINT('',(0.,-2.617133329418,-12.34972963094));
#443 = CARTESIAN_POINT('',(0.,-3.41754183334,-12.14220199723));
#444 = CARTESIAN_POINT('',(0.,-4.197996236425,-11.87280470127));
#445 = CARTESIAN_POINT('',(0.,-5.675405665943,-11.22921277764));
#446 = CARTESIAN_POINT('',(0.,-6.374567409701,-10.85986661148));
#447 = CARTESIAN_POINT('',(0.,-7.044824489679,-10.4382904581));
#448 = CARTESIAN_POINT('',(0.,-7.681365825425,-9.967344948703));
#449 = CARTESIAN_POINT('',(0.,-8.279730214226,-9.450423428732));
#450 = CARTESIAN_POINT('',(0.,-9.400105897567,-8.324567569092));
#451 = CARTESIAN_POINT('',(0.,-9.920940925821,-7.714348115176));
#452 = CARTESIAN_POINT('',(0.,-10.39415265421,-7.065084161962));
#453 = CARTESIAN_POINT('',(0.,-10.8161657294,-6.381430929944));
#454 = CARTESIAN_POINT('',(0.,-11.18396114436,-5.6684317789));
#455 = CARTESIAN_POINT('',(0.,-11.82356089777,-4.154179195097));
#456 = CARTESIAN_POINT('',(0.,-12.08900553799,-3.350133445731));
#457 = CARTESIAN_POINT('',(0.,-12.28873954256,-2.525915297181));
#458 = CARTESIAN_POINT('',(0.,-12.42096449844,-1.688209576961));
#459 = CARTESIAN_POINT('',(0.,-12.48469777714,-0.843878638488));
#460 = CARTESIAN_POINT('',(0.,-12.47995819115,1.013428259E-05));
#461 = PCURVE('',#103,#462);
#462 = DEFINITIONAL_REPRESENTATION('',(#463),#506);
#463 = B_SPLINE_CURVE_WITH_KNOTS('',6,(#464,#465,#466,#467,#468,#469,
    #470,#471,#472,#473,#474,#475,#476,#477,#478,#479,#480,#481,#482,
    #483,#484,#485,#486,#487,#488,#489,#490,#491,#492,#493,#494,#495,
    #496,#497,#498,#499,#500,#501,#502,#503,#504,#505),.UNSPECIFIED.,.F.
  ,.F.,(7,5,5,5,5,5,5,5,7),(0.,0.13098215103,0.257654555707,
    0.38104370006,0.506169369949,0.631025231937,0.750632492972,
    0.871975936684,1.),.UNSPECIFIED.);
#464 = CARTESIAN_POINT('',(0.456508488421,1.583477493957));
#465 = CARTESIAN_POINT('',(0.446628679981,1.652017096357));
#466 = CARTESIAN_POINT('',(0.436743798038,1.720591899349));
#467 = CARTESIAN_POINT('',(0.426855288665,1.78919187005));
#468 = CARTESIAN_POINT('',(0.416962380321,1.857822359365));
#469 = CARTESIAN_POINT('',(0.407064272206,1.926488921335));
#470 = CARTESIAN_POINT('',(0.387586302563,2.061614258022));
#471 = CARTESIAN_POINT('',(0.378005495144,2.128079594772));
#472 = CARTESIAN_POINT('',(0.368421180945,2.194569257493));
#473 = CARTESIAN_POINT('',(0.35883268869,2.261087902515));
#474 = CARTESIAN_POINT('',(0.349239328044,2.32764031888));
#475 = CARTESIAN_POINT('',(0.330294050582,2.459070169256));
#476 = CARTESIAN_POINT('',(0.320941276331,2.523953551696));
#477 = CARTESIAN_POINT('',(0.311585081315,2.588860663397));
#478 = CARTESIAN_POINT('',(0.302224881875,2.653795553945));
#479 = CARTESIAN_POINT('',(0.292860079624,2.718762375187));
#480 = CARTESIAN_POINT('',(0.273991617417,2.849659320794));
#481 = CARTESIAN_POINT('',(0.264486790057,2.915597543846));
#482 = CARTESIAN_POINT('',(0.254978485407,2.981559890606));
#483 = CARTESIAN_POINT('',(0.24546608002,3.047550686657));
#484 = CARTESIAN_POINT('',(0.235948927683,3.11357441525));
#485 = CARTESIAN_POINT('',(0.216928022287,3.245528919784));
#486 = CARTESIAN_POINT('',(0.207423192381,3.31146716617));
#487 = CARTESIAN_POINT('',(0.197914904926,3.377429400123));
#488 = CARTESIAN_POINT('',(0.188402522622,3.443420042591));
#489 = CARTESIAN_POINT('',(0.178885382942,3.50944368933));
#490 = CARTESIAN_POINT('',(0.160244141236,3.638764347024));
#491 = CARTESIAN_POINT('',(0.151119387301,3.702065880472));
#492 = CARTESIAN_POINT('',(0.141991342761,3.765390241872));
#493 = CARTESIAN_POINT('',(0.132859480189,3.828741089764));
#494 = CARTESIAN_POINT('',(0.123723256905,3.892122188639));
#495 = CARTESIAN_POINT('',(0.10531133624,4.019851964088));
#496 = CARTESIAN_POINT('',(9.603459242717E-02,4.084207900097));
#497 = CARTESIAN_POINT('',(8.675445050881E-02,4.148587408974));
#498 = CARTESIAN_POINT('',(7.747034989504E-02,4.212994379839));
#499 = CARTESIAN_POINT('',(6.818171394942E-02,4.277432813376));
#500 = CARTESIAN_POINT('',(4.908589411686E-02,4.4099070241));
#501 = CARTESIAN_POINT('',(3.927713420726E-02,4.477953734684));
#502 = CARTESIAN_POINT('',(2.9464705127E-02,4.546025899922));
#503 = CARTESIAN_POINT('',(1.964786452136E-02,4.6141286703));
#504 = CARTESIAN_POINT('',(9.825841978916E-03,4.682267390639));
#505 = CARTESIAN_POINT('',(0.,4.750432608432));
#506 = ( GEOMETRIC_REPRESENTATION_CONTEXT(2) 
PARAMETRIC_REPRESENTATION_CONTEXT() REPRESENTATION_CONTEXT('2D SPACE',''
  ) );
#507 = PCURVE('',#508,#513);
#508 = PLANE('',#509);
#509 = AXIS2_PLACEMENT_3D('',#510,#511,#512);
#510 = CARTESIAN_POINT('',(0.,-14.7,-14.7));
#511 = DIRECTION('',(1.,0.,0.));
#512 = DIRECTION('',(0.,0.,1.));
#513 = DEFINITIONAL_REPRESENTATION('',(#514),#557);
#514 = B_SPLINE_CURVE_WITH_KNOTS('',6,(#515,#516,#517,#518,#519,#520,
    #521,#522,#523,#524,#525,#526,#527,#528,#529,#530,#531,#532,#533,
    #534,#535,#536,#537,#538,#539,#540,#541,#542,#543,#544,#545,#546,
    #547,#548,#549,#550,#551,#552,#553,#554,#555,#556),.UNSPECIFIED.,.F.
  ,.F.,(7,5,5,5,5,5,5,5,7),(0.,0.13098215103,0.257654555707,
    0.38104370006,0.506169369949,0.631025231937,0.750632492972,
    0.871975936684,1.),.UNSPECIFIED.);
#515 = CARTESIAN_POINT('',(14.700014920085,-27.40003633875));
#516 = CARTESIAN_POINT('',(13.83653283871,-27.39527828418));
#517 = CARTESIAN_POINT('',(12.973382183442,-27.3200636451));
#518 = CARTESIAN_POINT('',(12.11788001083,-27.17437643923));
#519 = CARTESIAN_POINT('',(11.277146320095,-26.95924549204));
#520 = CARTESIAN_POINT('',(10.458134307769,-26.67655616596));
#521 = CARTESIAN_POINT('',(8.903035190023,-25.99336049244));
#522 = CARTESIAN_POINT('',(8.16501027572,-25.59699462122));
#523 = CARTESIAN_POINT('',(7.459602292954,-25.14277250859));
#524 = CARTESIAN_POINT('',(6.792392945555,-24.6340932686));
#525 = CARTESIAN_POINT('',(6.16853116029,-24.07499652117));
#526 = CARTESIAN_POINT('',(5.031656573696,-22.8812660893));
#527 = CARTESIAN_POINT('',(4.516126497857,-22.24889947976));
#528 = CARTESIAN_POINT('',(4.050320551304,-21.57762240695));
#529 = CARTESIAN_POINT('',(3.637821540222,-20.8723304054));
#530 = CARTESIAN_POINT('',(3.28162488708,-20.13830871666));
#531 = CARTESIAN_POINT('',(2.682212026346,-18.61364633923));
#532 = CARTESIAN_POINT('',(2.440622156399,-17.82226711352));
#533 = CARTESIAN_POINT('',(2.261649556617,-17.01315466789));
#534 = CARTESIAN_POINT('',(2.146821785981,-16.19247617069));
#535 = CARTESIAN_POINT('',(2.096932740232,-15.36654435755));
#536 = CARTESIAN_POINT('',(2.126805972674,-13.7189100183));
#537 = CARTESIAN_POINT('',(2.206290631937,-12.89710672034));
#538 = CARTESIAN_POINT('',(2.350270369058,-12.08286667058));
#539 = CARTESIAN_POINT('',(2.557798002761,-11.28245816666));
#540 = CARTESIAN_POINT('',(2.827195298724,-10.50200376357));
#541 = CARTESIAN_POINT('',(3.470787222357,-9.024594334057));
#542 = CARTESIAN_POINT('',(3.840133388517,-8.325432590299));
#543 = CARTESIAN_POINT('',(4.261709541898,-7.655175510321));
#544 = CARTESIAN_POINT('',(4.732655051297,-7.018634174575));
#545 = CARTESIAN_POINT('',(5.249576571268,-6.420269785774));
#546 = CARTESIAN_POINT('',(6.375432430908,-5.299894102433));
#547 = CARTESIAN_POINT('',(6.985651884824,-4.779059074179));
#548 = CARTESIAN_POINT('',(7.634915838038,-4.305847345786));
#549 = CARTESIAN_POINT('',(8.318569070056,-3.883834270597));
#550 = CARTESIAN_POINT('',(9.0315682211,-3.516038855633));
#551 = CARTESIAN_POINT('',(10.545820804903,-2.876439102229));
#552 = CARTESIAN_POINT('',(11.349866554269,-2.610994462003));
#553 = CARTESIAN_POINT('',(12.174084702819,-2.411260457437));
#554 = CARTESIAN_POINT('',(13.011790423039,-2.27903550156));
#555 = CARTESIAN_POINT('',(13.856121361512,-2.215302222852));
#556 = CARTESIAN_POINT('',(14.700010134283,-2.220041808842));
#557 = ( GEOMETRIC_REPRESENTATION_CONTEXT(2) 
PARAMETRIC_REPRESENTATION_CONTEXT() REPRESENTATION_CONTEXT('2D SPACE',''
  ) );
#558 = ORIENTED_EDGE('',*,*,#559,.T.);
#559 = EDGE_CURVE('',#415,#560,#562,.T.);
#560 = VERTEX_POINT('',#561);
#561 = CARTESIAN_POINT('',(5.,9.45622104731E-06,-12.69995743842));
#562 = SURFACE_CURVE('',#563,(#638,#645),.PCURVE_S1.);
#563 = B_SPLINE_CURVE_WITH_KNOTS('',10,(#564,#565,#566,#567,#568,#569,
    #570,#571,#572,#573,#574,#575,#576,#577,#578,#579,#580,#581,#582,
    #583,#584,#585,#586,#587,#588,#589,#590,#591,#592,#593,#594,#595,
    #596,#597,#598,#599,#600,#601,#602,#603,#604,#605,#606,#607,#608,
    #609,#610,#611,#612,#613,#614,#615,#616,#617,#618,#619,#620,#621,
    #622,#623,#624,#625,#626,#627,#628,#629,#630,#631,#632,#633,#634,
    #635,#636,#637),.UNSPECIFIED.,.F.,.F.,(11,9,9,9,9,9,9,9,11),(0.,
    5.74010606028,11.480212120561,17.220318180841,22.960424241121,
    28.700530301401,34.440636361682,40.180742421962,45.920848482242),
  .UNSPECIFIED.);
#564 = CARTESIAN_POINT('',(-0.200000027019,3.682950522332E-08,
    12.699999903209));
#565 = CARTESIAN_POINT('',(-0.12749974509,7.231554225765,12.699999626304
    ));
#566 = CARTESIAN_POINT('',(-5.500081015811E-02,14.465168726382,
    8.125754816893));
#567 = CARTESIAN_POINT('',(1.750135463739E-02,18.425835949904,
    -1.032702167678));
#568 = CARTESIAN_POINT('',(8.999883177296E-02,15.937868491132,
    -12.07743902006));
#569 = CARTESIAN_POINT('',(0.162500078873,6.029144622896,-19.87543032178
    ));
#570 = CARTESIAN_POINT('',(0.23500101684,-6.541985439509,-18.8966299804)
  );
#571 = CARTESIAN_POINT('',(0.307498765919,-14.74678594173,
    -11.09550463288));
#572 = CARTESIAN_POINT('',(0.380000721612,-16.54177487383,
    -1.280099960151));
#573 = CARTESIAN_POINT('',(0.452499795232,-13.06855953418,6.542027921798
    ));
#574 = CARTESIAN_POINT('',(0.597500203785,-1.04292418902,14.57730007051)
  );
#575 = CARTESIAN_POINT('',(0.66999926796,7.512920775043,14.792735308151)
  );
#576 = CARTESIAN_POINT('',(0.742501257823,15.894261208842,9.378185574525
    ));
#577 = CARTESIAN_POINT('',(0.814998929921,19.96171899528,-1.187418302409
    ));
#578 = CARTESIAN_POINT('',(0.887499997702,16.055247956534,
    -13.17620299955));
#579 = CARTESIAN_POINT('',(0.960001070756,5.058943051527,-19.34650601945
    ));
#580 = CARTESIAN_POINT('',(1.032498738215,-6.097172309243,
    -17.41845021638));
#581 = CARTESIAN_POINT('',(1.105000731646,-13.04279770295,
    -10.25448194637));
#582 = CARTESIAN_POINT('',(1.177499793453,-14.50066610707,
    -1.821005244483));
#583 = CARTESIAN_POINT('',(1.322500204658,-8.965873767638,
    11.541164402668));
#584 = CARTESIAN_POINT('',(1.394999266627,-1.971638078722,
    16.473665038223));
#585 = CARTESIAN_POINT('',(1.467501259474,8.005354461016,16.628054725963
    ));
#586 = CARTESIAN_POINT('',(1.539998928248,17.257257016061,10.10283463942
    ));
#587 = CARTESIAN_POINT('',(1.612499999084,20.669756965264,-2.03579455233
    ));
#588 = CARTESIAN_POINT('',(1.685001069838,14.954700274632,
    -13.27543368871));
#589 = CARTESIAN_POINT('',(1.757498738686,4.607558949667,-17.8703194893)
  );
#590 = CARTESIAN_POINT('',(1.830000731475,-5.147605025049,
    -15.77248028724));
#591 = CARTESIAN_POINT('',(1.902499793484,-11.04516691815,
    -9.570248972699));
#592 = CARTESIAN_POINT('',(2.047500204643,-13.86677898204,4.614954913107
    ));
#593 = CARTESIAN_POINT('',(2.119999266649,-10.79163507287,
    12.601968455688));
#594 = CARTESIAN_POINT('',(2.192501259446,-2.58184326873,18.273258859678
    ));
#595 = CARTESIAN_POINT('',(2.264998928276,8.736050605775,17.987818302461
    ));
#596 = CARTESIAN_POINT('',(2.337499999061,18.317301664111,9.790800386518
    ));
#597 = CARTESIAN_POINT('',(2.410001069855,19.809814627326,
    -2.729733386002));
#598 = CARTESIAN_POINT('',(2.482498738677,13.75926281635,-12.29880501817
    ));
#599 = CARTESIAN_POINT('',(2.555000731479,4.482643394015,-15.97419419274
    ));
#600 = CARTESIAN_POINT('',(2.627499793483,-3.866775203435,
    -14.09373716142));
#601 = CARTESIAN_POINT('',(2.772500204644,-14.09373692053,
    -3.866774857889));
#602 = CARTESIAN_POINT('',(2.844999266647,-15.97419518158,4.48264261398)
  );
#603 = CARTESIAN_POINT('',(2.917501259454,-12.29880290438,
    13.759264193176));
#604 = CARTESIAN_POINT('',(2.989998928265,-2.729735795556,
    19.809813980766));
#605 = CARTESIAN_POINT('',(3.062499999074,9.790802460881,18.31730055541)
  );
#606 = CARTESIAN_POINT('',(3.135001069844,17.987817501329,8.736052968366
    ));
#607 = CARTESIAN_POINT('',(3.207498738683,18.273258889278,
    -2.581845791151));
#608 = CARTESIAN_POINT('',(3.280000731476,12.60196855488,-10.79163381734
    ));
#609 = CARTESIAN_POINT('',(3.352499793483,4.614954759629,-13.86677937431
    ));
#610 = CARTESIAN_POINT('',(3.497500204643,-9.570248964379,
    -11.04516649701));
#611 = CARTESIAN_POINT('',(3.569999266651,-15.77248067608,
    -5.147606222986));
#612 = CARTESIAN_POINT('',(3.642501259441,-17.87031849664,4.607561268793
    ));
#613 = CARTESIAN_POINT('',(3.714998928288,-13.27543533303,
    14.954698398391));
#614 = CARTESIAN_POINT('',(3.787499999043,-2.03579221152,20.669757195834
    ));
#615 = CARTESIAN_POINT('',(3.860001069878,10.102832660635,
    17.257258535425));
#616 = CARTESIAN_POINT('',(3.932498738653,16.628056152027,8.005352380128
    ));
#617 = CARTESIAN_POINT('',(4.0050007315,16.47366442311,-1.971636979667)
  );
#618 = CARTESIAN_POINT('',(4.077499793468,11.541164493015,
    -8.965874179063));
#619 = CARTESIAN_POINT('',(4.222500204673,-1.821005471594,
    -14.50066575228));
#620 = CARTESIAN_POINT('',(4.294999266481,-10.25448160383,
    -13.04279891502));
#621 = CARTESIAN_POINT('',(4.367501259912,-17.41845068031,-6.09716982948
    ));
#622 = CARTESIAN_POINT('',(4.439998927371,-19.3465063426,5.058940577975)
  );
#623 = CARTESIAN_POINT('',(4.512500000423,-13.17620118385,16.05524944871
    ));
#624 = CARTESIAN_POINT('',(4.585001068207,-1.187420788784,
    19.961719159242));
#625 = CARTESIAN_POINT('',(4.657498740303,9.378187913335,15.89426027093)
  );
#626 = CARTESIAN_POINT('',(4.730000730167,14.79273418852,7.512921347123)
  );
#627 = CARTESIAN_POINT('',(4.802499794341,14.577300372622,
    -1.042924480902));
#628 = CARTESIAN_POINT('',(4.947500202894,6.542027539079,-13.06855936539
    ));
#629 = CARTESIAN_POINT('',(5.019999276514,-1.28009902014,-16.54177569117
    ));
#630 = CARTESIAN_POINT('',(5.092501232207,-11.09550634607,
    -14.74678413806));
#631 = CARTESIAN_POINT('',(5.164998981286,-18.89662897263,
    -6.541987674866));
#632 = CARTESIAN_POINT('',(5.237499919256,-19.8754294939,6.029146871033)
  );
#633 = CARTESIAN_POINT('',(5.310001166351,-12.07744135647,
    15.937867247707));
#634 = CARTESIAN_POINT('',(5.382498643491,-1.032699526397,
    18.425836467843));
#635 = CARTESIAN_POINT('',(5.455000808284,8.125753426469,14.465168581301
    ));
#636 = CARTESIAN_POINT('',(5.527499743216,12.70000013237,7.231554150078)
  );
#637 = CARTESIAN_POINT('',(5.600000025145,12.699999855787,
    -3.629713596354E-08));
#638 = PCURVE('',#103,#639);
#639 = DEFINITIONAL_REPRESENTATION('',(#640),#644);
#640 = LINE('',#641,#642);
#641 = CARTESIAN_POINT('',(0.456508488421,0.));
#642 = VECTOR('',#643,1.);
#643 = DIRECTION('',(0.,1.));
#644 = ( GEOMETRIC_REPRESENTATION_CONTEXT(2) 
PARAMETRIC_REPRESENTATION_CONTEXT() REPRESENTATION_CONTEXT('2D SPACE',''
  ) );
#645 = PCURVE('',#646,#795);
#646 = B_SPLINE_SURFACE_WITH_KNOTS('',1,10,(
    (#647,#648,#649,#650,#651,#652,#653,#654,#655,#656,#657,#658,#659
      ,#660,#661,#662,#663,#664,#665,#666,#667,#668,#669,#670,#671,#672
      ,#673,#674,#675,#676,#677,#678,#679,#680,#681,#682,#683,#684,#685
      ,#686,#687,#688,#689,#690,#691,#692,#693,#694,#695,#696,#697,#698
      ,#699,#700,#701,#702,#703,#704,#705,#706,#707,#708,#709,#710,#711
      ,#712,#713,#714,#715,#716,#717,#718,#719,#720)
    ,(#721,#722,#723,#724,#725,#726,#727,#728,#729,#730,#731,#732,#733
      ,#734,#735,#736,#737,#738,#739,#740,#741,#742,#743,#744,#745,#746
      ,#747,#748,#749,#750,#751,#752,#753,#754,#755,#756,#757,#758,#759
      ,#760,#761,#762,#763,#764,#765,#766,#767,#768,#769,#770,#771,#772
      ,#773,#774,#775,#776,#777,#778,#779,#780,#781,#782,#783,#784,#785
      ,#786,#787,#788,#789,#790,#791,#792,#793,#794
  )),.UNSPECIFIED.,.F.,.F.,.F.,(2,2),(11,9,9,9,9,9,9,9,11),(0.,
    0.456508488421),(0.,5.74010606028,11.480212120561,17.220318180841,
    22.960424241121,28.700530301401,34.440636361682,40.180742421962,
    45.920848482242),.UNSPECIFIED.);
#647 = CARTESIAN_POINT('',(-0.200000027019,3.682950522332E-08,
    12.699999903209));
#648 = CARTESIAN_POINT('',(-0.12749974509,7.231554225765,12.699999626304
    ));
#649 = CARTESIAN_POINT('',(-5.500081015811E-02,14.465168726382,
    8.125754816893));
#650 = CARTESIAN_POINT('',(1.750135463739E-02,18.425835949904,
    -1.032702167678));
#651 = CARTESIAN_POINT('',(8.999883177296E-02,15.937868491131,
    -12.07743902006));
#652 = CARTESIAN_POINT('',(0.162500078873,6.029144622896,-19.87543032178
    ));
#653 = CARTESIAN_POINT('',(0.23500101684,-6.541985439509,-18.8966299804)
  );
#654 = CARTESIAN_POINT('',(0.307498765919,-14.74678594173,
    -11.09550463288));
#655 = CARTESIAN_POINT('',(0.380000721612,-16.54177487383,
    -1.280099960151));
#656 = CARTESIAN_POINT('',(0.452499795232,-13.06855953418,6.542027921798
    ));
#657 = CARTESIAN_POINT('',(0.597500203785,-1.04292418902,14.57730007051)
  );
#658 = CARTESIAN_POINT('',(0.66999926796,7.512920775042,14.792735308151)
  );
#659 = CARTESIAN_POINT('',(0.742501257823,15.894261208844,9.378185574525
    ));
#660 = CARTESIAN_POINT('',(0.814998929921,19.961718995277,
    -1.187418302409));
#661 = CARTESIAN_POINT('',(0.887499997702,16.055247956538,
    -13.17620299955));
#662 = CARTESIAN_POINT('',(0.960001070756,5.058943051524,-19.34650601945
    ));
#663 = CARTESIAN_POINT('',(1.032498738215,-6.097172309241,
    -17.41845021638));
#664 = CARTESIAN_POINT('',(1.105000731646,-13.04279770295,
    -10.25448194637));
#665 = CARTESIAN_POINT('',(1.177499793453,-14.50066610707,
    -1.821005244483));
#666 = CARTESIAN_POINT('',(1.322500204658,-8.965873767638,
    11.541164402668));
#667 = CARTESIAN_POINT('',(1.394999266627,-1.971638078721,
    16.473665038223));
#668 = CARTESIAN_POINT('',(1.467501259474,8.005354461015,16.628054725963
    ));
#669 = CARTESIAN_POINT('',(1.539998928248,17.257257016062,
    10.102834639419));
#670 = CARTESIAN_POINT('',(1.612499999084,20.669756965263,
    -2.035794552329));
#671 = CARTESIAN_POINT('',(1.685001069838,14.954700274633,
    -13.27543368871));
#672 = CARTESIAN_POINT('',(1.757498738686,4.607558949666,-17.8703194893)
  );
#673 = CARTESIAN_POINT('',(1.830000731475,-5.147605025048,
    -15.77248028724));
#674 = CARTESIAN_POINT('',(1.902499793484,-11.04516691815,
    -9.570248972699));
#675 = CARTESIAN_POINT('',(2.047500204643,-13.86677898204,4.614954913107
    ));
#676 = CARTESIAN_POINT('',(2.119999266649,-10.79163507287,
    12.601968455688));
#677 = CARTESIAN_POINT('',(2.192501259446,-2.58184326873,18.273258859679
    ));
#678 = CARTESIAN_POINT('',(2.264998928277,8.736050605775,17.987818302458
    ));
#679 = CARTESIAN_POINT('',(2.33749999906,18.317301664111,9.79080038652)
  );
#680 = CARTESIAN_POINT('',(2.410001069855,19.809814627326,
    -2.729733386004));
#681 = CARTESIAN_POINT('',(2.482498738677,13.75926281635,-12.29880501817
    ));
#682 = CARTESIAN_POINT('',(2.555000731479,4.482643394015,-15.97419419274
    ));
#683 = CARTESIAN_POINT('',(2.627499793483,-3.866775203435,
    -14.09373716142));
#684 = CARTESIAN_POINT('',(2.772500204644,-14.09373692053,
    -3.866774857889));
#685 = CARTESIAN_POINT('',(2.844999266647,-15.97419518158,4.482642613981
    ));
#686 = CARTESIAN_POINT('',(2.917501259454,-12.29880290438,
    13.759264193176));
#687 = CARTESIAN_POINT('',(2.989998928265,-2.729735795556,
    19.809813980766));
#688 = CARTESIAN_POINT('',(3.062499999074,9.790802460881,18.317300555409
    ));
#689 = CARTESIAN_POINT('',(3.135001069844,17.987817501329,8.736052968366
    ));
#690 = CARTESIAN_POINT('',(3.207498738683,18.273258889278,
    -2.581845791151));
#691 = CARTESIAN_POINT('',(3.280000731476,12.60196855488,-10.79163381734
    ));
#692 = CARTESIAN_POINT('',(3.352499793483,4.614954759629,-13.86677937431
    ));
#693 = CARTESIAN_POINT('',(3.497500204643,-9.570248964379,
    -11.04516649701));
#694 = CARTESIAN_POINT('',(3.569999266651,-15.77248067608,
    -5.147606222987));
#695 = CARTESIAN_POINT('',(3.642501259441,-17.87031849664,4.607561268793
    ));
#696 = CARTESIAN_POINT('',(3.714998928287,-13.27543533303,14.95469839839
    ));
#697 = CARTESIAN_POINT('',(3.787499999043,-2.035792211521,
    20.669757195835));
#698 = CARTESIAN_POINT('',(3.860001069878,10.102832660636,
    17.257258535424));
#699 = CARTESIAN_POINT('',(3.932498738653,16.628056152026,8.005352380129
    ));
#700 = CARTESIAN_POINT('',(4.0050007315,16.47366442311,-1.971636979668)
  );
#701 = CARTESIAN_POINT('',(4.077499793468,11.541164493015,
    -8.965874179063));
#702 = CARTESIAN_POINT('',(4.222500204673,-1.821005471594,
    -14.50066575228));
#703 = CARTESIAN_POINT('',(4.29499926648,-10.25448160383,-13.04279891502
    ));
#704 = CARTESIAN_POINT('',(4.367501259912,-17.41845068031,
    -6.097169829479));
#705 = CARTESIAN_POINT('',(4.439998927371,-19.3465063426,5.058940577974)
  );
#706 = CARTESIAN_POINT('',(4.512500000424,-13.17620118385,16.05524944871
    ));
#707 = CARTESIAN_POINT('',(4.585001068207,-1.187420788784,
    19.961719159242));
#708 = CARTESIAN_POINT('',(4.657498740303,9.378187913335,15.89426027093)
  );
#709 = CARTESIAN_POINT('',(4.730000730167,14.79273418852,7.512921347123)
  );
#710 = CARTESIAN_POINT('',(4.802499794341,14.577300372622,
    -1.042924480902));
#711 = CARTESIAN_POINT('',(4.947500202894,6.542027539079,-13.06855936539
    ));
#712 = CARTESIAN_POINT('',(5.019999276514,-1.28009902014,-16.54177569117
    ));
#713 = CARTESIAN_POINT('',(5.092501232207,-11.09550634607,
    -14.74678413806));
#714 = CARTESIAN_POINT('',(5.164998981286,-18.89662897263,
    -6.541987674867));
#715 = CARTESIAN_POINT('',(5.237499919256,-19.8754294939,6.029146871034)
  );
#716 = CARTESIAN_POINT('',(5.310001166351,-12.07744135647,
    15.937867247706));
#717 = CARTESIAN_POINT('',(5.382498643491,-1.032699526397,
    18.425836467843));
#718 = CARTESIAN_POINT('',(5.455000808284,8.125753426469,14.4651685813)
  );
#719 = CARTESIAN_POINT('',(5.527499743216,12.70000013237,7.231554150078)
  );
#720 = CARTESIAN_POINT('',(5.600000025145,12.699999855787,
    -3.629713596354E-08));
#721 = CARTESIAN_POINT('',(0.199999999139,3.417768290603E-10,
    12.479999950768));
#722 = CARTESIAN_POINT('',(0.272499999138,7.106282518066,12.479999182803
    ));
#723 = CARTESIAN_POINT('',(0.344999999139,14.214593916542,7.984994754676
    ));
#724 = CARTESIAN_POINT('',(0.417499999139,18.106641811291,
    -1.014812716248));
#725 = CARTESIAN_POINT('',(0.489999999138,15.661787410232,
    -11.86822770458));
#726 = CARTESIAN_POINT('',(0.56249999914,5.924697653979,-19.53112242907)
  );
#727 = CARTESIAN_POINT('',(0.634999999136,-6.428659098314,
    -18.56929707134));
#728 = CARTESIAN_POINT('',(0.70749999914,-14.49132807121,-10.9032919676)
  );
#729 = CARTESIAN_POINT('',(0.779999999138,-16.25522570162,
    -1.257928069692));
#730 = CARTESIAN_POINT('',(0.852499999139,-12.84217471745,6.428702090873
    ));
#731 = CARTESIAN_POINT('',(0.997499999138,-1.024858162174,
    14.324779231447));
#732 = CARTESIAN_POINT('',(1.069999999138,7.382777615962,14.536485571805
    ));
#733 = CARTESIAN_POINT('',(1.142499999139,15.61892203589,9.215725492177)
  );
#734 = CARTESIAN_POINT('',(1.214999999136,19.615934487629,
    -1.166848027846));
#735 = CARTESIAN_POINT('',(1.287499999142,15.77711617612,-12.9479489553)
  );
#736 = CARTESIAN_POINT('',(1.359999999135,4.971314095393,-19.01137799107
    ));
#737 = CARTESIAN_POINT('',(1.432499999141,-5.991554516413,
    -17.11670639614));
#738 = CARTESIAN_POINT('',(1.504999999137,-12.81685880586,-10.0768485178
    ));
#739 = CARTESIAN_POINT('',(1.577499999139,-14.2494735548,-1.789459561151
    ));
#740 = CARTESIAN_POINT('',(1.722499999138,-8.810559353003,
    11.341237943957));
#741 = CARTESIAN_POINT('',(1.794999999139,-1.937483436385,
    16.188297506066));
#742 = CARTESIAN_POINT('',(1.867499999137,7.866676293134,16.340003853333
    ));
#743 = CARTESIAN_POINT('',(1.93999999914,16.958319471591,9.927830620648)
  );
#744 = CARTESIAN_POINT('',(2.012499999138,20.311687690505,
    -2.000529990778));
#745 = CARTESIAN_POINT('',(2.084999999138,14.695652302691,
    -13.04546895509));
#746 = CARTESIAN_POINT('',(2.157499999139,4.527737050884,-17.560750571)
  );
#747 = CARTESIAN_POINT('',(2.229999999138,-5.058431543362,
    -15.49925856329));
#748 = CARTESIAN_POINT('',(2.302499999139,-10.85383378671,
    -9.404464590862));
#749 = CARTESIAN_POINT('',(2.447499999138,-13.62656657668,4.535010203546
    ));
#750 = CARTESIAN_POINT('',(2.519999999139,-10.60469481929,
    12.383669326928));
#751 = CARTESIAN_POINT('',(2.592499999137,-2.537117460814,
    17.956707850288));
#752 = CARTESIAN_POINT('',(2.664999999141,8.58472014509,17.676226977537)
  );
#753 = CARTESIAN_POINT('',(2.737499999136,17.999986002346,9.621189167462
    ));
#754 = CARTESIAN_POINT('',(2.80999999914,19.466662549902,-2.682444040256
    ));
#755 = CARTESIAN_POINT('',(2.882499999138,13.520906057033,
    -12.08575454058));
#756 = CARTESIAN_POINT('',(2.954999999139,4.404994577423,-15.69747649986
    ));
#757 = CARTESIAN_POINT('',(3.027499999138,-3.79979238647,-13.84959349332
    ));
#758 = CARTESIAN_POINT('',(3.172499999139,-13.84959270406,
    -3.799791592534));
#759 = CARTESIAN_POINT('',(3.244999999135,-15.69747954358,4.404991962271
    ));
#760 = CARTESIAN_POINT('',(3.317499999146,-12.08574843617,
    13.520909975644));
#761 = CARTESIAN_POINT('',(3.389999999125,-2.682451610032,
    19.466660563339));
#762 = CARTESIAN_POINT('',(3.462499999154,9.621195075105,17.9999828447)
  );
#763 = CARTESIAN_POINT('',(3.534999999126,17.676224423718,8.584727542733
    ));
#764 = CARTESIAN_POINT('',(3.607499999146,17.956707983542,
    -2.537124713475));
#765 = CARTESIAN_POINT('',(3.679999999136,12.383669810339,
    -10.60469083565));
#766 = CARTESIAN_POINT('',(3.752499999139,4.535009981901,-13.62656767401
    ));
#767 = CARTESIAN_POINT('',(3.897499999138,-9.404464375703,-10.8538326881
    ));
#768 = CARTESIAN_POINT('',(3.969999999138,-15.49925964117,
    -5.058435408774));
#769 = CARTESIAN_POINT('',(4.04249999914,-17.56074767237,4.527743700506)
  );
#770 = CARTESIAN_POINT('',(4.114999999135,-13.04547414557,
    14.695646445406));
#771 = CARTESIAN_POINT('',(4.187499999144,-2.000523324294,
    20.311688347104));
#772 = CARTESIAN_POINT('',(4.259999999133,9.92782438713,16.958324203701)
  );
#773 = CARTESIAN_POINT('',(4.332499999142,16.340007993663,7.866670336786
    ));
#774 = CARTESIAN_POINT('',(4.404999999137,16.188295694681,
    -1.937479855532));
#775 = CARTESIAN_POINT('',(4.477499999139,11.34123836939,-8.810560388538
    ));
#776 = CARTESIAN_POINT('',(4.622499999138,-1.789459992778,-14.2494725218
    ));
#777 = CARTESIAN_POINT('',(4.694999999139,-10.07684726558,
    -12.81686261867));
#778 = CARTESIAN_POINT('',(4.767499999138,-17.11670768292,
    -5.991547377056));
#779 = CARTESIAN_POINT('',(4.83999999914,-19.01137904766,4.971306341557)
  );
#780 = CARTESIAN_POINT('',(4.912499999137,-12.94794378465,
    15.777120425781));
#781 = CARTESIAN_POINT('',(4.984999999139,-1.166855830728,
    19.615934959039));
#782 = CARTESIAN_POINT('',(5.057499999138,9.215732234909,15.618919383666
    ));
#783 = CARTESIAN_POINT('',(5.129999999138,14.536482083537,7.382779586927
    ));
#784 = CARTESIAN_POINT('',(5.202499999139,14.324780155745,
    -1.024858786792));
#785 = CARTESIAN_POINT('',(5.347499999138,6.428701167759,-12.84217409843
    ));
#786 = CARTESIAN_POINT('',(5.419999999139,-1.257924964811,
    -16.25522817568));
#787 = CARTESIAN_POINT('',(5.492499999139,-10.90329685322,
    -14.49132285129));
#788 = CARTESIAN_POINT('',(5.564999999137,-18.56929393537,
    -6.428666129768));
#789 = CARTESIAN_POINT('',(5.637499999143,-19.53112004925,5.924704056121
    ));
#790 = CARTESIAN_POINT('',(5.709999999133,-11.86823498827,
    15.661783471977));
#791 = CARTESIAN_POINT('',(5.782499999143,-1.014805109699,
    18.106643347333));
#792 = CARTESIAN_POINT('',(5.854999999137,7.984990334309,14.214593621219
    ));
#793 = CARTESIAN_POINT('',(5.927499999139,12.480000576469,7.106282509701
    ));
#794 = CARTESIAN_POINT('',(5.999999999138,12.479999808502,
    -3.416116278743E-10));
#795 = DEFINITIONAL_REPRESENTATION('',(#796),#799);
#796 = B_SPLINE_CURVE_WITH_KNOTS('',1,(#797,#798),.UNSPECIFIED.,.F.,.F.,
  (2,2),(0.,45.920848482242),.PIECEWISE_BEZIER_KNOTS.);
#797 = CARTESIAN_POINT('',(0.,0.));
#798 = CARTESIAN_POINT('',(0.,45.920848482242));
#799 = ( GEOMETRIC_REPRESENTATION_CONTEXT(2) 
PARAMETRIC_REPRESENTATION_CONTEXT() REPRESENTATION_CONTEXT('2D SPACE',''
  ) );
#800 = ORIENTED_EDGE('',*,*,#801,.T.);
#801 = EDGE_CURVE('',#560,#24,#802,.T.);
#802 = SURFACE_CURVE('',#803,(#846,#892),.PCURVE_S1.);
#803 = B_SPLINE_CURVE_WITH_KNOTS('',6,(#804,#805,#806,#807,#808,#809,
    #810,#811,#812,#813,#814,#815,#816,#817,#818,#819,#820,#821,#822,
    #823,#824,#825,#826,#827,#828,#829,#830,#831,#832,#833,#834,#835,
    #836,#837,#838,#839,#840,#841,#842,#843,#844,#845),.UNSPECIFIED.,.F.
  ,.F.,(7,5,5,5,5,5,5,5,7),(0.,0.122930053223,0.250623474529,
    0.381043906442,0.505171120254,0.630027604266,0.756604496104,
    0.878929405582,1.),.UNSPECIFIED.);
#804 = CARTESIAN_POINT('',(5.,9.456221047088E-06,-12.69995743842));
#805 = CARTESIAN_POINT('',(5.,-0.810390141876,-12.69549300979));
#806 = CARTESIAN_POINT('',(5.,-1.620488987785,-12.62897593793));
#807 = CARTESIAN_POINT('',(5.,-2.424252804964,-12.50039419493));
#808 = CARTESIAN_POINT('',(5.,-3.215788277643,-12.31053815589));
#809 = CARTESIAN_POINT('',(5.,-3.989324146958,-12.06087380649));
#810 = CARTESIAN_POINT('',(5.,-5.518224089179,-11.43457863485));
#811 = CARTESIAN_POINT('',(5.,-6.271813660783,-11.0533656039));
#812 = CARTESIAN_POINT('',(5.,-6.993698833617,-10.61256839375));
#813 = CARTESIAN_POINT('',(5.,-7.678080471484,-10.11552990704));
#814 = CARTESIAN_POINT('',(5.,-8.319590590682,-9.566264918575));
#815 = CARTESIAN_POINT('',(5.,-9.519883481881,-8.360193897085));
#816 = CARTESIAN_POINT('',(5.,-10.0766865867,-7.701261736704));
#817 = CARTESIAN_POINT('',(5.,-10.5786280099,-6.997928511712));
#818 = CARTESIAN_POINT('',(5.,-11.02140167229,-6.255917771813));
#819 = CARTESIAN_POINT('',(5.,-11.40141976977,-5.481440534247));
#820 = CARTESIAN_POINT('',(5.,-12.01537279698,-3.919761796248));
#821 = CARTESIAN_POINT('',(5.,-12.25550804675,-3.134885690644));
#822 = CARTESIAN_POINT('',(5.,-12.43404389233,-2.332511748123));
#823 = CARTESIAN_POINT('',(5.,-12.54948138487,-1.518658266964));
#824 = CARTESIAN_POINT('',(5.,-12.60103223081,-0.69948594622));
#825 = CARTESIAN_POINT('',(5.,-12.57643455945,0.941657143651));
#826 = CARTESIAN_POINT('',(5.,-12.4995326037,1.763710478476));
#827 = CARTESIAN_POINT('',(5.,-12.35811094077,2.578403117788));
#828 = CARTESIAN_POINT('',(5.,-12.15309582064,3.379463352675));
#829 = CARTESIAN_POINT('',(5.,-11.88614595655,4.160762925563));
#830 = CARTESIAN_POINT('',(5.,-11.22896898043,5.682364015804));
#831 = CARTESIAN_POINT('',(5.,-10.83705393187,6.422044859968));
#832 = CARTESIAN_POINT('',(5.,-10.38668687456,7.129191009037));
#833 = CARTESIAN_POINT('',(5.,-9.881289679218,7.798119034032));
#834 = CARTESIAN_POINT('',(5.,-9.32494108858,8.423584886302));
#835 = CARTESIAN_POINT('',(5.,-8.140323458574,9.558801352814));
#836 = CARTESIAN_POINT('',(5.,-7.515031760856,10.071796969779));
#837 = CARTESIAN_POINT('',(5.,-6.85101509252,10.535620254926));
#838 = CARTESIAN_POINT('',(5.,-6.153115647804,10.946704929168));
#839 = CARTESIAN_POINT('',(5.,-5.426563388696,11.302065169947));
#840 = CARTESIAN_POINT('',(5.,-3.935217778135,11.893726078815));
#841 = CARTESIAN_POINT('',(5.,-3.170813844564,12.131241612591));
#842 = CARTESIAN_POINT('',(5.,-2.389343675582,12.309733288402));
#843 = CARTESIAN_POINT('',(5.,-1.596481768637,12.427753474954));
#844 = CARTESIAN_POINT('',(5.,-0.798039831904,12.4845167212));
#845 = CARTESIAN_POINT('',(5.,1.427283272903E-05,12.480035681444));
#846 = PCURVE('',#103,#847);
#847 = DEFINITIONAL_REPRESENTATION('',(#848),#891);
#848 = B_SPLINE_CURVE_WITH_KNOTS('',6,(#849,#850,#851,#852,#853,#854,
    #855,#856,#857,#858,#859,#860,#861,#862,#863,#864,#865,#866,#867,
    #868,#869,#870,#871,#872,#873,#874,#875,#876,#877,#878,#879,#880,
    #881,#882,#883,#884,#885,#886,#887,#888,#889,#890),.UNSPECIFIED.,.F.
  ,.F.,(7,5,5,5,5,5,5,5,7),(0.,0.122930053223,0.250623474529,
    0.381043906442,0.505171120254,0.630027604266,0.756604496104,
    0.878929405582,1.),.UNSPECIFIED.);
#849 = CARTESIAN_POINT('',(0.456508488421,41.170415938285));
#850 = CARTESIAN_POINT('',(0.447236033205,41.234742108084));
#851 = CARTESIAN_POINT('',(0.437959205202,41.299098610637));
#852 = CARTESIAN_POINT('',(0.428679043186,41.36347824263));
#853 = CARTESIAN_POINT('',(0.4193949803,41.427884938757));
#854 = CARTESIAN_POINT('',(0.410106434281,41.492322739292));
#855 = CARTESIAN_POINT('',(0.391162420115,41.623743811145));
#856 = CARTESIAN_POINT('',(0.381505562687,41.690736720669));
#857 = CARTESIAN_POINT('',(0.371845172188,41.757754144353));
#858 = CARTESIAN_POINT('',(0.362180567605,41.824800805886));
#859 = CARTESIAN_POINT('',(0.352511042981,41.891881601619));
#860 = CARTESIAN_POINT('',(0.332958127358,42.027526859539));
#861 = CARTESIAN_POINT('',(0.323073294706,42.096101323012));
#862 = CARTESIAN_POINT('',(0.313184810897,42.164701115905));
#863 = CARTESIAN_POINT('',(0.303291896437,42.233331644774));
#864 = CARTESIAN_POINT('',(0.293393744822,42.301998504015));
#865 = CARTESIAN_POINT('',(0.27406760096,42.436070562871));
#866 = CARTESIAN_POINT('',(0.264638842473,42.501481078321));
#867 = CARTESIAN_POINT('',(0.255206620873,42.566915616769));
#868 = CARTESIAN_POINT('',(0.245770319985,42.632378452973));
#869 = CARTESIAN_POINT('',(0.236329308361,42.697873967902));
#870 = CARTESIAN_POINT('',(0.217384640506,42.829299583101));
#871 = CARTESIAN_POINT('',(0.207879862391,42.895237466261));
#872 = CARTESIAN_POINT('',(0.198371574313,42.961199698868));
#873 = CARTESIAN_POINT('',(0.188859151353,43.027190616716));
#874 = CARTESIAN_POINT('',(0.179341949519,43.093214687799));
#875 = CARTESIAN_POINT('',(0.160169178167,43.226222735307));
#876 = CARTESIAN_POINT('',(0.150512353471,43.293215419336));
#877 = CARTESIAN_POINT('',(0.140851974878,43.36023275899));
#878 = CARTESIAN_POINT('',(0.131187362389,43.427279471686));
#879 = CARTESIAN_POINT('',(0.121517808423,43.494360465947));
#880 = CARTESIAN_POINT('',(0.102496294981,43.626319194276));
#881 = CARTESIAN_POINT('',(9.314352141763E-02,43.69120257591));
#882 = CARTESIAN_POINT('',(8.37873428326E-02,43.75610957961));
#883 = CARTESIAN_POINT('',(7.442716439441E-02,43.821044331582));
#884 = CARTESIAN_POINT('',(6.506237049288E-02,43.886011102231));
#885 = CARTESIAN_POINT('',(4.642176334485E-02,44.015327353367));
#886 = CARTESIAN_POINT('',(3.714504240753E-02,44.079683130826));
#887 = CARTESIAN_POINT('',(2.786491518086E-02,44.144062538254));
#888 = CARTESIAN_POINT('',(1.858081506007E-02,44.208469506394));
#889 = CARTESIAN_POINT('',(9.292160207615E-03,44.272908071893));
#890 = CARTESIAN_POINT('',(0.,44.337370955192));
#891 = ( GEOMETRIC_REPRESENTATION_CONTEXT(2) 
PARAMETRIC_REPRESENTATION_CONTEXT() REPRESENTATION_CONTEXT('2D SPACE',''
  ) );
#892 = PCURVE('',#893,#898);
#893 = PLANE('',#894);
#894 = AXIS2_PLACEMENT_3D('',#895,#896,#897);
#895 = CARTESIAN_POINT('',(5.,-14.7,-14.7));
#896 = DIRECTION('',(1.,0.,0.));
#897 = DIRECTION('',(0.,0.,1.));
#898 = DEFINITIONAL_REPRESENTATION('',(#899),#942);
#899 = B_SPLINE_CURVE_WITH_KNOTS('',6,(#900,#901,#902,#903,#904,#905,
    #906,#907,#908,#909,#910,#911,#912,#913,#914,#915,#916,#917,#918,
    #919,#920,#921,#922,#923,#924,#925,#926,#927,#928,#929,#930,#931,
    #932,#933,#934,#935,#936,#937,#938,#939,#940,#941),.UNSPECIFIED.,.F.
  ,.F.,(7,5,5,5,5,5,5,5,7),(0.,0.122930053223,0.250623474529,
    0.381043906442,0.505171120254,0.630027604266,0.756604496104,
    0.878929405582,1.),.UNSPECIFIED.);
#900 = CARTESIAN_POINT('',(2.000042561573,-14.70000945622));
#901 = CARTESIAN_POINT('',(2.004506990205,-13.88960985812));
#902 = CARTESIAN_POINT('',(2.071024062068,-13.07951101221));
#903 = CARTESIAN_POINT('',(2.199605805063,-12.27574719503));
#904 = CARTESIAN_POINT('',(2.389461844105,-11.48421172235));
#905 = CARTESIAN_POINT('',(2.639126193507,-10.71067585304));
#906 = CARTESIAN_POINT('',(3.265421365145,-9.181775910821));
#907 = CARTESIAN_POINT('',(3.646634396098,-8.428186339217));
#908 = CARTESIAN_POINT('',(4.08743160625,-7.706301166383));
#909 = CARTESIAN_POINT('',(4.584470092956,-7.021919528516));
#910 = CARTESIAN_POINT('',(5.133735081425,-6.380409409318));
#911 = CARTESIAN_POINT('',(6.339806102915,-5.180116518119));
#912 = CARTESIAN_POINT('',(6.998738263296,-4.623313413294));
#913 = CARTESIAN_POINT('',(7.702071488288,-4.1213719901));
#914 = CARTESIAN_POINT('',(8.444082228187,-3.678598327701));
#915 = CARTESIAN_POINT('',(9.218559465753,-3.298580230222));
#916 = CARTESIAN_POINT('',(10.780238203752,-2.684627203016));
#917 = CARTESIAN_POINT('',(11.565114309356,-2.444491953242));
#918 = CARTESIAN_POINT('',(12.367488251877,-2.265956107663));
#919 = CARTESIAN_POINT('',(13.181341733036,-2.150518615123));
#920 = CARTESIAN_POINT('',(14.00051405378,-2.098967769183));
#921 = CARTESIAN_POINT('',(15.641657143651,-2.123565440543));
#922 = CARTESIAN_POINT('',(16.463710478476,-2.200467396297));
#923 = CARTESIAN_POINT('',(17.278403117788,-2.341889059228));
#924 = CARTESIAN_POINT('',(18.079463352675,-2.546904179356));
#925 = CARTESIAN_POINT('',(18.860762925563,-2.813854043446));
#926 = CARTESIAN_POINT('',(20.382364015804,-3.471031019568));
#927 = CARTESIAN_POINT('',(21.122044859968,-3.862946068124));
#928 = CARTESIAN_POINT('',(21.829191009037,-4.313313125438));
#929 = CARTESIAN_POINT('',(22.498119034032,-4.818710320782));
#930 = CARTESIAN_POINT('',(23.123584886302,-5.37505891142));
#931 = CARTESIAN_POINT('',(24.258801352814,-6.559676541426));
#932 = CARTESIAN_POINT('',(24.771796969779,-7.184968239144));
#933 = CARTESIAN_POINT('',(25.235620254926,-7.84898490748));
#934 = CARTESIAN_POINT('',(25.646704929168,-8.546884352196));
#935 = CARTESIAN_POINT('',(26.002065169947,-9.273436611304));
#936 = CARTESIAN_POINT('',(26.593726078815,-10.76478222186));
#937 = CARTESIAN_POINT('',(26.831241612591,-11.52918615543));
#938 = CARTESIAN_POINT('',(27.009733288402,-12.31065632441));
#939 = CARTESIAN_POINT('',(27.127753474954,-13.10351823136));
#940 = CARTESIAN_POINT('',(27.1845167212,-13.90196016809));
#941 = CARTESIAN_POINT('',(27.180035681444,-14.70001427283));
#942 = ( GEOMETRIC_REPRESENTATION_CONTEXT(2) 
PARAMETRIC_REPRESENTATION_CONTEXT() REPRESENTATION_CONTEXT('2D SPACE',''
  ) );
#943 = ADVANCED_FACE('',(#944),#259,.T.);
#944 = FACE_BOUND('',#945,.T.);
#945 = EDGE_LOOP('',(#946,#1041,#1067,#1337,#1338));
#946 = ORIENTED_EDGE('',*,*,#947,.F.);
#947 = EDGE_CURVE('',#948,#950,#952,.T.);
#948 = VERTEX_POINT('',#949);
#949 = CARTESIAN_POINT('',(0.199999999139,3.417643945625E-10,
    12.479999950768));
#950 = VERTEX_POINT('',#951);
#951 = CARTESIAN_POINT('',(5.,-1.697837867942E-05,12.479991313586));
#952 = SURFACE_CURVE('',#953,(#1028,#1034),.PCURVE_S1.);
#953 = B_SPLINE_CURVE_WITH_KNOTS('',10,(#954,#955,#956,#957,#958,#959,
    #960,#961,#962,#963,#964,#965,#966,#967,#968,#969,#970,#971,#972,
    #973,#974,#975,#976,#977,#978,#979,#980,#981,#982,#983,#984,#985,
    #986,#987,#988,#989,#990,#991,#992,#993,#994,#995,#996,#997,#998,
    #999,#1000,#1001,#1002,#1003,#1004,#1005,#1006,#1007,#1008,#1009,
    #1010,#1011,#1012,#1013,#1014,#1015,#1016,#1017,#1018,#1019,#1020,
    #1021,#1022,#1023,#1024,#1025,#1026,#1027),.UNSPECIFIED.,.F.,.F.,(11
    ,9,9,9,9,9,9,9,11),(0.,5.74010606028,11.480212120561,17.220318180841
    ,22.960424241121,28.700530301401,34.440636361682,40.180742421962,
    45.920848482242),.UNSPECIFIED.);
#954 = CARTESIAN_POINT('',(0.199999999139,3.417768290603E-10,
    12.479999950768));
#955 = CARTESIAN_POINT('',(0.272499999138,7.106282518066,12.479999182803
    ));
#956 = CARTESIAN_POINT('',(0.344999999139,14.214593916542,7.984994754676
    ));
#957 = CARTESIAN_POINT('',(0.417499999139,18.106641811291,
    -1.014812716248));
#958 = CARTESIAN_POINT('',(0.489999999138,15.661787410232,
    -11.86822770458));
#959 = CARTESIAN_POINT('',(0.56249999914,5.924697653979,-19.53112242907)
  );
#960 = CARTESIAN_POINT('',(0.634999999136,-6.428659098314,
    -18.56929707134));
#961 = CARTESIAN_POINT('',(0.70749999914,-14.49132807121,-10.9032919676)
  );
#962 = CARTESIAN_POINT('',(0.779999999138,-16.25522570162,
    -1.257928069692));
#963 = CARTESIAN_POINT('',(0.852499999139,-12.84217471745,6.428702090873
    ));
#964 = CARTESIAN_POINT('',(0.997499999138,-1.024858162174,
    14.324779231447));
#965 = CARTESIAN_POINT('',(1.069999999138,7.382777615962,14.536485571805
    ));
#966 = CARTESIAN_POINT('',(1.142499999139,15.61892203589,9.215725492177)
  );
#967 = CARTESIAN_POINT('',(1.214999999136,19.615934487629,
    -1.166848027846));
#968 = CARTESIAN_POINT('',(1.287499999142,15.77711617612,-12.9479489553)
  );
#969 = CARTESIAN_POINT('',(1.359999999135,4.971314095393,-19.01137799107
    ));
#970 = CARTESIAN_POINT('',(1.432499999141,-5.991554516413,
    -17.11670639614));
#971 = CARTESIAN_POINT('',(1.504999999137,-12.81685880586,-10.0768485178
    ));
#972 = CARTESIAN_POINT('',(1.577499999139,-14.2494735548,-1.789459561151
    ));
#973 = CARTESIAN_POINT('',(1.722499999138,-8.810559353003,
    11.341237943957));
#974 = CARTESIAN_POINT('',(1.794999999139,-1.937483436385,
    16.188297506066));
#975 = CARTESIAN_POINT('',(1.867499999137,7.866676293134,16.340003853333
    ));
#976 = CARTESIAN_POINT('',(1.93999999914,16.958319471591,9.927830620648)
  );
#977 = CARTESIAN_POINT('',(2.012499999138,20.311687690505,
    -2.000529990778));
#978 = CARTESIAN_POINT('',(2.084999999138,14.695652302691,
    -13.04546895509));
#979 = CARTESIAN_POINT('',(2.157499999139,4.527737050884,-17.560750571)
  );
#980 = CARTESIAN_POINT('',(2.229999999138,-5.058431543362,
    -15.49925856329));
#981 = CARTESIAN_POINT('',(2.302499999139,-10.85383378671,
    -9.404464590862));
#982 = CARTESIAN_POINT('',(2.447499999138,-13.62656657668,4.535010203546
    ));
#983 = CARTESIAN_POINT('',(2.519999999139,-10.60469481929,
    12.383669326928));
#984 = CARTESIAN_POINT('',(2.592499999137,-2.537117460814,
    17.956707850288));
#985 = CARTESIAN_POINT('',(2.664999999141,8.58472014509,17.676226977537)
  );
#986 = CARTESIAN_POINT('',(2.737499999136,17.999986002346,9.621189167462
    ));
#987 = CARTESIAN_POINT('',(2.80999999914,19.466662549902,-2.682444040256
    ));
#988 = CARTESIAN_POINT('',(2.882499999138,13.520906057033,
    -12.08575454058));
#989 = CARTESIAN_POINT('',(2.954999999139,4.404994577423,-15.69747649986
    ));
#990 = CARTESIAN_POINT('',(3.027499999138,-3.79979238647,-13.84959349332
    ));
#991 = CARTESIAN_POINT('',(3.172499999139,-13.84959270406,
    -3.799791592534));
#992 = CARTESIAN_POINT('',(3.244999999135,-15.69747954358,4.404991962271
    ));
#993 = CARTESIAN_POINT('',(3.317499999146,-12.08574843617,
    13.520909975644));
#994 = CARTESIAN_POINT('',(3.389999999125,-2.682451610032,
    19.466660563339));
#995 = CARTESIAN_POINT('',(3.462499999154,9.621195075105,17.9999828447)
  );
#996 = CARTESIAN_POINT('',(3.534999999126,17.676224423718,8.584727542733
    ));
#997 = CARTESIAN_POINT('',(3.607499999146,17.956707983542,
    -2.537124713475));
#998 = CARTESIAN_POINT('',(3.679999999136,12.383669810339,
    -10.60469083565));
#999 = CARTESIAN_POINT('',(3.752499999139,4.535009981901,-13.62656767401
    ));
#1000 = CARTESIAN_POINT('',(3.897499999138,-9.404464375703,
    -10.8538326881));
#1001 = CARTESIAN_POINT('',(3.969999999138,-15.49925964117,
    -5.058435408774));
#1002 = CARTESIAN_POINT('',(4.04249999914,-17.56074767237,4.527743700506
    ));
#1003 = CARTESIAN_POINT('',(4.114999999135,-13.04547414557,
    14.695646445406));
#1004 = CARTESIAN_POINT('',(4.187499999144,-2.000523324294,
    20.311688347104));
#1005 = CARTESIAN_POINT('',(4.259999999133,9.92782438713,16.958324203701
    ));
#1006 = CARTESIAN_POINT('',(4.332499999142,16.340007993663,
    7.866670336786));
#1007 = CARTESIAN_POINT('',(4.404999999137,16.188295694681,
    -1.937479855532));
#1008 = CARTESIAN_POINT('',(4.477499999139,11.34123836939,
    -8.810560388538));
#1009 = CARTESIAN_POINT('',(4.622499999138,-1.789459992778,
    -14.2494725218));
#1010 = CARTESIAN_POINT('',(4.694999999139,-10.07684726558,
    -12.81686261867));
#1011 = CARTESIAN_POINT('',(4.767499999138,-17.11670768292,
    -5.991547377056));
#1012 = CARTESIAN_POINT('',(4.83999999914,-19.01137904766,4.971306341557
    ));
#1013 = CARTESIAN_POINT('',(4.912499999137,-12.94794378465,
    15.777120425781));
#1014 = CARTESIAN_POINT('',(4.984999999139,-1.166855830728,
    19.615934959039));
#1015 = CARTESIAN_POINT('',(5.057499999138,9.215732234909,
    15.618919383666));
#1016 = CARTESIAN_POINT('',(5.129999999138,14.536482083537,
    7.382779586927));
#1017 = CARTESIAN_POINT('',(5.202499999139,14.324780155745,
    -1.024858786792));
#1018 = CARTESIAN_POINT('',(5.347499999138,6.428701167759,
    -12.84217409843));
#1019 = CARTESIAN_POINT('',(5.419999999139,-1.257924964811,
    -16.25522817568));
#1020 = CARTESIAN_POINT('',(5.492499999139,-10.90329685322,
    -14.49132285129));
#1021 = CARTESIAN_POINT('',(5.564999999137,-18.56929393537,
    -6.428666129768));
#1022 = CARTESIAN_POINT('',(5.637499999143,-19.53112004925,
    5.924704056121));
#1023 = CARTESIAN_POINT('',(5.709999999133,-11.86823498827,
    15.661783471977));
#1024 = CARTESIAN_POINT('',(5.782499999143,-1.014805109699,
    18.106643347333));
#1025 = CARTESIAN_POINT('',(5.854999999137,7.984990334309,
    14.214593621219));
#1026 = CARTESIAN_POINT('',(5.927499999139,12.480000576469,
    7.106282509701));
#1027 = CARTESIAN_POINT('',(5.999999999138,12.479999808502,
    -3.416116278743E-10));
#1028 = PCURVE('',#259,#1029);
#1029 = DEFINITIONAL_REPRESENTATION('',(#1030),#1033);
#1030 = B_SPLINE_CURVE_WITH_KNOTS('',1,(#1031,#1032),.UNSPECIFIED.,.F.,
  .F.,(2,2),(0.,45.920848482242),.PIECEWISE_BEZIER_KNOTS.);
#1031 = CARTESIAN_POINT('',(0.,0.));
#1032 = CARTESIAN_POINT('',(0.,45.920848482242));
#1033 = ( GEOMETRIC_REPRESENTATION_CONTEXT(2) 
PARAMETRIC_REPRESENTATION_CONTEXT() REPRESENTATION_CONTEXT('2D SPACE',''
  ) );
#1034 = PCURVE('',#646,#1035);
#1035 = DEFINITIONAL_REPRESENTATION('',(#1036),#1040);
#1036 = LINE('',#1037,#1038);
#1037 = CARTESIAN_POINT('',(0.456508488421,0.));
#1038 = VECTOR('',#1039,1.);
#1039 = DIRECTION('',(0.,1.));
#1040 = ( GEOMETRIC_REPRESENTATION_CONTEXT(2) 
PARAMETRIC_REPRESENTATION_CONTEXT() REPRESENTATION_CONTEXT('2D SPACE',''
  ) );
#1041 = ORIENTED_EDGE('',*,*,#1042,.T.);
#1042 = EDGE_CURVE('',#948,#1043,#1045,.T.);
#1043 = VERTEX_POINT('',#1044);
#1044 = CARTESIAN_POINT('',(-5.551115123126E-17,2.278354176899E-10,
    12.479999926988));
#1045 = SURFACE_CURVE('',#1046,(#1049,#1056),.PCURVE_S1.);
#1046 = B_SPLINE_CURVE_WITH_KNOTS('',1,(#1047,#1048),.UNSPECIFIED.,.F.,
  .F.,(2,2),(0.,0.8),.PIECEWISE_BEZIER_KNOTS.);
#1047 = CARTESIAN_POINT('',(0.199999999139,3.417643945625E-10,
    12.479999950768));
#1048 = CARTESIAN_POINT('',(-0.600000000861,-1.139515148907E-10,
    12.479999855651));
#1049 = PCURVE('',#259,#1050);
#1050 = DEFINITIONAL_REPRESENTATION('',(#1051),#1055);
#1051 = LINE('',#1052,#1053);
#1052 = CARTESIAN_POINT('',(0.,0.));
#1053 = VECTOR('',#1054,1.);
#1054 = DIRECTION('',(1.,0.));
#1055 = ( GEOMETRIC_REPRESENTATION_CONTEXT(2) 
PARAMETRIC_REPRESENTATION_CONTEXT() REPRESENTATION_CONTEXT('2D SPACE',''
  ) );
#1056 = PCURVE('',#1057,#1062);
#1057 = PLANE('',#1058);
#1058 = AXIS2_PLACEMENT_3D('',#1059,#1060,#1061);
#1059 = CARTESIAN_POINT('',(-0.200000007832,9.89839112848E-09,
    12.5386285501));
#1060 = DIRECTION('',(-5.696246410802E-10,1.,-1.668890641791E-07));
#1061 = DIRECTION('',(0.,1.668890641791E-07,1.));
#1062 = DEFINITIONAL_REPRESENTATION('',(#1063),#1066);
#1063 = B_SPLINE_CURVE_WITH_KNOTS('',1,(#1064,#1065),.UNSPECIFIED.,.F.,
  .F.,(2,2),(0.,0.8),.PIECEWISE_BEZIER_KNOTS.);
#1064 = CARTESIAN_POINT('',(-5.862859933218E-02,0.400000006971));
#1065 = CARTESIAN_POINT('',(-5.862869444866E-02,-0.399999993029));
#1066 = ( GEOMETRIC_REPRESENTATION_CONTEXT(2) 
PARAMETRIC_REPRESENTATION_CONTEXT() REPRESENTATION_CONTEXT('2D SPACE',''
  ) );
#1067 = ORIENTED_EDGE('',*,*,#1068,.T.);
#1068 = EDGE_CURVE('',#1043,#22,#1069,.T.);
#1069 = SURFACE_CURVE('',#1070,(#1157,#1247),.PCURVE_S1.);
#1070 = B_SPLINE_CURVE_WITH_KNOTS('',8,(#1071,#1072,#1073,#1074,#1075,
    #1076,#1077,#1078,#1079,#1080,#1081,#1082,#1083,#1084,#1085,#1086,
    #1087,#1088,#1089,#1090,#1091,#1092,#1093,#1094,#1095,#1096,#1097,
    #1098,#1099,#1100,#1101,#1102,#1103,#1104,#1105,#1106,#1107,#1108,
    #1109,#1110,#1111,#1112,#1113,#1114,#1115,#1116,#1117,#1118,#1119,
    #1120,#1121,#1122,#1123,#1124,#1125,#1126,#1127,#1128,#1129,#1130,
    #1131,#1132,#1133,#1134,#1135,#1136,#1137,#1138,#1139,#1140,#1141,
    #1142,#1143,#1144,#1145,#1146,#1147,#1148,#1149,#1150,#1151,#1152,
    #1153,#1154,#1155,#1156),.UNSPECIFIED.,.F.,.F.,(9,7,7,7,7,7,7,7,7,7,
    7,7,9),(0.,7.068484250717E-02,0.122697375943,0.188046356307,
    0.253395800282,0.292072182708,0.32808123273,0.465434514111,
    0.672036445292,0.879970297306,0.910644596736,0.941318888368,1.),
  .UNSPECIFIED.);
#1071 = CARTESIAN_POINT('',(0.,2.27830199151E-10,12.479999926988));
#1072 = CARTESIAN_POINT('',(0.,0.5194958976,12.479999888931));
#1073 = CARTESIAN_POINT('',(0.,1.039003398351,12.455291494806));
#1074 = CARTESIAN_POINT('',(0.,1.557134580086,12.4058704637));
#1075 = CARTESIAN_POINT('',(0.,2.072516848792,12.331828137703));
#1076 = CARTESIAN_POINT('',(0.,2.583792218374,12.23334585818));
#1077 = CARTESIAN_POINT('',(0.,3.089617253405,12.1106931512));
#1078 = CARTESIAN_POINT('',(0.,3.588663675098,11.964229722119));
#1079 = CARTESIAN_POINT('',(0.,4.440883264089,11.669452524752));
#1080 = CARTESIAN_POINT('',(0.,4.797774365952,11.53184506074));
#1081 = CARTESIAN_POINT('',(0.,5.14977306359,11.381768971595));
#1082 = CARTESIAN_POINT('',(0.,5.496371330536,11.21942849128));
#1083 = CARTESIAN_POINT('',(0.,5.837072986331,11.045051983423));
#1084 = CARTESIAN_POINT('',(0.,6.171393696531,10.858891941315));
#1085 = CARTESIAN_POINT('',(0.,6.498860972701,10.661224987909));
#1086 = CARTESIAN_POINT('',(0.,7.221257319986,10.189921957521));
#1087 = CARTESIAN_POINT('',(0.,7.611964446613,9.909796308082));
#1088 = CARTESIAN_POINT('',(0.,7.990218245077,9.612572742073));
#1089 = CARTESIAN_POINT('',(0.,8.355148073759,9.298901416257));
#1090 = CARTESIAN_POINT('',(0.,8.70592747116,8.969481815244));
#1091 = CARTESIAN_POINT('',(0.,9.041773393901,8.625061656834));
#1092 = CARTESIAN_POINT('',(0.,9.361947178193,8.266437717062));
#1093 = CARTESIAN_POINT('',(0.,9.969569426729,7.522476793831));
#1094 = CARTESIAN_POINT('',(0.,10.257027194719,7.137127944309));
#1095 = CARTESIAN_POINT('',(0.,10.527437126803,6.739259209945));
#1096 = CARTESIAN_POINT('',(0.,10.780165995883,6.329753530619));
#1097 = CARTESIAN_POINT('',(0.,11.014637567058,5.909527544516));
#1098 = CARTESIAN_POINT('',(0.,11.230331616918,5.479530823221));
#1099 = CARTESIAN_POINT('',(0.,11.426785154798,5.040746399897));
#1100 = CARTESIAN_POINT('',(0.,11.708239397547,4.329904406077));
#1101 = CARTESIAN_POINT('',(0.,11.806003727592,4.062891825488));
#1102 = CARTESIAN_POINT('',(0.,11.896805778211,3.793364502939));
#1103 = CARTESIAN_POINT('',(0.,11.980570356992,3.521534410974));
#1104 = CARTESIAN_POINT('',(0.,12.057230137023,3.247615840525));
#1105 = CARTESIAN_POINT('',(0.,12.126725656897,2.971825400907));
#1106 = CARTESIAN_POINT('',(0.,12.189005320708,2.694382019823));
#1107 = CARTESIAN_POINT('',(0.,12.295250993441,2.155864599679));
#1108 = CARTESIAN_POINT('',(0.,12.340183972136,1.894980367006));
#1109 = CARTESIAN_POINT('',(0.,12.378789106115,1.633032726789));
#1110 = CARTESIAN_POINT('',(0.,12.411037294199,1.370200838691));
#1111 = CARTESIAN_POINT('',(0.,12.436905562042,1.10666454059));
#1112 = CARTESIAN_POINT('',(0.,12.456377062141,0.842604348581));
#1113 = CARTESIAN_POINT('',(0.,12.469441073828,0.578201456971));
#1114 = CARTESIAN_POINT('',(0.,12.501466189647,-0.69551676242));
#1115 = CARTESIAN_POINT('',(0.,12.433552301932,-1.70731848007));
#1116 = CARTESIAN_POINT('',(0.,12.271995594593,-2.711250611454));
#1117 = CARTESIAN_POINT('',(0.,12.017968246648,-3.697209262813));
#1118 = CARTESIAN_POINT('',(0.,11.673859285168,-4.655454286226));
#1119 = CARTESIAN_POINT('',(0.,11.243171713722,-5.576588616879));
#1120 = CARTESIAN_POINT('',(0.,10.730617800938,-6.451598567782));
#1121 = CARTESIAN_POINT('',(0.,9.25762988094,-8.505987512586));
#1122 = CARTESIAN_POINT('',(0.,8.199920581736,-9.618851802952));
#1123 = CARTESIAN_POINT('',(0.,6.99051742809,-10.57903857457));
#1124 = CARTESIAN_POINT('',(0.,5.655950919324,-11.36393401741));
#1125 = CARTESIAN_POINT('',(0.,4.225121950484,-11.95541863058));
#1126 = CARTESIAN_POINT('',(0.,2.729908118369,-12.34135356876));
#1127 = CARTESIAN_POINT('',(0.,1.204345938126,-12.51420514813));
#1128 = CARTESIAN_POINT('',(0.,-1.841311514331,-12.43764344614));
#1129 = CARTESIAN_POINT('',(0.,-3.36605201375,-12.18538139938));
#1130 = CARTESIAN_POINT('',(0.,-4.848993312704,-11.71908342969));
#1131 = CARTESIAN_POINT('',(0.,-6.255887049033,-11.04824627489));
#1132 = CARTESIAN_POINT('',(0.,-7.554926890545,-10.18693007735));
#1133 = CARTESIAN_POINT('',(0.,-8.717687496746,-9.155167711529));
#1134 = CARTESIAN_POINT('',(0.,-9.71840086172,-7.977437909269));
#1135 = CARTESIAN_POINT('',(0.,-10.65804506501,-6.496779538104));
#1136 = CARTESIAN_POINT('',(0.,-10.77491138131,-6.303939243859));
#1137 = CARTESIAN_POINT('',(0.,-10.8877877406,-6.108699745613));
#1138 = CARTESIAN_POINT('',(0.,-10.9966168014,-5.911157455631));
#1139 = CARTESIAN_POINT('',(0.,-11.10134408124,-5.711410322098));
#1140 = CARTESIAN_POINT('',(0.,-11.20191795659,-5.509557829113));
#1141 = CARTESIAN_POINT('',(0.,-11.29828966293,-5.30570099669));
#1142 = CARTESIAN_POINT('',(0.,-11.48253690305,-4.89418381714));
#1143 = CARTESIAN_POINT('',(0.,-11.57041258218,-4.686523149693));
#1144 = CARTESIAN_POINT('',(0.,-11.65399444191,-4.477062940576));
#1145 = CARTESIAN_POINT('',(0.,-11.73323964194,-4.265906858456));
#1146 = CARTESIAN_POINT('',(0.,-11.8081083918,-4.053159678506));
#1147 = CARTESIAN_POINT('',(0.,-11.87856395087,-3.83892728241));
#1148 = CARTESIAN_POINT('',(0.,-11.94457262838,-3.62331665836));
#1149 = CARTESIAN_POINT('',(0.,-12.12381527354,-2.991534586212));
#1150 = CARTESIAN_POINT('',(0.,-12.22514136705,-2.571980171316));
#1151 = CARTESIAN_POINT('',(0.,-12.30986673621,-2.148533734287));
#1152 = CARTESIAN_POINT('',(0.,-12.37781908386,-1.721962645799));
#1153 = CARTESIAN_POINT('',(0.,-12.42886913992,-1.293040398367));
#1154 = CARTESIAN_POINT('',(0.,-12.46293065793,-0.862546435417));
#1155 = CARTESIAN_POINT('',(0.,-12.47996041155,-0.43126598037));
#1156 = CARTESIAN_POINT('',(0.,-12.47995819115,1.013428262375E-05));
#1157 = PCURVE('',#259,#1158);
#1158 = DEFINITIONAL_REPRESENTATION('',(#1159),#1246);
#1159 = B_SPLINE_CURVE_WITH_KNOTS('',8,(#1160,#1161,#1162,#1163,#1164,
    #1165,#1166,#1167,#1168,#1169,#1170,#1171,#1172,#1173,#1174,#1175,
    #1176,#1177,#1178,#1179,#1180,#1181,#1182,#1183,#1184,#1185,#1186,
    #1187,#1188,#1189,#1190,#1191,#1192,#1193,#1194,#1195,#1196,#1197,
    #1198,#1199,#1200,#1201,#1202,#1203,#1204,#1205,#1206,#1207,#1208,
    #1209,#1210,#1211,#1212,#1213,#1214,#1215,#1216,#1217,#1218,#1219,
    #1220,#1221,#1222,#1223,#1224,#1225,#1226,#1227,#1228,#1229,#1230,
    #1231,#1232,#1233,#1234,#1235,#1236,#1237,#1238,#1239,#1240,#1241,
    #1242,#1243,#1244,#1245),.UNSPECIFIED.,.F.,.F.,(9,7,7,7,7,7,7,7,7,7,
    7,7,9),(0.,7.068484250717E-02,0.122697375943,0.188046356307,
    0.253395800282,0.292072182708,0.32808123273,0.465434514111,
    0.672036445292,0.879970297306,0.910644596736,0.941318888368,1.),
  .UNSPECIFIED.);
#1160 = CARTESIAN_POINT('',(0.199999999139,0.));
#1161 = CARTESIAN_POINT('',(0.205300020982,4.196232758735E-02));
#1162 = CARTESIAN_POINT('',(0.210600046763,8.39246863605E-02));
#1163 = CARTESIAN_POINT('',(0.215899993141,0.125886416455));
#1164 = CARTESIAN_POINT('',(0.221199890144,0.167847755635));
#1165 = CARTESIAN_POINT('',(0.226499820056,0.209809355375));
#1166 = CARTESIAN_POINT('',(0.231799851609,0.251771759835));
#1167 = CARTESIAN_POINT('',(0.237099969484,0.293734847743));
#1168 = CARTESIAN_POINT('',(0.246299957883,0.366574722456));
#1169 = CARTESIAN_POINT('',(0.25019994018,0.397452394201));
#1170 = CARTESIAN_POINT('',(0.254099940001,0.4283302047));
#1171 = CARTESIAN_POINT('',(0.257999951437,0.45920810715));
#1172 = CARTESIAN_POINT('',(0.26189996869,0.490086055664));
#1173 = CARTESIAN_POINT('',(0.265799986082,0.520964005271));
#1174 = CARTESIAN_POINT('',(0.269699998048,0.551841911918));
#1175 = CARTESIAN_POINT('',(0.278499993003,0.621514883465));
#1176 = CARTESIAN_POINT('',(0.283400060042,0.660310613819));
#1177 = CARTESIAN_POINT('',(0.288300086465,0.699106022599));
#1178 = CARTESIAN_POINT('',(0.293200061885,0.73790102757));
#1179 = CARTESIAN_POINT('',(0.298100028146,0.776695960029));
#1180 = CARTESIAN_POINT('',(0.303000028147,0.815491159617));
#1181 = CARTESIAN_POINT('',(0.307900054658,0.854286569096));
#1182 = CARTESIAN_POINT('',(0.317699978381,0.931876364334));
#1183 = CARTESIAN_POINT('',(0.322600028515,0.970671960847));
#1184 = CARTESIAN_POINT('',(0.327500040631,1.009467256351));
#1185 = CARTESIAN_POINT('',(0.332400007871,1.048262196557));
#1186 = CARTESIAN_POINT('',(0.337299974321,1.087057130509));
#1187 = CARTESIAN_POINT('',(0.342199983846,1.125852405502));
#1188 = CARTESIAN_POINT('',(0.347100028875,1.164647961598));
#1189 = CARTESIAN_POINT('',(0.354899995103,1.226403318029));
#1190 = CARTESIAN_POINT('',(0.357799993548,1.249363729964));
#1191 = CARTESIAN_POINT('',(0.360699993865,1.272324156715));
#1192 = CARTESIAN_POINT('',(0.3635999954,1.29528459311));
#1193 = CARTESIAN_POINT('',(0.366499997457,1.318245033633));
#1194 = CARTESIAN_POINT('',(0.369399999295,1.341205472425));
#1195 = CARTESIAN_POINT('',(0.372300000131,1.364165903285));
#1196 = CARTESIAN_POINT('',(0.377899998538,1.408503261626));
#1197 = CARTESIAN_POINT('',(0.380599999337,1.429880214657));
#1198 = CARTESIAN_POINT('',(0.383300000923,1.451257173922));
#1199 = CARTESIAN_POINT('',(0.386000002684,1.472634134567));
#1200 = CARTESIAN_POINT('',(0.388700004003,1.494011091721));
#1201 = CARTESIAN_POINT('',(0.391400004265,1.515388040501));
#1202 = CARTESIAN_POINT('',(0.39410000285,1.536764976007));
#1203 = CARTESIAN_POINT('',(0.407098892048,1.639682221054));
#1204 = CARTESIAN_POINT('',(0.417400849598,1.721246812739));
#1205 = CARTESIAN_POINT('',(0.427701192826,1.802798623198));
#1206 = CARTESIAN_POINT('',(0.438000117503,1.884339202445));
#1207 = CARTESIAN_POINT('',(0.448299023439,1.965879633307));
#1208 = CARTESIAN_POINT('',(0.458599312554,2.047431015336));
#1209 = CARTESIAN_POINT('',(0.46890118957,2.128994969395));
#1210 = CARTESIAN_POINT('',(0.494691102987,2.333183711876));
#1211 = CARTESIAN_POINT('',(0.51020589009,2.456020295981));
#1212 = CARTESIAN_POINT('',(0.525706546252,2.578744999944));
#1213 = CARTESIAN_POINT('',(0.541199683265,2.701410171886));
#1214 = CARTESIAN_POINT('',(0.556692877777,2.824075799079));
#1215 = CARTESIAN_POINT('',(0.572193691057,2.946801747004));
#1216 = CARTESIAN_POINT('',(0.587708694601,3.069640044757));
#1217 = CARTESIAN_POINT('',(0.618791172981,3.315732075811));
#1218 = CARTESIAN_POINT('',(0.634406617769,3.439365605829));
#1219 = CARTESIAN_POINT('',(0.650007250954,3.562881866644));
#1220 = CARTESIAN_POINT('',(0.665600040308,3.686336024807));
#1221 = CARTESIAN_POINT('',(0.681192818891,3.809790097688));
#1222 = CARTESIAN_POINT('',(0.69679342631,3.933306154504));
#1223 = CARTESIAN_POINT('',(0.712408857183,4.056939574346));
#1224 = CARTESIAN_POINT('',(0.73029999672,4.198590661912));
#1225 = CARTESIAN_POINT('',(0.732599995605,4.216800644718));
#1226 = CARTESIAN_POINT('',(0.734899995486,4.235010635421));
#1227 = CARTESIAN_POINT('',(0.73719999606,4.253220631599));
#1228 = CARTESIAN_POINT('',(0.739499997018,4.271430630829));
#1229 = CARTESIAN_POINT('',(0.741799998056,4.289640630683));
#1230 = CARTESIAN_POINT('',(0.744099998865,4.30785062873));
#1231 = CARTESIAN_POINT('',(0.748699998827,4.344270611709));
#1232 = CARTESIAN_POINT('',(0.750999999178,4.362480606126));
#1233 = CARTESIAN_POINT('',(0.753299999887,4.380690603375));
#1234 = CARTESIAN_POINT('',(0.755600000663,4.398900601161));
#1235 = CARTESIAN_POINT('',(0.757900001231,4.417110597298));
#1236 = CARTESIAN_POINT('',(0.760200001329,4.435320589713));
#1237 = CARTESIAN_POINT('',(0.762500000709,4.453530576447));
#1238 = CARTESIAN_POINT('',(0.769199985492,4.506576953349));
#1239 = CARTESIAN_POINT('',(0.773600014003,4.541413684825));
#1240 = CARTESIAN_POINT('',(0.77800002161,4.576250250802));
#1241 = CARTESIAN_POINT('',(0.782400003674,4.611086614542));
#1242 = CARTESIAN_POINT('',(0.786799984896,4.645922971616));
#1243 = CARTESIAN_POINT('',(0.791199990241,4.680759519678));
#1244 = CARTESIAN_POINT('',(0.795600015858,4.715596228239));
#1245 = CARTESIAN_POINT('',(0.8,4.750432608432));
#1246 = ( GEOMETRIC_REPRESENTATION_CONTEXT(2) 
PARAMETRIC_REPRESENTATION_CONTEXT() REPRESENTATION_CONTEXT('2D SPACE',''
  ) );
#1247 = PCURVE('',#508,#1248);
#1248 = DEFINITIONAL_REPRESENTATION('',(#1249),#1336);
#1249 = B_SPLINE_CURVE_WITH_KNOTS('',8,(#1250,#1251,#1252,#1253,#1254,
    #1255,#1256,#1257,#1258,#1259,#1260,#1261,#1262,#1263,#1264,#1265,
    #1266,#1267,#1268,#1269,#1270,#1271,#1272,#1273,#1274,#1275,#1276,
    #1277,#1278,#1279,#1280,#1281,#1282,#1283,#1284,#1285,#1286,#1287,
    #1288,#1289,#1290,#1291,#1292,#1293,#1294,#1295,#1296,#1297,#1298,
    #1299,#1300,#1301,#1302,#1303,#1304,#1305,#1306,#1307,#1308,#1309,
    #1310,#1311,#1312,#1313,#1314,#1315,#1316,#1317,#1318,#1319,#1320,
    #1321,#1322,#1323,#1324,#1325,#1326,#1327,#1328,#1329,#1330,#1331,
    #1332,#1333,#1334,#1335),.UNSPECIFIED.,.F.,.F.,(9,7,7,7,7,7,7,7,7,7,
    7,7,9),(0.,7.068484250717E-02,0.122697375943,0.188046356307,
    0.253395800282,0.292072182708,0.32808123273,0.465434514111,
    0.672036445292,0.879970297306,0.910644596736,0.941318888368,1.),
  .UNSPECIFIED.);
#1250 = CARTESIAN_POINT('',(27.179999926988,-14.70000000022));
#1251 = CARTESIAN_POINT('',(27.179999888931,-15.2194958976));
#1252 = CARTESIAN_POINT('',(27.155291494806,-15.73900339835));
#1253 = CARTESIAN_POINT('',(27.1058704637,-16.25713458008));
#1254 = CARTESIAN_POINT('',(27.031828137703,-16.77251684879));
#1255 = CARTESIAN_POINT('',(26.93334585818,-17.28379221837));
#1256 = CARTESIAN_POINT('',(26.8106931512,-17.7896172534));
#1257 = CARTESIAN_POINT('',(26.664229722119,-18.28866367509));
#1258 = CARTESIAN_POINT('',(26.369452524752,-19.14088326408));
#1259 = CARTESIAN_POINT('',(26.23184506074,-19.49777436595));
#1260 = CARTESIAN_POINT('',(26.081768971595,-19.84977306359));
#1261 = CARTESIAN_POINT('',(25.91942849128,-20.19637133053));
#1262 = CARTESIAN_POINT('',(25.745051983423,-20.53707298633));
#1263 = CARTESIAN_POINT('',(25.558891941315,-20.87139369653));
#1264 = CARTESIAN_POINT('',(25.361224987909,-21.1988609727));
#1265 = CARTESIAN_POINT('',(24.889921957521,-21.92125731998));
#1266 = CARTESIAN_POINT('',(24.609796308082,-22.31196444661));
#1267 = CARTESIAN_POINT('',(24.312572742073,-22.69021824507));
#1268 = CARTESIAN_POINT('',(23.998901416257,-23.05514807375));
#1269 = CARTESIAN_POINT('',(23.669481815244,-23.40592747116));
#1270 = CARTESIAN_POINT('',(23.325061656834,-23.7417733939));
#1271 = CARTESIAN_POINT('',(22.966437717062,-24.06194717819));
#1272 = CARTESIAN_POINT('',(22.222476793831,-24.66956942672));
#1273 = CARTESIAN_POINT('',(21.837127944309,-24.95702719471));
#1274 = CARTESIAN_POINT('',(21.439259209945,-25.2274371268));
#1275 = CARTESIAN_POINT('',(21.029753530619,-25.48016599588));
#1276 = CARTESIAN_POINT('',(20.609527544516,-25.71463756705));
#1277 = CARTESIAN_POINT('',(20.179530823221,-25.93033161691));
#1278 = CARTESIAN_POINT('',(19.740746399897,-26.12678515479));
#1279 = CARTESIAN_POINT('',(19.029904406077,-26.40823939754));
#1280 = CARTESIAN_POINT('',(18.762891825488,-26.50600372759));
#1281 = CARTESIAN_POINT('',(18.493364502939,-26.59680577821));
#1282 = CARTESIAN_POINT('',(18.221534410974,-26.68057035699));
#1283 = CARTESIAN_POINT('',(17.947615840525,-26.75723013702));
#1284 = CARTESIAN_POINT('',(17.671825400907,-26.82672565689));
#1285 = CARTESIAN_POINT('',(17.394382019823,-26.8890053207));
#1286 = CARTESIAN_POINT('',(16.855864599679,-26.99525099344));
#1287 = CARTESIAN_POINT('',(16.594980367006,-27.04018397213));
#1288 = CARTESIAN_POINT('',(16.333032726789,-27.07878910611));
#1289 = CARTESIAN_POINT('',(16.070200838691,-27.11103729419));
#1290 = CARTESIAN_POINT('',(15.80666454059,-27.13690556204));
#1291 = CARTESIAN_POINT('',(15.542604348581,-27.15637706214));
#1292 = CARTESIAN_POINT('',(15.278201456971,-27.16944107382));
#1293 = CARTESIAN_POINT('',(14.00448323758,-27.20146618964));
#1294 = CARTESIAN_POINT('',(12.99268151993,-27.13355230193));
#1295 = CARTESIAN_POINT('',(11.988749388546,-26.97199559459));
#1296 = CARTESIAN_POINT('',(11.002790737187,-26.71796824664));
#1297 = CARTESIAN_POINT('',(10.044545713774,-26.37385928516));
#1298 = CARTESIAN_POINT('',(9.123411383121,-25.94317171372));
#1299 = CARTESIAN_POINT('',(8.248401432218,-25.43061780093));
#1300 = CARTESIAN_POINT('',(6.194012487414,-23.95762988094));
#1301 = CARTESIAN_POINT('',(5.081148197048,-22.89992058173));
#1302 = CARTESIAN_POINT('',(4.120961425421,-21.69051742809));
#1303 = CARTESIAN_POINT('',(3.336065982585,-20.35595091932));
#1304 = CARTESIAN_POINT('',(2.744581369419,-18.92512195048));
#1305 = CARTESIAN_POINT('',(2.35864643124,-17.42990811836));
#1306 = CARTESIAN_POINT('',(2.185794851867,-15.90434593812));
#1307 = CARTESIAN_POINT('',(2.262356553853,-12.85868848566));
#1308 = CARTESIAN_POINT('',(2.514618600612,-11.33394798625));
#1309 = CARTESIAN_POINT('',(2.980916570301,-9.851006687296));
#1310 = CARTESIAN_POINT('',(3.651753725108,-8.444112950967));
#1311 = CARTESIAN_POINT('',(4.51306992265,-7.145073109455));
#1312 = CARTESIAN_POINT('',(5.544832288471,-5.982312503254));
#1313 = CARTESIAN_POINT('',(6.722562090731,-4.98159913828));
#1314 = CARTESIAN_POINT('',(8.203220461896,-4.041954934989));
#1315 = CARTESIAN_POINT('',(8.396060756141,-3.925088618685));
#1316 = CARTESIAN_POINT('',(8.591300254387,-3.812212259397));
#1317 = CARTESIAN_POINT('',(8.788842544369,-3.703383198592));
#1318 = CARTESIAN_POINT('',(8.988589677902,-3.598655918759));
#1319 = CARTESIAN_POINT('',(9.190442170887,-3.498082043408));
#1320 = CARTESIAN_POINT('',(9.39429900331,-3.401710337069));
#1321 = CARTESIAN_POINT('',(9.80581618286,-3.217463096943));
#1322 = CARTESIAN_POINT('',(10.013476850307,-3.12958741782));
#1323 = CARTESIAN_POINT('',(10.222937059424,-3.046005558087));
#1324 = CARTESIAN_POINT('',(10.434093141544,-2.966760358057));
#1325 = CARTESIAN_POINT('',(10.646840321494,-2.891891608196));
#1326 = CARTESIAN_POINT('',(10.86107271759,-2.821436049123));
#1327 = CARTESIAN_POINT('',(11.07668334164,-2.755427371611));
#1328 = CARTESIAN_POINT('',(11.708465413788,-2.576184726454));
#1329 = CARTESIAN_POINT('',(12.128019828684,-2.47485863295));
#1330 = CARTESIAN_POINT('',(12.551466265713,-2.390133263789));
#1331 = CARTESIAN_POINT('',(12.978037354201,-2.322180916135));
#1332 = CARTESIAN_POINT('',(13.406959601633,-2.271130860072));
#1333 = CARTESIAN_POINT('',(13.837453564583,-2.237069342066));
#1334 = CARTESIAN_POINT('',(14.26873401963,-2.220039588442));
#1335 = CARTESIAN_POINT('',(14.700010134283,-2.220041808842));
#1336 = ( GEOMETRIC_REPRESENTATION_CONTEXT(2) 
PARAMETRIC_REPRESENTATION_CONTEXT() REPRESENTATION_CONTEXT('2D SPACE',''
  ) );
#1337 = ORIENTED_EDGE('',*,*,#21,.T.);
#1338 = ORIENTED_EDGE('',*,*,#1339,.T.);
#1339 = EDGE_CURVE('',#24,#950,#1340,.T.);
#1340 = SURFACE_CURVE('',#1341,(#1449,#1560),.PCURVE_S1.);
#1341 = B_SPLINE_CURVE_WITH_KNOTS('',8,(#1342,#1343,#1344,#1345,#1346,
    #1347,#1348,#1349,#1350,#1351,#1352,#1353,#1354,#1355,#1356,#1357,
    #1358,#1359,#1360,#1361,#1362,#1363,#1364,#1365,#1366,#1367,#1368,
    #1369,#1370,#1371,#1372,#1373,#1374,#1375,#1376,#1377,#1378,#1379,
    #1380,#1381,#1382,#1383,#1384,#1385,#1386,#1387,#1388,#1389,#1390,
    #1391,#1392,#1393,#1394,#1395,#1396,#1397,#1398,#1399,#1400,#1401,
    #1402,#1403,#1404,#1405,#1406,#1407,#1408,#1409,#1410,#1411,#1412,
    #1413,#1414,#1415,#1416,#1417,#1418,#1419,#1420,#1421,#1422,#1423,
    #1424,#1425,#1426,#1427,#1428,#1429,#1430,#1431,#1432,#1433,#1434,
    #1435,#1436,#1437,#1438,#1439,#1440,#1441,#1442,#1443,#1444,#1445,
    #1446,#1447,#1448),.UNSPECIFIED.,.F.,.F.,(9,7,7,7,7,7,7,7,7,7,7,7,7,
    7,7,9),(0.,0.101010049466,0.253958015273,0.406907485203,
    0.466918373495,0.514927501568,0.563936450779,0.602943628679,
    0.655954243618,0.672957816966,0.708965247013,0.748972610212,
    0.773977253485,0.796981652895,0.897990697865,1.),.UNSPECIFIED.);
#1342 = CARTESIAN_POINT('',(5.,1.427283276101E-05,12.480035681444));
#1343 = CARTESIAN_POINT('',(5.,-0.989866265237,12.480039353117));
#1344 = CARTESIAN_POINT('',(5.,-1.980020812475,12.390306518895));
#1345 = CARTESIAN_POINT('',(5.,-2.960544693479,12.210755992354));
#1346 = CARTESIAN_POINT('',(5.,-3.921941361698,11.942702096248));
#1347 = CARTESIAN_POINT('',(5.,-4.855072157939,11.588578596472));
#1348 = CARTESIAN_POINT('',(5.,-5.751136393208,11.151847294718));
#1349 = CARTESIAN_POINT('',(5.,-6.60170909192,10.637082218562));
#1350 = CARTESIAN_POINT('',(5.,-8.605903834895,9.161602533637));
#1351 = CARTESIAN_POINT('',(5.,-9.692729583838,8.106021044989));
#1352 = CARTESIAN_POINT('',(5.,-10.62936813341,6.904259543607));
#1353 = CARTESIAN_POINT('',(5.,-11.39427865925,5.582003675678));
#1354 = CARTESIAN_POINT('',(5.,-11.97025764639,4.167191247851));
#1355 = CARTESIAN_POINT('',(5.,-12.34576783616,2.690536026078));
#1356 = CARTESIAN_POINT('',(5.,-12.51371381513,1.184800904014));
#1357 = CARTESIAN_POINT('',(5.,-12.43838040892,-1.811995221933));
#1358 = CARTESIAN_POINT('',(5.,-12.19498774763,-3.307401465461));
#1359 = CARTESIAN_POINT('',(5.,-11.74575902962,-4.763339955189));
#1360 = CARTESIAN_POINT('',(5.,-11.09942972457,-6.147448265043));
#1361 = CARTESIAN_POINT('',(5.,-10.26906286952,-7.42962861302));
#1362 = CARTESIAN_POINT('',(5.,-9.273233668231,-8.582835211176));
#1363 = CARTESIAN_POINT('',(5.,-8.134736401117,-9.582489313053));
#1364 = CARTESIAN_POINT('',(5.,-6.394027669596,-10.73375582883));
#1365 = CARTESIAN_POINT('',(5.,-5.886016998951,-11.03176857668));
#1366 = CARTESIAN_POINT('',(5.,-5.362199839907,-11.30225641849));
#1367 = CARTESIAN_POINT('',(5.,-4.824323022902,-11.54425010701));
#1368 = CARTESIAN_POINT('',(5.,-4.27419128056,-11.75691755613));
#1369 = CARTESIAN_POINT('',(5.,-3.713665023341,-11.93956010687));
#1370 = CARTESIAN_POINT('',(5.,-3.14466139908,-12.09161664804));
#1371 = CARTESIAN_POINT('',(5.,-2.108752423035,-12.30952358891));
#1372 = CARTESIAN_POINT('',(5.,-1.644166980235,-12.38653693266));
#1373 = CARTESIAN_POINT('',(5.,-1.176408949412,-12.44350316751));
#1374 = CARTESIAN_POINT('',(5.,-0.706488865131,-12.48027420949));
#1375 = CARTESIAN_POINT('',(5.,-0.235420819298,-12.49676293253));
#1376 = CARTESIAN_POINT('',(5.,0.23577774716,-12.49294200971));
#1377 = CARTESIAN_POINT('',(5.,0.706086125085,-12.46884500922));
#1378 = CARTESIAN_POINT('',(5.,1.652629067033,-12.3793724199));
#1379 = CARTESIAN_POINT('',(5.,2.128797630743,-12.31314625281));
#1380 = CARTESIAN_POINT('',(5.,2.601896021028,-12.22599313397));
#1381 = CARTESIAN_POINT('',(5.,3.070851096266,-12.11808289327));
#1382 = CARTESIAN_POINT('',(5.,3.534605748992,-11.9896495414));
#1383 = CARTESIAN_POINT('',(5.,3.992118755904,-11.84099001119));
#1384 = CARTESIAN_POINT('',(5.,4.442365262548,-11.67246539951));
#1385 = CARTESIAN_POINT('',(5.,5.236112541388,-11.33490313262));
#1386 = CARTESIAN_POINT('',(5.,5.582652426378,-11.17298608964));
#1387 = CARTESIAN_POINT('',(5.,5.92345123488,-10.99896870619));
#1388 = CARTESIAN_POINT('',(5.,6.258016088572,-10.8130893837));
#1389 = CARTESIAN_POINT('',(5.,6.585867553593,-10.61560979929));
#1390 = CARTESIAN_POINT('',(5.,6.906539640546,-10.4068149058));
#1391 = CARTESIAN_POINT('',(5.,7.219579804496,-10.18701293175));
#1392 = CARTESIAN_POINT('',(5.,7.93900091366,-9.643317216638));
#1393 = CARTESIAN_POINT('',(5.,8.338559675676,-9.310373291096));
#1394 = CARTESIAN_POINT('',(5.,8.722116190697,-8.958539453854));
#1395 = CARTESIAN_POINT('',(5.,9.088631991214,-8.588718647589));
#1396 = CARTESIAN_POINT('',(5.,9.437135068486,-8.201876622322));
#1397 = CARTESIAN_POINT('',(5.,9.766718555401,-7.799040323203));
#1398 = CARTESIAN_POINT('',(5.,10.076542206244,-7.381298952359));
#1399 = CARTESIAN_POINT('',(5.,10.458630158168,-6.811403479772));
#1400 = CARTESIAN_POINT('',(5.,10.549312185051,-6.671583567115));
#1401 = CARTESIAN_POINT('',(5.,10.637857458882,-6.530385551562));
#1402 = CARTESIAN_POINT('',(5.,10.724241514917,-6.38784751795));
#1403 = CARTESIAN_POINT('',(5.,10.808440718815,-6.244008051194));
#1404 = CARTESIAN_POINT('',(5.,10.890432266629,-6.098906236285));
#1405 = CARTESIAN_POINT('',(5.,10.970194184813,-5.95258165829));
#1406 = CARTESIAN_POINT('',(5.,11.211845954606,-5.492707284535));
#1407 = CARTESIAN_POINT('',(5.,11.365894023937,-5.175034884793));
#1408 = CARTESIAN_POINT('',(5.,11.50964799819,-4.8524396229));
#1409 = CARTESIAN_POINT('',(5.,11.642924591738,-4.525311056647));
#1410 = CARTESIAN_POINT('',(5.,11.76555877335,-4.194045881837));
#1411 = CARTESIAN_POINT('',(5.,11.877403766189,-3.859047932292));
#1412 = CARTESIAN_POINT('',(5.,11.978331047819,-3.520728179851));
#1413 = CARTESIAN_POINT('',(5.,12.168116235879,-2.800376029609));
#1414 = CARTESIAN_POINT('',(5.,12.254389099082,-2.417658059571));
#1415 = CARTESIAN_POINT('',(5.,12.326897892488,-2.031924921528));
#1416 = CARTESIAN_POINT('',(5.,12.385521125301,-1.64375478683));
#1417 = CARTESIAN_POINT('',(5.,12.430166829331,-1.253729805036));
#1418 = CARTESIAN_POINT('',(5.,12.460772525081,-0.862436008043));
#1419 = CARTESIAN_POINT('',(5.,12.477305187835,-0.47046321422));
#1420 = CARTESIAN_POINT('',(5.,12.481296232471,0.166631897987));
#1421 = CARTESIAN_POINT('',(5.,12.477332608304,0.411703438172));
#1422 = CARTESIAN_POINT('',(5.,12.467869532452,0.656665351915));
#1423 = CARTESIAN_POINT('',(5.,12.452910701536,0.901373634994));
#1424 = CARTESIAN_POINT('',(5.,12.432464317589,1.145684615069));
#1425 = CARTESIAN_POINT('',(5.,12.406543088054,1.389454951687));
#1426 = CARTESIAN_POINT('',(5.,12.375164225785,1.632541636276));
#1427 = CARTESIAN_POINT('',(5.,12.30447966658,2.097682755809));
#1428 = CARTESIAN_POINT('',(5.,12.266008815878,2.319864501043));
#1429 = CARTESIAN_POINT('',(5.,12.222953816862,2.541236174348));
#1430 = CARTESIAN_POINT('',(5.,12.175334742475,2.761687438971));
#1431 = CARTESIAN_POINT('',(5.,12.123174818675,2.98110867491));
#1432 = CARTESIAN_POINT('',(5.,12.06650042444,3.199390978913));
#1433 = CARTESIAN_POINT('',(5.,12.005341091763,3.416426164482));
#1434 = CARTESIAN_POINT('',(5.,11.651638365631,4.579129580095));
#1435 = CARTESIAN_POINT('',(5.,11.277627732584,5.500302351756));
#1436 = CARTESIAN_POINT('',(5.,10.820501294732,6.386127955664));
#1437 = CARTESIAN_POINT('',(5.,10.284275593667,7.227902499739));
#1438 = CARTESIAN_POINT('',(5.,9.673933205644,8.017588736032));
#1439 = CARTESIAN_POINT('',(5.,8.99534293654,8.747771573294));
#1440 = CARTESIAN_POINT('',(5.,8.255330590482,9.411719427715));
#1441 = CARTESIAN_POINT('',(5.,6.660579928948,10.601291817052));
#1442 = CARTESIAN_POINT('',(5.,5.804323936244,11.125820183709));
#1443 = CARTESIAN_POINT('',(5.,4.901248521827,11.570985886727));
#1444 = CARTESIAN_POINT('',(5.,3.960012465062,11.932037893479));
#1445 = CARTESIAN_POINT('',(5.,2.989668721542,12.205382082969));
#1446 = CARTESIAN_POINT('',(5.,1.999623825788,12.388490795111));
#1447 = CARTESIAN_POINT('',(5.,0.999658965585,12.47999819714));
#1448 = CARTESIAN_POINT('',(5.,-1.697837868875E-05,12.479991313586));
#1449 = PCURVE('',#259,#1450);
#1450 = DEFINITIONAL_REPRESENTATION('',(#1451),#1559);
#1451 = B_SPLINE_CURVE_WITH_KNOTS('',8,(#1452,#1453,#1454,#1455,#1456,
    #1457,#1458,#1459,#1460,#1461,#1462,#1463,#1464,#1465,#1466,#1467,
    #1468,#1469,#1470,#1471,#1472,#1473,#1474,#1475,#1476,#1477,#1478,
    #1479,#1480,#1481,#1482,#1483,#1484,#1485,#1486,#1487,#1488,#1489,
    #1490,#1491,#1492,#1493,#1494,#1495,#1496,#1497,#1498,#1499,#1500,
    #1501,#1502,#1503,#1504,#1505,#1506,#1507,#1508,#1509,#1510,#1511,
    #1512,#1513,#1514,#1515,#1516,#1517,#1518,#1519,#1520,#1521,#1522,
    #1523,#1524,#1525,#1526,#1527,#1528,#1529,#1530,#1531,#1532,#1533,
    #1534,#1535,#1536,#1537,#1538,#1539,#1540,#1541,#1542,#1543,#1544,
    #1545,#1546,#1547,#1548,#1549,#1550,#1551,#1552,#1553,#1554,#1555,
    #1556,#1557,#1558),.UNSPECIFIED.,.F.,.F.,(9,7,7,7,7,7,7,7,7,7,7,7,7,
    7,7,9),(0.,0.101010049466,0.253958015273,0.406907485203,
    0.466918373495,0.514927501568,0.563936450779,0.602943628679,
    0.655954243618,0.672957816966,0.708965247013,0.748972610212,
    0.773977253485,0.796981652895,0.897990697865,1.),.UNSPECIFIED.);
#1452 = CARTESIAN_POINT('',(0.8,44.337370955192));
#1453 = CARTESIAN_POINT('',(0.789901002538,44.257413277218));
#1454 = CARTESIAN_POINT('',(0.779799227002,44.177433604144));
#1455 = CARTESIAN_POINT('',(0.769698911762,44.097465492812));
#1456 = CARTESIAN_POINT('',(0.759599894438,44.017507657575));
#1457 = CARTESIAN_POINT('',(0.749500893797,43.937549954427));
#1458 = CARTESIAN_POINT('',(0.739400626772,43.857582224824));
#1459 = CARTESIAN_POINT('',(0.729298923086,43.777603120621));
#1460 = CARTESIAN_POINT('',(0.703908355743,43.576576155825));
#1461 = CARTESIAN_POINT('',(0.688594512523,43.455330522347));
#1462 = CARTESIAN_POINT('',(0.673293826493,43.334189059433));
#1463 = CARTESIAN_POINT('',(0.658000300471,43.213104285092));
#1464 = CARTESIAN_POINT('',(0.642706720162,43.092019080932));
#1465 = CARTESIAN_POINT('',(0.627405885509,42.970876441322));
#1466 = CARTESIAN_POINT('',(0.612091836691,42.849629180041));
#1467 = CARTESIAN_POINT('',(0.581508012926,42.607485190878));
#1468 = CARTESIAN_POINT('',(0.566194009965,42.486238292665));
#1469 = CARTESIAN_POINT('',(0.550893331056,42.365096886145));
#1470 = CARTESIAN_POINT('',(0.535599947896,42.24401324289));
#1471 = CARTESIAN_POINT('',(0.520306576933,42.122929696207));
#1472 = CARTESIAN_POINT('',(0.505005928142,42.00178852813));
#1473 = CARTESIAN_POINT('',(0.48969194772,41.880541808371));
#1474 = CARTESIAN_POINT('',(0.468400087958,41.711965900436));
#1475 = CARTESIAN_POINT('',(0.462399960008,41.66446056139));
#1476 = CARTESIAN_POINT('',(0.456399922276,41.616955936631));
#1477 = CARTESIAN_POINT('',(0.450400000098,41.56945222676));
#1478 = CARTESIAN_POINT('',(0.444400078336,41.52194852019));
#1479 = CARTESIAN_POINT('',(0.438400041565,41.474443903039));
#1480 = CARTESIAN_POINT('',(0.432399914116,41.426938567958));
#1481 = CARTESIAN_POINT('',(0.421600026972,41.341431674656));
#1482 = CARTESIAN_POINT('',(0.41679998653,41.303427893648));
#1483 = CARTESIAN_POINT('',(0.411999978155,41.265424366526));
#1484 = CARTESIAN_POINT('',(0.407200008627,41.227421146978));
#1485 = CARTESIAN_POINT('',(0.4024000383,41.189417921092));
#1486 = CARTESIAN_POINT('',(0.397600027319,41.15141437334));
#1487 = CARTESIAN_POINT('',(0.392799981808,41.113410552199));
#1488 = CARTESIAN_POINT('',(0.383100055467,41.036612474992));
#1489 = CARTESIAN_POINT('',(0.378200028956,40.997817065517));
#1490 = CARTESIAN_POINT('',(0.373300028999,40.959021866276));
#1491 = CARTESIAN_POINT('',(0.368400062807,40.92022693437));
#1492 = CARTESIAN_POINT('',(0.363500087458,40.881431929959));
#1493 = CARTESIAN_POINT('',(0.358600061075,40.842636521496));
#1494 = CARTESIAN_POINT('',(0.353699994007,40.80384079091));
#1495 = CARTESIAN_POINT('',(0.344899999265,40.734167821053));
#1496 = CARTESIAN_POINT('',(0.340999987591,40.703289916713));
#1497 = CARTESIAN_POINT('',(0.337099970396,40.672411968662));
#1498 = CARTESIAN_POINT('',(0.333199953223,40.641534020789));
#1499 = CARTESIAN_POINT('',(0.329299941741,40.610656117972));
#1500 = CARTESIAN_POINT('',(0.325399941744,40.579778306081));
#1501 = CARTESIAN_POINT('',(0.321499959149,40.548900631974));
#1502 = CARTESIAN_POINT('',(0.312299969497,40.476060747344));
#1503 = CARTESIAN_POINT('',(0.306999850569,40.434097651098));
#1504 = CARTESIAN_POINT('',(0.301699817842,40.392135237338));
#1505 = CARTESIAN_POINT('',(0.296399886804,40.350173628689));
#1506 = CARTESIAN_POINT('',(0.291099988997,40.308212283144));
#1507 = CARTESIAN_POINT('',(0.285800042558,40.266250552561));
#1508 = CARTESIAN_POINT('',(0.28050001811,40.224288204345));
#1509 = CARTESIAN_POINT('',(0.273499977339,40.168866167863));
#1510 = CARTESIAN_POINT('',(0.271799963525,40.155406499453));
#1511 = CARTESIAN_POINT('',(0.270099957688,40.141946894207));
#1512 = CARTESIAN_POINT('',(0.268399958707,40.128487343234));
#1513 = CARTESIAN_POINT('',(0.266699965205,40.115027835638));
#1514 = CARTESIAN_POINT('',(0.26499997555,40.101568358513));
#1515 = CARTESIAN_POINT('',(0.263299987861,40.088108896945));
#1516 = CARTESIAN_POINT('',(0.258000039407,40.046147150402));
#1517 = CARTESIAN_POINT('',(0.25440007402,40.017644828842));
#1518 = CARTESIAN_POINT('',(0.250800097597,39.989142419898));
#1519 = CARTESIAN_POINT('',(0.247200106302,39.960639893208));
#1520 = CARTESIAN_POINT('',(0.243600098708,39.932137237477));
#1521 = CARTESIAN_POINT('',(0.240000075798,39.90363446048));
#1522 = CARTESIAN_POINT('',(0.236400040962,39.875131589061));
#1523 = CARTESIAN_POINT('',(0.22880004371,39.814959464525));
#1524 = CARTESIAN_POINT('',(0.224800044094,39.783289916889));
#1525 = CARTESIAN_POINT('',(0.220800043747,39.751620363468));
#1526 = CARTESIAN_POINT('',(0.216800049161,39.719950855656));
#1527 = CARTESIAN_POINT('',(0.212800048677,39.68828130114));
#1528 = CARTESIAN_POINT('',(0.208800030436,39.656611606048));
#1529 = CARTESIAN_POINT('',(0.204800000341,39.624941817094));
#1530 = CARTESIAN_POINT('',(0.19829999566,39.573478760185));
#1531 = CARTESIAN_POINT('',(0.19579999129,39.553685256408));
#1532 = CARTESIAN_POINT('',(0.193299987639,39.533891758333));
#1533 = CARTESIAN_POINT('',(0.190799985368,39.514098271173));
#1534 = CARTESIAN_POINT('',(0.188299985041,39.494304799411));
#1535 = CARTESIAN_POINT('',(0.185799987132,39.474511346794));
#1536 = CARTESIAN_POINT('',(0.183299992022,39.454717916339));
#1537 = CARTESIAN_POINT('',(0.178499994582,39.416714475796));
#1538 = CARTESIAN_POINT('',(0.17619999044,39.398504451361));
#1539 = CARTESIAN_POINT('',(0.17389998775,39.380294438425));
#1540 = CARTESIAN_POINT('',(0.171599986657,39.362084438132));
#1541 = CARTESIAN_POINT('',(0.169299987273,39.343874451365));
#1542 = CARTESIAN_POINT('',(0.166999989676,39.325664478753));
#1543 = CARTESIAN_POINT('',(0.164699993914,39.307454520665));
#1544 = CARTESIAN_POINT('',(0.152301053946,39.20928730625));
#1545 = CARTESIAN_POINT('',(0.142199327065,39.129308018404));
#1546 = CARTESIAN_POINT('',(0.132099036242,39.049340100389));
#1547 = CARTESIAN_POINT('',(0.122000016413,38.969382245319));
#1548 = CARTESIAN_POINT('',(0.111900990848,38.889424344839));
#1549 = CARTESIAN_POINT('',(0.101800684434,38.809456303384));
#1550 = CARTESIAN_POINT('',(9.169894028253E-02,38.729476878796));
#1551 = CARTESIAN_POINT('',(7.140105345195E-02,38.56877063989));
#1552 = CARTESIAN_POINT('',(6.119918355906E-02,38.487998480996));
#1553 = CARTESIAN_POINT('',(5.099884793771E-02,38.407238469524));
#1554 = CARTESIAN_POINT('',(4.079987051036E-02,38.326489211401));
#1555 = CARTESIAN_POINT('',(3.060091350099E-02,38.245740114934));
#1556 = CARTESIAN_POINT('',(2.040063671121E-02,38.164980569255));
#1557 = CARTESIAN_POINT('',(1.019885438876E-02,38.08420910369));
#1558 = CARTESIAN_POINT('',(0.,38.003460819711));
#1559 = ( GEOMETRIC_REPRESENTATION_CONTEXT(2) 
PARAMETRIC_REPRESENTATION_CONTEXT() REPRESENTATION_CONTEXT('2D SPACE',''
  ) );
#1560 = PCURVE('',#893,#1561);
#1561 = DEFINITIONAL_REPRESENTATION('',(#1562),#1670);
#1562 = B_SPLINE_CURVE_WITH_KNOTS('',8,(#1563,#1564,#1565,#1566,#1567,
    #1568,#1569,#1570,#1571,#1572,#1573,#1574,#1575,#1576,#1577,#1578,
    #1579,#1580,#1581,#1582,#1583,#1584,#1585,#1586,#1587,#1588,#1589,
    #1590,#1591,#1592,#1593,#1594,#1595,#1596,#1597,#1598,#1599,#1600,
    #1601,#1602,#1603,#1604,#1605,#1606,#1607,#1608,#1609,#1610,#1611,
    #1612,#1613,#1614,#1615,#1616,#1617,#1618,#1619,#1620,#1621,#1622,
    #1623,#1624,#1625,#1626,#1627,#1628,#1629,#1630,#1631,#1632,#1633,
    #1634,#1635,#1636,#1637,#1638,#1639,#1640,#1641,#1642,#1643,#1644,
    #1645,#1646,#1647,#1648,#1649,#1650,#1651,#1652,#1653,#1654,#1655,
    #1656,#1657,#1658,#1659,#1660,#1661,#1662,#1663,#1664,#1665,#1666,
    #1667,#1668,#1669),.UNSPECIFIED.,.F.,.F.,(9,7,7,7,7,7,7,7,7,7,7,7,7,
    7,7,9),(0.,0.101010049466,0.253958015273,0.406907485203,
    0.466918373495,0.514927501568,0.563936450779,0.602943628679,
    0.655954243618,0.672957816966,0.708965247013,0.748972610212,
    0.773977253485,0.796981652895,0.897990697865,1.),.UNSPECIFIED.);
#1563 = CARTESIAN_POINT('',(27.180035681444,-14.70001427283));
#1564 = CARTESIAN_POINT('',(27.180039353117,-13.71013373476));
#1565 = CARTESIAN_POINT('',(27.090306518895,-12.71997918752));
#1566 = CARTESIAN_POINT('',(26.910755992354,-11.73945530652));
#1567 = CARTESIAN_POINT('',(26.642702096248,-10.7780586383));
#1568 = CARTESIAN_POINT('',(26.288578596472,-9.844927842061));
#1569 = CARTESIAN_POINT('',(25.851847294718,-8.948863606792));
#1570 = CARTESIAN_POINT('',(25.337082218562,-8.09829090808));
#1571 = CARTESIAN_POINT('',(23.861602533637,-6.094096165105));
#1572 = CARTESIAN_POINT('',(22.806021044989,-5.007270416162));
#1573 = CARTESIAN_POINT('',(21.604259543607,-4.070631866588));
#1574 = CARTESIAN_POINT('',(20.282003675678,-3.305721340741));
#1575 = CARTESIAN_POINT('',(18.867191247851,-2.729742353608));
#1576 = CARTESIAN_POINT('',(17.390536026078,-2.354232163835));
#1577 = CARTESIAN_POINT('',(15.884800904014,-2.186286184862));
#1578 = CARTESIAN_POINT('',(12.888004778067,-2.261619591074));
#1579 = CARTESIAN_POINT('',(11.392598534539,-2.505012252367));
#1580 = CARTESIAN_POINT('',(9.936660044811,-2.954240970373));
#1581 = CARTESIAN_POINT('',(8.552551734957,-3.600570275427));
#1582 = CARTESIAN_POINT('',(7.27037138698,-4.430937130471));
#1583 = CARTESIAN_POINT('',(6.117164788824,-5.426766331769));
#1584 = CARTESIAN_POINT('',(5.117510686947,-6.565263598883));
#1585 = CARTESIAN_POINT('',(3.966244171162,-8.305972330404));
#1586 = CARTESIAN_POINT('',(3.668231423316,-8.813983001049));
#1587 = CARTESIAN_POINT('',(3.397743581503,-9.337800160093));
#1588 = CARTESIAN_POINT('',(3.155749892989,-9.875676977098));
#1589 = CARTESIAN_POINT('',(2.943082443864,-10.42580871944));
#1590 = CARTESIAN_POINT('',(2.760439893124,-10.98633497665));
#1591 = CARTESIAN_POINT('',(2.608383351952,-11.55533860092));
#1592 = CARTESIAN_POINT('',(2.390476411081,-12.59124757696));
#1593 = CARTESIAN_POINT('',(2.31346306734,-13.05583301976));
#1594 = CARTESIAN_POINT('',(2.256496832481,-13.52359105058));
#1595 = CARTESIAN_POINT('',(2.219725790503,-13.99351113486));
#1596 = CARTESIAN_POINT('',(2.203237067464,-14.4645791807));
#1597 = CARTESIAN_POINT('',(2.207057990283,-14.93577774716));
#1598 = CARTESIAN_POINT('',(2.23115499078,-15.40608612508));
#1599 = CARTESIAN_POINT('',(2.320627580091,-16.35262906703));
#1600 = CARTESIAN_POINT('',(2.386853747186,-16.82879763074));
#1601 = CARTESIAN_POINT('',(2.47400686603,-17.30189602102));
#1602 = CARTESIAN_POINT('',(2.581917106723,-17.77085109626));
#1603 = CARTESIAN_POINT('',(2.7103504586,-18.23460574899));
#1604 = CARTESIAN_POINT('',(2.859009988804,-18.6921187559));
#1605 = CARTESIAN_POINT('',(3.027534600483,-19.14236526254));
#1606 = CARTESIAN_POINT('',(3.36509686738,-19.93611254138));
#1607 = CARTESIAN_POINT('',(3.527013910354,-20.28265242637));
#1608 = CARTESIAN_POINT('',(3.701031293801,-20.62345123488));
#1609 = CARTESIAN_POINT('',(3.886910616293,-20.95801608857));
#1610 = CARTESIAN_POINT('',(4.084390200702,-21.28586755359));
#1611 = CARTESIAN_POINT('',(4.293185094196,-21.60653964054));
#1612 = CARTESIAN_POINT('',(4.512987068242,-21.91957980449));
#1613 = CARTESIAN_POINT('',(5.056682783362,-22.63900091366));
#1614 = CARTESIAN_POINT('',(5.389626708904,-23.03855967567));
#1615 = CARTESIAN_POINT('',(5.741460546146,-23.42211619069));
#1616 = CARTESIAN_POINT('',(6.111281352411,-23.78863199121));
#1617 = CARTESIAN_POINT('',(6.498123377678,-24.13713506848));
#1618 = CARTESIAN_POINT('',(6.900959676797,-24.4667185554));
#1619 = CARTESIAN_POINT('',(7.318701047641,-24.77654220624));
#1620 = CARTESIAN_POINT('',(7.888596520228,-25.15863015816));
#1621 = CARTESIAN_POINT('',(8.028416432885,-25.24931218505));
#1622 = CARTESIAN_POINT('',(8.169614448438,-25.33785745888));
#1623 = CARTESIAN_POINT('',(8.31215248205,-25.42424151491));
#1624 = CARTESIAN_POINT('',(8.455991948806,-25.50844071881));
#1625 = CARTESIAN_POINT('',(8.601093763715,-25.59043226662));
#1626 = CARTESIAN_POINT('',(8.74741834171,-25.67019418481));
#1627 = CARTESIAN_POINT('',(9.207292715465,-25.9118459546));
#1628 = CARTESIAN_POINT('',(9.524965115207,-26.06589402393));
#1629 = CARTESIAN_POINT('',(9.8475603771,-26.20964799819));
#1630 = CARTESIAN_POINT('',(10.174688943353,-26.34292459173));
#1631 = CARTESIAN_POINT('',(10.505954118163,-26.46555877335));
#1632 = CARTESIAN_POINT('',(10.840952067708,-26.57740376618));
#1633 = CARTESIAN_POINT('',(11.179271820149,-26.67833104781));
#1634 = CARTESIAN_POINT('',(11.899623970391,-26.86811623587));
#1635 = CARTESIAN_POINT('',(12.282341940429,-26.95438909908));
#1636 = CARTESIAN_POINT('',(12.668075078472,-27.02689789248));
#1637 = CARTESIAN_POINT('',(13.05624521317,-27.0855211253));
#1638 = CARTESIAN_POINT('',(13.446270194964,-27.13016682933));
#1639 = CARTESIAN_POINT('',(13.837563991957,-27.16077252508));
#1640 = CARTESIAN_POINT('',(14.22953678578,-27.17730518783));
#1641 = CARTESIAN_POINT('',(14.866631897987,-27.18129623247));
#1642 = CARTESIAN_POINT('',(15.111703438172,-27.1773326083));
#1643 = CARTESIAN_POINT('',(15.356665351915,-27.16786953245));
#1644 = CARTESIAN_POINT('',(15.601373634994,-27.15291070153));
#1645 = CARTESIAN_POINT('',(15.845684615069,-27.13246431758));
#1646 = CARTESIAN_POINT('',(16.089454951687,-27.10654308805));
#1647 = CARTESIAN_POINT('',(16.332541636276,-27.07516422578));
#1648 = CARTESIAN_POINT('',(16.797682755809,-27.00447966658));
#1649 = CARTESIAN_POINT('',(17.019864501043,-26.96600881587));
#1650 = CARTESIAN_POINT('',(17.241236174348,-26.92295381686));
#1651 = CARTESIAN_POINT('',(17.461687438971,-26.87533474247));
#1652 = CARTESIAN_POINT('',(17.68110867491,-26.82317481867));
#1653 = CARTESIAN_POINT('',(17.899390978913,-26.76650042444));
#1654 = CARTESIAN_POINT('',(18.116426164482,-26.70534109176));
#1655 = CARTESIAN_POINT('',(19.279129580095,-26.35163836563));
#1656 = CARTESIAN_POINT('',(20.200302351756,-25.97762773258));
#1657 = CARTESIAN_POINT('',(21.086127955664,-25.52050129473));
#1658 = CARTESIAN_POINT('',(21.927902499739,-24.98427559366));
#1659 = CARTESIAN_POINT('',(22.717588736032,-24.37393320564));
#1660 = CARTESIAN_POINT('',(23.447771573294,-23.69534293654));
#1661 = CARTESIAN_POINT('',(24.111719427715,-22.95533059048));
#1662 = CARTESIAN_POINT('',(25.301291817052,-21.36057992894));
#1663 = CARTESIAN_POINT('',(25.825820183709,-20.50432393624));
#1664 = CARTESIAN_POINT('',(26.270985886727,-19.60124852182));
#1665 = CARTESIAN_POINT('',(26.632037893479,-18.66001246506));
#1666 = CARTESIAN_POINT('',(26.905382082969,-17.68966872154));
#1667 = CARTESIAN_POINT('',(27.088490795111,-16.69962382578));
#1668 = CARTESIAN_POINT('',(27.17999819714,-15.69965896558));
#1669 = CARTESIAN_POINT('',(27.179991313586,-14.69998302162));
#1670 = ( GEOMETRIC_REPRESENTATION_CONTEXT(2) 
PARAMETRIC_REPRESENTATION_CONTEXT() REPRESENTATION_CONTEXT('2D SPACE',''
  ) );
#1671 = ADVANCED_FACE('',(#1672),#893,.T.);
#1672 = FACE_BOUND('',#1673,.T.);
#1673 = EDGE_LOOP('',(#1674,#1675,#1828));
#1674 = ORIENTED_EDGE('',*,*,#801,.F.);
#1675 = ORIENTED_EDGE('',*,*,#1676,.F.);
#1676 = EDGE_CURVE('',#950,#560,#1677,.T.);
#1677 = SURFACE_CURVE('',#1678,(#1726,#1777),.PCURVE_S1.);
#1678 = B_SPLINE_CURVE_WITH_KNOTS('',6,(#1679,#1680,#1681,#1682,#1683,
    #1684,#1685,#1686,#1687,#1688,#1689,#1690,#1691,#1692,#1693,#1694,
    #1695,#1696,#1697,#1698,#1699,#1700,#1701,#1702,#1703,#1704,#1705,
    #1706,#1707,#1708,#1709,#1710,#1711,#1712,#1713,#1714,#1715,#1716,
    #1717,#1718,#1719,#1720,#1721,#1722,#1723,#1724,#1725),
  .UNSPECIFIED.,.F.,.F.,(7,5,5,5,5,5,5,5,5,7),(0.,0.126037919228,
    0.24936810241,0.367976500248,0.496828508521,0.624967575979,
    0.688142706996,0.752391244986,0.876064330003,1.),.UNSPECIFIED.);
#1679 = CARTESIAN_POINT('',(5.,-1.697837858927E-05,12.479991313586));
#1680 = CARTESIAN_POINT('',(5.,0.830781271281,12.484658796));
#1681 = CARTESIAN_POINT('',(5.,1.662005658535,12.422958312886));
#1682 = CARTESIAN_POINT('',(5.,2.486915774479,12.294873464474));
#1683 = CARTESIAN_POINT('',(5.,3.298961158731,12.101327588065));
#1684 = CARTESIAN_POINT('',(5.,4.091756411302,11.84401293389));
#1685 = CARTESIAN_POINT('',(5.,5.609999106133,11.213926802244));
#1686 = CARTESIAN_POINT('',(5.,6.336615342155,10.843718040642));
#1687 = CARTESIAN_POINT('',(5.,7.033173314603,10.417349842509));
#1688 = CARTESIAN_POINT('',(5.,7.694365163904,9.937971134655));
#1689 = CARTESIAN_POINT('',(5.,8.315293986907,9.409323820942));
#1690 = CARTESIAN_POINT('',(5.,9.445759129937,8.284344397346));
#1691 = CARTESIAN_POINT('',(5.,9.958706615582,7.691322227357));
#1692 = CARTESIAN_POINT('',(5.,10.426475715794,7.060725040101));
#1693 = CARTESIAN_POINT('',(5.,10.845752736925,6.396899704697));
#1694 = CARTESIAN_POINT('',(5.,11.213740030174,5.704532933844));
#1695 = CARTESIAN_POINT('',(5.,11.86992040453,4.211062047784));
#1696 = CARTESIAN_POINT('',(5.,12.148517262797,3.405640045233));
#1697 = CARTESIAN_POINT('',(5.,12.361200063143,2.578963484332));
#1698 = CARTESIAN_POINT('',(5.,12.506136100062,1.737764056593));
#1699 = CARTESIAN_POINT('',(5.,12.582314183825,0.888934871007));
#1700 = CARTESIAN_POINT('',(5.,12.597091328875,-0.805116557872));
#1701 = CARTESIAN_POINT('',(5.,12.536450224996,-1.650442565574));
#1702 = CARTESIAN_POINT('',(5.,12.407757058219,-2.489453331733));
#1703 = CARTESIAN_POINT('',(5.,12.211949551766,-3.315380001632));
#1704 = CARTESIAN_POINT('',(5.,11.950767869544,-4.12162493758));
#1705 = CARTESIAN_POINT('',(5.,11.467266178827,-5.286447580164));
#1706 = CARTESIAN_POINT('',(5.,11.29236949504,-5.664769337832));
#1707 = CARTESIAN_POINT('',(5.,11.102555646166,-6.036013506483));
#1708 = CARTESIAN_POINT('',(5.,10.898191661997,-6.399451296312));
#1709 = CARTESIAN_POINT('',(5.,10.679691685021,-6.754380433351));
#1710 = CARTESIAN_POINT('',(5.,10.211395969224,-7.451743967954));
#1711 = CARTESIAN_POINT('',(5.,9.961129299242,-7.793866305668));
#1712 = CARTESIAN_POINT('',(5.,9.697198779631,-8.125779301475));
#1713 = CARTESIAN_POINT('',(5.,9.42013091118,-8.446807683832));
#1714 = CARTESIAN_POINT('',(5.,9.130496176172,-8.756313554174));
#1715 = CARTESIAN_POINT('',(5.,8.248378914279,-9.626133573919));
#1716 = CARTESIAN_POINT('',(5.,7.623525485693,-10.15368715707));
#1717 = CARTESIAN_POINT('',(5.,6.958774591389,-10.63201535129));
#1718 = CARTESIAN_POINT('',(5.,6.259021150988,-11.05749481194));
#1719 = CARTESIAN_POINT('',(5.,5.529540955686,-11.42709983542));
#1720 = CARTESIAN_POINT('',(5.,4.020976623151,-12.05059620804));
#1721 = CARTESIAN_POINT('',(5.,3.24170768078,-12.30427440213));
#1722 = CARTESIAN_POINT('',(5.,2.444000307606,-12.49720228799));
#1723 = CARTESIAN_POINT('',(5.,1.63376535842,-12.62786656818));
#1724 = CARTESIAN_POINT('',(5.,0.817040254169,-12.69544815942));
#1725 = CARTESIAN_POINT('',(5.,9.456220954718E-06,-12.69995743842));
#1726 = PCURVE('',#893,#1727);
#1727 = DEFINITIONAL_REPRESENTATION('',(#1728),#1776);
#1728 = B_SPLINE_CURVE_WITH_KNOTS('',6,(#1729,#1730,#1731,#1732,#1733,
    #1734,#1735,#1736,#1737,#1738,#1739,#1740,#1741,#1742,#1743,#1744,
    #1745,#1746,#1747,#1748,#1749,#1750,#1751,#1752,#1753,#1754,#1755,
    #1756,#1757,#1758,#1759,#1760,#1761,#1762,#1763,#1764,#1765,#1766,
    #1767,#1768,#1769,#1770,#1771,#1772,#1773,#1774,#1775),
  .UNSPECIFIED.,.F.,.F.,(7,5,5,5,5,5,5,5,5,7),(0.,0.126037919228,
    0.24936810241,0.367976500248,0.496828508521,0.624967575979,
    0.688142706996,0.752391244986,0.876064330003,1.),.UNSPECIFIED.);
#1729 = CARTESIAN_POINT('',(27.179991313586,-14.69998302162));
#1730 = CARTESIAN_POINT('',(27.184658796,-15.53078127128));
#1731 = CARTESIAN_POINT('',(27.122958312886,-16.36200565853));
#1732 = CARTESIAN_POINT('',(26.994873464474,-17.18691577447));
#1733 = CARTESIAN_POINT('',(26.801327588065,-17.99896115873));
#1734 = CARTESIAN_POINT('',(26.54401293389,-18.7917564113));
#1735 = CARTESIAN_POINT('',(25.913926802244,-20.30999910613));
#1736 = CARTESIAN_POINT('',(25.543718040642,-21.03661534215));
#1737 = CARTESIAN_POINT('',(25.117349842509,-21.7331733146));
#1738 = CARTESIAN_POINT('',(24.637971134655,-22.3943651639));
#1739 = CARTESIAN_POINT('',(24.109323820942,-23.0152939869));
#1740 = CARTESIAN_POINT('',(22.984344397346,-24.14575912993));
#1741 = CARTESIAN_POINT('',(22.391322227357,-24.65870661558));
#1742 = CARTESIAN_POINT('',(21.760725040101,-25.12647571579));
#1743 = CARTESIAN_POINT('',(21.096899704697,-25.54575273692));
#1744 = CARTESIAN_POINT('',(20.404532933844,-25.91374003017));
#1745 = CARTESIAN_POINT('',(18.911062047784,-26.56992040453));
#1746 = CARTESIAN_POINT('',(18.105640045233,-26.84851726279));
#1747 = CARTESIAN_POINT('',(17.278963484332,-27.06120006314));
#1748 = CARTESIAN_POINT('',(16.437764056593,-27.20613610006));
#1749 = CARTESIAN_POINT('',(15.588934871007,-27.28231418382));
#1750 = CARTESIAN_POINT('',(13.894883442128,-27.29709132887));
#1751 = CARTESIAN_POINT('',(13.049557434426,-27.23645022499));
#1752 = CARTESIAN_POINT('',(12.210546668267,-27.10775705821));
#1753 = CARTESIAN_POINT('',(11.384619998368,-26.91194955176));
#1754 = CARTESIAN_POINT('',(10.57837506242,-26.65076786954));
#1755 = CARTESIAN_POINT('',(9.413552419836,-26.16726617882));
#1756 = CARTESIAN_POINT('',(9.035230662168,-25.99236949504));
#1757 = CARTESIAN_POINT('',(8.663986493517,-25.80255564616));
#1758 = CARTESIAN_POINT('',(8.300548703688,-25.59819166199));
#1759 = CARTESIAN_POINT('',(7.945619566649,-25.37969168502));
#1760 = CARTESIAN_POINT('',(7.248256032046,-24.91139596922));
#1761 = CARTESIAN_POINT('',(6.906133694332,-24.66112929924));
#1762 = CARTESIAN_POINT('',(6.574220698525,-24.39719877963));
#1763 = CARTESIAN_POINT('',(6.253192316168,-24.12013091118));
#1764 = CARTESIAN_POINT('',(5.943686445826,-23.83049617617));
#1765 = CARTESIAN_POINT('',(5.073866426081,-22.94837891427));
#1766 = CARTESIAN_POINT('',(4.546312842927,-22.32352548569));
#1767 = CARTESIAN_POINT('',(4.067984648702,-21.65877459138));
#1768 = CARTESIAN_POINT('',(3.642505188054,-20.95902115098));
#1769 = CARTESIAN_POINT('',(3.272900164579,-20.22954095568));
#1770 = CARTESIAN_POINT('',(2.64940379196,-18.72097662315));
#1771 = CARTESIAN_POINT('',(2.395725597863,-17.94170768078));
#1772 = CARTESIAN_POINT('',(2.202797712005,-17.1440003076));
#1773 = CARTESIAN_POINT('',(2.072133431815,-16.33376535842));
#1774 = CARTESIAN_POINT('',(2.00455184058,-15.51704025416));
#1775 = CARTESIAN_POINT('',(2.000042561573,-14.70000945622));
#1776 = ( GEOMETRIC_REPRESENTATION_CONTEXT(2) 
PARAMETRIC_REPRESENTATION_CONTEXT() REPRESENTATION_CONTEXT('2D SPACE',''
  ) );
#1777 = PCURVE('',#646,#1778);
#1778 = DEFINITIONAL_REPRESENTATION('',(#1779),#1827);
#1779 = B_SPLINE_CURVE_WITH_KNOTS('',6,(#1780,#1781,#1782,#1783,#1784,
    #1785,#1786,#1787,#1788,#1789,#1790,#1791,#1792,#1793,#1794,#1795,
    #1796,#1797,#1798,#1799,#1800,#1801,#1802,#1803,#1804,#1805,#1806,
    #1807,#1808,#1809,#1810,#1811,#1812,#1813,#1814,#1815,#1816,#1817,
    #1818,#1819,#1820,#1821,#1822,#1823,#1824,#1825,#1826),
  .UNSPECIFIED.,.F.,.F.,(7,5,5,5,5,5,5,5,5,7),(0.,0.126037919228,
    0.24936810241,0.367976500248,0.496828508521,0.624967575979,
    0.688142706996,0.752391244986,0.876064330003,1.),.UNSPECIFIED.);
#1780 = CARTESIAN_POINT('',(0.456508488421,38.003460819711));
#1781 = CARTESIAN_POINT('',(0.446835145246,38.070568099691));
#1782 = CARTESIAN_POINT('',(0.437165535744,38.137649478312));
#1783 = CARTESIAN_POINT('',(0.427500919631,38.204696216667));
#1784 = CARTESIAN_POINT('',(0.417840577938,38.271713302596));
#1785 = CARTESIAN_POINT('',(0.408183815858,38.338705556015));
#1786 = CARTESIAN_POINT('',(0.389087361682,38.471184174624));
#1787 = CARTESIAN_POINT('',(0.379646368617,38.536679565062));
#1788 = CARTESIAN_POINT('',(0.370210064788,38.602142424488));
#1789 = CARTESIAN_POINT('',(0.360777823076,38.667577102974));
#1790 = CARTESIAN_POINT('',(0.351349038402,38.732987797639));
#1791 = CARTESIAN_POINT('',(0.332861488821,38.861242230961));
#1792 = CARTESIAN_POINT('',(0.323801460883,38.924094731797));
#1793 = CARTESIAN_POINT('',(0.314745700206,38.986917627739));
#1794 = CARTESIAN_POINT('',(0.305693692204,39.049714488688));
#1795 = CARTESIAN_POINT('',(0.296644935504,39.11248879347));
#1796 = CARTESIAN_POINT('',(0.277774624333,39.243398565006));
#1797 = CARTESIAN_POINT('',(0.2679526809,39.31153673018));
#1798 = CARTESIAN_POINT('',(0.258135869526,39.379639294492));
#1799 = CARTESIAN_POINT('',(0.248323414512,39.447711641354));
#1800 = CARTESIAN_POINT('',(0.238514577133,39.515758898479));
#1801 = CARTESIAN_POINT('',(0.218961173126,39.651407559673));
#1802 = CARTESIAN_POINT('',(0.209215295907,39.719018055676));
#1803 = CARTESIAN_POINT('',(0.199474488421,39.786593389248));
#1804 = CARTESIAN_POINT('',(0.189738058428,39.854138360627));
#1805 = CARTESIAN_POINT('',(0.180005353071,39.921657491394));
#1806 = CARTESIAN_POINT('',(0.16548172143,40.022412889679));
#1807 = CARTESIAN_POINT('',(0.160686808765,40.05567682752));
#1808 = CARTESIAN_POINT('',(0.155893023586,40.088932946398));
#1809 = CARTESIAN_POINT('',(0.151100258673,40.122181968568));
#1810 = CARTESIAN_POINT('',(0.146308418081,40.155424543927));
#1811 = CARTESIAN_POINT('',(0.136645443786,40.22245977007));
#1812 = CARTESIAN_POINT('',(0.131774409116,40.256251757248));
#1813 = CARTESIAN_POINT('',(0.126904478843,40.290036098718));
#1814 = CARTESIAN_POINT('',(0.122035621837,40.323813006931));
#1815 = CARTESIAN_POINT('',(0.11716782398,40.357582576869));
#1816 = CARTESIAN_POINT('',(0.102933027043,40.45633422698));
#1817 = CARTESIAN_POINT('',(9.35683638627E-02,40.5213001212));
#1818 = CARTESIAN_POINT('',(8.420816652973E-02,40.586235043133));
#1819 = CARTESIAN_POINT('',(7.485188304034E-02,40.651142812141));
#1820 = CARTESIAN_POINT('',(6.549896617678E-02,40.716027219526));
#1821 = CARTESIAN_POINT('',(4.678227340714E-02,40.845871351016));
#1822 = CARTESIAN_POINT('',(3.741749863206E-02,40.910838004586));
#1823 = CARTESIAN_POINT('',(2.80573166388E-02,40.975772786406));
#1824 = CARTESIAN_POINT('',(1.87011245748E-02,41.040679879876));
#1825 = CARTESIAN_POINT('',(9.348328039692E-03,41.105563410867));
#1826 = CARTESIAN_POINT('',(0.,41.170415938285));
#1827 = ( GEOMETRIC_REPRESENTATION_CONTEXT(2) 
PARAMETRIC_REPRESENTATION_CONTEXT() REPRESENTATION_CONTEXT('2D SPACE',''
  ) );
#1828 = ORIENTED_EDGE('',*,*,#1339,.F.);
#1829 = ADVANCED_FACE('',(#1830),#646,.T.);
#1830 = FACE_BOUND('',#1831,.T.);
#1831 = EDGE_LOOP('',(#1832,#1833,#1913,#1932,#1933));
#1832 = ORIENTED_EDGE('',*,*,#559,.F.);
#1833 = ORIENTED_EDGE('',*,*,#1834,.F.);
#1834 = EDGE_CURVE('',#1835,#415,#1837,.T.);
#1835 = VERTEX_POINT('',#1836);
#1836 = CARTESIAN_POINT('',(4.163336342344E-17,1.858563975459E-08,
    12.589999919321));
#1837 = SURFACE_CURVE('',#1838,(#1861,#1887),.PCURVE_S1.);
#1838 = B_SPLINE_CURVE_WITH_KNOTS('',6,(#1839,#1840,#1841,#1842,#1843,
    #1844,#1845,#1846,#1847,#1848,#1849,#1850,#1851,#1852,#1853,#1854,
    #1855,#1856,#1857,#1858,#1859,#1860),.UNSPECIFIED.,.F.,.F.,(7,5,5,5,
    7),(0.,0.277132601116,0.498919041323,0.74718512599,1.),
  .UNSPECIFIED.);
#1839 = CARTESIAN_POINT('',(0.,1.858563436485E-08,12.589999919321));
#1840 = CARTESIAN_POINT('',(0.,0.917393454596,12.595102592137));
#1841 = CARTESIAN_POINT('',(0.,1.835318662255,12.520004013273));
#1842 = CARTESIAN_POINT('',(0.,2.744826767759,12.364660827863));
#1843 = CARTESIAN_POINT('',(0.,3.637270917481,12.130410113087));
#1844 = CARTESIAN_POINT('',(0.,4.504258517248,11.819686793758));
#1845 = CARTESIAN_POINT('',(0.,6.004738773086,11.129453741738));
#1846 = CARTESIAN_POINT('',(0.,6.650356403157,10.776040905805));
#1847 = CARTESIAN_POINT('',(0.,7.270468427606,10.377958754461));
#1848 = CARTESIAN_POINT('',(0.,7.861287484776,9.937573814792));
#1849 = CARTESIAN_POINT('',(0.,8.419304398067,9.457638744172));
#1850 = CARTESIAN_POINT('',(0.,9.525686747648,8.363420894479));
#1851 = CARTESIAN_POINT('',(0.,10.065001866992,7.739883547963));
#1852 = CARTESIAN_POINT('',(0.,10.554778728922,7.075219444268));
#1853 = CARTESIAN_POINT('',(0.,10.991247631746,6.374398227342));
#1854 = CARTESIAN_POINT('',(0.,11.371247528215,5.642787219019));
#1855 = CARTESIAN_POINT('',(0.,12.019333251095,4.115803365933));
#1856 = CARTESIAN_POINT('',(0.,12.285279260638,3.319417652279));
#1857 = CARTESIAN_POINT('',(0.,12.487593859468,2.503227637476));
#1858 = CARTESIAN_POINT('',(0.,12.624608632393,1.67357729259));
#1859 = CARTESIAN_POINT('',(0.,12.695418290782,0.836954448804));
#1860 = CARTESIAN_POINT('',(0.,12.700036338758,1.492008538406E-05));
#1861 = PCURVE('',#646,#1862);
#1862 = DEFINITIONAL_REPRESENTATION('',(#1863),#1886);
#1863 = B_SPLINE_CURVE_WITH_KNOTS('',6,(#1864,#1865,#1866,#1867,#1868,
    #1869,#1870,#1871,#1872,#1873,#1874,#1875,#1876,#1877,#1878,#1879,
    #1880,#1881,#1882,#1883,#1884,#1885),.UNSPECIFIED.,.F.,.F.,(7,5,5,5,
    7),(0.,0.277132601116,0.498919041323,0.74718512599,1.),
  .UNSPECIFIED.);
#1864 = CARTESIAN_POINT('',(0.22825426012,0.));
#1865 = CARTESIAN_POINT('',(0.217665876132,7.345509267249E-02));
#1866 = CARTESIAN_POINT('',(0.207082092325,0.146878350802));
#1867 = CARTESIAN_POINT('',(0.196504338318,0.220259826919));
#1868 = CARTESIAN_POINT('',(0.185931505669,0.293607187156));
#1869 = CARTESIAN_POINT('',(0.175362548941,0.366927669497));
#1870 = CARTESIAN_POINT('',(0.156346143254,0.498851009569));
#1871 = CARTESIAN_POINT('',(0.14789562837,0.557475136011));
#1872 = CARTESIAN_POINT('',(0.139448715269,0.616074272327));
#1873 = CARTESIAN_POINT('',(0.131005060568,0.674650798668));
#1874 = CARTESIAN_POINT('',(0.122564318192,0.733207115509));
#1875 = CARTESIAN_POINT('',(0.10468262246,0.857258543876));
#1876 = CARTESIAN_POINT('',(9.52416679497E-02,0.922753662089));
#1877 = CARTESIAN_POINT('',(8.580539348332E-02,0.988216307457));
#1878 = CARTESIAN_POINT('',(7.637316026247E-02,1.053650913657));
#1879 = CARTESIAN_POINT('',(6.69443484814E-02,1.119061782666));
#1880 = CARTESIAN_POINT('',(4.792314962217E-02,1.251018298583));
#1881 = CARTESIAN_POINT('',(3.832981750196E-02,1.317570501576));
#1882 = CARTESIAN_POINT('',(2.874131555392E-02,1.384089198149));
#1883 = CARTESIAN_POINT('',(1.915696605451E-02,1.450579091296));
#1884 = CARTESIAN_POINT('',(9.576113667747E-03,1.517044727776));
#1885 = CARTESIAN_POINT('',(0.,1.583477493957));
#1886 = ( GEOMETRIC_REPRESENTATION_CONTEXT(2) 
PARAMETRIC_REPRESENTATION_CONTEXT() REPRESENTATION_CONTEXT('2D SPACE',''
  ) );
#1887 = PCURVE('',#508,#1888);
#1888 = DEFINITIONAL_REPRESENTATION('',(#1889),#1912);
#1889 = B_SPLINE_CURVE_WITH_KNOTS('',6,(#1890,#1891,#1892,#1893,#1894,
    #1895,#1896,#1897,#1898,#1899,#1900,#1901,#1902,#1903,#1904,#1905,
    #1906,#1907,#1908,#1909,#1910,#1911),.UNSPECIFIED.,.F.,.F.,(7,5,5,5,
    7),(0.,0.277132601116,0.498919041323,0.74718512599,1.),
  .UNSPECIFIED.);
#1890 = CARTESIAN_POINT('',(27.289999919321,-14.70000001858));
#1891 = CARTESIAN_POINT('',(27.295102592137,-15.61739345459));
#1892 = CARTESIAN_POINT('',(27.220004013273,-16.53531866225));
#1893 = CARTESIAN_POINT('',(27.064660827863,-17.44482676775));
#1894 = CARTESIAN_POINT('',(26.830410113087,-18.33727091748));
#1895 = CARTESIAN_POINT('',(26.519686793758,-19.20425851724));
#1896 = CARTESIAN_POINT('',(25.829453741738,-20.70473877308));
#1897 = CARTESIAN_POINT('',(25.476040905805,-21.35035640315));
#1898 = CARTESIAN_POINT('',(25.077958754461,-21.9704684276));
#1899 = CARTESIAN_POINT('',(24.637573814792,-22.56128748477));
#1900 = CARTESIAN_POINT('',(24.157638744172,-23.11930439806));
#1901 = CARTESIAN_POINT('',(23.063420894479,-24.22568674764));
#1902 = CARTESIAN_POINT('',(22.439883547963,-24.76500186699));
#1903 = CARTESIAN_POINT('',(21.775219444268,-25.25477872892));
#1904 = CARTESIAN_POINT('',(21.074398227342,-25.69124763174));
#1905 = CARTESIAN_POINT('',(20.342787219019,-26.07124752821));
#1906 = CARTESIAN_POINT('',(18.815803365933,-26.71933325109));
#1907 = CARTESIAN_POINT('',(18.019417652279,-26.98527926063));
#1908 = CARTESIAN_POINT('',(17.203227637476,-27.18759385946));
#1909 = CARTESIAN_POINT('',(16.37357729259,-27.32460863239));
#1910 = CARTESIAN_POINT('',(15.536954448804,-27.39541829078));
#1911 = CARTESIAN_POINT('',(14.700014920085,-27.40003633875));
#1912 = ( GEOMETRIC_REPRESENTATION_CONTEXT(2) 
PARAMETRIC_REPRESENTATION_CONTEXT() REPRESENTATION_CONTEXT('2D SPACE',''
  ) );
#1913 = ORIENTED_EDGE('',*,*,#1914,.T.);
#1914 = EDGE_CURVE('',#1835,#948,#1915,.T.);
#1915 = SURFACE_CURVE('',#1916,(#1919,#1926),.PCURVE_S1.);
#1916 = B_SPLINE_CURVE_WITH_KNOTS('',1,(#1917,#1918),.UNSPECIFIED.,.F.,
  .F.,(2,2),(0.,0.456508488421),.PIECEWISE_BEZIER_KNOTS.);
#1917 = CARTESIAN_POINT('',(-0.200000027019,3.682950522332E-08,
    12.699999903209));
#1918 = CARTESIAN_POINT('',(0.199999999139,3.417768290603E-10,
    12.479999950768));
#1919 = PCURVE('',#646,#1920);
#1920 = DEFINITIONAL_REPRESENTATION('',(#1921),#1925);
#1921 = LINE('',#1922,#1923);
#1922 = CARTESIAN_POINT('',(0.,0.));
#1923 = VECTOR('',#1924,1.);
#1924 = DIRECTION('',(1.,0.));
#1925 = ( GEOMETRIC_REPRESENTATION_CONTEXT(2) 
PARAMETRIC_REPRESENTATION_CONTEXT() REPRESENTATION_CONTEXT('2D SPACE',''
  ) );
#1926 = PCURVE('',#1057,#1927);
#1927 = DEFINITIONAL_REPRESENTATION('',(#1928),#1931);
#1928 = B_SPLINE_CURVE_WITH_KNOTS('',1,(#1929,#1930),.UNSPECIFIED.,.F.,
  .F.,(2,2),(0.,0.456508488421),.PIECEWISE_BEZIER_KNOTS.);
#1929 = CARTESIAN_POINT('',(0.16137135311,-1.918634190412E-08));
#1930 = CARTESIAN_POINT('',(-5.862859933218E-02,0.400000006971));
#1931 = ( GEOMETRIC_REPRESENTATION_CONTEXT(2) 
PARAMETRIC_REPRESENTATION_CONTEXT() REPRESENTATION_CONTEXT('2D SPACE',''
  ) );
#1932 = ORIENTED_EDGE('',*,*,#947,.T.);
#1933 = ORIENTED_EDGE('',*,*,#1676,.T.);
#1934 = ADVANCED_FACE('',(#1935),#508,.F.);
#1935 = FACE_BOUND('',#1936,.F.);
#1936 = EDGE_LOOP('',(#1937,#1938,#1939,#1958));
#1937 = ORIENTED_EDGE('',*,*,#414,.F.);
#1938 = ORIENTED_EDGE('',*,*,#1834,.F.);
#1939 = ORIENTED_EDGE('',*,*,#1940,.T.);
#1940 = EDGE_CURVE('',#1835,#1043,#1941,.T.);
#1941 = SURFACE_CURVE('',#1942,(#1946,#1952),.PCURVE_S1.);
#1942 = LINE('',#1943,#1944);
#1943 = CARTESIAN_POINT('',(0.,-2.26290250195E-06,-1.080686951584));
#1944 = VECTOR('',#1945,1.);
#1945 = DIRECTION('',(0.,-1.668890641791E-07,-1.));
#1946 = PCURVE('',#508,#1947);
#1947 = DEFINITIONAL_REPRESENTATION('',(#1948),#1951);
#1948 = B_SPLINE_CURVE_WITH_KNOTS('',1,(#1949,#1950),.UNSPECIFIED.,.F.,
  .F.,(2,2),(-13.78068685479,-13.56068680723),.PIECEWISE_BEZIER_KNOTS.);
#1949 = CARTESIAN_POINT('',(27.399999903209,-14.70000003694));
#1950 = CARTESIAN_POINT('',(27.179999855651,-14.70000000022));
#1951 = ( GEOMETRIC_REPRESENTATION_CONTEXT(2) 
PARAMETRIC_REPRESENTATION_CONTEXT() REPRESENTATION_CONTEXT('2D SPACE',''
  ) );
#1952 = PCURVE('',#1057,#1953);
#1953 = DEFINITIONAL_REPRESENTATION('',(#1954),#1957);
#1954 = B_SPLINE_CURVE_WITH_KNOTS('',1,(#1955,#1956),.UNSPECIFIED.,.F.,
  .F.,(2,2),(-13.78068685479,-13.56068680723),.PIECEWISE_BEZIER_KNOTS.);
#1955 = CARTESIAN_POINT('',(0.16137135311,0.200000007832));
#1956 = CARTESIAN_POINT('',(-5.862869444867E-02,0.200000007832));
#1957 = ( GEOMETRIC_REPRESENTATION_CONTEXT(2) 
PARAMETRIC_REPRESENTATION_CONTEXT() REPRESENTATION_CONTEXT('2D SPACE',''
  ) );
#1958 = ORIENTED_EDGE('',*,*,#1068,.T.);
#1959 = ADVANCED_FACE('',(#1960),#1057,.F.);
#1960 = FACE_BOUND('',#1961,.F.);
#1961 = EDGE_LOOP('',(#1962,#1963,#1964));
#1962 = ORIENTED_EDGE('',*,*,#1042,.T.);
#1963 = ORIENTED_EDGE('',*,*,#1940,.F.);
#1964 = ORIENTED_EDGE('',*,*,#1914,.T.);
#1965 = ( GEOMETRIC_REPRESENTATION_CONTEXT(3) 
GLOBAL_UNCERTAINTY_ASSIGNED_CONTEXT((#1969)) 
GLOBAL_UNIT_ASSIGNED_CONTEXT((#1966,#1967,#1968)) REPRESENTATION_CONTEXT
('Context #1','3D Context with UNIT and UNCERTAINTY') );
#1966 = ( LENGTH_UNIT() NAMED_UNIT(*) SI_UNIT(.MILLI.,.METRE.) );
#1967 = ( NAMED_UNIT(*) PLANE_ANGLE_UNIT() SI_UNIT($,.RADIAN.) );
#1968 = ( NAMED_UNIT(*) SI_UNIT($,.STERADIAN.) SOLID_ANGLE_UNIT() );
#1969 = UNCERTAINTY_MEASURE_WITH_UNIT(LENGTH_MEASURE(1.E-05),#1966,
  'distance_accuracy_value','confusion accuracy');
#1970 = PRODUCT_RELATED_PRODUCT_CATEGORY('part',$,(#7));
ENDSEC;
END-ISO-10303-21;
