ISO-10303-21;
HEADER;
FILE_DESCRIPTION(('Open CASCADE Model'),'2;1');
FILE_NAME('Open CASCADE Shape Model','2026-07-18T15:11:13',('Author'),(
    'Open CASCADE'),'Open CASCADE STEP processor 7.8','Open CASCADE 7.8'
  ,'Unknown');
FILE_SCHEMA(('AUTOMOTIVE_DESIGN { 1 0 10303 214 1 1 1 1 }'));
ENDSEC;
DATA;
#1 = APPLICATION_PROTOCOL_DEFINITION('international standard',
  'automotive_design',2000,#2);
#2 = APPLICATION_CONTEXT(
  'core data for automotive mechanical design processes');
#3 = SHAPE_DEFINITION_REPRESENTATION(#4,#10);
#4 = PRODUCT_DEFINITION_SHAPE('','',#5);
#5 = PRODUCT_DEFINITION('design','',#6,#9);
#6 = PRODUCT_DEFINITION_FORMATION('','',#7);
#7 = PRODUCT('Open CASCADE STEP translator 7.8 4',
  'Open CASCADE STEP translator 7.8 4','',(#8));
#8 = PRODUCT_CONTEXT('',#2,'mechanical');
#9 = PRODUCT_DEFINITION_CONTEXT('part definition',#2,'design');
#10 = ADVANCED_BREP_SHAPE_REPRESENTATION('',(#11,#15),#3247);
#11 = AXIS2_PLACEMENT_3D('',#12,#13,#14);
#12 = CARTESIAN_POINT('',(0.,0.,0.));
#13 = DIRECTION('',(0.,0.,1.));
#14 = DIRECTION('',(1.,0.,-0.));
#15 = MANIFOLD_SOLID_BREP('',#16);
#16 = CLOSED_SHELL('',(#17,#109,#148,#390,#675,#751,#801,#855,#904,#953,
    #1007,#1057,#1084,#1443,#1554,#1599,#1715,#1720,#1772,#1846,#2079,
    #2148,#2173,#2198,#2270,#2317,#2364,#2414,#2464,#2511,#2558,#2586,
    #2899,#2906,#2913,#2960,#2987,#3014,#3041,#3068,#3095,#3122,#3129,
    #3184,#3239,#3243));
#17 = ADVANCED_FACE('',(#18),#31,.T.);
#18 = FACE_BOUND('',#19,.F.);
#19 = EDGE_LOOP('',(#20,#54,#77,#108));
#20 = ORIENTED_EDGE('',*,*,#21,.F.);
#21 = EDGE_CURVE('',#22,#22,#24,.T.);
#22 = VERTEX_POINT('',#23);
#23 = CARTESIAN_POINT('',(0.,17.,0.));
#24 = SURFACE_CURVE('',#25,(#30,#42),.PCURVE_S1.);
#25 = CIRCLE('',#26,17.);
#26 = AXIS2_PLACEMENT_3D('',#27,#28,#29);
#27 = CARTESIAN_POINT('',(0.,0.,0.));
#28 = DIRECTION('',(1.,0.,0.));
#29 = DIRECTION('',(0.,1.,0.));
#30 = PCURVE('',#31,#36);
#31 = CYLINDRICAL_SURFACE('',#32,17.);
#32 = AXIS2_PLACEMENT_3D('',#33,#34,#35);
#33 = CARTESIAN_POINT('',(0.,0.,0.));
#34 = DIRECTION('',(-1.,-0.,-0.));
#35 = DIRECTION('',(0.,1.,0.));
#36 = DEFINITIONAL_REPRESENTATION('',(#37),#41);
#37 = LINE('',#38,#39);
#38 = CARTESIAN_POINT('',(-0.,0.));
#39 = VECTOR('',#40,1.);
#40 = DIRECTION('',(-1.,0.));
#41 = ( GEOMETRIC_REPRESENTATION_CONTEXT(2) 
PARAMETRIC_REPRESENTATION_CONTEXT() REPRESENTATION_CONTEXT('2D SPACE',''
  ) );
#42 = PCURVE('',#43,#48);
#43 = PLANE('',#44);
#44 = AXIS2_PLACEMENT_3D('',#45,#46,#47);
#45 = CARTESIAN_POINT('',(0.,-1.287002477684E-15,1.236537197009E-15));
#46 = DIRECTION('',(1.,0.,0.));
#47 = DIRECTION('',(-0.,0.,1.));
#48 = DEFINITIONAL_REPRESENTATION('',(#49),#53);
#49 = CIRCLE('',#50,17.);
#50 = AXIS2_PLACEMENT_2D('',#51,#52);
#51 = CARTESIAN_POINT('',(-1.236537197009E-15,-1.287002477684E-15));
#52 = DIRECTION('',(0.,-1.));
#53 = ( GEOMETRIC_REPRESENTATION_CONTEXT(2) 
PARAMETRIC_REPRESENTATION_CONTEXT() REPRESENTATION_CONTEXT('2D SPACE',''
  ) );
#54 = ORIENTED_EDGE('',*,*,#55,.T.);
#55 = EDGE_CURVE('',#22,#56,#58,.T.);
#56 = VERTEX_POINT('',#57);
#57 = CARTESIAN_POINT('',(15.98,17.,0.));
#58 = SEAM_CURVE('',#59,(#63,#70),.PCURVE_S1.);
#59 = LINE('',#60,#61);
#60 = CARTESIAN_POINT('',(0.,17.,0.));
#61 = VECTOR('',#62,1.);
#62 = DIRECTION('',(1.,0.,0.));
#63 = PCURVE('',#31,#64);
#64 = DEFINITIONAL_REPRESENTATION('',(#65),#69);
#65 = LINE('',#66,#67);
#66 = CARTESIAN_POINT('',(-6.28318530718,0.));
#67 = VECTOR('',#68,1.);
#68 = DIRECTION('',(-0.,-1.));
#69 = ( GEOMETRIC_REPRESENTATION_CONTEXT(2) 
PARAMETRIC_REPRESENTATION_CONTEXT() REPRESENTATION_CONTEXT('2D SPACE',''
  ) );
#70 = PCURVE('',#31,#71);
#71 = DEFINITIONAL_REPRESENTATION('',(#72),#76);
#72 = LINE('',#73,#74);
#73 = CARTESIAN_POINT('',(-0.,0.));
#74 = VECTOR('',#75,1.);
#75 = DIRECTION('',(-0.,-1.));
#76 = ( GEOMETRIC_REPRESENTATION_CONTEXT(2) 
PARAMETRIC_REPRESENTATION_CONTEXT() REPRESENTATION_CONTEXT('2D SPACE',''
  ) );
#77 = ORIENTED_EDGE('',*,*,#78,.F.);
#78 = EDGE_CURVE('',#56,#56,#79,.T.);
#79 = SURFACE_CURVE('',#80,(#85,#92),.PCURVE_S1.);
#80 = CIRCLE('',#81,17.);
#81 = AXIS2_PLACEMENT_3D('',#82,#83,#84);
#82 = CARTESIAN_POINT('',(15.98,0.,0.));
#83 = DIRECTION('',(-1.,0.,0.));
#84 = DIRECTION('',(0.,1.,0.));
#85 = PCURVE('',#31,#86);
#86 = DEFINITIONAL_REPRESENTATION('',(#87),#91);
#87 = LINE('',#88,#89);
#88 = CARTESIAN_POINT('',(-6.28318530718,-15.98));
#89 = VECTOR('',#90,1.);
#90 = DIRECTION('',(1.,-0.));
#91 = ( GEOMETRIC_REPRESENTATION_CONTEXT(2) 
PARAMETRIC_REPRESENTATION_CONTEXT() REPRESENTATION_CONTEXT('2D SPACE',''
  ) );
#92 = PCURVE('',#93,#98);
#93 = PLANE('',#94);
#94 = AXIS2_PLACEMENT_3D('',#95,#96,#97);
#95 = CARTESIAN_POINT('',(15.98,-17.4,-21.));
#96 = DIRECTION('',(1.,0.,0.));
#97 = DIRECTION('',(0.,0.,1.));
#98 = DEFINITIONAL_REPRESENTATION('',(#99),#107);
#99 = ( BOUNDED_CURVE() B_SPLINE_CURVE(2,(#100,#101,#102,#103,#104,#105,
#106),.UNSPECIFIED.,.T.,.F.) B_SPLINE_CURVE_WITH_KNOTS((1,2,2,2,2,1),(
    -2.094395102393,0.,2.094395102393,4.188790204786,6.28318530718,
8.377580409573),.UNSPECIFIED.) CURVE() GEOMETRIC_REPRESENTATION_ITEM() 
RATIONAL_B_SPLINE_CURVE((1.,0.5,1.,0.5,1.,0.5,1.)) REPRESENTATION_ITEM(
  '') );
#100 = CARTESIAN_POINT('',(21.,-34.4));
#101 = CARTESIAN_POINT('',(-8.444863728671,-34.4));
#102 = CARTESIAN_POINT('',(6.277568135665,-8.9));
#103 = CARTESIAN_POINT('',(21.,16.6));
#104 = CARTESIAN_POINT('',(35.722431864335,-8.9));
#105 = CARTESIAN_POINT('',(50.444863728671,-34.4));
#106 = CARTESIAN_POINT('',(21.,-34.4));
#107 = ( GEOMETRIC_REPRESENTATION_CONTEXT(2) 
PARAMETRIC_REPRESENTATION_CONTEXT() REPRESENTATION_CONTEXT('2D SPACE',''
  ) );
#108 = ORIENTED_EDGE('',*,*,#55,.F.);
#109 = ADVANCED_FACE('',(#110,#113),#43,.F.);
#110 = FACE_BOUND('',#111,.F.);
#111 = EDGE_LOOP('',(#112));
#112 = ORIENTED_EDGE('',*,*,#21,.T.);
#113 = FACE_BOUND('',#114,.F.);
#114 = EDGE_LOOP('',(#115));
#115 = ORIENTED_EDGE('',*,*,#116,.T.);
#116 = EDGE_CURVE('',#117,#117,#119,.T.);
#117 = VERTEX_POINT('',#118);
#118 = CARTESIAN_POINT('',(0.,12.5,0.));
#119 = SURFACE_CURVE('',#120,(#125,#136),.PCURVE_S1.);
#120 = CIRCLE('',#121,12.5);
#121 = AXIS2_PLACEMENT_3D('',#122,#123,#124);
#122 = CARTESIAN_POINT('',(0.,0.,0.));
#123 = DIRECTION('',(-1.,0.,0.));
#124 = DIRECTION('',(0.,1.,0.));
#125 = PCURVE('',#43,#126);
#126 = DEFINITIONAL_REPRESENTATION('',(#127),#135);
#127 = ( BOUNDED_CURVE() B_SPLINE_CURVE(2,(#128,#129,#130,#131,#132,#133
,#134),.UNSPECIFIED.,.T.,.F.) B_SPLINE_CURVE_WITH_KNOTS((1,2,2,2,2,1),(
    -2.094395102393,0.,2.094395102393,4.188790204786,6.28318530718,
8.377580409573),.UNSPECIFIED.) CURVE() GEOMETRIC_REPRESENTATION_ITEM() 
RATIONAL_B_SPLINE_CURVE((1.,0.5,1.,0.5,1.,0.5,1.)) REPRESENTATION_ITEM(
  '') );
#128 = CARTESIAN_POINT('',(-1.236537197009E-15,-12.5));
#129 = CARTESIAN_POINT('',(-21.65063509461,-12.5));
#130 = CARTESIAN_POINT('',(-10.8253175473,6.25));
#131 = CARTESIAN_POINT('',(-4.298154194878E-15,25.));
#132 = CARTESIAN_POINT('',(10.825317547305,6.25));
#133 = CARTESIAN_POINT('',(21.650635094611,-12.5));
#134 = CARTESIAN_POINT('',(-1.236537197009E-15,-12.5));
#135 = ( GEOMETRIC_REPRESENTATION_CONTEXT(2) 
PARAMETRIC_REPRESENTATION_CONTEXT() REPRESENTATION_CONTEXT('2D SPACE',''
  ) );
#136 = PCURVE('',#137,#142);
#137 = CYLINDRICAL_SURFACE('',#138,12.5);
#138 = AXIS2_PLACEMENT_3D('',#139,#140,#141);
#139 = CARTESIAN_POINT('',(-0.21,0.,0.));
#140 = DIRECTION('',(-1.,-0.,-0.));
#141 = DIRECTION('',(0.,1.,0.));
#142 = DEFINITIONAL_REPRESENTATION('',(#143),#147);
#143 = LINE('',#144,#145);
#144 = CARTESIAN_POINT('',(-6.28318530718,-0.21));
#145 = VECTOR('',#146,1.);
#146 = DIRECTION('',(1.,-0.));
#147 = ( GEOMETRIC_REPRESENTATION_CONTEXT(2) 
PARAMETRIC_REPRESENTATION_CONTEXT() REPRESENTATION_CONTEXT('2D SPACE',''
  ) );
#148 = ADVANCED_FACE('',(#149,#387),#93,.F.);
#149 = FACE_BOUND('',#150,.F.);
#150 = EDGE_LOOP('',(#151,#181,#210,#238,#271,#299,#328,#356));
#151 = ORIENTED_EDGE('',*,*,#152,.F.);
#152 = EDGE_CURVE('',#153,#155,#157,.T.);
#153 = VERTEX_POINT('',#154);
#154 = CARTESIAN_POINT('',(15.98,-17.4,-19.5));
#155 = VERTEX_POINT('',#156);
#156 = CARTESIAN_POINT('',(15.98,-17.4,19.5));
#157 = SURFACE_CURVE('',#158,(#162,#169),.PCURVE_S1.);
#158 = LINE('',#159,#160);
#159 = CARTESIAN_POINT('',(15.98,-17.4,-21.));
#160 = VECTOR('',#161,1.);
#161 = DIRECTION('',(0.,0.,1.));
#162 = PCURVE('',#93,#163);
#163 = DEFINITIONAL_REPRESENTATION('',(#164),#168);
#164 = LINE('',#165,#166);
#165 = CARTESIAN_POINT('',(0.,0.));
#166 = VECTOR('',#167,1.);
#167 = DIRECTION('',(1.,0.));
#168 = ( GEOMETRIC_REPRESENTATION_CONTEXT(2) 
PARAMETRIC_REPRESENTATION_CONTEXT() REPRESENTATION_CONTEXT('2D SPACE',''
  ) );
#169 = PCURVE('',#170,#175);
#170 = PLANE('',#171);
#171 = AXIS2_PLACEMENT_3D('',#172,#173,#174);
#172 = CARTESIAN_POINT('',(15.98,-17.4,-21.));
#173 = DIRECTION('',(0.,1.,0.));
#174 = DIRECTION('',(0.,0.,1.));
#175 = DEFINITIONAL_REPRESENTATION('',(#176),#180);
#176 = LINE('',#177,#178);
#177 = CARTESIAN_POINT('',(0.,0.));
#178 = VECTOR('',#179,1.);
#179 = DIRECTION('',(1.,0.));
#180 = ( GEOMETRIC_REPRESENTATION_CONTEXT(2) 
PARAMETRIC_REPRESENTATION_CONTEXT() REPRESENTATION_CONTEXT('2D SPACE',''
  ) );
#181 = ORIENTED_EDGE('',*,*,#182,.T.);
#182 = EDGE_CURVE('',#153,#183,#185,.T.);
#183 = VERTEX_POINT('',#184);
#184 = CARTESIAN_POINT('',(15.98,-15.9,-21.));
#185 = SURFACE_CURVE('',#186,(#191,#198),.PCURVE_S1.);
#186 = CIRCLE('',#187,1.5);
#187 = AXIS2_PLACEMENT_3D('',#188,#189,#190);
#188 = CARTESIAN_POINT('',(15.98,-15.9,-19.5));
#189 = DIRECTION('',(1.,0.,0.));
#190 = DIRECTION('',(-0.,0.,1.));
#191 = PCURVE('',#93,#192);
#192 = DEFINITIONAL_REPRESENTATION('',(#193),#197);
#193 = CIRCLE('',#194,1.5);
#194 = AXIS2_PLACEMENT_2D('',#195,#196);
#195 = CARTESIAN_POINT('',(1.5,-1.5));
#196 = DIRECTION('',(1.,0.));
#197 = ( GEOMETRIC_REPRESENTATION_CONTEXT(2) 
PARAMETRIC_REPRESENTATION_CONTEXT() REPRESENTATION_CONTEXT('2D SPACE',''
  ) );
#198 = PCURVE('',#199,#204);
#199 = CYLINDRICAL_SURFACE('',#200,1.5);
#200 = AXIS2_PLACEMENT_3D('',#201,#202,#203);
#201 = CARTESIAN_POINT('',(15.98,-15.9,-19.5));
#202 = DIRECTION('',(1.,0.,0.));
#203 = DIRECTION('',(0.,-1.,0.));
#204 = DEFINITIONAL_REPRESENTATION('',(#205),#209);
#205 = LINE('',#206,#207);
#206 = CARTESIAN_POINT('',(-1.570796326795,0.));
#207 = VECTOR('',#208,1.);
#208 = DIRECTION('',(1.,0.));
#209 = ( GEOMETRIC_REPRESENTATION_CONTEXT(2) 
PARAMETRIC_REPRESENTATION_CONTEXT() REPRESENTATION_CONTEXT('2D SPACE',''
  ) );
#210 = ORIENTED_EDGE('',*,*,#211,.T.);
#211 = EDGE_CURVE('',#183,#212,#214,.T.);
#212 = VERTEX_POINT('',#213);
#213 = CARTESIAN_POINT('',(15.98,23.1,-21.));
#214 = SURFACE_CURVE('',#215,(#219,#226),.PCURVE_S1.);
#215 = LINE('',#216,#217);
#216 = CARTESIAN_POINT('',(15.98,-17.4,-21.));
#217 = VECTOR('',#218,1.);
#218 = DIRECTION('',(0.,1.,0.));
#219 = PCURVE('',#93,#220);
#220 = DEFINITIONAL_REPRESENTATION('',(#221),#225);
#221 = LINE('',#222,#223);
#222 = CARTESIAN_POINT('',(0.,0.));
#223 = VECTOR('',#224,1.);
#224 = DIRECTION('',(0.,-1.));
#225 = ( GEOMETRIC_REPRESENTATION_CONTEXT(2) 
PARAMETRIC_REPRESENTATION_CONTEXT() REPRESENTATION_CONTEXT('2D SPACE',''
  ) );
#226 = PCURVE('',#227,#232);
#227 = PLANE('',#228);
#228 = AXIS2_PLACEMENT_3D('',#229,#230,#231);
#229 = CARTESIAN_POINT('',(15.98,-17.4,-21.));
#230 = DIRECTION('',(0.,0.,1.));
#231 = DIRECTION('',(1.,0.,0.));
#232 = DEFINITIONAL_REPRESENTATION('',(#233),#237);
#233 = LINE('',#234,#235);
#234 = CARTESIAN_POINT('',(0.,0.));
#235 = VECTOR('',#236,1.);
#236 = DIRECTION('',(0.,1.));
#237 = ( GEOMETRIC_REPRESENTATION_CONTEXT(2) 
PARAMETRIC_REPRESENTATION_CONTEXT() REPRESENTATION_CONTEXT('2D SPACE',''
  ) );
#238 = ORIENTED_EDGE('',*,*,#239,.F.);
#239 = EDGE_CURVE('',#240,#212,#242,.T.);
#240 = VERTEX_POINT('',#241);
#241 = CARTESIAN_POINT('',(15.98,24.6,-19.5));
#242 = SURFACE_CURVE('',#243,(#248,#259),.PCURVE_S1.);
#243 = CIRCLE('',#244,1.5);
#244 = AXIS2_PLACEMENT_3D('',#245,#246,#247);
#245 = CARTESIAN_POINT('',(15.98,23.1,-19.5));
#246 = DIRECTION('',(-1.,0.,-0.));
#247 = DIRECTION('',(-0.,0.,1.));
#248 = PCURVE('',#93,#249);
#249 = DEFINITIONAL_REPRESENTATION('',(#250),#258);
#250 = ( BOUNDED_CURVE() B_SPLINE_CURVE(2,(#251,#252,#253,#254,#255,#256
,#257),.UNSPECIFIED.,.T.,.F.) B_SPLINE_CURVE_WITH_KNOTS((1,2,2,2,2,1),(
    -2.094395102393,0.,2.094395102393,4.188790204786,6.28318530718,
8.377580409573),.UNSPECIFIED.) CURVE() GEOMETRIC_REPRESENTATION_ITEM() 
RATIONAL_B_SPLINE_CURVE((1.,0.5,1.,0.5,1.,0.5,1.)) REPRESENTATION_ITEM(
  '') );
#251 = CARTESIAN_POINT('',(3.,-40.5));
#252 = CARTESIAN_POINT('',(3.,-43.09807621135));
#253 = CARTESIAN_POINT('',(0.75,-41.79903810567));
#254 = CARTESIAN_POINT('',(-1.5,-40.5));
#255 = CARTESIAN_POINT('',(0.75,-39.20096189432));
#256 = CARTESIAN_POINT('',(3.,-37.90192378864));
#257 = CARTESIAN_POINT('',(3.,-40.5));
#258 = ( GEOMETRIC_REPRESENTATION_CONTEXT(2) 
PARAMETRIC_REPRESENTATION_CONTEXT() REPRESENTATION_CONTEXT('2D SPACE',''
  ) );
#259 = PCURVE('',#260,#265);
#260 = CYLINDRICAL_SURFACE('',#261,1.5);
#261 = AXIS2_PLACEMENT_3D('',#262,#263,#264);
#262 = CARTESIAN_POINT('',(15.98,23.1,-19.5));
#263 = DIRECTION('',(1.,0.,0.));
#264 = DIRECTION('',(-0.,1.,0.));
#265 = DEFINITIONAL_REPRESENTATION('',(#266),#270);
#266 = LINE('',#267,#268);
#267 = CARTESIAN_POINT('',(1.570796326795,-0.));
#268 = VECTOR('',#269,1.);
#269 = DIRECTION('',(-1.,0.));
#270 = ( GEOMETRIC_REPRESENTATION_CONTEXT(2) 
PARAMETRIC_REPRESENTATION_CONTEXT() REPRESENTATION_CONTEXT('2D SPACE',''
  ) );
#271 = ORIENTED_EDGE('',*,*,#272,.T.);
#272 = EDGE_CURVE('',#240,#273,#275,.T.);
#273 = VERTEX_POINT('',#274);
#274 = CARTESIAN_POINT('',(15.98,24.6,19.5));
#275 = SURFACE_CURVE('',#276,(#280,#287),.PCURVE_S1.);
#276 = LINE('',#277,#278);
#277 = CARTESIAN_POINT('',(15.98,24.6,-21.));
#278 = VECTOR('',#279,1.);
#279 = DIRECTION('',(0.,0.,1.));
#280 = PCURVE('',#93,#281);
#281 = DEFINITIONAL_REPRESENTATION('',(#282),#286);
#282 = LINE('',#283,#284);
#283 = CARTESIAN_POINT('',(0.,-42.));
#284 = VECTOR('',#285,1.);
#285 = DIRECTION('',(1.,0.));
#286 = ( GEOMETRIC_REPRESENTATION_CONTEXT(2) 
PARAMETRIC_REPRESENTATION_CONTEXT() REPRESENTATION_CONTEXT('2D SPACE',''
  ) );
#287 = PCURVE('',#288,#293);
#288 = PLANE('',#289);
#289 = AXIS2_PLACEMENT_3D('',#290,#291,#292);
#290 = CARTESIAN_POINT('',(15.98,24.6,-21.));
#291 = DIRECTION('',(0.,1.,0.));
#292 = DIRECTION('',(0.,0.,1.));
#293 = DEFINITIONAL_REPRESENTATION('',(#294),#298);
#294 = LINE('',#295,#296);
#295 = CARTESIAN_POINT('',(0.,0.));
#296 = VECTOR('',#297,1.);
#297 = DIRECTION('',(1.,0.));
#298 = ( GEOMETRIC_REPRESENTATION_CONTEXT(2) 
PARAMETRIC_REPRESENTATION_CONTEXT() REPRESENTATION_CONTEXT('2D SPACE',''
  ) );
#299 = ORIENTED_EDGE('',*,*,#300,.T.);
#300 = EDGE_CURVE('',#273,#301,#303,.T.);
#301 = VERTEX_POINT('',#302);
#302 = CARTESIAN_POINT('',(15.98,23.1,21.));
#303 = SURFACE_CURVE('',#304,(#309,#316),.PCURVE_S1.);
#304 = CIRCLE('',#305,1.5);
#305 = AXIS2_PLACEMENT_3D('',#306,#307,#308);
#306 = CARTESIAN_POINT('',(15.98,23.1,19.5));
#307 = DIRECTION('',(1.,0.,0.));
#308 = DIRECTION('',(-0.,0.,1.));
#309 = PCURVE('',#93,#310);
#310 = DEFINITIONAL_REPRESENTATION('',(#311),#315);
#311 = CIRCLE('',#312,1.5);
#312 = AXIS2_PLACEMENT_2D('',#313,#314);
#313 = CARTESIAN_POINT('',(40.5,-40.5));
#314 = DIRECTION('',(1.,0.));
#315 = ( GEOMETRIC_REPRESENTATION_CONTEXT(2) 
PARAMETRIC_REPRESENTATION_CONTEXT() REPRESENTATION_CONTEXT('2D SPACE',''
  ) );
#316 = PCURVE('',#317,#322);
#317 = CYLINDRICAL_SURFACE('',#318,1.5);
#318 = AXIS2_PLACEMENT_3D('',#319,#320,#321);
#319 = CARTESIAN_POINT('',(15.98,23.1,19.5));
#320 = DIRECTION('',(1.,0.,0.));
#321 = DIRECTION('',(-0.,1.,0.));
#322 = DEFINITIONAL_REPRESENTATION('',(#323),#327);
#323 = LINE('',#324,#325);
#324 = CARTESIAN_POINT('',(-4.712388980385,0.));
#325 = VECTOR('',#326,1.);
#326 = DIRECTION('',(1.,0.));
#327 = ( GEOMETRIC_REPRESENTATION_CONTEXT(2) 
PARAMETRIC_REPRESENTATION_CONTEXT() REPRESENTATION_CONTEXT('2D SPACE',''
  ) );
#328 = ORIENTED_EDGE('',*,*,#329,.F.);
#329 = EDGE_CURVE('',#330,#301,#332,.T.);
#330 = VERTEX_POINT('',#331);
#331 = CARTESIAN_POINT('',(15.98,-15.9,21.));
#332 = SURFACE_CURVE('',#333,(#337,#344),.PCURVE_S1.);
#333 = LINE('',#334,#335);
#334 = CARTESIAN_POINT('',(15.98,-17.4,21.));
#335 = VECTOR('',#336,1.);
#336 = DIRECTION('',(0.,1.,0.));
#337 = PCURVE('',#93,#338);
#338 = DEFINITIONAL_REPRESENTATION('',(#339),#343);
#339 = LINE('',#340,#341);
#340 = CARTESIAN_POINT('',(42.,0.));
#341 = VECTOR('',#342,1.);
#342 = DIRECTION('',(0.,-1.));
#343 = ( GEOMETRIC_REPRESENTATION_CONTEXT(2) 
PARAMETRIC_REPRESENTATION_CONTEXT() REPRESENTATION_CONTEXT('2D SPACE',''
  ) );
#344 = PCURVE('',#345,#350);
#345 = PLANE('',#346);
#346 = AXIS2_PLACEMENT_3D('',#347,#348,#349);
#347 = CARTESIAN_POINT('',(15.98,-17.4,21.));
#348 = DIRECTION('',(0.,0.,1.));
#349 = DIRECTION('',(1.,0.,0.));
#350 = DEFINITIONAL_REPRESENTATION('',(#351),#355);
#351 = LINE('',#352,#353);
#352 = CARTESIAN_POINT('',(0.,0.));
#353 = VECTOR('',#354,1.);
#354 = DIRECTION('',(0.,1.));
#355 = ( GEOMETRIC_REPRESENTATION_CONTEXT(2) 
PARAMETRIC_REPRESENTATION_CONTEXT() REPRESENTATION_CONTEXT('2D SPACE',''
  ) );
#356 = ORIENTED_EDGE('',*,*,#357,.F.);
#357 = EDGE_CURVE('',#155,#330,#358,.T.);
#358 = SURFACE_CURVE('',#359,(#364,#375),.PCURVE_S1.);
#359 = CIRCLE('',#360,1.5);
#360 = AXIS2_PLACEMENT_3D('',#361,#362,#363);
#361 = CARTESIAN_POINT('',(15.98,-15.9,19.5));
#362 = DIRECTION('',(-1.,0.,-0.));
#363 = DIRECTION('',(-0.,0.,1.));
#364 = PCURVE('',#93,#365);
#365 = DEFINITIONAL_REPRESENTATION('',(#366),#374);
#366 = ( BOUNDED_CURVE() B_SPLINE_CURVE(2,(#367,#368,#369,#370,#371,#372
,#373),.UNSPECIFIED.,.T.,.F.) B_SPLINE_CURVE_WITH_KNOTS((1,2,2,2,2,1),(
    -2.094395102393,0.,2.094395102393,4.188790204786,6.28318530718,
8.377580409573),.UNSPECIFIED.) CURVE() GEOMETRIC_REPRESENTATION_ITEM() 
RATIONAL_B_SPLINE_CURVE((1.,0.5,1.,0.5,1.,0.5,1.)) REPRESENTATION_ITEM(
  '') );
#367 = CARTESIAN_POINT('',(42.,-1.5));
#368 = CARTESIAN_POINT('',(42.,-4.098076211353));
#369 = CARTESIAN_POINT('',(39.75,-2.799038105677));
#370 = CARTESIAN_POINT('',(37.5,-1.5));
#371 = CARTESIAN_POINT('',(39.75,-0.200961894323));
#372 = CARTESIAN_POINT('',(42.,1.098076211353));
#373 = CARTESIAN_POINT('',(42.,-1.5));
#374 = ( GEOMETRIC_REPRESENTATION_CONTEXT(2) 
PARAMETRIC_REPRESENTATION_CONTEXT() REPRESENTATION_CONTEXT('2D SPACE',''
  ) );
#375 = PCURVE('',#376,#381);
#376 = CYLINDRICAL_SURFACE('',#377,1.5);
#377 = AXIS2_PLACEMENT_3D('',#378,#379,#380);
#378 = CARTESIAN_POINT('',(15.98,-15.9,19.5));
#379 = DIRECTION('',(1.,0.,0.));
#380 = DIRECTION('',(0.,-1.,0.));
#381 = DEFINITIONAL_REPRESENTATION('',(#382),#386);
#382 = LINE('',#383,#384);
#383 = CARTESIAN_POINT('',(4.712388980385,-0.));
#384 = VECTOR('',#385,1.);
#385 = DIRECTION('',(-1.,0.));
#386 = ( GEOMETRIC_REPRESENTATION_CONTEXT(2) 
PARAMETRIC_REPRESENTATION_CONTEXT() REPRESENTATION_CONTEXT('2D SPACE',''
  ) );
#387 = FACE_BOUND('',#388,.F.);
#388 = EDGE_LOOP('',(#389));
#389 = ORIENTED_EDGE('',*,*,#78,.T.);
#390 = ADVANCED_FACE('',(#391),#137,.F.);
#391 = FACE_BOUND('',#392,.T.);
#392 = EDGE_LOOP('',(#393,#416,#417,#418,#451,#477,#510,#536,#569,#590,
    #623,#649));
#393 = ORIENTED_EDGE('',*,*,#394,.F.);
#394 = EDGE_CURVE('',#117,#395,#397,.T.);
#395 = VERTEX_POINT('',#396);
#396 = CARTESIAN_POINT('',(15.98,12.5,0.));
#397 = SEAM_CURVE('',#398,(#402,#409),.PCURVE_S1.);
#398 = LINE('',#399,#400);
#399 = CARTESIAN_POINT('',(-0.21,12.5,0.));
#400 = VECTOR('',#401,1.);
#401 = DIRECTION('',(1.,0.,0.));
#402 = PCURVE('',#137,#403);
#403 = DEFINITIONAL_REPRESENTATION('',(#404),#408);
#404 = LINE('',#405,#406);
#405 = CARTESIAN_POINT('',(-6.28318530718,0.));
#406 = VECTOR('',#407,1.);
#407 = DIRECTION('',(-0.,-1.));
#408 = ( GEOMETRIC_REPRESENTATION_CONTEXT(2) 
PARAMETRIC_REPRESENTATION_CONTEXT() REPRESENTATION_CONTEXT('2D SPACE',''
  ) );
#409 = PCURVE('',#137,#410);
#410 = DEFINITIONAL_REPRESENTATION('',(#411),#415);
#411 = LINE('',#412,#413);
#412 = CARTESIAN_POINT('',(-0.,0.));
#413 = VECTOR('',#414,1.);
#414 = DIRECTION('',(-0.,-1.));
#415 = ( GEOMETRIC_REPRESENTATION_CONTEXT(2) 
PARAMETRIC_REPRESENTATION_CONTEXT() REPRESENTATION_CONTEXT('2D SPACE',''
  ) );
#416 = ORIENTED_EDGE('',*,*,#116,.T.);
#417 = ORIENTED_EDGE('',*,*,#394,.T.);
#418 = ORIENTED_EDGE('',*,*,#419,.F.);
#419 = EDGE_CURVE('',#420,#395,#422,.T.);
#420 = VERTEX_POINT('',#421);
#421 = CARTESIAN_POINT('',(15.98,-7.766029072665,-9.794834988019));
#422 = SURFACE_CURVE('',#423,(#428,#435),.PCURVE_S1.);
#423 = CIRCLE('',#424,12.5);
#424 = AXIS2_PLACEMENT_3D('',#425,#426,#427);
#425 = CARTESIAN_POINT('',(15.98,0.,0.));
#426 = DIRECTION('',(-1.,0.,0.));
#427 = DIRECTION('',(0.,1.,0.));
#428 = PCURVE('',#137,#429);
#429 = DEFINITIONAL_REPRESENTATION('',(#430),#434);
#430 = LINE('',#431,#432);
#431 = CARTESIAN_POINT('',(-6.28318530718,-16.19));
#432 = VECTOR('',#433,1.);
#433 = DIRECTION('',(1.,-0.));
#434 = ( GEOMETRIC_REPRESENTATION_CONTEXT(2) 
PARAMETRIC_REPRESENTATION_CONTEXT() REPRESENTATION_CONTEXT('2D SPACE',''
  ) );
#435 = PCURVE('',#436,#441);
#436 = PLANE('',#437);
#437 = AXIS2_PLACEMENT_3D('',#438,#439,#440);
#438 = CARTESIAN_POINT('',(15.98,-17.4,-21.));
#439 = DIRECTION('',(1.,0.,0.));
#440 = DIRECTION('',(0.,0.,1.));
#441 = DEFINITIONAL_REPRESENTATION('',(#442),#450);
#442 = ( BOUNDED_CURVE() B_SPLINE_CURVE(2,(#443,#444,#445,#446,#447,#448
,#449),.UNSPECIFIED.,.T.,.F.) B_SPLINE_CURVE_WITH_KNOTS((1,2,2,2,2,1),(
    -2.094395102393,0.,2.094395102393,4.188790204786,6.28318530718,
8.377580409573),.UNSPECIFIED.) CURVE() GEOMETRIC_REPRESENTATION_ITEM() 
RATIONAL_B_SPLINE_CURVE((1.,0.5,1.,0.5,1.,0.5,1.)) REPRESENTATION_ITEM(
  '') );
#443 = CARTESIAN_POINT('',(21.,-29.9));
#444 = CARTESIAN_POINT('',(-0.650635094611,-29.9));
#445 = CARTESIAN_POINT('',(10.174682452695,-11.15));
#446 = CARTESIAN_POINT('',(21.,7.6));
#447 = CARTESIAN_POINT('',(31.825317547305,-11.15));
#448 = CARTESIAN_POINT('',(42.650635094611,-29.9));
#449 = CARTESIAN_POINT('',(21.,-29.9));
#450 = ( GEOMETRIC_REPRESENTATION_CONTEXT(2) 
PARAMETRIC_REPRESENTATION_CONTEXT() REPRESENTATION_CONTEXT('2D SPACE',''
  ) );
#451 = ORIENTED_EDGE('',*,*,#452,.F.);
#452 = EDGE_CURVE('',#453,#420,#455,.T.);
#453 = VERTEX_POINT('',#454);
#454 = CARTESIAN_POINT('',(16.02,-7.766029072665,-9.794834988019));
#455 = SURFACE_CURVE('',#456,(#460,#466),.PCURVE_S1.);
#456 = LINE('',#457,#458);
#457 = CARTESIAN_POINT('',(-0.21,-7.766029072665,-9.794834988019));
#458 = VECTOR('',#459,1.);
#459 = DIRECTION('',(-1.,-0.,-0.));
#460 = PCURVE('',#137,#461);
#461 = DEFINITIONAL_REPRESENTATION('',(#462),#465);
#462 = B_SPLINE_CURVE_WITH_KNOTS('',1,(#463,#464),.UNSPECIFIED.,.F.,.F.,
  (2,2),(-16.2300006,-16.1899994),.PIECEWISE_BEZIER_KNOTS.);
#463 = CARTESIAN_POINT('',(-4.042010854606,-16.2300006));
#464 = CARTESIAN_POINT('',(-4.042010854606,-16.1899994));
#465 = ( GEOMETRIC_REPRESENTATION_CONTEXT(2) 
PARAMETRIC_REPRESENTATION_CONTEXT() REPRESENTATION_CONTEXT('2D SPACE',''
  ) );
#466 = PCURVE('',#467,#472);
#467 = CYLINDRICAL_SURFACE('',#468,1.5);
#468 = AXIS2_PLACEMENT_3D('',#469,#470,#471);
#469 = CARTESIAN_POINT('',(15.78,-6.35,-9.3));
#470 = DIRECTION('',(-1.,-0.,-0.));
#471 = DIRECTION('',(0.,1.,0.));
#472 = DEFINITIONAL_REPRESENTATION('',(#473),#476);
#473 = B_SPLINE_CURVE_WITH_KNOTS('',1,(#474,#475),.UNSPECIFIED.,.F.,.F.,
  (2,2),(-16.2300006,-16.1899994),.PIECEWISE_BEZIER_KNOTS.);
#474 = CARTESIAN_POINT('',(-3.477779694878,-0.2400006));
#475 = CARTESIAN_POINT('',(-3.477779694878,-0.1999994));
#476 = ( GEOMETRIC_REPRESENTATION_CONTEXT(2) 
PARAMETRIC_REPRESENTATION_CONTEXT() REPRESENTATION_CONTEXT('2D SPACE',''
  ) );
#477 = ORIENTED_EDGE('',*,*,#478,.F.);
#478 = EDGE_CURVE('',#479,#453,#481,.T.);
#479 = VERTEX_POINT('',#480);
#480 = CARTESIAN_POINT('',(16.02,-6.293647591024,-10.8));
#481 = SURFACE_CURVE('',#482,(#487,#494),.PCURVE_S1.);
#482 = CIRCLE('',#483,12.5);
#483 = AXIS2_PLACEMENT_3D('',#484,#485,#486);
#484 = CARTESIAN_POINT('',(16.02,0.,0.));
#485 = DIRECTION('',(-1.,0.,0.));
#486 = DIRECTION('',(0.,1.,0.));
#487 = PCURVE('',#137,#488);
#488 = DEFINITIONAL_REPRESENTATION('',(#489),#493);
#489 = LINE('',#490,#491);
#490 = CARTESIAN_POINT('',(-6.28318530718,-16.23));
#491 = VECTOR('',#492,1.);
#492 = DIRECTION('',(1.,-0.));
#493 = ( GEOMETRIC_REPRESENTATION_CONTEXT(2) 
PARAMETRIC_REPRESENTATION_CONTEXT() REPRESENTATION_CONTEXT('2D SPACE',''
  ) );
#494 = PCURVE('',#495,#500);
#495 = PLANE('',#496);
#496 = AXIS2_PLACEMENT_3D('',#497,#498,#499);
#497 = CARTESIAN_POINT('',(16.02,-1.287002477684E-15,1.236537197009E-15)
  );
#498 = DIRECTION('',(1.,0.,0.));
#499 = DIRECTION('',(-0.,0.,1.));
#500 = DEFINITIONAL_REPRESENTATION('',(#501),#509);
#501 = ( BOUNDED_CURVE() B_SPLINE_CURVE(2,(#502,#503,#504,#505,#506,#507
,#508),.UNSPECIFIED.,.T.,.F.) B_SPLINE_CURVE_WITH_KNOTS((1,2,2,2,2,1),(
    -2.094395102393,0.,2.094395102393,4.188790204786,6.28318530718,
8.377580409573),.UNSPECIFIED.) CURVE() GEOMETRIC_REPRESENTATION_ITEM() 
RATIONAL_B_SPLINE_CURVE((1.,0.5,1.,0.5,1.,0.5,1.)) REPRESENTATION_ITEM(
  '') );
#502 = CARTESIAN_POINT('',(-1.236537197009E-15,-12.5));
#503 = CARTESIAN_POINT('',(-21.65063509461,-12.5));
#504 = CARTESIAN_POINT('',(-10.8253175473,6.25));
#505 = CARTESIAN_POINT('',(-4.298154194878E-15,25.));
#506 = CARTESIAN_POINT('',(10.825317547305,6.25));
#507 = CARTESIAN_POINT('',(21.650635094611,-12.5));
#508 = CARTESIAN_POINT('',(-1.236537197009E-15,-12.5));
#509 = ( GEOMETRIC_REPRESENTATION_CONTEXT(2) 
PARAMETRIC_REPRESENTATION_CONTEXT() REPRESENTATION_CONTEXT('2D SPACE',''
  ) );
#510 = ORIENTED_EDGE('',*,*,#511,.T.);
#511 = EDGE_CURVE('',#479,#512,#514,.T.);
#512 = VERTEX_POINT('',#513);
#513 = CARTESIAN_POINT('',(15.98,-6.293647591024,-10.8));
#514 = SURFACE_CURVE('',#515,(#519,#525),.PCURVE_S1.);
#515 = LINE('',#516,#517);
#516 = CARTESIAN_POINT('',(-0.21,-6.293647591024,-10.8));
#517 = VECTOR('',#518,1.);
#518 = DIRECTION('',(-1.,-0.,-0.));
#519 = PCURVE('',#137,#520);
#520 = DEFINITIONAL_REPRESENTATION('',(#521),#524);
#521 = B_SPLINE_CURVE_WITH_KNOTS('',1,(#522,#523),.UNSPECIFIED.,.F.,.F.,
  (2,2),(-16.2300006,-15.688),.PIECEWISE_BEZIER_KNOTS.);
#522 = CARTESIAN_POINT('',(-4.18475349812,-16.2300006));
#523 = CARTESIAN_POINT('',(-4.18475349812,-15.688));
#524 = ( GEOMETRIC_REPRESENTATION_CONTEXT(2) 
PARAMETRIC_REPRESENTATION_CONTEXT() REPRESENTATION_CONTEXT('2D SPACE',''
  ) );
#525 = PCURVE('',#526,#531);
#526 = PLANE('',#527);
#527 = AXIS2_PLACEMENT_3D('',#528,#529,#530);
#528 = CARTESIAN_POINT('',(15.78,-6.39,-10.8));
#529 = DIRECTION('',(0.,0.,1.));
#530 = DIRECTION('',(1.,0.,0.));
#531 = DEFINITIONAL_REPRESENTATION('',(#532),#535);
#532 = B_SPLINE_CURVE_WITH_KNOTS('',1,(#533,#534),.UNSPECIFIED.,.F.,.F.,
  (2,2),(-16.2300006,-15.688),.PIECEWISE_BEZIER_KNOTS.);
#533 = CARTESIAN_POINT('',(0.2400006,9.635240897618E-02));
#534 = CARTESIAN_POINT('',(-0.302,9.635240897618E-02));
#535 = ( GEOMETRIC_REPRESENTATION_CONTEXT(2) 
PARAMETRIC_REPRESENTATION_CONTEXT() REPRESENTATION_CONTEXT('2D SPACE',''
  ) );
#536 = ORIENTED_EDGE('',*,*,#537,.F.);
#537 = EDGE_CURVE('',#538,#512,#540,.T.);
#538 = VERTEX_POINT('',#539);
#539 = CARTESIAN_POINT('',(15.98,6.293647591024,-10.8));
#540 = SURFACE_CURVE('',#541,(#546,#553),.PCURVE_S1.);
#541 = CIRCLE('',#542,12.5);
#542 = AXIS2_PLACEMENT_3D('',#543,#544,#545);
#543 = CARTESIAN_POINT('',(15.98,0.,0.));
#544 = DIRECTION('',(-1.,0.,0.));
#545 = DIRECTION('',(0.,1.,0.));
#546 = PCURVE('',#137,#547);
#547 = DEFINITIONAL_REPRESENTATION('',(#548),#552);
#548 = LINE('',#549,#550);
#549 = CARTESIAN_POINT('',(-6.28318530718,-16.19));
#550 = VECTOR('',#551,1.);
#551 = DIRECTION('',(1.,-0.));
#552 = ( GEOMETRIC_REPRESENTATION_CONTEXT(2) 
PARAMETRIC_REPRESENTATION_CONTEXT() REPRESENTATION_CONTEXT('2D SPACE',''
  ) );
#553 = PCURVE('',#554,#559);
#554 = PLANE('',#555);
#555 = AXIS2_PLACEMENT_3D('',#556,#557,#558);
#556 = CARTESIAN_POINT('',(15.98,-17.4,-21.));
#557 = DIRECTION('',(1.,0.,0.));
#558 = DIRECTION('',(0.,0.,1.));
#559 = DEFINITIONAL_REPRESENTATION('',(#560),#568);
#560 = ( BOUNDED_CURVE() B_SPLINE_CURVE(2,(#561,#562,#563,#564,#565,#566
,#567),.UNSPECIFIED.,.T.,.F.) B_SPLINE_CURVE_WITH_KNOTS((1,2,2,2,2,1),(
    -2.094395102393,0.,2.094395102393,4.188790204786,6.28318530718,
8.377580409573),.UNSPECIFIED.) CURVE() GEOMETRIC_REPRESENTATION_ITEM() 
RATIONAL_B_SPLINE_CURVE((1.,0.5,1.,0.5,1.,0.5,1.)) REPRESENTATION_ITEM(
  '') );
#561 = CARTESIAN_POINT('',(21.,-29.9));
#562 = CARTESIAN_POINT('',(-0.650635094611,-29.9));
#563 = CARTESIAN_POINT('',(10.174682452695,-11.15));
#564 = CARTESIAN_POINT('',(21.,7.6));
#565 = CARTESIAN_POINT('',(31.825317547305,-11.15));
#566 = CARTESIAN_POINT('',(42.650635094611,-29.9));
#567 = CARTESIAN_POINT('',(21.,-29.9));
#568 = ( GEOMETRIC_REPRESENTATION_CONTEXT(2) 
PARAMETRIC_REPRESENTATION_CONTEXT() REPRESENTATION_CONTEXT('2D SPACE',''
  ) );
#569 = ORIENTED_EDGE('',*,*,#570,.F.);
#570 = EDGE_CURVE('',#571,#538,#573,.T.);
#571 = VERTEX_POINT('',#572);
#572 = CARTESIAN_POINT('',(16.02,6.293647591024,-10.8));
#573 = SURFACE_CURVE('',#574,(#578,#584),.PCURVE_S1.);
#574 = LINE('',#575,#576);
#575 = CARTESIAN_POINT('',(-0.21,6.293647591024,-10.8));
#576 = VECTOR('',#577,1.);
#577 = DIRECTION('',(-1.,-0.,-0.));
#578 = PCURVE('',#137,#579);
#579 = DEFINITIONAL_REPRESENTATION('',(#580),#583);
#580 = B_SPLINE_CURVE_WITH_KNOTS('',1,(#581,#582),.UNSPECIFIED.,.F.,.F.,
  (2,2),(-16.2300006,-15.688),.PIECEWISE_BEZIER_KNOTS.);
#581 = CARTESIAN_POINT('',(-5.240024462649,-16.2300006));
#582 = CARTESIAN_POINT('',(-5.240024462649,-15.688));
#583 = ( GEOMETRIC_REPRESENTATION_CONTEXT(2) 
PARAMETRIC_REPRESENTATION_CONTEXT() REPRESENTATION_CONTEXT('2D SPACE',''
  ) );
#584 = PCURVE('',#526,#585);
#585 = DEFINITIONAL_REPRESENTATION('',(#586),#589);
#586 = B_SPLINE_CURVE_WITH_KNOTS('',1,(#587,#588),.UNSPECIFIED.,.F.,.F.,
  (2,2),(-16.2300006,-15.688),.PIECEWISE_BEZIER_KNOTS.);
#587 = CARTESIAN_POINT('',(0.2400006,12.683647591024));
#588 = CARTESIAN_POINT('',(-0.302,12.683647591024));
#589 = ( GEOMETRIC_REPRESENTATION_CONTEXT(2) 
PARAMETRIC_REPRESENTATION_CONTEXT() REPRESENTATION_CONTEXT('2D SPACE',''
  ) );
#590 = ORIENTED_EDGE('',*,*,#591,.F.);
#591 = EDGE_CURVE('',#592,#571,#594,.T.);
#592 = VERTEX_POINT('',#593);
#593 = CARTESIAN_POINT('',(16.02,7.766029072665,-9.794834988019));
#594 = SURFACE_CURVE('',#595,(#600,#607),.PCURVE_S1.);
#595 = CIRCLE('',#596,12.5);
#596 = AXIS2_PLACEMENT_3D('',#597,#598,#599);
#597 = CARTESIAN_POINT('',(16.02,0.,0.));
#598 = DIRECTION('',(-1.,0.,0.));
#599 = DIRECTION('',(0.,1.,0.));
#600 = PCURVE('',#137,#601);
#601 = DEFINITIONAL_REPRESENTATION('',(#602),#606);
#602 = LINE('',#603,#604);
#603 = CARTESIAN_POINT('',(-6.28318530718,-16.23));
#604 = VECTOR('',#605,1.);
#605 = DIRECTION('',(1.,-0.));
#606 = ( GEOMETRIC_REPRESENTATION_CONTEXT(2) 
PARAMETRIC_REPRESENTATION_CONTEXT() REPRESENTATION_CONTEXT('2D SPACE',''
  ) );
#607 = PCURVE('',#608,#613);
#608 = PLANE('',#609);
#609 = AXIS2_PLACEMENT_3D('',#610,#611,#612);
#610 = CARTESIAN_POINT('',(16.02,-1.287002477684E-15,1.236537197009E-15)
  );
#611 = DIRECTION('',(1.,0.,0.));
#612 = DIRECTION('',(-0.,0.,1.));
#613 = DEFINITIONAL_REPRESENTATION('',(#614),#622);
#614 = ( BOUNDED_CURVE() B_SPLINE_CURVE(2,(#615,#616,#617,#618,#619,#620
,#621),.UNSPECIFIED.,.T.,.F.) B_SPLINE_CURVE_WITH_KNOTS((1,2,2,2,2,1),(
    -2.094395102393,0.,2.094395102393,4.188790204786,6.28318530718,
8.377580409573),.UNSPECIFIED.) CURVE() GEOMETRIC_REPRESENTATION_ITEM() 
RATIONAL_B_SPLINE_CURVE((1.,0.5,1.,0.5,1.,0.5,1.)) REPRESENTATION_ITEM(
  '') );
#615 = CARTESIAN_POINT('',(-1.236537197009E-15,-12.5));
#616 = CARTESIAN_POINT('',(-21.65063509461,-12.5));
#617 = CARTESIAN_POINT('',(-10.8253175473,6.25));
#618 = CARTESIAN_POINT('',(-4.298154194878E-15,25.));
#619 = CARTESIAN_POINT('',(10.825317547305,6.25));
#620 = CARTESIAN_POINT('',(21.650635094611,-12.5));
#621 = CARTESIAN_POINT('',(-1.236537197009E-15,-12.5));
#622 = ( GEOMETRIC_REPRESENTATION_CONTEXT(2) 
PARAMETRIC_REPRESENTATION_CONTEXT() REPRESENTATION_CONTEXT('2D SPACE',''
  ) );
#623 = ORIENTED_EDGE('',*,*,#624,.T.);
#624 = EDGE_CURVE('',#592,#625,#627,.T.);
#625 = VERTEX_POINT('',#626);
#626 = CARTESIAN_POINT('',(15.98,7.766029072665,-9.794834988019));
#627 = SURFACE_CURVE('',#628,(#632,#638),.PCURVE_S1.);
#628 = LINE('',#629,#630);
#629 = CARTESIAN_POINT('',(-0.21,7.766029072665,-9.794834988019));
#630 = VECTOR('',#631,1.);
#631 = DIRECTION('',(-1.,-0.,-0.));
#632 = PCURVE('',#137,#633);
#633 = DEFINITIONAL_REPRESENTATION('',(#634),#637);
#634 = B_SPLINE_CURVE_WITH_KNOTS('',1,(#635,#636),.UNSPECIFIED.,.F.,.F.,
  (2,2),(-16.2300006,-16.1899994),.PIECEWISE_BEZIER_KNOTS.);
#635 = CARTESIAN_POINT('',(-5.382767106163,-16.2300006));
#636 = CARTESIAN_POINT('',(-5.382767106163,-16.1899994));
#637 = ( GEOMETRIC_REPRESENTATION_CONTEXT(2) 
PARAMETRIC_REPRESENTATION_CONTEXT() REPRESENTATION_CONTEXT('2D SPACE',''
  ) );
#638 = PCURVE('',#639,#644);
#639 = CYLINDRICAL_SURFACE('',#640,1.5);
#640 = AXIS2_PLACEMENT_3D('',#641,#642,#643);
#641 = CARTESIAN_POINT('',(15.78,6.35,-9.3));
#642 = DIRECTION('',(-1.,-0.,-0.));
#643 = DIRECTION('',(0.,1.,0.));
#644 = DEFINITIONAL_REPRESENTATION('',(#645),#648);
#645 = B_SPLINE_CURVE_WITH_KNOTS('',1,(#646,#647),.UNSPECIFIED.,.F.,.F.,
  (2,2),(-16.2300006,-16.1899994),.PIECEWISE_BEZIER_KNOTS.);
#646 = CARTESIAN_POINT('',(-5.946998265891,-0.2400006));
#647 = CARTESIAN_POINT('',(-5.946998265891,-0.1999994));
#648 = ( GEOMETRIC_REPRESENTATION_CONTEXT(2) 
PARAMETRIC_REPRESENTATION_CONTEXT() REPRESENTATION_CONTEXT('2D SPACE',''
  ) );
#649 = ORIENTED_EDGE('',*,*,#650,.F.);
#650 = EDGE_CURVE('',#395,#625,#651,.T.);
#651 = SURFACE_CURVE('',#652,(#657,#664),.PCURVE_S1.);
#652 = CIRCLE('',#653,12.5);
#653 = AXIS2_PLACEMENT_3D('',#654,#655,#656);
#654 = CARTESIAN_POINT('',(15.98,0.,0.));
#655 = DIRECTION('',(-1.,0.,0.));
#656 = DIRECTION('',(0.,1.,0.));
#657 = PCURVE('',#137,#658);
#658 = DEFINITIONAL_REPRESENTATION('',(#659),#663);
#659 = LINE('',#660,#661);
#660 = CARTESIAN_POINT('',(-6.28318530718,-16.19));
#661 = VECTOR('',#662,1.);
#662 = DIRECTION('',(1.,-0.));
#663 = ( GEOMETRIC_REPRESENTATION_CONTEXT(2) 
PARAMETRIC_REPRESENTATION_CONTEXT() REPRESENTATION_CONTEXT('2D SPACE',''
  ) );
#664 = PCURVE('',#436,#665);
#665 = DEFINITIONAL_REPRESENTATION('',(#666),#674);
#666 = ( BOUNDED_CURVE() B_SPLINE_CURVE(2,(#667,#668,#669,#670,#671,#672
,#673),.UNSPECIFIED.,.T.,.F.) B_SPLINE_CURVE_WITH_KNOTS((1,2,2,2,2,1),(
    -2.094395102393,0.,2.094395102393,4.188790204786,6.28318530718,
8.377580409573),.UNSPECIFIED.) CURVE() GEOMETRIC_REPRESENTATION_ITEM() 
RATIONAL_B_SPLINE_CURVE((1.,0.5,1.,0.5,1.,0.5,1.)) REPRESENTATION_ITEM(
  '') );
#667 = CARTESIAN_POINT('',(21.,-29.9));
#668 = CARTESIAN_POINT('',(-0.650635094611,-29.9));
#669 = CARTESIAN_POINT('',(10.174682452695,-11.15));
#670 = CARTESIAN_POINT('',(21.,7.6));
#671 = CARTESIAN_POINT('',(31.825317547305,-11.15));
#672 = CARTESIAN_POINT('',(42.650635094611,-29.9));
#673 = CARTESIAN_POINT('',(21.,-29.9));
#674 = ( GEOMETRIC_REPRESENTATION_CONTEXT(2) 
PARAMETRIC_REPRESENTATION_CONTEXT() REPRESENTATION_CONTEXT('2D SPACE',''
  ) );
#675 = ADVANCED_FACE('',(#676),#170,.F.);
#676 = FACE_BOUND('',#677,.F.);
#677 = EDGE_LOOP('',(#678,#701,#702,#725));
#678 = ORIENTED_EDGE('',*,*,#679,.F.);
#679 = EDGE_CURVE('',#153,#680,#682,.T.);
#680 = VERTEX_POINT('',#681);
#681 = CARTESIAN_POINT('',(23.,-17.4,-19.5));
#682 = SURFACE_CURVE('',#683,(#687,#694),.PCURVE_S1.);
#683 = LINE('',#684,#685);
#684 = CARTESIAN_POINT('',(15.98,-17.4,-19.5));
#685 = VECTOR('',#686,1.);
#686 = DIRECTION('',(1.,0.,0.));
#687 = PCURVE('',#170,#688);
#688 = DEFINITIONAL_REPRESENTATION('',(#689),#693);
#689 = LINE('',#690,#691);
#690 = CARTESIAN_POINT('',(1.5,0.));
#691 = VECTOR('',#692,1.);
#692 = DIRECTION('',(0.,1.));
#693 = ( GEOMETRIC_REPRESENTATION_CONTEXT(2) 
PARAMETRIC_REPRESENTATION_CONTEXT() REPRESENTATION_CONTEXT('2D SPACE',''
  ) );
#694 = PCURVE('',#199,#695);
#695 = DEFINITIONAL_REPRESENTATION('',(#696),#700);
#696 = LINE('',#697,#698);
#697 = CARTESIAN_POINT('',(0.,0.));
#698 = VECTOR('',#699,1.);
#699 = DIRECTION('',(0.,1.));
#700 = ( GEOMETRIC_REPRESENTATION_CONTEXT(2) 
PARAMETRIC_REPRESENTATION_CONTEXT() REPRESENTATION_CONTEXT('2D SPACE',''
  ) );
#701 = ORIENTED_EDGE('',*,*,#152,.T.);
#702 = ORIENTED_EDGE('',*,*,#703,.F.);
#703 = EDGE_CURVE('',#704,#155,#706,.T.);
#704 = VERTEX_POINT('',#705);
#705 = CARTESIAN_POINT('',(23.,-17.4,19.5));
#706 = SURFACE_CURVE('',#707,(#711,#718),.PCURVE_S1.);
#707 = LINE('',#708,#709);
#708 = CARTESIAN_POINT('',(23.,-17.4,19.5));
#709 = VECTOR('',#710,1.);
#710 = DIRECTION('',(-1.,0.,0.));
#711 = PCURVE('',#170,#712);
#712 = DEFINITIONAL_REPRESENTATION('',(#713),#717);
#713 = LINE('',#714,#715);
#714 = CARTESIAN_POINT('',(40.5,7.02));
#715 = VECTOR('',#716,1.);
#716 = DIRECTION('',(0.,-1.));
#717 = ( GEOMETRIC_REPRESENTATION_CONTEXT(2) 
PARAMETRIC_REPRESENTATION_CONTEXT() REPRESENTATION_CONTEXT('2D SPACE',''
  ) );
#718 = PCURVE('',#376,#719);
#719 = DEFINITIONAL_REPRESENTATION('',(#720),#724);
#720 = LINE('',#721,#722);
#721 = CARTESIAN_POINT('',(-0.,7.02));
#722 = VECTOR('',#723,1.);
#723 = DIRECTION('',(-0.,-1.));
#724 = ( GEOMETRIC_REPRESENTATION_CONTEXT(2) 
PARAMETRIC_REPRESENTATION_CONTEXT() REPRESENTATION_CONTEXT('2D SPACE',''
  ) );
#725 = ORIENTED_EDGE('',*,*,#726,.F.);
#726 = EDGE_CURVE('',#680,#704,#727,.T.);
#727 = SURFACE_CURVE('',#728,(#732,#739),.PCURVE_S1.);
#728 = LINE('',#729,#730);
#729 = CARTESIAN_POINT('',(23.,-17.4,-21.));
#730 = VECTOR('',#731,1.);
#731 = DIRECTION('',(0.,0.,1.));
#732 = PCURVE('',#170,#733);
#733 = DEFINITIONAL_REPRESENTATION('',(#734),#738);
#734 = LINE('',#735,#736);
#735 = CARTESIAN_POINT('',(0.,7.02));
#736 = VECTOR('',#737,1.);
#737 = DIRECTION('',(1.,0.));
#738 = ( GEOMETRIC_REPRESENTATION_CONTEXT(2) 
PARAMETRIC_REPRESENTATION_CONTEXT() REPRESENTATION_CONTEXT('2D SPACE',''
  ) );
#739 = PCURVE('',#740,#745);
#740 = PLANE('',#741);
#741 = AXIS2_PLACEMENT_3D('',#742,#743,#744);
#742 = CARTESIAN_POINT('',(23.,-17.4,-21.));
#743 = DIRECTION('',(1.,0.,0.));
#744 = DIRECTION('',(0.,0.,1.));
#745 = DEFINITIONAL_REPRESENTATION('',(#746),#750);
#746 = LINE('',#747,#748);
#747 = CARTESIAN_POINT('',(0.,0.));
#748 = VECTOR('',#749,1.);
#749 = DIRECTION('',(1.,0.));
#750 = ( GEOMETRIC_REPRESENTATION_CONTEXT(2) 
PARAMETRIC_REPRESENTATION_CONTEXT() REPRESENTATION_CONTEXT('2D SPACE',''
  ) );
#751 = ADVANCED_FACE('',(#752),#199,.T.);
#752 = FACE_BOUND('',#753,.T.);
#753 = EDGE_LOOP('',(#754,#755,#778,#800));
#754 = ORIENTED_EDGE('',*,*,#182,.T.);
#755 = ORIENTED_EDGE('',*,*,#756,.T.);
#756 = EDGE_CURVE('',#183,#757,#759,.T.);
#757 = VERTEX_POINT('',#758);
#758 = CARTESIAN_POINT('',(23.,-15.9,-21.));
#759 = SURFACE_CURVE('',#760,(#764,#771),.PCURVE_S1.);
#760 = LINE('',#761,#762);
#761 = CARTESIAN_POINT('',(15.98,-15.9,-21.));
#762 = VECTOR('',#763,1.);
#763 = DIRECTION('',(1.,0.,0.));
#764 = PCURVE('',#199,#765);
#765 = DEFINITIONAL_REPRESENTATION('',(#766),#770);
#766 = LINE('',#767,#768);
#767 = CARTESIAN_POINT('',(1.570796326795,0.));
#768 = VECTOR('',#769,1.);
#769 = DIRECTION('',(0.,1.));
#770 = ( GEOMETRIC_REPRESENTATION_CONTEXT(2) 
PARAMETRIC_REPRESENTATION_CONTEXT() REPRESENTATION_CONTEXT('2D SPACE',''
  ) );
#771 = PCURVE('',#227,#772);
#772 = DEFINITIONAL_REPRESENTATION('',(#773),#777);
#773 = LINE('',#774,#775);
#774 = CARTESIAN_POINT('',(0.,1.5));
#775 = VECTOR('',#776,1.);
#776 = DIRECTION('',(1.,0.));
#777 = ( GEOMETRIC_REPRESENTATION_CONTEXT(2) 
PARAMETRIC_REPRESENTATION_CONTEXT() REPRESENTATION_CONTEXT('2D SPACE',''
  ) );
#778 = ORIENTED_EDGE('',*,*,#779,.F.);
#779 = EDGE_CURVE('',#680,#757,#780,.T.);
#780 = SURFACE_CURVE('',#781,(#786,#793),.PCURVE_S1.);
#781 = CIRCLE('',#782,1.5);
#782 = AXIS2_PLACEMENT_3D('',#783,#784,#785);
#783 = CARTESIAN_POINT('',(23.,-15.9,-19.5));
#784 = DIRECTION('',(1.,0.,0.));
#785 = DIRECTION('',(-0.,0.,1.));
#786 = PCURVE('',#199,#787);
#787 = DEFINITIONAL_REPRESENTATION('',(#788),#792);
#788 = LINE('',#789,#790);
#789 = CARTESIAN_POINT('',(-1.570796326795,7.02));
#790 = VECTOR('',#791,1.);
#791 = DIRECTION('',(1.,0.));
#792 = ( GEOMETRIC_REPRESENTATION_CONTEXT(2) 
PARAMETRIC_REPRESENTATION_CONTEXT() REPRESENTATION_CONTEXT('2D SPACE',''
  ) );
#793 = PCURVE('',#740,#794);
#794 = DEFINITIONAL_REPRESENTATION('',(#795),#799);
#795 = CIRCLE('',#796,1.5);
#796 = AXIS2_PLACEMENT_2D('',#797,#798);
#797 = CARTESIAN_POINT('',(1.5,-1.5));
#798 = DIRECTION('',(1.,0.));
#799 = ( GEOMETRIC_REPRESENTATION_CONTEXT(2) 
PARAMETRIC_REPRESENTATION_CONTEXT() REPRESENTATION_CONTEXT('2D SPACE',''
  ) );
#800 = ORIENTED_EDGE('',*,*,#679,.F.);
#801 = ADVANCED_FACE('',(#802),#376,.T.);
#802 = FACE_BOUND('',#803,.F.);
#803 = EDGE_LOOP('',(#804,#805,#828,#854));
#804 = ORIENTED_EDGE('',*,*,#357,.T.);
#805 = ORIENTED_EDGE('',*,*,#806,.F.);
#806 = EDGE_CURVE('',#807,#330,#809,.T.);
#807 = VERTEX_POINT('',#808);
#808 = CARTESIAN_POINT('',(23.,-15.9,21.));
#809 = SURFACE_CURVE('',#810,(#814,#821),.PCURVE_S1.);
#810 = LINE('',#811,#812);
#811 = CARTESIAN_POINT('',(23.,-15.9,21.));
#812 = VECTOR('',#813,1.);
#813 = DIRECTION('',(-1.,0.,0.));
#814 = PCURVE('',#376,#815);
#815 = DEFINITIONAL_REPRESENTATION('',(#816),#820);
#816 = LINE('',#817,#818);
#817 = CARTESIAN_POINT('',(-1.570796326795,7.02));
#818 = VECTOR('',#819,1.);
#819 = DIRECTION('',(-0.,-1.));
#820 = ( GEOMETRIC_REPRESENTATION_CONTEXT(2) 
PARAMETRIC_REPRESENTATION_CONTEXT() REPRESENTATION_CONTEXT('2D SPACE',''
  ) );
#821 = PCURVE('',#345,#822);
#822 = DEFINITIONAL_REPRESENTATION('',(#823),#827);
#823 = LINE('',#824,#825);
#824 = CARTESIAN_POINT('',(7.02,1.5));
#825 = VECTOR('',#826,1.);
#826 = DIRECTION('',(-1.,0.));
#827 = ( GEOMETRIC_REPRESENTATION_CONTEXT(2) 
PARAMETRIC_REPRESENTATION_CONTEXT() REPRESENTATION_CONTEXT('2D SPACE',''
  ) );
#828 = ORIENTED_EDGE('',*,*,#829,.F.);
#829 = EDGE_CURVE('',#704,#807,#830,.T.);
#830 = SURFACE_CURVE('',#831,(#836,#843),.PCURVE_S1.);
#831 = CIRCLE('',#832,1.5);
#832 = AXIS2_PLACEMENT_3D('',#833,#834,#835);
#833 = CARTESIAN_POINT('',(23.,-15.9,19.5));
#834 = DIRECTION('',(-1.,0.,-0.));
#835 = DIRECTION('',(-0.,0.,1.));
#836 = PCURVE('',#376,#837);
#837 = DEFINITIONAL_REPRESENTATION('',(#838),#842);
#838 = LINE('',#839,#840);
#839 = CARTESIAN_POINT('',(4.712388980385,7.02));
#840 = VECTOR('',#841,1.);
#841 = DIRECTION('',(-1.,0.));
#842 = ( GEOMETRIC_REPRESENTATION_CONTEXT(2) 
PARAMETRIC_REPRESENTATION_CONTEXT() REPRESENTATION_CONTEXT('2D SPACE',''
  ) );
#843 = PCURVE('',#740,#844);
#844 = DEFINITIONAL_REPRESENTATION('',(#845),#853);
#845 = ( BOUNDED_CURVE() B_SPLINE_CURVE(2,(#846,#847,#848,#849,#850,#851
,#852),.UNSPECIFIED.,.T.,.F.) B_SPLINE_CURVE_WITH_KNOTS((1,2,2,2,2,1),(
    -2.094395102393,0.,2.094395102393,4.188790204786,6.28318530718,
8.377580409573),.UNSPECIFIED.) CURVE() GEOMETRIC_REPRESENTATION_ITEM() 
RATIONAL_B_SPLINE_CURVE((1.,0.5,1.,0.5,1.,0.5,1.)) REPRESENTATION_ITEM(
  '') );
#846 = CARTESIAN_POINT('',(42.,-1.5));
#847 = CARTESIAN_POINT('',(42.,-4.098076211353));
#848 = CARTESIAN_POINT('',(39.75,-2.799038105677));
#849 = CARTESIAN_POINT('',(37.5,-1.5));
#850 = CARTESIAN_POINT('',(39.75,-0.200961894323));
#851 = CARTESIAN_POINT('',(42.,1.098076211353));
#852 = CARTESIAN_POINT('',(42.,-1.5));
#853 = ( GEOMETRIC_REPRESENTATION_CONTEXT(2) 
PARAMETRIC_REPRESENTATION_CONTEXT() REPRESENTATION_CONTEXT('2D SPACE',''
  ) );
#854 = ORIENTED_EDGE('',*,*,#703,.T.);
#855 = ADVANCED_FACE('',(#856),#227,.F.);
#856 = FACE_BOUND('',#857,.F.);
#857 = EDGE_LOOP('',(#858,#859,#860,#883));
#858 = ORIENTED_EDGE('',*,*,#211,.F.);
#859 = ORIENTED_EDGE('',*,*,#756,.T.);
#860 = ORIENTED_EDGE('',*,*,#861,.T.);
#861 = EDGE_CURVE('',#757,#862,#864,.T.);
#862 = VERTEX_POINT('',#863);
#863 = CARTESIAN_POINT('',(23.,23.1,-21.));
#864 = SURFACE_CURVE('',#865,(#869,#876),.PCURVE_S1.);
#865 = LINE('',#866,#867);
#866 = CARTESIAN_POINT('',(23.,-17.4,-21.));
#867 = VECTOR('',#868,1.);
#868 = DIRECTION('',(0.,1.,0.));
#869 = PCURVE('',#227,#870);
#870 = DEFINITIONAL_REPRESENTATION('',(#871),#875);
#871 = LINE('',#872,#873);
#872 = CARTESIAN_POINT('',(7.02,0.));
#873 = VECTOR('',#874,1.);
#874 = DIRECTION('',(0.,1.));
#875 = ( GEOMETRIC_REPRESENTATION_CONTEXT(2) 
PARAMETRIC_REPRESENTATION_CONTEXT() REPRESENTATION_CONTEXT('2D SPACE',''
  ) );
#876 = PCURVE('',#740,#877);
#877 = DEFINITIONAL_REPRESENTATION('',(#878),#882);
#878 = LINE('',#879,#880);
#879 = CARTESIAN_POINT('',(0.,0.));
#880 = VECTOR('',#881,1.);
#881 = DIRECTION('',(0.,-1.));
#882 = ( GEOMETRIC_REPRESENTATION_CONTEXT(2) 
PARAMETRIC_REPRESENTATION_CONTEXT() REPRESENTATION_CONTEXT('2D SPACE',''
  ) );
#883 = ORIENTED_EDGE('',*,*,#884,.F.);
#884 = EDGE_CURVE('',#212,#862,#885,.T.);
#885 = SURFACE_CURVE('',#886,(#890,#897),.PCURVE_S1.);
#886 = LINE('',#887,#888);
#887 = CARTESIAN_POINT('',(15.98,23.1,-21.));
#888 = VECTOR('',#889,1.);
#889 = DIRECTION('',(1.,0.,0.));
#890 = PCURVE('',#227,#891);
#891 = DEFINITIONAL_REPRESENTATION('',(#892),#896);
#892 = LINE('',#893,#894);
#893 = CARTESIAN_POINT('',(0.,40.5));
#894 = VECTOR('',#895,1.);
#895 = DIRECTION('',(1.,0.));
#896 = ( GEOMETRIC_REPRESENTATION_CONTEXT(2) 
PARAMETRIC_REPRESENTATION_CONTEXT() REPRESENTATION_CONTEXT('2D SPACE',''
  ) );
#897 = PCURVE('',#260,#898);
#898 = DEFINITIONAL_REPRESENTATION('',(#899),#903);
#899 = LINE('',#900,#901);
#900 = CARTESIAN_POINT('',(-1.570796326795,0.));
#901 = VECTOR('',#902,1.);
#902 = DIRECTION('',(-0.,1.));
#903 = ( GEOMETRIC_REPRESENTATION_CONTEXT(2) 
PARAMETRIC_REPRESENTATION_CONTEXT() REPRESENTATION_CONTEXT('2D SPACE',''
  ) );
#904 = ADVANCED_FACE('',(#905),#345,.T.);
#905 = FACE_BOUND('',#906,.T.);
#906 = EDGE_LOOP('',(#907,#908,#909,#932));
#907 = ORIENTED_EDGE('',*,*,#329,.F.);
#908 = ORIENTED_EDGE('',*,*,#806,.F.);
#909 = ORIENTED_EDGE('',*,*,#910,.T.);
#910 = EDGE_CURVE('',#807,#911,#913,.T.);
#911 = VERTEX_POINT('',#912);
#912 = CARTESIAN_POINT('',(23.,23.1,21.));
#913 = SURFACE_CURVE('',#914,(#918,#925),.PCURVE_S1.);
#914 = LINE('',#915,#916);
#915 = CARTESIAN_POINT('',(23.,-17.4,21.));
#916 = VECTOR('',#917,1.);
#917 = DIRECTION('',(0.,1.,0.));
#918 = PCURVE('',#345,#919);
#919 = DEFINITIONAL_REPRESENTATION('',(#920),#924);
#920 = LINE('',#921,#922);
#921 = CARTESIAN_POINT('',(7.02,0.));
#922 = VECTOR('',#923,1.);
#923 = DIRECTION('',(0.,1.));
#924 = ( GEOMETRIC_REPRESENTATION_CONTEXT(2) 
PARAMETRIC_REPRESENTATION_CONTEXT() REPRESENTATION_CONTEXT('2D SPACE',''
  ) );
#925 = PCURVE('',#740,#926);
#926 = DEFINITIONAL_REPRESENTATION('',(#927),#931);
#927 = LINE('',#928,#929);
#928 = CARTESIAN_POINT('',(42.,0.));
#929 = VECTOR('',#930,1.);
#930 = DIRECTION('',(0.,-1.));
#931 = ( GEOMETRIC_REPRESENTATION_CONTEXT(2) 
PARAMETRIC_REPRESENTATION_CONTEXT() REPRESENTATION_CONTEXT('2D SPACE',''
  ) );
#932 = ORIENTED_EDGE('',*,*,#933,.T.);
#933 = EDGE_CURVE('',#911,#301,#934,.T.);
#934 = SURFACE_CURVE('',#935,(#939,#946),.PCURVE_S1.);
#935 = LINE('',#936,#937);
#936 = CARTESIAN_POINT('',(23.,23.1,21.));
#937 = VECTOR('',#938,1.);
#938 = DIRECTION('',(-1.,0.,0.));
#939 = PCURVE('',#345,#940);
#940 = DEFINITIONAL_REPRESENTATION('',(#941),#945);
#941 = LINE('',#942,#943);
#942 = CARTESIAN_POINT('',(7.02,40.5));
#943 = VECTOR('',#944,1.);
#944 = DIRECTION('',(-1.,0.));
#945 = ( GEOMETRIC_REPRESENTATION_CONTEXT(2) 
PARAMETRIC_REPRESENTATION_CONTEXT() REPRESENTATION_CONTEXT('2D SPACE',''
  ) );
#946 = PCURVE('',#317,#947);
#947 = DEFINITIONAL_REPRESENTATION('',(#948),#952);
#948 = LINE('',#949,#950);
#949 = CARTESIAN_POINT('',(1.570796326795,7.02));
#950 = VECTOR('',#951,1.);
#951 = DIRECTION('',(-0.,-1.));
#952 = ( GEOMETRIC_REPRESENTATION_CONTEXT(2) 
PARAMETRIC_REPRESENTATION_CONTEXT() REPRESENTATION_CONTEXT('2D SPACE',''
  ) );
#953 = ADVANCED_FACE('',(#954),#260,.T.);
#954 = FACE_BOUND('',#955,.F.);
#955 = EDGE_LOOP('',(#956,#957,#958,#986));
#956 = ORIENTED_EDGE('',*,*,#239,.T.);
#957 = ORIENTED_EDGE('',*,*,#884,.T.);
#958 = ORIENTED_EDGE('',*,*,#959,.F.);
#959 = EDGE_CURVE('',#960,#862,#962,.T.);
#960 = VERTEX_POINT('',#961);
#961 = CARTESIAN_POINT('',(23.,24.6,-19.5));
#962 = SURFACE_CURVE('',#963,(#968,#975),.PCURVE_S1.);
#963 = CIRCLE('',#964,1.5);
#964 = AXIS2_PLACEMENT_3D('',#965,#966,#967);
#965 = CARTESIAN_POINT('',(23.,23.1,-19.5));
#966 = DIRECTION('',(-1.,0.,-0.));
#967 = DIRECTION('',(-0.,0.,1.));
#968 = PCURVE('',#260,#969);
#969 = DEFINITIONAL_REPRESENTATION('',(#970),#974);
#970 = LINE('',#971,#972);
#971 = CARTESIAN_POINT('',(1.570796326795,7.02));
#972 = VECTOR('',#973,1.);
#973 = DIRECTION('',(-1.,0.));
#974 = ( GEOMETRIC_REPRESENTATION_CONTEXT(2) 
PARAMETRIC_REPRESENTATION_CONTEXT() REPRESENTATION_CONTEXT('2D SPACE',''
  ) );
#975 = PCURVE('',#740,#976);
#976 = DEFINITIONAL_REPRESENTATION('',(#977),#985);
#977 = ( BOUNDED_CURVE() B_SPLINE_CURVE(2,(#978,#979,#980,#981,#982,#983
,#984),.UNSPECIFIED.,.T.,.F.) B_SPLINE_CURVE_WITH_KNOTS((1,2,2,2,2,1),(
    -2.094395102393,0.,2.094395102393,4.188790204786,6.28318530718,
8.377580409573),.UNSPECIFIED.) CURVE() GEOMETRIC_REPRESENTATION_ITEM() 
RATIONAL_B_SPLINE_CURVE((1.,0.5,1.,0.5,1.,0.5,1.)) REPRESENTATION_ITEM(
  '') );
#978 = CARTESIAN_POINT('',(3.,-40.5));
#979 = CARTESIAN_POINT('',(3.,-43.09807621135));
#980 = CARTESIAN_POINT('',(0.75,-41.79903810567));
#981 = CARTESIAN_POINT('',(-1.5,-40.5));
#982 = CARTESIAN_POINT('',(0.75,-39.20096189432));
#983 = CARTESIAN_POINT('',(3.,-37.90192378864));
#984 = CARTESIAN_POINT('',(3.,-40.5));
#985 = ( GEOMETRIC_REPRESENTATION_CONTEXT(2) 
PARAMETRIC_REPRESENTATION_CONTEXT() REPRESENTATION_CONTEXT('2D SPACE',''
  ) );
#986 = ORIENTED_EDGE('',*,*,#987,.F.);
#987 = EDGE_CURVE('',#240,#960,#988,.T.);
#988 = SURFACE_CURVE('',#989,(#993,#1000),.PCURVE_S1.);
#989 = LINE('',#990,#991);
#990 = CARTESIAN_POINT('',(15.98,24.6,-19.5));
#991 = VECTOR('',#992,1.);
#992 = DIRECTION('',(1.,0.,0.));
#993 = PCURVE('',#260,#994);
#994 = DEFINITIONAL_REPRESENTATION('',(#995),#999);
#995 = LINE('',#996,#997);
#996 = CARTESIAN_POINT('',(-0.,0.));
#997 = VECTOR('',#998,1.);
#998 = DIRECTION('',(-0.,1.));
#999 = ( GEOMETRIC_REPRESENTATION_CONTEXT(2) 
PARAMETRIC_REPRESENTATION_CONTEXT() REPRESENTATION_CONTEXT('2D SPACE',''
  ) );
#1000 = PCURVE('',#288,#1001);
#1001 = DEFINITIONAL_REPRESENTATION('',(#1002),#1006);
#1002 = LINE('',#1003,#1004);
#1003 = CARTESIAN_POINT('',(1.5,0.));
#1004 = VECTOR('',#1005,1.);
#1005 = DIRECTION('',(0.,1.));
#1006 = ( GEOMETRIC_REPRESENTATION_CONTEXT(2) 
PARAMETRIC_REPRESENTATION_CONTEXT() REPRESENTATION_CONTEXT('2D SPACE',''
  ) );
#1007 = ADVANCED_FACE('',(#1008),#317,.T.);
#1008 = FACE_BOUND('',#1009,.T.);
#1009 = EDGE_LOOP('',(#1010,#1011,#1012,#1036));
#1010 = ORIENTED_EDGE('',*,*,#300,.T.);
#1011 = ORIENTED_EDGE('',*,*,#933,.F.);
#1012 = ORIENTED_EDGE('',*,*,#1013,.F.);
#1013 = EDGE_CURVE('',#1014,#911,#1016,.T.);
#1014 = VERTEX_POINT('',#1015);
#1015 = CARTESIAN_POINT('',(23.,24.6,19.5));
#1016 = SURFACE_CURVE('',#1017,(#1022,#1029),.PCURVE_S1.);
#1017 = CIRCLE('',#1018,1.5);
#1018 = AXIS2_PLACEMENT_3D('',#1019,#1020,#1021);
#1019 = CARTESIAN_POINT('',(23.,23.1,19.5));
#1020 = DIRECTION('',(1.,0.,0.));
#1021 = DIRECTION('',(-0.,0.,1.));
#1022 = PCURVE('',#317,#1023);
#1023 = DEFINITIONAL_REPRESENTATION('',(#1024),#1028);
#1024 = LINE('',#1025,#1026);
#1025 = CARTESIAN_POINT('',(-4.712388980385,7.02));
#1026 = VECTOR('',#1027,1.);
#1027 = DIRECTION('',(1.,0.));
#1028 = ( GEOMETRIC_REPRESENTATION_CONTEXT(2) 
PARAMETRIC_REPRESENTATION_CONTEXT() REPRESENTATION_CONTEXT('2D SPACE',''
  ) );
#1029 = PCURVE('',#740,#1030);
#1030 = DEFINITIONAL_REPRESENTATION('',(#1031),#1035);
#1031 = CIRCLE('',#1032,1.5);
#1032 = AXIS2_PLACEMENT_2D('',#1033,#1034);
#1033 = CARTESIAN_POINT('',(40.5,-40.5));
#1034 = DIRECTION('',(1.,0.));
#1035 = ( GEOMETRIC_REPRESENTATION_CONTEXT(2) 
PARAMETRIC_REPRESENTATION_CONTEXT() REPRESENTATION_CONTEXT('2D SPACE',''
  ) );
#1036 = ORIENTED_EDGE('',*,*,#1037,.T.);
#1037 = EDGE_CURVE('',#1014,#273,#1038,.T.);
#1038 = SURFACE_CURVE('',#1039,(#1043,#1050),.PCURVE_S1.);
#1039 = LINE('',#1040,#1041);
#1040 = CARTESIAN_POINT('',(23.,24.6,19.5));
#1041 = VECTOR('',#1042,1.);
#1042 = DIRECTION('',(-1.,0.,0.));
#1043 = PCURVE('',#317,#1044);
#1044 = DEFINITIONAL_REPRESENTATION('',(#1045),#1049);
#1045 = LINE('',#1046,#1047);
#1046 = CARTESIAN_POINT('',(0.,7.02));
#1047 = VECTOR('',#1048,1.);
#1048 = DIRECTION('',(-0.,-1.));
#1049 = ( GEOMETRIC_REPRESENTATION_CONTEXT(2) 
PARAMETRIC_REPRESENTATION_CONTEXT() REPRESENTATION_CONTEXT('2D SPACE',''
  ) );
#1050 = PCURVE('',#288,#1051);
#1051 = DEFINITIONAL_REPRESENTATION('',(#1052),#1056);
#1052 = LINE('',#1053,#1054);
#1053 = CARTESIAN_POINT('',(40.5,7.02));
#1054 = VECTOR('',#1055,1.);
#1055 = DIRECTION('',(0.,-1.));
#1056 = ( GEOMETRIC_REPRESENTATION_CONTEXT(2) 
PARAMETRIC_REPRESENTATION_CONTEXT() REPRESENTATION_CONTEXT('2D SPACE',''
  ) );
#1057 = ADVANCED_FACE('',(#1058),#288,.T.);
#1058 = FACE_BOUND('',#1059,.T.);
#1059 = EDGE_LOOP('',(#1060,#1061,#1062,#1063));
#1060 = ORIENTED_EDGE('',*,*,#987,.F.);
#1061 = ORIENTED_EDGE('',*,*,#272,.T.);
#1062 = ORIENTED_EDGE('',*,*,#1037,.F.);
#1063 = ORIENTED_EDGE('',*,*,#1064,.F.);
#1064 = EDGE_CURVE('',#960,#1014,#1065,.T.);
#1065 = SURFACE_CURVE('',#1066,(#1070,#1077),.PCURVE_S1.);
#1066 = LINE('',#1067,#1068);
#1067 = CARTESIAN_POINT('',(23.,24.6,-21.));
#1068 = VECTOR('',#1069,1.);
#1069 = DIRECTION('',(0.,0.,1.));
#1070 = PCURVE('',#288,#1071);
#1071 = DEFINITIONAL_REPRESENTATION('',(#1072),#1076);
#1072 = LINE('',#1073,#1074);
#1073 = CARTESIAN_POINT('',(0.,7.02));
#1074 = VECTOR('',#1075,1.);
#1075 = DIRECTION('',(1.,0.));
#1076 = ( GEOMETRIC_REPRESENTATION_CONTEXT(2) 
PARAMETRIC_REPRESENTATION_CONTEXT() REPRESENTATION_CONTEXT('2D SPACE',''
  ) );
#1077 = PCURVE('',#740,#1078);
#1078 = DEFINITIONAL_REPRESENTATION('',(#1079),#1083);
#1079 = LINE('',#1080,#1081);
#1080 = CARTESIAN_POINT('',(0.,-42.));
#1081 = VECTOR('',#1082,1.);
#1082 = DIRECTION('',(1.,0.));
#1083 = ( GEOMETRIC_REPRESENTATION_CONTEXT(2) 
PARAMETRIC_REPRESENTATION_CONTEXT() REPRESENTATION_CONTEXT('2D SPACE',''
  ) );
#1084 = ADVANCED_FACE('',(#1085,#1221),#436,.F.);
#1085 = FACE_BOUND('',#1086,.F.);
#1086 = EDGE_LOOP('',(#1087,#1115,#1141,#1167,#1168,#1169,#1197));
#1087 = ORIENTED_EDGE('',*,*,#1088,.F.);
#1088 = EDGE_CURVE('',#1089,#1091,#1093,.T.);
#1089 = VERTEX_POINT('',#1090);
#1090 = CARTESIAN_POINT('',(15.98,6.39,-7.8));
#1091 = VERTEX_POINT('',#1092);
#1092 = CARTESIAN_POINT('',(15.98,-6.39,-7.8));
#1093 = SURFACE_CURVE('',#1094,(#1098,#1104),.PCURVE_S1.);
#1094 = LINE('',#1095,#1096);
#1095 = CARTESIAN_POINT('',(15.98,-11.895,-7.8));
#1096 = VECTOR('',#1097,1.);
#1097 = DIRECTION('',(0.,-1.,0.));
#1098 = PCURVE('',#436,#1099);
#1099 = DEFINITIONAL_REPRESENTATION('',(#1100),#1103);
#1100 = B_SPLINE_CURVE_WITH_KNOTS('',1,(#1101,#1102),.UNSPECIFIED.,.F.,
  .F.,(2,2),(-18.285,-5.505),.PIECEWISE_BEZIER_KNOTS.);
#1101 = CARTESIAN_POINT('',(13.2,-23.79));
#1102 = CARTESIAN_POINT('',(13.2,-11.01));
#1103 = ( GEOMETRIC_REPRESENTATION_CONTEXT(2) 
PARAMETRIC_REPRESENTATION_CONTEXT() REPRESENTATION_CONTEXT('2D SPACE',''
  ) );
#1104 = PCURVE('',#1105,#1110);
#1105 = PLANE('',#1106);
#1106 = AXIS2_PLACEMENT_3D('',#1107,#1108,#1109);
#1107 = CARTESIAN_POINT('',(15.78,-6.39,-7.8));
#1108 = DIRECTION('',(0.,0.,1.));
#1109 = DIRECTION('',(1.,0.,0.));
#1110 = DEFINITIONAL_REPRESENTATION('',(#1111),#1114);
#1111 = B_SPLINE_CURVE_WITH_KNOTS('',1,(#1112,#1113),.UNSPECIFIED.,.F.,
  .F.,(2,2),(-18.285,-5.505),.PIECEWISE_BEZIER_KNOTS.);
#1112 = CARTESIAN_POINT('',(0.2,12.78));
#1113 = CARTESIAN_POINT('',(0.2,0.));
#1114 = ( GEOMETRIC_REPRESENTATION_CONTEXT(2) 
PARAMETRIC_REPRESENTATION_CONTEXT() REPRESENTATION_CONTEXT('2D SPACE',''
  ) );
#1115 = ORIENTED_EDGE('',*,*,#1116,.F.);
#1116 = EDGE_CURVE('',#1117,#1089,#1119,.T.);
#1117 = VERTEX_POINT('',#1118);
#1118 = CARTESIAN_POINT('',(15.98,6.39,-7.800533428182));
#1119 = SURFACE_CURVE('',#1120,(#1124,#1130),.PCURVE_S1.);
#1120 = LINE('',#1121,#1122);
#1121 = CARTESIAN_POINT('',(15.98,6.39,-15.9));
#1122 = VECTOR('',#1123,1.);
#1123 = DIRECTION('',(0.,0.,1.));
#1124 = PCURVE('',#436,#1125);
#1125 = DEFINITIONAL_REPRESENTATION('',(#1126),#1129);
#1126 = B_SPLINE_CURVE_WITH_KNOTS('',1,(#1127,#1128),.UNSPECIFIED.,.F.,
  .F.,(2,2),(8.099466571818,8.1),.PIECEWISE_BEZIER_KNOTS.);
#1127 = CARTESIAN_POINT('',(13.199466571818,-23.79));
#1128 = CARTESIAN_POINT('',(13.2,-23.79));
#1129 = ( GEOMETRIC_REPRESENTATION_CONTEXT(2) 
PARAMETRIC_REPRESENTATION_CONTEXT() REPRESENTATION_CONTEXT('2D SPACE',''
  ) );
#1130 = PCURVE('',#1131,#1136);
#1131 = PLANE('',#1132);
#1132 = AXIS2_PLACEMENT_3D('',#1133,#1134,#1135);
#1133 = CARTESIAN_POINT('',(15.78,6.39,-10.8));
#1134 = DIRECTION('',(0.,1.,0.));
#1135 = DIRECTION('',(0.,0.,1.));
#1136 = DEFINITIONAL_REPRESENTATION('',(#1137),#1140);
#1137 = B_SPLINE_CURVE_WITH_KNOTS('',1,(#1138,#1139),.UNSPECIFIED.,.F.,
  .F.,(2,2),(8.099466571818,8.1),.PIECEWISE_BEZIER_KNOTS.);
#1138 = CARTESIAN_POINT('',(2.999466571818,0.2));
#1139 = CARTESIAN_POINT('',(3.,0.2));
#1140 = ( GEOMETRIC_REPRESENTATION_CONTEXT(2) 
PARAMETRIC_REPRESENTATION_CONTEXT() REPRESENTATION_CONTEXT('2D SPACE',''
  ) );
#1141 = ORIENTED_EDGE('',*,*,#1142,.T.);
#1142 = EDGE_CURVE('',#1117,#625,#1143,.T.);
#1143 = SURFACE_CURVE('',#1144,(#1149,#1160),.PCURVE_S1.);
#1144 = CIRCLE('',#1145,1.5);
#1145 = AXIS2_PLACEMENT_3D('',#1146,#1147,#1148);
#1146 = CARTESIAN_POINT('',(15.98,6.35,-9.3));
#1147 = DIRECTION('',(-1.,0.,0.));
#1148 = DIRECTION('',(0.,1.,0.));
#1149 = PCURVE('',#436,#1150);
#1150 = DEFINITIONAL_REPRESENTATION('',(#1151),#1159);
#1151 = ( BOUNDED_CURVE() B_SPLINE_CURVE(2,(#1152,#1153,#1154,#1155,
#1156,#1157,#1158),.UNSPECIFIED.,.T.,.F.) B_SPLINE_CURVE_WITH_KNOTS((1,2
    ,2,2,2,1),(-2.094395102393,0.,2.094395102393,4.188790204786,
6.28318530718,8.377580409573),.UNSPECIFIED.) CURVE() 
GEOMETRIC_REPRESENTATION_ITEM() RATIONAL_B_SPLINE_CURVE((1.,0.5,1.,0.5,
1.,0.5,1.)) REPRESENTATION_ITEM('') );
#1152 = CARTESIAN_POINT('',(11.7,-25.25));
#1153 = CARTESIAN_POINT('',(9.101923788647,-25.25));
#1154 = CARTESIAN_POINT('',(10.400961894323,-23.));
#1155 = CARTESIAN_POINT('',(11.7,-20.75));
#1156 = CARTESIAN_POINT('',(12.999038105677,-23.));
#1157 = CARTESIAN_POINT('',(14.298076211353,-25.25));
#1158 = CARTESIAN_POINT('',(11.7,-25.25));
#1159 = ( GEOMETRIC_REPRESENTATION_CONTEXT(2) 
PARAMETRIC_REPRESENTATION_CONTEXT() REPRESENTATION_CONTEXT('2D SPACE',''
  ) );
#1160 = PCURVE('',#639,#1161);
#1161 = DEFINITIONAL_REPRESENTATION('',(#1162),#1166);
#1162 = LINE('',#1163,#1164);
#1163 = CARTESIAN_POINT('',(-12.56637061435,-0.2));
#1164 = VECTOR('',#1165,1.);
#1165 = DIRECTION('',(1.,-0.));
#1166 = ( GEOMETRIC_REPRESENTATION_CONTEXT(2) 
PARAMETRIC_REPRESENTATION_CONTEXT() REPRESENTATION_CONTEXT('2D SPACE',''
  ) );
#1167 = ORIENTED_EDGE('',*,*,#650,.F.);
#1168 = ORIENTED_EDGE('',*,*,#419,.F.);
#1169 = ORIENTED_EDGE('',*,*,#1170,.T.);
#1170 = EDGE_CURVE('',#420,#1171,#1173,.T.);
#1171 = VERTEX_POINT('',#1172);
#1172 = CARTESIAN_POINT('',(15.98,-6.39,-7.800533428182));
#1173 = SURFACE_CURVE('',#1174,(#1179,#1190),.PCURVE_S1.);
#1174 = CIRCLE('',#1175,1.5);
#1175 = AXIS2_PLACEMENT_3D('',#1176,#1177,#1178);
#1176 = CARTESIAN_POINT('',(15.98,-6.35,-9.3));
#1177 = DIRECTION('',(-1.,0.,0.));
#1178 = DIRECTION('',(0.,1.,0.));
#1179 = PCURVE('',#436,#1180);
#1180 = DEFINITIONAL_REPRESENTATION('',(#1181),#1189);
#1181 = ( BOUNDED_CURVE() B_SPLINE_CURVE(2,(#1182,#1183,#1184,#1185,
#1186,#1187,#1188),.UNSPECIFIED.,.T.,.F.) B_SPLINE_CURVE_WITH_KNOTS((1,2
    ,2,2,2,1),(-2.094395102393,0.,2.094395102393,4.188790204786,
6.28318530718,8.377580409573),.UNSPECIFIED.) CURVE() 
GEOMETRIC_REPRESENTATION_ITEM() RATIONAL_B_SPLINE_CURVE((1.,0.5,1.,0.5,
1.,0.5,1.)) REPRESENTATION_ITEM('') );
#1182 = CARTESIAN_POINT('',(11.7,-12.55));
#1183 = CARTESIAN_POINT('',(9.101923788647,-12.55));
#1184 = CARTESIAN_POINT('',(10.400961894323,-10.3));
#1185 = CARTESIAN_POINT('',(11.7,-8.05));
#1186 = CARTESIAN_POINT('',(12.999038105677,-10.3));
#1187 = CARTESIAN_POINT('',(14.298076211353,-12.55));
#1188 = CARTESIAN_POINT('',(11.7,-12.55));
#1189 = ( GEOMETRIC_REPRESENTATION_CONTEXT(2) 
PARAMETRIC_REPRESENTATION_CONTEXT() REPRESENTATION_CONTEXT('2D SPACE',''
  ) );
#1190 = PCURVE('',#467,#1191);
#1191 = DEFINITIONAL_REPRESENTATION('',(#1192),#1196);
#1192 = LINE('',#1193,#1194);
#1193 = CARTESIAN_POINT('',(-6.28318530718,-0.2));
#1194 = VECTOR('',#1195,1.);
#1195 = DIRECTION('',(1.,-0.));
#1196 = ( GEOMETRIC_REPRESENTATION_CONTEXT(2) 
PARAMETRIC_REPRESENTATION_CONTEXT() REPRESENTATION_CONTEXT('2D SPACE',''
  ) );
#1197 = ORIENTED_EDGE('',*,*,#1198,.T.);
#1198 = EDGE_CURVE('',#1171,#1091,#1199,.T.);
#1199 = SURFACE_CURVE('',#1200,(#1204,#1210),.PCURVE_S1.);
#1200 = LINE('',#1201,#1202);
#1201 = CARTESIAN_POINT('',(15.98,-6.39,-15.9));
#1202 = VECTOR('',#1203,1.);
#1203 = DIRECTION('',(0.,0.,1.));
#1204 = PCURVE('',#436,#1205);
#1205 = DEFINITIONAL_REPRESENTATION('',(#1206),#1209);
#1206 = B_SPLINE_CURVE_WITH_KNOTS('',1,(#1207,#1208),.UNSPECIFIED.,.F.,
  .F.,(2,2),(8.099466571818,8.1),.PIECEWISE_BEZIER_KNOTS.);
#1207 = CARTESIAN_POINT('',(13.199466571818,-11.01));
#1208 = CARTESIAN_POINT('',(13.2,-11.01));
#1209 = ( GEOMETRIC_REPRESENTATION_CONTEXT(2) 
PARAMETRIC_REPRESENTATION_CONTEXT() REPRESENTATION_CONTEXT('2D SPACE',''
  ) );
#1210 = PCURVE('',#1211,#1216);
#1211 = PLANE('',#1212);
#1212 = AXIS2_PLACEMENT_3D('',#1213,#1214,#1215);
#1213 = CARTESIAN_POINT('',(15.78,-6.39,-10.8));
#1214 = DIRECTION('',(0.,1.,0.));
#1215 = DIRECTION('',(0.,0.,1.));
#1216 = DEFINITIONAL_REPRESENTATION('',(#1217),#1220);
#1217 = B_SPLINE_CURVE_WITH_KNOTS('',1,(#1218,#1219),.UNSPECIFIED.,.F.,
  .F.,(2,2),(8.099466571818,8.1),.PIECEWISE_BEZIER_KNOTS.);
#1218 = CARTESIAN_POINT('',(2.999466571818,0.2));
#1219 = CARTESIAN_POINT('',(3.,0.2));
#1220 = ( GEOMETRIC_REPRESENTATION_CONTEXT(2) 
PARAMETRIC_REPRESENTATION_CONTEXT() REPRESENTATION_CONTEXT('2D SPACE',''
  ) );
#1221 = FACE_BOUND('',#1222,.F.);
#1222 = EDGE_LOOP('',(#1223,#1254,#1280,#1309,#1335,#1364,#1390,#1419));
#1223 = ORIENTED_EDGE('',*,*,#1224,.F.);
#1224 = EDGE_CURVE('',#1225,#1227,#1229,.T.);
#1225 = VERTEX_POINT('',#1226);
#1226 = CARTESIAN_POINT('',(15.98,-10.45,-5.2));
#1227 = VERTEX_POINT('',#1228);
#1228 = CARTESIAN_POINT('',(15.98,-8.95,-6.7));
#1229 = SURFACE_CURVE('',#1230,(#1235,#1242),.PCURVE_S1.);
#1230 = CIRCLE('',#1231,1.5);
#1231 = AXIS2_PLACEMENT_3D('',#1232,#1233,#1234);
#1232 = CARTESIAN_POINT('',(15.98,-8.95,-5.2));
#1233 = DIRECTION('',(1.,0.,0.));
#1234 = DIRECTION('',(0.,-1.,0.));
#1235 = PCURVE('',#436,#1236);
#1236 = DEFINITIONAL_REPRESENTATION('',(#1237),#1241);
#1237 = CIRCLE('',#1238,1.5);
#1238 = AXIS2_PLACEMENT_2D('',#1239,#1240);
#1239 = CARTESIAN_POINT('',(15.8,-8.45));
#1240 = DIRECTION('',(0.,1.));
#1241 = ( GEOMETRIC_REPRESENTATION_CONTEXT(2) 
PARAMETRIC_REPRESENTATION_CONTEXT() REPRESENTATION_CONTEXT('2D SPACE',''
  ) );
#1242 = PCURVE('',#1243,#1248);
#1243 = CYLINDRICAL_SURFACE('',#1244,1.5);
#1244 = AXIS2_PLACEMENT_3D('',#1245,#1246,#1247);
#1245 = CARTESIAN_POINT('',(15.78,-8.95,-5.2));
#1246 = DIRECTION('',(1.,0.,0.));
#1247 = DIRECTION('',(0.,-1.,0.));
#1248 = DEFINITIONAL_REPRESENTATION('',(#1249),#1253);
#1249 = LINE('',#1250,#1251);
#1250 = CARTESIAN_POINT('',(0.,0.2));
#1251 = VECTOR('',#1252,1.);
#1252 = DIRECTION('',(1.,0.));
#1253 = ( GEOMETRIC_REPRESENTATION_CONTEXT(2) 
PARAMETRIC_REPRESENTATION_CONTEXT() REPRESENTATION_CONTEXT('2D SPACE',''
  ) );
#1254 = ORIENTED_EDGE('',*,*,#1255,.T.);
#1255 = EDGE_CURVE('',#1225,#1256,#1258,.T.);
#1256 = VERTEX_POINT('',#1257);
#1257 = CARTESIAN_POINT('',(15.98,-10.45,5.2));
#1258 = SURFACE_CURVE('',#1259,(#1263,#1269),.PCURVE_S1.);
#1259 = LINE('',#1260,#1261);
#1260 = CARTESIAN_POINT('',(15.98,-10.45,-13.85));
#1261 = VECTOR('',#1262,1.);
#1262 = DIRECTION('',(0.,0.,1.));
#1263 = PCURVE('',#436,#1264);
#1264 = DEFINITIONAL_REPRESENTATION('',(#1265),#1268);
#1265 = B_SPLINE_CURVE_WITH_KNOTS('',1,(#1266,#1267),.UNSPECIFIED.,.F.,
  .F.,(2,2),(8.65,19.05),.PIECEWISE_BEZIER_KNOTS.);
#1266 = CARTESIAN_POINT('',(15.8,-6.95));
#1267 = CARTESIAN_POINT('',(26.2,-6.95));
#1268 = ( GEOMETRIC_REPRESENTATION_CONTEXT(2) 
PARAMETRIC_REPRESENTATION_CONTEXT() REPRESENTATION_CONTEXT('2D SPACE',''
  ) );
#1269 = PCURVE('',#1270,#1275);
#1270 = PLANE('',#1271);
#1271 = AXIS2_PLACEMENT_3D('',#1272,#1273,#1274);
#1272 = CARTESIAN_POINT('',(15.78,-10.45,-6.7));
#1273 = DIRECTION('',(0.,1.,0.));
#1274 = DIRECTION('',(0.,0.,1.));
#1275 = DEFINITIONAL_REPRESENTATION('',(#1276),#1279);
#1276 = B_SPLINE_CURVE_WITH_KNOTS('',1,(#1277,#1278),.UNSPECIFIED.,.F.,
  .F.,(2,2),(8.65,19.05),.PIECEWISE_BEZIER_KNOTS.);
#1277 = CARTESIAN_POINT('',(1.5,0.2));
#1278 = CARTESIAN_POINT('',(11.9,0.2));
#1279 = ( GEOMETRIC_REPRESENTATION_CONTEXT(2) 
PARAMETRIC_REPRESENTATION_CONTEXT() REPRESENTATION_CONTEXT('2D SPACE',''
  ) );
#1280 = ORIENTED_EDGE('',*,*,#1281,.F.);
#1281 = EDGE_CURVE('',#1282,#1256,#1284,.T.);
#1282 = VERTEX_POINT('',#1283);
#1283 = CARTESIAN_POINT('',(15.98,-8.95,6.7));
#1284 = SURFACE_CURVE('',#1285,(#1290,#1297),.PCURVE_S1.);
#1285 = CIRCLE('',#1286,1.5);
#1286 = AXIS2_PLACEMENT_3D('',#1287,#1288,#1289);
#1287 = CARTESIAN_POINT('',(15.98,-8.95,5.2));
#1288 = DIRECTION('',(1.,0.,0.));
#1289 = DIRECTION('',(0.,-1.,0.));
#1290 = PCURVE('',#436,#1291);
#1291 = DEFINITIONAL_REPRESENTATION('',(#1292),#1296);
#1292 = CIRCLE('',#1293,1.5);
#1293 = AXIS2_PLACEMENT_2D('',#1294,#1295);
#1294 = CARTESIAN_POINT('',(26.2,-8.45));
#1295 = DIRECTION('',(0.,1.));
#1296 = ( GEOMETRIC_REPRESENTATION_CONTEXT(2) 
PARAMETRIC_REPRESENTATION_CONTEXT() REPRESENTATION_CONTEXT('2D SPACE',''
  ) );
#1297 = PCURVE('',#1298,#1303);
#1298 = CYLINDRICAL_SURFACE('',#1299,1.5);
#1299 = AXIS2_PLACEMENT_3D('',#1300,#1301,#1302);
#1300 = CARTESIAN_POINT('',(15.78,-8.95,5.2));
#1301 = DIRECTION('',(1.,0.,0.));
#1302 = DIRECTION('',(0.,-1.,0.));
#1303 = DEFINITIONAL_REPRESENTATION('',(#1304),#1308);
#1304 = LINE('',#1305,#1306);
#1305 = CARTESIAN_POINT('',(-6.28318530718,0.2));
#1306 = VECTOR('',#1307,1.);
#1307 = DIRECTION('',(1.,-0.));
#1308 = ( GEOMETRIC_REPRESENTATION_CONTEXT(2) 
PARAMETRIC_REPRESENTATION_CONTEXT() REPRESENTATION_CONTEXT('2D SPACE',''
  ) );
#1309 = ORIENTED_EDGE('',*,*,#1310,.F.);
#1310 = EDGE_CURVE('',#1311,#1282,#1313,.T.);
#1311 = VERTEX_POINT('',#1312);
#1312 = CARTESIAN_POINT('',(15.98,8.95,6.7));
#1313 = SURFACE_CURVE('',#1314,(#1318,#1324),.PCURVE_S1.);
#1314 = LINE('',#1315,#1316);
#1315 = CARTESIAN_POINT('',(15.98,-13.925,6.7));
#1316 = VECTOR('',#1317,1.);
#1317 = DIRECTION('',(0.,-1.,0.));
#1318 = PCURVE('',#436,#1319);
#1319 = DEFINITIONAL_REPRESENTATION('',(#1320),#1323);
#1320 = B_SPLINE_CURVE_WITH_KNOTS('',1,(#1321,#1322),.UNSPECIFIED.,.F.,
  .F.,(2,2),(-22.875,-4.975),.PIECEWISE_BEZIER_KNOTS.);
#1321 = CARTESIAN_POINT('',(27.7,-26.35));
#1322 = CARTESIAN_POINT('',(27.7,-8.45));
#1323 = ( GEOMETRIC_REPRESENTATION_CONTEXT(2) 
PARAMETRIC_REPRESENTATION_CONTEXT() REPRESENTATION_CONTEXT('2D SPACE',''
  ) );
#1324 = PCURVE('',#1325,#1330);
#1325 = PLANE('',#1326);
#1326 = AXIS2_PLACEMENT_3D('',#1327,#1328,#1329);
#1327 = CARTESIAN_POINT('',(15.78,-10.45,6.7));
#1328 = DIRECTION('',(0.,0.,1.));
#1329 = DIRECTION('',(1.,0.,0.));
#1330 = DEFINITIONAL_REPRESENTATION('',(#1331),#1334);
#1331 = B_SPLINE_CURVE_WITH_KNOTS('',1,(#1332,#1333),.UNSPECIFIED.,.F.,
  .F.,(2,2),(-22.875,-4.975),.PIECEWISE_BEZIER_KNOTS.);
#1332 = CARTESIAN_POINT('',(0.2,19.4));
#1333 = CARTESIAN_POINT('',(0.2,1.5));
#1334 = ( GEOMETRIC_REPRESENTATION_CONTEXT(2) 
PARAMETRIC_REPRESENTATION_CONTEXT() REPRESENTATION_CONTEXT('2D SPACE',''
  ) );
#1335 = ORIENTED_EDGE('',*,*,#1336,.F.);
#1336 = EDGE_CURVE('',#1337,#1311,#1339,.T.);
#1337 = VERTEX_POINT('',#1338);
#1338 = CARTESIAN_POINT('',(15.98,10.45,5.2));
#1339 = SURFACE_CURVE('',#1340,(#1345,#1352),.PCURVE_S1.);
#1340 = CIRCLE('',#1341,1.5);
#1341 = AXIS2_PLACEMENT_3D('',#1342,#1343,#1344);
#1342 = CARTESIAN_POINT('',(15.98,8.95,5.2));
#1343 = DIRECTION('',(1.,0.,0.));
#1344 = DIRECTION('',(-0.,1.,0.));
#1345 = PCURVE('',#436,#1346);
#1346 = DEFINITIONAL_REPRESENTATION('',(#1347),#1351);
#1347 = CIRCLE('',#1348,1.5);
#1348 = AXIS2_PLACEMENT_2D('',#1349,#1350);
#1349 = CARTESIAN_POINT('',(26.2,-26.35));
#1350 = DIRECTION('',(0.,-1.));
#1351 = ( GEOMETRIC_REPRESENTATION_CONTEXT(2) 
PARAMETRIC_REPRESENTATION_CONTEXT() REPRESENTATION_CONTEXT('2D SPACE',''
  ) );
#1352 = PCURVE('',#1353,#1358);
#1353 = CYLINDRICAL_SURFACE('',#1354,1.5);
#1354 = AXIS2_PLACEMENT_3D('',#1355,#1356,#1357);
#1355 = CARTESIAN_POINT('',(15.78,8.95,5.2));
#1356 = DIRECTION('',(1.,0.,0.));
#1357 = DIRECTION('',(-0.,1.,0.));
#1358 = DEFINITIONAL_REPRESENTATION('',(#1359),#1363);
#1359 = LINE('',#1360,#1361);
#1360 = CARTESIAN_POINT('',(0.,0.2));
#1361 = VECTOR('',#1362,1.);
#1362 = DIRECTION('',(1.,0.));
#1363 = ( GEOMETRIC_REPRESENTATION_CONTEXT(2) 
PARAMETRIC_REPRESENTATION_CONTEXT() REPRESENTATION_CONTEXT('2D SPACE',''
  ) );
#1364 = ORIENTED_EDGE('',*,*,#1365,.F.);
#1365 = EDGE_CURVE('',#1366,#1337,#1368,.T.);
#1366 = VERTEX_POINT('',#1367);
#1367 = CARTESIAN_POINT('',(15.98,10.45,-5.2));
#1368 = SURFACE_CURVE('',#1369,(#1373,#1379),.PCURVE_S1.);
#1369 = LINE('',#1370,#1371);
#1370 = CARTESIAN_POINT('',(15.98,10.45,-13.85));
#1371 = VECTOR('',#1372,1.);
#1372 = DIRECTION('',(0.,0.,1.));
#1373 = PCURVE('',#436,#1374);
#1374 = DEFINITIONAL_REPRESENTATION('',(#1375),#1378);
#1375 = B_SPLINE_CURVE_WITH_KNOTS('',1,(#1376,#1377),.UNSPECIFIED.,.F.,
  .F.,(2,2),(8.65,19.05),.PIECEWISE_BEZIER_KNOTS.);
#1376 = CARTESIAN_POINT('',(15.8,-27.85));
#1377 = CARTESIAN_POINT('',(26.2,-27.85));
#1378 = ( GEOMETRIC_REPRESENTATION_CONTEXT(2) 
PARAMETRIC_REPRESENTATION_CONTEXT() REPRESENTATION_CONTEXT('2D SPACE',''
  ) );
#1379 = PCURVE('',#1380,#1385);
#1380 = PLANE('',#1381);
#1381 = AXIS2_PLACEMENT_3D('',#1382,#1383,#1384);
#1382 = CARTESIAN_POINT('',(15.78,10.45,-6.7));
#1383 = DIRECTION('',(0.,1.,0.));
#1384 = DIRECTION('',(0.,0.,1.));
#1385 = DEFINITIONAL_REPRESENTATION('',(#1386),#1389);
#1386 = B_SPLINE_CURVE_WITH_KNOTS('',1,(#1387,#1388),.UNSPECIFIED.,.F.,
  .F.,(2,2),(8.65,19.05),.PIECEWISE_BEZIER_KNOTS.);
#1387 = CARTESIAN_POINT('',(1.5,0.2));
#1388 = CARTESIAN_POINT('',(11.9,0.2));
#1389 = ( GEOMETRIC_REPRESENTATION_CONTEXT(2) 
PARAMETRIC_REPRESENTATION_CONTEXT() REPRESENTATION_CONTEXT('2D SPACE',''
  ) );
#1390 = ORIENTED_EDGE('',*,*,#1391,.F.);
#1391 = EDGE_CURVE('',#1392,#1366,#1394,.T.);
#1392 = VERTEX_POINT('',#1393);
#1393 = CARTESIAN_POINT('',(15.98,8.95,-6.7));
#1394 = SURFACE_CURVE('',#1395,(#1400,#1407),.PCURVE_S1.);
#1395 = CIRCLE('',#1396,1.5);
#1396 = AXIS2_PLACEMENT_3D('',#1397,#1398,#1399);
#1397 = CARTESIAN_POINT('',(15.98,8.95,-5.2));
#1398 = DIRECTION('',(1.,0.,0.));
#1399 = DIRECTION('',(-0.,1.,0.));
#1400 = PCURVE('',#436,#1401);
#1401 = DEFINITIONAL_REPRESENTATION('',(#1402),#1406);
#1402 = CIRCLE('',#1403,1.5);
#1403 = AXIS2_PLACEMENT_2D('',#1404,#1405);
#1404 = CARTESIAN_POINT('',(15.8,-26.35));
#1405 = DIRECTION('',(0.,-1.));
#1406 = ( GEOMETRIC_REPRESENTATION_CONTEXT(2) 
PARAMETRIC_REPRESENTATION_CONTEXT() REPRESENTATION_CONTEXT('2D SPACE',''
  ) );
#1407 = PCURVE('',#1408,#1413);
#1408 = CYLINDRICAL_SURFACE('',#1409,1.5);
#1409 = AXIS2_PLACEMENT_3D('',#1410,#1411,#1412);
#1410 = CARTESIAN_POINT('',(15.78,8.95,-5.2));
#1411 = DIRECTION('',(1.,0.,0.));
#1412 = DIRECTION('',(-0.,1.,0.));
#1413 = DEFINITIONAL_REPRESENTATION('',(#1414),#1418);
#1414 = LINE('',#1415,#1416);
#1415 = CARTESIAN_POINT('',(-6.28318530718,0.2));
#1416 = VECTOR('',#1417,1.);
#1417 = DIRECTION('',(1.,-0.));
#1418 = ( GEOMETRIC_REPRESENTATION_CONTEXT(2) 
PARAMETRIC_REPRESENTATION_CONTEXT() REPRESENTATION_CONTEXT('2D SPACE',''
  ) );
#1419 = ORIENTED_EDGE('',*,*,#1420,.T.);
#1420 = EDGE_CURVE('',#1392,#1227,#1421,.T.);
#1421 = SURFACE_CURVE('',#1422,(#1426,#1432),.PCURVE_S1.);
#1422 = LINE('',#1423,#1424);
#1423 = CARTESIAN_POINT('',(15.98,-13.925,-6.7));
#1424 = VECTOR('',#1425,1.);
#1425 = DIRECTION('',(0.,-1.,0.));
#1426 = PCURVE('',#436,#1427);
#1427 = DEFINITIONAL_REPRESENTATION('',(#1428),#1431);
#1428 = B_SPLINE_CURVE_WITH_KNOTS('',1,(#1429,#1430),.UNSPECIFIED.,.F.,
  .F.,(2,2),(-22.875,-4.975),.PIECEWISE_BEZIER_KNOTS.);
#1429 = CARTESIAN_POINT('',(14.3,-26.35));
#1430 = CARTESIAN_POINT('',(14.3,-8.45));
#1431 = ( GEOMETRIC_REPRESENTATION_CONTEXT(2) 
PARAMETRIC_REPRESENTATION_CONTEXT() REPRESENTATION_CONTEXT('2D SPACE',''
  ) );
#1432 = PCURVE('',#1433,#1438);
#1433 = PLANE('',#1434);
#1434 = AXIS2_PLACEMENT_3D('',#1435,#1436,#1437);
#1435 = CARTESIAN_POINT('',(15.78,-10.45,-6.7));
#1436 = DIRECTION('',(0.,0.,1.));
#1437 = DIRECTION('',(1.,0.,0.));
#1438 = DEFINITIONAL_REPRESENTATION('',(#1439),#1442);
#1439 = B_SPLINE_CURVE_WITH_KNOTS('',1,(#1440,#1441),.UNSPECIFIED.,.F.,
  .F.,(2,2),(-22.875,-4.975),.PIECEWISE_BEZIER_KNOTS.);
#1440 = CARTESIAN_POINT('',(0.2,19.4));
#1441 = CARTESIAN_POINT('',(0.2,1.5));
#1442 = ( GEOMETRIC_REPRESENTATION_CONTEXT(2) 
PARAMETRIC_REPRESENTATION_CONTEXT() REPRESENTATION_CONTEXT('2D SPACE',''
  ) );
#1443 = ADVANCED_FACE('',(#1444),#639,.F.);
#1444 = FACE_BOUND('',#1445,.T.);
#1445 = EDGE_LOOP('',(#1446,#1481,#1500,#1501,#1502,#1530));
#1446 = ORIENTED_EDGE('',*,*,#1447,.F.);
#1447 = EDGE_CURVE('',#1448,#1450,#1452,.T.);
#1448 = VERTEX_POINT('',#1449);
#1449 = CARTESIAN_POINT('',(21.,6.39,-7.800533428182));
#1450 = VERTEX_POINT('',#1451);
#1451 = CARTESIAN_POINT('',(21.,6.39,-10.79946657181));
#1452 = SURFACE_CURVE('',#1453,(#1458,#1465),.PCURVE_S1.);
#1453 = CIRCLE('',#1454,1.5);
#1454 = AXIS2_PLACEMENT_3D('',#1455,#1456,#1457);
#1455 = CARTESIAN_POINT('',(21.,6.35,-9.3));
#1456 = DIRECTION('',(-1.,0.,0.));
#1457 = DIRECTION('',(0.,1.,0.));
#1458 = PCURVE('',#639,#1459);
#1459 = DEFINITIONAL_REPRESENTATION('',(#1460),#1464);
#1460 = LINE('',#1461,#1462);
#1461 = CARTESIAN_POINT('',(-12.56637061435,-5.22));
#1462 = VECTOR('',#1463,1.);
#1463 = DIRECTION('',(1.,-0.));
#1464 = ( GEOMETRIC_REPRESENTATION_CONTEXT(2) 
PARAMETRIC_REPRESENTATION_CONTEXT() REPRESENTATION_CONTEXT('2D SPACE',''
  ) );
#1465 = PCURVE('',#1466,#1471);
#1466 = PLANE('',#1467);
#1467 = AXIS2_PLACEMENT_3D('',#1468,#1469,#1470);
#1468 = CARTESIAN_POINT('',(21.,-17.4,-21.));
#1469 = DIRECTION('',(1.,0.,0.));
#1470 = DIRECTION('',(0.,0.,1.));
#1471 = DEFINITIONAL_REPRESENTATION('',(#1472),#1480);
#1472 = ( BOUNDED_CURVE() B_SPLINE_CURVE(2,(#1473,#1474,#1475,#1476,
#1477,#1478,#1479),.UNSPECIFIED.,.T.,.F.) B_SPLINE_CURVE_WITH_KNOTS((1,2
    ,2,2,2,1),(-2.094395102393,0.,2.094395102393,4.188790204786,
6.28318530718,8.377580409573),.UNSPECIFIED.) CURVE() 
GEOMETRIC_REPRESENTATION_ITEM() RATIONAL_B_SPLINE_CURVE((1.,0.5,1.,0.5,
1.,0.5,1.)) REPRESENTATION_ITEM('') );
#1473 = CARTESIAN_POINT('',(11.7,-25.25));
#1474 = CARTESIAN_POINT('',(9.101923788647,-25.25));
#1475 = CARTESIAN_POINT('',(10.400961894323,-23.));
#1476 = CARTESIAN_POINT('',(11.7,-20.75));
#1477 = CARTESIAN_POINT('',(12.999038105677,-23.));
#1478 = CARTESIAN_POINT('',(14.298076211353,-25.25));
#1479 = CARTESIAN_POINT('',(11.7,-25.25));
#1480 = ( GEOMETRIC_REPRESENTATION_CONTEXT(2) 
PARAMETRIC_REPRESENTATION_CONTEXT() REPRESENTATION_CONTEXT('2D SPACE',''
  ) );
#1481 = ORIENTED_EDGE('',*,*,#1482,.T.);
#1482 = EDGE_CURVE('',#1448,#1117,#1483,.T.);
#1483 = SURFACE_CURVE('',#1484,(#1488,#1494),.PCURVE_S1.);
#1484 = LINE('',#1485,#1486);
#1485 = CARTESIAN_POINT('',(15.78,6.39,-7.800533428182));
#1486 = VECTOR('',#1487,1.);
#1487 = DIRECTION('',(-1.,-0.,-0.));
#1488 = PCURVE('',#639,#1489);
#1489 = DEFINITIONAL_REPRESENTATION('',(#1490),#1493);
#1490 = B_SPLINE_CURVE_WITH_KNOTS('',1,(#1491,#1492),.UNSPECIFIED.,.F.,
  .F.,(2,2),(-5.4200006,5.999999999062E-07),.PIECEWISE_BEZIER_KNOTS.);
#1491 = CARTESIAN_POINT('',(-7.827311805802,-5.4200006));
#1492 = CARTESIAN_POINT('',(-7.827311805802,5.999999999062E-07));
#1493 = ( GEOMETRIC_REPRESENTATION_CONTEXT(2) 
PARAMETRIC_REPRESENTATION_CONTEXT() REPRESENTATION_CONTEXT('2D SPACE',''
  ) );
#1494 = PCURVE('',#1131,#1495);
#1495 = DEFINITIONAL_REPRESENTATION('',(#1496),#1499);
#1496 = B_SPLINE_CURVE_WITH_KNOTS('',1,(#1497,#1498),.UNSPECIFIED.,.F.,
  .F.,(2,2),(-5.4200006,5.999999999062E-07),.PIECEWISE_BEZIER_KNOTS.);
#1497 = CARTESIAN_POINT('',(2.999466571818,5.4200006));
#1498 = CARTESIAN_POINT('',(2.999466571818,-5.999999999062E-07));
#1499 = ( GEOMETRIC_REPRESENTATION_CONTEXT(2) 
PARAMETRIC_REPRESENTATION_CONTEXT() REPRESENTATION_CONTEXT('2D SPACE',''
  ) );
#1500 = ORIENTED_EDGE('',*,*,#1142,.T.);
#1501 = ORIENTED_EDGE('',*,*,#624,.F.);
#1502 = ORIENTED_EDGE('',*,*,#1503,.T.);
#1503 = EDGE_CURVE('',#592,#1504,#1506,.T.);
#1504 = VERTEX_POINT('',#1505);
#1505 = CARTESIAN_POINT('',(16.02,6.39,-10.79946657181));
#1506 = SURFACE_CURVE('',#1507,(#1512,#1519),.PCURVE_S1.);
#1507 = CIRCLE('',#1508,1.5);
#1508 = AXIS2_PLACEMENT_3D('',#1509,#1510,#1511);
#1509 = CARTESIAN_POINT('',(16.02,6.35,-9.3));
#1510 = DIRECTION('',(-1.,0.,0.));
#1511 = DIRECTION('',(0.,1.,0.));
#1512 = PCURVE('',#639,#1513);
#1513 = DEFINITIONAL_REPRESENTATION('',(#1514),#1518);
#1514 = LINE('',#1515,#1516);
#1515 = CARTESIAN_POINT('',(-12.56637061435,-0.24));
#1516 = VECTOR('',#1517,1.);
#1517 = DIRECTION('',(1.,-0.));
#1518 = ( GEOMETRIC_REPRESENTATION_CONTEXT(2) 
PARAMETRIC_REPRESENTATION_CONTEXT() REPRESENTATION_CONTEXT('2D SPACE',''
  ) );
#1519 = PCURVE('',#608,#1520);
#1520 = DEFINITIONAL_REPRESENTATION('',(#1521),#1529);
#1521 = ( BOUNDED_CURVE() B_SPLINE_CURVE(2,(#1522,#1523,#1524,#1525,
#1526,#1527,#1528),.UNSPECIFIED.,.T.,.F.) B_SPLINE_CURVE_WITH_KNOTS((1,2
    ,2,2,2,1),(-2.094395102393,0.,2.094395102393,4.188790204786,
6.28318530718,8.377580409573),.UNSPECIFIED.) CURVE() 
GEOMETRIC_REPRESENTATION_ITEM() RATIONAL_B_SPLINE_CURVE((1.,0.5,1.,0.5,
1.,0.5,1.)) REPRESENTATION_ITEM('') );
#1522 = CARTESIAN_POINT('',(-9.3,-7.85));
#1523 = CARTESIAN_POINT('',(-11.89807621135,-7.85));
#1524 = CARTESIAN_POINT('',(-10.59903810567,-5.6));
#1525 = CARTESIAN_POINT('',(-9.3,-3.35));
#1526 = CARTESIAN_POINT('',(-8.000961894323,-5.6));
#1527 = CARTESIAN_POINT('',(-6.701923788647,-7.85));
#1528 = CARTESIAN_POINT('',(-9.3,-7.85));
#1529 = ( GEOMETRIC_REPRESENTATION_CONTEXT(2) 
PARAMETRIC_REPRESENTATION_CONTEXT() REPRESENTATION_CONTEXT('2D SPACE',''
  ) );
#1530 = ORIENTED_EDGE('',*,*,#1531,.F.);
#1531 = EDGE_CURVE('',#1450,#1504,#1532,.T.);
#1532 = SURFACE_CURVE('',#1533,(#1537,#1543),.PCURVE_S1.);
#1533 = LINE('',#1534,#1535);
#1534 = CARTESIAN_POINT('',(15.78,6.39,-10.79946657181));
#1535 = VECTOR('',#1536,1.);
#1536 = DIRECTION('',(-1.,-0.,-0.));
#1537 = PCURVE('',#639,#1538);
#1538 = DEFINITIONAL_REPRESENTATION('',(#1539),#1542);
#1539 = B_SPLINE_CURVE_WITH_KNOTS('',1,(#1540,#1541),.UNSPECIFIED.,.F.,
  .F.,(2,2),(-5.4200006,5.999999999062E-07),.PIECEWISE_BEZIER_KNOTS.);
#1540 = CARTESIAN_POINT('',(-4.739058808557,-5.4200006));
#1541 = CARTESIAN_POINT('',(-4.739058808557,5.999999999062E-07));
#1542 = ( GEOMETRIC_REPRESENTATION_CONTEXT(2) 
PARAMETRIC_REPRESENTATION_CONTEXT() REPRESENTATION_CONTEXT('2D SPACE',''
  ) );
#1543 = PCURVE('',#1544,#1549);
#1544 = PLANE('',#1545);
#1545 = AXIS2_PLACEMENT_3D('',#1546,#1547,#1548);
#1546 = CARTESIAN_POINT('',(15.78,6.39,-10.8));
#1547 = DIRECTION('',(0.,1.,0.));
#1548 = DIRECTION('',(0.,0.,1.));
#1549 = DEFINITIONAL_REPRESENTATION('',(#1550),#1553);
#1550 = B_SPLINE_CURVE_WITH_KNOTS('',1,(#1551,#1552),.UNSPECIFIED.,.F.,
  .F.,(2,2),(-5.4200006,5.999999999062E-07),.PIECEWISE_BEZIER_KNOTS.);
#1551 = CARTESIAN_POINT('',(5.334281818747E-04,5.4200006));
#1552 = CARTESIAN_POINT('',(5.334281818747E-04,-5.999999999062E-07));
#1553 = ( GEOMETRIC_REPRESENTATION_CONTEXT(2) 
PARAMETRIC_REPRESENTATION_CONTEXT() REPRESENTATION_CONTEXT('2D SPACE',''
  ) );
#1554 = ADVANCED_FACE('',(#1555),#608,.T.);
#1555 = FACE_BOUND('',#1556,.T.);
#1556 = EDGE_LOOP('',(#1557,#1558,#1559,#1580));
#1557 = ORIENTED_EDGE('',*,*,#1503,.F.);
#1558 = ORIENTED_EDGE('',*,*,#591,.T.);
#1559 = ORIENTED_EDGE('',*,*,#1560,.F.);
#1560 = EDGE_CURVE('',#1561,#571,#1563,.T.);
#1561 = VERTEX_POINT('',#1562);
#1562 = CARTESIAN_POINT('',(16.02,6.39,-10.8));
#1563 = SURFACE_CURVE('',#1564,(#1568,#1574),.PCURVE_S1.);
#1564 = LINE('',#1565,#1566);
#1565 = CARTESIAN_POINT('',(16.02,-3.195,-10.8));
#1566 = VECTOR('',#1567,1.);
#1567 = DIRECTION('',(0.,-1.,0.));
#1568 = PCURVE('',#608,#1569);
#1569 = DEFINITIONAL_REPRESENTATION('',(#1570),#1573);
#1570 = B_SPLINE_CURVE_WITH_KNOTS('',1,(#1571,#1572),.UNSPECIFIED.,.F.,
  .F.,(2,2),(-9.585,3.195),.PIECEWISE_BEZIER_KNOTS.);
#1571 = CARTESIAN_POINT('',(-10.8,-6.39));
#1572 = CARTESIAN_POINT('',(-10.8,6.39));
#1573 = ( GEOMETRIC_REPRESENTATION_CONTEXT(2) 
PARAMETRIC_REPRESENTATION_CONTEXT() REPRESENTATION_CONTEXT('2D SPACE',''
  ) );
#1574 = PCURVE('',#526,#1575);
#1575 = DEFINITIONAL_REPRESENTATION('',(#1576),#1579);
#1576 = B_SPLINE_CURVE_WITH_KNOTS('',1,(#1577,#1578),.UNSPECIFIED.,.F.,
  .F.,(2,2),(-9.585,3.195),.PIECEWISE_BEZIER_KNOTS.);
#1577 = CARTESIAN_POINT('',(0.24,12.78));
#1578 = CARTESIAN_POINT('',(0.24,0.));
#1579 = ( GEOMETRIC_REPRESENTATION_CONTEXT(2) 
PARAMETRIC_REPRESENTATION_CONTEXT() REPRESENTATION_CONTEXT('2D SPACE',''
  ) );
#1580 = ORIENTED_EDGE('',*,*,#1581,.T.);
#1581 = EDGE_CURVE('',#1561,#1504,#1582,.T.);
#1582 = SURFACE_CURVE('',#1583,(#1587,#1593),.PCURVE_S1.);
#1583 = LINE('',#1584,#1585);
#1584 = CARTESIAN_POINT('',(16.02,6.39,-5.4));
#1585 = VECTOR('',#1586,1.);
#1586 = DIRECTION('',(0.,0.,1.));
#1587 = PCURVE('',#608,#1588);
#1588 = DEFINITIONAL_REPRESENTATION('',(#1589),#1592);
#1589 = B_SPLINE_CURVE_WITH_KNOTS('',1,(#1590,#1591),.UNSPECIFIED.,.F.,
  .F.,(2,2),(-5.4,-5.399466571818),.PIECEWISE_BEZIER_KNOTS.);
#1590 = CARTESIAN_POINT('',(-10.8,-6.39));
#1591 = CARTESIAN_POINT('',(-10.79946657181,-6.39));
#1592 = ( GEOMETRIC_REPRESENTATION_CONTEXT(2) 
PARAMETRIC_REPRESENTATION_CONTEXT() REPRESENTATION_CONTEXT('2D SPACE',''
  ) );
#1593 = PCURVE('',#1544,#1594);
#1594 = DEFINITIONAL_REPRESENTATION('',(#1595),#1598);
#1595 = B_SPLINE_CURVE_WITH_KNOTS('',1,(#1596,#1597),.UNSPECIFIED.,.F.,
  .F.,(2,2),(-5.4,-5.399466571818),.PIECEWISE_BEZIER_KNOTS.);
#1596 = CARTESIAN_POINT('',(0.,0.24));
#1597 = CARTESIAN_POINT('',(5.334281818747E-04,0.24));
#1598 = ( GEOMETRIC_REPRESENTATION_CONTEXT(2) 
PARAMETRIC_REPRESENTATION_CONTEXT() REPRESENTATION_CONTEXT('2D SPACE',''
  ) );
#1599 = ADVANCED_FACE('',(#1600),#526,.T.);
#1600 = FACE_BOUND('',#1601,.T.);
#1601 = EDGE_LOOP('',(#1602,#1625,#1626,#1627,#1646,#1647,#1668,#1696));
#1602 = ORIENTED_EDGE('',*,*,#1603,.F.);
#1603 = EDGE_CURVE('',#1561,#1604,#1606,.T.);
#1604 = VERTEX_POINT('',#1605);
#1605 = CARTESIAN_POINT('',(21.,6.39,-10.8));
#1606 = SURFACE_CURVE('',#1607,(#1611,#1618),.PCURVE_S1.);
#1607 = LINE('',#1608,#1609);
#1608 = CARTESIAN_POINT('',(15.78,6.39,-10.8));
#1609 = VECTOR('',#1610,1.);
#1610 = DIRECTION('',(1.,0.,0.));
#1611 = PCURVE('',#526,#1612);
#1612 = DEFINITIONAL_REPRESENTATION('',(#1613),#1617);
#1613 = LINE('',#1614,#1615);
#1614 = CARTESIAN_POINT('',(0.,12.78));
#1615 = VECTOR('',#1616,1.);
#1616 = DIRECTION('',(1.,0.));
#1617 = ( GEOMETRIC_REPRESENTATION_CONTEXT(2) 
PARAMETRIC_REPRESENTATION_CONTEXT() REPRESENTATION_CONTEXT('2D SPACE',''
  ) );
#1618 = PCURVE('',#1544,#1619);
#1619 = DEFINITIONAL_REPRESENTATION('',(#1620),#1624);
#1620 = LINE('',#1621,#1622);
#1621 = CARTESIAN_POINT('',(0.,0.));
#1622 = VECTOR('',#1623,1.);
#1623 = DIRECTION('',(0.,1.));
#1624 = ( GEOMETRIC_REPRESENTATION_CONTEXT(2) 
PARAMETRIC_REPRESENTATION_CONTEXT() REPRESENTATION_CONTEXT('2D SPACE',''
  ) );
#1625 = ORIENTED_EDGE('',*,*,#1560,.T.);
#1626 = ORIENTED_EDGE('',*,*,#570,.T.);
#1627 = ORIENTED_EDGE('',*,*,#1628,.T.);
#1628 = EDGE_CURVE('',#538,#512,#1629,.T.);
#1629 = SURFACE_CURVE('',#1630,(#1634,#1640),.PCURVE_S1.);
#1630 = LINE('',#1631,#1632);
#1631 = CARTESIAN_POINT('',(15.98,-11.895,-10.8));
#1632 = VECTOR('',#1633,1.);
#1633 = DIRECTION('',(0.,-1.,0.));
#1634 = PCURVE('',#526,#1635);
#1635 = DEFINITIONAL_REPRESENTATION('',(#1636),#1639);
#1636 = B_SPLINE_CURVE_WITH_KNOTS('',1,(#1637,#1638),.UNSPECIFIED.,.F.,
  .F.,(2,2),(-18.285,-5.505),.PIECEWISE_BEZIER_KNOTS.);
#1637 = CARTESIAN_POINT('',(0.2,12.78));
#1638 = CARTESIAN_POINT('',(0.2,0.));
#1639 = ( GEOMETRIC_REPRESENTATION_CONTEXT(2) 
PARAMETRIC_REPRESENTATION_CONTEXT() REPRESENTATION_CONTEXT('2D SPACE',''
  ) );
#1640 = PCURVE('',#554,#1641);
#1641 = DEFINITIONAL_REPRESENTATION('',(#1642),#1645);
#1642 = B_SPLINE_CURVE_WITH_KNOTS('',1,(#1643,#1644),.UNSPECIFIED.,.F.,
  .F.,(2,2),(-18.285,-5.505),.PIECEWISE_BEZIER_KNOTS.);
#1643 = CARTESIAN_POINT('',(10.2,-23.79));
#1644 = CARTESIAN_POINT('',(10.2,-11.01));
#1645 = ( GEOMETRIC_REPRESENTATION_CONTEXT(2) 
PARAMETRIC_REPRESENTATION_CONTEXT() REPRESENTATION_CONTEXT('2D SPACE',''
  ) );
#1646 = ORIENTED_EDGE('',*,*,#511,.F.);
#1647 = ORIENTED_EDGE('',*,*,#1648,.T.);
#1648 = EDGE_CURVE('',#479,#1649,#1651,.T.);
#1649 = VERTEX_POINT('',#1650);
#1650 = CARTESIAN_POINT('',(16.02,-6.39,-10.8));
#1651 = SURFACE_CURVE('',#1652,(#1656,#1662),.PCURVE_S1.);
#1652 = LINE('',#1653,#1654);
#1653 = CARTESIAN_POINT('',(16.02,-3.195,-10.8));
#1654 = VECTOR('',#1655,1.);
#1655 = DIRECTION('',(0.,-1.,0.));
#1656 = PCURVE('',#526,#1657);
#1657 = DEFINITIONAL_REPRESENTATION('',(#1658),#1661);
#1658 = B_SPLINE_CURVE_WITH_KNOTS('',1,(#1659,#1660),.UNSPECIFIED.,.F.,
  .F.,(2,2),(-9.585,3.195),.PIECEWISE_BEZIER_KNOTS.);
#1659 = CARTESIAN_POINT('',(0.24,12.78));
#1660 = CARTESIAN_POINT('',(0.24,0.));
#1661 = ( GEOMETRIC_REPRESENTATION_CONTEXT(2) 
PARAMETRIC_REPRESENTATION_CONTEXT() REPRESENTATION_CONTEXT('2D SPACE',''
  ) );
#1662 = PCURVE('',#495,#1663);
#1663 = DEFINITIONAL_REPRESENTATION('',(#1664),#1667);
#1664 = B_SPLINE_CURVE_WITH_KNOTS('',1,(#1665,#1666),.UNSPECIFIED.,.F.,
  .F.,(2,2),(-9.585,3.195),.PIECEWISE_BEZIER_KNOTS.);
#1665 = CARTESIAN_POINT('',(-10.8,-6.39));
#1666 = CARTESIAN_POINT('',(-10.8,6.39));
#1667 = ( GEOMETRIC_REPRESENTATION_CONTEXT(2) 
PARAMETRIC_REPRESENTATION_CONTEXT() REPRESENTATION_CONTEXT('2D SPACE',''
  ) );
#1668 = ORIENTED_EDGE('',*,*,#1669,.T.);
#1669 = EDGE_CURVE('',#1649,#1670,#1672,.T.);
#1670 = VERTEX_POINT('',#1671);
#1671 = CARTESIAN_POINT('',(21.,-6.39,-10.8));
#1672 = SURFACE_CURVE('',#1673,(#1677,#1684),.PCURVE_S1.);
#1673 = LINE('',#1674,#1675);
#1674 = CARTESIAN_POINT('',(15.78,-6.39,-10.8));
#1675 = VECTOR('',#1676,1.);
#1676 = DIRECTION('',(1.,0.,0.));
#1677 = PCURVE('',#526,#1678);
#1678 = DEFINITIONAL_REPRESENTATION('',(#1679),#1683);
#1679 = LINE('',#1680,#1681);
#1680 = CARTESIAN_POINT('',(0.,0.));
#1681 = VECTOR('',#1682,1.);
#1682 = DIRECTION('',(1.,0.));
#1683 = ( GEOMETRIC_REPRESENTATION_CONTEXT(2) 
PARAMETRIC_REPRESENTATION_CONTEXT() REPRESENTATION_CONTEXT('2D SPACE',''
  ) );
#1684 = PCURVE('',#1685,#1690);
#1685 = PLANE('',#1686);
#1686 = AXIS2_PLACEMENT_3D('',#1687,#1688,#1689);
#1687 = CARTESIAN_POINT('',(15.78,-6.39,-10.8));
#1688 = DIRECTION('',(0.,1.,0.));
#1689 = DIRECTION('',(0.,0.,1.));
#1690 = DEFINITIONAL_REPRESENTATION('',(#1691),#1695);
#1691 = LINE('',#1692,#1693);
#1692 = CARTESIAN_POINT('',(0.,0.));
#1693 = VECTOR('',#1694,1.);
#1694 = DIRECTION('',(0.,1.));
#1695 = ( GEOMETRIC_REPRESENTATION_CONTEXT(2) 
PARAMETRIC_REPRESENTATION_CONTEXT() REPRESENTATION_CONTEXT('2D SPACE',''
  ) );
#1696 = ORIENTED_EDGE('',*,*,#1697,.F.);
#1697 = EDGE_CURVE('',#1604,#1670,#1698,.T.);
#1698 = SURFACE_CURVE('',#1699,(#1703,#1709),.PCURVE_S1.);
#1699 = LINE('',#1700,#1701);
#1700 = CARTESIAN_POINT('',(21.,-11.895,-10.8));
#1701 = VECTOR('',#1702,1.);
#1702 = DIRECTION('',(0.,-1.,0.));
#1703 = PCURVE('',#526,#1704);
#1704 = DEFINITIONAL_REPRESENTATION('',(#1705),#1708);
#1705 = B_SPLINE_CURVE_WITH_KNOTS('',1,(#1706,#1707),.UNSPECIFIED.,.F.,
  .F.,(2,2),(-18.285,-5.505),.PIECEWISE_BEZIER_KNOTS.);
#1706 = CARTESIAN_POINT('',(5.22,12.78));
#1707 = CARTESIAN_POINT('',(5.22,0.));
#1708 = ( GEOMETRIC_REPRESENTATION_CONTEXT(2) 
PARAMETRIC_REPRESENTATION_CONTEXT() REPRESENTATION_CONTEXT('2D SPACE',''
  ) );
#1709 = PCURVE('',#1466,#1710);
#1710 = DEFINITIONAL_REPRESENTATION('',(#1711),#1714);
#1711 = B_SPLINE_CURVE_WITH_KNOTS('',1,(#1712,#1713),.UNSPECIFIED.,.F.,
  .F.,(2,2),(-18.285,-5.505),.PIECEWISE_BEZIER_KNOTS.);
#1712 = CARTESIAN_POINT('',(10.2,-23.79));
#1713 = CARTESIAN_POINT('',(10.2,-11.01));
#1714 = ( GEOMETRIC_REPRESENTATION_CONTEXT(2) 
PARAMETRIC_REPRESENTATION_CONTEXT() REPRESENTATION_CONTEXT('2D SPACE',''
  ) );
#1715 = ADVANCED_FACE('',(#1716),#554,.F.);
#1716 = FACE_BOUND('',#1717,.F.);
#1717 = EDGE_LOOP('',(#1718,#1719));
#1718 = ORIENTED_EDGE('',*,*,#537,.F.);
#1719 = ORIENTED_EDGE('',*,*,#1628,.T.);
#1720 = ADVANCED_FACE('',(#1721),#495,.T.);
#1721 = FACE_BOUND('',#1722,.T.);
#1722 = EDGE_LOOP('',(#1723,#1724,#1752,#1771));
#1723 = ORIENTED_EDGE('',*,*,#478,.T.);
#1724 = ORIENTED_EDGE('',*,*,#1725,.F.);
#1725 = EDGE_CURVE('',#1726,#453,#1728,.T.);
#1726 = VERTEX_POINT('',#1727);
#1727 = CARTESIAN_POINT('',(16.02,-6.39,-10.79946657181));
#1728 = SURFACE_CURVE('',#1729,(#1734,#1745),.PCURVE_S1.);
#1729 = CIRCLE('',#1730,1.5);
#1730 = AXIS2_PLACEMENT_3D('',#1731,#1732,#1733);
#1731 = CARTESIAN_POINT('',(16.02,-6.35,-9.3));
#1732 = DIRECTION('',(-1.,0.,0.));
#1733 = DIRECTION('',(0.,1.,0.));
#1734 = PCURVE('',#495,#1735);
#1735 = DEFINITIONAL_REPRESENTATION('',(#1736),#1744);
#1736 = ( BOUNDED_CURVE() B_SPLINE_CURVE(2,(#1737,#1738,#1739,#1740,
#1741,#1742,#1743),.UNSPECIFIED.,.T.,.F.) B_SPLINE_CURVE_WITH_KNOTS((1,2
    ,2,2,2,1),(-2.094395102393,0.,2.094395102393,4.188790204786,
6.28318530718,8.377580409573),.UNSPECIFIED.) CURVE() 
GEOMETRIC_REPRESENTATION_ITEM() RATIONAL_B_SPLINE_CURVE((1.,0.5,1.,0.5,
1.,0.5,1.)) REPRESENTATION_ITEM('') );
#1737 = CARTESIAN_POINT('',(-9.3,4.85));
#1738 = CARTESIAN_POINT('',(-11.89807621135,4.85));
#1739 = CARTESIAN_POINT('',(-10.59903810567,7.1));
#1740 = CARTESIAN_POINT('',(-9.3,9.35));
#1741 = CARTESIAN_POINT('',(-8.000961894323,7.1));
#1742 = CARTESIAN_POINT('',(-6.701923788647,4.85));
#1743 = CARTESIAN_POINT('',(-9.3,4.85));
#1744 = ( GEOMETRIC_REPRESENTATION_CONTEXT(2) 
PARAMETRIC_REPRESENTATION_CONTEXT() REPRESENTATION_CONTEXT('2D SPACE',''
  ) );
#1745 = PCURVE('',#467,#1746);
#1746 = DEFINITIONAL_REPRESENTATION('',(#1747),#1751);
#1747 = LINE('',#1748,#1749);
#1748 = CARTESIAN_POINT('',(-6.28318530718,-0.24));
#1749 = VECTOR('',#1750,1.);
#1750 = DIRECTION('',(1.,-0.));
#1751 = ( GEOMETRIC_REPRESENTATION_CONTEXT(2) 
PARAMETRIC_REPRESENTATION_CONTEXT() REPRESENTATION_CONTEXT('2D SPACE',''
  ) );
#1752 = ORIENTED_EDGE('',*,*,#1753,.F.);
#1753 = EDGE_CURVE('',#1649,#1726,#1754,.T.);
#1754 = SURFACE_CURVE('',#1755,(#1759,#1765),.PCURVE_S1.);
#1755 = LINE('',#1756,#1757);
#1756 = CARTESIAN_POINT('',(16.02,-6.39,-5.4));
#1757 = VECTOR('',#1758,1.);
#1758 = DIRECTION('',(0.,0.,1.));
#1759 = PCURVE('',#495,#1760);
#1760 = DEFINITIONAL_REPRESENTATION('',(#1761),#1764);
#1761 = B_SPLINE_CURVE_WITH_KNOTS('',1,(#1762,#1763),.UNSPECIFIED.,.F.,
  .F.,(2,2),(-5.4,-5.399466571818),.PIECEWISE_BEZIER_KNOTS.);
#1762 = CARTESIAN_POINT('',(-10.8,6.39));
#1763 = CARTESIAN_POINT('',(-10.79946657181,6.39));
#1764 = ( GEOMETRIC_REPRESENTATION_CONTEXT(2) 
PARAMETRIC_REPRESENTATION_CONTEXT() REPRESENTATION_CONTEXT('2D SPACE',''
  ) );
#1765 = PCURVE('',#1685,#1766);
#1766 = DEFINITIONAL_REPRESENTATION('',(#1767),#1770);
#1767 = B_SPLINE_CURVE_WITH_KNOTS('',1,(#1768,#1769),.UNSPECIFIED.,.F.,
  .F.,(2,2),(-5.4,-5.399466571818),.PIECEWISE_BEZIER_KNOTS.);
#1768 = CARTESIAN_POINT('',(0.,0.24));
#1769 = CARTESIAN_POINT('',(5.334281818747E-04,0.24));
#1770 = ( GEOMETRIC_REPRESENTATION_CONTEXT(2) 
PARAMETRIC_REPRESENTATION_CONTEXT() REPRESENTATION_CONTEXT('2D SPACE',''
  ) );
#1771 = ORIENTED_EDGE('',*,*,#1648,.F.);
#1772 = ADVANCED_FACE('',(#1773),#467,.F.);
#1773 = FACE_BOUND('',#1774,.T.);
#1774 = EDGE_LOOP('',(#1775,#1776,#1777,#1798,#1826,#1845));
#1775 = ORIENTED_EDGE('',*,*,#452,.T.);
#1776 = ORIENTED_EDGE('',*,*,#1170,.T.);
#1777 = ORIENTED_EDGE('',*,*,#1778,.F.);
#1778 = EDGE_CURVE('',#1779,#1171,#1781,.T.);
#1779 = VERTEX_POINT('',#1780);
#1780 = CARTESIAN_POINT('',(21.,-6.39,-7.800533428182));
#1781 = SURFACE_CURVE('',#1782,(#1786,#1792),.PCURVE_S1.);
#1782 = LINE('',#1783,#1784);
#1783 = CARTESIAN_POINT('',(15.78,-6.39,-7.800533428182));
#1784 = VECTOR('',#1785,1.);
#1785 = DIRECTION('',(-1.,-0.,-0.));
#1786 = PCURVE('',#467,#1787);
#1787 = DEFINITIONAL_REPRESENTATION('',(#1788),#1791);
#1788 = B_SPLINE_CURVE_WITH_KNOTS('',1,(#1789,#1790),.UNSPECIFIED.,.F.,
  .F.,(2,2),(-5.4200006,5.999999999062E-07),.PIECEWISE_BEZIER_KNOTS.);
#1789 = CARTESIAN_POINT('',(-1.597466154967,-5.4200006));
#1790 = CARTESIAN_POINT('',(-1.597466154967,5.999999999062E-07));
#1791 = ( GEOMETRIC_REPRESENTATION_CONTEXT(2) 
PARAMETRIC_REPRESENTATION_CONTEXT() REPRESENTATION_CONTEXT('2D SPACE',''
  ) );
#1792 = PCURVE('',#1211,#1793);
#1793 = DEFINITIONAL_REPRESENTATION('',(#1794),#1797);
#1794 = B_SPLINE_CURVE_WITH_KNOTS('',1,(#1795,#1796),.UNSPECIFIED.,.F.,
  .F.,(2,2),(-5.4200006,5.999999999062E-07),.PIECEWISE_BEZIER_KNOTS.);
#1795 = CARTESIAN_POINT('',(2.999466571818,5.4200006));
#1796 = CARTESIAN_POINT('',(2.999466571818,-5.999999999062E-07));
#1797 = ( GEOMETRIC_REPRESENTATION_CONTEXT(2) 
PARAMETRIC_REPRESENTATION_CONTEXT() REPRESENTATION_CONTEXT('2D SPACE',''
  ) );
#1798 = ORIENTED_EDGE('',*,*,#1799,.F.);
#1799 = EDGE_CURVE('',#1800,#1779,#1802,.T.);
#1800 = VERTEX_POINT('',#1801);
#1801 = CARTESIAN_POINT('',(21.,-6.39,-10.79946657181));
#1802 = SURFACE_CURVE('',#1803,(#1808,#1815),.PCURVE_S1.);
#1803 = CIRCLE('',#1804,1.5);
#1804 = AXIS2_PLACEMENT_3D('',#1805,#1806,#1807);
#1805 = CARTESIAN_POINT('',(21.,-6.35,-9.3));
#1806 = DIRECTION('',(-1.,0.,0.));
#1807 = DIRECTION('',(0.,1.,0.));
#1808 = PCURVE('',#467,#1809);
#1809 = DEFINITIONAL_REPRESENTATION('',(#1810),#1814);
#1810 = LINE('',#1811,#1812);
#1811 = CARTESIAN_POINT('',(-6.28318530718,-5.22));
#1812 = VECTOR('',#1813,1.);
#1813 = DIRECTION('',(1.,-0.));
#1814 = ( GEOMETRIC_REPRESENTATION_CONTEXT(2) 
PARAMETRIC_REPRESENTATION_CONTEXT() REPRESENTATION_CONTEXT('2D SPACE',''
  ) );
#1815 = PCURVE('',#1466,#1816);
#1816 = DEFINITIONAL_REPRESENTATION('',(#1817),#1825);
#1817 = ( BOUNDED_CURVE() B_SPLINE_CURVE(2,(#1818,#1819,#1820,#1821,
#1822,#1823,#1824),.UNSPECIFIED.,.T.,.F.) B_SPLINE_CURVE_WITH_KNOTS((1,2
    ,2,2,2,1),(-2.094395102393,0.,2.094395102393,4.188790204786,
6.28318530718,8.377580409573),.UNSPECIFIED.) CURVE() 
GEOMETRIC_REPRESENTATION_ITEM() RATIONAL_B_SPLINE_CURVE((1.,0.5,1.,0.5,
1.,0.5,1.)) REPRESENTATION_ITEM('') );
#1818 = CARTESIAN_POINT('',(11.7,-12.55));
#1819 = CARTESIAN_POINT('',(9.101923788647,-12.55));
#1820 = CARTESIAN_POINT('',(10.400961894323,-10.3));
#1821 = CARTESIAN_POINT('',(11.7,-8.05));
#1822 = CARTESIAN_POINT('',(12.999038105677,-10.3));
#1823 = CARTESIAN_POINT('',(14.298076211353,-12.55));
#1824 = CARTESIAN_POINT('',(11.7,-12.55));
#1825 = ( GEOMETRIC_REPRESENTATION_CONTEXT(2) 
PARAMETRIC_REPRESENTATION_CONTEXT() REPRESENTATION_CONTEXT('2D SPACE',''
  ) );
#1826 = ORIENTED_EDGE('',*,*,#1827,.T.);
#1827 = EDGE_CURVE('',#1800,#1726,#1828,.T.);
#1828 = SURFACE_CURVE('',#1829,(#1833,#1839),.PCURVE_S1.);
#1829 = LINE('',#1830,#1831);
#1830 = CARTESIAN_POINT('',(15.78,-6.39,-10.79946657181));
#1831 = VECTOR('',#1832,1.);
#1832 = DIRECTION('',(-1.,-0.,-0.));
#1833 = PCURVE('',#467,#1834);
#1834 = DEFINITIONAL_REPRESENTATION('',(#1835),#1838);
#1835 = B_SPLINE_CURVE_WITH_KNOTS('',1,(#1836,#1837),.UNSPECIFIED.,.F.,
  .F.,(2,2),(-5.4200006,5.999999999062E-07),.PIECEWISE_BEZIER_KNOTS.);
#1836 = CARTESIAN_POINT('',(-4.685719152212,-5.4200006));
#1837 = CARTESIAN_POINT('',(-4.685719152212,5.999999999062E-07));
#1838 = ( GEOMETRIC_REPRESENTATION_CONTEXT(2) 
PARAMETRIC_REPRESENTATION_CONTEXT() REPRESENTATION_CONTEXT('2D SPACE',''
  ) );
#1839 = PCURVE('',#1685,#1840);
#1840 = DEFINITIONAL_REPRESENTATION('',(#1841),#1844);
#1841 = B_SPLINE_CURVE_WITH_KNOTS('',1,(#1842,#1843),.UNSPECIFIED.,.F.,
  .F.,(2,2),(-5.4200006,5.999999999062E-07),.PIECEWISE_BEZIER_KNOTS.);
#1842 = CARTESIAN_POINT('',(5.334281818747E-04,5.4200006));
#1843 = CARTESIAN_POINT('',(5.334281818747E-04,-5.999999999062E-07));
#1844 = ( GEOMETRIC_REPRESENTATION_CONTEXT(2) 
PARAMETRIC_REPRESENTATION_CONTEXT() REPRESENTATION_CONTEXT('2D SPACE',''
  ) );
#1845 = ORIENTED_EDGE('',*,*,#1725,.T.);
#1846 = ADVANCED_FACE('',(#1847,#1857),#740,.T.);
#1847 = FACE_BOUND('',#1848,.T.);
#1848 = EDGE_LOOP('',(#1849,#1850,#1851,#1852,#1853,#1854,#1855,#1856));
#1849 = ORIENTED_EDGE('',*,*,#726,.F.);
#1850 = ORIENTED_EDGE('',*,*,#779,.T.);
#1851 = ORIENTED_EDGE('',*,*,#861,.T.);
#1852 = ORIENTED_EDGE('',*,*,#959,.F.);
#1853 = ORIENTED_EDGE('',*,*,#1064,.T.);
#1854 = ORIENTED_EDGE('',*,*,#1013,.T.);
#1855 = ORIENTED_EDGE('',*,*,#910,.F.);
#1856 = ORIENTED_EDGE('',*,*,#829,.F.);
#1857 = FACE_BOUND('',#1858,.T.);
#1858 = EDGE_LOOP('',(#1859,#1890,#1916,#1945,#1971,#2000,#2026,#2055));
#1859 = ORIENTED_EDGE('',*,*,#1860,.F.);
#1860 = EDGE_CURVE('',#1861,#1863,#1865,.T.);
#1861 = VERTEX_POINT('',#1862);
#1862 = CARTESIAN_POINT('',(23.,-15.75,-11.7));
#1863 = VERTEX_POINT('',#1864);
#1864 = CARTESIAN_POINT('',(23.,-14.75,-12.7));
#1865 = SURFACE_CURVE('',#1866,(#1871,#1878),.PCURVE_S1.);
#1866 = CIRCLE('',#1867,1.);
#1867 = AXIS2_PLACEMENT_3D('',#1868,#1869,#1870);
#1868 = CARTESIAN_POINT('',(23.,-14.75,-11.7));
#1869 = DIRECTION('',(1.,0.,0.));
#1870 = DIRECTION('',(0.,-1.,0.));
#1871 = PCURVE('',#740,#1872);
#1872 = DEFINITIONAL_REPRESENTATION('',(#1873),#1877);
#1873 = CIRCLE('',#1874,1.);
#1874 = AXIS2_PLACEMENT_2D('',#1875,#1876);
#1875 = CARTESIAN_POINT('',(9.3,-2.65));
#1876 = DIRECTION('',(0.,1.));
#1877 = ( GEOMETRIC_REPRESENTATION_CONTEXT(2) 
PARAMETRIC_REPRESENTATION_CONTEXT() REPRESENTATION_CONTEXT('2D SPACE',''
  ) );
#1878 = PCURVE('',#1879,#1884);
#1879 = CYLINDRICAL_SURFACE('',#1880,1.);
#1880 = AXIS2_PLACEMENT_3D('',#1881,#1882,#1883);
#1881 = CARTESIAN_POINT('',(20.8,-14.75,-11.7));
#1882 = DIRECTION('',(1.,0.,0.));
#1883 = DIRECTION('',(0.,-1.,0.));
#1884 = DEFINITIONAL_REPRESENTATION('',(#1885),#1889);
#1885 = LINE('',#1886,#1887);
#1886 = CARTESIAN_POINT('',(0.,2.2));
#1887 = VECTOR('',#1888,1.);
#1888 = DIRECTION('',(1.,0.));
#1889 = ( GEOMETRIC_REPRESENTATION_CONTEXT(2) 
PARAMETRIC_REPRESENTATION_CONTEXT() REPRESENTATION_CONTEXT('2D SPACE',''
  ) );
#1890 = ORIENTED_EDGE('',*,*,#1891,.T.);
#1891 = EDGE_CURVE('',#1861,#1892,#1894,.T.);
#1892 = VERTEX_POINT('',#1893);
#1893 = CARTESIAN_POINT('',(23.,-15.75,9.5));
#1894 = SURFACE_CURVE('',#1895,(#1899,#1905),.PCURVE_S1.);
#1895 = LINE('',#1896,#1897);
#1896 = CARTESIAN_POINT('',(23.,-15.75,-16.85));
#1897 = VECTOR('',#1898,1.);
#1898 = DIRECTION('',(0.,0.,1.));
#1899 = PCURVE('',#740,#1900);
#1900 = DEFINITIONAL_REPRESENTATION('',(#1901),#1904);
#1901 = B_SPLINE_CURVE_WITH_KNOTS('',1,(#1902,#1903),.UNSPECIFIED.,.F.,
  .F.,(2,2),(5.15,26.35),.PIECEWISE_BEZIER_KNOTS.);
#1902 = CARTESIAN_POINT('',(9.3,-1.65));
#1903 = CARTESIAN_POINT('',(30.5,-1.65));
#1904 = ( GEOMETRIC_REPRESENTATION_CONTEXT(2) 
PARAMETRIC_REPRESENTATION_CONTEXT() REPRESENTATION_CONTEXT('2D SPACE',''
  ) );
#1905 = PCURVE('',#1906,#1911);
#1906 = PLANE('',#1907);
#1907 = AXIS2_PLACEMENT_3D('',#1908,#1909,#1910);
#1908 = CARTESIAN_POINT('',(20.8,-15.75,-12.7));
#1909 = DIRECTION('',(0.,1.,0.));
#1910 = DIRECTION('',(0.,0.,1.));
#1911 = DEFINITIONAL_REPRESENTATION('',(#1912),#1915);
#1912 = B_SPLINE_CURVE_WITH_KNOTS('',1,(#1913,#1914),.UNSPECIFIED.,.F.,
  .F.,(2,2),(5.15,26.35),.PIECEWISE_BEZIER_KNOTS.);
#1913 = CARTESIAN_POINT('',(1.,2.2));
#1914 = CARTESIAN_POINT('',(22.2,2.2));
#1915 = ( GEOMETRIC_REPRESENTATION_CONTEXT(2) 
PARAMETRIC_REPRESENTATION_CONTEXT() REPRESENTATION_CONTEXT('2D SPACE',''
  ) );
#1916 = ORIENTED_EDGE('',*,*,#1917,.F.);
#1917 = EDGE_CURVE('',#1918,#1892,#1920,.T.);
#1918 = VERTEX_POINT('',#1919);
#1919 = CARTESIAN_POINT('',(23.,-14.75,10.5));
#1920 = SURFACE_CURVE('',#1921,(#1926,#1933),.PCURVE_S1.);
#1921 = CIRCLE('',#1922,1.);
#1922 = AXIS2_PLACEMENT_3D('',#1923,#1924,#1925);
#1923 = CARTESIAN_POINT('',(23.,-14.75,9.5));
#1924 = DIRECTION('',(1.,0.,0.));
#1925 = DIRECTION('',(0.,-1.,0.));
#1926 = PCURVE('',#740,#1927);
#1927 = DEFINITIONAL_REPRESENTATION('',(#1928),#1932);
#1928 = CIRCLE('',#1929,1.);
#1929 = AXIS2_PLACEMENT_2D('',#1930,#1931);
#1930 = CARTESIAN_POINT('',(30.5,-2.65));
#1931 = DIRECTION('',(0.,1.));
#1932 = ( GEOMETRIC_REPRESENTATION_CONTEXT(2) 
PARAMETRIC_REPRESENTATION_CONTEXT() REPRESENTATION_CONTEXT('2D SPACE',''
  ) );
#1933 = PCURVE('',#1934,#1939);
#1934 = CYLINDRICAL_SURFACE('',#1935,1.);
#1935 = AXIS2_PLACEMENT_3D('',#1936,#1937,#1938);
#1936 = CARTESIAN_POINT('',(20.8,-14.75,9.5));
#1937 = DIRECTION('',(1.,0.,0.));
#1938 = DIRECTION('',(0.,-1.,0.));
#1939 = DEFINITIONAL_REPRESENTATION('',(#1940),#1944);
#1940 = LINE('',#1941,#1942);
#1941 = CARTESIAN_POINT('',(-6.28318530718,2.2));
#1942 = VECTOR('',#1943,1.);
#1943 = DIRECTION('',(1.,-0.));
#1944 = ( GEOMETRIC_REPRESENTATION_CONTEXT(2) 
PARAMETRIC_REPRESENTATION_CONTEXT() REPRESENTATION_CONTEXT('2D SPACE',''
  ) );
#1945 = ORIENTED_EDGE('',*,*,#1946,.F.);
#1946 = EDGE_CURVE('',#1947,#1918,#1949,.T.);
#1947 = VERTEX_POINT('',#1948);
#1948 = CARTESIAN_POINT('',(23.,21.95,10.5));
#1949 = SURFACE_CURVE('',#1950,(#1954,#1960),.PCURVE_S1.);
#1950 = LINE('',#1951,#1952);
#1951 = CARTESIAN_POINT('',(23.,-16.575,10.5));
#1952 = VECTOR('',#1953,1.);
#1953 = DIRECTION('',(0.,-1.,0.));
#1954 = PCURVE('',#740,#1955);
#1955 = DEFINITIONAL_REPRESENTATION('',(#1956),#1959);
#1956 = B_SPLINE_CURVE_WITH_KNOTS('',1,(#1957,#1958),.UNSPECIFIED.,.F.,
  .F.,(2,2),(-38.525,-1.825),.PIECEWISE_BEZIER_KNOTS.);
#1957 = CARTESIAN_POINT('',(31.5,-39.35));
#1958 = CARTESIAN_POINT('',(31.5,-2.65));
#1959 = ( GEOMETRIC_REPRESENTATION_CONTEXT(2) 
PARAMETRIC_REPRESENTATION_CONTEXT() REPRESENTATION_CONTEXT('2D SPACE',''
  ) );
#1960 = PCURVE('',#1961,#1966);
#1961 = PLANE('',#1962);
#1962 = AXIS2_PLACEMENT_3D('',#1963,#1964,#1965);
#1963 = CARTESIAN_POINT('',(20.8,-15.75,10.5));
#1964 = DIRECTION('',(0.,0.,1.));
#1965 = DIRECTION('',(1.,0.,0.));
#1966 = DEFINITIONAL_REPRESENTATION('',(#1967),#1970);
#1967 = B_SPLINE_CURVE_WITH_KNOTS('',1,(#1968,#1969),.UNSPECIFIED.,.F.,
  .F.,(2,2),(-38.525,-1.825),.PIECEWISE_BEZIER_KNOTS.);
#1968 = CARTESIAN_POINT('',(2.2,37.7));
#1969 = CARTESIAN_POINT('',(2.2,1.));
#1970 = ( GEOMETRIC_REPRESENTATION_CONTEXT(2) 
PARAMETRIC_REPRESENTATION_CONTEXT() REPRESENTATION_CONTEXT('2D SPACE',''
  ) );
#1971 = ORIENTED_EDGE('',*,*,#1972,.F.);
#1972 = EDGE_CURVE('',#1973,#1947,#1975,.T.);
#1973 = VERTEX_POINT('',#1974);
#1974 = CARTESIAN_POINT('',(23.,22.95,9.5));
#1975 = SURFACE_CURVE('',#1976,(#1981,#1988),.PCURVE_S1.);
#1976 = CIRCLE('',#1977,1.);
#1977 = AXIS2_PLACEMENT_3D('',#1978,#1979,#1980);
#1978 = CARTESIAN_POINT('',(23.,21.95,9.5));
#1979 = DIRECTION('',(1.,0.,0.));
#1980 = DIRECTION('',(-0.,1.,0.));
#1981 = PCURVE('',#740,#1982);
#1982 = DEFINITIONAL_REPRESENTATION('',(#1983),#1987);
#1983 = CIRCLE('',#1984,1.);
#1984 = AXIS2_PLACEMENT_2D('',#1985,#1986);
#1985 = CARTESIAN_POINT('',(30.5,-39.35));
#1986 = DIRECTION('',(0.,-1.));
#1987 = ( GEOMETRIC_REPRESENTATION_CONTEXT(2) 
PARAMETRIC_REPRESENTATION_CONTEXT() REPRESENTATION_CONTEXT('2D SPACE',''
  ) );
#1988 = PCURVE('',#1989,#1994);
#1989 = CYLINDRICAL_SURFACE('',#1990,1.);
#1990 = AXIS2_PLACEMENT_3D('',#1991,#1992,#1993);
#1991 = CARTESIAN_POINT('',(20.8,21.95,9.5));
#1992 = DIRECTION('',(1.,0.,0.));
#1993 = DIRECTION('',(-0.,1.,0.));
#1994 = DEFINITIONAL_REPRESENTATION('',(#1995),#1999);
#1995 = LINE('',#1996,#1997);
#1996 = CARTESIAN_POINT('',(0.,2.2));
#1997 = VECTOR('',#1998,1.);
#1998 = DIRECTION('',(1.,0.));
#1999 = ( GEOMETRIC_REPRESENTATION_CONTEXT(2) 
PARAMETRIC_REPRESENTATION_CONTEXT() REPRESENTATION_CONTEXT('2D SPACE',''
  ) );
#2000 = ORIENTED_EDGE('',*,*,#2001,.F.);
#2001 = EDGE_CURVE('',#2002,#1973,#2004,.T.);
#2002 = VERTEX_POINT('',#2003);
#2003 = CARTESIAN_POINT('',(23.,22.95,-11.7));
#2004 = SURFACE_CURVE('',#2005,(#2009,#2015),.PCURVE_S1.);
#2005 = LINE('',#2006,#2007);
#2006 = CARTESIAN_POINT('',(23.,22.95,-16.85));
#2007 = VECTOR('',#2008,1.);
#2008 = DIRECTION('',(0.,0.,1.));
#2009 = PCURVE('',#740,#2010);
#2010 = DEFINITIONAL_REPRESENTATION('',(#2011),#2014);
#2011 = B_SPLINE_CURVE_WITH_KNOTS('',1,(#2012,#2013),.UNSPECIFIED.,.F.,
  .F.,(2,2),(5.15,26.35),.PIECEWISE_BEZIER_KNOTS.);
#2012 = CARTESIAN_POINT('',(9.3,-40.35));
#2013 = CARTESIAN_POINT('',(30.5,-40.35));
#2014 = ( GEOMETRIC_REPRESENTATION_CONTEXT(2) 
PARAMETRIC_REPRESENTATION_CONTEXT() REPRESENTATION_CONTEXT('2D SPACE',''
  ) );
#2015 = PCURVE('',#2016,#2021);
#2016 = PLANE('',#2017);
#2017 = AXIS2_PLACEMENT_3D('',#2018,#2019,#2020);
#2018 = CARTESIAN_POINT('',(20.8,22.95,-12.7));
#2019 = DIRECTION('',(0.,1.,0.));
#2020 = DIRECTION('',(0.,0.,1.));
#2021 = DEFINITIONAL_REPRESENTATION('',(#2022),#2025);
#2022 = B_SPLINE_CURVE_WITH_KNOTS('',1,(#2023,#2024),.UNSPECIFIED.,.F.,
  .F.,(2,2),(5.15,26.35),.PIECEWISE_BEZIER_KNOTS.);
#2023 = CARTESIAN_POINT('',(1.,2.2));
#2024 = CARTESIAN_POINT('',(22.2,2.2));
#2025 = ( GEOMETRIC_REPRESENTATION_CONTEXT(2) 
PARAMETRIC_REPRESENTATION_CONTEXT() REPRESENTATION_CONTEXT('2D SPACE',''
  ) );
#2026 = ORIENTED_EDGE('',*,*,#2027,.F.);
#2027 = EDGE_CURVE('',#2028,#2002,#2030,.T.);
#2028 = VERTEX_POINT('',#2029);
#2029 = CARTESIAN_POINT('',(23.,21.95,-12.7));
#2030 = SURFACE_CURVE('',#2031,(#2036,#2043),.PCURVE_S1.);
#2031 = CIRCLE('',#2032,1.);
#2032 = AXIS2_PLACEMENT_3D('',#2033,#2034,#2035);
#2033 = CARTESIAN_POINT('',(23.,21.95,-11.7));
#2034 = DIRECTION('',(1.,0.,0.));
#2035 = DIRECTION('',(-0.,1.,0.));
#2036 = PCURVE('',#740,#2037);
#2037 = DEFINITIONAL_REPRESENTATION('',(#2038),#2042);
#2038 = CIRCLE('',#2039,1.);
#2039 = AXIS2_PLACEMENT_2D('',#2040,#2041);
#2040 = CARTESIAN_POINT('',(9.3,-39.35));
#2041 = DIRECTION('',(0.,-1.));
#2042 = ( GEOMETRIC_REPRESENTATION_CONTEXT(2) 
PARAMETRIC_REPRESENTATION_CONTEXT() REPRESENTATION_CONTEXT('2D SPACE',''
  ) );
#2043 = PCURVE('',#2044,#2049);
#2044 = CYLINDRICAL_SURFACE('',#2045,1.);
#2045 = AXIS2_PLACEMENT_3D('',#2046,#2047,#2048);
#2046 = CARTESIAN_POINT('',(20.8,21.95,-11.7));
#2047 = DIRECTION('',(1.,0.,0.));
#2048 = DIRECTION('',(-0.,1.,0.));
#2049 = DEFINITIONAL_REPRESENTATION('',(#2050),#2054);
#2050 = LINE('',#2051,#2052);
#2051 = CARTESIAN_POINT('',(-6.28318530718,2.2));
#2052 = VECTOR('',#2053,1.);
#2053 = DIRECTION('',(1.,-0.));
#2054 = ( GEOMETRIC_REPRESENTATION_CONTEXT(2) 
PARAMETRIC_REPRESENTATION_CONTEXT() REPRESENTATION_CONTEXT('2D SPACE',''
  ) );
#2055 = ORIENTED_EDGE('',*,*,#2056,.T.);
#2056 = EDGE_CURVE('',#2028,#1863,#2057,.T.);
#2057 = SURFACE_CURVE('',#2058,(#2062,#2068),.PCURVE_S1.);
#2058 = LINE('',#2059,#2060);
#2059 = CARTESIAN_POINT('',(23.,-16.575,-12.7));
#2060 = VECTOR('',#2061,1.);
#2061 = DIRECTION('',(0.,-1.,0.));
#2062 = PCURVE('',#740,#2063);
#2063 = DEFINITIONAL_REPRESENTATION('',(#2064),#2067);
#2064 = B_SPLINE_CURVE_WITH_KNOTS('',1,(#2065,#2066),.UNSPECIFIED.,.F.,
  .F.,(2,2),(-38.525,-1.825),.PIECEWISE_BEZIER_KNOTS.);
#2065 = CARTESIAN_POINT('',(8.3,-39.35));
#2066 = CARTESIAN_POINT('',(8.3,-2.65));
#2067 = ( GEOMETRIC_REPRESENTATION_CONTEXT(2) 
PARAMETRIC_REPRESENTATION_CONTEXT() REPRESENTATION_CONTEXT('2D SPACE',''
  ) );
#2068 = PCURVE('',#2069,#2074);
#2069 = PLANE('',#2070);
#2070 = AXIS2_PLACEMENT_3D('',#2071,#2072,#2073);
#2071 = CARTESIAN_POINT('',(20.8,-15.75,-12.7));
#2072 = DIRECTION('',(0.,0.,1.));
#2073 = DIRECTION('',(1.,0.,0.));
#2074 = DEFINITIONAL_REPRESENTATION('',(#2075),#2078);
#2075 = B_SPLINE_CURVE_WITH_KNOTS('',1,(#2076,#2077),.UNSPECIFIED.,.F.,
  .F.,(2,2),(-38.525,-1.825),.PIECEWISE_BEZIER_KNOTS.);
#2076 = CARTESIAN_POINT('',(2.2,37.7));
#2077 = CARTESIAN_POINT('',(2.2,1.));
#2078 = ( GEOMETRIC_REPRESENTATION_CONTEXT(2) 
PARAMETRIC_REPRESENTATION_CONTEXT() REPRESENTATION_CONTEXT('2D SPACE',''
  ) );
#2079 = ADVANCED_FACE('',(#2080),#1105,.F.);
#2080 = FACE_BOUND('',#2081,.F.);
#2081 = EDGE_LOOP('',(#2082,#2083,#2106,#2127));
#2082 = ORIENTED_EDGE('',*,*,#1088,.T.);
#2083 = ORIENTED_EDGE('',*,*,#2084,.T.);
#2084 = EDGE_CURVE('',#1091,#2085,#2087,.T.);
#2085 = VERTEX_POINT('',#2086);
#2086 = CARTESIAN_POINT('',(21.,-6.39,-7.8));
#2087 = SURFACE_CURVE('',#2088,(#2092,#2099),.PCURVE_S1.);
#2088 = LINE('',#2089,#2090);
#2089 = CARTESIAN_POINT('',(15.78,-6.39,-7.8));
#2090 = VECTOR('',#2091,1.);
#2091 = DIRECTION('',(1.,0.,0.));
#2092 = PCURVE('',#1105,#2093);
#2093 = DEFINITIONAL_REPRESENTATION('',(#2094),#2098);
#2094 = LINE('',#2095,#2096);
#2095 = CARTESIAN_POINT('',(0.,0.));
#2096 = VECTOR('',#2097,1.);
#2097 = DIRECTION('',(1.,0.));
#2098 = ( GEOMETRIC_REPRESENTATION_CONTEXT(2) 
PARAMETRIC_REPRESENTATION_CONTEXT() REPRESENTATION_CONTEXT('2D SPACE',''
  ) );
#2099 = PCURVE('',#1211,#2100);
#2100 = DEFINITIONAL_REPRESENTATION('',(#2101),#2105);
#2101 = LINE('',#2102,#2103);
#2102 = CARTESIAN_POINT('',(3.,0.));
#2103 = VECTOR('',#2104,1.);
#2104 = DIRECTION('',(0.,1.));
#2105 = ( GEOMETRIC_REPRESENTATION_CONTEXT(2) 
PARAMETRIC_REPRESENTATION_CONTEXT() REPRESENTATION_CONTEXT('2D SPACE',''
  ) );
#2106 = ORIENTED_EDGE('',*,*,#2107,.F.);
#2107 = EDGE_CURVE('',#2108,#2085,#2110,.T.);
#2108 = VERTEX_POINT('',#2109);
#2109 = CARTESIAN_POINT('',(21.,6.39,-7.8));
#2110 = SURFACE_CURVE('',#2111,(#2115,#2121),.PCURVE_S1.);
#2111 = LINE('',#2112,#2113);
#2112 = CARTESIAN_POINT('',(21.,-11.895,-7.8));
#2113 = VECTOR('',#2114,1.);
#2114 = DIRECTION('',(0.,-1.,0.));
#2115 = PCURVE('',#1105,#2116);
#2116 = DEFINITIONAL_REPRESENTATION('',(#2117),#2120);
#2117 = B_SPLINE_CURVE_WITH_KNOTS('',1,(#2118,#2119),.UNSPECIFIED.,.F.,
  .F.,(2,2),(-18.285,-5.505),.PIECEWISE_BEZIER_KNOTS.);
#2118 = CARTESIAN_POINT('',(5.22,12.78));
#2119 = CARTESIAN_POINT('',(5.22,0.));
#2120 = ( GEOMETRIC_REPRESENTATION_CONTEXT(2) 
PARAMETRIC_REPRESENTATION_CONTEXT() REPRESENTATION_CONTEXT('2D SPACE',''
  ) );
#2121 = PCURVE('',#1466,#2122);
#2122 = DEFINITIONAL_REPRESENTATION('',(#2123),#2126);
#2123 = B_SPLINE_CURVE_WITH_KNOTS('',1,(#2124,#2125),.UNSPECIFIED.,.F.,
  .F.,(2,2),(-18.285,-5.505),.PIECEWISE_BEZIER_KNOTS.);
#2124 = CARTESIAN_POINT('',(13.2,-23.79));
#2125 = CARTESIAN_POINT('',(13.2,-11.01));
#2126 = ( GEOMETRIC_REPRESENTATION_CONTEXT(2) 
PARAMETRIC_REPRESENTATION_CONTEXT() REPRESENTATION_CONTEXT('2D SPACE',''
  ) );
#2127 = ORIENTED_EDGE('',*,*,#2128,.F.);
#2128 = EDGE_CURVE('',#1089,#2108,#2129,.T.);
#2129 = SURFACE_CURVE('',#2130,(#2134,#2141),.PCURVE_S1.);
#2130 = LINE('',#2131,#2132);
#2131 = CARTESIAN_POINT('',(15.78,6.39,-7.8));
#2132 = VECTOR('',#2133,1.);
#2133 = DIRECTION('',(1.,0.,0.));
#2134 = PCURVE('',#1105,#2135);
#2135 = DEFINITIONAL_REPRESENTATION('',(#2136),#2140);
#2136 = LINE('',#2137,#2138);
#2137 = CARTESIAN_POINT('',(0.,12.78));
#2138 = VECTOR('',#2139,1.);
#2139 = DIRECTION('',(1.,0.));
#2140 = ( GEOMETRIC_REPRESENTATION_CONTEXT(2) 
PARAMETRIC_REPRESENTATION_CONTEXT() REPRESENTATION_CONTEXT('2D SPACE',''
  ) );
#2141 = PCURVE('',#1131,#2142);
#2142 = DEFINITIONAL_REPRESENTATION('',(#2143),#2147);
#2143 = LINE('',#2144,#2145);
#2144 = CARTESIAN_POINT('',(3.,0.));
#2145 = VECTOR('',#2146,1.);
#2146 = DIRECTION('',(0.,1.));
#2147 = ( GEOMETRIC_REPRESENTATION_CONTEXT(2) 
PARAMETRIC_REPRESENTATION_CONTEXT() REPRESENTATION_CONTEXT('2D SPACE',''
  ) );
#2148 = ADVANCED_FACE('',(#2149),#1211,.T.);
#2149 = FACE_BOUND('',#2150,.T.);
#2150 = EDGE_LOOP('',(#2151,#2170,#2171,#2172));
#2151 = ORIENTED_EDGE('',*,*,#2152,.F.);
#2152 = EDGE_CURVE('',#1779,#2085,#2153,.T.);
#2153 = SURFACE_CURVE('',#2154,(#2158,#2164),.PCURVE_S1.);
#2154 = LINE('',#2155,#2156);
#2155 = CARTESIAN_POINT('',(21.,-6.39,-15.9));
#2156 = VECTOR('',#2157,1.);
#2157 = DIRECTION('',(0.,0.,1.));
#2158 = PCURVE('',#1211,#2159);
#2159 = DEFINITIONAL_REPRESENTATION('',(#2160),#2163);
#2160 = B_SPLINE_CURVE_WITH_KNOTS('',1,(#2161,#2162),.UNSPECIFIED.,.F.,
  .F.,(2,2),(8.099466571818,8.1),.PIECEWISE_BEZIER_KNOTS.);
#2161 = CARTESIAN_POINT('',(2.999466571818,5.22));
#2162 = CARTESIAN_POINT('',(3.,5.22));
#2163 = ( GEOMETRIC_REPRESENTATION_CONTEXT(2) 
PARAMETRIC_REPRESENTATION_CONTEXT() REPRESENTATION_CONTEXT('2D SPACE',''
  ) );
#2164 = PCURVE('',#1466,#2165);
#2165 = DEFINITIONAL_REPRESENTATION('',(#2166),#2169);
#2166 = B_SPLINE_CURVE_WITH_KNOTS('',1,(#2167,#2168),.UNSPECIFIED.,.F.,
  .F.,(2,2),(8.099466571818,8.1),.PIECEWISE_BEZIER_KNOTS.);
#2167 = CARTESIAN_POINT('',(13.199466571818,-11.01));
#2168 = CARTESIAN_POINT('',(13.2,-11.01));
#2169 = ( GEOMETRIC_REPRESENTATION_CONTEXT(2) 
PARAMETRIC_REPRESENTATION_CONTEXT() REPRESENTATION_CONTEXT('2D SPACE',''
  ) );
#2170 = ORIENTED_EDGE('',*,*,#1778,.T.);
#2171 = ORIENTED_EDGE('',*,*,#1198,.T.);
#2172 = ORIENTED_EDGE('',*,*,#2084,.T.);
#2173 = ADVANCED_FACE('',(#2174),#1131,.F.);
#2174 = FACE_BOUND('',#2175,.F.);
#2175 = EDGE_LOOP('',(#2176,#2195,#2196,#2197));
#2176 = ORIENTED_EDGE('',*,*,#2177,.F.);
#2177 = EDGE_CURVE('',#1448,#2108,#2178,.T.);
#2178 = SURFACE_CURVE('',#2179,(#2183,#2189),.PCURVE_S1.);
#2179 = LINE('',#2180,#2181);
#2180 = CARTESIAN_POINT('',(21.,6.39,-15.9));
#2181 = VECTOR('',#2182,1.);
#2182 = DIRECTION('',(0.,0.,1.));
#2183 = PCURVE('',#1131,#2184);
#2184 = DEFINITIONAL_REPRESENTATION('',(#2185),#2188);
#2185 = B_SPLINE_CURVE_WITH_KNOTS('',1,(#2186,#2187),.UNSPECIFIED.,.F.,
  .F.,(2,2),(8.099466571818,8.1),.PIECEWISE_BEZIER_KNOTS.);
#2186 = CARTESIAN_POINT('',(2.999466571818,5.22));
#2187 = CARTESIAN_POINT('',(3.,5.22));
#2188 = ( GEOMETRIC_REPRESENTATION_CONTEXT(2) 
PARAMETRIC_REPRESENTATION_CONTEXT() REPRESENTATION_CONTEXT('2D SPACE',''
  ) );
#2189 = PCURVE('',#1466,#2190);
#2190 = DEFINITIONAL_REPRESENTATION('',(#2191),#2194);
#2191 = B_SPLINE_CURVE_WITH_KNOTS('',1,(#2192,#2193),.UNSPECIFIED.,.F.,
  .F.,(2,2),(8.099466571818,8.1),.PIECEWISE_BEZIER_KNOTS.);
#2192 = CARTESIAN_POINT('',(13.199466571818,-23.79));
#2193 = CARTESIAN_POINT('',(13.2,-23.79));
#2194 = ( GEOMETRIC_REPRESENTATION_CONTEXT(2) 
PARAMETRIC_REPRESENTATION_CONTEXT() REPRESENTATION_CONTEXT('2D SPACE',''
  ) );
#2195 = ORIENTED_EDGE('',*,*,#1482,.T.);
#2196 = ORIENTED_EDGE('',*,*,#1116,.T.);
#2197 = ORIENTED_EDGE('',*,*,#2128,.T.);
#2198 = ADVANCED_FACE('',(#2199),#1243,.F.);
#2199 = FACE_BOUND('',#2200,.F.);
#2200 = EDGE_LOOP('',(#2201,#2224,#2225,#2248));
#2201 = ORIENTED_EDGE('',*,*,#2202,.F.);
#2202 = EDGE_CURVE('',#1225,#2203,#2205,.T.);
#2203 = VERTEX_POINT('',#2204);
#2204 = CARTESIAN_POINT('',(21.,-10.45,-5.2));
#2205 = SURFACE_CURVE('',#2206,(#2210,#2217),.PCURVE_S1.);
#2206 = LINE('',#2207,#2208);
#2207 = CARTESIAN_POINT('',(15.78,-10.45,-5.2));
#2208 = VECTOR('',#2209,1.);
#2209 = DIRECTION('',(1.,0.,0.));
#2210 = PCURVE('',#1243,#2211);
#2211 = DEFINITIONAL_REPRESENTATION('',(#2212),#2216);
#2212 = LINE('',#2213,#2214);
#2213 = CARTESIAN_POINT('',(0.,0.));
#2214 = VECTOR('',#2215,1.);
#2215 = DIRECTION('',(0.,1.));
#2216 = ( GEOMETRIC_REPRESENTATION_CONTEXT(2) 
PARAMETRIC_REPRESENTATION_CONTEXT() REPRESENTATION_CONTEXT('2D SPACE',''
  ) );
#2217 = PCURVE('',#1270,#2218);
#2218 = DEFINITIONAL_REPRESENTATION('',(#2219),#2223);
#2219 = LINE('',#2220,#2221);
#2220 = CARTESIAN_POINT('',(1.5,0.));
#2221 = VECTOR('',#2222,1.);
#2222 = DIRECTION('',(0.,1.));
#2223 = ( GEOMETRIC_REPRESENTATION_CONTEXT(2) 
PARAMETRIC_REPRESENTATION_CONTEXT() REPRESENTATION_CONTEXT('2D SPACE',''
  ) );
#2224 = ORIENTED_EDGE('',*,*,#1224,.T.);
#2225 = ORIENTED_EDGE('',*,*,#2226,.T.);
#2226 = EDGE_CURVE('',#1227,#2227,#2229,.T.);
#2227 = VERTEX_POINT('',#2228);
#2228 = CARTESIAN_POINT('',(21.,-8.95,-6.7));
#2229 = SURFACE_CURVE('',#2230,(#2234,#2241),.PCURVE_S1.);
#2230 = LINE('',#2231,#2232);
#2231 = CARTESIAN_POINT('',(15.78,-8.95,-6.7));
#2232 = VECTOR('',#2233,1.);
#2233 = DIRECTION('',(1.,0.,0.));
#2234 = PCURVE('',#1243,#2235);
#2235 = DEFINITIONAL_REPRESENTATION('',(#2236),#2240);
#2236 = LINE('',#2237,#2238);
#2237 = CARTESIAN_POINT('',(1.570796326795,0.));
#2238 = VECTOR('',#2239,1.);
#2239 = DIRECTION('',(0.,1.));
#2240 = ( GEOMETRIC_REPRESENTATION_CONTEXT(2) 
PARAMETRIC_REPRESENTATION_CONTEXT() REPRESENTATION_CONTEXT('2D SPACE',''
  ) );
#2241 = PCURVE('',#1433,#2242);
#2242 = DEFINITIONAL_REPRESENTATION('',(#2243),#2247);
#2243 = LINE('',#2244,#2245);
#2244 = CARTESIAN_POINT('',(0.,1.5));
#2245 = VECTOR('',#2246,1.);
#2246 = DIRECTION('',(1.,0.));
#2247 = ( GEOMETRIC_REPRESENTATION_CONTEXT(2) 
PARAMETRIC_REPRESENTATION_CONTEXT() REPRESENTATION_CONTEXT('2D SPACE',''
  ) );
#2248 = ORIENTED_EDGE('',*,*,#2249,.F.);
#2249 = EDGE_CURVE('',#2203,#2227,#2250,.T.);
#2250 = SURFACE_CURVE('',#2251,(#2256,#2263),.PCURVE_S1.);
#2251 = CIRCLE('',#2252,1.5);
#2252 = AXIS2_PLACEMENT_3D('',#2253,#2254,#2255);
#2253 = CARTESIAN_POINT('',(21.,-8.95,-5.2));
#2254 = DIRECTION('',(1.,0.,0.));
#2255 = DIRECTION('',(0.,-1.,0.));
#2256 = PCURVE('',#1243,#2257);
#2257 = DEFINITIONAL_REPRESENTATION('',(#2258),#2262);
#2258 = LINE('',#2259,#2260);
#2259 = CARTESIAN_POINT('',(0.,5.22));
#2260 = VECTOR('',#2261,1.);
#2261 = DIRECTION('',(1.,0.));
#2262 = ( GEOMETRIC_REPRESENTATION_CONTEXT(2) 
PARAMETRIC_REPRESENTATION_CONTEXT() REPRESENTATION_CONTEXT('2D SPACE',''
  ) );
#2263 = PCURVE('',#1466,#2264);
#2264 = DEFINITIONAL_REPRESENTATION('',(#2265),#2269);
#2265 = CIRCLE('',#2266,1.5);
#2266 = AXIS2_PLACEMENT_2D('',#2267,#2268);
#2267 = CARTESIAN_POINT('',(15.8,-8.45));
#2268 = DIRECTION('',(0.,1.));
#2269 = ( GEOMETRIC_REPRESENTATION_CONTEXT(2) 
PARAMETRIC_REPRESENTATION_CONTEXT() REPRESENTATION_CONTEXT('2D SPACE',''
  ) );
#2270 = ADVANCED_FACE('',(#2271),#1270,.T.);
#2271 = FACE_BOUND('',#2272,.T.);
#2272 = EDGE_LOOP('',(#2273,#2294,#2295,#2296));
#2273 = ORIENTED_EDGE('',*,*,#2274,.F.);
#2274 = EDGE_CURVE('',#2203,#2275,#2277,.T.);
#2275 = VERTEX_POINT('',#2276);
#2276 = CARTESIAN_POINT('',(21.,-10.45,5.2));
#2277 = SURFACE_CURVE('',#2278,(#2282,#2288),.PCURVE_S1.);
#2278 = LINE('',#2279,#2280);
#2279 = CARTESIAN_POINT('',(21.,-10.45,-13.85));
#2280 = VECTOR('',#2281,1.);
#2281 = DIRECTION('',(0.,0.,1.));
#2282 = PCURVE('',#1270,#2283);
#2283 = DEFINITIONAL_REPRESENTATION('',(#2284),#2287);
#2284 = B_SPLINE_CURVE_WITH_KNOTS('',1,(#2285,#2286),.UNSPECIFIED.,.F.,
  .F.,(2,2),(8.65,19.05),.PIECEWISE_BEZIER_KNOTS.);
#2285 = CARTESIAN_POINT('',(1.5,5.22));
#2286 = CARTESIAN_POINT('',(11.9,5.22));
#2287 = ( GEOMETRIC_REPRESENTATION_CONTEXT(2) 
PARAMETRIC_REPRESENTATION_CONTEXT() REPRESENTATION_CONTEXT('2D SPACE',''
  ) );
#2288 = PCURVE('',#1466,#2289);
#2289 = DEFINITIONAL_REPRESENTATION('',(#2290),#2293);
#2290 = B_SPLINE_CURVE_WITH_KNOTS('',1,(#2291,#2292),.UNSPECIFIED.,.F.,
  .F.,(2,2),(8.65,19.05),.PIECEWISE_BEZIER_KNOTS.);
#2291 = CARTESIAN_POINT('',(15.8,-6.95));
#2292 = CARTESIAN_POINT('',(26.2,-6.95));
#2293 = ( GEOMETRIC_REPRESENTATION_CONTEXT(2) 
PARAMETRIC_REPRESENTATION_CONTEXT() REPRESENTATION_CONTEXT('2D SPACE',''
  ) );
#2294 = ORIENTED_EDGE('',*,*,#2202,.F.);
#2295 = ORIENTED_EDGE('',*,*,#1255,.T.);
#2296 = ORIENTED_EDGE('',*,*,#2297,.T.);
#2297 = EDGE_CURVE('',#1256,#2275,#2298,.T.);
#2298 = SURFACE_CURVE('',#2299,(#2303,#2310),.PCURVE_S1.);
#2299 = LINE('',#2300,#2301);
#2300 = CARTESIAN_POINT('',(15.78,-10.45,5.2));
#2301 = VECTOR('',#2302,1.);
#2302 = DIRECTION('',(1.,0.,0.));
#2303 = PCURVE('',#1270,#2304);
#2304 = DEFINITIONAL_REPRESENTATION('',(#2305),#2309);
#2305 = LINE('',#2306,#2307);
#2306 = CARTESIAN_POINT('',(11.9,0.));
#2307 = VECTOR('',#2308,1.);
#2308 = DIRECTION('',(0.,1.));
#2309 = ( GEOMETRIC_REPRESENTATION_CONTEXT(2) 
PARAMETRIC_REPRESENTATION_CONTEXT() REPRESENTATION_CONTEXT('2D SPACE',''
  ) );
#2310 = PCURVE('',#1298,#2311);
#2311 = DEFINITIONAL_REPRESENTATION('',(#2312),#2316);
#2312 = LINE('',#2313,#2314);
#2313 = CARTESIAN_POINT('',(-0.,0.));
#2314 = VECTOR('',#2315,1.);
#2315 = DIRECTION('',(-0.,1.));
#2316 = ( GEOMETRIC_REPRESENTATION_CONTEXT(2) 
PARAMETRIC_REPRESENTATION_CONTEXT() REPRESENTATION_CONTEXT('2D SPACE',''
  ) );
#2317 = ADVANCED_FACE('',(#2318),#1433,.T.);
#2318 = FACE_BOUND('',#2319,.T.);
#2319 = EDGE_LOOP('',(#2320,#2321,#2322,#2343));
#2320 = ORIENTED_EDGE('',*,*,#1420,.T.);
#2321 = ORIENTED_EDGE('',*,*,#2226,.T.);
#2322 = ORIENTED_EDGE('',*,*,#2323,.F.);
#2323 = EDGE_CURVE('',#2324,#2227,#2326,.T.);
#2324 = VERTEX_POINT('',#2325);
#2325 = CARTESIAN_POINT('',(21.,8.95,-6.7));
#2326 = SURFACE_CURVE('',#2327,(#2331,#2337),.PCURVE_S1.);
#2327 = LINE('',#2328,#2329);
#2328 = CARTESIAN_POINT('',(21.,-13.925,-6.7));
#2329 = VECTOR('',#2330,1.);
#2330 = DIRECTION('',(0.,-1.,0.));
#2331 = PCURVE('',#1433,#2332);
#2332 = DEFINITIONAL_REPRESENTATION('',(#2333),#2336);
#2333 = B_SPLINE_CURVE_WITH_KNOTS('',1,(#2334,#2335),.UNSPECIFIED.,.F.,
  .F.,(2,2),(-22.875,-4.975),.PIECEWISE_BEZIER_KNOTS.);
#2334 = CARTESIAN_POINT('',(5.22,19.4));
#2335 = CARTESIAN_POINT('',(5.22,1.5));
#2336 = ( GEOMETRIC_REPRESENTATION_CONTEXT(2) 
PARAMETRIC_REPRESENTATION_CONTEXT() REPRESENTATION_CONTEXT('2D SPACE',''
  ) );
#2337 = PCURVE('',#1466,#2338);
#2338 = DEFINITIONAL_REPRESENTATION('',(#2339),#2342);
#2339 = B_SPLINE_CURVE_WITH_KNOTS('',1,(#2340,#2341),.UNSPECIFIED.,.F.,
  .F.,(2,2),(-22.875,-4.975),.PIECEWISE_BEZIER_KNOTS.);
#2340 = CARTESIAN_POINT('',(14.3,-26.35));
#2341 = CARTESIAN_POINT('',(14.3,-8.45));
#2342 = ( GEOMETRIC_REPRESENTATION_CONTEXT(2) 
PARAMETRIC_REPRESENTATION_CONTEXT() REPRESENTATION_CONTEXT('2D SPACE',''
  ) );
#2343 = ORIENTED_EDGE('',*,*,#2344,.F.);
#2344 = EDGE_CURVE('',#1392,#2324,#2345,.T.);
#2345 = SURFACE_CURVE('',#2346,(#2350,#2357),.PCURVE_S1.);
#2346 = LINE('',#2347,#2348);
#2347 = CARTESIAN_POINT('',(15.78,8.95,-6.7));
#2348 = VECTOR('',#2349,1.);
#2349 = DIRECTION('',(1.,0.,0.));
#2350 = PCURVE('',#1433,#2351);
#2351 = DEFINITIONAL_REPRESENTATION('',(#2352),#2356);
#2352 = LINE('',#2353,#2354);
#2353 = CARTESIAN_POINT('',(0.,19.4));
#2354 = VECTOR('',#2355,1.);
#2355 = DIRECTION('',(1.,0.));
#2356 = ( GEOMETRIC_REPRESENTATION_CONTEXT(2) 
PARAMETRIC_REPRESENTATION_CONTEXT() REPRESENTATION_CONTEXT('2D SPACE',''
  ) );
#2357 = PCURVE('',#1408,#2358);
#2358 = DEFINITIONAL_REPRESENTATION('',(#2359),#2363);
#2359 = LINE('',#2360,#2361);
#2360 = CARTESIAN_POINT('',(-1.570796326795,0.));
#2361 = VECTOR('',#2362,1.);
#2362 = DIRECTION('',(-0.,1.));
#2363 = ( GEOMETRIC_REPRESENTATION_CONTEXT(2) 
PARAMETRIC_REPRESENTATION_CONTEXT() REPRESENTATION_CONTEXT('2D SPACE',''
  ) );
#2364 = ADVANCED_FACE('',(#2365),#1298,.F.);
#2365 = FACE_BOUND('',#2366,.T.);
#2366 = EDGE_LOOP('',(#2367,#2368,#2369,#2392));
#2367 = ORIENTED_EDGE('',*,*,#2297,.F.);
#2368 = ORIENTED_EDGE('',*,*,#1281,.F.);
#2369 = ORIENTED_EDGE('',*,*,#2370,.T.);
#2370 = EDGE_CURVE('',#1282,#2371,#2373,.T.);
#2371 = VERTEX_POINT('',#2372);
#2372 = CARTESIAN_POINT('',(21.,-8.95,6.7));
#2373 = SURFACE_CURVE('',#2374,(#2378,#2385),.PCURVE_S1.);
#2374 = LINE('',#2375,#2376);
#2375 = CARTESIAN_POINT('',(15.78,-8.95,6.7));
#2376 = VECTOR('',#2377,1.);
#2377 = DIRECTION('',(1.,0.,0.));
#2378 = PCURVE('',#1298,#2379);
#2379 = DEFINITIONAL_REPRESENTATION('',(#2380),#2384);
#2380 = LINE('',#2381,#2382);
#2381 = CARTESIAN_POINT('',(-1.570796326795,0.));
#2382 = VECTOR('',#2383,1.);
#2383 = DIRECTION('',(-0.,1.));
#2384 = ( GEOMETRIC_REPRESENTATION_CONTEXT(2) 
PARAMETRIC_REPRESENTATION_CONTEXT() REPRESENTATION_CONTEXT('2D SPACE',''
  ) );
#2385 = PCURVE('',#1325,#2386);
#2386 = DEFINITIONAL_REPRESENTATION('',(#2387),#2391);
#2387 = LINE('',#2388,#2389);
#2388 = CARTESIAN_POINT('',(0.,1.5));
#2389 = VECTOR('',#2390,1.);
#2390 = DIRECTION('',(1.,0.));
#2391 = ( GEOMETRIC_REPRESENTATION_CONTEXT(2) 
PARAMETRIC_REPRESENTATION_CONTEXT() REPRESENTATION_CONTEXT('2D SPACE',''
  ) );
#2392 = ORIENTED_EDGE('',*,*,#2393,.T.);
#2393 = EDGE_CURVE('',#2371,#2275,#2394,.T.);
#2394 = SURFACE_CURVE('',#2395,(#2400,#2407),.PCURVE_S1.);
#2395 = CIRCLE('',#2396,1.5);
#2396 = AXIS2_PLACEMENT_3D('',#2397,#2398,#2399);
#2397 = CARTESIAN_POINT('',(21.,-8.95,5.2));
#2398 = DIRECTION('',(1.,0.,0.));
#2399 = DIRECTION('',(0.,-1.,0.));
#2400 = PCURVE('',#1298,#2401);
#2401 = DEFINITIONAL_REPRESENTATION('',(#2402),#2406);
#2402 = LINE('',#2403,#2404);
#2403 = CARTESIAN_POINT('',(-6.28318530718,5.22));
#2404 = VECTOR('',#2405,1.);
#2405 = DIRECTION('',(1.,-0.));
#2406 = ( GEOMETRIC_REPRESENTATION_CONTEXT(2) 
PARAMETRIC_REPRESENTATION_CONTEXT() REPRESENTATION_CONTEXT('2D SPACE',''
  ) );
#2407 = PCURVE('',#1466,#2408);
#2408 = DEFINITIONAL_REPRESENTATION('',(#2409),#2413);
#2409 = CIRCLE('',#2410,1.5);
#2410 = AXIS2_PLACEMENT_2D('',#2411,#2412);
#2411 = CARTESIAN_POINT('',(26.2,-8.45));
#2412 = DIRECTION('',(0.,1.));
#2413 = ( GEOMETRIC_REPRESENTATION_CONTEXT(2) 
PARAMETRIC_REPRESENTATION_CONTEXT() REPRESENTATION_CONTEXT('2D SPACE',''
  ) );
#2414 = ADVANCED_FACE('',(#2415),#1408,.F.);
#2415 = FACE_BOUND('',#2416,.T.);
#2416 = EDGE_LOOP('',(#2417,#2440,#2441,#2442));
#2417 = ORIENTED_EDGE('',*,*,#2418,.F.);
#2418 = EDGE_CURVE('',#1366,#2419,#2421,.T.);
#2419 = VERTEX_POINT('',#2420);
#2420 = CARTESIAN_POINT('',(21.,10.45,-5.2));
#2421 = SURFACE_CURVE('',#2422,(#2426,#2433),.PCURVE_S1.);
#2422 = LINE('',#2423,#2424);
#2423 = CARTESIAN_POINT('',(15.78,10.45,-5.2));
#2424 = VECTOR('',#2425,1.);
#2425 = DIRECTION('',(1.,0.,0.));
#2426 = PCURVE('',#1408,#2427);
#2427 = DEFINITIONAL_REPRESENTATION('',(#2428),#2432);
#2428 = LINE('',#2429,#2430);
#2429 = CARTESIAN_POINT('',(-0.,0.));
#2430 = VECTOR('',#2431,1.);
#2431 = DIRECTION('',(-0.,1.));
#2432 = ( GEOMETRIC_REPRESENTATION_CONTEXT(2) 
PARAMETRIC_REPRESENTATION_CONTEXT() REPRESENTATION_CONTEXT('2D SPACE',''
  ) );
#2433 = PCURVE('',#1380,#2434);
#2434 = DEFINITIONAL_REPRESENTATION('',(#2435),#2439);
#2435 = LINE('',#2436,#2437);
#2436 = CARTESIAN_POINT('',(1.5,0.));
#2437 = VECTOR('',#2438,1.);
#2438 = DIRECTION('',(0.,1.));
#2439 = ( GEOMETRIC_REPRESENTATION_CONTEXT(2) 
PARAMETRIC_REPRESENTATION_CONTEXT() REPRESENTATION_CONTEXT('2D SPACE',''
  ) );
#2440 = ORIENTED_EDGE('',*,*,#1391,.F.);
#2441 = ORIENTED_EDGE('',*,*,#2344,.T.);
#2442 = ORIENTED_EDGE('',*,*,#2443,.T.);
#2443 = EDGE_CURVE('',#2324,#2419,#2444,.T.);
#2444 = SURFACE_CURVE('',#2445,(#2450,#2457),.PCURVE_S1.);
#2445 = CIRCLE('',#2446,1.5);
#2446 = AXIS2_PLACEMENT_3D('',#2447,#2448,#2449);
#2447 = CARTESIAN_POINT('',(21.,8.95,-5.2));
#2448 = DIRECTION('',(1.,0.,0.));
#2449 = DIRECTION('',(-0.,1.,0.));
#2450 = PCURVE('',#1408,#2451);
#2451 = DEFINITIONAL_REPRESENTATION('',(#2452),#2456);
#2452 = LINE('',#2453,#2454);
#2453 = CARTESIAN_POINT('',(-6.28318530718,5.22));
#2454 = VECTOR('',#2455,1.);
#2455 = DIRECTION('',(1.,-0.));
#2456 = ( GEOMETRIC_REPRESENTATION_CONTEXT(2) 
PARAMETRIC_REPRESENTATION_CONTEXT() REPRESENTATION_CONTEXT('2D SPACE',''
  ) );
#2457 = PCURVE('',#1466,#2458);
#2458 = DEFINITIONAL_REPRESENTATION('',(#2459),#2463);
#2459 = CIRCLE('',#2460,1.5);
#2460 = AXIS2_PLACEMENT_2D('',#2461,#2462);
#2461 = CARTESIAN_POINT('',(15.8,-26.35));
#2462 = DIRECTION('',(0.,-1.));
#2463 = ( GEOMETRIC_REPRESENTATION_CONTEXT(2) 
PARAMETRIC_REPRESENTATION_CONTEXT() REPRESENTATION_CONTEXT('2D SPACE',''
  ) );
#2464 = ADVANCED_FACE('',(#2465),#1325,.F.);
#2465 = FACE_BOUND('',#2466,.F.);
#2466 = EDGE_LOOP('',(#2467,#2468,#2469,#2490));
#2467 = ORIENTED_EDGE('',*,*,#1310,.T.);
#2468 = ORIENTED_EDGE('',*,*,#2370,.T.);
#2469 = ORIENTED_EDGE('',*,*,#2470,.F.);
#2470 = EDGE_CURVE('',#2471,#2371,#2473,.T.);
#2471 = VERTEX_POINT('',#2472);
#2472 = CARTESIAN_POINT('',(21.,8.95,6.7));
#2473 = SURFACE_CURVE('',#2474,(#2478,#2484),.PCURVE_S1.);
#2474 = LINE('',#2475,#2476);
#2475 = CARTESIAN_POINT('',(21.,-13.925,6.7));
#2476 = VECTOR('',#2477,1.);
#2477 = DIRECTION('',(0.,-1.,0.));
#2478 = PCURVE('',#1325,#2479);
#2479 = DEFINITIONAL_REPRESENTATION('',(#2480),#2483);
#2480 = B_SPLINE_CURVE_WITH_KNOTS('',1,(#2481,#2482),.UNSPECIFIED.,.F.,
  .F.,(2,2),(-22.875,-4.975),.PIECEWISE_BEZIER_KNOTS.);
#2481 = CARTESIAN_POINT('',(5.22,19.4));
#2482 = CARTESIAN_POINT('',(5.22,1.5));
#2483 = ( GEOMETRIC_REPRESENTATION_CONTEXT(2) 
PARAMETRIC_REPRESENTATION_CONTEXT() REPRESENTATION_CONTEXT('2D SPACE',''
  ) );
#2484 = PCURVE('',#1466,#2485);
#2485 = DEFINITIONAL_REPRESENTATION('',(#2486),#2489);
#2486 = B_SPLINE_CURVE_WITH_KNOTS('',1,(#2487,#2488),.UNSPECIFIED.,.F.,
  .F.,(2,2),(-22.875,-4.975),.PIECEWISE_BEZIER_KNOTS.);
#2487 = CARTESIAN_POINT('',(27.7,-26.35));
#2488 = CARTESIAN_POINT('',(27.7,-8.45));
#2489 = ( GEOMETRIC_REPRESENTATION_CONTEXT(2) 
PARAMETRIC_REPRESENTATION_CONTEXT() REPRESENTATION_CONTEXT('2D SPACE',''
  ) );
#2490 = ORIENTED_EDGE('',*,*,#2491,.F.);
#2491 = EDGE_CURVE('',#1311,#2471,#2492,.T.);
#2492 = SURFACE_CURVE('',#2493,(#2497,#2504),.PCURVE_S1.);
#2493 = LINE('',#2494,#2495);
#2494 = CARTESIAN_POINT('',(15.78,8.95,6.7));
#2495 = VECTOR('',#2496,1.);
#2496 = DIRECTION('',(1.,0.,0.));
#2497 = PCURVE('',#1325,#2498);
#2498 = DEFINITIONAL_REPRESENTATION('',(#2499),#2503);
#2499 = LINE('',#2500,#2501);
#2500 = CARTESIAN_POINT('',(0.,19.4));
#2501 = VECTOR('',#2502,1.);
#2502 = DIRECTION('',(1.,0.));
#2503 = ( GEOMETRIC_REPRESENTATION_CONTEXT(2) 
PARAMETRIC_REPRESENTATION_CONTEXT() REPRESENTATION_CONTEXT('2D SPACE',''
  ) );
#2504 = PCURVE('',#1353,#2505);
#2505 = DEFINITIONAL_REPRESENTATION('',(#2506),#2510);
#2506 = LINE('',#2507,#2508);
#2507 = CARTESIAN_POINT('',(1.570796326795,0.));
#2508 = VECTOR('',#2509,1.);
#2509 = DIRECTION('',(0.,1.));
#2510 = ( GEOMETRIC_REPRESENTATION_CONTEXT(2) 
PARAMETRIC_REPRESENTATION_CONTEXT() REPRESENTATION_CONTEXT('2D SPACE',''
  ) );
#2511 = ADVANCED_FACE('',(#2512),#1380,.F.);
#2512 = FACE_BOUND('',#2513,.F.);
#2513 = EDGE_LOOP('',(#2514,#2535,#2536,#2537));
#2514 = ORIENTED_EDGE('',*,*,#2515,.F.);
#2515 = EDGE_CURVE('',#2419,#2516,#2518,.T.);
#2516 = VERTEX_POINT('',#2517);
#2517 = CARTESIAN_POINT('',(21.,10.45,5.2));
#2518 = SURFACE_CURVE('',#2519,(#2523,#2529),.PCURVE_S1.);
#2519 = LINE('',#2520,#2521);
#2520 = CARTESIAN_POINT('',(21.,10.45,-13.85));
#2521 = VECTOR('',#2522,1.);
#2522 = DIRECTION('',(0.,0.,1.));
#2523 = PCURVE('',#1380,#2524);
#2524 = DEFINITIONAL_REPRESENTATION('',(#2525),#2528);
#2525 = B_SPLINE_CURVE_WITH_KNOTS('',1,(#2526,#2527),.UNSPECIFIED.,.F.,
  .F.,(2,2),(8.65,19.05),.PIECEWISE_BEZIER_KNOTS.);
#2526 = CARTESIAN_POINT('',(1.5,5.22));
#2527 = CARTESIAN_POINT('',(11.9,5.22));
#2528 = ( GEOMETRIC_REPRESENTATION_CONTEXT(2) 
PARAMETRIC_REPRESENTATION_CONTEXT() REPRESENTATION_CONTEXT('2D SPACE',''
  ) );
#2529 = PCURVE('',#1466,#2530);
#2530 = DEFINITIONAL_REPRESENTATION('',(#2531),#2534);
#2531 = B_SPLINE_CURVE_WITH_KNOTS('',1,(#2532,#2533),.UNSPECIFIED.,.F.,
  .F.,(2,2),(8.65,19.05),.PIECEWISE_BEZIER_KNOTS.);
#2532 = CARTESIAN_POINT('',(15.8,-27.85));
#2533 = CARTESIAN_POINT('',(26.2,-27.85));
#2534 = ( GEOMETRIC_REPRESENTATION_CONTEXT(2) 
PARAMETRIC_REPRESENTATION_CONTEXT() REPRESENTATION_CONTEXT('2D SPACE',''
  ) );
#2535 = ORIENTED_EDGE('',*,*,#2418,.F.);
#2536 = ORIENTED_EDGE('',*,*,#1365,.T.);
#2537 = ORIENTED_EDGE('',*,*,#2538,.T.);
#2538 = EDGE_CURVE('',#1337,#2516,#2539,.T.);
#2539 = SURFACE_CURVE('',#2540,(#2544,#2551),.PCURVE_S1.);
#2540 = LINE('',#2541,#2542);
#2541 = CARTESIAN_POINT('',(15.78,10.45,5.2));
#2542 = VECTOR('',#2543,1.);
#2543 = DIRECTION('',(1.,0.,0.));
#2544 = PCURVE('',#1380,#2545);
#2545 = DEFINITIONAL_REPRESENTATION('',(#2546),#2550);
#2546 = LINE('',#2547,#2548);
#2547 = CARTESIAN_POINT('',(11.9,0.));
#2548 = VECTOR('',#2549,1.);
#2549 = DIRECTION('',(0.,1.));
#2550 = ( GEOMETRIC_REPRESENTATION_CONTEXT(2) 
PARAMETRIC_REPRESENTATION_CONTEXT() REPRESENTATION_CONTEXT('2D SPACE',''
  ) );
#2551 = PCURVE('',#1353,#2552);
#2552 = DEFINITIONAL_REPRESENTATION('',(#2553),#2557);
#2553 = LINE('',#2554,#2555);
#2554 = CARTESIAN_POINT('',(0.,0.));
#2555 = VECTOR('',#2556,1.);
#2556 = DIRECTION('',(0.,1.));
#2557 = ( GEOMETRIC_REPRESENTATION_CONTEXT(2) 
PARAMETRIC_REPRESENTATION_CONTEXT() REPRESENTATION_CONTEXT('2D SPACE',''
  ) );
#2558 = ADVANCED_FACE('',(#2559),#1353,.F.);
#2559 = FACE_BOUND('',#2560,.F.);
#2560 = EDGE_LOOP('',(#2561,#2562,#2563,#2564));
#2561 = ORIENTED_EDGE('',*,*,#2538,.F.);
#2562 = ORIENTED_EDGE('',*,*,#1336,.T.);
#2563 = ORIENTED_EDGE('',*,*,#2491,.T.);
#2564 = ORIENTED_EDGE('',*,*,#2565,.F.);
#2565 = EDGE_CURVE('',#2516,#2471,#2566,.T.);
#2566 = SURFACE_CURVE('',#2567,(#2572,#2579),.PCURVE_S1.);
#2567 = CIRCLE('',#2568,1.5);
#2568 = AXIS2_PLACEMENT_3D('',#2569,#2570,#2571);
#2569 = CARTESIAN_POINT('',(21.,8.95,5.2));
#2570 = DIRECTION('',(1.,0.,0.));
#2571 = DIRECTION('',(-0.,1.,0.));
#2572 = PCURVE('',#1353,#2573);
#2573 = DEFINITIONAL_REPRESENTATION('',(#2574),#2578);
#2574 = LINE('',#2575,#2576);
#2575 = CARTESIAN_POINT('',(0.,5.22));
#2576 = VECTOR('',#2577,1.);
#2577 = DIRECTION('',(1.,0.));
#2578 = ( GEOMETRIC_REPRESENTATION_CONTEXT(2) 
PARAMETRIC_REPRESENTATION_CONTEXT() REPRESENTATION_CONTEXT('2D SPACE',''
  ) );
#2579 = PCURVE('',#1466,#2580);
#2580 = DEFINITIONAL_REPRESENTATION('',(#2581),#2585);
#2581 = CIRCLE('',#2582,1.5);
#2582 = AXIS2_PLACEMENT_2D('',#2583,#2584);
#2583 = CARTESIAN_POINT('',(26.2,-26.35));
#2584 = DIRECTION('',(0.,-1.));
#2585 = ( GEOMETRIC_REPRESENTATION_CONTEXT(2) 
PARAMETRIC_REPRESENTATION_CONTEXT() REPRESENTATION_CONTEXT('2D SPACE',''
  ) );
#2586 = ADVANCED_FACE('',(#2587,#2773,#2808,#2854,#2864),#1466,.T.);
#2587 = FACE_BOUND('',#2588,.T.);
#2588 = EDGE_LOOP('',(#2589,#2613,#2637,#2659,#2683,#2705,#2729,#2751));
#2589 = ORIENTED_EDGE('',*,*,#2590,.F.);
#2590 = EDGE_CURVE('',#2591,#2593,#2595,.T.);
#2591 = VERTEX_POINT('',#2592);
#2592 = CARTESIAN_POINT('',(21.,-15.75,-11.7));
#2593 = VERTEX_POINT('',#2594);
#2594 = CARTESIAN_POINT('',(21.,-15.75,9.5));
#2595 = SURFACE_CURVE('',#2596,(#2600,#2607),.PCURVE_S1.);
#2596 = LINE('',#2597,#2598);
#2597 = CARTESIAN_POINT('',(21.,-15.75,-16.85));
#2598 = VECTOR('',#2599,1.);
#2599 = DIRECTION('',(0.,0.,1.));
#2600 = PCURVE('',#1466,#2601);
#2601 = DEFINITIONAL_REPRESENTATION('',(#2602),#2606);
#2602 = LINE('',#2603,#2604);
#2603 = CARTESIAN_POINT('',(4.15,-1.65));
#2604 = VECTOR('',#2605,1.);
#2605 = DIRECTION('',(1.,0.));
#2606 = ( GEOMETRIC_REPRESENTATION_CONTEXT(2) 
PARAMETRIC_REPRESENTATION_CONTEXT() REPRESENTATION_CONTEXT('2D SPACE',''
  ) );
#2607 = PCURVE('',#1906,#2608);
#2608 = DEFINITIONAL_REPRESENTATION('',(#2609),#2612);
#2609 = B_SPLINE_CURVE_WITH_KNOTS('',1,(#2610,#2611),.UNSPECIFIED.,.F.,
  .F.,(2,2),(5.15,26.35),.PIECEWISE_BEZIER_KNOTS.);
#2610 = CARTESIAN_POINT('',(1.,0.2));
#2611 = CARTESIAN_POINT('',(22.2,0.2));
#2612 = ( GEOMETRIC_REPRESENTATION_CONTEXT(2) 
PARAMETRIC_REPRESENTATION_CONTEXT() REPRESENTATION_CONTEXT('2D SPACE',''
  ) );
#2613 = ORIENTED_EDGE('',*,*,#2614,.T.);
#2614 = EDGE_CURVE('',#2591,#2615,#2617,.T.);
#2615 = VERTEX_POINT('',#2616);
#2616 = CARTESIAN_POINT('',(21.,-14.75,-12.7));
#2617 = SURFACE_CURVE('',#2618,(#2623,#2630),.PCURVE_S1.);
#2618 = CIRCLE('',#2619,1.);
#2619 = AXIS2_PLACEMENT_3D('',#2620,#2621,#2622);
#2620 = CARTESIAN_POINT('',(21.,-14.75,-11.7));
#2621 = DIRECTION('',(1.,0.,0.));
#2622 = DIRECTION('',(0.,-1.,0.));
#2623 = PCURVE('',#1466,#2624);
#2624 = DEFINITIONAL_REPRESENTATION('',(#2625),#2629);
#2625 = CIRCLE('',#2626,1.);
#2626 = AXIS2_PLACEMENT_2D('',#2627,#2628);
#2627 = CARTESIAN_POINT('',(9.3,-2.65));
#2628 = DIRECTION('',(0.,1.));
#2629 = ( GEOMETRIC_REPRESENTATION_CONTEXT(2) 
PARAMETRIC_REPRESENTATION_CONTEXT() REPRESENTATION_CONTEXT('2D SPACE',''
  ) );
#2630 = PCURVE('',#1879,#2631);
#2631 = DEFINITIONAL_REPRESENTATION('',(#2632),#2636);
#2632 = LINE('',#2633,#2634);
#2633 = CARTESIAN_POINT('',(0.,0.2));
#2634 = VECTOR('',#2635,1.);
#2635 = DIRECTION('',(1.,0.));
#2636 = ( GEOMETRIC_REPRESENTATION_CONTEXT(2) 
PARAMETRIC_REPRESENTATION_CONTEXT() REPRESENTATION_CONTEXT('2D SPACE',''
  ) );
#2637 = ORIENTED_EDGE('',*,*,#2638,.F.);
#2638 = EDGE_CURVE('',#2639,#2615,#2641,.T.);
#2639 = VERTEX_POINT('',#2640);
#2640 = CARTESIAN_POINT('',(21.,21.95,-12.7));
#2641 = SURFACE_CURVE('',#2642,(#2646,#2653),.PCURVE_S1.);
#2642 = LINE('',#2643,#2644);
#2643 = CARTESIAN_POINT('',(21.,-16.575,-12.7));
#2644 = VECTOR('',#2645,1.);
#2645 = DIRECTION('',(0.,-1.,0.));
#2646 = PCURVE('',#1466,#2647);
#2647 = DEFINITIONAL_REPRESENTATION('',(#2648),#2652);
#2648 = LINE('',#2649,#2650);
#2649 = CARTESIAN_POINT('',(8.3,-0.825));
#2650 = VECTOR('',#2651,1.);
#2651 = DIRECTION('',(0.,1.));
#2652 = ( GEOMETRIC_REPRESENTATION_CONTEXT(2) 
PARAMETRIC_REPRESENTATION_CONTEXT() REPRESENTATION_CONTEXT('2D SPACE',''
  ) );
#2653 = PCURVE('',#2069,#2654);
#2654 = DEFINITIONAL_REPRESENTATION('',(#2655),#2658);
#2655 = B_SPLINE_CURVE_WITH_KNOTS('',1,(#2656,#2657),.UNSPECIFIED.,.F.,
  .F.,(2,2),(-38.525,-1.825),.PIECEWISE_BEZIER_KNOTS.);
#2656 = CARTESIAN_POINT('',(0.2,37.7));
#2657 = CARTESIAN_POINT('',(0.2,1.));
#2658 = ( GEOMETRIC_REPRESENTATION_CONTEXT(2) 
PARAMETRIC_REPRESENTATION_CONTEXT() REPRESENTATION_CONTEXT('2D SPACE',''
  ) );
#2659 = ORIENTED_EDGE('',*,*,#2660,.T.);
#2660 = EDGE_CURVE('',#2639,#2661,#2663,.T.);
#2661 = VERTEX_POINT('',#2662);
#2662 = CARTESIAN_POINT('',(21.,22.95,-11.7));
#2663 = SURFACE_CURVE('',#2664,(#2669,#2676),.PCURVE_S1.);
#2664 = CIRCLE('',#2665,1.);
#2665 = AXIS2_PLACEMENT_3D('',#2666,#2667,#2668);
#2666 = CARTESIAN_POINT('',(21.,21.95,-11.7));
#2667 = DIRECTION('',(1.,0.,0.));
#2668 = DIRECTION('',(-0.,1.,0.));
#2669 = PCURVE('',#1466,#2670);
#2670 = DEFINITIONAL_REPRESENTATION('',(#2671),#2675);
#2671 = CIRCLE('',#2672,1.);
#2672 = AXIS2_PLACEMENT_2D('',#2673,#2674);
#2673 = CARTESIAN_POINT('',(9.3,-39.35));
#2674 = DIRECTION('',(0.,-1.));
#2675 = ( GEOMETRIC_REPRESENTATION_CONTEXT(2) 
PARAMETRIC_REPRESENTATION_CONTEXT() REPRESENTATION_CONTEXT('2D SPACE',''
  ) );
#2676 = PCURVE('',#2044,#2677);
#2677 = DEFINITIONAL_REPRESENTATION('',(#2678),#2682);
#2678 = LINE('',#2679,#2680);
#2679 = CARTESIAN_POINT('',(-6.28318530718,0.2));
#2680 = VECTOR('',#2681,1.);
#2681 = DIRECTION('',(1.,-0.));
#2682 = ( GEOMETRIC_REPRESENTATION_CONTEXT(2) 
PARAMETRIC_REPRESENTATION_CONTEXT() REPRESENTATION_CONTEXT('2D SPACE',''
  ) );
#2683 = ORIENTED_EDGE('',*,*,#2684,.T.);
#2684 = EDGE_CURVE('',#2661,#2685,#2687,.T.);
#2685 = VERTEX_POINT('',#2686);
#2686 = CARTESIAN_POINT('',(21.,22.95,9.5));
#2687 = SURFACE_CURVE('',#2688,(#2692,#2699),.PCURVE_S1.);
#2688 = LINE('',#2689,#2690);
#2689 = CARTESIAN_POINT('',(21.,22.95,-16.85));
#2690 = VECTOR('',#2691,1.);
#2691 = DIRECTION('',(0.,0.,1.));
#2692 = PCURVE('',#1466,#2693);
#2693 = DEFINITIONAL_REPRESENTATION('',(#2694),#2698);
#2694 = LINE('',#2695,#2696);
#2695 = CARTESIAN_POINT('',(4.15,-40.35));
#2696 = VECTOR('',#2697,1.);
#2697 = DIRECTION('',(1.,0.));
#2698 = ( GEOMETRIC_REPRESENTATION_CONTEXT(2) 
PARAMETRIC_REPRESENTATION_CONTEXT() REPRESENTATION_CONTEXT('2D SPACE',''
  ) );
#2699 = PCURVE('',#2016,#2700);
#2700 = DEFINITIONAL_REPRESENTATION('',(#2701),#2704);
#2701 = B_SPLINE_CURVE_WITH_KNOTS('',1,(#2702,#2703),.UNSPECIFIED.,.F.,
  .F.,(2,2),(5.15,26.35),.PIECEWISE_BEZIER_KNOTS.);
#2702 = CARTESIAN_POINT('',(1.,0.2));
#2703 = CARTESIAN_POINT('',(22.2,0.2));
#2704 = ( GEOMETRIC_REPRESENTATION_CONTEXT(2) 
PARAMETRIC_REPRESENTATION_CONTEXT() REPRESENTATION_CONTEXT('2D SPACE',''
  ) );
#2705 = ORIENTED_EDGE('',*,*,#2706,.T.);
#2706 = EDGE_CURVE('',#2685,#2707,#2709,.T.);
#2707 = VERTEX_POINT('',#2708);
#2708 = CARTESIAN_POINT('',(21.,21.95,10.5));
#2709 = SURFACE_CURVE('',#2710,(#2715,#2722),.PCURVE_S1.);
#2710 = CIRCLE('',#2711,1.);
#2711 = AXIS2_PLACEMENT_3D('',#2712,#2713,#2714);
#2712 = CARTESIAN_POINT('',(21.,21.95,9.5));
#2713 = DIRECTION('',(1.,0.,0.));
#2714 = DIRECTION('',(-0.,1.,0.));
#2715 = PCURVE('',#1466,#2716);
#2716 = DEFINITIONAL_REPRESENTATION('',(#2717),#2721);
#2717 = CIRCLE('',#2718,1.);
#2718 = AXIS2_PLACEMENT_2D('',#2719,#2720);
#2719 = CARTESIAN_POINT('',(30.5,-39.35));
#2720 = DIRECTION('',(0.,-1.));
#2721 = ( GEOMETRIC_REPRESENTATION_CONTEXT(2) 
PARAMETRIC_REPRESENTATION_CONTEXT() REPRESENTATION_CONTEXT('2D SPACE',''
  ) );
#2722 = PCURVE('',#1989,#2723);
#2723 = DEFINITIONAL_REPRESENTATION('',(#2724),#2728);
#2724 = LINE('',#2725,#2726);
#2725 = CARTESIAN_POINT('',(0.,0.2));
#2726 = VECTOR('',#2727,1.);
#2727 = DIRECTION('',(1.,0.));
#2728 = ( GEOMETRIC_REPRESENTATION_CONTEXT(2) 
PARAMETRIC_REPRESENTATION_CONTEXT() REPRESENTATION_CONTEXT('2D SPACE',''
  ) );
#2729 = ORIENTED_EDGE('',*,*,#2730,.T.);
#2730 = EDGE_CURVE('',#2707,#2731,#2733,.T.);
#2731 = VERTEX_POINT('',#2732);
#2732 = CARTESIAN_POINT('',(21.,-14.75,10.5));
#2733 = SURFACE_CURVE('',#2734,(#2738,#2745),.PCURVE_S1.);
#2734 = LINE('',#2735,#2736);
#2735 = CARTESIAN_POINT('',(21.,-16.575,10.5));
#2736 = VECTOR('',#2737,1.);
#2737 = DIRECTION('',(0.,-1.,0.));
#2738 = PCURVE('',#1466,#2739);
#2739 = DEFINITIONAL_REPRESENTATION('',(#2740),#2744);
#2740 = LINE('',#2741,#2742);
#2741 = CARTESIAN_POINT('',(31.5,-0.825));
#2742 = VECTOR('',#2743,1.);
#2743 = DIRECTION('',(0.,1.));
#2744 = ( GEOMETRIC_REPRESENTATION_CONTEXT(2) 
PARAMETRIC_REPRESENTATION_CONTEXT() REPRESENTATION_CONTEXT('2D SPACE',''
  ) );
#2745 = PCURVE('',#1961,#2746);
#2746 = DEFINITIONAL_REPRESENTATION('',(#2747),#2750);
#2747 = B_SPLINE_CURVE_WITH_KNOTS('',1,(#2748,#2749),.UNSPECIFIED.,.F.,
  .F.,(2,2),(-38.525,-1.825),.PIECEWISE_BEZIER_KNOTS.);
#2748 = CARTESIAN_POINT('',(0.2,37.7));
#2749 = CARTESIAN_POINT('',(0.2,1.));
#2750 = ( GEOMETRIC_REPRESENTATION_CONTEXT(2) 
PARAMETRIC_REPRESENTATION_CONTEXT() REPRESENTATION_CONTEXT('2D SPACE',''
  ) );
#2751 = ORIENTED_EDGE('',*,*,#2752,.T.);
#2752 = EDGE_CURVE('',#2731,#2593,#2753,.T.);
#2753 = SURFACE_CURVE('',#2754,(#2759,#2766),.PCURVE_S1.);
#2754 = CIRCLE('',#2755,1.);
#2755 = AXIS2_PLACEMENT_3D('',#2756,#2757,#2758);
#2756 = CARTESIAN_POINT('',(21.,-14.75,9.5));
#2757 = DIRECTION('',(1.,0.,0.));
#2758 = DIRECTION('',(0.,-1.,0.));
#2759 = PCURVE('',#1466,#2760);
#2760 = DEFINITIONAL_REPRESENTATION('',(#2761),#2765);
#2761 = CIRCLE('',#2762,1.);
#2762 = AXIS2_PLACEMENT_2D('',#2763,#2764);
#2763 = CARTESIAN_POINT('',(30.5,-2.65));
#2764 = DIRECTION('',(0.,1.));
#2765 = ( GEOMETRIC_REPRESENTATION_CONTEXT(2) 
PARAMETRIC_REPRESENTATION_CONTEXT() REPRESENTATION_CONTEXT('2D SPACE',''
  ) );
#2766 = PCURVE('',#1934,#2767);
#2767 = DEFINITIONAL_REPRESENTATION('',(#2768),#2772);
#2768 = LINE('',#2769,#2770);
#2769 = CARTESIAN_POINT('',(-6.28318530718,0.2));
#2770 = VECTOR('',#2771,1.);
#2771 = DIRECTION('',(1.,-0.));
#2772 = ( GEOMETRIC_REPRESENTATION_CONTEXT(2) 
PARAMETRIC_REPRESENTATION_CONTEXT() REPRESENTATION_CONTEXT('2D SPACE',''
  ) );
#2773 = FACE_BOUND('',#2774,.T.);
#2774 = EDGE_LOOP('',(#2775));
#2775 = ORIENTED_EDGE('',*,*,#2776,.T.);
#2776 = EDGE_CURVE('',#2777,#2777,#2779,.T.);
#2777 = VERTEX_POINT('',#2778);
#2778 = CARTESIAN_POINT('',(21.,21.2,0.));
#2779 = SURFACE_CURVE('',#2780,(#2785,#2796),.PCURVE_S1.);
#2780 = CIRCLE('',#2781,0.8);
#2781 = AXIS2_PLACEMENT_3D('',#2782,#2783,#2784);
#2782 = CARTESIAN_POINT('',(21.,20.4,0.));
#2783 = DIRECTION('',(-1.,0.,0.));
#2784 = DIRECTION('',(0.,1.,0.));
#2785 = PCURVE('',#1466,#2786);
#2786 = DEFINITIONAL_REPRESENTATION('',(#2787),#2795);
#2787 = ( BOUNDED_CURVE() B_SPLINE_CURVE(2,(#2788,#2789,#2790,#2791,
#2792,#2793,#2794),.UNSPECIFIED.,.T.,.F.) B_SPLINE_CURVE_WITH_KNOTS((1,2
    ,2,2,2,1),(-2.094395102393,0.,2.094395102393,4.188790204786,
6.28318530718,8.377580409573),.UNSPECIFIED.) CURVE() 
GEOMETRIC_REPRESENTATION_ITEM() RATIONAL_B_SPLINE_CURVE((1.,0.5,1.,0.5,
1.,0.5,1.)) REPRESENTATION_ITEM('') );
#2788 = CARTESIAN_POINT('',(21.,-38.6));
#2789 = CARTESIAN_POINT('',(19.614359353945,-38.6));
#2790 = CARTESIAN_POINT('',(20.307179676972,-37.4));
#2791 = CARTESIAN_POINT('',(21.,-36.2));
#2792 = CARTESIAN_POINT('',(21.692820323028,-37.4));
#2793 = CARTESIAN_POINT('',(22.385640646055,-38.6));
#2794 = CARTESIAN_POINT('',(21.,-38.6));
#2795 = ( GEOMETRIC_REPRESENTATION_CONTEXT(2) 
PARAMETRIC_REPRESENTATION_CONTEXT() REPRESENTATION_CONTEXT('2D SPACE',''
  ) );
#2796 = PCURVE('',#2797,#2802);
#2797 = CYLINDRICAL_SURFACE('',#2798,0.8);
#2798 = AXIS2_PLACEMENT_3D('',#2799,#2800,#2801);
#2799 = CARTESIAN_POINT('',(16.5,20.4,0.));
#2800 = DIRECTION('',(-1.,-0.,-0.));
#2801 = DIRECTION('',(0.,1.,0.));
#2802 = DEFINITIONAL_REPRESENTATION('',(#2803),#2807);
#2803 = LINE('',#2804,#2805);
#2804 = CARTESIAN_POINT('',(-6.28318530718,-4.5));
#2805 = VECTOR('',#2806,1.);
#2806 = DIRECTION('',(1.,-0.));
#2807 = ( GEOMETRIC_REPRESENTATION_CONTEXT(2) 
PARAMETRIC_REPRESENTATION_CONTEXT() REPRESENTATION_CONTEXT('2D SPACE',''
  ) );
#2808 = FACE_BOUND('',#2809,.T.);
#2809 = EDGE_LOOP('',(#2810,#2811,#2812,#2813,#2832,#2833,#2852,#2853));
#2810 = ORIENTED_EDGE('',*,*,#2107,.F.);
#2811 = ORIENTED_EDGE('',*,*,#2177,.F.);
#2812 = ORIENTED_EDGE('',*,*,#1447,.T.);
#2813 = ORIENTED_EDGE('',*,*,#2814,.F.);
#2814 = EDGE_CURVE('',#1604,#1450,#2815,.T.);
#2815 = SURFACE_CURVE('',#2816,(#2820,#2826),.PCURVE_S1.);
#2816 = LINE('',#2817,#2818);
#2817 = CARTESIAN_POINT('',(21.,6.39,-15.9));
#2818 = VECTOR('',#2819,1.);
#2819 = DIRECTION('',(0.,0.,1.));
#2820 = PCURVE('',#1466,#2821);
#2821 = DEFINITIONAL_REPRESENTATION('',(#2822),#2825);
#2822 = B_SPLINE_CURVE_WITH_KNOTS('',1,(#2823,#2824),.UNSPECIFIED.,.F.,
  .F.,(2,2),(5.1,5.100533428182),.PIECEWISE_BEZIER_KNOTS.);
#2823 = CARTESIAN_POINT('',(10.2,-23.79));
#2824 = CARTESIAN_POINT('',(10.200533428182,-23.79));
#2825 = ( GEOMETRIC_REPRESENTATION_CONTEXT(2) 
PARAMETRIC_REPRESENTATION_CONTEXT() REPRESENTATION_CONTEXT('2D SPACE',''
  ) );
#2826 = PCURVE('',#1544,#2827);
#2827 = DEFINITIONAL_REPRESENTATION('',(#2828),#2831);
#2828 = B_SPLINE_CURVE_WITH_KNOTS('',1,(#2829,#2830),.UNSPECIFIED.,.F.,
  .F.,(2,2),(5.1,5.100533428182),.PIECEWISE_BEZIER_KNOTS.);
#2829 = CARTESIAN_POINT('',(0.,5.22));
#2830 = CARTESIAN_POINT('',(5.334281818747E-04,5.22));
#2831 = ( GEOMETRIC_REPRESENTATION_CONTEXT(2) 
PARAMETRIC_REPRESENTATION_CONTEXT() REPRESENTATION_CONTEXT('2D SPACE',''
  ) );
#2832 = ORIENTED_EDGE('',*,*,#1697,.T.);
#2833 = ORIENTED_EDGE('',*,*,#2834,.T.);
#2834 = EDGE_CURVE('',#1670,#1800,#2835,.T.);
#2835 = SURFACE_CURVE('',#2836,(#2840,#2846),.PCURVE_S1.);
#2836 = LINE('',#2837,#2838);
#2837 = CARTESIAN_POINT('',(21.,-6.39,-15.9));
#2838 = VECTOR('',#2839,1.);
#2839 = DIRECTION('',(0.,0.,1.));
#2840 = PCURVE('',#1466,#2841);
#2841 = DEFINITIONAL_REPRESENTATION('',(#2842),#2845);
#2842 = B_SPLINE_CURVE_WITH_KNOTS('',1,(#2843,#2844),.UNSPECIFIED.,.F.,
  .F.,(2,2),(5.1,5.100533428182),.PIECEWISE_BEZIER_KNOTS.);
#2843 = CARTESIAN_POINT('',(10.2,-11.01));
#2844 = CARTESIAN_POINT('',(10.200533428182,-11.01));
#2845 = ( GEOMETRIC_REPRESENTATION_CONTEXT(2) 
PARAMETRIC_REPRESENTATION_CONTEXT() REPRESENTATION_CONTEXT('2D SPACE',''
  ) );
#2846 = PCURVE('',#1685,#2847);
#2847 = DEFINITIONAL_REPRESENTATION('',(#2848),#2851);
#2848 = B_SPLINE_CURVE_WITH_KNOTS('',1,(#2849,#2850),.UNSPECIFIED.,.F.,
  .F.,(2,2),(5.1,5.100533428182),.PIECEWISE_BEZIER_KNOTS.);
#2849 = CARTESIAN_POINT('',(0.,5.22));
#2850 = CARTESIAN_POINT('',(5.334281818747E-04,5.22));
#2851 = ( GEOMETRIC_REPRESENTATION_CONTEXT(2) 
PARAMETRIC_REPRESENTATION_CONTEXT() REPRESENTATION_CONTEXT('2D SPACE',''
  ) );
#2852 = ORIENTED_EDGE('',*,*,#1799,.T.);
#2853 = ORIENTED_EDGE('',*,*,#2152,.T.);
#2854 = FACE_BOUND('',#2855,.T.);
#2855 = EDGE_LOOP('',(#2856,#2857,#2858,#2859,#2860,#2861,#2862,#2863));
#2856 = ORIENTED_EDGE('',*,*,#2249,.F.);
#2857 = ORIENTED_EDGE('',*,*,#2274,.T.);
#2858 = ORIENTED_EDGE('',*,*,#2393,.F.);
#2859 = ORIENTED_EDGE('',*,*,#2470,.F.);
#2860 = ORIENTED_EDGE('',*,*,#2565,.F.);
#2861 = ORIENTED_EDGE('',*,*,#2515,.F.);
#2862 = ORIENTED_EDGE('',*,*,#2443,.F.);
#2863 = ORIENTED_EDGE('',*,*,#2323,.T.);
#2864 = FACE_BOUND('',#2865,.T.);
#2865 = EDGE_LOOP('',(#2866));
#2866 = ORIENTED_EDGE('',*,*,#2867,.T.);
#2867 = EDGE_CURVE('',#2868,#2868,#2870,.T.);
#2868 = VERTEX_POINT('',#2869);
#2869 = CARTESIAN_POINT('',(21.,-12.4,0.));
#2870 = SURFACE_CURVE('',#2871,(#2876,#2887),.PCURVE_S1.);
#2871 = CIRCLE('',#2872,0.8);
#2872 = AXIS2_PLACEMENT_3D('',#2873,#2874,#2875);
#2873 = CARTESIAN_POINT('',(21.,-13.2,0.));
#2874 = DIRECTION('',(-1.,0.,0.));
#2875 = DIRECTION('',(0.,1.,0.));
#2876 = PCURVE('',#1466,#2877);
#2877 = DEFINITIONAL_REPRESENTATION('',(#2878),#2886);
#2878 = ( BOUNDED_CURVE() B_SPLINE_CURVE(2,(#2879,#2880,#2881,#2882,
#2883,#2884,#2885),.UNSPECIFIED.,.T.,.F.) B_SPLINE_CURVE_WITH_KNOTS((1,2
    ,2,2,2,1),(-2.094395102393,0.,2.094395102393,4.188790204786,
6.28318530718,8.377580409573),.UNSPECIFIED.) CURVE() 
GEOMETRIC_REPRESENTATION_ITEM() RATIONAL_B_SPLINE_CURVE((1.,0.5,1.,0.5,
1.,0.5,1.)) REPRESENTATION_ITEM('') );
#2879 = CARTESIAN_POINT('',(21.,-5.));
#2880 = CARTESIAN_POINT('',(19.614359353945,-5.));
#2881 = CARTESIAN_POINT('',(20.307179676972,-3.8));
#2882 = CARTESIAN_POINT('',(21.,-2.6));
#2883 = CARTESIAN_POINT('',(21.692820323028,-3.8));
#2884 = CARTESIAN_POINT('',(22.385640646055,-5.));
#2885 = CARTESIAN_POINT('',(21.,-5.));
#2886 = ( GEOMETRIC_REPRESENTATION_CONTEXT(2) 
PARAMETRIC_REPRESENTATION_CONTEXT() REPRESENTATION_CONTEXT('2D SPACE',''
  ) );
#2887 = PCURVE('',#2888,#2893);
#2888 = CYLINDRICAL_SURFACE('',#2889,0.8);
#2889 = AXIS2_PLACEMENT_3D('',#2890,#2891,#2892);
#2890 = CARTESIAN_POINT('',(16.5,-13.2,0.));
#2891 = DIRECTION('',(-1.,-0.,-0.));
#2892 = DIRECTION('',(0.,1.,0.));
#2893 = DEFINITIONAL_REPRESENTATION('',(#2894),#2898);
#2894 = LINE('',#2895,#2896);
#2895 = CARTESIAN_POINT('',(-6.28318530718,-4.5));
#2896 = VECTOR('',#2897,1.);
#2897 = DIRECTION('',(1.,-0.));
#2898 = ( GEOMETRIC_REPRESENTATION_CONTEXT(2) 
PARAMETRIC_REPRESENTATION_CONTEXT() REPRESENTATION_CONTEXT('2D SPACE',''
  ) );
#2899 = ADVANCED_FACE('',(#2900),#1544,.F.);
#2900 = FACE_BOUND('',#2901,.F.);
#2901 = EDGE_LOOP('',(#2902,#2903,#2904,#2905));
#2902 = ORIENTED_EDGE('',*,*,#2814,.F.);
#2903 = ORIENTED_EDGE('',*,*,#1603,.F.);
#2904 = ORIENTED_EDGE('',*,*,#1581,.T.);
#2905 = ORIENTED_EDGE('',*,*,#1531,.F.);
#2906 = ADVANCED_FACE('',(#2907),#1685,.T.);
#2907 = FACE_BOUND('',#2908,.T.);
#2908 = EDGE_LOOP('',(#2909,#2910,#2911,#2912));
#2909 = ORIENTED_EDGE('',*,*,#2834,.F.);
#2910 = ORIENTED_EDGE('',*,*,#1669,.F.);
#2911 = ORIENTED_EDGE('',*,*,#1753,.T.);
#2912 = ORIENTED_EDGE('',*,*,#1827,.F.);
#2913 = ADVANCED_FACE('',(#2914),#1879,.F.);
#2914 = FACE_BOUND('',#2915,.F.);
#2915 = EDGE_LOOP('',(#2916,#2937,#2938,#2959));
#2916 = ORIENTED_EDGE('',*,*,#2917,.F.);
#2917 = EDGE_CURVE('',#2591,#1861,#2918,.T.);
#2918 = SURFACE_CURVE('',#2919,(#2923,#2930),.PCURVE_S1.);
#2919 = LINE('',#2920,#2921);
#2920 = CARTESIAN_POINT('',(20.8,-15.75,-11.7));
#2921 = VECTOR('',#2922,1.);
#2922 = DIRECTION('',(1.,0.,0.));
#2923 = PCURVE('',#1879,#2924);
#2924 = DEFINITIONAL_REPRESENTATION('',(#2925),#2929);
#2925 = LINE('',#2926,#2927);
#2926 = CARTESIAN_POINT('',(0.,0.));
#2927 = VECTOR('',#2928,1.);
#2928 = DIRECTION('',(0.,1.));
#2929 = ( GEOMETRIC_REPRESENTATION_CONTEXT(2) 
PARAMETRIC_REPRESENTATION_CONTEXT() REPRESENTATION_CONTEXT('2D SPACE',''
  ) );
#2930 = PCURVE('',#1906,#2931);
#2931 = DEFINITIONAL_REPRESENTATION('',(#2932),#2936);
#2932 = LINE('',#2933,#2934);
#2933 = CARTESIAN_POINT('',(1.,0.));
#2934 = VECTOR('',#2935,1.);
#2935 = DIRECTION('',(0.,1.));
#2936 = ( GEOMETRIC_REPRESENTATION_CONTEXT(2) 
PARAMETRIC_REPRESENTATION_CONTEXT() REPRESENTATION_CONTEXT('2D SPACE',''
  ) );
#2937 = ORIENTED_EDGE('',*,*,#2614,.T.);
#2938 = ORIENTED_EDGE('',*,*,#2939,.T.);
#2939 = EDGE_CURVE('',#2615,#1863,#2940,.T.);
#2940 = SURFACE_CURVE('',#2941,(#2945,#2952),.PCURVE_S1.);
#2941 = LINE('',#2942,#2943);
#2942 = CARTESIAN_POINT('',(20.8,-14.75,-12.7));
#2943 = VECTOR('',#2944,1.);
#2944 = DIRECTION('',(1.,0.,0.));
#2945 = PCURVE('',#1879,#2946);
#2946 = DEFINITIONAL_REPRESENTATION('',(#2947),#2951);
#2947 = LINE('',#2948,#2949);
#2948 = CARTESIAN_POINT('',(1.570796326795,0.));
#2949 = VECTOR('',#2950,1.);
#2950 = DIRECTION('',(0.,1.));
#2951 = ( GEOMETRIC_REPRESENTATION_CONTEXT(2) 
PARAMETRIC_REPRESENTATION_CONTEXT() REPRESENTATION_CONTEXT('2D SPACE',''
  ) );
#2952 = PCURVE('',#2069,#2953);
#2953 = DEFINITIONAL_REPRESENTATION('',(#2954),#2958);
#2954 = LINE('',#2955,#2956);
#2955 = CARTESIAN_POINT('',(0.,1.));
#2956 = VECTOR('',#2957,1.);
#2957 = DIRECTION('',(1.,0.));
#2958 = ( GEOMETRIC_REPRESENTATION_CONTEXT(2) 
PARAMETRIC_REPRESENTATION_CONTEXT() REPRESENTATION_CONTEXT('2D SPACE',''
  ) );
#2959 = ORIENTED_EDGE('',*,*,#1860,.F.);
#2960 = ADVANCED_FACE('',(#2961),#2069,.T.);
#2961 = FACE_BOUND('',#2962,.T.);
#2962 = EDGE_LOOP('',(#2963,#2964,#2965,#2966));
#2963 = ORIENTED_EDGE('',*,*,#2638,.T.);
#2964 = ORIENTED_EDGE('',*,*,#2939,.T.);
#2965 = ORIENTED_EDGE('',*,*,#2056,.F.);
#2966 = ORIENTED_EDGE('',*,*,#2967,.F.);
#2967 = EDGE_CURVE('',#2639,#2028,#2968,.T.);
#2968 = SURFACE_CURVE('',#2969,(#2973,#2980),.PCURVE_S1.);
#2969 = LINE('',#2970,#2971);
#2970 = CARTESIAN_POINT('',(20.8,21.95,-12.7));
#2971 = VECTOR('',#2972,1.);
#2972 = DIRECTION('',(1.,0.,0.));
#2973 = PCURVE('',#2069,#2974);
#2974 = DEFINITIONAL_REPRESENTATION('',(#2975),#2979);
#2975 = LINE('',#2976,#2977);
#2976 = CARTESIAN_POINT('',(0.,37.7));
#2977 = VECTOR('',#2978,1.);
#2978 = DIRECTION('',(1.,0.));
#2979 = ( GEOMETRIC_REPRESENTATION_CONTEXT(2) 
PARAMETRIC_REPRESENTATION_CONTEXT() REPRESENTATION_CONTEXT('2D SPACE',''
  ) );
#2980 = PCURVE('',#2044,#2981);
#2981 = DEFINITIONAL_REPRESENTATION('',(#2982),#2986);
#2982 = LINE('',#2983,#2984);
#2983 = CARTESIAN_POINT('',(-1.570796326795,0.));
#2984 = VECTOR('',#2985,1.);
#2985 = DIRECTION('',(-0.,1.));
#2986 = ( GEOMETRIC_REPRESENTATION_CONTEXT(2) 
PARAMETRIC_REPRESENTATION_CONTEXT() REPRESENTATION_CONTEXT('2D SPACE',''
  ) );
#2987 = ADVANCED_FACE('',(#2988),#2044,.F.);
#2988 = FACE_BOUND('',#2989,.T.);
#2989 = EDGE_LOOP('',(#2990,#3011,#3012,#3013));
#2990 = ORIENTED_EDGE('',*,*,#2991,.F.);
#2991 = EDGE_CURVE('',#2661,#2002,#2992,.T.);
#2992 = SURFACE_CURVE('',#2993,(#2997,#3004),.PCURVE_S1.);
#2993 = LINE('',#2994,#2995);
#2994 = CARTESIAN_POINT('',(20.8,22.95,-11.7));
#2995 = VECTOR('',#2996,1.);
#2996 = DIRECTION('',(1.,0.,0.));
#2997 = PCURVE('',#2044,#2998);
#2998 = DEFINITIONAL_REPRESENTATION('',(#2999),#3003);
#2999 = LINE('',#3000,#3001);
#3000 = CARTESIAN_POINT('',(-0.,0.));
#3001 = VECTOR('',#3002,1.);
#3002 = DIRECTION('',(-0.,1.));
#3003 = ( GEOMETRIC_REPRESENTATION_CONTEXT(2) 
PARAMETRIC_REPRESENTATION_CONTEXT() REPRESENTATION_CONTEXT('2D SPACE',''
  ) );
#3004 = PCURVE('',#2016,#3005);
#3005 = DEFINITIONAL_REPRESENTATION('',(#3006),#3010);
#3006 = LINE('',#3007,#3008);
#3007 = CARTESIAN_POINT('',(1.,0.));
#3008 = VECTOR('',#3009,1.);
#3009 = DIRECTION('',(0.,1.));
#3010 = ( GEOMETRIC_REPRESENTATION_CONTEXT(2) 
PARAMETRIC_REPRESENTATION_CONTEXT() REPRESENTATION_CONTEXT('2D SPACE',''
  ) );
#3011 = ORIENTED_EDGE('',*,*,#2660,.F.);
#3012 = ORIENTED_EDGE('',*,*,#2967,.T.);
#3013 = ORIENTED_EDGE('',*,*,#2027,.T.);
#3014 = ADVANCED_FACE('',(#3015),#2016,.F.);
#3015 = FACE_BOUND('',#3016,.F.);
#3016 = EDGE_LOOP('',(#3017,#3018,#3019,#3020));
#3017 = ORIENTED_EDGE('',*,*,#2001,.F.);
#3018 = ORIENTED_EDGE('',*,*,#2991,.F.);
#3019 = ORIENTED_EDGE('',*,*,#2684,.T.);
#3020 = ORIENTED_EDGE('',*,*,#3021,.T.);
#3021 = EDGE_CURVE('',#2685,#1973,#3022,.T.);
#3022 = SURFACE_CURVE('',#3023,(#3027,#3034),.PCURVE_S1.);
#3023 = LINE('',#3024,#3025);
#3024 = CARTESIAN_POINT('',(20.8,22.95,9.5));
#3025 = VECTOR('',#3026,1.);
#3026 = DIRECTION('',(1.,0.,0.));
#3027 = PCURVE('',#2016,#3028);
#3028 = DEFINITIONAL_REPRESENTATION('',(#3029),#3033);
#3029 = LINE('',#3030,#3031);
#3030 = CARTESIAN_POINT('',(22.2,0.));
#3031 = VECTOR('',#3032,1.);
#3032 = DIRECTION('',(0.,1.));
#3033 = ( GEOMETRIC_REPRESENTATION_CONTEXT(2) 
PARAMETRIC_REPRESENTATION_CONTEXT() REPRESENTATION_CONTEXT('2D SPACE',''
  ) );
#3034 = PCURVE('',#1989,#3035);
#3035 = DEFINITIONAL_REPRESENTATION('',(#3036),#3040);
#3036 = LINE('',#3037,#3038);
#3037 = CARTESIAN_POINT('',(0.,0.));
#3038 = VECTOR('',#3039,1.);
#3039 = DIRECTION('',(0.,1.));
#3040 = ( GEOMETRIC_REPRESENTATION_CONTEXT(2) 
PARAMETRIC_REPRESENTATION_CONTEXT() REPRESENTATION_CONTEXT('2D SPACE',''
  ) );
#3041 = ADVANCED_FACE('',(#3042),#1989,.F.);
#3042 = FACE_BOUND('',#3043,.F.);
#3043 = EDGE_LOOP('',(#3044,#3045,#3046,#3067));
#3044 = ORIENTED_EDGE('',*,*,#3021,.F.);
#3045 = ORIENTED_EDGE('',*,*,#2706,.T.);
#3046 = ORIENTED_EDGE('',*,*,#3047,.T.);
#3047 = EDGE_CURVE('',#2707,#1947,#3048,.T.);
#3048 = SURFACE_CURVE('',#3049,(#3053,#3060),.PCURVE_S1.);
#3049 = LINE('',#3050,#3051);
#3050 = CARTESIAN_POINT('',(20.8,21.95,10.5));
#3051 = VECTOR('',#3052,1.);
#3052 = DIRECTION('',(1.,0.,0.));
#3053 = PCURVE('',#1989,#3054);
#3054 = DEFINITIONAL_REPRESENTATION('',(#3055),#3059);
#3055 = LINE('',#3056,#3057);
#3056 = CARTESIAN_POINT('',(1.570796326795,0.));
#3057 = VECTOR('',#3058,1.);
#3058 = DIRECTION('',(0.,1.));
#3059 = ( GEOMETRIC_REPRESENTATION_CONTEXT(2) 
PARAMETRIC_REPRESENTATION_CONTEXT() REPRESENTATION_CONTEXT('2D SPACE',''
  ) );
#3060 = PCURVE('',#1961,#3061);
#3061 = DEFINITIONAL_REPRESENTATION('',(#3062),#3066);
#3062 = LINE('',#3063,#3064);
#3063 = CARTESIAN_POINT('',(0.,37.7));
#3064 = VECTOR('',#3065,1.);
#3065 = DIRECTION('',(1.,0.));
#3066 = ( GEOMETRIC_REPRESENTATION_CONTEXT(2) 
PARAMETRIC_REPRESENTATION_CONTEXT() REPRESENTATION_CONTEXT('2D SPACE',''
  ) );
#3067 = ORIENTED_EDGE('',*,*,#1972,.F.);
#3068 = ADVANCED_FACE('',(#3069),#1961,.F.);
#3069 = FACE_BOUND('',#3070,.F.);
#3070 = EDGE_LOOP('',(#3071,#3072,#3093,#3094));
#3071 = ORIENTED_EDGE('',*,*,#2730,.T.);
#3072 = ORIENTED_EDGE('',*,*,#3073,.T.);
#3073 = EDGE_CURVE('',#2731,#1918,#3074,.T.);
#3074 = SURFACE_CURVE('',#3075,(#3079,#3086),.PCURVE_S1.);
#3075 = LINE('',#3076,#3077);
#3076 = CARTESIAN_POINT('',(20.8,-14.75,10.5));
#3077 = VECTOR('',#3078,1.);
#3078 = DIRECTION('',(1.,0.,0.));
#3079 = PCURVE('',#1961,#3080);
#3080 = DEFINITIONAL_REPRESENTATION('',(#3081),#3085);
#3081 = LINE('',#3082,#3083);
#3082 = CARTESIAN_POINT('',(0.,1.));
#3083 = VECTOR('',#3084,1.);
#3084 = DIRECTION('',(1.,0.));
#3085 = ( GEOMETRIC_REPRESENTATION_CONTEXT(2) 
PARAMETRIC_REPRESENTATION_CONTEXT() REPRESENTATION_CONTEXT('2D SPACE',''
  ) );
#3086 = PCURVE('',#1934,#3087);
#3087 = DEFINITIONAL_REPRESENTATION('',(#3088),#3092);
#3088 = LINE('',#3089,#3090);
#3089 = CARTESIAN_POINT('',(-1.570796326795,0.));
#3090 = VECTOR('',#3091,1.);
#3091 = DIRECTION('',(-0.,1.));
#3092 = ( GEOMETRIC_REPRESENTATION_CONTEXT(2) 
PARAMETRIC_REPRESENTATION_CONTEXT() REPRESENTATION_CONTEXT('2D SPACE',''
  ) );
#3093 = ORIENTED_EDGE('',*,*,#1946,.F.);
#3094 = ORIENTED_EDGE('',*,*,#3047,.F.);
#3095 = ADVANCED_FACE('',(#3096),#1934,.F.);
#3096 = FACE_BOUND('',#3097,.T.);
#3097 = EDGE_LOOP('',(#3098,#3119,#3120,#3121));
#3098 = ORIENTED_EDGE('',*,*,#3099,.F.);
#3099 = EDGE_CURVE('',#2593,#1892,#3100,.T.);
#3100 = SURFACE_CURVE('',#3101,(#3105,#3112),.PCURVE_S1.);
#3101 = LINE('',#3102,#3103);
#3102 = CARTESIAN_POINT('',(20.8,-15.75,9.5));
#3103 = VECTOR('',#3104,1.);
#3104 = DIRECTION('',(1.,0.,0.));
#3105 = PCURVE('',#1934,#3106);
#3106 = DEFINITIONAL_REPRESENTATION('',(#3107),#3111);
#3107 = LINE('',#3108,#3109);
#3108 = CARTESIAN_POINT('',(-0.,0.));
#3109 = VECTOR('',#3110,1.);
#3110 = DIRECTION('',(-0.,1.));
#3111 = ( GEOMETRIC_REPRESENTATION_CONTEXT(2) 
PARAMETRIC_REPRESENTATION_CONTEXT() REPRESENTATION_CONTEXT('2D SPACE',''
  ) );
#3112 = PCURVE('',#1906,#3113);
#3113 = DEFINITIONAL_REPRESENTATION('',(#3114),#3118);
#3114 = LINE('',#3115,#3116);
#3115 = CARTESIAN_POINT('',(22.2,0.));
#3116 = VECTOR('',#3117,1.);
#3117 = DIRECTION('',(0.,1.));
#3118 = ( GEOMETRIC_REPRESENTATION_CONTEXT(2) 
PARAMETRIC_REPRESENTATION_CONTEXT() REPRESENTATION_CONTEXT('2D SPACE',''
  ) );
#3119 = ORIENTED_EDGE('',*,*,#2752,.F.);
#3120 = ORIENTED_EDGE('',*,*,#3073,.T.);
#3121 = ORIENTED_EDGE('',*,*,#1917,.T.);
#3122 = ADVANCED_FACE('',(#3123),#1906,.T.);
#3123 = FACE_BOUND('',#3124,.T.);
#3124 = EDGE_LOOP('',(#3125,#3126,#3127,#3128));
#3125 = ORIENTED_EDGE('',*,*,#1891,.F.);
#3126 = ORIENTED_EDGE('',*,*,#2917,.F.);
#3127 = ORIENTED_EDGE('',*,*,#2590,.T.);
#3128 = ORIENTED_EDGE('',*,*,#3099,.T.);
#3129 = ADVANCED_FACE('',(#3130),#2797,.F.);
#3130 = FACE_BOUND('',#3131,.T.);
#3131 = EDGE_LOOP('',(#3132,#3161,#3182,#3183));
#3132 = ORIENTED_EDGE('',*,*,#3133,.F.);
#3133 = EDGE_CURVE('',#3134,#3134,#3136,.T.);
#3134 = VERTEX_POINT('',#3135);
#3135 = CARTESIAN_POINT('',(16.5,21.2,0.));
#3136 = SURFACE_CURVE('',#3137,(#3142,#3149),.PCURVE_S1.);
#3137 = CIRCLE('',#3138,0.8);
#3138 = AXIS2_PLACEMENT_3D('',#3139,#3140,#3141);
#3139 = CARTESIAN_POINT('',(16.5,20.4,0.));
#3140 = DIRECTION('',(1.,0.,0.));
#3141 = DIRECTION('',(0.,1.,0.));
#3142 = PCURVE('',#2797,#3143);
#3143 = DEFINITIONAL_REPRESENTATION('',(#3144),#3148);
#3144 = LINE('',#3145,#3146);
#3145 = CARTESIAN_POINT('',(-0.,0.));
#3146 = VECTOR('',#3147,1.);
#3147 = DIRECTION('',(-1.,0.));
#3148 = ( GEOMETRIC_REPRESENTATION_CONTEXT(2) 
PARAMETRIC_REPRESENTATION_CONTEXT() REPRESENTATION_CONTEXT('2D SPACE',''
  ) );
#3149 = PCURVE('',#3150,#3155);
#3150 = PLANE('',#3151);
#3151 = AXIS2_PLACEMENT_3D('',#3152,#3153,#3154);
#3152 = CARTESIAN_POINT('',(16.5,20.4,7.417401237738E-17));
#3153 = DIRECTION('',(1.,0.,0.));
#3154 = DIRECTION('',(-0.,0.,1.));
#3155 = DEFINITIONAL_REPRESENTATION('',(#3156),#3160);
#3156 = CIRCLE('',#3157,0.8);
#3157 = AXIS2_PLACEMENT_2D('',#3158,#3159);
#3158 = CARTESIAN_POINT('',(-7.417401237738E-17,0.));
#3159 = DIRECTION('',(0.,-1.));
#3160 = ( GEOMETRIC_REPRESENTATION_CONTEXT(2) 
PARAMETRIC_REPRESENTATION_CONTEXT() REPRESENTATION_CONTEXT('2D SPACE',''
  ) );
#3161 = ORIENTED_EDGE('',*,*,#3162,.T.);
#3162 = EDGE_CURVE('',#3134,#2777,#3163,.T.);
#3163 = SEAM_CURVE('',#3164,(#3168,#3175),.PCURVE_S1.);
#3164 = LINE('',#3165,#3166);
#3165 = CARTESIAN_POINT('',(16.5,21.2,0.));
#3166 = VECTOR('',#3167,1.);
#3167 = DIRECTION('',(1.,0.,0.));
#3168 = PCURVE('',#2797,#3169);
#3169 = DEFINITIONAL_REPRESENTATION('',(#3170),#3174);
#3170 = LINE('',#3171,#3172);
#3171 = CARTESIAN_POINT('',(-6.28318530718,0.));
#3172 = VECTOR('',#3173,1.);
#3173 = DIRECTION('',(-0.,-1.));
#3174 = ( GEOMETRIC_REPRESENTATION_CONTEXT(2) 
PARAMETRIC_REPRESENTATION_CONTEXT() REPRESENTATION_CONTEXT('2D SPACE',''
  ) );
#3175 = PCURVE('',#2797,#3176);
#3176 = DEFINITIONAL_REPRESENTATION('',(#3177),#3181);
#3177 = LINE('',#3178,#3179);
#3178 = CARTESIAN_POINT('',(-0.,0.));
#3179 = VECTOR('',#3180,1.);
#3180 = DIRECTION('',(-0.,-1.));
#3181 = ( GEOMETRIC_REPRESENTATION_CONTEXT(2) 
PARAMETRIC_REPRESENTATION_CONTEXT() REPRESENTATION_CONTEXT('2D SPACE',''
  ) );
#3182 = ORIENTED_EDGE('',*,*,#2776,.F.);
#3183 = ORIENTED_EDGE('',*,*,#3162,.F.);
#3184 = ADVANCED_FACE('',(#3185),#2888,.F.);
#3185 = FACE_BOUND('',#3186,.T.);
#3186 = EDGE_LOOP('',(#3187,#3216,#3237,#3238));
#3187 = ORIENTED_EDGE('',*,*,#3188,.F.);
#3188 = EDGE_CURVE('',#3189,#3189,#3191,.T.);
#3189 = VERTEX_POINT('',#3190);
#3190 = CARTESIAN_POINT('',(16.5,-12.4,0.));
#3191 = SURFACE_CURVE('',#3192,(#3197,#3204),.PCURVE_S1.);
#3192 = CIRCLE('',#3193,0.8);
#3193 = AXIS2_PLACEMENT_3D('',#3194,#3195,#3196);
#3194 = CARTESIAN_POINT('',(16.5,-13.2,0.));
#3195 = DIRECTION('',(1.,0.,0.));
#3196 = DIRECTION('',(0.,1.,0.));
#3197 = PCURVE('',#2888,#3198);
#3198 = DEFINITIONAL_REPRESENTATION('',(#3199),#3203);
#3199 = LINE('',#3200,#3201);
#3200 = CARTESIAN_POINT('',(-0.,0.));
#3201 = VECTOR('',#3202,1.);
#3202 = DIRECTION('',(-1.,0.));
#3203 = ( GEOMETRIC_REPRESENTATION_CONTEXT(2) 
PARAMETRIC_REPRESENTATION_CONTEXT() REPRESENTATION_CONTEXT('2D SPACE',''
  ) );
#3204 = PCURVE('',#3205,#3210);
#3205 = PLANE('',#3206);
#3206 = AXIS2_PLACEMENT_3D('',#3207,#3208,#3209);
#3207 = CARTESIAN_POINT('',(16.5,-13.2,7.417401237738E-17));
#3208 = DIRECTION('',(1.,0.,0.));
#3209 = DIRECTION('',(-0.,0.,1.));
#3210 = DEFINITIONAL_REPRESENTATION('',(#3211),#3215);
#3211 = CIRCLE('',#3212,0.8);
#3212 = AXIS2_PLACEMENT_2D('',#3213,#3214);
#3213 = CARTESIAN_POINT('',(-7.417401237738E-17,0.));
#3214 = DIRECTION('',(0.,-1.));
#3215 = ( GEOMETRIC_REPRESENTATION_CONTEXT(2) 
PARAMETRIC_REPRESENTATION_CONTEXT() REPRESENTATION_CONTEXT('2D SPACE',''
  ) );
#3216 = ORIENTED_EDGE('',*,*,#3217,.T.);
#3217 = EDGE_CURVE('',#3189,#2868,#3218,.T.);
#3218 = SEAM_CURVE('',#3219,(#3223,#3230),.PCURVE_S1.);
#3219 = LINE('',#3220,#3221);
#3220 = CARTESIAN_POINT('',(16.5,-12.4,0.));
#3221 = VECTOR('',#3222,1.);
#3222 = DIRECTION('',(1.,0.,0.));
#3223 = PCURVE('',#2888,#3224);
#3224 = DEFINITIONAL_REPRESENTATION('',(#3225),#3229);
#3225 = LINE('',#3226,#3227);
#3226 = CARTESIAN_POINT('',(-6.28318530718,0.));
#3227 = VECTOR('',#3228,1.);
#3228 = DIRECTION('',(-0.,-1.));
#3229 = ( GEOMETRIC_REPRESENTATION_CONTEXT(2) 
PARAMETRIC_REPRESENTATION_CONTEXT() REPRESENTATION_CONTEXT('2D SPACE',''
  ) );
#3230 = PCURVE('',#2888,#3231);
#3231 = DEFINITIONAL_REPRESENTATION('',(#3232),#3236);
#3232 = LINE('',#3233,#3234);
#3233 = CARTESIAN_POINT('',(-0.,0.));
#3234 = VECTOR('',#3235,1.);
#3235 = DIRECTION('',(-0.,-1.));
#3236 = ( GEOMETRIC_REPRESENTATION_CONTEXT(2) 
PARAMETRIC_REPRESENTATION_CONTEXT() REPRESENTATION_CONTEXT('2D SPACE',''
  ) );
#3237 = ORIENTED_EDGE('',*,*,#2867,.F.);
#3238 = ORIENTED_EDGE('',*,*,#3217,.F.);
#3239 = ADVANCED_FACE('',(#3240),#3150,.T.);
#3240 = FACE_BOUND('',#3241,.T.);
#3241 = EDGE_LOOP('',(#3242));
#3242 = ORIENTED_EDGE('',*,*,#3133,.T.);
#3243 = ADVANCED_FACE('',(#3244),#3205,.T.);
#3244 = FACE_BOUND('',#3245,.T.);
#3245 = EDGE_LOOP('',(#3246));
#3246 = ORIENTED_EDGE('',*,*,#3188,.T.);
#3247 = ( GEOMETRIC_REPRESENTATION_CONTEXT(3) 
GLOBAL_UNCERTAINTY_ASSIGNED_CONTEXT((#3251)) 
GLOBAL_UNIT_ASSIGNED_CONTEXT((#3248,#3249,#3250)) REPRESENTATION_CONTEXT
('Context #1','3D Context with UNIT and UNCERTAINTY') );
#3248 = ( LENGTH_UNIT() NAMED_UNIT(*) SI_UNIT(.MILLI.,.METRE.) );
#3249 = ( NAMED_UNIT(*) PLANE_ANGLE_UNIT() SI_UNIT($,.RADIAN.) );
#3250 = ( NAMED_UNIT(*) SI_UNIT($,.STERADIAN.) SOLID_ANGLE_UNIT() );
#3251 = UNCERTAINTY_MEASURE_WITH_UNIT(LENGTH_MEASURE(1.E-07),#3248,
  'distance_accuracy_value','confusion accuracy');
#3252 = PRODUCT_RELATED_PRODUCT_CATEGORY('part',$,(#7));
ENDSEC;
END-ISO-10303-21;
