ISO-10303-21;
HEADER;
FILE_DESCRIPTION(('Open CASCADE Model'),'2;1');
FILE_NAME('Open CASCADE Shape Model','2026-07-08T21:49:02',('Author'),(
    'Open CASCADE'),'Open CASCADE STEP processor 7.8','Open CASCADE 7.8'
  ,'Unknown');
FILE_SCHEMA(('AUTOMOTIVE_DESIGN { 1 0 10303 214 1 1 1 1 }'));
ENDSEC;
DATA;
#1 = APPLICATION_PROTOCOL_DEFINITION('international standard',
  'automotive_design',2000,#2);
#2 = APPLICATION_CONTEXT(
  'core data for automotive mechanical design processes');
#3 = SHAPE_DEFINITION_REPRESENTATION(#4,#10);
#4 = PRODUCT_DEFINITION_SHAPE('','',#5);
#5 = PRODUCT_DEFINITION('design','',#6,#9);
#6 = PRODUCT_DEFINITION_FORMATION('','',#7);
#7 = PRODUCT('Open CASCADE STEP translator 7.8 2',
  'Open CASCADE STEP translator 7.8 2','',(#8));
#8 = PRODUCT_CONTEXT('',#2,'mechanical');
#9 = PRODUCT_DEFINITION_CONTEXT('part definition',#2,'design');
#10 = ADVANCED_BREP_SHAPE_REPRESENTATION('',(#11,#15),#7540);
#11 = AXIS2_PLACEMENT_3D('',#12,#13,#14);
#12 = CARTESIAN_POINT('',(0.,0.,0.));
#13 = DIRECTION('',(0.,0.,1.));
#14 = DIRECTION('',(1.,0.,-0.));
#15 = MANIFOLD_SOLID_BREP('',#16);
#16 = CLOSED_SHELL('',(#17,#105,#599,#634,#1228,#4153,#4177,#4490,#7204,
    #7231,#7255,#7263,#7290,#7317,#7344,#7371,#7398,#7425,#7452,#7479,
    #7506,#7533));
#17 = ADVANCED_FACE('',(#18),#32,.T.);
#18 = FACE_BOUND('',#19,.F.);
#19 = EDGE_LOOP('',(#20,#50,#77,#78));
#20 = ORIENTED_EDGE('',*,*,#21,.T.);
#21 = EDGE_CURVE('',#22,#24,#26,.T.);
#22 = VERTEX_POINT('',#23);
#23 = CARTESIAN_POINT('',(0.,17.,0.));
#24 = VERTEX_POINT('',#25);
#25 = CARTESIAN_POINT('',(12.,17.,0.));
#26 = SEAM_CURVE('',#27,(#31,#43),.PCURVE_S1.);
#27 = LINE('',#28,#29);
#28 = CARTESIAN_POINT('',(0.,17.,0.));
#29 = VECTOR('',#30,1.);
#30 = DIRECTION('',(1.,0.,0.));
#31 = PCURVE('',#32,#37);
#32 = CYLINDRICAL_SURFACE('',#33,17.);
#33 = AXIS2_PLACEMENT_3D('',#34,#35,#36);
#34 = CARTESIAN_POINT('',(0.,0.,0.));
#35 = DIRECTION('',(-1.,-0.,-0.));
#36 = DIRECTION('',(0.,1.,0.));
#37 = DEFINITIONAL_REPRESENTATION('',(#38),#42);
#38 = LINE('',#39,#40);
#39 = CARTESIAN_POINT('',(-0.,0.));
#40 = VECTOR('',#41,1.);
#41 = DIRECTION('',(-0.,-1.));
#42 = ( GEOMETRIC_REPRESENTATION_CONTEXT(2) 
PARAMETRIC_REPRESENTATION_CONTEXT() REPRESENTATION_CONTEXT('2D SPACE',''
  ) );
#43 = PCURVE('',#32,#44);
#44 = DEFINITIONAL_REPRESENTATION('',(#45),#49);
#45 = LINE('',#46,#47);
#46 = CARTESIAN_POINT('',(-6.28318530718,0.));
#47 = VECTOR('',#48,1.);
#48 = DIRECTION('',(-0.,-1.));
#49 = ( GEOMETRIC_REPRESENTATION_CONTEXT(2) 
PARAMETRIC_REPRESENTATION_CONTEXT() REPRESENTATION_CONTEXT('2D SPACE',''
  ) );
#50 = ORIENTED_EDGE('',*,*,#51,.T.);
#51 = EDGE_CURVE('',#24,#24,#52,.T.);
#52 = SURFACE_CURVE('',#53,(#58,#65),.PCURVE_S1.);
#53 = CIRCLE('',#54,17.);
#54 = AXIS2_PLACEMENT_3D('',#55,#56,#57);
#55 = CARTESIAN_POINT('',(12.,0.,0.));
#56 = DIRECTION('',(1.,0.,0.));
#57 = DIRECTION('',(0.,1.,0.));
#58 = PCURVE('',#32,#59);
#59 = DEFINITIONAL_REPRESENTATION('',(#60),#64);
#60 = LINE('',#61,#62);
#61 = CARTESIAN_POINT('',(-0.,-12.));
#62 = VECTOR('',#63,1.);
#63 = DIRECTION('',(-1.,0.));
#64 = ( GEOMETRIC_REPRESENTATION_CONTEXT(2) 
PARAMETRIC_REPRESENTATION_CONTEXT() REPRESENTATION_CONTEXT('2D SPACE',''
  ) );
#65 = PCURVE('',#66,#71);
#66 = PLANE('',#67);
#67 = AXIS2_PLACEMENT_3D('',#68,#69,#70);
#68 = CARTESIAN_POINT('',(12.,-1.287002477684E-15,1.236537197009E-15));
#69 = DIRECTION('',(1.,0.,0.));
#70 = DIRECTION('',(-0.,0.,1.));
#71 = DEFINITIONAL_REPRESENTATION('',(#72),#76);
#72 = CIRCLE('',#73,17.);
#73 = AXIS2_PLACEMENT_2D('',#74,#75);
#74 = CARTESIAN_POINT('',(-1.236537197009E-15,-1.287002477684E-15));
#75 = DIRECTION('',(0.,-1.));
#76 = ( GEOMETRIC_REPRESENTATION_CONTEXT(2) 
PARAMETRIC_REPRESENTATION_CONTEXT() REPRESENTATION_CONTEXT('2D SPACE',''
  ) );
#77 = ORIENTED_EDGE('',*,*,#21,.F.);
#78 = ORIENTED_EDGE('',*,*,#79,.F.);
#79 = EDGE_CURVE('',#22,#22,#80,.T.);
#80 = SURFACE_CURVE('',#81,(#86,#93),.PCURVE_S1.);
#81 = CIRCLE('',#82,17.);
#82 = AXIS2_PLACEMENT_3D('',#83,#84,#85);
#83 = CARTESIAN_POINT('',(0.,0.,0.));
#84 = DIRECTION('',(1.,0.,0.));
#85 = DIRECTION('',(0.,1.,0.));
#86 = PCURVE('',#32,#87);
#87 = DEFINITIONAL_REPRESENTATION('',(#88),#92);
#88 = LINE('',#89,#90);
#89 = CARTESIAN_POINT('',(-0.,0.));
#90 = VECTOR('',#91,1.);
#91 = DIRECTION('',(-1.,0.));
#92 = ( GEOMETRIC_REPRESENTATION_CONTEXT(2) 
PARAMETRIC_REPRESENTATION_CONTEXT() REPRESENTATION_CONTEXT('2D SPACE',''
  ) );
#93 = PCURVE('',#94,#99);
#94 = PLANE('',#95);
#95 = AXIS2_PLACEMENT_3D('',#96,#97,#98);
#96 = CARTESIAN_POINT('',(0.,-1.287002477684E-15,1.236537197009E-15));
#97 = DIRECTION('',(1.,0.,0.));
#98 = DIRECTION('',(-0.,0.,1.));
#99 = DEFINITIONAL_REPRESENTATION('',(#100),#104);
#100 = CIRCLE('',#101,17.);
#101 = AXIS2_PLACEMENT_2D('',#102,#103);
#102 = CARTESIAN_POINT('',(-1.236537197009E-15,-1.287002477684E-15));
#103 = DIRECTION('',(0.,-1.));
#104 = ( GEOMETRIC_REPRESENTATION_CONTEXT(2) 
PARAMETRIC_REPRESENTATION_CONTEXT() REPRESENTATION_CONTEXT('2D SPACE',''
  ) );
#105 = ADVANCED_FACE('',(#106,#109),#94,.F.);
#106 = FACE_BOUND('',#107,.F.);
#107 = EDGE_LOOP('',(#108));
#108 = ORIENTED_EDGE('',*,*,#79,.T.);
#109 = FACE_BOUND('',#110,.F.);
#110 = EDGE_LOOP('',(#111,#142,#168));
#111 = ORIENTED_EDGE('',*,*,#112,.F.);
#112 = EDGE_CURVE('',#113,#115,#117,.T.);
#113 = VERTEX_POINT('',#114);
#114 = CARTESIAN_POINT('',(0.,8.355823693128E-10,12.5));
#115 = VERTEX_POINT('',#116);
#116 = CARTESIAN_POINT('',(0.,3.522335895192,-11.9934627961));
#117 = SURFACE_CURVE('',#118,(#123,#130),.PCURVE_S1.);
#118 = CIRCLE('',#119,12.5);
#119 = AXIS2_PLACEMENT_3D('',#120,#121,#122);
#120 = CARTESIAN_POINT('',(0.,0.,0.));
#121 = DIRECTION('',(1.,0.,0.));
#122 = DIRECTION('',(0.,1.,0.));
#123 = PCURVE('',#94,#124);
#124 = DEFINITIONAL_REPRESENTATION('',(#125),#129);
#125 = CIRCLE('',#126,12.5);
#126 = AXIS2_PLACEMENT_2D('',#127,#128);
#127 = CARTESIAN_POINT('',(-1.236537197009E-15,-1.287002477684E-15));
#128 = DIRECTION('',(0.,-1.));
#129 = ( GEOMETRIC_REPRESENTATION_CONTEXT(2) 
PARAMETRIC_REPRESENTATION_CONTEXT() REPRESENTATION_CONTEXT('2D SPACE',''
  ) );
#130 = PCURVE('',#131,#136);
#131 = CYLINDRICAL_SURFACE('',#132,12.5);
#132 = AXIS2_PLACEMENT_3D('',#133,#134,#135);
#133 = CARTESIAN_POINT('',(0.,0.,0.));
#134 = DIRECTION('',(-1.,-0.,-0.));
#135 = DIRECTION('',(0.,1.,0.));
#136 = DEFINITIONAL_REPRESENTATION('',(#137),#141);
#137 = LINE('',#138,#139);
#138 = CARTESIAN_POINT('',(-0.,0.));
#139 = VECTOR('',#140,1.);
#140 = DIRECTION('',(-1.,0.));
#141 = ( GEOMETRIC_REPRESENTATION_CONTEXT(2) 
PARAMETRIC_REPRESENTATION_CONTEXT() REPRESENTATION_CONTEXT('2D SPACE',''
  ) );
#142 = ORIENTED_EDGE('',*,*,#143,.T.);
#143 = EDGE_CURVE('',#113,#144,#146,.T.);
#144 = VERTEX_POINT('',#145);
#145 = CARTESIAN_POINT('',(-1.206933775144E-08,8.772983228766E-09,
    12.699999889241));
#146 = SURFACE_CURVE('',#147,(#151,#157),.PCURVE_S1.);
#147 = LINE('',#148,#149);
#148 = CARTESIAN_POINT('',(0.,-2.464415392597E-07,6.269314268066));
#149 = VECTOR('',#150,1.);
#150 = DIRECTION('',(-0.,3.968698355538E-08,1.));
#151 = PCURVE('',#94,#152);
#152 = DEFINITIONAL_REPRESENTATION('',(#153),#156);
#153 = B_SPLINE_CURVE_WITH_KNOTS('',1,(#154,#155),.UNSPECIFIED.,.F.,.F.,
  (2,2),(6.210685600759,6.430685621175),.PIECEWISE_BEZIER_KNOTS.);
#154 = CARTESIAN_POINT('',(12.479999868825,-4.183933223713E-11));
#155 = CARTESIAN_POINT('',(12.699999889241,-8.772976524688E-09));
#156 = ( GEOMETRIC_REPRESENTATION_CONTEXT(2) 
PARAMETRIC_REPRESENTATION_CONTEXT() REPRESENTATION_CONTEXT('2D SPACE',''
  ) );
#157 = PCURVE('',#158,#163);
#158 = PLANE('',#159);
#159 = AXIS2_PLACEMENT_3D('',#160,#161,#162);
#160 = CARTESIAN_POINT('',(-3.832757337074E-09,2.368632999715E-09,
    12.538628536132));
#161 = DIRECTION('',(-2.091765081242E-10,1.,-3.968698355538E-08));
#162 = DIRECTION('',(0.,3.968698355538E-08,1.));
#163 = DEFINITIONAL_REPRESENTATION('',(#164),#167);
#164 = B_SPLINE_CURVE_WITH_KNOTS('',1,(#165,#166),.UNSPECIFIED.,.F.,.F.,
  (2,2),(6.210685600759,6.430685621175),.PIECEWISE_BEZIER_KNOTS.);
#165 = CARTESIAN_POINT('',(-5.862866730689E-02,3.832757337074E-09));
#166 = CARTESIAN_POINT('',(0.16137135311,3.832757337074E-09));
#167 = ( GEOMETRIC_REPRESENTATION_CONTEXT(2) 
PARAMETRIC_REPRESENTATION_CONTEXT() REPRESENTATION_CONTEXT('2D SPACE',''
  ) );
#168 = ORIENTED_EDGE('',*,*,#169,.T.);
#169 = EDGE_CURVE('',#144,#115,#170,.T.);
#170 = SURFACE_CURVE('',#171,(#214,#260),.PCURVE_S1.);
#171 = B_SPLINE_CURVE_WITH_KNOTS('',6,(#172,#173,#174,#175,#176,#177,
    #178,#179,#180,#181,#182,#183,#184,#185,#186,#187,#188,#189,#190,
    #191,#192,#193,#194,#195,#196,#197,#198,#199,#200,#201,#202,#203,
    #204,#205,#206,#207,#208,#209,#210,#211,#212,#213),.UNSPECIFIED.,.F.
  ,.F.,(7,5,5,5,5,5,5,5,7),(0.,0.115884702922,0.250623609699,
    0.375030609824,0.500170590563,0.628033102506,0.751628626714,
    0.87495636694,1.),.UNSPECIFIED.);
#172 = CARTESIAN_POINT('',(0.,1.212633817849E-06,12.699999889241));
#173 = CARTESIAN_POINT('',(0.,0.763954522965,12.695787335117));
#174 = CARTESIAN_POINT('',(0.,1.527634815122,12.636436401871));
#175 = CARTESIAN_POINT('',(0.,2.285995026382,12.521930653656));
#176 = CARTESIAN_POINT('',(0.,3.034092630933,12.352888737072));
#177 = CARTESIAN_POINT('',(0.,3.767076651624,12.130473867969));
#178 = CARTESIAN_POINT('',(0.,5.309368650593,11.537923488838));
#179 = CARTESIAN_POINT('',(0.,6.111796489473,11.149601361284));
#180 = CARTESIAN_POINT('',(0.,6.879999120809,10.69433399129));
#181 = CARTESIAN_POINT('',(0.,7.60711530517,10.175959171174));
#182 = CARTESIAN_POINT('',(0.,8.28680085482,9.599139204809));
#183 = CARTESIAN_POINT('',(0.,9.491893409276,8.388249451107));
#184 = CARTESIAN_POINT('',(0.,10.025207420702,7.761887704405));
#185 = CARTESIAN_POINT('',(0.,10.508826859766,7.094911144308));
#186 = CARTESIAN_POINT('',(0.,10.938976917577,6.392258439977));
#187 = CARTESIAN_POINT('',(0.,11.312479749546,5.659282218963));
#188 = CARTESIAN_POINT('',(0.,11.943143186079,4.139910083176));
#189 = CARTESIAN_POINT('',(0.,12.199641641705,3.353137502238));
#190 = CARTESIAN_POINT('',(0.,12.393860638573,2.547451753484));
#191 = CARTESIAN_POINT('',(0.,12.52415558008,1.728990779755));
#192 = CARTESIAN_POINT('',(0.,12.589612955236,0.904052189084));
#193 = CARTESIAN_POINT('',(0.,12.59081460152,-0.763765910138));
#194 = CARTESIAN_POINT('',(0.,12.523705952592,-1.606749243837));
#195 = CARTESIAN_POINT('',(0.,12.388823860004,-2.442913472104));
#196 = CARTESIAN_POINT('',(0.,12.187082858416,-3.265512703624));
#197 = CARTESIAN_POINT('',(0.,11.920199540525,-4.067949220267));
#198 = CARTESIAN_POINT('',(0.,11.272528784156,-5.593795674927));
#199 = CARTESIAN_POINT('',(0.,10.895802244856,-6.31903760729));
#200 = CARTESIAN_POINT('',(0.,10.463096494749,-7.013754051321));
#201 = CARTESIAN_POINT('',(0.,9.97754370121,-7.672622718552));
#202 = CARTESIAN_POINT('',(0.,9.442880441308,-8.290715828815));
#203 = CARTESIAN_POINT('',(0.,8.285511761781,-9.435224755144));
#204 = CARTESIAN_POINT('',(0.,7.662934646308,-9.961900557095));
#205 = CARTESIAN_POINT('',(0.,7.000252988522,-10.4391851074));
#206 = CARTESIAN_POINT('',(0.,6.302374805936,-10.8633522751));
#207 = CARTESIAN_POINT('',(0.,5.574616849732,-11.23126957022));
#208 = CARTESIAN_POINT('',(0.,4.060485889915,-11.85408833259));
#209 = CARTESIAN_POINT('',(0.,3.273349006077,-12.10738287516));
#210 = CARTESIAN_POINT('',(0.,2.467412938071,-12.29787226852));
#211 = CARTESIAN_POINT('',(0.,1.648916167529,-12.42391511314));
#212 = CARTESIAN_POINT('',(0.,0.824256495908,-12.48461694184));
#213 = CARTESIAN_POINT('',(0.,1.458921864432E-05,-12.4799932958));
#214 = PCURVE('',#94,#215);
#215 = DEFINITIONAL_REPRESENTATION('',(#216),#259);
#216 = B_SPLINE_CURVE_WITH_KNOTS('',6,(#217,#218,#219,#220,#221,#222,
    #223,#224,#225,#226,#227,#228,#229,#230,#231,#232,#233,#234,#235,
    #236,#237,#238,#239,#240,#241,#242,#243,#244,#245,#246,#247,#248,
    #249,#250,#251,#252,#253,#254,#255,#256,#257,#258),.UNSPECIFIED.,.F.
  ,.F.,(7,5,5,5,5,5,5,5,7),(0.,0.115884702922,0.250623609699,
    0.375030609824,0.500170590563,0.628033102506,0.751628626714,
    0.87495636694,1.),.UNSPECIFIED.);
#217 = CARTESIAN_POINT('',(12.699999889241,-1.212633819136E-06));
#218 = CARTESIAN_POINT('',(12.695787335117,-0.763954522965));
#219 = CARTESIAN_POINT('',(12.636436401871,-1.527634815122));
#220 = CARTESIAN_POINT('',(12.521930653656,-2.285995026382));
#221 = CARTESIAN_POINT('',(12.352888737072,-3.034092630933));
#222 = CARTESIAN_POINT('',(12.130473867969,-3.767076651624));
#223 = CARTESIAN_POINT('',(11.537923488838,-5.309368650593));
#224 = CARTESIAN_POINT('',(11.149601361284,-6.111796489473));
#225 = CARTESIAN_POINT('',(10.69433399129,-6.879999120809));
#226 = CARTESIAN_POINT('',(10.175959171174,-7.60711530517));
#227 = CARTESIAN_POINT('',(9.599139204809,-8.28680085482));
#228 = CARTESIAN_POINT('',(8.388249451107,-9.491893409276));
#229 = CARTESIAN_POINT('',(7.761887704405,-10.0252074207));
#230 = CARTESIAN_POINT('',(7.094911144308,-10.50882685976));
#231 = CARTESIAN_POINT('',(6.392258439977,-10.93897691757));
#232 = CARTESIAN_POINT('',(5.659282218963,-11.31247974954));
#233 = CARTESIAN_POINT('',(4.139910083176,-11.94314318607));
#234 = CARTESIAN_POINT('',(3.353137502238,-12.1996416417));
#235 = CARTESIAN_POINT('',(2.547451753484,-12.39386063857));
#236 = CARTESIAN_POINT('',(1.728990779755,-12.52415558008));
#237 = CARTESIAN_POINT('',(0.904052189084,-12.58961295523));
#238 = CARTESIAN_POINT('',(-0.763765910138,-12.59081460152));
#239 = CARTESIAN_POINT('',(-1.606749243837,-12.52370595259));
#240 = CARTESIAN_POINT('',(-2.442913472104,-12.38882386));
#241 = CARTESIAN_POINT('',(-3.265512703624,-12.18708285841));
#242 = CARTESIAN_POINT('',(-4.067949220267,-11.92019954052));
#243 = CARTESIAN_POINT('',(-5.593795674927,-11.27252878415));
#244 = CARTESIAN_POINT('',(-6.31903760729,-10.89580224485));
#245 = CARTESIAN_POINT('',(-7.013754051321,-10.46309649474));
#246 = CARTESIAN_POINT('',(-7.672622718552,-9.97754370121));
#247 = CARTESIAN_POINT('',(-8.290715828815,-9.442880441308));
#248 = CARTESIAN_POINT('',(-9.435224755144,-8.285511761781));
#249 = CARTESIAN_POINT('',(-9.961900557095,-7.662934646308));
#250 = CARTESIAN_POINT('',(-10.4391851074,-7.000252988522));
#251 = CARTESIAN_POINT('',(-10.8633522751,-6.302374805936));
#252 = CARTESIAN_POINT('',(-11.23126957022,-5.574616849732));
#253 = CARTESIAN_POINT('',(-11.85408833259,-4.060485889915));
#254 = CARTESIAN_POINT('',(-12.10738287516,-3.273349006077));
#255 = CARTESIAN_POINT('',(-12.29787226852,-2.467412938071));
#256 = CARTESIAN_POINT('',(-12.42391511314,-1.648916167529));
#257 = CARTESIAN_POINT('',(-12.48461694184,-0.824256495908));
#258 = CARTESIAN_POINT('',(-12.4799932958,-1.458921864561E-05));
#259 = ( GEOMETRIC_REPRESENTATION_CONTEXT(2) 
PARAMETRIC_REPRESENTATION_CONTEXT() REPRESENTATION_CONTEXT('2D SPACE',''
  ) );
#260 = PCURVE('',#261,#554);
#261 = B_SPLINE_SURFACE_WITH_KNOTS('',1,10,(
    (#262,#263,#264,#265,#266,#267,#268,#269,#270,#271,#272,#273,#274
      ,#275,#276,#277,#278,#279,#280,#281,#282,#283,#284,#285,#286,#287
      ,#288,#289,#290,#291,#292,#293,#294,#295,#296,#297,#298,#299,#300
      ,#301,#302,#303,#304,#305,#306,#307,#308,#309,#310,#311,#312,#313
      ,#314,#315,#316,#317,#318,#319,#320,#321,#322,#323,#324,#325,#326
      ,#327,#328,#329,#330,#331,#332,#333,#334,#335,#336,#337,#338,#339
      ,#340,#341,#342,#343,#344,#345,#346,#347,#348,#349,#350,#351,#352
      ,#353,#354,#355,#356,#357,#358,#359,#360,#361,#362,#363,#364,#365
      ,#366,#367,#368,#369,#370,#371,#372,#373,#374,#375,#376,#377,#378
      ,#379,#380,#381,#382,#383,#384,#385,#386,#387,#388,#389,#390,#391
      ,#392,#393,#394,#395,#396,#397,#398,#399,#400,#401,#402,#403,#404
      ,#405,#406,#407)
    ,(#408,#409,#410,#411,#412,#413,#414,#415,#416,#417,#418,#419,#420
      ,#421,#422,#423,#424,#425,#426,#427,#428,#429,#430,#431,#432,#433
      ,#434,#435,#436,#437,#438,#439,#440,#441,#442,#443,#444,#445,#446
      ,#447,#448,#449,#450,#451,#452,#453,#454,#455,#456,#457,#458,#459
      ,#460,#461,#462,#463,#464,#465,#466,#467,#468,#469,#470,#471,#472
      ,#473,#474,#475,#476,#477,#478,#479,#480,#481,#482,#483,#484,#485
      ,#486,#487,#488,#489,#490,#491,#492,#493,#494,#495,#496,#497,#498
      ,#499,#500,#501,#502,#503,#504,#505,#506,#507,#508,#509,#510,#511
      ,#512,#513,#514,#515,#516,#517,#518,#519,#520,#521,#522,#523,#524
      ,#525,#526,#527,#528,#529,#530,#531,#532,#533,#534,#535,#536,#537
      ,#538,#539,#540,#541,#542,#543,#544,#545,#546,#547,#548,#549,#550
      ,#551,#552,#553
    )),.UNSPECIFIED.,.F.,.F.,.F.,(2,2),(11,9,9,9,9,9,9,9,9,9,9,9,9,9,9,9
    ,11),(0.,0.456508488421),(0.,5.344236676813,10.688473353625,
    16.032710030438,21.376946707251,26.721183384063,32.065420060876,
    37.409656737689,42.753893414501,48.098130091314,53.442366768127,
    58.786603444939,64.130840121752,69.475076798565,74.819313475377,
    80.16355015219,85.507786829003),.UNSPECIFIED.);
#262 = CARTESIAN_POINT('',(-0.40000000084,-4.183142721104E-11,
    12.479999868825));
#263 = CARTESIAN_POINT('',(-0.33250000084,6.616194063319,12.479999977314
    ));
#264 = CARTESIAN_POINT('',(-0.26500000084,13.233233813819,8.583377154854
    ));
#265 = CARTESIAN_POINT('',(-0.197500000841,17.260954255197,
    0.784089796987));
#266 = CARTESIAN_POINT('',(-0.13000000084,16.149331715898,
    -8.933153943765));
#267 = CARTESIAN_POINT('',(-6.250000084033E-02,8.95284476705,
    -16.74959278206));
#268 = CARTESIAN_POINT('',(4.999999159445E-03,-1.54444347329,
    -18.39067301334));
#269 = CARTESIAN_POINT('',(7.249999916006E-02,-10.2416180784,
    -13.91634234856));
#270 = CARTESIAN_POINT('',(0.139999999159,-14.48880861675,
    -6.234362654309));
#271 = CARTESIAN_POINT('',(0.20749999916,-14.05250107272,1.432352083487)
  );
#272 = CARTESIAN_POINT('',(0.34249999916,-6.700980249042,12.43468079774)
  );
#273 = CARTESIAN_POINT('',(0.40999999916,0.215173493649,15.771700650736)
  );
#274 = CARTESIAN_POINT('',(0.477499999159,8.937725568803,14.787575873876
    ));
#275 = CARTESIAN_POINT('',(0.544999999161,16.39973399974,8.4646841828));
#276 = CARTESIAN_POINT('',(0.612499999158,18.900711495814,
    -1.861556814148));
#277 = CARTESIAN_POINT('',(0.679999999161,14.433238922996,
    -11.50146829627));
#278 = CARTESIAN_POINT('',(0.747499999159,5.881077643677,-16.24709978008
    ));
#279 = CARTESIAN_POINT('',(0.81499999916,-2.865867683433,-15.51063039382
    ));
#280 = CARTESIAN_POINT('',(0.88249999916,-8.998108526454,-10.88845543839
    ));
#281 = CARTESIAN_POINT('',(1.01749999916,-14.0619243807,1.336677058787)
  );
#282 = CARTESIAN_POINT('',(1.08499999916,-12.99414583698,8.941197626705)
  );
#283 = CARTESIAN_POINT('',(1.15249999916,-7.329885702356,15.646984187962
    ));
#284 = CARTESIAN_POINT('',(1.21999999916,2.073076364508,18.338607034131)
  );
#285 = CARTESIAN_POINT('',(1.28749999916,12.048500612046,14.681141706967
    ));
#286 = CARTESIAN_POINT('',(1.354999999159,17.581799297197,5.610926149932
    ));
#287 = CARTESIAN_POINT('',(1.42249999916,16.77632143193,-4.136467662294)
  );
#288 = CARTESIAN_POINT('',(1.48999999916,11.304427063486,-11.00012643386
    ));
#289 = CARTESIAN_POINT('',(1.55749999916,4.054338571147,-13.53095553307)
  );
#290 = CARTESIAN_POINT('',(1.69249999916,-8.923792960728,-10.94944482802
    ));
#291 = CARTESIAN_POINT('',(1.759999999159,-14.65349475475,
    -5.836774152334));
#292 = CARTESIAN_POINT('',(1.827499999161,-17.08225818412,2.598421428196
    ));
#293 = CARTESIAN_POINT('',(1.894999999158,-14.09625496195,11.91208418428
    ));
#294 = CARTESIAN_POINT('',(1.962499999162,-5.51313491067,18.17436745186)
  );
#295 = CARTESIAN_POINT('',(2.029999999157,5.102609741899,17.735995393792
    ));
#296 = CARTESIAN_POINT('',(2.097499999161,12.759771970621,
    11.650903173852));
#297 = CARTESIAN_POINT('',(2.164999999159,15.426674039061,3.28794478167)
  );
#298 = CARTESIAN_POINT('',(2.23249999916,13.503048175879,-4.146336798592
    ));
#299 = CARTESIAN_POINT('',(2.36749999916,4.146336911479,-13.50304828786)
  );
#300 = CARTESIAN_POINT('',(2.43499999916,-3.287945153908,-15.4266735785)
  );
#301 = CARTESIAN_POINT('',(2.502499999159,-11.65090261735,
    -12.75977299126));
#302 = CARTESIAN_POINT('',(2.569999999161,-17.73599567233,
    -5.102608262109));
#303 = CARTESIAN_POINT('',(2.637499999158,-18.17436790603,5.513133413452
    ));
#304 = CARTESIAN_POINT('',(2.704999999161,-11.91208313056,
    14.096256037604));
#305 = CARTESIAN_POINT('',(2.772499999159,-2.598422457942,17.08225764466
    ));
#306 = CARTESIAN_POINT('',(2.83999999916,5.83677471771,14.653494930886)
  );
#307 = CARTESIAN_POINT('',(2.90749999916,10.949444671949,8.923792930329)
  );
#308 = CARTESIAN_POINT('',(3.04249999916,13.530955688904,-4.054338539502
    ));
#309 = CARTESIAN_POINT('',(3.10999999916,11.000125844125,-11.30442711712
    ));
#310 = CARTESIAN_POINT('',(3.177499999159,4.136468820095,-16.77632153625
    ));
#311 = CARTESIAN_POINT('',(3.244999999161,-5.61092753507,-17.58179870667
    ));
#312 = CARTESIAN_POINT('',(3.312499999158,-14.68114071441,
    -12.04850182147));
#313 = CARTESIAN_POINT('',(3.379999999161,-18.33860734308,
    -2.073074890781));
#314 = CARTESIAN_POINT('',(3.447499999159,-15.6469843115,7.329884546449)
  );
#315 = CARTESIAN_POINT('',(3.51499999916,-8.941197459056,12.994146404934
    ));
#316 = CARTESIAN_POINT('',(3.58249999916,-1.336677120219,14.061924234035
    ));
#317 = CARTESIAN_POINT('',(3.717499999159,10.888455498646,8.998108673605
    ));
#318 = CARTESIAN_POINT('',(3.784999999162,15.510630110838,2.86586716328)
  );
#319 = CARTESIAN_POINT('',(3.852499999155,16.247100509879,
    -5.881076738957));
#320 = CARTESIAN_POINT('',(3.919999999167,11.501467036094,
    -14.43323974662));
#321 = CARTESIAN_POINT('',(3.987499999151,1.861558370643,-18.90071134244
    ));
#322 = CARTESIAN_POINT('',(4.054999999167,-8.464685579149,
    -16.39973343787));
#323 = CARTESIAN_POINT('',(4.122499999155,-14.78757498205,
    -8.937726313708));
#324 = CARTESIAN_POINT('',(4.189999999162,-15.77170102931,
    -0.215173038725));
#325 = CARTESIAN_POINT('',(4.257499999159,-12.43468071025,6.700980116485
    ));
#326 = CARTESIAN_POINT('',(4.39249999916,-1.43235217169,14.052501204563)
  );
#327 = CARTESIAN_POINT('',(4.459999999157,6.234362925785,14.488808092534
    ));
#328 = CARTESIAN_POINT('',(4.527499999167,13.916342012256,
    10.241619187718));
#329 = CARTESIAN_POINT('',(4.594999999149,18.390672977662,1.544441968155
    ));
#330 = CARTESIAN_POINT('',(4.662499999171,16.749593549957,
    -8.952843388048));
#331 = CARTESIAN_POINT('',(4.729999999151,8.933152663769,-16.14933256429
    ));
#332 = CARTESIAN_POINT('',(4.797499999164,-0.784088645626,
    -17.26095392799));
#333 = CARTESIAN_POINT('',(4.864999999158,-8.583377772894,
    -13.23323387546));
#334 = CARTESIAN_POINT('',(4.93249999916,-12.47999979922,-6.616194064486
    ));
#335 = CARTESIAN_POINT('',(5.06749999916,-12.47999995823,6.616194063851)
  );
#336 = CARTESIAN_POINT('',(5.134999999157,-8.583377184018,
    13.233233813002));
#337 = CARTESIAN_POINT('',(5.202499999166,-0.784089760833,
    17.260954256218));
#338 = CARTESIAN_POINT('',(5.269999999151,8.933153907099,16.149331714853
    ));
#339 = CARTESIAN_POINT('',(5.337499999169,16.749592812401,8.952844767923
    ));
#340 = CARTESIAN_POINT('',(5.404999999153,18.390672993187,
    -1.544443473876));
#341 = CARTESIAN_POINT('',(5.472499999163,13.916342358925,-10.2416180781
    ));
#342 = CARTESIAN_POINT('',(5.539999999159,6.234362650556,-14.48880861686
    ));
#343 = CARTESIAN_POINT('',(5.60749999916,-1.432352082821,-14.0525010727)
  );
#344 = CARTESIAN_POINT('',(5.74249999916,-12.43468079806,-6.700980249052
    ));
#345 = CARTESIAN_POINT('',(5.80999999916,-15.77170065023,0.215173493664)
  );
#346 = CARTESIAN_POINT('',(5.877499999158,-14.7875758745,8.937725568783)
  );
#347 = CARTESIAN_POINT('',(5.944999999162,-8.464684182152,
    16.399733999764));
#348 = CARTESIAN_POINT('',(6.012499999157,1.86155681361,18.900711495791)
  );
#349 = CARTESIAN_POINT('',(6.079999999162,11.501468296633,
    14.433238923014));
#350 = CARTESIAN_POINT('',(6.147499999158,16.247099779896,5.881077643666
    ));
#351 = CARTESIAN_POINT('',(6.21499999916,15.510630393886,-2.865867683429
    ));
#352 = CARTESIAN_POINT('',(6.28249999916,10.888455438382,-8.998108526455
    ));
#353 = CARTESIAN_POINT('',(6.417499999159,-1.336677058781,
    -14.06192438069));
#354 = CARTESIAN_POINT('',(6.484999999162,-8.941197626716,
    -12.99414583698));
#355 = CARTESIAN_POINT('',(6.552499999154,-15.64698418794,
    -7.329885702358));
#356 = CARTESIAN_POINT('',(6.61999999917,-18.33860703415,2.073076364512)
  );
#357 = CARTESIAN_POINT('',(6.687499999147,-14.68114170693,12.04850061204
    ));
#358 = CARTESIAN_POINT('',(6.754999999171,-5.610926149957,
    17.581799297201));
#359 = CARTESIAN_POINT('',(6.822499999152,4.136467662309,16.776321431927
    ));
#360 = CARTESIAN_POINT('',(6.889999999163,11.000126433861,
    11.304427063487));
#361 = CARTESIAN_POINT('',(6.957499999159,13.530955533074,4.054338571148
    ));
#362 = CARTESIAN_POINT('',(7.092499999161,10.949444828027,
    -8.923792960729));
#363 = CARTESIAN_POINT('',(7.159999999152,5.836774152346,-14.65349475474
    ));
#364 = CARTESIAN_POINT('',(7.227499999178,-2.598421428225,
    -17.08225818414));
#365 = CARTESIAN_POINT('',(7.29499999913,-11.91208418423,-14.09625496192
    ));
#366 = CARTESIAN_POINT('',(7.362499999192,-18.17436745191,
    -5.513134910697));
#367 = CARTESIAN_POINT('',(7.429999999135,-17.73599539375,5.102609741919
    ));
#368 = CARTESIAN_POINT('',(7.497499999173,-11.65090317387,
    12.759771970611));
#369 = CARTESIAN_POINT('',(7.564999999155,-3.287944781662,
    15.426674039064));
#370 = CARTESIAN_POINT('',(7.63249999916,4.14633679859,13.503048175879)
  );
#371 = CARTESIAN_POINT('',(7.76749999916,13.503048287869,4.146336911478)
  );
#372 = CARTESIAN_POINT('',(7.834999999156,15.426673578498,
    -3.287945153897));
#373 = CARTESIAN_POINT('',(7.90249999917,12.759772991278,-11.65090261738
    ));
#374 = CARTESIAN_POINT('',(7.969999999144,5.102608262087,-17.73599567228
    ));
#375 = CARTESIAN_POINT('',(8.037499999175,-5.513133413421,
    -18.17436790608));
#376 = CARTESIAN_POINT('',(8.10499999915,-14.09625603763,-11.91208313052
    ));
#377 = CARTESIAN_POINT('',(8.172499999164,-17.08225764464,
    -2.598422457964));
#378 = CARTESIAN_POINT('',(8.239999999159,-14.65349493089,5.836774717717
    ));
#379 = CARTESIAN_POINT('',(8.307499999159,-8.923792930329,
    10.949444671948));
#380 = CARTESIAN_POINT('',(8.442499999161,4.054338539504,13.530955688904
    ));
#381 = CARTESIAN_POINT('',(8.509999999152,11.30442711711,11.000125844129
    ));
#382 = CARTESIAN_POINT('',(8.577499999178,16.776321536283,4.136468820089
    ));
#383 = CARTESIAN_POINT('',(8.644999999131,17.581798706633,
    -5.610927535065));
#384 = CARTESIAN_POINT('',(8.712499999191,12.04850182152,-14.68114071441
    ));
#385 = CARTESIAN_POINT('',(8.779999999136,2.073074890747,-18.33860734308
    ));
#386 = CARTESIAN_POINT('',(8.847499999172,-7.32988454643,-15.6469843115)
  );
#387 = CARTESIAN_POINT('',(8.914999999156,-12.99414640494,
    -8.941197459061));
#388 = CARTESIAN_POINT('',(8.98249999916,-14.06192423403,-1.336677120215
    ));
#389 = CARTESIAN_POINT('',(9.117499999161,-8.998108673603,
    10.888455498636));
#390 = CARTESIAN_POINT('',(9.184999999153,-2.865867163288,
    15.510630110897));
#391 = CARTESIAN_POINT('',(9.252499999177,5.88107673898,16.247100509714)
  );
#392 = CARTESIAN_POINT('',(9.319999999133,14.433239746588,
    11.501467036416));
#393 = CARTESIAN_POINT('',(9.387499999188,18.900711342491,1.861558370154
    ));
#394 = CARTESIAN_POINT('',(9.45499999914,16.399733437846,-8.464685578549
    ));
#395 = CARTESIAN_POINT('',(9.522499999169,8.937726313717,-14.78757498265
    ));
#396 = CARTESIAN_POINT('',(9.589999999158,0.21517303873,-15.77170102882)
  );
#397 = CARTESIAN_POINT('',(9.657499999159,-6.700980116493,
    -12.43468071057));
#398 = CARTESIAN_POINT('',(9.792499999161,-14.05250120454,
    -1.432352171026));
#399 = CARTESIAN_POINT('',(9.859999999151,-14.48880809263,6.234362922037
    ));
#400 = CARTESIAN_POINT('',(9.927499999183,-10.24161918743,
    13.916342022608));
#401 = CARTESIAN_POINT('',(9.994999999122,-1.544441968712,
    18.390672957518));
#402 = CARTESIAN_POINT('',(10.062499999204,8.952843388884,
    16.749593580278));
#403 = CARTESIAN_POINT('',(10.129999999123,16.149332563282,
    8.933152627115));
#404 = CARTESIAN_POINT('',(10.197499999181,17.260953928998,
    -0.784088609476));
#405 = CARTESIAN_POINT('',(10.264999999151,13.233233874651,
    -8.583377802058));
#406 = CARTESIAN_POINT('',(10.332499999162,6.616194065016,
    -12.47999978013));
#407 = CARTESIAN_POINT('',(10.39999999916,4.198952296974E-11,
    -12.47999988862));
#408 = CARTESIAN_POINT('',(-1.206933758491E-08,8.772967241555E-09,
    12.699999889241));
#409 = CARTESIAN_POINT('',(6.75001077026E-02,6.732826102426,
    12.699999776117));
#410 = CARTESIAN_POINT('',(0.134999653812,13.466510251557,8.734687668731
    ));
#411 = CARTESIAN_POINT('',(0.202500576871,17.565237538535,0.797908889559
    ));
#412 = CARTESIAN_POINT('',(0.269999501311,16.434011187052,
    -9.090623537309));
#413 = CARTESIAN_POINT('',(0.337500032149,9.110669662843,-17.04486579915
    ));
#414 = CARTESIAN_POINT('',(0.405000433898,-1.571668686396,
    -18.71486073031));
#415 = CARTESIAN_POINT('',(0.472499471898,-10.42216126577,
    -14.16166644736));
#416 = CARTESIAN_POINT('',(0.540000307639,-14.74421906825,
    -6.344261862574));
#417 = CARTESIAN_POINT('',(0.607499911662,-14.30022180229,1.45760164439)
  );
#418 = CARTESIAN_POINT('',(0.742500086354,-6.81910613957,12.653882154737
    ));
#419 = CARTESIAN_POINT('',(0.809999686433,0.218964893496,16.049726505082
    ));
#420 = CARTESIAN_POINT('',(0.877500536442,9.095286086806,15.04825569408)
  );
#421 = CARTESIAN_POINT('',(0.944999542298,16.688824683682,8.613901052883
    ));
#422 = CARTESIAN_POINT('',(1.012499998252,19.233904799774,
    -1.894375074521));
#423 = CARTESIAN_POINT('',(1.080000456414,14.687665674368,
    -11.70421430145));
#424 = CARTESIAN_POINT('',(1.147499460328,5.984752738831,-16.53351070934
    ));
#425 = CARTESIAN_POINT('',(1.215000311829,-2.916388269065,-15.7840531558
    ));
#426 = CARTESIAN_POINT('',(1.282499910919,-9.156729033642,
    -11.08039979219));
#427 = CARTESIAN_POINT('',(1.417500086718,-14.30981087599,1.36024071901)
  );
#428 = CARTESIAN_POINT('',(1.484999685875,-13.22320949825,9.098812949703
    ));
#429 = CARTESIAN_POINT('',(1.552500537133,-7.459097116649,
    15.922816918549));
#430 = CARTESIAN_POINT('',(1.619999541597,2.109617248972,18.661877605006
    ));
#431 = CARTESIAN_POINT('',(1.687499998832,12.260900280674,
    14.939948965094));
#432 = CARTESIAN_POINT('',(1.755000456028,17.891728368478,5.709834617299
    ));
#433 = CARTESIAN_POINT('',(1.822499460526,17.07206221332,-4.20938635803)
  );
#434 = CARTESIAN_POINT('',(1.890000311758,11.503702047745,
    -11.19403831313));
#435 = CARTESIAN_POINT('',(1.957499910932,4.125809636467,-13.76948223406
    ));
#436 = CARTESIAN_POINT('',(2.092500086712,-9.081103786121,
    -11.14246364795));
#437 = CARTESIAN_POINT('',(2.159999685885,-14.9118080579,-5.939667244246
    ));
#438 = CARTESIAN_POINT('',(2.227500537122,-17.38339073325,2.644230518067
    ));
#439 = CARTESIAN_POINT('',(2.294999541608,-14.34474359046,
    12.122066325697));
#440 = CARTESIAN_POINT('',(2.362499998823,-5.610322347874,
    18.494756930701));
#441 = CARTESIAN_POINT('',(2.430000456034,5.192557723251,18.048642598789
    ));
#442 = CARTESIAN_POINT('',(2.497499460524,12.984706425116,
    11.856291189918));
#443 = CARTESIAN_POINT('',(2.565000311759,15.698617123577,3.345904207623
    ));
#444 = CARTESIAN_POINT('',(2.632499910932,13.741083075894,
    -4.219429114473));
#445 = CARTESIAN_POINT('',(2.767500086712,4.219428982934,-13.74108296963
    ));
#446 = CARTESIAN_POINT('',(2.834999685885,-3.345903856696,
    -15.69861757958));
#447 = CARTESIAN_POINT('',(2.902500537121,-11.85629176404,-12.9847053884
    ));
#448 = CARTESIAN_POINT('',(2.969999541609,-18.04864232729,-5.19255917849
    ));
#449 = CARTESIAN_POINT('',(3.037499998821,-18.49475646892,5.610323870141
    ));
#450 = CARTESIAN_POINT('',(3.105000456036,-12.12206735992,
    14.344742531316));
#451 = CARTESIAN_POINT('',(3.172499460522,-2.644229464734,
    17.383391276279));
#452 = CARTESIAN_POINT('',(3.240000311759,5.939666699116,14.911807873719
    ));
#453 = CARTESIAN_POINT('',(3.307499910932,11.142463816366,9.081103801392
    ));
#454 = CARTESIAN_POINT('',(3.442500086712,13.769482072636,
    -4.125809686803));
#455 = CARTESIAN_POINT('',(3.509999685885,11.194038887257,-11.5037020093
    ));
#456 = CARTESIAN_POINT('',(3.577500537121,4.209385177058,-17.07206211471
    ));
#457 = CARTESIAN_POINT('',(3.644999541609,-5.709833256453,
    -17.89172895123));
#458 = CARTESIAN_POINT('',(3.712499998822,-14.93994997429,
    -12.26089905098));
#459 = CARTESIAN_POINT('',(3.780000456036,-18.66187729891,
    -2.109618697348));
#460 = CARTESIAN_POINT('',(3.847499460523,-15.92281678487,7.459098294159
    ));
#461 = CARTESIAN_POINT('',(3.915000311759,-9.098813099402,
    13.223208942664));
#462 = CARTESIAN_POINT('',(3.982499910932,-1.360240638153,
    14.309811024504));
#463 = CARTESIAN_POINT('',(4.117500086712,11.080399744374,9.15672887145)
  );
#464 = CARTESIAN_POINT('',(4.184999685886,15.784053442743,2.91638876779)
  );
#465 = CARTESIAN_POINT('',(4.252500537119,16.533509971419,
    -5.984753665994));
#466 = CARTESIAN_POINT('',(4.319999541612,11.704215541707,
    -14.68766486662));
#467 = CARTESIAN_POINT('',(4.387499998817,1.894373491892,-19.23390495572
    ));
#468 = CARTESIAN_POINT('',(4.455000456039,-8.613899679159,
    -16.68882523384));
#469 = CARTESIAN_POINT('',(4.52249946052,-15.04825659827,-9.095285321481
    ));
#470 = CARTESIAN_POINT('',(4.59000031176,-16.04972612678,-0.218965326631
    ));
#471 = CARTESIAN_POINT('',(4.657499910931,-12.65388223296,6.819106289307
    ));
#472 = CARTESIAN_POINT('',(4.792500086713,-1.45760153677,14.300221672422
    ));
#473 = CARTESIAN_POINT('',(4.859999685883,6.344261611094,14.744219583895
    ));
#474 = CARTESIAN_POINT('',(4.927500537127,14.161666797862,
    10.422160137158));
#475 = CARTESIAN_POINT('',(4.9949995416,18.714860768067,1.571670166301)
  );
#476 = CARTESIAN_POINT('',(5.062499998831,17.044865018948,
    -9.110671065263));
#477 = CARTESIAN_POINT('',(5.130000456029,9.090624794982,-16.43401035063
    ));
#478 = CARTESIAN_POINT('',(5.197499460525,-0.797910064792,
    -17.56523786502));
#479 = CARTESIAN_POINT('',(5.265000311759,-8.734687068925,
    -13.46651017774));
#480 = CARTESIAN_POINT('',(5.332499910932,-12.69999996339,
    -6.732826084233));
#481 = CARTESIAN_POINT('',(5.467500086713,-12.69999979524,6.732826102109
    ));
#482 = CARTESIAN_POINT('',(5.534999685883,-8.734687639512,
    13.466510252039));
#483 = CARTESIAN_POINT('',(5.602500537126,-0.797908925763,
    17.565237537944));
#484 = CARTESIAN_POINT('',(5.669999541601,9.090623574001,16.434011187641
    ));
#485 = CARTESIAN_POINT('',(5.73749999883,17.044865768818,9.110669662364)
  );
#486 = CARTESIAN_POINT('',(5.80500045603,18.71486075046,-1.571668686083)
  );
#487 = CARTESIAN_POINT('',(5.872499460525,14.161666437011,
    -10.42216126593));
#488 = CARTESIAN_POINT('',(5.940000311758,6.344261866322,-14.74421906819
    ));
#489 = CARTESIAN_POINT('',(6.007499910932,-1.457601645054,-14.3002218023
    ));
#490 = CARTESIAN_POINT('',(6.142500086712,-12.65388215441,
    -6.819106139565));
#491 = CARTESIAN_POINT('',(6.209999685885,-16.04972650557,0.218964893488
    ));
#492 = CARTESIAN_POINT('',(6.27750053712,-15.04825569347,9.095286086815)
  );
#493 = CARTESIAN_POINT('',(6.344999541611,-8.613901053489,
    16.688824683675));
#494 = CARTESIAN_POINT('',(6.412499998819,1.894375075019,19.233904799778
    ));
#495 = CARTESIAN_POINT('',(6.480000456038,11.704214301121,
    14.687665674367));
#496 = CARTESIAN_POINT('',(6.547499460521,16.533510709516,5.984752738831
    ));
#497 = CARTESIAN_POINT('',(6.615000311759,15.78405315574,-2.916388269065
    ));
#498 = CARTESIAN_POINT('',(6.682499910932,11.080399792208,
    -9.156729033642));
#499 = CARTESIAN_POINT('',(6.817500086712,-1.360240719015,
    -14.30981087599));
#500 = CARTESIAN_POINT('',(6.884999685886,-9.098812949695,
    -13.22320949825));
#501 = CARTESIAN_POINT('',(6.952500537117,-15.92281691855,
    -7.459097116649));
#502 = CARTESIAN_POINT('',(7.019999541616,-18.661877605,2.109617248973)
  );
#503 = CARTESIAN_POINT('',(7.087499998813,-14.93994896509,
    12.260900280671));
#504 = CARTESIAN_POINT('',(7.155000456044,-5.709834617305,
    17.891728368481));
#505 = CARTESIAN_POINT('',(7.222499460517,4.209386358034,17.072062213318
    ));
#506 = CARTESIAN_POINT('',(7.290000311762,11.194038313132,
    11.503702047745));
#507 = CARTESIAN_POINT('',(7.357499910931,13.769482234069,4.125809636467
    ));
#508 = CARTESIAN_POINT('',(7.492500086713,11.142463647958,
    -9.081103786122));
#509 = CARTESIAN_POINT('',(7.55999968588,5.939667244252,-14.9118080579)
  );
#510 = CARTESIAN_POINT('',(7.627500537134,-2.644230518083,
    -17.38339073326));
#511 = CARTESIAN_POINT('',(7.694999541588,-12.12206632566,
    -14.34474359045));
#512 = CARTESIAN_POINT('',(7.762499998845,-18.49475693073,
    -5.610322347887));
#513 = CARTESIAN_POINT('',(7.830000456018,-18.04864259876,5.192557723259
    ));
#514 = CARTESIAN_POINT('',(7.897499460531,-11.85629118993,
    12.984706425113));
#515 = CARTESIAN_POINT('',(7.965000311757,-3.345904207619,
    15.698617123577));
#516 = CARTESIAN_POINT('',(8.032499910932,4.219429114472,13.741083075894
    ));
#517 = CARTESIAN_POINT('',(8.167500086713,13.741082969635,4.219428982932
    ));
#518 = CARTESIAN_POINT('',(8.234999685882,15.698617579576,
    -3.345903856687));
#519 = CARTESIAN_POINT('',(8.302500537129,12.984705388421,
    -11.85629176406));
#520 = CARTESIAN_POINT('',(8.369999541597,5.192559178464,-18.04864232725
    ));
#521 = CARTESIAN_POINT('',(8.437499998833,-5.610323870105,
    -18.49475646896));
#522 = CARTESIAN_POINT('',(8.505000456028,-14.34474253134,
    -12.12206735989));
#523 = CARTESIAN_POINT('',(8.572499460525,-17.38339127626,
    -2.644229464753));
#524 = CARTESIAN_POINT('',(8.640000311759,-14.91180787372,5.939666699122
    ));
#525 = CARTESIAN_POINT('',(8.707499910931,-9.081103801393,
    11.142463816365));
#526 = CARTESIAN_POINT('',(8.842500086713,4.125809686804,13.769482072637
    ));
#527 = CARTESIAN_POINT('',(8.909999685881,11.503702009297,
    11.194038887258));
#528 = CARTESIAN_POINT('',(8.977500537132,17.072062114731,4.209385177056
    ));
#529 = CARTESIAN_POINT('',(9.044999541592,17.891728951211,
    -5.709833256451));
#530 = CARTESIAN_POINT('',(9.112499998838,12.260899051006,
    -14.93994997429));
#531 = CARTESIAN_POINT('',(9.180000456028,2.10961869733,-18.6618772989)
  );
#532 = CARTESIAN_POINT('',(9.24749946052,-7.45909829415,-15.92281678489)
  );
#533 = CARTESIAN_POINT('',(9.315000311766,-13.22320894266,
    -9.098813099391));
#534 = CARTESIAN_POINT('',(9.382499910925,-14.3098110245,-1.360240638159
    ));
#535 = CARTESIAN_POINT('',(9.517500086725,-9.156728871449,
    11.080399744387));
#536 = CARTESIAN_POINT('',(9.58499968581,-2.916388767794,15.784053442674
    ));
#537 = CARTESIAN_POINT('',(9.652500537327,5.984753666009,16.533509971606
    ));
#538 = CARTESIAN_POINT('',(9.719999541212,14.687664866591,
    11.704215541345));
#539 = CARTESIAN_POINT('',(9.78749999941,19.233904955766,1.89437349243)
  );
#540 = CARTESIAN_POINT('',(9.855000455334,16.688825233795,
    -8.613899679804));
#541 = CARTESIAN_POINT('',(9.922499461207,9.095285321518,-15.04825659764
    ));
#542 = CARTESIAN_POINT('',(9.990000311211,0.218965326607,-16.04972612729
    ));
#543 = CARTESIAN_POINT('',(10.05749991129,-6.819106289294,
    -12.65388223264));
#544 = CARTESIAN_POINT('',(10.192500085982,-14.30022167244,
    -1.457601537434));
#545 = CARTESIAN_POINT('',(10.259999689999,-14.74421958374,6.34426161483
    ));
#546 = CARTESIAN_POINT('',(10.32750052576,-10.42216013757,
    14.161666787546));
#547 = CARTESIAN_POINT('',(10.394999563721,-1.571670165501,
    18.714860788142));
#548 = CARTESIAN_POINT('',(10.462499965523,9.110671064061,
    17.044864988723));
#549 = CARTESIAN_POINT('',(10.530000496311,16.434010352083,
    9.090624831531));
#550 = CARTESIAN_POINT('',(10.597499420783,17.565237863605,
    -0.797910100846));
#551 = CARTESIAN_POINT('',(10.66500034383,13.466510178888,
    -8.734687039833));
#552 = CARTESIAN_POINT('',(10.73249988994,6.732826083486,-12.69999998243
    ));
#553 = CARTESIAN_POINT('',(10.800000009714,-8.550646413141E-09,
    -12.69999986943));
#554 = DEFINITIONAL_REPRESENTATION('',(#555),#598);
#555 = B_SPLINE_CURVE_WITH_KNOTS('',6,(#556,#557,#558,#559,#560,#561,
    #562,#563,#564,#565,#566,#567,#568,#569,#570,#571,#572,#573,#574,
    #575,#576,#577,#578,#579,#580,#581,#582,#583,#584,#585,#586,#587,
    #588,#589,#590,#591,#592,#593,#594,#595,#596,#597),.UNSPECIFIED.,.F.
  ,.F.,(7,5,5,5,5,5,5,5,7),(0.,0.115884702922,0.250623609699,
    0.375030609824,0.500170590563,0.628033102506,0.751628626714,
    0.87495636694,1.),.UNSPECIFIED.);
#556 = CARTESIAN_POINT('',(0.456508488421,9.55574554545E-08));
#557 = CARTESIAN_POINT('',(0.447767453765,6.063952462638E-02));
#558 = CARTESIAN_POINT('',(0.439022733501,0.121304590064));
#559 = CARTESIAN_POINT('',(0.430274942531,0.181990991546));
#560 = CARTESIAN_POINT('',(0.421523638266,0.242701781796));
#561 = CARTESIAN_POINT('',(0.412768391141,0.303439931137));
#562 = CARTESIAN_POINT('',(0.393826664051,0.434845184732));
#563 = CARTESIAN_POINT('',(0.383637808682,0.505528768344));
#564 = CARTESIAN_POINT('',(0.373445138188,0.576238812251));
#565 = CARTESIAN_POINT('',(0.363247777715,0.646981385833));
#566 = CARTESIAN_POINT('',(0.35304480662,0.717762877282));
#567 = CARTESIAN_POINT('',(0.33341362093,0.853951103865));
#568 = CARTESIAN_POINT('',(0.323984808426,0.919361987357));
#569 = CARTESIAN_POINT('',(0.314552567139,0.984796656107));
#570 = CARTESIAN_POINT('',(0.305116283649,1.050259367032));
#571 = CARTESIAN_POINT('',(0.295675325515,1.115754508329));
#572 = CARTESIAN_POINT('',(0.276730674668,1.247180004274));
#573 = CARTESIAN_POINT('',(0.267225860571,1.313118138352));
#574 = CARTESIAN_POINT('',(0.257717568859,1.379080399292));
#575 = CARTESIAN_POINT('',(0.248205168323,1.445071165866));
#576 = CARTESIAN_POINT('',(0.238688005906,1.511094968205));
#577 = CARTESIAN_POINT('',(0.219439385058,1.644629218626));
#578 = CARTESIAN_POINT('',(0.209706580568,1.712149004808));
#579 = CARTESIAN_POINT('',(0.199970179339,1.779693743012));
#580 = CARTESIAN_POINT('',(0.19022946352,1.847268412795));
#581 = CARTESIAN_POINT('',(0.180483690223,1.914878167595));
#582 = CARTESIAN_POINT('',(0.161310017702,2.047892475249));
#583 = CARTESIAN_POINT('',(0.151881263888,2.113302956726));
#584 = CARTESIAN_POINT('',(0.142449042811,2.178737491215));
#585 = CARTESIAN_POINT('',(0.133012739727,2.244200343473));
#586 = CARTESIAN_POINT('',(0.123571722777,2.309695897076));
#587 = CARTESIAN_POINT('',(0.104702985055,2.440594763792));
#588 = CARTESIAN_POINT('',(9.527423022778E-02,2.506005250492));
#589 = CARTESIAN_POINT('',(8.584199767027E-02,2.571439863368));
#590 = CARTESIAN_POINT('',(7.640568241243E-02,2.636902799472));
#591 = CARTESIAN_POINT('',(6.696466080102E-02,2.702398385393));
#592 = CARTESIAN_POINT('',(4.794407389259E-02,2.834350682524));
#593 = CARTESIAN_POINT('',(3.836329796098E-02,2.900815792326));
#594 = CARTESIAN_POINT('',(2.877897903875E-02,2.967305481334));
#595 = CARTESIAN_POINT('',(1.919046053272E-02,3.03382430449));
#596 = CARTESIAN_POINT('',(9.597060982259E-03,3.100376989174));
#597 = CARTESIAN_POINT('',(0.,3.166955074394));
#598 = ( GEOMETRIC_REPRESENTATION_CONTEXT(2) 
PARAMETRIC_REPRESENTATION_CONTEXT() REPRESENTATION_CONTEXT('2D SPACE',''
  ) );
#599 = ADVANCED_FACE('',(#600,#603),#66,.T.);
#600 = FACE_BOUND('',#601,.T.);
#601 = EDGE_LOOP('',(#602));
#602 = ORIENTED_EDGE('',*,*,#51,.T.);
#603 = FACE_BOUND('',#604,.T.);
#604 = EDGE_LOOP('',(#605));
#605 = ORIENTED_EDGE('',*,*,#606,.F.);
#606 = EDGE_CURVE('',#607,#607,#609,.T.);
#607 = VERTEX_POINT('',#608);
#608 = CARTESIAN_POINT('',(12.,12.5,0.));
#609 = SURFACE_CURVE('',#610,(#615,#622),.PCURVE_S1.);
#610 = CIRCLE('',#611,12.5);
#611 = AXIS2_PLACEMENT_3D('',#612,#613,#614);
#612 = CARTESIAN_POINT('',(12.,0.,0.));
#613 = DIRECTION('',(1.,0.,0.));
#614 = DIRECTION('',(0.,1.,0.));
#615 = PCURVE('',#66,#616);
#616 = DEFINITIONAL_REPRESENTATION('',(#617),#621);
#617 = CIRCLE('',#618,12.5);
#618 = AXIS2_PLACEMENT_2D('',#619,#620);
#619 = CARTESIAN_POINT('',(-1.236537197009E-15,-1.287002477684E-15));
#620 = DIRECTION('',(0.,-1.));
#621 = ( GEOMETRIC_REPRESENTATION_CONTEXT(2) 
PARAMETRIC_REPRESENTATION_CONTEXT() REPRESENTATION_CONTEXT('2D SPACE',''
  ) );
#622 = PCURVE('',#623,#628);
#623 = CYLINDRICAL_SURFACE('',#624,12.5);
#624 = AXIS2_PLACEMENT_3D('',#625,#626,#627);
#625 = CARTESIAN_POINT('',(0.,0.,0.));
#626 = DIRECTION('',(-1.,-0.,-0.));
#627 = DIRECTION('',(0.,1.,0.));
#628 = DEFINITIONAL_REPRESENTATION('',(#629),#633);
#629 = LINE('',#630,#631);
#630 = CARTESIAN_POINT('',(-0.,-12.));
#631 = VECTOR('',#632,1.);
#632 = DIRECTION('',(-1.,0.));
#633 = ( GEOMETRIC_REPRESENTATION_CONTEXT(2) 
PARAMETRIC_REPRESENTATION_CONTEXT() REPRESENTATION_CONTEXT('2D SPACE',''
  ) );
#634 = ADVANCED_FACE('',(#635),#131,.F.);
#635 = FACE_BOUND('',#636,.T.);
#636 = EDGE_LOOP('',(#637,#994,#1022,#1208,#1209));
#637 = ORIENTED_EDGE('',*,*,#638,.T.);
#638 = EDGE_CURVE('',#639,#641,#643,.T.);
#639 = VERTEX_POINT('',#640);
#640 = CARTESIAN_POINT('',(0.363636194142,9.116477982961E-10,12.5));
#641 = VERTEX_POINT('',#642);
#642 = CARTESIAN_POINT('',(0.563664924361,12.5,0.));
#643 = SURFACE_CURVE('',#644,(#661,#681),.PCURVE_S1.);
#644 = B_SPLINE_CURVE_WITH_KNOTS('',8,(#645,#646,#647,#648,#649,#650,
    #651,#652,#653,#654,#655,#656,#657,#658,#659,#660),.UNSPECIFIED.,.F.
  ,.F.,(9,7,9),(0.,0.60938001536,1.),.UNSPECIFIED.);
#645 = CARTESIAN_POINT('',(0.363636194142,9.116419797182E-10,12.5));
#646 = CARTESIAN_POINT('',(0.378863776364,1.494976463131,12.499999999891
    ));
#647 = CARTESIAN_POINT('',(0.394175647631,2.992270500083,12.295659100633
    ));
#648 = CARTESIAN_POINT('',(0.409432973563,4.455523048452,11.885888645029
    ));
#649 = CARTESIAN_POINT('',(0.424607335253,5.85263943508,11.278606302037)
  );
#650 = CARTESIAN_POINT('',(0.439794102626,7.153555099487,10.485866709873
    ));
#651 = CARTESIAN_POINT('',(0.455006970769,8.331007868379,9.525253075924)
  );
#652 = CARTESIAN_POINT('',(0.470255004152,9.36000102598,8.418738002357)
  );
#653 = CARTESIAN_POINT('',(0.495260469259,10.772325627778,6.41289789082)
  );
#654 = CARTESIAN_POINT('',(0.50503687317,11.255565100369,5.580752126001)
  );
#655 = CARTESIAN_POINT('',(0.514816114357,11.665117701591,4.707251655077
    ));
#656 = CARTESIAN_POINT('',(0.524594016012,11.996938337683,3.800077902162
    ));
#657 = CARTESIAN_POINT('',(0.534368593347,12.247959286065,2.867255372176
    ));
#658 = CARTESIAN_POINT('',(0.544139431047,12.416027373904,1.917124293406
    ));
#659 = CARTESIAN_POINT('',(0.553906001579,12.5,0.958354420803));
#660 = CARTESIAN_POINT('',(0.563664924361,12.5,-8.187137051267E-16));
#661 = PCURVE('',#131,#662);
#662 = DEFINITIONAL_REPRESENTATION('',(#663),#680);
#663 = B_SPLINE_CURVE_WITH_KNOTS('',8,(#664,#665,#666,#667,#668,#669,
    #670,#671,#672,#673,#674,#675,#676,#677,#678,#679),.UNSPECIFIED.,.F.
  ,.F.,(9,7,9),(0.,0.60938001536,1.),.UNSPECIFIED.);
#664 = CARTESIAN_POINT('',(-1.570796326722,-0.363636194142));
#665 = CARTESIAN_POINT('',(-1.451198209744,-0.378863776364));
#666 = CARTESIAN_POINT('',(-1.331415188422,-0.394175647631));
#667 = CARTESIAN_POINT('',(-1.211745219643,-0.409432973563));
#668 = CARTESIAN_POINT('',(-1.092130934264,-0.424607335253));
#669 = CARTESIAN_POINT('',(-0.972515949462,-0.439794102626));
#670 = CARTESIAN_POINT('',(-0.852841241219,-0.455006970769));
#671 = CARTESIAN_POINT('',(-0.733069681891,-0.470255004152));
#672 = CARTESIAN_POINT('',(-0.536815881579,-0.495260469259));
#673 = CARTESIAN_POINT('',(-0.460127267714,-0.50503687317));
#674 = CARTESIAN_POINT('',(-0.383439327603,-0.514816114357));
#675 = CARTESIAN_POINT('',(-0.306755594395,-0.524594016012));
#676 = CARTESIAN_POINT('',(-0.230067874222,-0.534368593347));
#677 = CARTESIAN_POINT('',(-0.153369483658,-0.544139431047));
#678 = CARTESIAN_POINT('',(-7.666835366426E-02,-0.553906001579));
#679 = CARTESIAN_POINT('',(0.,-0.563664924361));
#680 = ( GEOMETRIC_REPRESENTATION_CONTEXT(2) 
PARAMETRIC_REPRESENTATION_CONTEXT() REPRESENTATION_CONTEXT('2D SPACE',''
  ) );
#681 = PCURVE('',#682,#975);
#682 = B_SPLINE_SURFACE_WITH_KNOTS('',1,10,(
    (#683,#684,#685,#686,#687,#688,#689,#690,#691,#692,#693,#694,#695
      ,#696,#697,#698,#699,#700,#701,#702,#703,#704,#705,#706,#707,#708
      ,#709,#710,#711,#712,#713,#714,#715,#716,#717,#718,#719,#720,#721
      ,#722,#723,#724,#725,#726,#727,#728,#729,#730,#731,#732,#733,#734
      ,#735,#736,#737,#738,#739,#740,#741,#742,#743,#744,#745,#746,#747
      ,#748,#749,#750,#751,#752,#753,#754,#755,#756,#757,#758,#759,#760
      ,#761,#762,#763,#764,#765,#766,#767,#768,#769,#770,#771,#772,#773
      ,#774,#775,#776,#777,#778,#779,#780,#781,#782,#783,#784,#785,#786
      ,#787,#788,#789,#790,#791,#792,#793,#794,#795,#796,#797,#798,#799
      ,#800,#801,#802,#803,#804,#805,#806,#807,#808,#809,#810,#811,#812
      ,#813,#814,#815,#816,#817,#818,#819,#820,#821,#822,#823,#824,#825
      ,#826,#827,#828)
    ,(#829,#830,#831,#832,#833,#834,#835,#836,#837,#838,#839,#840,#841
      ,#842,#843,#844,#845,#846,#847,#848,#849,#850,#851,#852,#853,#854
      ,#855,#856,#857,#858,#859,#860,#861,#862,#863,#864,#865,#866,#867
      ,#868,#869,#870,#871,#872,#873,#874,#875,#876,#877,#878,#879,#880
      ,#881,#882,#883,#884,#885,#886,#887,#888,#889,#890,#891,#892,#893
      ,#894,#895,#896,#897,#898,#899,#900,#901,#902,#903,#904,#905,#906
      ,#907,#908,#909,#910,#911,#912,#913,#914,#915,#916,#917,#918,#919
      ,#920,#921,#922,#923,#924,#925,#926,#927,#928,#929,#930,#931,#932
      ,#933,#934,#935,#936,#937,#938,#939,#940,#941,#942,#943,#944,#945
      ,#946,#947,#948,#949,#950,#951,#952,#953,#954,#955,#956,#957,#958
      ,#959,#960,#961,#962,#963,#964,#965,#966,#967,#968,#969,#970,#971
      ,#972,#973,#974
    )),.UNSPECIFIED.,.F.,.F.,.F.,(2,2),(11,9,9,9,9,9,9,9,9,9,9,9,9,9,9,9
    ,11),(0.,0.456508488421),(0.,5.344236676813,10.688473353625,
    16.032710030438,21.376946707251,26.721183384063,32.065420060876,
    37.409656737689,42.753893414501,48.098130091314,53.442366768127,
    58.786603444939,64.130840121752,69.475076798565,74.819313475377,
    80.16355015219,85.507786829003),.UNSPECIFIED.);
#683 = CARTESIAN_POINT('',(-1.206933775144E-08,8.772983228766E-09,
    12.699999889241));
#684 = CARTESIAN_POINT('',(6.75001077026E-02,6.732826102426,
    12.699999776117));
#685 = CARTESIAN_POINT('',(0.134999653812,13.466510251557,8.734687668731
    ));
#686 = CARTESIAN_POINT('',(0.202500576871,17.565237538535,0.79790888956)
  );
#687 = CARTESIAN_POINT('',(0.269999501311,16.434011187052,-9.09062353731
    ));
#688 = CARTESIAN_POINT('',(0.337500032149,9.110669662843,-17.04486579915
    ));
#689 = CARTESIAN_POINT('',(0.405000433898,-1.571668686395,
    -18.71486073031));
#690 = CARTESIAN_POINT('',(0.472499471898,-10.42216126578,
    -14.16166644735));
#691 = CARTESIAN_POINT('',(0.540000307639,-14.74421906825,
    -6.344261862574));
#692 = CARTESIAN_POINT('',(0.607499911662,-14.30022180229,1.45760164439)
  );
#693 = CARTESIAN_POINT('',(0.742500086354,-6.81910613957,12.653882154737
    ));
#694 = CARTESIAN_POINT('',(0.809999686433,0.218964893496,16.049726505081
    ));
#695 = CARTESIAN_POINT('',(0.877500536442,9.095286086806,15.048255694081
    ));
#696 = CARTESIAN_POINT('',(0.944999542298,16.688824683682,8.613901052881
    ));
#697 = CARTESIAN_POINT('',(1.012499998252,19.233904799774,
    -1.894375074519));
#698 = CARTESIAN_POINT('',(1.080000456414,14.687665674368,
    -11.70421430145));
#699 = CARTESIAN_POINT('',(1.147499460328,5.984752738831,-16.53351070934
    ));
#700 = CARTESIAN_POINT('',(1.215000311829,-2.916388269065,-15.7840531558
    ));
#701 = CARTESIAN_POINT('',(1.282499910919,-9.156729033642,
    -11.08039979219));
#702 = CARTESIAN_POINT('',(1.417500086718,-14.30981087599,1.36024071901)
  );
#703 = CARTESIAN_POINT('',(1.484999685875,-13.22320949825,9.098812949703
    ));
#704 = CARTESIAN_POINT('',(1.552500537133,-7.459097116649,
    15.922816918549));
#705 = CARTESIAN_POINT('',(1.619999541597,2.109617248971,18.661877605006
    ));
#706 = CARTESIAN_POINT('',(1.687499998832,12.260900280675,
    14.939948965095));
#707 = CARTESIAN_POINT('',(1.755000456029,17.891728368478,5.709834617298
    ));
#708 = CARTESIAN_POINT('',(1.822499460526,17.07206221332,-4.209386358029
    ));
#709 = CARTESIAN_POINT('',(1.890000311758,11.503702047745,
    -11.19403831313));
#710 = CARTESIAN_POINT('',(1.957499910932,4.125809636467,-13.76948223406
    ));
#711 = CARTESIAN_POINT('',(2.092500086712,-9.081103786121,
    -11.14246364795));
#712 = CARTESIAN_POINT('',(2.159999685885,-14.9118080579,-5.939667244246
    ));
#713 = CARTESIAN_POINT('',(2.227500537121,-17.38339073325,2.644230518066
    ));
#714 = CARTESIAN_POINT('',(2.294999541608,-14.34474359046,
    12.122066325698));
#715 = CARTESIAN_POINT('',(2.362499998823,-5.610322347872,18.4947569307)
  );
#716 = CARTESIAN_POINT('',(2.430000456034,5.192557723249,18.04864259879)
  );
#717 = CARTESIAN_POINT('',(2.497499460524,12.984706425117,
    11.856291189918));
#718 = CARTESIAN_POINT('',(2.565000311759,15.698617123577,3.345904207623
    ));
#719 = CARTESIAN_POINT('',(2.632499910932,13.741083075894,
    -4.219429114473));
#720 = CARTESIAN_POINT('',(2.767500086712,4.219428982933,-13.74108296963
    ));
#721 = CARTESIAN_POINT('',(2.834999685885,-3.345903856695,
    -15.69861757958));
#722 = CARTESIAN_POINT('',(2.902500537121,-11.85629176404,-12.9847053884
    ));
#723 = CARTESIAN_POINT('',(2.969999541609,-18.04864232729,-5.19255917849
    ));
#724 = CARTESIAN_POINT('',(3.037499998821,-18.49475646892,5.610323870141
    ));
#725 = CARTESIAN_POINT('',(3.105000456036,-12.12206735992,
    14.344742531316));
#726 = CARTESIAN_POINT('',(3.172499460522,-2.644229464735,
    17.383391276279));
#727 = CARTESIAN_POINT('',(3.240000311759,5.939666699117,14.911807873719
    ));
#728 = CARTESIAN_POINT('',(3.307499910932,11.142463816366,9.081103801392
    ));
#729 = CARTESIAN_POINT('',(3.442500086712,13.769482072636,
    -4.125809686803));
#730 = CARTESIAN_POINT('',(3.509999685885,11.194038887257,-11.5037020093
    ));
#731 = CARTESIAN_POINT('',(3.577500537121,4.209385177058,-17.07206211471
    ));
#732 = CARTESIAN_POINT('',(3.644999541609,-5.709833256452,
    -17.89172895123));
#733 = CARTESIAN_POINT('',(3.712499998821,-14.93994997429,
    -12.26089905098));
#734 = CARTESIAN_POINT('',(3.780000456036,-18.66187729891,
    -2.109618697347));
#735 = CARTESIAN_POINT('',(3.847499460523,-15.92281678487,7.459098294159
    ));
#736 = CARTESIAN_POINT('',(3.915000311759,-9.098813099401,
    13.223208942665));
#737 = CARTESIAN_POINT('',(3.982499910932,-1.360240638153,
    14.309811024503));
#738 = CARTESIAN_POINT('',(4.117500086712,11.080399744374,9.15672887145)
  );
#739 = CARTESIAN_POINT('',(4.184999685886,15.784053442742,2.916388767789
    ));
#740 = CARTESIAN_POINT('',(4.252500537119,16.53350997142,-5.984753665992
    ));
#741 = CARTESIAN_POINT('',(4.319999541613,11.704215541704,
    -14.68766486662));
#742 = CARTESIAN_POINT('',(4.387499998817,1.894373491894,-19.23390495571
    ));
#743 = CARTESIAN_POINT('',(4.455000456039,-8.613899679161,
    -16.68882523384));
#744 = CARTESIAN_POINT('',(4.52249946052,-15.04825659827,-9.095285321479
    ));
#745 = CARTESIAN_POINT('',(4.59000031176,-16.04972612679,-0.218965326631
    ));
#746 = CARTESIAN_POINT('',(4.657499910931,-12.65388223296,6.819106289307
    ));
#747 = CARTESIAN_POINT('',(4.792500086713,-1.45760153677,14.300221672422
    ));
#748 = CARTESIAN_POINT('',(4.859999685883,6.344261611094,14.744219583894
    ));
#749 = CARTESIAN_POINT('',(4.927500537127,14.161666797862,
    10.422160137159));
#750 = CARTESIAN_POINT('',(4.9949995416,18.714860768066,1.5716701663));
#751 = CARTESIAN_POINT('',(5.062499998831,17.044865018949,
    -9.110671065261));
#752 = CARTESIAN_POINT('',(5.130000456029,9.090624794981,-16.43401035063
    ));
#753 = CARTESIAN_POINT('',(5.197499460525,-0.797910064791,
    -17.56523786502));
#754 = CARTESIAN_POINT('',(5.265000311759,-8.734687068925,
    -13.46651017774));
#755 = CARTESIAN_POINT('',(5.332499910931,-12.69999996339,
    -6.732826084233));
#756 = CARTESIAN_POINT('',(5.467500086713,-12.69999979524,6.732826102109
    ));
#757 = CARTESIAN_POINT('',(5.534999685883,-8.734687639512,
    13.466510252039));
#758 = CARTESIAN_POINT('',(5.602500537126,-0.797908925762,
    17.565237537945));
#759 = CARTESIAN_POINT('',(5.6699995416,9.090623573998,16.434011187641)
  );
#760 = CARTESIAN_POINT('',(5.737499998831,17.04486576882,9.110669662365)
  );
#761 = CARTESIAN_POINT('',(5.805000456029,18.714860750457,
    -1.571668686084));
#762 = CARTESIAN_POINT('',(5.872499460526,14.161666437012,
    -10.42216126593));
#763 = CARTESIAN_POINT('',(5.940000311758,6.344261866321,-14.74421906819
    ));
#764 = CARTESIAN_POINT('',(6.007499910932,-1.457601645054,-14.3002218023
    ));
#765 = CARTESIAN_POINT('',(6.142500086712,-12.65388215441,
    -6.819106139565));
#766 = CARTESIAN_POINT('',(6.209999685885,-16.04972650557,0.218964893488
    ));
#767 = CARTESIAN_POINT('',(6.27750053712,-15.04825569347,9.095286086816)
  );
#768 = CARTESIAN_POINT('',(6.344999541611,-8.613901053488,
    16.688824683674));
#769 = CARTESIAN_POINT('',(6.41249999882,1.894375075019,19.233904799778)
  );
#770 = CARTESIAN_POINT('',(6.480000456037,11.704214301121,
    14.687665674367));
#771 = CARTESIAN_POINT('',(6.547499460522,16.533510709516,5.984752738831
    ));
#772 = CARTESIAN_POINT('',(6.615000311759,15.78405315574,-2.916388269066
    ));
#773 = CARTESIAN_POINT('',(6.682499910932,11.080399792208,
    -9.156729033642));
#774 = CARTESIAN_POINT('',(6.817500086712,-1.360240719015,
    -14.30981087599));
#775 = CARTESIAN_POINT('',(6.884999685886,-9.098812949695,
    -13.22320949825));
#776 = CARTESIAN_POINT('',(6.952500537117,-15.92281691855,-7.45909711665
    ));
#777 = CARTESIAN_POINT('',(7.019999541616,-18.661877605,2.109617248974)
  );
#778 = CARTESIAN_POINT('',(7.087499998813,-14.93994896509,
    12.260900280671));
#779 = CARTESIAN_POINT('',(7.155000456044,-5.709834617304,
    17.891728368482));
#780 = CARTESIAN_POINT('',(7.222499460517,4.209386358033,17.072062213318
    ));
#781 = CARTESIAN_POINT('',(7.290000311762,11.194038313132,
    11.503702047746));
#782 = CARTESIAN_POINT('',(7.357499910931,13.769482234069,4.125809636467
    ));
#783 = CARTESIAN_POINT('',(7.492500086713,11.142463647958,
    -9.081103786122));
#784 = CARTESIAN_POINT('',(7.55999968588,5.939667244252,-14.9118080579)
  );
#785 = CARTESIAN_POINT('',(7.627500537134,-2.644230518083,
    -17.38339073326));
#786 = CARTESIAN_POINT('',(7.694999541588,-12.12206632566,
    -14.34474359045));
#787 = CARTESIAN_POINT('',(7.762499998845,-18.49475693073,
    -5.610322347887));
#788 = CARTESIAN_POINT('',(7.830000456018,-18.04864259876,5.192557723259
    ));
#789 = CARTESIAN_POINT('',(7.897499460531,-11.85629118993,
    12.984706425113));
#790 = CARTESIAN_POINT('',(7.965000311757,-3.345904207619,
    15.698617123577));
#791 = CARTESIAN_POINT('',(8.032499910932,4.219429114472,13.741083075894
    ));
#792 = CARTESIAN_POINT('',(8.167500086713,13.741082969635,4.219428982932
    ));
#793 = CARTESIAN_POINT('',(8.234999685882,15.698617579577,
    -3.345903856686));
#794 = CARTESIAN_POINT('',(8.302500537128,12.984705388419,
    -11.85629176406));
#795 = CARTESIAN_POINT('',(8.369999541598,5.192559178467,-18.04864232725
    ));
#796 = CARTESIAN_POINT('',(8.437499998832,-5.61032387011,-18.49475646897
    ));
#797 = CARTESIAN_POINT('',(8.50500045603,-14.34474253134,-12.12206735989
    ));
#798 = CARTESIAN_POINT('',(8.572499460524,-17.38339127626,
    -2.644229464753));
#799 = CARTESIAN_POINT('',(8.640000311759,-14.91180787372,5.939666699122
    ));
#800 = CARTESIAN_POINT('',(8.707499910931,-9.081103801393,
    11.142463816364));
#801 = CARTESIAN_POINT('',(8.842500086713,4.125809686804,13.769482072637
    ));
#802 = CARTESIAN_POINT('',(8.909999685881,11.503702009297,
    11.194038887257));
#803 = CARTESIAN_POINT('',(8.977500537132,17.072062114732,4.209385177057
    ));
#804 = CARTESIAN_POINT('',(9.044999541592,17.89172895121,-5.709833256452
    ));
#805 = CARTESIAN_POINT('',(9.112499998837,12.260899051007,
    -14.93994997429));
#806 = CARTESIAN_POINT('',(9.180000456028,2.109618697329,-18.6618772989)
  );
#807 = CARTESIAN_POINT('',(9.24749946052,-7.45909829415,-15.92281678489)
  );
#808 = CARTESIAN_POINT('',(9.315000311766,-13.22320894266,
    -9.098813099391));
#809 = CARTESIAN_POINT('',(9.382499910925,-14.3098110245,-1.360240638159
    ));
#810 = CARTESIAN_POINT('',(9.517500086725,-9.156728871449,
    11.080399744387));
#811 = CARTESIAN_POINT('',(9.58499968581,-2.916388767793,15.784053442674
    ));
#812 = CARTESIAN_POINT('',(9.652500537327,5.984753666009,16.533509971607
    ));
#813 = CARTESIAN_POINT('',(9.719999541212,14.687664866592,
    11.704215541344));
#814 = CARTESIAN_POINT('',(9.78749999941,19.233904955764,1.894373492433)
  );
#815 = CARTESIAN_POINT('',(9.855000455334,16.688825233797,
    -8.613899679806));
#816 = CARTESIAN_POINT('',(9.922499461207,9.095285321517,-15.04825659764
    ));
#817 = CARTESIAN_POINT('',(9.990000311211,0.218965326607,-16.04972612729
    ));
#818 = CARTESIAN_POINT('',(10.05749991129,-6.819106289294,
    -12.65388223264));
#819 = CARTESIAN_POINT('',(10.192500085982,-14.30022167244,
    -1.457601537434));
#820 = CARTESIAN_POINT('',(10.259999689999,-14.74421958374,6.34426161483
    ));
#821 = CARTESIAN_POINT('',(10.32750052576,-10.42216013756,
    14.161666787548));
#822 = CARTESIAN_POINT('',(10.394999563721,-1.571670165503,
    18.714860788139));
#823 = CARTESIAN_POINT('',(10.462499965523,9.110671064064,
    17.044864988726));
#824 = CARTESIAN_POINT('',(10.530000496311,16.434010352081,
    9.090624831529));
#825 = CARTESIAN_POINT('',(10.597499420783,17.565237863606,
    -0.797910100844));
#826 = CARTESIAN_POINT('',(10.66500034383,13.466510178887,
    -8.734687039833));
#827 = CARTESIAN_POINT('',(10.73249988994,6.732826083486,-12.69999998243
    ));
#828 = CARTESIAN_POINT('',(10.800000009714,-8.55063042593E-09,
    -12.69999986943));
#829 = CARTESIAN_POINT('',(0.39999999916,1.255102688447E-10,
    12.479999909658));
#830 = CARTESIAN_POINT('',(0.46749999916,6.616194067368,12.479999584192)
  );
#831 = CARTESIAN_POINT('',(0.53499999916,13.233233936768,8.583378450072)
  );
#832 = CARTESIAN_POINT('',(0.60249999916,17.260953604537,0.784087422129)
  );
#833 = CARTESIAN_POINT('',(0.669999999159,16.149333412193,
    -8.933151311489));
#834 = CARTESIAN_POINT('',(0.73749999916,8.95284201167,-16.74959437996)
  );
#835 = CARTESIAN_POINT('',(0.804999999159,-1.544440464339,
    -18.39067290365));
#836 = CARTESIAN_POINT('',(0.87249999916,-10.24162029743,-13.91634169792
    ));
#837 = CARTESIAN_POINT('',(0.939999999159,-14.48880756995,
    -6.234363190414));
#838 = CARTESIAN_POINT('',(1.00749999916,-14.05250133774,1.432352258712)
  );
#839 = CARTESIAN_POINT('',(1.14249999916,-6.700979984607,12.43468062464)
  );
#840 = CARTESIAN_POINT('',(1.20999999916,0.215172583855,15.771701408462)
  );
#841 = CARTESIAN_POINT('',(1.277499999159,8.93772705945,14.787574092898)
  );
#842 = CARTESIAN_POINT('',(1.344999999161,16.399732877668,8.464686975109
    ));
#843 = CARTESIAN_POINT('',(1.412499999159,18.900711190912,
    -1.861559926309));
#844 = CARTESIAN_POINT('',(1.47999999916,14.433240571693,-11.50146577772
    ));
#845 = CARTESIAN_POINT('',(1.54749999916,5.881075834812,-16.24710124092)
  );
#846 = CARTESIAN_POINT('',(1.61499999916,-2.86586664341,-15.51062982951)
  );
#847 = CARTESIAN_POINT('',(1.68249999916,-8.998108821641,-10.88845555994
    ));
#848 = CARTESIAN_POINT('',(1.81749999916,-14.06192408875,1.336677181772)
  );
#849 = CARTESIAN_POINT('',(1.88499999916,-12.99414697415,8.941197292305)
  );
#850 = CARTESIAN_POINT('',(1.95249999916,-7.329883391274,15.646984436571
    ));
#851 = CARTESIAN_POINT('',(2.019999999159,2.073073417274,18.338607653866
    ));
#852 = CARTESIAN_POINT('',(2.08749999916,12.048503032076,14.681139723282
    ));
#853 = CARTESIAN_POINT('',(2.154999999159,17.581798117895,5.610928920768
    ));
#854 = CARTESIAN_POINT('',(2.22249999916,16.776321642228,-4.136469978304
    ));
#855 = CARTESIAN_POINT('',(2.28999999916,11.304427171869,-11.00012525546
    ));
#856 = CARTESIAN_POINT('',(2.35749999916,4.054338508257,-13.53095584606)
  );
#857 = CARTESIAN_POINT('',(2.49249999916,-8.92379290081,-10.94944451694)
  );
#858 = CARTESIAN_POINT('',(2.559999999159,-14.65349510845,
    -5.836775283657));
#859 = CARTESIAN_POINT('',(2.627499999161,-17.0822571069,2.598423487933)
  );
#860 = CARTESIAN_POINT('',(2.694999999158,-14.09625711459,
    11.912082078029));
#861 = CARTESIAN_POINT('',(2.762499999162,-5.513131916836,
    18.174368361983));
#862 = CARTESIAN_POINT('',(2.829999999158,5.102606782873,17.735995952621
    ));
#863 = CARTESIAN_POINT('',(2.897499999161,12.759774013136,
    11.650902062008));
#864 = CARTESIAN_POINT('',(2.964999999159,15.426673119474,3.28794552647)
  );
#865 = CARTESIAN_POINT('',(3.03249999916,13.503048401185,-4.146337024774
    ));
#866 = CARTESIAN_POINT('',(3.16749999916,4.146336686113,-13.50304806522)
  );
#867 = CARTESIAN_POINT('',(3.23499999916,-3.287944409755,-15.42667450112
    ));
#868 = CARTESIAN_POINT('',(3.302499999159,-11.65090373149,
    -12.75977095126));
#869 = CARTESIAN_POINT('',(3.36999999916,-17.73599511698,-5.102611222142
    ));
#870 = CARTESIAN_POINT('',(3.437499999159,-18.17436699949,5.513136408375
    ));
#871 = CARTESIAN_POINT('',(3.50499999916,-11.91208523915,14.096253887731
    ));
#872 = CARTESIAN_POINT('',(3.57249999916,-2.59842039872,17.082258725243)
  );
#873 = CARTESIAN_POINT('',(3.63999999916,5.836773587538,14.653494580066)
  );
#874 = CARTESIAN_POINT('',(3.70749999916,10.949444985186,8.923792992004)
  );
#875 = CARTESIAN_POINT('',(3.84249999916,13.530955378573,-4.05433860319)
  );
#876 = CARTESIAN_POINT('',(3.90999999916,11.000127024688,-11.30442701096
    ));
#877 = CARTESIAN_POINT('',(3.977499999159,4.136466504912,-16.77632132926
    ));
#878 = CARTESIAN_POINT('',(4.04499999916,-5.610924765364,-17.58179988943
    ));
#879 = CARTESIAN_POINT('',(4.112499999159,-14.68114270094,
    -12.04849940382));
#880 = CARTESIAN_POINT('',(4.17999999916,-18.338606727,-2.07307783842));
#881 = CARTESIAN_POINT('',(4.24749999916,-15.64698406593,7.329886858971)
  );
#882 = CARTESIAN_POINT('',(4.31499999916,-8.941197795251,12.994145270324
    ));
#883 = CARTESIAN_POINT('',(4.38249999916,-1.336676997475,14.061924528747
    ));
#884 = CARTESIAN_POINT('',(4.517499999159,10.88845537919,8.99810838019)
  );
#885 = CARTESIAN_POINT('',(4.584999999162,15.510630678457,2.865868203862
    ));
#886 = CARTESIAN_POINT('',(4.652499999155,16.247099051521,
    -5.881078548966));
#887 = CARTESIAN_POINT('',(4.719999999167,11.501469558291,
    -14.43323810079));
#888 = CARTESIAN_POINT('',(4.787499999151,1.861555256774,-18.90071165102
    ));
#889 = CARTESIAN_POINT('',(4.854999999167,-8.464682786,-16.39973456323)
  );
#890 = CARTESIAN_POINT('',(4.922499999155,-14.78757676841,
    -8.937724824758));
#891 = CARTESIAN_POINT('',(4.989999999162,-15.7717002727,-0.215173948614
    ));
#892 = CARTESIAN_POINT('',(5.057499999159,-12.4346808871,6.700980382275)
  );
#893 = CARTESIAN_POINT('',(5.19249999916,-1.432351994092,14.052500942228
    ));
#894 = CARTESIAN_POINT('',(5.259999999156,6.234362375929,14.488809142603
    ));
#895 = CARTESIAN_POINT('',(5.327499999168,13.916342706992,
    10.241616969562));
#896 = CARTESIAN_POINT('',(5.394999999147,18.390673010482,1.544444979644
    ));
#897 = CARTESIAN_POINT('',(5.462499999173,16.749592076535,
    -8.952846148558));
#898 = CARTESIAN_POINT('',(5.52999999915,8.93315515128,-16.1493308671));
#899 = CARTESIAN_POINT('',(5.597499999165,-0.784090876101,
    -17.26095458607));
#900 = CARTESIAN_POINT('',(5.664999999158,-8.583376595992,
    -13.23323375186));
#901 = CARTESIAN_POINT('',(5.73249999916,-12.48000011847,-6.616194063866
    ));
#902 = CARTESIAN_POINT('',(5.86749999916,-12.47999964143,6.616194065773)
  );
#903 = CARTESIAN_POINT('',(5.934999999157,-8.583378362603,
    13.233233939201));
#904 = CARTESIAN_POINT('',(6.002499999167,-0.784087530526,
    17.260953601528));
#905 = CARTESIAN_POINT('',(6.069999999149,8.933151421368,16.149333415235
    ));
#906 = CARTESIAN_POINT('',(6.137499999171,16.749594289097,8.952842009162
    ));
#907 = CARTESIAN_POINT('',(6.204999999151,18.390672964006,
    -1.544440462678));
#908 = CARTESIAN_POINT('',(6.272499999164,13.916341666918,
    -10.24162029828));
#909 = CARTESIAN_POINT('',(6.339999999158,6.234363201643,-14.48880756964
    ));
#910 = CARTESIAN_POINT('',(6.40749999916,-1.432352260702,-14.0525013378)
  );
#911 = CARTESIAN_POINT('',(6.542499999159,-12.43468062366,-6.70097998458
    ));
#912 = CARTESIAN_POINT('',(6.609999999161,-15.77170140995,0.215172583814
    ));
#913 = CARTESIAN_POINT('',(6.677499999158,-14.78757409106,8.937727059501
    ));
#914 = CARTESIAN_POINT('',(6.744999999163,-8.464686976966,
    16.399732877619));
#915 = CARTESIAN_POINT('',(6.812499999156,1.861559927842,18.90071119095)
  );
#916 = CARTESIAN_POINT('',(6.879999999163,11.501465776704,
    14.433240571669));
#917 = CARTESIAN_POINT('',(6.947499999158,16.247101241449,5.881075834824
    ));
#918 = CARTESIAN_POINT('',(7.01499999916,15.510629829322,-2.865866643414
    ));
#919 = CARTESIAN_POINT('',(7.08249999916,10.888455559981,-8.99810882164)
  );
#920 = CARTESIAN_POINT('',(7.217499999159,-1.336677181788,
    -14.06192408875));
#921 = CARTESIAN_POINT('',(7.284999999162,-8.94119729228,-12.99414697415
    ));
#922 = CARTESIAN_POINT('',(7.352499999154,-15.6469844366,-7.329883391273
    ));
#923 = CARTESIAN_POINT('',(7.419999999169,-18.33860765383,2.073073417272
    ));
#924 = CARTESIAN_POINT('',(7.487499999148,-14.6811397233,12.048503032078
    ));
#925 = CARTESIAN_POINT('',(7.554999999171,-5.610928920757,
    17.581798117894));
#926 = CARTESIAN_POINT('',(7.622499999152,4.136469978298,16.776321642229
    ));
#927 = CARTESIAN_POINT('',(7.689999999163,11.000125255469,
    11.304427171868));
#928 = CARTESIAN_POINT('',(7.757499999159,13.530955846067,4.054338508258
    ));
#929 = CARTESIAN_POINT('',(7.892499999161,10.949444516948,
    -8.923792900811));
#930 = CARTESIAN_POINT('',(7.959999999152,5.836775283657,-14.65349510844
    ));
#931 = CARTESIAN_POINT('',(8.027499999179,-2.598423487937,
    -17.08225710691));
#932 = CARTESIAN_POINT('',(8.094999999129,-11.91208207801,
    -14.09625711458));
#933 = CARTESIAN_POINT('',(8.162499999193,-18.17436836199,
    -5.513131916842));
#934 = CARTESIAN_POINT('',(8.229999999134,-17.73599595261,5.102606782874
    ));
#935 = CARTESIAN_POINT('',(8.297499999173,-11.65090206201,
    12.759774013138));
#936 = CARTESIAN_POINT('',(8.364999999155,-3.287945526468,
    15.426673119471));
#937 = CARTESIAN_POINT('',(8.43249999916,4.146337024773,13.503048401186)
  );
#938 = CARTESIAN_POINT('',(8.56749999916,13.503048065222,4.146336686112)
  );
#939 = CARTESIAN_POINT('',(8.634999999156,15.426674501119,
    -3.287944409748));
#940 = CARTESIAN_POINT('',(8.702499999169,12.759770951278,
    -11.65090373151));
#941 = CARTESIAN_POINT('',(8.769999999145,5.102611222117,-17.73599511696
    ));
#942 = CARTESIAN_POINT('',(8.837499999174,-5.513136408343,
    -18.17436699952));
#943 = CARTESIAN_POINT('',(8.904999999151,-14.09625388775,
    -11.91208523912));
#944 = CARTESIAN_POINT('',(8.972499999163,-17.08225872522,
    -2.598420398734));
#945 = CARTESIAN_POINT('',(9.03999999916,-14.65349458007,5.836773587542)
  );
#946 = CARTESIAN_POINT('',(9.107499999159,-8.923792992004,
    10.949444985184));
#947 = CARTESIAN_POINT('',(9.242499999161,4.054338603192,13.530955378574
    ));
#948 = CARTESIAN_POINT('',(9.309999999152,11.304427010956,
    11.000127024685));
#949 = CARTESIAN_POINT('',(9.377499999178,16.776321329274,4.136466504916
    ));
#950 = CARTESIAN_POINT('',(9.444999999131,17.58179988942,-5.610924765366
    ));
#951 = CARTESIAN_POINT('',(9.512499999191,12.048499403833,
    -14.68114270095));
#952 = CARTESIAN_POINT('',(9.579999999137,2.073077838414,-18.33860672698
    ));
#953 = CARTESIAN_POINT('',(9.647499999171,-7.32988685897,-15.64698406596
    ));
#954 = CARTESIAN_POINT('',(9.714999999156,-12.99414527032,
    -8.941197795225));
#955 = CARTESIAN_POINT('',(9.78249999916,-14.06192452874,-1.336676997493
    ));
#956 = CARTESIAN_POINT('',(9.917499999161,-8.99810838019,10.888455379226
    ));
#957 = CARTESIAN_POINT('',(9.984999999153,-2.865868203864,
    15.510630678258));
#958 = CARTESIAN_POINT('',(10.052499999177,5.881078548979,
    16.247099052063));
#959 = CARTESIAN_POINT('',(10.119999999133,14.433238100766,
    11.501469557242));
#960 = CARTESIAN_POINT('',(10.187499999187,18.900711651079,
    1.861555258345));
#961 = CARTESIAN_POINT('',(10.254999999141,16.399734563172,
    -8.464682787891));
#962 = CARTESIAN_POINT('',(10.322499999168,8.937724824818,
    -14.78757676655));
#963 = CARTESIAN_POINT('',(10.389999999158,0.215173948569,
    -15.77170027419));
#964 = CARTESIAN_POINT('',(10.457499999159,-6.700980382247,
    -12.43468088612));
#965 = CARTESIAN_POINT('',(10.592499999161,-14.05250094228,
    -1.432351996085));
#966 = CARTESIAN_POINT('',(10.659999999151,-14.48880914228,
    6.234362387169));
#967 = CARTESIAN_POINT('',(10.727499999183,-10.24161697044,
    13.916342675958));
#968 = CARTESIAN_POINT('',(10.794999999121,-1.544444977938,
    18.390673070874));
#969 = CARTESIAN_POINT('',(10.862499999204,8.952846145997,
    16.749591985618));
#970 = CARTESIAN_POINT('',(10.929999999123,16.149330870187,
    8.933155261208));
#971 = CARTESIAN_POINT('',(10.997499999181,17.260954583046,
    -0.784090984529));
#972 = CARTESIAN_POINT('',(11.064999999151,13.233233754309,
    -8.583376508507));
#973 = CARTESIAN_POINT('',(11.132499999162,6.61619406227,-12.48000017572
    ));
#974 = CARTESIAN_POINT('',(11.19999999916,-1.255520132304E-10,
    -12.47999985024));
#975 = DEFINITIONAL_REPRESENTATION('',(#976),#993);
#976 = B_SPLINE_CURVE_WITH_KNOTS('',8,(#977,#978,#979,#980,#981,#982,
    #983,#984,#985,#986,#987,#988,#989,#990,#991,#992),.UNSPECIFIED.,.F.
  ,.F.,(9,7,9),(0.,0.60938001536,1.),.UNSPECIFIED.);
#977 = CARTESIAN_POINT('',(0.415007525431,0.));
#978 = CARTESIAN_POINT('',(0.415007382337,0.120563644957));
#979 = CARTESIAN_POINT('',(0.415077086961,0.241310103115));
#980 = CARTESIAN_POINT('',(0.415100188466,0.361948010525));
#981 = CARTESIAN_POINT('',(0.415036719585,0.482529624286));
#982 = CARTESIAN_POINT('',(0.414987464477,0.603110850702));
#983 = CARTESIAN_POINT('',(0.414959406487,0.723751673365));
#984 = CARTESIAN_POINT('',(0.41495743243,0.844489958757));
#985 = CARTESIAN_POINT('',(0.414977610791,1.042327933832));
#986 = CARTESIAN_POINT('',(0.414991434424,1.11963561348));
#987 = CARTESIAN_POINT('',(0.415008579634,1.196942714082));
#988 = CARTESIAN_POINT('',(0.415024792044,1.27424568042));
#989 = CARTESIAN_POINT('',(0.415036622726,1.351552724635));
#990 = CARTESIAN_POINT('',(0.415042637867,1.428870505373));
#991 = CARTESIAN_POINT('',(0.41504339827,1.506190955414));
#992 = CARTESIAN_POINT('',(0.415040208693,1.58347825778));
#993 = ( GEOMETRIC_REPRESENTATION_CONTEXT(2) 
PARAMETRIC_REPRESENTATION_CONTEXT() REPRESENTATION_CONTEXT('2D SPACE',''
  ) );
#994 = ORIENTED_EDGE('',*,*,#995,.T.);
#995 = EDGE_CURVE('',#641,#996,#998,.T.);
#996 = VERTEX_POINT('',#997);
#997 = CARTESIAN_POINT('',(0.636368039875,12.5,0.));
#998 = SURFACE_CURVE('',#999,(#1003,#1010),.PCURVE_S1.);
#999 = LINE('',#1000,#1001);
#1000 = CARTESIAN_POINT('',(0.,12.5,0.));
#1001 = VECTOR('',#1002,1.);
#1002 = DIRECTION('',(1.,0.,0.));
#1003 = PCURVE('',#131,#1004);
#1004 = DEFINITIONAL_REPRESENTATION('',(#1005),#1009);
#1005 = LINE('',#1006,#1007);
#1006 = CARTESIAN_POINT('',(-0.,0.));
#1007 = VECTOR('',#1008,1.);
#1008 = DIRECTION('',(-0.,-1.));
#1009 = ( GEOMETRIC_REPRESENTATION_CONTEXT(2) 
PARAMETRIC_REPRESENTATION_CONTEXT() REPRESENTATION_CONTEXT('2D SPACE',''
  ) );
#1010 = PCURVE('',#1011,#1016);
#1011 = CYLINDRICAL_SURFACE('',#1012,12.5);
#1012 = AXIS2_PLACEMENT_3D('',#1013,#1014,#1015);
#1013 = CARTESIAN_POINT('',(0.,0.,0.));
#1014 = DIRECTION('',(-1.,-0.,-0.));
#1015 = DIRECTION('',(0.,1.,0.));
#1016 = DEFINITIONAL_REPRESENTATION('',(#1017),#1021);
#1017 = LINE('',#1018,#1019);
#1018 = CARTESIAN_POINT('',(-6.28318530718,0.));
#1019 = VECTOR('',#1020,1.);
#1020 = DIRECTION('',(-0.,-1.));
#1021 = ( GEOMETRIC_REPRESENTATION_CONTEXT(2) 
PARAMETRIC_REPRESENTATION_CONTEXT() REPRESENTATION_CONTEXT('2D SPACE',''
  ) );
#1022 = ORIENTED_EDGE('',*,*,#1023,.F.);
#1023 = EDGE_CURVE('',#115,#996,#1024,.T.);
#1024 = SURFACE_CURVE('',#1025,(#1084,#1146),.PCURVE_S1.);
#1025 = B_SPLINE_CURVE_WITH_KNOTS('',8,(#1026,#1027,#1028,#1029,#1030,
    #1031,#1032,#1033,#1034,#1035,#1036,#1037,#1038,#1039,#1040,#1041,
    #1042,#1043,#1044,#1045,#1046,#1047,#1048,#1049,#1050,#1051,#1052,
    #1053,#1054,#1055,#1056,#1057,#1058,#1059,#1060,#1061,#1062,#1063,
    #1064,#1065,#1066,#1067,#1068,#1069,#1070,#1071,#1072,#1073,#1074,
    #1075,#1076,#1077,#1078,#1079,#1080,#1081,#1082,#1083),
  .UNSPECIFIED.,.F.,.F.,(9,7,7,7,7,7,7,7,9),(0.,0.136922700082,
    0.249038129256,0.377708084576,0.4763620581,0.600816878079,
    0.733157797064,0.843552245013,1.),.UNSPECIFIED.);
#1026 = CARTESIAN_POINT('',(-6.000000000225E-07,3.522392399868,
    -11.99344620121));
#1027 = CARTESIAN_POINT('',(1.088741577582E-02,2.497020113449,
    -12.29459096712));
#1028 = CARTESIAN_POINT('',(2.178130461344E-02,1.441707664909,
    -12.49570030656));
#1029 = CARTESIAN_POINT('',(3.267178133462E-02,0.368587907366,
    -12.59301946496));
#1030 = CARTESIAN_POINT('',(4.35567333587E-02,-0.710305341736,
    -12.58497195105));
#1031 = CARTESIAN_POINT('',(5.443650801854E-02,-1.783107558165,
    -12.47153003982));
#1032 = CARTESIAN_POINT('',(6.531400917517E-02,-2.838135768796,
    -12.25417269807));
#1033 = CARTESIAN_POINT('',(7.619332555612E-02,-3.863917818856,
    -11.93578444852));
#1034 = CARTESIAN_POINT('',(9.598342369485E-02,-5.656010452565,
    -11.18149217935));
#1035 = CARTESIAN_POINT('',(0.104894395966,-6.43582544176,
    -10.77720726701));
#1036 = CARTESIAN_POINT('',(0.113807901737,-7.182375011676,
    -10.31092327195));
#1037 = CARTESIAN_POINT('',(0.122724536254,-7.889858592444,
    -9.785896656526));
#1038 = CARTESIAN_POINT('',(0.131644548715,-8.552966406693,
    -9.205932241242));
#1039 = CARTESIAN_POINT('',(0.140567842266,-9.166879469548,
    -8.575383204757));
#1040 = CARTESIAN_POINT('',(0.149493974001,-9.727269588626,
    -7.899151083882));
#1041 = CARTESIAN_POINT('',(0.168668636238,-10.80760455034,
    -6.360429995389));
#1042 = CARTESIAN_POINT('',(0.17892018077,-11.30954086407,
    -5.484780927373));
#1043 = CARTESIAN_POINT('',(0.189169450546,-11.73019657116,
    -4.564309536416));
#1044 = CARTESIAN_POINT('',(0.199411623147,-12.06489789373,
    -3.607923102494));
#1045 = CARTESIAN_POINT('',(0.209644391753,-12.3102090101,
    -2.624865218685));
#1046 = CARTESIAN_POINT('',(0.21986796514,-12.46393205474,
    -1.624715791167));
#1047 = CARTESIAN_POINT('',(0.230085067679,-12.52510711831,
    -0.617391039219));
#1048 = CARTESIAN_POINT('',(0.248133664005,-12.47017115329,
    1.156834316396));
#1049 = CARTESIAN_POINT('',(0.255965266234,-12.39207244312,
    1.925267056402));
#1050 = CARTESIAN_POINT('',(0.263801484618,-12.25988263776,
    2.687533548304));
#1051 = CARTESIAN_POINT('',(0.271645539367,-12.0741878048,3.439152475761
    ));
#1052 = CARTESIAN_POINT('',(0.279498132314,-11.8359935588,4.17578238259)
  );
#1053 = CARTESIAN_POINT('',(0.287357446912,-11.54672506133,
    4.893221672759));
#1054 = CARTESIAN_POINT('',(0.295219148234,-11.2082270209,5.587408610394
    ));
#1055 = CARTESIAN_POINT('',(0.312988510189,-10.33649063813,
    7.095877002741));
#1056 = CARTESIAN_POINT('',(0.322887334859,-9.775238892458,
    7.894485403086));
#1057 = CARTESIAN_POINT('',(0.332757842991,-9.143648975928,
    8.641976100226));
#1058 = CARTESIAN_POINT('',(0.342631703718,-8.447306814605,
    9.331132477458));
#1059 = CARTESIAN_POINT('',(0.352531882213,-7.692538098967,
    9.955596795576));
#1060 = CARTESIAN_POINT('',(0.36245140272,-6.88631386847,10.509795863252
    ));
#1061 = CARTESIAN_POINT('',(0.372366261721,-6.036267322382,
    10.988987304178));
#1062 = CARTESIAN_POINT('',(0.392827064138,-4.209270001862,
    11.815239424624));
#1063 = CARTESIAN_POINT('',(0.403376780291,-3.227018644028,
    12.152307020448));
#1064 = CARTESIAN_POINT('',(0.413917584895,-2.214472774327,
    12.395742606589));
#1065 = CARTESIAN_POINT('',(0.424444023741,-1.182216175772,
    12.542544229767));
#1066 = CARTESIAN_POINT('',(0.434959069614,-0.140871206054,
    12.591141694609));
#1067 = CARTESIAN_POINT('',(0.445469775092,0.898923557707,
    12.541230989491));
#1068 = CARTESIAN_POINT('',(0.455981971235,1.926511762928,
    12.393824113001));
#1069 = CARTESIAN_POINT('',(0.475268716491,3.769438904892,
    11.949255508539));
#1070 = CARTESIAN_POINT('',(0.484044952851,4.591975112043,
    11.680900078507));
#1071 = CARTESIAN_POINT('',(0.492824090893,5.392431880797,
    11.347903431688));
#1072 = CARTESIAN_POINT('',(0.501605533013,6.164778640073,
    10.952460521804));
#1073 = CARTESIAN_POINT('',(0.51038935512,6.903404093753,10.497385130038
    ));
#1074 = CARTESIAN_POINT('',(0.519175727935,7.603101560905,9.986061075491
    ));
#1075 = CARTESIAN_POINT('',(0.527964338288,8.259054316004,9.422393425634
    ));
#1076 = CARTESIAN_POINT('',(0.549209991042,9.728129844141,7.943970443628
    ));
#1077 = CARTESIAN_POINT('',(0.561674863993,10.49315578131,6.980383416642
    ));
#1078 = CARTESIAN_POINT('',(0.574133442685,11.148294891507,
    5.933309257924));
#1079 = CARTESIAN_POINT('',(0.586582677144,11.683257878778,
    4.817552375636));
#1080 = CARTESIAN_POINT('',(0.599027167515,12.090209653066,3.64901400914
    ));
#1081 = CARTESIAN_POINT('',(0.611473632169,12.363502104605,
    2.444515319001));
#1082 = CARTESIAN_POINT('',(0.623924130426,12.5,1.221840511837));
#1083 = CARTESIAN_POINT('',(0.636368039875,12.5,1.7763568394E-15));
#1084 = PCURVE('',#131,#1085);
#1085 = DEFINITIONAL_REPRESENTATION('',(#1086),#1145);
#1086 = B_SPLINE_CURVE_WITH_KNOTS('',8,(#1087,#1088,#1089,#1090,#1091,
    #1092,#1093,#1094,#1095,#1096,#1097,#1098,#1099,#1100,#1101,#1102,
    #1103,#1104,#1105,#1106,#1107,#1108,#1109,#1110,#1111,#1112,#1113,
    #1114,#1115,#1116,#1117,#1118,#1119,#1120,#1121,#1122,#1123,#1124,
    #1125,#1126,#1127,#1128,#1129,#1130,#1131,#1132,#1133,#1134,#1135,
    #1136,#1137,#1138,#1139,#1140,#1141,#1142,#1143,#1144),
  .UNSPECIFIED.,.F.,.F.,(9,7,7,7,7,7,7,7,9),(0.,0.136922700082,
    0.249038129256,0.377708084576,0.4763620581,0.600816878079,
    0.733157797064,0.843552245013,1.),.UNSPECIFIED.);
#1087 = CARTESIAN_POINT('',(-4.99804963208,6.000000000173E-07));
#1088 = CARTESIAN_POINT('',(-4.912555248796,-1.088741577582E-02));
#1089 = CARTESIAN_POINT('',(-4.827017872033,-2.178130461342E-02));
#1090 = CARTESIAN_POINT('',(-4.741501012307,-3.267178133468E-02));
#1091 = CARTESIAN_POINT('',(-4.656008386613,-4.355673335863E-02));
#1092 = CARTESIAN_POINT('',(-4.570526205927,-5.443650801857E-02));
#1093 = CARTESIAN_POINT('',(-4.485034889763,-6.531400917516E-02));
#1094 = CARTESIAN_POINT('',(-4.399517844071,-7.619332555612E-02));
#1095 = CARTESIAN_POINT('',(-4.243968693817,-9.598342369485E-02));
#1096 = CARTESIAN_POINT('',(-4.173930183701,-0.104894395966));
#1097 = CARTESIAN_POINT('',(-4.103888895292,-0.113807901737));
#1098 = CARTESIAN_POINT('',(-4.03385028009,-0.122724536254));
#1099 = CARTESIAN_POINT('',(-3.96381677695,-0.131644548715));
#1100 = CARTESIAN_POINT('',(-3.893787812082,-0.140567842266));
#1101 = CARTESIAN_POINT('',(-3.823759799046,-0.149493974001));
#1102 = CARTESIAN_POINT('',(-3.673351581873,-0.168668636238));
#1103 = CARTESIAN_POINT('',(-3.59296212624,-0.17892018077));
#1104 = CARTESIAN_POINT('',(-3.512566742455,-0.189169450546));
#1105 = CARTESIAN_POINT('',(-3.432171891376,-0.199411623147));
#1106 = CARTESIAN_POINT('',(-3.35178152413,-0.209644391753));
#1107 = CARTESIAN_POINT('',(-3.271397082105,-0.21986796514));
#1108 = CARTESIAN_POINT('',(-3.191017496956,-0.230085067679));
#1109 = CARTESIAN_POINT('',(-3.049011444741,-0.248133664005));
#1110 = CARTESIAN_POINT('',(-2.98737716428,-0.255965266234));
#1111 = CARTESIAN_POINT('',(-2.925741009463,-0.263801484618));
#1112 = CARTESIAN_POINT('',(-2.864106071639,-0.271645539367));
#1113 = CARTESIAN_POINT('',(-2.802473873255,-0.279498132314));
#1114 = CARTESIAN_POINT('',(-2.740844367865,-0.287357446912));
#1115 = CARTESIAN_POINT('',(-2.679215940124,-0.295219148234));
#1116 = CARTESIAN_POINT('',(-2.539836717299,-0.312988510189));
#1117 = CARTESIAN_POINT('',(-2.462055067149,-0.322887334859));
#1118 = CARTESIAN_POINT('',(-2.384280788198,-0.332757842991));
#1119 = CARTESIAN_POINT('',(-2.306522241373,-0.342631703718));
#1120 = CARTESIAN_POINT('',(-2.228771306781,-0.352531882213));
#1121 = CARTESIAN_POINT('',(-2.151017279442,-0.36245140272));
#1122 = CARTESIAN_POINT('',(-2.073259169623,-0.372366261721));
#1123 = CARTESIAN_POINT('',(-1.912847463801,-0.392827064138));
#1124 = CARTESIAN_POINT('',(-1.830137374476,-0.403376780291));
#1125 = CARTESIAN_POINT('',(-1.747444612743,-0.413917584895));
#1126 = CARTESIAN_POINT('',(-1.664775624296,-0.424444023741));
#1127 = CARTESIAN_POINT('',(-1.582118729822,-0.434959069614));
#1128 = CARTESIAN_POINT('',(-1.499456994611,-0.445469775092));
#1129 = CARTESIAN_POINT('',(-1.416776821693,-0.455981971235));
#1130 = CARTESIAN_POINT('',(-1.265113580116,-0.475268716491));
#1131 = CARTESIAN_POINT('',(-1.196111475959,-0.484044952851));
#1132 = CARTESIAN_POINT('',(-1.127112777807,-0.492824090893));
#1133 = CARTESIAN_POINT('',(-1.058127777199,-0.501605533013));
#1134 = CARTESIAN_POINT('',(-0.989153926717,-0.51038935512));
#1135 = CARTESIAN_POINT('',(-0.92018277518,-0.519175727935));
#1136 = CARTESIAN_POINT('',(-0.851206902813,-0.527964338288));
#1137 = CARTESIAN_POINT('',(-0.684470369639,-0.549209991042));
#1138 = CARTESIAN_POINT('',(-0.586652235588,-0.561674863993));
#1139 = CARTESIAN_POINT('',(-0.488861578035,-0.574133442685));
#1140 = CARTESIAN_POINT('',(-0.391104602672,-0.586582677144));
#1141 = CARTESIAN_POINT('',(-0.293347748763,-0.599027167515));
#1142 = CARTESIAN_POINT('',(-0.195558983765,-0.611473632169));
#1143 = CARTESIAN_POINT('',(-9.774724094697E-02,-0.623924130426));
#1144 = CARTESIAN_POINT('',(0.,-0.636368039875));
#1145 = ( GEOMETRIC_REPRESENTATION_CONTEXT(2) 
PARAMETRIC_REPRESENTATION_CONTEXT() REPRESENTATION_CONTEXT('2D SPACE',''
  ) );
#1146 = PCURVE('',#261,#1147);
#1147 = DEFINITIONAL_REPRESENTATION('',(#1148),#1207);
#1148 = B_SPLINE_CURVE_WITH_KNOTS('',8,(#1149,#1150,#1151,#1152,#1153,
    #1154,#1155,#1156,#1157,#1158,#1159,#1160,#1161,#1162,#1163,#1164,
    #1165,#1166,#1167,#1168,#1169,#1170,#1171,#1172,#1173,#1174,#1175,
    #1176,#1177,#1178,#1179,#1180,#1181,#1182,#1183,#1184,#1185,#1186,
    #1187,#1188,#1189,#1190,#1191,#1192,#1193,#1194,#1195,#1196,#1197,
    #1198,#1199,#1200,#1201,#1202,#1203,#1204,#1205,#1206),
  .UNSPECIFIED.,.F.,.F.,(9,7,7,7,7,7,7,7,9),(0.,0.136922700082,
    0.249038129256,0.377708084576,0.4763620581,0.600816878079,
    0.733157797064,0.843552245013,1.),.UNSPECIFIED.);
#1149 = CARTESIAN_POINT('',(4.150885149063E-02,2.878989264511));
#1150 = CARTESIAN_POINT('',(4.151169728882E-02,2.965174163723));
#1151 = CARTESIAN_POINT('',(4.151502038283E-02,3.051402251207));
#1152 = CARTESIAN_POINT('',(4.151746123745E-02,3.137609444227));
#1153 = CARTESIAN_POINT('',(4.151715062208E-02,3.223791984188));
#1154 = CARTESIAN_POINT('',(4.151247159272E-02,3.309963838341));
#1155 = CARTESIAN_POINT('',(4.150387477227E-02,3.396144871495));
#1156 = CARTESIAN_POINT('',(4.149360077336E-02,3.482351911702));
#1157 = CARTESIAN_POINT('',(4.147651406387E-02,3.639156328038));
#1158 = CARTESIAN_POINT('',(4.146899195119E-02,3.709760133931));
#1159 = CARTESIAN_POINT('',(4.146394305961E-02,3.780366840837));
#1160 = CARTESIAN_POINT('',(4.146283972535E-02,3.850970947413));
#1161 = CARTESIAN_POINT('',(4.146632361827E-02,3.92156997513));
#1162 = CARTESIAN_POINT('',(4.14742057419E-02,3.992164468276));
#1163 = CARTESIAN_POINT('',(4.148546643337E-02,4.062757993955));
#1164 = CARTESIAN_POINT('',(4.1512932657E-02,4.214380684547));
#1165 = CARTESIAN_POINT('',(4.153124127269E-02,4.295419122793));
#1166 = CARTESIAN_POINT('',(4.154610357406E-02,4.376463459102));
#1167 = CARTESIAN_POINT('',(4.155294745463E-02,4.457507230979));
#1168 = CARTESIAN_POINT('',(4.154970633792E-02,4.53854651116));
#1169 = CARTESIAN_POINT('',(4.153681917744E-02,4.619579907612));
#1170 = CARTESIAN_POINT('',(4.151723045668E-02,4.700608563534));
#1171 = CARTESIAN_POINT('',(4.148041151564E-02,4.843761725643));
#1172 = CARTESIAN_POINT('',(4.146217121501E-02,4.905894097156));
#1173 = CARTESIAN_POINT('',(4.144893348226E-02,4.968028312538));
#1174 = CARTESIAN_POINT('',(4.144484723413E-02,5.03016108488));
#1175 = CARTESIAN_POINT('',(4.145094610914E-02,5.09229079973));
#1176 = CARTESIAN_POINT('',(4.146514846751E-02,5.154417515087));
#1177 = CARTESIAN_POINT('',(4.148225739123E-02,5.216542961402));
#1178 = CARTESIAN_POINT('',(4.150872472386E-02,5.35704626767));
#1179 = CARTESIAN_POINT('',(4.150336572605E-02,5.435456262407));
#1180 = CARTESIAN_POINT('',(4.146701725382E-02,5.513857063992));
#1181 = CARTESIAN_POINT('',(4.143676089294E-02,5.592242152994));
#1182 = CARTESIAN_POINT('',(4.143740662855E-02,5.670621227319));
#1183 = CARTESIAN_POINT('',(4.145955707044E-02,5.74900425077));
#1184 = CARTESIAN_POINT('',(4.147595552685E-02,5.827390275212));
#1185 = CARTESIAN_POINT('',(4.151755792049E-02,5.989097772916));
#1186 = CARTESIAN_POINT('',(4.15389108902E-02,6.072475833409));
#1187 = CARTESIAN_POINT('',(4.155264999529E-02,6.155836156829));
#1188 = CARTESIAN_POINT('',(4.155347232717E-02,6.239172348449));
#1189 = CARTESIAN_POINT('',(4.15430473131E-02,6.322496363883));
#1190 = CARTESIAN_POINT('',(4.152694675299E-02,6.405825387913));
#1191 = CARTESIAN_POINT('',(4.150985248678E-02,6.489173107938));
#1192 = CARTESIAN_POINT('',(4.148286308861E-02,6.642060980526));
#1193 = CARTESIAN_POINT('',(4.147213017931E-02,6.711620303547));
#1194 = CARTESIAN_POINT('',(4.146520188168E-02,6.781176206634));
#1195 = CARTESIAN_POINT('',(4.146289837696E-02,6.850718268442));
#1196 = CARTESIAN_POINT('',(4.146494257035E-02,6.920249012243));
#1197 = CARTESIAN_POINT('',(4.147030555373E-02,6.989776927537));
#1198 = CARTESIAN_POINT('',(4.14775520686E-02,7.059309491672));
#1199 = CARTESIAN_POINT('',(4.149600450713E-02,7.22739155106));
#1200 = CARTESIAN_POINT('',(4.150780661568E-02,7.325998907904));
#1201 = CARTESIAN_POINT('',(4.151643025091E-02,7.424578480708));
#1202 = CARTESIAN_POINT('',(4.15192679683E-02,7.523124210238));
#1203 = CARTESIAN_POINT('',(4.151666904196E-02,7.621670094519));
#1204 = CARTESIAN_POINT('',(4.151163928342E-02,7.720248473194));
#1205 = CARTESIAN_POINT('',(4.150783855958E-02,7.818850261036));
#1206 = CARTESIAN_POINT('',(4.150587600994E-02,7.917387130604));
#1207 = ( GEOMETRIC_REPRESENTATION_CONTEXT(2) 
PARAMETRIC_REPRESENTATION_CONTEXT() REPRESENTATION_CONTEXT('2D SPACE',''
  ) );
#1208 = ORIENTED_EDGE('',*,*,#112,.F.);
#1209 = ORIENTED_EDGE('',*,*,#1210,.F.);
#1210 = EDGE_CURVE('',#639,#113,#1211,.T.);
#1211 = SURFACE_CURVE('',#1212,(#1216,#1222),.PCURVE_S1.);
#1212 = LINE('',#1213,#1214);
#1213 = CARTESIAN_POINT('',(1.035950236583E-16,8.35582922283E-10,12.5));
#1214 = VECTOR('',#1215,1.);
#1215 = DIRECTION('',(-1.,-0.,-0.));
#1216 = PCURVE('',#131,#1217);
#1217 = DEFINITIONAL_REPRESENTATION('',(#1218),#1221);
#1218 = B_SPLINE_CURVE_WITH_KNOTS('',1,(#1219,#1220),.UNSPECIFIED.,.F.,
  .F.,(2,2),(-0.459999999076,6.000000001036E-07),
  .PIECEWISE_BEZIER_KNOTS.);
#1219 = CARTESIAN_POINT('',(-1.570796326728,-0.459999999076));
#1220 = CARTESIAN_POINT('',(-1.570796326728,6.E-07));
#1221 = ( GEOMETRIC_REPRESENTATION_CONTEXT(2) 
PARAMETRIC_REPRESENTATION_CONTEXT() REPRESENTATION_CONTEXT('2D SPACE',''
  ) );
#1222 = PCURVE('',#158,#1223);
#1223 = DEFINITIONAL_REPRESENTATION('',(#1224),#1227);
#1224 = B_SPLINE_CURVE_WITH_KNOTS('',1,(#1225,#1226),.UNSPECIFIED.,.F.,
  .F.,(2,2),(-0.459999999076,6.000000001036E-07),
  .PIECEWISE_BEZIER_KNOTS.);
#1225 = CARTESIAN_POINT('',(-3.862853613187E-02,0.460000002908));
#1226 = CARTESIAN_POINT('',(-3.862853613187E-02,-5.961672426629E-07));
#1227 = ( GEOMETRIC_REPRESENTATION_CONTEXT(2) 
PARAMETRIC_REPRESENTATION_CONTEXT() REPRESENTATION_CONTEXT('2D SPACE',''
  ) );
#1228 = ADVANCED_FACE('',(#1229),#261,.F.);
#1229 = FACE_BOUND('',#1230,.F.);
#1230 = EDGE_LOOP('',(#1231,#1259,#1321,#1556,#1770,#1984,#2198,#2433,
    #2647,#2861,#3075,#3268,#3482,#3675,#3903,#3904,#3905,#4070));
#1231 = ORIENTED_EDGE('',*,*,#1232,.F.);
#1232 = EDGE_CURVE('',#1233,#1235,#1237,.T.);
#1233 = VERTEX_POINT('',#1234);
#1234 = CARTESIAN_POINT('',(10.436363842149,-7.391636165357E-10,-12.5));
#1235 = VERTEX_POINT('',#1236);
#1236 = CARTESIAN_POINT('',(10.6,-4.254328349775E-09,-12.58999987659));
#1237 = SURFACE_CURVE('',#1238,(#1241,#1248),.PCURVE_S1.);
#1238 = B_SPLINE_CURVE_WITH_KNOTS('',1,(#1239,#1240),.UNSPECIFIED.,.F.,
  .F.,(2,2),(0.,0.456508488421),.PIECEWISE_BEZIER_KNOTS.);
#1239 = CARTESIAN_POINT('',(10.39999999916,4.198952296974E-11,
    -12.47999988862));
#1240 = CARTESIAN_POINT('',(10.800000009714,-8.550646413141E-09,
    -12.69999986943));
#1241 = PCURVE('',#261,#1242);
#1242 = DEFINITIONAL_REPRESENTATION('',(#1243),#1247);
#1243 = LINE('',#1244,#1245);
#1244 = CARTESIAN_POINT('',(0.,85.507786829003));
#1245 = VECTOR('',#1246,1.);
#1246 = DIRECTION('',(1.,0.));
#1247 = ( GEOMETRIC_REPRESENTATION_CONTEXT(2) 
PARAMETRIC_REPRESENTATION_CONTEXT() REPRESENTATION_CONTEXT('2D SPACE',''
  ) );
#1248 = PCURVE('',#1249,#1254);
#1249 = PLANE('',#1250);
#1250 = AXIS2_PLACEMENT_3D('',#1251,#1252,#1253);
#1251 = CARTESIAN_POINT('',(10.800000001972,-2.309338104029E-09,
    -12.53862851632));
#1252 = DIRECTION('',(-2.094330168942E-10,-1.,3.86766312212E-08));
#1253 = DIRECTION('',(0.,-3.86766312212E-08,-1.));
#1254 = DEFINITIONAL_REPRESENTATION('',(#1255),#1258);
#1255 = B_SPLINE_CURVE_WITH_KNOTS('',1,(#1256,#1257),.UNSPECIFIED.,.F.,
  .F.,(2,2),(0.,0.456508488421),.PIECEWISE_BEZIER_KNOTS.);
#1256 = CARTESIAN_POINT('',(-5.862862770084E-02,-0.400000002813));
#1257 = CARTESIAN_POINT('',(0.16137135311,7.741618901491E-09));
#1258 = ( GEOMETRIC_REPRESENTATION_CONTEXT(2) 
PARAMETRIC_REPRESENTATION_CONTEXT() REPRESENTATION_CONTEXT('2D SPACE',''
  ) );
#1259 = ORIENTED_EDGE('',*,*,#1260,.F.);
#1260 = EDGE_CURVE('',#1261,#1233,#1263,.T.);
#1261 = VERTEX_POINT('',#1262);
#1262 = CARTESIAN_POINT('',(10.236335077969,12.5,0.));
#1263 = SURFACE_CURVE('',#1264,(#1281,#1301),.PCURVE_S1.);
#1264 = B_SPLINE_CURVE_WITH_KNOTS('',8,(#1265,#1266,#1267,#1268,#1269,
    #1270,#1271,#1272,#1273,#1274,#1275,#1276,#1277,#1278,#1279,#1280),
  .UNSPECIFIED.,.F.,.F.,(9,7,9),(0.,0.486318991956,1.),.UNSPECIFIED.);
#1265 = CARTESIAN_POINT('',(10.236335077969,12.5,2.6645352591E-14));
#1266 = CARTESIAN_POINT('',(10.248486322934,12.5,-1.193287452219));
#1267 = CARTESIAN_POINT('',(10.26064648225,12.369811608193,
    -2.386923174938));
#1268 = CARTESIAN_POINT('',(10.27281084717,12.109302487056,
    -3.563642958299));
#1269 = CARTESIAN_POINT('',(10.284981802586,11.721290117868,
    -4.707065853867));
#1270 = CARTESIAN_POINT('',(10.29715908873,11.210701227386,
    -5.801472526637));
#1271 = CARTESIAN_POINT('',(10.309335393507,10.584736991883,
    -6.83193712888));
#1272 = CARTESIAN_POINT('',(10.321504320442,9.852785818549,
    -7.784355713035));
#1273 = CARTESIAN_POINT('',(10.346483945659,8.155803209886,
    -9.556210242922));
#1274 = CARTESIAN_POINT('',(10.359314985364,7.178430472015,
    -10.36676188363));
#1275 = CARTESIAN_POINT('',(10.372129941831,6.109617340398,
    -11.06218067134));
#1276 = CARTESIAN_POINT('',(10.384939135895,4.965532861214,
    -11.63087614972));
#1277 = CARTESIAN_POINT('',(10.397761149228,3.763483960487,
    -12.06380840646));
#1278 = CARTESIAN_POINT('',(10.410632477038,2.52195808563,
    -12.35474346595));
#1279 = CARTESIAN_POINT('',(10.423525009564,1.260452257036,
    -12.50000000007));
#1280 = CARTESIAN_POINT('',(10.436363842149,-7.391260405338E-10,-12.5));
#1281 = PCURVE('',#261,#1282);
#1282 = DEFINITIONAL_REPRESENTATION('',(#1283),#1300);
#1283 = B_SPLINE_CURVE_WITH_KNOTS('',8,(#1284,#1285,#1286,#1287,#1288,
    #1289,#1290,#1291,#1292,#1293,#1294,#1295,#1296,#1297,#1298,#1299),
  .UNSPECIFIED.,.F.,.F.,(9,7,9),(0.,0.486318991956,1.),.UNSPECIFIED.);
#1284 = CARTESIAN_POINT('',(4.146828443158E-02,83.924308570831));
#1285 = CARTESIAN_POINT('',(4.146431204497E-02,84.020542246033));
#1286 = CARTESIAN_POINT('',(4.146644949683E-02,84.116804113316));
#1287 = CARTESIAN_POINT('',(4.147731848714E-02,84.213038703974));
#1288 = CARTESIAN_POINT('',(4.149725318742E-02,84.309262581775));
#1289 = CARTESIAN_POINT('',(4.152236008884E-02,84.405500700705));
#1290 = CARTESIAN_POINT('',(4.154174004965E-02,84.501770779357));
#1291 = CARTESIAN_POINT('',(4.154834932727E-02,84.598071039645));
#1292 = CARTESIAN_POINT('',(4.153626710326E-02,84.795928234163));
#1293 = CARTESIAN_POINT('',(4.151616424407E-02,84.897656010471));
#1294 = CARTESIAN_POINT('',(4.148198671961E-02,84.999354091389));
#1295 = CARTESIAN_POINT('',(4.144459202439E-02,85.101028869208));
#1296 = CARTESIAN_POINT('',(4.142174930011E-02,85.202704191202));
#1297 = CARTESIAN_POINT('',(4.145165159385E-02,85.304404044692));
#1298 = CARTESIAN_POINT('',(4.150104142393E-02,85.406136587592));
#1299 = CARTESIAN_POINT('',(4.150100639575E-02,85.507786829003));
#1300 = ( GEOMETRIC_REPRESENTATION_CONTEXT(2) 
PARAMETRIC_REPRESENTATION_CONTEXT() REPRESENTATION_CONTEXT('2D SPACE',''
  ) );
#1301 = PCURVE('',#623,#1302);
#1302 = DEFINITIONAL_REPRESENTATION('',(#1303),#1320);
#1303 = B_SPLINE_CURVE_WITH_KNOTS('',8,(#1304,#1305,#1306,#1307,#1308,
    #1309,#1310,#1311,#1312,#1313,#1314,#1315,#1316,#1317,#1318,#1319),
  .UNSPECIFIED.,.F.,.F.,(9,7,9),(0.,0.486318991956,1.),.UNSPECIFIED.);
#1304 = CARTESIAN_POINT('',(-6.28318530718,-10.23633507796));
#1305 = CARTESIAN_POINT('',(-6.187722311002,-10.24848632293));
#1306 = CARTESIAN_POINT('',(-6.092231515807,-10.26064648225));
#1307 = CARTESIAN_POINT('',(-5.9967679005,-10.27281084717));
#1308 = CARTESIAN_POINT('',(-5.901314910695,-10.28498180258));
#1309 = CARTESIAN_POINT('',(-5.805847595461,-10.29715908873));
#1310 = CARTESIAN_POINT('',(-5.710348342214,-10.3093353935));
#1311 = CARTESIAN_POINT('',(-5.614819121636,-10.32150432044));
#1312 = CARTESIAN_POINT('',(-5.418546357161,-10.34648394565));
#1313 = CARTESIAN_POINT('',(-5.317633353517,-10.35931498536));
#1314 = CARTESIAN_POINT('',(-5.21675014342,-10.37212994183));
#1315 = CARTESIAN_POINT('',(-5.115890501204,-10.38493913589));
#1316 = CARTESIAN_POINT('',(-5.01503061558,-10.39776114922));
#1317 = CARTESIAN_POINT('',(-4.914145507681,-10.41063247703));
#1318 = CARTESIAN_POINT('',(-4.813225160948,-10.42352500956));
#1319 = CARTESIAN_POINT('',(-4.712388980326,-10.43636384214));
#1320 = ( GEOMETRIC_REPRESENTATION_CONTEXT(2) 
PARAMETRIC_REPRESENTATION_CONTEXT() REPRESENTATION_CONTEXT('2D SPACE',''
  ) );
#1321 = ORIENTED_EDGE('',*,*,#1322,.F.);
#1322 = EDGE_CURVE('',#1323,#1261,#1325,.T.);
#1323 = VERTEX_POINT('',#1324);
#1324 = CARTESIAN_POINT('',(9.436368177811,12.5,0.));
#1325 = SURFACE_CURVE('',#1326,(#1399,#1475),.PCURVE_S1.);
#1326 = B_SPLINE_CURVE_WITH_KNOTS('',8,(#1327,#1328,#1329,#1330,#1331,
    #1332,#1333,#1334,#1335,#1336,#1337,#1338,#1339,#1340,#1341,#1342,
    #1343,#1344,#1345,#1346,#1347,#1348,#1349,#1350,#1351,#1352,#1353,
    #1354,#1355,#1356,#1357,#1358,#1359,#1360,#1361,#1362,#1363,#1364,
    #1365,#1366,#1367,#1368,#1369,#1370,#1371,#1372,#1373,#1374,#1375,
    #1376,#1377,#1378,#1379,#1380,#1381,#1382,#1383,#1384,#1385,#1386,
    #1387,#1388,#1389,#1390,#1391,#1392,#1393,#1394,#1395,#1396,#1397,
    #1398),.UNSPECIFIED.,.F.,.F.,(9,7,7,7,7,7,7,7,7,7,9),(0.,
    0.12441602933,0.19731893247,0.281731298561,0.399651389709,
    0.462498789769,0.568333788006,0.662845356353,0.770119683144,
    0.862075941662,1.),.UNSPECIFIED.);
#1327 = CARTESIAN_POINT('',(9.436368177811,12.5,-3.730349362741E-14));
#1328 = CARTESIAN_POINT('',(9.448809446288,12.500000000009,
    -1.221243519934));
#1329 = CARTESIAN_POINT('',(9.461262327099,12.363639966448,
    -2.443461643489));
#1330 = CARTESIAN_POINT('',(9.47371126757,12.090540910885,
    -3.647456918387));
#1331 = CARTESIAN_POINT('',(9.486154247491,11.683985592339,
    -4.815410293784));
#1332 = CARTESIAN_POINT('',(9.498591002551,11.14955440092,
    -5.930513233415));
#1333 = CARTESIAN_POINT('',(9.511024828556,10.49521474113,-6.97702891579
    ));
#1334 = CARTESIAN_POINT('',(9.52346087061,9.73109916318,-7.940264842699)
  );
#1335 = CARTESIAN_POINT('',(9.543178675304,8.366158944432,
    -9.315025272289));
#1336 = CARTESIAN_POINT('',(9.550464348373,7.828552571343,
    -9.790009066182));
#1337 = CARTESIAN_POINT('',(9.557751395499,7.260232369296,-10.2294403847
    ));
#1338 = CARTESIAN_POINT('',(9.565040331031,6.663967058884,
    -10.63099595649));
#1339 = CARTESIAN_POINT('',(9.572331397626,6.042702383074,
    -10.99263641487));
#1340 = CARTESIAN_POINT('',(9.57962456625,5.399561107202,-11.31260629788
    ));
#1341 = CARTESIAN_POINT('',(9.586919536176,4.737843018974,
    -11.58943404826));
#1342 = CARTESIAN_POINT('',(9.60266381289,3.277354951377,-12.09113533054
    ));
#1343 = CARTESIAN_POINT('',(9.611115238475,2.473202314921,
    -12.30099602093));
#1344 = CARTESIAN_POINT('',(9.619568213788,1.653942853223,
    -12.44966708576));
#1345 = CARTESIAN_POINT('',(9.628020940545,0.82501184942,-12.53589667686
    ));
#1346 = CARTESIAN_POINT('',(9.636471620139,-8.095964334873E-03,
    -12.55902809668));
#1347 = CARTESIAN_POINT('',(9.644918453637,-0.839826406872,
    -12.51899979833));
#1348 = CARTESIAN_POINT('',(9.65335964178,-1.664565848007,
    -12.41634538555));
#1349 = CARTESIAN_POINT('',(9.673574926164,-3.61107215706,
    -12.02288133413));
#1350 = CARTESIAN_POINT('',(9.685355655243,-4.722135630185,
    -11.67334528292));
#1351 = CARTESIAN_POINT('',(9.697125177641,-5.793849834179,
    -11.20647040835));
#1352 = CARTESIAN_POINT('',(9.708890659213,-6.811769833966,
    -10.62778751439));
#1353 = CARTESIAN_POINT('',(9.720666590663,-7.762607468343,
    -9.944583323431));
#1354 = CARTESIAN_POINT('',(9.732476364435,-8.634281311525,
    -9.165921235671));
#1355 = CARTESIAN_POINT('',(9.7443067128,-9.415881055799,-8.302487425125
    ));
#1356 = CARTESIAN_POINT('',(9.762399968704,-10.46180726796,
    -6.868861014178));
#1357 = CARTESIAN_POINT('',(9.768680577532,-10.79714267938,
    -6.350174003183));
#1358 = CARTESIAN_POINT('',(9.774943602047,-11.10299715617,
    -5.812950536176));
#1359 = CARTESIAN_POINT('',(9.781210859781,-11.37825297354,
    -5.259025482845));
#1360 = CARTESIAN_POINT('',(9.787484599854,-11.62188344832,
    -4.690357581083));
#1361 = CARTESIAN_POINT('',(9.793759650508,-11.83297930074,
    -4.109040318969));
#1362 = CARTESIAN_POINT('',(9.800043255827,-12.01078279387,
    -3.517314215257));
#1363 = CARTESIAN_POINT('',(9.816914306516,-12.39716511267,
    -1.907633014034));
#1364 = CARTESIAN_POINT('',(9.827515835925,-12.54379217606,
    -0.874212255161));
#1365 = CARTESIAN_POINT('',(9.838124512006,-12.59179795732,
    0.171577458735));
#1366 = CARTESIAN_POINT('',(9.848729638911,-12.54016022482,
    1.218711089147));
#1367 = CARTESIAN_POINT('',(9.859325054035,-12.38921899493,
    2.256262479916));
#1368 = CARTESIAN_POINT('',(9.869911686316,-12.14070257403,
    3.273415882808));
#1369 = CARTESIAN_POINT('',(9.880491836941,-11.79770689667,
    4.259488695161));
#1370 = CARTESIAN_POINT('',(9.900501683331,-10.9790218861,6.047449693188
    ));
#1371 = CARTESIAN_POINT('',(9.909938019448,-10.52116214733,
    6.858322372484));
#1372 = CARTESIAN_POINT('',(9.919374615862,-9.995049560106,
    7.629279803022));
#1373 = CARTESIAN_POINT('',(9.928813842856,-9.404780628101,8.35360607551
    ));
#1374 = CARTESIAN_POINT('',(9.938257063986,-8.755148258226,
    9.025203872943));
#1375 = CARTESIAN_POINT('',(9.947704636077,-8.051641760597,
    9.638594470602));
#1376 = CARTESIAN_POINT('',(9.957155909228,-7.300446848542,
    10.188917736056));
#1377 = CARTESIAN_POINT('',(9.977339112022,-5.609493287066,
    11.220172357906));
#1378 = CARTESIAN_POINT('',(9.988074694915,-4.657365568575,
    11.682029050391));
#1379 = CARTESIAN_POINT('',(9.998812215601,-3.662319976286,
    12.051340544005));
#1380 = CARTESIAN_POINT('',(10.009548859198,-2.634933668924,
    12.323463457484));
#1381 = CARTESIAN_POINT('',(10.020282755836,-1.586103470784,
    12.495272690907));
#1382 = CARTESIAN_POINT('',(10.031012980654,-0.527045871727,
    12.565161425699));
#1383 = CARTESIAN_POINT('',(10.0417395538,0.530702972817,12.533041124631
    ));
#1384 = CARTESIAN_POINT('',(10.06165602659,2.470711747984,
    12.286590568027));
#1385 = CARTESIAN_POINT('',(10.070851472121,3.357123531287,
    12.098896415719));
#1386 = CARTESIAN_POINT('',(10.080046353161,4.226987288366,
    11.83810880127));
#1387 = CARTESIAN_POINT('',(10.089240784325,5.073195426301,
    11.506040451914));
#1388 = CARTESIAN_POINT('',(10.098435805207,5.889015923508,
    11.105267903861));
#1389 = CARTESIAN_POINT('',(10.107632127272,6.668065147764,
    10.639060234828));
#1390 = CARTESIAN_POINT('',(10.116829343811,7.404323598061,
    10.11140794851));
#1391 = CARTESIAN_POINT('',(10.139816715335,9.1239686748,8.650764306139)
  );
#1392 = CARTESIAN_POINT('',(10.153621649072,10.048183749771,
    7.645908088987));
#1393 = CARTESIAN_POINT('',(10.16741734906,10.844634836138,
    6.529121533156));
#1394 = CARTESIAN_POINT('',(10.181202471975,11.498083594665,
    5.319695679259));
#1395 = CARTESIAN_POINT('',(10.194980607182,11.996876704886,
    4.038677504578));
#1396 = CARTESIAN_POINT('',(10.20876039718,12.332470947811,
    2.708586571556));
#1397 = CARTESIAN_POINT('',(10.222551355569,12.5,1.353601464963));
#1398 = CARTESIAN_POINT('',(10.236335077969,12.5,2.6645352591E-14));
#1399 = PCURVE('',#261,#1400);
#1400 = DEFINITIONAL_REPRESENTATION('',(#1401),#1474);
#1401 = B_SPLINE_CURVE_WITH_KNOTS('',8,(#1402,#1403,#1404,#1405,#1406,
    #1407,#1408,#1409,#1410,#1411,#1412,#1413,#1414,#1415,#1416,#1417,
    #1418,#1419,#1420,#1421,#1422,#1423,#1424,#1425,#1426,#1427,#1428,
    #1429,#1430,#1431,#1432,#1433,#1434,#1435,#1436,#1437,#1438,#1439,
    #1440,#1441,#1442,#1443,#1444,#1445,#1446,#1447,#1448,#1449,#1450,
    #1451,#1452,#1453,#1454,#1455,#1456,#1457,#1458,#1459,#1460,#1461,
    #1462,#1463,#1464,#1465,#1466,#1467,#1468,#1469,#1470,#1471,#1472,
    #1473),.UNSPECIFIED.,.F.,.F.,(9,7,7,7,7,7,7,7,7,7,9),(0.,
    0.12441602933,0.19731893247,0.281731298561,0.399651389709,
    0.462498789769,0.568333788006,0.662845356353,0.770119683144,
    0.862075941662,1.),.UNSPECIFIED.);
#1402 = CARTESIAN_POINT('',(4.150587837238E-02,77.590399698289));
#1403 = CARTESIAN_POINT('',(4.150784176321E-02,77.688888422668));
#1404 = CARTESIAN_POINT('',(4.151175112558E-02,77.787455564551));
#1405 = CARTESIAN_POINT('',(4.15164793688E-02,77.885985904902));
#1406 = CARTESIAN_POINT('',(4.15193108561E-02,77.984482088746));
#1407 = CARTESIAN_POINT('',(4.151656242934E-02,78.082967819776));
#1408 = CARTESIAN_POINT('',(4.150774704226E-02,78.181472372788));
#1409 = CARTESIAN_POINT('',(4.149604850036E-02,78.280014501118));
#1410 = CARTESIAN_POINT('',(4.147889043719E-02,78.436247037234));
#1411 = CARTESIAN_POINT('',(4.14726658712E-02,78.493973717663));
#1412 = CARTESIAN_POINT('',(4.146769833107E-02,78.551702556563));
#1413 = CARTESIAN_POINT('',(4.146482308171E-02,78.609431831688));
#1414 = CARTESIAN_POINT('',(4.146456840532E-02,78.667159799351));
#1415 = CARTESIAN_POINT('',(4.146715560132E-02,78.724884694429));
#1416 = CARTESIAN_POINT('',(4.147249898638E-02,78.782604730361));
#1417 = CARTESIAN_POINT('',(4.148912952182E-02,78.907142900418));
#1418 = CARTESIAN_POINT('',(4.150175565189E-02,78.973968520889));
#1419 = CARTESIAN_POINT('',(4.151573242781E-02,79.040797041098));
#1420 = CARTESIAN_POINT('',(4.152895125689E-02,79.107628851426));
#1421 = CARTESIAN_POINT('',(4.153954681063E-02,79.174462652097));
#1422 = CARTESIAN_POINT('',(4.154589702468E-02,79.241295453176));
#1423 = CARTESIAN_POINT('',(4.154662309886E-02,79.30812257457));
#1424 = CARTESIAN_POINT('',(4.153216084032E-02,79.46827514717));
#1425 = CARTESIAN_POINT('',(4.151214360215E-02,79.561686613204));
#1426 = CARTESIAN_POINT('',(4.148158806233E-02,79.655082460381));
#1427 = CARTESIAN_POINT('',(4.144928114168E-02,79.748458465967));
#1428 = CARTESIAN_POINT('',(4.142966066896E-02,79.841829198148));
#1429 = CARTESIAN_POINT('',(4.144698304498E-02,79.935211588262));
#1430 = CARTESIAN_POINT('',(4.148501959614E-02,80.028613171604));
#1431 = CARTESIAN_POINT('',(4.150479144511E-02,80.171727317783));
#1432 = CARTESIAN_POINT('',(4.150392794342E-02,80.221459313416));
#1433 = CARTESIAN_POINT('',(4.148456529055E-02,80.27118043324));
#1434 = CARTESIAN_POINT('',(4.146956242294E-02,80.320904821917));
#1435 = CARTESIAN_POINT('',(4.146058274122E-02,80.37063874791));
#1436 = CARTESIAN_POINT('',(4.145171193774E-02,80.420382299451));
#1437 = CARTESIAN_POINT('',(4.145178293581E-02,80.470131547098));
#1438 = CARTESIAN_POINT('',(4.146224581797E-02,80.60363361524));
#1439 = CARTESIAN_POINT('',(4.148194608893E-02,80.687433368573));
#1440 = CARTESIAN_POINT('',(4.151053978106E-02,80.771228007299));
#1441 = CARTESIAN_POINT('',(4.153584928333E-02,80.855017328361));
#1442 = CARTESIAN_POINT('',(4.154935633122E-02,80.938811634332));
#1443 = CARTESIAN_POINT('',(4.155088112623E-02,81.022619527598));
#1444 = CARTESIAN_POINT('',(4.154337507997E-02,81.106438752864));
#1445 = CARTESIAN_POINT('',(4.15199122259E-02,81.265027232115));
#1446 = CARTESIAN_POINT('',(4.150445791204E-02,81.339845574377));
#1447 = CARTESIAN_POINT('',(4.148874631689E-02,81.41466776248));
#1448 = CARTESIAN_POINT('',(4.147575833387E-02,81.489491883486));
#1449 = CARTESIAN_POINT('',(4.146732709324E-02,81.564316016179));
#1450 = CARTESIAN_POINT('',(4.146413796211E-02,81.639138231069));
#1451 = CARTESIAN_POINT('',(4.146572854445E-02,81.713956590391));
#1452 = CARTESIAN_POINT('',(4.147589162236E-02,81.873684327317));
#1453 = CARTESIAN_POINT('',(4.148593626201E-02,81.958612416431));
#1454 = CARTESIAN_POINT('',(4.149703496894E-02,82.043548535428));
#1455 = CARTESIAN_POINT('',(4.150661536111E-02,82.128488243197));
#1456 = CARTESIAN_POINT('',(4.151312030558E-02,82.213427537534));
#1457 = CARTESIAN_POINT('',(4.151600791847E-02,82.298362855136));
#1458 = CARTESIAN_POINT('',(4.1515751565E-02,82.383291071608));
#1459 = CARTESIAN_POINT('',(4.15122011329E-02,82.541002138074));
#1460 = CARTESIAN_POINT('',(4.150941591974E-02,82.613825366888));
#1461 = CARTESIAN_POINT('',(4.150634566395E-02,82.686646103728));
#1462 = CARTESIAN_POINT('',(4.150409714344E-02,82.759457577986));
#1463 = CARTESIAN_POINT('',(4.150345829632E-02,82.832262554369));
#1464 = CARTESIAN_POINT('',(4.150452602772E-02,82.905065993623));
#1465 = CARTESIAN_POINT('',(4.150668809795E-02,82.977868923032));
#1466 = CARTESIAN_POINT('',(4.151277056169E-02,83.159826658014));
#1467 = CARTESIAN_POINT('',(4.151698537052E-02,83.269096430358));
#1468 = CARTESIAN_POINT('',(4.151922319885E-02,83.378306810862));
#1469 = CARTESIAN_POINT('',(4.151468932446E-02,83.487480426564));
#1470 = CARTESIAN_POINT('',(4.150184828117E-02,83.596656347853));
#1471 = CARTESIAN_POINT('',(4.148511580785E-02,83.705872367033));
#1472 = CARTESIAN_POINT('',(4.147279049449E-02,83.815146236566));
#1473 = CARTESIAN_POINT('',(4.146828443158E-02,83.924308570831));
#1474 = ( GEOMETRIC_REPRESENTATION_CONTEXT(2) 
PARAMETRIC_REPRESENTATION_CONTEXT() REPRESENTATION_CONTEXT('2D SPACE',''
  ) );
#1475 = PCURVE('',#1476,#1481);
#1476 = CYLINDRICAL_SURFACE('',#1477,12.5);
#1477 = AXIS2_PLACEMENT_3D('',#1478,#1479,#1480);
#1478 = CARTESIAN_POINT('',(0.,0.,0.));
#1479 = DIRECTION('',(-1.,-0.,-0.));
#1480 = DIRECTION('',(0.,1.,0.));
#1481 = DEFINITIONAL_REPRESENTATION('',(#1482),#1555);
#1482 = B_SPLINE_CURVE_WITH_KNOTS('',8,(#1483,#1484,#1485,#1486,#1487,
    #1488,#1489,#1490,#1491,#1492,#1493,#1494,#1495,#1496,#1497,#1498,
    #1499,#1500,#1501,#1502,#1503,#1504,#1505,#1506,#1507,#1508,#1509,
    #1510,#1511,#1512,#1513,#1514,#1515,#1516,#1517,#1518,#1519,#1520,
    #1521,#1522,#1523,#1524,#1525,#1526,#1527,#1528,#1529,#1530,#1531,
    #1532,#1533,#1534,#1535,#1536,#1537,#1538,#1539,#1540,#1541,#1542,
    #1543,#1544,#1545,#1546,#1547,#1548,#1549,#1550,#1551,#1552,#1553,
    #1554),.UNSPECIFIED.,.F.,.F.,(9,7,7,7,7,7,7,7,7,7,9),(0.,
    0.12441602933,0.19731893247,0.281731298561,0.399651389709,
    0.462498789769,0.568333788006,0.662845356353,0.770119683144,
    0.862075941662,1.),.UNSPECIFIED.);
#1483 = CARTESIAN_POINT('',(-6.28318530718,-9.436368177811));
#1484 = CARTESIAN_POINT('',(-6.185485825585,-9.448809446288));
#1485 = CARTESIAN_POINT('',(-6.08770844914,-9.461262327099));
#1486 = CARTESIAN_POINT('',(-5.989967341841,-9.47371126757));
#1487 = CARTESIAN_POINT('',(-5.892259792,-9.486154247492));
#1488 = CARTESIAN_POINT('',(-5.794562325435,-9.498591002551));
#1489 = CARTESIAN_POINT('',(-5.696846097858,-9.511024828556));
#1490 = CARTESIAN_POINT('',(-5.599092666571,-9.52346087061));
#1491 = CARTESIAN_POINT('',(-5.444110798429,-9.543178675304));
#1492 = CARTESIAN_POINT('',(-5.386846283788,-9.550464348373));
#1493 = CARTESIAN_POINT('',(-5.329579693849,-9.557751395499));
#1494 = CARTESIAN_POINT('',(-5.272312739874,-9.565040331031));
#1495 = CARTESIAN_POINT('',(-5.215047145202,-9.572331397626));
#1496 = CARTESIAN_POINT('',(-5.157784645258,-9.57962456625));
#1497 = CARTESIAN_POINT('',(-5.100526987545,-9.586919536176));
#1498 = CARTESIAN_POINT('',(-4.976986430389,-9.60266381289));
#1499 = CARTESIAN_POINT('',(-4.910696108499,-9.611115238475));
#1500 = CARTESIAN_POINT('',(-4.844402857868,-9.619568213788));
#1501 = CARTESIAN_POINT('',(-4.77810627092,-9.628020940545));
#1502 = CARTESIAN_POINT('',(-4.711807640606,-9.636471620139));
#1503 = CARTESIAN_POINT('',(-4.645509960412,-9.644918453637));
#1504 = CARTESIAN_POINT('',(-4.579217924352,-9.65335964178));
#1505 = CARTESIAN_POINT('',(-4.420347899067,-9.673574926164));
#1506 = CARTESIAN_POINT('',(-4.327684646821,-9.685355655243));
#1507 = CARTESIAN_POINT('',(-4.235037177045,-9.697125177641));
#1508 = CARTESIAN_POINT('',(-4.142409744034,-9.708890659213));
#1509 = CARTESIAN_POINT('',(-4.049787724766,-9.720666590663));
#1510 = CARTESIAN_POINT('',(-3.957153501776,-9.732476364436));
#1511 = CARTESIAN_POINT('',(-3.864498358545,-9.7443067128));
#1512 = CARTESIAN_POINT('',(-3.722529430621,-9.762399968704));
#1513 = CARTESIAN_POINT('',(-3.673196289876,-9.768680577532));
#1514 = CARTESIAN_POINT('',(-3.623871990449,-9.774943602047));
#1515 = CARTESIAN_POINT('',(-3.574545328695,-9.781210859781));
#1516 = CARTESIAN_POINT('',(-3.525209851609,-9.787484599854));
#1517 = CARTESIAN_POINT('',(-3.475864232612,-9.793759650508));
#1518 = CARTESIAN_POINT('',(-3.426513621368,-9.800043255827));
#1519 = CARTESIAN_POINT('',(-3.294081241862,-9.816914306516));
#1520 = CARTESIAN_POINT('',(-3.210953209371,-9.827515835925));
#1521 = CARTESIAN_POINT('',(-3.127830216531,-9.838124512006));
#1522 = CARTESIAN_POINT('',(-3.04471212741,-9.848729638911));
#1523 = CARTESIAN_POINT('',(-2.961588836582,-9.859325054035));
#1524 = CARTESIAN_POINT('',(-2.878451969527,-9.869911686317));
#1525 = CARTESIAN_POINT('',(-2.795303885362,-9.880491836941));
#1526 = CARTESIAN_POINT('',(-2.637985361555,-9.900501683331));
#1527 = CARTESIAN_POINT('',(-2.563766237967,-9.909938019448));
#1528 = CARTESIAN_POINT('',(-2.489543370328,-9.919374615862));
#1529 = CARTESIAN_POINT('',(-2.415318634358,-9.928813842856));
#1530 = CARTESIAN_POINT('',(-2.341093904436,-9.938257063986));
#1531 = CARTESIAN_POINT('',(-2.266871053601,-9.947704636077));
#1532 = CARTESIAN_POINT('',(-2.192651953553,-9.957155909228));
#1533 = CARTESIAN_POINT('',(-2.034203273313,-9.977339112022));
#1534 = CARTESIAN_POINT('',(-1.949955090706,-9.988074694915));
#1535 = CARTESIAN_POINT('',(-1.865698821595,-9.998812215601));
#1536 = CARTESIAN_POINT('',(-1.781438930274,-10.00954885919));
#1537 = CARTESIAN_POINT('',(-1.697179450563,-10.02028275583));
#1538 = CARTESIAN_POINT('',(-1.612923985811,-10.03101298065));
#1539 = CARTESIAN_POINT('',(-1.52867570889,-10.0417395538));
#1540 = CARTESIAN_POINT('',(-1.372227697342,-10.06165602659));
#1541 = CARTESIAN_POINT('',(-1.299987820396,-10.07085147212));
#1542 = CARTESIAN_POINT('',(-1.227750554409,-10.08004635316));
#1543 = CARTESIAN_POINT('',(-1.155522589924,-10.08924078432));
#1544 = CARTESIAN_POINT('',(-1.083301124933,-10.0984358052));
#1545 = CARTESIAN_POINT('',(-1.011081166258,-10.10763212727));
#1546 = CARTESIAN_POINT('',(-0.938861636101,-10.11682934381));
#1547 = CARTESIAN_POINT('',(-0.758361725144,-10.13981671533));
#1548 = CARTESIAN_POINT('',(-0.649967159364,-10.15362164907));
#1549 = CARTESIAN_POINT('',(-0.541631151302,-10.16741734906));
#1550 = CARTESIAN_POINT('',(-0.43333124962,-10.18120247197));
#1551 = CARTESIAN_POINT('',(-0.325028958899,-10.19498060718));
#1552 = CARTESIAN_POINT('',(-0.21668709096,-10.20876039718));
#1553 = CARTESIAN_POINT('',(-0.108288117197,-10.22255135556));
#1554 = CARTESIAN_POINT('',(0.,-10.23633507796));
#1555 = ( GEOMETRIC_REPRESENTATION_CONTEXT(2) 
PARAMETRIC_REPRESENTATION_CONTEXT() REPRESENTATION_CONTEXT('2D SPACE',''
  ) );
#1556 = ORIENTED_EDGE('',*,*,#1557,.F.);
#1557 = EDGE_CURVE('',#1558,#1323,#1560,.T.);
#1558 = VERTEX_POINT('',#1559);
#1559 = CARTESIAN_POINT('',(8.636349721262,12.5,0.));
#1560 = SURFACE_CURVE('',#1561,(#1627,#1696),.PCURVE_S1.);
#1561 = B_SPLINE_CURVE_WITH_KNOTS('',8,(#1562,#1563,#1564,#1565,#1566,
    #1567,#1568,#1569,#1570,#1571,#1572,#1573,#1574,#1575,#1576,#1577,
    #1578,#1579,#1580,#1581,#1582,#1583,#1584,#1585,#1586,#1587,#1588,
    #1589,#1590,#1591,#1592,#1593,#1594,#1595,#1596,#1597,#1598,#1599,
    #1600,#1601,#1602,#1603,#1604,#1605,#1606,#1607,#1608,#1609,#1610,
    #1611,#1612,#1613,#1614,#1615,#1616,#1617,#1618,#1619,#1620,#1621,
    #1622,#1623,#1624,#1625,#1626),.UNSPECIFIED.,.F.,.F.,(9,7,7,7,7,7,7,
    7,7,9),(0.,0.150188299836,0.275277244013,0.379702642204,
    0.533084605825,0.58298311435,0.676531542689,0.809814166052,
    0.870364667339,1.),.UNSPECIFIED.);
#1562 = CARTESIAN_POINT('',(8.636349721262,12.5,-2.13162820728E-14));
#1563 = CARTESIAN_POINT('',(8.651368266398,12.5,-1.47332771775));
#1564 = CARTESIAN_POINT('',(8.666408434885,12.301535314694,
    -2.948662535543));
#1565 = CARTESIAN_POINT('',(8.681432316836,11.903671082947,
    -4.391618321817));
#1566 = CARTESIAN_POINT('',(8.696439870262,11.313694424723,
    -5.77129243701));
#1567 = CARTESIAN_POINT('',(8.711441425059,10.543090731163,
    -7.058808689833));
#1568 = CARTESIAN_POINT('',(8.726451681985,9.608496587821,
    -8.227933609811));
#1569 = CARTESIAN_POINT('',(8.741477367252,8.530664574462,
    -9.254647970291));
#1570 = CARTESIAN_POINT('',(8.768986658459,6.344464233044,
    -10.83990774552));
#1571 = CARTESIAN_POINT('',(8.78150126217,5.269246341075,-11.44950934078
    ));
#1572 = CARTESIAN_POINT('',(8.79401348071,4.127821362538,-11.93648068149
    ));
#1573 = CARTESIAN_POINT('',(8.806520863987,2.936853063111,
    -12.29285909418));
#1574 = CARTESIAN_POINT('',(8.819022650361,1.713525806072,
    -12.51322227477));
#1575 = CARTESIAN_POINT('',(8.831521164921,0.475558423182,
    -12.59479422332));
#1576 = CARTESIAN_POINT('',(8.844021210406,-0.75893833763,
    -12.53719040877));
#1577 = CARTESIAN_POINT('',(8.866947310008,-2.983261575998,
    -12.18197354156));
#1578 = CARTESIAN_POINT('',(8.877384056686,-3.980710556122,
    -11.92543661742));
#1579 = CARTESIAN_POINT('',(8.887820511662,-4.952415354567,
    -11.5755796245));
#1580 = CARTESIAN_POINT('',(8.898257888647,-5.888105821997,
    -11.13564646713));
#1581 = CARTESIAN_POINT('',(8.908699468835,-6.778269802074,
    -10.61006479323));
#1582 = CARTESIAN_POINT('',(8.919147373788,-7.614082493341,
    -10.00428620947));
#1583 = CARTESIAN_POINT('',(8.929600961531,-8.387424810354,
    -9.324806300137));
#1584 = CARTESIAN_POINT('',(8.955413849475,-10.12446695945,
    -7.484144974402));
#1585 = CARTESIAN_POINT('',(8.970790514981,-11.00844459931,
    -6.245407431691));
#1586 = CARTESIAN_POINT('',(8.986141117118,-11.71716698713,
    -4.889057620395));
#1587 = CARTESIAN_POINT('',(9.001462855775,-12.2339929573,
    -3.444379421976));
#1588 = CARTESIAN_POINT('',(9.016746323869,-12.546876052,-1.942198804893
    ));
#1589 = CARTESIAN_POINT('',(9.032045775834,-12.64989855152,
    -0.415077417766));
#1590 = CARTESIAN_POINT('',(9.047409021403,-12.54191999675,
    1.103053084425));
#1591 = CARTESIAN_POINT('',(9.06776043275,-12.13070394662,3.055469438562
    ));
#1592 = CARTESIAN_POINT('',(9.072761061447,-12.00827274951,
    3.530321847423));
#1593 = CARTESIAN_POINT('',(9.077761272576,-11.86459433866,3.99957895678
    ));
#1594 = CARTESIAN_POINT('',(9.082757430891,-11.69998304746,
    4.462084783939));
#1595 = CARTESIAN_POINT('',(9.087747726202,-11.51482324806,
    4.916722622972));
#1596 = CARTESIAN_POINT('',(9.092732173381,-11.30956935135,
    5.362415044719));
#1597 = CARTESIAN_POINT('',(9.097712612359,-11.084745807,5.798123896789)
  );
#1598 = CARTESIAN_POINT('',(9.112029262371,-10.38387962338,
    7.019116344403));
#1599 = CARTESIAN_POINT('',(9.121368268089,-9.859867257114,
    7.777194991765));
#1600 = CARTESIAN_POINT('',(9.130719394806,-9.272786798311,
    8.490217793416));
#1601 = CARTESIAN_POINT('',(9.140082341148,-8.62725344447,9.152102515182
    ));
#1602 = CARTESIAN_POINT('',(9.149452438706,-7.92846674421,9.757426607919
    ));
#1603 = CARTESIAN_POINT('',(9.158824398639,-7.182140713155,
    10.301376574116));
#1604 = CARTESIAN_POINT('',(9.168194201023,-6.394518118386,
    10.779773234126));
#1605 = CARTESIAN_POINT('',(9.190901755071,-4.401258745415,
    11.772462866817));
#1606 = CARTESIAN_POINT('',(9.204243201953,-3.159385480283,
    12.216077700809));
#1607 = CARTESIAN_POINT('',(9.217561175607,-1.867652886869,
    12.509245407929));
#1608 = CARTESIAN_POINT('',(9.230863940862,-0.547418543544,
    12.64599997568));
#1609 = CARTESIAN_POINT('',(9.244168557803,0.779737548375,
    12.623861454913));
#1610 = CARTESIAN_POINT('',(9.257487923782,2.092073958899,
    12.443393593211));
#1611 = CARTESIAN_POINT('',(9.270822412135,3.367713018643,
    12.108685156752));
#1612 = CARTESIAN_POINT('',(9.290207507969,5.137818743192,
    11.410789012166));
#1613 = CARTESIAN_POINT('',(9.296264433383,5.678916074143,
    11.162729281706));
#1614 = CARTESIAN_POINT('',(9.302322733884,6.206286981712,
    10.885367259366));
#1615 = CARTESIAN_POINT('',(9.30838236913,6.718107245274,10.579575305629
    ));
#1616 = CARTESIAN_POINT('',(9.314443109683,7.212605622116,
    10.246364126653));
#1617 = CARTESIAN_POINT('',(9.320504445169,7.688071226365,9.88689412463)
  );
#1618 = CARTESIAN_POINT('',(9.326565492422,8.142860907904,9.50248674814)
  );
#1619 = CARTESIAN_POINT('',(9.345597773773,9.501463518535,8.221449218079
    ));
#1620 = CARTESIAN_POINT('',(9.358576321517,10.32652584036,7.239902368184
    ));
#1621 = CARTESIAN_POINT('',(9.371545026683,11.034725132983,
    6.164541214162));
#1622 = CARTESIAN_POINT('',(9.384504360407,11.61404887464,5.011810353172
    ));
#1623 = CARTESIAN_POINT('',(9.39746268641,12.055318094198,3.79949556941)
  );
#1624 = CARTESIAN_POINT('',(9.410428326808,12.351877767292,
    2.546476485872));
#1625 = CARTESIAN_POINT('',(9.423401792449,12.499999999991,
    1.272789356687));
#1626 = CARTESIAN_POINT('',(9.436368177811,12.5,-3.730349362741E-14));
#1627 = PCURVE('',#261,#1628);
#1628 = DEFINITIONAL_REPRESENTATION('',(#1629),#1695);
#1629 = B_SPLINE_CURVE_WITH_KNOTS('',8,(#1630,#1631,#1632,#1633,#1634,
    #1635,#1636,#1637,#1638,#1639,#1640,#1641,#1642,#1643,#1644,#1645,
    #1646,#1647,#1648,#1649,#1650,#1651,#1652,#1653,#1654,#1655,#1656,
    #1657,#1658,#1659,#1660,#1661,#1662,#1663,#1664,#1665,#1666,#1667,
    #1668,#1669,#1670,#1671,#1672,#1673,#1674,#1675,#1676,#1677,#1678,
    #1679,#1680,#1681,#1682,#1683,#1684,#1685,#1686,#1687,#1688,#1689,
    #1690,#1691,#1692,#1693,#1694),.UNSPECIFIED.,.F.,.F.,(9,7,7,7,7,7,7,
    7,7,9),(0.,0.150188299836,0.275277244013,0.379702642204,
    0.533084605825,0.58298311435,0.676531542689,0.809814166052,
    0.870364667339,1.),.UNSPECIFIED.);
#1630 = CARTESIAN_POINT('',(4.148483543027E-02,71.256489414453));
#1631 = CARTESIAN_POINT('',(4.149784739729E-02,71.375306790859));
#1632 = CARTESIAN_POINT('',(4.151229226132E-02,71.494285427289));
#1633 = CARTESIAN_POINT('',(4.152160485618E-02,71.613170721001));
#1634 = CARTESIAN_POINT('',(4.151996247195E-02,71.73200273344));
#1635 = CARTESIAN_POINT('',(4.151158215011E-02,71.850833995281));
#1636 = CARTESIAN_POINT('',(4.150547469923E-02,71.96971838722));
#1637 = CARTESIAN_POINT('',(4.150374230421E-02,72.088694579937));
#1638 = CARTESIAN_POINT('',(4.150649705191E-02,72.306477191066));
#1639 = CARTESIAN_POINT('',(4.150998833817E-02,72.405535939423));
#1640 = CARTESIAN_POINT('',(4.151499116803E-02,72.504565317529));
#1641 = CARTESIAN_POINT('',(4.151904920071E-02,72.603562967635));
#1642 = CARTESIAN_POINT('',(4.151814847464E-02,72.702550705809));
#1643 = CARTESIAN_POINT('',(4.151096138236E-02,72.801556150708));
#1644 = CARTESIAN_POINT('',(4.150006194615E-02,72.900599470463));
#1645 = CARTESIAN_POINT('',(4.14798914299E-02,73.082254219719));
#1646 = CARTESIAN_POINT('',(4.147064508399E-02,73.164950134779));
#1647 = CARTESIAN_POINT('',(4.146343726597E-02,73.247629598267));
#1648 = CARTESIAN_POINT('',(4.146097731043E-02,73.330283423933));
#1649 = CARTESIAN_POINT('',(4.146552127492E-02,73.412921939118));
#1650 = CARTESIAN_POINT('',(4.14770380313E-02,73.495562156973));
#1651 = CARTESIAN_POINT('',(4.14924719218E-02,73.578220192901));
#1652 = CARTESIAN_POINT('',(4.153075225664E-02,73.782325268006));
#1653 = CARTESIAN_POINT('',(4.155386463457E-02,73.903907949969));
#1654 = CARTESIAN_POINT('',(4.156368495206E-02,74.025376489733));
#1655 = CARTESIAN_POINT('',(4.154842792879E-02,74.146790477007));
#1656 = CARTESIAN_POINT('',(4.148864864328E-02,74.268210329433));
#1657 = CARTESIAN_POINT('',(4.143722974021E-02,74.38969873637));
#1658 = CARTESIAN_POINT('',(4.144295122636E-02,74.511295821723));
#1659 = CARTESIAN_POINT('',(4.147497208511E-02,74.672203696364));
#1660 = CARTESIAN_POINT('',(4.148724563521E-02,74.711710465872));
#1661 = CARTESIAN_POINT('',(4.149838594603E-02,74.751221789836));
#1662 = CARTESIAN_POINT('',(4.150480101858E-02,74.790733805584));
#1663 = CARTESIAN_POINT('',(4.150485360207E-02,74.830243539689));
#1664 = CARTESIAN_POINT('',(4.149886119386E-02,74.869748907966));
#1665 = CARTESIAN_POINT('',(4.148909603953E-02,74.909248715478));
#1666 = CARTESIAN_POINT('',(4.146232928663E-02,75.022784871893));
#1667 = CARTESIAN_POINT('',(4.144526439389E-02,75.096843787475));
#1668 = CARTESIAN_POINT('',(4.144330948198E-02,75.170893847575));
#1669 = CARTESIAN_POINT('',(4.145662139312E-02,75.244931576929));
#1670 = CARTESIAN_POINT('',(4.147859345787E-02,75.318965846198));
#1671 = CARTESIAN_POINT('',(4.150148710156E-02,75.393008466604));
#1672 = CARTESIAN_POINT('',(4.151989638338E-02,75.467065113737));
#1673 = CARTESIAN_POINT('',(4.154935481207E-02,75.64664525953));
#1674 = CARTESIAN_POINT('',(4.155387180235E-02,75.752243329914));
#1675 = CARTESIAN_POINT('',(4.153858829158E-02,75.857792915795));
#1676 = CARTESIAN_POINT('',(4.15104071721E-02,75.963311566011));
#1677 = CARTESIAN_POINT('',(4.148386782592E-02,76.068833487633));
#1678 = CARTESIAN_POINT('',(4.14689592127E-02,76.174391497279));
#1679 = CARTESIAN_POINT('',(4.146438694929E-02,76.279997530313));
#1680 = CARTESIAN_POINT('',(4.146914802011E-02,76.433443820371));
#1681 = CARTESIAN_POINT('',(4.147223723111E-02,76.481377416267));
#1682 = CARTESIAN_POINT('',(4.147663200197E-02,76.529312842206));
#1683 = CARTESIAN_POINT('',(4.148190275467E-02,76.577252758885));
#1684 = CARTESIAN_POINT('',(4.1487560194E-02,76.625198744156));
#1685 = CARTESIAN_POINT('',(4.149312880298E-02,76.67315005598));
#1686 = CARTESIAN_POINT('',(4.149822033824E-02,76.721102395365));
#1687 = CARTESIAN_POINT('',(4.151199962649E-02,76.871692754328));
#1688 = CARTESIAN_POINT('',(4.151830125985E-02,76.974405229743));
#1689 = CARTESIAN_POINT('',(4.151837433333E-02,77.077082993338));
#1690 = CARTESIAN_POINT('',(4.151361334764E-02,77.179720092263));
#1691 = CARTESIAN_POINT('',(4.150755858595E-02,77.282358181649));
#1692 = CARTESIAN_POINT('',(4.150375150265E-02,77.385038590504));
#1693 = CARTESIAN_POINT('',(4.15038321114E-02,77.487753994875));
#1694 = CARTESIAN_POINT('',(4.150587837238E-02,77.590399698289));
#1695 = ( GEOMETRIC_REPRESENTATION_CONTEXT(2) 
PARAMETRIC_REPRESENTATION_CONTEXT() REPRESENTATION_CONTEXT('2D SPACE',''
  ) );
#1696 = PCURVE('',#1697,#1702);
#1697 = CYLINDRICAL_SURFACE('',#1698,12.5);
#1698 = AXIS2_PLACEMENT_3D('',#1699,#1700,#1701);
#1699 = CARTESIAN_POINT('',(0.,0.,0.));
#1700 = DIRECTION('',(-1.,-0.,-0.));
#1701 = DIRECTION('',(0.,1.,0.));
#1702 = DEFINITIONAL_REPRESENTATION('',(#1703),#1769);
#1703 = B_SPLINE_CURVE_WITH_KNOTS('',8,(#1704,#1705,#1706,#1707,#1708,
    #1709,#1710,#1711,#1712,#1713,#1714,#1715,#1716,#1717,#1718,#1719,
    #1720,#1721,#1722,#1723,#1724,#1725,#1726,#1727,#1728,#1729,#1730,
    #1731,#1732,#1733,#1734,#1735,#1736,#1737,#1738,#1739,#1740,#1741,
    #1742,#1743,#1744,#1745,#1746,#1747,#1748,#1749,#1750,#1751,#1752,
    #1753,#1754,#1755,#1756,#1757,#1758,#1759,#1760,#1761,#1762,#1763,
    #1764,#1765,#1766,#1767,#1768),.UNSPECIFIED.,.F.,.F.,(9,7,7,7,7,7,7,
    7,7,9),(0.,0.150188299836,0.275277244013,0.379702642204,
    0.533084605825,0.58298311435,0.676531542689,0.809814166052,
    0.870364667339,1.),.UNSPECIFIED.);
#1704 = CARTESIAN_POINT('',(-6.28318530718,-8.636349721262));
#1705 = CARTESIAN_POINT('',(-6.16531908976,-8.651368266398));
#1706 = CARTESIAN_POINT('',(-6.047292682775,-8.666408434885));
#1707 = CARTESIAN_POINT('',(-5.929358784652,-8.681432316835));
#1708 = CARTESIAN_POINT('',(-5.811477966633,-8.696439870262));
#1709 = CARTESIAN_POINT('',(-5.693598490884,-8.711441425058));
#1710 = CARTESIAN_POINT('',(-5.575666765153,-8.726451681985));
#1711 = CARTESIAN_POINT('',(-5.45764412381,-8.741477367252));
#1712 = CARTESIAN_POINT('',(-5.241606786477,-8.768986658459));
#1713 = CARTESIAN_POINT('',(-5.143341812026,-8.78150126217));
#1714 = CARTESIAN_POINT('',(-5.045105763973,-8.794013480711));
#1715 = CARTESIAN_POINT('',(-4.946900865618,-8.806520863987));
#1716 = CARTESIAN_POINT('',(-4.848705480162,-8.819022650361));
#1717 = CARTESIAN_POINT('',(-4.750492389639,-8.831521164921));
#1718 = CARTESIAN_POINT('',(-4.652241757977,-8.844021210406));
#1719 = CARTESIAN_POINT('',(-4.472041107297,-8.866947310008));
#1720 = CARTESIAN_POINT('',(-4.390007240611,-8.877384056686));
#1721 = CARTESIAN_POINT('',(-4.307989837634,-8.887820511662));
#1722 = CARTESIAN_POINT('',(-4.225998036767,-8.898257888647));
#1723 = CARTESIAN_POINT('',(-4.144021539526,-8.908699468835));
#1724 = CARTESIAN_POINT('',(-4.062043367608,-8.919147373788));
#1725 = CARTESIAN_POINT('',(-3.980047450953,-8.929600961531));
#1726 = CARTESIAN_POINT('',(-3.777577114656,-8.955413849475));
#1727 = CARTESIAN_POINT('',(-3.656968040381,-8.970790514981));
#1728 = CARTESIAN_POINT('',(-3.536471930485,-8.986141117118));
#1729 = CARTESIAN_POINT('',(-3.416029971426,-9.001462855775));
#1730 = CARTESIAN_POINT('',(-3.295582705544,-9.016746323869));
#1731 = CARTESIAN_POINT('',(-3.175069295045,-9.032045775834));
#1732 = CARTESIAN_POINT('',(-3.054446396687,-9.047409021403));
#1733 = CARTESIAN_POINT('',(-2.89482628247,-9.06776043275));
#1734 = CARTESIAN_POINT('',(-2.855635591963,-9.072761061447));
#1735 = CARTESIAN_POINT('',(-2.816440368083,-9.077761272576));
#1736 = CARTESIAN_POINT('',(-2.777244491606,-9.082757430891));
#1737 = CARTESIAN_POINT('',(-2.738050928272,-9.087747726202));
#1738 = CARTESIAN_POINT('',(-2.698861728786,-9.092732173381));
#1739 = CARTESIAN_POINT('',(-2.659678028819,-9.097712612359));
#1740 = CARTESIAN_POINT('',(-2.547050189575,-9.112029262371));
#1741 = CARTESIAN_POINT('',(-2.473583981857,-9.121368268089));
#1742 = CARTESIAN_POINT('',(-2.400127217919,-9.130719394806));
#1743 = CARTESIAN_POINT('',(-2.326683038124,-9.140082341148));
#1744 = CARTESIAN_POINT('',(-2.25324224254,-9.149452438706));
#1745 = CARTESIAN_POINT('',(-2.179792950121,-9.158824398639));
#1746 = CARTESIAN_POINT('',(-2.106329605678,-9.168194201023));
#1747 = CARTESIAN_POINT('',(-1.928187808048,-9.190901755071));
#1748 = CARTESIAN_POINT('',(-1.823435257986,-9.204243201953));
#1749 = CARTESIAN_POINT('',(-1.718730651939,-9.217561175607));
#1750 = CARTESIAN_POINT('',(-1.614056999972,-9.230863940862));
#1751 = CARTESIAN_POINT('',(-1.509380417221,-9.244168557803));
#1752 = CARTESIAN_POINT('',(-1.404668107335,-9.257487923782));
#1753 = CARTESIAN_POINT('',(-1.299908031225,-9.270822412135));
#1754 = CARTESIAN_POINT('',(-1.14769064342,-9.290207507969));
#1755 = CARTESIAN_POINT('',(-1.100140892838,-9.296264433383));
#1756 = CARTESIAN_POINT('',(-1.05258927971,-9.302322733884));
#1757 = CARTESIAN_POINT('',(-1.005033164081,-9.30838236913));
#1758 = CARTESIAN_POINT('',(-0.957470986108,-9.314443109683));
#1759 = CARTESIAN_POINT('',(-0.909903492094,-9.320504445169));
#1760 = CARTESIAN_POINT('',(-0.86233496051,-9.326565492422));
#1761 = CARTESIAN_POINT('',(-0.712949912647,-9.345597773773));
#1762 = CARTESIAN_POINT('',(-0.61105952843,-9.358576321517));
#1763 = CARTESIAN_POINT('',(-0.509203718683,-9.371545026683));
#1764 = CARTESIAN_POINT('',(-0.407388570568,-9.384504360407));
#1765 = CARTESIAN_POINT('',(-0.30557281385,-9.39746268641));
#1766 = CARTESIAN_POINT('',(-0.203715326695,-9.410428326808));
#1767 = CARTESIAN_POINT('',(-0.101823148535,-9.423401792449));
#1768 = CARTESIAN_POINT('',(0.,-9.436368177811));
#1769 = ( GEOMETRIC_REPRESENTATION_CONTEXT(2) 
PARAMETRIC_REPRESENTATION_CONTEXT() REPRESENTATION_CONTEXT('2D SPACE',''
  ) );
#1770 = ORIENTED_EDGE('',*,*,#1771,.F.);
#1771 = EDGE_CURVE('',#1772,#1558,#1774,.T.);
#1772 = VERTEX_POINT('',#1773);
#1773 = CARTESIAN_POINT('',(7.836398808657,12.5,0.));
#1774 = SURFACE_CURVE('',#1775,(#1841,#1910),.PCURVE_S1.);
#1775 = B_SPLINE_CURVE_WITH_KNOTS('',8,(#1776,#1777,#1778,#1779,#1780,
    #1781,#1782,#1783,#1784,#1785,#1786,#1787,#1788,#1789,#1790,#1791,
    #1792,#1793,#1794,#1795,#1796,#1797,#1798,#1799,#1800,#1801,#1802,
    #1803,#1804,#1805,#1806,#1807,#1808,#1809,#1810,#1811,#1812,#1813,
    #1814,#1815,#1816,#1817,#1818,#1819,#1820,#1821,#1822,#1823,#1824,
    #1825,#1826,#1827,#1828,#1829,#1830,#1831,#1832,#1833,#1834,#1835,
    #1836,#1837,#1838,#1839,#1840),.UNSPECIFIED.,.F.,.F.,(9,7,7,7,7,7,7,
    7,7,9),(0.,0.135886117941,0.224048560155,0.310811996168,
    0.465639542999,0.541743155107,0.631758255,0.729411547257,
    0.864239793931,1.),.UNSPECIFIED.);
#1776 = CARTESIAN_POINT('',(7.836398808657,12.5,1.42108547152E-14));
#1777 = CARTESIAN_POINT('',(7.84999142452,12.5,-1.333650728801));
#1778 = CARTESIAN_POINT('',(7.863582123077,12.337382619955,
    -2.668445936909));
#1779 = CARTESIAN_POINT('',(7.877151300824,12.011662610514,
    -3.979468382873));
#1780 = CARTESIAN_POINT('',(7.890710723127,11.527500444911,
    -5.243762639064));
#1781 = CARTESIAN_POINT('',(7.904279932519,10.89260699025,
    -6.439619970402));
#1782 = CARTESIAN_POINT('',(7.917865263589,10.118219758333,
    -7.546817180331));
#1783 = CARTESIAN_POINT('',(7.931465722952,9.218692430184,
    -8.546571769167));
#1784 = CARTESIAN_POINT('',(7.953872722991,7.561306487813,
    -9.991253448921));
#1785 = CARTESIAN_POINT('',(7.962693997935,6.86392712007,-10.50830271597
    ));
#1786 = CARTESIAN_POINT('',(7.971516894258,6.126332830515,
    -10.96959834135));
#1787 = CARTESIAN_POINT('',(7.980339472031,5.353796917845,
    -11.37146844406));
#1788 = CARTESIAN_POINT('',(7.989160417067,4.551877973619,
    -11.71089422556));
#1789 = CARTESIAN_POINT('',(7.997979040924,3.726419882253,
    -11.98550996981));
#1790 = CARTESIAN_POINT('',(8.006795280906,2.883551821027,
    -12.19360304321));
#1791 = CARTESIAN_POINT('',(8.024284247557,1.189374237768,
    -12.47239504891));
#1792 = CARTESIAN_POINT('',(8.03295662242,0.33824916501,-12.54526545415)
  );
#1793 = CARTESIAN_POINT('',(8.04162858702,-0.517641618627,
    -12.55171932586));
#1794 = CARTESIAN_POINT('',(8.050301257112,-1.372282419916,
    -12.49141848023));
#1795 = CARTESIAN_POINT('',(8.058975101833,-2.219687191975,
    -12.36469233412));
#1796 = CARTESIAN_POINT('',(8.067649943707,-3.053899534265,
    -12.17253790509));
#1797 = CARTESIAN_POINT('',(8.076324958641,-3.868992692593,
    -11.91661981141));
#1798 = CARTESIAN_POINT('',(8.100476744007,-6.068945293323,
    -11.03296662003));
#1799 = CARTESIAN_POINT('',(8.115982184681,-7.402402327492,
    -10.2699091388));
#1800 = CARTESIAN_POINT('',(8.131475092187,-8.623750330458,
    -9.323175882351));
#1801 = CARTESIAN_POINT('',(8.146956346442,-9.7046465948,-8.213156412604
    ));
#1802 = CARTESIAN_POINT('',(8.162425663053,-10.62065672352,
    -6.963614293034));
#1803 = CARTESIAN_POINT('',(8.177895485317,-11.35241956528,
    -5.602604314887));
#1804 = CARTESIAN_POINT('',(8.193382694911,-11.88454705421,
    -4.161316368477));
#1805 = CARTESIAN_POINT('',(8.216460258676,-12.36993673564,
    -1.94744566665));
#1806 = CARTESIAN_POINT('',(8.224066867128,-12.48006973551,
    -1.206948179617));
#1807 = CARTESIAN_POINT('',(8.231675895357,-12.53951005578,
    -0.459565993175));
#1808 = CARTESIAN_POINT('',(8.239287837597,-12.54777639838,
    0.290671626117));
#1809 = CARTESIAN_POINT('',(8.246902635002,-12.50477115436,
    1.039735458963));
#1810 = CARTESIAN_POINT('',(8.254519675641,-12.41078040398,
    1.783596333328));
#1811 = CARTESIAN_POINT('',(8.262137794505,-12.26647391664,
    2.518225124442));
#1812 = CARTESIAN_POINT('',(8.278765202382,-11.84395265706,
    4.092823994525));
#1813 = CARTESIAN_POINT('',(8.287776371867,-11.54597831112,
    4.927777863842));
#1814 = CARTESIAN_POINT('',(8.296783901408,-11.18085666557,
    5.737677647673));
#1815 = CARTESIAN_POINT('',(8.305784825733,-10.75109712688,
    6.516170400236));
#1816 = CARTESIAN_POINT('',(8.314778094839,-10.25984395555,
    7.257326945041));
#1817 = CARTESIAN_POINT('',(8.323764574002,-9.710876266104,
    7.955641874887));
#1818 = CARTESIAN_POINT('',(8.332747043768,-9.108608027065,
    8.606033551864));
#1819 = CARTESIAN_POINT('',(8.35147561798,-7.752368504597,9.852381618936
    ));
#1820 = CARTESIAN_POINT('',(8.361219222544,-6.989668751416,
    10.439169073386));
#1821 = CARTESIAN_POINT('',(8.370973853591,-6.176541526315,
    10.958252712862));
#1822 = CARTESIAN_POINT('',(8.380743833996,-5.320028392491,
    11.404592658881));
#1823 = CARTESIAN_POINT('',(8.390526224997,-4.427648725576,
    11.774084520939));
#1824 = CARTESIAN_POINT('',(8.40031208162,-3.50738868774,12.063581005136
    ));
#1825 = CARTESIAN_POINT('',(8.410087708104,-2.567690201789,
    12.270913522807));
#1826 = CARTESIAN_POINT('',(8.433295095182,-0.30544546278,
    12.566118880495));
#1827 = CARTESIAN_POINT('',(8.446749368013,1.028606652836,
    12.578786515438));
#1828 = CARTESIAN_POINT('',(8.460233458433,2.360494670419,
    12.429178520397));
#1829 = CARTESIAN_POINT('',(8.47375441096,3.667235154744,12.11886475616)
  );
#1830 = CARTESIAN_POINT('',(8.487271919778,4.926777883808,
    11.652602753403));
#1831 = CARTESIAN_POINT('',(8.500780351542,6.11817483417,11.038673116415
    ));
#1832 = CARTESIAN_POINT('',(8.51427847896,7.22149411986,10.288410651322)
  );
#1833 = CARTESIAN_POINT('',(8.541320230956,9.222644043583,8.542160336819
    ));
#1834 = CARTESIAN_POINT('',(8.554890353615,10.120995249069,7.54277067359
    ));
#1835 = CARTESIAN_POINT('',(8.568447964845,10.894403126757,6.43613973452
    ));
#1836 = CARTESIAN_POINT('',(8.582006286078,11.528552943226,
    5.240950205749));
#1837 = CARTESIAN_POINT('',(8.595578360159,12.012203325497,
    3.977317454448));
#1838 = CARTESIAN_POINT('',(8.609164969644,12.337591710288,
    2.666938759731));
#1839 = CARTESIAN_POINT('',(8.622763750265,12.5,1.332791389511));
#1840 = CARTESIAN_POINT('',(8.636349721262,12.5,-2.13162820728E-14));
#1841 = PCURVE('',#261,#1842);
#1842 = DEFINITIONAL_REPRESENTATION('',(#1843),#1909);
#1843 = B_SPLINE_CURVE_WITH_KNOTS('',8,(#1844,#1845,#1846,#1847,#1848,
    #1849,#1850,#1851,#1852,#1853,#1854,#1855,#1856,#1857,#1858,#1859,
    #1860,#1861,#1862,#1863,#1864,#1865,#1866,#1867,#1868,#1869,#1870,
    #1871,#1872,#1873,#1874,#1875,#1876,#1877,#1878,#1879,#1880,#1881,
    #1882,#1883,#1884,#1885,#1886,#1887,#1888,#1889,#1890,#1891,#1892,
    #1893,#1894,#1895,#1896,#1897,#1898,#1899,#1900,#1901,#1902,#1903,
    #1904,#1905,#1906,#1907,#1908),.UNSPECIFIED.,.F.,.F.,(9,7,7,7,7,7,7,
    7,7,9),(0.,0.135886117941,0.224048560155,0.310811996168,
    0.465639542999,0.541743155107,0.631758255,0.729411547257,
    0.864239793931,1.),.UNSPECIFIED.);
#1844 = CARTESIAN_POINT('',(4.15408724464E-02,64.922579178254));
#1845 = CARTESIAN_POINT('',(4.15501898063E-02,65.030132549535));
#1846 = CARTESIAN_POINT('',(4.154406861584E-02,65.137777842364));
#1847 = CARTESIAN_POINT('',(4.152063899105E-02,65.24537282073));
#1848 = CARTESIAN_POINT('',(4.149007473999E-02,65.352940057086));
#1849 = CARTESIAN_POINT('',(4.146941110874E-02,65.460516098187));
#1850 = CARTESIAN_POINT('',(4.146163474158E-02,65.568130378098));
#1851 = CARTESIAN_POINT('',(4.146421140528E-02,65.675792612478));
#1852 = CARTESIAN_POINT('',(4.147771027439E-02,65.853103872951));
#1853 = CARTESIAN_POINT('',(4.148566572607E-02,65.922890137201));
#1854 = CARTESIAN_POINT('',(4.149436963722E-02,65.992684046264));
#1855 = CARTESIAN_POINT('',(4.150238595684E-02,66.062480203276));
#1856 = CARTESIAN_POINT('',(4.150873781031E-02,66.132274980184));
#1857 = CARTESIAN_POINT('',(4.151290749938E-02,66.202066517743));
#1858 = CARTESIAN_POINT('',(4.151483650219E-02,66.271854725522));
#1859 = CARTESIAN_POINT('',(4.15150130324E-02,66.410320429917));
#1860 = CARTESIAN_POINT('',(4.151316533598E-02,66.478995801762));
#1861 = CARTESIAN_POINT('',(4.151044271004E-02,66.547673994961));
#1862 = CARTESIAN_POINT('',(4.150768912718E-02,66.61635798846));
#1863 = CARTESIAN_POINT('',(4.150553220652E-02,66.685047142627));
#1864 = CARTESIAN_POINT('',(4.150438321373E-02,66.753737199252));
#1865 = CARTESIAN_POINT('',(4.150443706096E-02,66.822420281544));
#1866 = CARTESIAN_POINT('',(4.150787657768E-02,67.013615467031));
#1867 = CARTESIAN_POINT('',(4.151324688734E-02,67.136340795602));
#1868 = CARTESIAN_POINT('',(4.15197216361E-02,67.258959232686));
#1869 = CARTESIAN_POINT('',(4.152181008064E-02,67.381515836259));
#1870 = CARTESIAN_POINT('',(4.151041076018E-02,67.504071494602));
#1871 = CARTESIAN_POINT('',(4.149124745389E-02,67.626685018062));
#1872 = CARTESIAN_POINT('',(4.147560685952E-02,67.749411765362));
#1873 = CARTESIAN_POINT('',(4.146605706294E-02,67.932192035115));
#1874 = CARTESIAN_POINT('',(4.146510614336E-02,67.99242310009));
#1875 = CARTESIAN_POINT('',(4.146717963068E-02,68.052652341909));
#1876 = CARTESIAN_POINT('',(4.147257731791E-02,68.112881593829));
#1877 = CARTESIAN_POINT('',(4.148107061033E-02,68.173111975765));
#1878 = CARTESIAN_POINT('',(4.149190252547E-02,68.233343894297));
#1879 = CARTESIAN_POINT('',(4.150378769315E-02,68.293577042663));
#1880 = CARTESIAN_POINT('',(4.15280705691E-02,68.425054216873));
#1881 = CARTESIAN_POINT('',(4.15411472962E-02,68.496308420488));
#1882 = CARTESIAN_POINT('',(4.154966844257E-02,68.567565408919));
#1883 = CARTESIAN_POINT('',(4.155096174268E-02,68.638820243519));
#1884 = CARTESIAN_POINT('',(4.154415675964E-02,68.710070649683));
#1885 = CARTESIAN_POINT('',(4.153018488521E-02,68.781317016849));
#1886 = CARTESIAN_POINT('',(4.151177933979E-02,68.8525623985));
#1887 = CARTESIAN_POINT('',(4.147361781284E-02,69.001108523393));
#1888 = CARTESIAN_POINT('',(4.144953808767E-02,69.07841946703));
#1889 = CARTESIAN_POINT('',(4.14393162196E-02,69.155721579351));
#1890 = CARTESIAN_POINT('',(4.144794905751E-02,69.233014419253));
#1891 = CARTESIAN_POINT('',(4.147057497305E-02,69.310308440529));
#1892 = CARTESIAN_POINT('',(4.149569875724E-02,69.387612564146));
#1893 = CARTESIAN_POINT('',(4.15084165171E-02,69.464921750521));
#1894 = CARTESIAN_POINT('',(4.147323967545E-02,69.648907654219));
#1895 = CARTESIAN_POINT('',(4.143155490729E-02,69.755719533352));
#1896 = CARTESIAN_POINT('',(4.142980278931E-02,69.862490464843));
#1897 = CARTESIAN_POINT('',(4.147480614751E-02,69.969228887749));
#1898 = CARTESIAN_POINT('',(4.151599320325E-02,70.075966518656));
#1899 = CARTESIAN_POINT('',(4.154208107364E-02,70.182737029659));
#1900 = CARTESIAN_POINT('',(4.154880596078E-02,70.289560283887));
#1901 = CARTESIAN_POINT('',(4.153585239952E-02,70.503750179124));
#1902 = CARTESIAN_POINT('',(4.151589975442E-02,70.611328517908));
#1903 = CARTESIAN_POINT('',(4.148792815524E-02,70.718863429183));
#1904 = CARTESIAN_POINT('',(4.146527413399E-02,70.826367072527));
#1905 = CARTESIAN_POINT('',(4.145801418564E-02,70.933872809162));
#1906 = CARTESIAN_POINT('',(4.146243875706E-02,71.041412569205));
#1907 = CARTESIAN_POINT('',(4.14730646359E-02,71.14900567252));
#1908 = CARTESIAN_POINT('',(4.148483543027E-02,71.256489414453));
#1909 = ( GEOMETRIC_REPRESENTATION_CONTEXT(2) 
PARAMETRIC_REPRESENTATION_CONTEXT() REPRESENTATION_CONTEXT('2D SPACE',''
  ) );
#1910 = PCURVE('',#1911,#1916);
#1911 = CYLINDRICAL_SURFACE('',#1912,12.5);
#1912 = AXIS2_PLACEMENT_3D('',#1913,#1914,#1915);
#1913 = CARTESIAN_POINT('',(0.,0.,0.));
#1914 = DIRECTION('',(-1.,-0.,-0.));
#1915 = DIRECTION('',(0.,1.,0.));
#1916 = DEFINITIONAL_REPRESENTATION('',(#1917),#1983);
#1917 = B_SPLINE_CURVE_WITH_KNOTS('',8,(#1918,#1919,#1920,#1921,#1922,
    #1923,#1924,#1925,#1926,#1927,#1928,#1929,#1930,#1931,#1932,#1933,
    #1934,#1935,#1936,#1937,#1938,#1939,#1940,#1941,#1942,#1943,#1944,
    #1945,#1946,#1947,#1948,#1949,#1950,#1951,#1952,#1953,#1954,#1955,
    #1956,#1957,#1958,#1959,#1960,#1961,#1962,#1963,#1964,#1965,#1966,
    #1967,#1968,#1969,#1970,#1971,#1972,#1973,#1974,#1975,#1976,#1977,
    #1978,#1979,#1980,#1981,#1982),.UNSPECIFIED.,.F.,.F.,(9,7,7,7,7,7,7,
    7,7,9),(0.,0.135886117941,0.224048560155,0.310811996168,
    0.465639542999,0.541743155107,0.631758255,0.729411547257,
    0.864239793931,1.),.UNSPECIFIED.);
#1918 = CARTESIAN_POINT('',(-6.28318530718,-7.836398808657));
#1919 = CARTESIAN_POINT('',(-6.176493248876,-7.84999142452));
#1920 = CARTESIAN_POINT('',(-6.069709813305,-7.863582123077));
#1921 = CARTESIAN_POINT('',(-5.962976301102,-7.877151300824));
#1922 = CARTESIAN_POINT('',(-5.856270660473,-7.890710723127));
#1923 = CARTESIAN_POINT('',(-5.749556534603,-7.904279932519));
#1924 = CARTESIAN_POINT('',(-5.64280439379,-7.917865263589));
#1925 = CARTESIAN_POINT('',(-5.536004465031,-7.931465722952));
#1926 = CARTESIAN_POINT('',(-5.360112983618,-7.953872722991));
#1927 = CARTESIAN_POINT('',(-5.290885408459,-7.962693997935));
#1928 = CARTESIAN_POINT('',(-5.221650165628,-7.971516894258));
#1929 = CARTESIAN_POINT('',(-5.15241263893,-7.980339472031));
#1930 = CARTESIAN_POINT('',(-5.08317646341,-7.989160417067));
#1931 = CARTESIAN_POINT('',(-5.01394352536,-7.997979040924));
#1932 = CARTESIAN_POINT('',(-4.94471396231,-8.006795280906));
#1933 = CARTESIAN_POINT('',(-4.807356905474,-8.024284247557));
#1934 = CARTESIAN_POINT('',(-4.739231507474,-8.03295662242));
#1935 = CARTESIAN_POINT('',(-4.671103436039,-8.04162858702));
#1936 = CARTESIAN_POINT('',(-4.602969731712,-8.050301257112));
#1937 = CARTESIAN_POINT('',(-4.534831008582,-8.058975101833));
#1938 = CARTESIAN_POINT('',(-4.466691454275,-8.067649943707));
#1939 = CARTESIAN_POINT('',(-4.398558829962,-8.076324958641));
#1940 = CARTESIAN_POINT('',(-4.208895812449,-8.100476744007));
#1941 = CARTESIAN_POINT('',(-4.087153812267,-8.115982184681));
#1942 = CARTESIAN_POINT('',(-3.965517444218,-8.131475092187));
#1943 = CARTESIAN_POINT('',(-3.843941832363,-8.146956346442));
#1944 = CARTESIAN_POINT('',(-3.722366789359,-8.162425663053));
#1945 = CARTESIAN_POINT('',(-3.600734541329,-8.177895485317));
#1946 = CARTESIAN_POINT('',(-3.478990320806,-8.193382694911));
#1947 = CARTESIAN_POINT('',(-3.297673773259,-8.216460258676));
#1948 = CARTESIAN_POINT('',(-3.237925121343,-8.224066867128));
#1949 = CARTESIAN_POINT('',(-3.178178329493,-8.231675895357));
#1950 = CARTESIAN_POINT('',(-3.118431554986,-8.239287837597));
#1951 = CARTESIAN_POINT('',(-3.058683663896,-8.246902635002));
#1952 = CARTESIAN_POINT('',(-2.998934231085,-8.254519675641));
#1953 = CARTESIAN_POINT('',(-2.939183540211,-8.262137794505));
#1954 = CARTESIAN_POINT('',(-2.80875935064,-8.278765202382));
#1955 = CARTESIAN_POINT('',(-2.738075708212,-8.287776371867));
#1956 = CARTESIAN_POINT('',(-2.667389263524,-8.296783901408));
#1957 = CARTESIAN_POINT('',(-2.596704971949,-8.305784825733));
#1958 = CARTESIAN_POINT('',(-2.526025137155,-8.314778094839));
#1959 = CARTESIAN_POINT('',(-2.455349411098,-8.323764574002));
#1960 = CARTESIAN_POINT('',(-2.384674794028,-8.332747043768));
#1961 = CARTESIAN_POINT('',(-2.237319025433,-8.35147561798));
#1962 = CARTESIAN_POINT('',(-2.16062808852,-8.361219222544));
#1963 = CARTESIAN_POINT('',(-2.083945428909,-8.370973853591));
#1964 = CARTESIAN_POINT('',(-2.007271338694,-8.380743833996));
#1965 = CARTESIAN_POINT('',(-1.930595757476,-8.390526224997));
#1966 = CARTESIAN_POINT('',(-1.853910232942,-8.40031208162));
#1967 = CARTESIAN_POINT('',(-1.77721988144,-8.410087708104));
#1968 = CARTESIAN_POINT('',(-1.594705926469,-8.433295095182));
#1969 = CARTESIAN_POINT('',(-1.488747982827,-8.446749368013));
#1970 = CARTESIAN_POINT('',(-1.382833362325,-8.460233458433));
#1971 = CARTESIAN_POINT('',(-1.27695097651,-8.47375441096));
#1972 = CARTESIAN_POINT('',(-1.17106870109,-8.487271919778));
#1973 = CARTESIAN_POINT('',(-1.065153326319,-8.500780351542));
#1974 = CARTESIAN_POINT('',(-0.959185435392,-8.51427847896));
#1975 = CARTESIAN_POINT('',(-0.746710628557,-8.541320230956));
#1976 = CARTESIAN_POINT('',(-0.639993709633,-8.554890353615));
#1977 = CARTESIAN_POINT('',(-0.533320071402,-8.568447964845));
#1978 = CARTESIAN_POINT('',(-0.426677756882,-8.582006286078));
#1979 = CARTESIAN_POINT('',(-0.32003334978,-8.595578360158));
#1980 = CARTESIAN_POINT('',(-0.213354927637,-8.609164969644));
#1981 = CARTESIAN_POINT('',(-0.106623311161,-8.622763750265));
#1982 = CARTESIAN_POINT('',(0.,-8.636349721262));
#1983 = ( GEOMETRIC_REPRESENTATION_CONTEXT(2) 
PARAMETRIC_REPRESENTATION_CONTEXT() REPRESENTATION_CONTEXT('2D SPACE',''
  ) );
#1984 = ORIENTED_EDGE('',*,*,#1985,.F.);
#1985 = EDGE_CURVE('',#1986,#1772,#1988,.T.);
#1986 = VERTEX_POINT('',#1987);
#1987 = CARTESIAN_POINT('',(7.036332399931,12.5,0.));
#1988 = SURFACE_CURVE('',#1989,(#2055,#2124),.PCURVE_S1.);
#1989 = B_SPLINE_CURVE_WITH_KNOTS('',8,(#1990,#1991,#1992,#1993,#1994,
    #1995,#1996,#1997,#1998,#1999,#2000,#2001,#2002,#2003,#2004,#2005,
    #2006,#2007,#2008,#2009,#2010,#2011,#2012,#2013,#2014,#2015,#2016,
    #2017,#2018,#2019,#2020,#2021,#2022,#2023,#2024,#2025,#2026,#2027,
    #2028,#2029,#2030,#2031,#2032,#2033,#2034,#2035,#2036,#2037,#2038,
    #2039,#2040,#2041,#2042,#2043,#2044,#2045,#2046,#2047,#2048,#2049,
    #2050,#2051,#2052,#2053,#2054),.UNSPECIFIED.,.F.,.F.,(9,7,7,7,7,7,7,
    7,7,9),(0.,4.506332793437E-02,0.159187849746,0.294216159424,
    0.393732598597,0.541537797404,0.656415042726,0.7479394112,
    0.866209352607,1.),.UNSPECIFIED.);
#1990 = CARTESIAN_POINT('',(7.036332399931,12.5,-1.7763568394E-15));
#1991 = CARTESIAN_POINT('',(7.040842670461,12.5,-0.442227454381));
#1992 = CARTESIAN_POINT('',(7.045356671542,12.482122714739,
    -0.884523246445));
#1993 = CARTESIAN_POINT('',(7.049871258598,12.446353169283,
    -1.326026532352));
#1994 = CARTESIAN_POINT('',(7.054384049274,12.392732186784,
    -1.765874754489));
#1995 = CARTESIAN_POINT('',(7.058893423435,12.321356388479,
    -2.203203641474));
#1996 = CARTESIAN_POINT('',(7.063398523166,12.232378193689,
    -2.637147208152));
#1997 = CARTESIAN_POINT('',(7.067899252772,12.12600581982,
    -3.066837755596));
#1998 = CARTESIAN_POINT('',(7.083785161177,11.689728601141,
    -4.566640111018));
#1999 = CARTESIAN_POINT('',(7.095172356497,11.266671023298,
    -5.610524696923));
#2000 = CARTESIAN_POINT('',(7.106581288595,10.737177652843,
    -6.608991445274));
#2001 = CARTESIAN_POINT('',(7.118010070675,10.107184621154,
    -7.549424210078));
#2002 = CARTESIAN_POINT('',(7.129447739468,9.384191880402,
    -8.420361131267));
#2003 = CARTESIAN_POINT('',(7.140883976333,8.577055866309,
    -9.211407555758));
#2004 = CARTESIAN_POINT('',(7.152312315274,7.696100030227,
    -9.913359631192));
#2005 = CARTESIAN_POINT('',(7.177232118491,5.638341633854,
    -11.23456601484));
#2006 = CARTESIAN_POINT('',(7.190734830941,4.435480349287,
    -11.81603430679));
#2007 = CARTESIAN_POINT('',(7.204216793801,3.16525353884,-12.24943637512
    ));
#2008 = CARTESIAN_POINT('',(7.21769156453,1.849053384418,-12.52626129749
    ));
#2009 = CARTESIAN_POINT('',(7.231175153413,0.508918106113,
    -12.64158633496));
#2010 = CARTESIAN_POINT('',(7.244675881349,-0.832574297449,
    -12.59364911726));
#2011 = CARTESIAN_POINT('',(7.258190852953,-2.152299721145,
    -12.38441268074));
#2012 = CARTESIAN_POINT('',(7.281650247923,-4.365942222382,
    -11.75339964234));
#2013 = CARTESIAN_POINT('',(7.291608513296,-5.281473477217,
    -11.40173718551));
#2014 = CARTESIAN_POINT('',(7.301566435461,-6.164235000974,
    -10.96866937918));
#2015 = CARTESIAN_POINT('',(7.311522385219,-7.00585063096,
    -10.45785045593));
#2016 = CARTESIAN_POINT('',(7.321476154924,-7.798513563936,
    -9.873863161079));
#2017 = CARTESIAN_POINT('',(7.331428314384,-8.534950807327,
    -9.222174527826));
#2018 = CARTESIAN_POINT('',(7.341378871074,-9.208498188297,
    -8.509229838602));
#2019 = CARTESIAN_POINT('',(7.366093244855,-10.71161347663,
    -6.604129768096));
#2020 = CARTESIAN_POINT('',(7.380881298254,-11.4602216081,
    -5.344875155972));
#2021 = CARTESIAN_POINT('',(7.395659838261,-12.03807968486,
    -3.99005997252));
#2022 = CARTESIAN_POINT('',(7.410436830541,-12.43217381747,
    -2.567159234775));
#2023 = CARTESIAN_POINT('',(7.425220067218,-12.63389803987,
    -1.104557725777));
#2024 = CARTESIAN_POINT('',(7.440008738384,-12.63997799318,
    0.368276201384));
#2025 = CARTESIAN_POINT('',(7.454804138784,-12.45140995031,
    1.821176201636));
#2026 = CARTESIAN_POINT('',(7.481057554143,-11.78673180336,
    4.312087346952));
#2027 = CARTESIAN_POINT('',(7.492541287655,-11.38354868877,
    5.371931520139));
#2028 = CARTESIAN_POINT('',(7.504019301785,-10.87172156351,
    6.388141980396));
#2029 = CARTESIAN_POINT('',(7.515492935945,-10.25682771175,
    7.347662138685));
#2030 = CARTESIAN_POINT('',(7.52696823589,-9.546138902123,8.238571358507
    ));
#2031 = CARTESIAN_POINT('',(7.538451107182,-8.748598218529,9.05013396587
    ));
#2032 = CARTESIAN_POINT('',(7.54994246866,-7.874796890983,9.772848259247
    ));
#2033 = CARTESIAN_POINT('',(7.570588402378,-6.18975579549,
    10.896957771378));
#2034 = CARTESIAN_POINT('',(7.579749481155,-5.401372747226,
    11.334180961744));
#2035 = CARTESIAN_POINT('',(7.588913773863,-4.577959629979,
    11.70609237885));
#2036 = CARTESIAN_POINT('',(7.59807865523,-3.725901108033,
    12.009411573995));
#2037 = CARTESIAN_POINT('',(7.607241743097,-2.851808861572,
    12.241650361572));
#2038 = CARTESIAN_POINT('',(7.61640089841,-1.962521586673,
    12.401112819069));
#2039 = CARTESIAN_POINT('',(7.625554225225,-1.065104995315,
    12.486895287072));
#2040 = CARTESIAN_POINT('',(7.646518547334,0.993892068821,
    12.514381527673));
#2041 = CARTESIAN_POINT('',(7.658335344368,2.15714542871,12.406690251827
    ));
#2042 = CARTESIAN_POINT('',(7.670141045579,3.306586316305,
    12.175291731154));
#2043 = CARTESIAN_POINT('',(7.681938925789,4.426804991192,
    11.822510664226));
#2044 = CARTESIAN_POINT('',(7.69374877271,5.503183998397,11.352784067075
    ));
#2045 = CARTESIAN_POINT('',(7.705589271772,6.52184923079,10.772392475982
    ));
#2046 = CARTESIAN_POINT('',(7.717453782027,7.469764047157,
    10.089634598026));
#2047 = CARTESIAN_POINT('',(7.742688729751,9.31386399135,8.439613804484)
  );
#2048 = CARTESIAN_POINT('',(7.756057273696,10.18831397666,7.445535849306
    ));
#2049 = CARTESIAN_POINT('',(7.769370229082,10.940402650472,6.34873830055
    ));
#2050 = CARTESIAN_POINT('',(7.782761906748,11.556552356698,
    5.167082021192));
#2051 = CARTESIAN_POINT('',(7.796195865617,12.026370679232,
    3.919943211598));
#2052 = CARTESIAN_POINT('',(7.809595768687,12.342275841496,
    2.628003952625));
#2053 = CARTESIAN_POINT('',(7.823012582213,12.5,1.313400660503));
#2054 = CARTESIAN_POINT('',(7.836398808657,12.5,1.42108547152E-14));
#2055 = PCURVE('',#261,#2056);
#2056 = DEFINITIONAL_REPRESENTATION('',(#2057),#2123);
#2057 = B_SPLINE_CURVE_WITH_KNOTS('',8,(#2058,#2059,#2060,#2061,#2062,
    #2063,#2064,#2065,#2066,#2067,#2068,#2069,#2070,#2071,#2072,#2073,
    #2074,#2075,#2076,#2077,#2078,#2079,#2080,#2081,#2082,#2083,#2084,
    #2085,#2086,#2087,#2088,#2089,#2090,#2091,#2092,#2093,#2094,#2095,
    #2096,#2097,#2098,#2099,#2100,#2101,#2102,#2103,#2104,#2105,#2106,
    #2107,#2108,#2109,#2110,#2111,#2112,#2113,#2114,#2115,#2116,#2117,
    #2118,#2119,#2120,#2121,#2122),.UNSPECIFIED.,.F.,.F.,(9,7,7,7,7,7,7,
    7,7,9),(0.,4.506332793437E-02,0.159187849746,0.294216159424,
    0.393732598597,0.541537797404,0.656415042726,0.7479394112,
    0.866209352607,1.),.UNSPECIFIED.);
#2058 = CARTESIAN_POINT('',(4.146493248853E-02,58.588670085913));
#2059 = CARTESIAN_POINT('',(4.147155168752E-02,58.624333726902));
#2060 = CARTESIAN_POINT('',(4.14817162789E-02,58.660002308425));
#2061 = CARTESIAN_POINT('',(4.14919057404E-02,58.695675355815));
#2062 = CARTESIAN_POINT('',(4.149959184271E-02,58.73135154583));
#2063 = CARTESIAN_POINT('',(4.150323864949E-02,58.767028706656));
#2064 = CARTESIAN_POINT('',(4.150230251738E-02,58.802703817909));
#2065 = CARTESIAN_POINT('',(4.149723209599E-02,58.83837301063));
#2066 = CARTESIAN_POINT('',(4.146980630197E-02,58.964338162782));
#2067 = CARTESIAN_POINT('',(4.144024320279E-02,59.054700094353));
#2068 = CARTESIAN_POINT('',(4.143686160629E-02,59.145052495898));
#2069 = CARTESIAN_POINT('',(4.145905753651E-02,59.235384616869));
#2070 = CARTESIAN_POINT('',(4.149167433481E-02,59.325714803146));
#2071 = CARTESIAN_POINT('',(4.151982455897E-02,59.41606463734));
#2072 = CARTESIAN_POINT('',(4.153639991221E-02,59.506432238532));
#2073 = CARTESIAN_POINT('',(4.154921354927E-02,59.70364308799));
#2074 = CARTESIAN_POINT('',(4.154086203197E-02,59.810607233188));
#2075 = CARTESIAN_POINT('',(4.151598267171E-02,59.917521754827));
#2076 = CARTESIAN_POINT('',(4.148700693421E-02,60.024407751852));
#2077 = CARTESIAN_POINT('',(4.146711574741E-02,60.13130054357));
#2078 = CARTESIAN_POINT('',(4.14612373067E-02,60.238231821162));
#2079 = CARTESIAN_POINT('',(4.146471727976E-02,60.345210949291));
#2080 = CARTESIAN_POINT('',(4.147983745613E-02,60.530843180929));
#2081 = CARTESIAN_POINT('',(4.14890409277E-02,60.609622781325));
#2082 = CARTESIAN_POINT('',(4.149918959996E-02,60.688393107268));
#2083 = CARTESIAN_POINT('',(4.15078957591E-02,60.767157824062));
#2084 = CARTESIAN_POINT('',(4.15135496017E-02,60.84592645537));
#2085 = CARTESIAN_POINT('',(4.151586201578E-02,60.924705518216));
#2086 = CARTESIAN_POINT('',(4.151566847896E-02,61.003489275767));
#2087 = CARTESIAN_POINT('',(4.151160938854E-02,61.199190713112));
#2088 = CARTESIAN_POINT('',(4.150601246155E-02,61.316312292077));
#2089 = CARTESIAN_POINT('',(4.150076780847E-02,61.433356105688));
#2090 = CARTESIAN_POINT('',(4.150107226815E-02,61.550349169145));
#2091 = CARTESIAN_POINT('',(4.150866019781E-02,61.667341144134));
#2092 = CARTESIAN_POINT('',(4.151565900385E-02,61.784380233396));
#2093 = CARTESIAN_POINT('',(4.151732712303E-02,61.90150958182));
#2094 = CARTESIAN_POINT('',(4.150993257251E-02,62.109419348046));
#2095 = CARTESIAN_POINT('',(4.150341113397E-02,62.200385760079));
#2096 = CARTESIAN_POINT('',(4.149254150204E-02,62.291337054612));
#2097 = CARTESIAN_POINT('',(4.147954803989E-02,62.382268405031));
#2098 = CARTESIAN_POINT('',(4.146828592091E-02,62.473200933115));
#2099 = CARTESIAN_POINT('',(4.146258700896E-02,62.564154812407));
#2100 = CARTESIAN_POINT('',(4.146460573871E-02,62.655122371574));
#2101 = CARTESIAN_POINT('',(4.147998428039E-02,62.818477546041));
#2102 = CARTESIAN_POINT('',(4.149186355164E-02,62.890926947246));
#2103 = CARTESIAN_POINT('',(4.150646508984E-02,62.96338290888));
#2104 = CARTESIAN_POINT('',(4.152150030972E-02,63.035840522398));
#2105 = CARTESIAN_POINT('',(4.153472976057E-02,63.10829646322));
#2106 = CARTESIAN_POINT('',(4.154396312626E-02,63.180748990729));
#2107 = CARTESIAN_POINT('',(4.154705922523E-02,63.253197948272));
#2108 = CARTESIAN_POINT('',(4.153529274974E-02,63.419262241161));
#2109 = CARTESIAN_POINT('',(4.151666352734E-02,63.512949641895));
#2110 = CARTESIAN_POINT('',(4.148775097668E-02,63.606620532624));
#2111 = CARTESIAN_POINT('',(4.145257854623E-02,63.700272929613));
#2112 = CARTESIAN_POINT('',(4.143150425448E-02,63.793922269286));
#2113 = CARTESIAN_POINT('',(4.144334537978E-02,63.887585948785));
#2114 = CARTESIAN_POINT('',(4.147971635003E-02,63.981269560192));
#2115 = CARTESIAN_POINT('',(4.151376436058E-02,64.180828208512));
#2116 = CARTESIAN_POINT('',(4.148952417252E-02,64.286840291095));
#2117 = CARTESIAN_POINT('',(4.140966155113E-02,64.39279817971));
#2118 = CARTESIAN_POINT('',(4.142310704362E-02,64.498732009943));
#2119 = CARTESIAN_POINT('',(4.148401402307E-02,64.604671328717));
#2120 = CARTESIAN_POINT('',(4.150174232493E-02,64.710640582031));
#2121 = CARTESIAN_POINT('',(4.15316965607E-02,64.816658890559));
#2122 = CARTESIAN_POINT('',(4.15408724464E-02,64.922579178254));
#2123 = ( GEOMETRIC_REPRESENTATION_CONTEXT(2) 
PARAMETRIC_REPRESENTATION_CONTEXT() REPRESENTATION_CONTEXT('2D SPACE',''
  ) );
#2124 = PCURVE('',#2125,#2130);
#2125 = CYLINDRICAL_SURFACE('',#2126,12.5);
#2126 = AXIS2_PLACEMENT_3D('',#2127,#2128,#2129);
#2127 = CARTESIAN_POINT('',(0.,0.,0.));
#2128 = DIRECTION('',(-1.,-0.,-0.));
#2129 = DIRECTION('',(0.,1.,0.));
#2130 = DEFINITIONAL_REPRESENTATION('',(#2131),#2197);
#2131 = B_SPLINE_CURVE_WITH_KNOTS('',8,(#2132,#2133,#2134,#2135,#2136,
    #2137,#2138,#2139,#2140,#2141,#2142,#2143,#2144,#2145,#2146,#2147,
    #2148,#2149,#2150,#2151,#2152,#2153,#2154,#2155,#2156,#2157,#2158,
    #2159,#2160,#2161,#2162,#2163,#2164,#2165,#2166,#2167,#2168,#2169,
    #2170,#2171,#2172,#2173,#2174,#2175,#2176,#2177,#2178,#2179,#2180,
    #2181,#2182,#2183,#2184,#2185,#2186,#2187,#2188,#2189,#2190,#2191,
    #2192,#2193,#2194,#2195,#2196),.UNSPECIFIED.,.F.,.F.,(9,7,7,7,7,7,7,
    7,7,9),(0.,4.506332793437E-02,0.159187849746,0.294216159424,
    0.393732598597,0.541537797404,0.656415042726,0.7479394112,
    0.866209352607,1.),.UNSPECIFIED.);
#2132 = CARTESIAN_POINT('',(-6.28318530718,-7.036332399931));
#2133 = CARTESIAN_POINT('',(-6.247807110829,-7.040842670461));
#2134 = CARTESIAN_POINT('',(-6.21242384644,-7.045356671542));
#2135 = CARTESIAN_POINT('',(-6.177036136761,-7.049871258598));
#2136 = CARTESIAN_POINT('',(-6.141645384475,-7.054384049274));
#2137 = CARTESIAN_POINT('',(-6.106253772201,-7.058893423435));
#2138 = CARTESIAN_POINT('',(-6.070864262492,-7.063398523166));
#2139 = CARTESIAN_POINT('',(-6.035480597836,-7.067899252772));
#2140 = CARTESIAN_POINT('',(-5.910523135202,-7.083785161177));
#2141 = CARTESIAN_POINT('',(-5.820883998932,-7.095172356497));
#2142 = CARTESIAN_POINT('',(-5.731255604628,-7.106581288595));
#2143 = CARTESIAN_POINT('',(-5.641647918116,-7.118010070675));
#2144 = CARTESIAN_POINT('',(-5.552041848338,-7.129447739468));
#2145 = CARTESIAN_POINT('',(-5.46241578896,-7.140883976333));
#2146 = CARTESIAN_POINT('',(-5.372772011521,-7.152312315274));
#2147 = CARTESIAN_POINT('',(-5.177140424279,-7.177232118491));
#2148 = CARTESIAN_POINT('',(-5.071032684421,-7.190734830941));
#2149 = CARTESIAN_POINT('',(-4.964974218302,-7.204216793801));
#2150 = CARTESIAN_POINT('',(-4.858944397486,-7.21769156453));
#2151 = CARTESIAN_POINT('',(-4.752908053687,-7.231175153413));
#2152 = CARTESIAN_POINT('',(-4.646833427427,-7.244675881349));
#2153 = CARTESIAN_POINT('',(-4.540711108681,-7.258190852953));
#2154 = CARTESIAN_POINT('',(-4.356565243404,-7.281650247923));
#2155 = CARTESIAN_POINT('',(-4.278416314733,-7.291608513296));
#2156 = CARTESIAN_POINT('',(-4.20027646836,-7.301566435461));
#2157 = CARTESIAN_POINT('',(-4.122142113085,-7.311522385219));
#2158 = CARTESIAN_POINT('',(-4.044003888345,-7.321476154924));
#2159 = CARTESIAN_POINT('',(-3.965855417301,-7.331428314384));
#2160 = CARTESIAN_POINT('',(-3.887702438969,-7.341378871074));
#2161 = CARTESIAN_POINT('',(-3.693568269304,-7.366093244855));
#2162 = CARTESIAN_POINT('',(-3.577385002026,-7.380881298254));
#2163 = CARTESIAN_POINT('',(-3.461279249295,-7.395659838261));
#2164 = CARTESIAN_POINT('',(-3.345224049028,-7.410436830541));
#2165 = CARTESIAN_POINT('',(-3.229169695277,-7.425220067218));
#2166 = CARTESIAN_POINT('',(-3.113068116266,-7.440008738384));
#2167 = CARTESIAN_POINT('',(-2.996876600491,-7.454804138784));
#2168 = CARTESIAN_POINT('',(-2.790631148695,-7.481057554143));
#2169 = CARTESIAN_POINT('',(-2.700392780137,-7.492541287655));
#2170 = CARTESIAN_POINT('',(-2.610169390413,-7.504019301785));
#2171 = CARTESIAN_POINT('',(-2.519965881717,-7.515492935945));
#2172 = CARTESIAN_POINT('',(-2.429761383889,-7.52696823589));
#2173 = CARTESIAN_POINT('',(-2.33953591343,-7.538451107182));
#2174 = CARTESIAN_POINT('',(-2.249297032526,-7.54994246866));
#2175 = CARTESIAN_POINT('',(-2.087250408346,-7.570588402378));
#2176 = CARTESIAN_POINT('',(-2.015381387822,-7.579749481155));
#2177 = CARTESIAN_POINT('',(-1.943505815348,-7.588913773863));
#2178 = CARTESIAN_POINT('',(-1.871628520994,-7.59807865523));
#2179 = CARTESIAN_POINT('',(-1.799752796038,-7.607241743097));
#2180 = CARTESIAN_POINT('',(-1.727880392965,-7.61640089841));
#2181 = CARTESIAN_POINT('',(-1.656011525465,-7.625554225225));
#2182 = CARTESIAN_POINT('',(-1.491277084067,-7.646518547334));
#2183 = CARTESIAN_POINT('',(-1.398340063566,-7.658335344368));
#2184 = CARTESIAN_POINT('',(-1.305419718625,-7.670141045579));
#2185 = CARTESIAN_POINT('',(-1.212518040503,-7.681938925789));
#2186 = CARTESIAN_POINT('',(-1.119619700306,-7.69374877271));
#2187 = CARTESIAN_POINT('',(-1.026706563538,-7.705589271772));
#2188 = CARTESIAN_POINT('',(-0.933771845742,-7.717453782027));
#2189 = CARTESIAN_POINT('',(-0.735809857903,-7.742688729751));
#2190 = CARTESIAN_POINT('',(-0.630647836154,-7.756057273696));
#2191 = CARTESIAN_POINT('',(-0.525533816286,-7.769370229082));
#2192 = CARTESIAN_POINT('',(-0.420450148647,-7.782761906748));
#2193 = CARTESIAN_POINT('',(-0.315362849451,-7.796195865617));
#2194 = CARTESIAN_POINT('',(-0.210240468342,-7.809595768687));
#2195 = CARTESIAN_POINT('',(-0.10507205284,-7.823012582213));
#2196 = CARTESIAN_POINT('',(0.,-7.836398808657));
#2197 = ( GEOMETRIC_REPRESENTATION_CONTEXT(2) 
PARAMETRIC_REPRESENTATION_CONTEXT() REPRESENTATION_CONTEXT('2D SPACE',''
  ) );
#2198 = ORIENTED_EDGE('',*,*,#2199,.F.);
#2199 = EDGE_CURVE('',#2200,#1986,#2202,.T.);
#2200 = VERTEX_POINT('',#2201);
#2201 = CARTESIAN_POINT('',(6.236365155922,12.5,0.));
#2202 = SURFACE_CURVE('',#2203,(#2276,#2352),.PCURVE_S1.);
#2203 = B_SPLINE_CURVE_WITH_KNOTS('',8,(#2204,#2205,#2206,#2207,#2208,
    #2209,#2210,#2211,#2212,#2213,#2214,#2215,#2216,#2217,#2218,#2219,
    #2220,#2221,#2222,#2223,#2224,#2225,#2226,#2227,#2228,#2229,#2230,
    #2231,#2232,#2233,#2234,#2235,#2236,#2237,#2238,#2239,#2240,#2241,
    #2242,#2243,#2244,#2245,#2246,#2247,#2248,#2249,#2250,#2251,#2252,
    #2253,#2254,#2255,#2256,#2257,#2258,#2259,#2260,#2261,#2262,#2263,
    #2264,#2265,#2266,#2267,#2268,#2269,#2270,#2271,#2272,#2273,#2274,
    #2275),.UNSPECIFIED.,.F.,.F.,(9,7,7,7,7,7,7,7,7,7,9),(0.,
    0.106737451187,0.165979543834,0.247947708292,0.358798492123,
    0.448463137444,0.540798202231,0.669502285677,0.76039434888,
    0.900631771628,1.),.UNSPECIFIED.);
#2204 = CARTESIAN_POINT('',(6.236365155922,12.5,-1.06581410364E-14));
#2205 = CARTESIAN_POINT('',(6.247048271382,12.5,-1.047463720293));
#2206 = CARTESIAN_POINT('',(6.257739584625,12.399686331573,
    -2.095637105343));
#2207 = CARTESIAN_POINT('',(6.268426589626,12.198821548572,
    -3.132419870682));
#2208 = CARTESIAN_POINT('',(6.279103513636,11.899146716334,
    -4.146423161784));
#2209 = CARTESIAN_POINT('',(6.289767218496,11.503763437422,
    -5.12685526414));
#2210 = CARTESIAN_POINT('',(6.300420009429,11.017065219096,
    -6.063512219381));
#2211 = CARTESIAN_POINT('',(6.31107094696,10.44462713116,-6.946778194741
    ));
#2212 = CARTESIAN_POINT('',(6.327639680403,9.432078040012,
    -8.223389569675));
#2213 = CARTESIAN_POINT('',(6.33355497581,9.046360125101,-8.659911832938
    ));
#2214 = CARTESIAN_POINT('',(6.339473188455,8.63759270049,-9.075719911941
    ));
#2215 = CARTESIAN_POINT('',(6.345395114957,8.20711920439,-9.469358663739
    ));
#2216 = CARTESIAN_POINT('',(6.351320947109,7.756361240485,
    -9.839500935093));
#2217 = CARTESIAN_POINT('',(6.357250271887,7.286818577931,
    -10.18494756247));
#2218 = CARTESIAN_POINT('',(6.363182071441,6.800069151356,
    -10.50462737206));
#2219 = CARTESIAN_POINT('',(6.377323220565,5.602779829639,
    -11.20295418697));
#2220 = CARTESIAN_POINT('',(6.385524498437,4.877839979024,
    -11.55725338647));
#2221 = CARTESIAN_POINT('',(6.393718458523,4.127472469239,
    -11.85785484533));
#2222 = CARTESIAN_POINT('',(6.401906317498,3.356348280461,
    -12.10263206371));
#2223 = CARTESIAN_POINT('',(6.410090606912,2.569286412815,
    -12.28997197487));
#2224 = CARTESIAN_POINT('',(6.418275173189,1.771253886377,
    -12.41877494512));
#2225 = CARTESIAN_POINT('',(6.426465177627,0.967365741173,
    -12.48845477384));
#2226 = CARTESIAN_POINT('',(6.445759074979,-0.925065598343,
    -12.51311676769));
#2227 = CARTESIAN_POINT('',(6.45687006388,-2.015162141972,
    -12.41907700585));
#2228 = CARTESIAN_POINT('',(6.467985888247,-3.094007627074,
    -12.21638904995));
#2229 = CARTESIAN_POINT('',(6.479093474074,-4.148890331006,
    -11.90684615664));
#2230 = CARTESIAN_POINT('',(6.490187530129,-5.167655124152,
    -11.49381599704));
#2231 = CARTESIAN_POINT('',(6.501271447302,-6.138736482507,
    -10.98224744712));
#2232 = CARTESIAN_POINT('',(6.512349655479,-7.051165802601,
    -10.37858852231));
#2233 = CARTESIAN_POINT('',(6.532374198811,-8.577205350195,
    -9.13543888623));
#2234 = CARTESIAN_POINT('',(6.541327057766,-9.214975874027,
    -8.524527684874));
#2235 = CARTESIAN_POINT('',(6.550281373148,-9.802808730775,
    -7.862935746486));
#2236 = CARTESIAN_POINT('',(6.559239054283,-10.3360110123,
    -7.155443607927));
#2237 = CARTESIAN_POINT('',(6.56820093124,-10.81050476445,
    -6.407282098694));
#2238 = CARTESIAN_POINT('',(6.577166754837,-11.22282698707,
    -5.624132340927));
#2239 = CARTESIAN_POINT('',(6.586135196636,-11.57012963399,
    -4.812125749405));
#2240 = CARTESIAN_POINT('',(6.604339608355,-12.13857012483,
    -3.118715484359));
#2241 = CARTESIAN_POINT('',(6.613579363419,-12.35582474712,
    -2.235428253063));
#2242 = CARTESIAN_POINT('',(6.622820495392,-12.49956317311,
    -1.335171458769));
#2243 = CARTESIAN_POINT('',(6.632061036335,-12.56825774081,
    -0.425148918574));
#2244 = CARTESIAN_POINT('',(6.641299669107,-12.561233433,0.487420854444)
  );
#2245 = CARTESIAN_POINT('',(6.650535727369,-12.47866787721,1.39530465122
    ));
#2246 = CARTESIAN_POINT('',(6.659769195585,-12.32159134575,
    2.291254566703));
#2247 = CARTESIAN_POINT('',(6.681868339294,-11.7717059144,4.39009786661)
  );
#2248 = CARTESIAN_POINT('',(6.694743082762,-11.31010259497,
    5.576181309832));
#2249 = CARTESIAN_POINT('',(6.707612340866,-10.7121043097,6.705658475476
    ));
#2250 = CARTESIAN_POINT('',(6.720478218792,-9.98620873202,7.76043035609)
  );
#2251 = CARTESIAN_POINT('',(6.733347522297,-9.143388535807,
    8.724254905619));
#2252 = CARTESIAN_POINT('',(6.746224299849,-8.196701548347,
    9.582564435762));
#2253 = CARTESIAN_POINT('',(6.759104930087,-7.161506216666,
    10.322744293885));
#2254 = CARTESIAN_POINT('',(6.781065254823,-5.275762675422,
    11.367163884438));
#2255 = CARTESIAN_POINT('',(6.790153263388,-4.459911944863,
    11.735810123416));
#2256 = CARTESIAN_POINT('',(6.799239413859,-3.614955973331,
    12.03739301171));
#2257 = CARTESIAN_POINT('',(6.808323627737,-2.747315294875,
    12.269261202296));
#2258 = CARTESIAN_POINT('',(6.817406114462,-1.863605199995,
    12.429530528835));
#2259 = CARTESIAN_POINT('',(6.826487371411,-0.97063573564,
    12.517084005675));
#2260 = CARTESIAN_POINT('',(6.835568183903,-7.541170521162E-02,
    12.53157182785));
#2261 = CARTESIAN_POINT('',(6.858661386797,2.188479429423,
    12.383675564937));
#2262 = CARTESIAN_POINT('',(6.872687484447,3.551885699429,
    12.120992139842));
#2263 = CARTESIAN_POINT('',(6.886713169245,4.877716488677,
    11.686672578749));
#2264 = CARTESIAN_POINT('',(6.900746365986,6.141233947078,
    11.087701252457));
#2265 = CARTESIAN_POINT('',(6.914793181802,7.319368418293,
    10.334345093582));
#2266 = CARTESIAN_POINT('',(6.928843779193,8.391070020406,9.440650091814
    ));
#2267 = CARTESIAN_POINT('',(6.942889073768,9.337089897857,8.423963867349
    ));
#2268 = CARTESIAN_POINT('',(6.966835227156,10.711813031129,
    6.515995476315));
#2269 = CARTESIAN_POINT('',(6.976761944124,11.211560552209,
    5.673640541924));
#2270 = CARTESIAN_POINT('',(6.986681069965,11.635375749812,
    4.787752663553));
#2271 = CARTESIAN_POINT('',(6.996594866422,11.978928141915,
    3.866371673837));
#2272 = CARTESIAN_POINT('',(7.006511215907,12.238919122975,
    2.917923112455));
#2273 = CARTESIAN_POINT('',(7.016439895459,12.41302349936,1.951190779242
    ));
#2274 = CARTESIAN_POINT('',(7.026384889101,12.5,0.975343355209));
#2275 = CARTESIAN_POINT('',(7.036332399931,12.5,-1.7763568394E-15));
#2276 = PCURVE('',#261,#2277);
#2277 = DEFINITIONAL_REPRESENTATION('',(#2278),#2351);
#2278 = B_SPLINE_CURVE_WITH_KNOTS('',8,(#2279,#2280,#2281,#2282,#2283,
    #2284,#2285,#2286,#2287,#2288,#2289,#2290,#2291,#2292,#2293,#2294,
    #2295,#2296,#2297,#2298,#2299,#2300,#2301,#2302,#2303,#2304,#2305,
    #2306,#2307,#2308,#2309,#2310,#2311,#2312,#2313,#2314,#2315,#2316,
    #2317,#2318,#2319,#2320,#2321,#2322,#2323,#2324,#2325,#2326,#2327,
    #2328,#2329,#2330,#2331,#2332,#2333,#2334,#2335,#2336,#2337,#2338,
    #2339,#2340,#2341,#2342,#2343,#2344,#2345,#2346,#2347,#2348,#2349,
    #2350),.UNSPECIFIED.,.F.,.F.,(9,7,7,7,7,7,7,7,7,7,9),(0.,
    0.106737451187,0.165979543834,0.247947708292,0.358798492123,
    0.448463137444,0.540798202231,0.669502285677,0.76039434888,
    0.900631771628,1.),.UNSPECIFIED.);
#2279 = CARTESIAN_POINT('',(4.150252504518E-02,52.254758492474));
#2280 = CARTESIAN_POINT('',(4.151818907125E-02,52.339232191673));
#2281 = CARTESIAN_POINT('',(4.153497448511E-02,52.423763016247));
#2282 = CARTESIAN_POINT('',(4.154896190059E-02,52.508279141393));
#2283 = CARTESIAN_POINT('',(4.155501316614E-02,52.592770507303));
#2284 = CARTESIAN_POINT('',(4.154821522088E-02,52.677246351842));
#2285 = CARTESIAN_POINT('',(4.152867125436E-02,52.761724210824));
#2286 = CARTESIAN_POINT('',(4.150431914647E-02,52.84622075238));
#2287 = CARTESIAN_POINT('',(4.147186099279E-02,52.977627014511));
#2288 = CARTESIAN_POINT('',(4.146075684334E-02,53.024537735958));
#2289 = CARTESIAN_POINT('',(4.145267001999E-02,53.071450622302));
#2290 = CARTESIAN_POINT('',(4.144916414405E-02,53.118361133219));
#2291 = CARTESIAN_POINT('',(4.145083007861E-02,53.16526668803));
#2292 = CARTESIAN_POINT('',(4.145728592848E-02,53.212166665709));
#2293 = CARTESIAN_POINT('',(4.146717704021E-02,53.259062404874));
#2294 = CARTESIAN_POINT('',(4.149339431532E-02,53.370841484854));
#2295 = CARTESIAN_POINT('',(4.149946953451E-02,53.435732029164));
#2296 = CARTESIAN_POINT('',(4.149649307335E-02,53.500627429587));
#2297 = CARTESIAN_POINT('',(4.14861173655E-02,53.565525858455));
#2298 = CARTESIAN_POINT('',(4.147155586462E-02,53.630425067558));
#2299 = CARTESIAN_POINT('',(4.14575830444E-02,53.695322388155));
#2300 = CARTESIAN_POINT('',(4.145053439852E-02,53.760214730965));
#2301 = CARTESIAN_POINT('',(4.14688170697E-02,53.912845167483));
#2302 = CARTESIAN_POINT('',(4.149244477847E-02,54.000651263057));
#2303 = CARTESIAN_POINT('',(4.152279221997E-02,54.088449024725));
#2304 = CARTESIAN_POINT('',(4.154574503604E-02,54.176232856632));
#2305 = CARTESIAN_POINT('',(4.155386603516E-02,54.264012460673));
#2306 = CARTESIAN_POINT('',(4.154934717238E-02,54.351799477868));
#2307 = CARTESIAN_POINT('',(4.153688019768E-02,54.439596433375));
#2308 = CARTESIAN_POINT('',(4.150899955549E-02,54.598331921725));
#2309 = CARTESIAN_POINT('',(4.149440106021E-02,54.669316450886));
#2310 = CARTESIAN_POINT('',(4.148086941533E-02,54.740305110185));
#2311 = CARTESIAN_POINT('',(4.147062092683E-02,54.811297641276));
#2312 = CARTESIAN_POINT('',(4.146489027014E-02,54.882292050809));
#2313 = CARTESIAN_POINT('',(4.146393049008E-02,54.953284610429));
#2314 = CARTESIAN_POINT('',(4.146701300094E-02,55.024269856785));
#2315 = CARTESIAN_POINT('',(4.14780034307E-02,55.168324998043));
#2316 = CARTESIAN_POINT('',(4.148649134446E-02,55.241420837794));
#2317 = CARTESIAN_POINT('',(4.149568943682E-02,55.314522652362));
#2318 = CARTESIAN_POINT('',(4.150396131659E-02,55.387626212933));
#2319 = CARTESIAN_POINT('',(4.151023609224E-02,55.460728520291));
#2320 = CARTESIAN_POINT('',(4.151400837196E-02,55.533827804811));
#2321 = CARTESIAN_POINT('',(4.151533826361E-02,55.60692352647));
#2322 = CARTESIAN_POINT('',(4.151417270959E-02,55.781899100289));
#2323 = CARTESIAN_POINT('',(4.151020916592E-02,55.883860931691));
#2324 = CARTESIAN_POINT('',(4.150464784331E-02,55.985790417405));
#2325 = CARTESIAN_POINT('',(4.1501485828E-02,56.087676495952));
#2326 = CARTESIAN_POINT('',(4.150288208044E-02,56.189558073843));
#2327 = CARTESIAN_POINT('',(4.150760932699E-02,56.29147571854));
#2328 = CARTESIAN_POINT('',(4.151210595577E-02,56.393425466567));
#2329 = CARTESIAN_POINT('',(4.151555584483E-02,56.567269937644));
#2330 = CARTESIAN_POINT('',(4.15157749194E-02,56.63922170488));
#2331 = CARTESIAN_POINT('',(4.151380470162E-02,56.71117394887));
#2332 = CARTESIAN_POINT('',(4.150925259871E-02,56.783128771649));
#2333 = CARTESIAN_POINT('',(4.150231386384E-02,56.855086476868));
#2334 = CARTESIAN_POINT('',(4.149377159613E-02,56.927045569798));
#2335 = CARTESIAN_POINT('',(4.148499674065E-02,56.999002757324));
#2336 = CARTESIAN_POINT('',(4.14670727183E-02,57.181964943327));
#2337 = CARTESIAN_POINT('',(4.145988193334E-02,57.29306488135));
#2338 = CARTESIAN_POINT('',(4.146206948234E-02,57.404096489588));
#2339 = CARTESIAN_POINT('',(4.147823273719E-02,57.515090617975));
#2340 = CARTESIAN_POINT('',(4.150877231009E-02,57.626092839793));
#2341 = CARTESIAN_POINT('',(4.153654195384E-02,57.737144217305));
#2342 = CARTESIAN_POINT('',(4.154816950533E-02,57.84826559379));
#2343 = CARTESIAN_POINT('',(4.153968845734E-02,58.037915408424));
#2344 = CARTESIAN_POINT('',(4.152780141899E-02,58.116591539431));
#2345 = CARTESIAN_POINT('',(4.150749664986E-02,58.195265965821));
#2346 = CARTESIAN_POINT('',(4.148113510173E-02,58.273940216149));
#2347 = CARTESIAN_POINT('',(4.145666018135E-02,58.35262159247));
#2348 = CARTESIAN_POINT('',(4.14445330237E-02,58.431314930729));
#2349 = CARTESIAN_POINT('',(4.145033368492E-02,58.510013062438));
#2350 = CARTESIAN_POINT('',(4.146493248853E-02,58.588670085913));
#2351 = ( GEOMETRIC_REPRESENTATION_CONTEXT(2) 
PARAMETRIC_REPRESENTATION_CONTEXT() REPRESENTATION_CONTEXT('2D SPACE',''
  ) );
#2352 = PCURVE('',#2353,#2358);
#2353 = CYLINDRICAL_SURFACE('',#2354,12.5);
#2354 = AXIS2_PLACEMENT_3D('',#2355,#2356,#2357);
#2355 = CARTESIAN_POINT('',(0.,0.,0.));
#2356 = DIRECTION('',(-1.,-0.,-0.));
#2357 = DIRECTION('',(0.,1.,0.));
#2358 = DEFINITIONAL_REPRESENTATION('',(#2359),#2432);
#2359 = B_SPLINE_CURVE_WITH_KNOTS('',8,(#2360,#2361,#2362,#2363,#2364,
    #2365,#2366,#2367,#2368,#2369,#2370,#2371,#2372,#2373,#2374,#2375,
    #2376,#2377,#2378,#2379,#2380,#2381,#2382,#2383,#2384,#2385,#2386,
    #2387,#2388,#2389,#2390,#2391,#2392,#2393,#2394,#2395,#2396,#2397,
    #2398,#2399,#2400,#2401,#2402,#2403,#2404,#2405,#2406,#2407,#2408,
    #2409,#2410,#2411,#2412,#2413,#2414,#2415,#2416,#2417,#2418,#2419,
    #2420,#2421,#2422,#2423,#2424,#2425,#2426,#2427,#2428,#2429,#2430,
    #2431),.UNSPECIFIED.,.F.,.F.,(9,7,7,7,7,7,7,7,7,7,9),(0.,
    0.106737451187,0.165979543834,0.247947708292,0.358798492123,
    0.448463137444,0.540798202231,0.669502285677,0.76039434888,
    0.900631771628,1.),.UNSPECIFIED.);
#2360 = CARTESIAN_POINT('',(-6.28318530718,-6.236365155922));
#2361 = CARTESIAN_POINT('',(-6.199388209556,-6.247048271382));
#2362 = CARTESIAN_POINT('',(-6.115534360839,-6.257739584625));
#2363 = CARTESIAN_POINT('',(-6.031694975656,-6.268426589627));
#2364 = CARTESIAN_POINT('',(-5.947880063405,-6.279103513636));
#2365 = CARTESIAN_POINT('',(-5.864080574432,-6.289767218496));
#2366 = CARTESIAN_POINT('',(-5.780279348579,-6.300420009429));
#2367 = CARTESIAN_POINT('',(-5.696459866436,-6.31107094696));
#2368 = CARTESIAN_POINT('',(-5.566106690435,-6.327639680403));
#2369 = CARTESIAN_POINT('',(-5.519571971381,-6.33355497581));
#2370 = CARTESIAN_POINT('',(-5.47303508027,-6.339473188455));
#2371 = CARTESIAN_POINT('',(-5.42650045647,-6.345395114957));
#2372 = CARTESIAN_POINT('',(-5.379970616517,-6.351320947109));
#2373 = CARTESIAN_POINT('',(-5.33344615412,-6.357250271887));
#2374 = CARTESIAN_POINT('',(-5.286925740158,-6.363182071441));
#2375 = CARTESIAN_POINT('',(-5.176040947756,-6.377323220565));
#2376 = CARTESIAN_POINT('',(-5.111669612128,-6.385524498437));
#2377 = CARTESIAN_POINT('',(-5.047293485159,-6.393718458523));
#2378 = CARTESIAN_POINT('',(-4.982914382561,-6.401906317498));
#2379 = CARTESIAN_POINT('',(-4.918534566388,-6.410090606912));
#2380 = CARTESIAN_POINT('',(-4.854156745042,-6.418275173189));
#2381 = CARTESIAN_POINT('',(-4.78978407327,-6.426465177627));
#2382 = CARTESIAN_POINT('',(-4.63837671094,-6.445759074979));
#2383 = CARTESIAN_POINT('',(-4.551274452396,-6.45687006388));
#2384 = CARTESIAN_POINT('',(-4.464180328569,-6.467985888247));
#2385 = CARTESIAN_POINT('',(-4.37709958546,-6.479093474074));
#2386 = CARTESIAN_POINT('',(-4.290022817247,-6.490187530129));
#2387 = CARTESIAN_POINT('',(-4.202938661947,-6.501271447302));
#2388 = CARTESIAN_POINT('',(-4.115844727073,-6.512349655479));
#2389 = CARTESIAN_POINT('',(-3.95838046637,-6.532374198811));
#2390 = CARTESIAN_POINT('',(-3.887964499966,-6.541327057766));
#2391 = CARTESIAN_POINT('',(-3.817544492019,-6.550281373148));
#2392 = CARTESIAN_POINT('',(-3.74712066721,-6.559239054283));
#2393 = CARTESIAN_POINT('',(-3.676694969823,-6.56820093124));
#2394 = CARTESIAN_POINT('',(-3.606271063744,-6.577166754837));
#2395 = CARTESIAN_POINT('',(-3.535854332463,-6.586135196636));
#2396 = CARTESIAN_POINT('',(-3.392952678619,-6.604339608355));
#2397 = CARTESIAN_POINT('',(-3.320442015089,-6.613579363419));
#2398 = CARTESIAN_POINT('',(-3.247925334637,-6.622820495392));
#2399 = CARTESIAN_POINT('',(-3.175406868951,-6.632061036335));
#2400 = CARTESIAN_POINT('',(-3.102889635264,-6.641299669107));
#2401 = CARTESIAN_POINT('',(-3.030375436346,-6.650535727369));
#2402 = CARTESIAN_POINT('',(-2.957864860505,-6.659769195585));
#2403 = CARTESIAN_POINT('',(-2.78429035205,-6.681868339294));
#2404 = CARTESIAN_POINT('',(-2.683145192604,-6.694743082762));
#2405 = CARTESIAN_POINT('',(-2.582032443624,-6.707612340866));
#2406 = CARTESIAN_POINT('',(-2.480962989281,-6.720478218792));
#2407 = CARTESIAN_POINT('',(-2.379898043986,-6.733347522297));
#2408 = CARTESIAN_POINT('',(-2.278797154026,-6.746224299849));
#2409 = CARTESIAN_POINT('',(-2.177664114403,-6.759104930087));
#2410 = CARTESIAN_POINT('',(-2.005211853471,-6.781065254823));
#2411 = CARTESIAN_POINT('',(-1.933836154594,-6.790153263388));
#2412 = CARTESIAN_POINT('',(-1.8624598734,-6.799239413859));
#2413 = CARTESIAN_POINT('',(-1.791080965141,-6.808323627737));
#2414 = CARTESIAN_POINT('',(-1.719699171159,-6.817406114462));
#2415 = CARTESIAN_POINT('',(-1.64831601889,-6.826487371411));
#2416 = CARTESIAN_POINT('',(-1.576934821858,-6.835568183903));
#2417 = CARTESIAN_POINT('',(-1.395437469828,-6.858661386797));
#2418 = CARTESIAN_POINT('',(-1.285227250819,-6.872687484447));
#2419 = CARTESIAN_POINT('',(-1.175085093442,-6.886713169245));
#2420 = CARTESIAN_POINT('',(-1.064980304829,-6.900746365986));
#2421 = CARTESIAN_POINT('',(-0.954867318727,-6.914793181802));
#2422 = CARTESIAN_POINT('',(-0.844705163005,-6.928843779193));
#2423 = CARTESIAN_POINT('',(-0.734473476679,-6.942889073768));
#2424 = CARTESIAN_POINT('',(-0.546342338173,-6.966835227156));
#2425 = CARTESIAN_POINT('',(-0.468296302216,-6.976761944124));
#2426 = CARTESIAN_POINT('',(-0.390252124989,-6.986681069965));
#2427 = CARTESIAN_POINT('',(-0.312208348746,-6.996594866422));
#2428 = CARTESIAN_POINT('',(-0.234157752323,-7.006511215907));
#2429 = CARTESIAN_POINT('',(-0.156095265377,-7.016439895459));
#2430 = CARTESIAN_POINT('',(-7.802746841674E-02,-7.026384889101));
#2431 = CARTESIAN_POINT('',(0.,-7.036332399931));
#2432 = ( GEOMETRIC_REPRESENTATION_CONTEXT(2) 
PARAMETRIC_REPRESENTATION_CONTEXT() REPRESENTATION_CONTEXT('2D SPACE',''
  ) );
#2433 = ORIENTED_EDGE('',*,*,#2434,.F.);
#2434 = EDGE_CURVE('',#2435,#2200,#2437,.T.);
#2435 = VERTEX_POINT('',#2436);
#2436 = CARTESIAN_POINT('',(5.436375995076,12.5,0.));
#2437 = SURFACE_CURVE('',#2438,(#2504,#2573),.PCURVE_S1.);
#2438 = B_SPLINE_CURVE_WITH_KNOTS('',8,(#2439,#2440,#2441,#2442,#2443,
    #2444,#2445,#2446,#2447,#2448,#2449,#2450,#2451,#2452,#2453,#2454,
    #2455,#2456,#2457,#2458,#2459,#2460,#2461,#2462,#2463,#2464,#2465,
    #2466,#2467,#2468,#2469,#2470,#2471,#2472,#2473,#2474,#2475,#2476,
    #2477,#2478,#2479,#2480,#2481,#2482,#2483,#2484,#2485,#2486,#2487,
    #2488,#2489,#2490,#2491,#2492,#2493,#2494,#2495,#2496,#2497,#2498,
    #2499,#2500,#2501,#2502,#2503),.UNSPECIFIED.,.F.,.F.,(9,7,7,7,7,7,7,
    7,7,9),(0.,8.958278601926E-02,0.225075647774,0.359369085988,
    0.450778785324,0.53437872818,0.617827001162,0.705690527632,
    0.850670828152,1.),.UNSPECIFIED.);
#2439 = CARTESIAN_POINT('',(5.436375995076,12.5,1.7763568394E-14));
#2440 = CARTESIAN_POINT('',(5.445327971436,12.5,-0.878934839389));
#2441 = CARTESIAN_POINT('',(5.454279544264,12.429338083257,
    -1.758122376063));
#2442 = CARTESIAN_POINT('',(5.4632299742,12.288031715775,-2.630665498408
    ));
#2443 = CARTESIAN_POINT('',(5.472179009863,12.076822718435,
    -3.489887178401));
#2444 = CARTESIAN_POINT('',(5.481126887845,11.797177266999,
    -4.329330471611));
#2445 = CARTESIAN_POINT('',(5.490074332718,11.451285892106,
    -5.142758517202));
#2446 = CARTESIAN_POINT('',(5.499022557025,11.042063479276,
    -5.924154537927));
#2447 = CARTESIAN_POINT('',(5.521511091377,9.863922294581,
    -7.792358236925));
#2448 = CARTESIAN_POINT('',(5.535065463655,9.017430875346,
    -8.831635910775));
#2449 = CARTESIAN_POINT('',(5.548622239515,8.04647406121,-9.764549040903
    ));
#2450 = CARTESIAN_POINT('',(5.562187001244,6.966975936962,
    -10.57420226662));
#2451 = CARTESIAN_POINT('',(5.575756994302,5.796991775504,
    -11.24670050135));
#2452 = CARTESIAN_POINT('',(5.58932323033,4.556427477283,-11.77080334799
    ));
#2453 = CARTESIAN_POINT('',(5.602878486576,3.267287422747,
    -12.13845352478));
#2454 = CARTESIAN_POINT('',(5.629815630299,0.652867568262,
    -12.55228407722));
#2455 = CARTESIAN_POINT('',(5.643218737776,-0.674701951081,
    -12.60171108323));
#2456 = CARTESIAN_POINT('',(5.656639797205,-2.00454878354,
    -12.49025374361));
#2457 = CARTESIAN_POINT('',(5.670003900636,-3.313879565559,
    -12.21872773862));
#2458 = CARTESIAN_POINT('',(5.683429949209,-4.580881245782,
    -11.79148319018));
#2459 = CARTESIAN_POINT('',(5.696959406122,-5.784635142477,
    -11.21585654439));
#2460 = CARTESIAN_POINT('',(5.710377147922,-6.905261226246,
    -10.50258317763));
#2461 = CARTESIAN_POINT('',(5.732902960983,-8.618247434556,
    -9.098380841056));
#2462 = CARTESIAN_POINT('',(5.742024926159,-9.265564091587,
    -8.472613965311));
#2463 = CARTESIAN_POINT('',(5.751155891248,-9.860622321502,
    -7.794455007908));
#2464 = CARTESIAN_POINT('',(5.760298719568,-10.3984988638,-7.06913226874
    ));
#2465 = CARTESIAN_POINT('',(5.769449692515,-10.87499915743,
    -6.302263323645));
#2466 = CARTESIAN_POINT('',(5.778603575256,-11.28657907483,
    -5.499796609363));
#2467 = CARTESIAN_POINT('',(5.787757811051,-11.63033963276,
    -4.66800893335));
#2468 = CARTESIAN_POINT('',(5.805281104536,-12.15443605218,
    -3.032012005674));
#2469 = CARTESIAN_POINT('',(5.813648514283,-12.34616402177,
    -2.231562509564));
#2470 = CARTESIAN_POINT('',(5.822010718784,-12.47760651566,
    -1.41754004907));
#2471 = CARTESIAN_POINT('',(5.830366978361,-12.54766508108,
    -0.595307554817));
#2472 = CARTESIAN_POINT('',(5.838717767949,-12.55580187633,
    0.229790133183));
#2473 = CARTESIAN_POINT('',(5.847064777096,-12.5020396708,1.052426265527
    ));
#2474 = CARTESIAN_POINT('',(5.855410909966,-12.38696184494,
    1.867292183424));
#2475 = CARTESIAN_POINT('',(5.872094512978,-12.0367808792,3.469447791677
    ));
#2476 = CARTESIAN_POINT('',(5.880431241803,-11.80181745026,
    4.256898038964));
#2477 = CARTESIAN_POINT('',(5.888770827902,-11.50805684121,
    5.025969863904));
#2478 = CARTESIAN_POINT('',(5.89711337853,-11.15722258788,5.771477097504
    ));
#2479 = CARTESIAN_POINT('',(5.905458752104,-10.75152702425,
    6.488525598425));
#2480 = CARTESIAN_POINT('',(5.913806558203,-10.29367128244,
    7.172513252988));
#2481 = CARTESIAN_POINT('',(5.922156157564,-9.786845292658,
    7.819129975174));
#2482 = CARTESIAN_POINT('',(5.939298992342,-8.653397700945,
    9.061608076246));
#2483 = CARTESIAN_POINT('',(5.948092345201,-8.021749854986,
    9.653080438958));
#2484 = CARTESIAN_POINT('',(5.956885696604,-7.344105205374,
    10.194036989315));
#2485 = CARTESIAN_POINT('',(5.965678164572,-6.625179700831,
    10.680321342064));
#2486 = CARTESIAN_POINT('',(5.97446900921,-5.870084278816,
    11.108358532144));
#2487 = CARTESIAN_POINT('',(5.983257632708,-5.084324865523,
    11.475155014681));
#2488 = CARTESIAN_POINT('',(5.992043579337,-4.273802375882,
    11.778298664991));
#2489 = CARTESIAN_POINT('',(6.015318961018,-2.076928049689,
    12.408112793719));
#2490 = CARTESIAN_POINT('',(6.029827362366,-0.656256748663,
    12.622808668258));
#2491 = CARTESIAN_POINT('',(6.04432656948,0.787742027839,12.650735912336
    ));
#2492 = CARTESIAN_POINT('',(6.058823964999,2.226434995663,
    12.490215778457));
#2493 = CARTESIAN_POINT('',(6.073327045824,3.631926060575,
    12.143721898317));
#2494 = CARTESIAN_POINT('',(6.087835663141,4.977220047265,
    11.618639307343));
#2495 = CARTESIAN_POINT('',(6.102350376226,6.236211629033,
    10.926362919501));
#2496 = CARTESIAN_POINT('',(6.131774462065,8.567393699336,9.219482607532
    ));
#2497 = CARTESIAN_POINT('',(6.146720065967,9.635822599891,8.193654985769
    ));
#2498 = CARTESIAN_POINT('',(6.16164865223,10.561904471105,7.027316433328
    ));
#2499 = CARTESIAN_POINT('',(6.176567606178,11.325261421942,
    5.744234528954));
#2500 = CARTESIAN_POINT('',(6.191493267687,11.909540420725,
    4.370330333917));
#2501 = CARTESIAN_POINT('',(6.20644205986,12.303495604092,2.93410653992)
  );
#2502 = CARTESIAN_POINT('',(6.221413027653,12.5,1.466034132278));
#2503 = CARTESIAN_POINT('',(6.236365155922,12.5,-1.06581410364E-14));
#2504 = PCURVE('',#261,#2505);
#2505 = DEFINITIONAL_REPRESENTATION('',(#2506),#2572);
#2506 = B_SPLINE_CURVE_WITH_KNOTS('',8,(#2507,#2508,#2509,#2510,#2511,
    #2512,#2513,#2514,#2515,#2516,#2517,#2518,#2519,#2520,#2521,#2522,
    #2523,#2524,#2525,#2526,#2527,#2528,#2529,#2530,#2531,#2532,#2533,
    #2534,#2535,#2536,#2537,#2538,#2539,#2540,#2541,#2542,#2543,#2544,
    #2545,#2546,#2547,#2548,#2549,#2550,#2551,#2552,#2553,#2554,#2555,
    #2556,#2557,#2558,#2559,#2560,#2561,#2562,#2563,#2564,#2565,#2566,
    #2567,#2568,#2569,#2570,#2571),.UNSPECIFIED.,.F.,.F.,(9,7,7,7,7,7,7,
    7,7,9),(0.,8.958278601926E-02,0.225075647774,0.359369085988,
    0.450778785324,0.53437872818,0.617827001162,0.705690527632,
    0.850670828152,1.),.UNSPECIFIED.);
#2507 = CARTESIAN_POINT('',(4.151470626116E-02,45.920849667376));
#2508 = CARTESIAN_POINT('',(4.151384068764E-02,45.99173193953));
#2509 = CARTESIAN_POINT('',(4.151082174629E-02,46.062625955546));
#2510 = CARTESIAN_POINT('',(4.150551732515E-02,46.133526778118));
#2511 = CARTESIAN_POINT('',(4.149821664095E-02,46.204430410526));
#2512 = CARTESIAN_POINT('',(4.148963023907E-02,46.275333796639));
#2513 = CARTESIAN_POINT('',(4.14808899936E-02,46.34623482091));
#2514 = CARTESIAN_POINT('',(4.147354910726E-02,46.417132308379));
#2515 = CARTESIAN_POINT('',(4.146358207914E-02,46.595251898394));
#2516 = CARTESIAN_POINT('',(4.146456757263E-02,46.702560281809));
#2517 = CARTESIAN_POINT('',(4.147595043671E-02,46.809815564743));
#2518 = CARTESIAN_POINT('',(4.15007486009E-02,46.917041007828));
#2519 = CARTESIAN_POINT('',(4.153056899114E-02,47.024273027955));
#2520 = CARTESIAN_POINT('',(4.15504523777E-02,47.131544238466));
#2521 = CARTESIAN_POINT('',(4.155066484962E-02,47.238864982186));
#2522 = CARTESIAN_POINT('',(4.152250157298E-02,47.452332170123));
#2523 = CARTESIAN_POINT('',(4.148608314035E-02,47.558702416035));
#2524 = CARTESIAN_POINT('',(4.147724089322E-02,47.66502349214));
#2525 = CARTESIAN_POINT('',(4.140857279082E-02,47.771308653478));
#2526 = CARTESIAN_POINT('',(4.141183238151E-02,47.877585280688));
#2527 = CARTESIAN_POINT('',(4.152940387251E-02,47.983887613294));
#2528 = CARTESIAN_POINT('',(4.151114525197E-02,48.09024771829));
#2529 = CARTESIAN_POINT('',(4.14706081443E-02,48.268874526407));
#2530 = CARTESIAN_POINT('',(4.145004567593E-02,48.341239311086));
#2531 = CARTESIAN_POINT('',(4.144150453497E-02,48.413591956902));
#2532 = CARTESIAN_POINT('',(4.144908469906E-02,48.485926689666));
#2533 = CARTESIAN_POINT('',(4.146754831979E-02,48.558250403929));
#2534 = CARTESIAN_POINT('',(4.148911037522E-02,48.63057566063));
#2535 = CARTESIAN_POINT('',(4.150890795303E-02,48.702915952734));
#2536 = CARTESIAN_POINT('',(4.153735197867E-02,48.841457335551));
#2537 = CARTESIAN_POINT('',(4.154613990036E-02,48.907644397461));
#2538 = CARTESIAN_POINT('',(4.154905988921E-02,48.973830954922));
#2539 = CARTESIAN_POINT('',(4.15459118502E-02,49.040012539861));
#2540 = CARTESIAN_POINT('',(4.15373640884E-02,49.106188276376));
#2541 = CARTESIAN_POINT('',(4.152495330893E-02,49.172360880732));
#2542 = CARTESIAN_POINT('',(4.1511084617E-02,49.238536661361));
#2543 = CARTESIAN_POINT('',(4.148700028585E-02,49.37079429428));
#2544 = CARTESIAN_POINT('',(4.147616773118E-02,49.436874557011));
#2545 = CARTESIAN_POINT('',(4.146815734342E-02,49.502957863723));
#2546 = CARTESIAN_POINT('',(4.146391619669E-02,49.569038493435));
#2547 = CARTESIAN_POINT('',(4.14637149496E-02,49.635113447517));
#2548 = CARTESIAN_POINT('',(4.146714784531E-02,49.701182449692));
#2549 = CARTESIAN_POINT('',(4.147313271149E-02,49.767247946035));
#2550 = CARTESIAN_POINT('',(4.148704784673E-02,49.902877881536));
#2551 = CARTESIAN_POINT('',(4.149547161516E-02,49.972439826975));
#2552 = CARTESIAN_POINT('',(4.150347791253E-02,50.04200465701));
#2553 = CARTESIAN_POINT('',(4.150988410338E-02,50.111573592973));
#2554 = CARTESIAN_POINT('',(4.151402926988E-02,50.181145361805));
#2555 = CARTESIAN_POINT('',(4.151577421185E-02,50.250716196059));
#2556 = CARTESIAN_POINT('',(4.151550144671E-02,50.320279833898));
#2557 = CARTESIAN_POINT('',(4.151182783172E-02,50.50458553878));
#2558 = CARTESIAN_POINT('',(4.150640137136E-02,50.619491821489));
#2559 = CARTESIAN_POINT('',(4.150113764018E-02,50.734324180681));
#2560 = CARTESIAN_POINT('',(4.150094095587E-02,50.849107044814));
#2561 = CARTESIAN_POINT('',(4.150773851739E-02,50.963886400365));
#2562 = CARTESIAN_POINT('',(4.151466426849E-02,51.078708701508));
#2563 = CARTESIAN_POINT('',(4.151701329972E-02,51.193611015867));
#2564 = CARTESIAN_POINT('',(4.151058960989E-02,51.426617474239));
#2565 = CARTESIAN_POINT('',(4.150146363644E-02,51.54501092494));
#2566 = CARTESIAN_POINT('',(4.148554203268E-02,51.663316784278));
#2567 = CARTESIAN_POINT('',(4.146581263135E-02,51.781572796891));
#2568 = CARTESIAN_POINT('',(4.145377378059E-02,51.899828563591));
#2569 = CARTESIAN_POINT('',(4.14608375671E-02,52.018134942576));
#2570 = CARTESIAN_POINT('',(4.148060161583E-02,52.136528787801));
#2571 = CARTESIAN_POINT('',(4.150252504518E-02,52.254758492474));
#2572 = ( GEOMETRIC_REPRESENTATION_CONTEXT(2) 
PARAMETRIC_REPRESENTATION_CONTEXT() REPRESENTATION_CONTEXT('2D SPACE',''
  ) );
#2573 = PCURVE('',#2574,#2579);
#2574 = CYLINDRICAL_SURFACE('',#2575,12.5);
#2575 = AXIS2_PLACEMENT_3D('',#2576,#2577,#2578);
#2576 = CARTESIAN_POINT('',(0.,0.,0.));
#2577 = DIRECTION('',(-1.,-0.,-0.));
#2578 = DIRECTION('',(0.,1.,0.));
#2579 = DEFINITIONAL_REPRESENTATION('',(#2580),#2646);
#2580 = B_SPLINE_CURVE_WITH_KNOTS('',8,(#2581,#2582,#2583,#2584,#2585,
    #2586,#2587,#2588,#2589,#2590,#2591,#2592,#2593,#2594,#2595,#2596,
    #2597,#2598,#2599,#2600,#2601,#2602,#2603,#2604,#2605,#2606,#2607,
    #2608,#2609,#2610,#2611,#2612,#2613,#2614,#2615,#2616,#2617,#2618,
    #2619,#2620,#2621,#2622,#2623,#2624,#2625,#2626,#2627,#2628,#2629,
    #2630,#2631,#2632,#2633,#2634,#2635,#2636,#2637,#2638,#2639,#2640,
    #2641,#2642,#2643,#2644,#2645),.UNSPECIFIED.,.F.,.F.,(9,7,7,7,7,7,7,
    7,7,9),(0.,8.958278601926E-02,0.225075647774,0.359369085988,
    0.450778785324,0.53437872818,0.617827001162,0.705690527632,
    0.850670828152,1.),.UNSPECIFIED.);
#2581 = CARTESIAN_POINT('',(-6.28318530718,-5.436375995076));
#2582 = CARTESIAN_POINT('',(-6.212870520028,-5.445327971436));
#2583 = CARTESIAN_POINT('',(-6.14254396317,-5.454279544264));
#2584 = CARTESIAN_POINT('',(-6.072210598121,-5.4632299742));
#2585 = CARTESIAN_POINT('',(-6.001874443041,-5.472179009863));
#2586 = CARTESIAN_POINT('',(-5.93153857274,-5.481126887845));
#2587 = CARTESIAN_POINT('',(-5.861205118675,-5.490074332718));
#2588 = CARTESIAN_POINT('',(-5.790875268949,-5.499022557025));
#2589 = CARTESIAN_POINT('',(-5.614182057543,-5.521511091377));
#2590 = CARTESIAN_POINT('',(-5.507733214199,-5.535065463655));
#2591 = CARTESIAN_POINT('',(-5.40133722452,-5.548622239515));
#2592 = CARTESIAN_POINT('',(-5.294970836923,-5.562187001244));
#2593 = CARTESIAN_POINT('',(-5.188597627372,-5.575756994302));
#2594 = CARTESIAN_POINT('',(-5.082185216495,-5.58932323033));
#2595 = CARTESIAN_POINT('',(-4.975723750278,-5.602878486576));
#2596 = CARTESIAN_POINT('',(-4.763966199832,-5.629815630299));
#2597 = CARTESIAN_POINT('',(-4.658448326883,-5.643218737776));
#2598 = CARTESIAN_POINT('',(-4.552978433761,-5.656639797205));
#2599 = CARTESIAN_POINT('',(-4.447547187447,-5.670003900636));
#2600 = CARTESIAN_POINT('',(-4.342122189804,-5.683429949209));
#2601 = CARTESIAN_POINT('',(-4.236667367942,-5.696959406122));
#2602 = CARTESIAN_POINT('',(-4.13115993392,-5.710377147922));
#2603 = CARTESIAN_POINT('',(-3.953962083786,-5.732902960983));
#2604 = CARTESIAN_POINT('',(-3.882176202218,-5.742024926159));
#2605 = CARTESIAN_POINT('',(-3.810403083583,-5.751155891248));
#2606 = CARTESIAN_POINT('',(-3.738648145873,-5.760298719568));
#2607 = CARTESIAN_POINT('',(-3.666904193865,-5.769449692515));
#2608 = CARTESIAN_POINT('',(-3.595158605991,-5.778603575256));
#2609 = CARTESIAN_POINT('',(-3.52339793857,-5.787757811051));
#2610 = CARTESIAN_POINT('',(-3.385966343851,-5.805281104536));
#2611 = CARTESIAN_POINT('',(-3.320309331291,-5.813648514283));
#2612 = CARTESIAN_POINT('',(-3.254652744781,-5.822010718784));
#2613 = CARTESIAN_POINT('',(-3.189001071444,-5.830366978361));
#2614 = CARTESIAN_POINT('',(-3.123355220973,-5.838717767949));
#2615 = CARTESIAN_POINT('',(-3.057712525641,-5.847064777096));
#2616 = CARTESIAN_POINT('',(-2.99206674029,-5.855410909966));
#2617 = CARTESIAN_POINT('',(-2.860868464648,-5.872094512978));
#2618 = CARTESIAN_POINT('',(-2.7953175527,-5.880431241803));
#2619 = CARTESIAN_POINT('',(-2.729763633804,-5.888770827902));
#2620 = CARTESIAN_POINT('',(-2.664212344184,-5.89711337853));
#2621 = CARTESIAN_POINT('',(-2.59866662898,-5.905458752104));
#2622 = CARTESIAN_POINT('',(-2.533126742248,-5.913806558203));
#2623 = CARTESIAN_POINT('',(-2.467590246963,-5.922156157564));
#2624 = CARTESIAN_POINT('',(-2.333046150999,-5.939298992342));
#2625 = CARTESIAN_POINT('',(-2.264041009822,-5.948092345201));
#2626 = CARTESIAN_POINT('',(-2.195032952296,-5.956885696604));
#2627 = CARTESIAN_POINT('',(-2.126020810829,-5.965678164572));
#2628 = CARTESIAN_POINT('',(-2.057005889426,-5.97446900921));
#2629 = CARTESIAN_POINT('',(-1.987991963686,-5.983257632708));
#2630 = CARTESIAN_POINT('',(-1.918985280809,-5.992043579337));
#2631 = CARTESIAN_POINT('',(-1.736155565205,-6.015318961018));
#2632 = CARTESIAN_POINT('',(-1.622169829396,-6.029827362366));
#2633 = CARTESIAN_POINT('',(-1.508257786059,-6.04432656948));
#2634 = CARTESIAN_POINT('',(-1.39439505545,-6.058823964999));
#2635 = CARTESIAN_POINT('',(-1.28053561461,-6.073327045823));
#2636 = CARTESIAN_POINT('',(-1.166633123475,-6.087835663141));
#2637 = CARTESIAN_POINT('',(-1.052650866547,-6.102350376226));
#2638 = CARTESIAN_POINT('',(-0.821509694179,-6.131774462065));
#2639 = CARTESIAN_POINT('',(-0.704063773866,-6.146720065967));
#2640 = CARTESIAN_POINT('',(-0.586704682235,-6.16164865223));
#2641 = CARTESIAN_POINT('',(-0.469395277829,-6.176567606178));
#2642 = CARTESIAN_POINT('',(-0.352086676341,-6.191493267687));
#2643 = CARTESIAN_POINT('',(-0.23472812401,-6.20644205986));
#2644 = CARTESIAN_POINT('',(-0.117282730582,-6.221413027653));
#2645 = CARTESIAN_POINT('',(0.,-6.236365155922));
#2646 = ( GEOMETRIC_REPRESENTATION_CONTEXT(2) 
PARAMETRIC_REPRESENTATION_CONTEXT() REPRESENTATION_CONTEXT('2D SPACE',''
  ) );
#2647 = ORIENTED_EDGE('',*,*,#2648,.F.);
#2648 = EDGE_CURVE('',#2649,#2435,#2651,.T.);
#2649 = VERTEX_POINT('',#2650);
#2650 = CARTESIAN_POINT('',(4.636375691958,12.5,0.));
#2651 = SURFACE_CURVE('',#2652,(#2718,#2787),.PCURVE_S1.);
#2652 = B_SPLINE_CURVE_WITH_KNOTS('',8,(#2653,#2654,#2655,#2656,#2657,
    #2658,#2659,#2660,#2661,#2662,#2663,#2664,#2665,#2666,#2667,#2668,
    #2669,#2670,#2671,#2672,#2673,#2674,#2675,#2676,#2677,#2678,#2679,
    #2680,#2681,#2682,#2683,#2684,#2685,#2686,#2687,#2688,#2689,#2690,
    #2691,#2692,#2693,#2694,#2695,#2696,#2697,#2698,#2699,#2700,#2701,
    #2702,#2703,#2704,#2705,#2706,#2707,#2708,#2709,#2710,#2711,#2712,
    #2713,#2714,#2715,#2716,#2717),.UNSPECIFIED.,.F.,.F.,(9,7,7,7,7,7,7,
    7,7,9),(0.,0.137798896873,0.27234519096,0.390039897996,
    0.476036555328,0.560089977373,0.666516687603,0.824745741702,
    0.91820198024,1.),.UNSPECIFIED.);
#2653 = CARTESIAN_POINT('',(4.636375691958,12.5,5.329070518201E-15));
#2654 = CARTESIAN_POINT('',(4.650150882395,12.5,-1.352265023392));
#2655 = CARTESIAN_POINT('',(4.663937271195,12.33280172075,
    -2.706018570082));
#2656 = CARTESIAN_POINT('',(4.677713804482,11.997823104688,
    -4.034977001942));
#2657 = CARTESIAN_POINT('',(4.69148648,11.49992519019,-5.314959875952));
#2658 = CARTESIAN_POINT('',(4.705263106664,10.847656512662,
    -6.523496092746));
#2659 = CARTESIAN_POINT('',(4.719048013092,10.052648370514,
    -7.639625420092));
#2660 = CARTESIAN_POINT('',(4.732840184423,9.130057973207,-8.64414384492
    ));
#2661 = CARTESIAN_POINT('',(4.760071210406,7.094169501586,
    -10.37625210182));
#2662 = CARTESIAN_POINT('',(4.773532042024,5.984290844163,
    -11.11117822397));
#2663 = CARTESIAN_POINT('',(4.786981912478,4.788430862257,
    -11.70941706175));
#2664 = CARTESIAN_POINT('',(4.800421386178,3.526422310308,
    -12.15978904812));
#2665 = CARTESIAN_POINT('',(4.813858124436,2.219205970411,
    -12.45453861481));
#2666 = CARTESIAN_POINT('',(4.827302905072,0.888660985415,
    -12.58892510058));
#2667 = CARTESIAN_POINT('',(4.840762358231,-0.442319622949,
    -12.56175850878));
#2668 = CARTESIAN_POINT('',(4.865986028673,-2.893348837725,
    -12.21526037754));
#2669 = CARTESIAN_POINT('',(4.877769789445,-4.020718126129,
    -11.93270252241));
#2670 = CARTESIAN_POINT('',(4.889557861229,-5.115908989717,
    -11.53120886428));
#2671 = CARTESIAN_POINT('',(4.901347370778,-6.164325724652,
    -11.01537465146));
#2672 = CARTESIAN_POINT('',(4.9131337598,-7.152338897236,-10.39159987537
    ));
#2673 = CARTESIAN_POINT('',(4.924910287974,-8.067366648036,
    -9.668155009752));
#2674 = CARTESIAN_POINT('',(4.936676037299,-8.897856678556,
    -8.855065066632));
#2675 = CARTESIAN_POINT('',(4.957010416435,-10.17156168039,
    -7.314475686869));
#2676 = CARTESIAN_POINT('',(4.965590340714,-10.65925579359,
    -6.622365985348));
#2677 = CARTESIAN_POINT('',(4.974170789474,-11.09301450441,
    -5.893265765877));
#2678 = CARTESIAN_POINT('',(4.982755738953,-11.4695493564,-5.1321332971)
  );
#2679 = CARTESIAN_POINT('',(4.99134754991,-11.78616618553,
    -4.344188877234));
#2680 = CARTESIAN_POINT('',(4.999946967625,-12.04076512023,
    -3.534914834068));
#2681 = CARTESIAN_POINT('',(5.008553121901,-12.23184058139,
    -2.710055524962));
#2682 = CARTESIAN_POINT('',(5.025579366015,-12.48226032926,
    -1.06003464593));
#2683 = CARTESIAN_POINT('',(5.033989451224,-12.54453619514,
    -0.235038127927));
#2684 = CARTESIAN_POINT('',(5.042392106801,-12.54447126853,
    0.593831638227));
#2685 = CARTESIAN_POINT('',(5.050787595149,-12.4818116973,1.42108120316)
  );
#2686 = CARTESIAN_POINT('',(5.059178116963,-12.35688738867,
    2.241264247063));
#2687 = CARTESIAN_POINT('',(5.06756781123,-12.17061200917,3.048981579689
    ));
#2688 = CARTESIAN_POINT('',(5.075962755229,-11.92448298467,
    3.838881140354));
#2689 = CARTESIAN_POINT('',(5.095017265811,-11.23578770581,
    5.576535047882));
#2690 = CARTESIAN_POINT('',(5.105680052804,-10.75808242382,
    6.511193819899));
#2691 = CARTESIAN_POINT('',(5.11634778672,-10.19162689833,7.398647086843
    ));
#2692 = CARTESIAN_POINT('',(5.127009542449,-9.542043509303,
    8.229087901046));
#2693 = CARTESIAN_POINT('',(5.137660330518,-8.81608199091,8.993665834061
    ));
#2694 = CARTESIAN_POINT('',(5.148301722239,-8.021489536594,
    9.684420859603));
#2695 = CARTESIAN_POINT('',(5.158937778052,-7.167084790923,
    10.294374879663));
#2696 = CARTESIAN_POINT('',(5.185368117319,-4.918948067092,
    11.595950568949));
#2697 = CARTESIAN_POINT('',(5.201189345948,-3.462066617586,
    12.184589384767));
#2698 = CARTESIAN_POINT('',(5.216998543128,-1.927106499142,
    12.562099510112));
#2699 = CARTESIAN_POINT('',(5.232819153873,-0.349968502221,
    12.718425035117));
#2700 = CARTESIAN_POINT('',(5.248654468109,1.233255300807,
    12.649010042285));
#2701 = CARTESIAN_POINT('',(5.264498262881,2.786323918795,
    12.356536929494));
#2702 = CARTESIAN_POINT('',(5.280352956288,4.273080793125,11.84920073941
    ));
#2703 = CARTESIAN_POINT('',(5.305529600392,6.476224526202,
    10.730807231263));
#2704 = CARTESIAN_POINT('',(5.314876375755,7.259613114486,
    10.246794700205));
#2705 = CARTESIAN_POINT('',(5.324221642387,8.001371708299,9.697622600417
    ));
#2706 = CARTESIAN_POINT('',(5.333565803177,8.695171335984,9.087501998608
    ));
#2707 = CARTESIAN_POINT('',(5.342909310929,9.335297317218,8.421285968164
    ));
#2708 = CARTESIAN_POINT('',(5.352252668359,9.916649263017,7.70446958915)
  );
#2709 = CARTESIAN_POINT('',(5.361596428098,10.434741075732,
    6.943189948307));
#2710 = CARTESIAN_POINT('',(5.379120242589,11.280405735008,
    5.444929243749));
#2711 = CARTESIAN_POINT('',(5.387297931403,11.623723873491,
    4.716819419015));
#2712 = CARTESIAN_POINT('',(5.395476241311,11.913189893059,
    3.964211747368));
#2713 = CARTESIAN_POINT('',(5.403656147515,12.146817655034,
    3.191639403131));
#2714 = CARTESIAN_POINT('',(5.411837618238,12.323100353496,
    2.403853652432));
#2715 = CARTESIAN_POINT('',(5.420019614726,12.441010515285,
    1.605823853212));
#2716 = CARTESIAN_POINT('',(5.428200091242,12.5,0.802737455217));
#2717 = CARTESIAN_POINT('',(5.436375995076,12.5,1.7763568394E-14));
#2718 = PCURVE('',#261,#2719);
#2719 = DEFINITIONAL_REPRESENTATION('',(#2720),#2786);
#2720 = B_SPLINE_CURVE_WITH_KNOTS('',8,(#2721,#2722,#2723,#2724,#2725,
    #2726,#2727,#2728,#2729,#2730,#2731,#2732,#2733,#2734,#2735,#2736,
    #2737,#2738,#2739,#2740,#2741,#2742,#2743,#2744,#2745,#2746,#2747,
    #2748,#2749,#2750,#2751,#2752,#2753,#2754,#2755,#2756,#2757,#2758,
    #2759,#2760,#2761,#2762,#2763,#2764,#2765,#2766,#2767,#2768,#2769,
    #2770,#2771,#2772,#2773,#2774,#2775,#2776,#2777,#2778,#2779,#2780,
    #2781,#2782,#2783,#2784,#2785),.UNSPECIFIED.,.F.,.F.,(9,7,7,7,7,7,7,
    7,7,9),(0.,0.137798896873,0.27234519096,0.390039897996,
    0.476036555328,0.560089977373,0.666516687603,0.824745741702,
    0.91820198024,1.),.UNSPECIFIED.);
#2721 = CARTESIAN_POINT('',(4.151470245669E-02,39.586937161385));
#2722 = CARTESIAN_POINT('',(4.151603296379E-02,39.695991454302));
#2723 = CARTESIAN_POINT('',(4.151277979183E-02,39.805166207238));
#2724 = CARTESIAN_POINT('',(4.150620704177E-02,39.914285958967));
#2725 = CARTESIAN_POINT('',(4.150127983925E-02,40.023363751263));
#2726 = CARTESIAN_POINT('',(4.150174737547E-02,40.132435401085));
#2727 = CARTESIAN_POINT('',(4.150686624666E-02,40.241540337242));
#2728 = CARTESIAN_POINT('',(4.151184251718E-02,40.350703781985));
#2729 = CARTESIAN_POINT('',(4.151624674531E-02,40.566271817497));
#2730 = CARTESIAN_POINT('',(4.151571955349E-02,40.67285009727));
#2731 = CARTESIAN_POINT('',(4.151009085129E-02,40.779376984507));
#2732 = CARTESIAN_POINT('',(4.149697795013E-02,40.885873477325));
#2733 = CARTESIAN_POINT('',(4.147998914839E-02,40.992375201132));
#2734 = CARTESIAN_POINT('',(4.14667312278E-02,41.098914717019));
#2735 = CARTESIAN_POINT('',(4.146320339497E-02,41.205502899657));
#2736 = CARTESIAN_POINT('',(4.147394271348E-02,41.405133974589));
#2737 = CARTESIAN_POINT('',(4.148607942516E-02,41.49834637994));
#2738 = CARTESIAN_POINT('',(4.150525807751E-02,41.591544064531));
#2739 = CARTESIAN_POINT('',(4.15282045724E-02,41.684726993324));
#2740 = CARTESIAN_POINT('',(4.154759695469E-02,41.777909871623));
#2741 = CARTESIAN_POINT('',(4.155364160776E-02,41.87110727571));
#2742 = CARTESIAN_POINT('',(4.154512136426E-02,41.964320381772));
#2743 = CARTESIAN_POINT('',(4.151472259164E-02,42.125526431892));
#2744 = CARTESIAN_POINT('',(4.149438015679E-02,42.193598141664));
#2745 = CARTESIAN_POINT('',(4.147353456482E-02,42.261677495216));
#2746 = CARTESIAN_POINT('',(4.145730041765E-02,42.329760492284));
#2747 = CARTESIAN_POINT('',(4.144890172908E-02,42.397843457579));
#2748 = CARTESIAN_POINT('',(4.14496719248E-02,42.465923040795));
#2749 = CARTESIAN_POINT('',(4.145905384237E-02,42.533996216598));
#2750 = CARTESIAN_POINT('',(4.14897943353E-02,42.668586333605));
#2751 = CARTESIAN_POINT('',(4.149843022899E-02,42.735112322417));
#2752 = CARTESIAN_POINT('',(4.149826569964E-02,42.801640538542));
#2753 = CARTESIAN_POINT('',(4.148950265124E-02,42.868171661873));
#2754 = CARTESIAN_POINT('',(4.147478660445E-02,42.934704764726));
#2755 = CARTESIAN_POINT('',(4.145920669665E-02,43.001237311841));
#2756 = CARTESIAN_POINT('',(4.145029568185E-02,43.067765160379));
#2757 = CARTESIAN_POINT('',(4.146782287733E-02,43.218505519972));
#2758 = CARTESIAN_POINT('',(4.148995039544E-02,43.302773434548));
#2759 = CARTESIAN_POINT('',(4.151824712835E-02,43.387037716927));
#2760 = CARTESIAN_POINT('',(4.154147332039E-02,43.471289842733));
#2761 = CARTESIAN_POINT('',(4.155214855016E-02,43.555542202873));
#2762 = CARTESIAN_POINT('',(4.155005295555E-02,43.639808763612));
#2763 = CARTESIAN_POINT('',(4.154039595071E-02,43.724085533794));
#2764 = CARTESIAN_POINT('',(4.150621937321E-02,43.933581868391));
#2765 = CARTESIAN_POINT('',(4.147715582718E-02,44.059046291304));
#2766 = CARTESIAN_POINT('',(4.145322785647E-02,44.184379830012));
#2767 = CARTESIAN_POINT('',(4.145290118113E-02,44.309640005017));
#2768 = CARTESIAN_POINT('',(4.147089046909E-02,44.434889529755));
#2769 = CARTESIAN_POINT('',(4.148989256378E-02,44.560199172162));
#2770 = CARTESIAN_POINT('',(4.150358419347E-02,44.685631943609));
#2771 = CARTESIAN_POINT('',(4.151478160491E-02,44.884887515783));
#2772 = CARTESIAN_POINT('',(4.151620906248E-02,44.958879657229));
#2773 = CARTESIAN_POINT('',(4.151549913172E-02,45.032874681111));
#2774 = CARTESIAN_POINT('',(4.151330584788E-02,45.10687123999));
#2775 = CARTESIAN_POINT('',(4.151034428425E-02,45.180867958188));
#2776 = CARTESIAN_POINT('',(4.150739055216E-02,45.254863431785));
#2777 = CARTESIAN_POINT('',(4.150528180099E-02,45.328856228622));
#2778 = CARTESIAN_POINT('',(4.150459624005E-02,45.467603816555));
#2779 = CARTESIAN_POINT('',(4.150546251641E-02,45.53234373909));
#2780 = CARTESIAN_POINT('',(4.150727814854E-02,45.597081993092));
#2781 = CARTESIAN_POINT('',(4.150969768157E-02,45.661828696183));
#2782 = CARTESIAN_POINT('',(4.151226710453E-02,45.72658674643));
#2783 = CARTESIAN_POINT('',(4.15144238503E-02,45.79135182234));
#2784 = CARTESIAN_POINT('',(4.151549679563E-02,45.856112382859));
#2785 = CARTESIAN_POINT('',(4.151470626116E-02,45.920849667376));
#2786 = ( GEOMETRIC_REPRESENTATION_CONTEXT(2) 
PARAMETRIC_REPRESENTATION_CONTEXT() REPRESENTATION_CONTEXT('2D SPACE',''
  ) );
#2787 = PCURVE('',#2788,#2793);
#2788 = CYLINDRICAL_SURFACE('',#2789,12.5);
#2789 = AXIS2_PLACEMENT_3D('',#2790,#2791,#2792);
#2790 = CARTESIAN_POINT('',(0.,0.,0.));
#2791 = DIRECTION('',(-1.,-0.,-0.));
#2792 = DIRECTION('',(0.,1.,0.));
#2793 = DEFINITIONAL_REPRESENTATION('',(#2794),#2860);
#2794 = B_SPLINE_CURVE_WITH_KNOTS('',8,(#2795,#2796,#2797,#2798,#2799,
    #2800,#2801,#2802,#2803,#2804,#2805,#2806,#2807,#2808,#2809,#2810,
    #2811,#2812,#2813,#2814,#2815,#2816,#2817,#2818,#2819,#2820,#2821,
    #2822,#2823,#2824,#2825,#2826,#2827,#2828,#2829,#2830,#2831,#2832,
    #2833,#2834,#2835,#2836,#2837,#2838,#2839,#2840,#2841,#2842,#2843,
    #2844,#2845,#2846,#2847,#2848,#2849,#2850,#2851,#2852,#2853,#2854,
    #2855,#2856,#2857,#2858,#2859),.UNSPECIFIED.,.F.,.F.,(9,7,7,7,7,7,7,
    7,7,9),(0.,0.137798896873,0.27234519096,0.390039897996,
    0.476036555328,0.560089977373,0.666516687603,0.824745741702,
    0.91820198024,1.),.UNSPECIFIED.);
#2795 = CARTESIAN_POINT('',(-6.28318530718,-4.636375691958));
#2796 = CARTESIAN_POINT('',(-6.175004105308,-4.650150882395));
#2797 = CARTESIAN_POINT('',(-6.066703654189,-4.663937271195));
#2798 = CARTESIAN_POINT('',(-5.958458121363,-4.677713804482));
#2799 = CARTESIAN_POINT('',(-5.85025457844,-4.69148648));
#2800 = CARTESIAN_POINT('',(-5.742057244225,-4.705263106664));
#2801 = CARTESIAN_POINT('',(-5.633826694284,-4.719048013092));
#2802 = CARTESIAN_POINT('',(-5.525537779056,-4.732840184423));
#2803 = CARTESIAN_POINT('',(-5.311696104801,-4.760071210406));
#2804 = CARTESIAN_POINT('',(-5.205971061956,-4.773532042024));
#2805 = CARTESIAN_POINT('',(-5.100296730842,-4.786981912478));
#2806 = CARTESIAN_POINT('',(-4.994652441508,-4.800421386178));
#2807 = CARTESIAN_POINT('',(-4.889003136559,-4.813858124436));
#2808 = CARTESIAN_POINT('',(-4.783316681813,-4.827302905072));
#2809 = CARTESIAN_POINT('',(-4.677582185825,-4.840762358231));
#2810 = CARTESIAN_POINT('',(-4.479550185718,-4.865986028673));
#2811 = CARTESIAN_POINT('',(-4.387084502361,-4.877769789445));
#2812 = CARTESIAN_POINT('',(-4.294633402742,-4.889557861229));
#2813 = CARTESIAN_POINT('',(-4.202196803011,-4.901347370778));
#2814 = CARTESIAN_POINT('',(-4.109760016001,-4.9131337598));
#2815 = CARTESIAN_POINT('',(-4.017308738675,-4.924910287974));
#2816 = CARTESIAN_POINT('',(-3.924842049184,-4.936676037299));
#2817 = CARTESIAN_POINT('',(-3.764927270505,-4.957010416435));
#2818 = CARTESIAN_POINT('',(-3.697401010365,-4.965590340714));
#2819 = CARTESIAN_POINT('',(-3.629867282324,-4.974170789474));
#2820 = CARTESIAN_POINT('',(-3.562329968776,-4.982755738953));
#2821 = CARTESIAN_POINT('',(-3.494792619866,-4.99134754991));
#2822 = CARTESIAN_POINT('',(-3.42725845349,-4.999946967625));
#2823 = CARTESIAN_POINT('',(-3.359730355291,-5.008553121901));
#2824 = CARTESIAN_POINT('',(-3.226217115166,-5.025579366015));
#2825 = CARTESIAN_POINT('',(-3.16022341202,-5.033989451224));
#2826 = CARTESIAN_POINT('',(-3.09422750207,-5.042392106801));
#2827 = CARTESIAN_POINT('',(-3.028228734506,-5.050787595149));
#2828 = CARTESIAN_POINT('',(-2.962228074856,-5.059178116963));
#2829 = CARTESIAN_POINT('',(-2.896228104992,-5.06756781123));
#2830 = CARTESIAN_POINT('',(-2.830233023125,-5.075962755229));
#2831 = CARTESIAN_POINT('',(-2.68070058299,-5.095017265811));
#2832 = CARTESIAN_POINT('',(-2.59710814965,-5.105680052804));
#2833 = CARTESIAN_POINT('',(-2.513519165651,-5.11634778672));
#2834 = CARTESIAN_POINT('',(-2.429941934013,-5.127009542449));
#2835 = CARTESIAN_POINT('',(-2.346364210007,-5.137660330518));
#2836 = CARTESIAN_POINT('',(-2.26277231144,-5.148301722239));
#2837 = CARTESIAN_POINT('',(-2.179170368133,-5.158937778052));
#2838 = CARTESIAN_POINT('',(-1.971351708659,-5.185368117319));
#2839 = CARTESIAN_POINT('',(-1.846892206331,-5.201189345948));
#2840 = CARTESIAN_POINT('',(-1.72256284019,-5.216998543128));
#2841 = CARTESIAN_POINT('',(-1.598306310727,-5.232819153873));
#2842 = CARTESIAN_POINT('',(-1.474059710462,-5.248654468109));
#2843 = CARTESIAN_POINT('',(-1.349753031765,-5.264498262881));
#2844 = CARTESIAN_POINT('',(-1.225324105453,-5.280352956288));
#2845 = CARTESIAN_POINT('',(-1.027663445166,-5.305529600392));
#2846 = CARTESIAN_POINT('',(-0.954263617975,-5.314876375755));
#2847 = CARTESIAN_POINT('',(-0.880861048944,-5.324221642387));
#2848 = CARTESIAN_POINT('',(-0.807457109071,-5.333565803177));
#2849 = CARTESIAN_POINT('',(-0.734053169245,-5.342909310929));
#2850 = CARTESIAN_POINT('',(-0.660650600245,-5.352252668359));
#2851 = CARTESIAN_POINT('',(-0.587250772743,-5.361596428098));
#2852 = CARTESIAN_POINT('',(-0.449615106324,-5.379120242589));
#2853 = CARTESIAN_POINT('',(-0.385394025945,-5.387297931403));
#2854 = CARTESIAN_POINT('',(-0.321174562809,-5.395476241311));
#2855 = CARTESIAN_POINT('',(-0.256946640154,-5.403656147515));
#2856 = CARTESIAN_POINT('',(-0.192707357818,-5.411837618238));
#2857 = CARTESIAN_POINT('',(-0.12846099223,-5.420019614726));
#2858 = CARTESIAN_POINT('',(-6.421899641735E-02,-5.428200091242));
#2859 = CARTESIAN_POINT('',(0.,-5.436375995076));
#2860 = ( GEOMETRIC_REPRESENTATION_CONTEXT(2) 
PARAMETRIC_REPRESENTATION_CONTEXT() REPRESENTATION_CONTEXT('2D SPACE',''
  ) );
#2861 = ORIENTED_EDGE('',*,*,#2862,.F.);
#2862 = EDGE_CURVE('',#2863,#2649,#2865,.T.);
#2863 = VERTEX_POINT('',#2864);
#2864 = CARTESIAN_POINT('',(3.836365185998,12.5,0.));
#2865 = SURFACE_CURVE('',#2866,(#2932,#3001),.PCURVE_S1.);
#2866 = B_SPLINE_CURVE_WITH_KNOTS('',8,(#2867,#2868,#2869,#2870,#2871,
    #2872,#2873,#2874,#2875,#2876,#2877,#2878,#2879,#2880,#2881,#2882,
    #2883,#2884,#2885,#2886,#2887,#2888,#2889,#2890,#2891,#2892,#2893,
    #2894,#2895,#2896,#2897,#2898,#2899,#2900,#2901,#2902,#2903,#2904,
    #2905,#2906,#2907,#2908,#2909,#2910,#2911,#2912,#2913,#2914,#2915,
    #2916,#2917,#2918,#2919,#2920,#2921,#2922,#2923,#2924,#2925,#2926,
    #2927,#2928,#2929,#2930,#2931),.UNSPECIFIED.,.F.,.F.,(9,7,7,7,7,7,7,
    7,7,9),(0.,8.560446571065E-02,0.232422026741,0.364955072341,
    0.45753021081,0.574368483411,0.671090864973,0.826943219457,
    0.917132778943,1.),.UNSPECIFIED.);
#2867 = CARTESIAN_POINT('',(3.836365185998,12.5,-5.329070518201E-15));
#2868 = CARTESIAN_POINT('',(3.84491111909,12.5,-0.840074709048));
#2869 = CARTESIAN_POINT('',(3.85345951644,12.435444589898,
    -1.680405929833));
#2870 = CARTESIAN_POINT('',(3.862011149591,12.30634898912,
    -2.514949082436));
#2871 = CARTESIAN_POINT('',(3.870566331022,12.11333590696,
    -3.337848453141));
#2872 = CARTESIAN_POINT('',(3.879124914143,11.857635542577,
    -4.143437194434));
#2873 = CARTESIAN_POINT('',(3.887686293302,11.541085584995,
    -4.926237325003));
#2874 = CARTESIAN_POINT('',(3.896249403779,11.166131213104,
    -5.680959729739));
#2875 = CARTESIAN_POINT('',(3.919499402614,9.997820435097,-7.64000260689
    ));
#2876 = CARTESIAN_POINT('',(3.934207083622,9.095876789338,
    -8.781787556376));
#2877 = CARTESIAN_POINT('',(3.94890201966,8.045741958851,-9.800051719471
    ));
#2878 = CARTESIAN_POINT('',(3.963581515724,6.86777039086,-10.67306246785
    ));
#2879 = CARTESIAN_POINT('',(3.978253723659,5.585127060167,-11.3833685841
    ));
#2880 = CARTESIAN_POINT('',(3.992931385042,4.223293301397,
    -11.91714143973));
#2881 = CARTESIAN_POINT('',(4.007622229351,2.810456015463,
    -12.26488791029));
#2882 = CARTESIAN_POINT('',(4.035547302889,8.560198234788E-02,
    -12.56719821201));
#2883 = CARTESIAN_POINT('',(4.048809779488,-1.225340981648,
    -12.55700705683));
#2884 = CARTESIAN_POINT('',(4.062069073338,-2.531507992164,
    -12.39021873566));
#2885 = CARTESIAN_POINT('',(4.075324648476,-3.811099148813,
    -12.06854878768));
#2886 = CARTESIAN_POINT('',(4.088576111988,-5.043330391154,
    -11.59700516167));
#2887 = CARTESIAN_POINT('',(4.101824922562,-6.208340487259,
    -10.98344331163));
#2888 = CARTESIAN_POINT('',(4.11507523242,-7.287363586838,
    -10.23896502712));
#2889 = CARTESIAN_POINT('',(4.137562843314,-8.945137525941,
    -8.77838796032));
#2890 = CARTESIAN_POINT('',(4.146810911342,-9.577134781785,
    -8.120921979397));
#2891 = CARTESIAN_POINT('',(4.156060848823,-10.15368818356,
    -7.41171114221));
#2892 = CARTESIAN_POINT('',(4.165313853689,-10.66984522386,
    -6.656262911055));
#2893 = CARTESIAN_POINT('',(4.174570550565,-11.12138690034,
    -5.860529497123));
#2894 = CARTESIAN_POINT('',(4.183830990762,-11.50482771572,
    -5.030907860498));
#2895 = CARTESIAN_POINT('',(4.193094652283,-11.81741567777,
    -4.174239710162));
#2896 = CARTESIAN_POINT('',(4.214054709233,-12.35967655089,
    -2.191679130214));
#2897 = CARTESIAN_POINT('',(4.225760621944,-12.54645481866,
    -1.053053519349));
#2898 = CARTESIAN_POINT('',(4.237463053446,-12.61302196384,
    0.102861329522));
#2899 = CARTESIAN_POINT('',(4.249156029325,-12.55785938982,
    1.261107694252));
#2900 = CARTESIAN_POINT('',(4.260834318621,-12.38157235952,
    2.407018918091));
#2901 = CARTESIAN_POINT('',(4.272498997166,-12.08661585946,
    3.526217923986));
#2902 = CARTESIAN_POINT('',(4.284160552344,-11.67744340854,
    4.604650789364));
#2903 = CARTESIAN_POINT('',(4.305477723668,-10.73342300218,6.47650712162
    ));
#2904 = CARTESIAN_POINT('',(4.315133753058,-10.23221728724,
    7.287281069676));
#2905 = CARTESIAN_POINT('',(4.324805268576,-9.661231424345,
    8.053293852677));
#2906 = CARTESIAN_POINT('',(4.334470015114,-9.025215717182,
    8.767618879252));
#2907 = CARTESIAN_POINT('',(4.344162284666,-8.329620566746,
    9.424012703639));
#2908 = CARTESIAN_POINT('',(4.353879216925,-7.580538105802,
    10.016871471445));
#2909 = CARTESIAN_POINT('',(4.363534021292,-6.784737084112,
    10.541287121755));
#2910 = CARTESIAN_POINT('',(4.388748051473,-4.604350810287,
    11.721362240765));
#2911 = CARTESIAN_POINT('',(4.404318741405,-3.154918123731,
    12.262520416391));
#2912 = CARTESIAN_POINT('',(4.419936203799,-1.635041639977,
    12.59713852795));
#2913 = CARTESIAN_POINT('',(4.435587186655,-7.919632082984E-02,
    12.716359976877));
#2914 = CARTESIAN_POINT('',(4.451203143035,1.478050916237,
    12.616534635316));
#2915 = CARTESIAN_POINT('',(4.466802379224,3.002050653937,
    12.300869551882));
#2916 = CARTESIAN_POINT('',(4.482397747756,4.458218640409,
    11.777719024714));
#2917 = CARTESIAN_POINT('',(4.506968202039,6.596341770412,
    10.654671048966));
#2918 = CARTESIAN_POINT('',(4.515972917746,7.346881938294,
    10.179503620718));
#2919 = CARTESIAN_POINT('',(4.524978950305,8.058049383544,9.6440772833)
  );
#2920 = CARTESIAN_POINT('',(4.533988349211,8.724208194641,9.052211361768
    ));
#2921 = CARTESIAN_POINT('',(4.543002023092,9.340245239981,8.408302440975
    ));
#2922 = CARTESIAN_POINT('',(4.552019739714,9.901570167872,7.71732436557)
  );
#2923 = CARTESIAN_POINT('',(4.561040125979,10.404115406543,
    6.984828239997));
#2924 = CARTESIAN_POINT('',(4.578348847259,11.248816139876,
    5.511399972692));
#2925 = CARTESIAN_POINT('',(4.586639732424,11.600899425506,
    4.775654531322));
#2926 = CARTESIAN_POINT('',(4.594931892667,11.897895852665,
    4.014391072309));
#2927 = CARTESIAN_POINT('',(4.603224096493,12.137652121298,
    3.232447743717));
#2928 = CARTESIAN_POINT('',(4.611515311674,12.31855179965,2.434815873758
    ));
#2929 = CARTESIAN_POINT('',(4.61980470524,12.439515324267,1.626639970792
    ));
#2930 = CARTESIAN_POINT('',(4.628091643483,12.5,0.813217723322));
#2931 = CARTESIAN_POINT('',(4.636375691958,12.5,5.329070518201E-15));
#2932 = PCURVE('',#261,#2933);
#2933 = DEFINITIONAL_REPRESENTATION('',(#2934),#3000);
#2934 = B_SPLINE_CURVE_WITH_KNOTS('',8,(#2935,#2936,#2937,#2938,#2939,
    #2940,#2941,#2942,#2943,#2944,#2945,#2946,#2947,#2948,#2949,#2950,
    #2951,#2952,#2953,#2954,#2955,#2956,#2957,#2958,#2959,#2960,#2961,
    #2962,#2963,#2964,#2965,#2966,#2967,#2968,#2969,#2970,#2971,#2972,
    #2973,#2974,#2975,#2976,#2977,#2978,#2979,#2980,#2981,#2982,#2983,
    #2984,#2985,#2986,#2987,#2988,#2989,#2990,#2991,#2992,#2993,#2994,
    #2995,#2996,#2997,#2998,#2999),.UNSPECIFIED.,.F.,.F.,(9,7,7,7,7,7,7,
    7,7,9),(0.,8.560446571065E-02,0.232422026741,0.364955072341,
    0.45753021081,0.574368483411,0.671090864973,0.826943219457,
    0.917132778943,1.),.UNSPECIFIED.);
#2935 = CARTESIAN_POINT('',(4.150252308061E-02,33.253028336479));
#2936 = CARTESIAN_POINT('',(4.148996030482E-02,33.320776953444));
#2937 = CARTESIAN_POINT('',(4.147821516935E-02,33.388539408782));
#2938 = CARTESIAN_POINT('',(4.146921752795E-02,33.456308423084));
#2939 = CARTESIAN_POINT('',(4.146413101031E-02,33.524078397877));
#2940 = CARTESIAN_POINT('',(4.146335302211E-02,33.591845415626));
#2941 = CARTESIAN_POINT('',(4.146651474497E-02,33.659607239729));
#2942 = CARTESIAN_POINT('',(4.14724811365E-02,33.727363314523));
#2943 = CARTESIAN_POINT('',(4.149113310019E-02,33.911313174715));
#2944 = CARTESIAN_POINT('',(4.150636664709E-02,34.027653907544));
#2945 = CARTESIAN_POINT('',(4.151896962081E-02,34.143911982578));
#2946 = CARTESIAN_POINT('',(4.152134881728E-02,34.26011873882));
#2947 = CARTESIAN_POINT('',(4.151552789947E-02,34.376324678642));
#2948 = CARTESIAN_POINT('',(4.150876725954E-02,34.492580314293));
#2949 = CARTESIAN_POINT('',(4.150518337431E-02,34.608918285849));
#2950 = CARTESIAN_POINT('',(4.150459740028E-02,34.830015982559));
#2951 = CARTESIAN_POINT('',(4.150700691914E-02,34.935003434966));
#2952 = CARTESIAN_POINT('',(4.151228856394E-02,35.039945763534));
#2953 = CARTESIAN_POINT('',(4.151825856037E-02,35.144853874554));
#2954 = CARTESIAN_POINT('',(4.151988138235E-02,35.249759590433));
#2955 = CARTESIAN_POINT('',(4.151409333701E-02,35.354695714022));
#2956 = CARTESIAN_POINT('',(4.150342020021E-02,35.459677597767));
#2957 = CARTESIAN_POINT('',(4.14838122932E-02,35.637856758897));
#2958 = CARTESIAN_POINT('',(4.147473627896E-02,35.711140262589));
#2959 = CARTESIAN_POINT('',(4.146724033671E-02,35.784427605901));
#2960 = CARTESIAN_POINT('',(4.146314131307E-02,35.857715669183));
#2961 = CARTESIAN_POINT('',(4.146348051438E-02,35.931002173873));
#2962 = CARTESIAN_POINT('',(4.146852370665E-02,36.004285682495));
#2963 = CARTESIAN_POINT('',(4.147776111563E-02,36.077565598661));
#2964 = CARTESIAN_POINT('',(4.150523717974E-02,36.243323883188));
#2965 = CARTESIAN_POINT('',(4.152456445969E-02,36.335870051302));
#2966 = CARTESIAN_POINT('',(4.154377041332E-02,36.428389498798));
#2967 = CARTESIAN_POINT('',(4.155654398492E-02,36.520878706075));
#2968 = CARTESIAN_POINT('',(4.15543091623E-02,36.613355752679));
#2969 = CARTESIAN_POINT('',(4.153500028527E-02,36.705843487017));
#2970 = CARTESIAN_POINT('',(4.150833383013E-02,36.798357535652));
#2971 = CARTESIAN_POINT('',(4.146609493996E-02,36.967426874366));
#2972 = CARTESIAN_POINT('',(4.144701307678E-02,37.044009782881));
#2973 = CARTESIAN_POINT('',(4.144787042554E-02,37.120576973521));
#2974 = CARTESIAN_POINT('',(4.144293557949E-02,37.197130756791));
#2975 = CARTESIAN_POINT('',(4.147001635491E-02,37.273680348233));
#2976 = CARTESIAN_POINT('',(4.152416972417E-02,37.350237384363));
#2977 = CARTESIAN_POINT('',(4.150518687174E-02,37.426809889636));
#2978 = CARTESIAN_POINT('',(4.14605153878E-02,37.626749035086));
#2979 = CARTESIAN_POINT('',(4.141841245459E-02,37.750320312486));
#2980 = CARTESIAN_POINT('',(4.144530790216E-02,37.87378323964));
#2981 = CARTESIAN_POINT('',(4.15195424618E-02,37.997183150699));
#2982 = CARTESIAN_POINT('',(4.155337149557E-02,38.120586048058));
#2983 = CARTESIAN_POINT('',(4.155924023189E-02,38.244050533898));
#2984 = CARTESIAN_POINT('',(4.154361774841E-02,38.367633489508));
#2985 = CARTESIAN_POINT('',(4.150965218166E-02,38.562402929991));
#2986 = CARTESIAN_POINT('',(4.149493250727E-02,38.633798869811));
#2987 = CARTESIAN_POINT('',(4.148122216606E-02,38.705198233719));
#2988 = CARTESIAN_POINT('',(4.147079743816E-02,38.776601457077));
#2989 = CARTESIAN_POINT('',(4.146493235454E-02,38.848006895495));
#2990 = CARTESIAN_POINT('',(4.146389869703E-02,38.919410824827));
#2991 = CARTESIAN_POINT('',(4.146696599829E-02,38.990807441172));
#2992 = CARTESIAN_POINT('',(4.147739578272E-02,39.127774943337));
#2993 = CARTESIAN_POINT('',(4.148470377042E-02,39.193366397745));
#2994 = CARTESIAN_POINT('',(4.149277855835E-02,39.25896262791));
#2995 = CARTESIAN_POINT('',(4.150041878689E-02,39.324562217827));
#2996 = CARTESIAN_POINT('',(4.150676868332E-02,39.390162931676));
#2997 = CARTESIAN_POINT('',(4.151131806185E-02,39.455761713823));
#2998 = CARTESIAN_POINT('',(4.151390232362E-02,39.521354688815));
#2999 = CARTESIAN_POINT('',(4.151470245669E-02,39.586937161385));
#3000 = ( GEOMETRIC_REPRESENTATION_CONTEXT(2) 
PARAMETRIC_REPRESENTATION_CONTEXT() REPRESENTATION_CONTEXT('2D SPACE',''
  ) );
#3001 = PCURVE('',#3002,#3007);
#3002 = CYLINDRICAL_SURFACE('',#3003,12.5);
#3003 = AXIS2_PLACEMENT_3D('',#3004,#3005,#3006);
#3004 = CARTESIAN_POINT('',(0.,0.,0.));
#3005 = DIRECTION('',(-1.,-0.,-0.));
#3006 = DIRECTION('',(0.,1.,0.));
#3007 = DEFINITIONAL_REPRESENTATION('',(#3008),#3074);
#3008 = B_SPLINE_CURVE_WITH_KNOTS('',8,(#3009,#3010,#3011,#3012,#3013,
    #3014,#3015,#3016,#3017,#3018,#3019,#3020,#3021,#3022,#3023,#3024,
    #3025,#3026,#3027,#3028,#3029,#3030,#3031,#3032,#3033,#3034,#3035,
    #3036,#3037,#3038,#3039,#3040,#3041,#3042,#3043,#3044,#3045,#3046,
    #3047,#3048,#3049,#3050,#3051,#3052,#3053,#3054,#3055,#3056,#3057,
    #3058,#3059,#3060,#3061,#3062,#3063,#3064,#3065,#3066,#3067,#3068,
    #3069,#3070,#3071,#3072,#3073),.UNSPECIFIED.,.F.,.F.,(9,7,7,7,7,7,7,
    7,7,9),(0.,8.560446571065E-02,0.232422026741,0.364955072341,
    0.45753021081,0.574368483411,0.671090864973,0.826943219457,
    0.917132778943,1.),.UNSPECIFIED.);
#3009 = CARTESIAN_POINT('',(-6.28318530718,-3.836365185998));
#3010 = CARTESIAN_POINT('',(-6.215979330456,-3.84491111909));
#3011 = CARTESIAN_POINT('',(-6.148759695683,-3.85345951644));
#3012 = CARTESIAN_POINT('',(-6.081533574056,-3.862011149591));
#3013 = CARTESIAN_POINT('',(-6.014306478324,-3.870566331022));
#3014 = CARTESIAN_POINT('',(-5.947082262786,-3.879124914143));
#3015 = CARTESIAN_POINT('',(-5.879863123293,-3.887686293302));
#3016 = CARTESIAN_POINT('',(-5.81264959725,-3.896249403779));
#3017 = CARTESIAN_POINT('',(-5.63017243693,-3.919499402614));
#3018 = CARTESIAN_POINT('',(-5.514762884265,-3.934207083622));
#3019 = CARTESIAN_POINT('',(-5.399435145841,-3.94890201966));
#3020 = CARTESIAN_POINT('',(-5.284158436674,-3.963581515724));
#3021 = CARTESIAN_POINT('',(-5.168882988416,-3.978253723659));
#3022 = CARTESIAN_POINT('',(-5.053558761659,-3.992931385042));
#3023 = CARTESIAN_POINT('',(-4.938153101637,-4.007622229351));
#3024 = CARTESIAN_POINT('',(-4.718827283435,-4.035547302889));
#3025 = CARTESIAN_POINT('',(-4.614681215546,-4.048809779488));
#3026 = CARTESIAN_POINT('',(-4.510579756844,-4.062069073338));
#3027 = CARTESIAN_POINT('',(-4.406511883881,-4.075324648476));
#3028 = CARTESIAN_POINT('',(-4.302445996635,-4.088576111988));
#3029 = CARTESIAN_POINT('',(-4.198349711979,-4.101824922562));
#3030 = CARTESIAN_POINT('',(-4.094208032739,-4.11507523242));
#3031 = CARTESIAN_POINT('',(-3.917455101425,-4.137562843314));
#3032 = CARTESIAN_POINT('',(-3.844758260027,-4.146810911342));
#3033 = CARTESIAN_POINT('',(-3.772057711073,-4.156060848823));
#3034 = CARTESIAN_POINT('',(-3.69935656182,-4.165313853689));
#3035 = CARTESIAN_POINT('',(-3.626657063078,-4.174570550565));
#3036 = CARTESIAN_POINT('',(-3.553960609212,-4.183830990762));
#3037 = CARTESIAN_POINT('',(-3.481267738136,-4.193094652283));
#3038 = CARTESIAN_POINT('',(-3.316837214299,-4.214054709233));
#3039 = CARTESIAN_POINT('',(-3.22503229478,-4.225760621944));
#3040 = CARTESIAN_POINT('',(-3.133253752524,-4.237463053446));
#3041 = CARTESIAN_POINT('',(-3.041505016741,-4.249156029325));
#3042 = CARTESIAN_POINT('',(-2.94976832399,-4.260834318621));
#3043 = CARTESIAN_POINT('',(-2.858021285373,-4.272498997166));
#3044 = CARTESIAN_POINT('',(-2.766248511139,-4.284160552344));
#3045 = CARTESIAN_POINT('',(-2.59853407467,-4.305477723668));
#3046 = CARTESIAN_POINT('',(-2.522564913104,-4.315133753058));
#3047 = CARTESIAN_POINT('',(-2.446611468913,-4.324805268576));
#3048 = CARTESIAN_POINT('',(-2.370671125012,-4.334470015114));
#3049 = CARTESIAN_POINT('',(-2.294733555861,-4.344162284666));
#3050 = CARTESIAN_POINT('',(-2.218787977508,-4.353879216925));
#3051 = CARTESIAN_POINT('',(-2.142829276112,-4.363534021292));
#3052 = CARTESIAN_POINT('',(-1.94448958222,-4.388748051473));
#3053 = CARTESIAN_POINT('',(-1.821906751842,-4.404318741405));
#3054 = CARTESIAN_POINT('',(-1.699435103149,-4.419936203799));
#3055 = CARTESIAN_POINT('',(-1.577024340597,-4.435587186655));
#3056 = CARTESIAN_POINT('',(-1.454609679768,-4.451203143035));
#3057 = CARTESIAN_POINT('',(-1.33213362064,-4.466802379224));
#3058 = CARTESIAN_POINT('',(-1.209540177234,-4.482397747756));
#3059 = CARTESIAN_POINT('',(-1.01633053317,-4.506968202039));
#3060 = CARTESIAN_POINT('',(-0.94550644885,-4.515972917746));
#3061 = CARTESIAN_POINT('',(-0.874679024661,-4.524978950305));
#3062 = CARTESIAN_POINT('',(-0.803847797194,-4.533988349211));
#3063 = CARTESIAN_POINT('',(-0.733014364301,-4.543002023092));
#3064 = CARTESIAN_POINT('',(-0.662182385093,-4.552019739714));
#3065 = CARTESIAN_POINT('',(-0.591357579935,-4.561040125979));
#3066 = CARTESIAN_POINT('',(-0.455486813389,-4.578348847259));
#3067 = CARTESIAN_POINT('',(-0.390420473934,-4.586639732424));
#3068 = CARTESIAN_POINT('',(-0.325349320742,-4.594931892667));
#3069 = CARTESIAN_POINT('',(-0.260274781727,-4.603224096493));
#3070 = CARTESIAN_POINT('',(-0.195199104069,-4.611515311674));
#3071 = CARTESIAN_POINT('',(-0.130125354213,-4.61980470524));
#3072 = CARTESIAN_POINT('',(-6.505741786577E-02,-4.628091643483));
#3073 = CARTESIAN_POINT('',(0.,-4.636375691958));
#3074 = ( GEOMETRIC_REPRESENTATION_CONTEXT(2) 
PARAMETRIC_REPRESENTATION_CONTEXT() REPRESENTATION_CONTEXT('2D SPACE',''
  ) );
#3075 = ORIENTED_EDGE('',*,*,#3076,.F.);
#3076 = EDGE_CURVE('',#3077,#2863,#3079,.T.);
#3077 = VERTEX_POINT('',#3078);
#3078 = CARTESIAN_POINT('',(3.036332036955,12.5,0.));
#3079 = SURFACE_CURVE('',#3080,(#3139,#3201),.PCURVE_S1.);
#3080 = B_SPLINE_CURVE_WITH_KNOTS('',8,(#3081,#3082,#3083,#3084,#3085,
    #3086,#3087,#3088,#3089,#3090,#3091,#3092,#3093,#3094,#3095,#3096,
    #3097,#3098,#3099,#3100,#3101,#3102,#3103,#3104,#3105,#3106,#3107,
    #3108,#3109,#3110,#3111,#3112,#3113,#3114,#3115,#3116,#3117,#3118,
    #3119,#3120,#3121,#3122,#3123,#3124,#3125,#3126,#3127,#3128,#3129,
    #3130,#3131,#3132,#3133,#3134,#3135,#3136,#3137,#3138),
  .UNSPECIFIED.,.F.,.F.,(9,7,7,7,7,7,7,7,9),(0.,9.091393468705E-02,
    0.24003024443,0.40129038622,0.52143786013,0.614108420244,
    0.721363438593,0.852463611127,1.),.UNSPECIFIED.);
#3081 = CARTESIAN_POINT('',(3.036332036955,12.5,5.329070518201E-15));
#3082 = CARTESIAN_POINT('',(3.045408253869,12.5,-0.892208135211));
#3083 = CARTESIAN_POINT('',(3.054489814874,12.427219413876,
    -1.784299714231));
#3084 = CARTESIAN_POINT('',(3.063582294549,12.281692756378,
    -2.669305590689));
#3085 = CARTESIAN_POINT('',(3.072683959289,12.064260588272,
    -3.540410084131));
#3086 = CARTESIAN_POINT('',(3.081789685056,11.776476163164,
    -4.390958532339));
#3087 = CARTESIAN_POINT('',(3.090894782188,11.420586360611,
    -5.214450049788));
#3088 = CARTESIAN_POINT('',(3.099996454836,10.999601453292,
    -6.004556657695));
#3089 = CARTESIAN_POINT('',(3.124006804134,9.726677235677,
    -7.986425489027));
#3090 = CARTESIAN_POINT('',(3.138925528656,8.770178785593,-9.1133770783)
  );
#3091 = CARTESIAN_POINT('',(3.15381334636,7.665376550215,-10.10740767685
    ));
#3092 = CARTESIAN_POINT('',(3.168687794534,6.434518955642,-10.9468894066
    ));
#3093 = CARTESIAN_POINT('',(3.183577335391,5.102282417419,-11.6140097021
    ));
#3094 = CARTESIAN_POINT('',(3.198487986596,3.696230377161,
    -12.09579169567));
#3095 = CARTESIAN_POINT('',(3.213419000718,2.24623620607,-12.38325770493
    ));
#3096 = CARTESIAN_POINT('',(3.244459755354,-0.793080350681,
    -12.57475774875));
#3097 = CARTESIAN_POINT('',(3.260620245456,-2.389412607799,
    -12.44599057812));
#3098 = CARTESIAN_POINT('',(3.276760133677,-3.959890240013,
    -12.08483240885));
#3099 = CARTESIAN_POINT('',(3.292879217498,-5.465881371963,
    -11.49888668493));
#3100 = CARTESIAN_POINT('',(3.308989421608,-6.87112139659,-10.7010036187
    ));
#3101 = CARTESIAN_POINT('',(3.325110917391,-8.142754196837,
    -9.711198290618));
#3102 = CARTESIAN_POINT('',(3.341254493305,-9.250510563311,
    -8.554624805247));
#3103 = CARTESIAN_POINT('',(3.369382035928,-10.85577608239,
    -6.308078923029));
#3104 = CARTESIAN_POINT('',(3.381404071084,-11.4384031275,
    -5.274149110799));
#3105 = CARTESIAN_POINT('',(3.393424134031,-11.90784438448,
    -4.179359860225));
#3106 = CARTESIAN_POINT('',(3.405439457225,-12.25701309733,
    -3.038512855239));
#3107 = CARTESIAN_POINT('',(3.417449176856,-12.48104579198,
    -1.866845760391));
#3108 = CARTESIAN_POINT('',(3.429455256153,-12.57732879092,
    -0.680025450098));
#3109 = CARTESIAN_POINT('',(3.441461761988,-12.54531008559,
    0.505961179891));
#3110 = CARTESIAN_POINT('',(3.46272321085,-12.26544993907,2.576071714169
    ));
#3111 = CARTESIAN_POINT('',(3.47198150557,-12.06855469999,3.467568622621
    ));
#3112 = CARTESIAN_POINT('',(3.481241694748,-11.79769066165,
    4.341579375564));
#3113 = CARTESIAN_POINT('',(3.490504986086,-11.45470091817,
    5.190905451703));
#3114 = CARTESIAN_POINT('',(3.49977200252,-11.04220893426,6.008713481015
    ));
#3115 = CARTESIAN_POINT('',(3.50904278222,-10.5636185453,6.788535244746)
  );
#3116 = CARTESIAN_POINT('',(3.518316778591,-10.02311395726,
    7.524267675409));
#3117 = CARTESIAN_POINT('',(3.538328808231,-8.734178415134,
    9.004025540138));
#3118 = CARTESIAN_POINT('',(3.54907387744,-7.965882763093,9.731780070404
    ));
#3119 = CARTESIAN_POINT('',(3.559817074614,-7.128627582734,
    10.384119456387));
#3120 = CARTESIAN_POINT('',(3.570553386771,-6.231281212197,
    10.95350525938));
#3121 = CARTESIAN_POINT('',(3.5812786485,-5.283416236008,11.433775996504
    ));
#3122 = CARTESIAN_POINT('',(3.591992467187,-4.295206154374,
    11.819997741494));
#3123 = CARTESIAN_POINT('',(3.602700242227,-3.277455577999,
    12.108540018986));
#3124 = CARTESIAN_POINT('',(3.626490359705,-0.975654253248,
    12.528136797063));
#3125 = CARTESIAN_POINT('',(3.639601678597,0.31845402242,12.610123010593
    ));
#3126 = CARTESIAN_POINT('',(3.652638326192,1.61878770713,12.538975822428
    ));
#3127 = CARTESIAN_POINT('',(3.66582031901,2.904212331805,12.314820560511
    ));
#3128 = CARTESIAN_POINT('',(3.679018462661,4.154308829554,
    11.941008538183));
#3129 = CARTESIAN_POINT('',(3.692072738556,5.349338212447,
    11.423693025061));
#3130 = CARTESIAN_POINT('',(3.705158056465,6.470378983976,
    10.772191568506));
#3131 = CARTESIAN_POINT('',(3.732996433759,8.658386426515,9.131237403044
    ));
#3132 = CARTESIAN_POINT('',(3.747780714945,9.703521350656,8.107737258129
    ));
#3133 = CARTESIAN_POINT('',(3.76258887752,10.608534904332,6.948479144585
    ));
#3134 = CARTESIAN_POINT('',(3.777382861438,11.353884524758,
    5.676570036294));
#3135 = CARTESIAN_POINT('',(3.792141701007,11.924023913311,
    4.317219651044));
#3136 = CARTESIAN_POINT('',(3.806887079951,12.308283152735,
    2.897926875921));
#3137 = CARTESIAN_POINT('',(3.821634254398,12.5,1.448066927811));
#3138 = CARTESIAN_POINT('',(3.836365185998,12.5,-5.329070518201E-15));
#3139 = PCURVE('',#261,#3140);
#3140 = DEFINITIONAL_REPRESENTATION('',(#3141),#3200);
#3141 = B_SPLINE_CURVE_WITH_KNOTS('',8,(#3142,#3143,#3144,#3145,#3146,
    #3147,#3148,#3149,#3150,#3151,#3152,#3153,#3154,#3155,#3156,#3157,
    #3158,#3159,#3160,#3161,#3162,#3163,#3164,#3165,#3166,#3167,#3168,
    #3169,#3170,#3171,#3172,#3173,#3174,#3175,#3176,#3177,#3178,#3179,
    #3180,#3181,#3182,#3183,#3184,#3185,#3186,#3187,#3188,#3189,#3190,
    #3191,#3192,#3193,#3194,#3195,#3196,#3197,#3198,#3199),
  .UNSPECIFIED.,.F.,.F.,(9,7,7,7,7,7,7,7,9),(0.,9.091393468705E-02,
    0.24003024443,0.40129038622,0.52143786013,0.614108420244,
    0.721363438593,0.852463611127,1.),.UNSPECIFIED.);
#3142 = CARTESIAN_POINT('',(4.146490007194E-02,26.919116743359));
#3143 = CARTESIAN_POINT('',(4.145154969934E-02,26.991069288029));
#3144 = CARTESIAN_POINT('',(4.144559735096E-02,27.063012823056));
#3145 = CARTESIAN_POINT('',(4.145389800476E-02,27.134943927741));
#3146 = CARTESIAN_POINT('',(4.147330903036E-02,27.206870677269));
#3147 = CARTESIAN_POINT('',(4.149644347922E-02,27.278803748209));
#3148 = CARTESIAN_POINT('',(4.151678201099E-02,27.35075123755));
#3149 = CARTESIAN_POINT('',(4.153134126933E-02,27.422711706152));
#3150 = CARTESIAN_POINT('',(4.155181662252E-02,27.612668904922));
#3151 = CARTESIAN_POINT('',(4.154633104188E-02,27.730824284582));
#3152 = CARTESIAN_POINT('',(4.151841432284E-02,27.848890574933));
#3153 = CARTESIAN_POINT('',(4.148207187454E-02,27.966909466131));
#3154 = CARTESIAN_POINT('',(4.146233625257E-02,28.084932645477));
#3155 = CARTESIAN_POINT('',(4.145896916969E-02,28.203009410172));
#3156 = CARTESIAN_POINT('',(4.14665489568E-02,28.321171454253));
#3157 = CARTESIAN_POINT('',(4.149075688486E-02,28.566765205095));
#3158 = CARTESIAN_POINT('',(4.150811295926E-02,28.69459366614));
#3159 = CARTESIAN_POINT('',(4.152202514178E-02,28.822282905429));
#3160 = CARTESIAN_POINT('',(4.152233748176E-02,28.949901774473));
#3161 = CARTESIAN_POINT('',(4.151250150852E-02,29.077520741104));
#3162 = CARTESIAN_POINT('',(4.150543037588E-02,29.205209927216));
#3163 = CARTESIAN_POINT('',(4.150354752214E-02,29.333037937269));
#3164 = CARTESIAN_POINT('',(4.150667367878E-02,29.555712907928));
#3165 = CARTESIAN_POINT('',(4.15100379823E-02,29.650872681026));
#3166 = CARTESIAN_POINT('',(4.151471822877E-02,29.746007710393));
#3167 = CARTESIAN_POINT('',(4.151853389804E-02,29.841111211421));
#3168 = CARTESIAN_POINT('',(4.151807489451E-02,29.936200002012));
#3169 = CARTESIAN_POINT('',(4.151200730147E-02,30.031298879616));
#3170 = CARTESIAN_POINT('',(4.150221884466E-02,30.126426947343));
#3171 = CARTESIAN_POINT('',(4.148366650013E-02,30.294890785461));
#3172 = CARTESIAN_POINT('',(4.147459040629E-02,30.368255258387));
#3173 = CARTESIAN_POINT('',(4.146712223358E-02,30.441623575717));
#3174 = CARTESIAN_POINT('',(4.146308347752E-02,30.514992662886));
#3175 = CARTESIAN_POINT('',(4.146351164084E-02,30.588360254358));
#3176 = CARTESIAN_POINT('',(4.146866023344E-02,30.661724893628));
#3177 = CARTESIAN_POINT('',(4.147799877243E-02,30.735085933223));
#3178 = CARTESIAN_POINT('',(4.150434902804E-02,30.893346128175));
#3179 = CARTESIAN_POINT('',(4.152179864824E-02,30.978297951849));
#3180 = CARTESIAN_POINT('',(4.153937260775E-02,31.063234091136));
#3181 = CARTESIAN_POINT('',(4.15522706202E-02,31.148148157673));
#3182 = CARTESIAN_POINT('',(4.155418959724E-02,31.233050899218));
#3183 = CARTESIAN_POINT('',(4.15425123805E-02,31.317957363757));
#3184 = CARTESIAN_POINT('',(4.15219799133E-02,31.402877411149));
#3185 = CARTESIAN_POINT('',(4.147368906869E-02,31.5915680071));
#3186 = CARTESIAN_POINT('',(4.146632282685E-02,31.695426509282));
#3187 = CARTESIAN_POINT('',(4.137980170586E-02,31.799242921022));
#3188 = CARTESIAN_POINT('',(4.146472940121E-02,31.903020719243));
#3189 = CARTESIAN_POINT('',(4.156846936128E-02,32.006795860315));
#3190 = CARTESIAN_POINT('',(4.150313513684E-02,32.110604825944));
#3191 = CARTESIAN_POINT('',(4.146753977282E-02,32.21445330927));
#3192 = CARTESIAN_POINT('',(4.144488255219E-02,32.435017720161));
#3193 = CARTESIAN_POINT('',(4.145920198795E-02,32.551971272119));
#3194 = CARTESIAN_POINT('',(4.151229639038E-02,32.668844904879));
#3195 = CARTESIAN_POINT('',(4.155705793717E-02,32.78566408518));
#3196 = CARTESIAN_POINT('',(4.1563194307E-02,32.902472968564));
#3197 = CARTESIAN_POINT('',(4.154807066129E-02,33.019322766423));
#3198 = CARTESIAN_POINT('',(4.152417798815E-02,33.136247613793));
#3199 = CARTESIAN_POINT('',(4.150252308061E-02,33.253028336479));
#3200 = ( GEOMETRIC_REPRESENTATION_CONTEXT(2) 
PARAMETRIC_REPRESENTATION_CONTEXT() REPRESENTATION_CONTEXT('2D SPACE',''
  ) );
#3201 = PCURVE('',#3202,#3207);
#3202 = CYLINDRICAL_SURFACE('',#3203,12.5);
#3203 = AXIS2_PLACEMENT_3D('',#3204,#3205,#3206);
#3204 = CARTESIAN_POINT('',(0.,0.,0.));
#3205 = DIRECTION('',(-1.,-0.,-0.));
#3206 = DIRECTION('',(0.,1.,0.));
#3207 = DEFINITIONAL_REPRESENTATION('',(#3208),#3267);
#3208 = B_SPLINE_CURVE_WITH_KNOTS('',8,(#3209,#3210,#3211,#3212,#3213,
    #3214,#3215,#3216,#3217,#3218,#3219,#3220,#3221,#3222,#3223,#3224,
    #3225,#3226,#3227,#3228,#3229,#3230,#3231,#3232,#3233,#3234,#3235,
    #3236,#3237,#3238,#3239,#3240,#3241,#3242,#3243,#3244,#3245,#3246,
    #3247,#3248,#3249,#3250,#3251,#3252,#3253,#3254,#3255,#3256,#3257,
    #3258,#3259,#3260,#3261,#3262,#3263,#3264,#3265,#3266),
  .UNSPECIFIED.,.F.,.F.,(9,7,7,7,7,7,7,7,9),(0.,9.091393468705E-02,
    0.24003024443,0.40129038622,0.52143786013,0.614108420244,
    0.721363438593,0.852463611127,1.),.UNSPECIFIED.);
#3209 = CARTESIAN_POINT('',(-6.28318530718,-3.036332036955));
#3210 = CARTESIAN_POINT('',(-6.211808656363,-3.045408253869));
#3211 = CARTESIAN_POINT('',(-6.140441319574,-3.054489814874));
#3212 = CARTESIAN_POINT('',(-6.069086771536,-3.063582294549));
#3213 = CARTESIAN_POINT('',(-5.997736633091,-3.072683959289));
#3214 = CARTESIAN_POINT('',(-5.926380079513,-3.081789685056));
#3215 = CARTESIAN_POINT('',(-5.855009041408,-3.090894782188));
#3216 = CARTESIAN_POINT('',(-5.783624967026,-3.099996454836));
#3217 = CARTESIAN_POINT('',(-5.595189044703,-3.124006804134));
#3218 = CARTESIAN_POINT('',(-5.477979653342,-3.138925528656));
#3219 = CARTESIAN_POINT('',(-5.360858623063,-3.15381334636));
#3220 = CARTESIAN_POINT('',(-5.243785120667,-3.168687794534));
#3221 = CARTESIAN_POINT('',(-5.126707645795,-3.183577335391));
#3222 = CARTESIAN_POINT('',(-5.009576800631,-3.198487986596));
#3223 = CARTESIAN_POINT('',(-4.892361040939,-3.213419000718));
#3224 = CARTESIAN_POINT('',(-4.648733556133,-3.244459755354));
#3225 = CARTESIAN_POINT('',(-4.52192821034,-3.260620245456));
#3226 = CARTESIAN_POINT('',(-4.395260756012,-3.276760133677));
#3227 = CARTESIAN_POINT('',(-4.268663245516,-3.292879217497));
#3228 = CARTESIAN_POINT('',(-4.14206636666,-3.308989421608));
#3229 = CARTESIAN_POINT('',(-4.01540040066,-3.325110917391));
#3230 = CARTESIAN_POINT('',(-3.888596900434,-3.341254493305));
#3231 = CARTESIAN_POINT('',(-3.667706400319,-3.369382035928));
#3232 = CARTESIAN_POINT('',(-3.573309149386,-3.381404071084));
#3233 = CARTESIAN_POINT('',(-3.478936250807,-3.393424134031));
#3234 = CARTESIAN_POINT('',(-3.384594335359,-3.405439457225));
#3235 = CARTESIAN_POINT('',(-3.290266721458,-3.417449176856));
#3236 = CARTESIAN_POINT('',(-3.195928955674,-3.429455256153));
#3237 = CARTESIAN_POINT('',(-3.101562238338,-3.441461761988));
#3238 = CARTESIAN_POINT('',(-2.934446865961,-3.46272321085));
#3239 = CARTESIAN_POINT('',(-2.861669705146,-3.47198150557));
#3240 = CARTESIAN_POINT('',(-2.788888832483,-3.481241694748));
#3241 = CARTESIAN_POINT('',(-2.716107310135,-3.490504986086));
#3242 = CARTESIAN_POINT('',(-2.643327375655,-3.49977200252));
#3243 = CARTESIAN_POINT('',(-2.570550441984,-3.50904278222));
#3244 = CARTESIAN_POINT('',(-2.497777097448,-3.518316778591));
#3245 = CARTESIAN_POINT('',(-2.340784599895,-3.538328808231));
#3246 = CARTESIAN_POINT('',(-2.25651320187,-3.54907387744));
#3247 = CARTESIAN_POINT('',(-2.172257253801,-3.559817074614));
#3248 = CARTESIAN_POINT('',(-2.088023054452,-3.570553386771));
#3249 = CARTESIAN_POINT('',(-2.003800042282,-3.5812786485));
#3250 = CARTESIAN_POINT('',(-1.919573478215,-3.591992467187));
#3251 = CARTESIAN_POINT('',(-1.835333710419,-3.602700242227));
#3252 = CARTESIAN_POINT('',(-1.648155065572,-3.626490359705));
#3253 = CARTESIAN_POINT('',(-1.545128459103,-3.639601678597));
#3254 = CARTESIAN_POINT('',(-1.442146462297,-3.652638326192));
#3255 = CARTESIAN_POINT('',(-1.339197415422,-3.66582031901));
#3256 = CARTESIAN_POINT('',(-1.236250794907,-3.679018462661));
#3257 = CARTESIAN_POINT('',(-1.133275103539,-3.692072738556));
#3258 = CARTESIAN_POINT('',(-1.030256158327,-3.705158056465));
#3259 = CARTESIAN_POINT('',(-0.811457882038,-3.732996433759));
#3260 = CARTESIAN_POINT('',(-0.695441797166,-3.747780714945));
#3261 = CARTESIAN_POINT('',(-0.579505608062,-3.76258887752));
#3262 = CARTESIAN_POINT('',(-0.463621912352,-3.777382861438));
#3263 = CARTESIAN_POINT('',(-0.347748132111,-3.792141701007));
#3264 = CARTESIAN_POINT('',(-0.231833836243,-3.806887079951));
#3265 = CARTESIAN_POINT('',(-0.115845354225,-3.821634254398));
#3266 = CARTESIAN_POINT('',(0.,-3.836365185998));
#3267 = ( GEOMETRIC_REPRESENTATION_CONTEXT(2) 
PARAMETRIC_REPRESENTATION_CONTEXT() REPRESENTATION_CONTEXT('2D SPACE',''
  ) );
#3268 = ORIENTED_EDGE('',*,*,#3269,.F.);
#3269 = EDGE_CURVE('',#3270,#3077,#3272,.T.);
#3270 = VERTEX_POINT('',#3271);
#3271 = CARTESIAN_POINT('',(2.236398730608,12.5,0.));
#3272 = SURFACE_CURVE('',#3273,(#3339,#3408),.PCURVE_S1.);
#3273 = B_SPLINE_CURVE_WITH_KNOTS('',8,(#3274,#3275,#3276,#3277,#3278,
    #3279,#3280,#3281,#3282,#3283,#3284,#3285,#3286,#3287,#3288,#3289,
    #3290,#3291,#3292,#3293,#3294,#3295,#3296,#3297,#3298,#3299,#3300,
    #3301,#3302,#3303,#3304,#3305,#3306,#3307,#3308,#3309,#3310,#3311,
    #3312,#3313,#3314,#3315,#3316,#3317,#3318,#3319,#3320,#3321,#3322,
    #3323,#3324,#3325,#3326,#3327,#3328,#3329,#3330,#3331,#3332,#3333,
    #3334,#3335,#3336,#3337,#3338),.UNSPECIFIED.,.F.,.F.,(9,7,7,7,7,7,7,
    7,7,9),(0.,0.124158978619,0.269214329686,0.360661304856,
    0.516802724476,0.63089714521,0.764884659875,0.845880790713,
    0.975570845025,1.),.UNSPECIFIED.);
#3274 = CARTESIAN_POINT('',(2.236398730608,12.5,-3.552713678801E-15));
#3275 = CARTESIAN_POINT('',(2.248799112992,12.5,-1.21813722962));
#3276 = CARTESIAN_POINT('',(2.261198839291,12.364328671504,
    -2.437346094952));
#3277 = CARTESIAN_POINT('',(2.273586513695,12.092595126731,
    -3.638592898361));
#3278 = CARTESIAN_POINT('',(2.285965682049,11.68793198002,
    -4.804103478788));
#3279 = CARTESIAN_POINT('',(2.298362882823,11.15598455745,
    -5.917174743655));
#3280 = CARTESIAN_POINT('',(2.31079911386,10.504549754351,
    -6.962083466744));
#3281 = CARTESIAN_POINT('',(2.323256060159,9.743793485109,
    -7.924201959053));
#3282 = CARTESIAN_POINT('',(2.350169838898,7.885952542708,
    -9.802447601266));
#3283 = CARTESIAN_POINT('',(2.364629766522,6.752077817746,
    -10.68534188215));
#3284 = CARTESIAN_POINT('',(2.379109173824,5.506436020233,
    -11.41675486483));
#3285 = CARTESIAN_POINT('',(2.393653649629,4.173090926283,
    -11.98122790363));
#3286 = CARTESIAN_POINT('',(2.40819459789,2.777569303326,-12.36723225539
    ));
#3287 = CARTESIAN_POINT('',(2.42273024847,1.347038101573,-12.56792767268
    ));
#3288 = CARTESIAN_POINT('',(2.43725463342,-9.002109316969E-02,
    -12.58046750462));
#3289 = CARTESIAN_POINT('',(2.460886173262,-2.394044557419,
    -12.30137672205));
#3290 = CARTESIAN_POINT('',(2.470020556039,-3.276305306504,
    -12.12033914461));
#3291 = CARTESIAN_POINT('',(2.479150942231,-4.142716824268,
    -11.86698829742));
#3292 = CARTESIAN_POINT('',(2.488280182533,-4.986365726099,
    -11.54300727817));
#3293 = CARTESIAN_POINT('',(2.497411821453,-5.800631396804,
    -11.15082191258));
#3294 = CARTESIAN_POINT('',(2.50654826395,-6.579174243875,
    -10.69355623549));
#3295 = CARTESIAN_POINT('',(2.515689460647,-7.315959867754,
    -10.17508955784));
#3296 = CARTESIAN_POINT('',(2.540440824226,-9.182441293987,
    -8.618686325297));
#3297 = CARTESIAN_POINT('',(2.556084332784,-10.22376230563,
    -7.470723846262));
#3298 = CARTESIAN_POINT('',(2.571722657668,-11.09876646122,
    -6.180361338033));
#3299 = CARTESIAN_POINT('',(2.587353183282,-11.7863469712,
    -4.776404501489));
#3300 = CARTESIAN_POINT('',(2.602972395094,-12.27020836253,
    -3.289793858707));
#3301 = CARTESIAN_POINT('',(2.61859261002,-12.54040038877,
    -1.754093272997));
#3302 = CARTESIAN_POINT('',(2.634225087719,-12.59194310518,
    -0.204822887252));
#3303 = CARTESIAN_POINT('',(2.661237944412,-12.31199075187,
    2.432920125923));
#3304 = CARTESIAN_POINT('',(2.672646284094,-12.07973430947,
    3.534751551196));
#3305 = CARTESIAN_POINT('',(2.684053117265,-11.73483328861,
    4.610508601933));
#3306 = CARTESIAN_POINT('',(2.695460808849,-11.28091576019,
    5.646957348126));
#3307 = CARTESIAN_POINT('',(2.706870897634,-10.7231881861,6.631538031522
    ));
#3308 = CARTESIAN_POINT('',(2.718283025624,-10.06853832074,
    7.552459648118));
#3309 = CARTESIAN_POINT('',(2.729695242723,-9.325520476173,
    8.398705906697));
#3310 = CARTESIAN_POINT('',(2.75448836508,-7.541422844782,
    10.055137390449));
#3311 = CARTESIAN_POINT('',(2.767889030141,-6.469273243263,
    10.834876711821));
#3312 = CARTESIAN_POINT('',(2.781279987183,-5.305784545524,
    11.482931953964));
#3313 = CARTESIAN_POINT('',(2.794663938174,-4.070225173301,
    11.987418917059));
#3314 = CARTESIAN_POINT('',(2.808050465579,-2.782949113481,
    12.33952718516));
#3315 = CARTESIAN_POINT('',(2.821450634383,-1.465461376379,
    12.533893311586));
#3316 = CARTESIAN_POINT('',(2.834866417002,-0.14017711705,
    12.568193869698));
#3317 = CARTESIAN_POINT('',(2.856380001204,1.960452097377,
    12.370873186685));
#3318 = CARTESIAN_POINT('',(2.864488306719,2.746567039693,
    12.238991773568));
#3319 = CARTESIAN_POINT('',(2.872597448172,3.522361106812,
    12.050056332863));
#3320 = CARTESIAN_POINT('',(2.880705578428,4.282991858549,11.80502385523
    ));
#3321 = CARTESIAN_POINT('',(2.888811125628,5.023787990152,
    11.505322460541));
#3322 = CARTESIAN_POINT('',(2.896912793189,5.740249332305,
    11.152851397872));
#3323 = CARTESIAN_POINT('',(2.905009559807,6.428046851125,
    10.749981045511));
#3324 = CARTESIAN_POINT('',(2.926056085296,8.131762209087,9.578332667101
    ));
#3325 = CARTESIAN_POINT('',(2.93901414208,9.09746941789,8.734444516313)
  );
#3326 = CARTESIAN_POINT('',(2.951946537945,9.962048177824,7.779851403965
    ));
#3327 = CARTESIAN_POINT('',(2.964881089526,10.711032408194,
    6.729029639531));
#3328 = CARTESIAN_POINT('',(2.977849602221,11.332615780768,
    5.598209690332));
#3329 = CARTESIAN_POINT('',(2.990856415273,11.817348318113,
    4.405058621412));
#3330 = CARTESIAN_POINT('',(3.003867631649,12.158499853845,
    3.168804181543));
#3331 = CARTESIAN_POINT('',(3.019261008911,12.389744526405,
    1.673835825943));
#3332 = CARTESIAN_POINT('',(3.02169999062,12.421202672004,1.436074286622
    ));
#3333 = CARTESIAN_POINT('',(3.024138424965,12.447446124355,
    1.197640152144));
#3334 = CARTESIAN_POINT('',(3.026576673607,12.468458668362,
    0.958661491562));
#3335 = CARTESIAN_POINT('',(3.029015012463,12.484227232429,
    0.719270258764));
#3336 = CARTESIAN_POINT('',(3.031453631403,12.494742579819,
    0.479602343021));
#3337 = CARTESIAN_POINT('',(3.033892633945,12.5,0.239797619538));
#3338 = CARTESIAN_POINT('',(3.036332036955,12.5,5.329070518201E-15));
#3339 = PCURVE('',#261,#3340);
#3340 = DEFINITIONAL_REPRESENTATION('',(#3341),#3407);
#3341 = B_SPLINE_CURVE_WITH_KNOTS('',8,(#3342,#3343,#3344,#3345,#3346,
    #3347,#3348,#3349,#3350,#3351,#3352,#3353,#3354,#3355,#3356,#3357,
    #3358,#3359,#3360,#3361,#3362,#3363,#3364,#3365,#3366,#3367,#3368,
    #3369,#3370,#3371,#3372,#3373,#3374,#3375,#3376,#3377,#3378,#3379,
    #3380,#3381,#3382,#3383,#3384,#3385,#3386,#3387,#3388,#3389,#3390,
    #3391,#3392,#3393,#3394,#3395,#3396,#3397,#3398,#3399,#3400,#3401,
    #3402,#3403,#3404,#3405,#3406),.UNSPECIFIED.,.F.,.F.,(9,7,7,7,7,7,7,
    7,7,9),(0.,0.124158978619,0.269214329686,0.360661304856,
    0.516802724476,0.63089714521,0.764884659875,0.845880790713,
    0.975570845025,1.),.UNSPECIFIED.);
#3342 = CARTESIAN_POINT('',(4.154086613349E-02,20.585207650293));
#3343 = CARTESIAN_POINT('',(4.153235353328E-02,20.683445339464));
#3344 = CARTESIAN_POINT('',(4.151060472244E-02,20.781769658985));
#3345 = CARTESIAN_POINT('',(4.147895622717E-02,20.880067237614));
#3346 = CARTESIAN_POINT('',(4.144166110336E-02,20.978336644497));
#3347 = CARTESIAN_POINT('',(4.142604450112E-02,21.076598431));
#3348 = CARTESIAN_POINT('',(4.145264825794E-02,21.174876338293));
#3349 = CARTESIAN_POINT('',(4.14987900277E-02,21.273182710963));
#3350 = CARTESIAN_POINT('',(4.150350050413E-02,21.486236828767));
#3351 = CARTESIAN_POINT('',(4.144016133099E-02,21.601161084192));
#3352 = CARTESIAN_POINT('',(4.140985725872E-02,21.716010411749));
#3353 = CARTESIAN_POINT('',(4.145972005172E-02,21.830818742037));
#3354 = CARTESIAN_POINT('',(4.150614829016E-02,21.945622989775));
#3355 = CARTESIAN_POINT('',(4.153936064243E-02,22.060476961725));
#3356 = CARTESIAN_POINT('',(4.154880121161E-02,22.175406655905));
#3357 = CARTESIAN_POINT('',(4.15390166082E-02,22.362574595623));
#3358 = CARTESIAN_POINT('',(4.152899751921E-02,22.434964550225));
#3359 = CARTESIAN_POINT('',(4.151430343537E-02,22.507355294305));
#3360 = CARTESIAN_POINT('',(4.149819077498E-02,22.579746807191));
#3361 = CARTESIAN_POINT('',(4.148400283218E-02,22.652143958627));
#3362 = CARTESIAN_POINT('',(4.147390680841E-02,22.724550755042));
#3363 = CARTESIAN_POINT('',(4.146841509952E-02,22.796963250812));
#3364 = CARTESIAN_POINT('',(4.146493374683E-02,22.992953543175));
#3365 = CARTESIAN_POINT('',(4.147497403209E-02,23.116739612733));
#3366 = CARTESIAN_POINT('',(4.149524552499E-02,23.240413664135));
#3367 = CARTESIAN_POINT('',(4.151471272015E-02,23.364031545367));
#3368 = CARTESIAN_POINT('',(4.152041313824E-02,23.487655355279));
#3369 = CARTESIAN_POINT('',(4.15175813474E-02,23.611346297551));
#3370 = CARTESIAN_POINT('',(4.151225194417E-02,23.735151655306));
#3371 = CARTESIAN_POINT('',(4.150542954862E-02,23.949070242141));
#3372 = CARTESIAN_POINT('',(4.150328005177E-02,24.039409401327));
#3373 = CARTESIAN_POINT('',(4.150333541679E-02,24.12972133694));
#3374 = CARTESIAN_POINT('',(4.150634976539E-02,24.220019541497));
#3375 = CARTESIAN_POINT('',(4.1511236704E-02,24.31032373498));
#3376 = CARTESIAN_POINT('',(4.151520723864E-02,24.400650431251));
#3377 = CARTESIAN_POINT('',(4.151629998904E-02,24.490997797442));
#3378 = CARTESIAN_POINT('',(4.15113112951E-02,24.687329167456));
#3379 = CARTESIAN_POINT('',(4.150393855852E-02,24.793478575516));
#3380 = CARTESIAN_POINT('',(4.149107249267E-02,24.899589230758));
#3381 = CARTESIAN_POINT('',(4.147457558301E-02,25.00566960486));
#3382 = CARTESIAN_POINT('',(4.146113289278E-02,25.111749189129));
#3383 = CARTESIAN_POINT('',(4.145920822332E-02,25.217856872818));
#3384 = CARTESIAN_POINT('',(4.14687644367E-02,25.324008529814));
#3385 = CARTESIAN_POINT('',(4.149446256481E-02,25.494161638475));
#3386 = CARTESIAN_POINT('',(4.150713077804E-02,25.55827035234));
#3387 = CARTESIAN_POINT('',(4.152050170118E-02,25.62238080959));
#3388 = CARTESIAN_POINT('',(4.153260059999E-02,25.686492085188));
#3389 = CARTESIAN_POINT('',(4.154176161504E-02,25.750603290825));
#3390 = CARTESIAN_POINT('',(4.154662776166E-02,25.81471357492));
#3391 = CARTESIAN_POINT('',(4.154615092993E-02,25.878822122617));
#3392 = CARTESIAN_POINT('',(4.15290896185E-02,26.045573983912));
#3393 = CARTESIAN_POINT('',(4.150936471326E-02,26.148304785139));
#3394 = CARTESIAN_POINT('',(4.146426518625E-02,26.251008443633));
#3395 = CARTESIAN_POINT('',(4.142760627805E-02,26.353670620445));
#3396 = CARTESIAN_POINT('',(4.143025442445E-02,26.456329003962));
#3397 = CARTESIAN_POINT('',(4.147115520441E-02,26.559025249326));
#3398 = CARTESIAN_POINT('',(4.151230526398E-02,26.661754606832));
#3399 = CARTESIAN_POINT('',(4.149491109888E-02,26.783750602177));
#3400 = CARTESIAN_POINT('',(4.149110395988E-02,26.803087376219));
#3401 = CARTESIAN_POINT('',(4.148665166922E-02,26.822424292522));
#3402 = CARTESIAN_POINT('',(4.148190122131E-02,26.841761807226));
#3403 = CARTESIAN_POINT('',(4.147714294883E-02,26.861100090697));
#3404 = CARTESIAN_POINT('',(4.147261173638E-02,26.880439016695));
#3405 = CARTESIAN_POINT('',(4.146848823422E-02,26.899778151555));
#3406 = CARTESIAN_POINT('',(4.146490007194E-02,26.919116743359));
#3407 = ( GEOMETRIC_REPRESENTATION_CONTEXT(2) 
PARAMETRIC_REPRESENTATION_CONTEXT() REPRESENTATION_CONTEXT('2D SPACE',''
  ) );
#3408 = PCURVE('',#3409,#3414);
#3409 = CYLINDRICAL_SURFACE('',#3410,12.5);
#3410 = AXIS2_PLACEMENT_3D('',#3411,#3412,#3413);
#3411 = CARTESIAN_POINT('',(0.,0.,0.));
#3412 = DIRECTION('',(-1.,-0.,-0.));
#3413 = DIRECTION('',(0.,1.,0.));
#3414 = DEFINITIONAL_REPRESENTATION('',(#3415),#3481);
#3415 = B_SPLINE_CURVE_WITH_KNOTS('',8,(#3416,#3417,#3418,#3419,#3420,
    #3421,#3422,#3423,#3424,#3425,#3426,#3427,#3428,#3429,#3430,#3431,
    #3432,#3433,#3434,#3435,#3436,#3437,#3438,#3439,#3440,#3441,#3442,
    #3443,#3444,#3445,#3446,#3447,#3448,#3449,#3450,#3451,#3452,#3453,
    #3454,#3455,#3456,#3457,#3458,#3459,#3460,#3461,#3462,#3463,#3464,
    #3465,#3466,#3467,#3468,#3469,#3470,#3471,#3472,#3473,#3474,#3475,
    #3476,#3477,#3478,#3479,#3480),.UNSPECIFIED.,.F.,.F.,(9,7,7,7,7,7,7,
    7,7,9),(0.,0.124158978619,0.269214329686,0.360661304856,
    0.516802724476,0.63089714521,0.764884659875,0.845880790713,
    0.975570845025,1.),.UNSPECIFIED.);
#3416 = CARTESIAN_POINT('',(-6.28318530718,-2.236398730608));
#3417 = CARTESIAN_POINT('',(-6.18573432881,-2.248799112992));
#3418 = CARTESIAN_POINT('',(-6.088197568804,-2.261198839291));
#3419 = CARTESIAN_POINT('',(-5.990687689827,-2.273586513695));
#3420 = CARTESIAN_POINT('',(-5.893206093393,-2.285965682049));
#3421 = CARTESIAN_POINT('',(-5.795732328583,-2.298362882823));
#3422 = CARTESIAN_POINT('',(-5.698241621615,-2.31079911386));
#3423 = CARTESIAN_POINT('',(-5.600720265165,-2.323256060159));
#3424 = CARTESIAN_POINT('',(-5.389372140446,-2.350169838898));
#3425 = CARTESIAN_POINT('',(-5.275365963627,-2.364629766523));
#3426 = CARTESIAN_POINT('',(-5.161435511803,-2.379109173824));
#3427 = CARTESIAN_POINT('',(-5.047550630165,-2.39365364963));
#3428 = CARTESIAN_POINT('',(-4.933664765171,-2.40819459789));
#3429 = CARTESIAN_POINT('',(-4.819731501633,-2.422730248471));
#3430 = CARTESIAN_POINT('',(-4.705721942447,-2.43725463342));
#3431 = CARTESIAN_POINT('',(-4.52005271762,-2.460886173262));
#3432 = CARTESIAN_POINT('',(-4.448242410108,-2.470020556039));
#3433 = CARTESIAN_POINT('',(-4.376431378556,-2.479150942231));
#3434 = CARTESIAN_POINT('',(-4.304619686167,-2.488280182533));
#3435 = CARTESIAN_POINT('',(-4.232802483957,-2.497411821453));
#3436 = CARTESIAN_POINT('',(-4.160975739851,-2.50654826395));
#3437 = CARTESIAN_POINT('',(-4.089143311708,-2.515689460647));
#3438 = CARTESIAN_POINT('',(-3.894722836461,-2.540440824226));
#3439 = CARTESIAN_POINT('',(-3.77192805428,-2.556084332784));
#3440 = CARTESIAN_POINT('',(-3.649244015291,-2.571722657667));
#3441 = CARTESIAN_POINT('',(-3.52661526425,-2.587353183282));
#3442 = CARTESIAN_POINT('',(-3.403980693589,-2.602972395094));
#3443 = CARTESIAN_POINT('',(-3.28128003012,-2.61859261002));
#3444 = CARTESIAN_POINT('',(-3.158466346461,-2.634225087719));
#3445 = CARTESIAN_POINT('',(-2.946261742949,-2.661237944412));
#3446 = CARTESIAN_POINT('',(-2.856646566011,-2.672646284095));
#3447 = CARTESIAN_POINT('',(-2.767058476772,-2.684053117265));
#3448 = CARTESIAN_POINT('',(-2.677483963515,-2.695460808849));
#3449 = CARTESIAN_POINT('',(-2.587903317438,-2.706870897634));
#3450 = CARTESIAN_POINT('',(-2.498300092199,-2.718283025624));
#3451 = CARTESIAN_POINT('',(-2.408676138014,-2.729695242723));
#3452 = CARTESIAN_POINT('',(-2.213916476996,-2.75448836508));
#3453 = CARTESIAN_POINT('',(-2.108616634467,-2.767889030141));
#3454 = CARTESIAN_POINT('',(-2.00335516048,-2.781279987183));
#3455 = CARTESIAN_POINT('',(-1.898123862559,-2.794663938174));
#3456 = CARTESIAN_POINT('',(-1.792893711678,-2.808050465579));
#3457 = CARTESIAN_POINT('',(-1.687635972477,-2.821450634383));
#3458 = CARTESIAN_POINT('',(-1.582334688046,-2.834866417002));
#3459 = CARTESIAN_POINT('',(-1.413544573672,-2.856380001204));
#3460 = CARTESIAN_POINT('',(-1.349949374984,-2.864488306719));
#3461 = CARTESIAN_POINT('',(-1.286352393589,-2.872597448172));
#3462 = CARTESIAN_POINT('',(-1.222754534941,-2.880705578428));
#3463 = CARTESIAN_POINT('',(-1.159156687973,-2.888811125628));
#3464 = CARTESIAN_POINT('',(-1.095559725095,-2.896912793189));
#3465 = CARTESIAN_POINT('',(-1.031964502195,-2.905009559807));
#3466 = CARTESIAN_POINT('',(-0.866548063959,-2.926056085296));
#3467 = CARTESIAN_POINT('',(-0.764639659193,-2.93901414208));
#3468 = CARTESIAN_POINT('',(-0.662759939078,-2.951946537945));
#3469 = CARTESIAN_POINT('',(-0.560921315548,-2.964881089526));
#3470 = CARTESIAN_POINT('',(-0.459084937607,-2.977849602221));
#3471 = CARTESIAN_POINT('',(-0.357210021576,-2.990856415273));
#3472 = CARTESIAN_POINT('',(-0.255302891696,-3.003867631649));
#3473 = CARTESIAN_POINT('',(-0.134283105338,-3.019261008911));
#3474 = CARTESIAN_POINT('',(-0.115101023707,-3.02169999062));
#3475 = CARTESIAN_POINT('',(-9.591878568745E-02,-3.024138424965));
#3476 = CARTESIAN_POINT('',(-7.673595642395E-02,-3.026576673607));
#3477 = CARTESIAN_POINT('',(-5.755237872591E-02,-3.029015012463));
#3478 = CARTESIAN_POINT('',(-3.836818506367E-02,-3.031453631403));
#3479 = CARTESIAN_POINT('',(-1.918380956304E-02,-3.033892633945));
#3480 = CARTESIAN_POINT('',(0.,-3.036332036955));
#3481 = ( GEOMETRIC_REPRESENTATION_CONTEXT(2) 
PARAMETRIC_REPRESENTATION_CONTEXT() REPRESENTATION_CONTEXT('2D SPACE',''
  ) );
#3482 = ORIENTED_EDGE('',*,*,#3483,.F.);
#3483 = EDGE_CURVE('',#3484,#3270,#3486,.T.);
#3484 = VERTEX_POINT('',#3485);
#3485 = CARTESIAN_POINT('',(1.436349620833,12.5,0.));
#3486 = SURFACE_CURVE('',#3487,(#3546,#3608),.PCURVE_S1.);
#3487 = B_SPLINE_CURVE_WITH_KNOTS('',8,(#3488,#3489,#3490,#3491,#3492,
    #3493,#3494,#3495,#3496,#3497,#3498,#3499,#3500,#3501,#3502,#3503,
    #3504,#3505,#3506,#3507,#3508,#3509,#3510,#3511,#3512,#3513,#3514,
    #3515,#3516,#3517,#3518,#3519,#3520,#3521,#3522,#3523,#3524,#3525,
    #3526,#3527,#3528,#3529,#3530,#3531,#3532,#3533,#3534,#3535,#3536,
    #3537,#3538,#3539,#3540,#3541,#3542,#3543,#3544,#3545),
  .UNSPECIFIED.,.F.,.F.,(9,7,7,7,7,7,7,7,9),(0.,8.084173703561E-02,
    0.228236025824,0.342415408224,0.480274188283,0.639033538375,
    0.791009243093,0.898190972916,1.),.UNSPECIFIED.);
#3488 = CARTESIAN_POINT('',(1.436349620833,12.5,0.));
#3489 = CARTESIAN_POINT('',(1.444422036639,12.5,-0.793112749829));
#3490 = CARTESIAN_POINT('',(1.45249657768,12.442445051787,
    -1.586485954533));
#3491 = CARTESIAN_POINT('',(1.460573260077,12.327369053666,
    -2.37498652472));
#3492 = CARTESIAN_POINT('',(1.468652119713,12.155279497615,
    -3.153652929539));
#3493 = CARTESIAN_POINT('',(1.476733212234,11.927157469283,
    -3.917695196675));
#3494 = CARTESIAN_POINT('',(1.48481661305,11.644457647993,
    -4.662494912352));
#3495 = CARTESIAN_POINT('',(1.492902417335,11.30910830674,
    -5.383605221333));
#3496 = CARTESIAN_POINT('',(1.515737733523,10.220473539201,
    -7.34052505181));
#3497 = CARTESIAN_POINT('',(1.530508925765,9.349458853459,
    -8.512892171605));
#3498 = CARTESIAN_POINT('',(1.545268733655,8.325538426274,
    -9.565267020941));
#3499 = CARTESIAN_POINT('',(1.560009111847,7.168638764998,
    -10.47508763792));
#3500 = CARTESIAN_POINT('',(1.574718883331,5.901663528392,
    -11.22404436814));
#3501 = CARTESIAN_POINT('',(1.589411827266,4.549973383626,
    -11.79742707084));
#3502 = CARTESIAN_POINT('',(1.604132490372,3.141804467503,-12.1848474106
    ));
#3503 = CARTESIAN_POINT('',(1.630266376962,0.59943976827,-12.53577753958
    ));
#3504 = CARTESIAN_POINT('',(1.641678036182,-0.52643778751,
    -12.57534836289));
#3505 = CARTESIAN_POINT('',(1.653165112715,-1.654177445336,
    -12.49919957561));
#3506 = CARTESIAN_POINT('',(1.664586216697,-2.769955330746,
    -12.30761354507));
#3507 = CARTESIAN_POINT('',(1.675942248078,-3.860292184273,
    -12.00271176999));
#3508 = CARTESIAN_POINT('',(1.687323524708,-4.912041652601,
    -11.58830806701));
#3509 = CARTESIAN_POINT('',(1.698745005989,-5.912484930173,
    -11.07011589712));
#3510 = CARTESIAN_POINT('',(1.723954918844,-7.98099296901,
    -9.715101122912));
#3511 = CARTESIAN_POINT('',(1.73777876661,-9.022173012458,
    -8.833100974698));
#3512 = CARTESIAN_POINT('',(1.751602506795,-9.95055703348,
    -7.824164699295));
#3513 = CARTESIAN_POINT('',(1.765399723531,-10.74867408958,
    -6.705785440131));
#3514 = CARTESIAN_POINT('',(1.779171722145,-11.4021570808,
    -5.497307687235));
#3515 = CARTESIAN_POINT('',(1.79293706775,-11.90010565964,
    -4.220149903557));
#3516 = CARTESIAN_POINT('',(1.806709165095,-12.23461540994,
    -2.897377848951));
#3517 = CARTESIAN_POINT('',(1.836327724729,-12.59673307362,
    -8.858445465348E-03));
#3518 = CARTESIAN_POINT('',(1.852212338926,-12.57061577328,
    1.567257089955));
#3519 = CARTESIAN_POINT('',(1.868095837061,-12.31824303063,
    3.132903031141));
#3520 = CARTESIAN_POINT('',(1.88398726337,-11.84433721963,4.650847833757
    ));
#3521 = CARTESIAN_POINT('',(1.899877872089,-11.15879293595,
    6.085721656554));
#3522 = CARTESIAN_POINT('',(1.91576845705,-10.27839252426,7.404862884087
    ));
#3523 = CARTESIAN_POINT('',(1.931668044015,-9.225012785138,
    8.577682940314));
#3524 = CARTESIAN_POINT('',(1.962727126578,-6.888178466311,
    10.536958039237));
#3525 = CARTESIAN_POINT('',(1.977937570355,-5.612831996406,
    11.340838541987));
#3526 = CARTESIAN_POINT('',(1.99313541977,-4.231853194198,
    11.966453096238));
#3527 = CARTESIAN_POINT('',(2.008331440111,-2.774771808623,12.3991123902
    ));
#3528 = CARTESIAN_POINT('',(2.02353506094,-1.272240659612,
    12.628786839286));
#3529 = CARTESIAN_POINT('',(2.03874557353,0.243730900354,12.651469497048
    ));
#3530 = CARTESIAN_POINT('',(2.053963929961,1.740183825456,
    12.467825470297));
#3531 = CARTESIAN_POINT('',(2.079866394516,4.199939181632,
    11.820200923571));
#3532 = CARTESIAN_POINT('',(2.090582027912,5.191979414418,
    11.454324606657));
#3533 = CARTESIAN_POINT('',(2.101293755123,6.147204877406,
    10.993456911464));
#3534 = CARTESIAN_POINT('',(2.112001922774,7.054911342742,
    10.441995182163));
#3535 = CARTESIAN_POINT('',(2.122710679643,7.905264477066,9.805653900784
    ));
#3536 = CARTESIAN_POINT('',(2.133424573737,8.689318868114,9.091426363773
    ));
#3537 = CARTESIAN_POINT('',(2.144145149361,9.399037051326,8.307546358545
    ));
#3538 = CARTESIAN_POINT('',(2.165052457122,10.624086632406,6.66166538055
    ));
#3539 = CARTESIAN_POINT('',(2.175245974944,11.147803874679,
    5.804995746371));
#3540 = CARTESIAN_POINT('',(2.185444034266,11.592372475825,
    4.901626287685));
#3541 = CARTESIAN_POINT('',(2.195643395384,11.952926107688,
    3.960185143081));
#3542 = CARTESIAN_POINT('',(2.205841300104,12.225812482577,
    2.989711738276));
#3543 = CARTESIAN_POINT('',(2.216035129551,12.408585934432,
    1.999625284844));
#3544 = CARTESIAN_POINT('',(2.226222061983,12.5,0.999693278935));
#3545 = CARTESIAN_POINT('',(2.236398730608,12.5,-3.552713678801E-15));
#3546 = PCURVE('',#261,#3547);
#3547 = DEFINITIONAL_REPRESENTATION('',(#3548),#3607);
#3548 = B_SPLINE_CURVE_WITH_KNOTS('',8,(#3549,#3550,#3551,#3552,#3553,
    #3554,#3555,#3556,#3557,#3558,#3559,#3560,#3561,#3562,#3563,#3564,
    #3565,#3566,#3567,#3568,#3569,#3570,#3571,#3572,#3573,#3574,#3575,
    #3576,#3577,#3578,#3579,#3580,#3581,#3582,#3583,#3584,#3585,#3586,
    #3587,#3588,#3589,#3590,#3591,#3592,#3593,#3594,#3595,#3596,#3597,
    #3598,#3599,#3600,#3601,#3602,#3603,#3604,#3605,#3606),
  .UNSPECIFIED.,.F.,.F.,(9,7,7,7,7,7,7,7,9),(0.,8.084173703561E-02,
    0.228236025824,0.342415408224,0.480274188283,0.639033538375,
    0.791009243093,0.898190972916,1.),.UNSPECIFIED.);
#3549 = CARTESIAN_POINT('',(4.148483349075E-02,14.251297414476));
#3550 = CARTESIAN_POINT('',(4.1477828452E-02,14.315258456597));
#3551 = CARTESIAN_POINT('',(4.147094177056E-02,14.37923550394));
#3552 = CARTESIAN_POINT('',(4.146582030566E-02,14.443217259248));
#3553 = CARTESIAN_POINT('',(4.146359384605E-02,14.507196168845));
#3554 = CARTESIAN_POINT('',(4.146487510996E-02,14.571168422642));
#3555 = CARTESIAN_POINT('',(4.14697597451E-02,14.63513395413));
#3556 = CARTESIAN_POINT('',(4.147782632868E-02,14.699096440384));
#3557 = CARTESIAN_POINT('',(4.150693409345E-02,14.87969055958));
#3558 = CARTESIAN_POINT('',(4.153261717825E-02,14.996461641357));
#3559 = CARTESIAN_POINT('',(4.155742475109E-02,15.113148662189));
#3560 = CARTESIAN_POINT('',(4.156755666707E-02,15.229783660739));
#3561 = CARTESIAN_POINT('',(4.154280301043E-02,15.346418348171));
#3562 = CARTESIAN_POINT('',(4.149144613083E-02,15.46310436305));
#3563 = CARTESIAN_POINT('',(4.145963852509E-02,15.579874223855));
#3564 = CARTESIAN_POINT('',(4.14504482226E-02,15.786850097806));
#3565 = CARTESIAN_POINT('',(4.144600724926E-02,15.877231435243));
#3566 = CARTESIAN_POINT('',(4.153125000698E-02,15.967587732638));
#3567 = CARTESIAN_POINT('',(4.154257942324E-02,16.057934415136));
#3568 = CARTESIAN_POINT('',(4.147904243848E-02,16.148285272538));
#3569 = CARTESIAN_POINT('',(4.144205305606E-02,16.238651886345));
#3570 = CARTESIAN_POINT('',(4.144744197078E-02,16.329042792469));
#3571 = CARTESIAN_POINT('',(4.147249244247E-02,16.528465668058));
#3572 = CARTESIAN_POINT('',(4.150609751582E-02,16.637681303089));
#3573 = CARTESIAN_POINT('',(4.154718551291E-02,16.746844172744));
#3574 = CARTESIAN_POINT('',(4.15643930723E-02,16.855962711115));
#3575 = CARTESIAN_POINT('',(4.155394992897E-02,16.965073409434));
#3576 = CARTESIAN_POINT('',(4.15314352778E-02,17.074215177389));
#3577 = CARTESIAN_POINT('',(4.150778007712E-02,17.183418314144));
#3578 = CARTESIAN_POINT('',(4.14689623015E-02,17.418189223582));
#3579 = CARTESIAN_POINT('',(4.145555174642E-02,17.544046905482));
#3580 = CARTESIAN_POINT('',(4.145932058166E-02,17.669776572571));
#3581 = CARTESIAN_POINT('',(4.148154598579E-02,17.795440971125));
#3582 = CARTESIAN_POINT('',(4.150257567131E-02,17.92110719168));
#3583 = CARTESIAN_POINT('',(4.151365746376E-02,18.046842235762));
#3584 = CARTESIAN_POINT('',(4.151632134235E-02,18.172706949695));
#3585 = CARTESIAN_POINT('',(4.151287298659E-02,18.418637669353));
#3586 = CARTESIAN_POINT('',(4.150713828573E-02,18.539104432534));
#3587 = CARTESIAN_POINT('',(4.15008704346E-02,18.659475179552));
#3588 = CARTESIAN_POINT('',(4.150009996582E-02,18.779793307714));
#3589 = CARTESIAN_POINT('',(4.150783906472E-02,18.900112578238));
#3590 = CARTESIAN_POINT('',(4.151538992512E-02,19.02048771975));
#3591 = CARTESIAN_POINT('',(4.151741177549E-02,19.140963321066));
#3592 = CARTESIAN_POINT('',(4.151037171747E-02,19.346092014462));
#3593 = CARTESIAN_POINT('',(4.150457713784E-02,19.430972037598));
#3594 = CARTESIAN_POINT('',(4.149506373805E-02,19.515846932818));
#3595 = CARTESIAN_POINT('',(4.148341852795E-02,19.600708434781));
#3596 = CARTESIAN_POINT('',(4.147252920838E-02,19.685569357908));
#3597 = CARTESIAN_POINT('',(4.146546200088E-02,19.770444438992));
#3598 = CARTESIAN_POINT('',(4.146433947741E-02,19.855331179802));
#3599 = CARTESIAN_POINT('',(4.147385273731E-02,20.020796443635));
#3600 = CARTESIAN_POINT('',(4.148353899911E-02,20.101435278759));
#3601 = CARTESIAN_POINT('',(4.149908894493E-02,20.182069392023));
#3602 = CARTESIAN_POINT('',(4.151775076057E-02,20.262692223761));
#3603 = CARTESIAN_POINT('',(4.153494317543E-02,20.34331371822));
#3604 = CARTESIAN_POINT('',(4.154598958962E-02,20.423945584094));
#3605 = CARTESIAN_POINT('',(4.154785220124E-02,20.504586555056));
#3606 = CARTESIAN_POINT('',(4.154086613349E-02,20.585207650293));
#3607 = ( GEOMETRIC_REPRESENTATION_CONTEXT(2) 
PARAMETRIC_REPRESENTATION_CONTEXT() REPRESENTATION_CONTEXT('2D SPACE',''
  ) );
#3608 = PCURVE('',#3609,#3614);
#3609 = CYLINDRICAL_SURFACE('',#3610,12.5);
#3610 = AXIS2_PLACEMENT_3D('',#3611,#3612,#3613);
#3611 = CARTESIAN_POINT('',(0.,0.,0.));
#3612 = DIRECTION('',(-1.,-0.,-0.));
#3613 = DIRECTION('',(0.,1.,0.));
#3614 = DEFINITIONAL_REPRESENTATION('',(#3615),#3674);
#3615 = B_SPLINE_CURVE_WITH_KNOTS('',8,(#3616,#3617,#3618,#3619,#3620,
    #3621,#3622,#3623,#3624,#3625,#3626,#3627,#3628,#3629,#3630,#3631,
    #3632,#3633,#3634,#3635,#3636,#3637,#3638,#3639,#3640,#3641,#3642,
    #3643,#3644,#3645,#3646,#3647,#3648,#3649,#3650,#3651,#3652,#3653,
    #3654,#3655,#3656,#3657,#3658,#3659,#3660,#3661,#3662,#3663,#3664,
    #3665,#3666,#3667,#3668,#3669,#3670,#3671,#3672,#3673),
  .UNSPECIFIED.,.F.,.F.,(9,7,7,7,7,7,7,7,9),(0.,8.084173703561E-02,
    0.228236025824,0.342415408224,0.480274188283,0.639033538375,
    0.791009243093,0.898190972916,1.),.UNSPECIFIED.);
#3616 = CARTESIAN_POINT('',(-6.28318530718,-1.436349620833));
#3617 = CARTESIAN_POINT('',(-6.219736287193,-1.444422036639));
#3618 = CARTESIAN_POINT('',(-6.156271459978,-1.45249657768));
#3619 = CARTESIAN_POINT('',(-6.092802044253,-1.460573260077));
#3620 = CARTESIAN_POINT('',(-6.029335533275,-1.468652119713));
#3621 = CARTESIAN_POINT('',(-5.965875694842,-1.476733212234));
#3622 = CARTESIAN_POINT('',(-5.902422571294,-1.48481661305));
#3623 = CARTESIAN_POINT('',(-5.83897247951,-1.492902417335));
#3624 = CARTESIAN_POINT('',(-5.659824971483,-1.515737733523));
#3625 = CARTESIAN_POINT('',(-5.543989148136,-1.530508925765));
#3626 = CARTESIAN_POINT('',(-5.428236561265,-1.545268733655));
#3627 = CARTESIAN_POINT('',(-5.312535069576,-1.560009111847));
#3628 = CARTESIAN_POINT('',(-5.196834179437,-1.574718883331));
#3629 = CARTESIAN_POINT('',(-5.081083385782,-1.589411827266));
#3630 = CARTESIAN_POINT('',(-4.965249719655,-1.604132490372));
#3631 = CARTESIAN_POINT('',(-4.759932089131,-1.630266376962));
#3632 = CARTESIAN_POINT('',(-4.670274989174,-1.641678036182));
#3633 = CARTESIAN_POINT('',(-4.580639269291,-1.653165112715));
#3634 = CARTESIAN_POINT('',(-4.491016986066,-1.664586216697));
#3635 = CARTESIAN_POINT('',(-4.401390299479,-1.675942248078));
#3636 = CARTESIAN_POINT('',(-4.311744133533,-1.687323524708));
#3637 = CARTESIAN_POINT('',(-4.222078235196,-1.698745005989));
#3638 = CARTESIAN_POINT('',(-4.024253414993,-1.723954918844));
#3639 = CARTESIAN_POINT('',(-3.915913291261,-1.73777876661));
#3640 = CARTESIAN_POINT('',(-3.807625151649,-1.751602506795));
#3641 = CARTESIAN_POINT('',(-3.699380116992,-1.765399723531));
#3642 = CARTESIAN_POINT('',(-3.591142901225,-1.779171722145));
#3643 = CARTESIAN_POINT('',(-3.482875069762,-1.79293706775));
#3644 = CARTESIAN_POINT('',(-3.374546588298,-1.806709165095));
#3645 = CARTESIAN_POINT('',(-3.141656247798,-1.836327724729));
#3646 = CARTESIAN_POINT('',(-3.016806831008,-1.852212338926));
#3647 = CARTESIAN_POINT('',(-2.89208433237,-1.868095837061));
#3648 = CARTESIAN_POINT('',(-2.767426089553,-1.88398726337));
#3649 = CARTESIAN_POINT('',(-2.642765453275,-1.899877872089));
#3650 = CARTESIAN_POINT('',(-2.518036561769,-1.91576845705));
#3651 = CARTESIAN_POINT('',(-2.393179354606,-1.931668044015));
#3652 = CARTESIAN_POINT('',(-2.149217999674,-1.962727126578));
#3653 = CARTESIAN_POINT('',(-2.029716270201,-1.977937570355));
#3654 = CARTESIAN_POINT('',(-1.910310207666,-1.99313541977));
#3655 = CARTESIAN_POINT('',(-1.790956621661,-2.008331440111));
#3656 = CARTESIAN_POINT('',(-1.671601692108,-2.02353506094));
#3657 = CARTESIAN_POINT('',(-1.552190818172,-2.03874557353));
#3658 = CARTESIAN_POINT('',(-1.432679858391,-2.053963929961));
#3659 = CARTESIAN_POINT('',(-1.229193226445,-2.079866394516));
#3660 = CARTESIAN_POINT('',(-1.144992548983,-2.090582027912));
#3661 = CARTESIAN_POINT('',(-1.060796928163,-2.101293755123));
#3662 = CARTESIAN_POINT('',(-0.97661465785,-2.112001922774));
#3663 = CARTESIAN_POINT('',(-0.892433102932,-2.122710679643));
#3664 = CARTESIAN_POINT('',(-0.80823768198,-2.133424573737));
#3665 = CARTESIAN_POINT('',(-0.724030849922,-2.144145149361));
#3666 = CARTESIAN_POINT('',(-0.559890994047,-2.165052457122));
#3667 = CARTESIAN_POINT('',(-0.479898156723,-2.175245974944));
#3668 = CARTESIAN_POINT('',(-0.399909974682,-2.185444034266));
#3669 = CARTESIAN_POINT('',(-0.319932891839,-2.195643395384));
#3670 = CARTESIAN_POINT('',(-0.239957019372,-2.205841300104));
#3671 = CARTESIAN_POINT('',(-0.159970765007,-2.216035129551));
#3672 = CARTESIAN_POINT('',(-7.997546231481E-02,-2.226222061983));
#3673 = CARTESIAN_POINT('',(0.,-2.236398730608));
#3674 = ( GEOMETRIC_REPRESENTATION_CONTEXT(2) 
PARAMETRIC_REPRESENTATION_CONTEXT() REPRESENTATION_CONTEXT('2D SPACE',''
  ) );
#3675 = ORIENTED_EDGE('',*,*,#3676,.F.);
#3676 = EDGE_CURVE('',#996,#3484,#3677,.T.);
#3677 = SURFACE_CURVE('',#3678,(#3751,#3827),.PCURVE_S1.);
#3678 = B_SPLINE_CURVE_WITH_KNOTS('',8,(#3679,#3680,#3681,#3682,#3683,
    #3684,#3685,#3686,#3687,#3688,#3689,#3690,#3691,#3692,#3693,#3694,
    #3695,#3696,#3697,#3698,#3699,#3700,#3701,#3702,#3703,#3704,#3705,
    #3706,#3707,#3708,#3709,#3710,#3711,#3712,#3713,#3714,#3715,#3716,
    #3717,#3718,#3719,#3720,#3721,#3722,#3723,#3724,#3725,#3726,#3727,
    #3728,#3729,#3730,#3731,#3732,#3733,#3734,#3735,#3736,#3737,#3738,
    #3739,#3740,#3741,#3742,#3743,#3744,#3745,#3746,#3747,#3748,#3749,
    #3750),.UNSPECIFIED.,.F.,.F.,(9,7,7,7,7,7,7,7,7,7,9),(0.,
    0.143013384184,0.231111249618,0.320270185907,0.399928119357,
    0.494744813075,0.593014300465,0.697902010353,0.784486325543,
    0.924213607371,1.),.UNSPECIFIED.);
#3679 = CARTESIAN_POINT('',(0.636368039875,12.5,1.7763568394E-15));
#3680 = CARTESIAN_POINT('',(0.650663526758,12.5,-1.403642889037));
#3681 = CARTESIAN_POINT('',(0.664975788622,12.319865931678,
    -2.808712686193));
#3682 = CARTESIAN_POINT('',(0.679283643943,11.958960277646,
    -4.185994187426));
#3683 = CARTESIAN_POINT('',(0.693589735596,11.423078767472,
    -5.508728700494));
#3684 = CARTESIAN_POINT('',(0.707893988398,10.721672107821,
    -6.75175857588));
#3685 = CARTESIAN_POINT('',(0.722196332309,9.868501453682,
    -7.891917248466));
#3686 = CARTESIAN_POINT('',(0.736502097581,8.880883813558,
    -8.907877524935));
#3687 = CARTESIAN_POINT('',(0.759590371392,7.105759792755,-10.3201684836
    ));
#3688 = CARTESIAN_POINT('',(0.768391145402,6.386392818925,
    -10.80511597832));
#3689 = CARTESIAN_POINT('',(0.777193243821,5.629439950436,
    -11.23260617461));
#3690 = CARTESIAN_POINT('',(0.785997781598,4.840293366803,
    -11.59924212023));
#3691 = CARTESIAN_POINT('',(0.79480536238,4.02462023755,-11.90228004111)
  );
#3692 = CARTESIAN_POINT('',(0.803616078509,3.188362722212,
    -12.13962934141));
#3693 = CARTESIAN_POINT('',(0.812429511024,2.337737970337,
    -12.30985260347));
#3694 = CARTESIAN_POINT('',(0.830166120806,0.61039830395,-12.5157108532)
  );
#3695 = CARTESIAN_POINT('',(0.839091100086,-0.266832125277,
    -12.54975989668));
#3696 = CARTESIAN_POINT('',(0.848017255519,-1.145793699708,
    -12.51352132576));
#3697 = CARTESIAN_POINT('',(0.856942348,-2.019919446141,-12.4069418464)
  );
#3698 = CARTESIAN_POINT('',(0.865864311303,-2.882734884659,
    -12.23070626292));
#3699 = CARTESIAN_POINT('',(0.874781252079,-3.727858028631,
    -11.9862374781));
#3700 = CARTESIAN_POINT('',(0.883691449859,-4.548999384714,
    -11.67569649313));
#3701 = CARTESIAN_POINT('',(0.900546654386,-6.046637539579,
    -10.96809224481));
#3702 = CARTESIAN_POINT('',(0.90849538041,-6.729590639297,
    -10.58363000345));
#3703 = CARTESIAN_POINT('',(0.916442424348,-7.384476711915,
    -10.1506388387));
#3704 = CARTESIAN_POINT('',(0.924390286266,-8.007252134039,
    -9.671533905819));
#3705 = CARTESIAN_POINT('',(0.932341077076,-8.594174198971,
    -9.14910236014));
#3706 = CARTESIAN_POINT('',(0.940296518533,-9.141801116708,
    -8.586503357123));
#3707 = CARTESIAN_POINT('',(0.948257943235,-9.646992013942,
    -7.987268052323));
#3708 = CARTESIAN_POINT('',(0.965711008827,-10.65434282936,-6.6030687004
    ));
#3709 = CARTESIAN_POINT('',(0.975201159874,-11.13801760106,
    -5.80396477178));
#3710 = CARTESIAN_POINT('',(0.984735258147,-11.55296558494,
    -4.964624868698));
#3711 = CARTESIAN_POINT('',(0.994192213124,-11.89534168938,
    -4.092063295434));
#3712 = CARTESIAN_POINT('',(1.003618490364,-12.16220414815,
    -3.193572874978));
#3713 = CARTESIAN_POINT('',(1.01309607242,-12.35143589241,
    -2.276679775508));
#3714 = CARTESIAN_POINT('',(1.022570206656,-12.46178146138,
    -1.349141369251));
#3715 = CARTESIAN_POINT('',(1.041887066028,-12.52530725802,
    0.545060554353));
#3716 = CARTESIAN_POINT('',(1.051731469578,-12.47263047465,
    1.512291087701));
#3717 = CARTESIAN_POINT('',(1.061582330479,-12.33453922497,
    2.473616203908));
#3718 = CARTESIAN_POINT('',(1.071431291974,-12.11187697371,
    3.420220297041));
#3719 = CARTESIAN_POINT('',(1.0812733183,-11.80651961371,4.343542726145)
  );
#3720 = CARTESIAN_POINT('',(1.091107618741,-11.42130827903,
    5.235267102512));
#3721 = CARTESIAN_POINT('',(1.100935154535,-10.96014245652,
    6.087355014329));
#3722 = CARTESIAN_POINT('',(1.121232596381,-9.860521445402,7.75114836132
    ));
#3723 = CARTESIAN_POINT('',(1.131710626191,-9.211701581326,
    8.557049868317));
#3724 = CARTESIAN_POINT('',(1.142185518376,-8.487837909999,
    9.300459752787));
#3725 = CARTESIAN_POINT('',(1.152661257977,-7.696084106383,
    9.973311455731));
#3726 = CARTESIAN_POINT('',(1.16314264679,-6.844465074949,
    10.568602973515));
#3727 = CARTESIAN_POINT('',(1.173631799525,-5.941794485046,
    11.080325453826));
#3728 = CARTESIAN_POINT('',(1.184126137507,-4.9977378328,11.503585152184
    ));
#3729 = CARTESIAN_POINT('',(1.203278764361,-3.218396855686,
    12.108433087472));
#3730 = CARTESIAN_POINT('',(1.211943890602,-2.392241134328,
    12.319487224082));
#3731 = CARTESIAN_POINT('',(1.220610738793,-1.550485787751,
    12.466078625582));
#3732 = CARTESIAN_POINT('',(1.229277394532,-0.699078313706,
    12.546869508418));
#3733 = CARTESIAN_POINT('',(1.237942548876,0.156018214591,
    12.561186838749));
#3734 = CARTESIAN_POINT('',(1.246605498344,1.008825148462,
    12.509022332446));
#3735 = CARTESIAN_POINT('',(1.255266144913,1.853348263763,
    12.391032455095));
#3736 = CARTESIAN_POINT('',(1.277898401324,4.023378285628,
    11.914034791178));
#3737 = CARTESIAN_POINT('',(1.291883329812,5.327725719605,
    11.451166054135));
#3738 = CARTESIAN_POINT('',(1.305858023363,6.569622550387,
    10.825189275448));
#3739 = CARTESIAN_POINT('',(1.319828975395,7.725719153106,
    10.046720128858));
#3740 = CARTESIAN_POINT('',(1.33380518061,8.774920869744,9.129333041834)
  );
#3741 = CARTESIAN_POINT('',(1.3477893787,9.698749047741,8.089953993677)
  );
#3742 = CARTESIAN_POINT('',(1.361780856592,10.481058849522,
    6.948356775814));
#3743 = CARTESIAN_POINT('',(1.383337038047,11.450899499128,
    5.067606109467));
#3744 = CARTESIAN_POINT('',(1.390913263727,11.746809029724,
    4.383306001119));
#3745 = CARTESIAN_POINT('',(1.398486986499,11.995889708084,
    3.679516060242));
#3746 = CARTESIAN_POINT('',(1.406059503296,12.196721976534,
    2.959832130807));
#3747 = CARTESIAN_POINT('',(1.413631904855,12.348166787227,
    2.228016067894));
#3748 = CARTESIAN_POINT('',(1.421204864686,12.449404215957,
    1.488001304275));
#3749 = CARTESIAN_POINT('',(1.428778116606,12.5,0.743898317857));
#3750 = CARTESIAN_POINT('',(1.436349620833,12.5,0.));
#3751 = PCURVE('',#261,#3752);
#3752 = DEFINITIONAL_REPRESENTATION('',(#3753),#3826);
#3753 = B_SPLINE_CURVE_WITH_KNOTS('',8,(#3754,#3755,#3756,#3757,#3758,
    #3759,#3760,#3761,#3762,#3763,#3764,#3765,#3766,#3767,#3768,#3769,
    #3770,#3771,#3772,#3773,#3774,#3775,#3776,#3777,#3778,#3779,#3780,
    #3781,#3782,#3783,#3784,#3785,#3786,#3787,#3788,#3789,#3790,#3791,
    #3792,#3793,#3794,#3795,#3796,#3797,#3798,#3799,#3800,#3801,#3802,
    #3803,#3804,#3805,#3806,#3807,#3808,#3809,#3810,#3811,#3812,#3813,
    #3814,#3815,#3816,#3817,#3818,#3819,#3820,#3821,#3822,#3823,#3824,
    #3825),.UNSPECIFIED.,.F.,.F.,(9,7,7,7,7,7,7,7,7,7,9),(0.,
    0.143013384184,0.231111249618,0.320270185907,0.399928119357,
    0.494744813075,0.593014300465,0.697902010353,0.784486325543,
    0.924213607371,1.),.UNSPECIFIED.);
#3754 = CARTESIAN_POINT('',(4.150587600994E-02,7.917387130604));
#3755 = CARTESIAN_POINT('',(4.150362144495E-02,8.030585682247));
#3756 = CARTESIAN_POINT('',(4.150394363257E-02,8.143899171992));
#3757 = CARTESIAN_POINT('',(4.150848798119E-02,8.257148482909));
#3758 = CARTESIAN_POINT('',(4.151637946449E-02,8.370360610233));
#3759 = CARTESIAN_POINT('',(4.152103068166E-02,8.4835806579));
#3760 = CARTESIAN_POINT('',(4.151689399574E-02,8.596846557242));
#3761 = CARTESIAN_POINT('',(4.150631069167E-02,8.710184267484));
#3762 = CARTESIAN_POINT('',(4.148651546432E-02,8.893120409309));
#3763 = CARTESIAN_POINT('',(4.147784734499E-02,8.962859683133));
#3764 = CARTESIAN_POINT('',(4.147016138971E-02,9.032602629163));
#3765 = CARTESIAN_POINT('',(4.146502353749E-02,9.102347211383));
#3766 = CARTESIAN_POINT('',(4.14634611743E-02,9.172091081723));
#3767 = CARTESIAN_POINT('',(4.146596313317E-02,9.241831580061));
#3768 = CARTESIAN_POINT('',(4.147247969408E-02,9.311565734223));
#3769 = CARTESIAN_POINT('',(4.149248522842E-02,9.451854563881));
#3770 = CARTESIAN_POINT('',(4.150664903623E-02,9.522418825064));
#3771 = CARTESIAN_POINT('',(4.152170550997E-02,9.59298620541));
#3772 = CARTESIAN_POINT('',(4.153497688423E-02,9.663557553704));
#3773 = CARTESIAN_POINT('',(4.154431612565E-02,9.734131405634));
#3774 = CARTESIAN_POINT('',(4.154810693296E-02,9.804703983788));
#3775 = CARTESIAN_POINT('',(4.154526373694E-02,9.875269197655));
#3776 = CARTESIAN_POINT('',(4.152626870325E-02,10.00885016134));
#3777 = CARTESIAN_POINT('',(4.151098557929E-02,10.071889331353));
#3778 = CARTESIAN_POINT('',(4.149292554929E-02,10.134934448494));
#3779 = CARTESIAN_POINT('',(4.147525453145E-02,10.197983343793));
#3780 = CARTESIAN_POINT('',(4.146076114149E-02,10.261033384481));
#3781 = CARTESIAN_POINT('',(4.145185669263E-02,10.324081473994));
#3782 = CARTESIAN_POINT('',(4.145057519559E-02,10.387124051968));
#3783 = CARTESIAN_POINT('',(4.146809355753E-02,10.52518521014));
#3784 = CARTESIAN_POINT('',(4.147950943076E-02,10.600243222119));
#3785 = CARTESIAN_POINT('',(4.154165409304E-02,10.675297249184));
#3786 = CARTESIAN_POINT('',(4.151689810813E-02,10.750343350764));
#3787 = CARTESIAN_POINT('',(4.145775910326E-02,10.825385104192));
#3788 = CARTESIAN_POINT('',(4.145659377774E-02,10.900430892829));
#3789 = CARTESIAN_POINT('',(4.144957527269E-02,10.975489974158));
#3790 = CARTESIAN_POINT('',(4.146298221036E-02,11.128336034545));
#3791 = CARTESIAN_POINT('',(4.148092609257E-02,11.206153513404));
#3792 = CARTESIAN_POINT('',(4.150639929561E-02,11.283969883413));
#3793 = CARTESIAN_POINT('',(4.152992848895E-02,11.361784700491));
#3794 = CARTESIAN_POINT('',(4.154484954862E-02,11.439604325982));
#3795 = CARTESIAN_POINT('',(4.154952210621E-02,11.517433879494));
#3796 = CARTESIAN_POINT('',(4.154581484213E-02,11.595268008087));
#3797 = CARTESIAN_POINT('',(4.152678323776E-02,11.756102750992));
#3798 = CARTESIAN_POINT('',(4.151069286843E-02,11.839172998443));
#3799 = CARTESIAN_POINT('',(4.149190917609E-02,11.922237088711));
#3800 = CARTESIAN_POINT('',(4.147571664269E-02,12.005289912808));
#3801 = CARTESIAN_POINT('',(4.146587075657E-02,12.088343435377));
#3802 = CARTESIAN_POINT('',(4.146318404147E-02,12.171408762614));
#3803 = CARTESIAN_POINT('',(4.146594034109E-02,12.254477383645));
#3804 = CARTESIAN_POINT('',(4.147725296839E-02,12.406037676551));
#3805 = CARTESIAN_POINT('',(4.148496371747E-02,12.474589348558));
#3806 = CARTESIAN_POINT('',(4.149348128475E-02,12.543149056782));
#3807 = CARTESIAN_POINT('',(4.150143592508E-02,12.611711146492));
#3808 = CARTESIAN_POINT('',(4.15078764697E-02,12.680271852821));
#3809 = CARTESIAN_POINT('',(4.151227032621E-02,12.748829300769));
#3810 = CARTESIAN_POINT('',(4.151450347859E-02,12.8173835052));
#3811 = CARTESIAN_POINT('',(4.151548889282E-02,12.996565017119));
#3812 = CARTESIAN_POINT('',(4.151157664581E-02,13.107316257902));
#3813 = CARTESIAN_POINT('',(4.150505585744E-02,13.218004560721));
#3814 = CARTESIAN_POINT('',(4.150048434158E-02,13.328649717481));
#3815 = CARTESIAN_POINT('',(4.150251245117E-02,13.43929068182));
#3816 = CARTESIAN_POINT('',(4.150824818767E-02,13.549969207952));
#3817 = CARTESIAN_POINT('',(4.151318856249E-02,13.660710889087));
#3818 = CARTESIAN_POINT('',(4.1515399294E-02,13.831364197711));
#3819 = CARTESIAN_POINT('',(4.151514346134E-02,13.891349888377));
#3820 = CARTESIAN_POINT('',(4.151342995125E-02,13.951325875042));
#3821 = CARTESIAN_POINT('',(4.150996259547E-02,14.011304480659));
#3822 = CARTESIAN_POINT('',(4.150478433166E-02,14.071294043121));
#3823 = CARTESIAN_POINT('',(4.149834182257E-02,14.131296796187));
#3824 = CARTESIAN_POINT('',(4.149140385107E-02,14.191305299039));
#3825 = CARTESIAN_POINT('',(4.148483349075E-02,14.251297414476));
#3826 = ( GEOMETRIC_REPRESENTATION_CONTEXT(2) 
PARAMETRIC_REPRESENTATION_CONTEXT() REPRESENTATION_CONTEXT('2D SPACE',''
  ) );
#3827 = PCURVE('',#1011,#3828);
#3828 = DEFINITIONAL_REPRESENTATION('',(#3829),#3902);
#3829 = B_SPLINE_CURVE_WITH_KNOTS('',8,(#3830,#3831,#3832,#3833,#3834,
    #3835,#3836,#3837,#3838,#3839,#3840,#3841,#3842,#3843,#3844,#3845,
    #3846,#3847,#3848,#3849,#3850,#3851,#3852,#3853,#3854,#3855,#3856,
    #3857,#3858,#3859,#3860,#3861,#3862,#3863,#3864,#3865,#3866,#3867,
    #3868,#3869,#3870,#3871,#3872,#3873,#3874,#3875,#3876,#3877,#3878,
    #3879,#3880,#3881,#3882,#3883,#3884,#3885,#3886,#3887,#3888,#3889,
    #3890,#3891,#3892,#3893,#3894,#3895,#3896,#3897,#3898,#3899,#3900,
    #3901),.UNSPECIFIED.,.F.,.F.,(9,7,7,7,7,7,7,7,7,7,9),(0.,
    0.143013384184,0.231111249618,0.320270185907,0.399928119357,
    0.494744813075,0.593014300465,0.697902010353,0.784486325543,
    0.924213607371,1.),.UNSPECIFIED.);
#3830 = CARTESIAN_POINT('',(-6.28318530718,-0.636368039875));
#3831 = CARTESIAN_POINT('',(-6.170893876057,-0.650663526758));
#3832 = CARTESIAN_POINT('',(-6.058488567766,-0.664975788622));
#3833 = CARTESIAN_POINT('',(-5.946146864389,-0.679283643943));
#3834 = CARTESIAN_POINT('',(-5.833841713013,-0.693589735596));
#3835 = CARTESIAN_POINT('',(-5.721528172653,-0.707893988398));
#3836 = CARTESIAN_POINT('',(-5.609168821625,-0.722196332309));
#3837 = CARTESIAN_POINT('',(-5.496738180731,-0.736502097581));
#3838 = CARTESIAN_POINT('',(-5.315266313314,-0.759590371392));
#3839 = CARTESIAN_POINT('',(-5.246085301379,-0.768391145402));
#3840 = CARTESIAN_POINT('',(-5.176900733376,-0.777193243821));
#3841 = CARTESIAN_POINT('',(-5.107714647005,-0.785997781598));
#3842 = CARTESIAN_POINT('',(-5.038529369094,-0.79480536238));
#3843 = CARTESIAN_POINT('',(-4.969347515595,-0.803616078509));
#3844 = CARTESIAN_POINT('',(-4.900171991589,-0.812429511024));
#3845 = CARTESIAN_POINT('',(-4.761006939837,-0.830166120806));
#3846 = CARTESIAN_POINT('',(-4.691007910287,-0.839091100086));
#3847 = CARTESIAN_POINT('',(-4.621005722699,-0.848017255519));
#3848 = CARTESIAN_POINT('',(-4.550999519057,-0.856942348));
#3849 = CARTESIAN_POINT('',(-4.480990763255,-0.865864311303));
#3850 = CARTESIAN_POINT('',(-4.410983241101,-0.874781252079));
#3851 = CARTESIAN_POINT('',(-4.340983060317,-0.883691449859));
#3852 = CARTESIAN_POINT('',(-4.208471957322,-0.900546654386));
#3853 = CARTESIAN_POINT('',(-4.145937774958,-0.90849538041));
#3854 = CARTESIAN_POINT('',(-4.083397818502,-0.916442424348));
#3855 = CARTESIAN_POINT('',(-4.020854223802,-0.924390286266));
#3856 = CARTESIAN_POINT('',(-3.958309547493,-0.932341077076));
#3857 = CARTESIAN_POINT('',(-3.895766767002,-0.940296518533));
#3858 = CARTESIAN_POINT('',(-3.833229280542,-0.948257943235));
#3859 = CARTESIAN_POINT('',(-3.696273497635,-0.965711008827));
#3860 = CARTESIAN_POINT('',(-3.621815630073,-0.975201159874));
#3861 = CARTESIAN_POINT('',(-3.547362108793,-0.984735258147));
#3862 = CARTESIAN_POINT('',(-3.472917358984,-0.994192213124));
#3863 = CARTESIAN_POINT('',(-3.398475895157,-1.003618490364));
#3864 = CARTESIAN_POINT('',(-3.324029360253,-1.01309607242));
#3865 = CARTESIAN_POINT('',(-3.249572077931,-1.022570206656));
#3866 = CARTESIAN_POINT('',(-3.097950729477,-1.041887066028));
#3867 = CARTESIAN_POINT('',(-3.020757002835,-1.051731469578));
#3868 = CARTESIAN_POINT('',(-2.943564346003,-1.061582330479));
#3869 = CARTESIAN_POINT('',(-2.866372960583,-1.071431291974));
#3870 = CARTESIAN_POINT('',(-2.78917655541,-1.0812733183));
#3871 = CARTESIAN_POINT('',(-2.711970200204,-1.091107618741));
#3872 = CARTESIAN_POINT('',(-2.63475928758,-1.100935154535));
#3873 = CARTESIAN_POINT('',(-2.475212435886,-1.121232596381));
#3874 = CARTESIAN_POINT('',(-2.392807422813,-1.131710626191));
#3875 = CARTESIAN_POINT('',(-2.3104086458,-1.142185518376));
#3876 = CARTESIAN_POINT('',(-2.228021156731,-1.152661257977));
#3877 = CARTESIAN_POINT('',(-2.145633007964,-1.16314264679));
#3878 = CARTESIAN_POINT('',(-2.063233082652,-1.173631799525));
#3879 = CARTESIAN_POINT('',(-1.980829750812,-1.184126137507));
#3880 = CARTESIAN_POINT('',(-1.830483050945,-1.203278764361));
#3881 = CARTESIAN_POINT('',(-1.762480191086,-1.211943890602));
#3882 = CARTESIAN_POINT('',(-1.694469276711,-1.220610738793));
#3883 = CARTESIAN_POINT('',(-1.626455944551,-1.229277394532));
#3884 = CARTESIAN_POINT('',(-1.558443962933,-1.237942548876));
#3885 = CARTESIAN_POINT('',(-1.490435231773,-1.246605498344));
#3886 = CARTESIAN_POINT('',(-1.422429782583,-1.255266144913));
#3887 = CARTESIAN_POINT('',(-1.244682869164,-1.277898401324));
#3888 = CARTESIAN_POINT('',(-1.134818615359,-1.291883329812));
#3889 = CARTESIAN_POINT('',(-1.025017167628,-1.305858023363));
#3890 = CARTESIAN_POINT('',(-0.91525886987,-1.319828975395));
#3891 = CARTESIAN_POINT('',(-0.805504800854,-1.33380518061));
#3892 = CARTESIAN_POINT('',(-0.695713212451,-1.3477893787));
#3893 = CARTESIAN_POINT('',(-0.585858621224,-1.361780856592));
#3894 = CARTESIAN_POINT('',(-0.416571854732,-1.383337038047));
#3895 = CARTESIAN_POINT('',(-0.357066423215,-1.390913263727));
#3896 = CARTESIAN_POINT('',(-0.297570536987,-1.398486986499));
#3897 = CARTESIAN_POINT('',(-0.238071994419,-1.406059503296));
#3898 = CARTESIAN_POINT('',(-0.178562556636,-1.413631904855));
#3899 = CARTESIAN_POINT('',(-0.119040043074,-1.421204864686));
#3900 = CARTESIAN_POINT('',(-5.951186542855E-02,-1.428778116606));
#3901 = CARTESIAN_POINT('',(0.,-1.436349620833));
#3902 = ( GEOMETRIC_REPRESENTATION_CONTEXT(2) 
PARAMETRIC_REPRESENTATION_CONTEXT() REPRESENTATION_CONTEXT('2D SPACE',''
  ) );
#3903 = ORIENTED_EDGE('',*,*,#1023,.F.);
#3904 = ORIENTED_EDGE('',*,*,#169,.F.);
#3905 = ORIENTED_EDGE('',*,*,#3906,.T.);
#3906 = EDGE_CURVE('',#144,#3907,#3909,.T.);
#3907 = VERTEX_POINT('',#3908);
#3908 = CARTESIAN_POINT('',(10.6,12.700015915138,-9.484515427038E-06));
#3909 = SURFACE_CURVE('',#3910,(#4057,#4064),.PCURVE_S1.);
#3910 = B_SPLINE_CURVE_WITH_KNOTS('',10,(#3911,#3912,#3913,#3914,#3915,
    #3916,#3917,#3918,#3919,#3920,#3921,#3922,#3923,#3924,#3925,#3926,
    #3927,#3928,#3929,#3930,#3931,#3932,#3933,#3934,#3935,#3936,#3937,
    #3938,#3939,#3940,#3941,#3942,#3943,#3944,#3945,#3946,#3947,#3948,
    #3949,#3950,#3951,#3952,#3953,#3954,#3955,#3956,#3957,#3958,#3959,
    #3960,#3961,#3962,#3963,#3964,#3965,#3966,#3967,#3968,#3969,#3970,
    #3971,#3972,#3973,#3974,#3975,#3976,#3977,#3978,#3979,#3980,#3981,
    #3982,#3983,#3984,#3985,#3986,#3987,#3988,#3989,#3990,#3991,#3992,
    #3993,#3994,#3995,#3996,#3997,#3998,#3999,#4000,#4001,#4002,#4003,
    #4004,#4005,#4006,#4007,#4008,#4009,#4010,#4011,#4012,#4013,#4014,
    #4015,#4016,#4017,#4018,#4019,#4020,#4021,#4022,#4023,#4024,#4025,
    #4026,#4027,#4028,#4029,#4030,#4031,#4032,#4033,#4034,#4035,#4036,
    #4037,#4038,#4039,#4040,#4041,#4042,#4043,#4044,#4045,#4046,#4047,
    #4048,#4049,#4050,#4051,#4052,#4053,#4054,#4055,#4056),
  .UNSPECIFIED.,.F.,.F.,(11,9,9,9,9,9,9,9,9,9,9,9,9,9,9,9,11),(0.,
    5.344236676813,10.688473353625,16.032710030438,21.376946707251,
    26.721183384063,32.065420060876,37.409656737689,42.753893414501,
    48.098130091314,53.442366768127,58.786603444939,64.130840121752,
    69.475076798565,74.819313475377,80.16355015219,85.507786829003),
  .UNSPECIFIED.);
#3911 = CARTESIAN_POINT('',(-1.206933758491E-08,8.772967241555E-09,
    12.699999889241));
#3912 = CARTESIAN_POINT('',(6.75001077026E-02,6.732826102426,
    12.699999776117));
#3913 = CARTESIAN_POINT('',(0.134999653812,13.466510251557,
    8.734687668731));
#3914 = CARTESIAN_POINT('',(0.202500576871,17.565237538535,
    0.797908889559));
#3915 = CARTESIAN_POINT('',(0.269999501311,16.434011187052,
    -9.090623537309));
#3916 = CARTESIAN_POINT('',(0.337500032149,9.110669662843,
    -17.04486579915));
#3917 = CARTESIAN_POINT('',(0.405000433898,-1.571668686396,
    -18.71486073031));
#3918 = CARTESIAN_POINT('',(0.472499471898,-10.42216126577,
    -14.16166644736));
#3919 = CARTESIAN_POINT('',(0.540000307639,-14.74421906825,
    -6.344261862574));
#3920 = CARTESIAN_POINT('',(0.607499911662,-14.30022180229,1.45760164439
    ));
#3921 = CARTESIAN_POINT('',(0.742500086354,-6.81910613957,
    12.653882154737));
#3922 = CARTESIAN_POINT('',(0.809999686433,0.218964893496,
    16.049726505082));
#3923 = CARTESIAN_POINT('',(0.877500536442,9.095286086806,15.04825569408
    ));
#3924 = CARTESIAN_POINT('',(0.944999542298,16.688824683682,
    8.613901052883));
#3925 = CARTESIAN_POINT('',(1.012499998252,19.233904799774,
    -1.894375074521));
#3926 = CARTESIAN_POINT('',(1.080000456414,14.687665674368,
    -11.70421430145));
#3927 = CARTESIAN_POINT('',(1.147499460328,5.984752738831,
    -16.53351070934));
#3928 = CARTESIAN_POINT('',(1.215000311829,-2.916388269065,
    -15.7840531558));
#3929 = CARTESIAN_POINT('',(1.282499910919,-9.156729033642,
    -11.08039979219));
#3930 = CARTESIAN_POINT('',(1.417500086718,-14.30981087599,1.36024071901
    ));
#3931 = CARTESIAN_POINT('',(1.484999685875,-13.22320949825,
    9.098812949703));
#3932 = CARTESIAN_POINT('',(1.552500537133,-7.459097116649,
    15.922816918549));
#3933 = CARTESIAN_POINT('',(1.619999541597,2.109617248972,
    18.661877605006));
#3934 = CARTESIAN_POINT('',(1.687499998832,12.260900280674,
    14.939948965094));
#3935 = CARTESIAN_POINT('',(1.755000456028,17.891728368478,
    5.709834617299));
#3936 = CARTESIAN_POINT('',(1.822499460526,17.07206221332,-4.20938635803
    ));
#3937 = CARTESIAN_POINT('',(1.890000311758,11.503702047745,
    -11.19403831313));
#3938 = CARTESIAN_POINT('',(1.957499910932,4.125809636467,
    -13.76948223406));
#3939 = CARTESIAN_POINT('',(2.092500086712,-9.081103786121,
    -11.14246364795));
#3940 = CARTESIAN_POINT('',(2.159999685885,-14.9118080579,
    -5.939667244246));
#3941 = CARTESIAN_POINT('',(2.227500537122,-17.38339073325,
    2.644230518067));
#3942 = CARTESIAN_POINT('',(2.294999541608,-14.34474359046,
    12.122066325697));
#3943 = CARTESIAN_POINT('',(2.362499998823,-5.610322347874,
    18.494756930701));
#3944 = CARTESIAN_POINT('',(2.430000456034,5.192557723251,
    18.048642598789));
#3945 = CARTESIAN_POINT('',(2.497499460524,12.984706425116,
    11.856291189918));
#3946 = CARTESIAN_POINT('',(2.565000311759,15.698617123577,
    3.345904207623));
#3947 = CARTESIAN_POINT('',(2.632499910932,13.741083075894,
    -4.219429114473));
#3948 = CARTESIAN_POINT('',(2.767500086712,4.219428982934,
    -13.74108296963));
#3949 = CARTESIAN_POINT('',(2.834999685885,-3.345903856696,
    -15.69861757958));
#3950 = CARTESIAN_POINT('',(2.902500537121,-11.85629176404,
    -12.9847053884));
#3951 = CARTESIAN_POINT('',(2.969999541609,-18.04864232729,
    -5.19255917849));
#3952 = CARTESIAN_POINT('',(3.037499998821,-18.49475646892,
    5.610323870141));
#3953 = CARTESIAN_POINT('',(3.105000456036,-12.12206735992,
    14.344742531316));
#3954 = CARTESIAN_POINT('',(3.172499460522,-2.644229464734,
    17.383391276279));
#3955 = CARTESIAN_POINT('',(3.240000311759,5.939666699116,
    14.911807873719));
#3956 = CARTESIAN_POINT('',(3.307499910932,11.142463816366,
    9.081103801392));
#3957 = CARTESIAN_POINT('',(3.442500086712,13.769482072636,
    -4.125809686803));
#3958 = CARTESIAN_POINT('',(3.509999685885,11.194038887257,
    -11.5037020093));
#3959 = CARTESIAN_POINT('',(3.577500537121,4.209385177058,
    -17.07206211471));
#3960 = CARTESIAN_POINT('',(3.644999541609,-5.709833256453,
    -17.89172895123));
#3961 = CARTESIAN_POINT('',(3.712499998822,-14.93994997429,
    -12.26089905098));
#3962 = CARTESIAN_POINT('',(3.780000456036,-18.66187729891,
    -2.109618697348));
#3963 = CARTESIAN_POINT('',(3.847499460523,-15.92281678487,
    7.459098294159));
#3964 = CARTESIAN_POINT('',(3.915000311759,-9.098813099402,
    13.223208942664));
#3965 = CARTESIAN_POINT('',(3.982499910932,-1.360240638153,
    14.309811024504));
#3966 = CARTESIAN_POINT('',(4.117500086712,11.080399744374,9.15672887145
    ));
#3967 = CARTESIAN_POINT('',(4.184999685886,15.784053442743,2.91638876779
    ));
#3968 = CARTESIAN_POINT('',(4.252500537119,16.533509971419,
    -5.984753665994));
#3969 = CARTESIAN_POINT('',(4.319999541612,11.704215541707,
    -14.68766486662));
#3970 = CARTESIAN_POINT('',(4.387499998817,1.894373491892,
    -19.23390495572));
#3971 = CARTESIAN_POINT('',(4.455000456039,-8.613899679159,
    -16.68882523384));
#3972 = CARTESIAN_POINT('',(4.52249946052,-15.04825659827,
    -9.095285321481));
#3973 = CARTESIAN_POINT('',(4.59000031176,-16.04972612678,
    -0.218965326631));
#3974 = CARTESIAN_POINT('',(4.657499910931,-12.65388223296,
    6.819106289307));
#3975 = CARTESIAN_POINT('',(4.792500086713,-1.45760153677,
    14.300221672422));
#3976 = CARTESIAN_POINT('',(4.859999685883,6.344261611094,
    14.744219583895));
#3977 = CARTESIAN_POINT('',(4.927500537127,14.161666797862,
    10.422160137158));
#3978 = CARTESIAN_POINT('',(4.9949995416,18.714860768067,1.571670166301)
  );
#3979 = CARTESIAN_POINT('',(5.062499998831,17.044865018948,
    -9.110671065263));
#3980 = CARTESIAN_POINT('',(5.130000456029,9.090624794982,
    -16.43401035063));
#3981 = CARTESIAN_POINT('',(5.197499460525,-0.797910064792,
    -17.56523786502));
#3982 = CARTESIAN_POINT('',(5.265000311759,-8.734687068925,
    -13.46651017774));
#3983 = CARTESIAN_POINT('',(5.332499910932,-12.69999996339,
    -6.732826084233));
#3984 = CARTESIAN_POINT('',(5.467500086713,-12.69999979524,
    6.732826102109));
#3985 = CARTESIAN_POINT('',(5.534999685883,-8.734687639512,
    13.466510252039));
#3986 = CARTESIAN_POINT('',(5.602500537126,-0.797908925763,
    17.565237537944));
#3987 = CARTESIAN_POINT('',(5.669999541601,9.090623574001,
    16.434011187641));
#3988 = CARTESIAN_POINT('',(5.73749999883,17.044865768818,9.110669662364
    ));
#3989 = CARTESIAN_POINT('',(5.80500045603,18.71486075046,-1.571668686083
    ));
#3990 = CARTESIAN_POINT('',(5.872499460525,14.161666437011,
    -10.42216126593));
#3991 = CARTESIAN_POINT('',(5.940000311758,6.344261866322,
    -14.74421906819));
#3992 = CARTESIAN_POINT('',(6.007499910932,-1.457601645054,
    -14.3002218023));
#3993 = CARTESIAN_POINT('',(6.142500086712,-12.65388215441,
    -6.819106139565));
#3994 = CARTESIAN_POINT('',(6.209999685885,-16.04972650557,
    0.218964893488));
#3995 = CARTESIAN_POINT('',(6.27750053712,-15.04825569347,9.095286086815
    ));
#3996 = CARTESIAN_POINT('',(6.344999541611,-8.613901053489,
    16.688824683675));
#3997 = CARTESIAN_POINT('',(6.412499998819,1.894375075019,
    19.233904799778));
#3998 = CARTESIAN_POINT('',(6.480000456038,11.704214301121,
    14.687665674367));
#3999 = CARTESIAN_POINT('',(6.547499460521,16.533510709516,
    5.984752738831));
#4000 = CARTESIAN_POINT('',(6.615000311759,15.78405315574,
    -2.916388269065));
#4001 = CARTESIAN_POINT('',(6.682499910932,11.080399792208,
    -9.156729033642));
#4002 = CARTESIAN_POINT('',(6.817500086712,-1.360240719015,
    -14.30981087599));
#4003 = CARTESIAN_POINT('',(6.884999685886,-9.098812949695,
    -13.22320949825));
#4004 = CARTESIAN_POINT('',(6.952500537117,-15.92281691855,
    -7.459097116649));
#4005 = CARTESIAN_POINT('',(7.019999541616,-18.661877605,2.109617248973)
  );
#4006 = CARTESIAN_POINT('',(7.087499998813,-14.93994896509,
    12.260900280671));
#4007 = CARTESIAN_POINT('',(7.155000456044,-5.709834617305,
    17.891728368481));
#4008 = CARTESIAN_POINT('',(7.222499460517,4.209386358034,
    17.072062213318));
#4009 = CARTESIAN_POINT('',(7.290000311762,11.194038313132,
    11.503702047745));
#4010 = CARTESIAN_POINT('',(7.357499910931,13.769482234069,
    4.125809636467));
#4011 = CARTESIAN_POINT('',(7.492500086713,11.142463647958,
    -9.081103786122));
#4012 = CARTESIAN_POINT('',(7.55999968588,5.939667244252,-14.9118080579)
  );
#4013 = CARTESIAN_POINT('',(7.627500537134,-2.644230518083,
    -17.38339073326));
#4014 = CARTESIAN_POINT('',(7.694999541588,-12.12206632566,
    -14.34474359045));
#4015 = CARTESIAN_POINT('',(7.762499998845,-18.49475693073,
    -5.610322347887));
#4016 = CARTESIAN_POINT('',(7.830000456018,-18.04864259876,
    5.192557723259));
#4017 = CARTESIAN_POINT('',(7.897499460531,-11.85629118993,
    12.984706425113));
#4018 = CARTESIAN_POINT('',(7.965000311757,-3.345904207619,
    15.698617123577));
#4019 = CARTESIAN_POINT('',(8.032499910932,4.219429114472,
    13.741083075894));
#4020 = CARTESIAN_POINT('',(8.167500086713,13.741082969635,
    4.219428982932));
#4021 = CARTESIAN_POINT('',(8.234999685882,15.698617579576,
    -3.345903856687));
#4022 = CARTESIAN_POINT('',(8.302500537129,12.984705388421,
    -11.85629176406));
#4023 = CARTESIAN_POINT('',(8.369999541597,5.192559178464,
    -18.04864232725));
#4024 = CARTESIAN_POINT('',(8.437499998833,-5.610323870105,
    -18.49475646896));
#4025 = CARTESIAN_POINT('',(8.505000456028,-14.34474253134,
    -12.12206735989));
#4026 = CARTESIAN_POINT('',(8.572499460525,-17.38339127626,
    -2.644229464753));
#4027 = CARTESIAN_POINT('',(8.640000311759,-14.91180787372,
    5.939666699122));
#4028 = CARTESIAN_POINT('',(8.707499910931,-9.081103801393,
    11.142463816365));
#4029 = CARTESIAN_POINT('',(8.842500086713,4.125809686804,
    13.769482072637));
#4030 = CARTESIAN_POINT('',(8.909999685881,11.503702009297,
    11.194038887258));
#4031 = CARTESIAN_POINT('',(8.977500537132,17.072062114731,
    4.209385177056));
#4032 = CARTESIAN_POINT('',(9.044999541592,17.891728951211,
    -5.709833256451));
#4033 = CARTESIAN_POINT('',(9.112499998838,12.260899051006,
    -14.93994997429));
#4034 = CARTESIAN_POINT('',(9.180000456028,2.10961869733,-18.6618772989)
  );
#4035 = CARTESIAN_POINT('',(9.24749946052,-7.45909829415,-15.92281678489
    ));
#4036 = CARTESIAN_POINT('',(9.315000311766,-13.22320894266,
    -9.098813099391));
#4037 = CARTESIAN_POINT('',(9.382499910925,-14.3098110245,
    -1.360240638159));
#4038 = CARTESIAN_POINT('',(9.517500086725,-9.156728871449,
    11.080399744387));
#4039 = CARTESIAN_POINT('',(9.58499968581,-2.916388767794,
    15.784053442674));
#4040 = CARTESIAN_POINT('',(9.652500537327,5.984753666009,
    16.533509971606));
#4041 = CARTESIAN_POINT('',(9.719999541212,14.687664866591,
    11.704215541345));
#4042 = CARTESIAN_POINT('',(9.78749999941,19.233904955766,1.89437349243)
  );
#4043 = CARTESIAN_POINT('',(9.855000455334,16.688825233795,
    -8.613899679804));
#4044 = CARTESIAN_POINT('',(9.922499461207,9.095285321518,
    -15.04825659764));
#4045 = CARTESIAN_POINT('',(9.990000311211,0.218965326607,
    -16.04972612729));
#4046 = CARTESIAN_POINT('',(10.05749991129,-6.819106289294,
    -12.65388223264));
#4047 = CARTESIAN_POINT('',(10.192500085982,-14.30022167244,
    -1.457601537434));
#4048 = CARTESIAN_POINT('',(10.259999689999,-14.74421958374,
    6.34426161483));
#4049 = CARTESIAN_POINT('',(10.32750052576,-10.42216013757,
    14.161666787546));
#4050 = CARTESIAN_POINT('',(10.394999563721,-1.571670165501,
    18.714860788142));
#4051 = CARTESIAN_POINT('',(10.462499965523,9.110671064061,
    17.044864988723));
#4052 = CARTESIAN_POINT('',(10.530000496311,16.434010352083,
    9.090624831531));
#4053 = CARTESIAN_POINT('',(10.597499420783,17.565237863605,
    -0.797910100846));
#4054 = CARTESIAN_POINT('',(10.66500034383,13.466510178888,
    -8.734687039833));
#4055 = CARTESIAN_POINT('',(10.73249988994,6.732826083486,
    -12.69999998243));
#4056 = CARTESIAN_POINT('',(10.800000009714,-8.550646413141E-09,
    -12.69999986943));
#4057 = PCURVE('',#261,#4058);
#4058 = DEFINITIONAL_REPRESENTATION('',(#4059),#4063);
#4059 = LINE('',#4060,#4061);
#4060 = CARTESIAN_POINT('',(0.456508488421,0.));
#4061 = VECTOR('',#4062,1.);
#4062 = DIRECTION('',(0.,1.));
#4063 = ( GEOMETRIC_REPRESENTATION_CONTEXT(2) 
PARAMETRIC_REPRESENTATION_CONTEXT() REPRESENTATION_CONTEXT('2D SPACE',''
  ) );
#4064 = PCURVE('',#682,#4065);
#4065 = DEFINITIONAL_REPRESENTATION('',(#4066),#4069);
#4066 = B_SPLINE_CURVE_WITH_KNOTS('',1,(#4067,#4068),.UNSPECIFIED.,.F.,
  .F.,(2,2),(0.,85.507786829003),.PIECEWISE_BEZIER_KNOTS.);
#4067 = CARTESIAN_POINT('',(0.,0.));
#4068 = CARTESIAN_POINT('',(0.,85.507786829003));
#4069 = ( GEOMETRIC_REPRESENTATION_CONTEXT(2) 
PARAMETRIC_REPRESENTATION_CONTEXT() REPRESENTATION_CONTEXT('2D SPACE',''
  ) );
#4070 = ORIENTED_EDGE('',*,*,#4071,.T.);
#4071 = EDGE_CURVE('',#3907,#1235,#4072,.T.);
#4072 = SURFACE_CURVE('',#4073,(#4096,#4122),.PCURVE_S1.);
#4073 = B_SPLINE_CURVE_WITH_KNOTS('',6,(#4074,#4075,#4076,#4077,#4078,
    #4079,#4080,#4081,#4082,#4083,#4084,#4085,#4086,#4087,#4088,#4089,
    #4090,#4091,#4092,#4093,#4094,#4095),.UNSPECIFIED.,.F.,.F.,(7,5,5,5,
    7),(0.,0.248806287063,0.499080771201,0.732848370851,1.),
  .UNSPECIFIED.);
#4074 = CARTESIAN_POINT('',(10.6,12.700015915138,-9.484515240743E-06));
#4075 = CARTESIAN_POINT('',(10.6,12.695474885365,-0.823679415016));
#4076 = CARTESIAN_POINT('',(10.6,12.626826420507,-1.64704061495));
#4077 = CARTESIAN_POINT('',(10.6,12.4940579362,-2.463752733707));
#4078 = CARTESIAN_POINT('',(10.6,12.298016514669,-3.26762971774));
#4079 = CARTESIAN_POINT('',(10.6,12.040267709256,-4.052618333614));
#4080 = CARTESIAN_POINT('',(10.6,11.404347967384,-5.577538901743));
#4081 = CARTESIAN_POINT('',(10.6,11.025438838531,-6.317265347237));
#4082 = CARTESIAN_POINT('',(10.6,10.588966797028,-7.02601434263));
#4083 = CARTESIAN_POINT('',(10.6,10.098141800768,-7.698270450049));
#4084 = CARTESIAN_POINT('',(10.6,9.556804010864,-8.328925795152));
#4085 = CARTESIAN_POINT('',(10.6,8.421030032967,-9.459276205508));
#4086 = CARTESIAN_POINT('',(10.6,7.832396722219,-9.964919250023));
#4087 = CARTESIAN_POINT('',(10.6,7.207375947476,-10.426543139));
#4088 = CARTESIAN_POINT('',(10.6,6.550090303781,-10.84094184435));
#4089 = CARTESIAN_POINT('',(10.6,5.864999288812,-11.20538366121));
#4090 = CARTESIAN_POINT('',(10.6,4.347799875399,-11.87462743471));
#4091 = CARTESIAN_POINT('',(10.6,3.508563334683,-12.16352592303));
#4092 = CARTESIAN_POINT('',(10.6,2.646515191739,-12.3811216464));
#4093 = CARTESIAN_POINT('',(10.6,1.769194531361,-12.52530471053));
#4094 = CARTESIAN_POINT('',(10.6,0.884354457696,-12.59491884239));
#4095 = CARTESIAN_POINT('',(10.6,-4.254291141592E-09,-12.58999987659));
#4096 = PCURVE('',#261,#4097);
#4097 = DEFINITIONAL_REPRESENTATION('',(#4098),#4121);
#4098 = B_SPLINE_CURVE_WITH_KNOTS('',6,(#4099,#4100,#4101,#4102,#4103,
    #4104,#4105,#4106,#4107,#4108,#4109,#4110,#4111,#4112,#4113,#4114,
    #4115,#4116,#4117,#4118,#4119,#4120),.UNSPECIFIED.,.F.,.F.,(7,5,5,5,
    7),(0.,0.248806287063,0.499080771201,0.732848370851,1.),
  .UNSPECIFIED.);
#4099 = CARTESIAN_POINT('',(0.456508488421,83.924309322039));
#4100 = CARTESIAN_POINT('',(0.447084214496,83.989688726437));
#4101 = CARTESIAN_POINT('',(0.437655378983,84.055099774624));
#4102 = CARTESIAN_POINT('',(0.428223122429,84.120534553887));
#4103 = CARTESIAN_POINT('',(0.418786836954,84.185997281206));
#4104 = CARTESIAN_POINT('',(0.409345896155,84.251492302514));
#4105 = CARTESIAN_POINT('',(0.390401244079,84.382917803569));
#4106 = CARTESIAN_POINT('',(0.380896411603,84.448856061448));
#4107 = CARTESIAN_POINT('',(0.371388121568,84.514818305444));
#4108 = CARTESIAN_POINT('',(0.361875736703,84.580808957578));
#4109 = CARTESIAN_POINT('',(0.352358598263,84.646832589049));
#4110 = CARTESIAN_POINT('',(0.333945091816,84.774573361576));
#4111 = CARTESIAN_POINT('',(0.325048311436,84.836293363032));
#4112 = CARTESIAN_POINT('',(0.316148377927,84.898035241894));
#4113 = CARTESIAN_POINT('',(0.307244833704,84.959802172719));
#4114 = CARTESIAN_POINT('',(0.298337215006,85.021597371954));
#4115 = CARTESIAN_POINT('',(0.279243004516,85.154060444104));
#4116 = CARTESIAN_POINT('',(0.269054122925,85.224744202097));
#4117 = CARTESIAN_POINT('',(0.258861467646,85.295454135415));
#4118 = CARTESIAN_POINT('',(0.248664161688,85.366196321478));
#4119 = CARTESIAN_POINT('',(0.238461283243,85.436977144139));
#4120 = CARTESIAN_POINT('',(0.228254239147,85.507786829003));
#4121 = ( GEOMETRIC_REPRESENTATION_CONTEXT(2) 
PARAMETRIC_REPRESENTATION_CONTEXT() REPRESENTATION_CONTEXT('2D SPACE',''
  ) );
#4122 = PCURVE('',#4123,#4128);
#4123 = PLANE('',#4124);
#4124 = AXIS2_PLACEMENT_3D('',#4125,#4126,#4127);
#4125 = CARTESIAN_POINT('',(10.6,-14.7,-14.7));
#4126 = DIRECTION('',(1.,0.,0.));
#4127 = DIRECTION('',(0.,0.,1.));
#4128 = DEFINITIONAL_REPRESENTATION('',(#4129),#4152);
#4129 = B_SPLINE_CURVE_WITH_KNOTS('',6,(#4130,#4131,#4132,#4133,#4134,
    #4135,#4136,#4137,#4138,#4139,#4140,#4141,#4142,#4143,#4144,#4145,
    #4146,#4147,#4148,#4149,#4150,#4151),.UNSPECIFIED.,.F.,.F.,(7,5,5,5,
    7),(0.,0.248806287063,0.499080771201,0.732848370851,1.),
  .UNSPECIFIED.);
#4130 = CARTESIAN_POINT('',(14.699990515485,-27.40001591513));
#4131 = CARTESIAN_POINT('',(13.876320584984,-27.39547488536));
#4132 = CARTESIAN_POINT('',(13.05295938505,-27.3268264205));
#4133 = CARTESIAN_POINT('',(12.236247266293,-27.1940579362));
#4134 = CARTESIAN_POINT('',(11.43237028226,-26.99801651466));
#4135 = CARTESIAN_POINT('',(10.647381666386,-26.74026770925));
#4136 = CARTESIAN_POINT('',(9.122461098257,-26.10434796738));
#4137 = CARTESIAN_POINT('',(8.382734652763,-25.72543883853));
#4138 = CARTESIAN_POINT('',(7.67398565737,-25.28896679702));
#4139 = CARTESIAN_POINT('',(7.001729549951,-24.79814180076));
#4140 = CARTESIAN_POINT('',(6.371074204848,-24.25680401086));
#4141 = CARTESIAN_POINT('',(5.240723794492,-23.12103003296));
#4142 = CARTESIAN_POINT('',(4.735080749977,-22.53239672221));
#4143 = CARTESIAN_POINT('',(4.273456860995,-21.90737594747));
#4144 = CARTESIAN_POINT('',(3.859058155642,-21.25009030378));
#4145 = CARTESIAN_POINT('',(3.494616338782,-20.56499928881));
#4146 = CARTESIAN_POINT('',(2.825372565284,-19.04779987539));
#4147 = CARTESIAN_POINT('',(2.536474076967,-18.20856333468));
#4148 = CARTESIAN_POINT('',(2.318878353596,-17.34651519173));
#4149 = CARTESIAN_POINT('',(2.17469528947,-16.46919453136));
#4150 = CARTESIAN_POINT('',(2.105081157608,-15.58435445769));
#4151 = CARTESIAN_POINT('',(2.110000123407,-14.69999999574));
#4152 = ( GEOMETRIC_REPRESENTATION_CONTEXT(2) 
PARAMETRIC_REPRESENTATION_CONTEXT() REPRESENTATION_CONTEXT('2D SPACE',''
  ) );
#4153 = ADVANCED_FACE('',(#4154),#158,.T.);
#4154 = FACE_BOUND('',#4155,.T.);
#4155 = EDGE_LOOP('',(#4156,#4157,#4176));
#4156 = ORIENTED_EDGE('',*,*,#143,.T.);
#4157 = ORIENTED_EDGE('',*,*,#4158,.T.);
#4158 = EDGE_CURVE('',#144,#639,#4159,.T.);
#4159 = SURFACE_CURVE('',#4160,(#4163,#4169),.PCURVE_S1.);
#4160 = B_SPLINE_CURVE_WITH_KNOTS('',1,(#4161,#4162),.UNSPECIFIED.,.F.,
  .F.,(2,2),(0.,0.456508488421),.PIECEWISE_BEZIER_KNOTS.);
#4161 = CARTESIAN_POINT('',(-1.206933775144E-08,8.772983228766E-09,
    12.699999889241));
#4162 = CARTESIAN_POINT('',(0.39999999916,1.255102688447E-10,
    12.479999909658));
#4163 = PCURVE('',#158,#4164);
#4164 = DEFINITIONAL_REPRESENTATION('',(#4165),#4168);
#4165 = B_SPLINE_CURVE_WITH_KNOTS('',1,(#4166,#4167),.UNSPECIFIED.,.F.,
  .F.,(2,2),(0.,0.456508488421),.PIECEWISE_BEZIER_KNOTS.);
#4166 = CARTESIAN_POINT('',(0.16137135311,-8.236580414368E-09));
#4167 = CARTESIAN_POINT('',(-5.862862647396E-02,0.400000002992));
#4168 = ( GEOMETRIC_REPRESENTATION_CONTEXT(2) 
PARAMETRIC_REPRESENTATION_CONTEXT() REPRESENTATION_CONTEXT('2D SPACE',''
  ) );
#4169 = PCURVE('',#682,#4170);
#4170 = DEFINITIONAL_REPRESENTATION('',(#4171),#4175);
#4171 = LINE('',#4172,#4173);
#4172 = CARTESIAN_POINT('',(0.,0.));
#4173 = VECTOR('',#4174,1.);
#4174 = DIRECTION('',(1.,0.));
#4175 = ( GEOMETRIC_REPRESENTATION_CONTEXT(2) 
PARAMETRIC_REPRESENTATION_CONTEXT() REPRESENTATION_CONTEXT('2D SPACE',''
  ) );
#4176 = ORIENTED_EDGE('',*,*,#1210,.T.);
#4177 = ADVANCED_FACE('',(#4178),#623,.F.);
#4178 = FACE_BOUND('',#4179,.T.);
#4179 = EDGE_LOOP('',(#4180,#4370,#4398,#4419,#4420,#4421,#4449,#4468,
    #4469));
#4180 = ORIENTED_EDGE('',*,*,#4181,.T.);
#4181 = EDGE_CURVE('',#4182,#4184,#4186,.T.);
#4182 = VERTEX_POINT('',#4183);
#4183 = CARTESIAN_POINT('',(10.163631962487,12.5,0.));
#4184 = VERTEX_POINT('',#4185);
#4185 = CARTESIAN_POINT('',(10.6,-11.99261719418,3.525213870654));
#4186 = SURFACE_CURVE('',#4187,(#4246,#4308),.PCURVE_S1.);
#4187 = B_SPLINE_CURVE_WITH_KNOTS('',8,(#4188,#4189,#4190,#4191,#4192,
    #4193,#4194,#4195,#4196,#4197,#4198,#4199,#4200,#4201,#4202,#4203,
    #4204,#4205,#4206,#4207,#4208,#4209,#4210,#4211,#4212,#4213,#4214,
    #4215,#4216,#4217,#4218,#4219,#4220,#4221,#4222,#4223,#4224,#4225,
    #4226,#4227,#4228,#4229,#4230,#4231,#4232,#4233,#4234,#4235,#4236,
    #4237,#4238,#4239,#4240,#4241,#4242,#4243,#4244,#4245),
  .UNSPECIFIED.,.F.,.F.,(9,7,7,7,7,7,7,7,9),(0.,8.424463445768E-02,
    0.216819844335,0.358259873117,0.448776937176,0.582941769139,
    0.688200554401,0.841431112919,1.),.UNSPECIFIED.);
#4188 = CARTESIAN_POINT('',(10.163631962487,12.5,1.7763568394E-15));
#4189 = CARTESIAN_POINT('',(10.172052418199,12.5,-0.826786175688));
#4190 = CARTESIAN_POINT('',(10.18047349846,12.437476986503,
    -1.653812946646));
#4191 = CARTESIAN_POINT('',(10.188895225084,12.31243570083,
    -2.475336783119));
#4192 = CARTESIAN_POINT('',(10.197317646543,12.125454334521,
    -3.285782639433));
#4193 = CARTESIAN_POINT('',(10.205740837969,11.877684529335,
    -4.079743953987));
#4194 = CARTESIAN_POINT('',(10.21416490115,11.570851377253,
    -4.85198264926));
#4195 = CARTESIAN_POINT('',(10.222589964534,11.207253420473,
    -5.597429131807));
#4196 = CARTESIAN_POINT('',(10.24427646643,10.132760259677,
    -7.434410800009));
#4197 = CARTESIAN_POINT('',(10.257552656006,9.341527665063,
    -8.480479441255));
#4198 = CARTESIAN_POINT('',(10.270826073018,8.427409889632,
    -9.429114503422));
#4199 = CARTESIAN_POINT('',(10.284094668094,7.404846181142,
    -10.26381278971));
#4200 = CARTESIAN_POINT('',(10.297355280293,6.290313152981,
    -10.97088703457));
#4201 = CARTESIAN_POINT('',(10.310607565696,5.102000875868,-11.539112726
    ));
#4202 = CARTESIAN_POINT('',(10.323857077442,3.860015861147,
    -11.96008417668));
#4203 = CARTESIAN_POINT('',(10.351218050371,1.228665619331,
    -12.51669853422));
#4204 = CARTESIAN_POINT('',(10.365353118155,-0.167418497135,
    -12.63188782647));
#4205 = CARTESIAN_POINT('',(10.379484708571,-1.573738223358,
    -12.56854993737));
#4206 = CARTESIAN_POINT('',(10.393627685722,-2.963714043572,
    -12.32659407303));
#4207 = CARTESIAN_POINT('',(10.407797888208,-4.311747503034,
    -11.91023943627));
#4208 = CARTESIAN_POINT('',(10.421987790411,-5.59312810201,
    -11.32737225106));
#4209 = CARTESIAN_POINT('',(10.436164092126,-6.784243528179,
    -10.59015832228));
#4210 = CARTESIAN_POINT('',(10.459353315797,-8.554092628755,
    -9.157886680168));
#4211 = CARTESIAN_POINT('',(10.468383772435,-9.199444185057,
    -8.542761739908));
#4212 = CARTESIAN_POINT('',(10.477414179082,-9.794023957167,
    -7.875883917005));
#4213 = CARTESIAN_POINT('',(10.486455900155,-10.33299809794,
    -7.162163167793));
#4214 = CARTESIAN_POINT('',(10.495512995596,-10.81217062293,
    -6.406965474769));
#4215 = CARTESIAN_POINT('',(10.50458222088,-11.22798341041,
    -5.616112846594));
#4216 = CARTESIAN_POINT('',(10.513653027009,-11.57751620133,
    -4.795883318096));
#4217 = CARTESIAN_POINT('',(10.536128234053,-12.27494228788,
    -2.703701433084));
#4218 = CARTESIAN_POINT('',(10.549535183983,-12.5411651788,
    -1.403690590264));
#4219 = CARTESIAN_POINT('',(10.562911341221,-12.64949336849,
    -7.518485675659E-02));
#4220 = CARTESIAN_POINT('',(10.576287269795,-12.59708016904,
    1.259636799405));
#4221 = CARTESIAN_POINT('',(10.589688748804,-12.38422103163,
    2.578674971905));
#4222 = CARTESIAN_POINT('',(10.603113527941,-12.01477093926,
    3.860027264082));
#4223 = CARTESIAN_POINT('',(10.616554528064,-11.49593022741,
    5.082005220912));
#4224 = CARTESIAN_POINT('',(10.640515615733,-10.3261838413,
    7.119461545444));
#4225 = CARTESIAN_POINT('',(10.651052167415,-9.727099467929,
    7.966919472983));
#4226 = CARTESIAN_POINT('',(10.661586816973,-9.048865038908,
    8.756366548886));
#4227 = CARTESIAN_POINT('',(10.672116723515,-8.298096963233,
    9.479150894889));
#4228 = CARTESIAN_POINT('',(10.682640547974,-7.482354134903,
    10.127702266462));
#4229 = CARTESIAN_POINT('',(10.693158453105,-6.610137932927,
    10.695532052809));
#4230 = CARTESIAN_POINT('',(10.703672103488,-5.690892221325,
    11.177233276865));
#4231 = CARTESIAN_POINT('',(10.729488335893,-3.343467379908,
    12.138039183428));
#4232 = CARTESIAN_POINT('',(10.744813000966,-1.871613654006,
    12.517127765241));
#4233 = CARTESIAN_POINT('',(10.760129050093,-0.353015957253,
    12.690884379188));
#4234 = CARTESIAN_POINT('',(10.775447792645,1.178951793097,
    12.654285548753));
#4235 = CARTESIAN_POINT('',(10.790771979979,2.6912856529,12.407247221157
    ));
#4236 = CARTESIAN_POINT('',(10.806100605848,4.151577408481,
    11.955971796134));
#4237 = CARTESIAN_POINT('',(10.82143829324,5.528011143981,11.31158798375
    ));
#4238 = CARTESIAN_POINT('',(10.852600203245,8.096844610778,
    9.649472337861));
#4239 = CARTESIAN_POINT('',(10.868472006202,9.285232584542,8.61688083751
    ));
#4240 = CARTESIAN_POINT('',(10.884326841066,10.320459933537,
    7.418167686249));
#4241 = CARTESIAN_POINT('',(10.900177816795,11.177135457106,
    6.080817172547));
#4242 = CARTESIAN_POINT('',(10.916041513842,11.834575990042,
    4.635085611315));
#4243 = CARTESIAN_POINT('',(10.931920375753,12.278628158712,
    3.114723402056));
#4244 = CARTESIAN_POINT('',(10.947810566698,12.499999997591,
    1.556033207366));
#4245 = CARTESIAN_POINT('',(10.963664735087,12.5,-1.59872115546E-14));
#4246 = PCURVE('',#623,#4247);
#4247 = DEFINITIONAL_REPRESENTATION('',(#4248),#4307);
#4248 = B_SPLINE_CURVE_WITH_KNOTS('',8,(#4249,#4250,#4251,#4252,#4253,
    #4254,#4255,#4256,#4257,#4258,#4259,#4260,#4261,#4262,#4263,#4264,
    #4265,#4266,#4267,#4268,#4269,#4270,#4271,#4272,#4273,#4274,#4275,
    #4276,#4277,#4278,#4279,#4280,#4281,#4282,#4283,#4284,#4285,#4286,
    #4287,#4288,#4289,#4290,#4291,#4292,#4293,#4294,#4295,#4296,#4297,
    #4298,#4299,#4300,#4301,#4302,#4303,#4304,#4305,#4306),
  .UNSPECIFIED.,.F.,.F.,(9,7,7,7,7,7,7,7,9),(0.,8.424463445768E-02,
    0.216819844335,0.358259873117,0.448776937176,0.582941769139,
    0.688200554401,0.841431112919,1.),.UNSPECIFIED.);
#4249 = CARTESIAN_POINT('',(-6.28318530718,-10.16363196248));
#4250 = CARTESIAN_POINT('',(-6.217042413125,-10.17205241819));
#4251 = CARTESIAN_POINT('',(-6.150886619499,-10.18047349846));
#4252 = CARTESIAN_POINT('',(-6.084723643706,-10.18889522508));
#4253 = CARTESIAN_POINT('',(-6.018558122156,-10.19731764654));
#4254 = CARTESIAN_POINT('',(-5.952393610271,-10.20574083796));
#4255 = CARTESIAN_POINT('',(-5.886232582481,-10.21416490115));
#4256 = CARTESIAN_POINT('',(-5.820076432228,-10.22258996453));
#4257 = CARTESIAN_POINT('',(-5.649824154439,-10.24427646643));
#4258 = CARTESIAN_POINT('',(-5.545629206201,-10.257552656));
#4259 = CARTESIAN_POINT('',(-5.441480151343,-10.27082607301));
#4260 = CARTESIAN_POINT('',(-5.337367857629,-10.28409466809));
#4261 = CARTESIAN_POINT('',(-5.233261450493,-10.29735528029));
#4262 = CARTESIAN_POINT('',(-5.129128051339,-10.31060756569));
#4263 = CARTESIAN_POINT('',(-5.024950454911,-10.32385707744));
#4264 = CARTESIAN_POINT('',(-4.809784306821,-10.35121805037));
#4265 = CARTESIAN_POINT('',(-4.698608196279,-10.36535311815));
#4266 = CARTESIAN_POINT('',(-4.587499712259,-10.37948470857));
#4267 = CARTESIAN_POINT('',(-4.476435143312,-10.39362768572));
#4268 = CARTESIAN_POINT('',(-4.365371272891,-10.4077978882));
#4269 = CARTESIAN_POINT('',(-4.254264792852,-10.42198779041));
#4270 = CARTESIAN_POINT('',(-4.14309098701,-10.43616409212));
#4271 = CARTESIAN_POINT('',(-3.960947871489,-10.45935331579));
#4272 = CARTESIAN_POINT('',(-3.889867156865,-10.46838377243));
#4273 = CARTESIAN_POINT('',(-3.818783198388,-10.47741417908));
#4274 = CARTESIAN_POINT('',(-3.747696305657,-10.48645590015));
#4275 = CARTESIAN_POINT('',(-3.676607686643,-10.49551299559));
#4276 = CARTESIAN_POINT('',(-3.605519447689,-10.50458222088));
#4277 = CARTESIAN_POINT('',(-3.534434593506,-10.513653027));
#4278 = CARTESIAN_POINT('',(-3.35800551316,-10.53612823405));
#4279 = CARTESIAN_POINT('',(-3.252606925194,-10.54953518398));
#4280 = CARTESIAN_POINT('',(-3.147257869531,-10.56291134122));
#4281 = CARTESIAN_POINT('',(-3.041928685935,-10.57628726979));
#4282 = CARTESIAN_POINT('',(-2.936581131244,-10.5896887488));
#4283 = CARTESIAN_POINT('',(-2.831185394514,-10.60311352794));
#4284 = CARTESIAN_POINT('',(-2.725739749357,-10.61655452806));
#4285 = CARTESIAN_POINT('',(-2.537790226223,-10.64051561573));
#4286 = CARTESIAN_POINT('',(-2.455150733304,-10.65105216741));
#4287 = CARTESIAN_POINT('',(-2.37250468825,-10.66158681697));
#4288 = CARTESIAN_POINT('',(-2.289855763073,-10.67211672351));
#4289 = CARTESIAN_POINT('',(-2.207207379508,-10.68264054797));
#4290 = CARTESIAN_POINT('',(-2.124562709014,-10.6931584531));
#4291 = CARTESIAN_POINT('',(-2.041924672772,-10.70367210348));
#4292 = CARTESIAN_POINT('',(-1.839009102133,-10.72948833589));
#4293 = CARTESIAN_POINT('',(-1.718548138094,-10.74481300096));
#4294 = CARTESIAN_POINT('',(-1.598193450665,-10.76012905009));
#4295 = CARTESIAN_POINT('',(-1.47789833307,-10.77544779264));
#4296 = CARTESIAN_POINT('',(-1.35760545879,-10.79077197997));
#4297 = CARTESIAN_POINT('',(-1.237255881204,-10.80610060584));
#4298 = CARTESIAN_POINT('',(-1.116802012264,-10.82143829324));
#4299 = CARTESIAN_POINT('',(-0.872029022899,-10.85260020324));
#4300 = CARTESIAN_POINT('',(-0.747334628683,-10.8684720062));
#4301 = CARTESIAN_POINT('',(-0.622764460414,-10.88432684106));
#4302 = CARTESIAN_POINT('',(-0.498256300354,-10.90017781679));
#4303 = CARTESIAN_POINT('',(-0.373749459647,-10.91604151384));
#4304 = CARTESIAN_POINT('',(-0.249177218824,-10.93192037575));
#4305 = CARTESIAN_POINT('',(-0.124482656589,-10.94781056669));
#4306 = CARTESIAN_POINT('',(0.,-10.96366473508));
#4307 = ( GEOMETRIC_REPRESENTATION_CONTEXT(2) 
PARAMETRIC_REPRESENTATION_CONTEXT() REPRESENTATION_CONTEXT('2D SPACE',''
  ) );
#4308 = PCURVE('',#682,#4309);
#4309 = DEFINITIONAL_REPRESENTATION('',(#4310),#4369);
#4310 = B_SPLINE_CURVE_WITH_KNOTS('',8,(#4311,#4312,#4313,#4314,#4315,
    #4316,#4317,#4318,#4319,#4320,#4321,#4322,#4323,#4324,#4325,#4326,
    #4327,#4328,#4329,#4330,#4331,#4332,#4333,#4334,#4335,#4336,#4337,
    #4338,#4339,#4340,#4341,#4342,#4343,#4344,#4345,#4346,#4347,#4348,
    #4349,#4350,#4351,#4352,#4353,#4354,#4355,#4356,#4357,#4358,#4359,
    #4360,#4361,#4362,#4363,#4364,#4365,#4366,#4367,#4368),
  .UNSPECIFIED.,.F.,.F.,(9,7,7,7,7,7,7,7,9),(0.,8.424463445768E-02,
    0.216819844335,0.358259873117,0.448776937176,0.582941769139,
    0.688200554401,0.841431112919,1.),.UNSPECIFIED.);
#4311 = CARTESIAN_POINT('',(0.415002617118,77.590399698233));
#4312 = CARTESIAN_POINT('',(0.415001290618,77.657076912476));
#4313 = CARTESIAN_POINT('',(0.414998809315,77.723767082815));
#4314 = CARTESIAN_POINT('',(0.414996035556,77.790464399608));
#4315 = CARTESIAN_POINT('',(0.414993702253,77.85716416219));
#4316 = CARTESIAN_POINT('',(0.414992412886,77.923862778873));
#4317 = CARTESIAN_POINT('',(0.414992641501,77.990557766948));
#4318 = CARTESIAN_POINT('',(0.41499473271,78.057247752684));
#4319 = CARTESIAN_POINT('',(0.415005462382,78.228873760786));
#4320 = CARTESIAN_POINT('',(0.415016584535,78.333909342963));
#4321 = CARTESIAN_POINT('',(0.415031203272,78.438898716808));
#4322 = CARTESIAN_POINT('',(0.41504562038,78.543851312228));
#4323 = CARTESIAN_POINT('',(0.415051733253,78.64879831312));
#4324 = CARTESIAN_POINT('',(0.415044393891,78.753772709789));
#4325 = CARTESIAN_POINT('',(0.415027475254,78.858791600515));
#4326 = CARTESIAN_POINT('',(0.414987681894,79.075695088526));
#4327 = CARTESIAN_POINT('',(0.414964499525,79.187768722606));
#4328 = CARTESIAN_POINT('',(0.414947196303,79.29977403924));
#4329 = CARTESIAN_POINT('',(0.414949317936,79.411734752631));
#4330 = CARTESIAN_POINT('',(0.414982543196,79.523695244248));
#4331 = CARTESIAN_POINT('',(0.415031918848,79.635699667427));
#4332 = CARTESIAN_POINT('',(0.415055990471,79.747771955056));
#4333 = CARTESIAN_POINT('',(0.4150537079,79.931385868829));
#4334 = CARTESIAN_POINT('',(0.415031122669,80.003040176134));
#4335 = CARTESIAN_POINT('',(0.415008047331,80.074697485663));
#4336 = CARTESIAN_POINT('',(0.414997479871,80.146357602951));
#4337 = CARTESIAN_POINT('',(0.415004211867,80.218019432177));
#4338 = CARTESIAN_POINT('',(0.415024828487,80.289680976159));
#4339 = CARTESIAN_POINT('',(0.415047708494,80.361339336353));
#4340 = CARTESIAN_POINT('',(0.415060903274,80.5391927311));
#4341 = CARTESIAN_POINT('',(0.415046167671,80.645442981384));
#4342 = CARTESIAN_POINT('',(0.415003429617,80.751643694977));
#4343 = CARTESIAN_POINT('',(0.414963458655,80.857823400015));
#4344 = CARTESIAN_POINT('',(0.414950035268,80.964021226826));
#4345 = CARTESIAN_POINT('',(0.414956209774,81.070267571864));
#4346 = CARTESIAN_POINT('',(0.414973621963,81.176564384977));
#4347 = CARTESIAN_POINT('',(0.415008546349,81.366031320793));
#4348 = CARTESIAN_POINT('',(0.415025144113,81.449338140118));
#4349 = CARTESIAN_POINT('',(0.415038612205,81.53265161144));
#4350 = CARTESIAN_POINT('',(0.415046252273,81.615967961742));
#4351 = CARTESIAN_POINT('',(0.415047041109,81.699283687467));
#4352 = CARTESIAN_POINT('',(0.41504163064,81.782595554524));
#4353 = CARTESIAN_POINT('',(0.415032347931,81.865900598287));
#4354 = CARTESIAN_POINT('',(0.415009871078,82.07045364934));
#4355 = CARTESIAN_POINT('',(0.414995238301,82.191886477057));
#4356 = CARTESIAN_POINT('',(0.414986227063,82.313212090248));
#4357 = CARTESIAN_POINT('',(0.414988908328,82.434477912974));
#4358 = CARTESIAN_POINT('',(0.414998035171,82.555742128448));
#4359 = CARTESIAN_POINT('',(0.415003922038,82.677063961993));
#4360 = CARTESIAN_POINT('',(0.415004979155,82.798491044658));
#4361 = CARTESIAN_POINT('',(0.415000734886,83.045241409252));
#4362 = CARTESIAN_POINT('',(0.414995205334,83.170942992299));
#4363 = CARTESIAN_POINT('',(0.414988423565,83.296518882968));
#4364 = CARTESIAN_POINT('',(0.414986338957,83.422031732882));
#4365 = CARTESIAN_POINT('',(0.414999019067,83.547542719382));
#4366 = CARTESIAN_POINT('',(0.415019467121,83.673120037613));
#4367 = CARTESIAN_POINT('',(0.41503501485,83.798820954163));
#4368 = CARTESIAN_POINT('',(0.415040201954,83.924308567227));
#4369 = ( GEOMETRIC_REPRESENTATION_CONTEXT(2) 
PARAMETRIC_REPRESENTATION_CONTEXT() REPRESENTATION_CONTEXT('2D SPACE',''
  ) );
#4370 = ORIENTED_EDGE('',*,*,#4371,.T.);
#4371 = EDGE_CURVE('',#4184,#4372,#4374,.T.);
#4372 = VERTEX_POINT('',#4373);
#4373 = CARTESIAN_POINT('',(10.6,12.5,0.));
#4374 = SURFACE_CURVE('',#4375,(#4380,#4387),.PCURVE_S1.);
#4375 = CIRCLE('',#4376,12.5);
#4376 = AXIS2_PLACEMENT_3D('',#4377,#4378,#4379);
#4377 = CARTESIAN_POINT('',(10.6,0.,0.));
#4378 = DIRECTION('',(-1.,0.,0.));
#4379 = DIRECTION('',(0.,1.,0.));
#4380 = PCURVE('',#623,#4381);
#4381 = DEFINITIONAL_REPRESENTATION('',(#4382),#4386);
#4382 = LINE('',#4383,#4384);
#4383 = CARTESIAN_POINT('',(-6.28318530718,-10.6));
#4384 = VECTOR('',#4385,1.);
#4385 = DIRECTION('',(1.,-0.));
#4386 = ( GEOMETRIC_REPRESENTATION_CONTEXT(2) 
PARAMETRIC_REPRESENTATION_CONTEXT() REPRESENTATION_CONTEXT('2D SPACE',''
  ) );
#4387 = PCURVE('',#4123,#4388);
#4388 = DEFINITIONAL_REPRESENTATION('',(#4389),#4397);
#4389 = ( BOUNDED_CURVE() B_SPLINE_CURVE(2,(#4390,#4391,#4392,#4393,
#4394,#4395,#4396),.UNSPECIFIED.,.T.,.F.) B_SPLINE_CURVE_WITH_KNOTS((1,2
    ,2,2,2,1),(-2.094395102393,0.,2.094395102393,4.188790204786,
6.28318530718,8.377580409573),.UNSPECIFIED.) CURVE() 
GEOMETRIC_REPRESENTATION_ITEM() RATIONAL_B_SPLINE_CURVE((1.,0.5,1.,0.5,
1.,0.5,1.)) REPRESENTATION_ITEM('') );
#4390 = CARTESIAN_POINT('',(14.7,-27.2));
#4391 = CARTESIAN_POINT('',(-6.950635094611,-27.2));
#4392 = CARTESIAN_POINT('',(3.874682452695,-8.45));
#4393 = CARTESIAN_POINT('',(14.7,10.3));
#4394 = CARTESIAN_POINT('',(25.525317547305,-8.45));
#4395 = CARTESIAN_POINT('',(36.350635094611,-27.2));
#4396 = CARTESIAN_POINT('',(14.7,-27.2));
#4397 = ( GEOMETRIC_REPRESENTATION_CONTEXT(2) 
PARAMETRIC_REPRESENTATION_CONTEXT() REPRESENTATION_CONTEXT('2D SPACE',''
  ) );
#4398 = ORIENTED_EDGE('',*,*,#4399,.T.);
#4399 = EDGE_CURVE('',#4372,#607,#4400,.T.);
#4400 = SEAM_CURVE('',#4401,(#4405,#4412),.PCURVE_S1.);
#4401 = LINE('',#4402,#4403);
#4402 = CARTESIAN_POINT('',(0.,12.5,0.));
#4403 = VECTOR('',#4404,1.);
#4404 = DIRECTION('',(1.,0.,0.));
#4405 = PCURVE('',#623,#4406);
#4406 = DEFINITIONAL_REPRESENTATION('',(#4407),#4411);
#4407 = LINE('',#4408,#4409);
#4408 = CARTESIAN_POINT('',(-0.,0.));
#4409 = VECTOR('',#4410,1.);
#4410 = DIRECTION('',(-0.,-1.));
#4411 = ( GEOMETRIC_REPRESENTATION_CONTEXT(2) 
PARAMETRIC_REPRESENTATION_CONTEXT() REPRESENTATION_CONTEXT('2D SPACE',''
  ) );
#4412 = PCURVE('',#623,#4413);
#4413 = DEFINITIONAL_REPRESENTATION('',(#4414),#4418);
#4414 = LINE('',#4415,#4416);
#4415 = CARTESIAN_POINT('',(-6.28318530718,0.));
#4416 = VECTOR('',#4417,1.);
#4417 = DIRECTION('',(-0.,-1.));
#4418 = ( GEOMETRIC_REPRESENTATION_CONTEXT(2) 
PARAMETRIC_REPRESENTATION_CONTEXT() REPRESENTATION_CONTEXT('2D SPACE',''
  ) );
#4419 = ORIENTED_EDGE('',*,*,#606,.T.);
#4420 = ORIENTED_EDGE('',*,*,#4399,.F.);
#4421 = ORIENTED_EDGE('',*,*,#4422,.T.);
#4422 = EDGE_CURVE('',#4372,#4423,#4425,.T.);
#4423 = VERTEX_POINT('',#4424);
#4424 = CARTESIAN_POINT('',(10.6,-7.734304880641E-10,-12.5));
#4425 = SURFACE_CURVE('',#4426,(#4431,#4438),.PCURVE_S1.);
#4426 = CIRCLE('',#4427,12.5);
#4427 = AXIS2_PLACEMENT_3D('',#4428,#4429,#4430);
#4428 = CARTESIAN_POINT('',(10.6,0.,0.));
#4429 = DIRECTION('',(-1.,0.,0.));
#4430 = DIRECTION('',(0.,1.,0.));
#4431 = PCURVE('',#623,#4432);
#4432 = DEFINITIONAL_REPRESENTATION('',(#4433),#4437);
#4433 = LINE('',#4434,#4435);
#4434 = CARTESIAN_POINT('',(-6.28318530718,-10.6));
#4435 = VECTOR('',#4436,1.);
#4436 = DIRECTION('',(1.,-0.));
#4437 = ( GEOMETRIC_REPRESENTATION_CONTEXT(2) 
PARAMETRIC_REPRESENTATION_CONTEXT() REPRESENTATION_CONTEXT('2D SPACE',''
  ) );
#4438 = PCURVE('',#4123,#4439);
#4439 = DEFINITIONAL_REPRESENTATION('',(#4440),#4448);
#4440 = ( BOUNDED_CURVE() B_SPLINE_CURVE(2,(#4441,#4442,#4443,#4444,
#4445,#4446,#4447),.UNSPECIFIED.,.T.,.F.) B_SPLINE_CURVE_WITH_KNOTS((1,2
    ,2,2,2,1),(-2.094395102393,0.,2.094395102393,4.188790204786,
6.28318530718,8.377580409573),.UNSPECIFIED.) CURVE() 
GEOMETRIC_REPRESENTATION_ITEM() RATIONAL_B_SPLINE_CURVE((1.,0.5,1.,0.5,
1.,0.5,1.)) REPRESENTATION_ITEM('') );
#4441 = CARTESIAN_POINT('',(14.7,-27.2));
#4442 = CARTESIAN_POINT('',(-6.950635094611,-27.2));
#4443 = CARTESIAN_POINT('',(3.874682452695,-8.45));
#4444 = CARTESIAN_POINT('',(14.7,10.3));
#4445 = CARTESIAN_POINT('',(25.525317547305,-8.45));
#4446 = CARTESIAN_POINT('',(36.350635094611,-27.2));
#4447 = CARTESIAN_POINT('',(14.7,-27.2));
#4448 = ( GEOMETRIC_REPRESENTATION_CONTEXT(2) 
PARAMETRIC_REPRESENTATION_CONTEXT() REPRESENTATION_CONTEXT('2D SPACE',''
  ) );
#4449 = ORIENTED_EDGE('',*,*,#4450,.T.);
#4450 = EDGE_CURVE('',#4423,#1233,#4451,.T.);
#4451 = SURFACE_CURVE('',#4452,(#4456,#4462),.PCURVE_S1.);
#4452 = LINE('',#4453,#4454);
#4453 = CARTESIAN_POINT('',(1.015550017903E-16,1.446559359515E-09,-12.5)
  );
#4454 = VECTOR('',#4455,1.);
#4455 = DIRECTION('',(-1.,-0.,-0.));
#4456 = PCURVE('',#623,#4457);
#4457 = DEFINITIONAL_REPRESENTATION('',(#4458),#4461);
#4458 = B_SPLINE_CURVE_WITH_KNOTS('',1,(#4459,#4460),.UNSPECIFIED.,.F.,
  .F.,(2,2),(-10.62000000008,-10.37999999907),.PIECEWISE_BEZIER_KNOTS.);
#4459 = CARTESIAN_POINT('',(-4.7123889805,-10.62000000008));
#4460 = CARTESIAN_POINT('',(-4.7123889805,-10.37999999907));
#4461 = ( GEOMETRIC_REPRESENTATION_CONTEXT(2) 
PARAMETRIC_REPRESENTATION_CONTEXT() REPRESENTATION_CONTEXT('2D SPACE',''
  ) );
#4462 = PCURVE('',#1249,#4463);
#4463 = DEFINITIONAL_REPRESENTATION('',(#4464),#4467);
#4464 = B_SPLINE_CURVE_WITH_KNOTS('',1,(#4465,#4466),.UNSPECIFIED.,.F.,
  .F.,(2,2),(-10.62000000008,-10.37999999907),.PIECEWISE_BEZIER_KNOTS.);
#4465 = CARTESIAN_POINT('',(-3.862851632885E-02,-0.180000001888));
#4466 = CARTESIAN_POINT('',(-3.862851632885E-02,-0.420000002897));
#4467 = ( GEOMETRIC_REPRESENTATION_CONTEXT(2) 
PARAMETRIC_REPRESENTATION_CONTEXT() REPRESENTATION_CONTEXT('2D SPACE',''
  ) );
#4468 = ORIENTED_EDGE('',*,*,#1260,.F.);
#4469 = ORIENTED_EDGE('',*,*,#4470,.F.);
#4470 = EDGE_CURVE('',#4182,#1261,#4471,.T.);
#4471 = SURFACE_CURVE('',#4472,(#4476,#4483),.PCURVE_S1.);
#4472 = LINE('',#4473,#4474);
#4473 = CARTESIAN_POINT('',(0.,12.5,0.));
#4474 = VECTOR('',#4475,1.);
#4475 = DIRECTION('',(1.,0.,0.));
#4476 = PCURVE('',#623,#4477);
#4477 = DEFINITIONAL_REPRESENTATION('',(#4478),#4482);
#4478 = LINE('',#4479,#4480);
#4479 = CARTESIAN_POINT('',(-6.28318530718,0.));
#4480 = VECTOR('',#4481,1.);
#4481 = DIRECTION('',(-0.,-1.));
#4482 = ( GEOMETRIC_REPRESENTATION_CONTEXT(2) 
PARAMETRIC_REPRESENTATION_CONTEXT() REPRESENTATION_CONTEXT('2D SPACE',''
  ) );
#4483 = PCURVE('',#1476,#4484);
#4484 = DEFINITIONAL_REPRESENTATION('',(#4485),#4489);
#4485 = LINE('',#4486,#4487);
#4486 = CARTESIAN_POINT('',(-0.,0.));
#4487 = VECTOR('',#4488,1.);
#4488 = DIRECTION('',(-0.,-1.));
#4489 = ( GEOMETRIC_REPRESENTATION_CONTEXT(2) 
PARAMETRIC_REPRESENTATION_CONTEXT() REPRESENTATION_CONTEXT('2D SPACE',''
  ) );
#4490 = ADVANCED_FACE('',(#4491),#682,.F.);
#4491 = FACE_BOUND('',#4492,.F.);
#4492 = EDGE_LOOP('',(#4493,#4494,#4495,#4496,#4705,#4914,#5102,#5332,
    #5541,#5750,#5980,#6210,#6419,#6649,#6858,#7065,#7066));
#4493 = ORIENTED_EDGE('',*,*,#3906,.F.);
#4494 = ORIENTED_EDGE('',*,*,#4158,.T.);
#4495 = ORIENTED_EDGE('',*,*,#638,.T.);
#4496 = ORIENTED_EDGE('',*,*,#4497,.T.);
#4497 = EDGE_CURVE('',#641,#4498,#4500,.T.);
#4498 = VERTEX_POINT('',#4499);
#4499 = CARTESIAN_POINT('',(1.363631820362,12.5,0.));
#4500 = SURFACE_CURVE('',#4501,(#4567,#4636),.PCURVE_S1.);
#4501 = B_SPLINE_CURVE_WITH_KNOTS('',8,(#4502,#4503,#4504,#4505,#4506,
    #4507,#4508,#4509,#4510,#4511,#4512,#4513,#4514,#4515,#4516,#4517,
    #4518,#4519,#4520,#4521,#4522,#4523,#4524,#4525,#4526,#4527,#4528,
    #4529,#4530,#4531,#4532,#4533,#4534,#4535,#4536,#4537,#4538,#4539,
    #4540,#4541,#4542,#4543,#4544,#4545,#4546,#4547,#4548,#4549,#4550,
    #4551,#4552,#4553,#4554,#4555,#4556,#4557,#4558,#4559,#4560,#4561,
    #4562,#4563,#4564,#4565,#4566),.UNSPECIFIED.,.F.,.F.,(9,7,7,7,7,7,7,
    7,7,9),(0.,0.124101461086,0.196091606322,0.295814816427,
    0.445748718044,0.536469571259,0.622003827071,0.694032698595,
    0.848896273523,1.),.UNSPECIFIED.);
#4502 = CARTESIAN_POINT('',(0.563664924361,12.5,0.));
#4503 = CARTESIAN_POINT('',(0.576067285358,12.5,-1.217947693167));
#4504 = CARTESIAN_POINT('',(0.588473704914,12.364375136888,
    -2.43684509897));
#4505 = CARTESIAN_POINT('',(0.600873902688,12.092755837755,
    -3.637822396681));
#4506 = CARTESIAN_POINT('',(0.613272925312,11.688293594741,
    -4.803229254083));
#4507 = CARTESIAN_POINT('',(0.625677535737,11.156432577084,
    -5.916323866097));
#4508 = CARTESIAN_POINT('',(0.638090066568,10.505059715298,
    -6.961358231689));
#4509 = CARTESIAN_POINT('',(0.65050947551,9.744290844183,-7.923555072465
    ));
#4510 = CARTESIAN_POINT('',(0.670119796243,8.39080944592,-9.29212931956)
  );
#4511 = CARTESIAN_POINT('',(0.677320233145,7.861373980925,-9.76253068719
    ));
#4512 = CARTESIAN_POINT('',(0.68452083221,7.301895315986,-10.19837228049
    ));
#4513 = CARTESIAN_POINT('',(0.691720926118,6.715037916879,
    -10.59740308166));
#4514 = CARTESIAN_POINT('',(0.698920014541,6.103635406913,-10.957644277)
  );
#4515 = CARTESIAN_POINT('',(0.706117764145,5.470690566926,
    -11.27738925692));
#4516 = CARTESIAN_POINT('',(0.713314008586,4.819375335286,
    -11.55520361597));
#4517 = CARTESIAN_POINT('',(0.730475148212,3.229987590117,
    -12.11506944937));
#4518 = CARTESIAN_POINT('',(0.740442776475,2.277428713958,
    -12.35769295876));
#4519 = CARTESIAN_POINT('',(0.75041190281,1.304471043622,-12.51465693098
    ));
#4520 = CARTESIAN_POINT('',(0.760382700801,0.320221270797,
    -12.58398249599));
#4521 = CARTESIAN_POINT('',(0.770355248118,-0.666224085347,
    -12.56485066371));
#4522 = CARTESIAN_POINT('',(0.780329526512,-1.645778678156,
    -12.45760232398));
#4523 = CARTESIAN_POINT('',(0.790305421815,-2.609366333495,
    -12.26373824662));
#4524 = CARTESIAN_POINT('',(0.815283603216,-4.959038585379,
    -11.56821781252));
#4525 = CARTESIAN_POINT('',(0.830305100953,-6.315681228482,
    -10.96013846078));
#4526 = CARTESIAN_POINT('',(0.845312042372,-7.584902493038,
    -10.17055898999));
#4527 = CARTESIAN_POINT('',(0.860302247026,-8.739247423019,
    -9.215153400425));
#4528 = CARTESIAN_POINT('',(0.875273008505,-9.754419258138,
    -8.113058711192));
#4529 = CARTESIAN_POINT('',(0.890239978493,-10.61007001678,
    -6.887542143244));
#4530 = CARTESIAN_POINT('',(0.905225642403,-11.28916706855,
    -5.565127626644));
#4531 = CARTESIAN_POINT('',(0.929274060588,-12.07872167011,
    -3.338781219381));
#4532 = CARTESIAN_POINT('',(0.938345152718,-12.30805613708,
    -2.475167986722));
#4533 = CARTESIAN_POINT('',(0.947423057719,-12.46673835486,
    -1.59390126392));
#4534 = CARTESIAN_POINT('',(0.956507524848,-12.55320967289,
    -0.701724166818));
#4535 = CARTESIAN_POINT('',(0.965596676731,-12.56669707158,
    0.194559628646));
#4536 = CARTESIAN_POINT('',(0.974687009361,-12.50721316237,
    1.088085886434));
#4537 = CARTESIAN_POINT('',(0.983773392099,-12.37555618772,
    1.971929810409));
#4538 = CARTESIAN_POINT('',(1.001405878256,-11.98262645998,
    3.656704988785));
#4539 = CARTESIAN_POINT('',(1.009944614267,-11.72924128628,
    4.459556851858));
#4540 = CARTESIAN_POINT('',(1.01847830757,-11.41445255055,5.242057837715
    ));
#4541 = CARTESIAN_POINT('',(1.027015942141,-11.04013491825,
    5.998833558795));
#4542 = CARTESIAN_POINT('',(1.035562454071,-10.60873966968,
    6.724739035828));
#4543 = CARTESIAN_POINT('',(1.044118731565,-10.12329469999,
    7.414858697829));
#4544 = CARTESIAN_POINT('',(1.052681614944,-9.587404519197,
    8.064506382102));
#4545 = CARTESIAN_POINT('',(1.068454241584,-8.51501491302,9.178462519948
    ));
#4546 = CARTESIAN_POINT('',(1.075659832736,-7.991856037517,
    9.655999452211));
#4547 = CARTESIAN_POINT('',(1.082859148805,-7.43826409964,
    10.099321671341));
#4548 = CARTESIAN_POINT('',(1.090051921794,-6.856867795368,
    10.506179106114));
#4549 = CARTESIAN_POINT('',(1.097239137012,-6.250434042678,
    10.874586073768));
#4550 = CARTESIAN_POINT('',(1.104423033072,-5.621867981542,
    11.202821280009));
#4551 = CARTESIAN_POINT('',(1.111607101887,-4.97421297393,
    11.489427819001));
#4552 = CARTESIAN_POINT('',(1.134252560099,-2.883977678748,
    12.257356766011));
#4553 = CARTESIAN_POINT('',(1.149741154486,-1.382283206692,
    12.584045819791));
#4554 = CARTESIAN_POINT('',(1.165239722246,0.159080539684,
    12.699108901909));
#4555 = CARTESIAN_POINT('',(1.180757440505,1.705573630136,
    12.598811452727));
#4556 = CARTESIAN_POINT('',(1.196269906253,3.22311210457,12.284342248134
    ));
#4557 = CARTESIAN_POINT('',(1.211776087042,4.678489830433,
    11.763526921106));
#4558 = CARTESIAN_POINT('',(1.227282278033,6.039207585127,
    11.049318863535));
#4559 = CARTESIAN_POINT('',(1.257852928274,8.480802444638,9.301864641134
    ));
#4560 = CARTESIAN_POINT('',(1.272966123696,9.571446495245,8.274082785126
    ));
#4561 = CARTESIAN_POINT('',(1.288065214368,10.517660052569,7.10115563596
    ));
#4562 = CARTESIAN_POINT('',(1.303164113884,11.298155559402,
    5.807554668569));
#4563 = CARTESIAN_POINT('',(1.318273575925,11.895828013926,
    4.420012709317));
#4564 = CARTESIAN_POINT('',(1.333393521629,12.298941586185,
    2.967971572826));
#4565 = CARTESIAN_POINT('',(1.348524706728,12.5,1.482924491045));
#4566 = CARTESIAN_POINT('',(1.363631820362,12.5,-1.7763568394E-15));
#4567 = PCURVE('',#682,#4568);
#4568 = DEFINITIONAL_REPRESENTATION('',(#4569),#4635);
#4569 = B_SPLINE_CURVE_WITH_KNOTS('',8,(#4570,#4571,#4572,#4573,#4574,
    #4575,#4576,#4577,#4578,#4579,#4580,#4581,#4582,#4583,#4584,#4585,
    #4586,#4587,#4588,#4589,#4590,#4591,#4592,#4593,#4594,#4595,#4596,
    #4597,#4598,#4599,#4600,#4601,#4602,#4603,#4604,#4605,#4606,#4607,
    #4608,#4609,#4610,#4611,#4612,#4613,#4614,#4615,#4616,#4617,#4618,
    #4619,#4620,#4621,#4622,#4623,#4624,#4625,#4626,#4627,#4628,#4629,
    #4630,#4631,#4632,#4633,#4634),.UNSPECIFIED.,.F.,.F.,(9,7,7,7,7,7,7,
    7,7,9),(0.,0.124101461086,0.196091606322,0.295814816427,
    0.445748718044,0.536469571259,0.622003827071,0.694032698595,
    0.848896273523,1.),.UNSPECIFIED.);
#4570 = CARTESIAN_POINT('',(0.415040208693,1.58347825778));
#4571 = CARTESIAN_POINT('',(0.415036155143,1.681700679032));
#4572 = CARTESIAN_POINT('',(0.415025728078,1.779999448974));
#4573 = CARTESIAN_POINT('',(0.415011653973,1.87827425956));
#4574 = CARTESIAN_POINT('',(0.414999037517,1.976529653795));
#4575 = CARTESIAN_POINT('',(0.414992358872,2.074788095992));
#4576 = CARTESIAN_POINT('',(0.414991203649,2.173070928971));
#4577 = CARTESIAN_POINT('',(0.414993329509,2.271385456351));
#4578 = CARTESIAN_POINT('',(0.414998234449,2.426613940283));
#4579 = CARTESIAN_POINT('',(0.415000427675,2.483607375247));
#4580 = CARTESIAN_POINT('',(0.415002425451,2.540603449965));
#4581 = CARTESIAN_POINT('',(0.415003816862,2.597599731676));
#4582 = CARTESIAN_POINT('',(0.415004368027,2.654593881615));
#4583 = CARTESIAN_POINT('',(0.415004022104,2.71158365501));
#4584 = CARTESIAN_POINT('',(0.415002899282,2.768566901084));
#4585 = CARTESIAN_POINT('',(0.414999076957,2.904464812453));
#4586 = CARTESIAN_POINT('',(0.414995440407,2.983407617241));
#4587 = CARTESIAN_POINT('',(0.414992339149,3.062358569473));
#4588 = CARTESIAN_POINT('',(0.414991137873,3.141309576211));
#4589 = CARTESIAN_POINT('',(0.414992613949,3.220255859522));
#4590 = CARTESIAN_POINT('',(0.414996957423,3.299195956479));
#4591 = CARTESIAN_POINT('',(0.41500377102,3.378131719162));
#4592 = CARTESIAN_POINT('',(0.415024547882,3.575749529699));
#4593 = CARTESIAN_POINT('',(0.4150396559,3.694575742055));
#4594 = CARTESIAN_POINT('',(0.415052013024,3.813305790139));
#4595 = CARTESIAN_POINT('',(0.415053471638,3.931978932994));
#4596 = CARTESIAN_POINT('',(0.415033173165,4.050649072306));
#4597 = CARTESIAN_POINT('',(0.415001003908,4.169371543799));
#4598 = CARTESIAN_POINT('',(0.414976333128,4.288190002573));
#4599 = CARTESIAN_POINT('',(0.414961744542,4.478691856459));
#4600 = CARTESIAN_POINT('',(0.414962535393,4.550505722441));
#4601 = CARTESIAN_POINT('',(0.414970843539,4.62232137892));
#4602 = CARTESIAN_POINT('',(0.414986241564,4.694139805989));
#4603 = CARTESIAN_POINT('',(0.415006647727,4.76596058157));
#4604 = CARTESIAN_POINT('',(0.415028325957,4.837781881414));
#4605 = CARTESIAN_POINT('',(0.415045885859,4.909600479099));
#4606 = CARTESIAN_POINT('',(0.41505831385,5.049117494582));
#4607 = CARTESIAN_POINT('',(0.415046116375,5.116806598807));
#4608 = CARTESIAN_POINT('',(0.415028433763,5.184493828426));
#4609 = CARTESIAN_POINT('',(0.415014237776,5.252188071557));
#4610 = CARTESIAN_POINT('',(0.415008728462,5.319892334719));
#4611 = CARTESIAN_POINT('',(0.415013334151,5.387603742832));
#4612 = CARTESIAN_POINT('',(0.415025711459,5.455313539215));
#4613 = CARTESIAN_POINT('',(0.415051563252,5.580012196677));
#4614 = CARTESIAN_POINT('',(0.415058289268,5.637014995975));
#4615 = CARTESIAN_POINT('',(0.415058604942,5.694012584294));
#4616 = CARTESIAN_POINT('',(0.415052280873,5.751004430741));
#4617 = CARTESIAN_POINT('',(0.415040176662,5.807992372718));
#4618 = CARTESIAN_POINT('',(0.415024240908,5.864980615917));
#4619 = CARTESIAN_POINT('',(0.415007511208,5.921975734326));
#4620 = CARTESIAN_POINT('',(0.414965310217,6.101561370569));
#4621 = CARTESIAN_POINT('',(0.414946252012,6.224322789727));
#4622 = CARTESIAN_POINT('',(0.414955572856,6.346966295362));
#4623 = CARTESIAN_POINT('',(0.414994733018,6.469554417302));
#4624 = CARTESIAN_POINT('',(0.415027637426,6.592144352004));
#4625 = CARTESIAN_POINT('',(0.415044276766,6.714797363361));
#4626 = CARTESIAN_POINT('',(0.415045802811,6.837555302197));
#4627 = CARTESIAN_POINT('',(0.415031531868,7.07969399493));
#4628 = CARTESIAN_POINT('',(0.41501612858,7.199457880741));
#4629 = CARTESIAN_POINT('',(0.414997977481,7.319129156401));
#4630 = CARTESIAN_POINT('',(0.414987264678,7.438747316368));
#4631 = CARTESIAN_POINT('',(0.414988910987,7.558363364087));
#4632 = CARTESIAN_POINT('',(0.414994952648,7.678031922495));
#4633 = CARTESIAN_POINT('',(0.415000223566,7.797794814137));
#4634 = CARTESIAN_POINT('',(0.415002610382,7.917387130535));
#4635 = ( GEOMETRIC_REPRESENTATION_CONTEXT(2) 
PARAMETRIC_REPRESENTATION_CONTEXT() REPRESENTATION_CONTEXT('2D SPACE',''
  ) );
#4636 = PCURVE('',#1011,#4637);
#4637 = DEFINITIONAL_REPRESENTATION('',(#4638),#4704);
#4638 = B_SPLINE_CURVE_WITH_KNOTS('',8,(#4639,#4640,#4641,#4642,#4643,
    #4644,#4645,#4646,#4647,#4648,#4649,#4650,#4651,#4652,#4653,#4654,
    #4655,#4656,#4657,#4658,#4659,#4660,#4661,#4662,#4663,#4664,#4665,
    #4666,#4667,#4668,#4669,#4670,#4671,#4672,#4673,#4674,#4675,#4676,
    #4677,#4678,#4679,#4680,#4681,#4682,#4683,#4684,#4685,#4686,#4687,
    #4688,#4689,#4690,#4691,#4692,#4693,#4694,#4695,#4696,#4697,#4698,
    #4699,#4700,#4701,#4702,#4703),.UNSPECIFIED.,.F.,.F.,(9,7,7,7,7,7,7,
    7,7,9),(0.,0.124101461086,0.196091606322,0.295814816427,
    0.445748718044,0.536469571259,0.622003827071,0.694032698595,
    0.848896273523,1.),.UNSPECIFIED.);
#4639 = CARTESIAN_POINT('',(-6.28318530718,-0.563664924361));
#4640 = CARTESIAN_POINT('',(-6.185749491726,-0.576067285358));
#4641 = CARTESIAN_POINT('',(-6.088237764955,-0.588473704914));
#4642 = CARTESIAN_POINT('',(-5.990749585344,-0.600873902688));
#4643 = CARTESIAN_POINT('',(-5.893280489746,-0.613272925312));
#4644 = CARTESIAN_POINT('',(-5.795808386961,-0.625677535737));
#4645 = CARTESIAN_POINT('',(-5.698312297232,-0.638090066568));
#4646 = CARTESIAN_POINT('',(-5.600785039042,-0.65050947551));
#4647 = CARTESIAN_POINT('',(-5.446799951655,-0.670119796243));
#4648 = CARTESIAN_POINT('',(-5.390263126085,-0.677320233145));
#4649 = CARTESIAN_POINT('',(-5.333723752399,-0.68452083221));
#4650 = CARTESIAN_POINT('',(-5.27718422502,-0.691720926118));
#4651 = CARTESIAN_POINT('',(-5.220646841744,-0.698920014541));
#4652 = CARTESIAN_POINT('',(-5.164113803746,-0.706117764145));
#4653 = CARTESIAN_POINT('',(-5.107587215575,-0.713314008586));
#4654 = CARTESIAN_POINT('',(-4.972778238879,-0.730475148212));
#4655 = CARTESIAN_POINT('',(-4.894467884246,-0.740442776475));
#4656 = CARTESIAN_POINT('',(-4.816149290834,-0.75041190281));
#4657 = CARTESIAN_POINT('',(-4.737830470135,-0.760382700801));
#4658 = CARTESIAN_POINT('',(-4.659516175556,-0.770355248118));
#4659 = CARTESIAN_POINT('',(-4.58120790242,-0.780329526512));
#4660 = CARTESIAN_POINT('',(-4.502903887965,-0.790305421815));
#4661 = CARTESIAN_POINT('',(-4.306867836334,-0.815283603216));
#4662 = CARTESIAN_POINT('',(-4.188992826732,-0.830305100953));
#4663 = CARTESIAN_POINT('',(-4.071213524075,-0.845312042372));
#4664 = CARTESIAN_POINT('',(-3.953491106864,-0.860302247026));
#4665 = CARTESIAN_POINT('',(-3.835771885814,-0.875273008505));
#4666 = CARTESIAN_POINT('',(-3.718000379645,-0.890239978493));
#4667 = CARTESIAN_POINT('',(-3.600133374573,-0.905225642403));
#4668 = CARTESIAN_POINT('',(-3.411156935085,-0.929274060588));
#4669 = CARTESIAN_POINT('',(-3.339918051441,-0.938345152718));
#4670 = CARTESIAN_POINT('',(-3.26867748417,-0.947423057719));
#4671 = CARTESIAN_POINT('',(-3.197434342811,-0.956507524848));
#4672 = CARTESIAN_POINT('',(-3.126189060914,-0.965596676731));
#4673 = CARTESIAN_POINT('',(-3.054943396042,-0.974687009361));
#4674 = CARTESIAN_POINT('',(-2.983700429766,-0.983773392099));
#4675 = CARTESIAN_POINT('',(-2.845301327512,-1.001405878256));
#4676 = CARTESIAN_POINT('',(-2.778154261379,-1.009944614267));
#4677 = CARTESIAN_POINT('',(-2.711008808817,-1.01847830757));
#4678 = CARTESIAN_POINT('',(-2.643856237106,-1.027015942141));
#4679 = CARTESIAN_POINT('',(-2.576693641254,-1.035562454071));
#4680 = CARTESIAN_POINT('',(-2.509523944003,-1.044118731565));
#4681 = CARTESIAN_POINT('',(-2.442355895823,-1.052681614944));
#4682 = CARTESIAN_POINT('',(-2.31865515385,-1.068454241584));
#4683 = CARTESIAN_POINT('',(-2.262108814767,-1.075659832736));
#4684 = CARTESIAN_POINT('',(-2.205567855593,-1.082859148805));
#4685 = CARTESIAN_POINT('',(-2.149032728551,-1.090051921794));
#4686 = CARTESIAN_POINT('',(-2.092501540168,-1.097239137012));
#4687 = CARTESIAN_POINT('',(-2.035970051267,-1.104423033072));
#4688 = CARTESIAN_POINT('',(-1.979431676976,-1.111607101887));
#4689 = CARTESIAN_POINT('',(-1.801284799024,-1.134252560099));
#4690 = CARTESIAN_POINT('',(-1.679506476017,-1.149741154486));
#4691 = CARTESIAN_POINT('',(-1.557844638162,-1.165239722246));
#4692 = CARTESIAN_POINT('',(-1.436238035667,-1.180757440505));
#4693 = CARTESIAN_POINT('',(-1.314630291771,-1.196269906252));
#4694 = CARTESIAN_POINT('',(-1.192959976345,-1.211776087042));
#4695 = CARTESIAN_POINT('',(-1.071185356981,-1.227282278033));
#4696 = CARTESIAN_POINT('',(-0.830985683811,-1.257852928274));
#4697 = CARTESIAN_POINT('',(-0.712180581994,-1.272966123696));
#4698 = CARTESIAN_POINT('',(-0.593467031134,-1.288065214368));
#4699 = CARTESIAN_POINT('',(-0.47480600654,-1.303164113885));
#4700 = CARTESIAN_POINT('',(-0.356147419377,-1.318273575925));
#4701 = CARTESIAN_POINT('',(-0.237437283368,-1.333393521629));
#4702 = CARTESIAN_POINT('',(-0.118633959284,-1.348524706728));
#4703 = CARTESIAN_POINT('',(0.,-1.363631820362));
#4704 = ( GEOMETRIC_REPRESENTATION_CONTEXT(2) 
PARAMETRIC_REPRESENTATION_CONTEXT() REPRESENTATION_CONTEXT('2D SPACE',''
  ) );
#4705 = ORIENTED_EDGE('',*,*,#4706,.T.);
#4706 = EDGE_CURVE('',#4498,#4707,#4709,.T.);
#4707 = VERTEX_POINT('',#4708);
#4708 = CARTESIAN_POINT('',(2.163650276926,12.5,0.));
#4709 = SURFACE_CURVE('',#4710,(#4776,#4845),.PCURVE_S1.);
#4710 = B_SPLINE_CURVE_WITH_KNOTS('',8,(#4711,#4712,#4713,#4714,#4715,
    #4716,#4717,#4718,#4719,#4720,#4721,#4722,#4723,#4724,#4725,#4726,
    #4727,#4728,#4729,#4730,#4731,#4732,#4733,#4734,#4735,#4736,#4737,
    #4738,#4739,#4740,#4741,#4742,#4743,#4744,#4745,#4746,#4747,#4748,
    #4749,#4750,#4751,#4752,#4753,#4754,#4755,#4756,#4757,#4758,#4759,
    #4760,#4761,#4762,#4763,#4764,#4765,#4766,#4767,#4768,#4769,#4770,
    #4771,#4772,#4773,#4774,#4775),.UNSPECIFIED.,.F.,.F.,(9,7,7,7,7,7,7,
    7,7,9),(0.,0.142757938363,0.226647292264,0.315941189775,
    0.446734951505,0.537726918676,0.669362367579,0.736400132458,
    0.872352475971,1.),.UNSPECIFIED.);
#4711 = CARTESIAN_POINT('',(1.363631820362,12.5,-1.7763568394E-15));
#4712 = CARTESIAN_POINT('',(1.377904179713,12.5,-1.400984446122));
#4713 = CARTESIAN_POINT('',(1.392192863349,12.320547566426,
    -2.80379386748));
#4714 = CARTESIAN_POINT('',(1.406469614661,11.960828378498,
    -4.178953873688));
#4715 = CARTESIAN_POINT('',(1.420737026694,11.426714550435,
    -5.499642535895));
#4716 = CARTESIAN_POINT('',(1.43500609043,10.727736930157,
    -6.740834760769));
#4717 = CARTESIAN_POINT('',(1.449286970658,9.877619817234,
    -7.879603603362));
#4718 = CARTESIAN_POINT('',(1.463582258727,8.893482282479,
    -8.894899204296));
#4719 = CARTESIAN_POINT('',(1.486258055817,7.15495547143,-10.28273073712
    ));
#4720 = CARTESIAN_POINT('',(1.494652329122,6.472706015195,
    -10.74803676252));
#4721 = CARTESIAN_POINT('',(1.503046336419,5.756069819678,-11.1614767813
    ));
#4722 = CARTESIAN_POINT('',(1.511438788551,5.009669510398,
    -11.52009093454));
#4723 = CARTESIAN_POINT('',(1.519828614555,4.238371553956,
    -11.82145105324));
#4724 = CARTESIAN_POINT('',(1.528214961669,3.447286258029,
    -12.06366065827));
#4725 = CARTESIAN_POINT('',(1.536597195325,2.641767771378,
    -12.24535496039));
#4726 = CARTESIAN_POINT('',(1.553892333755,0.960595931954,
    -12.49380000459));
#4727 = CARTESIAN_POINT('',(1.562806603653,8.333819709229E-02,
    -12.55246463574));
#4728 = CARTESIAN_POINT('',(1.571720048044,-0.797644112318,
    -12.54071446927));
#4729 = CARTESIAN_POINT('',(1.580634640867,-1.675728457828,
    -12.45831099137));
#4730 = CARTESIAN_POINT('',(1.589551990803,-2.544384770965,
    -12.30575745896));
#4731 = CARTESIAN_POINT('',(1.598473341282,-3.397175453231,
    -12.08429889966));
#4732 = CARTESIAN_POINT('',(1.607399570475,-4.227755376105,
    -11.79592211178));
#4733 = CARTESIAN_POINT('',(1.629413835451,-6.204776750831,
    -10.92693188612));
#4734 = CARTESIAN_POINT('',(1.642516317933,-7.320082968166,
    -10.27220703919));
#4735 = CARTESIAN_POINT('',(1.655645263907,-8.355255998201,
    -9.48772367424));
#4736 = CARTESIAN_POINT('',(1.668705489435,-9.293077522304,-8.5853970224
    ));
#4737 = CARTESIAN_POINT('',(1.681851316632,-10.1184382156,
    -7.579202347185));
#4738 = CARTESIAN_POINT('',(1.694824805858,-10.81864103797,
    -6.485273226752));
#4739 = CARTESIAN_POINT('',(1.707898686994,-11.38316952167,
    -5.321720708997));
#4740 = CARTESIAN_POINT('',(1.730093443158,-12.0986838606,
    -3.266358534562));
#4741 = CARTESIAN_POINT('',(1.739214401064,-12.3235621408,
    -2.398669932512));
#4742 = CARTESIAN_POINT('',(1.748328102748,-12.47717960658,
    -1.51354408555));
#4743 = CARTESIAN_POINT('',(1.757425864056,-12.55803154129,
    -0.617984171098));
#4744 = CARTESIAN_POINT('',(1.766510697452,-12.56545659061,
    0.281055473791));
#4745 = CARTESIAN_POINT('',(1.775590284326,-12.49953202177,
    1.176688083022));
#4746 = CARTESIAN_POINT('',(1.784670550124,-12.36106160004,
    2.062100270367));
#4747 = CARTESIAN_POINT('',(1.806898374836,-11.84861780667,
    4.186952160217));
#4748 = CARTESIAN_POINT('',(1.820056658406,-11.39691835107,
    5.408502943466));
#4749 = CARTESIAN_POINT('',(1.833228556807,-10.80147600947,
    6.573130911033));
#4750 = CARTESIAN_POINT('',(1.846410498075,-10.07106934674,
    7.661374077257));
#4751 = CARTESIAN_POINT('',(1.859598578386,-9.217202155717,
    8.655702510764));
#4752 = CARTESIAN_POINT('',(1.872788395515,-8.253695930851,
    9.540346351207));
#4753 = CARTESIAN_POINT('',(1.885973245232,-7.196970063354,
    10.301646014372));
#4754 = CARTESIAN_POINT('',(1.905846438383,-5.49155676299,
    11.248377694439));
#4755 = CARTESIAN_POINT('',(1.912547222588,-4.897118847383,
    11.533104421916));
#4756 = CARTESIAN_POINT('',(1.919245377336,-4.285987977919,
    11.781826749944));
#4757 = CARTESIAN_POINT('',(1.925942597427,-3.660588409775,
    11.993459917469));
#4758 = CARTESIAN_POINT('',(1.932639928335,-3.023476686321,
    12.16711242054));
#4759 = CARTESIAN_POINT('',(1.939337766214,-2.37734163912,
    12.302086012309));
#4760 = CARTESIAN_POINT('',(1.946035857891,-1.725004387928,
    12.397875703031));
#4761 = CARTESIAN_POINT('',(1.966315690895,0.260107780247,
    12.568333903127));
#4762 = CARTESIAN_POINT('',(1.979911874938,1.604717034649,
    12.520380569977));
#4763 = CARTESIAN_POINT('',(1.9935063725,2.939529006496,12.307733470234)
  );
#4764 = CARTESIAN_POINT('',(2.007102858584,4.24114591521,11.932963006139
    ));
#4765 = CARTESIAN_POINT('',(2.020701990116,5.48735020962,11.402211415646
    ));
#4766 = CARTESIAN_POINT('',(2.034303384623,6.656989648886,
    10.724717356599));
#4767 = CARTESIAN_POINT('',(2.047908054699,7.730237316381,9.913313562865
    ));
#4768 = CARTESIAN_POINT('',(2.074257014343,9.589998196764,8.114888932596
    ));
#4769 = CARTESIAN_POINT('',(2.087025940624,10.391639186676,
    7.140070848034));
#4770 = CARTESIAN_POINT('',(2.099789803194,11.079141741223,
    6.075385653507));
#4771 = CARTESIAN_POINT('',(2.112551591672,11.641180542658,4.93678619001
    ));
#4772 = CARTESIAN_POINT('',(2.125318192229,12.068966399282,
    3.741292797207));
#4773 = CARTESIAN_POINT('',(2.138093627079,12.35643393786,2.507036577151
    ));
#4774 = CARTESIAN_POINT('',(2.150876688921,12.5,1.253096248554));
#4775 = CARTESIAN_POINT('',(2.163650276926,12.5,1.7763568394E-15));
#4776 = PCURVE('',#682,#4777);
#4777 = DEFINITIONAL_REPRESENTATION('',(#4778),#4844);
#4778 = B_SPLINE_CURVE_WITH_KNOTS('',8,(#4779,#4780,#4781,#4782,#4783,
    #4784,#4785,#4786,#4787,#4788,#4789,#4790,#4791,#4792,#4793,#4794,
    #4795,#4796,#4797,#4798,#4799,#4800,#4801,#4802,#4803,#4804,#4805,
    #4806,#4807,#4808,#4809,#4810,#4811,#4812,#4813,#4814,#4815,#4816,
    #4817,#4818,#4819,#4820,#4821,#4822,#4823,#4824,#4825,#4826,#4827,
    #4828,#4829,#4830,#4831,#4832,#4833,#4834,#4835,#4836,#4837,#4838,
    #4839,#4840,#4841,#4842,#4843),.UNSPECIFIED.,.F.,.F.,(9,7,7,7,7,7,7,
    7,7,9),(0.,0.142757938363,0.226647292264,0.315941189775,
    0.446734951505,0.537726918676,0.669362367579,0.736400132458,
    0.872352475971,1.),.UNSPECIFIED.);
#4779 = CARTESIAN_POINT('',(0.415002610382,7.917387130535));
#4780 = CARTESIAN_POINT('',(0.415004865313,8.030371288636));
#4781 = CARTESIAN_POINT('',(0.415004555109,8.143502487529));
#4782 = CARTESIAN_POINT('',(0.415000039734,8.256568386344));
#4783 = CARTESIAN_POINT('',(0.414992173967,8.369583585533));
#4784 = CARTESIAN_POINT('',(0.414987518829,8.482589589082));
#4785 = CARTESIAN_POINT('',(0.414991560536,8.595628815816));
#4786 = CARTESIAN_POINT('',(0.415002046467,8.70873740951));
#4787 = CARTESIAN_POINT('',(0.415021419142,8.888136092107));
#4788 = CARTESIAN_POINT('',(0.415029573529,8.954540238769));
#4789 = CARTESIAN_POINT('',(0.415036968325,9.020947548857));
#4790 = CARTESIAN_POINT('',(0.415042265104,9.08735710067));
#4791 = CARTESIAN_POINT('',(0.415044530552,9.153766889675));
#4792 = CARTESIAN_POINT('',(0.415043236465,9.22017382851));
#4793 = CARTESIAN_POINT('',(0.41503825975,9.286573746978));
#4794 = CARTESIAN_POINT('',(0.415020965396,9.423626038991));
#4795 = CARTESIAN_POINT('',(0.415007620032,9.494296350416));
#4796 = CARTESIAN_POINT('',(0.414992674882,9.564971224059));
#4797 = CARTESIAN_POINT('',(0.414978627073,9.635648964999));
#4798 = CARTESIAN_POINT('',(0.414967642309,9.706327285657));
#4799 = CARTESIAN_POINT('',(0.414961554874,9.777003305804));
#4800 = CARTESIAN_POINT('',(0.414961867632,9.847673552556));
#4801 = CARTESIAN_POINT('',(0.414981300731,10.021834208452));
#4802 = CARTESIAN_POINT('',(0.41500286375,10.125422054416));
#4803 = CARTESIAN_POINT('',(0.415060240651,10.228970958046));
#4804 = CARTESIAN_POINT('',(0.415044462354,10.332483315499));
#4805 = CARTESIAN_POINT('',(0.415124574332,10.436008127225));
#4806 = CARTESIAN_POINT('',(0.415006357924,10.539544422128));
#4807 = CARTESIAN_POINT('',(0.414995076168,10.643133643568));
#4808 = CARTESIAN_POINT('',(0.415025736077,10.818645423016));
#4809 = CARTESIAN_POINT('',(0.415049827867,10.890692449895));
#4810 = CARTESIAN_POINT('',(0.415065734371,10.962738812611));
#4811 = CARTESIAN_POINT('',(0.415065158168,11.03477331588));
#4812 = CARTESIAN_POINT('',(0.415051233755,11.106798064715));
#4813 = CARTESIAN_POINT('',(0.415031484684,11.178821681918));
#4814 = CARTESIAN_POINT('',(0.415011133324,11.250854852072));
#4815 = CARTESIAN_POINT('',(0.414969678243,11.427128747329));
#4816 = CARTESIAN_POINT('',(0.414951614556,11.53143329329));
#4817 = CARTESIAN_POINT('',(0.414954282646,11.635701808725));
#4818 = CARTESIAN_POINT('',(0.414974739418,11.739926430888));
#4819 = CARTESIAN_POINT('',(0.41500211278,11.844151675682));
#4820 = CARTESIAN_POINT('',(0.415025021099,11.948421647545));
#4821 = CARTESIAN_POINT('',(0.415037114192,12.05272731984));
#4822 = CARTESIAN_POINT('',(0.415042580225,12.210033174584));
#4823 = CARTESIAN_POINT('',(0.415042004709,12.263089873498));
#4824 = CARTESIAN_POINT('',(0.415039337811,12.31614026271));
#4825 = CARTESIAN_POINT('',(0.415034984214,12.369194953146));
#4826 = CARTESIAN_POINT('',(0.415029424768,12.422258886406));
#4827 = CARTESIAN_POINT('',(0.415023216487,12.475331334765));
#4828 = CARTESIAN_POINT('',(0.415016992549,12.528405901171));
#4829 = CARTESIAN_POINT('',(0.415000246959,12.689085371836));
#4830 = CARTESIAN_POINT('',(0.414991302713,12.796793681619));
#4831 = CARTESIAN_POINT('',(0.41498836891,12.904446942124));
#4832 = CARTESIAN_POINT('',(0.414992687653,13.012065632767));
#4833 = CARTESIAN_POINT('',(0.414999716759,13.119686465378));
#4834 = CARTESIAN_POINT('',(0.41500405984,13.22734384847));
#4835 = CARTESIAN_POINT('',(0.415004738008,13.335052590206));
#4836 = CARTESIAN_POINT('',(0.415001227944,13.543691867742));
#4837 = CARTESIAN_POINT('',(0.414997336166,13.644815405331));
#4838 = CARTESIAN_POINT('',(0.414992289897,13.745906860849));
#4839 = CARTESIAN_POINT('',(0.414988909748,13.846970336843));
#4840 = CARTESIAN_POINT('',(0.414991423544,13.94803102394));
#4841 = CARTESIAN_POINT('',(0.415000483727,14.049116241322));
#4842 = CARTESIAN_POINT('',(0.415012586982,14.150240733837));
#4843 = CARTESIAN_POINT('',(0.415023652937,14.251297414358));
#4844 = ( GEOMETRIC_REPRESENTATION_CONTEXT(2) 
PARAMETRIC_REPRESENTATION_CONTEXT() REPRESENTATION_CONTEXT('2D SPACE',''
  ) );
#4845 = PCURVE('',#3609,#4846);
#4846 = DEFINITIONAL_REPRESENTATION('',(#4847),#4913);
#4847 = B_SPLINE_CURVE_WITH_KNOTS('',8,(#4848,#4849,#4850,#4851,#4852,
    #4853,#4854,#4855,#4856,#4857,#4858,#4859,#4860,#4861,#4862,#4863,
    #4864,#4865,#4866,#4867,#4868,#4869,#4870,#4871,#4872,#4873,#4874,
    #4875,#4876,#4877,#4878,#4879,#4880,#4881,#4882,#4883,#4884,#4885,
    #4886,#4887,#4888,#4889,#4890,#4891,#4892,#4893,#4894,#4895,#4896,
    #4897,#4898,#4899,#4900,#4901,#4902,#4903,#4904,#4905,#4906,#4907,
    #4908,#4909,#4910,#4911,#4912),.UNSPECIFIED.,.F.,.F.,(9,7,7,7,7,7,7,
    7,7,9),(0.,0.142757938363,0.226647292264,0.315941189775,
    0.446734951505,0.537726918676,0.669362367579,0.736400132458,
    0.872352475971,1.),.UNSPECIFIED.);
#4848 = CARTESIAN_POINT('',(-6.28318530718,-1.363631820362));
#4849 = CARTESIAN_POINT('',(-6.17110655149,-1.377904179713));
#4850 = CARTESIAN_POINT('',(-6.058882072726,-1.392192863349));
#4851 = CARTESIAN_POINT('',(-5.946722312062,-1.406469614661));
#4852 = CARTESIAN_POINT('',(-5.834612512804,-1.420737026695));
#4853 = CARTESIAN_POINT('',(-5.722511306476,-1.43500609043));
#4854 = CARTESIAN_POINT('',(-5.610376816957,-1.449286970658));
#4855 = CARTESIAN_POINT('',(-5.498173459377,-1.463582258727));
#4856 = CARTESIAN_POINT('',(-5.320210733639,-1.486258055817));
#4857 = CARTESIAN_POINT('',(-5.254338146062,-1.494652329122));
#4858 = CARTESIAN_POINT('',(-5.18846249735,-1.503046336419));
#4859 = CARTESIAN_POINT('',(-5.122584719331,-1.511438788551));
#4860 = CARTESIAN_POINT('',(-5.056706800401,-1.519828614555));
#4861 = CARTESIAN_POINT('',(-4.990831785515,-1.528214961669));
#4862 = CARTESIAN_POINT('',(-4.924963776192,-1.536597195325));
#4863 = CARTESIAN_POINT('',(-4.789009343976,-1.553892333755));
#4864 = CARTESIAN_POINT('',(-4.718905135022,-1.562806603653));
#4865 = CARTESIAN_POINT('',(-4.648796343225,-1.571720048044));
#4866 = CARTESIAN_POINT('',(-4.578684625125,-1.580634640867));
#4867 = CARTESIAN_POINT('',(-4.508572254234,-1.589551990803));
#4868 = CARTESIAN_POINT('',(-4.438462121037,-1.598473341282));
#4869 = CARTESIAN_POINT('',(-4.36835773299,-1.607399570475));
#4870 = CARTESIAN_POINT('',(-4.195591856204,-1.629413835451));
#4871 = CARTESIAN_POINT('',(-4.092833382201,-1.642516317933));
#4872 = CARTESIAN_POINT('',(-3.990116612903,-1.655645263907));
#4873 = CARTESIAN_POINT('',(-3.887428630324,-1.668705489435));
#4874 = CARTESIAN_POINT('',(-3.784742420103,-1.681851316632));
#4875 = CARTESIAN_POINT('',(-3.6820263887,-1.694824805858));
#4876 = CARTESIAN_POINT('',(-3.579268870261,-1.707898686994));
#4877 = CARTESIAN_POINT('',(-3.405161327636,-1.730093443158));
#4878 = CARTESIAN_POINT('',(-3.333690366161,-1.739214401064));
#4879 = CARTESIAN_POINT('',(-3.262220802563,-1.748328102748));
#4880 = CARTESIAN_POINT('',(-3.190763549244,-1.757425864056));
#4881 = CARTESIAN_POINT('',(-3.119316147519,-1.766510697452));
#4882 = CARTESIAN_POINT('',(-3.047869831352,-1.775590284326));
#4883 = CARTESIAN_POINT('',(-2.976413901961,-1.784670550124));
#4884 = CARTESIAN_POINT('',(-2.801552234209,-1.806898374836));
#4885 = CARTESIAN_POINT('',(-2.698083026418,-1.820056658406));
#4886 = CARTESIAN_POINT('',(-2.594649233553,-1.833228556807));
#4887 = CARTESIAN_POINT('',(-2.491259033054,-1.846410498075));
#4888 = CARTESIAN_POINT('',(-2.387868524918,-1.859598578386));
#4889 = CARTESIAN_POINT('',(-2.284433893082,-1.872788395515));
#4890 = CARTESIAN_POINT('',(-2.180963811008,-1.885973245232));
#4891 = CARTESIAN_POINT('',(-2.024917963405,-1.905846438383));
#4892 = CARTESIAN_POINT('',(-1.972286213687,-1.912547222588));
#4893 = CARTESIAN_POINT('',(-1.919660674695,-1.919245377336));
#4894 = CARTESIAN_POINT('',(-1.867030810695,-1.925942597427));
#4895 = CARTESIAN_POINT('',(-1.814391717836,-1.932639928335));
#4896 = CARTESIAN_POINT('',(-1.761744124158,-1.939337766214));
#4897 = CARTESIAN_POINT('',(-1.709094389584,-1.946035857891));
#4898 = CARTESIAN_POINT('',(-1.549701013195,-1.966315690895));
#4899 = CARTESIAN_POINT('',(-1.442854735483,-1.979911874939));
#4900 = CARTESIAN_POINT('',(-1.336063141031,-1.9935063725));
#4901 = CARTESIAN_POINT('',(-1.229306164403,-2.007102858584));
#4902 = CARTESIAN_POINT('',(-1.122547494622,-2.020701990116));
#4903 = CARTESIAN_POINT('',(-1.015752885073,-2.034303384623));
#4904 = CARTESIAN_POINT('',(-0.908907391343,-2.047908054699));
#4905 = CARTESIAN_POINT('',(-0.701940082883,-2.074257014343));
#4906 = CARTESIAN_POINT('',(-0.601626824005,-2.087025940624));
#4907 = CARTESIAN_POINT('',(-0.501345150528,-2.099789803194));
#4908 = CARTESIAN_POINT('',(-0.401090885324,-2.112551591673));
#4909 = CARTESIAN_POINT('',(-0.30083907304,-2.125318192228));
#4910 = CARTESIAN_POINT('',(-0.200562828361,-2.138093627079));
#4911 = CARTESIAN_POINT('',(-0.100247699884,-2.150876688921));
#4912 = CARTESIAN_POINT('',(0.,-2.163650276926));
#4913 = ( GEOMETRIC_REPRESENTATION_CONTEXT(2) 
PARAMETRIC_REPRESENTATION_CONTEXT() REPRESENTATION_CONTEXT('2D SPACE',''
  ) );
#4914 = ORIENTED_EDGE('',*,*,#4915,.T.);
#4915 = EDGE_CURVE('',#4707,#4916,#4918,.T.);
#4916 = VERTEX_POINT('',#4917);
#4917 = CARTESIAN_POINT('',(2.963601184904,12.5,0.));
#4918 = SURFACE_CURVE('',#4919,(#4978,#5040),.PCURVE_S1.);
#4919 = B_SPLINE_CURVE_WITH_KNOTS('',8,(#4920,#4921,#4922,#4923,#4924,
    #4925,#4926,#4927,#4928,#4929,#4930,#4931,#4932,#4933,#4934,#4935,
    #4936,#4937,#4938,#4939,#4940,#4941,#4942,#4943,#4944,#4945,#4946,
    #4947,#4948,#4949,#4950,#4951,#4952,#4953,#4954,#4955,#4956,#4957,
    #4958,#4959,#4960,#4961,#4962,#4963,#4964,#4965,#4966,#4967,#4968,
    #4969,#4970,#4971,#4972,#4973,#4974,#4975,#4976,#4977),
  .UNSPECIFIED.,.F.,.F.,(9,7,7,7,7,7,7,7,9),(0.,0.145947806725,
    0.290461303303,0.425960654183,0.573719632818,0.673281189772,
    0.751276299219,0.894625147396,1.),.UNSPECIFIED.);
#4920 = CARTESIAN_POINT('',(2.163650276926,12.5,1.7763568394E-15));
#4921 = CARTESIAN_POINT('',(2.178246447338,12.5,-1.431892619426));
#4922 = CARTESIAN_POINT('',(2.19285706475,12.312541830768,
    -2.865317677222));
#4923 = CARTESIAN_POINT('',(2.207450706151,11.936930160272,
    -4.269071128377));
#4924 = CARTESIAN_POINT('',(2.222025892968,11.379558387077,
    -5.614812375911));
#4925 = CARTESIAN_POINT('',(2.236584947201,10.650671357909,
    -6.875970276049));
#4926 = CARTESIAN_POINT('',(2.251148766194,9.765100004989,
    -8.028221844824));
#4927 = CARTESIAN_POINT('',(2.265736370387,8.74143511503,-9.049171729097
    ));
#4928 = CARTESIAN_POINT('',(2.294764376643,6.479895908507,
    -10.78290531496));
#4929 = CARTESIAN_POINT('',(2.309233975509,5.241605121871,
    -11.50062741572));
#4930 = CARTESIAN_POINT('',(2.323739559285,3.913868593456,
    -12.05443182094));
#4931 = CARTESIAN_POINT('',(2.338169146118,2.522290733084,
    -12.43240501397));
#4932 = CARTESIAN_POINT('',(2.352718333035,1.093437176885,
    -12.62665163973));
#4933 = CARTESIAN_POINT('',(2.367047426469,-0.345200143661,
    -12.63407595036));
#4934 = CARTESIAN_POINT('',(2.381488249194,-1.765317140985,
    -12.45566924403));
#4935 = CARTESIAN_POINT('',(2.409503395823,-4.424448842708,
    -11.76611057529));
#4936 = CARTESIAN_POINT('',(2.423096741517,-5.672020788437,
    -11.27568579683));
#4937 = CARTESIAN_POINT('',(2.436650372064,-6.856164724479,
    -10.63418412873));
#4938 = CARTESIAN_POINT('',(2.450156287488,-7.955858970014,
    -9.851840792757));
#4939 = CARTESIAN_POINT('',(2.46366456246,-8.952200567043,
    -8.941520641341));
#4940 = CARTESIAN_POINT('',(2.477189837095,-9.828665936976,
    -7.919010148243));
#4941 = CARTESIAN_POINT('',(2.490739253149,-10.57086749547,
    -6.80255320002));
#4942 = CARTESIAN_POINT('',(2.519062836168,-11.81937200793,
    -4.319121487681));
#4943 = CARTESIAN_POINT('',(2.533872707939,-12.2998341935,
    -2.935481299514));
#4944 = CARTESIAN_POINT('',(2.548681427575,-12.59392194032,
    -1.492500102841));
#4945 = CARTESIAN_POINT('',(2.563476257656,-12.69438657271,
    -1.968512954817E-02));
#4946 = CARTESIAN_POINT('',(2.578252771165,-12.59847819392,
    1.453427202548));
#4947 = CARTESIAN_POINT('',(2.593024549642,-12.30890601913,
    2.897302713256));
#4948 = CARTESIAN_POINT('',(2.607803606671,-11.83270267778,
    4.282574192807));
#4949 = CARTESIAN_POINT('',(2.632510864843,-10.74901374581,
    6.454737992778));
#4950 = CARTESIAN_POINT('',(2.642461435745,-10.23442739428,
    7.290523348192));
#4951 = CARTESIAN_POINT('',(2.652413370874,-9.6457872748,8.07908214671)
  );
#4952 = CARTESIAN_POINT('',(2.662366144459,-8.988250458392,
    8.812691279299));
#4953 = CARTESIAN_POINT('',(2.672320464055,-8.267802889816,
    9.484479098495));
#4954 = CARTESIAN_POINT('',(2.682276997005,-7.491213071546,
    10.088416111433));
#4955 = CARTESIAN_POINT('',(2.692235096905,-6.665985747793,
    10.619305672861));
#4956 = CARTESIAN_POINT('',(2.709991258373,-5.122161882586,
    11.428015855408));
#4957 = CARTESIAN_POINT('',(2.717792150474,-4.418949968311,
    11.735833936525));
#4958 = CARTESIAN_POINT('',(2.725592287625,-3.694801507161,
    11.994140653616));
#4959 = CARTESIAN_POINT('',(2.733390618192,-2.953875358574,
    12.201272577168));
#4960 = CARTESIAN_POINT('',(2.741186957651,-2.200367579953,
    12.35599111607));
#4961 = CARTESIAN_POINT('',(2.748981988585,-1.438511426675,
    12.457482517607));
#4962 = CARTESIAN_POINT('',(2.756777260688,-0.672577352081,
    12.505357867462));
#4963 = CARTESIAN_POINT('',(2.77890717007,1.500431073782,12.489168158999
    ));
#4964 = CARTESIAN_POINT('',(2.79325555127,2.90787498616,12.297579581038)
  );
#4965 = CARTESIAN_POINT('',(2.807598691097,4.285894783617,
    11.924516050607));
#4966 = CARTESIAN_POINT('',(2.821944281479,5.607449569064,
    11.375899938462));
#4967 = CARTESIAN_POINT('',(2.836296053688,6.847493736638,
    10.661856617397));
#4968 = CARTESIAN_POINT('',(2.850652110872,7.982711681481,9.796065885018
    ));
#4969 = CARTESIAN_POINT('',(2.865008143524,8.991887406406,8.796389879962
    ));
#4970 = CARTESIAN_POINT('',(2.889873146569,10.493427272847,
    6.870820943453));
#4971 = CARTESIAN_POINT('',(2.900407218136,11.052696298138,
    5.994496059156));
#4972 = CARTESIAN_POINT('',(2.910935364497,11.528001279612,
    5.066490052252));
#4973 = CARTESIAN_POINT('',(2.921458951056,11.913895696815,
    4.096293563879));
#4974 = CARTESIAN_POINT('',(2.931983386275,12.206246843637,3.09388648271
    ));
#4975 = CARTESIAN_POINT('',(2.942515003573,12.402137018039,2.06968776367
    ));
#4976 = CARTESIAN_POINT('',(2.953056691674,12.5,1.034581861679));
#4977 = CARTESIAN_POINT('',(2.963601184904,12.5,7.105427357601E-15));
#4978 = PCURVE('',#682,#4979);
#4979 = DEFINITIONAL_REPRESENTATION('',(#4980),#5039);
#4980 = B_SPLINE_CURVE_WITH_KNOTS('',8,(#4981,#4982,#4983,#4984,#4985,
    #4986,#4987,#4988,#4989,#4990,#4991,#4992,#4993,#4994,#4995,#4996,
    #4997,#4998,#4999,#5000,#5001,#5002,#5003,#5004,#5005,#5006,#5007,
    #5008,#5009,#5010,#5011,#5012,#5013,#5014,#5015,#5016,#5017,#5018,
    #5019,#5020,#5021,#5022,#5023,#5024,#5025,#5026,#5027,#5028,#5029,
    #5030,#5031,#5032,#5033,#5034,#5035,#5036,#5037,#5038),
  .UNSPECIFIED.,.F.,.F.,(9,7,7,7,7,7,7,7,9),(0.,0.145947806725,
    0.290461303303,0.425960654183,0.573719632818,0.673281189772,
    0.751276299219,0.894625147396,1.),.UNSPECIFIED.);
#4981 = CARTESIAN_POINT('',(0.415023652937,14.251297414358));
#4982 = CARTESIAN_POINT('',(0.415036297823,14.366773232873));
#4983 = CARTESIAN_POINT('',(0.415047630229,14.482372538939));
#4984 = CARTESIAN_POINT('',(0.415051325804,14.59789041834));
#4985 = CARTESIAN_POINT('',(0.415040716479,14.713361423035));
#4986 = CARTESIAN_POINT('',(0.415011230219,14.828835654813));
#4987 = CARTESIAN_POINT('',(0.414979835884,14.944360847401));
#4988 = CARTESIAN_POINT('',(0.414963350382,15.059970929075));
#4989 = CARTESIAN_POINT('',(0.414965563504,15.289781553293));
#4990 = CARTESIAN_POINT('',(0.414978976605,15.404249928353));
#4991 = CARTESIAN_POINT('',(0.415043654125,15.518647555803));
#4992 = CARTESIAN_POINT('',(0.415029277784,15.632991960376));
#4993 = CARTESIAN_POINT('',(0.415148664418,15.747355241452));
#4994 = CARTESIAN_POINT('',(0.415013340454,15.861743073817));
#4995 = CARTESIAN_POINT('',(0.414993199504,15.976216357326));
#4996 = CARTESIAN_POINT('',(0.415031760957,16.197755605798));
#4997 = CARTESIAN_POINT('',(0.415076091569,16.305071860531));
#4998 = CARTESIAN_POINT('',(0.415081103645,16.412346442743));
#4999 = CARTESIAN_POINT('',(0.41503653284,16.519587217706));
#5000 = CARTESIAN_POINT('',(0.414994717736,16.626827555069));
#5001 = CARTESIAN_POINT('',(0.414967545684,16.734100899926));
#5002 = CARTESIAN_POINT('',(0.414959943036,16.841429621197));
#5003 = CARTESIAN_POINT('',(0.414972273894,17.065592862891));
#5004 = CARTESIAN_POINT('',(0.414994862513,17.182691652582));
#5005 = CARTESIAN_POINT('',(0.415027002626,17.299715058575));
#5006 = CARTESIAN_POINT('',(0.415050277969,17.416689994246));
#5007 = CARTESIAN_POINT('',(0.415052623497,17.533665108495));
#5008 = CARTESIAN_POINT('',(0.415042843937,17.650686850031));
#5009 = CARTESIAN_POINT('',(0.415028660838,17.76779676773));
#5010 = CARTESIAN_POINT('',(0.415007219741,17.963562454427));
#5011 = CARTESIAN_POINT('',(0.414999051424,18.042401648701));
#5012 = CARTESIAN_POINT('',(0.414993499212,18.121233495172));
#5013 = CARTESIAN_POINT('',(0.414991256341,18.200049021844));
#5014 = CARTESIAN_POINT('',(0.414991949949,18.278856417354));
#5015 = CARTESIAN_POINT('',(0.414994534814,18.357668216366));
#5016 = CARTESIAN_POINT('',(0.414997687102,18.436488484974));
#5017 = CARTESIAN_POINT('',(0.415002165185,18.577039832225));
#5018 = CARTESIAN_POINT('',(0.415003767882,18.638791400361));
#5019 = CARTESIAN_POINT('',(0.415004532521,18.700542805119));
#5020 = CARTESIAN_POINT('',(0.415004230894,18.762287303505));
#5021 = CARTESIAN_POINT('',(0.41500288025,18.824023314912));
#5022 = CARTESIAN_POINT('',(0.415000743304,18.885754421125));
#5023 = CARTESIAN_POINT('',(0.414998328228,18.947489366317));
#5024 = CARTESIAN_POINT('',(0.414992823883,19.122738623067));
#5025 = CARTESIAN_POINT('',(0.414990680301,19.23635519023));
#5026 = CARTESIAN_POINT('',(0.414993040812,19.349899013362));
#5027 = CARTESIAN_POINT('',(0.415004613945,19.463398327767));
#5028 = CARTESIAN_POINT('',(0.415022945737,19.576899699175));
#5029 = CARTESIAN_POINT('',(0.415039270108,19.690448922455));
#5030 = CARTESIAN_POINT('',(0.415045065819,19.804070992014));
#5031 = CARTESIAN_POINT('',(0.415036949542,20.000993165932));
#5032 = CARTESIAN_POINT('',(0.415027790632,20.084459032501));
#5033 = CARTESIAN_POINT('',(0.415012807839,20.167918388871));
#5034 = CARTESIAN_POINT('',(0.414993513627,20.251371553036));
#5035 = CARTESIAN_POINT('',(0.414974722555,20.334827945711));
#5036 = CARTESIAN_POINT('',(0.414962438852,20.418296057867));
#5037 = CARTESIAN_POINT('',(0.414960384961,20.501772937079));
#5038 = CARTESIAN_POINT('',(0.414967610574,20.585207651024));
#5039 = ( GEOMETRIC_REPRESENTATION_CONTEXT(2) 
PARAMETRIC_REPRESENTATION_CONTEXT() REPRESENTATION_CONTEXT('2D SPACE',''
  ) );
#5040 = PCURVE('',#3409,#5041);
#5041 = DEFINITIONAL_REPRESENTATION('',(#5042),#5101);
#5042 = B_SPLINE_CURVE_WITH_KNOTS('',8,(#5043,#5044,#5045,#5046,#5047,
    #5048,#5049,#5050,#5051,#5052,#5053,#5054,#5055,#5056,#5057,#5058,
    #5059,#5060,#5061,#5062,#5063,#5064,#5065,#5066,#5067,#5068,#5069,
    #5070,#5071,#5072,#5073,#5074,#5075,#5076,#5077,#5078,#5079,#5080,
    #5081,#5082,#5083,#5084,#5085,#5086,#5087,#5088,#5089,#5090,#5091,
    #5092,#5093,#5094,#5095,#5096,#5097,#5098,#5099,#5100),
  .UNSPECIFIED.,.F.,.F.,(9,7,7,7,7,7,7,7,9),(0.,0.145947806725,
    0.290461303303,0.425960654183,0.573719632818,0.673281189772,
    0.751276299219,0.894625147396,1.),.UNSPECIFIED.);
#5043 = CARTESIAN_POINT('',(-6.28318530718,-2.163650276926));
#5044 = CARTESIAN_POINT('',(-6.168633897626,-2.178246447338));
#5045 = CARTESIAN_POINT('',(-6.053960197837,-2.19285706475));
#5046 = CARTESIAN_POINT('',(-5.939367600316,-2.207450706152));
#5047 = CARTESIAN_POINT('',(-5.8248218092,-2.222025892968));
#5048 = CARTESIAN_POINT('',(-5.710272757839,-2.236584947201));
#5049 = CARTESIAN_POINT('',(-5.595672698418,-2.251148766194));
#5050 = CARTESIAN_POINT('',(-5.480988264068,-2.265736370387));
#5051 = CARTESIAN_POINT('',(-5.253017855751,-2.294764376643));
#5052 = CARTESIAN_POINT('',(-5.13946561954,-2.309233975509));
#5053 = CARTESIAN_POINT('',(-5.025987557877,-2.323739559286));
#5054 = CARTESIAN_POINT('',(-4.9125524232,-2.338169146118));
#5055 = CARTESIAN_POINT('',(-4.799117658561,-2.352718333035));
#5056 = CARTESIAN_POINT('',(-4.685635592864,-2.367047426469));
#5057 = CARTESIAN_POINT('',(-4.572081294479,-2.381488249194));
#5058 = CARTESIAN_POINT('',(-4.352314544459,-2.409503395823));
#5059 = CARTESIAN_POINT('',(-4.2458560803,-2.423096741517));
#5060 = CARTESIAN_POINT('',(-4.139441812001,-2.436650372064));
#5061 = CARTESIAN_POINT('',(-4.033061135134,-2.450156287488));
#5062 = CARTESIAN_POINT('',(-3.926680213297,-2.46366456246));
#5063 = CARTESIAN_POINT('',(-3.820266052754,-2.477189837095));
#5064 = CARTESIAN_POINT('',(-3.713796749336,-2.490739253149));
#5065 = CARTESIAN_POINT('',(-3.491428455373,-2.519062836168));
#5066 = CARTESIAN_POINT('',(-3.375267310823,-2.533872707939));
#5067 = CARTESIAN_POINT('',(-3.259181198523,-2.548681427575));
#5068 = CARTESIAN_POINT('',(-3.143143566153,-2.563476257656));
#5069 = CARTESIAN_POINT('',(-3.027105631232,-2.578252771165));
#5070 = CARTESIAN_POINT('',(-2.91102104544,-2.593024549642));
#5071 = CARTESIAN_POINT('',(-2.794848666081,-2.607803606671));
#5072 = CARTESIAN_POINT('',(-2.600649967421,-2.632510864843));
#5073 = CARTESIAN_POINT('',(-2.522441765156,-2.642461435745));
#5074 = CARTESIAN_POINT('',(-2.44424085072,-2.652413370874));
#5075 = CARTESIAN_POINT('',(-2.366056200667,-2.662366144459));
#5076 = CARTESIAN_POINT('',(-2.287879759251,-2.672320464055));
#5077 = CARTESIAN_POINT('',(-2.209699132803,-2.682276997005));
#5078 = CARTESIAN_POINT('',(-2.131510284104,-2.692235096905));
#5079 = CARTESIAN_POINT('',(-1.992085080388,-2.709991258373));
#5080 = CARTESIAN_POINT('',(-1.930828367389,-2.717792150474));
#5081 = CARTESIAN_POINT('',(-1.869571857624,-2.725592287625));
#5082 = CARTESIAN_POINT('',(-1.808322203751,-2.733390618192));
#5083 = CARTESIAN_POINT('',(-1.747080941232,-2.741186957651));
#5084 = CARTESIAN_POINT('',(-1.685844488334,-2.748981988585));
#5085 = CARTESIAN_POINT('',(-1.624604146123,-2.756777260688));
#5086 = CARTESIAN_POINT('',(-1.450758647351,-2.77890717007));
#5087 = CARTESIAN_POINT('',(-1.338051834667,-2.79325555127));
#5088 = CARTESIAN_POINT('',(-1.225416814597,-2.807598691097));
#5089 = CARTESIAN_POINT('',(-1.112825699939,-2.821944281479));
#5090 = CARTESIAN_POINT('',(-1.000232663944,-2.836296053688));
#5091 = CARTESIAN_POINT('',(-0.887592546318,-2.850652110872));
#5092 = CARTESIAN_POINT('',(-0.774880456372,-2.865008143524));
#5093 = CARTESIAN_POINT('',(-0.579535629774,-2.889873146569));
#5094 = CARTESIAN_POINT('',(-0.496738396674,-2.900407218136));
#5095 = CARTESIAN_POINT('',(-0.4139476299,-2.910935364497));
#5096 = CARTESIAN_POINT('',(-0.331162921713,-2.921458951056));
#5097 = CARTESIAN_POINT('',(-0.248374855967,-2.931983386275));
#5098 = CARTESIAN_POINT('',(-0.165575040897,-2.942515003573));
#5099 = CARTESIAN_POINT('',(-8.276654893432E-02,-2.953056691674));
#5100 = CARTESIAN_POINT('',(0.,-2.963601184904));
#5101 = ( GEOMETRIC_REPRESENTATION_CONTEXT(2) 
PARAMETRIC_REPRESENTATION_CONTEXT() REPRESENTATION_CONTEXT('2D SPACE',''
  ) );
#5102 = ORIENTED_EDGE('',*,*,#5103,.T.);
#5103 = EDGE_CURVE('',#4916,#5104,#5106,.T.);
#5104 = VERTEX_POINT('',#5105);
#5105 = CARTESIAN_POINT('',(3.763667565572,12.5,0.));
#5106 = SURFACE_CURVE('',#5107,(#5180,#5256),.PCURVE_S1.);
#5107 = B_SPLINE_CURVE_WITH_KNOTS('',8,(#5108,#5109,#5110,#5111,#5112,
    #5113,#5114,#5115,#5116,#5117,#5118,#5119,#5120,#5121,#5122,#5123,
    #5124,#5125,#5126,#5127,#5128,#5129,#5130,#5131,#5132,#5133,#5134,
    #5135,#5136,#5137,#5138,#5139,#5140,#5141,#5142,#5143,#5144,#5145,
    #5146,#5147,#5148,#5149,#5150,#5151,#5152,#5153,#5154,#5155,#5156,
    #5157,#5158,#5159,#5160,#5161,#5162,#5163,#5164,#5165,#5166,#5167,
    #5168,#5169,#5170,#5171,#5172,#5173,#5174,#5175,#5176,#5177,#5178,
    #5179),.UNSPECIFIED.,.F.,.F.,(9,7,7,7,7,7,7,7,7,7,9),(0.,
    6.055216443602E-02,0.132768968036,0.192368375992,0.326510968811,
    0.404185338031,0.488807522352,0.636486928419,0.779984853539,
    0.909201446426,1.),.UNSPECIFIED.);
#5108 = CARTESIAN_POINT('',(2.963601184904,12.5,7.105427357601E-15));
#5109 = CARTESIAN_POINT('',(2.969656759565,12.5,-0.594147823845));
#5110 = CARTESIAN_POINT('',(2.975715728816,12.467725785614,
    -1.188365777398));
#5111 = CARTESIAN_POINT('',(2.981777719008,12.40316431489,
    -1.780577220015));
#5112 = CARTESIAN_POINT('',(2.987842026402,12.306461787062,
    -2.368728066711));
#5113 = CARTESIAN_POINT('',(2.993907617174,12.177923642546,
    -2.950786788152));
#5114 = CARTESIAN_POINT('',(2.99997312741,12.018014562943,
    -3.524744410662));
#5115 = CARTESIAN_POINT('',(3.006036863108,11.827358471038,
    -4.088614516218));
#5116 = CARTESIAN_POINT('',(3.019324110537,11.343618838167,
    -5.298553145298));
#5117 = CARTESIAN_POINT('',(3.026545125128,11.037876892252,
    -5.939559424583));
#5118 = CARTESIAN_POINT('',(3.033763085022,10.690818350278,
    -6.560229410038));
#5119 = CARTESIAN_POINT('',(3.04097127336,10.304021457717,
    -7.157506248963));
#5120 = CARTESIAN_POINT('',(3.048170097368,9.879318211933,
    -7.728483131048));
#5121 = CARTESIAN_POINT('',(3.055371112512,9.41879213555,-8.270403755472
    ));
#5122 = CARTESIAN_POINT('',(3.062587988805,8.924792659514,
    -8.780679040235));
#5123 = CARTESIAN_POINT('',(3.075778280215,7.966834909274,
    -9.649954412424));
#5124 = CARTESIAN_POINT('',(3.081746927594,7.512703502147,
    -10.01981211635));
#5125 = CARTESIAN_POINT('',(3.087716019018,7.03897016623,-10.3652292104)
  );
#5126 = CARTESIAN_POINT('',(3.093682767915,6.547138174419,
    -10.68501936694));
#5127 = CARTESIAN_POINT('',(3.099645820121,6.038820509457,
    -10.97808145013));
#5128 = CARTESIAN_POINT('',(3.105604820889,5.515749419847,
    -11.24341513816));
#5129 = CARTESIAN_POINT('',(3.111559672303,4.979790822975,-11.4801446233
    ));
#5130 = CARTESIAN_POINT('',(3.130900935887,3.202199190384,
    -12.15436622328));
#5131 = CARTESIAN_POINT('',(3.144293942694,1.913893883451,
    -12.47357597345));
#5132 = CARTESIAN_POINT('',(3.15767961964,0.590603713619,-12.63597276883
    ));
#5133 = CARTESIAN_POINT('',(3.171080942452,-0.745216619742,
    -12.63789491708));
#5134 = CARTESIAN_POINT('',(3.184501590081,-2.071380903413,
    -12.47893787927));
#5135 = CARTESIAN_POINT('',(3.197933998948,-3.36601068067,-12.1622733426
    ));
#5136 = CARTESIAN_POINT('',(3.211372963317,-4.607609619565,
    -11.69416840049));
#5137 = CARTESIAN_POINT('',(3.232573724345,-6.451485878366,
    -10.73357370233));
#5138 = CARTESIAN_POINT('',(3.240346967798,-7.103186748433,
    -10.33411440329));
#5139 = CARTESIAN_POINT('',(3.248117839984,-7.726473829882,
    -9.88953424712));
#5140 = CARTESIAN_POINT('',(3.255885700171,-8.317683517013,
    -9.402224091911));
#5141 = CARTESIAN_POINT('',(3.263650453526,-8.873444351115,
    -8.874882227544));
#5142 = CARTESIAN_POINT('',(3.271412551113,-9.390677020472,
    -8.31051437566));
#5143 = CARTESIAN_POINT('',(3.279172989893,-9.866594360356,
    -7.712433689666));
#5144 = CARTESIAN_POINT('',(3.295387780728,-10.76945944154,
    -6.399899022295));
#5145 = CARTESIAN_POINT('',(3.303841479297,-11.18828491006,
    -5.679729926986));
#5146 = CARTESIAN_POINT('',(3.312296093242,-11.55193974411,
    -4.928456749142));
#5147 = CARTESIAN_POINT('',(3.320752621432,-11.8577465955,-4.15100728534
    ));
#5148 = CARTESIAN_POINT('',(3.329211376799,-12.10358878228,
    -3.352533848389));
#5149 = CARTESIAN_POINT('',(3.337671986331,-12.28791028878,
    -2.53841326734));
#5150 = CARTESIAN_POINT('',(3.34613339108,-12.40971576557,
    -1.714246887477));
#5151 = CARTESIAN_POINT('',(3.369358709421,-12.57128161711,
    0.559807611045));
#5152 = CARTESIAN_POINT('',(3.384145755121,-12.48256444751,2.02100168691
    ));
#5153 = CARTESIAN_POINT('',(3.398921708008,-12.1992240955,3.465186387467
    ));
#5154 = CARTESIAN_POINT('',(3.413686332529,-11.72594011857,
    4.862480647839));
#5155 = CARTESIAN_POINT('',(3.428444329825,-11.07152100136,
    6.184623138673));
#5156 = CARTESIAN_POINT('',(3.443209155338,-10.24976339549,
    7.405458298185));
#5157 = CARTESIAN_POINT('',(3.457989535793,-9.278472915584,
    8.500644051484));
#5158 = CARTESIAN_POINT('',(3.487107797061,-7.117991566823,
    10.371495119498));
#5159 = CARTESIAN_POINT('',(3.501482606595,-5.933054467636,
    11.157663369838));
#5160 = CARTESIAN_POINT('',(3.515854014484,-4.650056762239,
    11.787665798757));
#5161 = CARTESIAN_POINT('',(3.530220913673,-3.293566352674,
    12.248199428566));
#5162 = CARTESIAN_POINT('',(3.544579616407,-1.889183711184,
    12.529998264161));
#5163 = CARTESIAN_POINT('',(3.558927808484,-0.463649205575,
    12.628445450605));
#5164 = CARTESIAN_POINT('',(3.573274679409,0.955476651941,
    12.542784601321));
#5165 = CARTESIAN_POINT('',(3.600509252373,3.585344332114,
    12.041775588192));
#5166 = CARTESIAN_POINT('',(3.613421416247,4.804804812225,
    11.659691326749));
#5167 = CARTESIAN_POINT('',(3.626331272698,5.9765854558,11.13658745738)
  );
#5168 = CARTESIAN_POINT('',(3.63925089548,7.081870239011,10.479794286206
    ));
#5169 = CARTESIAN_POINT('',(3.652190952433,8.103517400775,9.699271111726
    ));
#5170 = CARTESIAN_POINT('',(3.665148191253,9.025916253786,8.807220881766
    ));
#5171 = CARTESIAN_POINT('',(3.678104176518,9.835276576056,7.818342421006
    ));
#5172 = CARTESIAN_POINT('',(3.700121768164,11.001741769101,
    6.000518195262));
#5173 = CARTESIAN_POINT('',(3.709208674159,11.42211160005,5.210899758567
    ));
#5174 = CARTESIAN_POINT('',(3.718268669123,11.777524197177,
    4.387890313216));
#5175 = CARTESIAN_POINT('',(3.727318475733,12.06494318798,3.537792322177
    ));
#5176 = CARTESIAN_POINT('',(3.736383081879,12.282087734478,2.66713198739
    ));
#5177 = CARTESIAN_POINT('',(3.745473509273,12.427382277948,
    1.782631809304));
#5178 = CARTESIAN_POINT('',(3.754578134937,12.5,0.89120903573));
#5179 = CARTESIAN_POINT('',(3.763667565572,12.5,-7.105427357601E-15));
#5180 = PCURVE('',#682,#5181);
#5181 = DEFINITIONAL_REPRESENTATION('',(#5182),#5255);
#5182 = B_SPLINE_CURVE_WITH_KNOTS('',8,(#5183,#5184,#5185,#5186,#5187,
    #5188,#5189,#5190,#5191,#5192,#5193,#5194,#5195,#5196,#5197,#5198,
    #5199,#5200,#5201,#5202,#5203,#5204,#5205,#5206,#5207,#5208,#5209,
    #5210,#5211,#5212,#5213,#5214,#5215,#5216,#5217,#5218,#5219,#5220,
    #5221,#5222,#5223,#5224,#5225,#5226,#5227,#5228,#5229,#5230,#5231,
    #5232,#5233,#5234,#5235,#5236,#5237,#5238,#5239,#5240,#5241,#5242,
    #5243,#5244,#5245,#5246,#5247,#5248,#5249,#5250,#5251,#5252,#5253,
    #5254),.UNSPECIFIED.,.F.,.F.,(9,7,7,7,7,7,7,7,7,7,9),(0.,
    6.055216443602E-02,0.132768968036,0.192368375992,0.326510968811,
    0.404185338031,0.488807522352,0.636486928419,0.779984853539,
    0.909201446426,1.),.UNSPECIFIED.);
#5183 = CARTESIAN_POINT('',(0.414967610574,20.585207651024));
#5184 = CARTESIAN_POINT('',(0.414971760156,20.633123195999));
#5185 = CARTESIAN_POINT('',(0.414979146094,20.681043165717));
#5186 = CARTESIAN_POINT('',(0.4149893326,20.728967625127));
#5187 = CARTESIAN_POINT('',(0.415001592997,20.776896043716));
#5188 = CARTESIAN_POINT('',(0.415014909718,20.824827295513));
#5189 = CARTESIAN_POINT('',(0.415027974302,20.872759659086));
#5190 = CARTESIAN_POINT('',(0.415039187402,20.920690817544));
#5191 = CARTESIAN_POINT('',(0.415055569422,21.025777461969));
#5192 = CARTESIAN_POINT('',(0.415058126964,21.082931294106));
#5193 = CARTESIAN_POINT('',(0.415057955035,21.140079873347));
#5194 = CARTESIAN_POINT('',(0.415047066997,21.197225430051));
#5195 = CARTESIAN_POINT('',(0.415025341032,21.254372033754));
#5196 = CARTESIAN_POINT('',(0.415005379446,21.311523741134));
#5197 = CARTESIAN_POINT('',(0.41500275216,21.368680764684));
#5198 = CARTESIAN_POINT('',(0.415018946532,21.473001061976));
#5199 = CARTESIAN_POINT('',(0.415032029262,21.520166396595));
#5200 = CARTESIAN_POINT('',(0.415045086964,21.567335421865));
#5201 = CARTESIAN_POINT('',(0.415054476337,21.614511349696));
#5202 = CARTESIAN_POINT('',(0.415058574078,21.661694719648));
#5203 = CARTESIAN_POINT('',(0.415057405162,21.708882549543));
#5204 = CARTESIAN_POINT('',(0.415052021705,21.756066765069));
#5205 = CARTESIAN_POINT('',(0.415024750398,21.909388241676));
#5206 = CARTESIAN_POINT('',(0.414990734172,22.015661853218));
#5207 = CARTESIAN_POINT('',(0.414955906295,22.121883060255));
#5208 = CARTESIAN_POINT('',(0.414945407839,22.228059358846));
#5209 = CARTESIAN_POINT('',(0.414958729575,22.33422341012));
#5210 = CARTESIAN_POINT('',(0.414981766607,22.440413181349));
#5211 = CARTESIAN_POINT('',(0.415004533487,22.546656729467));
#5212 = CARTESIAN_POINT('',(0.415031088555,22.714327150835));
#5213 = CARTESIAN_POINT('',(0.415038680057,22.775818267633));
#5214 = CARTESIAN_POINT('',(0.415043318249,22.837311098454));
#5215 = CARTESIAN_POINT('',(0.415044641537,22.898803078891));
#5216 = CARTESIAN_POINT('',(0.415042733659,22.960292877165));
#5217 = CARTESIAN_POINT('',(0.415038123691,23.021780394122));
#5218 = CARTESIAN_POINT('',(0.415031786042,23.083266763241));
#5219 = CARTESIAN_POINT('',(0.415017900442,23.211741878241));
#5220 = CARTESIAN_POINT('',(0.415009960685,23.278728168321));
#5221 = CARTESIAN_POINT('',(0.415002730073,23.345716786187));
#5222 = CARTESIAN_POINT('',(0.414997161694,23.41270902833));
#5223 = CARTESIAN_POINT('',(0.414993752843,23.479703922409));
#5224 = CARTESIAN_POINT('',(0.414992545018,23.546698227256));
#5225 = CARTESIAN_POINT('',(0.414993123921,23.613686432871));
#5226 = CARTESIAN_POINT('',(0.41499722942,23.797541800472));
#5227 = CARTESIAN_POINT('',(0.415002823489,23.914577765326));
#5228 = CARTESIAN_POINT('',(0.415007824153,24.031530020437));
#5229 = CARTESIAN_POINT('',(0.415007138641,24.148432031312));
#5230 = CARTESIAN_POINT('',(0.414999361314,24.265330770391));
#5231 = CARTESIAN_POINT('',(0.414992490167,24.382277284986));
#5232 = CARTESIAN_POINT('',(0.414991127784,24.499308738339));
#5233 = CARTESIAN_POINT('',(0.414999951004,24.729788092135));
#5234 = CARTESIAN_POINT('',(0.415009826928,24.843530519914));
#5235 = CARTESIAN_POINT('',(0.415025450064,24.95720614542));
#5236 = CARTESIAN_POINT('',(0.41504341914,25.070829799217));
#5237 = CARTESIAN_POINT('',(0.41505356256,25.184442847458));
#5238 = CARTESIAN_POINT('',(0.415046823261,25.298089799336));
#5239 = CARTESIAN_POINT('',(0.415028402933,25.411807325808));
#5240 = CARTESIAN_POINT('',(0.414988637312,25.627709863845));
#5241 = CARTESIAN_POINT('',(0.414968441344,25.730080576035));
#5242 = CARTESIAN_POINT('',(0.414950501337,25.832417369012));
#5243 = CARTESIAN_POINT('',(0.414949766633,25.934712126998));
#5244 = CARTESIAN_POINT('',(0.41497252977,26.037005658522));
#5245 = CARTESIAN_POINT('',(0.415009140468,26.139339161822));
#5246 = CARTESIAN_POINT('',(0.415039429406,26.241706598088));
#5247 = CARTESIAN_POINT('',(0.415058861129,26.415893607524));
#5248 = CARTESIAN_POINT('',(0.415064801905,26.487796950997));
#5249 = CARTESIAN_POINT('',(0.415040973445,26.559693757831));
#5250 = CARTESIAN_POINT('',(0.41500676487,26.63158190307));
#5251 = CARTESIAN_POINT('',(0.414989755682,26.703467890041));
#5252 = CARTESIAN_POINT('',(0.415001812814,26.77535666965));
#5253 = CARTESIAN_POINT('',(0.415030174168,26.847244770879));
#5254 = CARTESIAN_POINT('',(0.415043518637,26.919116742479));
#5255 = ( GEOMETRIC_REPRESENTATION_CONTEXT(2) 
PARAMETRIC_REPRESENTATION_CONTEXT() REPRESENTATION_CONTEXT('2D SPACE',''
  ) );
#5256 = PCURVE('',#3202,#5257);
#5257 = DEFINITIONAL_REPRESENTATION('',(#5258),#5331);
#5258 = B_SPLINE_CURVE_WITH_KNOTS('',8,(#5259,#5260,#5261,#5262,#5263,
    #5264,#5265,#5266,#5267,#5268,#5269,#5270,#5271,#5272,#5273,#5274,
    #5275,#5276,#5277,#5278,#5279,#5280,#5281,#5282,#5283,#5284,#5285,
    #5286,#5287,#5288,#5289,#5290,#5291,#5292,#5293,#5294,#5295,#5296,
    #5297,#5298,#5299,#5300,#5301,#5302,#5303,#5304,#5305,#5306,#5307,
    #5308,#5309,#5310,#5311,#5312,#5313,#5314,#5315,#5316,#5317,#5318,
    #5319,#5320,#5321,#5322,#5323,#5324,#5325,#5326,#5327,#5328,#5329,
    #5330),.UNSPECIFIED.,.F.,.F.,(9,7,7,7,7,7,7,7,7,7,9),(0.,
    6.055216443602E-02,0.132768968036,0.192368375992,0.326510968811,
    0.404185338031,0.488807522352,0.636486928419,0.779984853539,
    0.909201446426,1.),.UNSPECIFIED.);
#5259 = CARTESIAN_POINT('',(-6.28318530718,-2.963601184904));
#5260 = CARTESIAN_POINT('',(-6.235653481272,-2.969656759565));
#5261 = CARTESIAN_POINT('',(-6.188117299328,-2.975715728816));
#5262 = CARTESIAN_POINT('',(-6.140576726786,-2.981777719008));
#5263 = CARTESIAN_POINT('',(-6.093032302862,-2.987842026402));
#5264 = CARTESIAN_POINT('',(-6.045485140547,-2.993907617174));
#5265 = CARTESIAN_POINT('',(-5.99793692661,-2.99997312741));
#5266 = CARTESIAN_POINT('',(-5.950389921597,-3.006036863108));
#5267 = CARTESIAN_POINT('',(-5.84614542381,-3.019324110537));
#5268 = CARTESIAN_POINT('',(-5.789449356421,-3.026545125128));
#5269 = CARTESIAN_POINT('',(-5.732758931651,-3.033763085022));
#5270 = CARTESIAN_POINT('',(-5.676070880457,-3.04097127336));
#5271 = CARTESIAN_POINT('',(-5.619380878493,-3.048170097368));
#5272 = CARTESIAN_POINT('',(-5.562685978953,-3.055371112512));
#5273 = CARTESIAN_POINT('',(-5.505987090572,-3.062587988805));
#5274 = CARTESIAN_POINT('',(-5.402501509774,-3.075778280215));
#5275 = CARTESIAN_POINT('',(-5.355713361339,-3.081746927594));
#5276 = CARTESIAN_POINT('',(-5.30892168511,-3.087716019018));
#5277 = CARTESIAN_POINT('',(-5.262123387533,-3.093682767915));
#5278 = CARTESIAN_POINT('',(-5.215317906405,-3.099645820121));
#5279 = CARTESIAN_POINT('',(-5.168508137583,-3.105604820889));
#5280 = CARTESIAN_POINT('',(-5.121702033824,-3.111559672303));
#5281 = CARTESIAN_POINT('',(-4.969609287843,-3.130900935887));
#5282 = CARTESIAN_POINT('',(-4.864187499901,-3.144293942694));
#5283 = CARTESIAN_POINT('',(-4.758817256851,-3.15767961964));
#5284 = CARTESIAN_POINT('',(-4.653490885763,-3.171080942452));
#5285 = CARTESIAN_POINT('',(-4.548176754679,-3.184501590081));
#5286 = CARTESIAN_POINT('',(-4.442837324482,-3.197933998948));
#5287 = CARTESIAN_POINT('',(-4.337444752779,-3.211372963317));
#5288 = CARTESIAN_POINT('',(-4.171117425727,-3.232573724345));
#5289 = CARTESIAN_POINT('',(-4.11011890404,-3.240346967798));
#5290 = CARTESIAN_POINT('',(-4.049118671602,-3.248117839984));
#5291 = CARTESIAN_POINT('',(-3.988119240642,-3.255885700171));
#5292 = CARTESIAN_POINT('',(-3.927121910824,-3.263650453526));
#5293 = CARTESIAN_POINT('',(-3.866126769252,-3.271412551113));
#5294 = CARTESIAN_POINT('',(-3.805132690468,-3.279172989893));
#5295 = CARTESIAN_POINT('',(-3.677686071484,-3.295387780728));
#5296 = CARTESIAN_POINT('',(-3.611235948108,-3.303841479297));
#5297 = CARTESIAN_POINT('',(-3.544783475961,-3.312296093242));
#5298 = CARTESIAN_POINT('',(-3.47832741089,-3.320752621432));
#5299 = CARTESIAN_POINT('',(-3.411868754948,-3.329211376799));
#5300 = CARTESIAN_POINT('',(-3.345410756397,-3.337671986331));
#5301 = CARTESIAN_POINT('',(-3.278958909709,-3.34613339108));
#5302 = CARTESIAN_POINT('',(-3.096575973899,-3.369358709421));
#5303 = CARTESIAN_POINT('',(-2.980477656685,-3.384145755121));
#5304 = CARTESIAN_POINT('',(-2.864462742629,-3.398921708008));
#5305 = CARTESIAN_POINT('',(-2.748497862085,-3.413686332529));
#5306 = CARTESIAN_POINT('',(-2.632535976104,-3.428444329825));
#5307 = CARTESIAN_POINT('',(-2.51652620457,-3.443209155338));
#5308 = CARTESIAN_POINT('',(-2.400431779476,-3.457989535793));
#5309 = CARTESIAN_POINT('',(-2.171797386584,-3.487107797061));
#5310 = CARTESIAN_POINT('',(-2.058965260571,-3.501482606595));
#5311 = CARTESIAN_POINT('',(-1.946199386947,-3.515854014484));
#5312 = CARTESIAN_POINT('',(-1.833485316688,-3.530220913674));
#5313 = CARTESIAN_POINT('',(-1.720782253044,-3.544579616407));
#5314 = CARTESIAN_POINT('',(-1.608045783195,-3.558927808484));
#5315 = CARTESIAN_POINT('',(-1.495239245625,-3.573274679409));
#5316 = CARTESIAN_POINT('',(-1.281066021581,-3.600509252373));
#5317 = CARTESIAN_POINT('',(-1.179515173055,-3.613421416247));
#5318 = CARTESIAN_POINT('',(-1.077997713409,-3.626331272698));
#5319 = CARTESIAN_POINT('',(-0.976521872688,-3.63925089548));
#5320 = CARTESIAN_POINT('',(-0.875047499126,-3.652190952433));
#5321 = CARTESIAN_POINT('',(-0.773533973766,-3.665148191253));
#5322 = CARTESIAN_POINT('',(-0.671987185774,-3.678104176518));
#5323 = CARTESIAN_POINT('',(-0.499195964474,-3.700121768164));
#5324 = CARTESIAN_POINT('',(-0.427869104269,-3.709208674159));
#5325 = CARTESIAN_POINT('',(-0.356547005625,-3.718268669123));
#5326 = CARTESIAN_POINT('',(-0.285233489664,-3.727318475733));
#5327 = CARTESIAN_POINT('',(-0.213923212516,-3.736383081879));
#5328 = CARTESIAN_POINT('',(-0.142610319643,-3.745473509273));
#5329 = CARTESIAN_POINT('',(-7.129672285837E-02,-3.754578134937));
#5330 = CARTESIAN_POINT('',(0.,-3.763667565572));
#5331 = ( GEOMETRIC_REPRESENTATION_CONTEXT(2) 
PARAMETRIC_REPRESENTATION_CONTEXT() REPRESENTATION_CONTEXT('2D SPACE',''
  ) );
#5332 = ORIENTED_EDGE('',*,*,#5333,.T.);
#5333 = EDGE_CURVE('',#5104,#5334,#5336,.T.);
#5334 = VERTEX_POINT('',#5335);
#5335 = CARTESIAN_POINT('',(4.563634842235,12.5,0.));
#5336 = SURFACE_CURVE('',#5337,(#5403,#5472),.PCURVE_S1.);
#5337 = B_SPLINE_CURVE_WITH_KNOTS('',8,(#5338,#5339,#5340,#5341,#5342,
    #5343,#5344,#5345,#5346,#5347,#5348,#5349,#5350,#5351,#5352,#5353,
    #5354,#5355,#5356,#5357,#5358,#5359,#5360,#5361,#5362,#5363,#5364,
    #5365,#5366,#5367,#5368,#5369,#5370,#5371,#5372,#5373,#5374,#5375,
    #5376,#5377,#5378,#5379,#5380,#5381,#5382,#5383,#5384,#5385,#5386,
    #5387,#5388,#5389,#5390,#5391,#5392,#5393,#5394,#5395,#5396,#5397,
    #5398,#5399,#5400,#5401,#5402),.UNSPECIFIED.,.F.,.F.,(9,7,7,7,7,7,7,
    7,7,9),(0.,0.141231457531,0.230245566523,0.32145370856,
    0.478392611268,0.626221774143,0.744230901257,0.782631722757,
    0.876679398289,1.),.UNSPECIFIED.);
#5338 = CARTESIAN_POINT('',(3.763667565572,12.5,-7.105427357601E-15));
#5339 = CARTESIAN_POINT('',(3.777806201024,12.5,-1.386278214164));
#5340 = CARTESIAN_POINT('',(3.791941472793,12.324294987756,
    -2.773744739974));
#5341 = CARTESIAN_POINT('',(3.806030314556,11.972363425949,
    -4.134413806865));
#5342 = CARTESIAN_POINT('',(3.820105222979,11.44968127924,
    -5.442586823784));
#5343 = CARTESIAN_POINT('',(3.834206884539,10.765230332315,
    -6.673997849633));
#5344 = CARTESIAN_POINT('',(3.848334572095,9.932077037821,
    -7.806232388045));
#5345 = CARTESIAN_POINT('',(3.86248330364,8.966814275697,-8.818569755907
    ));
#5346 = CARTESIAN_POINT('',(3.885526987069,7.214581958668,
    -10.24513938158));
#5347 = CARTESIAN_POINT('',(3.89443756406,6.493016249463,-10.7426243466)
  );
#5348 = CARTESIAN_POINT('',(3.903347489126,5.732494337948,
    -11.18186071507));
#5349 = CARTESIAN_POINT('',(3.912254943947,4.938513134674,
    -11.55930366184));
#5350 = CARTESIAN_POINT('',(3.921158715396,4.116878894261,
    -11.87207801339));
#5351 = CARTESIAN_POINT('',(3.930058195534,3.2737072154,-12.11797824773)
  );
#5352 = CARTESIAN_POINT('',(3.938953381615,2.415423040856,
    -12.29546849449));
#5353 = CARTESIAN_POINT('',(3.956955529425,0.660736650269,
    -12.51456385107));
#5354 = CARTESIAN_POINT('',(3.966064935697,-0.236595052083,
    -12.55278186725));
#5355 = CARTESIAN_POINT('',(3.975174396575,-1.136011810667,
    -12.51746414874));
#5356 = CARTESIAN_POINT('',(3.984284854945,-2.030431967961,
    -12.40853564788));
#5357 = CARTESIAN_POINT('',(3.993396894893,-2.912914847847,
    -12.22671870397));
#5358 = CARTESIAN_POINT('',(4.002510741707,-3.776660755613,
    -11.9735330433));
#5359 = CARTESIAN_POINT('',(4.011626261876,-4.615010977953,
    -11.65129577915));
#5360 = CARTESIAN_POINT('',(4.036429776279,-6.809057534184,
    -10.5952023213));
#5361 = CARTESIAN_POINT('',(4.052146029742,-8.104840788001,
    -9.730840058449));
#5362 = CARTESIAN_POINT('',(4.067848211462,-9.272546808461,
    -8.68615744153));
#5363 = CARTESIAN_POINT('',(4.083537328704,-10.28434245795,
    -7.48443141182));
#5364 = CARTESIAN_POINT('',(4.099217148946,-11.11665184396,
    -6.152143527283));
#5365 = CARTESIAN_POINT('',(4.114904552697,-11.75156802806,
    -4.71988313776));
#5366 = CARTESIAN_POINT('',(4.130612102164,-12.17560819193,
    -3.221253128196));
#5367 = CARTESIAN_POINT('',(4.161083237664,-12.58125302607,
    -0.258087973278));
#5368 = CARTESIAN_POINT('',(4.175889416763,-12.5876546183,1.207346585543
    ));
#5369 = CARTESIAN_POINT('',(4.190690822957,-12.39829989207,
    2.668475114023));
#5370 = CARTESIAN_POINT('',(4.205487774589,-12.01593219707,
    4.094970970118));
#5371 = CARTESIAN_POINT('',(4.220276235458,-11.44760110485,
    5.457954232772));
#5372 = CARTESIAN_POINT('',(4.235053549404,-10.70546813243,
    6.730378322804));
#5373 = CARTESIAN_POINT('',(4.249830742959,-9.805778536579,
    7.886797229165));
#5374 = CARTESIAN_POINT('',(4.276371185448,-7.947158203913,
    9.717715988444));
#5375 = CARTESIAN_POINT('',(4.288156614896,-7.035574902145,
    10.443433416557));
#5376 = CARTESIAN_POINT('',(4.299945014235,-6.04889630101,
    11.070990009054));
#5377 = CARTESIAN_POINT('',(4.311741117933,-4.999565908442,
    11.591320158491));
#5378 = CARTESIAN_POINT('',(4.323550267369,-3.900982060022,
    11.997420931109));
#5379 = CARTESIAN_POINT('',(4.335373476587,-2.767431133782,
    12.284371097352));
#5380 = CARTESIAN_POINT('',(4.347202498055,-1.61402076501,
    12.449350162372));
#5381 = CARTESIAN_POINT('',(4.362858705454,-7.998620405902E-02,
    12.505424404117));
#5382 = CARTESIAN_POINT('',(4.366703720034,0.297329549658,
    12.506202473379));
#5383 = CARTESIAN_POINT('',(4.370547888623,0.674651156824,
    12.493976587948));
#5384 = CARTESIAN_POINT('',(4.374389883332,1.05135187007,12.468755541079
    ));
#5385 = CARTESIAN_POINT('',(4.378229091922,1.42686123792,12.430571935658
    ));
#5386 = CARTESIAN_POINT('',(4.3820656178,1.800665104794,12.379482184202)
  );
#5387 = CARTESIAN_POINT('',(4.38590028002,2.172305611009,12.315566508861
    ));
#5388 = CARTESIAN_POINT('',(4.399125301199,3.445286349082,
    12.051235428749));
#5389 = CARTESIAN_POINT('',(4.408503212891,4.333602810718,
    11.787166160828));
#5390 = CARTESIAN_POINT('',(4.41790493312,5.198533701844,11.448350074178
    ));
#5391 = CARTESIAN_POINT('',(4.427332143405,6.032699213504,
    11.037237624365));
#5392 = CARTESIAN_POINT('',(4.436767222151,6.829148373599,
    10.557096828312));
#5393 = CARTESIAN_POINT('',(4.446188844777,7.581370816864,
    10.012009306613));
#5394 = CARTESIAN_POINT('',(4.45558758385,8.283308554843,9.406866325841)
  );
#5395 = CARTESIAN_POINT('',(4.477299352487,9.776516893635,7.882589401211
    ));
#5396 = CARTESIAN_POINT('',(4.489614313533,10.528619749287,6.9233621985)
  );
#5397 = CARTESIAN_POINT('',(4.501922300445,11.172435365048,
    5.882706830414));
#5398 = CARTESIAN_POINT('',(4.514241211337,11.697963424557,
    4.775146099906));
#5399 = CARTESIAN_POINT('',(4.526577883771,12.09762250458,3.616214930709
    ));
#5400 = CARTESIAN_POINT('',(4.538928406132,12.365971978691,
    2.422302818431));
#5401 = CARTESIAN_POINT('',(4.551286519962,12.5,1.210734809472));
#5402 = CARTESIAN_POINT('',(4.563634842235,12.5,-1.7763568394E-15));
#5403 = PCURVE('',#682,#5404);
#5404 = DEFINITIONAL_REPRESENTATION('',(#5405),#5471);
#5405 = B_SPLINE_CURVE_WITH_KNOTS('',8,(#5406,#5407,#5408,#5409,#5410,
    #5411,#5412,#5413,#5414,#5415,#5416,#5417,#5418,#5419,#5420,#5421,
    #5422,#5423,#5424,#5425,#5426,#5427,#5428,#5429,#5430,#5431,#5432,
    #5433,#5434,#5435,#5436,#5437,#5438,#5439,#5440,#5441,#5442,#5443,
    #5444,#5445,#5446,#5447,#5448,#5449,#5450,#5451,#5452,#5453,#5454,
    #5455,#5456,#5457,#5458,#5459,#5460,#5461,#5462,#5463,#5464,#5465,
    #5466,#5467,#5468,#5469,#5470),.UNSPECIFIED.,.F.,.F.,(9,7,7,7,7,7,7,
    7,7,9),(0.,0.141231457531,0.230245566523,0.32145370856,
    0.478392611268,0.626221774143,0.744230901257,0.782631722757,
    0.876679398289,1.),.UNSPECIFIED.);
#5406 = CARTESIAN_POINT('',(0.415043518637,26.919116742479));
#5407 = CARTESIAN_POINT('',(0.415064275997,27.030913800681));
#5408 = CARTESIAN_POINT('',(0.415067282721,27.142807373697));
#5409 = CARTESIAN_POINT('',(0.415026380671,27.254637951102));
#5410 = CARTESIAN_POINT('',(0.414974565882,27.366433916003));
#5411 = CARTESIAN_POINT('',(0.414952103058,27.478238069519));
#5412 = CARTESIAN_POINT('',(0.414952748944,27.590087967025));
#5413 = CARTESIAN_POINT('',(0.414968467077,27.701999916366));
#5414 = CARTESIAN_POINT('',(0.41500090832,27.88422063358));
#5415 = CARTESIAN_POINT('',(0.415015318707,27.954669155549));
#5416 = CARTESIAN_POINT('',(0.415028524688,28.02512087149));
#5417 = CARTESIAN_POINT('',(0.415038408763,28.095576074946));
#5418 = CARTESIAN_POINT('',(0.415043808774,28.166033223418));
#5419 = CARTESIAN_POINT('',(0.415044517905,28.236488938361));
#5420 = CARTESIAN_POINT('',(0.415041284685,28.306938005185));
#5421 = CARTESIAN_POINT('',(0.415030206411,28.449544842788));
#5422 = CARTESIAN_POINT('',(0.415021819025,28.521725730322));
#5423 = CARTESIAN_POINT('',(0.415012762771,28.593911690405));
#5424 = CARTESIAN_POINT('',(0.415004610149,28.666099279183));
#5425 = CARTESIAN_POINT('',(0.414998394214,28.738285954395));
#5426 = CARTESIAN_POINT('',(0.414994608572,28.810470075378));
#5427 = CARTESIAN_POINT('',(0.414993207384,28.882650903063));
#5428 = CARTESIAN_POINT('',(0.414994290151,29.079022430715));
#5429 = CARTESIAN_POINT('',(0.415000001233,29.203414482021));
#5430 = CARTESIAN_POINT('',(0.41500736843,29.327683632447));
#5431 = CARTESIAN_POINT('',(0.415009417889,29.451886237088));
#5432 = CARTESIAN_POINT('',(0.415001464344,29.576084628134));
#5433 = CARTESIAN_POINT('',(0.414993296221,29.700344549752));
#5434 = CARTESIAN_POINT('',(0.414990965117,29.824723479894));
#5435 = CARTESIAN_POINT('',(0.414999163219,30.06591840009));
#5436 = CARTESIAN_POINT('',(0.415008973548,30.183076603015));
#5437 = CARTESIAN_POINT('',(0.415025108235,30.300153143021));
#5438 = CARTESIAN_POINT('',(0.415044169886,30.417174109204));
#5439 = CARTESIAN_POINT('',(0.415054712794,30.53418694784));
#5440 = CARTESIAN_POINT('',(0.41504655143,30.651241289235));
#5441 = CARTESIAN_POINT('',(0.415026365425,30.768378095811));
#5442 = CARTESIAN_POINT('',(0.41498715853,30.978781057668));
#5443 = CARTESIAN_POINT('',(0.414967569056,31.072226769324));
#5444 = CARTESIAN_POINT('',(0.414954310044,31.165652078007));
#5445 = CARTESIAN_POINT('',(0.414953578005,31.259051481408));
#5446 = CARTESIAN_POINT('',(0.414967889799,31.352449809502));
#5447 = CARTESIAN_POINT('',(0.414994721951,31.445872597484));
#5448 = CARTESIAN_POINT('',(0.415025149972,31.539316458711));
#5449 = CARTESIAN_POINT('',(0.415048129451,31.663113309176));
#5450 = CARTESIAN_POINT('',(0.41505266352,31.693524326752));
#5451 = CARTESIAN_POINT('',(0.415055595842,31.723939758169));
#5452 = CARTESIAN_POINT('',(0.415056619217,31.754351221162));
#5453 = CARTESIAN_POINT('',(0.415055613272,31.784754703402));
#5454 = CARTESIAN_POINT('',(0.415052644462,31.815150562498));
#5455 = CARTESIAN_POINT('',(0.415047966075,31.845543525991));
#5456 = CARTESIAN_POINT('',(0.415027451309,31.950393464278));
#5457 = CARTESIAN_POINT('',(0.414995186288,32.024865855181));
#5458 = CARTESIAN_POINT('',(0.414990478359,32.09933557228));
#5459 = CARTESIAN_POINT('',(0.415015723184,32.173799312655));
#5460 = CARTESIAN_POINT('',(0.415049794219,32.248264123946));
#5461 = CARTESIAN_POINT('',(0.41506738004,32.322736766034));
#5462 = CARTESIAN_POINT('',(0.415058321674,32.397213072734));
#5463 = CARTESIAN_POINT('',(0.415032038644,32.569295901503));
#5464 = CARTESIAN_POINT('',(0.415002650834,32.667002098015));
#5465 = CARTESIAN_POINT('',(0.414968962788,32.764682908329));
#5466 = CARTESIAN_POINT('',(0.414950901902,32.862341795814));
#5467 = CARTESIAN_POINT('',(0.414953221761,32.959999919411));
#5468 = CARTESIAN_POINT('',(0.414968258459,33.057679476972));
#5469 = CARTESIAN_POINT('',(0.414987857837,33.155387486361));
#5470 = CARTESIAN_POINT('',(0.415005963291,33.253028336309));
#5471 = ( GEOMETRIC_REPRESENTATION_CONTEXT(2) 
PARAMETRIC_REPRESENTATION_CONTEXT() REPRESENTATION_CONTEXT('2D SPACE',''
  ) );
#5472 = PCURVE('',#3002,#5473);
#5473 = DEFINITIONAL_REPRESENTATION('',(#5474),#5540);
#5474 = B_SPLINE_CURVE_WITH_KNOTS('',8,(#5475,#5476,#5477,#5478,#5479,
    #5480,#5481,#5482,#5483,#5484,#5485,#5486,#5487,#5488,#5489,#5490,
    #5491,#5492,#5493,#5494,#5495,#5496,#5497,#5498,#5499,#5500,#5501,
    #5502,#5503,#5504,#5505,#5506,#5507,#5508,#5509,#5510,#5511,#5512,
    #5513,#5514,#5515,#5516,#5517,#5518,#5519,#5520,#5521,#5522,#5523,
    #5524,#5525,#5526,#5527,#5528,#5529,#5530,#5531,#5532,#5533,#5534,
    #5535,#5536,#5537,#5538,#5539),.UNSPECIFIED.,.F.,.F.,(9,7,7,7,7,7,7,
    7,7,9),(0.,0.141231457531,0.230245566523,0.32145370856,
    0.478392611268,0.626221774143,0.744230901257,0.782631722757,
    0.876679398289,1.),.UNSPECIFIED.);
#5475 = CARTESIAN_POINT('',(-6.28318530718,-3.763667565572));
#5476 = CARTESIAN_POINT('',(-6.172283050046,-3.777806201024));
#5477 = CARTESIAN_POINT('',(-6.061285958638,-3.791941472793));
#5478 = CARTESIAN_POINT('',(-5.950352589996,-3.806030314556));
#5479 = CARTESIAN_POINT('',(-5.839452394289,-3.820105222979));
#5480 = CARTESIAN_POINT('',(-5.728543489793,-3.834206884539));
#5481 = CARTESIAN_POINT('',(-5.617589051088,-3.848334572095));
#5482 = CARTESIAN_POINT('',(-5.506573193215,-3.86248330364));
#5483 = CARTESIAN_POINT('',(-5.325811799288,-3.885526987069));
#5484 = CARTESIAN_POINT('',(-5.255927552367,-3.89443756406));
#5485 = CARTESIAN_POINT('',(-5.186040190197,-3.903347489126));
#5486 = CARTESIAN_POINT('',(-5.116149389324,-3.912254943947));
#5487 = CARTESIAN_POINT('',(-5.046256646933,-3.921158715396));
#5488 = CARTESIAN_POINT('',(-4.976365280856,-3.930058195534));
#5489 = CARTESIAN_POINT('',(-4.906480429566,-3.938953381615));
#5490 = CARTESIAN_POINT('',(-4.76501547465,-3.956955529425));
#5491 = CARTESIAN_POINT('',(-4.693412436738,-3.966064935697));
#5492 = CARTESIAN_POINT('',(-4.621804279569,-3.975174396575));
#5493 = CARTESIAN_POINT('',(-4.550194454992,-3.984284854945));
#5494 = CARTESIAN_POINT('',(-4.478585525573,-3.993396894893));
#5495 = CARTESIAN_POINT('',(-4.4069791646,-4.002510741707));
#5496 = CARTESIAN_POINT('',(-4.335376156081,-4.011626261876));
#5497 = CARTESIAN_POINT('',(-4.140576999079,-4.036429776279));
#5498 = CARTESIAN_POINT('',(-4.017181336618,-4.052146029742));
#5499 = CARTESIAN_POINT('',(-3.893908060776,-4.067848211462));
#5500 = CARTESIAN_POINT('',(-3.77070116235,-4.083537328704));
#5501 = CARTESIAN_POINT('',(-3.647498258895,-4.099217148946));
#5502 = CARTESIAN_POINT('',(-3.52423375567,-4.114904552697));
#5503 = CARTESIAN_POINT('',(-3.400850731286,-4.130612102164));
#5504 = CARTESIAN_POINT('',(-3.161586586485,-4.161083237664));
#5505 = CARTESIAN_POINT('',(-3.045366020633,-4.175889416763));
#5506 = CARTESIAN_POINT('',(-2.929226433297,-4.190690822957));
#5507 = CARTESIAN_POINT('',(-2.813142234156,-4.205487774589));
#5508 = CARTESIAN_POINT('',(-2.697066637723,-4.220276235458));
#5509 = CARTESIAN_POINT('',(-2.58095009785,-4.235053549404));
#5510 = CARTESIAN_POINT('',(-2.464751666574,-4.249830742959));
#5511 = CARTESIAN_POINT('',(-2.256033934979,-4.276371185448));
#5512 = CARTESIAN_POINT('',(-2.163336601138,-4.288156614896));
#5513 = CARTESIAN_POINT('',(-2.07065929563,-4.299945014235));
#5514 = CARTESIAN_POINT('',(-1.978007617609,-4.311741117933));
#5515 = CARTESIAN_POINT('',(-1.885357184281,-4.323550267369));
#5516 = CARTESIAN_POINT('',(-1.792682854956,-4.335373476587));
#5517 = CARTESIAN_POINT('',(-1.699987955111,-4.347202498055));
#5518 = CARTESIAN_POINT('',(-1.577183229345,-4.362858705454));
#5519 = CARTESIAN_POINT('',(-1.54701592522,-4.366703720034));
#5520 = CARTESIAN_POINT('',(-1.516844217145,-4.370547888623));
#5521 = CARTESIAN_POINT('',(-1.486676403314,-4.374389883332));
#5522 = CARTESIAN_POINT('',(-1.456516451036,-4.378229091922));
#5523 = CARTESIAN_POINT('',(-1.426363996738,-4.3820656178));
#5524 = CARTESIAN_POINT('',(-1.396214345965,-4.38590028002));
#5525 = CARTESIAN_POINT('',(-1.292203550235,-4.399125301199));
#5526 = CARTESIAN_POINT('',(-1.218327073851,-4.408503212891));
#5527 = CARTESIAN_POINT('',(-1.144453096542,-4.41790493312));
#5528 = CARTESIAN_POINT('',(-1.070585015366,-4.427332143405));
#5529 = CARTESIAN_POINT('',(-0.996716030751,-4.436767222151));
#5530 = CARTESIAN_POINT('',(-0.92283960513,-4.446188844777));
#5531 = CARTESIAN_POINT('',(-0.848959921575,-4.45558758385));
#5532 = CARTESIAN_POINT('',(-0.678256130667,-4.477299352487));
#5533 = CARTESIAN_POINT('',(-0.581333124285,-4.489614313533));
#5534 = CARTESIAN_POINT('',(-0.484434988496,-4.501922300445));
#5535 = CARTESIAN_POINT('',(-0.387558083563,-4.514241211337));
#5536 = CARTESIAN_POINT('',(-0.290681743227,-4.526577883771));
#5537 = CARTESIAN_POINT('',(-0.193784308145,-4.538928406132));
#5538 = CARTESIAN_POINT('',(-9.685878475775E-02,-4.551286519962));
#5539 = CARTESIAN_POINT('',(0.,-4.563634842235));
#5540 = ( GEOMETRIC_REPRESENTATION_CONTEXT(2) 
PARAMETRIC_REPRESENTATION_CONTEXT() REPRESENTATION_CONTEXT('2D SPACE',''
  ) );
#5541 = ORIENTED_EDGE('',*,*,#5542,.T.);
#5542 = EDGE_CURVE('',#5334,#5543,#5545,.T.);
#5543 = VERTEX_POINT('',#5544);
#5544 = CARTESIAN_POINT('',(5.36362400114,12.5,0.));
#5545 = SURFACE_CURVE('',#5546,(#5612,#5681),.PCURVE_S1.);
#5546 = B_SPLINE_CURVE_WITH_KNOTS('',8,(#5547,#5548,#5549,#5550,#5551,
    #5552,#5553,#5554,#5555,#5556,#5557,#5558,#5559,#5560,#5561,#5562,
    #5563,#5564,#5565,#5566,#5567,#5568,#5569,#5570,#5571,#5572,#5573,
    #5574,#5575,#5576,#5577,#5578,#5579,#5580,#5581,#5582,#5583,#5584,
    #5585,#5586,#5587,#5588,#5589,#5590,#5591,#5592,#5593,#5594,#5595,
    #5596,#5597,#5598,#5599,#5600,#5601,#5602,#5603,#5604,#5605,#5606,
    #5607,#5608,#5609,#5610,#5611),.UNSPECIFIED.,.F.,.F.,(9,7,7,7,7,7,7,
    7,7,9),(0.,7.020277269475E-02,0.1751076903,0.279025372009,
    0.363757309877,0.491350033712,0.617752491724,0.691328078459,
    0.852913320908,1.),.UNSPECIFIED.);
#5547 = CARTESIAN_POINT('',(4.563634842235,12.5,-1.7763568394E-15));
#5548 = CARTESIAN_POINT('',(4.570659846321,12.5,-0.688791302699));
#5549 = CARTESIAN_POINT('',(4.577685562549,12.456617374562,
    -1.377727628154));
#5550 = CARTESIAN_POINT('',(4.584710561429,12.369838814722,
    -2.063511864783));
#5551 = CARTESIAN_POINT('',(4.591733756265,12.239938139996,
    -2.742912334784));
#5552 = CARTESIAN_POINT('',(4.598754403158,12.067476298377,
    -3.412762794125));
#5553 = CARTESIAN_POINT('',(4.605772101006,11.853301366339,
    -4.069962432553));
#5554 = CARTESIAN_POINT('',(4.612786791502,11.598548548832,
    -4.711475873588));
#5555 = CARTESIAN_POINT('',(4.630276833701,10.86544907462,
    -6.265076951821));
#5556 = CARTESIAN_POINT('',(4.640756042831,10.338493440821,
    -7.154887128551));
#5557 = CARTESIAN_POINT('',(4.651232529459,9.7284220328,-7.993596642262)
  );
#5558 = CARTESIAN_POINT('',(4.661708979785,9.041160283616,
    -8.772216392561));
#5559 = CARTESIAN_POINT('',(4.672188557017,8.283632746137,
    -9.482691143578));
#5560 = CARTESIAN_POINT('',(4.682672843432,7.463680152604,
    -10.11783093021));
#5561 = CARTESIAN_POINT('',(4.693160726632,6.590142562039,
    -10.67141922429));
#5562 = CARTESIAN_POINT('',(4.714030938608,4.764647831629,
    -11.60118342825));
#5563 = CARTESIAN_POINT('',(4.724424824361,3.812500484358,
    -11.97949254493));
#5564 = CARTESIAN_POINT('',(4.734818357871,2.8263991374,-12.26821979214)
  );
#5565 = CARTESIAN_POINT('',(4.745208879811,1.816381216689,
    -12.46393148074));
#5566 = CARTESIAN_POINT('',(4.755596353094,0.792614901613,
    -12.56457332577));
#5567 = CARTESIAN_POINT('',(4.765982467529,-0.234642381897,
    -12.56931072012));
#5568 = CARTESIAN_POINT('',(4.7763693585,-1.255037593319,-12.47858192629
    ));
#5569 = CARTESIAN_POINT('',(4.795223679919,-3.076016160718,
    -12.14411953626));
#5570 = CARTESIAN_POINT('',(4.803692878933,-3.882621515845,
    -11.93164931837));
#5571 = CARTESIAN_POINT('',(4.812163112574,-4.672214346601,
    -11.65803866004));
#5572 = CARTESIAN_POINT('',(4.820634585736,-5.439353281818,
    -11.32491325032));
#5573 = CARTESIAN_POINT('',(4.829107458003,-6.178881309306,
    -10.93441840356));
#5574 = CARTESIAN_POINT('',(4.837581843644,-6.885925775848,
    -10.48921905944));
#5575 = CARTESIAN_POINT('',(4.846057811619,-7.5558983872,-9.992499782937
    ));
#5576 = CARTESIAN_POINT('',(4.867301253796,-9.131061315157,
    -8.627982264365));
#5577 = CARTESIAN_POINT('',(4.880076673909,-9.984411624921,
    -7.699025060469));
#5578 = CARTESIAN_POINT('',(4.892846500911,-10.72879851086,
    -6.674322783144));
#5579 = CARTESIAN_POINT('',(4.905603654207,-11.35205699402,
    -5.569034985899));
#5580 = CARTESIAN_POINT('',(4.918349688044,-11.84465899899,
    -4.399689610255));
#5581 = CARTESIAN_POINT('',(4.931091833981,-12.19941034566,
    -3.183935646075));
#5582 = CARTESIAN_POINT('',(4.943836515393,-12.41179047658,
    -1.94060998723));
#5583 = CARTESIAN_POINT('',(4.969203279544,-12.54943434042,0.54870764439
    ));
#5584 = CARTESIAN_POINT('',(4.981838972449,-12.47743464722,
    1.795932870898));
#5585 = CARTESIAN_POINT('',(4.99448078186,-12.26362726818,3.031857302068
    ));
#5586 = CARTESIAN_POINT('',(5.007137019697,-11.91031689882,
    4.237812630926));
#5587 = CARTESIAN_POINT('',(5.019808381745,-11.42247653894,
    5.395983935804));
#5588 = CARTESIAN_POINT('',(5.032480772998,-10.80745393916,
    6.489338331993));
#5589 = CARTESIAN_POINT('',(5.045132852519,-10.07531535297,
    7.501796173786));
#5590 = CARTESIAN_POINT('',(5.065107771911,-8.753487979984,
    8.952533256852));
#5591 = CARTESIAN_POINT('',(5.072447685165,-8.231777300508,
    9.454317827929));
#5592 = CARTESIAN_POINT('',(5.079789729956,-7.67725167403,9.921303704977
    ));
#5593 = CARTESIAN_POINT('',(5.087140752742,-7.092667944072,10.3509570978
    ));
#5594 = CARTESIAN_POINT('',(5.094503089328,-6.480968574751,
    10.741040937305));
#5595 = CARTESIAN_POINT('',(5.101874564863,-5.845281650769,
    11.089614875502));
#5596 = CARTESIAN_POINT('',(5.109248493842,-5.188920877419,
    11.395035285503));
#5597 = CARTESIAN_POINT('',(5.132788955905,-3.036180737419,
    12.22898253125));
#5598 = CARTESIAN_POINT('',(5.148968866648,-1.471239571767,
    12.588489036821));
#5599 = CARTESIAN_POINT('',(5.165081156943,0.139376790576,
    12.717444910297));
#5600 = CARTESIAN_POINT('',(5.181195007231,1.756239620984,
    12.611385004639));
#5601 = CARTESIAN_POINT('',(5.197357558707,3.340554232615,
    12.271651892887));
#5602 = CARTESIAN_POINT('',(5.213547014644,4.854645974093,
    11.707559532673));
#5603 = CARTESIAN_POINT('',(5.229758914625,6.261816282977,
    10.934171071729));
#5604 = CARTESIAN_POINT('',(5.260662170587,8.680933317867,9.109144374417
    ));
#5605 = CARTESIAN_POINT('',(5.275398882744,9.720099340782,8.086371762691
    ));
#5606 = CARTESIAN_POINT('',(5.290112462146,10.619706787492,6.92919533821
    ));
#5607 = CARTESIAN_POINT('',(5.304805862261,11.36058342935,5.660369447019
    ));
#5608 = CARTESIAN_POINT('',(5.319496432216,11.927356938249,
    4.304746245356));
#5609 = CARTESIAN_POINT('',(5.334198826883,12.309399680754,
    2.889524267711));
#5610 = CARTESIAN_POINT('',(5.348918415803,12.5,1.443843457099));
#5611 = CARTESIAN_POINT('',(5.36362400114,12.5,3.552713678801E-15));
#5612 = PCURVE('',#682,#5613);
#5613 = DEFINITIONAL_REPRESENTATION('',(#5614),#5680);
#5614 = B_SPLINE_CURVE_WITH_KNOTS('',8,(#5615,#5616,#5617,#5618,#5619,
    #5620,#5621,#5622,#5623,#5624,#5625,#5626,#5627,#5628,#5629,#5630,
    #5631,#5632,#5633,#5634,#5635,#5636,#5637,#5638,#5639,#5640,#5641,
    #5642,#5643,#5644,#5645,#5646,#5647,#5648,#5649,#5650,#5651,#5652,
    #5653,#5654,#5655,#5656,#5657,#5658,#5659,#5660,#5661,#5662,#5663,
    #5664,#5665,#5666,#5667,#5668,#5669,#5670,#5671,#5672,#5673,#5674,
    #5675,#5676,#5677,#5678,#5679),.UNSPECIFIED.,.F.,.F.,(9,7,7,7,7,7,7,
    7,7,9),(0.,7.020277269475E-02,0.1751076903,0.279025372009,
    0.363757309877,0.491350033712,0.617752491724,0.691328078459,
    0.852913320908,1.),.UNSPECIFIED.);
#5615 = CARTESIAN_POINT('',(0.415005963291,33.253028336309));
#5616 = CARTESIAN_POINT('',(0.415016263548,33.30857656017));
#5617 = CARTESIAN_POINT('',(0.415026085536,33.364133740336));
#5618 = CARTESIAN_POINT('',(0.415034281039,33.419696524572));
#5619 = CARTESIAN_POINT('',(0.415040085934,33.475261610078));
#5620 = CARTESIAN_POINT('',(0.415043120197,33.530825743488));
#5621 = CARTESIAN_POINT('',(0.415043387898,33.586385720865));
#5622 = CARTESIAN_POINT('',(0.415041277203,33.641938387709));
#5623 = CARTESIAN_POINT('',(0.415032006275,33.780478148402));
#5624 = CARTESIAN_POINT('',(0.415022718661,33.863510541447));
#5625 = CARTESIAN_POINT('',(0.415011674319,33.946533566488));
#5626 = CARTESIAN_POINT('',(0.415001818548,34.02954805855));
#5627 = CARTESIAN_POINT('',(0.414995292949,34.112564204881));
#5628 = CARTESIAN_POINT('',(0.414992592524,34.195591098927));
#5629 = CARTESIAN_POINT('',(0.41499272649,34.278626806777));
#5630 = CARTESIAN_POINT('',(0.414996171736,34.443840464729));
#5631 = CARTESIAN_POINT('',(0.414999444847,34.526110180694));
#5632 = CARTESIAN_POINT('',(0.415003069535,34.608374668643));
#5633 = CARTESIAN_POINT('',(0.415005358635,34.690624578153));
#5634 = CARTESIAN_POINT('',(0.415005262729,34.77286689583));
#5635 = CARTESIAN_POINT('',(0.415002981762,34.855113613533));
#5636 = CARTESIAN_POINT('',(0.414999829506,34.937372523923));
#5637 = CARTESIAN_POINT('',(0.414994892605,35.086683744375));
#5638 = CARTESIAN_POINT('',(0.414992790936,35.153752256112));
#5639 = CARTESIAN_POINT('',(0.414991918646,35.220820430892));
#5640 = CARTESIAN_POINT('',(0.414992970946,35.287885068036));
#5641 = CARTESIAN_POINT('',(0.414996224616,35.354945510897));
#5642 = CARTESIAN_POINT('',(0.415001538004,35.422003646859));
#5643 = CARTESIAN_POINT('',(0.415008351031,35.489063907339));
#5644 = CARTESIAN_POINT('',(0.415026729242,35.657128979678));
#5645 = CARTESIAN_POINT('',(0.415038609231,35.758194518509));
#5646 = CARTESIAN_POINT('',(0.415048717349,35.859228066489));
#5647 = CARTESIAN_POINT('',(0.415050174882,35.960221283561));
#5648 = CARTESIAN_POINT('',(0.415039277751,36.061212171615));
#5649 = CARTESIAN_POINT('',(0.415018691496,36.162239493905));
#5650 = CARTESIAN_POINT('',(0.414996395725,36.263298749677));
#5651 = CARTESIAN_POINT('',(0.414964509716,36.464358457392));
#5652 = CARTESIAN_POINT('',(0.41495473542,36.564467943175));
#5653 = CARTESIAN_POINT('',(0.414957646024,36.66453785655));
#5654 = CARTESIAN_POINT('',(0.41498040117,36.76458433783));
#5655 = CARTESIAN_POINT('',(0.415019545965,36.864636864119));
#5656 = CARTESIAN_POINT('',(0.415055216272,36.964721644385));
#5657 = CARTESIAN_POINT('',(0.415062380514,37.064843366172));
#5658 = CARTESIAN_POINT('',(0.415044005309,37.22312002502));
#5659 = CARTESIAN_POINT('',(0.41502486072,37.281365775424));
#5660 = CARTESIAN_POINT('',(0.415007100767,37.339618794598));
#5661 = CARTESIAN_POINT('',(0.414999158504,37.397874786175));
#5662 = CARTESIAN_POINT('',(0.415004131385,37.456130756257));
#5663 = CARTESIAN_POINT('',(0.415019781268,37.514385013418));
#5664 = CARTESIAN_POINT('',(0.415038534415,37.572637168704));
#5665 = CARTESIAN_POINT('',(0.415067130868,37.75881775239));
#5666 = CARTESIAN_POINT('',(0.415059255246,37.886975020516));
#5667 = CARTESIAN_POINT('',(0.414993758916,38.014996642778));
#5668 = CARTESIAN_POINT('',(0.414940336694,38.142946850844));
#5669 = CARTESIAN_POINT('',(0.414942551284,38.270896671874));
#5670 = CARTESIAN_POINT('',(0.414965603988,38.39891494446));
#5671 = CARTESIAN_POINT('',(0.414994446531,38.527070749452));
#5672 = CARTESIAN_POINT('',(0.415036217299,38.77145402738));
#5673 = CARTESIAN_POINT('',(0.415050554308,38.888030829411));
#5674 = CARTESIAN_POINT('',(0.415050978223,39.004521001008));
#5675 = CARTESIAN_POINT('',(0.415035170377,39.120964011138));
#5676 = CARTESIAN_POINT('',(0.415015724726,39.237409850683));
#5677 = CARTESIAN_POINT('',(0.415001914449,39.353910216399));
#5678 = CARTESIAN_POINT('',(0.414995203288,39.47049746638));
#5679 = CARTESIAN_POINT('',(0.414993779826,39.586937161642));
#5680 = ( GEOMETRIC_REPRESENTATION_CONTEXT(2) 
PARAMETRIC_REPRESENTATION_CONTEXT() REPRESENTATION_CONTEXT('2D SPACE',''
  ) );
#5681 = PCURVE('',#2788,#5682);
#5682 = DEFINITIONAL_REPRESENTATION('',(#5683),#5749);
#5683 = B_SPLINE_CURVE_WITH_KNOTS('',8,(#5684,#5685,#5686,#5687,#5688,
    #5689,#5690,#5691,#5692,#5693,#5694,#5695,#5696,#5697,#5698,#5699,
    #5700,#5701,#5702,#5703,#5704,#5705,#5706,#5707,#5708,#5709,#5710,
    #5711,#5712,#5713,#5714,#5715,#5716,#5717,#5718,#5719,#5720,#5721,
    #5722,#5723,#5724,#5725,#5726,#5727,#5728,#5729,#5730,#5731,#5732,
    #5733,#5734,#5735,#5736,#5737,#5738,#5739,#5740,#5741,#5742,#5743,
    #5744,#5745,#5746,#5747,#5748),.UNSPECIFIED.,.F.,.F.,(9,7,7,7,7,7,7,
    7,7,9),(0.,7.020277269475E-02,0.1751076903,0.279025372009,
    0.363757309877,0.491350033712,0.617752491724,0.691328078459,
    0.852913320908,1.),.UNSPECIFIED.);
#5684 = CARTESIAN_POINT('',(-6.28318530718,-4.563634842235));
#5685 = CARTESIAN_POINT('',(-6.228082002964,-4.570659846321));
#5686 = CARTESIAN_POINT('',(-6.172969856769,-4.577685562549));
#5687 = CARTESIAN_POINT('',(-6.117852171416,-4.584710561429));
#5688 = CARTESIAN_POINT('',(-6.062732202546,-4.591733756265));
#5689 = CARTESIAN_POINT('',(-6.007613158618,-4.598754403158));
#5690 = CARTESIAN_POINT('',(-5.952498200912,-4.605772101006));
#5691 = CARTESIAN_POINT('',(-5.897390443525,-4.612786791502));
#5692 = CARTESIAN_POINT('',(-5.759960056215,-4.630276833701));
#5693 = CARTESIAN_POINT('',(-5.677592422177,-4.640756042831));
#5694 = CARTESIAN_POINT('',(-5.595233938407,-4.651232529459));
#5695 = CARTESIAN_POINT('',(-5.512883817604,-4.661708979785));
#5696 = CARTESIAN_POINT('',(-5.430532055262,-4.672188557017));
#5697 = CARTESIAN_POINT('',(-5.348169738799,-4.682672843432));
#5698 = CARTESIAN_POINT('',(-5.265798845222,-4.693160726632));
#5699 = CARTESIAN_POINT('',(-5.101908296658,-4.714030938608));
#5700 = CARTESIAN_POINT('',(-5.020297607424,-4.724424824361));
#5701 = CARTESIAN_POINT('',(-4.93869228487,-4.734818357871));
#5702 = CARTESIAN_POINT('',(-4.857101565295,-4.745208879811));
#5703 = CARTESIAN_POINT('',(-4.775518421545,-4.755596353094));
#5704 = CARTESIAN_POINT('',(-4.693930847804,-4.765982467529));
#5705 = CARTESIAN_POINT('',(-4.612331040633,-4.7763693585));
#5706 = CARTESIAN_POINT('',(-4.464215884714,-4.795223679919));
#5707 = CARTESIAN_POINT('',(-4.397684510552,-4.803692878933));
#5708 = CARTESIAN_POINT('',(-4.331153353277,-4.812163112574));
#5709 = CARTESIAN_POINT('',(-4.26462559991,-4.820634585736));
#5710 = CARTESIAN_POINT('',(-4.198101925293,-4.829107458003));
#5711 = CARTESIAN_POINT('',(-4.131580492085,-4.837581843644));
#5712 = CARTESIAN_POINT('',(-4.065056950764,-4.846057811619));
#5713 = CARTESIAN_POINT('',(-3.898337136789,-4.867301253796));
#5714 = CARTESIAN_POINT('',(-3.798080665406,-4.880076673909));
#5715 = CARTESIAN_POINT('',(-3.697856169455,-4.892846500911));
#5716 = CARTESIAN_POINT('',(-3.597671946508,-4.905603654207));
#5717 = CARTESIAN_POINT('',(-3.497490180613,-4.918349688044));
#5718 = CARTESIAN_POINT('',(-3.397272213203,-4.931091833981));
#5719 = CARTESIAN_POINT('',(-3.297022352003,-4.943836515393));
#5720 = CARTESIAN_POINT('',(-3.09757273965,-4.969203279544));
#5721 = CARTESIAN_POINT('',(-2.998264813433,-4.981838972449));
#5722 = CARTESIAN_POINT('',(-2.898996137955,-4.99448078186));
#5723 = CARTESIAN_POINT('',(-2.799750777759,-5.007137019697));
#5724 = CARTESIAN_POINT('',(-2.700500022424,-5.019808381745));
#5725 = CARTESIAN_POINT('',(-2.60121785382,-5.032480772998));
#5726 = CARTESIAN_POINT('',(-2.501898529076,-5.045132852519));
#5727 = CARTESIAN_POINT('',(-2.34488916501,-5.065107771911));
#5728 = CARTESIAN_POINT('',(-2.28710954992,-5.072447685165));
#5729 = CARTESIAN_POINT('',(-2.22932258509,-5.079789729956));
#5730 = CARTESIAN_POINT('',(-2.171532611489,-5.087140752742));
#5731 = CARTESIAN_POINT('',(-2.113742667529,-5.094503089328));
#5732 = CARTESIAN_POINT('',(-2.055954489065,-5.101874564863));
#5733 = CARTESIAN_POINT('',(-1.998168509393,-5.109248493842));
#5734 = CARTESIAN_POINT('',(-1.813478358161,-5.132788955905));
#5735 = CARTESIAN_POINT('',(-1.686348251894,-5.148968866648));
#5736 = CARTESIAN_POINT('',(-1.559353925764,-5.165081156943));
#5737 = CARTESIAN_POINT('',(-1.432428018161,-5.181195007231));
#5738 = CARTESIAN_POINT('',(-1.305502411829,-5.197357558707));
#5739 = CARTESIAN_POINT('',(-1.178509083692,-5.213547014644));
#5740 = CARTESIAN_POINT('',(-1.05137968886,-5.229758914625));
#5741 = CARTESIAN_POINT('',(-0.808953951951,-5.260662170587));
#5742 = CARTESIAN_POINT('',(-0.693311059276,-5.275398882743));
#5743 = CARTESIAN_POINT('',(-0.577754076768,-5.290112462147));
#5744 = CARTESIAN_POINT('',(-0.462243536671,-5.30480586226));
#5745 = CARTESIAN_POINT('',(-0.346729687363,-5.319496432216));
#5746 = CARTESIAN_POINT('',(-0.231161607141,-5.334198826883));
#5747 = CARTESIAN_POINT('',(-0.115507476568,-5.348918415803));
#5748 = CARTESIAN_POINT('',(0.,-5.36362400114));
#5749 = ( GEOMETRIC_REPRESENTATION_CONTEXT(2) 
PARAMETRIC_REPRESENTATION_CONTEXT() REPRESENTATION_CONTEXT('2D SPACE',''
  ) );
#5750 = ORIENTED_EDGE('',*,*,#5751,.T.);
#5751 = EDGE_CURVE('',#5543,#5752,#5754,.T.);
#5752 = VERTEX_POINT('',#5753);
#5753 = CARTESIAN_POINT('',(6.163624312406,12.5,0.));
#5754 = SURFACE_CURVE('',#5755,(#5828,#5904),.PCURVE_S1.);
#5755 = B_SPLINE_CURVE_WITH_KNOTS('',8,(#5756,#5757,#5758,#5759,#5760,
    #5761,#5762,#5763,#5764,#5765,#5766,#5767,#5768,#5769,#5770,#5771,
    #5772,#5773,#5774,#5775,#5776,#5777,#5778,#5779,#5780,#5781,#5782,
    #5783,#5784,#5785,#5786,#5787,#5788,#5789,#5790,#5791,#5792,#5793,
    #5794,#5795,#5796,#5797,#5798,#5799,#5800,#5801,#5802,#5803,#5804,
    #5805,#5806,#5807,#5808,#5809,#5810,#5811,#5812,#5813,#5814,#5815,
    #5816,#5817,#5818,#5819,#5820,#5821,#5822,#5823,#5824,#5825,#5826,
    #5827),.UNSPECIFIED.,.F.,.F.,(9,7,7,7,7,7,7,7,7,7,9),(0.,
    9.411249711441E-02,0.163466763034,0.263621796103,0.354940403789,
    0.50078531478,0.59200710658,0.694452575675,0.797490577022,
    0.927907633284,1.),.UNSPECIFIED.);
#5756 = CARTESIAN_POINT('',(5.36362400114,12.5,3.552713678801E-15));
#5757 = CARTESIAN_POINT('',(5.373030408373,12.5,-0.923552461733));
#5758 = CARTESIAN_POINT('',(5.382438991158,12.422015632301,
    -1.847131247397));
#5759 = CARTESIAN_POINT('',(5.391848472772,12.26604182133,
    -2.762970789084));
#5760 = CARTESIAN_POINT('',(5.401258787068,12.033011176355,
    -3.663472367476));
#5761 = CARTESIAN_POINT('',(5.410669765137,11.724697141412,
    -4.541196735585));
#5762 = CARTESIAN_POINT('',(5.420080947795,11.343705236489,
    -5.388862680126));
#5763 = CARTESIAN_POINT('',(5.429490882157,10.893578053067,
    -6.199390233045));
#5764 = CARTESIAN_POINT('',(5.445823886498,9.999861203693,
    -7.530984598615));
#5765 = CARTESIAN_POINT('',(5.452753822086,9.585467752838,
    -8.072452617187));
#5766 = CARTESIAN_POINT('',(5.459684245696,9.137601953847,
    -8.587808441523));
#5767 = CARTESIAN_POINT('',(5.466615282994,8.658200479929,
    -9.074625185411));
#5768 = CARTESIAN_POINT('',(5.473547006906,8.149394038206,
    -9.530671936353));
#5769 = CARTESIAN_POINT('',(5.48047943762,7.613507369717,-9.953913755571
    ));
#5770 = CARTESIAN_POINT('',(5.487412542584,7.053059249414,-10.342511678)
  );
#5771 = CARTESIAN_POINT('',(5.504359237654,5.629863216221,
    -11.20359780815));
#5772 = CARTESIAN_POINT('',(5.514377241693,4.742873001565,
    -11.63696720917));
#5773 = CARTESIAN_POINT('',(5.524398704464,3.818135096618,
    -11.98993404626));
#5774 = CARTESIAN_POINT('',(5.534421975108,2.864246334156,
    -12.25865808921));
#5775 = CARTESIAN_POINT('',(5.544445296074,1.89005712531,-12.44045574664
    ));
#5776 = CARTESIAN_POINT('',(5.554466803114,0.904671459568,
    -12.53380006603));
#5777 = CARTESIAN_POINT('',(5.564484525283,-8.255309522871E-02,
    -12.53832073374));
#5778 = CARTESIAN_POINT('',(5.583624923533,-1.955043090299,
    -12.37865587984));
#5779 = CARTESIAN_POINT('',(5.592749800137,-2.841995929377,
    -12.22929424994));
#5780 = CARTESIAN_POINT('',(5.601871289089,-3.715638030975,
    -12.00735954027));
#5781 = CARTESIAN_POINT('',(5.610990149595,-4.569030600325,
    -11.71425144295));
#5782 = CARTESIAN_POINT('',(5.620107625731,-5.395521927039,
    -11.35212898716));
#5783 = CARTESIAN_POINT('',(5.629225446446,-6.188747385103,
    -10.92391053917));
#5784 = CARTESIAN_POINT('',(5.638345825556,-6.942629432882,
    -10.43327380233));
#5785 = CARTESIAN_POINT('',(5.662046011587,-8.783319041943,
    -9.008458257094));
#5786 = CARTESIAN_POINT('',(5.676653762909,-9.802124291275,
    -7.98292904647));
#5787 = CARTESIAN_POINT('',(5.691273532608,-10.68236760514,
    -6.826633929395));
#5788 = CARTESIAN_POINT('',(5.70589937934,-11.40539979973,
    -5.562115248509));
#5789 = CARTESIAN_POINT('',(5.720528554134,-11.95650464581,
    -4.213862080588));
#5790 = CARTESIAN_POINT('',(5.735091956105,-12.3255758132,
    -2.808521787679));
#5791 = CARTESIAN_POINT('',(5.749633616827,-12.50639054014,
    -1.374507127069));
#5792 = CARTESIAN_POINT('',(5.773337078627,-12.49579212214,
    0.952263728505));
#5793 = CARTESIAN_POINT('',(5.782476196309,-12.41839400318,
    1.847440230247));
#5794 = CARTESIAN_POINT('',(5.791617511756,-12.26774220688,
    2.735208148389));
#5795 = CARTESIAN_POINT('',(5.800750510984,-12.04467559127,
    3.608544717091));
#5796 = CARTESIAN_POINT('',(5.809870141367,-11.75080563607,
    4.460662545936));
#5797 = CARTESIAN_POINT('',(5.818976811638,-11.38851644266,
    5.285009619938));
#5798 = CARTESIAN_POINT('',(5.82807639189,-10.96096473413,6.075269299533
    ));
#5799 = CARTESIAN_POINT('',(5.847404144327,-9.923043931182,
    7.667740469016));
#5800 = CARTESIAN_POINT('',(5.857633559006,-9.296322449059,
    8.460015341628));
#5801 = CARTESIAN_POINT('',(5.867868622784,-8.597570088806,9.19327578082
    ));
#5802 = CARTESIAN_POINT('',(5.878110893021,-7.833446626428,
    9.859922002802));
#5803 = CARTESIAN_POINT('',(5.888360756288,-7.011374346205,10.4534071376
    ));
#5804 = CARTESIAN_POINT('',(5.898616376945,-6.139415603682,
    10.968126649396));
#5805 = CARTESIAN_POINT('',(5.908874157254,-5.226270539423,
    11.399453637192));
#5806 = CARTESIAN_POINT('',(5.929446583474,-3.331054300995,
    12.090378746454));
#5807 = CARTESIAN_POINT('',(5.939765220799,-2.348228752656,
    12.349108853319));
#5808 = CARTESIAN_POINT('',(5.950077136615,-1.342978675745,
    12.516284874071));
#5809 = CARTESIAN_POINT('',(5.960380112636,-0.325402553173,
    12.589808666008));
#5810 = CARTESIAN_POINT('',(5.970676526321,0.694457191101,
    12.568898319244));
#5811 = CARTESIAN_POINT('',(5.980970788075,1.706624550811,
    12.453937782663));
#5812 = CARTESIAN_POINT('',(5.991266720001,2.701192290577,
    12.246517742873));
#5813 = CARTESIAN_POINT('',(6.014599062179,4.892594325223,
    11.573781999044));
#5814 = CARTESIAN_POINT('',(6.027644398126,6.073719254813,
    11.054339873627));
#5815 = CARTESIAN_POINT('',(6.040690501779,7.190622183305,
    10.397403277526));
#5816 = CARTESIAN_POINT('',(6.053736488658,8.224905364249,9.612620965719
    ));
#5817 = CARTESIAN_POINT('',(6.066785282814,9.160195621189,8.712158658604
    ));
#5818 = CARTESIAN_POINT('',(6.079838736901,9.981953281688,7.710316747487
    ));
#5819 = CARTESIAN_POINT('',(6.092893395633,10.677812428264,
    6.623766137757));
#5820 = CARTESIAN_POINT('',(6.113147135047,11.548364899263,
    4.835947524655));
#5821 = CARTESIAN_POINT('',(6.120356977587,11.81709752076,4.179408479676
    ));
#5822 = CARTESIAN_POINT('',(6.127566624474,12.043133558618,
    3.505883401505));
#5823 = CARTESIAN_POINT('',(6.134776630987,12.225245810136,
    2.818587034663));
#5824 = CARTESIAN_POINT('',(6.141987628135,12.362482441487,
    2.120847018338));
#5825 = CARTESIAN_POINT('',(6.149199905009,12.454179480104,
    1.416105326161));
#5826 = CARTESIAN_POINT('',(6.156412858788,12.5,0.707924688891));
#5827 = CARTESIAN_POINT('',(6.163624312406,12.5,1.95399252334E-14));
#5828 = PCURVE('',#682,#5829);
#5829 = DEFINITIONAL_REPRESENTATION('',(#5830),#5903);
#5830 = B_SPLINE_CURVE_WITH_KNOTS('',8,(#5831,#5832,#5833,#5834,#5835,
    #5836,#5837,#5838,#5839,#5840,#5841,#5842,#5843,#5844,#5845,#5846,
    #5847,#5848,#5849,#5850,#5851,#5852,#5853,#5854,#5855,#5856,#5857,
    #5858,#5859,#5860,#5861,#5862,#5863,#5864,#5865,#5866,#5867,#5868,
    #5869,#5870,#5871,#5872,#5873,#5874,#5875,#5876,#5877,#5878,#5879,
    #5880,#5881,#5882,#5883,#5884,#5885,#5886,#5887,#5888,#5889,#5890,
    #5891,#5892,#5893,#5894,#5895,#5896,#5897,#5898,#5899,#5900,#5901,
    #5902),.UNSPECIFIED.,.F.,.F.,(9,7,7,7,7,7,7,7,7,7,9),(0.,
    9.411249711441E-02,0.163466763034,0.263621796103,0.354940403789,
    0.50078531478,0.59200710658,0.694452575675,0.797490577022,
    0.927907633284,1.),.UNSPECIFIED.);
#5831 = CARTESIAN_POINT('',(0.414993779826,39.586937161642));
#5832 = CARTESIAN_POINT('',(0.41499286931,39.661417650972));
#5833 = CARTESIAN_POINT('',(0.414994116227,39.735900398004));
#5834 = CARTESIAN_POINT('',(0.414997040995,39.81037862143));
#5835 = CARTESIAN_POINT('',(0.415000537963,39.884859467843));
#5836 = CARTESIAN_POINT('',(0.415003304772,39.959350634855));
#5837 = CARTESIAN_POINT('',(0.415004490025,40.033854393419));
#5838 = CARTESIAN_POINT('',(0.415004083786,40.108359309472));
#5839 = CARTESIAN_POINT('',(0.41500146386,40.23769221126));
#5840 = CARTESIAN_POINT('',(0.414999656721,40.292571734302));
#5841 = CARTESIAN_POINT('',(0.414997542121,40.347457254211));
#5842 = CARTESIAN_POINT('',(0.414995490513,40.402347196));
#5843 = CARTESIAN_POINT('',(0.414993854677,40.457239689691));
#5844 = CARTESIAN_POINT('',(0.41499296973,40.512132570318));
#5845 = CARTESIAN_POINT('',(0.414993153117,40.567023377926));
#5846 = CARTESIAN_POINT('',(0.414996945148,40.70117062627));
#5847 = CARTESIAN_POINT('',(0.415002401919,40.780449192831));
#5848 = CARTESIAN_POINT('',(0.415010395886,40.859737542235));
#5849 = CARTESIAN_POINT('',(0.4150199164,40.93902961516));
#5850 = CARTESIAN_POINT('',(0.415029621209,41.018320807984));
#5851 = CARTESIAN_POINT('',(0.415037836455,41.097607972781));
#5852 = CARTESIAN_POINT('',(0.415042556676,41.176889417324));
#5853 = CARTESIAN_POINT('',(0.415040431029,41.32844611696));
#5854 = CARTESIAN_POINT('',(0.415034745509,41.400730744775));
#5855 = CARTESIAN_POINT('',(0.415024713801,41.473018702006));
#5856 = CARTESIAN_POINT('',(0.41501130822,41.545309254287));
#5857 = CARTESIAN_POINT('',(0.414996147843,41.617601019404));
#5858 = CARTESIAN_POINT('',(0.414981498509,41.6898919673));
#5859 = CARTESIAN_POINT('',(0.414970272815,41.76217942007));
#5860 = CARTESIAN_POINT('',(0.414959254113,41.949899419603));
#5861 = CARTESIAN_POINT('',(0.414967849138,42.065495023294));
#5862 = CARTESIAN_POINT('',(0.415000460947,42.181019165773));
#5863 = CARTESIAN_POINT('',(0.415047528904,42.296491147914));
#5864 = CARTESIAN_POINT('',(0.415098714195,42.411960900679));
#5865 = CARTESIAN_POINT('',(0.415069579436,42.527467132673));
#5866 = CARTESIAN_POINT('',(0.415005440872,42.643044047534));
#5867 = CARTESIAN_POINT('',(0.415008799248,42.830690224238));
#5868 = CARTESIAN_POINT('',(0.415030129697,42.902900183229));
#5869 = CARTESIAN_POINT('',(0.415053505893,42.975113354193));
#5870 = CARTESIAN_POINT('',(0.415067160024,43.047328129182));
#5871 = CARTESIAN_POINT('',(0.415065548874,43.119542958381));
#5872 = CARTESIAN_POINT('',(0.415049353833,43.191756350108));
#5873 = CARTESIAN_POINT('',(0.41502548089,43.263966870812));
#5874 = CARTESIAN_POINT('',(0.414986374007,43.417263479885));
#5875 = CARTESIAN_POINT('',(0.414966909491,43.498388754079));
#5876 = CARTESIAN_POINT('',(0.414955909796,43.579500030266));
#5877 = CARTESIAN_POINT('',(0.41495637571,43.660588821406));
#5878 = CARTESIAN_POINT('',(0.414966965078,43.741667499442));
#5879 = CARTESIAN_POINT('',(0.414983143585,43.822752987203));
#5880 = CARTESIAN_POINT('',(0.414999587368,43.903853733581));
#5881 = CARTESIAN_POINT('',(0.415028169927,44.066535319095));
#5882 = CARTESIAN_POINT('',(0.415040162994,44.148148770634));
#5883 = CARTESIAN_POINT('',(0.415046753167,44.229746487386));
#5884 = CARTESIAN_POINT('',(0.41504633964,44.31132201166));
#5885 = CARTESIAN_POINT('',(0.415040116776,44.392885880961));
#5886 = CARTESIAN_POINT('',(0.415030855439,44.474453791628));
#5887 = CARTESIAN_POINT('',(0.41502106081,44.556038625358));
#5888 = CARTESIAN_POINT('',(0.415001515685,44.740905416015));
#5889 = CARTESIAN_POINT('',(0.414992300354,44.844254328487));
#5890 = CARTESIAN_POINT('',(0.414988957262,44.947568581218));
#5891 = CARTESIAN_POINT('',(0.414991643279,45.050840083092));
#5892 = CARTESIAN_POINT('',(0.414997578187,45.154111272266));
#5893 = CARTESIAN_POINT('',(0.415002758446,45.257424590933));
#5894 = CARTESIAN_POINT('',(0.41500430979,45.360772622172));
#5895 = CARTESIAN_POINT('',(0.415003019193,45.521138281246));
#5896 = CARTESIAN_POINT('',(0.415001784607,45.578229964093));
#5897 = CARTESIAN_POINT('',(0.414999852533,45.635324936631));
#5898 = CARTESIAN_POINT('',(0.414997532282,45.692425449434));
#5899 = CARTESIAN_POINT('',(0.414995294027,45.749533236717));
#5900 = CARTESIAN_POINT('',(0.41499366564,45.80664692531));
#5901 = CARTESIAN_POINT('',(0.414993097166,45.863758620341));
#5902 = CARTESIAN_POINT('',(0.414993792931,45.920849667633));
#5903 = ( GEOMETRIC_REPRESENTATION_CONTEXT(2) 
PARAMETRIC_REPRESENTATION_CONTEXT() REPRESENTATION_CONTEXT('2D SPACE',''
  ) );
#5904 = PCURVE('',#2574,#5905);
#5905 = DEFINITIONAL_REPRESENTATION('',(#5906),#5979);
#5906 = B_SPLINE_CURVE_WITH_KNOTS('',8,(#5907,#5908,#5909,#5910,#5911,
    #5912,#5913,#5914,#5915,#5916,#5917,#5918,#5919,#5920,#5921,#5922,
    #5923,#5924,#5925,#5926,#5927,#5928,#5929,#5930,#5931,#5932,#5933,
    #5934,#5935,#5936,#5937,#5938,#5939,#5940,#5941,#5942,#5943,#5944,
    #5945,#5946,#5947,#5948,#5949,#5950,#5951,#5952,#5953,#5954,#5955,
    #5956,#5957,#5958,#5959,#5960,#5961,#5962,#5963,#5964,#5965,#5966,
    #5967,#5968,#5969,#5970,#5971,#5972,#5973,#5974,#5975,#5976,#5977,
    #5978),.UNSPECIFIED.,.F.,.F.,(9,7,7,7,7,7,7,7,7,7,9),(0.,
    9.411249711441E-02,0.163466763034,0.263621796103,0.354940403789,
    0.50078531478,0.59200710658,0.694452575675,0.797490577022,
    0.927907633284,1.),.UNSPECIFIED.);
#5907 = CARTESIAN_POINT('',(-6.28318530718,-5.36362400114));
#5908 = CARTESIAN_POINT('',(-6.209301110241,-5.373030408373));
#5909 = CARTESIAN_POINT('',(-6.135414788341,-5.382438991158));
#5910 = CARTESIAN_POINT('',(-6.061533104475,-5.391848472772));
#5911 = CARTESIAN_POINT('',(-5.987648981144,-5.401258787068));
#5912 = CARTESIAN_POINT('',(-5.913754750838,-5.410669765137));
#5913 = CARTESIAN_POINT('',(-5.839848096445,-5.420080947795));
#5914 = CARTESIAN_POINT('',(-5.765940288255,-5.429490882157));
#5915 = CARTESIAN_POINT('',(-5.637643797609,-5.445823886498));
#5916 = CARTESIAN_POINT('',(-5.583204020192,-5.452753822086));
#5917 = CARTESIAN_POINT('',(-5.528758235858,-5.459684245696));
#5918 = CARTESIAN_POINT('',(-5.474307990148,-5.466615282994));
#5919 = CARTESIAN_POINT('',(-5.419855130259,-5.473547006906));
#5920 = CARTESIAN_POINT('',(-5.365401805041,-5.48047943762));
#5921 = CARTESIAN_POINT('',(-5.310950465,-5.487412542584));
#5922 = CARTESIAN_POINT('',(-5.177877101235,-5.504359237654));
#5923 = CARTESIAN_POINT('',(-5.099233048536,-5.514377241693));
#5924 = CARTESIAN_POINT('',(-5.020579263899,-5.524398704464));
#5925 = CARTESIAN_POINT('',(-4.941921836358,-5.534421975108));
#5926 = CARTESIAN_POINT('',(-4.863265384271,-5.544445296074));
#5927 = CARTESIAN_POINT('',(-4.784613055324,-5.554466803114));
#5928 = CARTESIAN_POINT('',(-4.705966526528,-5.564484525283));
#5929 = CARTESIAN_POINT('',(-4.555623736405,-5.583624923533));
#5930 = CARTESIAN_POINT('',(-4.483918169834,-5.592749800137));
#5931 = CARTESIAN_POINT('',(-4.4122093113,-5.601871289089));
#5932 = CARTESIAN_POINT('',(-4.340497834999,-5.610990149595));
#5933 = CARTESIAN_POINT('',(-4.268785082537,-5.620107625731));
#5934 = CARTESIAN_POINT('',(-4.197073062927,-5.629225446446));
#5935 = CARTESIAN_POINT('',(-4.125364452588,-5.638345825556));
#5936 = CARTESIAN_POINT('',(-3.939147588478,-5.662046011587));
#5937 = CARTESIAN_POINT('',(-3.824477471839,-5.676653762909));
#5938 = CARTESIAN_POINT('',(-3.709879238493,-5.691273532608));
#5939 = CARTESIAN_POINT('',(-3.595331297436,-5.70589937934));
#5940 = CARTESIAN_POINT('',(-3.480789843665,-5.720528554134));
#5941 = CARTESIAN_POINT('',(-3.366208217566,-5.735091956105));
#5942 = CARTESIAN_POINT('',(-3.251554395979,-5.749633616827));
#5943 = CARTESIAN_POINT('',(-3.065410796515,-5.773337078627));
#5944 = CARTESIAN_POINT('',(-2.993778393805,-5.782476196309));
#5945 = CARTESIAN_POINT('',(-2.922142782034,-5.791617511756));
#5946 = CARTESIAN_POINT('',(-2.850505957093,-5.800750510984));
#5947 = CARTESIAN_POINT('',(-2.77886961568,-5.809870141367));
#5948 = CARTESIAN_POINT('',(-2.7072351553,-5.818976811638));
#5949 = CARTESIAN_POINT('',(-2.635603674268,-5.82807639189));
#5950 = CARTESIAN_POINT('',(-2.483535394471,-5.847404144327));
#5951 = CARTESIAN_POINT('',(-2.403059998609,-5.857633559006));
#5952 = CARTESIAN_POINT('',(-2.322598242602,-5.867868622784));
#5953 = CARTESIAN_POINT('',(-2.242158665145,-5.878110893021));
#5954 = CARTESIAN_POINT('',(-2.161729146168,-5.888360756288));
#5955 = CARTESIAN_POINT('',(-2.081292984999,-5.898616376945));
#5956 = CARTESIAN_POINT('',(-2.000841795687,-5.908874157254));
#5957 = CARTESIAN_POINT('',(-1.839463292097,-5.929446583474));
#5958 = CARTESIAN_POINT('',(-1.758503627835,-5.939765220799));
#5959 = CARTESIAN_POINT('',(-1.677559591169,-5.950077136615));
#5960 = CARTESIAN_POINT('',(-1.596637496,-5.960380112636));
#5961 = CARTESIAN_POINT('',(-1.515726811971,-5.970676526321));
#5962 = CARTESIAN_POINT('',(-1.434811951392,-5.980970788075));
#5963 = CARTESIAN_POINT('',(-1.353880186046,-5.991266720001));
#5964 = CARTESIAN_POINT('',(-1.170493098021,-6.014599062179));
#5965 = CARTESIAN_POINT('',(-1.067971327373,-6.027644398126));
#5966 = CARTESIAN_POINT('',(-0.965483988883,-6.040690501779));
#5967 = CARTESIAN_POINT('',(-0.863039329307,-6.053736488658));
#5968 = CARTESIAN_POINT('',(-0.760595363911,-6.066785282814));
#5969 = CARTESIAN_POINT('',(-0.658109922473,-6.079838736901));
#5970 = CARTESIAN_POINT('',(-0.555590161868,-6.092893395633));
#5971 = CARTESIAN_POINT('',(-0.396509664044,-6.113147135047));
#5972 = CARTESIAN_POINT('',(-0.339875496606,-6.120356977587));
#5973 = CARTESIAN_POINT('',(-0.28323802414,-6.127566624474));
#5974 = CARTESIAN_POINT('',(-0.226594987709,-6.134776630987));
#5975 = CARTESIAN_POINT('',(-0.169944649182,-6.141987628135));
#5976 = CARTESIAN_POINT('',(-0.113288365338,-6.149199905009));
#5977 = CARTESIAN_POINT('',(-5.663397511125E-02,-6.156412858788));
#5978 = CARTESIAN_POINT('',(0.,-6.163624312406));
#5979 = ( GEOMETRIC_REPRESENTATION_CONTEXT(2) 
PARAMETRIC_REPRESENTATION_CONTEXT() REPRESENTATION_CONTEXT('2D SPACE',''
  ) );
#5980 = ORIENTED_EDGE('',*,*,#5981,.T.);
#5981 = EDGE_CURVE('',#5752,#5982,#5984,.T.);
#5982 = VERTEX_POINT('',#5983);
#5983 = CARTESIAN_POINT('',(6.963634816367,12.5,0.));
#5984 = SURFACE_CURVE('',#5985,(#6058,#6134),.PCURVE_S1.);
#5985 = B_SPLINE_CURVE_WITH_KNOTS('',8,(#5986,#5987,#5988,#5989,#5990,
    #5991,#5992,#5993,#5994,#5995,#5996,#5997,#5998,#5999,#6000,#6001,
    #6002,#6003,#6004,#6005,#6006,#6007,#6008,#6009,#6010,#6011,#6012,
    #6013,#6014,#6015,#6016,#6017,#6018,#6019,#6020,#6021,#6022,#6023,
    #6024,#6025,#6026,#6027,#6028,#6029,#6030,#6031,#6032,#6033,#6034,
    #6035,#6036,#6037,#6038,#6039,#6040,#6041,#6042,#6043,#6044,#6045,
    #6046,#6047,#6048,#6049,#6050,#6051,#6052,#6053,#6054,#6055,#6056,
    #6057),.UNSPECIFIED.,.F.,.F.,(9,7,7,7,7,7,7,7,7,7,9),(0.,
    0.154374523171,0.24300325397,0.333700829328,0.401176318459,
    0.478612952659,0.590695380287,0.629762150504,0.734994728994,
    0.859074109725,1.),.UNSPECIFIED.);
#5986 = CARTESIAN_POINT('',(6.163624312406,12.5,1.95399252334E-14));
#5987 = CARTESIAN_POINT('',(6.179056129044,12.5,-1.514890696232));
#5988 = CARTESIAN_POINT('',(6.194518754162,12.290180088631,
    -3.032315116832));
#5989 = CARTESIAN_POINT('',(6.209975573184,11.869323080223,
    -4.514545698635));
#5990 = CARTESIAN_POINT('',(6.225429806384,11.2456762097,-5.927858505985
    ));
#5991 = CARTESIAN_POINT('',(6.240878053169,10.432120105145,
    -7.240923704757));
#5992 = CARTESIAN_POINT('',(6.256314563974,9.447322939898,
    -8.425556599775));
#5993 = CARTESIAN_POINT('',(6.271751636604,8.314261615456,
    -9.456132714776));
#5994 = CARTESIAN_POINT('',(6.296012830701,6.346768930765,
    -10.80393927459));
#5995 = CARTESIAN_POINT('',(6.3048604363,5.589924561984,-11.238528209));
#5996 = CARTESIAN_POINT('',(6.313710322475,4.799330739352,
    -11.61238979301));
#5997 = CARTESIAN_POINT('',(6.322564715203,3.980717230588,-11.9224702699
    ));
#5998 = CARTESIAN_POINT('',(6.33142479045,3.140037316649,-12.16640316336
    ));
#5999 = CARTESIAN_POINT('',(6.340290674166,2.283467791727,
    -12.34250927745));
#6000 = CARTESIAN_POINT('',(6.349161442287,1.417408963252,
    -12.44979669663));
#6001 = CARTESIAN_POINT('',(6.367115935861,-0.340722803748,
    -12.52701573236));
#6002 = CARTESIAN_POINT('',(6.376204370004,-1.233310989607,
    -12.49368572705));
#6003 = CARTESIAN_POINT('',(6.385289933365,-2.122137308775,
    -12.38769284068));
#6004 = CARTESIAN_POINT('',(6.394366152429,-3.000258196785,
    -12.20952334825));
#6005 = CARTESIAN_POINT('',(6.403430569962,-3.860929121623,
    -11.96042772892));
#6006 = CARTESIAN_POINT('',(6.412484745011,-4.69760458372,-11.642420666)
  );
#6007 = CARTESIAN_POINT('',(6.421534252904,-5.503938115957,
    -11.25828104696));
#6008 = CARTESIAN_POINT('',(6.437324832816,-6.846516577451,
    -10.47920279855));
#6009 = CARTESIAN_POINT('',(6.444073014291,-7.399149111055,
    -10.11216810404));
#6010 = CARTESIAN_POINT('',(6.450827989581,-7.929196768358,
    -9.711888769942));
#6011 = CARTESIAN_POINT('',(6.457585372993,-8.434333369995,
    -9.279990199965));
#6012 = CARTESIAN_POINT('',(6.464341633239,-8.912389673348,
    -8.818282311421));
#6013 = CARTESIAN_POINT('',(6.471094093435,-9.361353372554,
    -8.328759535224));
#6014 = CARTESIAN_POINT('',(6.4778409311,-9.779369098499,-7.813600815896
    ));
#6015 = CARTESIAN_POINT('',(6.492316461781,-10.60699831902,
    -6.657251894348));
#6016 = CARTESIAN_POINT('',(6.500046921692,-11.00639728782,-6.0085125742
    ));
#6017 = CARTESIAN_POINT('',(6.507773359879,-11.36037290189,
    -5.332481850592));
#6018 = CARTESIAN_POINT('',(6.51549913313,-11.66677441901,
    -4.632885958306));
#6019 = CARTESIAN_POINT('',(6.523227761694,-11.92382031435,
    -3.913622509888));
#6020 = CARTESIAN_POINT('',(6.530961351855,-12.13009234968,
    -3.178753276271));
#6021 = CARTESIAN_POINT('',(6.538699832416,-12.28456617573,
    -2.432514405573));
#6022 = CARTESIAN_POINT('',(6.557645642777,-12.53447664722,
    -0.589199094113));
#6023 = CARTESIAN_POINT('',(6.568863340596,-12.5726777055,0.516211398542
    ));
#6024 = CARTESIAN_POINT('',(6.580087589424,-12.49932557514,
    1.623418620989));
#6025 = CARTESIAN_POINT('',(6.591312359663,-12.3146641372,2.719325484066
    ));
#6026 = CARTESIAN_POINT('',(6.602534275016,-12.02066748175,
    3.791142691688));
#6027 = CARTESIAN_POINT('',(6.61375245941,-11.62089209322,4.826400274821
    ));
#6028 = CARTESIAN_POINT('',(6.624966057112,-11.1206509606,5.813034554131
    ));
#6029 = CARTESIAN_POINT('',(6.640074404225,-10.32076786645,
    7.062491312891));
#6030 = CARTESIAN_POINT('',(6.643978826672,-10.10270253895,
    7.378186837268));
#6031 = CARTESIAN_POINT('',(6.647882774227,-9.873609278348,
    7.686175197243));
#6032 = CARTESIAN_POINT('',(6.651786380678,-9.633804055862,
    7.986011038671));
#6033 = CARTESIAN_POINT('',(6.655689810963,-9.38362298949,8.277265628802
    ));
#6034 = CARTESIAN_POINT('',(6.659593239423,-9.123422168056,
    8.559526924643));
#6035 = CARTESIAN_POINT('',(6.663496828043,-8.853577475307,8.83239964132
    ));
#6036 = CARTESIAN_POINT('',(6.677916419336,-7.82270272544,9.804222444354
    ));
#6037 = CARTESIAN_POINT('',(6.688433560704,-7.003664625215,
    10.442129955217));
#6038 = CARTESIAN_POINT('',(6.698953400622,-6.125626534762,
    11.001546727313));
#6039 = CARTESIAN_POINT('',(6.709476462324,-5.19743452192,
    11.476101408732));
#6040 = CARTESIAN_POINT('',(6.72000252046,-4.228524300927,
    11.860732421372));
#6041 = CARTESIAN_POINT('',(6.7305306011,-3.228921232423,12.151687960939
    ));
#6042 = CARTESIAN_POINT('',(6.741058981731,-2.209240323446,
    12.346525996946));
#6043 = CARTESIAN_POINT('',(6.763996609648,3.20784611479E-02,
    12.559180281715));
#6044 = CARTESIAN_POINT('',(6.776412145899,1.258129184183,
    12.539213763634));
#6045 = CARTESIAN_POINT('',(6.788820400424,2.478974446443,12.38227760896
    ));
#6046 = CARTESIAN_POINT('',(6.801222857926,3.676967778558,
    12.089865145471));
#6047 = CARTESIAN_POINT('',(6.813624627914,4.835022665781,
    11.665759872064));
#6048 = CARTESIAN_POINT('',(6.826032244978,5.936732275094,
    11.116249626821));
#6049 = CARTESIAN_POINT('',(6.838447712584,6.966350304806,
    10.450027293979));
#6050 = CARTESIAN_POINT('',(6.864949949158,8.980452942582,8.804239917466
    ));
#6051 = CARTESIAN_POINT('',(6.879065756227,9.942186877474,7.792485988621
    ));
#6052 = CARTESIAN_POINT('',(6.893178185299,10.772167467085,
    6.661517602011));
#6053 = CARTESIAN_POINT('',(6.907286174553,11.453953186448,
    5.431937015758));
#6054 = CARTESIAN_POINT('',(6.921385809575,11.974559122461,
    4.126028941182));
#6055 = CARTESIAN_POINT('',(6.935475499194,12.325062693484,
    2.767925465164));
#6056 = CARTESIAN_POINT('',(6.949563289143,12.5,1.38324675993));
#6057 = CARTESIAN_POINT('',(6.963634816367,12.5,-5.329070518201E-15));
#6058 = PCURVE('',#682,#6059);
#6059 = DEFINITIONAL_REPRESENTATION('',(#6060),#6133);
#6060 = B_SPLINE_CURVE_WITH_KNOTS('',8,(#6061,#6062,#6063,#6064,#6065,
    #6066,#6067,#6068,#6069,#6070,#6071,#6072,#6073,#6074,#6075,#6076,
    #6077,#6078,#6079,#6080,#6081,#6082,#6083,#6084,#6085,#6086,#6087,
    #6088,#6089,#6090,#6091,#6092,#6093,#6094,#6095,#6096,#6097,#6098,
    #6099,#6100,#6101,#6102,#6103,#6104,#6105,#6106,#6107,#6108,#6109,
    #6110,#6111,#6112,#6113,#6114,#6115,#6116,#6117,#6118,#6119,#6120,
    #6121,#6122,#6123,#6124,#6125,#6126,#6127,#6128,#6129,#6130,#6131,
    #6132),.UNSPECIFIED.,.F.,.F.,(9,7,7,7,7,7,7,7,7,7,9),(0.,
    0.154374523171,0.24300325397,0.333700829328,0.401176318459,
    0.478612952659,0.590695380287,0.629762150504,0.734994728994,
    0.859074109725,1.),.UNSPECIFIED.);
#6061 = CARTESIAN_POINT('',(0.414993792931,45.920849667633));
#6062 = CARTESIAN_POINT('',(0.414995281803,46.043019013804));
#6063 = CARTESIAN_POINT('',(0.41500259495,46.165391878052));
#6064 = CARTESIAN_POINT('',(0.415017784671,46.287664131054));
#6065 = CARTESIAN_POINT('',(0.415039147071,46.409873089255));
#6066 = CARTESIAN_POINT('',(0.415054713852,46.532074856627));
#6067 = CARTESIAN_POINT('',(0.415049836525,46.654325532773));
#6068 = CARTESIAN_POINT('',(0.415030549818,46.776680619146));
#6069 = CARTESIAN_POINT('',(0.41499524509,46.969010817484));
#6070 = CARTESIAN_POINT('',(0.414980325914,47.039164239619));
#6071 = CARTESIAN_POINT('',(0.414967531612,47.109320976914));
#6072 = CARTESIAN_POINT('',(0.414959772904,47.179478460757));
#6073 = CARTESIAN_POINT('',(0.41495870361,47.249634528737));
#6074 = CARTESIAN_POINT('',(0.414964720645,47.319787424642));
#6075 = CARTESIAN_POINT('',(0.414976964021,47.389935798458));
#6076 = CARTESIAN_POINT('',(0.415010051395,47.531858947594));
#6077 = CARTESIAN_POINT('',(0.415034386378,47.603646785034));
#6078 = CARTESIAN_POINT('',(0.415054949729,47.675438059309));
#6079 = CARTESIAN_POINT('',(0.415064813306,47.747229579947));
#6080 = CARTESIAN_POINT('',(0.415061492896,47.819019125394));
#6081 = CARTESIAN_POINT('',(0.415046948213,47.890805443003));
#6082 = CARTESIAN_POINT('',(0.4150275829,47.962588249042));
#6083 = CARTESIAN_POINT('',(0.415004321291,48.087769758089));
#6084 = CARTESIAN_POINT('',(0.415008163466,48.141171067059));
#6085 = CARTESIAN_POINT('',(0.415019651866,48.194573121242));
#6086 = CARTESIAN_POINT('',(0.415033732478,48.247976260463));
#6087 = CARTESIAN_POINT('',(0.415046416461,48.301380198728));
#6088 = CARTESIAN_POINT('',(0.415054780145,48.354784024228));
#6089 = CARTESIAN_POINT('',(0.415056965032,48.408186199337));
#6090 = CARTESIAN_POINT('',(0.415046683839,48.522865915109));
#6091 = CARTESIAN_POINT('',(0.415034305906,48.584156834919));
#6092 = CARTESIAN_POINT('',(0.415016889746,48.64545086472));
#6093 = CARTESIAN_POINT('',(0.414998345331,48.706747456572));
#6094 = CARTESIAN_POINT('',(0.414982369232,48.768048837281));
#6095 = CARTESIAN_POINT('',(0.414971193175,48.829356200941));
#6096 = CARTESIAN_POINT('',(0.414965358767,48.890665226648));
#6097 = CARTESIAN_POINT('',(0.414963302065,49.040680819147));
#6098 = CARTESIAN_POINT('',(0.414972456202,49.12943217519));
#6099 = CARTESIAN_POINT('',(0.414991133395,49.218169333293));
#6100 = CARTESIAN_POINT('',(0.415012688129,49.306890657275));
#6101 = CARTESIAN_POINT('',(0.415030400652,49.395616033067));
#6102 = CARTESIAN_POINT('',(0.415040648478,49.484363654944));
#6103 = CARTESIAN_POINT('',(0.415043525548,49.573126095942));
#6104 = CARTESIAN_POINT('',(0.415039997074,49.692769215698));
#6105 = CARTESIAN_POINT('',(0.415038414733,49.723693019194));
#6106 = CARTESIAN_POINT('',(0.415036238152,49.754617185269));
#6107 = CARTESIAN_POINT('',(0.415033568929,49.785542068329));
#6108 = CARTESIAN_POINT('',(0.415030524994,49.816468156138));
#6109 = CARTESIAN_POINT('',(0.415027231456,49.847395961091));
#6110 = CARTESIAN_POINT('',(0.415023811445,49.878325911487));
#6111 = CARTESIAN_POINT('',(0.415011125636,49.992579412327));
#6112 = CARTESIAN_POINT('',(0.415002001273,50.075910997098));
#6113 = CARTESIAN_POINT('',(0.41499500584,50.15924917814));
#6114 = CARTESIAN_POINT('',(0.414991255774,50.242590352918));
#6115 = CARTESIAN_POINT('',(0.414990981977,50.325931135355));
#6116 = CARTESIAN_POINT('',(0.414993529826,50.409268355824));
#6117 = CARTESIAN_POINT('',(0.414997359161,50.49259906115));
#6118 = CARTESIAN_POINT('',(0.415003210329,50.674164561234));
#6119 = CARTESIAN_POINT('',(0.415005571345,50.772446795099));
#6120 = CARTESIAN_POINT('',(0.415005208909,50.870690270156));
#6121 = CARTESIAN_POINT('',(0.415001151185,50.968913483473));
#6122 = CARTESIAN_POINT('',(0.414995200719,51.067144384265));
#6123 = CARTESIAN_POINT('',(0.414991450892,51.165406312318));
#6124 = CARTESIAN_POINT('',(0.414991992792,51.263700623272));
#6125 = CARTESIAN_POINT('',(0.415001948595,51.473460038328));
#6126 = CARTESIAN_POINT('',(0.415012576371,51.585146627369));
#6127 = CARTESIAN_POINT('',(0.415028227697,51.696771621589));
#6128 = CARTESIAN_POINT('',(0.415045073331,51.808353178715));
#6129 = CARTESIAN_POINT('',(0.415053367785,51.919927914282));
#6130 = CARTESIAN_POINT('',(0.415045414986,52.031536620399));
#6131 = CARTESIAN_POINT('',(0.415026655813,52.143205252992));
#6132 = CARTESIAN_POINT('',(0.415005970058,52.254758492305));
#6133 = ( GEOMETRIC_REPRESENTATION_CONTEXT(2) 
PARAMETRIC_REPRESENTATION_CONTEXT() REPRESENTATION_CONTEXT('2D SPACE',''
  ) );
#6134 = PCURVE('',#2353,#6135);
#6135 = DEFINITIONAL_REPRESENTATION('',(#6136),#6209);
#6136 = B_SPLINE_CURVE_WITH_KNOTS('',8,(#6137,#6138,#6139,#6140,#6141,
    #6142,#6143,#6144,#6145,#6146,#6147,#6148,#6149,#6150,#6151,#6152,
    #6153,#6154,#6155,#6156,#6157,#6158,#6159,#6160,#6161,#6162,#6163,
    #6164,#6165,#6166,#6167,#6168,#6169,#6170,#6171,#6172,#6173,#6174,
    #6175,#6176,#6177,#6178,#6179,#6180,#6181,#6182,#6183,#6184,#6185,
    #6186,#6187,#6188,#6189,#6190,#6191,#6192,#6193,#6194,#6195,#6196,
    #6197,#6198,#6199,#6200,#6201,#6202,#6203,#6204,#6205,#6206,#6207,
    #6208),.UNSPECIFIED.,.F.,.F.,(9,7,7,7,7,7,7,7,7,7,9),(0.,
    0.154374523171,0.24300325397,0.333700829328,0.401176318459,
    0.478612952659,0.590695380287,0.629762150504,0.734994728994,
    0.859074109725,1.),.UNSPECIFIED.);
#6137 = CARTESIAN_POINT('',(-6.28318530718,-6.163624312406));
#6138 = CARTESIAN_POINT('',(-6.161994051481,-6.179056129044));
#6139 = CARTESIAN_POINT('',(-6.040600597837,-6.194518754162));
#6140 = CARTESIAN_POINT('',(-5.919306805887,-6.209975573184));
#6141 = CARTESIAN_POINT('',(-5.798075984998,-6.225429806384));
#6142 = CARTESIAN_POINT('',(-5.676852916578,-6.240878053169));
#6143 = CARTESIAN_POINT('',(-5.555581656784,-6.256314563974));
#6144 = CARTESIAN_POINT('',(-5.434206767871,-6.271751636604));
#6145 = CARTESIAN_POINT('',(-5.243417082833,-6.296012830701));
#6146 = CARTESIAN_POINT('',(-5.173825494637,-6.3048604363));
#6147 = CARTESIAN_POINT('',(-5.104230552607,-6.313710322475));
#6148 = CARTESIAN_POINT('',(-5.034634827842,-6.322564715203));
#6149 = CARTESIAN_POINT('',(-4.965040500631,-6.33142479045));
#6150 = CARTESIAN_POINT('',(-4.895449360451,-6.340290674166));
#6151 = CARTESIAN_POINT('',(-4.825862805974,-6.349161442287));
#6152 = CARTESIAN_POINT('',(-4.685076668256,-6.367115935861));
#6153 = CARTESIAN_POINT('',(-4.613864293099,-6.376204370004));
#6154 = CARTESIAN_POINT('',(-4.542648526389,-6.385289933365));
#6155 = CARTESIAN_POINT('',(-4.471432315456,-6.394366152429));
#6156 = CARTESIAN_POINT('',(-4.400217748165,-6.403430569962));
#6157 = CARTESIAN_POINT('',(-4.329006052907,-6.412484745011));
#6158 = CARTESIAN_POINT('',(-4.257797598605,-6.421534252904));
#6159 = CARTESIAN_POINT('',(-4.133617604277,-6.437324832816));
#6160 = CARTESIAN_POINT('',(-4.080643633704,-6.444073014291));
#6161 = CARTESIAN_POINT('',(-4.027668960224,-6.450827989581));
#6162 = CARTESIAN_POINT('',(-3.97469321926,-6.457585372993));
#6163 = CARTESIAN_POINT('',(-3.92171670442,-6.464341633239));
#6164 = CARTESIAN_POINT('',(-3.868740367504,-6.471094093435));
#6165 = CARTESIAN_POINT('',(-3.815765818502,-6.4778409311));
#6166 = CARTESIAN_POINT('',(-3.702005004017,-6.492316461781));
#6167 = CARTESIAN_POINT('',(-3.641205331461,-6.500046921692));
#6168 = CARTESIAN_POINT('',(-3.580402581391,-6.507773359879));
#6169 = CARTESIAN_POINT('',(-3.519597191621,-6.51549913313));
#6170 = CARTESIAN_POINT('',(-3.458786908231,-6.523227761694));
#6171 = CARTESIAN_POINT('',(-3.397970566646,-6.530961351855));
#6172 = CARTESIAN_POINT('',(-3.33715250985,-6.538699832416));
#6173 = CARTESIAN_POINT('',(-3.188338175461,-6.557645642777));
#6174 = CARTESIAN_POINT('',(-3.100297430525,-6.568863340596));
#6175 = CARTESIAN_POINT('',(-3.012270845722,-6.580087589424));
#6176 = CARTESIAN_POINT('',(-2.924260133281,-6.591312359663));
#6177 = CARTESIAN_POINT('',(-2.836245546674,-6.602534275016));
#6178 = CARTESIAN_POINT('',(-2.748208920337,-6.61375245941));
#6179 = CARTESIAN_POINT('',(-2.66015748332,-6.624966057112));
#6180 = CARTESIAN_POINT('',(-2.541472551671,-6.640074404225));
#6181 = CARTESIAN_POINT('',(-2.510796391787,-6.643978826672));
#6182 = CARTESIAN_POINT('',(-2.480119853897,-6.647882774227));
#6183 = CARTESIAN_POINT('',(-2.449442585564,-6.651786380678));
#6184 = CARTESIAN_POINT('',(-2.418764103057,-6.655689810963));
#6185 = CARTESIAN_POINT('',(-2.388083899177,-6.659593239423));
#6186 = CARTESIAN_POINT('',(-2.357401551075,-6.663496828043));
#6187 = CARTESIAN_POINT('',(-2.244062631076,-6.677916419336));
#6188 = CARTESIAN_POINT('',(-2.161397976547,-6.688433560704));
#6189 = CARTESIAN_POINT('',(-2.078726773353,-6.698953400622));
#6190 = CARTESIAN_POINT('',(-1.996052686135,-6.709476462324));
#6191 = CARTESIAN_POINT('',(-1.913379135312,-6.72000252046));
#6192 = CARTESIAN_POINT('',(-1.830709297077,-6.7305306011));
#6193 = CARTESIAN_POINT('',(-1.7480461034,-6.741058981731));
#6194 = CARTESIAN_POINT('',(-1.567935351002,-6.763996609648));
#6195 = CARTESIAN_POINT('',(-1.470440766655,-6.776412145899));
#6196 = CARTESIAN_POINT('',(-1.372984724988,-6.788820400424));
#6197 = CARTESIAN_POINT('',(-1.275548708631,-6.801222857926));
#6198 = CARTESIAN_POINT('',(-1.178104795992,-6.813624627914));
#6199 = CARTESIAN_POINT('',(-1.080629780282,-6.826032244978));
#6200 = CARTESIAN_POINT('',(-0.983122397184,-6.838447712584));
#6201 = CARTESIAN_POINT('',(-0.775042020035,-6.864949949158));
#6202 = CARTESIAN_POINT('',(-0.664249278267,-6.879065756227));
#6203 = CARTESIAN_POINT('',(-0.553517659921,-6.893178185299));
#6204 = CARTESIAN_POINT('',(-0.442829395615,-6.907286174553));
#6205 = CARTESIAN_POINT('',(-0.332148353413,-6.921385809575));
#6206 = CARTESIAN_POINT('',(-0.221433805413,-6.935475499194));
#6207 = CARTESIAN_POINT('',(-0.110659740794,-6.949563289143));
#6208 = CARTESIAN_POINT('',(0.,-6.963634816367));
#6209 = ( GEOMETRIC_REPRESENTATION_CONTEXT(2) 
PARAMETRIC_REPRESENTATION_CONTEXT() REPRESENTATION_CONTEXT('2D SPACE',''
  ) );
#6210 = ORIENTED_EDGE('',*,*,#6211,.T.);
#6211 = EDGE_CURVE('',#5982,#6212,#6214,.T.);
#6212 = VERTEX_POINT('',#6213);
#6213 = CARTESIAN_POINT('',(7.763667997966,12.5,0.));
#6214 = SURFACE_CURVE('',#6215,(#6281,#6350),.PCURVE_S1.);
#6215 = B_SPLINE_CURVE_WITH_KNOTS('',8,(#6216,#6217,#6218,#6219,#6220,
    #6221,#6222,#6223,#6224,#6225,#6226,#6227,#6228,#6229,#6230,#6231,
    #6232,#6233,#6234,#6235,#6236,#6237,#6238,#6239,#6240,#6241,#6242,
    #6243,#6244,#6245,#6246,#6247,#6248,#6249,#6250,#6251,#6252,#6253,
    #6254,#6255,#6256,#6257,#6258,#6259,#6260,#6261,#6262,#6263,#6264,
    #6265,#6266,#6267,#6268,#6269,#6270,#6271,#6272,#6273,#6274,#6275,
    #6276,#6277,#6278,#6279,#6280),.UNSPECIFIED.,.F.,.F.,(9,7,7,7,7,7,7,
    7,7,9),(0.,0.141489716175,0.202291356448,0.284906624458,
    0.374964183839,0.505064863896,0.604778909983,0.68541989137,
    0.846013680438,1.),.UNSPECIFIED.);
#6216 = CARTESIAN_POINT('',(6.963634816367,12.5,-5.329070518201E-15));
#6217 = CARTESIAN_POINT('',(6.977761262858,12.5,-1.388645384921));
#6218 = CARTESIAN_POINT('',(6.991900035681,12.32369482979,
    -2.778680975054));
#6219 = CARTESIAN_POINT('',(7.006036751482,11.97046918584,
    -4.141733827123));
#6220 = CARTESIAN_POINT('',(7.020184135071,11.445934627958,
    -5.451830293388));
#6221 = CARTESIAN_POINT('',(7.034360242797,10.759228032959,
    -6.684644233989));
#6222 = CARTESIAN_POINT('',(7.048552468332,9.923534931057,
    -7.817785183085));
#6223 = CARTESIAN_POINT('',(7.06273024575,8.955357759399,-8.830648615771
    ));
#6224 = CARTESIAN_POINT('',(7.082950688428,7.413597507551,
    -10.08190202679));
#6225 = CARTESIAN_POINT('',(7.089020267453,6.929749941789,
    -10.43266617966));
#6226 = CARTESIAN_POINT('',(7.095087006389,6.427001294121,
    -10.75682767831));
#6227 = CARTESIAN_POINT('',(7.101154780685,5.907017192935,
    -11.05322555614));
#6228 = CARTESIAN_POINT('',(7.10722620912,5.371581114222,-11.32082208459
    ));
#6229 = CARTESIAN_POINT('',(7.113302653809,4.822594381574,
    -11.55870277308));
#6230 = CARTESIAN_POINT('',(7.119384220199,4.262076166185,
    -11.76607636908));
#6231 = CARTESIAN_POINT('',(7.133738584312,2.917784892228,
    -12.18168756681));
#6232 = CARTESIAN_POINT('',(7.142011104548,2.125340494925,
    -12.36375409714));
#6233 = CARTESIAN_POINT('',(7.150279600545,1.320105508843,
    -12.48689032257));
#6234 = CARTESIAN_POINT('',(7.158539584811,0.507313688746,
    -12.55005711628));
#6235 = CARTESIAN_POINT('',(7.16678979959,-0.307842669741,
    -12.55276035111));
#6236 = CARTESIAN_POINT('',(7.175032216865,-1.12021273013,
    -12.49505089956));
#6237 = CARTESIAN_POINT('',(7.183272038359,-1.924687115068,
    -12.37752463378));
#6238 = CARTESIAN_POINT('',(7.200506152246,-3.579010940823,
    -12.00924726554));
#6239 = CARTESIAN_POINT('',(7.209498504224,-4.426489474938,
    -11.74736118787));
#6240 = CARTESIAN_POINT('',(7.218496511654,-5.251798603912,
    -11.41723281485));
#6241 = CARTESIAN_POINT('',(7.22750088124,-6.048489285271,
    -11.02109100102));
#6242 = CARTESIAN_POINT('',(7.236511266194,-6.810498338841,
    -10.56182483311));
#6243 = CARTESIAN_POINT('',(7.245526266244,-7.53214844675,
    -10.04298363011));
#6244 = CARTESIAN_POINT('',(7.254543427628,-8.208148153427,
    -9.468776943256));
#6245 = CARTESIAN_POINT('',(7.276583843499,-9.737132366266,
    -7.941605002352));
#6246 = CARTESIAN_POINT('',(7.289616648673,-10.53597190368,
    -6.932958161145));
#6247 = CARTESIAN_POINT('',(7.302636725199,-11.2144317864,
    -5.833316401679));
#6248 = CARTESIAN_POINT('',(7.315640977279,-11.76085544578,
    -4.659665824436));
#6249 = CARTESIAN_POINT('',(7.328637370256,-12.16652058515,
    -3.430258197861));
#6250 = CARTESIAN_POINT('',(7.341636815348,-12.42529685628,
    -2.164365915884));
#6251 = CARTESIAN_POINT('',(7.354643715569,-12.53404906327,
    -0.88232997617));
#6252 = CARTESIAN_POINT('',(7.377609977903,-12.46292668906,
    1.372402130334));
#6253 = CARTESIAN_POINT('',(7.387578577529,-12.34451408197,
    2.348106904189));
#6254 = CARTESIAN_POINT('',(7.397547681437,-12.13880056964,
    3.311693270527));
#6255 = CARTESIAN_POINT('',(7.407517202047,-11.84734846452,
    4.254070806824));
#6256 = CARTESIAN_POINT('',(7.417487435522,-11.4727571939,5.166548366108
    ));
#6257 = CARTESIAN_POINT('',(7.427458698044,-11.01857150521,
    6.040804610793));
#6258 = CARTESIAN_POINT('',(7.437431102443,-10.4893398585,6.86890908541)
  );
#6259 = CARTESIAN_POINT('',(7.455465977932,-9.406733467792,
    8.269826747316));
#6260 = CARTESIAN_POINT('',(7.463526306213,-8.877479841087,
    8.861050409028));
#6261 = CARTESIAN_POINT('',(7.471585415683,-8.305925738984,
    9.413347143008));
#6262 = CARTESIAN_POINT('',(7.479644862512,-7.695326150711,
    9.923282264904));
#6263 = CARTESIAN_POINT('',(7.487705488459,-7.049296723546,
    10.387753707562));
#6264 = CARTESIAN_POINT('',(7.495767420866,-6.371813762815,
    10.803992021017));
#6265 = CARTESIAN_POINT('',(7.503830072666,-5.667214231892,
    11.169560372499));
#6266 = CARTESIAN_POINT('',(7.527947481733,-3.49236302041,
    12.105273572538));
#6267 = CARTESIAN_POINT('',(7.544037141508,-1.952138798921,
    12.520679970183));
#6268 = CARTESIAN_POINT('',(7.560117663324,-0.358228091056,
    12.710374107094));
#6269 = CARTESIAN_POINT('',(7.576195742661,1.250826707637,
    12.668480093958));
#6270 = CARTESIAN_POINT('',(7.592267457922,2.836935813792,
    12.394869960718));
#6271 = CARTESIAN_POINT('',(7.608326271147,4.362823011195,
    11.897185222441));
#6272 = CARTESIAN_POINT('',(7.624388632808,5.791962503052,
    11.188724186504));
#6273 = CARTESIAN_POINT('',(7.655797218855,8.334779119091,9.437457640652
    ));
#6274 = CARTESIAN_POINT('',(7.671190943203,9.462698042717,8.407071838626
    ));
#6275 = CARTESIAN_POINT('',(7.686580948789,10.442716799325,
    7.223802698826));
#6276 = CARTESIAN_POINT('',(7.701985529385,11.252137020941,
    5.913133787297));
#6277 = CARTESIAN_POINT('',(7.71743054169,11.872529930048,4.50307414331)
  );
#6278 = CARTESIAN_POINT('',(7.73288066357,12.291217455292,3.024623890421
    ));
#6279 = CARTESIAN_POINT('',(7.748295509181,12.5,1.511142038777));
#6280 = CARTESIAN_POINT('',(7.763667997966,12.5,-8.881784197001E-15));
#6281 = PCURVE('',#682,#6282);
#6282 = DEFINITIONAL_REPRESENTATION('',(#6283),#6349);
#6283 = B_SPLINE_CURVE_WITH_KNOTS('',8,(#6284,#6285,#6286,#6287,#6288,
    #6289,#6290,#6291,#6292,#6293,#6294,#6295,#6296,#6297,#6298,#6299,
    #6300,#6301,#6302,#6303,#6304,#6305,#6306,#6307,#6308,#6309,#6310,
    #6311,#6312,#6313,#6314,#6315,#6316,#6317,#6318,#6319,#6320,#6321,
    #6322,#6323,#6324,#6325,#6326,#6327,#6328,#6329,#6330,#6331,#6332,
    #6333,#6334,#6335,#6336,#6337,#6338,#6339,#6340,#6341,#6342,#6343,
    #6344,#6345,#6346,#6347,#6348),.UNSPECIFIED.,.F.,.F.,(9,7,7,7,7,7,7,
    7,7,9),(0.,0.141489716175,0.202291356448,0.284906624458,
    0.374964183839,0.505064863896,0.604778909983,0.68541989137,
    0.846013680438,1.),.UNSPECIFIED.);
#6284 = CARTESIAN_POINT('',(0.415005970058,52.254758492305));
#6285 = CARTESIAN_POINT('',(0.414985203569,52.366747108821));
#6286 = CARTESIAN_POINT('',(0.414962400889,52.478847443088));
#6287 = CARTESIAN_POINT('',(0.414947130936,52.590879233942));
#6288 = CARTESIAN_POINT('',(0.414950787227,52.702864188425));
#6289 = CARTESIAN_POINT('',(0.414987432925,52.814847705539));
#6290 = CARTESIAN_POINT('',(0.415036461045,52.926872934578));
#6291 = CARTESIAN_POINT('',(0.41505819354,53.038973133414));
#6292 = CARTESIAN_POINT('',(0.415052634978,53.199104782949));
#6293 = CARTESIAN_POINT('',(0.415043021697,53.247226685787));
#6294 = CARTESIAN_POINT('',(0.415030164326,53.295348606656));
#6295 = CARTESIAN_POINT('',(0.415017885017,53.343474712339));
#6296 = CARTESIAN_POINT('',(0.415009129594,53.391605300479));
#6297 = CARTESIAN_POINT('',(0.415005967549,53.439736799574));
#6298 = CARTESIAN_POINT('',(0.415009592041,53.487861768981));
#6299 = CARTESIAN_POINT('',(0.415034896568,53.601335284003));
#6300 = CARTESIAN_POINT('',(0.415050693461,53.666722445774));
#6301 = CARTESIAN_POINT('',(0.415060962048,53.732116099401));
#6302 = CARTESIAN_POINT('',(0.415061886151,53.797507188736));
#6303 = CARTESIAN_POINT('',(0.415052581949,53.862891886298));
#6304 = CARTESIAN_POINT('',(0.415035097978,53.928271593277));
#6305 = CARTESIAN_POINT('',(0.415014415127,53.993652939531));
#6306 = CARTESIAN_POINT('',(0.414981039662,54.130333639024));
#6307 = CARTESIAN_POINT('',(0.414966996241,54.201626999979));
#6308 = CARTESIAN_POINT('',(0.414959052658,54.2729228202));
#6309 = CARTESIAN_POINT('',(0.414958505913,54.344217697339));
#6310 = CARTESIAN_POINT('',(0.414965213722,54.415509872962));
#6311 = CARTESIAN_POINT('',(0.41497759452,54.486799232544));
#6312 = CARTESIAN_POINT('',(0.414992627462,54.55808730547));
#6313 = CARTESIAN_POINT('',(0.415024957717,54.732365534813));
#6314 = CARTESIAN_POINT('',(0.415042720624,54.835428077851));
#6315 = CARTESIAN_POINT('',(0.415050897302,54.938456346696));
#6316 = CARTESIAN_POINT('',(0.415047168631,55.041441919212));
#6317 = CARTESIAN_POINT('',(0.415034627027,55.144426406804));
#6318 = CARTESIAN_POINT('',(0.415019669578,55.247451818817));
#6319 = CARTESIAN_POINT('',(0.415008297473,55.350511383125));
#6320 = CARTESIAN_POINT('',(0.414995092095,55.532435796475));
#6321 = CARTESIAN_POINT('',(0.414991789123,55.611383978371));
#6322 = CARTESIAN_POINT('',(0.414991545562,55.690314928513));
#6323 = CARTESIAN_POINT('',(0.414994002563,55.769230442948));
#6324 = CARTESIAN_POINT('',(0.414997714618,55.8481428945));
#6325 = CARTESIAN_POINT('',(0.415001034717,55.927066212411));
#6326 = CARTESIAN_POINT('',(0.415003037409,56.006007710232));
#6327 = CARTESIAN_POINT('',(0.415003941781,56.148790536284));
#6328 = CARTESIAN_POINT('',(0.415003216546,56.212612310847));
#6329 = CARTESIAN_POINT('',(0.415001543031,56.276431014173));
#6330 = CARTESIAN_POINT('',(0.414999221986,56.340256880702));
#6331 = CARTESIAN_POINT('',(0.414996673587,56.404093660067));
#6332 = CARTESIAN_POINT('',(0.414994437439,56.467938617093));
#6333 = CARTESIAN_POINT('',(0.414993172576,56.531782531802));
#6334 = CARTESIAN_POINT('',(0.414994623086,56.722719346562));
#6335 = CARTESIAN_POINT('',(0.415001688594,56.850058405246));
#6336 = CARTESIAN_POINT('',(0.415017459485,56.977264723325));
#6337 = CARTESIAN_POINT('',(0.41504058523,57.104400680383));
#6338 = CARTESIAN_POINT('',(0.415057010283,57.231532735285));
#6339 = CARTESIAN_POINT('',(0.415049471249,57.358728886046));
#6340 = CARTESIAN_POINT('',(0.415027091703,57.486056084028));
#6341 = CARTESIAN_POINT('',(0.414980545975,57.735052937279));
#6342 = CARTESIAN_POINT('',(0.414956295233,57.857099254818));
#6343 = CARTESIAN_POINT('',(0.41494392395,57.979033717607));
#6344 = CARTESIAN_POINT('',(0.414956006554,58.100913932157));
#6345 = CARTESIAN_POINT('',(0.41501377143,58.222797348584));
#6346 = CARTESIAN_POINT('',(0.41506777707,58.344747301423));
#6347 = CARTESIAN_POINT('',(0.415066233503,58.466803324417));
#6348 = CARTESIAN_POINT('',(0.415043630278,58.588670085033));
#6349 = ( GEOMETRIC_REPRESENTATION_CONTEXT(2) 
PARAMETRIC_REPRESENTATION_CONTEXT() REPRESENTATION_CONTEXT('2D SPACE',''
  ) );
#6350 = PCURVE('',#2125,#6351);
#6351 = DEFINITIONAL_REPRESENTATION('',(#6352),#6418);
#6352 = B_SPLINE_CURVE_WITH_KNOTS('',8,(#6353,#6354,#6355,#6356,#6357,
    #6358,#6359,#6360,#6361,#6362,#6363,#6364,#6365,#6366,#6367,#6368,
    #6369,#6370,#6371,#6372,#6373,#6374,#6375,#6376,#6377,#6378,#6379,
    #6380,#6381,#6382,#6383,#6384,#6385,#6386,#6387,#6388,#6389,#6390,
    #6391,#6392,#6393,#6394,#6395,#6396,#6397,#6398,#6399,#6400,#6401,
    #6402,#6403,#6404,#6405,#6406,#6407,#6408,#6409,#6410,#6411,#6412,
    #6413,#6414,#6415,#6416,#6417),.UNSPECIFIED.,.F.,.F.,(9,7,7,7,7,7,7,
    7,7,9),(0.,0.141489716175,0.202291356448,0.284906624458,
    0.374964183839,0.505064863896,0.604778909983,0.68541989137,
    0.846013680438,1.),.UNSPECIFIED.);
#6353 = CARTESIAN_POINT('',(-6.28318530718,-6.963634816367));
#6354 = CARTESIAN_POINT('',(-6.172093676386,-6.977761262858));
#6355 = CARTESIAN_POINT('',(-6.060891077689,-6.991900035681));
#6356 = CARTESIAN_POINT('',(-5.949756237351,-7.006036751482));
#6357 = CARTESIAN_POINT('',(-5.838667775701,-7.020184135071));
#6358 = CARTESIAN_POINT('',(-5.727580979117,-7.034360242797));
#6359 = CARTESIAN_POINT('',(-5.616454019401,-7.048552468332));
#6360 = CARTESIAN_POINT('',(-5.505252483805,-7.06273024575));
#6361 = CARTESIAN_POINT('',(-5.346403427951,-7.082950688428));
#6362 = CARTESIAN_POINT('',(-5.298666652921,-7.089020267453));
#6363 = CARTESIAN_POINT('',(-5.250929750575,-7.095087006389));
#6364 = CARTESIAN_POINT('',(-5.203188716288,-7.101154780685));
#6365 = CARTESIAN_POINT('',(-5.155443311455,-7.10722620912));
#6366 = CARTESIAN_POINT('',(-5.107697063487,-7.113302653809));
#6367 = CARTESIAN_POINT('',(-5.059957265814,-7.119384220199));
#6368 = CARTESIAN_POINT('',(-4.947391503434,-7.133738584312));
#6369 = CARTESIAN_POINT('',(-4.882527609309,-7.142011104548));
#6370 = CARTESIAN_POINT('',(-4.817657529767,-7.150279600545));
#6371 = CARTESIAN_POINT('',(-4.752790258802,-7.158539584811));
#6372 = CARTESIAN_POINT('',(-4.687929550145,-7.16678979959));
#6373 = CARTESIAN_POINT('',(-4.623073917261,-7.175032216865));
#6374 = CARTESIAN_POINT('',(-4.558216633353,-7.183272038359));
#6375 = CARTESIAN_POINT('',(-4.422631016643,-7.200506152246));
#6376 = CARTESIAN_POINT('',(-4.35190867718,-7.209498504224));
#6377 = CARTESIAN_POINT('',(-4.281183785921,-7.218496511654));
#6378 = CARTESIAN_POINT('',(-4.210459775838,-7.22750088124));
#6379 = CARTESIAN_POINT('',(-4.139738439927,-7.236511266194));
#6380 = CARTESIAN_POINT('',(-4.069019931208,-7.245526266244));
#6381 = CARTESIAN_POINT('',(-3.998302762723,-7.254543427628));
#6382 = CARTESIAN_POINT('',(-3.825420433073,-7.276583843499));
#6383 = CARTESIAN_POINT('',(-3.723183501532,-7.289616648673));
#6384 = CARTESIAN_POINT('',(-3.620980648196,-7.302636725199));
#6385 = CARTESIAN_POINT('',(-3.51881999521,-7.315640977279));
#6386 = CARTESIAN_POINT('',(-3.416660107792,-7.328637370256));
#6387 = CARTESIAN_POINT('',(-3.314459346472,-7.341636815348));
#6388 = CARTESIAN_POINT('',(-3.212224615355,-7.354643715569));
#6389 = CARTESIAN_POINT('',(-3.031756330908,-7.377609977903));
#6390 = CARTESIAN_POINT('',(-2.953440087811,-7.387578577529));
#6391 = CARTESIAN_POINT('',(-2.875141042132,-7.397547681437));
#6392 = CARTESIAN_POINT('',(-2.796857479048,-7.407517202047));
#6393 = CARTESIAN_POINT('',(-2.718577149296,-7.417487435522));
#6394 = CARTESIAN_POINT('',(-2.640286205183,-7.427458698044));
#6395 = CARTESIAN_POINT('',(-2.561977321193,-7.437431102443));
#6396 = CARTESIAN_POINT('',(-2.4203387526,-7.455465977932));
#6397 = CARTESIAN_POINT('',(-2.357028463479,-7.463526306213));
#6398 = CARTESIAN_POINT('',(-2.293721187874,-7.471585415683));
#6399 = CARTESIAN_POINT('',(-2.230406734341,-7.479644862512));
#6400 = CARTESIAN_POINT('',(-2.167081357932,-7.487705488459));
#6401 = CARTESIAN_POINT('',(-2.1037477602,-7.495767420866));
#6402 = CARTESIAN_POINT('',(-2.040415089195,-7.503830072666));
#6403 = CARTESIAN_POINT('',(-1.851006967133,-7.527947481733));
#6404 = CARTESIAN_POINT('',(-1.724687070984,-7.544037141508));
#6405 = CARTESIAN_POINT('',(-1.598498676023,-7.560117663323));
#6406 = CARTESIAN_POINT('',(-1.472380268329,-7.576195742661));
#6407 = CARTESIAN_POINT('',(-1.346266455997,-7.592267457922));
#6408 = CARTESIAN_POINT('',(-1.220089386971,-7.608326271147));
#6409 = CARTESIAN_POINT('',(-1.093782208541,-7.624388632808));
#6410 = CARTESIAN_POINT('',(-0.846779687324,-7.655797218855));
#6411 = CARTESIAN_POINT('',(-0.725710716628,-7.671190943203));
#6412 = CARTESIAN_POINT('',(-0.604752422963,-7.686580948789));
#6413 = CARTESIAN_POINT('',(-0.483847934384,-7.701985529385));
#6414 = CARTESIAN_POINT('',(-0.362940711164,-7.71743054169));
#6415 = CARTESIAN_POINT('',(-0.241969394978,-7.73288066357));
#6416 = CARTESIAN_POINT('',(-0.120891363102,-7.748295509181));
#6417 = CARTESIAN_POINT('',(0.,-7.763667997966));
#6418 = ( GEOMETRIC_REPRESENTATION_CONTEXT(2) 
PARAMETRIC_REPRESENTATION_CONTEXT() REPRESENTATION_CONTEXT('2D SPACE',''
  ) );
#6419 = ORIENTED_EDGE('',*,*,#6420,.T.);
#6420 = EDGE_CURVE('',#6212,#6421,#6423,.T.);
#6421 = VERTEX_POINT('',#6422);
#6422 = CARTESIAN_POINT('',(8.563601276476,12.5,0.));
#6423 = SURFACE_CURVE('',#6424,(#6497,#6573),.PCURVE_S1.);
#6424 = B_SPLINE_CURVE_WITH_KNOTS('',8,(#6425,#6426,#6427,#6428,#6429,
    #6430,#6431,#6432,#6433,#6434,#6435,#6436,#6437,#6438,#6439,#6440,
    #6441,#6442,#6443,#6444,#6445,#6446,#6447,#6448,#6449,#6450,#6451,
    #6452,#6453,#6454,#6455,#6456,#6457,#6458,#6459,#6460,#6461,#6462,
    #6463,#6464,#6465,#6466,#6467,#6468,#6469,#6470,#6471,#6472,#6473,
    #6474,#6475,#6476,#6477,#6478,#6479,#6480,#6481,#6482,#6483,#6484,
    #6485,#6486,#6487,#6488,#6489,#6490,#6491,#6492,#6493,#6494,#6495,
    #6496),.UNSPECIFIED.,.F.,.F.,(9,7,7,7,7,7,7,7,7,7,9),(0.,
    8.340021595307E-02,0.188086509856,0.313406072634,0.402319693451,
    0.533140104573,0.633072619386,0.728314954761,0.846757921652,
    0.914768052485,1.),.UNSPECIFIED.);
#6425 = CARTESIAN_POINT('',(7.763667997966,12.5,-8.881784197001E-15));
#6426 = CARTESIAN_POINT('',(7.771994969313,12.5,-0.818555579074));
#6427 = CARTESIAN_POINT('',(7.780319811973,12.438700980294,
    -1.637375830368));
#6428 = CARTESIAN_POINT('',(7.788650960378,12.316128387955,
    -2.450848055346));
#6429 = CARTESIAN_POINT('',(7.796992525974,12.132847623513,
    -3.253541397937));
#6430 = CARTESIAN_POINT('',(7.805344297224,11.889964040949,
    -4.040206844537));
#6431 = CARTESIAN_POINT('',(7.813701739607,11.589122947701,
    -4.805777224005));
#6432 = CARTESIAN_POINT('',(7.82205599562,11.232509604661,
    -5.545367207664));
#6433 = CARTESIAN_POINT('',(7.840859837466,10.308632011117,
    -7.144112162334));
#6434 = CARTESIAN_POINT('',(7.851316588438,9.710668548521,-7.98586175483
    ));
#6435 = CARTESIAN_POINT('',(7.861761940697,9.03439195533,-8.769959292379
    ));
#6436 = CARTESIAN_POINT('',(7.872206997142,8.286390736598,
    -9.488011138102));
#6437 = CARTESIAN_POINT('',(7.882661003133,7.474170811453,
    -10.13260204246));
#6438 = CARTESIAN_POINT('',(7.893126970237,6.606101437914,
    -10.69722934622));
#6439 = CARTESIAN_POINT('',(7.903602004187,5.691504862499,
    -11.17641972203));
#6440 = CARTESIAN_POINT('',(7.926614951727,3.602823639988,
    -12.03255405781));
#6441 = CARTESIAN_POINT('',(7.939171927036,2.411358452578,
    -12.37145041867));
#6442 = CARTESIAN_POINT('',(7.951727583085,1.18439549047,-12.57500048534
    ));
#6443 = CARTESIAN_POINT('',(7.964273267336,-5.993719065741E-02,
    -12.63927683459));
#6444 = CARTESIAN_POINT('',(7.976807955643,-1.303531457763,
    -12.56317696948));
#6445 = CARTESIAN_POINT('',(7.989336796638,-2.528357674592,
    -12.34804657231));
#6446 = CARTESIAN_POINT('',(8.001865724196,-3.716496652887,
    -11.99795504241));
#6447 = CARTESIAN_POINT('',(8.023269655665,-5.654670235125,
    -11.18197034314));
#6448 = CARTESIAN_POINT('',(8.032152693792,-6.43215514663,
    -10.77906978451));
#6449 = CARTESIAN_POINT('',(8.041037068953,-7.176580302695,
    -10.31452081716));
#6450 = CARTESIAN_POINT('',(8.049923685799,-7.882248988641,
    -9.791501866944));
#6451 = CARTESIAN_POINT('',(8.058812738822,-8.543908436677,
    -9.213777375186));
#6452 = CARTESIAN_POINT('',(8.067703712357,-9.156749825897,
    -8.585697798654));
#6453 = CARTESIAN_POINT('',(8.076595380577,-9.716408282284,
    -7.912199609563));
#6454 = CARTESIAN_POINT('',(8.098566472698,-10.95838163492,
    -6.149173792662));
#6455 = CARTESIAN_POINT('',(8.111658637651,-11.5751576017,
    -5.011922006209));
#6456 = CARTESIAN_POINT('',(8.124744428189,-12.05621659104,
    -3.804965768297));
#6457 = CARTESIAN_POINT('',(8.137822424825,-12.39285251794,
    -2.547398056612));
#6458 = CARTESIAN_POINT('',(8.150896678161,-12.57954469281,
    -1.259014672135));
#6459 = CARTESIAN_POINT('',(8.163974151189,-12.613562686,
    3.981819157224E-02));
#6460 = CARTESIAN_POINT('',(8.177059918972,-12.49538179529,
    1.328131071968));
#6461 = CARTESIAN_POINT('',(8.200130795025,-12.02715758993,
    3.543928227113));
#6462 = CARTESIAN_POINT('',(8.210128154672,-11.73825514003,
    4.485712768006));
#6463 = CARTESIAN_POINT('',(8.220127815137,-11.36509925888,
    5.400259132601));
#6464 = CARTESIAN_POINT('',(8.230129439444,-10.91080473525,
    6.278773272453));
#6465 = CARTESIAN_POINT('',(8.240132531721,-10.37948508448,
    7.113019338421));
#6466 = CARTESIAN_POINT('',(8.250135808083,-9.776169754957,
    7.895283848376));
#6467 = CARTESIAN_POINT('',(8.260136983905,-9.106880243253,
    8.618420947464));
#6468 = CARTESIAN_POINT('',(8.279654948775,-7.685018465651,
    9.902763080056));
#6469 = CARTESIAN_POINT('',(8.289174641817,-6.937533365308,
    10.47024501722));
#6470 = CARTESIAN_POINT('',(8.298690382315,-6.142474784508,
    10.973005606812));
#6471 = CARTESIAN_POINT('',(8.308203287608,-5.306355466181,
    11.406430786646));
#6472 = CARTESIAN_POINT('',(8.317714770263,-4.436136030368,
    11.766756441961));
#6473 = CARTESIAN_POINT('',(8.327226538075,-3.539224974224,
    12.051068405428));
#6474 = CARTESIAN_POINT('',(8.336740594063,-2.623478672019,
    12.257302457144));
#6475 = CARTESIAN_POINT('',(8.358096580072,-0.545286832352,
    12.542108696073));
#6476 = CARTESIAN_POINT('',(8.369948182178,0.623946402537,
    12.577595351193));
#6477 = CARTESIAN_POINT('',(8.381808914,1.794481205604,12.488307209957)
  );
#6478 = CARTESIAN_POINT('',(8.393679183156,2.950854075725,
    12.274736245372));
#6479 = CARTESIAN_POINT('',(8.405555355026,4.077993995288,
    11.939366996897));
#6480 = CARTESIAN_POINT('',(8.417418498116,5.161293586536,
    11.486796302883));
#6481 = CARTESIAN_POINT('',(8.429258832582,6.186607124487,10.92368770045
    ));
#6482 = CARTESIAN_POINT('',(8.447869873577,7.688441789151,9.878426875381
    ));
#6483 = CARTESIAN_POINT('',(8.454656367446,8.213132647964,9.463603929075
    ));
#6484 = CARTESIAN_POINT('',(8.461447861342,8.712208930015,9.01696599171)
  );
#6485 = CARTESIAN_POINT('',(8.468248051733,9.183375396581,8.54040896481)
  );
#6486 = CARTESIAN_POINT('',(8.4750573121,9.624541829692,8.035983225592)
  );
#6487 = CARTESIAN_POINT('',(8.481872692939,10.03382303213,7.505893626963
    ));
#6488 = CARTESIAN_POINT('',(8.488687921758,10.409538827431,
    6.952499497521));
#6489 = CARTESIAN_POINT('',(8.504022197529,11.177156534134,
    5.658732236583));
#6490 = CARTESIAN_POINT('',(8.512540898914,11.549085494521,
    4.906440499503));
#6491 = CARTESIAN_POINT('',(8.521052735358,11.86302381881,4.126450327952
    ));
#6492 = CARTESIAN_POINT('',(8.529560639967,12.11658500447,3.323966842847
    ));
#6493 = CARTESIAN_POINT('',(8.538067250827,12.30797316868,2.504389388383
    ));
#6494 = CARTESIAN_POINT('',(8.546574911005,12.435983048326,
    1.673311532036));
#6495 = CARTESIAN_POINT('',(8.555085668547,12.5,0.836521064562));
#6496 = CARTESIAN_POINT('',(8.563601276476,12.5,1.7763568394E-15));
#6497 = PCURVE('',#682,#6498);
#6498 = DEFINITIONAL_REPRESENTATION('',(#6499),#6572);
#6499 = B_SPLINE_CURVE_WITH_KNOTS('',8,(#6500,#6501,#6502,#6503,#6504,
    #6505,#6506,#6507,#6508,#6509,#6510,#6511,#6512,#6513,#6514,#6515,
    #6516,#6517,#6518,#6519,#6520,#6521,#6522,#6523,#6524,#6525,#6526,
    #6527,#6528,#6529,#6530,#6531,#6532,#6533,#6534,#6535,#6536,#6537,
    #6538,#6539,#6540,#6541,#6542,#6543,#6544,#6545,#6546,#6547,#6548,
    #6549,#6550,#6551,#6552,#6553,#6554,#6555,#6556,#6557,#6558,#6559,
    #6560,#6561,#6562,#6563,#6564,#6565,#6566,#6567,#6568,#6569,#6570,
    #6571),.UNSPECIFIED.,.F.,.F.,(9,7,7,7,7,7,7,7,7,7,9),(0.,
    8.340021595307E-02,0.188086509856,0.313406072634,0.402319693451,
    0.533140104573,0.633072619386,0.728314954761,0.846757921652,
    0.914768052485,1.),.UNSPECIFIED.);
#6500 = CARTESIAN_POINT('',(0.415043630278,58.588670085033));
#6501 = CARTESIAN_POINT('',(0.415031386561,58.654682884786));
#6502 = CARTESIAN_POINT('',(0.415014492422,58.720711087393));
#6503 = CARTESIAN_POINT('',(0.41500392418,58.786745328611));
#6504 = CARTESIAN_POINT('',(0.415005288131,58.852779270058));
#6505 = CARTESIAN_POINT('',(0.415018820546,58.918809599207));
#6506 = CARTESIAN_POINT('',(0.415039387674,58.984836029388));
#6507 = CARTESIAN_POINT('',(0.41505648574,59.050861299789));
#6508 = CARTESIAN_POINT('',(0.415051423216,59.199773730267));
#6509 = CARTESIAN_POINT('',(0.415034973906,59.282677998751));
#6510 = CARTESIAN_POINT('',(0.415007230928,59.365570366432));
#6511 = CARTESIAN_POINT('',(0.414980367471,59.448454289492));
#6512 = CARTESIAN_POINT('',(0.414963286409,59.531341204903));
#6513 = CARTESIAN_POINT('',(0.414958174491,59.614239786482));
#6514 = CARTESIAN_POINT('',(0.414962589729,59.697144060359));
#6515 = CARTESIAN_POINT('',(0.414985364131,59.879188491808));
#6516 = CARTESIAN_POINT('',(0.415006262819,59.978461950812));
#6517 = CARTESIAN_POINT('',(0.415029645933,60.077707729654));
#6518 = CARTESIAN_POINT('',(0.415045476232,60.176926954824));
#6519 = CARTESIAN_POINT('',(0.41504950158,60.276141016308));
#6520 = CARTESIAN_POINT('',(0.415043998719,60.375374883148));
#6521 = CARTESIAN_POINT('',(0.415033932554,60.474641092741));
#6522 = CARTESIAN_POINT('',(0.415015276723,60.644233738813));
#6523 = CARTESIAN_POINT('',(0.415007098748,60.714620929239));
#6524 = CARTESIAN_POINT('',(0.415000000468,60.785011215229));
#6525 = CARTESIAN_POINT('',(0.414994955603,60.855405004181));
#6526 = CARTESIAN_POINT('',(0.414992396687,60.925800835291));
#6527 = CARTESIAN_POINT('',(0.414992215072,60.996195379554));
#6528 = CARTESIAN_POINT('',(0.414993760922,61.066583439762));
#6529 = CARTESIAN_POINT('',(0.414998906949,61.240501393492));
#6530 = CARTESIAN_POINT('',(0.415003409519,61.344125902515));
#6531 = CARTESIAN_POINT('',(0.415006861801,61.44770722884));
#6532 = CARTESIAN_POINT('',(0.415005859202,61.551257752787));
#6533 = CARTESIAN_POINT('',(0.415000661672,61.654807741353));
#6534 = CARTESIAN_POINT('',(0.414994833658,61.758387595598));
#6535 = CARTESIAN_POINT('',(0.414992273753,61.862010450955));
#6536 = CARTESIAN_POINT('',(0.414995254823,62.044650840212));
#6537 = CARTESIAN_POINT('',(0.414999045478,62.123777515458));
#6538 = CARTESIAN_POINT('',(0.415005825113,62.202901671757));
#6539 = CARTESIAN_POINT('',(0.415015380392,62.282022121055));
#6540 = CARTESIAN_POINT('',(0.415026060195,62.36114639167));
#6541 = CARTESIAN_POINT('',(0.415035299462,62.440282113187));
#6542 = CARTESIAN_POINT('',(0.415040769169,62.519427354484));
#6543 = CARTESIAN_POINT('',(0.415042234819,62.673948481524));
#6544 = CARTESIAN_POINT('',(0.41503817549,62.749347742779));
#6545 = CARTESIAN_POINT('',(0.415029197888,62.824749829713));
#6546 = CARTESIAN_POINT('',(0.415016031643,62.900158527014));
#6547 = CARTESIAN_POINT('',(0.415000279749,62.975573898045));
#6548 = CARTESIAN_POINT('',(0.414984418561,63.050992284842));
#6549 = CARTESIAN_POINT('',(0.414971797796,63.126406308115));
#6550 = CARTESIAN_POINT('',(0.414960226977,63.295570197623));
#6551 = CARTESIAN_POINT('',(0.4149637909,63.389379201316));
#6552 = CARTESIAN_POINT('',(0.414981467259,63.483162586347));
#6553 = CARTESIAN_POINT('',(0.415012361972,63.576929782951));
#6554 = CARTESIAN_POINT('',(0.415049444122,63.670700790593));
#6555 = CARTESIAN_POINT('',(0.415068662254,63.76449257437));
#6556 = CARTESIAN_POINT('',(0.41505928652,63.858302138957));
#6557 = CARTESIAN_POINT('',(0.41502871496,64.005865051324));
#6558 = CARTESIAN_POINT('',(0.415013272155,64.059703482908));
#6559 = CARTESIAN_POINT('',(0.415002632844,64.113548176815));
#6560 = CARTESIAN_POINT('',(0.415001772699,64.167393883056));
#6561 = CARTESIAN_POINT('',(0.415011547967,64.221237619574));
#6562 = CARTESIAN_POINT('',(0.415028695472,64.275078672243));
#6563 = CARTESIAN_POINT('',(0.415045832608,64.328918594874));
#6564 = CARTESIAN_POINT('',(0.415058506407,64.450238081));
#6565 = CARTESIAN_POINT('',(0.415054301722,64.517713113875));
#6566 = CARTESIAN_POINT('',(0.415041923892,64.585190494333));
#6567 = CARTESIAN_POINT('',(0.415024487429,64.652671838033));
#6568 = CARTESIAN_POINT('',(0.415005140753,64.720156189793));
#6569 = CARTESIAN_POINT('',(0.414987066197,64.787640023589));
#6570 = CARTESIAN_POINT('',(0.414973480003,64.855117242555));
#6571 = CARTESIAN_POINT('',(0.414967632321,64.922579178984));
#6572 = ( GEOMETRIC_REPRESENTATION_CONTEXT(2) 
PARAMETRIC_REPRESENTATION_CONTEXT() REPRESENTATION_CONTEXT('2D SPACE',''
  ) );
#6573 = PCURVE('',#1911,#6574);
#6574 = DEFINITIONAL_REPRESENTATION('',(#6575),#6648);
#6575 = B_SPLINE_CURVE_WITH_KNOTS('',8,(#6576,#6577,#6578,#6579,#6580,
    #6581,#6582,#6583,#6584,#6585,#6586,#6587,#6588,#6589,#6590,#6591,
    #6592,#6593,#6594,#6595,#6596,#6597,#6598,#6599,#6600,#6601,#6602,
    #6603,#6604,#6605,#6606,#6607,#6608,#6609,#6610,#6611,#6612,#6613,
    #6614,#6615,#6616,#6617,#6618,#6619,#6620,#6621,#6622,#6623,#6624,
    #6625,#6626,#6627,#6628,#6629,#6630,#6631,#6632,#6633,#6634,#6635,
    #6636,#6637,#6638,#6639,#6640,#6641,#6642,#6643,#6644,#6645,#6646,
    #6647),.UNSPECIFIED.,.F.,.F.,(9,7,7,7,7,7,7,7,7,7,9),(0.,
    8.340021595307E-02,0.188086509856,0.313406072634,0.402319693451,
    0.533140104573,0.633072619386,0.728314954761,0.846757921652,
    0.914768052485,1.),.UNSPECIFIED.);
#6576 = CARTESIAN_POINT('',(-6.28318530718,-7.763667997966));
#6577 = CARTESIAN_POINT('',(-6.217700860854,-7.771994969313));
#6578 = CARTESIAN_POINT('',(-6.152201003356,-7.780319811973));
#6579 = CARTESIAN_POINT('',(-6.086695064237,-7.788650960378));
#6580 = CARTESIAN_POINT('',(-6.021189388141,-7.796992525974));
#6581 = CARTESIAN_POINT('',(-5.955687334808,-7.805344297224));
#6582 = CARTESIAN_POINT('',(-5.890189279068,-7.813701739607));
#6583 = CARTESIAN_POINT('',(-5.82469261085,-7.82205599562));
#6584 = CARTESIAN_POINT('',(-5.676973196003,-7.840859837466));
#6585 = CARTESIAN_POINT('',(-5.594733455956,-7.851316588438));
#6586 = CARTESIAN_POINT('',(-5.512505562391,-7.861761940697));
#6587 = CARTESIAN_POINT('',(-5.430285728764,-7.872206997142));
#6588 = CARTESIAN_POINT('',(-5.34806261552,-7.882661003133));
#6589 = CARTESIAN_POINT('',(-5.26582781474,-7.893126970237));
#6590 = CARTESIAN_POINT('',(-5.18358734976,-7.903602004187));
#6591 = CARTESIAN_POINT('',(-5.003000657002,-7.926614951727));
#6592 = CARTESIAN_POINT('',(-4.904522216217,-7.939171927036));
#6593 = CARTESIAN_POINT('',(-4.806071424902,-7.951727583085));
#6594 = CARTESIAN_POINT('',(-4.707647135705,-7.964273267336));
#6595 = CARTESIAN_POINT('',(-4.60922791478,-7.976807955643));
#6596 = CARTESIAN_POINT('',(-4.510788805312,-7.989336796638));
#6597 = CARTESIAN_POINT('',(-4.412317387089,-8.001865724196));
#6598 = CARTESIAN_POINT('',(-4.244082354079,-8.023269655665));
#6599 = CARTESIAN_POINT('',(-4.174258531907,-8.032152693792));
#6600 = CARTESIAN_POINT('',(-4.104431608118,-8.041037068953));
#6601 = CARTESIAN_POINT('',(-4.034601230055,-8.049923685799));
#6602 = CARTESIAN_POINT('',(-3.964768889481,-8.058812738822));
#6603 = CARTESIAN_POINT('',(-3.894937922584,-8.067703712357));
#6604 = CARTESIAN_POINT('',(-3.825113509972,-8.076595380577));
#6605 = CARTESIAN_POINT('',(-3.652588583732,-8.098566472698));
#6606 = CARTESIAN_POINT('',(-3.549794345091,-8.111658637651));
#6607 = CARTESIAN_POINT('',(-3.447043193507,-8.124744428189));
#6608 = CARTESIAN_POINT('',(-3.344322698256,-8.137822424825));
#6609 = CARTESIAN_POINT('',(-3.241602577945,-8.150896678161));
#6610 = CARTESIAN_POINT('',(-3.138852492499,-8.163974151189));
#6611 = CARTESIAN_POINT('',(-3.036059435304,-8.177059918972));
#6612 = CARTESIAN_POINT('',(-2.854881230183,-8.200130795025));
#6613 = CARTESIAN_POINT('',(-2.776387903884,-8.210128154672));
#6614 = CARTESIAN_POINT('',(-2.69789699851,-8.220127815137));
#6615 = CARTESIAN_POINT('',(-2.619409771314,-8.230129439444));
#6616 = CARTESIAN_POINT('',(-2.540918842924,-8.240132531721));
#6617 = CARTESIAN_POINT('',(-2.462416698965,-8.250135808083));
#6618 = CARTESIAN_POINT('',(-2.383905247713,-8.260136983905));
#6619 = CARTESIAN_POINT('',(-2.230621706456,-8.279654948775));
#6620 = CARTESIAN_POINT('',(-2.155826444713,-8.289174641817));
#6621 = CARTESIAN_POINT('',(-2.081028406834,-8.298690382315));
#6622 = CARTESIAN_POINT('',(-2.006223776792,-8.308203287608));
#6623 = CARTESIAN_POINT('',(-1.931412455619,-8.317714770263));
#6624 = CARTESIAN_POINT('',(-1.856598061414,-8.327226538075));
#6625 = CARTESIAN_POINT('',(-1.781787929338,-8.336740594063));
#6626 = CARTESIAN_POINT('',(-1.613978591506,-8.358096580072));
#6627 = CARTESIAN_POINT('',(-1.520920735959,-8.369948182178));
#6628 = CARTESIAN_POINT('',(-1.42788841113,-8.381808914));
#6629 = CARTESIAN_POINT('',(-1.334872460782,-8.393679183156));
#6630 = CARTESIAN_POINT('',(-1.241853188383,-8.405555355026));
#6631 = CARTESIAN_POINT('',(-1.148813552614,-8.417418498116));
#6632 = CARTESIAN_POINT('',(-1.055755305558,-8.429258832582));
#6633 = CARTESIAN_POINT('',(-0.909373283658,-8.447869873577));
#6634 = CARTESIAN_POINT('',(-0.855965693031,-8.454656367446));
#6635 = CARTESIAN_POINT('',(-0.802551840828,-8.461447861342));
#6636 = CARTESIAN_POINT('',(-0.749136927099,-8.468248051733));
#6637 = CARTESIAN_POINT('',(-0.695723935803,-8.4750573121));
#6638 = CARTESIAN_POINT('',(-0.642313634804,-8.481872692939));
#6639 = CARTESIAN_POINT('',(-0.588904575875,-8.488687921758));
#6640 = CARTESIAN_POINT('',(-0.468556529433,-8.504022197529));
#6641 = CARTESIAN_POINT('',(-0.401622168888,-8.512540898914));
#6642 = CARTESIAN_POINT('',(-0.334685641715,-8.521052735358));
#6643 = CARTESIAN_POINT('',(-0.267745183578,-8.529560639967));
#6644 = CARTESIAN_POINT('',(-0.20080163715,-8.538067250827));
#6645 = CARTESIAN_POINT('',(-0.133858452115,-8.546574911005));
#6646 = CARTESIAN_POINT('',(-6.6921685165E-02,-8.555085668547));
#6647 = CARTESIAN_POINT('',(0.,-8.563601276476));
#6648 = ( GEOMETRIC_REPRESENTATION_CONTEXT(2) 
PARAMETRIC_REPRESENTATION_CONTEXT() REPRESENTATION_CONTEXT('2D SPACE',''
  ) );
#6649 = ORIENTED_EDGE('',*,*,#6650,.T.);
#6650 = EDGE_CURVE('',#6421,#6651,#6653,.T.);
#6651 = VERTEX_POINT('',#6652);
#6652 = CARTESIAN_POINT('',(9.363650381508,12.5,0.));
#6653 = SURFACE_CURVE('',#6654,(#6720,#6789),.PCURVE_S1.);
#6654 = B_SPLINE_CURVE_WITH_KNOTS('',8,(#6655,#6656,#6657,#6658,#6659,
    #6660,#6661,#6662,#6663,#6664,#6665,#6666,#6667,#6668,#6669,#6670,
    #6671,#6672,#6673,#6674,#6675,#6676,#6677,#6678,#6679,#6680,#6681,
    #6682,#6683,#6684,#6685,#6686,#6687,#6688,#6689,#6690,#6691,#6692,
    #6693,#6694,#6695,#6696,#6697,#6698,#6699,#6700,#6701,#6702,#6703,
    #6704,#6705,#6706,#6707,#6708,#6709,#6710,#6711,#6712,#6713,#6714,
    #6715,#6716,#6717,#6718,#6719),.UNSPECIFIED.,.F.,.F.,(9,7,7,7,7,7,7,
    7,7,9),(0.,0.154008210179,0.238539054133,0.309573383869,
    0.461074436909,0.59931760376,0.722769055546,0.828079798308,
    0.915584421565,1.),.UNSPECIFIED.);
#6655 = CARTESIAN_POINT('',(8.563601276476,12.5,1.7763568394E-15));
#6656 = CARTESIAN_POINT('',(8.578987460141,12.5,-1.511444261538));
#6657 = CARTESIAN_POINT('',(8.594412450812,12.291133971223,
    -3.025004537835));
#6658 = CARTESIAN_POINT('',(8.609844943832,11.872386989342,
    -4.503630744467));
#6659 = CARTESIAN_POINT('',(8.625275400519,11.251811402492,
    -5.914021550772));
#6660 = CARTESIAN_POINT('',(8.640688284938,10.442015356744,
    -7.225086807527));
#6661 = CARTESIAN_POINT('',(8.656093755354,9.461429147683,
    -8.408675471692));
#6662 = CARTESIAN_POINT('',(8.671504142027,8.332898112899,
    -9.439140037192));
#6663 = CARTESIAN_POINT('',(8.695332254484,6.404559811861,
    -10.76660859899));
#6664 = CARTESIAN_POINT('',(8.703775427231,5.685480110389,
    -11.18523137375));
#6665 = CARTESIAN_POINT('',(8.712219506433,4.935348445714,
    -11.54883584066));
#6666 = CARTESIAN_POINT('',(8.720665488411,4.159072931083,-11.8547523182
    ));
#6667 = CARTESIAN_POINT('',(8.729113687926,3.361785352989,
    -12.10086883098));
#6668 = CARTESIAN_POINT('',(8.737563738177,2.54884117117,-12.28563110973
    ));
#6669 = CARTESIAN_POINT('',(8.746014590802,1.725819518612,-12.4080425913
    ));
#6670 = CARTESIAN_POINT('',(8.761565293962,0.20331614307,-12.51776679958
    ));
#6671 = CARTESIAN_POINT('',(8.768667574704,-0.495199185488,
    -12.52357681599));
#6672 = CARTESIAN_POINT('',(8.775770850582,-1.193658615953,
    -12.48482840805));
#6673 = CARTESIAN_POINT('',(8.782874575358,-1.888728957903,
    -12.40156171099));
#6674 = CARTESIAN_POINT('',(8.789978164081,-2.577107998671,
    -12.27412305512));
#6675 = CARTESIAN_POINT('',(8.797080993086,-3.255524503347,
    -12.10316496586));
#6676 = CARTESIAN_POINT('',(8.804182399995,-3.920738214775,
    -11.88964616369));
#6677 = CARTESIAN_POINT('',(8.826422939549,-5.953295170947,
    -11.09136644949));
#6678 = CARTESIAN_POINT('',(8.841584667292,-7.265307340894,
    -10.35898228667));
#6679 = CARTESIAN_POINT('',(8.856733551134,-8.472135588798,
    -9.449653300816));
#6680 = CARTESIAN_POINT('',(8.871878427682,-9.54690802591,
    -8.382096298863));
#6681 = CARTESIAN_POINT('',(8.887033765697,-10.46639473966,
    -7.178233799819));
#6682 = CARTESIAN_POINT('',(8.902202971057,-11.21191936373,
    -5.863971984593));
#6683 = CARTESIAN_POINT('',(8.917383509433,-11.76845150115,
    -4.468176587593));
#6684 = CARTESIAN_POINT('',(8.94636361172,-12.45674752141,
    -1.708931524899));
#6685 = CARTESIAN_POINT('',(8.960194708894,-12.62206312057,
    -0.350769313476));
#6686 = CARTESIAN_POINT('',(8.974008363618,-12.61758366849,
    1.023851893897));
#6687 = CARTESIAN_POINT('',(8.987807094968,-12.44232756455,
    2.390414732304));
#6688 = CARTESIAN_POINT('',(9.001599753664,-12.09874795321,
    3.724812861371));
#6689 = CARTESIAN_POINT('',(9.015407938405,-11.59333671849,
    5.003615762748));
#6690 = CARTESIAN_POINT('',(9.029240651538,-10.9361845508,6.204034214504
    ));
#6691 = CARTESIAN_POINT('',(9.055420280424,-9.435531573374,
    8.287834175453));
#6692 = CARTESIAN_POINT('',(9.06778823889,-8.618187291993,9.193198957081
    ));
#6693 = CARTESIAN_POINT('',(9.080167571119,-7.702030195649,
    10.005611123322));
#6694 = CARTESIAN_POINT('',(9.092537032145,-6.6996881016,10.712726423753
    ));
#6695 = CARTESIAN_POINT('',(9.104879534721,-5.625216805744,
    11.304422321746));
#6696 = CARTESIAN_POINT('',(9.117194584575,-4.493852995847,
    11.772555508061));
#6697 = CARTESIAN_POINT('',(9.12950439157,-3.322104377746,12.11121949444
    ));
#6698 = CARTESIAN_POINT('',(9.152388245671,-1.109692617651,
    12.493472628623));
#6699 = CARTESIAN_POINT('',(9.162950350989,-7.402820178406E-02,
    12.573292281124));
#6700 = CARTESIAN_POINT('',(9.173501341539,0.967477491982,
    12.554820273926));
#6701 = CARTESIAN_POINT('',(9.184026933128,2.003797089174,
    12.437806545565));
#6702 = CARTESIAN_POINT('',(9.194534795963,3.024238858196,
    12.223407389651));
#6703 = CARTESIAN_POINT('',(9.205039468189,4.018431648543,
    11.914007743056));
#6704 = CARTESIAN_POINT('',(9.215548793377,4.976335856018,
    11.513255557081));
#6705 = CARTESIAN_POINT('',(9.234805122044,6.646151514939,
    10.621521327949));
#6706 = CARTESIAN_POINT('',(9.243549625605,7.37227175166,10.157218684036
    ));
#6707 = CARTESIAN_POINT('',(9.252299862333,8.061081049229,9.636361748949
    ));
#6708 = CARTESIAN_POINT('',(9.26105547786,8.707433764762,9.062484349195)
  );
#6709 = CARTESIAN_POINT('',(9.269815511533,9.306664053489,8.439597949254
    ));
#6710 = CARTESIAN_POINT('',(9.278578396416,9.854585868748,7.772191651575
    ));
#6711 = CARTESIAN_POINT('',(9.287341959286,10.347492961989,
    7.065232196581));
#6712 = CARTESIAN_POINT('',(9.304555589227,11.201480442746,
    5.609256552088));
#6713 = CARTESIAN_POINT('',(9.313007134089,11.566700611787,
    4.862385260233));
#6714 = CARTESIAN_POINT('',(9.321456126075,11.874914477785,
    4.088565626996));
#6715 = CARTESIAN_POINT('',(9.329901423306,12.123799738082,
    3.292944817468));
#6716 = CARTESIAN_POINT('',(9.338342671171,12.311616699473,
    2.480801621931));
#6717 = CARTESIAN_POINT('',(9.346780302329,12.437208278211,
    1.657546455863));
#6718 = CARTESIAN_POINT('',(9.355215536709,12.5,0.828721359931));
#6719 = CARTESIAN_POINT('',(9.363650381508,12.5,-3.730349362741E-14));
#6720 = PCURVE('',#682,#6721);
#6721 = DEFINITIONAL_REPRESENTATION('',(#6722),#6788);
#6722 = B_SPLINE_CURVE_WITH_KNOTS('',8,(#6723,#6724,#6725,#6726,#6727,
    #6728,#6729,#6730,#6731,#6732,#6733,#6734,#6735,#6736,#6737,#6738,
    #6739,#6740,#6741,#6742,#6743,#6744,#6745,#6746,#6747,#6748,#6749,
    #6750,#6751,#6752,#6753,#6754,#6755,#6756,#6757,#6758,#6759,#6760,
    #6761,#6762,#6763,#6764,#6765,#6766,#6767,#6768,#6769,#6770,#6771,
    #6772,#6773,#6774,#6775,#6776,#6777,#6778,#6779,#6780,#6781,#6782,
    #6783,#6784,#6785,#6786,#6787),.UNSPECIFIED.,.F.,.F.,(9,7,7,7,7,7,7,
    7,7,9),(0.,0.154008210179,0.238539054133,0.309573383869,
    0.461074436909,0.59931760376,0.722769055546,0.828079798308,
    0.915584421565,1.),.UNSPECIFIED.);
#6723 = CARTESIAN_POINT('',(0.414967632321,64.922579178984));
#6724 = CARTESIAN_POINT('',(0.414957066603,65.044470857518));
#6725 = CARTESIAN_POINT('',(0.414966299981,65.166532431952));
#6726 = CARTESIAN_POINT('',(0.414998244997,65.288495846611));
#6727 = CARTESIAN_POINT('',(0.415035251213,65.410408028156));
#6728 = CARTESIAN_POINT('',(0.415050856555,65.532329549226));
#6729 = CARTESIAN_POINT('',(0.415049441683,65.654310446496));
#6730 = CARTESIAN_POINT('',(0.415038347848,65.776397414333));
#6731 = CARTESIAN_POINT('',(0.415017950967,65.965195319434));
#6732 = CARTESIAN_POINT('',(0.415010019376,66.032098215847));
#6733 = CARTESIAN_POINT('',(0.415002789553,66.099003420592));
#6734 = CARTESIAN_POINT('',(0.414997213164,66.165912219857));
#6735 = CARTESIAN_POINT('',(0.414993788201,66.232823650944));
#6736 = CARTESIAN_POINT('',(0.414992558984,66.29973450227));
#6737 = CARTESIAN_POINT('',(0.414993116159,66.366639313369));
#6738 = CARTESIAN_POINT('',(0.414995840853,66.489741356555));
#6739 = CARTESIAN_POINT('',(0.414997865825,66.545958818461));
#6740 = CARTESIAN_POINT('',(0.415000087216,66.602182796545));
#6741 = CARTESIAN_POINT('',(0.415002053049,66.658412101562));
#6742 = CARTESIAN_POINT('',(0.415003443774,66.714644319076));
#6743 = CARTESIAN_POINT('',(0.415004072265,66.770875809463));
#6744 = CARTESIAN_POINT('',(0.415003883823,66.827101707911));
#6745 = CARTESIAN_POINT('',(0.415000977691,67.00320884138));
#6746 = CARTESIAN_POINT('',(0.41499588497,67.123285447027));
#6747 = CARTESIAN_POINT('',(0.41498943935,67.24326974837));
#6748 = CARTESIAN_POINT('',(0.414986673777,67.363196793134));
#6749 = CARTESIAN_POINT('',(0.414996066673,67.483122318442));
#6750 = CARTESIAN_POINT('',(0.415013715786,67.603100360972));
#6751 = CARTESIAN_POINT('',(0.41502953635,67.723180816575));
#6752 = CARTESIAN_POINT('',(0.415044877904,67.952521092575));
#6753 = CARTESIAN_POINT('',(0.415045718684,68.062021418265));
#6754 = CARTESIAN_POINT('',(0.415035341922,68.17146146477));
#6755 = CARTESIAN_POINT('',(0.415011905703,68.280873954452));
#6756 = CARTESIAN_POINT('',(0.414979879148,68.390297958116));
#6757 = CARTESIAN_POINT('',(0.414958796892,68.49976896296));
#6758 = CARTESIAN_POINT('',(0.414957489686,68.609296982871));
#6759 = CARTESIAN_POINT('',(0.414983811259,68.816388652122));
#6760 = CARTESIAN_POINT('',(0.415006150139,68.914155604483));
#6761 = CARTESIAN_POINT('',(0.415044267411,69.011903142483));
#6762 = CARTESIAN_POINT('',(0.415075847839,69.109617878949));
#6763 = CARTESIAN_POINT('',(0.415077260087,69.207328468603));
#6764 = CARTESIAN_POINT('',(0.415043279677,69.305067231857));
#6765 = CARTESIAN_POINT('',(0.414999679345,69.402831206931));
#6766 = CARTESIAN_POINT('',(0.415016370644,69.583895741325));
#6767 = CARTESIAN_POINT('',(0.415049121265,69.667292821508));
#6768 = CARTESIAN_POINT('',(0.415071431745,69.750674331494));
#6769 = CARTESIAN_POINT('',(0.415068217956,69.834031819137));
#6770 = CARTESIAN_POINT('',(0.41504670764,69.917375870068));
#6771 = CARTESIAN_POINT('',(0.415020986623,70.000723869938));
#6772 = CARTESIAN_POINT('',(0.414997738089,70.084091555775));
#6773 = CARTESIAN_POINT('',(0.414968393628,70.2367549483));
#6774 = CARTESIAN_POINT('',(0.414960882624,70.306040679225));
#6775 = CARTESIAN_POINT('',(0.414959879646,70.375326653096));
#6776 = CARTESIAN_POINT('',(0.414965222047,70.444611192736));
#6777 = CARTESIAN_POINT('',(0.414975882778,70.513893817397));
#6778 = CARTESIAN_POINT('',(0.414989970391,70.583175242761));
#6779 = CARTESIAN_POINT('',(0.415004729038,70.652457380943));
#6780 = CARTESIAN_POINT('',(0.41502793101,70.788583401443));
#6781 = CARTESIAN_POINT('',(0.415037230742,70.855433042807));
#6782 = CARTESIAN_POINT('',(0.415043202353,70.922285560548));
#6783 = CARTESIAN_POINT('',(0.415045235631,70.989136147217));
#6784 = CARTESIAN_POINT('',(0.415043345463,71.055981891939));
#6785 = CARTESIAN_POINT('',(0.415038171832,71.122821780416));
#6786 = CARTESIAN_POINT('',(0.415030979823,71.189656694928));
#6787 = CARTESIAN_POINT('',(0.415023659617,71.256489414335));
#6788 = ( GEOMETRIC_REPRESENTATION_CONTEXT(2) 
PARAMETRIC_REPRESENTATION_CONTEXT() REPRESENTATION_CONTEXT('2D SPACE',''
  ) );
#6789 = PCURVE('',#1697,#6790);
#6790 = DEFINITIONAL_REPRESENTATION('',(#6791),#6857);
#6791 = B_SPLINE_CURVE_WITH_KNOTS('',8,(#6792,#6793,#6794,#6795,#6796,
    #6797,#6798,#6799,#6800,#6801,#6802,#6803,#6804,#6805,#6806,#6807,
    #6808,#6809,#6810,#6811,#6812,#6813,#6814,#6815,#6816,#6817,#6818,
    #6819,#6820,#6821,#6822,#6823,#6824,#6825,#6826,#6827,#6828,#6829,
    #6830,#6831,#6832,#6833,#6834,#6835,#6836,#6837,#6838,#6839,#6840,
    #6841,#6842,#6843,#6844,#6845,#6846,#6847,#6848,#6849,#6850,#6851,
    #6852,#6853,#6854,#6855,#6856),.UNSPECIFIED.,.F.,.F.,(9,7,7,7,7,7,7,
    7,7,9),(0.,0.154008210179,0.238539054133,0.309573383869,
    0.461074436909,0.59931760376,0.722769055546,0.828079798308,
    0.915584421565,1.),.UNSPECIFIED.);
#6792 = CARTESIAN_POINT('',(-6.28318530718,-8.563601276476));
#6793 = CARTESIAN_POINT('',(-6.162269766257,-8.578987460141));
#6794 = CARTESIAN_POINT('',(-6.04118544419,-8.594412450812));
#6795 = CARTESIAN_POINT('',(-5.92019853917,-8.609844943832));
#6796 = CARTESIAN_POINT('',(-5.799263047211,-8.625275400519));
#6797 = CARTESIAN_POINT('',(-5.678318493771,-8.640688284938));
#6798 = CARTESIAN_POINT('',(-5.557314715091,-8.656093755354));
#6799 = CARTESIAN_POINT('',(-5.436205349194,-8.671504142027));
#6800 = CARTESIAN_POINT('',(-5.248918849762,-8.695332254484));
#6801 = CARTESIAN_POINT('',(-5.182551452964,-8.703775427231));
#6802 = CARTESIAN_POINT('',(-5.116181726568,-8.712219506433));
#6803 = CARTESIAN_POINT('',(-5.049808436427,-8.720665488411));
#6804 = CARTESIAN_POINT('',(-4.983432574901,-8.729113687926));
#6805 = CARTESIAN_POINT('',(-4.917057360851,-8.737563738177));
#6806 = CARTESIAN_POINT('',(-4.850688239645,-8.746014590802));
#6807 = CARTESIAN_POINT('',(-4.728572073825,-8.761565293962));
#6808 = CARTESIAN_POINT('',(-4.672804920137,-8.768667574704));
#6809 = CARTESIAN_POINT('',(-4.617031382203,-8.775770850582));
#6810 = CARTESIAN_POINT('',(-4.561252629409,-8.782874575358));
#6811 = CARTESIAN_POINT('',(-4.505471040418,-8.789978164081));
#6812 = CARTESIAN_POINT('',(-4.449690203173,-8.797080993086));
#6813 = CARTESIAN_POINT('',(-4.393914914892,-8.804182399995));
#6814 = CARTESIAN_POINT('',(-4.219219050585,-8.826422939549));
#6815 = CARTESIAN_POINT('',(-4.100104573443,-8.841584667292));
#6816 = CARTESIAN_POINT('',(-3.98108128848,-8.856733551134));
#6817 = CARTESIAN_POINT('',(-3.862114251402,-8.871878427681));
#6818 = CARTESIAN_POINT('',(-3.743148335268,-8.887033765697));
#6819 = CARTESIAN_POINT('',(-3.624130448676,-8.902202971057));
#6820 = CARTESIAN_POINT('',(-3.505011273805,-8.917383509433));
#6821 = CARTESIAN_POINT('',(-3.277507466681,-8.94636361172));
#6822 = CARTESIAN_POINT('',(-3.168884208954,-8.960194708894));
#6823 = CARTESIAN_POINT('',(-3.060320951016,-8.974008363618));
#6824 = CARTESIAN_POINT('',(-2.95178507593,-8.987807094968));
#6825 = CARTESIAN_POINT('',(-2.843237464995,-9.001599753664));
#6826 = CARTESIAN_POINT('',(-2.734642879235,-9.015407938405));
#6827 = CARTESIAN_POINT('',(-2.625991800769,-9.029240651538));
#6828 = CARTESIAN_POINT('',(-2.42055869129,-9.055420280424));
#6829 = CARTESIAN_POINT('',(-2.323574612091,-9.06778823889));
#6830 = CARTESIAN_POINT('',(-2.226610994368,-9.080167571119));
#6831 = CARTESIAN_POINT('',(-2.129680007677,-9.092537032145));
#6832 = CARTESIAN_POINT('',(-2.03275210089,-9.104879534721));
#6833 = CARTESIAN_POINT('',(-1.935795210988,-9.117194584575));
#6834 = CARTESIAN_POINT('',(-1.838813256708,-9.12950439157));
#6835 = CARTESIAN_POINT('',(-1.659197965514,-9.152388245671));
#6836 = CARTESIAN_POINT('',(-1.576467305975,-9.162950350989));
#6837 = CARTESIAN_POINT('',(-1.493753351202,-9.173501341539));
#6838 = CARTESIAN_POINT('',(-1.411064015162,-9.184026933128));
#6839 = CARTESIAN_POINT('',(-1.328388122365,-9.194534795963));
#6840 = CARTESIAN_POINT('',(-1.245708170435,-9.205039468189));
#6841 = CARTESIAN_POINT('',(-1.163008455628,-9.215548793377));
#6842 = CARTESIAN_POINT('',(-1.011567921658,-9.234805122044));
#6843 = CARTESIAN_POINT('',(-0.942837027982,-9.243549625605));
#6844 = CARTESIAN_POINT('',(-0.874105825057,-9.252299862333));
#6845 = CARTESIAN_POINT('',(-0.805376040897,-9.26105547786));
#6846 = CARTESIAN_POINT('',(-0.736648196488,-9.269815511533));
#6847 = CARTESIAN_POINT('',(-0.667921605783,-9.278578396416));
#6848 = CARTESIAN_POINT('',(-0.599194375706,-9.287341959286));
#6849 = CARTESIAN_POINT('',(-0.464158743202,-9.304555589227));
#6850 = CARTESIAN_POINT('',(-0.397844626925,-9.313007134089));
#6851 = CARTESIAN_POINT('',(-0.331527652728,-9.321456126075));
#6852 = CARTESIAN_POINT('',(-0.265212548132,-9.329901423306));
#6853 = CARTESIAN_POINT('',(-0.198902172766,-9.338342671171));
#6854 = CARTESIAN_POINT('',(-0.13259751837,-9.346780302329));
#6855 = CARTESIAN_POINT('',(-6.629770879452E-02,-9.355215536709));
#6856 = CARTESIAN_POINT('',(0.,-9.363650381508));
#6857 = ( GEOMETRIC_REPRESENTATION_CONTEXT(2) 
PARAMETRIC_REPRESENTATION_CONTEXT() REPRESENTATION_CONTEXT('2D SPACE',''
  ) );
#6858 = ORIENTED_EDGE('',*,*,#6859,.T.);
#6859 = EDGE_CURVE('',#6651,#4182,#6860,.T.);
#6860 = SURFACE_CURVE('',#6861,(#6927,#6996),.PCURVE_S1.);
#6861 = B_SPLINE_CURVE_WITH_KNOTS('',8,(#6862,#6863,#6864,#6865,#6866,
    #6867,#6868,#6869,#6870,#6871,#6872,#6873,#6874,#6875,#6876,#6877,
    #6878,#6879,#6880,#6881,#6882,#6883,#6884,#6885,#6886,#6887,#6888,
    #6889,#6890,#6891,#6892,#6893,#6894,#6895,#6896,#6897,#6898,#6899,
    #6900,#6901,#6902,#6903,#6904,#6905,#6906,#6907,#6908,#6909,#6910,
    #6911,#6912,#6913,#6914,#6915,#6916,#6917,#6918,#6919,#6920,#6921,
    #6922,#6923,#6924,#6925,#6926),.UNSPECIFIED.,.F.,.F.,(9,7,7,7,7,7,7,
    7,7,9),(0.,8.425768016054E-02,0.220579783478,0.330329154271,
    0.448668291041,0.526576111829,0.652333552074,0.733638664503,
    0.864218036797,1.),.UNSPECIFIED.);
#6862 = CARTESIAN_POINT('',(9.363650381508,12.5,-3.730349362741E-14));
#6863 = CARTESIAN_POINT('',(9.372064463485,12.5,-0.826681417975));
#6864 = CARTESIAN_POINT('',(9.380479623537,12.437517496165,
    -1.653511039785));
#6865 = CARTESIAN_POINT('',(9.3888955088,12.312513889204,-2.474831714002
    ));
#6866 = CARTESIAN_POINT('',(9.397312856044,12.125592391115,
    -3.285124852063));
#6867 = CARTESIAN_POINT('',(9.405732492439,11.877916152431,
    -4.078990191559));
#6868 = CARTESIAN_POINT('',(9.414154475087,11.571191487085,
    -4.85114580305));
#6869 = CARTESIAN_POINT('',(9.422577369317,11.20771619489,
    -5.596448340425));
#6870 = CARTESIAN_POINT('',(9.444621023469,10.115459609294,
    -7.464294801255));
#6871 = CARTESIAN_POINT('',(9.458261116767,9.298563433865,
    -8.537369203049));
#6872 = CARTESIAN_POINT('',(9.471894641917,8.352085029314,
    -9.506941097513));
#6873 = CARTESIAN_POINT('',(9.485519937371,7.291899125925,
    -10.35529659055));
#6874 = CARTESIAN_POINT('',(9.499140069762,6.135882272918,
    -11.06751353432));
#6875 = CARTESIAN_POINT('',(9.512763881022,4.904092824113,
    -11.63184932507));
#6876 = CARTESIAN_POINT('',(9.526397575432,3.618434744246,
    -12.03934764844));
#6877 = CARTESIAN_POINT('',(9.55099234082,1.245470960191,-12.48432244808
    ));
#6878 = CARTESIAN_POINT('',(9.561969971194,0.167035115694,
    -12.57868959261));
#6879 = CARTESIAN_POINT('',(9.572949741137,-0.918899985868,
    -12.56641033839));
#6880 = CARTESIAN_POINT('',(9.583931235122,-1.999981348767,
    -12.44705197518));
#6881 = CARTESIAN_POINT('',(9.594913988034,-3.064086925871,
    -12.22173813815));
#6882 = CARTESIAN_POINT('',(9.60589599876,-4.099340905296,
    -11.89317396148));
#6883 = CARTESIAN_POINT('',(9.616875125536,-5.094138908362,
    -11.46559429967));
#6884 = CARTESIAN_POINT('',(9.639670769765,-7.054205409389,
    -10.38445917468));
#6885 = CARTESIAN_POINT('',(9.651499198038,-8.012241239033,
    -9.715189967053));
#6886 = CARTESIAN_POINT('',(9.663318803806,-8.897021661887,
    -8.945174654916));
#6887 = CARTESIAN_POINT('',(9.675132228368,-9.696385594899,
    -8.084043867977));
#6888 = CARTESIAN_POINT('',(9.686947647394,-10.39973055244,
    -7.142783791879));
#6889 = CARTESIAN_POINT('',(9.698776155017,-10.99811154694,
    -6.133791485352));
#6890 = CARTESIAN_POINT('',(9.71062034154,-11.48418442025,
    -5.070769926979));
#6891 = CARTESIAN_POINT('',(9.730263335583,-12.09585941567,
    -3.244217954504));
#6892 = CARTESIAN_POINT('',(9.738067345183,-12.28801866357,
    -2.501983491569));
#6893 = CARTESIAN_POINT('',(9.745873617953,-12.42808717973,
    -1.746915118328));
#6894 = CARTESIAN_POINT('',(9.753679029234,-12.51507438016,
    -0.983316157178));
#6895 = CARTESIAN_POINT('',(9.76148102985,-12.54842102699,
    -0.215513158202));
#6896 = CARTESIAN_POINT('',(9.769277646103,-12.52799922848,
    0.552144100823));
#6897 = CARTESIAN_POINT('',(9.777067479779,-12.45411243905,1.31528261443
    ));
#6898 = CARTESIAN_POINT('',(9.797411644905,-12.12311254731,
    3.286960574163));
#6899 = CARTESIAN_POINT('',(9.809939945917,-11.7811634691,4.482234086336
    ));
#6900 = CARTESIAN_POINT('',(9.822537208128,-11.30458807921,
    5.635879621528));
#6901 = CARTESIAN_POINT('',(9.835164968107,-10.69965788407,
    6.730342080993));
#6902 = CARTESIAN_POINT('',(9.847767666952,-9.975059767044,
    7.749509273594));
#6903 = CARTESIAN_POINT('',(9.86033330444,-9.141554635325,8.67860305063)
  );
#6904 = CARTESIAN_POINT('',(9.872890782428,-8.212210988699,
    9.504410633607));
#6905 = CARTESIAN_POINT('',(9.893559844438,-6.55087298852,
    10.675822212177));
#6906 = CARTESIAN_POINT('',(9.901678815452,-5.864737623981,
    11.088341423408));
#6907 = CARTESIAN_POINT('',(9.909800900246,-5.149072185074,
    11.450324135451));
#6908 = CARTESIAN_POINT('',(9.917927143554,-4.408331708435,
    11.75930652508));
#6909 = CARTESIAN_POINT('',(9.926058201817,-3.647114854467,
    12.01334708875));
#6910 = CARTESIAN_POINT('',(9.934193670941,-2.870137307224,
    12.210971970001));
#6911 = CARTESIAN_POINT('',(9.942332125138,-2.082225118374,
    12.351169104503));
#6912 = CARTESIAN_POINT('',(9.963544628593,-1.329639016E-02,
    12.565547481763));
#6913 = CARTESIAN_POINT('',(9.976633013515,1.27838435485,12.548346096491
    ));
#6914 = CARTESIAN_POINT('',(9.989712499004,2.564611289951,
    12.379095234149));
#6915 = CARTESIAN_POINT('',(10.002776191058,3.824483052838,
    12.059559135574));
#6916 = CARTESIAN_POINT('',(10.015828038352,5.038124100244,
    11.594619340866));
#6917 = CARTESIAN_POINT('',(10.028877743905,6.186583128898,
    10.991818579314));
#6918 = CARTESIAN_POINT('',(10.041932695349,7.251969941764,
    10.261703265442));
#6919 = CARTESIAN_POINT('',(10.068551698722,9.222508811726,
    8.542396258579));
#6920 = CARTESIAN_POINT('',(10.082133743206,10.120952977748,
    7.542856462235));
#6921 = CARTESIAN_POINT('',(10.095713850261,10.894332092241,
    6.436234062995));
#6922 = CARTESIAN_POINT('',(10.109295780546,11.528461548324,
    5.241104880976));
#6923 = CARTESIAN_POINT('',(10.122879646569,12.012124849924,
    3.977544315403));
#6924 = CARTESIAN_POINT('',(10.136465926849,12.337541208969,
    2.667175800324));
#6925 = CARTESIAN_POINT('',(10.150055926754,12.499999997348,
    1.333000859803));
#6926 = CARTESIAN_POINT('',(10.163631962487,12.5,1.7763568394E-15));
#6927 = PCURVE('',#682,#6928);
#6928 = DEFINITIONAL_REPRESENTATION('',(#6929),#6995);
#6929 = B_SPLINE_CURVE_WITH_KNOTS('',8,(#6930,#6931,#6932,#6933,#6934,
    #6935,#6936,#6937,#6938,#6939,#6940,#6941,#6942,#6943,#6944,#6945,
    #6946,#6947,#6948,#6949,#6950,#6951,#6952,#6953,#6954,#6955,#6956,
    #6957,#6958,#6959,#6960,#6961,#6962,#6963,#6964,#6965,#6966,#6967,
    #6968,#6969,#6970,#6971,#6972,#6973,#6974,#6975,#6976,#6977,#6978,
    #6979,#6980,#6981,#6982,#6983,#6984,#6985,#6986,#6987,#6988,#6989,
    #6990,#6991,#6992,#6993,#6994),.UNSPECIFIED.,.F.,.F.,(9,7,7,7,7,7,7,
    7,7,9),(0.,8.425768016054E-02,0.220579783478,0.330329154271,
    0.448668291041,0.526576111829,0.652333552074,0.733638664503,
    0.864218036797,1.),.UNSPECIFIED.);
#6930 = CARTESIAN_POINT('',(0.415023659617,71.256489414335));
#6931 = CARTESIAN_POINT('',(0.415016357431,71.323157621428));
#6932 = CARTESIAN_POINT('',(0.415008600333,71.389837519949));
#6933 = CARTESIAN_POINT('',(0.415001575751,71.456518078514));
#6934 = CARTESIAN_POINT('',(0.414996318512,71.523197951419));
#6935 = CARTESIAN_POINT('',(0.414993340126,71.589880139136));
#6936 = CARTESIAN_POINT('',(0.414992519523,71.656565933657));
#6937 = CARTESIAN_POINT('',(0.414993255241,71.723248148667));
#6938 = CARTESIAN_POINT('',(0.414997506292,71.89774681301));
#6939 = CARTESIAN_POINT('',(0.415002454091,72.005706394489));
#6940 = CARTESIAN_POINT('',(0.41500684234,72.113617854947));
#6941 = CARTESIAN_POINT('',(0.415006903817,72.221494173904));
#6942 = CARTESIAN_POINT('',(0.415001357537,72.329368517899));
#6943 = CARTESIAN_POINT('',(0.414995130226,72.437276713747));
#6944 = CARTESIAN_POINT('',(0.414992223011,72.545240126011));
#6945 = CARTESIAN_POINT('',(0.414995338364,72.739944806348));
#6946 = CARTESIAN_POINT('',(0.414999731115,72.826828488072));
#6947 = CARTESIAN_POINT('',(0.415007814863,72.913703504056));
#6948 = CARTESIAN_POINT('',(0.41501912337,73.000569798817));
#6949 = CARTESIAN_POINT('',(0.41503130246,73.087440021458));
#6950 = CARTESIAN_POINT('',(0.415040363436,73.174325999236));
#6951 = CARTESIAN_POINT('',(0.415043670166,73.261229062592));
#6952 = CARTESIAN_POINT('',(0.415037759038,73.441752022724));
#6953 = CARTESIAN_POINT('',(0.415027538493,73.535473178016));
#6954 = CARTESIAN_POINT('',(0.415009633806,73.629177789244));
#6955 = CARTESIAN_POINT('',(0.414986606653,73.722868997402));
#6956 = CARTESIAN_POINT('',(0.41496524596,73.816564435484));
#6957 = CARTESIAN_POINT('',(0.414955862958,73.910280407832));
#6958 = CARTESIAN_POINT('',(0.414961084103,74.004019202747));
#6959 = CARTESIAN_POINT('',(0.414986595615,74.159363419982));
#6960 = CARTESIAN_POINT('',(0.415002510091,74.221040385684));
#6961 = CARTESIAN_POINT('',(0.415020495186,74.282720905689));
#6962 = CARTESIAN_POINT('',(0.41503736628,74.344402333734));
#6963 = CARTESIAN_POINT('',(0.415050470204,74.406082892825));
#6964 = CARTESIAN_POINT('',(0.41505768524,74.467761675238));
#6965 = CARTESIAN_POINT('',(0.415057421124,74.529438642519));
#6966 = CARTESIAN_POINT('',(0.415034410888,74.69067091731));
#6967 = CARTESIAN_POINT('',(0.414971788534,74.790296765255));
#6968 = CARTESIAN_POINT('',(0.414991472493,74.889897601574));
#6969 = CARTESIAN_POINT('',(0.4150510213,74.989463351235));
#6970 = CARTESIAN_POINT('',(0.415082130766,75.089027995144));
#6971 = CARTESIAN_POINT('',(0.415065914057,75.188627533312));
#6972 = CARTESIAN_POINT('',(0.415036162574,75.288256347983));
#6973 = CARTESIAN_POINT('',(0.41499405288,75.452193456851));
#6974 = CARTESIAN_POINT('',(0.414977815426,75.516587143269));
#6975 = CARTESIAN_POINT('',(0.414965419957,75.580978829022));
#6976 = CARTESIAN_POINT('',(0.414959203648,75.645360572001));
#6977 = CARTESIAN_POINT('',(0.414959734224,75.709733631139));
#6978 = CARTESIAN_POINT('',(0.414965877419,75.774102675966));
#6979 = CARTESIAN_POINT('',(0.414975493879,75.838471259506));
#6980 = CARTESIAN_POINT('',(0.415004868154,76.006215091713));
#6981 = CARTESIAN_POINT('',(0.415027160185,76.109686260711));
#6982 = CARTESIAN_POINT('',(0.415045740164,76.213112721649));
#6983 = CARTESIAN_POINT('',(0.415051762683,76.316501255772));
#6984 = CARTESIAN_POINT('',(0.415045418357,76.419881803809));
#6985 = CARTESIAN_POINT('',(0.41503300131,76.523287523633));
#6986 = CARTESIAN_POINT('',(0.415020060903,76.626738407987));
#6987 = CARTESIAN_POINT('',(0.414998792604,76.837638923842));
#6988 = CARTESIAN_POINT('',(0.414990777125,76.945229580792));
#6989 = CARTESIAN_POINT('',(0.414988263521,77.052762364806));
#6990 = CARTESIAN_POINT('',(0.414994426447,77.16026111405));
#6991 = CARTESIAN_POINT('',(0.414999855535,77.267761648412));
#6992 = CARTESIAN_POINT('',(0.415005008006,77.375302009023));
#6993 = CARTESIAN_POINT('',(0.415004686862,77.482898158382));
#6994 = CARTESIAN_POINT('',(0.415002553694,77.590399694222));
#6995 = ( GEOMETRIC_REPRESENTATION_CONTEXT(2) 
PARAMETRIC_REPRESENTATION_CONTEXT() REPRESENTATION_CONTEXT('2D SPACE',''
  ) );
#6996 = PCURVE('',#1476,#6997);
#6997 = DEFINITIONAL_REPRESENTATION('',(#6998),#7064);
#6998 = B_SPLINE_CURVE_WITH_KNOTS('',8,(#6999,#7000,#7001,#7002,#7003,
    #7004,#7005,#7006,#7007,#7008,#7009,#7010,#7011,#7012,#7013,#7014,
    #7015,#7016,#7017,#7018,#7019,#7020,#7021,#7022,#7023,#7024,#7025,
    #7026,#7027,#7028,#7029,#7030,#7031,#7032,#7033,#7034,#7035,#7036,
    #7037,#7038,#7039,#7040,#7041,#7042,#7043,#7044,#7045,#7046,#7047,
    #7048,#7049,#7050,#7051,#7052,#7053,#7054,#7055,#7056,#7057,#7058,
    #7059,#7060,#7061,#7062,#7063),.UNSPECIFIED.,.F.,.F.,(9,7,7,7,7,7,7,
    7,7,9),(0.,8.425768016054E-02,0.220579783478,0.330329154271,
    0.448668291041,0.526576111829,0.652333552074,0.733638664503,
    0.864218036797,1.),.UNSPECIFIED.);
#6999 = CARTESIAN_POINT('',(-6.28318530718,-9.363650381508));
#7000 = CARTESIAN_POINT('',(-6.217050793742,-9.372064463485));
#7001 = CARTESIAN_POINT('',(-6.15090461348,-9.380479623537));
#7002 = CARTESIAN_POINT('',(-6.084757731288,-9.3888955088));
#7003 = CARTESIAN_POINT('',(-6.018611526534,-9.397312856044));
#7004 = CARTESIAN_POINT('',(-5.952463072819,-9.405732492439));
#7005 = CARTESIAN_POINT('',(-5.886311130629,-9.414154475087));
#7006 = CARTESIAN_POINT('',(-5.820162852894,-9.422577369317));
#7007 = CARTESIAN_POINT('',(-5.647061729154,-9.444621023469));
#7008 = CARTESIAN_POINT('',(-5.5399670813,-9.458261116767));
#7009 = CARTESIAN_POINT('',(-5.432920469785,-9.471894641917));
#7010 = CARTESIAN_POINT('',(-5.325908882602,-9.485519937371));
#7011 = CARTESIAN_POINT('',(-5.218899105955,-9.499140069762));
#7012 = CARTESIAN_POINT('',(-5.111855384902,-9.512763881022));
#7013 = CARTESIAN_POINT('',(-5.004756540739,-9.526397575432));
#7014 = CARTESIAN_POINT('',(-4.811610632075,-9.55099234082));
#7015 = CARTESIAN_POINT('',(-4.725422375746,-9.561969971194));
#7016 = CARTESIAN_POINT('',(-4.639242627047,-9.572949741137));
#7017 = CARTESIAN_POINT('',(-4.553071547437,-9.583931235122));
#7018 = CARTESIAN_POINT('',(-4.466896712812,-9.594913988034));
#7019 = CARTESIAN_POINT('',(-4.380706442308,-9.60589599876));
#7020 = CARTESIAN_POINT('',(-4.294499377961,-9.616875125536));
#7021 = CARTESIAN_POINT('',(-4.115422387199,-9.639670769765));
#7022 = CARTESIAN_POINT('',(-4.022452027351,-9.651499198038));
#7023 = CARTESIAN_POINT('',(-3.929498088814,-9.663318803806));
#7024 = CARTESIAN_POINT('',(-3.836557329598,-9.675132228368));
#7025 = CARTESIAN_POINT('',(-3.74361213393,-9.686947647395));
#7026 = CARTESIAN_POINT('',(-3.650646444754,-9.698776155017));
#7027 = CARTESIAN_POINT('',(-3.557658238672,-9.71062034154));
#7028 = CARTESIAN_POINT('',(-3.403558252259,-9.730263335583));
#7029 = CARTESIAN_POINT('',(-3.34237539894,-9.738067345183));
#7030 = CARTESIAN_POINT('',(-3.281189136534,-9.745873617953));
#7031 = CARTESIAN_POINT('',(-3.220002064088,-9.753679029234));
#7032 = CARTESIAN_POINT('',(-3.158815885771,-9.76148102985));
#7033 = CARTESIAN_POINT('',(-3.097631410878,-9.769277646103));
#7034 = CARTESIAN_POINT('',(-3.03644855383,-9.777067479779));
#7035 = CARTESIAN_POINT('',(-2.876507066424,-9.797411644905));
#7036 = CARTESIAN_POINT('',(-2.777678077292,-9.809939945917));
#7037 = CARTESIAN_POINT('',(-2.67887405336,-9.822537208128));
#7038 = CARTESIAN_POINT('',(-2.580104918073,-9.835164968107));
#7039 = CARTESIAN_POINT('',(-2.481337082421,-9.847767666952));
#7040 = CARTESIAN_POINT('',(-2.382535364221,-9.86033330444));
#7041 = CARTESIAN_POINT('',(-2.283705576015,-9.872890782428));
#7042 = CARTESIAN_POINT('',(-2.121082103421,-9.893559844438));
#7043 = CARTESIAN_POINT('',(-2.057204312274,-9.901678815452));
#7044 = CARTESIAN_POINT('',(-1.993328361287,-9.909800900246));
#7045 = CARTESIAN_POINT('',(-1.929462159448,-9.917927143554));
#7046 = CARTESIAN_POINT('',(-1.865604520712,-9.926058201817));
#7047 = CARTESIAN_POINT('',(-1.801750873423,-9.934193670941));
#7048 = CARTESIAN_POINT('',(-1.73789773001,-9.942332125138));
#7049 = CARTESIAN_POINT('',(-1.571497265182,-9.963544628593));
#7050 = CARTESIAN_POINT('',(-1.468854873693,-9.976633013515));
#7051 = CARTESIAN_POINT('',(-1.366257013805,-9.989712499004));
#7052 = CARTESIAN_POINT('',(-1.263696796525,-10.00277619105));
#7053 = CARTESIAN_POINT('',(-1.161144278197,-10.01582803835));
#7054 = CARTESIAN_POINT('',(-1.058566463604,-10.0288777439));
#7055 = CARTESIAN_POINT('',(-0.955943655495,-10.04193269534));
#7056 = CARTESIAN_POINT('',(-0.746731188993,-10.06855169872));
#7057 = CARTESIAN_POINT('',(-0.640001638012,-10.0821337432));
#7058 = CARTESIAN_POINT('',(-0.533329566779,-10.09571385026));
#7059 = CARTESIAN_POINT('',(-0.426691686671,-10.10929578054));
#7060 = CARTESIAN_POINT('',(-0.320052324523,-10.12287964656));
#7061 = CARTESIAN_POINT('',(-0.21337389574,-10.13646592684));
#7062 = CARTESIAN_POINT('',(-0.106640068784,-10.15005592675));
#7063 = CARTESIAN_POINT('',(0.,-10.16363196248));
#7064 = ( GEOMETRIC_REPRESENTATION_CONTEXT(2) 
PARAMETRIC_REPRESENTATION_CONTEXT() REPRESENTATION_CONTEXT('2D SPACE',''
  ) );
#7065 = ORIENTED_EDGE('',*,*,#4181,.T.);
#7066 = ORIENTED_EDGE('',*,*,#7067,.T.);
#7067 = EDGE_CURVE('',#4184,#3907,#7068,.T.);
#7068 = SURFACE_CURVE('',#7069,(#7112,#7158),.PCURVE_S1.);
#7069 = B_SPLINE_CURVE_WITH_KNOTS('',6,(#7070,#7071,#7072,#7073,#7074,
    #7075,#7076,#7077,#7078,#7079,#7080,#7081,#7082,#7083,#7084,#7085,
    #7086,#7087,#7088,#7089,#7090,#7091,#7092,#7093,#7094,#7095,#7096,
    #7097,#7098,#7099,#7100,#7101,#7102,#7103,#7104,#7105,#7106,#7107,
    #7108,#7109,#7110,#7111),.UNSPECIFIED.,.F.,.F.,(7,5,5,5,5,5,5,5,7),(
    0.,0.122063354798,0.247376134706,0.369971644806,0.492830196363,
    0.618956786376,0.744354454834,0.870024255021,1.),.UNSPECIFIED.);
#7070 = CARTESIAN_POINT('',(10.6,-12.47999827778,8.764475563083E-07));
#7071 = CARTESIAN_POINT('',(10.6,-12.48450512871,0.804598371798));
#7072 = CARTESIAN_POINT('',(10.6,-12.42676307681,1.609589999195));
#7073 = CARTESIAN_POINT('',(10.6,-12.30676068631,2.40885974675));
#7074 = CARTESIAN_POINT('',(10.6,-12.12530969755,3.196453661405));
#7075 = CARTESIAN_POINT('',(10.6,-11.88390302908,3.966559962378));
#7076 = CARTESIAN_POINT('',(10.6,-11.27782732496,5.480406425749));
#7077 = CARTESIAN_POINT('',(10.6,-10.91001249209,6.222987633204));
#7078 = CARTESIAN_POINT('',(10.6,-10.48387140867,6.935169428629));
#7079 = CARTESIAN_POINT('',(10.6,-10.00264986498,7.611350211871));
#7080 = CARTESIAN_POINT('',(10.6,-9.470227388442,8.246358450915));
#7081 = CARTESIAN_POINT('',(10.6,-8.324813249445,9.411953883766));
#7082 = CARTESIAN_POINT('',(10.6,-7.713754808435,9.944572050683));
#7083 = CARTESIAN_POINT('',(10.6,-7.06238870405,10.429030862328));
#7084 = CARTESIAN_POINT('',(10.6,-6.375508763339,10.861662398865));
#7085 = CARTESIAN_POINT('',(10.6,-5.658294469194,11.239383616132));
#7086 = CARTESIAN_POINT('',(10.6,-4.172876405287,11.880925433566));
#7087 = CARTESIAN_POINT('',(10.6,-3.404485402895,12.144534933901));
#7088 = CARTESIAN_POINT('',(10.6,-2.616868907133,12.34821794137));
#7089 = CARTESIAN_POINT('',(10.6,-1.815861892509,12.490380452202));
#7090 = CARTESIAN_POINT('',(10.6,-1.00743629759,12.570116338028));
#7091 = CARTESIAN_POINT('',(10.6,0.633528172472,12.605022855606));
#7092 = CARTESIAN_POINT('',(10.6,1.466232698661,12.556825657454));
#7093 = CARTESIAN_POINT('',(10.6,2.293753494697,12.44262903784));
#7094 = CARTESIAN_POINT('',(10.6,3.109623682106,12.263233790646));
#7095 = CARTESIAN_POINT('',(10.6,3.907525151812,12.020196558092));
#7096 = CARTESIAN_POINT('',(10.6,5.450650226149,11.413526327544));
#7097 = CARTESIAN_POINT('',(10.6,6.196242204164,11.050562777385));
#7098 = CARTESIAN_POINT('',(10.6,6.912063817556,10.629487242772));
#7099 = CARTESIAN_POINT('',(10.6,7.592574913901,10.153456485864));
#7100 = CARTESIAN_POINT('',(10.6,8.232651522496,9.626250523843));
#7101 = CARTESIAN_POINT('',(10.6,9.423984875454,8.477292017801));
#7102 = CARTESIAN_POINT('',(10.6,9.975115196385,7.855269878018));
#7103 = CARTESIAN_POINT('',(10.6,10.47639435773,7.190860648096));
#7104 = CARTESIAN_POINT('',(10.6,10.923903801638,6.489112010309));
#7105 = CARTESIAN_POINT('',(10.6,11.314348864278,5.755488788819));
#7106 = CARTESIAN_POINT('',(10.6,11.987358209399,4.21039060359));
#7107 = CARTESIAN_POINT('',(10.6,12.265810700518,3.39701058105));
#7108 = CARTESIAN_POINT('',(10.6,12.477697104969,2.562399970219));
#7109 = CARTESIAN_POINT('',(10.6,12.621189179135,1.713356254309));
#7110 = CARTESIAN_POINT('',(10.6,12.69529049721,0.856837417169));
#7111 = CARTESIAN_POINT('',(10.6,12.700015915138,-9.484515441471E-06));
#7112 = PCURVE('',#682,#7113);
#7113 = DEFINITIONAL_REPRESENTATION('',(#7114),#7157);
#7114 = B_SPLINE_CURVE_WITH_KNOTS('',6,(#7115,#7116,#7117,#7118,#7119,
    #7120,#7121,#7122,#7123,#7124,#7125,#7126,#7127,#7128,#7129,#7130,
    #7131,#7132,#7133,#7134,#7135,#7136,#7137,#7138,#7139,#7140,#7141,
    #7142,#7143,#7144,#7145,#7146,#7147,#7148,#7149,#7150,#7151,#7152,
    #7153,#7154,#7155,#7156),.UNSPECIFIED.,.F.,.F.,(7,5,5,5,5,5,5,5,7),(
    0.,0.122063354798,0.247376134706,0.369971644806,0.492830196363,
    0.618956786376,0.744354454834,0.870024255021,1.),.UNSPECIFIED.);
#7115 = CARTESIAN_POINT('',(0.456508488421,80.757354234045));
#7116 = CARTESIAN_POINT('',(0.447140099588,80.822345942695));
#7117 = CARTESIAN_POINT('',(0.437775262487,80.887313012298));
#7118 = CARTESIAN_POINT('',(0.428415062096,80.952247915473));
#7119 = CARTESIAN_POINT('',(0.419058891074,81.017154865072));
#7120 = CARTESIAN_POINT('',(0.409706157668,81.08203796622));
#7121 = CARTESIAN_POINT('',(0.390760874025,81.213467858756));
#7122 = CARTESIAN_POINT('',(0.381167467912,81.280020587618));
#7123 = CARTESIAN_POINT('',(0.371578947201,81.346539424408));
#7124 = CARTESIAN_POINT('',(0.361994631079,81.413029092451));
#7125 = CARTESIAN_POINT('',(0.35241386143,81.479494157643));
#7126 = CARTESIAN_POINT('',(0.333469532908,81.610917423617));
#7127 = CARTESIAN_POINT('',(0.324104717298,81.675884342805));
#7128 = CARTESIAN_POINT('',(0.314744519186,81.740819229392));
#7129 = CARTESIAN_POINT('',(0.305388334176,81.80572627635));
#7130 = CARTESIAN_POINT('',(0.296035574796,81.870609559064));
#7131 = CARTESIAN_POINT('',(0.277319029035,82.000452623248));
#7132 = CARTESIAN_POINT('',(0.267954249006,82.065419297998));
#7133 = CARTESIAN_POINT('',(0.258594070601,82.130354049861));
#7134 = CARTESIAN_POINT('',(0.24923788223,82.195261121397));
#7135 = CARTESIAN_POINT('',(0.239885092041,82.260144618205));
#7136 = CARTESIAN_POINT('',(0.220939816271,82.391574459457));
#7137 = CARTESIAN_POINT('',(0.211346471472,82.458126764557));
#7138 = CARTESIAN_POINT('',(0.201757971649,82.524645457655));
#7139 = CARTESIAN_POINT('',(0.192173635017,82.591135268444));
#7140 = CARTESIAN_POINT('',(0.182592804561,82.65760075496));
#7141 = CARTESIAN_POINT('',(0.163495972586,82.790081986535));
#7142 = CARTESIAN_POINT('',(0.153978805783,82.856105815577));
#7143 = CARTESIAN_POINT('',(0.144466400109,82.922096614743));
#7144 = CARTESIAN_POINT('',(0.134958106768,82.98805888531));
#7145 = CARTESIAN_POINT('',(0.125453296533,83.053996992815));
#7146 = CARTESIAN_POINT('',(0.106432398841,83.185951443199));
#7147 = CARTESIAN_POINT('',(9.691523460145E-02,83.251975256097));
#7148 = CARTESIAN_POINT('',(8.740284053719E-02,83.317965977678));
#7149 = CARTESIAN_POINT('',(7.789455964473E-02,83.383928166007));
#7150 = CARTESIAN_POINT('',(6.838975262704E-02,83.449866256074));
#7151 = CARTESIAN_POINT('',(4.906392440079E-02,83.583936123843));
#7152 = CARTESIAN_POINT('',(3.924200297886E-02,83.652074146697));
#7153 = CARTESIAN_POINT('',(2.942519848829E-02,83.720176672344));
#7154 = CARTESIAN_POINT('',(1.961273896315E-02,83.788249055611));
#7155 = CARTESIAN_POINT('',(9.803878272995E-03,83.856296471862));
#7156 = CARTESIAN_POINT('',(0.,83.924309322039));
#7157 = ( GEOMETRIC_REPRESENTATION_CONTEXT(2) 
PARAMETRIC_REPRESENTATION_CONTEXT() REPRESENTATION_CONTEXT('2D SPACE',''
  ) );
#7158 = PCURVE('',#4123,#7159);
#7159 = DEFINITIONAL_REPRESENTATION('',(#7160),#7203);
#7160 = B_SPLINE_CURVE_WITH_KNOTS('',6,(#7161,#7162,#7163,#7164,#7165,
    #7166,#7167,#7168,#7169,#7170,#7171,#7172,#7173,#7174,#7175,#7176,
    #7177,#7178,#7179,#7180,#7181,#7182,#7183,#7184,#7185,#7186,#7187,
    #7188,#7189,#7190,#7191,#7192,#7193,#7194,#7195,#7196,#7197,#7198,
    #7199,#7200,#7201,#7202),.UNSPECIFIED.,.F.,.F.,(7,5,5,5,5,5,5,5,7),(
    0.,0.122063354798,0.247376134706,0.369971644806,0.492830196363,
    0.618956786376,0.744354454834,0.870024255021,1.),.UNSPECIFIED.);
#7161 = CARTESIAN_POINT('',(14.700000876448,-2.220001722211));
#7162 = CARTESIAN_POINT('',(15.504598371798,-2.215494871284));
#7163 = CARTESIAN_POINT('',(16.309589999195,-2.273236923183));
#7164 = CARTESIAN_POINT('',(17.10885974675,-2.393239313681));
#7165 = CARTESIAN_POINT('',(17.896453661405,-2.574690302448));
#7166 = CARTESIAN_POINT('',(18.666559962378,-2.816096970913));
#7167 = CARTESIAN_POINT('',(20.180406425749,-3.422172675038));
#7168 = CARTESIAN_POINT('',(20.922987633204,-3.78998750791));
#7169 = CARTESIAN_POINT('',(21.635169428629,-4.216128591322));
#7170 = CARTESIAN_POINT('',(22.311350211871,-4.697350135017));
#7171 = CARTESIAN_POINT('',(22.946358450915,-5.229772611558));
#7172 = CARTESIAN_POINT('',(24.111953883766,-6.375186750555));
#7173 = CARTESIAN_POINT('',(24.644572050683,-6.986245191565));
#7174 = CARTESIAN_POINT('',(25.129030862328,-7.63761129595));
#7175 = CARTESIAN_POINT('',(25.561662398865,-8.324491236661));
#7176 = CARTESIAN_POINT('',(25.939383616132,-9.041705530806));
#7177 = CARTESIAN_POINT('',(26.580925433566,-10.52712359471));
#7178 = CARTESIAN_POINT('',(26.844534933901,-11.2955145971));
#7179 = CARTESIAN_POINT('',(27.04821794137,-12.08313109286));
#7180 = CARTESIAN_POINT('',(27.190380452202,-12.88413810749));
#7181 = CARTESIAN_POINT('',(27.270116338028,-13.69256370241));
#7182 = CARTESIAN_POINT('',(27.305022855606,-15.33352817247));
#7183 = CARTESIAN_POINT('',(27.256825657454,-16.16623269866));
#7184 = CARTESIAN_POINT('',(27.14262903784,-16.99375349469));
#7185 = CARTESIAN_POINT('',(26.963233790646,-17.8096236821));
#7186 = CARTESIAN_POINT('',(26.720196558092,-18.60752515181));
#7187 = CARTESIAN_POINT('',(26.113526327544,-20.15065022614));
#7188 = CARTESIAN_POINT('',(25.750562777385,-20.89624220416));
#7189 = CARTESIAN_POINT('',(25.329487242772,-21.61206381755));
#7190 = CARTESIAN_POINT('',(24.853456485864,-22.2925749139));
#7191 = CARTESIAN_POINT('',(24.326250523843,-22.93265152249));
#7192 = CARTESIAN_POINT('',(23.177292017801,-24.12398487545));
#7193 = CARTESIAN_POINT('',(22.555269878018,-24.67511519638));
#7194 = CARTESIAN_POINT('',(21.890860648096,-25.17639435773));
#7195 = CARTESIAN_POINT('',(21.189112010309,-25.62390380163));
#7196 = CARTESIAN_POINT('',(20.455488788819,-26.01434886427));
#7197 = CARTESIAN_POINT('',(18.91039060359,-26.68735820939));
#7198 = CARTESIAN_POINT('',(18.09701058105,-26.96581070051));
#7199 = CARTESIAN_POINT('',(17.262399970219,-27.17769710496));
#7200 = CARTESIAN_POINT('',(16.413356254309,-27.32118917913));
#7201 = CARTESIAN_POINT('',(15.556837417169,-27.39529049721));
#7202 = CARTESIAN_POINT('',(14.699990515485,-27.40001591513));
#7203 = ( GEOMETRIC_REPRESENTATION_CONTEXT(2) 
PARAMETRIC_REPRESENTATION_CONTEXT() REPRESENTATION_CONTEXT('2D SPACE',''
  ) );
#7204 = ADVANCED_FACE('',(#7205),#1011,.F.);
#7205 = FACE_BOUND('',#7206,.T.);
#7206 = EDGE_LOOP('',(#7207,#7208,#7229,#7230));
#7207 = ORIENTED_EDGE('',*,*,#4497,.T.);
#7208 = ORIENTED_EDGE('',*,*,#7209,.T.);
#7209 = EDGE_CURVE('',#4498,#3484,#7210,.T.);
#7210 = SURFACE_CURVE('',#7211,(#7215,#7222),.PCURVE_S1.);
#7211 = LINE('',#7212,#7213);
#7212 = CARTESIAN_POINT('',(0.,12.5,0.));
#7213 = VECTOR('',#7214,1.);
#7214 = DIRECTION('',(1.,0.,0.));
#7215 = PCURVE('',#1011,#7216);
#7216 = DEFINITIONAL_REPRESENTATION('',(#7217),#7221);
#7217 = LINE('',#7218,#7219);
#7218 = CARTESIAN_POINT('',(-0.,0.));
#7219 = VECTOR('',#7220,1.);
#7220 = DIRECTION('',(-0.,-1.));
#7221 = ( GEOMETRIC_REPRESENTATION_CONTEXT(2) 
PARAMETRIC_REPRESENTATION_CONTEXT() REPRESENTATION_CONTEXT('2D SPACE',''
  ) );
#7222 = PCURVE('',#3609,#7223);
#7223 = DEFINITIONAL_REPRESENTATION('',(#7224),#7228);
#7224 = LINE('',#7225,#7226);
#7225 = CARTESIAN_POINT('',(-6.28318530718,0.));
#7226 = VECTOR('',#7227,1.);
#7227 = DIRECTION('',(-0.,-1.));
#7228 = ( GEOMETRIC_REPRESENTATION_CONTEXT(2) 
PARAMETRIC_REPRESENTATION_CONTEXT() REPRESENTATION_CONTEXT('2D SPACE',''
  ) );
#7229 = ORIENTED_EDGE('',*,*,#3676,.F.);
#7230 = ORIENTED_EDGE('',*,*,#995,.F.);
#7231 = ADVANCED_FACE('',(#7232),#1249,.F.);
#7232 = FACE_BOUND('',#7233,.F.);
#7233 = EDGE_LOOP('',(#7234,#7253,#7254));
#7234 = ORIENTED_EDGE('',*,*,#7235,.T.);
#7235 = EDGE_CURVE('',#1235,#4423,#7236,.T.);
#7236 = SURFACE_CURVE('',#7237,(#7241,#7247),.PCURVE_S1.);
#7237 = LINE('',#7238,#7239);
#7238 = CARTESIAN_POINT('',(10.6,-4.406474626645E-08,-13.61931454243));
#7239 = VECTOR('',#7240,1.);
#7240 = DIRECTION('',(-0.,3.86766312212E-08,1.));
#7241 = PCURVE('',#1249,#7242);
#7242 = DEFINITIONAL_REPRESENTATION('',(#7243),#7246);
#7243 = B_SPLINE_CURVE_WITH_KNOTS('',1,(#7244,#7245),.UNSPECIFIED.,.F.,
  .F.,(2,2),(0.919314672999,1.139314692189),.PIECEWISE_BEZIER_KNOTS.);
#7244 = CARTESIAN_POINT('',(0.16137135311,-0.200000001972));
#7245 = CARTESIAN_POINT('',(-5.862866608E-02,-0.200000001972));
#7246 = ( GEOMETRIC_REPRESENTATION_CONTEXT(2) 
PARAMETRIC_REPRESENTATION_CONTEXT() REPRESENTATION_CONTEXT('2D SPACE',''
  ) );
#7247 = PCURVE('',#4123,#7248);
#7248 = DEFINITIONAL_REPRESENTATION('',(#7249),#7252);
#7249 = B_SPLINE_CURVE_WITH_KNOTS('',1,(#7250,#7251),.UNSPECIFIED.,.F.,
  .F.,(2,2),(0.919314672999,1.139314692189),.PIECEWISE_BEZIER_KNOTS.);
#7250 = CARTESIAN_POINT('',(2.000000130562,-14.69999999149));
#7251 = CARTESIAN_POINT('',(2.220000149751,-14.7));
#7252 = ( GEOMETRIC_REPRESENTATION_CONTEXT(2) 
PARAMETRIC_REPRESENTATION_CONTEXT() REPRESENTATION_CONTEXT('2D SPACE',''
  ) );
#7253 = ORIENTED_EDGE('',*,*,#4450,.T.);
#7254 = ORIENTED_EDGE('',*,*,#1232,.T.);
#7255 = ADVANCED_FACE('',(#7256),#4123,.F.);
#7256 = FACE_BOUND('',#7257,.F.);
#7257 = EDGE_LOOP('',(#7258,#7259,#7260,#7261,#7262));
#7258 = ORIENTED_EDGE('',*,*,#4071,.F.);
#7259 = ORIENTED_EDGE('',*,*,#7067,.F.);
#7260 = ORIENTED_EDGE('',*,*,#4371,.T.);
#7261 = ORIENTED_EDGE('',*,*,#4422,.T.);
#7262 = ORIENTED_EDGE('',*,*,#7235,.F.);
#7263 = ADVANCED_FACE('',(#7264),#3609,.F.);
#7264 = FACE_BOUND('',#7265,.T.);
#7265 = EDGE_LOOP('',(#7266,#7267,#7288,#7289));
#7266 = ORIENTED_EDGE('',*,*,#4706,.T.);
#7267 = ORIENTED_EDGE('',*,*,#7268,.T.);
#7268 = EDGE_CURVE('',#4707,#3270,#7269,.T.);
#7269 = SURFACE_CURVE('',#7270,(#7274,#7281),.PCURVE_S1.);
#7270 = LINE('',#7271,#7272);
#7271 = CARTESIAN_POINT('',(0.,12.5,0.));
#7272 = VECTOR('',#7273,1.);
#7273 = DIRECTION('',(1.,0.,0.));
#7274 = PCURVE('',#3609,#7275);
#7275 = DEFINITIONAL_REPRESENTATION('',(#7276),#7280);
#7276 = LINE('',#7277,#7278);
#7277 = CARTESIAN_POINT('',(-0.,0.));
#7278 = VECTOR('',#7279,1.);
#7279 = DIRECTION('',(-0.,-1.));
#7280 = ( GEOMETRIC_REPRESENTATION_CONTEXT(2) 
PARAMETRIC_REPRESENTATION_CONTEXT() REPRESENTATION_CONTEXT('2D SPACE',''
  ) );
#7281 = PCURVE('',#3409,#7282);
#7282 = DEFINITIONAL_REPRESENTATION('',(#7283),#7287);
#7283 = LINE('',#7284,#7285);
#7284 = CARTESIAN_POINT('',(-6.28318530718,0.));
#7285 = VECTOR('',#7286,1.);
#7286 = DIRECTION('',(-0.,-1.));
#7287 = ( GEOMETRIC_REPRESENTATION_CONTEXT(2) 
PARAMETRIC_REPRESENTATION_CONTEXT() REPRESENTATION_CONTEXT('2D SPACE',''
  ) );
#7288 = ORIENTED_EDGE('',*,*,#3483,.F.);
#7289 = ORIENTED_EDGE('',*,*,#7209,.F.);
#7290 = ADVANCED_FACE('',(#7291),#3409,.F.);
#7291 = FACE_BOUND('',#7292,.T.);
#7292 = EDGE_LOOP('',(#7293,#7294,#7315,#7316));
#7293 = ORIENTED_EDGE('',*,*,#4915,.T.);
#7294 = ORIENTED_EDGE('',*,*,#7295,.T.);
#7295 = EDGE_CURVE('',#4916,#3077,#7296,.T.);
#7296 = SURFACE_CURVE('',#7297,(#7301,#7308),.PCURVE_S1.);
#7297 = LINE('',#7298,#7299);
#7298 = CARTESIAN_POINT('',(0.,12.5,0.));
#7299 = VECTOR('',#7300,1.);
#7300 = DIRECTION('',(1.,0.,0.));
#7301 = PCURVE('',#3409,#7302);
#7302 = DEFINITIONAL_REPRESENTATION('',(#7303),#7307);
#7303 = LINE('',#7304,#7305);
#7304 = CARTESIAN_POINT('',(-0.,0.));
#7305 = VECTOR('',#7306,1.);
#7306 = DIRECTION('',(-0.,-1.));
#7307 = ( GEOMETRIC_REPRESENTATION_CONTEXT(2) 
PARAMETRIC_REPRESENTATION_CONTEXT() REPRESENTATION_CONTEXT('2D SPACE',''
  ) );
#7308 = PCURVE('',#3202,#7309);
#7309 = DEFINITIONAL_REPRESENTATION('',(#7310),#7314);
#7310 = LINE('',#7311,#7312);
#7311 = CARTESIAN_POINT('',(-6.28318530718,0.));
#7312 = VECTOR('',#7313,1.);
#7313 = DIRECTION('',(-0.,-1.));
#7314 = ( GEOMETRIC_REPRESENTATION_CONTEXT(2) 
PARAMETRIC_REPRESENTATION_CONTEXT() REPRESENTATION_CONTEXT('2D SPACE',''
  ) );
#7315 = ORIENTED_EDGE('',*,*,#3269,.F.);
#7316 = ORIENTED_EDGE('',*,*,#7268,.F.);
#7317 = ADVANCED_FACE('',(#7318),#3202,.F.);
#7318 = FACE_BOUND('',#7319,.T.);
#7319 = EDGE_LOOP('',(#7320,#7321,#7342,#7343));
#7320 = ORIENTED_EDGE('',*,*,#5103,.T.);
#7321 = ORIENTED_EDGE('',*,*,#7322,.T.);
#7322 = EDGE_CURVE('',#5104,#2863,#7323,.T.);
#7323 = SURFACE_CURVE('',#7324,(#7328,#7335),.PCURVE_S1.);
#7324 = LINE('',#7325,#7326);
#7325 = CARTESIAN_POINT('',(0.,12.5,0.));
#7326 = VECTOR('',#7327,1.);
#7327 = DIRECTION('',(1.,0.,0.));
#7328 = PCURVE('',#3202,#7329);
#7329 = DEFINITIONAL_REPRESENTATION('',(#7330),#7334);
#7330 = LINE('',#7331,#7332);
#7331 = CARTESIAN_POINT('',(-0.,0.));
#7332 = VECTOR('',#7333,1.);
#7333 = DIRECTION('',(-0.,-1.));
#7334 = ( GEOMETRIC_REPRESENTATION_CONTEXT(2) 
PARAMETRIC_REPRESENTATION_CONTEXT() REPRESENTATION_CONTEXT('2D SPACE',''
  ) );
#7335 = PCURVE('',#3002,#7336);
#7336 = DEFINITIONAL_REPRESENTATION('',(#7337),#7341);
#7337 = LINE('',#7338,#7339);
#7338 = CARTESIAN_POINT('',(-6.28318530718,0.));
#7339 = VECTOR('',#7340,1.);
#7340 = DIRECTION('',(-0.,-1.));
#7341 = ( GEOMETRIC_REPRESENTATION_CONTEXT(2) 
PARAMETRIC_REPRESENTATION_CONTEXT() REPRESENTATION_CONTEXT('2D SPACE',''
  ) );
#7342 = ORIENTED_EDGE('',*,*,#3076,.F.);
#7343 = ORIENTED_EDGE('',*,*,#7295,.F.);
#7344 = ADVANCED_FACE('',(#7345),#3002,.F.);
#7345 = FACE_BOUND('',#7346,.T.);
#7346 = EDGE_LOOP('',(#7347,#7348,#7369,#7370));
#7347 = ORIENTED_EDGE('',*,*,#5333,.T.);
#7348 = ORIENTED_EDGE('',*,*,#7349,.T.);
#7349 = EDGE_CURVE('',#5334,#2649,#7350,.T.);
#7350 = SURFACE_CURVE('',#7351,(#7355,#7362),.PCURVE_S1.);
#7351 = LINE('',#7352,#7353);
#7352 = CARTESIAN_POINT('',(0.,12.5,0.));
#7353 = VECTOR('',#7354,1.);
#7354 = DIRECTION('',(1.,0.,0.));
#7355 = PCURVE('',#3002,#7356);
#7356 = DEFINITIONAL_REPRESENTATION('',(#7357),#7361);
#7357 = LINE('',#7358,#7359);
#7358 = CARTESIAN_POINT('',(-0.,0.));
#7359 = VECTOR('',#7360,1.);
#7360 = DIRECTION('',(-0.,-1.));
#7361 = ( GEOMETRIC_REPRESENTATION_CONTEXT(2) 
PARAMETRIC_REPRESENTATION_CONTEXT() REPRESENTATION_CONTEXT('2D SPACE',''
  ) );
#7362 = PCURVE('',#2788,#7363);
#7363 = DEFINITIONAL_REPRESENTATION('',(#7364),#7368);
#7364 = LINE('',#7365,#7366);
#7365 = CARTESIAN_POINT('',(-6.28318530718,0.));
#7366 = VECTOR('',#7367,1.);
#7367 = DIRECTION('',(-0.,-1.));
#7368 = ( GEOMETRIC_REPRESENTATION_CONTEXT(2) 
PARAMETRIC_REPRESENTATION_CONTEXT() REPRESENTATION_CONTEXT('2D SPACE',''
  ) );
#7369 = ORIENTED_EDGE('',*,*,#2862,.F.);
#7370 = ORIENTED_EDGE('',*,*,#7322,.F.);
#7371 = ADVANCED_FACE('',(#7372),#2788,.F.);
#7372 = FACE_BOUND('',#7373,.T.);
#7373 = EDGE_LOOP('',(#7374,#7375,#7396,#7397));
#7374 = ORIENTED_EDGE('',*,*,#5542,.T.);
#7375 = ORIENTED_EDGE('',*,*,#7376,.T.);
#7376 = EDGE_CURVE('',#5543,#2435,#7377,.T.);
#7377 = SURFACE_CURVE('',#7378,(#7382,#7389),.PCURVE_S1.);
#7378 = LINE('',#7379,#7380);
#7379 = CARTESIAN_POINT('',(0.,12.5,0.));
#7380 = VECTOR('',#7381,1.);
#7381 = DIRECTION('',(1.,0.,0.));
#7382 = PCURVE('',#2788,#7383);
#7383 = DEFINITIONAL_REPRESENTATION('',(#7384),#7388);
#7384 = LINE('',#7385,#7386);
#7385 = CARTESIAN_POINT('',(-0.,0.));
#7386 = VECTOR('',#7387,1.);
#7387 = DIRECTION('',(-0.,-1.));
#7388 = ( GEOMETRIC_REPRESENTATION_CONTEXT(2) 
PARAMETRIC_REPRESENTATION_CONTEXT() REPRESENTATION_CONTEXT('2D SPACE',''
  ) );
#7389 = PCURVE('',#2574,#7390);
#7390 = DEFINITIONAL_REPRESENTATION('',(#7391),#7395);
#7391 = LINE('',#7392,#7393);
#7392 = CARTESIAN_POINT('',(-6.28318530718,0.));
#7393 = VECTOR('',#7394,1.);
#7394 = DIRECTION('',(-0.,-1.));
#7395 = ( GEOMETRIC_REPRESENTATION_CONTEXT(2) 
PARAMETRIC_REPRESENTATION_CONTEXT() REPRESENTATION_CONTEXT('2D SPACE',''
  ) );
#7396 = ORIENTED_EDGE('',*,*,#2648,.F.);
#7397 = ORIENTED_EDGE('',*,*,#7349,.F.);
#7398 = ADVANCED_FACE('',(#7399),#2574,.F.);
#7399 = FACE_BOUND('',#7400,.T.);
#7400 = EDGE_LOOP('',(#7401,#7402,#7423,#7424));
#7401 = ORIENTED_EDGE('',*,*,#5751,.T.);
#7402 = ORIENTED_EDGE('',*,*,#7403,.T.);
#7403 = EDGE_CURVE('',#5752,#2200,#7404,.T.);
#7404 = SURFACE_CURVE('',#7405,(#7409,#7416),.PCURVE_S1.);
#7405 = LINE('',#7406,#7407);
#7406 = CARTESIAN_POINT('',(0.,12.5,0.));
#7407 = VECTOR('',#7408,1.);
#7408 = DIRECTION('',(1.,0.,0.));
#7409 = PCURVE('',#2574,#7410);
#7410 = DEFINITIONAL_REPRESENTATION('',(#7411),#7415);
#7411 = LINE('',#7412,#7413);
#7412 = CARTESIAN_POINT('',(-0.,0.));
#7413 = VECTOR('',#7414,1.);
#7414 = DIRECTION('',(-0.,-1.));
#7415 = ( GEOMETRIC_REPRESENTATION_CONTEXT(2) 
PARAMETRIC_REPRESENTATION_CONTEXT() REPRESENTATION_CONTEXT('2D SPACE',''
  ) );
#7416 = PCURVE('',#2353,#7417);
#7417 = DEFINITIONAL_REPRESENTATION('',(#7418),#7422);
#7418 = LINE('',#7419,#7420);
#7419 = CARTESIAN_POINT('',(-6.28318530718,0.));
#7420 = VECTOR('',#7421,1.);
#7421 = DIRECTION('',(-0.,-1.));
#7422 = ( GEOMETRIC_REPRESENTATION_CONTEXT(2) 
PARAMETRIC_REPRESENTATION_CONTEXT() REPRESENTATION_CONTEXT('2D SPACE',''
  ) );
#7423 = ORIENTED_EDGE('',*,*,#2434,.F.);
#7424 = ORIENTED_EDGE('',*,*,#7376,.F.);
#7425 = ADVANCED_FACE('',(#7426),#2353,.F.);
#7426 = FACE_BOUND('',#7427,.T.);
#7427 = EDGE_LOOP('',(#7428,#7429,#7450,#7451));
#7428 = ORIENTED_EDGE('',*,*,#5981,.T.);
#7429 = ORIENTED_EDGE('',*,*,#7430,.T.);
#7430 = EDGE_CURVE('',#5982,#1986,#7431,.T.);
#7431 = SURFACE_CURVE('',#7432,(#7436,#7443),.PCURVE_S1.);
#7432 = LINE('',#7433,#7434);
#7433 = CARTESIAN_POINT('',(0.,12.5,0.));
#7434 = VECTOR('',#7435,1.);
#7435 = DIRECTION('',(1.,0.,0.));
#7436 = PCURVE('',#2353,#7437);
#7437 = DEFINITIONAL_REPRESENTATION('',(#7438),#7442);
#7438 = LINE('',#7439,#7440);
#7439 = CARTESIAN_POINT('',(-0.,0.));
#7440 = VECTOR('',#7441,1.);
#7441 = DIRECTION('',(-0.,-1.));
#7442 = ( GEOMETRIC_REPRESENTATION_CONTEXT(2) 
PARAMETRIC_REPRESENTATION_CONTEXT() REPRESENTATION_CONTEXT('2D SPACE',''
  ) );
#7443 = PCURVE('',#2125,#7444);
#7444 = DEFINITIONAL_REPRESENTATION('',(#7445),#7449);
#7445 = LINE('',#7446,#7447);
#7446 = CARTESIAN_POINT('',(-6.28318530718,0.));
#7447 = VECTOR('',#7448,1.);
#7448 = DIRECTION('',(-0.,-1.));
#7449 = ( GEOMETRIC_REPRESENTATION_CONTEXT(2) 
PARAMETRIC_REPRESENTATION_CONTEXT() REPRESENTATION_CONTEXT('2D SPACE',''
  ) );
#7450 = ORIENTED_EDGE('',*,*,#2199,.F.);
#7451 = ORIENTED_EDGE('',*,*,#7403,.F.);
#7452 = ADVANCED_FACE('',(#7453),#2125,.F.);
#7453 = FACE_BOUND('',#7454,.T.);
#7454 = EDGE_LOOP('',(#7455,#7456,#7477,#7478));
#7455 = ORIENTED_EDGE('',*,*,#6211,.T.);
#7456 = ORIENTED_EDGE('',*,*,#7457,.T.);
#7457 = EDGE_CURVE('',#6212,#1772,#7458,.T.);
#7458 = SURFACE_CURVE('',#7459,(#7463,#7470),.PCURVE_S1.);
#7459 = LINE('',#7460,#7461);
#7460 = CARTESIAN_POINT('',(0.,12.5,0.));
#7461 = VECTOR('',#7462,1.);
#7462 = DIRECTION('',(1.,0.,0.));
#7463 = PCURVE('',#2125,#7464);
#7464 = DEFINITIONAL_REPRESENTATION('',(#7465),#7469);
#7465 = LINE('',#7466,#7467);
#7466 = CARTESIAN_POINT('',(-0.,0.));
#7467 = VECTOR('',#7468,1.);
#7468 = DIRECTION('',(-0.,-1.));
#7469 = ( GEOMETRIC_REPRESENTATION_CONTEXT(2) 
PARAMETRIC_REPRESENTATION_CONTEXT() REPRESENTATION_CONTEXT('2D SPACE',''
  ) );
#7470 = PCURVE('',#1911,#7471);
#7471 = DEFINITIONAL_REPRESENTATION('',(#7472),#7476);
#7472 = LINE('',#7473,#7474);
#7473 = CARTESIAN_POINT('',(-6.28318530718,0.));
#7474 = VECTOR('',#7475,1.);
#7475 = DIRECTION('',(-0.,-1.));
#7476 = ( GEOMETRIC_REPRESENTATION_CONTEXT(2) 
PARAMETRIC_REPRESENTATION_CONTEXT() REPRESENTATION_CONTEXT('2D SPACE',''
  ) );
#7477 = ORIENTED_EDGE('',*,*,#1985,.F.);
#7478 = ORIENTED_EDGE('',*,*,#7430,.F.);
#7479 = ADVANCED_FACE('',(#7480),#1911,.F.);
#7480 = FACE_BOUND('',#7481,.T.);
#7481 = EDGE_LOOP('',(#7482,#7483,#7504,#7505));
#7482 = ORIENTED_EDGE('',*,*,#6420,.T.);
#7483 = ORIENTED_EDGE('',*,*,#7484,.T.);
#7484 = EDGE_CURVE('',#6421,#1558,#7485,.T.);
#7485 = SURFACE_CURVE('',#7486,(#7490,#7497),.PCURVE_S1.);
#7486 = LINE('',#7487,#7488);
#7487 = CARTESIAN_POINT('',(0.,12.5,0.));
#7488 = VECTOR('',#7489,1.);
#7489 = DIRECTION('',(1.,0.,0.));
#7490 = PCURVE('',#1911,#7491);
#7491 = DEFINITIONAL_REPRESENTATION('',(#7492),#7496);
#7492 = LINE('',#7493,#7494);
#7493 = CARTESIAN_POINT('',(-0.,0.));
#7494 = VECTOR('',#7495,1.);
#7495 = DIRECTION('',(-0.,-1.));
#7496 = ( GEOMETRIC_REPRESENTATION_CONTEXT(2) 
PARAMETRIC_REPRESENTATION_CONTEXT() REPRESENTATION_CONTEXT('2D SPACE',''
  ) );
#7497 = PCURVE('',#1697,#7498);
#7498 = DEFINITIONAL_REPRESENTATION('',(#7499),#7503);
#7499 = LINE('',#7500,#7501);
#7500 = CARTESIAN_POINT('',(-6.28318530718,0.));
#7501 = VECTOR('',#7502,1.);
#7502 = DIRECTION('',(-0.,-1.));
#7503 = ( GEOMETRIC_REPRESENTATION_CONTEXT(2) 
PARAMETRIC_REPRESENTATION_CONTEXT() REPRESENTATION_CONTEXT('2D SPACE',''
  ) );
#7504 = ORIENTED_EDGE('',*,*,#1771,.F.);
#7505 = ORIENTED_EDGE('',*,*,#7457,.F.);
#7506 = ADVANCED_FACE('',(#7507),#1697,.F.);
#7507 = FACE_BOUND('',#7508,.T.);
#7508 = EDGE_LOOP('',(#7509,#7510,#7531,#7532));
#7509 = ORIENTED_EDGE('',*,*,#6650,.T.);
#7510 = ORIENTED_EDGE('',*,*,#7511,.T.);
#7511 = EDGE_CURVE('',#6651,#1323,#7512,.T.);
#7512 = SURFACE_CURVE('',#7513,(#7517,#7524),.PCURVE_S1.);
#7513 = LINE('',#7514,#7515);
#7514 = CARTESIAN_POINT('',(0.,12.5,0.));
#7515 = VECTOR('',#7516,1.);
#7516 = DIRECTION('',(1.,0.,0.));
#7517 = PCURVE('',#1697,#7518);
#7518 = DEFINITIONAL_REPRESENTATION('',(#7519),#7523);
#7519 = LINE('',#7520,#7521);
#7520 = CARTESIAN_POINT('',(-0.,0.));
#7521 = VECTOR('',#7522,1.);
#7522 = DIRECTION('',(-0.,-1.));
#7523 = ( GEOMETRIC_REPRESENTATION_CONTEXT(2) 
PARAMETRIC_REPRESENTATION_CONTEXT() REPRESENTATION_CONTEXT('2D SPACE',''
  ) );
#7524 = PCURVE('',#1476,#7525);
#7525 = DEFINITIONAL_REPRESENTATION('',(#7526),#7530);
#7526 = LINE('',#7527,#7528);
#7527 = CARTESIAN_POINT('',(-6.28318530718,0.));
#7528 = VECTOR('',#7529,1.);
#7529 = DIRECTION('',(-0.,-1.));
#7530 = ( GEOMETRIC_REPRESENTATION_CONTEXT(2) 
PARAMETRIC_REPRESENTATION_CONTEXT() REPRESENTATION_CONTEXT('2D SPACE',''
  ) );
#7531 = ORIENTED_EDGE('',*,*,#1557,.F.);
#7532 = ORIENTED_EDGE('',*,*,#7484,.F.);
#7533 = ADVANCED_FACE('',(#7534),#1476,.F.);
#7534 = FACE_BOUND('',#7535,.T.);
#7535 = EDGE_LOOP('',(#7536,#7537,#7538,#7539));
#7536 = ORIENTED_EDGE('',*,*,#6859,.T.);
#7537 = ORIENTED_EDGE('',*,*,#4470,.T.);
#7538 = ORIENTED_EDGE('',*,*,#1322,.F.);
#7539 = ORIENTED_EDGE('',*,*,#7511,.F.);
#7540 = ( GEOMETRIC_REPRESENTATION_CONTEXT(3) 
GLOBAL_UNCERTAINTY_ASSIGNED_CONTEXT((#7544)) 
GLOBAL_UNIT_ASSIGNED_CONTEXT((#7541,#7542,#7543)) REPRESENTATION_CONTEXT
('Context #1','3D Context with UNIT and UNCERTAINTY') );
#7541 = ( LENGTH_UNIT() NAMED_UNIT(*) SI_UNIT(.MILLI.,.METRE.) );
#7542 = ( NAMED_UNIT(*) PLANE_ANGLE_UNIT() SI_UNIT($,.RADIAN.) );
#7543 = ( NAMED_UNIT(*) SI_UNIT($,.STERADIAN.) SOLID_ANGLE_UNIT() );
#7544 = UNCERTAINTY_MEASURE_WITH_UNIT(LENGTH_MEASURE(5.E-05),#7541,
  'distance_accuracy_value','confusion accuracy');
#7545 = PRODUCT_RELATED_PRODUCT_CATEGORY('part',$,(#7));
ENDSEC;
END-ISO-10303-21;
