ISO-10303-21;
HEADER;
FILE_DESCRIPTION(('Open CASCADE Model'),'2;1');
FILE_NAME('Open CASCADE Shape Model','2026-07-18T15:11:13',('Author'),(
    'Open CASCADE'),'Open CASCADE STEP processor 7.8','Open CASCADE 7.8'
  ,'Unknown');
FILE_SCHEMA(('AUTOMOTIVE_DESIGN { 1 0 10303 214 1 1 1 1 }'));
ENDSEC;
DATA;
#1 = APPLICATION_PROTOCOL_DEFINITION('international standard',
  'automotive_design',2000,#2);
#2 = APPLICATION_CONTEXT(
  'core data for automotive mechanical design processes');
#3 = SHAPE_DEFINITION_REPRESENTATION(#4,#10);
#4 = PRODUCT_DEFINITION_SHAPE('','',#5);
#5 = PRODUCT_DEFINITION('design','',#6,#9);
#6 = PRODUCT_DEFINITION_FORMATION('','',#7);
#7 = PRODUCT('Open CASCADE STEP translator 7.8 2',
  'Open CASCADE STEP translator 7.8 2','',(#8));
#8 = PRODUCT_CONTEXT('',#2,'mechanical');
#9 = PRODUCT_DEFINITION_CONTEXT('part definition',#2,'design');
#10 = ADVANCED_BREP_SHAPE_REPRESENTATION('',(#11,#15),#7692);
#11 = AXIS2_PLACEMENT_3D('',#12,#13,#14);
#12 = CARTESIAN_POINT('',(0.,0.,0.));
#13 = DIRECTION('',(0.,0.,1.));
#14 = DIRECTION('',(1.,0.,-0.));
#15 = MANIFOLD_SOLID_BREP('',#16);
#16 = CLOSED_SHELL('',(#17,#109,#463,#705,#2742,#2786,#2875,#2951,#3001,
    #3055,#3104,#3153,#3207,#3257,#3284,#3335,#3506,#5079,#5106,#5133,
    #5160,#5187,#5214,#5241,#5474,#5762,#5839,#5887,#5937,#5985,#6035,
    #6083,#6133,#6159,#6518,#6624,#6669,#6785,#6790,#6842,#6916,#7283,
    #7330,#7337,#7344,#7391,#7418,#7445,#7472,#7499,#7526,#7553,#7560,
    #7567,#7574,#7629,#7684,#7688));
#17 = ADVANCED_FACE('',(#18),#31,.T.);
#18 = FACE_BOUND('',#19,.F.);
#19 = EDGE_LOOP('',(#20,#54,#77,#108));
#20 = ORIENTED_EDGE('',*,*,#21,.F.);
#21 = EDGE_CURVE('',#22,#22,#24,.T.);
#22 = VERTEX_POINT('',#23);
#23 = CARTESIAN_POINT('',(0.,17.,0.));
#24 = SURFACE_CURVE('',#25,(#30,#42),.PCURVE_S1.);
#25 = CIRCLE('',#26,17.);
#26 = AXIS2_PLACEMENT_3D('',#27,#28,#29);
#27 = CARTESIAN_POINT('',(0.,0.,0.));
#28 = DIRECTION('',(1.,0.,0.));
#29 = DIRECTION('',(0.,1.,0.));
#30 = PCURVE('',#31,#36);
#31 = CYLINDRICAL_SURFACE('',#32,17.);
#32 = AXIS2_PLACEMENT_3D('',#33,#34,#35);
#33 = CARTESIAN_POINT('',(0.,0.,0.));
#34 = DIRECTION('',(-1.,-0.,-0.));
#35 = DIRECTION('',(0.,1.,0.));
#36 = DEFINITIONAL_REPRESENTATION('',(#37),#41);
#37 = LINE('',#38,#39);
#38 = CARTESIAN_POINT('',(-0.,0.));
#39 = VECTOR('',#40,1.);
#40 = DIRECTION('',(-1.,0.));
#41 = ( GEOMETRIC_REPRESENTATION_CONTEXT(2) 
PARAMETRIC_REPRESENTATION_CONTEXT() REPRESENTATION_CONTEXT('2D SPACE',''
  ) );
#42 = PCURVE('',#43,#48);
#43 = PLANE('',#44);
#44 = AXIS2_PLACEMENT_3D('',#45,#46,#47);
#45 = CARTESIAN_POINT('',(0.,-1.287002477684E-15,1.236537197009E-15));
#46 = DIRECTION('',(1.,0.,0.));
#47 = DIRECTION('',(-0.,0.,1.));
#48 = DEFINITIONAL_REPRESENTATION('',(#49),#53);
#49 = CIRCLE('',#50,17.);
#50 = AXIS2_PLACEMENT_2D('',#51,#52);
#51 = CARTESIAN_POINT('',(-1.236537197009E-15,-1.287002477684E-15));
#52 = DIRECTION('',(0.,-1.));
#53 = ( GEOMETRIC_REPRESENTATION_CONTEXT(2) 
PARAMETRIC_REPRESENTATION_CONTEXT() REPRESENTATION_CONTEXT('2D SPACE',''
  ) );
#54 = ORIENTED_EDGE('',*,*,#55,.T.);
#55 = EDGE_CURVE('',#22,#56,#58,.T.);
#56 = VERTEX_POINT('',#57);
#57 = CARTESIAN_POINT('',(15.98,17.,0.));
#58 = SEAM_CURVE('',#59,(#63,#70),.PCURVE_S1.);
#59 = LINE('',#60,#61);
#60 = CARTESIAN_POINT('',(0.,17.,0.));
#61 = VECTOR('',#62,1.);
#62 = DIRECTION('',(1.,0.,0.));
#63 = PCURVE('',#31,#64);
#64 = DEFINITIONAL_REPRESENTATION('',(#65),#69);
#65 = LINE('',#66,#67);
#66 = CARTESIAN_POINT('',(-6.28318530718,0.));
#67 = VECTOR('',#68,1.);
#68 = DIRECTION('',(-0.,-1.));
#69 = ( GEOMETRIC_REPRESENTATION_CONTEXT(2) 
PARAMETRIC_REPRESENTATION_CONTEXT() REPRESENTATION_CONTEXT('2D SPACE',''
  ) );
#70 = PCURVE('',#31,#71);
#71 = DEFINITIONAL_REPRESENTATION('',(#72),#76);
#72 = LINE('',#73,#74);
#73 = CARTESIAN_POINT('',(-0.,0.));
#74 = VECTOR('',#75,1.);
#75 = DIRECTION('',(-0.,-1.));
#76 = ( GEOMETRIC_REPRESENTATION_CONTEXT(2) 
PARAMETRIC_REPRESENTATION_CONTEXT() REPRESENTATION_CONTEXT('2D SPACE',''
  ) );
#77 = ORIENTED_EDGE('',*,*,#78,.F.);
#78 = EDGE_CURVE('',#56,#56,#79,.T.);
#79 = SURFACE_CURVE('',#80,(#85,#92),.PCURVE_S1.);
#80 = CIRCLE('',#81,17.);
#81 = AXIS2_PLACEMENT_3D('',#82,#83,#84);
#82 = CARTESIAN_POINT('',(15.98,0.,0.));
#83 = DIRECTION('',(-1.,0.,0.));
#84 = DIRECTION('',(0.,1.,0.));
#85 = PCURVE('',#31,#86);
#86 = DEFINITIONAL_REPRESENTATION('',(#87),#91);
#87 = LINE('',#88,#89);
#88 = CARTESIAN_POINT('',(-6.28318530718,-15.98));
#89 = VECTOR('',#90,1.);
#90 = DIRECTION('',(1.,-0.));
#91 = ( GEOMETRIC_REPRESENTATION_CONTEXT(2) 
PARAMETRIC_REPRESENTATION_CONTEXT() REPRESENTATION_CONTEXT('2D SPACE',''
  ) );
#92 = PCURVE('',#93,#98);
#93 = PLANE('',#94);
#94 = AXIS2_PLACEMENT_3D('',#95,#96,#97);
#95 = CARTESIAN_POINT('',(15.98,-17.4,-21.));
#96 = DIRECTION('',(1.,0.,0.));
#97 = DIRECTION('',(0.,0.,1.));
#98 = DEFINITIONAL_REPRESENTATION('',(#99),#107);
#99 = ( BOUNDED_CURVE() B_SPLINE_CURVE(2,(#100,#101,#102,#103,#104,#105,
#106),.UNSPECIFIED.,.T.,.F.) B_SPLINE_CURVE_WITH_KNOTS((1,2,2,2,2,1),(
    -2.094395102393,0.,2.094395102393,4.188790204786,6.28318530718,
8.377580409573),.UNSPECIFIED.) CURVE() GEOMETRIC_REPRESENTATION_ITEM() 
RATIONAL_B_SPLINE_CURVE((1.,0.5,1.,0.5,1.,0.5,1.)) REPRESENTATION_ITEM(
  '') );
#100 = CARTESIAN_POINT('',(21.,-34.4));
#101 = CARTESIAN_POINT('',(-8.444863728671,-34.4));
#102 = CARTESIAN_POINT('',(6.277568135665,-8.9));
#103 = CARTESIAN_POINT('',(21.,16.6));
#104 = CARTESIAN_POINT('',(35.722431864335,-8.9));
#105 = CARTESIAN_POINT('',(50.444863728671,-34.4));
#106 = CARTESIAN_POINT('',(21.,-34.4));
#107 = ( GEOMETRIC_REPRESENTATION_CONTEXT(2) 
PARAMETRIC_REPRESENTATION_CONTEXT() REPRESENTATION_CONTEXT('2D SPACE',''
  ) );
#108 = ORIENTED_EDGE('',*,*,#55,.F.);
#109 = ADVANCED_FACE('',(#110,#113),#43,.F.);
#110 = FACE_BOUND('',#111,.F.);
#111 = EDGE_LOOP('',(#112));
#112 = ORIENTED_EDGE('',*,*,#21,.T.);
#113 = FACE_BOUND('',#114,.F.);
#114 = EDGE_LOOP('',(#115,#406,#439));
#115 = ORIENTED_EDGE('',*,*,#116,.T.);
#116 = EDGE_CURVE('',#117,#119,#121,.T.);
#117 = VERTEX_POINT('',#118);
#118 = CARTESIAN_POINT('',(-2.701851004039E-08,3.68295061115E-08,
    12.699999903209));
#119 = VERTEX_POINT('',#120);
#120 = CARTESIAN_POINT('',(0.,3.522411334003,-11.99344064037));
#121 = SURFACE_CURVE('',#122,(#165,#211),.PCURVE_S1.);
#122 = B_SPLINE_CURVE_WITH_KNOTS('',6,(#123,#124,#125,#126,#127,#128,
    #129,#130,#131,#132,#133,#134,#135,#136,#137,#138,#139,#140,#141,
    #142,#143,#144,#145,#146,#147,#148,#149,#150,#151,#152,#153,#154,
    #155,#156,#157,#158,#159,#160,#161,#162,#163,#164),.UNSPECIFIED.,.F.
  ,.F.,(7,5,5,5,5,5,5,5,7),(0.,0.109845328395,0.248614802795,
    0.374028292901,0.496170424712,0.625039805142,0.751629433449,
    0.873963807436,1.),.UNSPECIFIED.);
#123 = CARTESIAN_POINT('',(0.,2.731795806944E-06,12.699999903209));
#124 = CARTESIAN_POINT('',(0.,0.724141769897,12.696006781487));
#125 = CARTESIAN_POINT('',(0.,1.44803141835,12.642475842486));
#126 = CARTESIAN_POINT('',(0.,2.167379966764,12.539393846887));
#127 = CARTESIAN_POINT('',(0.,2.877974357929,12.38725464782));
#128 = CARTESIAN_POINT('',(0.,3.575671829989,12.186998353607));
#129 = CARTESIAN_POINT('',(0.,5.116410227261,11.628140858383));
#130 = CARTESIAN_POINT('',(0.,5.94945869997,11.241689176524));
#131 = CARTESIAN_POINT('',(0.,6.747306644216,10.78364208756));
#132 = CARTESIAN_POINT('',(0.,7.502402896672,10.258088905166));
#133 = CARTESIAN_POINT('',(0.,8.207762349262,9.670046735241));
#134 = CARTESIAN_POINT('',(0.,9.444000256143,8.443355383844));
#135 = CARTESIAN_POINT('',(0.,9.985217528419,7.814945112671));
#136 = CARTESIAN_POINT('',(0.,10.476159490909,7.144983457437));
#137 = CARTESIAN_POINT('',(0.,10.912934186874,6.438509751646));
#138 = CARTESIAN_POINT('',(0.,11.292262186673,5.700992359263));
#139 = CARTESIAN_POINT('',(0.,11.922635039808,4.195722842719));
#140 = CARTESIAN_POINT('',(0.,12.176801954348,3.429180179977));
#141 = CARTESIAN_POINT('',(0.,12.371755839109,2.644296712535));
#142 = CARTESIAN_POINT('',(0.,12.50592797739,1.846768671191));
#143 = CARTESIAN_POINT('',(0.,12.578415627232,1.042443472487));
#144 = CARTESIAN_POINT('',(0.,12.600410239547,-0.612103623811));
#145 = CARTESIAN_POINT('',(0.,12.542925254266,-1.4625169525));
#146 = CARTESIAN_POINT('',(0.,12.416514440132,-2.306813825587));
#147 = CARTESIAN_POINT('',(0.,12.222035813052,-3.138078116884));
#148 = CARTESIAN_POINT('',(0.,11.96117551049,-3.949537402324));
#149 = CARTESIAN_POINT('',(0.,11.317831080985,-5.505790426272));
#150 = CARTESIAN_POINT('',(0.,10.93753985745,-6.251607124066));
#151 = CARTESIAN_POINT('',(0.,10.498288167708,-6.965808382942));
#152 = CARTESIAN_POINT('',(0.,10.003408352405,-7.642657189245));
#153 = CARTESIAN_POINT('',(0.,9.456895929599,-8.276845080179));
#154 = CARTESIAN_POINT('',(0.,8.29014715108,-9.430623624482));
#155 = CARTESIAN_POINT('',(0.,7.672941113676,-9.953414529931));
#156 = CARTESIAN_POINT('',(0.,7.016239634639,-10.42764336457));
#157 = CARTESIAN_POINT('',(0.,6.324828289395,-10.84966732575));
#158 = CARTESIAN_POINT('',(0.,5.603889957042,-11.21641848603));
#159 = CARTESIAN_POINT('',(0.,4.091729483786,-11.84398974909));
#160 = CARTESIAN_POINT('',(0.,3.298950043866,-12.10130620754));
#161 = CARTESIAN_POINT('',(0.,2.486920496019,-12.29485585765));
#162 = CARTESIAN_POINT('',(0.,1.662025705015,-12.42294520675));
#163 = CARTESIAN_POINT('',(0.,0.830816010675,-12.48465051336));
#164 = CARTESIAN_POINT('',(0.,3.212612429286E-05,-12.47998861406));
#165 = PCURVE('',#43,#166);
#166 = DEFINITIONAL_REPRESENTATION('',(#167),#210);
#167 = B_SPLINE_CURVE_WITH_KNOTS('',6,(#168,#169,#170,#171,#172,#173,
    #174,#175,#176,#177,#178,#179,#180,#181,#182,#183,#184,#185,#186,
    #187,#188,#189,#190,#191,#192,#193,#194,#195,#196,#197,#198,#199,
    #200,#201,#202,#203,#204,#205,#206,#207,#208,#209),.UNSPECIFIED.,.F.
  ,.F.,(7,5,5,5,5,5,5,5,7),(0.,0.109845328395,0.248614802795,
    0.374028292901,0.496170424712,0.625039805142,0.751629433449,
    0.873963807436,1.),.UNSPECIFIED.);
#168 = CARTESIAN_POINT('',(12.699999903209,-2.731795808231E-06));
#169 = CARTESIAN_POINT('',(12.696006781487,-0.724141769897));
#170 = CARTESIAN_POINT('',(12.642475842486,-1.44803141835));
#171 = CARTESIAN_POINT('',(12.539393846887,-2.167379966764));
#172 = CARTESIAN_POINT('',(12.38725464782,-2.877974357929));
#173 = CARTESIAN_POINT('',(12.186998353607,-3.575671829989));
#174 = CARTESIAN_POINT('',(11.628140858383,-5.116410227261));
#175 = CARTESIAN_POINT('',(11.241689176524,-5.94945869997));
#176 = CARTESIAN_POINT('',(10.78364208756,-6.747306644216));
#177 = CARTESIAN_POINT('',(10.258088905166,-7.502402896672));
#178 = CARTESIAN_POINT('',(9.670046735241,-8.207762349262));
#179 = CARTESIAN_POINT('',(8.443355383844,-9.444000256143));
#180 = CARTESIAN_POINT('',(7.814945112671,-9.985217528419));
#181 = CARTESIAN_POINT('',(7.144983457437,-10.4761594909));
#182 = CARTESIAN_POINT('',(6.438509751646,-10.91293418687));
#183 = CARTESIAN_POINT('',(5.700992359263,-11.29226218667));
#184 = CARTESIAN_POINT('',(4.195722842719,-11.9226350398));
#185 = CARTESIAN_POINT('',(3.429180179977,-12.17680195434));
#186 = CARTESIAN_POINT('',(2.644296712535,-12.3717558391));
#187 = CARTESIAN_POINT('',(1.846768671191,-12.50592797739));
#188 = CARTESIAN_POINT('',(1.042443472487,-12.57841562723));
#189 = CARTESIAN_POINT('',(-0.612103623811,-12.60041023954));
#190 = CARTESIAN_POINT('',(-1.4625169525,-12.54292525426));
#191 = CARTESIAN_POINT('',(-2.306813825587,-12.41651444013));
#192 = CARTESIAN_POINT('',(-3.138078116884,-12.22203581305));
#193 = CARTESIAN_POINT('',(-3.949537402324,-11.96117551049));
#194 = CARTESIAN_POINT('',(-5.505790426272,-11.31783108098));
#195 = CARTESIAN_POINT('',(-6.251607124066,-10.93753985745));
#196 = CARTESIAN_POINT('',(-6.965808382942,-10.4982881677));
#197 = CARTESIAN_POINT('',(-7.642657189245,-10.0034083524));
#198 = CARTESIAN_POINT('',(-8.276845080179,-9.456895929599));
#199 = CARTESIAN_POINT('',(-9.430623624482,-8.29014715108));
#200 = CARTESIAN_POINT('',(-9.953414529931,-7.672941113676));
#201 = CARTESIAN_POINT('',(-10.42764336457,-7.016239634639));
#202 = CARTESIAN_POINT('',(-10.84966732575,-6.324828289395));
#203 = CARTESIAN_POINT('',(-11.21641848603,-5.603889957042));
#204 = CARTESIAN_POINT('',(-11.84398974909,-4.091729483786));
#205 = CARTESIAN_POINT('',(-12.10130620754,-3.298950043866));
#206 = CARTESIAN_POINT('',(-12.29485585765,-2.486920496019));
#207 = CARTESIAN_POINT('',(-12.42294520675,-1.662025705015));
#208 = CARTESIAN_POINT('',(-12.48465051336,-0.830816010675));
#209 = CARTESIAN_POINT('',(-12.47998861406,-3.212612429415E-05));
#210 = ( GEOMETRIC_REPRESENTATION_CONTEXT(2) 
PARAMETRIC_REPRESENTATION_CONTEXT() REPRESENTATION_CONTEXT('2D SPACE',''
  ) );
#211 = PCURVE('',#212,#361);
#212 = B_SPLINE_SURFACE_WITH_KNOTS('',1,10,(
    (#213,#214,#215,#216,#217,#218,#219,#220,#221,#222,#223,#224,#225
      ,#226,#227,#228,#229,#230,#231,#232,#233,#234,#235,#236,#237,#238
      ,#239,#240,#241,#242,#243,#244,#245,#246,#247,#248,#249,#250,#251
      ,#252,#253,#254,#255,#256,#257,#258,#259,#260,#261,#262,#263,#264
      ,#265,#266,#267,#268,#269,#270,#271,#272,#273,#274,#275,#276,#277
      ,#278,#279,#280,#281,#282,#283,#284,#285,#286)
    ,(#287,#288,#289,#290,#291,#292,#293,#294,#295,#296,#297,#298,#299
      ,#300,#301,#302,#303,#304,#305,#306,#307,#308,#309,#310,#311,#312
      ,#313,#314,#315,#316,#317,#318,#319,#320,#321,#322,#323,#324,#325
      ,#326,#327,#328,#329,#330,#331,#332,#333,#334,#335,#336,#337,#338
      ,#339,#340,#341,#342,#343,#344,#345,#346,#347,#348,#349,#350,#351
      ,#352,#353,#354,#355,#356,#357,#358,#359,#360
  )),.UNSPECIFIED.,.F.,.F.,.F.,(2,2),(11,9,9,9,9,9,9,9,11),(0.,
    0.456508488421),(0.,5.74010606028,11.480212120561,17.220318180841,
    22.960424241121,28.700530301401,34.440636361682,40.180742421962,
    45.920848482242),.UNSPECIFIED.);
#213 = CARTESIAN_POINT('',(-0.400000000861,-1.139377481252E-10,
    12.479999855651));
#214 = CARTESIAN_POINT('',(-0.327500000862,7.106282512334,
    12.480000111639));
#215 = CARTESIAN_POINT('',(-0.255000000861,14.214593719347,
    7.984991807591));
#216 = CARTESIAN_POINT('',(-0.182500000863,18.106642834926,
    -1.014807645195));
#217 = CARTESIAN_POINT('',(-0.11000000086,15.661784784381,
    -11.86823256011));
#218 = CARTESIAN_POINT('',(-3.750000086232E-02,5.924701921946,
    -19.5311208421));
#219 = CARTESIAN_POINT('',(3.499999913862E-02,-6.428663785807,
    -18.56929498028));
#220 = CARTESIAN_POINT('',(0.107499999139,-14.49132459095,
    -10.90329522444));
#221 = CARTESIAN_POINT('',(0.179999999138,-16.25522735064,
    -1.257925999743));
#222 = CARTESIAN_POINT('',(0.252499999139,-12.84217430449,6.428701475322
    ));
#223 = CARTESIAN_POINT('',(0.397499999138,-1.024858578563,
    14.324779847332));
#224 = CARTESIAN_POINT('',(0.469999999139,7.382778929774,14.536483245973
    ));
#225 = CARTESIAN_POINT('',(0.542499999139,15.618920267407,9.215729987134
    ));
#226 = CARTESIAN_POINT('',(0.614999999138,19.615934801457,
    -1.166853229748));
#227 = CARTESIAN_POINT('',(0.68749999914,15.7771190089,-12.94794550791)
  );
#228 = CARTESIAN_POINT('',(0.759999999137,4.971308926044,-19.01137869505
    ));
#229 = CARTESIAN_POINT('',(0.83249999914,-5.9915497567,-17.11670725361)
  );
#230 = CARTESIAN_POINT('',(0.904999999138,-12.81686134746,
    -10.07684768277));
#231 = CARTESIAN_POINT('',(0.977499999139,-14.24947286582,
    -1.789459848863));
#232 = CARTESIAN_POINT('',(1.122499999138,-8.810560043168,11.34123822733
    ));
#233 = CARTESIAN_POINT('',(1.19499999914,-1.937481049102,16.188296298122
    ));
#234 = CARTESIAN_POINT('',(1.267499999136,7.866672322051,16.340006613193
    ));
#235 = CARTESIAN_POINT('',(1.339999999142,16.958322625978,9.927826464753
    ));
#236 = CARTESIAN_POINT('',(1.412499999135,20.311688127773,-2.00052554641
    ));
#237 = CARTESIAN_POINT('',(1.484999999141,14.695648397527,
    -13.04547241513));
#238 = CARTESIAN_POINT('',(1.557499999138,4.527741483859,-17.56074863819
    ));
#239 = CARTESIAN_POINT('',(1.629999999138,-5.058434120191,
    -15.49925928154));
#240 = CARTESIAN_POINT('',(1.702499999139,-10.85383305406,
    -9.404464447216));
#241 = CARTESIAN_POINT('',(1.847499999138,-13.62656730794,4.535010055683
    ));
#242 = CARTESIAN_POINT('',(1.91999999914,-10.60469216329,12.383669648932
    ));
#243 = CARTESIAN_POINT('',(1.992499999136,-2.537122295887,
    17.956707938728));
#244 = CARTESIAN_POINT('',(2.064999999142,8.584725076701,17.676225274606
    ));
#245 = CARTESIAN_POINT('',(2.137499999134,17.99998389681,9.62119310568)
  );
#246 = CARTESIAN_POINT('',(2.209999999141,19.466661225139,
    -2.682449086716));
#247 = CARTESIAN_POINT('',(2.282499999137,13.520908669121,
    -12.08575047071));
#248 = CARTESIAN_POINT('',(2.354999999139,4.404992833901,-15.69747852866
    ));
#249 = CARTESIAN_POINT('',(2.427499999138,-3.799791857098,
    -13.84959296684));
#250 = CARTESIAN_POINT('',(2.572499999139,-13.84959322993,-3.79979212174
    ));
#251 = CARTESIAN_POINT('',(2.644999999136,-15.69747751409,4.404993705597
    ));
#252 = CARTESIAN_POINT('',(2.717499999146,-12.08575250551,
    13.520907362971));
#253 = CARTESIAN_POINT('',(2.789999999126,-2.682446563457,
    19.466661887238));
#254 = CARTESIAN_POINT('',(2.862499999153,9.621191136468,17.999984949459
    ));
#255 = CARTESIAN_POINT('',(2.934999999127,17.676226125873,8.584722610737
    ));
#256 = CARTESIAN_POINT('',(3.007499999145,17.956707894316,
    -2.537119878286));
#257 = CARTESIAN_POINT('',(3.079999999136,12.383669487792,
    -10.60469349119));
#258 = CARTESIAN_POINT('',(3.152499999139,4.535010129565,-13.62656694216
    ));
#259 = CARTESIAN_POINT('',(3.297499999138,-9.404464518936,
    -10.85383342027));
#260 = CARTESIAN_POINT('',(3.369999999138,-15.49925892224,
    -5.058432831725));
#261 = CARTESIAN_POINT('',(3.44249999914,-17.56074960441,4.527739267334)
  );
#262 = CARTESIAN_POINT('',(3.514999999136,-13.04547068497,
    14.695650349923));
#263 = CARTESIAN_POINT('',(3.587499999142,-2.000527768573,
    20.311687908949));
#264 = CARTESIAN_POINT('',(3.659999999135,9.927828542589,16.958321048569
    ));
#265 = CARTESIAN_POINT('',(3.732499999141,16.340005233088,7.866674307525
    ));
#266 = CARTESIAN_POINT('',(3.804999999138,16.188296901914,-1.93748224273
    ));
#267 = CARTESIAN_POINT('',(3.877499999139,11.34123808552,-8.810559697987
    ));
#268 = CARTESIAN_POINT('',(4.022499999139,-1.789459704988,
    -14.24947321016));
#269 = CARTESIAN_POINT('',(4.094999999138,-10.07684810017,
    -12.81686007651));
#270 = CARTESIAN_POINT('',(4.167499999141,-17.11670682469,
    -5.991552136506));
#271 = CARTESIAN_POINT('',(4.239999999134,-19.01137834285,4.971311510687
    ));
#272 = CARTESIAN_POINT('',(4.312499999144,-12.94794723147,
    15.777117592311));
#273 = CARTESIAN_POINT('',(4.384999999134,-1.166850628777,
    19.615934644349));
#274 = CARTESIAN_POINT('',(4.457499999142,9.21572773955,15.618921151465)
  );
#275 = CARTESIAN_POINT('',(4.529999999137,14.536484408731,7.382778272792
    ));
#276 = CARTESIAN_POINT('',(4.602499999139,14.324779539233,
    -1.024858370359));
#277 = CARTESIAN_POINT('',(4.747499999138,6.428701783028,-12.84217451083
    ));
#278 = CARTESIAN_POINT('',(4.81999999914,-1.257927034704,-16.25522652596
    ));
#279 = CARTESIAN_POINT('',(4.892499999136,-10.9032935959,-14.49132633092
    ));
#280 = CARTESIAN_POINT('',(4.96499999914,-18.56929602561,-6.428661441995
    ));
#281 = CARTESIAN_POINT('',(5.037499999138,-19.53112163537,5.924699787897
    ));
#282 = CARTESIAN_POINT('',(5.109999999137,-11.86823013221,15.66178609714
    ));
#283 = CARTESIAN_POINT('',(5.182499999141,-1.014810180713,
    18.106642322905));
#284 = CARTESIAN_POINT('',(5.254999999137,7.984993281047,14.214593817791
    ));
#285 = CARTESIAN_POINT('',(5.327499999139,12.479999647084,7.106282515122
    ));
#286 = CARTESIAN_POINT('',(5.399999999138,12.479999903073,
    1.141442496078E-10));
#287 = CARTESIAN_POINT('',(-2.701850981834E-08,3.682950566741E-08,
    12.699999903209));
#288 = CARTESIAN_POINT('',(7.250025491004E-02,7.231554225765,
    12.699999626304));
#289 = CARTESIAN_POINT('',(0.144999189842,14.465168726381,8.125754816893
    ));
#290 = CARTESIAN_POINT('',(0.217501354638,18.425835949905,
    -1.032702167677));
#291 = CARTESIAN_POINT('',(0.289998831773,15.93786849113,-12.07743902006
    ));
#292 = CARTESIAN_POINT('',(0.362500078873,6.029144622898,-19.87543032178
    ));
#293 = CARTESIAN_POINT('',(0.43500101684,-6.54198543951,-18.8966299804)
  );
#294 = CARTESIAN_POINT('',(0.50749876592,-14.74678594173,-11.09550463288
    ));
#295 = CARTESIAN_POINT('',(0.580000721612,-16.54177487383,
    -1.280099960151));
#296 = CARTESIAN_POINT('',(0.652499795232,-13.06855953418,6.542027921798
    ));
#297 = CARTESIAN_POINT('',(0.797500203785,-1.04292418902,14.57730007051)
  );
#298 = CARTESIAN_POINT('',(0.86999926796,7.512920775043,14.79273530815)
  );
#299 = CARTESIAN_POINT('',(0.942501257823,15.894261208843,9.378185574527
    ));
#300 = CARTESIAN_POINT('',(1.014998929921,19.961718995279,
    -1.187418302411));
#301 = CARTESIAN_POINT('',(1.087499997702,16.055247956536,
    -13.17620299955));
#302 = CARTESIAN_POINT('',(1.160001070756,5.058943051526,-19.34650601945
    ));
#303 = CARTESIAN_POINT('',(1.232498738215,-6.097172309242,
    -17.41845021638));
#304 = CARTESIAN_POINT('',(1.305000731646,-13.04279770295,
    -10.25448194637));
#305 = CARTESIAN_POINT('',(1.377499793453,-14.50066610707,
    -1.821005244483));
#306 = CARTESIAN_POINT('',(1.522500204658,-8.965873767638,
    11.541164402668));
#307 = CARTESIAN_POINT('',(1.594999266627,-1.971638078722,
    16.473665038224));
#308 = CARTESIAN_POINT('',(1.667501259474,8.005354461016,16.628054725962
    ));
#309 = CARTESIAN_POINT('',(1.739998928248,17.25725701606,10.102834639421
    ));
#310 = CARTESIAN_POINT('',(1.812499999085,20.669756965265,-2.03579455233
    ));
#311 = CARTESIAN_POINT('',(1.885001069838,14.954700274632,
    -13.27543368871));
#312 = CARTESIAN_POINT('',(1.957498738686,4.607558949667,-17.8703194893)
  );
#313 = CARTESIAN_POINT('',(2.030000731475,-5.147605025049,
    -15.77248028724));
#314 = CARTESIAN_POINT('',(2.102499793484,-11.04516691815,
    -9.570248972699));
#315 = CARTESIAN_POINT('',(2.247500204643,-13.86677898204,4.614954913107
    ));
#316 = CARTESIAN_POINT('',(2.319999266649,-10.79163507287,
    12.601968455688));
#317 = CARTESIAN_POINT('',(2.392501259446,-2.58184326873,18.273258859679
    ));
#318 = CARTESIAN_POINT('',(2.464998928276,8.736050605776,17.98781830246)
  );
#319 = CARTESIAN_POINT('',(2.537499999061,18.317301664109,9.790800386518
    ));
#320 = CARTESIAN_POINT('',(2.610001069854,19.809814627328,
    -2.729733386002));
#321 = CARTESIAN_POINT('',(2.682498738678,13.759262816349,
    -12.29880501817));
#322 = CARTESIAN_POINT('',(2.755000731479,4.482643394016,-15.97419419274
    ));
#323 = CARTESIAN_POINT('',(2.827499793483,-3.866775203435,
    -14.09373716142));
#324 = CARTESIAN_POINT('',(2.972500204644,-14.09373692053,
    -3.866774857889));
#325 = CARTESIAN_POINT('',(3.044999266646,-15.97419518158,4.482642613981
    ));
#326 = CARTESIAN_POINT('',(3.117501259455,-12.29880290438,
    13.759264193175));
#327 = CARTESIAN_POINT('',(3.189998928262,-2.729735795557,
    19.809813980768));
#328 = CARTESIAN_POINT('',(3.262499999077,9.790802460882,18.317300555408
    ));
#329 = CARTESIAN_POINT('',(3.335001069841,17.987817501328,8.736052968368
    ));
#330 = CARTESIAN_POINT('',(3.407498738685,18.273258889279,
    -2.581845791152));
#331 = CARTESIAN_POINT('',(3.480000731476,12.601968554879,
    -10.79163381734));
#332 = CARTESIAN_POINT('',(3.552499793484,4.614954759629,-13.86677937431
    ));
#333 = CARTESIAN_POINT('',(3.697500204643,-9.570248964379,
    -11.04516649701));
#334 = CARTESIAN_POINT('',(3.769999266651,-15.77248067608,
    -5.147606222987));
#335 = CARTESIAN_POINT('',(3.842501259441,-17.87031849664,4.607561268793
    ));
#336 = CARTESIAN_POINT('',(3.914998928288,-13.27543533303,14.95469839839
    ));
#337 = CARTESIAN_POINT('',(3.987499999042,-2.03579221152,20.669757195835
    ));
#338 = CARTESIAN_POINT('',(4.060001069879,10.102832660635,
    17.257258535424));
#339 = CARTESIAN_POINT('',(4.132498738652,16.628056152026,8.005352380129
    ));
#340 = CARTESIAN_POINT('',(4.2050007315,16.47366442311,-1.971636979668)
  );
#341 = CARTESIAN_POINT('',(4.277499793468,11.541164493015,
    -8.965874179063));
#342 = CARTESIAN_POINT('',(4.422500204674,-1.821005471594,
    -14.50066575228));
#343 = CARTESIAN_POINT('',(4.494999266479,-10.25448160383,
    -13.04279891502));
#344 = CARTESIAN_POINT('',(4.567501259915,-17.41845068031,
    -6.097169829482));
#345 = CARTESIAN_POINT('',(4.639998927365,-19.3465063426,5.058940577978)
  );
#346 = CARTESIAN_POINT('',(4.712500000431,-13.17620118384,
    16.055249448705));
#347 = CARTESIAN_POINT('',(4.785001068201,-1.187420788786,
    19.961719159246));
#348 = CARTESIAN_POINT('',(4.857498740306,9.378187913336,15.894260270928
    ));
#349 = CARTESIAN_POINT('',(4.930000730166,14.792734188519,7.512921347124
    ));
#350 = CARTESIAN_POINT('',(5.002499794342,14.577300372623,
    -1.042924480902));
#351 = CARTESIAN_POINT('',(5.147500202894,6.542027539078,-13.06855936539
    ));
#352 = CARTESIAN_POINT('',(5.219999276515,-1.280099020139,
    -16.54177569117));
#353 = CARTESIAN_POINT('',(5.292501232206,-11.09550634607,
    -14.74678413806));
#354 = CARTESIAN_POINT('',(5.364998981287,-18.89662897262,
    -6.541987674866));
#355 = CARTESIAN_POINT('',(5.437499919254,-19.8754294939,6.029146871033)
  );
#356 = CARTESIAN_POINT('',(5.510001166352,-12.07744135647,
    15.937867247707));
#357 = CARTESIAN_POINT('',(5.58249864349,-1.032699526399,18.425836467843
    ));
#358 = CARTESIAN_POINT('',(5.655000808284,8.12575342647,14.465168581301)
  );
#359 = CARTESIAN_POINT('',(5.727499743216,12.700000132369,7.231554150078
    ));
#360 = CARTESIAN_POINT('',(5.800000025145,12.699999855788,
    -3.62971372958E-08));
#361 = DEFINITIONAL_REPRESENTATION('',(#362),#405);
#362 = B_SPLINE_CURVE_WITH_KNOTS('',6,(#363,#364,#365,#366,#367,#368,
    #369,#370,#371,#372,#373,#374,#375,#376,#377,#378,#379,#380,#381,
    #382,#383,#384,#385,#386,#387,#388,#389,#390,#391,#392,#393,#394,
    #395,#396,#397,#398,#399,#400,#401,#402,#403,#404),.UNSPECIFIED.,.F.
  ,.F.,(7,5,5,5,5,5,5,5,7),(0.,0.109845328395,0.248614802795,
    0.374028292901,0.496170424712,0.625039805142,0.751629433449,
    0.873963807436,1.),.UNSPECIFIED.);
#363 = CARTESIAN_POINT('',(0.456508488421,2.139151846352E-07));
#364 = CARTESIAN_POINT('',(0.448222984893,5.747935022267E-02));
#365 = CARTESIAN_POINT('',(0.439934357768,0.114980281136));
#366 = CARTESIAN_POINT('',(0.431642920966,0.172500772486));
#367 = CARTESIAN_POINT('',(0.423348291631,0.230043448454));
#368 = CARTESIAN_POINT('',(0.415050128203,0.287610659591));
#369 = CARTESIAN_POINT('',(0.396262188607,0.417949068243));
#370 = CARTESIAN_POINT('',(0.385769335494,0.490741615706));
#371 = CARTESIAN_POINT('',(0.375272486053,0.563561875995));
#372 = CARTESIAN_POINT('',(0.364770665622,0.636416608168));
#373 = CARTESIAN_POINT('',(0.354262828464,0.709313068511));
#374 = CARTESIAN_POINT('',(0.334250686949,0.848144122372));
#375 = CARTESIAN_POINT('',(0.324745857591,0.914082359584));
#376 = CARTESIAN_POINT('',(0.315237576447,0.980044538269));
#377 = CARTESIAN_POINT('',(0.305725200046,1.0460351255));
#378 = CARTESIAN_POINT('',(0.296208063039,1.112058738985));
#379 = CARTESIAN_POINT('',(0.277414944412,1.242432992003));
#380 = CARTESIAN_POINT('',(0.268138145533,1.306789301053));
#381 = CARTESIAN_POINT('',(0.258857985007,1.37116893346));
#382 = CARTESIAN_POINT('',(0.249573903002,1.435575773225));
#383 = CARTESIAN_POINT('',(0.240285322641,1.500013821987));
#384 = CARTESIAN_POINT('',(0.221189490463,1.632488124026));
#385 = CARTESIAN_POINT('',(0.211380665323,1.700535292185));
#386 = CARTESIAN_POINT('',(0.201568213079,1.768607624217));
#387 = CARTESIAN_POINT('',(0.191751392,1.836710264865));
#388 = CARTESIAN_POINT('',(0.181929432006,1.904848555742));
#389 = CARTESIAN_POINT('',(0.162451791272,2.039971600288));
#390 = CARTESIAN_POINT('',(0.152795033615,2.106963824923));
#391 = CARTESIAN_POINT('',(0.143134695696,2.173980886052));
#392 = CARTESIAN_POINT('',(0.133470079768,2.241027624022));
#393 = CARTESIAN_POINT('',(0.123800467544,2.308109021983));
#394 = CARTESIAN_POINT('',(0.104778943634,2.440067819379));
#395 = CARTESIAN_POINT('',(9.542622198711E-02,2.504950837848));
#396 = CARTESIAN_POINT('',(8.607004556104E-02,2.569857822796));
#397 = CARTESIAN_POINT('',(7.67098298833E-02,2.634792829242));
#398 = CARTESIAN_POINT('',(6.734497571522E-02,2.699760014608));
#399 = CARTESIAN_POINT('',(4.8324695922E-02,2.831710179208));
#400 = CARTESIAN_POINT('',(3.866792289048E-02,2.898702505878));
#401 = CARTESIAN_POINT('',(2.900755321693E-02,2.965719784206));
#402 = CARTESIAN_POINT('',(1.93429125613E-02,3.032766692388));
#403 = CARTESIAN_POINT('',(9.673301848763E-03,3.099848080016));
#404 = CARTESIAN_POINT('',(0.,3.166955074562));
#405 = ( GEOMETRIC_REPRESENTATION_CONTEXT(2) 
PARAMETRIC_REPRESENTATION_CONTEXT() REPRESENTATION_CONTEXT('2D SPACE',''
  ) );
#406 = ORIENTED_EDGE('',*,*,#407,.T.);
#407 = EDGE_CURVE('',#119,#408,#410,.T.);
#408 = VERTEX_POINT('',#409);
#409 = CARTESIAN_POINT('',(0.,3.451703291807E-09,12.5));
#410 = SURFACE_CURVE('',#411,(#416,#427),.PCURVE_S1.);
#411 = CIRCLE('',#412,12.5);
#412 = AXIS2_PLACEMENT_3D('',#413,#414,#415);
#413 = CARTESIAN_POINT('',(0.,0.,0.));
#414 = DIRECTION('',(-1.,0.,0.));
#415 = DIRECTION('',(0.,1.,0.));
#416 = PCURVE('',#43,#417);
#417 = DEFINITIONAL_REPRESENTATION('',(#418),#426);
#418 = ( BOUNDED_CURVE() B_SPLINE_CURVE(2,(#419,#420,#421,#422,#423,#424
,#425),.UNSPECIFIED.,.T.,.F.) B_SPLINE_CURVE_WITH_KNOTS((1,2,2,2,2,1),(
    -2.094395102393,0.,2.094395102393,4.188790204786,6.28318530718,
8.377580409573),.UNSPECIFIED.) CURVE() GEOMETRIC_REPRESENTATION_ITEM() 
RATIONAL_B_SPLINE_CURVE((1.,0.5,1.,0.5,1.,0.5,1.)) REPRESENTATION_ITEM(
  '') );
#419 = CARTESIAN_POINT('',(-1.236537197009E-15,-12.5));
#420 = CARTESIAN_POINT('',(-21.65063509461,-12.5));
#421 = CARTESIAN_POINT('',(-10.8253175473,6.25));
#422 = CARTESIAN_POINT('',(-4.298154194878E-15,25.));
#423 = CARTESIAN_POINT('',(10.825317547305,6.25));
#424 = CARTESIAN_POINT('',(21.650635094611,-12.5));
#425 = CARTESIAN_POINT('',(-1.236537197009E-15,-12.5));
#426 = ( GEOMETRIC_REPRESENTATION_CONTEXT(2) 
PARAMETRIC_REPRESENTATION_CONTEXT() REPRESENTATION_CONTEXT('2D SPACE',''
  ) );
#427 = PCURVE('',#428,#433);
#428 = CYLINDRICAL_SURFACE('',#429,12.5);
#429 = AXIS2_PLACEMENT_3D('',#430,#431,#432);
#430 = CARTESIAN_POINT('',(-0.21,0.,0.));
#431 = DIRECTION('',(-1.,-0.,-0.));
#432 = DIRECTION('',(0.,1.,0.));
#433 = DEFINITIONAL_REPRESENTATION('',(#434),#438);
#434 = LINE('',#435,#436);
#435 = CARTESIAN_POINT('',(-6.28318530718,-0.21));
#436 = VECTOR('',#437,1.);
#437 = DIRECTION('',(1.,-0.));
#438 = ( GEOMETRIC_REPRESENTATION_CONTEXT(2) 
PARAMETRIC_REPRESENTATION_CONTEXT() REPRESENTATION_CONTEXT('2D SPACE',''
  ) );
#439 = ORIENTED_EDGE('',*,*,#440,.T.);
#440 = EDGE_CURVE('',#408,#117,#441,.T.);
#441 = SURFACE_CURVE('',#442,(#446,#452),.PCURVE_S1.);
#442 = LINE('',#443,#444);
#443 = CARTESIAN_POINT('',(0.,-1.036381514298E-06,6.26931427505));
#444 = VECTOR('',#445,1.);
#445 = DIRECTION('',(-0.,1.668890507574E-07,1.));
#446 = PCURVE('',#43,#447);
#447 = DEFINITIONAL_REPRESENTATION('',(#448),#451);
#448 = B_SPLINE_CURVE_WITH_KNOTS('',1,(#449,#450),.UNSPECIFIED.,.F.,.F.,
  (2,2),(6.210685580601,6.430685628159),.PIECEWISE_BEZIER_KNOTS.);
#449 = CARTESIAN_POINT('',(12.479999855651,-1.139080882734E-10));
#450 = CARTESIAN_POINT('',(12.699999903209,-3.682950719185E-08));
#451 = ( GEOMETRIC_REPRESENTATION_CONTEXT(2) 
PARAMETRIC_REPRESENTATION_CONTEXT() REPRESENTATION_CONTEXT('2D SPACE',''
  ) );
#452 = PCURVE('',#453,#458);
#453 = PLANE('',#454);
#454 = AXIS2_PLACEMENT_3D('',#455,#456,#457);
#455 = CARTESIAN_POINT('',(-7.832172064882E-09,9.898393960491E-09,
    12.5386285501));
#456 = DIRECTION('',(-5.695993556071E-10,1.,-1.668890507574E-07));
#457 = DIRECTION('',(0.,1.668890507574E-07,1.));
#458 = DEFINITIONAL_REPRESENTATION('',(#459),#462);
#459 = B_SPLINE_CURVE_WITH_KNOTS('',1,(#460,#461),.UNSPECIFIED.,.F.,.F.,
  (2,2),(6.210685580601,6.430685628159),.PIECEWISE_BEZIER_KNOTS.);
#460 = CARTESIAN_POINT('',(-5.862869444865E-02,7.832172064882E-09));
#461 = CARTESIAN_POINT('',(0.16137135311,7.832172064882E-09));
#462 = ( GEOMETRIC_REPRESENTATION_CONTEXT(2) 
PARAMETRIC_REPRESENTATION_CONTEXT() REPRESENTATION_CONTEXT('2D SPACE',''
  ) );
#463 = ADVANCED_FACE('',(#464,#702),#93,.F.);
#464 = FACE_BOUND('',#465,.F.);
#465 = EDGE_LOOP('',(#466,#496,#525,#553,#586,#614,#643,#671));
#466 = ORIENTED_EDGE('',*,*,#467,.F.);
#467 = EDGE_CURVE('',#468,#470,#472,.T.);
#468 = VERTEX_POINT('',#469);
#469 = CARTESIAN_POINT('',(15.98,-17.4,-19.5));
#470 = VERTEX_POINT('',#471);
#471 = CARTESIAN_POINT('',(15.98,-17.4,19.5));
#472 = SURFACE_CURVE('',#473,(#477,#484),.PCURVE_S1.);
#473 = LINE('',#474,#475);
#474 = CARTESIAN_POINT('',(15.98,-17.4,-21.));
#475 = VECTOR('',#476,1.);
#476 = DIRECTION('',(0.,0.,1.));
#477 = PCURVE('',#93,#478);
#478 = DEFINITIONAL_REPRESENTATION('',(#479),#483);
#479 = LINE('',#480,#481);
#480 = CARTESIAN_POINT('',(0.,0.));
#481 = VECTOR('',#482,1.);
#482 = DIRECTION('',(1.,0.));
#483 = ( GEOMETRIC_REPRESENTATION_CONTEXT(2) 
PARAMETRIC_REPRESENTATION_CONTEXT() REPRESENTATION_CONTEXT('2D SPACE',''
  ) );
#484 = PCURVE('',#485,#490);
#485 = PLANE('',#486);
#486 = AXIS2_PLACEMENT_3D('',#487,#488,#489);
#487 = CARTESIAN_POINT('',(15.98,-17.4,-21.));
#488 = DIRECTION('',(0.,1.,0.));
#489 = DIRECTION('',(0.,0.,1.));
#490 = DEFINITIONAL_REPRESENTATION('',(#491),#495);
#491 = LINE('',#492,#493);
#492 = CARTESIAN_POINT('',(0.,0.));
#493 = VECTOR('',#494,1.);
#494 = DIRECTION('',(1.,0.));
#495 = ( GEOMETRIC_REPRESENTATION_CONTEXT(2) 
PARAMETRIC_REPRESENTATION_CONTEXT() REPRESENTATION_CONTEXT('2D SPACE',''
  ) );
#496 = ORIENTED_EDGE('',*,*,#497,.T.);
#497 = EDGE_CURVE('',#468,#498,#500,.T.);
#498 = VERTEX_POINT('',#499);
#499 = CARTESIAN_POINT('',(15.98,-15.9,-21.));
#500 = SURFACE_CURVE('',#501,(#506,#513),.PCURVE_S1.);
#501 = CIRCLE('',#502,1.5);
#502 = AXIS2_PLACEMENT_3D('',#503,#504,#505);
#503 = CARTESIAN_POINT('',(15.98,-15.9,-19.5));
#504 = DIRECTION('',(1.,0.,0.));
#505 = DIRECTION('',(-0.,0.,1.));
#506 = PCURVE('',#93,#507);
#507 = DEFINITIONAL_REPRESENTATION('',(#508),#512);
#508 = CIRCLE('',#509,1.5);
#509 = AXIS2_PLACEMENT_2D('',#510,#511);
#510 = CARTESIAN_POINT('',(1.5,-1.5));
#511 = DIRECTION('',(1.,0.));
#512 = ( GEOMETRIC_REPRESENTATION_CONTEXT(2) 
PARAMETRIC_REPRESENTATION_CONTEXT() REPRESENTATION_CONTEXT('2D SPACE',''
  ) );
#513 = PCURVE('',#514,#519);
#514 = CYLINDRICAL_SURFACE('',#515,1.5);
#515 = AXIS2_PLACEMENT_3D('',#516,#517,#518);
#516 = CARTESIAN_POINT('',(15.98,-15.9,-19.5));
#517 = DIRECTION('',(1.,0.,0.));
#518 = DIRECTION('',(0.,-1.,0.));
#519 = DEFINITIONAL_REPRESENTATION('',(#520),#524);
#520 = LINE('',#521,#522);
#521 = CARTESIAN_POINT('',(-1.570796326795,0.));
#522 = VECTOR('',#523,1.);
#523 = DIRECTION('',(1.,0.));
#524 = ( GEOMETRIC_REPRESENTATION_CONTEXT(2) 
PARAMETRIC_REPRESENTATION_CONTEXT() REPRESENTATION_CONTEXT('2D SPACE',''
  ) );
#525 = ORIENTED_EDGE('',*,*,#526,.T.);
#526 = EDGE_CURVE('',#498,#527,#529,.T.);
#527 = VERTEX_POINT('',#528);
#528 = CARTESIAN_POINT('',(15.98,23.1,-21.));
#529 = SURFACE_CURVE('',#530,(#534,#541),.PCURVE_S1.);
#530 = LINE('',#531,#532);
#531 = CARTESIAN_POINT('',(15.98,-17.4,-21.));
#532 = VECTOR('',#533,1.);
#533 = DIRECTION('',(0.,1.,0.));
#534 = PCURVE('',#93,#535);
#535 = DEFINITIONAL_REPRESENTATION('',(#536),#540);
#536 = LINE('',#537,#538);
#537 = CARTESIAN_POINT('',(0.,0.));
#538 = VECTOR('',#539,1.);
#539 = DIRECTION('',(0.,-1.));
#540 = ( GEOMETRIC_REPRESENTATION_CONTEXT(2) 
PARAMETRIC_REPRESENTATION_CONTEXT() REPRESENTATION_CONTEXT('2D SPACE',''
  ) );
#541 = PCURVE('',#542,#547);
#542 = PLANE('',#543);
#543 = AXIS2_PLACEMENT_3D('',#544,#545,#546);
#544 = CARTESIAN_POINT('',(15.98,-17.4,-21.));
#545 = DIRECTION('',(0.,0.,1.));
#546 = DIRECTION('',(1.,0.,0.));
#547 = DEFINITIONAL_REPRESENTATION('',(#548),#552);
#548 = LINE('',#549,#550);
#549 = CARTESIAN_POINT('',(0.,0.));
#550 = VECTOR('',#551,1.);
#551 = DIRECTION('',(0.,1.));
#552 = ( GEOMETRIC_REPRESENTATION_CONTEXT(2) 
PARAMETRIC_REPRESENTATION_CONTEXT() REPRESENTATION_CONTEXT('2D SPACE',''
  ) );
#553 = ORIENTED_EDGE('',*,*,#554,.F.);
#554 = EDGE_CURVE('',#555,#527,#557,.T.);
#555 = VERTEX_POINT('',#556);
#556 = CARTESIAN_POINT('',(15.98,24.6,-19.5));
#557 = SURFACE_CURVE('',#558,(#563,#574),.PCURVE_S1.);
#558 = CIRCLE('',#559,1.5);
#559 = AXIS2_PLACEMENT_3D('',#560,#561,#562);
#560 = CARTESIAN_POINT('',(15.98,23.1,-19.5));
#561 = DIRECTION('',(-1.,0.,-0.));
#562 = DIRECTION('',(-0.,0.,1.));
#563 = PCURVE('',#93,#564);
#564 = DEFINITIONAL_REPRESENTATION('',(#565),#573);
#565 = ( BOUNDED_CURVE() B_SPLINE_CURVE(2,(#566,#567,#568,#569,#570,#571
,#572),.UNSPECIFIED.,.T.,.F.) B_SPLINE_CURVE_WITH_KNOTS((1,2,2,2,2,1),(
    -2.094395102393,0.,2.094395102393,4.188790204786,6.28318530718,
8.377580409573),.UNSPECIFIED.) CURVE() GEOMETRIC_REPRESENTATION_ITEM() 
RATIONAL_B_SPLINE_CURVE((1.,0.5,1.,0.5,1.,0.5,1.)) REPRESENTATION_ITEM(
  '') );
#566 = CARTESIAN_POINT('',(3.,-40.5));
#567 = CARTESIAN_POINT('',(3.,-43.09807621135));
#568 = CARTESIAN_POINT('',(0.75,-41.79903810567));
#569 = CARTESIAN_POINT('',(-1.5,-40.5));
#570 = CARTESIAN_POINT('',(0.75,-39.20096189432));
#571 = CARTESIAN_POINT('',(3.,-37.90192378864));
#572 = CARTESIAN_POINT('',(3.,-40.5));
#573 = ( GEOMETRIC_REPRESENTATION_CONTEXT(2) 
PARAMETRIC_REPRESENTATION_CONTEXT() REPRESENTATION_CONTEXT('2D SPACE',''
  ) );
#574 = PCURVE('',#575,#580);
#575 = CYLINDRICAL_SURFACE('',#576,1.5);
#576 = AXIS2_PLACEMENT_3D('',#577,#578,#579);
#577 = CARTESIAN_POINT('',(15.98,23.1,-19.5));
#578 = DIRECTION('',(1.,0.,0.));
#579 = DIRECTION('',(-0.,1.,0.));
#580 = DEFINITIONAL_REPRESENTATION('',(#581),#585);
#581 = LINE('',#582,#583);
#582 = CARTESIAN_POINT('',(1.570796326795,-0.));
#583 = VECTOR('',#584,1.);
#584 = DIRECTION('',(-1.,0.));
#585 = ( GEOMETRIC_REPRESENTATION_CONTEXT(2) 
PARAMETRIC_REPRESENTATION_CONTEXT() REPRESENTATION_CONTEXT('2D SPACE',''
  ) );
#586 = ORIENTED_EDGE('',*,*,#587,.T.);
#587 = EDGE_CURVE('',#555,#588,#590,.T.);
#588 = VERTEX_POINT('',#589);
#589 = CARTESIAN_POINT('',(15.98,24.6,19.5));
#590 = SURFACE_CURVE('',#591,(#595,#602),.PCURVE_S1.);
#591 = LINE('',#592,#593);
#592 = CARTESIAN_POINT('',(15.98,24.6,-21.));
#593 = VECTOR('',#594,1.);
#594 = DIRECTION('',(0.,0.,1.));
#595 = PCURVE('',#93,#596);
#596 = DEFINITIONAL_REPRESENTATION('',(#597),#601);
#597 = LINE('',#598,#599);
#598 = CARTESIAN_POINT('',(0.,-42.));
#599 = VECTOR('',#600,1.);
#600 = DIRECTION('',(1.,0.));
#601 = ( GEOMETRIC_REPRESENTATION_CONTEXT(2) 
PARAMETRIC_REPRESENTATION_CONTEXT() REPRESENTATION_CONTEXT('2D SPACE',''
  ) );
#602 = PCURVE('',#603,#608);
#603 = PLANE('',#604);
#604 = AXIS2_PLACEMENT_3D('',#605,#606,#607);
#605 = CARTESIAN_POINT('',(15.98,24.6,-21.));
#606 = DIRECTION('',(0.,1.,0.));
#607 = DIRECTION('',(0.,0.,1.));
#608 = DEFINITIONAL_REPRESENTATION('',(#609),#613);
#609 = LINE('',#610,#611);
#610 = CARTESIAN_POINT('',(0.,0.));
#611 = VECTOR('',#612,1.);
#612 = DIRECTION('',(1.,0.));
#613 = ( GEOMETRIC_REPRESENTATION_CONTEXT(2) 
PARAMETRIC_REPRESENTATION_CONTEXT() REPRESENTATION_CONTEXT('2D SPACE',''
  ) );
#614 = ORIENTED_EDGE('',*,*,#615,.T.);
#615 = EDGE_CURVE('',#588,#616,#618,.T.);
#616 = VERTEX_POINT('',#617);
#617 = CARTESIAN_POINT('',(15.98,23.1,21.));
#618 = SURFACE_CURVE('',#619,(#624,#631),.PCURVE_S1.);
#619 = CIRCLE('',#620,1.5);
#620 = AXIS2_PLACEMENT_3D('',#621,#622,#623);
#621 = CARTESIAN_POINT('',(15.98,23.1,19.5));
#622 = DIRECTION('',(1.,0.,0.));
#623 = DIRECTION('',(-0.,0.,1.));
#624 = PCURVE('',#93,#625);
#625 = DEFINITIONAL_REPRESENTATION('',(#626),#630);
#626 = CIRCLE('',#627,1.5);
#627 = AXIS2_PLACEMENT_2D('',#628,#629);
#628 = CARTESIAN_POINT('',(40.5,-40.5));
#629 = DIRECTION('',(1.,0.));
#630 = ( GEOMETRIC_REPRESENTATION_CONTEXT(2) 
PARAMETRIC_REPRESENTATION_CONTEXT() REPRESENTATION_CONTEXT('2D SPACE',''
  ) );
#631 = PCURVE('',#632,#637);
#632 = CYLINDRICAL_SURFACE('',#633,1.5);
#633 = AXIS2_PLACEMENT_3D('',#634,#635,#636);
#634 = CARTESIAN_POINT('',(15.98,23.1,19.5));
#635 = DIRECTION('',(1.,0.,0.));
#636 = DIRECTION('',(-0.,1.,0.));
#637 = DEFINITIONAL_REPRESENTATION('',(#638),#642);
#638 = LINE('',#639,#640);
#639 = CARTESIAN_POINT('',(-4.712388980385,0.));
#640 = VECTOR('',#641,1.);
#641 = DIRECTION('',(1.,0.));
#642 = ( GEOMETRIC_REPRESENTATION_CONTEXT(2) 
PARAMETRIC_REPRESENTATION_CONTEXT() REPRESENTATION_CONTEXT('2D SPACE',''
  ) );
#643 = ORIENTED_EDGE('',*,*,#644,.F.);
#644 = EDGE_CURVE('',#645,#616,#647,.T.);
#645 = VERTEX_POINT('',#646);
#646 = CARTESIAN_POINT('',(15.98,-15.9,21.));
#647 = SURFACE_CURVE('',#648,(#652,#659),.PCURVE_S1.);
#648 = LINE('',#649,#650);
#649 = CARTESIAN_POINT('',(15.98,-17.4,21.));
#650 = VECTOR('',#651,1.);
#651 = DIRECTION('',(0.,1.,0.));
#652 = PCURVE('',#93,#653);
#653 = DEFINITIONAL_REPRESENTATION('',(#654),#658);
#654 = LINE('',#655,#656);
#655 = CARTESIAN_POINT('',(42.,0.));
#656 = VECTOR('',#657,1.);
#657 = DIRECTION('',(0.,-1.));
#658 = ( GEOMETRIC_REPRESENTATION_CONTEXT(2) 
PARAMETRIC_REPRESENTATION_CONTEXT() REPRESENTATION_CONTEXT('2D SPACE',''
  ) );
#659 = PCURVE('',#660,#665);
#660 = PLANE('',#661);
#661 = AXIS2_PLACEMENT_3D('',#662,#663,#664);
#662 = CARTESIAN_POINT('',(15.98,-17.4,21.));
#663 = DIRECTION('',(0.,0.,1.));
#664 = DIRECTION('',(1.,0.,0.));
#665 = DEFINITIONAL_REPRESENTATION('',(#666),#670);
#666 = LINE('',#667,#668);
#667 = CARTESIAN_POINT('',(0.,0.));
#668 = VECTOR('',#669,1.);
#669 = DIRECTION('',(0.,1.));
#670 = ( GEOMETRIC_REPRESENTATION_CONTEXT(2) 
PARAMETRIC_REPRESENTATION_CONTEXT() REPRESENTATION_CONTEXT('2D SPACE',''
  ) );
#671 = ORIENTED_EDGE('',*,*,#672,.F.);
#672 = EDGE_CURVE('',#470,#645,#673,.T.);
#673 = SURFACE_CURVE('',#674,(#679,#690),.PCURVE_S1.);
#674 = CIRCLE('',#675,1.5);
#675 = AXIS2_PLACEMENT_3D('',#676,#677,#678);
#676 = CARTESIAN_POINT('',(15.98,-15.9,19.5));
#677 = DIRECTION('',(-1.,0.,-0.));
#678 = DIRECTION('',(-0.,0.,1.));
#679 = PCURVE('',#93,#680);
#680 = DEFINITIONAL_REPRESENTATION('',(#681),#689);
#681 = ( BOUNDED_CURVE() B_SPLINE_CURVE(2,(#682,#683,#684,#685,#686,#687
,#688),.UNSPECIFIED.,.T.,.F.) B_SPLINE_CURVE_WITH_KNOTS((1,2,2,2,2,1),(
    -2.094395102393,0.,2.094395102393,4.188790204786,6.28318530718,
8.377580409573),.UNSPECIFIED.) CURVE() GEOMETRIC_REPRESENTATION_ITEM() 
RATIONAL_B_SPLINE_CURVE((1.,0.5,1.,0.5,1.,0.5,1.)) REPRESENTATION_ITEM(
  '') );
#682 = CARTESIAN_POINT('',(42.,-1.5));
#683 = CARTESIAN_POINT('',(42.,-4.098076211353));
#684 = CARTESIAN_POINT('',(39.75,-2.799038105677));
#685 = CARTESIAN_POINT('',(37.5,-1.5));
#686 = CARTESIAN_POINT('',(39.75,-0.200961894323));
#687 = CARTESIAN_POINT('',(42.,1.098076211353));
#688 = CARTESIAN_POINT('',(42.,-1.5));
#689 = ( GEOMETRIC_REPRESENTATION_CONTEXT(2) 
PARAMETRIC_REPRESENTATION_CONTEXT() REPRESENTATION_CONTEXT('2D SPACE',''
  ) );
#690 = PCURVE('',#691,#696);
#691 = CYLINDRICAL_SURFACE('',#692,1.5);
#692 = AXIS2_PLACEMENT_3D('',#693,#694,#695);
#693 = CARTESIAN_POINT('',(15.98,-15.9,19.5));
#694 = DIRECTION('',(1.,0.,0.));
#695 = DIRECTION('',(0.,-1.,0.));
#696 = DEFINITIONAL_REPRESENTATION('',(#697),#701);
#697 = LINE('',#698,#699);
#698 = CARTESIAN_POINT('',(4.712388980385,-0.));
#699 = VECTOR('',#700,1.);
#700 = DIRECTION('',(-1.,0.));
#701 = ( GEOMETRIC_REPRESENTATION_CONTEXT(2) 
PARAMETRIC_REPRESENTATION_CONTEXT() REPRESENTATION_CONTEXT('2D SPACE',''
  ) );
#702 = FACE_BOUND('',#703,.F.);
#703 = EDGE_LOOP('',(#704));
#704 = ORIENTED_EDGE('',*,*,#78,.T.);
#705 = ADVANCED_FACE('',(#706),#212,.F.);
#706 = FACE_BOUND('',#707,.F.);
#707 = EDGE_LOOP('',(#708,#736,#992,#1269,#1525,#1760,#1995,#2209,#2416,
    #2417,#2659));
#708 = ORIENTED_EDGE('',*,*,#709,.F.);
#709 = EDGE_CURVE('',#710,#712,#714,.T.);
#710 = VERTEX_POINT('',#711);
#711 = CARTESIAN_POINT('',(5.436363821914,12.5,-1.597994504016E-09));
#712 = VERTEX_POINT('',#713);
#713 = CARTESIAN_POINT('',(5.6,12.589999872752,-1.809149541785E-08));
#714 = SURFACE_CURVE('',#715,(#718,#725),.PCURVE_S1.);
#715 = B_SPLINE_CURVE_WITH_KNOTS('',1,(#716,#717),.UNSPECIFIED.,.F.,.F.,
  (2,2),(0.,0.456508488421),.PIECEWISE_BEZIER_KNOTS.);
#716 = CARTESIAN_POINT('',(5.399999999138,12.479999903073,
    1.141442496078E-10));
#717 = CARTESIAN_POINT('',(5.800000025145,12.699999855788,
    -3.62971372958E-08));
#718 = PCURVE('',#212,#719);
#719 = DEFINITIONAL_REPRESENTATION('',(#720),#724);
#720 = LINE('',#721,#722);
#721 = CARTESIAN_POINT('',(0.,45.920848482242));
#722 = VECTOR('',#723,1.);
#723 = DIRECTION('',(1.,0.));
#724 = ( GEOMETRIC_REPRESENTATION_CONTEXT(2) 
PARAMETRIC_REPRESENTATION_CONTEXT() REPRESENTATION_CONTEXT('2D SPACE',''
  ) );
#725 = PCURVE('',#726,#731);
#726 = PLANE('',#727);
#727 = AXIS2_PLACEMENT_3D('',#728,#729,#730);
#728 = CARTESIAN_POINT('',(5.800000006069,12.538628502678,
    -9.756385480073E-09));
#729 = DIRECTION('',(-5.696929874739E-10,-1.644700332087E-07,-1.));
#730 = DIRECTION('',(0.,-1.,1.644700332087E-07));
#731 = DEFINITIONAL_REPRESENTATION('',(#732),#735);
#732 = B_SPLINE_CURVE_WITH_KNOTS('',1,(#733,#734),.UNSPECIFIED.,.F.,.F.,
  (2,2),(0.,0.456508488421),.PIECEWISE_BEZIER_KNOTS.);
#733 = CARTESIAN_POINT('',(5.862859960539E-02,0.400000006931));
#734 = CARTESIAN_POINT('',(-0.16137135311,-1.907612290353E-08));
#735 = ( GEOMETRIC_REPRESENTATION_CONTEXT(2) 
PARAMETRIC_REPRESENTATION_CONTEXT() REPRESENTATION_CONTEXT('2D SPACE',''
  ) );
#736 = ORIENTED_EDGE('',*,*,#737,.F.);
#737 = EDGE_CURVE('',#738,#710,#740,.T.);
#738 = VERTEX_POINT('',#739);
#739 = CARTESIAN_POINT('',(4.636352634904,12.5,0.));
#740 = SURFACE_CURVE('',#741,(#821,#904),.PCURVE_S1.);
#741 = B_SPLINE_CURVE_WITH_KNOTS('',8,(#742,#743,#744,#745,#746,#747,
    #748,#749,#750,#751,#752,#753,#754,#755,#756,#757,#758,#759,#760,
    #761,#762,#763,#764,#765,#766,#767,#768,#769,#770,#771,#772,#773,
    #774,#775,#776,#777,#778,#779,#780,#781,#782,#783,#784,#785,#786,
    #787,#788,#789,#790,#791,#792,#793,#794,#795,#796,#797,#798,#799,
    #800,#801,#802,#803,#804,#805,#806,#807,#808,#809,#810,#811,#812,
    #813,#814,#815,#816,#817,#818,#819,#820),.UNSPECIFIED.,.F.,.F.,(9,7,
    7,7,7,7,7,7,7,7,7,9),(0.,4.914392990218E-02,0.118125172765,
    0.193238853252,0.273697855041,0.376841818731,0.481085694208,
    0.567179295545,0.649863477969,0.777283752392,0.8872445106,1.),
  .UNSPECIFIED.);
#742 = CARTESIAN_POINT('',(4.636352634904,12.5,1.7763568394E-14));
#743 = CARTESIAN_POINT('',(4.641083289014,12.5,-0.465938440503));
#744 = CARTESIAN_POINT('',(4.645814448179,12.480148421977,
    -0.931909273516));
#745 = CARTESIAN_POINT('',(4.650547287787,12.44044616555,-1.396900003945
    ));
#746 = CARTESIAN_POINT('',(4.655282756626,12.380952183844,
    -1.859912444834));
#747 = CARTESIAN_POINT('',(4.66002157688,12.301783483495,-2.319962717363
    ));
#748 = CARTESIAN_POINT('',(4.664764244135,12.203115124647,
    -2.776081250851));
#749 = CARTESIAN_POINT('',(4.66951102737,12.08518022095,-3.227312782756)
  );
#750 = CARTESIAN_POINT('',(4.680930663487,11.756094804422,
    -4.297910402028));
#751 = CARTESIAN_POINT('',(4.687610025298,11.526513026967,
    -4.911677278767));
#752 = CARTESIAN_POINT('',(4.694285478448,11.260334862443,
    -5.511333344529));
#753 = CARTESIAN_POINT('',(4.700979339117,10.958595455035,
    -6.094322995109));
#754 = CARTESIAN_POINT('',(4.707664965979,10.622529057825,
    -6.658207670971));
#755 = CARTESIAN_POINT('',(4.714316542884,10.253558508933,
    -7.200661700401));
#756 = CARTESIAN_POINT('',(4.720961945079,9.853298973274,-7.719475378125
    ));
#757 = CARTESIAN_POINT('',(4.73484100485,8.955648448585,-8.749491738448)
  );
#758 = CARTESIAN_POINT('',(4.742074788803,8.452716936029,-9.255996383835
    ));
#759 = CARTESIAN_POINT('',(4.749315483094,7.917148367337,-9.729341406471
    ));
#760 = CARTESIAN_POINT('',(4.756567256005,7.351520945327,-10.16708601853
    ));
#761 = CARTESIAN_POINT('',(4.763830567071,6.758595348545,-10.56705286471
    ));
#762 = CARTESIAN_POINT('',(4.771102901627,6.141302176992,-10.92731486567
    ));
#763 = CARTESIAN_POINT('',(4.778380125929,5.50274462503,-11.24620289071)
  );
#764 = CARTESIAN_POINT('',(4.793454748694,4.14296756202,-11.81811598831)
  );
#765 = CARTESIAN_POINT('',(4.801253366133,3.418998156612,-12.06488155969
    ));
#766 = CARTESIAN_POINT('',(4.809048596188,2.678407320475,-12.26088231135
    ));
#767 = CARTESIAN_POINT('',(4.816836348924,1.925374058972,-12.4048445317)
  );
#768 = CARTESIAN_POINT('',(4.824614867755,1.164143087581,-12.49591049503
    ));
#769 = CARTESIAN_POINT('',(4.832384593675,0.399016983853,-12.5336180191)
  );
#770 = CARTESIAN_POINT('',(4.840147189401,-0.365645368688,
    -12.51791854516));
#771 = CARTESIAN_POINT('',(4.857847168519,-2.099418034557,
    -12.36118364188));
#772 = CARTESIAN_POINT('',(4.867784724165,-3.0657885871,-12.1860212751)
  );
#773 = CARTESIAN_POINT('',(4.877717421963,-4.015063246181,-11.92453035)
  );
#774 = CARTESIAN_POINT('',(4.887651619417,-4.938270868334,
    -11.57876537516));
#775 = CARTESIAN_POINT('',(4.897593877584,-5.826856926674,
    -11.15181290722));
#776 = CARTESIAN_POINT('',(4.907547591266,-6.672667040023,
    -10.64770895244));
#777 = CARTESIAN_POINT('',(4.91751137179,-7.467998727256,-10.07151252029
    ));
#778 = CARTESIAN_POINT('',(4.937553288126,-8.951311010499,
    -8.780712189059));
#779 = CARTESIAN_POINT('',(4.947637082282,-9.638480496065,
    -8.064328695399));
#780 = CARTESIAN_POINT('',(4.957724382968,-10.2597582496,-7.286777720111
    ));
#781 = CARTESIAN_POINT('',(4.967810807117,-10.8088873447,-6.455221673868
    ));
#782 = CARTESIAN_POINT('',(4.977894163552,-11.28060151335,
    -5.577434822604));
#783 = CARTESIAN_POINT('',(4.987973896617,-11.6705562238,-4.661739162719
    ));
#784 = CARTESIAN_POINT('',(4.998049580341,-11.97541484525,
    -3.717033854839));
#785 = CARTESIAN_POINT('',(5.016434216661,-12.37286477107,
    -1.956668200784));
#786 = CARTESIAN_POINT('',(5.024748184121,-12.49323622123,-1.14689982341
    ));
#787 = CARTESIAN_POINT('',(5.033059458156,-12.55297770683,
    -0.328928624725));
#788 = CARTESIAN_POINT('',(5.041369138779,-12.55149245408,0.491940177888
    ));
#789 = CARTESIAN_POINT('',(5.049679137056,-12.48872743767,1.310413873805
    ));
#790 = CARTESIAN_POINT('',(5.057991094449,-12.36514573152,2.121217022948
    ));
#791 = CARTESIAN_POINT('',(5.066305417812,-12.1817572312,2.919098799996)
  );
#792 = CARTESIAN_POINT('',(5.08260615687,-11.70822393902,4.447708153762)
  );
#793 = CARTESIAN_POINT('',(5.091028588699,-11.40992826737,5.220736653755
    ));
#794 = CARTESIAN_POINT('',(5.099683039624,-11.04241864971,5.991054171327
    ));
#795 = CARTESIAN_POINT('',(5.108442149243,-10.60861731298,6.739306466728
    ));
#796 = CARTESIAN_POINT('',(5.117224014524,-10.11495724776,7.452112925487
    ));
#797 = CARTESIAN_POINT('',(5.125976419787,-9.568782255612,8.120618831561
    ));
#798 = CARTESIAN_POINT('',(5.134673441221,-8.977164151496,8.739652189324
    ));
#799 = CARTESIAN_POINT('',(5.156644960614,-7.370752885263,
    10.180090616174));
#800 = CARTESIAN_POINT('',(5.169973334448,-6.29118601748,10.937850795323
    ));
#801 = CARTESIAN_POINT('',(5.183285916553,-5.123531096614,
    11.563709066591));
#802 = CARTESIAN_POINT('',(5.196586809051,-3.886884371951,
    12.046371480686));
#803 = CARTESIAN_POINT('',(5.209889121055,-2.601354432091,
    12.377511853341));
#804 = CARTESIAN_POINT('',(5.223209898495,-1.288125924254,
    12.552140491563));
#805 = CARTESIAN_POINT('',(5.236555020935,3.072041729817E-02,
    12.568265879042));
#806 = CARTESIAN_POINT('',(5.261422156095,2.454605950765,12.30853658637)
  );
#807 = CARTESIAN_POINT('',(5.272957045398,3.565510075834,12.072244797107
    ));
#808 = CARTESIAN_POINT('',(5.284496961545,4.649728799605,11.721368584095
    ));
#809 = CARTESIAN_POINT('',(5.296035495914,5.693563214394,11.259691567438
    ));
#810 = CARTESIAN_POINT('',(5.307563581216,6.684121432191,10.692659094717
    ));
#811 = CARTESIAN_POINT('',(5.319072553253,7.609378091074,10.027427360775
    ));
#812 = CARTESIAN_POINT('',(5.330563612523,8.458168638497,9.272785119281)
  );
#813 = CARTESIAN_POINT('',(5.353801901232,10.002424569589,7.585664456716
    ));
#814 = CARTESIAN_POINT('',(5.365559823322,10.694214704901,6.648312480664
    ));
#815 = CARTESIAN_POINT('',(5.377310177048,11.284974245078,5.639452693642
    ));
#816 = CARTESIAN_POINT('',(5.389072324848,11.766391996841,4.571960733665
    ));
#817 = CARTESIAN_POINT('',(5.400869302981,12.132026421443,3.459480748865
    ));
#818 = CARTESIAN_POINT('',(5.412719518873,12.377416402069,2.316424976961
    ));
#819 = CARTESIAN_POINT('',(5.424569497858,12.500000000148,1.157910706185
    ));
#820 = CARTESIAN_POINT('',(5.436363821914,12.5,-3.195975040171E-09));
#821 = PCURVE('',#212,#822);
#822 = DEFINITIONAL_REPRESENTATION('',(#823),#903);
#823 = B_SPLINE_CURVE_WITH_KNOTS('',8,(#824,#825,#826,#827,#828,#829,
    #830,#831,#832,#833,#834,#835,#836,#837,#838,#839,#840,#841,#842,
    #843,#844,#845,#846,#847,#848,#849,#850,#851,#852,#853,#854,#855,
    #856,#857,#858,#859,#860,#861,#862,#863,#864,#865,#866,#867,#868,
    #869,#870,#871,#872,#873,#874,#875,#876,#877,#878,#879,#880,#881,
    #882,#883,#884,#885,#886,#887,#888,#889,#890,#891,#892,#893,#894,
    #895,#896,#897,#898,#899,#900,#901,#902),.UNSPECIFIED.,.F.,.F.,(9,7,
    7,7,7,7,7,7,7,7,7,9),(0.,4.914392990218E-02,0.118125172765,
    0.193238853252,0.273697855041,0.376841818731,0.481085694208,
    0.567179295545,0.649863477969,0.777283752392,0.8872445106,1.),
  .UNSPECIFIED.);
#824 = CARTESIAN_POINT('',(4.148812558855E-02,39.586938978948));
#825 = CARTESIAN_POINT('',(4.147053184172E-02,39.624515456841));
#826 = CARTESIAN_POINT('',(4.145317898199E-02,39.662094262633));
#827 = CARTESIAN_POINT('',(4.143761374137E-02,39.699673972134));
#828 = CARTESIAN_POINT('',(4.142505946479E-02,39.737253610457));
#829 = CARTESIAN_POINT('',(4.141641611006E-02,39.774832652016));
#830 = CARTESIAN_POINT('',(4.14122602479E-02,39.812411020527));
#831 = CARTESIAN_POINT('',(4.141284506191E-02,39.849989089011));
#832 = CARTESIAN_POINT('',(4.142547697089E-02,39.940315148332));
#833 = CARTESIAN_POINT('',(4.144432456251E-02,39.993067495923));
#834 = CARTESIAN_POINT('',(4.145868751587E-02,40.045820001367));
#835 = CARTESIAN_POINT('',(4.149479673039E-02,40.098567396738));
#836 = CARTESIAN_POINT('',(4.152137423151E-02,40.151315710682));
#837 = CARTESIAN_POINT('',(4.150846422467E-02,40.204068353257));
#838 = CARTESIAN_POINT('',(4.148917573558E-02,40.256816389718));
#839 = CARTESIAN_POINT('',(4.144644990024E-02,40.366998684748));
#840 = CARTESIAN_POINT('',(4.142218166578E-02,40.424439714939));
#841 = CARTESIAN_POINT('',(4.140605118453E-02,40.481879004668));
#842 = CARTESIAN_POINT('',(4.140297733842E-02,40.539315430589));
#843 = CARTESIAN_POINT('',(4.141317753782E-02,40.596751121997));
#844 = CARTESIAN_POINT('',(4.143338535732E-02,40.654188829179));
#845 = CARTESIAN_POINT('',(4.145877226053E-02,40.711629320658));
#846 = CARTESIAN_POINT('',(4.151428182019E-02,40.830595869307));
#847 = CARTESIAN_POINT('',(4.154456276308E-02,40.89213047938));
#848 = CARTESIAN_POINT('',(4.157131126674E-02,40.953662775047));
#849 = CARTESIAN_POINT('',(4.159008558732E-02,41.015191188677));
#850 = CARTESIAN_POINT('',(4.159849041412E-02,41.07671842998));
#851 = CARTESIAN_POINT('',(4.159659979083E-02,41.138247477012));
#852 = CARTESIAN_POINT('',(4.158641975686E-02,41.199777577769));
#853 = CARTESIAN_POINT('',(4.154984236086E-02,41.340168920927));
#854 = CARTESIAN_POINT('',(4.151971833608E-02,41.419057380198));
#855 = CARTESIAN_POINT('',(4.148531250941E-02,41.497937082542));
#856 = CARTESIAN_POINT('',(4.145416516046E-02,41.576806053531));
#857 = CARTESIAN_POINT('',(4.143215719397E-02,41.655675441841));
#858 = CARTESIAN_POINT('',(4.14216041614E-02,41.734556061681));
#859 = CARTESIAN_POINT('',(4.142135008388E-02,41.813444937702));
#860 = CARTESIAN_POINT('',(4.14364521647E-02,41.972019792045));
#861 = CARTESIAN_POINT('',(4.14519409012E-02,42.05174964993));
#862 = CARTESIAN_POINT('',(4.147278917027E-02,42.131470089687));
#863 = CARTESIAN_POINT('',(4.149437729463E-02,42.211178456981));
#864 = CARTESIAN_POINT('',(4.151250495132E-02,42.290886542314));
#865 = CARTESIAN_POINT('',(4.15248100554E-02,42.370606332822));
#866 = CARTESIAN_POINT('',(4.153110561106E-02,42.450335753087));
#867 = CARTESIAN_POINT('',(4.153389724397E-02,42.595874679974));
#868 = CARTESIAN_POINT('',(4.153190892549E-02,42.661713377059));
#869 = CARTESIAN_POINT('',(4.152729126286E-02,42.727548989672));
#870 = CARTESIAN_POINT('',(4.152140505583E-02,42.793380786732));
#871 = CARTESIAN_POINT('',(4.151577639998E-02,42.859213311867));
#872 = CARTESIAN_POINT('',(4.151165724713E-02,42.925050876027));
#873 = CARTESIAN_POINT('',(4.150972034187E-02,42.99089203342));
#874 = CARTESIAN_POINT('',(4.15100500665E-02,43.119949014781));
#875 = CARTESIAN_POINT('',(4.151217158535E-02,43.186617954138));
#876 = CARTESIAN_POINT('',(4.151657757314E-02,43.25510803053));
#877 = CARTESIAN_POINT('',(4.152283221877E-02,43.324413905744));
#878 = CARTESIAN_POINT('',(4.152911137182E-02,43.393899776558));
#879 = CARTESIAN_POINT('',(4.153340570893E-02,43.463166170599));
#880 = CARTESIAN_POINT('',(4.153446750731E-02,43.532016494881));
#881 = CARTESIAN_POINT('',(4.152770722744E-02,43.706020430796));
#882 = CARTESIAN_POINT('',(4.151472875071E-02,43.811636370635));
#883 = CARTESIAN_POINT('',(4.149085948956E-02,43.917202834835));
#884 = CARTESIAN_POINT('',(4.145848599147E-02,44.022735744942));
#885 = CARTESIAN_POINT('',(4.142770629641E-02,44.128268836939));
#886 = CARTESIAN_POINT('',(4.141322350707E-02,44.233835069166));
#887 = CARTESIAN_POINT('',(4.141938376968E-02,44.339450841427));
#888 = CARTESIAN_POINT('',(4.146071628349E-02,44.536046851776));
#889 = CARTESIAN_POINT('',(4.149181814979E-02,44.627157276648));
#890 = CARTESIAN_POINT('',(4.153192451761E-02,44.718245033027));
#891 = CARTESIAN_POINT('',(4.157305891458E-02,44.809314717065));
#892 = CARTESIAN_POINT('',(4.160233631249E-02,44.900383927725));
#893 = CARTESIAN_POINT('',(4.160726708655E-02,44.991470712654));
#894 = CARTESIAN_POINT('',(4.158845398178E-02,45.082580395974));
#895 = CARTESIAN_POINT('',(4.152151154803E-02,45.267031341055));
#896 = CARTESIAN_POINT('',(4.147264990235E-02,45.360462341096));
#897 = CARTESIAN_POINT('',(4.14187992329E-02,45.45386803204));
#898 = CARTESIAN_POINT('',(4.138119557008E-02,45.547254392127));
#899 = CARTESIAN_POINT('',(4.138343770244E-02,45.640640093944));
#900 = CARTESIAN_POINT('',(4.144396726733E-02,45.734042937291));
#901 = CARTESIAN_POINT('',(4.15010521001E-02,45.827467791176));
#902 = CARTESIAN_POINT('',(4.150098172261E-02,45.920848482242));
#903 = ( GEOMETRIC_REPRESENTATION_CONTEXT(2) 
PARAMETRIC_REPRESENTATION_CONTEXT() REPRESENTATION_CONTEXT('2D SPACE',''
  ) );
#904 = PCURVE('',#905,#910);
#905 = CYLINDRICAL_SURFACE('',#906,12.5);
#906 = AXIS2_PLACEMENT_3D('',#907,#908,#909);
#907 = CARTESIAN_POINT('',(-0.21,0.,0.));
#908 = DIRECTION('',(-1.,-0.,-0.));
#909 = DIRECTION('',(0.,1.,0.));
#910 = DEFINITIONAL_REPRESENTATION('',(#911),#991);
#911 = B_SPLINE_CURVE_WITH_KNOTS('',8,(#912,#913,#914,#915,#916,#917,
    #918,#919,#920,#921,#922,#923,#924,#925,#926,#927,#928,#929,#930,
    #931,#932,#933,#934,#935,#936,#937,#938,#939,#940,#941,#942,#943,
    #944,#945,#946,#947,#948,#949,#950,#951,#952,#953,#954,#955,#956,
    #957,#958,#959,#960,#961,#962,#963,#964,#965,#966,#967,#968,#969,
    #970,#971,#972,#973,#974,#975,#976,#977,#978,#979,#980,#981,#982,
    #983,#984,#985,#986,#987,#988,#989,#990),.UNSPECIFIED.,.F.,.F.,(9,7,
    7,7,7,7,7,7,7,7,7,9),(0.,4.914392990218E-02,0.118125172765,
    0.193238853252,0.273697855041,0.376841818731,0.481085694208,
    0.567179295545,0.649863477969,0.777283752392,0.8872445106,1.),
  .UNSPECIFIED.);
#912 = CARTESIAN_POINT('',(-6.28318530718,-4.846352634904));
#913 = CARTESIAN_POINT('',(-6.245910231939,-4.851083289014));
#914 = CARTESIAN_POINT('',(-6.208632911667,-4.855814448179));
#915 = CARTESIAN_POINT('',(-6.1713547198,-4.860547287787));
#916 = CARTESIAN_POINT('',(-6.134076580793,-4.865282756626));
#917 = CARTESIAN_POINT('',(-6.096798970122,-4.87002157688));
#918 = CARTESIAN_POINT('',(-6.059521914278,-4.874764244135));
#919 = CARTESIAN_POINT('',(-6.022244990772,-4.87951102737));
#920 = CARTESIAN_POINT('',(-5.932642259608,-4.890930663487));
#921 = CARTESIAN_POINT('',(-5.88031175667,-4.897610025298));
#922 = CARTESIAN_POINT('',(-5.827981776913,-4.904285478448));
#923 = CARTESIAN_POINT('',(-5.775653584894,-4.910979339117));
#924 = CARTESIAN_POINT('',(-5.723326402699,-4.917664965979));
#925 = CARTESIAN_POINT('',(-5.67099897273,-4.924316542884));
#926 = CARTESIAN_POINT('',(-5.618671053471,-4.930961945079));
#927 = CARTESIAN_POINT('',(-5.509368971748,-4.94484100485));
#928 = CARTESIAN_POINT('',(-5.452386991805,-4.952074788803));
#929 = CARTESIAN_POINT('',(-5.395407436461,-4.959315483094));
#930 = CARTESIAN_POINT('',(-5.338431364635,-4.966567256005));
#931 = CARTESIAN_POINT('',(-5.28145639799,-4.973830567071));
#932 = CARTESIAN_POINT('',(-5.224479559356,-4.981102901627));
#933 = CARTESIAN_POINT('',(-5.167499938457,-4.988380125929));
#934 = CARTESIAN_POINT('',(-5.049487647509,-5.003454748694));
#935 = CARTESIAN_POINT('',(-4.988446479125,-5.011253366133));
#936 = CARTESIAN_POINT('',(-4.927407340268,-5.019048596188));
#937 = CARTESIAN_POINT('',(-4.866371780109,-5.026836348924));
#938 = CARTESIAN_POINT('',(-4.805337178747,-5.034614867755));
#939 = CARTESIAN_POINT('',(-4.744300682094,-5.042384593675));
#940 = CARTESIAN_POINT('',(-4.683263129412,-5.050147189401));
#941 = CARTESIAN_POINT('',(-4.54399570926,-5.067847168519));
#942 = CARTESIAN_POINT('',(-4.465738867141,-5.077784724165));
#943 = CARTESIAN_POINT('',(-4.387490906969,-5.087717421963));
#944 = CARTESIAN_POINT('',(-4.309253798805,-5.097651619418));
#945 = CARTESIAN_POINT('',(-4.231016396569,-5.107593877584));
#946 = CARTESIAN_POINT('',(-4.152767830885,-5.117547591266));
#947 = CARTESIAN_POINT('',(-4.074510921162,-5.12751137179));
#948 = CARTESIAN_POINT('',(-3.917206002999,-5.147553288126));
#949 = CARTESIAN_POINT('',(-3.838114461019,-5.157637082282));
#950 = CARTESIAN_POINT('',(-3.75903200848,-5.167724382968));
#951 = CARTESIAN_POINT('',(-3.679961304321,-5.177810807117));
#952 = CARTESIAN_POINT('',(-3.600890755454,-5.187894163552));
#953 = CARTESIAN_POINT('',(-3.521808621688,-5.197973896617));
#954 = CARTESIAN_POINT('',(-3.442717109005,-5.208049580341));
#955 = CARTESIAN_POINT('',(-3.298343068579,-5.226434216661));
#956 = CARTESIAN_POINT('',(-3.233031507845,-5.234748184121));
#957 = CARTESIAN_POINT('',(-3.167723217705,-5.243059458156));
#958 = CARTESIAN_POINT('',(-3.102418939891,-5.251369138779));
#959 = CARTESIAN_POINT('',(-3.03711414591,-5.259679137056));
#960 = CARTESIAN_POINT('',(-2.971804502265,-5.267991094449));
#961 = CARTESIAN_POINT('',(-2.906491364181,-5.276305417812));
#962 = CARTESIAN_POINT('',(-2.778469357692,-5.29260615687));
#963 = CARTESIAN_POINT('',(-2.712335066371,-5.301028588699));
#964 = CARTESIAN_POINT('',(-2.644394169851,-5.309683039624));
#965 = CARTESIAN_POINT('',(-2.575643845688,-5.318442149243));
#966 = CARTESIAN_POINT('',(-2.506714717203,-5.327224014524));
#967 = CARTESIAN_POINT('',(-2.438003050805,-5.335976419787));
#968 = CARTESIAN_POINT('',(-2.369703900725,-5.344673441221));
#969 = CARTESIAN_POINT('',(-2.197092521858,-5.366644960614));
#970 = CARTESIAN_POINT('',(-2.092321439516,-5.379973334448));
#971 = CARTESIAN_POINT('',(-1.987599256136,-5.393285916553));
#972 = CARTESIAN_POINT('',(-1.882910531836,-5.406586809051));
#973 = CARTESIAN_POINT('',(-1.778222190771,-5.419889121055));
#974 = CARTESIAN_POINT('',(-1.673501515536,-5.433209898495));
#975 = CARTESIAN_POINT('',(-1.568731936603,-5.446555020935));
#976 = CARTESIAN_POINT('',(-1.373711028844,-5.471422156095));
#977 = CARTESIAN_POINT('',(-1.283330559693,-5.482957045398));
#978 = CARTESIAN_POINT('',(-1.192972401873,-5.494496961545));
#979 = CARTESIAN_POINT('',(-1.102631860915,-5.506035495914));
#980 = CARTESIAN_POINT('',(-1.012291467182,-5.517563581216));
#981 = CARTESIAN_POINT('',(-0.921933683387,-5.529072553253));
#982 = CARTESIAN_POINT('',(-0.831553618602,-5.540563612523));
#983 = CARTESIAN_POINT('',(-0.64858078983,-5.563801901232));
#984 = CARTESIAN_POINT('',(-0.555899030723,-5.575559823322));
#985 = CARTESIAN_POINT('',(-0.463242988514,-5.587310177048));
#986 = CARTESIAN_POINT('',(-0.370606409103,-5.599072324848));
#987 = CARTESIAN_POINT('',(-0.277969933453,-5.610869302981));
#988 = CARTESIAN_POINT('',(-0.185313947555,-5.622719518873));
#989 = CARTESIAN_POINT('',(-9.263285675045E-02,-5.634569497858));
#990 = CARTESIAN_POINT('',(0.,-5.646363821914));
#991 = ( GEOMETRIC_REPRESENTATION_CONTEXT(2) 
PARAMETRIC_REPRESENTATION_CONTEXT() REPRESENTATION_CONTEXT('2D SPACE',''
  ) );
#992 = ORIENTED_EDGE('',*,*,#993,.F.);
#993 = EDGE_CURVE('',#994,#738,#996,.T.);
#994 = VERTEX_POINT('',#995);
#995 = CARTESIAN_POINT('',(3.836394757424,12.5,0.));
#996 = SURFACE_CURVE('',#997,(#1084,#1174),.PCURVE_S1.);
#997 = B_SPLINE_CURVE_WITH_KNOTS('',8,(#998,#999,#1000,#1001,#1002,#1003
    ,#1004,#1005,#1006,#1007,#1008,#1009,#1010,#1011,#1012,#1013,#1014,
    #1015,#1016,#1017,#1018,#1019,#1020,#1021,#1022,#1023,#1024,#1025,
    #1026,#1027,#1028,#1029,#1030,#1031,#1032,#1033,#1034,#1035,#1036,
    #1037,#1038,#1039,#1040,#1041,#1042,#1043,#1044,#1045,#1046,#1047,
    #1048,#1049,#1050,#1051,#1052,#1053,#1054,#1055,#1056,#1057,#1058,
    #1059,#1060,#1061,#1062,#1063,#1064,#1065,#1066,#1067,#1068,#1069,
    #1070,#1071,#1072,#1073,#1074,#1075,#1076,#1077,#1078,#1079,#1080,
    #1081,#1082,#1083),.UNSPECIFIED.,.F.,.F.,(9,7,7,7,7,7,7,7,7,7,7,7,9)
  ,(0.,9.75632804667E-02,0.14668942218,0.196886523742,0.285082583263,
    0.384066725404,0.475450257337,0.572128519292,0.676150530399,
    0.771561929999,0.859944565464,0.944728289554,1.),.UNSPECIFIED.);
#998 = CARTESIAN_POINT('',(3.836394757424,12.5,8.881784197001E-15));
#999 = CARTESIAN_POINT('',(3.846132491227,12.5,-0.95361552631));
#1000 = CARTESIAN_POINT('',(3.85586959137,12.416855632327,
    -1.907477786035));
#1001 = CARTESIAN_POINT('',(3.865598127995,12.250496605326,
    -2.852771889675));
#1002 = CARTESIAN_POINT('',(3.875311909357,12.002040944092,
    -3.781028159558));
#1003 = CARTESIAN_POINT('',(3.885009661387,11.67357624347,
    -4.684071893011));
#1004 = CARTESIAN_POINT('',(3.894695545131,11.268080932855,
    -5.554015687597));
#1005 = CARTESIAN_POINT('',(3.904377012082,10.789485552771,
    -6.383294328471));
#1006 = CARTESIAN_POINT('',(3.918935681199,9.967638172226,
    -7.558225529384));
#1007 = CARTESIAN_POINT('',(3.923811975042,9.675127986859,
    -7.939625512477));
#1008 = CARTESIAN_POINT('',(3.92869048224,9.365963245984,-8.308054143346
    ));
#1009 = CARTESIAN_POINT('',(3.933572371103,9.040814856645,
    -8.662666814939));
#1010 = CARTESIAN_POINT('',(3.938458374911,8.7004048741,-9.002662356884)
  );
#1011 = CARTESIAN_POINT('',(3.943348791923,8.345506501816,-9.32728303549
    ));
#1012 = CARTESIAN_POINT('',(3.948243485372,7.976944091474,
    -9.635814553749));
#1013 = CARTESIAN_POINT('',(3.95814706763,7.205928666461,-10.22571822671
    ));
#1014 = CARTESIAN_POINT('',(3.963157553652,6.802875144803,
    -10.50638085704));
#1015 = CARTESIAN_POINT('',(3.968170410031,6.387362419261,
    -10.76886358008));
#1016 = CARTESIAN_POINT('',(3.973182943153,5.960353231785,
    -11.01252093267));
#1017 = CARTESIAN_POINT('',(3.978192697285,5.522843225009,-11.2367723507
    ));
#1018 = CARTESIAN_POINT('',(3.983197454577,5.075860942241,
    -11.44110216915));
#1019 = CARTESIAN_POINT('',(3.988195235061,4.620467827473,
    -11.62505962207));
#1020 = CARTESIAN_POINT('',(4.001950053234,3.344779739795,
    -12.07499906693));
#1021 = CARTESIAN_POINT('',(4.010700745416,2.509033754739,-12.2977210186
    ));
#1022 = CARTESIAN_POINT('',(4.01945481671,1.656632126571,-12.45422042767
    ));
#1023 = CARTESIAN_POINT('',(4.02822458362,0.793737870425,-12.54311138548
    ));
#1024 = CARTESIAN_POINT('',(4.037013743332,-7.345193818959E-02,
    -12.56369382456));
#1025 = CARTESIAN_POINT('',(4.045817940231,-0.938717318186,
    -12.51590187677));
#1026 = CARTESIAN_POINT('',(4.054628391236,-1.795820594094,
    -12.40033310954));
#1027 = CARTESIAN_POINT('',(4.073326403808,-3.584267403557,
    -12.01412517648));
#1028 = CARTESIAN_POINT('',(4.083217196545,-4.512211866726,
    -11.72617199953));
#1029 = CARTESIAN_POINT('',(4.093098009592,-5.413313775038,
    -11.35637315562));
#1030 = CARTESIAN_POINT('',(4.10296227711,-6.279180944202,
    -10.90775739096));
#1031 = CARTESIAN_POINT('',(4.112810326051,-7.101946900294,
    -10.38428785023));
#1032 = CARTESIAN_POINT('',(4.122647607589,-7.874243026094,
    -9.790780552022));
#1033 = CARTESIAN_POINT('',(4.13248063994,-8.58925023725,-9.132961641307
    ));
#1034 = CARTESIAN_POINT('',(4.151385875713,-9.842377829838,
    -7.757290185797));
#1035 = CARTESIAN_POINT('',(4.160462233418,-10.39011045034,
    -7.047656658346));
#1036 = CARTESIAN_POINT('',(4.169541329398,-10.87913803479,
    -6.294060663959));
#1037 = CARTESIAN_POINT('',(4.178626324484,-11.30540303799,
    -5.50222466788));
#1038 = CARTESIAN_POINT('',(4.187719669107,-11.66554883085,
    -4.678219088375));
#1039 = CARTESIAN_POINT('',(4.196821714847,-11.95687703628,
    -3.828429351155));
#1040 = CARTESIAN_POINT('',(4.205930215069,-12.17739375428,
    -2.959566682909));
#1041 = CARTESIAN_POINT('',(4.224679073361,-12.48310258753,
    -1.146842808118));
#1042 = CARTESIAN_POINT('',(4.234323452272,-12.5597769772,
    -0.201176652217));
#1043 = CARTESIAN_POINT('',(4.243968095738,-12.55448757994,0.74985323053
    ));
#1044 = CARTESIAN_POINT('',(4.253609508427,-12.46692535449,
    1.697952216606));
#1045 = CARTESIAN_POINT('',(4.263246533832,-12.29774648454,
    2.634939099292));
#1046 = CARTESIAN_POINT('',(4.272879615302,-12.04850398343,
    3.552751139614));
#1047 = CARTESIAN_POINT('',(4.282509239595,-11.72171690284,
    4.443468721134));
#1048 = CARTESIAN_POINT('',(4.302488956686,-10.89000450925,
    6.220264573164));
#1049 = CARTESIAN_POINT('',(4.312845026374,-10.373147603,7.1014608052));
#1050 = CARTESIAN_POINT('',(4.323198037457,-9.774965274084,
    7.933127667304));
#1051 = CARTESIAN_POINT('',(4.333550446473,-9.101152570687,
    8.706547774168));
#1052 = CARTESIAN_POINT('',(4.343905772756,-8.358355261517,
    9.413927027879));
#1053 = CARTESIAN_POINT('',(4.354266150539,-7.554068057647,
    10.048319306662));
#1054 = CARTESIAN_POINT('',(4.364630765584,-6.696694459182,
    10.603691816211));
#1055 = CARTESIAN_POINT('',(4.384498210967,-4.969375476889,
    11.50761518259));
#1056 = CARTESIAN_POINT('',(4.394005990841,-4.105936803037,
    11.869694575356));
#1057 = CARTESIAN_POINT('',(4.403512296019,-3.212701440997,
    12.157532968791));
#1058 = CARTESIAN_POINT('',(4.41301472059,-2.297164024488,
    12.368363161565));
#1059 = CARTESIAN_POINT('',(4.422512641791,-1.366993359873,
    12.500330121691));
#1060 = CARTESIAN_POINT('',(4.432006587629,-0.430006576839,
    12.552423980626));
#1061 = CARTESIAN_POINT('',(4.441497207103,0.505833422691,
    12.524538973058));
#1062 = CARTESIAN_POINT('',(4.459771617739,2.290702938174,
    12.318651352298));
#1063 = CARTESIAN_POINT('',(4.468558753933,3.141326137612,
    12.151827050278));
#1064 = CARTESIAN_POINT('',(4.477344675934,3.977810346049,
    11.917893536948));
#1065 = CARTESIAN_POINT('',(4.486131598375,4.793987487629,
    11.618309011908));
#1066 = CARTESIAN_POINT('',(4.494922836293,5.583938828808,
    11.255167059765));
#1067 = CARTESIAN_POINT('',(4.503721161378,6.341987839856,
    10.831157755408));
#1068 = CARTESIAN_POINT('',(4.512527204394,7.062724969377,
    10.349604568515));
#1069 = CARTESIAN_POINT('',(4.529789834358,8.391781942184,9.301335707147
    ));
#1070 = CARTESIAN_POINT('',(4.53848742527,9.022067517455,8.724229832383)
  );
#1071 = CARTESIAN_POINT('',(4.547269324352,9.611293646569,8.091585627219
    ));
#1072 = CARTESIAN_POINT('',(4.556050005795,10.148122421698,
    7.413398109909));
#1073 = CARTESIAN_POINT('',(4.564785736363,10.627260339961,
    6.698795352308));
#1074 = CARTESIAN_POINT('',(4.573470456095,11.046984847942,
    5.954156465328));
#1075 = CARTESIAN_POINT('',(4.582136538552,11.407590377894,
    5.181956048631));
#1076 = CARTESIAN_POINT('',(4.596574031369,11.903932214744,3.85475049145
    ));
#1077 = CARTESIAN_POINT('',(4.60226703024,12.073012414555,3.321014289752
    ));
#1078 = CARTESIAN_POINT('',(4.60795543394,12.214720320368,2.778877055148
    ));
#1079 = CARTESIAN_POINT('',(4.613639593629,12.328583516638,
    2.229946673402));
#1080 = CARTESIAN_POINT('',(4.619320275359,12.414234118408,
    1.675874688212));
#1081 = CARTESIAN_POINT('',(4.624998590076,12.471416339051,
    1.118357117452));
#1082 = CARTESIAN_POINT('',(4.630675747641,12.500000002503,
    0.559135760982));
#1083 = CARTESIAN_POINT('',(4.636352634904,12.5,1.59872115546E-14));
#1084 = PCURVE('',#212,#1085);
#1085 = DEFINITIONAL_REPRESENTATION('',(#1086),#1173);
#1086 = B_SPLINE_CURVE_WITH_KNOTS('',8,(#1087,#1088,#1089,#1090,#1091,
    #1092,#1093,#1094,#1095,#1096,#1097,#1098,#1099,#1100,#1101,#1102,
    #1103,#1104,#1105,#1106,#1107,#1108,#1109,#1110,#1111,#1112,#1113,
    #1114,#1115,#1116,#1117,#1118,#1119,#1120,#1121,#1122,#1123,#1124,
    #1125,#1126,#1127,#1128,#1129,#1130,#1131,#1132,#1133,#1134,#1135,
    #1136,#1137,#1138,#1139,#1140,#1141,#1142,#1143,#1144,#1145,#1146,
    #1147,#1148,#1149,#1150,#1151,#1152,#1153,#1154,#1155,#1156,#1157,
    #1158,#1159,#1160,#1161,#1162,#1163,#1164,#1165,#1166,#1167,#1168,
    #1169,#1170,#1171,#1172),.UNSPECIFIED.,.F.,.F.,(9,7,7,7,7,7,7,7,7,7,
    7,7,9),(0.,9.75632804667E-02,0.14668942218,0.196886523742,
    0.285082583263,0.384066725404,0.475450257337,0.572128519292,
    0.676150530399,0.771561929999,0.859944565464,0.944728289554,1.),
  .UNSPECIFIED.);
#1087 = CARTESIAN_POINT('',(4.153633557972E-02,33.253027896444));
#1088 = CARTESIAN_POINT('',(4.156406429458E-02,33.329932944741));
#1089 = CARTESIAN_POINT('',(4.158827877711E-02,33.406857355366));
#1090 = CARTESIAN_POINT('',(4.160381935667E-02,33.483774139197));
#1091 = CARTESIAN_POINT('',(4.160398207635E-02,33.560680781748));
#1092 = CARTESIAN_POINT('',(4.158588802252E-02,33.637587168145));
#1093 = CARTESIAN_POINT('',(4.155280756823E-02,33.714503555764));
#1094 = CARTESIAN_POINT('',(4.151343953082E-02,33.791428594539));
#1095 = CARTESIAN_POINT('',(4.146037347357E-02,33.907063364472));
#1096 = CARTESIAN_POINT('',(4.144335295364E-02,33.945788952433));
#1097 = CARTESIAN_POINT('',(4.142883504544E-02,33.984514703229));
#1098 = CARTESIAN_POINT('',(4.141812213146E-02,34.02324083167));
#1099 = CARTESIAN_POINT('',(4.14120676149E-02,34.061967222965));
#1100 = CARTESIAN_POINT('',(4.141107591965E-02,34.100693432726));
#1101 = CARTESIAN_POINT('',(4.141510249025E-02,34.139418686961));
#1102 = CARTESIAN_POINT('',(4.143239151381E-02,34.217709250705));
#1103 = CARTESIAN_POINT('',(4.144711090772E-02,34.257277100299));
#1104 = CARTESIAN_POINT('',(4.146448736112E-02,34.296845282087));
#1105 = CARTESIAN_POINT('',(4.148146643805E-02,34.336413657733));
#1106 = CARTESIAN_POINT('',(4.149526387917E-02,34.375982099342));
#1107 = CARTESIAN_POINT('',(4.150336560174E-02,34.415550489461));
#1108 = CARTESIAN_POINT('',(4.150352769966E-02,34.455118721076));
#1109 = CARTESIAN_POINT('',(4.147664353436E-02,34.564207436963));
#1110 = CARTESIAN_POINT('',(4.144042235844E-02,34.633741336858));
#1111 = CARTESIAN_POINT('',(4.140863125771E-02,34.70327126219));
#1112 = CARTESIAN_POINT('',(4.139570310508E-02,34.772794598852));
#1113 = CARTESIAN_POINT('',(4.140510396175E-02,34.842316572051));
#1114 = CARTESIAN_POINT('',(4.143094962468E-02,34.911843516601));
#1115 = CARTESIAN_POINT('',(4.1463120064E-02,34.981376099184));
#1116 = CARTESIAN_POINT('',(4.1532629601E-02,35.128933307618));
#1117 = CARTESIAN_POINT('',(4.15698939085E-02,35.206984034453));
#1118 = CARTESIAN_POINT('',(4.159709837066E-02,35.285025535309));
#1119 = CARTESIAN_POINT('',(4.160710830133E-02,35.363055321994));
#1120 = CARTESIAN_POINT('',(4.159873069152E-02,35.441084259889));
#1121 = CARTESIAN_POINT('',(4.157657462972E-02,35.519123533656));
#1122 = CARTESIAN_POINT('',(4.154826208122E-02,35.597171874681));
#1123 = CARTESIAN_POINT('',(4.149196373705E-02,35.747242513017));
#1124 = CARTESIAN_POINT('',(4.146420804303E-02,35.819296105059));
#1125 = CARTESIAN_POINT('',(4.144037076538E-02,35.891344194087));
#1126 = CARTESIAN_POINT('',(4.142435617586E-02,35.963384720433));
#1127 = CARTESIAN_POINT('',(4.141797508032E-02,36.035424522914));
#1128 = CARTESIAN_POINT('',(4.142059839797E-02,36.107470749215));
#1129 = CARTESIAN_POINT('',(4.142981323705E-02,36.179522350798));
#1130 = CARTESIAN_POINT('',(4.145711845315E-02,36.327774906491));
#1131 = CARTESIAN_POINT('',(4.147566620724E-02,36.404004522207));
#1132 = CARTESIAN_POINT('',(4.149563275434E-02,36.480226389913));
#1133 = CARTESIAN_POINT('',(4.151325725356E-02,36.556438925815));
#1134 = CARTESIAN_POINT('',(4.152583555263E-02,36.632651732889));
#1135 = CARTESIAN_POINT('',(4.153252055093E-02,36.708874197854));
#1136 = CARTESIAN_POINT('',(4.153419737048E-02,36.785104034136));
#1137 = CARTESIAN_POINT('',(4.153053530271E-02,36.943316604887));
#1138 = CARTESIAN_POINT('',(4.152466043835E-02,37.025350378918));
#1139 = CARTESIAN_POINT('',(4.151673959951E-02,37.107374130067));
#1140 = CARTESIAN_POINT('',(4.150983992045E-02,37.189386030015));
#1141 = CARTESIAN_POINT('',(4.150660649407E-02,37.271395592892));
#1142 = CARTESIAN_POINT('',(4.150788610291E-02,37.353413841984));
#1143 = CARTESIAN_POINT('',(4.151235497263E-02,37.435443514251));
#1144 = CARTESIAN_POINT('',(4.152312506576E-02,37.59266706402));
#1145 = CARTESIAN_POINT('',(4.152921650556E-02,37.667901584224));
#1146 = CARTESIAN_POINT('',(4.153476369043E-02,37.743128204636));
#1147 = CARTESIAN_POINT('',(4.153736157901E-02,37.818344561369));
#1148 = CARTESIAN_POINT('',(4.153500698673E-02,37.89355962056));
#1149 = CARTESIAN_POINT('',(4.152692923453E-02,37.968782909076));
#1150 = CARTESIAN_POINT('',(4.15139276979E-02,38.044014019674));
#1151 = CARTESIAN_POINT('',(4.148366224406E-02,38.18890957686));
#1152 = CARTESIAN_POINT('',(4.146678375542E-02,38.258597833485));
#1153 = CARTESIAN_POINT('',(4.144915546007E-02,38.328281678562));
#1154 = CARTESIAN_POINT('',(4.143348643252E-02,38.397959852319));
#1155 = CARTESIAN_POINT('',(4.142272517712E-02,38.467638146283));
#1156 = CARTESIAN_POINT('',(4.141923547215E-02,38.537322106576));
#1157 = CARTESIAN_POINT('',(4.142404303298E-02,38.607009611379));
#1158 = CARTESIAN_POINT('',(4.144776984148E-02,38.743519943491));
#1159 = CARTESIAN_POINT('',(4.146645989577E-02,38.812252482622));
#1160 = CARTESIAN_POINT('',(4.149187380197E-02,38.881605876158));
#1161 = CARTESIAN_POINT('',(4.152152272242E-02,38.950920249055));
#1162 = CARTESIAN_POINT('',(4.15503128224E-02,39.019884686128));
#1163 = CARTESIAN_POINT('',(4.157345142367E-02,39.088484456957));
#1164 = CARTESIAN_POINT('',(4.158742624343E-02,39.157000241696));
#1165 = CARTESIAN_POINT('',(4.159233202869E-02,39.271273434325));
#1166 = CARTESIAN_POINT('',(4.158953423078E-02,39.316366205522));
#1167 = CARTESIAN_POINT('',(4.1581776184E-02,39.361457970283));
#1168 = CARTESIAN_POINT('',(4.156887892937E-02,39.406551291804));
#1169 = CARTESIAN_POINT('',(4.155142263661E-02,39.451647711469));
#1170 = CARTESIAN_POINT('',(4.15309001004E-02,39.496747054125));
#1171 = CARTESIAN_POINT('',(4.150931206875E-02,39.54184643782));
#1172 = CARTESIAN_POINT('',(4.148820440372E-02,39.586938987975));
#1173 = ( GEOMETRIC_REPRESENTATION_CONTEXT(2) 
PARAMETRIC_REPRESENTATION_CONTEXT() REPRESENTATION_CONTEXT('2D SPACE',''
  ) );
#1174 = PCURVE('',#1175,#1180);
#1175 = CYLINDRICAL_SURFACE('',#1176,12.5);
#1176 = AXIS2_PLACEMENT_3D('',#1177,#1178,#1179);
#1177 = CARTESIAN_POINT('',(-0.21,0.,0.));
#1178 = DIRECTION('',(-1.,-0.,-0.));
#1179 = DIRECTION('',(0.,1.,0.));
#1180 = DEFINITIONAL_REPRESENTATION('',(#1181),#1268);
#1181 = B_SPLINE_CURVE_WITH_KNOTS('',8,(#1182,#1183,#1184,#1185,#1186,
    #1187,#1188,#1189,#1190,#1191,#1192,#1193,#1194,#1195,#1196,#1197,
    #1198,#1199,#1200,#1201,#1202,#1203,#1204,#1205,#1206,#1207,#1208,
    #1209,#1210,#1211,#1212,#1213,#1214,#1215,#1216,#1217,#1218,#1219,
    #1220,#1221,#1222,#1223,#1224,#1225,#1226,#1227,#1228,#1229,#1230,
    #1231,#1232,#1233,#1234,#1235,#1236,#1237,#1238,#1239,#1240,#1241,
    #1242,#1243,#1244,#1245,#1246,#1247,#1248,#1249,#1250,#1251,#1252,
    #1253,#1254,#1255,#1256,#1257,#1258,#1259,#1260,#1261,#1262,#1263,
    #1264,#1265,#1266,#1267),.UNSPECIFIED.,.F.,.F.,(9,7,7,7,7,7,7,7,7,7,
    7,7,9),(0.,9.75632804667E-02,0.14668942218,0.196886523742,
    0.285082583263,0.384066725404,0.475450257337,0.572128519292,
    0.676150530399,0.771561929999,0.859944565464,0.944728289554,1.),
  .UNSPECIFIED.);
#1182 = CARTESIAN_POINT('',(-6.28318530718,-4.046394757424));
#1183 = CARTESIAN_POINT('',(-6.206896065075,-4.056132491227));
#1184 = CARTESIAN_POINT('',(-6.130587479708,-4.06586959137));
#1185 = CARTESIAN_POINT('',(-6.054286342043,-4.075598127995));
#1186 = CARTESIAN_POINT('',(-5.977995293734,-4.085311909357));
#1187 = CARTESIAN_POINT('',(-5.901704745179,-4.095009661387));
#1188 = CARTESIAN_POINT('',(-5.825404711144,-4.104695545131));
#1189 = CARTESIAN_POINT('',(-5.749096563956,-4.114377012082));
#1190 = CARTESIAN_POINT('',(-5.634389383535,-4.128935681199));
#1191 = CARTESIAN_POINT('',(-5.595974500076,-4.133811975042));
#1192 = CARTESIAN_POINT('',(-5.557559460049,-4.138690482241));
#1193 = CARTESIAN_POINT('',(-5.519143997328,-4.143572371103));
#1194 = CARTESIAN_POINT('',(-5.480728173503,-4.148458374911));
#1195 = CARTESIAN_POINT('',(-5.442312377879,-4.153348791923));
#1196 = CARTESIAN_POINT('',(-5.40389732748,-4.158243485372));
#1197 = CARTESIAN_POINT('',(-5.326233389738,-4.16814706763));
#1198 = CARTESIAN_POINT('',(-5.286981697648,-4.173157553652));
#1199 = CARTESIAN_POINT('',(-5.247729544809,-4.178170410031));
#1200 = CARTESIAN_POINT('',(-5.208477325596,-4.183182943153));
#1201 = CARTESIAN_POINT('',(-5.169225274727,-4.188192697285));
#1202 = CARTESIAN_POINT('',(-5.129973467257,-4.193197454577));
#1203 = CARTESIAN_POINT('',(-5.090721818582,-4.198195235061));
#1204 = CARTESIAN_POINT('',(-4.982504981413,-4.211950053234));
#1205 = CARTESIAN_POINT('',(-4.913525893329,-4.220700745416));
#1206 = CARTESIAN_POINT('',(-4.844551836914,-4.22945481671));
#1207 = CARTESIAN_POINT('',(-4.775585536666,-4.23822458362));
#1208 = CARTESIAN_POINT('',(-4.706621262414,-4.247013743332));
#1209 = CARTESIAN_POINT('',(-4.637652228711,-4.255817940231));
#1210 = CARTESIAN_POINT('',(-4.568677556071,-4.264628391236));
#1211 = CARTESIAN_POINT('',(-4.422303819458,-4.283326403808));
#1212 = CARTESIAN_POINT('',(-4.344878822319,-4.293217196545));
#1213 = CARTESIAN_POINT('',(-4.267462485523,-4.303098009592));
#1214 = CARTESIAN_POINT('',(-4.190057383916,-4.31296227711));
#1215 = CARTESIAN_POINT('',(-4.112652968148,-4.322810326051));
#1216 = CARTESIAN_POINT('',(-4.035238351662,-4.332647607589));
#1217 = CARTESIAN_POINT('',(-3.957814900793,-4.34248063994));
#1218 = CARTESIAN_POINT('',(-3.808946084086,-4.361385875713));
#1219 = CARTESIAN_POINT('',(-3.73746965333,-4.370462233418));
#1220 = CARTESIAN_POINT('',(-3.665998819414,-4.379541329398));
#1221 = CARTESIAN_POINT('',(-3.594535551998,-4.388626324484));
#1222 = CARTESIAN_POINT('',(-3.523072963023,-4.397719669107));
#1223 = CARTESIAN_POINT('',(-3.451603868529,-4.406821714847));
#1224 = CARTESIAN_POINT('',(-3.380129256004,-4.415930215069));
#1225 = CARTESIAN_POINT('',(-3.233063540364,-4.434679073361));
#1226 = CARTESIAN_POINT('',(-3.157443983998,-4.444323452272));
#1227 = CARTESIAN_POINT('',(-3.081831912307,-4.453968095738));
#1228 = CARTESIAN_POINT('',(-3.006228971029,-4.463609508427));
#1229 = CARTESIAN_POINT('',(-2.930625754629,-4.473246533832));
#1230 = CARTESIAN_POINT('',(-2.855013082912,-4.482879615302));
#1231 = CARTESIAN_POINT('',(-2.779393327081,-4.492509239595));
#1232 = CARTESIAN_POINT('',(-2.622447496825,-4.512488956686));
#1233 = CARTESIAN_POINT('',(-2.541070833961,-4.522845026374));
#1234 = CARTESIAN_POINT('',(-2.459704461231,-4.533198037457));
#1235 = CARTESIAN_POINT('',(-2.378350165317,-4.543550446473));
#1236 = CARTESIAN_POINT('',(-2.296998378036,-4.553905772756));
#1237 = CARTESIAN_POINT('',(-2.215637982407,-4.564266150539));
#1238 = CARTESIAN_POINT('',(-2.13426610502,-4.574630765584));
#1239 = CARTESIAN_POINT('',(-1.978302861784,-4.594498210967));
#1240 = CARTESIAN_POINT('',(-1.903671218094,-4.604005990841));
#1241 = CARTESIAN_POINT('',(-1.829047131397,-4.613512296019));
#1242 = CARTESIAN_POINT('',(-1.754432920645,-4.62301472059));
#1243 = CARTESIAN_POINT('',(-1.679819731837,-4.632512641791));
#1244 = CARTESIAN_POINT('',(-1.605198213449,-4.642006587629));
#1245 = CARTESIAN_POINT('',(-1.530568894661,-4.651497207103));
#1246 = CARTESIAN_POINT('',(-1.386832493712,-4.669771617739));
#1247 = CARTESIAN_POINT('',(-1.317701785243,-4.678558753933));
#1248 = CARTESIAN_POINT('',(-1.24857557529,-4.687344675934));
#1249 = CARTESIAN_POINT('',(-1.17945517666,-4.696131598375));
#1250 = CARTESIAN_POINT('',(-1.110334861539,-4.704922836293));
#1251 = CARTESIAN_POINT('',(-1.041209091332,-4.713721161378));
#1252 = CARTESIAN_POINT('',(-0.972079895514,-4.722527204394));
#1253 = CARTESIAN_POINT('',(-0.836663263326,-4.739789834358));
#1254 = CARTESIAN_POINT('',(-0.768481414039,-4.74848742527));
#1255 = CARTESIAN_POINT('',(-0.699683636307,-4.757269324352));
#1256 = CARTESIAN_POINT('',(-0.630924435581,-4.766050005795));
#1257 = CARTESIAN_POINT('',(-0.562512194129,-4.774785736363));
#1258 = CARTESIAN_POINT('',(-0.494461575437,-4.783470456095));
#1259 = CARTESIAN_POINT('',(-0.42649423799,-4.792136538552));
#1260 = CARTESIAN_POINT('',(-0.313135908856,-4.806574031369));
#1261 = CARTESIAN_POINT('',(-0.268404178653,-4.81226703024));
#1262 = CARTESIAN_POINT('',(-0.223673529907,-4.81795543394));
#1263 = CARTESIAN_POINT('',(-0.178941430785,-4.823639593629));
#1264 = CARTESIAN_POINT('',(-0.134206371463,-4.829320275359));
#1265 = CARTESIAN_POINT('',(-8.946855886686E-02,-4.834998590076));
#1266 = CARTESIAN_POINT('',(-4.473086087853E-02,-4.840675747641));
#1267 = CARTESIAN_POINT('',(0.,-4.846352634904));
#1268 = ( GEOMETRIC_REPRESENTATION_CONTEXT(2) 
PARAMETRIC_REPRESENTATION_CONTEXT() REPRESENTATION_CONTEXT('2D SPACE',''
  ) );
#1269 = ORIENTED_EDGE('',*,*,#1270,.F.);
#1270 = EDGE_CURVE('',#1271,#994,#1273,.T.);
#1271 = VERTEX_POINT('',#1272);
#1272 = CARTESIAN_POINT('',(3.036308435814,12.5,0.));
#1273 = SURFACE_CURVE('',#1274,(#1354,#1437),.PCURVE_S1.);
#1274 = B_SPLINE_CURVE_WITH_KNOTS('',8,(#1275,#1276,#1277,#1278,#1279,
    #1280,#1281,#1282,#1283,#1284,#1285,#1286,#1287,#1288,#1289,#1290,
    #1291,#1292,#1293,#1294,#1295,#1296,#1297,#1298,#1299,#1300,#1301,
    #1302,#1303,#1304,#1305,#1306,#1307,#1308,#1309,#1310,#1311,#1312,
    #1313,#1314,#1315,#1316,#1317,#1318,#1319,#1320,#1321,#1322,#1323,
    #1324,#1325,#1326,#1327,#1328,#1329,#1330,#1331,#1332,#1333,#1334,
    #1335,#1336,#1337,#1338,#1339,#1340,#1341,#1342,#1343,#1344,#1345,
    #1346,#1347,#1348,#1349,#1350,#1351,#1352,#1353),.UNSPECIFIED.,.F.,
  .F.,(9,7,7,7,7,7,7,7,7,7,7,9),(0.,8.24006820881E-02,0.179860767724,
    0.246400478614,0.295052726996,0.339747947768,0.440310984086,
    0.567037668923,0.663012823352,0.755813181427,0.878264625438,1.),
  .UNSPECIFIED.);
#1275 = CARTESIAN_POINT('',(3.036308435814,12.5,-5.329070518201E-15));
#1276 = CARTESIAN_POINT('',(3.044538465367,12.5,-0.808892692705));
#1277 = CARTESIAN_POINT('',(3.052772601845,12.440177476922,
    -1.617847024879));
#1278 = CARTESIAN_POINT('',(3.061011249509,12.32051742844,-2.42157838953
    ));
#1279 = CARTESIAN_POINT('',(3.069255784472,12.141586266184,
    -3.21493817844));
#1280 = CARTESIAN_POINT('',(3.077507112759,11.904454820406,
    -3.992899005916));
#1281 = CARTESIAN_POINT('',(3.085764696161,11.61067466429,
    -4.750553885123));
#1282 = CARTESIAN_POINT('',(3.094026045898,11.262307757909,
    -5.483129356999));
#1283 = CARTESIAN_POINT('',(3.112057021935,10.388553244926,
    -7.017353484994));
#1284 = CARTESIAN_POINT('',(3.121830161483,9.842256487878,
    -7.807494933444));
#1285 = CARTESIAN_POINT('',(3.131598321652,9.227466610519,
    -8.548661818749));
#1286 = CARTESIAN_POINT('',(3.141354656633,8.549402247736,
    -9.233985749005));
#1287 = CARTESIAN_POINT('',(3.15109588102,7.813984934253,-9.857346459395
    ));
#1288 = CARTESIAN_POINT('',(3.160823113762,7.02777306875,-10.41332290824
    ));
#1289 = CARTESIAN_POINT('',(3.170540940928,6.197998107322,
    -10.89725404845));
#1290 = CARTESIAN_POINT('',(3.186886648544,4.741933064244,
    -11.58407238603));
#1291 = CARTESIAN_POINT('',(3.193518057289,4.134480496493,
    -11.82747353927));
#1292 = CARTESIAN_POINT('',(3.200150778015,3.512850285973,
    -12.03442100574));
#1293 = CARTESIAN_POINT('',(3.206787890753,2.879608473005,
    -12.20396524419));
#1294 = CARTESIAN_POINT('',(3.21343248221,2.23737525743,-12.33537670778)
  );
#1295 = CARTESIAN_POINT('',(3.220086422543,1.588821624226,
    -12.42813891618));
#1296 = CARTESIAN_POINT('',(3.226749137739,0.936669472583,
    -12.48195679258));
#1297 = CARTESIAN_POINT('',(3.238291304273,-0.193743918556,
    -12.5076188352));
#1298 = CARTESIAN_POINT('',(3.243171193623,-0.671671108213,
    -12.49761090527));
#1299 = CARTESIAN_POINT('',(3.248051310263,-1.149011347059,
    -12.46673151134));
#1300 = CARTESIAN_POINT('',(3.252928139972,-1.624697969743,
    -12.41502086538));
#1301 = CARTESIAN_POINT('',(3.257799389708,-2.097672619028,
    -12.3425843557));
#1302 = CARTESIAN_POINT('',(3.262663987612,-2.566885245795,
    -12.24959254701));
#1303 = CARTESIAN_POINT('',(3.267522083002,-3.03129410904,
    -12.13628118036));
#1304 = CARTESIAN_POINT('',(3.276833304254,-3.911140487126,
    -11.88046527987));
#1305 = CARTESIAN_POINT('',(3.281288972191,-4.327501752016,
    -11.74108209914));
#1306 = CARTESIAN_POINT('',(3.285744498565,-4.73815695448,
    -11.58503143973));
#1307 = CARTESIAN_POINT('',(3.290201749223,-5.142330270979,
    -11.41258660795));
#1308 = CARTESIAN_POINT('',(3.294662007484,-5.5392626705,-11.22406440772
    ));
#1309 = CARTESIAN_POINT('',(3.299125974135,-5.928211914558,
    -11.01982514056));
#1310 = CARTESIAN_POINT('',(3.303593767433,-6.308452557192,
    -10.80027260556));
#1311 = CARTESIAN_POINT('',(3.31812490229,-7.513618524955,
    -10.03841880914));
#1312 = CARTESIAN_POINT('',(3.32820607069,-8.300629130578,
    -9.435516790192));
#1313 = CARTESIAN_POINT('',(3.338301509951,-9.031964852428,
    -8.762309914372));
#1314 = CARTESIAN_POINT('',(3.348398207201,-9.700368221217,
    -8.024909657547));
#1315 = CARTESIAN_POINT('',(3.358485168,-10.29947102006,-7.230173128595)
  );
#1316 = CARTESIAN_POINT('',(3.368557745591,-10.82372778172,
    -6.385639409301));
#1317 = CARTESIAN_POINT('',(3.378616787021,-11.26849325289,
    -5.49958380108));
#1318 = CARTESIAN_POINT('',(3.401318876711,-12.0861439128,
    -3.423805506064));
#1319 = CARTESIAN_POINT('',(3.413967552368,-12.41073426599,
    -2.21375681718));
#1320 = CARTESIAN_POINT('',(3.426600320584,-12.59632039701,
    -0.969616731591));
#1321 = CARTESIAN_POINT('',(3.439233105953,-12.63927364916,0.28989641447
    ));
#1322 = CARTESIAN_POINT('',(3.451882746281,-12.53861017848,
    1.546091893966));
#1323 = CARTESIAN_POINT('',(3.464553318195,-12.29619557172,
    2.780359440585));
#1324 = CARTESIAN_POINT('',(3.477241753312,-11.91649917053,3.974224053)
  );
#1325 = CARTESIAN_POINT('',(3.499536877585,-11.02293230237,
    5.969296518322));
#1326 = CARTESIAN_POINT('',(3.509151133968,-10.56369953297,
    6.796108714228));
#1327 = CARTESIAN_POINT('',(3.518765698062,-10.03373308192,
    7.582186514259));
#1328 = CARTESIAN_POINT('',(3.528377102072,-9.437334406086,
    8.320521655721));
#1329 = CARTESIAN_POINT('',(3.537984177199,-8.779536391566,
    9.004727817036));
#1330 = CARTESIAN_POINT('',(3.547587332564,-8.066044467246,
    9.629007477434));
#1331 = CARTESIAN_POINT('',(3.557187031259,-7.30327962278,
    10.188209448799));
#1332 = CARTESIAN_POINT('',(3.576058518146,-5.720387859912,
    11.151543512451));
#1333 = CARTESIAN_POINT('',(3.585335143359,-4.9026108038,11.560426186452
    ));
#1334 = CARTESIAN_POINT('',(3.594609567516,-4.051715369652,
    11.900578593985));
#1335 = CARTESIAN_POINT('',(3.603883316989,-3.174501121599,
    12.168944002578));
#1336 = CARTESIAN_POINT('',(3.613158972019,-2.277984792548,
    12.363288063991));
#1337 = CARTESIAN_POINT('',(3.622438342659,-1.369372827212,
    12.482141147089));
#1338 = CARTESIAN_POINT('',(3.631721064803,-0.456065656729,
    12.524850394561));
#1339 = CARTESIAN_POINT('',(3.653252080197,1.65555554033,12.448053832411
    ));
#1340 = CARTESIAN_POINT('',(3.66551061146,2.852716027109,12.272321468181
    ));
#1341 = CARTESIAN_POINT('',(3.677765756549,4.027741440645,
    11.964927758335));
#1342 = CARTESIAN_POINT('',(3.690014308657,5.163857974036,
    11.529491792792));
#1343 = CARTESIAN_POINT('',(3.702254085402,6.245201414944,
    10.971765700898));
#1344 = CARTESIAN_POINT('',(3.714487137637,7.25691820261,10.299756368236
    ));
#1345 = CARTESIAN_POINT('',(3.726718564277,8.185142087978,9.523568989579
    ));
#1346 = CARTESIAN_POINT('',(3.751095282888,9.845139290014,7.794312025188
    ));
#1347 = CARTESIAN_POINT('',(3.763254589128,10.578979422024,
    6.841313927297));
#1348 = CARTESIAN_POINT('',(3.775415251152,11.206649570547,
    5.810005531516));
#1349 = CARTESIAN_POINT('',(3.787585042227,11.718771364712,
    4.714386293197));
#1350 = CARTESIAN_POINT('',(3.799772481141,12.108052253221,
    3.569348522548));
#1351 = CARTESIAN_POINT('',(3.811977878049,12.369438068466,2.39068374419
    ));
#1352 = CARTESIAN_POINT('',(3.824192175836,12.5,1.194997881331));
#1353 = CARTESIAN_POINT('',(3.836394757424,12.5,8.881784197001E-15));
#1354 = PCURVE('',#212,#1355);
#1355 = DEFINITIONAL_REPRESENTATION('',(#1356),#1436);
#1356 = B_SPLINE_CURVE_WITH_KNOTS('',8,(#1357,#1358,#1359,#1360,#1361,
    #1362,#1363,#1364,#1365,#1366,#1367,#1368,#1369,#1370,#1371,#1372,
    #1373,#1374,#1375,#1376,#1377,#1378,#1379,#1380,#1381,#1382,#1383,
    #1384,#1385,#1386,#1387,#1388,#1389,#1390,#1391,#1392,#1393,#1394,
    #1395,#1396,#1397,#1398,#1399,#1400,#1401,#1402,#1403,#1404,#1405,
    #1406,#1407,#1408,#1409,#1410,#1411,#1412,#1413,#1414,#1415,#1416,
    #1417,#1418,#1419,#1420,#1421,#1422,#1423,#1424,#1425,#1426,#1427,
    #1428,#1429,#1430,#1431,#1432,#1433,#1434,#1435),.UNSPECIFIED.,.F.,
  .F.,(9,7,7,7,7,7,7,7,7,7,7,9),(0.,8.24006820881E-02,0.179860767724,
    0.246400478614,0.295052726996,0.339747947768,0.440310984086,
    0.567037668923,0.663012823352,0.755813181427,0.878264625438,1.),
  .UNSPECIFIED.);
#1357 = CARTESIAN_POINT('',(4.143795695054E-02,26.919116808627));
#1358 = CARTESIAN_POINT('',(4.142738105504E-02,26.984350512467));
#1359 = CARTESIAN_POINT('',(4.142077305316E-02,27.049589205631));
#1360 = CARTESIAN_POINT('',(4.141994108667E-02,27.114823545025));
#1361 = CARTESIAN_POINT('',(4.142641513852E-02,27.180053811789));
#1362 = CARTESIAN_POINT('',(4.144051285021E-02,27.245284975633));
#1363 = CARTESIAN_POINT('',(4.146096560449E-02,27.310521576185));
#1364 = CARTESIAN_POINT('',(4.14851048732E-02,27.375762421337));
#1365 = CARTESIAN_POINT('',(4.153859108778E-02,27.518149593805));
#1366 = CARTESIAN_POINT('',(4.156798320823E-02,27.595323423383));
#1367 = CARTESIAN_POINT('',(4.159291423999E-02,27.672488777247));
#1368 = CARTESIAN_POINT('',(4.160594010314E-02,27.749643096866));
#1369 = CARTESIAN_POINT('',(4.160183705237E-02,27.826796609704));
#1370 = CARTESIAN_POINT('',(4.158033758324E-02,27.903960031148));
#1371 = CARTESIAN_POINT('',(4.154680878198E-02,27.981132437929));
#1372 = CARTESIAN_POINT('',(4.148633847359E-02,28.110967249117));
#1373 = CARTESIAN_POINT('',(4.146064437848E-02,28.163648933955));
#1374 = CARTESIAN_POINT('',(4.143654542209E-02,28.216329940865));
#1375 = CARTESIAN_POINT('',(4.141767719806E-02,28.26900943421));
#1376 = CARTESIAN_POINT('',(4.140743391965E-02,28.321688305648));
#1377 = CARTESIAN_POINT('',(4.140783412292E-02,28.374367358272));
#1378 = CARTESIAN_POINT('',(4.141837445862E-02,28.42704553864));
#1379 = CARTESIAN_POINT('',(4.144693386878E-02,28.518231221641));
#1380 = CARTESIAN_POINT('',(4.146461212191E-02,28.556744558458));
#1381 = CARTESIAN_POINT('',(4.148247663829E-02,28.59525840035));
#1382 = CARTESIAN_POINT('',(4.149651791812E-02,28.633772738006));
#1383 = CARTESIAN_POINT('',(4.150414665557E-02,28.672287379588));
#1384 = CARTESIAN_POINT('',(4.15041937388E-02,28.71080195073));
#1385 = CARTESIAN_POINT('',(4.149691024999E-02,28.749315894541));
#1386 = CARTESIAN_POINT('',(4.147207735455E-02,28.823208709752));
#1387 = CARTESIAN_POINT('',(4.145728404106E-02,28.858588584856));
#1388 = CARTESIAN_POINT('',(4.144230448656E-02,28.893968632652));
#1389 = CARTESIAN_POINT('',(4.142922760824E-02,28.929349133804));
#1390 = CARTESIAN_POINT('',(4.141951427868E-02,28.964730113901));
#1391 = CARTESIAN_POINT('',(4.141399732593E-02,29.000111343459));
#1392 = CARTESIAN_POINT('',(4.141288153341E-02,29.035492337923));
#1393 = CARTESIAN_POINT('',(4.142218330235E-02,29.150476443923));
#1394 = CARTESIAN_POINT('',(4.144902751256E-02,29.230106740467));
#1395 = CARTESIAN_POINT('',(4.149347098294E-02,29.309727931504));
#1396 = CARTESIAN_POINT('',(4.154070028917E-02,29.38933975445));
#1397 = CARTESIAN_POINT('',(4.157685771065E-02,29.468951297953));
#1398 = CARTESIAN_POINT('',(4.159528995243E-02,29.548571928405));
#1399 = CARTESIAN_POINT('',(4.159690043285E-02,29.62820208534));
#1400 = CARTESIAN_POINT('',(4.157096132088E-02,29.808123275211));
#1401 = CARTESIAN_POINT('',(4.153575892019E-02,29.908511952345));
#1402 = CARTESIAN_POINT('',(4.148754867978E-02,30.008864924093));
#1403 = CARTESIAN_POINT('',(4.144327485125E-02,30.109190724237));
#1404 = CARTESIAN_POINT('',(4.141843390205E-02,30.209515160096));
#1405 = CARTESIAN_POINT('',(4.141393506798E-02,30.309864200155));
#1406 = CARTESIAN_POINT('',(4.142450232412E-02,30.41025015214));
#1407 = CARTESIAN_POINT('',(4.145686575711E-02,30.586544780154));
#1408 = CARTESIAN_POINT('',(4.147532262189E-02,30.662536534655));
#1409 = CARTESIAN_POINT('',(4.149523052983E-02,30.738520659108));
#1410 = CARTESIAN_POINT('',(4.151286079756E-02,30.814495564647));
#1411 = CARTESIAN_POINT('',(4.152551708526E-02,30.890470702731));
#1412 = CARTESIAN_POINT('',(4.153233001956E-02,30.966455343589));
#1413 = CARTESIAN_POINT('',(4.153414395135E-02,31.042447296126));
#1414 = CARTESIAN_POINT('',(4.153090226423E-02,31.191882662423));
#1415 = CARTESIAN_POINT('',(4.152608788733E-02,31.26536269919));
#1416 = CARTESIAN_POINT('',(4.151937692087E-02,31.338838466362));
#1417 = CARTESIAN_POINT('',(4.1512969045E-02,31.412306788924));
#1418 = CARTESIAN_POINT('',(4.150878728577E-02,31.485774755032));
#1419 = CARTESIAN_POINT('',(4.15077948258E-02,31.559250013747));
#1420 = CARTESIAN_POINT('',(4.150978075719E-02,31.632731145542));
#1421 = CARTESIAN_POINT('',(4.151867382181E-02,31.803138845172));
#1422 = CARTESIAN_POINT('',(4.152697799642E-02,31.900136779651));
#1423 = CARTESIAN_POINT('',(4.153602959577E-02,31.997102719742));
#1424 = CARTESIAN_POINT('',(4.154099649699E-02,32.094044798151));
#1425 = CARTESIAN_POINT('',(4.153603368346E-02,32.190986285013));
#1426 = CARTESIAN_POINT('',(4.152008529957E-02,32.287950742474));
#1427 = CARTESIAN_POINT('',(4.149772941801E-02,32.384946780714));
#1428 = CARTESIAN_POINT('',(4.145274806989E-02,32.578258765834));
#1429 = CARTESIAN_POINT('',(4.1430096555E-02,32.674685849811));
#1430 = CARTESIAN_POINT('',(4.141337923825E-02,32.771082500235));
#1431 = CARTESIAN_POINT('',(4.14102596475E-02,32.867457096279));
#1432 = CARTESIAN_POINT('',(4.142725136322E-02,32.963831897306));
#1433 = CARTESIAN_POINT('',(4.146148976994E-02,33.060229231637));
#1434 = CARTESIAN_POINT('',(4.150158807971E-02,33.15665638482));
#1435 = CARTESIAN_POINT('',(4.153633557972E-02,33.253027896444));
#1436 = ( GEOMETRIC_REPRESENTATION_CONTEXT(2) 
PARAMETRIC_REPRESENTATION_CONTEXT() REPRESENTATION_CONTEXT('2D SPACE',''
  ) );
#1437 = PCURVE('',#1438,#1443);
#1438 = CYLINDRICAL_SURFACE('',#1439,12.5);
#1439 = AXIS2_PLACEMENT_3D('',#1440,#1441,#1442);
#1440 = CARTESIAN_POINT('',(-0.21,0.,0.));
#1441 = DIRECTION('',(-1.,-0.,-0.));
#1442 = DIRECTION('',(0.,1.,0.));
#1443 = DEFINITIONAL_REPRESENTATION('',(#1444),#1524);
#1444 = B_SPLINE_CURVE_WITH_KNOTS('',8,(#1445,#1446,#1447,#1448,#1449,
    #1450,#1451,#1452,#1453,#1454,#1455,#1456,#1457,#1458,#1459,#1460,
    #1461,#1462,#1463,#1464,#1465,#1466,#1467,#1468,#1469,#1470,#1471,
    #1472,#1473,#1474,#1475,#1476,#1477,#1478,#1479,#1480,#1481,#1482,
    #1483,#1484,#1485,#1486,#1487,#1488,#1489,#1490,#1491,#1492,#1493,
    #1494,#1495,#1496,#1497,#1498,#1499,#1500,#1501,#1502,#1503,#1504,
    #1505,#1506,#1507,#1508,#1509,#1510,#1511,#1512,#1513,#1514,#1515,
    #1516,#1517,#1518,#1519,#1520,#1521,#1522,#1523),.UNSPECIFIED.,.F.,
  .F.,(9,7,7,7,7,7,7,7,7,7,7,9),(0.,8.24006820881E-02,0.179860767724,
    0.246400478614,0.295052726996,0.339747947768,0.440310984086,
    0.567037668923,0.663012823352,0.755813181427,0.878264625438,1.),
  .UNSPECIFIED.);
#1445 = CARTESIAN_POINT('',(-6.28318530718,-3.246308435814));
#1446 = CARTESIAN_POINT('',(-6.218473891763,-3.254538465367));
#1447 = CARTESIAN_POINT('',(-6.153757672359,-3.262772601845));
#1448 = CARTESIAN_POINT('',(-6.08904591279,-3.271011249509));
#1449 = CARTESIAN_POINT('',(-6.024338291072,-3.279255784472));
#1450 = CARTESIAN_POINT('',(-5.959629808917,-3.287507112759));
#1451 = CARTESIAN_POINT('',(-5.894915888649,-3.295764696161));
#1452 = CARTESIAN_POINT('',(-5.830197657529,-3.304026045898));
#1453 = CARTESIAN_POINT('',(-5.68895085228,-3.322057021935));
#1454 = CARTESIAN_POINT('',(-5.612394955267,-3.331830161483));
#1455 = CARTESIAN_POINT('',(-5.53584729721,-3.341598321652));
#1456 = CARTESIAN_POINT('',(-5.459310492536,-3.351354656633));
#1457 = CARTESIAN_POINT('',(-5.38277457946,-3.36109588102));
#1458 = CARTESIAN_POINT('',(-5.306229157554,-3.370823113762));
#1459 = CARTESIAN_POINT('',(-5.229675284767,-3.380540940928));
#1460 = CARTESIAN_POINT('',(-5.100881624339,-3.396886648544));
#1461 = CARTESIAN_POINT('',(-5.048622546232,-3.403518057289));
#1462 = CARTESIAN_POINT('',(-4.996364243259,-3.410150778015));
#1463 = CARTESIAN_POINT('',(-4.944107465036,-3.416787890753));
#1464 = CARTESIAN_POINT('',(-4.891851173464,-3.42343248221));
#1465 = CARTESIAN_POINT('',(-4.839594370293,-3.430086422543));
#1466 = CARTESIAN_POINT('',(-4.787337945878,-3.436749137739));
#1467 = CARTESIAN_POINT('',(-4.696881574948,-3.448291304273));
#1468 = CARTESIAN_POINT('',(-4.658675826402,-3.453171193623));
#1469 = CARTESIAN_POINT('',(-4.620469535096,-3.458051310263));
#1470 = CARTESIAN_POINT('',(-4.582262950402,-3.462928139972));
#1471 = CARTESIAN_POINT('',(-4.544056339429,-3.467799389708));
#1472 = CARTESIAN_POINT('',(-4.505849987022,-3.472663987612));
#1473 = CARTESIAN_POINT('',(-4.467644195763,-3.477522083002));
#1474 = CARTESIAN_POINT('',(-4.394341691622,-3.486833304254));
#1475 = CARTESIAN_POINT('',(-4.359244408144,-3.491288972191));
#1476 = CARTESIAN_POINT('',(-4.324147042981,-3.495744498565));
#1477 = CARTESIAN_POINT('',(-4.289049411206,-3.500201749223));
#1478 = CARTESIAN_POINT('',(-4.253951535523,-3.504662007484));
#1479 = CARTESIAN_POINT('',(-4.218853646265,-3.509125974135));
#1480 = CARTESIAN_POINT('',(-4.183756181397,-3.513593767433));
#1481 = CARTESIAN_POINT('',(-4.069693848488,-3.52812490229));
#1482 = CARTESIAN_POINT('',(-3.990702554292,-3.53820607069));
#1483 = CARTESIAN_POINT('',(-3.911720437095,-3.548301509951));
#1484 = CARTESIAN_POINT('',(-3.832747141646,-3.558398207201));
#1485 = CARTESIAN_POINT('',(-3.753773530056,-3.568485168));
#1486 = CARTESIAN_POINT('',(-3.674790521916,-3.578557745591));
#1487 = CARTESIAN_POINT('',(-3.595797865539,-3.588616787021));
#1488 = CARTESIAN_POINT('',(-3.417317020508,-3.611318876711));
#1489 = CARTESIAN_POINT('',(-3.31773195087,-3.623967552368));
#1490 = CARTESIAN_POINT('',(-3.218182572028,-3.636600320584));
#1491 = CARTESIAN_POINT('',(-3.11866062498,-3.649233105953));
#1492 = CARTESIAN_POINT('',(-3.019140227515,-3.661882746281));
#1493 = CARTESIAN_POINT('',(-2.919595238154,-3.674553318195));
#1494 = CARTESIAN_POINT('',(-2.820013278788,-3.687241753312));
#1495 = CARTESIAN_POINT('',(-2.645129987149,-3.709536877585));
#1496 = CARTESIAN_POINT('',(-2.569746391017,-3.719151133968));
#1497 = CARTESIAN_POINT('',(-2.494370163386,-3.728765698062));
#1498 = CARTESIAN_POINT('',(-2.419002953578,-3.738377102072));
#1499 = CARTESIAN_POINT('',(-2.343635504696,-3.747984177199));
#1500 = CARTESIAN_POINT('',(-2.268258750922,-3.757587332564));
#1501 = CARTESIAN_POINT('',(-2.192874968526,-3.767187031259));
#1502 = CARTESIAN_POINT('',(-2.044636051074,-3.786058518146));
#1503 = CARTESIAN_POINT('',(-1.971744570092,-3.795335143359));
#1504 = CARTESIAN_POINT('',(-1.898857602235,-3.804609567516));
#1505 = CARTESIAN_POINT('',(-1.825978278952,-3.813883316989));
#1506 = CARTESIAN_POINT('',(-1.753099494854,-3.823158972019));
#1507 = CARTESIAN_POINT('',(-1.68021354771,-3.832438342659));
#1508 = CARTESIAN_POINT('',(-1.607321722146,-3.841721064803));
#1509 = CARTESIAN_POINT('',(-1.438280344171,-3.863252080197));
#1510 = CARTESIAN_POINT('',(-1.342059894007,-3.87551061146));
#1511 = CARTESIAN_POINT('',(-1.245870736621,-3.887765756548));
#1512 = CARTESIAN_POINT('',(-1.149704685833,-3.900014308657));
#1513 = CARTESIAN_POINT('',(-1.053538740875,-3.912254085401));
#1514 = CARTESIAN_POINT('',(-0.957349828213,-3.924487137638));
#1515 = CARTESIAN_POINT('',(-0.861129673215,-3.936718564277));
#1516 = CARTESIAN_POINT('',(-0.669364477463,-3.961095282888));
#1517 = CARTESIAN_POINT('',(-0.573709186143,-3.973254589128));
#1518 = CARTESIAN_POINT('',(-0.478084458735,-3.985415251152));
#1519 = CARTESIAN_POINT('',(-0.38248200987,-3.997585042227));
#1520 = CARTESIAN_POINT('',(-0.286879573329,-4.009772481141));
#1521 = CARTESIAN_POINT('',(-0.191254636934,-4.021977878049));
#1522 = CARTESIAN_POINT('',(-9.559983050647E-02,-4.034192175836));
#1523 = CARTESIAN_POINT('',(0.,-4.046394757424));
#1524 = ( GEOMETRIC_REPRESENTATION_CONTEXT(2) 
PARAMETRIC_REPRESENTATION_CONTEXT() REPRESENTATION_CONTEXT('2D SPACE',''
  ) );
#1525 = ORIENTED_EDGE('',*,*,#1526,.F.);
#1526 = EDGE_CURVE('',#1527,#1271,#1529,.T.);
#1527 = VERTEX_POINT('',#1528);
#1528 = CARTESIAN_POINT('',(2.236392146307,12.5,0.));
#1529 = SURFACE_CURVE('',#1530,(#1603,#1679),.PCURVE_S1.);
#1530 = B_SPLINE_CURVE_WITH_KNOTS('',8,(#1531,#1532,#1533,#1534,#1535,
    #1536,#1537,#1538,#1539,#1540,#1541,#1542,#1543,#1544,#1545,#1546,
    #1547,#1548,#1549,#1550,#1551,#1552,#1553,#1554,#1555,#1556,#1557,
    #1558,#1559,#1560,#1561,#1562,#1563,#1564,#1565,#1566,#1567,#1568,
    #1569,#1570,#1571,#1572,#1573,#1574,#1575,#1576,#1577,#1578,#1579,
    #1580,#1581,#1582,#1583,#1584,#1585,#1586,#1587,#1588,#1589,#1590,
    #1591,#1592,#1593,#1594,#1595,#1596,#1597,#1598,#1599,#1600,#1601,
    #1602),.UNSPECIFIED.,.F.,.F.,(9,7,7,7,7,7,7,7,7,7,9),(0.,
    0.143452343856,0.23632638729,0.326522221789,0.390498335703,
    0.45864818519,0.559362216011,0.663816914984,0.758075436424,
    0.855974564502,1.),.UNSPECIFIED.);
#1531 = CARTESIAN_POINT('',(2.236392146307,12.5,7.105427357601E-15));
#1532 = CARTESIAN_POINT('',(2.25073379137,12.5,-1.408019139703));
#1533 = CARTESIAN_POINT('',(2.265083814203,12.318740701959,
    -2.817649712996));
#1534 = CARTESIAN_POINT('',(2.279413081916,11.955501594757,
    -4.199138267453));
#1535 = CARTESIAN_POINT('',(2.293725582645,11.416255021198,
    -5.52544062523));
#1536 = CARTESIAN_POINT('',(2.308037013886,10.710621680423,
    -6.771211081982));
#1537 = CARTESIAN_POINT('',(2.322370884396,9.852519000897,
    -7.913190616805));
#1538 = CARTESIAN_POINT('',(2.336735849926,8.859403822497,
    -8.929924772813));
#1539 = CARTESIAN_POINT('',(2.360400025927,7.040155824572,
    -10.36905092893));
#1540 = CARTESIAN_POINT('',(2.369708161415,6.277937277866,
    -10.87513086746));
#1541 = CARTESIAN_POINT('',(2.379020796932,5.474418611796,
    -11.31694578873));
#1542 = CARTESIAN_POINT('',(2.388334148319,4.635964403578,
    -11.69063997524));
#1543 = CARTESIAN_POINT('',(2.397644127425,3.769265914502,
    -11.99313233392));
#1544 = CARTESIAN_POINT('',(2.406946488109,2.881313376451,
    -12.22207167522));
#1545 = CARTESIAN_POINT('',(2.416237475324,1.979407352152,
    -12.37589886585));
#1546 = CARTESIAN_POINT('',(2.434524943937,0.189200698612,
    -12.52988018435));
#1547 = CARTESIAN_POINT('',(2.443526161464,-0.699139333252,
    -12.53437204537));
#1548 = CARTESIAN_POINT('',(2.45251650524,-1.586821224138,
    -12.46683845918));
#1549 = CARTESIAN_POINT('',(2.461499231435,-2.467016289876,
    -12.32751490236));
#1550 = CARTESIAN_POINT('',(2.470482504614,-3.333038321459,
    -12.1173801137));
#1551 = CARTESIAN_POINT('',(2.479476448111,-4.178343122211,
    -11.83810507404));
#1552 = CARTESIAN_POINT('',(2.488487717158,-4.996546125052,
    -11.49209615907));
#1553 = CARTESIAN_POINT('',(2.503912252069,-6.338197960965,
    -10.79219892031));
#1554 = CARTESIAN_POINT('',(2.510321780048,-6.878315893288,
    -10.46977455924));
#1555 = CARTESIAN_POINT('',(2.516733572647,-7.39961840395,
    -10.11649051102));
#1556 = CARTESIAN_POINT('',(2.523154617396,-7.900045712559,
    -9.733645397964));
#1557 = CARTESIAN_POINT('',(2.529574787242,-8.377660256653,
    -9.32269013423));
#1558 = CARTESIAN_POINT('',(2.535977141094,-8.830643703278,
    -8.885221529814));
#1559 = CARTESIAN_POINT('',(2.542359836593,-9.257301677005,
    -8.422986279016));
#1560 = CARTESIAN_POINT('',(2.555536932636,-10.08086475986,
    -7.421160816563));
#1561 = CARTESIAN_POINT('',(2.562329616797,-10.47409873771,
    -6.878386854787));
#1562 = CARTESIAN_POINT('',(2.56912569976,-10.83385263335,
    -6.311891968658));
#1563 = CARTESIAN_POINT('',(2.575930120801,-11.15846287036,
    -5.724116077725));
#1564 = CARTESIAN_POINT('',(2.582744771136,-11.44649754291,
    -5.117604414318));
#1565 = CARTESIAN_POINT('',(2.589568687884,-11.69674273702,
    -4.494998453012));
#1566 = CARTESIAN_POINT('',(2.596399040575,-11.90820465131,
    -3.859035434693));
#1567 = CARTESIAN_POINT('',(2.613332221726,-12.33420063587,
    -2.257169183047));
#1568 = CARTESIAN_POINT('',(2.62344193713,-12.50198992708,
    -1.278551518059));
#1569 = CARTESIAN_POINT('',(2.633548114373,-12.5808896673,
    -0.286189439073));
#1570 = CARTESIAN_POINT('',(2.643640283908,-12.56973092577,
    0.710474311676));
#1571 = CARTESIAN_POINT('',(2.653714971152,-12.46850854215,
    1.702044690822));
#1572 = CARTESIAN_POINT('',(2.663775466952,-12.27828850446,
    2.679188911897));
#1573 = CARTESIAN_POINT('',(2.673827846059,-12.00129572746,
    3.632661069102));
#1574 = CARTESIAN_POINT('',(2.694291721734,-11.26769358687,
    5.508207844718));
#1575 = CARTESIAN_POINT('',(2.704709061813,-10.80456980111,
    6.428377081586));
#1576 = CARTESIAN_POINT('',(2.715126337885,-10.25572523202,
    7.303555178922));
#1577 = CARTESIAN_POINT('',(2.725550430586,-9.626402692961,
    8.124489140622));
#1578 = CARTESIAN_POINT('',(2.735986035873,-8.92288066941,8.882788426108
    ));
#1579 = CARTESIAN_POINT('',(2.746433857514,-8.15237763152,9.570862230426
    ));
#1580 = CARTESIAN_POINT('',(2.75689090269,-7.323125792703,
    10.181998640404));
#1581 = CARTESIAN_POINT('',(2.776785885566,-5.651804721089,
    11.187633902867));
#1582 = CARTESIAN_POINT('',(2.786228190784,-4.818503757219,
    11.597687873332));
#1583 = CARTESIAN_POINT('',(2.795670315549,-3.951526183457,
    11.936598499472));
#1584 = CARTESIAN_POINT('',(2.805109064005,-3.058001467336,
    12.20122630175));
#1585 = CARTESIAN_POINT('',(2.814543457697,-2.14528908971,
    12.389296926995));
#1586 = CARTESIAN_POINT('',(2.823974020508,-1.220951275897,
    12.499344839064));
#1587 = CARTESIAN_POINT('',(2.833401345392,-0.292755501626,
    12.530775862129));
#1588 = CARTESIAN_POINT('',(2.852610475427,1.591032073979,
    12.435516513463));
#1589 = CARTESIAN_POINT('',(2.862396614402,2.546766346305,
    12.302648148869));
#1590 = CARTESIAN_POINT('',(2.872180216103,3.489477106037,
    12.085824766071));
#1591 = CARTESIAN_POINT('',(2.881963238506,4.41056534264,11.786636183892
    ));
#1592 = CARTESIAN_POINT('',(2.89174881557,5.301787599595,11.407655076708
    ));
#1593 = CARTESIAN_POINT('',(2.901538948242,6.155243909292,
    10.952355610016));
#1594 = CARTESIAN_POINT('',(2.911332812208,6.963418035401,
    10.425176391569));
#1595 = CARTESIAN_POINT('',(2.935532576783,8.831250423246,8.958668882097
    ));
#1596 = CARTESIAN_POINT('',(2.949958416832,9.831626920604,7.940897589499
    ));
#1597 = CARTESIAN_POINT('',(2.964373156968,10.696289425437,6.79644054214
    ));
#1598 = CARTESIAN_POINT('',(2.978773022041,11.407481343231,
    5.546956206495));
#1599 = CARTESIAN_POINT('',(2.993156124088,11.951061887049,
    4.215965869966));
#1600 = CARTESIAN_POINT('',(3.007534422666,12.317260725842,
    2.829117930141));
#1601 = CARTESIAN_POINT('',(3.021924273462,12.5,1.413754804004));
#1602 = CARTESIAN_POINT('',(3.036308435814,12.5,-5.329070518201E-15));
#1603 = PCURVE('',#212,#1604);
#1604 = DEFINITIONAL_REPRESENTATION('',(#1605),#1678);
#1605 = B_SPLINE_CURVE_WITH_KNOTS('',8,(#1606,#1607,#1608,#1609,#1610,
    #1611,#1612,#1613,#1614,#1615,#1616,#1617,#1618,#1619,#1620,#1621,
    #1622,#1623,#1624,#1625,#1626,#1627,#1628,#1629,#1630,#1631,#1632,
    #1633,#1634,#1635,#1636,#1637,#1638,#1639,#1640,#1641,#1642,#1643,
    #1644,#1645,#1646,#1647,#1648,#1649,#1650,#1651,#1652,#1653,#1654,
    #1655,#1656,#1657,#1658,#1659,#1660,#1661,#1662,#1663,#1664,#1665,
    #1666,#1667,#1668,#1669,#1670,#1671,#1672,#1673,#1674,#1675,#1676,
    #1677),.UNSPECIFIED.,.F.,.F.,(9,7,7,7,7,7,7,7,7,7,9),(0.,
    0.143452343856,0.23632638729,0.326522221789,0.390498335703,
    0.45864818519,0.559362216011,0.663816914984,0.758075436424,
    0.855974564502,1.),.UNSPECIFIED.);
#1606 = CARTESIAN_POINT('',(4.153292586132E-02,20.585210603279));
#1607 = CARTESIAN_POINT('',(4.153261992915E-02,20.698761089659));
#1608 = CARTESIAN_POINT('',(4.152325603177E-02,20.812440744974));
#1609 = CARTESIAN_POINT('',(4.150067738987E-02,20.92604774982));
#1610 = CARTESIAN_POINT('',(4.146545484001E-02,21.039609719481));
#1611 = CARTESIAN_POINT('',(4.142888590203E-02,21.15317256188));
#1612 = CARTESIAN_POINT('',(4.141136176694E-02,21.266780943739));
#1613 = CARTESIAN_POINT('',(4.141840137274E-02,21.380465108831));
#1614 = CARTESIAN_POINT('',(4.145994022496E-02,21.567535393684));
#1615 = CARTESIAN_POINT('',(4.148384766452E-02,21.641065655832));
#1616 = CARTESIAN_POINT('',(4.151381956828E-02,21.714589474781));
#1617 = CARTESIAN_POINT('',(4.154570114269E-02,21.788105713151));
#1618 = CARTESIAN_POINT('',(4.157367234237E-02,21.861622379279));
#1619 = CARTESIAN_POINT('',(4.159180130717E-02,21.935147006429));
#1620 = CARTESIAN_POINT('',(4.159618029226E-02,22.008676974147));
#1621 = CARTESIAN_POINT('',(4.1579354049E-02,22.153582680786));
#1622 = CARTESIAN_POINT('',(4.155885344274E-02,22.224991029227));
#1623 = CARTESIAN_POINT('',(4.152650032577E-02,22.296395511884));
#1624 = CARTESIAN_POINT('',(4.148632169877E-02,22.36779397266));
#1625 = CARTESIAN_POINT('',(4.144673400974E-02,22.439192665961));
#1626 = CARTESIAN_POINT('',(4.141839856731E-02,22.510597780846));
#1627 = CARTESIAN_POINT('',(4.140921186757E-02,22.582007227961));
#1628 = CARTESIAN_POINT('',(4.14215512644E-02,22.704043654972));
#1629 = CARTESIAN_POINT('',(4.143623308653E-02,22.754688524878));
#1630 = CARTESIAN_POINT('',(4.145316574184E-02,22.805335696537));
#1631 = CARTESIAN_POINT('',(4.148132052135E-02,22.855978287457));
#1632 = CARTESIAN_POINT('',(4.150832265106E-02,22.906621937215));
#1633 = CARTESIAN_POINT('',(4.15142138487E-02,22.957270956221));
#1634 = CARTESIAN_POINT('',(4.149822963139E-02,23.007916112999));
#1635 = CARTESIAN_POINT('',(4.146102646306E-02,23.1125023729));
#1636 = CARTESIAN_POINT('',(4.143642616895E-02,23.166453347152));
#1637 = CARTESIAN_POINT('',(4.141581432854E-02,23.220403564284));
#1638 = CARTESIAN_POINT('',(4.140508188336E-02,23.274351261702));
#1639 = CARTESIAN_POINT('',(4.140622622879E-02,23.328297555465));
#1640 = CARTESIAN_POINT('',(4.141785585034E-02,23.382244474959));
#1641 = CARTESIAN_POINT('',(4.143658452721E-02,23.436193101339));
#1642 = CARTESIAN_POINT('',(4.149290707545E-02,23.569868939358));
#1643 = CARTESIAN_POINT('',(4.153526023028E-02,23.649617660168));
#1644 = CARTESIAN_POINT('',(4.157500636483E-02,23.729356452071));
#1645 = CARTESIAN_POINT('',(4.16005673969E-02,23.809082744908));
#1646 = CARTESIAN_POINT('',(4.160625485681E-02,23.888808492398));
#1647 = CARTESIAN_POINT('',(4.159407703209E-02,23.96854581776));
#1648 = CARTESIAN_POINT('',(4.15712537646E-02,24.048292731021));
#1649 = CARTESIAN_POINT('',(4.151459095015E-02,24.21070625359));
#1650 = CARTESIAN_POINT('',(4.148053141058E-02,24.293420654404));
#1651 = CARTESIAN_POINT('',(4.144826635438E-02,24.376122099953));
#1652 = CARTESIAN_POINT('',(4.142549608611E-02,24.458811647437));
#1653 = CARTESIAN_POINT('',(4.141596364367E-02,24.541500509837));
#1654 = CARTESIAN_POINT('',(4.141881760566E-02,24.624200165657));
#1655 = CARTESIAN_POINT('',(4.143036014624E-02,24.706912572524));
#1656 = CARTESIAN_POINT('',(4.146116194E-02,24.86421518411));
#1657 = CARTESIAN_POINT('',(4.147955416192E-02,24.938845983019));
#1658 = CARTESIAN_POINT('',(4.149875161009E-02,25.013469767126));
#1659 = CARTESIAN_POINT('',(4.151534136426E-02,25.088084910052));
#1660 = CARTESIAN_POINT('',(4.152695889039E-02,25.162700068466));
#1661 = CARTESIAN_POINT('',(4.153295358948E-02,25.237323903493));
#1662 = CARTESIAN_POINT('',(4.153423492325E-02,25.311954800516));
#1663 = CARTESIAN_POINT('',(4.153028854213E-02,25.464068307146));
#1664 = CARTESIAN_POINT('',(4.15248304136E-02,25.541586827766));
#1665 = CARTESIAN_POINT('',(4.151751987207E-02,25.619098110307));
#1666 = CARTESIAN_POINT('',(4.151101119752E-02,25.696599243256));
#1667 = CARTESIAN_POINT('',(4.150746924722E-02,25.774100021127));
#1668 = CARTESIAN_POINT('',(4.150771824705E-02,25.851610568352));
#1669 = CARTESIAN_POINT('',(4.151108793594E-02,25.929129008488));
#1670 = CARTESIAN_POINT('',(4.152312033669E-02,26.12064445126));
#1671 = CARTESIAN_POINT('',(4.153357785144E-02,26.234786871222));
#1672 = CARTESIAN_POINT('',(4.154227058927E-02,26.348853652384));
#1673 = CARTESIAN_POINT('',(4.154062376153E-02,26.462874391859));
#1674 = CARTESIAN_POINT('',(4.151986214884E-02,26.57689501852));
#1675 = CARTESIAN_POINT('',(4.148702531366E-02,26.690961384636));
#1676 = CARTESIAN_POINT('',(4.145644113666E-02,26.805103586578));
#1677 = CARTESIAN_POINT('',(4.143795695054E-02,26.919116808627));
#1678 = ( GEOMETRIC_REPRESENTATION_CONTEXT(2) 
PARAMETRIC_REPRESENTATION_CONTEXT() REPRESENTATION_CONTEXT('2D SPACE',''
  ) );
#1679 = PCURVE('',#1680,#1685);
#1680 = CYLINDRICAL_SURFACE('',#1681,12.5);
#1681 = AXIS2_PLACEMENT_3D('',#1682,#1683,#1684);
#1682 = CARTESIAN_POINT('',(-0.21,0.,0.));
#1683 = DIRECTION('',(-1.,-0.,-0.));
#1684 = DIRECTION('',(0.,1.,0.));
#1685 = DEFINITIONAL_REPRESENTATION('',(#1686),#1759);
#1686 = B_SPLINE_CURVE_WITH_KNOTS('',8,(#1687,#1688,#1689,#1690,#1691,
    #1692,#1693,#1694,#1695,#1696,#1697,#1698,#1699,#1700,#1701,#1702,
    #1703,#1704,#1705,#1706,#1707,#1708,#1709,#1710,#1711,#1712,#1713,
    #1714,#1715,#1716,#1717,#1718,#1719,#1720,#1721,#1722,#1723,#1724,
    #1725,#1726,#1727,#1728,#1729,#1730,#1731,#1732,#1733,#1734,#1735,
    #1736,#1737,#1738,#1739,#1740,#1741,#1742,#1743,#1744,#1745,#1746,
    #1747,#1748,#1749,#1750,#1751,#1752,#1753,#1754,#1755,#1756,#1757,
    #1758),.UNSPECIFIED.,.F.,.F.,(9,7,7,7,7,7,7,7,7,7,9),(0.,
    0.143452343856,0.23632638729,0.326522221789,0.390498335703,
    0.45864818519,0.559362216011,0.663816914984,0.758075436424,
    0.855974564502,1.),.UNSPECIFIED.);
#1687 = CARTESIAN_POINT('',(-6.28318530718,-2.446392146307));
#1688 = CARTESIAN_POINT('',(-6.170543776003,-2.46073379137));
#1689 = CARTESIAN_POINT('',(-6.057773577915,-2.475083814203));
#1690 = CARTESIAN_POINT('',(-5.945075107731,-2.489413081916));
#1691 = CARTESIAN_POINT('',(-5.832421398242,-2.503725582645));
#1692 = CARTESIAN_POINT('',(-5.719767489254,-2.518037013886));
#1693 = CARTESIAN_POINT('',(-5.607069081104,-2.532370884396));
#1694 = CARTESIAN_POINT('',(-5.494295771991,-2.546735849926));
#1695 = CARTESIAN_POINT('',(-5.308724267778,-2.570400025927));
#1696 = CARTESIAN_POINT('',(-5.235783103568,-2.579708161415));
#1697 = CARTESIAN_POINT('',(-5.162848236231,-2.589020796932));
#1698 = CARTESIAN_POINT('',(-5.08992070795,-2.598334148319));
#1699 = CARTESIAN_POINT('',(-5.016992566851,-2.607644127425));
#1700 = CARTESIAN_POINT('',(-4.944056435663,-2.616946488109));
#1701 = CARTESIAN_POINT('',(-4.871115076802,-2.626237475324));
#1702 = CARTESIAN_POINT('',(-4.727369744021,-2.644524943937));
#1703 = CARTESIAN_POINT('',(-4.656533417868,-2.653526161464));
#1704 = CARTESIAN_POINT('',(-4.585701206165,-2.66251650524));
#1705 = CARTESIAN_POINT('',(-4.514875395794,-2.671499231435));
#1706 = CARTESIAN_POINT('',(-4.444049725073,-2.680482504614));
#1707 = CARTESIAN_POINT('',(-4.373217720705,-2.689476448111));
#1708 = CARTESIAN_POINT('',(-4.302380976397,-2.698487717158));
#1709 = CARTESIAN_POINT('',(-4.181322027619,-2.713912252069));
#1710 = CARTESIAN_POINT('',(-4.131081953834,-2.720321780048));
#1711 = CARTESIAN_POINT('',(-4.080841409975,-2.726733572647));
#1712 = CARTESIAN_POINT('',(-4.030601209733,-2.733154617396));
#1713 = CARTESIAN_POINT('',(-3.980360883813,-2.739574787242));
#1714 = CARTESIAN_POINT('',(-3.930119909227,-2.745977141094));
#1715 = CARTESIAN_POINT('',(-3.879878978111,-2.752359836593));
#1716 = CARTESIAN_POINT('',(-3.776128187196,-2.765536932636));
#1717 = CARTESIAN_POINT('',(-3.722608112005,-2.772329616797));
#1718 = CARTESIAN_POINT('',(-3.669089334633,-2.77912569976));
#1719 = CARTESIAN_POINT('',(-3.615573676074,-2.785930120801));
#1720 = CARTESIAN_POINT('',(-3.562059861664,-2.792744771136));
#1721 = CARTESIAN_POINT('',(-3.508545672329,-2.799568687884));
#1722 = CARTESIAN_POINT('',(-3.455029881399,-2.806399040575));
#1723 = CARTESIAN_POINT('',(-3.322426459012,-2.823332221726));
#1724 = CARTESIAN_POINT('',(-3.243317466133,-2.83344193713));
#1725 = CARTESIAN_POINT('',(-3.164217844605,-2.843548114373));
#1726 = CARTESIAN_POINT('',(-3.085130103111,-2.853640283908));
#1727 = CARTESIAN_POINT('',(-3.006042561949,-2.863714971152));
#1728 = CARTESIAN_POINT('',(-2.926943447054,-2.873775466952));
#1729 = CARTESIAN_POINT('',(-2.847834928869,-2.883827846059));
#1730 = CARTESIAN_POINT('',(-2.686721844445,-2.904291721734));
#1731 = CARTESIAN_POINT('',(-2.604669886341,-2.914709061813));
#1732 = CARTESIAN_POINT('',(-2.522630995695,-2.925126337885));
#1733 = CARTESIAN_POINT('',(-2.440604064213,-2.935550430586));
#1734 = CARTESIAN_POINT('',(-2.358577794835,-2.945986035873));
#1735 = CARTESIAN_POINT('',(-2.276540631139,-2.956433857514));
#1736 = CARTESIAN_POINT('',(-2.194490569766,-2.96689090269));
#1737 = CARTESIAN_POINT('',(-2.038447162358,-2.986785885566));
#1738 = CARTESIAN_POINT('',(-1.964413592017,-2.996228190784));
#1739 = CARTESIAN_POINT('',(-1.890386797676,-3.005670315549));
#1740 = CARTESIAN_POINT('',(-1.816368469135,-3.015109064005));
#1741 = CARTESIAN_POINT('',(-1.742350134319,-3.024543457697));
#1742 = CARTESIAN_POINT('',(-1.668323322831,-3.033974020508));
#1743 = CARTESIAN_POINT('',(-1.594289729081,-3.043401345392));
#1744 = CARTESIAN_POINT('',(-1.443394163107,-3.062610475427));
#1745 = CARTESIAN_POINT('',(-1.366496587317,-3.072396614402));
#1746 = CARTESIAN_POINT('',(-1.289606502931,-3.082180216103));
#1747 = CARTESIAN_POINT('',(-1.212726767056,-3.091963238506));
#1748 = CARTESIAN_POINT('',(-1.135847565185,-3.10174881557));
#1749 = CARTESIAN_POINT('',(-1.05895871147,-3.111538948241));
#1750 = CARTESIAN_POINT('',(-0.982061922717,-3.121332812208));
#1751 = CARTESIAN_POINT('',(-0.792081846213,-3.145532576783));
#1752 = CARTESIAN_POINT('',(-0.678854081504,-3.159958416832));
#1753 = CARTESIAN_POINT('',(-0.565700643107,-3.174373156968));
#1754 = CARTESIAN_POINT('',(-0.4525920775,-3.188773022042));
#1755 = CARTESIAN_POINT('',(-0.339483192569,-3.203156124087));
#1756 = CARTESIAN_POINT('',(-0.226329162099,-3.217534422666));
#1757 = CARTESIAN_POINT('',(-0.11310038432,-3.231924273462));
#1758 = CARTESIAN_POINT('',(0.,-3.246308435814));
#1759 = ( GEOMETRIC_REPRESENTATION_CONTEXT(2) 
PARAMETRIC_REPRESENTATION_CONTEXT() REPRESENTATION_CONTEXT('2D SPACE',''
  ) );
#1760 = ORIENTED_EDGE('',*,*,#1761,.F.);
#1761 = EDGE_CURVE('',#1762,#1527,#1764,.T.);
#1762 = VERTEX_POINT('',#1763);
#1763 = CARTESIAN_POINT('',(1.436373262577,12.5,0.));
#1764 = SURFACE_CURVE('',#1765,(#1838,#1914),.PCURVE_S1.);
#1765 = B_SPLINE_CURVE_WITH_KNOTS('',8,(#1766,#1767,#1768,#1769,#1770,
    #1771,#1772,#1773,#1774,#1775,#1776,#1777,#1778,#1779,#1780,#1781,
    #1782,#1783,#1784,#1785,#1786,#1787,#1788,#1789,#1790,#1791,#1792,
    #1793,#1794,#1795,#1796,#1797,#1798,#1799,#1800,#1801,#1802,#1803,
    #1804,#1805,#1806,#1807,#1808,#1809,#1810,#1811,#1812,#1813,#1814,
    #1815,#1816,#1817,#1818,#1819,#1820,#1821,#1822,#1823,#1824,#1825,
    #1826,#1827,#1828,#1829,#1830,#1831,#1832,#1833,#1834,#1835,#1836,
    #1837),.UNSPECIFIED.,.F.,.F.,(9,7,7,7,7,7,7,7,7,7,9),(0.,
    0.117378714233,0.218893673024,0.318631317677,0.402332605811,
    0.452561155952,0.496926014025,0.638984019002,0.738273776043,
    0.845803629505,1.),.UNSPECIFIED.);
#1766 = CARTESIAN_POINT('',(1.436373262577,12.5,-3.552713678801E-15));
#1767 = CARTESIAN_POINT('',(1.448105466189,12.5,-1.152114119085));
#1768 = CARTESIAN_POINT('',(1.459846312356,12.378640657811,
    -2.304770376596));
#1769 = CARTESIAN_POINT('',(1.47158874962,12.135722896173,
    -3.442219018118));
#1770 = CARTESIAN_POINT('',(1.483332995789,11.773734723728,
    -4.549580690985));
#1771 = CARTESIAN_POINT('',(1.495077766947,11.297040725554,
    -5.612637240332));
#1772 = CARTESIAN_POINT('',(1.506820364431,10.711962721235,
    -6.617909284849));
#1773 = CARTESIAN_POINT('',(1.518559000166,10.026679354232,
    -7.552680168149));
#1774 = CARTESIAN_POINT('',(1.540426369346,8.581995270235,
    -9.142872299174));
#1775 = CARTESIAN_POINT('',(1.550565743747,7.844631701359,-9.81951899153
    ));
#1776 = CARTESIAN_POINT('',(1.560699319355,7.046609396499,
    -10.42782710184));
#1777 = CARTESIAN_POINT('',(1.570828919549,6.195406971196,
    -10.96155677605));
#1778 = CARTESIAN_POINT('',(1.580959758108,5.299111280662,
    -11.41550266933));
#1779 = CARTESIAN_POINT('',(1.591097586507,4.366352954194,-11.7854215401
    ));
#1780 = CARTESIAN_POINT('',(1.601245300727,3.406335169019,
    -12.06812482429));
#1781 = CARTESIAN_POINT('',(1.621374944352,1.468688024545,
    -12.45195782582));
#1782 = CARTESIAN_POINT('',(1.631362135807,0.491123831681,-12.5562864446
    ));
#1783 = CARTESIAN_POINT('',(1.641357244495,-0.494382975025,
    -12.57278694094));
#1784 = CARTESIAN_POINT('',(1.651357838637,-1.4786064856,-12.50090111882
    ));
#1785 = CARTESIAN_POINT('',(1.661360321975,-2.452438124166,
    -12.34118720509));
#1786 = CARTESIAN_POINT('',(1.671359296353,-3.406894788932,
    -12.09522991448));
#1787 = CARTESIAN_POINT('',(1.681348357059,-4.333145828089,
    -11.76572106579));
#1788 = CARTESIAN_POINT('',(1.69969261708,-5.968967251491,
    -11.01346331765));
#1789 = CARTESIAN_POINT('',(1.708054902791,-6.689675038569,
    -10.61411301849));
#1790 = CARTESIAN_POINT('',(1.716406851607,-7.379635674706,
    -10.16095578582));
#1791 = CARTESIAN_POINT('',(1.724749112183,-8.034193626331,
    -9.656791678519));
#1792 = CARTESIAN_POINT('',(1.733085986353,-8.649034431574,
    -9.104856870041));
#1793 = CARTESIAN_POINT('',(1.741424325323,-9.220174191225,
    -8.508801678845));
#1794 = CARTESIAN_POINT('',(1.749770643968,-9.743988483502,
    -7.872714639205));
#1795 = CARTESIAN_POINT('',(1.763140715218,-10.50130001096,
    -6.798217000859));
#1796 = CARTESIAN_POINT('',(1.768158762939,-10.76715835489,
    -6.382433553583));
#1797 = CARTESIAN_POINT('',(1.77318166769,-11.01417667536,
    -5.954807835748));
#1798 = CARTESIAN_POINT('',(1.77820967218,-11.24174209034,
    -5.516337871933));
#1799 = CARTESIAN_POINT('',(1.783242190559,-11.44930789488,
    -5.068054146279));
#1800 = CARTESIAN_POINT('',(1.788277808411,-11.63639356106,
    -4.611019602491));
#1801 = CARTESIAN_POINT('',(1.793314282761,-11.80258473804,
    -4.146329643836));
#1802 = CARTESIAN_POINT('',(1.802795100831,-12.07556044442,
    -3.258904659008));
#1803 = CARTESIAN_POINT('',(1.807239619934,-12.18701933676,
    -2.837581609033));
#1804 = CARTESIAN_POINT('',(1.811679176931,-12.28167040099,
    -2.41193702013));
#1805 = CARTESIAN_POINT('',(1.81611236972,-12.35931900699,
    -1.982763482723));
#1806 = CARTESIAN_POINT('',(1.820539316547,-12.41981542262,
    -1.550852140746));
#1807 = CARTESIAN_POINT('',(1.824961656002,-12.46305481369,
    -1.116992691643));
#1808 = CARTESIAN_POINT('',(1.829382547026,-12.48897724396,
    -0.681973386366));
#1809 = CARTESIAN_POINT('',(1.847972879605,-12.52507457083,
    1.147562270159));
#1810 = CARTESIAN_POINT('',(1.862166132308,-12.37487138286,
    2.546680517002));
#1811 = CARTESIAN_POINT('',(1.876412749609,-12.04574123764,
    3.921995567362));
#1812 = CARTESIAN_POINT('',(1.890701128252,-11.54287776032,
    5.247169297613));
#1813 = CARTESIAN_POINT('',(1.904963534572,-10.87503433312,
    6.497374021338));
#1814 = CARTESIAN_POINT('',(1.919196878385,-10.05514956819,7.64964582108
    ));
#1815 = CARTESIAN_POINT('',(1.933407096647,-9.099704677754,
    8.682723621023));
#1816 = CARTESIAN_POINT('',(1.957494190312,-7.284383799619,
    10.204782144458));
#1817 = CARTESIAN_POINT('',(1.967397557466,-6.48158217889,
    10.764564098162));
#1818 = CARTESIAN_POINT('',(1.977295945825,-5.629956632406,
    11.251862089079));
#1819 = CARTESIAN_POINT('',(1.987195661675,-4.737207434077,
    11.661812781988));
#1820 = CARTESIAN_POINT('',(1.997103247643,-3.811467906597,11.9905614573
    ));
#1821 = CARTESIAN_POINT('',(2.007022143266,-2.861258576549,
    12.235193765467));
#1822 = CARTESIAN_POINT('',(2.016951062764,-1.895502666739,
    12.393822816737));
#1823 = CARTESIAN_POINT('',(2.037641463169,0.128955161215,
    12.543816433853));
#1824 = CARTESIAN_POINT('',(2.048410791533,1.18942547501,12.520260501762
    ));
#1825 = CARTESIAN_POINT('',(2.059183394775,2.245803931007,
    12.394143402178));
#1826 = CARTESIAN_POINT('',(2.069954797353,3.286528547891,
    12.166342957983));
#1827 = CARTESIAN_POINT('',(2.080721838196,4.300395720727,
    11.839129732738));
#1828 = CARTESIAN_POINT('',(2.091484185199,5.276585457427,
    11.416185461748));
#1829 = CARTESIAN_POINT('',(2.102242621306,6.204675016917,
    10.902568768896));
#1830 = CARTESIAN_POINT('',(2.128409031874,8.322580137578,9.448565668956
    ));
#1831 = CARTESIAN_POINT('',(2.143839134987,9.453660852899,8.41799924356)
  );
#1832 = CARTESIAN_POINT('',(2.1592515356,10.436561864182,7.233813621752)
  );
#1833 = CARTESIAN_POINT('',(2.174662878818,11.248386915318,
    5.921686619718));
#1834 = CARTESIAN_POINT('',(2.190089068582,11.870627657568,
    4.509767745006));
#1835 = CARTESIAN_POINT('',(2.205528103845,12.290557145133,
    3.029236285502));
#1836 = CARTESIAN_POINT('',(2.220975814515,12.5,1.51352861767));
#1837 = CARTESIAN_POINT('',(2.236392146307,12.5,7.105427357601E-15));
#1838 = PCURVE('',#212,#1839);
#1839 = DEFINITIONAL_REPRESENTATION('',(#1840),#1913);
#1840 = B_SPLINE_CURVE_WITH_KNOTS('',8,(#1841,#1842,#1843,#1844,#1845,
    #1846,#1847,#1848,#1849,#1850,#1851,#1852,#1853,#1854,#1855,#1856,
    #1857,#1858,#1859,#1860,#1861,#1862,#1863,#1864,#1865,#1866,#1867,
    #1868,#1869,#1870,#1871,#1872,#1873,#1874,#1875,#1876,#1877,#1878,
    #1879,#1880,#1881,#1882,#1883,#1884,#1885,#1886,#1887,#1888,#1889,
    #1890,#1891,#1892,#1893,#1894,#1895,#1896,#1897,#1898,#1899,#1900,
    #1901,#1902,#1903,#1904,#1905,#1906,#1907,#1908,#1909,#1910,#1911,
    #1912),.UNSPECIFIED.,.F.,.F.,(9,7,7,7,7,7,7,7,7,7,9),(0.,
    0.117378714233,0.218893673024,0.318631317677,0.402332605811,
    0.452561155952,0.496926014025,0.638984019002,0.738273776043,
    0.845803629505,1.),.UNSPECIFIED.);
#1841 = CARTESIAN_POINT('',(4.151191409941E-02,14.251296728608));
#1842 = CARTESIAN_POINT('',(4.150819865242E-02,14.344210907025));
#1843 = CARTESIAN_POINT('',(4.150802715388E-02,14.437168926176));
#1844 = CARTESIAN_POINT('',(4.15130409464E-02,14.530103570556));
#1845 = CARTESIAN_POINT('',(4.152264514793E-02,14.623020691746));
#1846 = CARTESIAN_POINT('',(4.153272476443E-02,14.715938671766));
#1847 = CARTESIAN_POINT('',(4.153769024753E-02,14.808874920964));
#1848 = CARTESIAN_POINT('',(4.153489707536E-02,14.901833628402));
#1849 = CARTESIAN_POINT('',(4.151622828627E-02,15.07509558078));
#1850 = CARTESIAN_POINT('',(4.150220735606E-02,15.155470207607));
#1851 = CARTESIAN_POINT('',(4.148298866332E-02,15.235834982005));
#1852 = CARTESIAN_POINT('',(4.146098503532E-02,15.316187601651));
#1853 = CARTESIAN_POINT('',(4.144035824868E-02,15.396540474229));
#1854 = CARTESIAN_POINT('',(4.142589686047E-02,15.476905916347));
#1855 = CARTESIAN_POINT('',(4.142127048896E-02,15.557281399082));
#1856 = CARTESIAN_POINT('',(4.143195623067E-02,15.716581460887));
#1857 = CARTESIAN_POINT('',(4.144693760699E-02,15.795549996089));
#1858 = CARTESIAN_POINT('',(4.147217560903E-02,15.874510060856));
#1859 = CARTESIAN_POINT('',(4.150532262162E-02,15.953458688048));
#1860 = CARTESIAN_POINT('',(4.15406963279E-02,16.032406824968));
#1861 = CARTESIAN_POINT('',(4.157050427989E-02,16.111365791444));
#1862 = CARTESIAN_POINT('',(4.158770919041E-02,16.190333699322));
#1863 = CARTESIAN_POINT('',(4.159290636142E-02,16.335536260537));
#1864 = CARTESIAN_POINT('',(4.158509354474E-02,16.401797917843));
#1865 = CARTESIAN_POINT('',(4.156593062384E-02,16.468056474137));
#1866 = CARTESIAN_POINT('',(4.153614123706E-02,16.534312045181));
#1867 = CARTESIAN_POINT('',(4.149992176084E-02,16.600569578783));
#1868 = CARTESIAN_POINT('',(4.146450245005E-02,16.666833159916));
#1869 = CARTESIAN_POINT('',(4.143768649106E-02,16.733100235802));
#1870 = CARTESIAN_POINT('',(4.141477392284E-02,16.839115232345));
#1871 = CARTESIAN_POINT('',(4.141050293749E-02,16.878874693467));
#1872 = CARTESIAN_POINT('',(4.141179862626E-02,16.918633991616));
#1873 = CARTESIAN_POINT('',(4.141895184137E-02,16.95839303047));
#1874 = CARTESIAN_POINT('',(4.143129967245E-02,16.998151770114));
#1875 = CARTESIAN_POINT('',(4.144722544654E-02,17.037910227044));
#1876 = CARTESIAN_POINT('',(4.146415872807E-02,17.077668474166));
#1877 = CARTESIAN_POINT('',(4.149130891375E-02,17.152543430242));
#1878 = CARTESIAN_POINT('',(4.150147764131E-02,17.187661860007));
#1879 = CARTESIAN_POINT('',(4.150600476196E-02,17.222780139249));
#1880 = CARTESIAN_POINT('',(4.150343240684E-02,17.257897282822));
#1881 = CARTESIAN_POINT('',(4.149392157786E-02,17.293013111274));
#1882 = CARTESIAN_POINT('',(4.147925214772E-02,17.328128250846));
#1883 = CARTESIAN_POINT('',(4.146282285987E-02,17.363244133471));
#1884 = CARTESIAN_POINT('',(4.140747557173E-02,17.510814966084));
#1885 = CARTESIAN_POINT('',(4.137889837568E-02,17.623386710792));
#1886 = CARTESIAN_POINT('',(4.142076099488E-02,17.735892297446));
#1887 = CARTESIAN_POINT('',(4.151646471373E-02,17.848355006577));
#1888 = CARTESIAN_POINT('',(4.158251238498E-02,17.96081781296));
#1889 = CARTESIAN_POINT('',(4.160928327442E-02,18.073322993973));
#1890 = CARTESIAN_POINT('',(4.159995741723E-02,18.18589549523));
#1891 = CARTESIAN_POINT('',(4.155083763428E-02,18.376943110013));
#1892 = CARTESIAN_POINT('',(4.152099400125E-02,18.455558940564));
#1893 = CARTESIAN_POINT('',(4.148670883735E-02,18.534166164693));
#1894 = CARTESIAN_POINT('',(4.145545410889E-02,18.612762876363));
#1895 = CARTESIAN_POINT('',(4.14331162141E-02,18.691360040246));
#1896 = CARTESIAN_POINT('',(4.142209236354E-02,18.769968258214));
#1897 = CARTESIAN_POINT('',(4.142134650696E-02,18.848584537597));
#1898 = CARTESIAN_POINT('',(4.143609053687E-02,19.012296175649));
#1899 = CARTESIAN_POINT('',(4.145292617109E-02,19.097444329813));
#1900 = CARTESIAN_POINT('',(4.147575887813E-02,19.182576808966));
#1901 = CARTESIAN_POINT('',(4.149915808387E-02,19.267695852037));
#1902 = CARTESIAN_POINT('',(4.151762429133E-02,19.352814583283));
#1903 = CARTESIAN_POINT('',(4.15288625806E-02,19.437946293798));
#1904 = CARTESIAN_POINT('',(4.153332248234E-02,19.523094063834));
#1905 = CARTESIAN_POINT('',(4.153229527318E-02,19.730270806637));
#1906 = CARTESIAN_POINT('',(4.152164806086E-02,19.852510777506));
#1907 = CARTESIAN_POINT('',(4.150649561422E-02,19.974641844348));
#1908 = CARTESIAN_POINT('',(4.149850466054E-02,20.09671485716));
#1909 = CARTESIAN_POINT('',(4.150765924783E-02,20.218786471387));
#1910 = CARTESIAN_POINT('',(4.152312079944E-02,20.340916035392));
#1911 = CARTESIAN_POINT('',(4.153325471841E-02,20.463151246386));
#1912 = CARTESIAN_POINT('',(4.153292586132E-02,20.585210603279));
#1913 = ( GEOMETRIC_REPRESENTATION_CONTEXT(2) 
PARAMETRIC_REPRESENTATION_CONTEXT() REPRESENTATION_CONTEXT('2D SPACE',''
  ) );
#1914 = PCURVE('',#1915,#1920);
#1915 = CYLINDRICAL_SURFACE('',#1916,12.5);
#1916 = AXIS2_PLACEMENT_3D('',#1917,#1918,#1919);
#1917 = CARTESIAN_POINT('',(-0.21,0.,0.));
#1918 = DIRECTION('',(-1.,-0.,-0.));
#1919 = DIRECTION('',(0.,1.,0.));
#1920 = DEFINITIONAL_REPRESENTATION('',(#1921),#1994);
#1921 = B_SPLINE_CURVE_WITH_KNOTS('',8,(#1922,#1923,#1924,#1925,#1926,
    #1927,#1928,#1929,#1930,#1931,#1932,#1933,#1934,#1935,#1936,#1937,
    #1938,#1939,#1940,#1941,#1942,#1943,#1944,#1945,#1946,#1947,#1948,
    #1949,#1950,#1951,#1952,#1953,#1954,#1955,#1956,#1957,#1958,#1959,
    #1960,#1961,#1962,#1963,#1964,#1965,#1966,#1967,#1968,#1969,#1970,
    #1971,#1972,#1973,#1974,#1975,#1976,#1977,#1978,#1979,#1980,#1981,
    #1982,#1983,#1984,#1985,#1986,#1987,#1988,#1989,#1990,#1991,#1992,
    #1993),.UNSPECIFIED.,.F.,.F.,(9,7,7,7,7,7,7,7,7,7,9),(0.,
    0.117378714233,0.218893673024,0.318631317677,0.402332605811,
    0.452561155952,0.496926014025,0.638984019002,0.738273776043,
    0.845803629505,1.),.UNSPECIFIED.);
#1922 = CARTESIAN_POINT('',(-6.28318530718,-1.646373262577));
#1923 = CARTESIAN_POINT('',(-6.191016177653,-1.658105466189));
#1924 = CARTESIAN_POINT('',(-6.098803724749,-1.669846312356));
#1925 = CARTESIAN_POINT('',(-6.006614429639,-1.68158874962));
#1926 = CARTESIAN_POINT('',(-5.914442238071,-1.693332995789));
#1927 = CARTESIAN_POINT('',(-5.822268704256,-1.705077766947));
#1928 = CARTESIAN_POINT('',(-5.730076545386,-1.716820364431));
#1929 = CARTESIAN_POINT('',(-5.637861747768,-1.728559000166));
#1930 = CARTESIAN_POINT('',(-5.465986013753,-1.750426369346));
#1931 = CARTESIAN_POINT('',(-5.386254311898,-1.760565743747));
#1932 = CARTESIAN_POINT('',(-5.306532368186,-1.770699319355));
#1933 = CARTESIAN_POINT('',(-5.226822624385,-1.780828919549));
#1934 = CARTESIAN_POINT('',(-5.147112884213,-1.790959758108));
#1935 = CARTESIAN_POINT('',(-5.067390951666,-1.801097586507));
#1936 = CARTESIAN_POINT('',(-4.987659268824,-1.811245300727));
#1937 = CARTESIAN_POINT('',(-4.829635387499,-1.831374944352));
#1938 = CARTESIAN_POINT('',(-4.751299579479,-1.841362135807));
#1939 = CARTESIAN_POINT('',(-4.672972186024,-1.851357244495));
#1940 = CARTESIAN_POINT('',(-4.59465599893,-1.861357838637));
#1941 = CARTESIAN_POINT('',(-4.516340066598,-1.871360321975));
#1942 = CARTESIAN_POINT('',(-4.438013187652,-1.881359296353));
#1943 = CARTESIAN_POINT('',(-4.359677376422,-1.891348357059));
#1944 = CARTESIAN_POINT('',(-4.215637305355,-1.90969261708));
#1945 = CARTESIAN_POINT('',(-4.149906223907,-1.918054902791));
#1946 = CARTESIAN_POINT('',(-4.084178389216,-1.926406851607));
#1947 = CARTESIAN_POINT('',(-4.018453819952,-1.934749112183));
#1948 = CARTESIAN_POINT('',(-3.952727662401,-1.943085986353));
#1949 = CARTESIAN_POINT('',(-3.886995775136,-1.951424325323));
#1950 = CARTESIAN_POINT('',(-3.821260456121,-1.959770643968));
#1951 = CARTESIAN_POINT('',(-3.716095719082,-1.973140715218));
#1952 = CARTESIAN_POINT('',(-3.676655072192,-1.978158762939));
#1953 = CARTESIAN_POINT('',(-3.637214392168,-1.98318166769));
#1954 = CARTESIAN_POINT('',(-3.597773698663,-1.98820967218));
#1955 = CARTESIAN_POINT('',(-3.558333010423,-1.993242190559));
#1956 = CARTESIAN_POINT('',(-3.518892345279,-1.998277808411));
#1957 = CARTESIAN_POINT('',(-3.479451720156,-2.003314282761));
#1958 = CARTESIAN_POINT('',(-3.405174882745,-2.012795100831));
#1959 = CARTESIAN_POINT('',(-3.370337383017,-2.017239619934));
#1960 = CARTESIAN_POINT('',(-3.335500112543,-2.021679176931));
#1961 = CARTESIAN_POINT('',(-3.300663847604,-2.02611236972));
#1962 = CARTESIAN_POINT('',(-3.265828680102,-2.030539316547));
#1963 = CARTESIAN_POINT('',(-3.230994017559,-2.034961656002));
#1964 = CARTESIAN_POINT('',(-3.196158583117,-2.039382547026));
#1965 = CARTESIAN_POINT('',(-3.049767244892,-2.057972879605));
#1966 = CARTESIAN_POINT('',(-2.938096860601,-2.072166132308));
#1967 = CARTESIAN_POINT('',(-2.826495667983,-2.086412749609));
#1968 = CARTESIAN_POINT('',(-2.714935866489,-2.100701128252));
#1969 = CARTESIAN_POINT('',(-2.603374362671,-2.114963534572));
#1970 = CARTESIAN_POINT('',(-2.491769939356,-2.129196878385));
#1971 = CARTESIAN_POINT('',(-2.380098518896,-2.143407096647));
#1972 = CARTESIAN_POINT('',(-2.19058035868,-2.167494190312));
#1973 = CARTESIAN_POINT('',(-2.112593957664,-2.177397557466));
#1974 = CARTESIAN_POINT('',(-2.034616286174,-2.187295945825));
#1975 = CARTESIAN_POINT('',(-1.956649249357,-2.197195661675));
#1976 = CARTESIAN_POINT('',(-1.878681887038,-2.207103247643));
#1977 = CARTESIAN_POINT('',(-1.800703542672,-2.217022143266));
#1978 = CARTESIAN_POINT('',(-1.72271705299,-2.226951062764));
#1979 = CARTESIAN_POINT('',(-1.560316509496,-2.247641463169));
#1980 = CARTESIAN_POINT('',(-1.475850047454,-2.258410791533));
#1981 = CARTESIAN_POINT('',(-1.391398848462,-2.269183394775));
#1982 = CARTESIAN_POINT('',(-1.306960709342,-2.279954797353));
#1983 = CARTESIAN_POINT('',(-1.2225227564,-2.290721838196));
#1984 = CARTESIAN_POINT('',(-1.138072010063,-2.301484185199));
#1985 = CARTESIAN_POINT('',(-1.053605567971,-2.312242621306));
#1986 = CARTESIAN_POINT('',(-0.848087341202,-2.338409031874));
#1987 = CARTESIAN_POINT('',(-0.726826572706,-2.353839134988));
#1988 = CARTESIAN_POINT('',(-0.605674678035,-2.3692515356));
#1989 = CARTESIAN_POINT('',(-0.484581103079,-2.384662878818));
#1990 = CARTESIAN_POINT('',(-0.36348888388,-2.400089068582));
#1991 = CARTESIAN_POINT('',(-0.242338410392,-2.415528103845));
#1992 = CARTESIAN_POINT('',(-0.121082289414,-2.430975814515));
#1993 = CARTESIAN_POINT('',(0.,-2.446392146307));
#1994 = ( GEOMETRIC_REPRESENTATION_CONTEXT(2) 
PARAMETRIC_REPRESENTATION_CONTEXT() REPRESENTATION_CONTEXT('2D SPACE',''
  ) );
#1995 = ORIENTED_EDGE('',*,*,#1996,.F.);
#1996 = EDGE_CURVE('',#1997,#1762,#1999,.T.);
#1997 = VERTEX_POINT('',#1998);
#1998 = CARTESIAN_POINT('',(0.636379289588,12.5,0.));
#1999 = SURFACE_CURVE('',#2000,(#2066,#2135),.PCURVE_S1.);
#2000 = B_SPLINE_CURVE_WITH_KNOTS('',8,(#2001,#2002,#2003,#2004,#2005,
    #2006,#2007,#2008,#2009,#2010,#2011,#2012,#2013,#2014,#2015,#2016,
    #2017,#2018,#2019,#2020,#2021,#2022,#2023,#2024,#2025,#2026,#2027,
    #2028,#2029,#2030,#2031,#2032,#2033,#2034,#2035,#2036,#2037,#2038,
    #2039,#2040,#2041,#2042,#2043,#2044,#2045,#2046,#2047,#2048,#2049,
    #2050,#2051,#2052,#2053,#2054,#2055,#2056,#2057,#2058,#2059,#2060,
    #2061,#2062,#2063,#2064,#2065),.UNSPECIFIED.,.F.,.F.,(9,7,7,7,7,7,7,
    7,7,9),(0.,8.1369168074E-02,0.181767589126,0.274522191462,
    0.362681778624,0.517696478181,0.564107724516,0.706508288384,
    0.852708325204,1.),.UNSPECIFIED.);
#2001 = CARTESIAN_POINT('',(0.636379289588,12.5,0.));
#2002 = CARTESIAN_POINT('',(0.644521652618,12.5,-0.798593494626));
#2003 = CARTESIAN_POINT('',(0.652662048798,12.441691035668,
    -1.597275252339));
#2004 = CARTESIAN_POINT('',(0.660798575497,12.325051992794,
    -2.390933464888));
#2005 = CARTESIAN_POINT('',(0.668931386981,12.150623608363,
    -3.174597023557));
#2006 = CARTESIAN_POINT('',(0.677061895565,11.919430808488,
    -3.943421176586));
#2007 = CARTESIAN_POINT('',(0.685191897964,11.632953610872,
    -4.692685744922));
#2008 = CARTESIAN_POINT('',(0.693322626864,11.293146591814,
    -5.417805896321));
#2009 = CARTESIAN_POINT('',(0.711486393655,10.420511004457,
    -6.973802364366));
#2010 = CARTESIAN_POINT('',(0.721522991122,9.860959964243,
    -7.790048311548));
#2011 = CARTESIAN_POINT('',(0.731561311267,9.2285466689,-8.554572953503)
  );
#2012 = CARTESIAN_POINT('',(0.741601695006,8.528949084515,-9.25986650783
    ));
#2013 = CARTESIAN_POINT('',(0.751644772435,7.768637069231,
    -9.899247838253));
#2014 = CARTESIAN_POINT('',(0.76168988083,6.954799566772,-10.46681320797
    ));
#2015 = CARTESIAN_POINT('',(0.771734161194,6.095392195684,
    -10.95751572369));
#2016 = CARTESIAN_POINT('',(0.791046250762,4.371441719246,
    -11.74603060642));
#2017 = CARTESIAN_POINT('',(0.800319024326,3.511898261428,
    -12.05585526547));
#2018 = CARTESIAN_POINT('',(0.80958690794,2.627589241229,-12.29363299068
    ));
#2019 = CARTESIAN_POINT('',(0.818849093672,1.725591199013,
    -12.45713948693));
#2020 = CARTESIAN_POINT('',(0.828107253983,0.813108661669,
    -12.54497982403));
#2021 = CARTESIAN_POINT('',(0.837364431794,-0.102544947676,
    -12.55653579626));
#2022 = CARTESIAN_POINT('',(0.846623278416,-1.013951316744,
    -12.49202343795));
#2023 = CARTESIAN_POINT('',(0.864685246728,-2.768634067977,
    -12.22020191075));
#2024 = CARTESIAN_POINT('',(0.873491071302,-3.613329286919,
    -12.02008187293));
#2025 = CARTESIAN_POINT('',(0.882301286312,-4.441219744236,
    -11.75326775874));
#2026 = CARTESIAN_POINT('',(0.891117835943,-5.246181321232,
    -11.42146557763));
#2027 = CARTESIAN_POINT('',(0.899942302033,-6.022365618667,
    -11.02700645692));
#2028 = CARTESIAN_POINT('',(0.908774448118,-6.764191505129,
    -10.57280702348));
#2029 = CARTESIAN_POINT('',(0.917611440769,-7.466370456214,
    -10.06240388159));
#2030 = CARTESIAN_POINT('',(0.941984998208,-9.280242954276,
    -8.511273200523));
#2031 = CARTESIAN_POINT('',(0.95754746392,-10.30070553357,
    -7.360167950196));
#2032 = CARTESIAN_POINT('',(0.973077449879,-11.15572263948,
    -6.070649169529));
#2033 = CARTESIAN_POINT('',(0.988561317464,-11.82497732051,
    -4.671134020127));
#2034 = CARTESIAN_POINT('',(1.003979361194,-12.29284141283,
    -3.192051593102));
#2035 = CARTESIAN_POINT('',(1.019402007198,-12.54991894821,
    -1.666282638479));
#2036 = CARTESIAN_POINT('',(1.034900141768,-12.59158557919,
    -0.128490192717));
#2037 = CARTESIAN_POINT('',(1.055059185811,-12.37278378475,1.83621784486
    ));
#2038 = CARTESIAN_POINT('',(1.059708148962,-12.30351104529,
    2.286843718721));
#2039 = CARTESIAN_POINT('',(1.064360277454,-12.2154848072,2.734462377875
    ));
#2040 = CARTESIAN_POINT('',(1.069014216601,-12.10886119878,
    3.178153639201));
#2041 = CARTESIAN_POINT('',(1.073668140032,-11.98384811132,
    3.617015075426));
#2042 = CARTESIAN_POINT('',(1.078319749692,-11.84070519906,
    4.050162015121));
#2043 = CARTESIAN_POINT('',(1.082966275842,-11.6797438792,4.476727542707
    ));
#2044 = CARTESIAN_POINT('',(1.10183556372,-10.95390361589,6.181866619163
    ));
#2045 = CARTESIAN_POINT('',(1.116013233558,-10.2415733942,7.399259521199
    ));
#2046 = CARTESIAN_POINT('',(1.130199431822,-9.375091099238,8.52112523393
    ));
#2047 = CARTESIAN_POINT('',(1.144484359537,-8.370109503248,
    9.525403167986));
#2048 = CARTESIAN_POINT('',(1.15879150453,-7.244943586657,
    10.392919293046));
#2049 = CARTESIAN_POINT('',(1.173094954577,-6.020962599178,
    11.10797380587));
#2050 = CARTESIAN_POINT('',(1.187377751147,-4.722046900368,
    11.657860155232));
#2051 = CARTESIAN_POINT('',(1.216239320781,-1.994739093428,
    12.422965756152));
#2052 = CARTESIAN_POINT('',(1.23084830667,-0.560727871284,
    12.629730945655));
#2053 = CARTESIAN_POINT('',(1.245420617155,0.895602485894,
    12.646468334864));
#2054 = CARTESIAN_POINT('',(1.259982550184,2.345005712,12.471675641449)
  );
#2055 = CARTESIAN_POINT('',(1.274569462944,3.758925046981,
    12.108092196358));
#2056 = CARTESIAN_POINT('',(1.289188008351,5.109781805151,
    11.563535934569));
#2057 = CARTESIAN_POINT('',(1.303834791756,6.370829258955,
    10.849944068789));
#2058 = CARTESIAN_POINT('',(1.333214918181,8.67215612971,9.117747469704)
  );
#2059 = CARTESIAN_POINT('',(1.347985310723,9.713638028882,8.094706404706
    ));
#2060 = CARTESIAN_POINT('',(1.362742438364,10.615332143391,
    6.936733571989));
#2061 = CARTESIAN_POINT('',(1.377478864103,11.357944563439,
    5.666736859499));
#2062 = CARTESIAN_POINT('',(1.392198807042,11.926035460041,
    4.309668908438));
#2063 = CARTESIAN_POINT('',(1.406919634957,12.308954076568,2.8928643651)
  );
#2064 = CARTESIAN_POINT('',(1.421653151868,12.5,1.445529581898));
#2065 = CARTESIAN_POINT('',(1.436373262577,12.5,-3.552713678801E-15));
#2066 = PCURVE('',#212,#2067);
#2067 = DEFINITIONAL_REPRESENTATION('',(#2068),#2134);
#2068 = B_SPLINE_CURVE_WITH_KNOTS('',8,(#2069,#2070,#2071,#2072,#2073,
    #2074,#2075,#2076,#2077,#2078,#2079,#2080,#2081,#2082,#2083,#2084,
    #2085,#2086,#2087,#2088,#2089,#2090,#2091,#2092,#2093,#2094,#2095,
    #2096,#2097,#2098,#2099,#2100,#2101,#2102,#2103,#2104,#2105,#2106,
    #2107,#2108,#2109,#2110,#2111,#2112,#2113,#2114,#2115,#2116,#2117,
    #2118,#2119,#2120,#2121,#2122,#2123,#2124,#2125,#2126,#2127,#2128,
    #2129,#2130,#2131,#2132,#2133),.UNSPECIFIED.,.F.,.F.,(9,7,7,7,7,7,7,
    7,7,9),(0.,8.1369168074E-02,0.181767589126,0.274522191462,
    0.362681778624,0.517696478181,0.564107724516,0.706508288384,
    0.852708325204,1.),.UNSPECIFIED.);
#2069 = CARTESIAN_POINT('',(4.151883625178E-02,7.917386291068));
#2070 = CARTESIAN_POINT('',(4.152799564581E-02,7.981788994566));
#2071 = CARTESIAN_POINT('',(4.153389377927E-02,8.046198750055));
#2072 = CARTESIAN_POINT('',(4.153595830345E-02,8.110604464207));
#2073 = CARTESIAN_POINT('',(4.153448082457E-02,8.175005335415));
#2074 = CARTESIAN_POINT('',(4.153043470447E-02,8.239405792967));
#2075 = CARTESIAN_POINT('',(4.152518636934E-02,8.303810582827));
#2076 = CARTESIAN_POINT('',(4.152010012623E-02,8.368220000009));
#2077 = CARTESIAN_POINT('',(4.151102251331E-02,8.512092556228));
#2078 = CARTESIAN_POINT('',(4.150756078028E-02,8.591580203463));
#2079 = CARTESIAN_POINT('',(4.150741967786E-02,8.671058453378));
#2080 = CARTESIAN_POINT('',(4.151130144938E-02,8.750525133551));
#2081 = CARTESIAN_POINT('',(4.15182478445E-02,8.829991880538));
#2082 = CARTESIAN_POINT('',(4.152583598485E-02,8.909470255738));
#2083 = CARTESIAN_POINT('',(4.153116444307E-02,8.988957751602));
#2084 = CARTESIAN_POINT('',(4.153398308272E-02,9.141839497621));
#2085 = CARTESIAN_POINT('',(4.153201654362E-02,9.215269283573));
#2086 = CARTESIAN_POINT('',(4.152537855969E-02,9.288692761587));
#2087 = CARTESIAN_POINT('',(4.151335163573E-02,9.362108512446));
#2088 = CARTESIAN_POINT('',(4.149669614155E-02,9.435524502639));
#2089 = CARTESIAN_POINT('',(4.147775030222E-02,9.508948602988));
#2090 = CARTESIAN_POINT('',(4.145978617653E-02,9.582379105433));
#2091 = CARTESIAN_POINT('',(4.143215877568E-02,9.725574373164));
#2092 = CARTESIAN_POINT('',(4.142214794675E-02,9.795362949341));
#2093 = CARTESIAN_POINT('',(4.141793958554E-02,9.865146032364));
#2094 = CARTESIAN_POINT('',(4.142185022772E-02,9.934922944388));
#2095 = CARTESIAN_POINT('',(4.143475985138E-02,10.004700104678));
#2096 = CARTESIAN_POINT('',(4.145548936913E-02,10.074483820768));
#2097 = CARTESIAN_POINT('',(4.148095825718E-02,10.144273029975));
#2098 = CARTESIAN_POINT('',(4.155312769279E-02,10.336747265437));
#2099 = CARTESIAN_POINT('',(4.160162596228E-02,10.459624887381));
#2100 = CARTESIAN_POINT('',(4.162931301675E-02,10.582389728885));
#2101 = CARTESIAN_POINT('',(4.161289880487E-02,10.705095380059));
#2102 = CARTESIAN_POINT('',(4.152105545984E-02,10.827803159299));
#2103 = CARTESIAN_POINT('',(4.142515295354E-02,10.950575541491));
#2104 = CARTESIAN_POINT('',(4.139927925081E-02,11.073459787199));
#2105 = CARTESIAN_POINT('',(4.142553913959E-02,11.232884588483));
#2106 = CARTESIAN_POINT('',(4.143593783145E-02,11.269620094718));
#2107 = CARTESIAN_POINT('',(4.144983454839E-02,11.306356394277));
#2108 = CARTESIAN_POINT('',(4.146578939791E-02,11.343092749909));
#2109 = CARTESIAN_POINT('',(4.148177263036E-02,11.379828782165));
#2110 = CARTESIAN_POINT('',(4.149516463887E-02,11.416564469391));
#2111 = CARTESIAN_POINT('',(4.150275595942E-02,11.453300147733));
#2112 = CARTESIAN_POINT('',(4.149458414396E-02,11.60275227027));
#2113 = CARTESIAN_POINT('',(4.141134927698E-02,11.715579811735));
#2114 = CARTESIAN_POINT('',(4.134694354229E-02,11.828344259675));
#2115 = CARTESIAN_POINT('',(4.140109950175E-02,11.941067881964));
#2116 = CARTESIAN_POINT('',(4.148065771679E-02,12.053791179566));
#2117 = CARTESIAN_POINT('',(4.154985421659E-02,12.166557101584));
#2118 = CARTESIAN_POINT('',(4.158528106159E-02,12.279393771041));
#2119 = CARTESIAN_POINT('',(4.15955997428E-02,12.507830419536));
#2120 = CARTESIAN_POINT('',(4.156869876729E-02,12.623682042501));
#2121 = CARTESIAN_POINT('',(4.151155178342E-02,12.739453118607));
#2122 = CARTESIAN_POINT('',(4.14493039449E-02,12.855177419767));
#2123 = CARTESIAN_POINT('',(4.141531569507E-02,12.970903450126));
#2124 = CARTESIAN_POINT('',(4.141021300624E-02,13.086679540696));
#2125 = CARTESIAN_POINT('',(4.142506393107E-02,13.202540778251));
#2126 = CARTESIAN_POINT('',(4.147173012934E-02,13.43483089265));
#2127 = CARTESIAN_POINT('',(4.150374378744E-02,13.551551728671));
#2128 = CARTESIAN_POINT('',(4.153292513957E-02,13.668187189898));
#2129 = CARTESIAN_POINT('',(4.154557930105E-02,13.784773400273));
#2130 = CARTESIAN_POINT('',(4.153934855918E-02,13.90136012003));
#2131 = CARTESIAN_POINT('',(4.152683645313E-02,14.017997421593));
#2132 = CARTESIAN_POINT('',(4.151657578043E-02,14.134719567322));
#2133 = CARTESIAN_POINT('',(4.151191409941E-02,14.251296728608));
#2134 = ( GEOMETRIC_REPRESENTATION_CONTEXT(2) 
PARAMETRIC_REPRESENTATION_CONTEXT() REPRESENTATION_CONTEXT('2D SPACE',''
  ) );
#2135 = PCURVE('',#2136,#2141);
#2136 = CYLINDRICAL_SURFACE('',#2137,12.5);
#2137 = AXIS2_PLACEMENT_3D('',#2138,#2139,#2140);
#2138 = CARTESIAN_POINT('',(-0.21,0.,0.));
#2139 = DIRECTION('',(-1.,-0.,-0.));
#2140 = DIRECTION('',(0.,1.,0.));
#2141 = DEFINITIONAL_REPRESENTATION('',(#2142),#2208);
#2142 = B_SPLINE_CURVE_WITH_KNOTS('',8,(#2143,#2144,#2145,#2146,#2147,
    #2148,#2149,#2150,#2151,#2152,#2153,#2154,#2155,#2156,#2157,#2158,
    #2159,#2160,#2161,#2162,#2163,#2164,#2165,#2166,#2167,#2168,#2169,
    #2170,#2171,#2172,#2173,#2174,#2175,#2176,#2177,#2178,#2179,#2180,
    #2181,#2182,#2183,#2184,#2185,#2186,#2187,#2188,#2189,#2190,#2191,
    #2192,#2193,#2194,#2195,#2196,#2197,#2198,#2199,#2200,#2201,#2202,
    #2203,#2204,#2205,#2206,#2207),.UNSPECIFIED.,.F.,.F.,(9,7,7,7,7,7,7,
    7,7,9),(0.,8.1369168074E-02,0.181767589126,0.274522191462,
    0.362681778624,0.517696478181,0.564107724516,0.706508288384,
    0.852708325204,1.),.UNSPECIFIED.);
#2143 = CARTESIAN_POINT('',(-6.28318530718,-0.846379289588));
#2144 = CARTESIAN_POINT('',(-6.21929782761,-0.854521652618));
#2145 = CARTESIAN_POINT('',(-6.155403400458,-0.862662048798));
#2146 = CARTESIAN_POINT('',(-6.091513094988,-0.870798575497));
#2147 = CARTESIAN_POINT('',(-6.02762776896,-0.878931386981));
#2148 = CARTESIAN_POINT('',(-5.963743066767,-0.887061895565));
#2149 = CARTESIAN_POINT('',(-5.899854283698,-0.895191897964));
#2150 = CARTESIAN_POINT('',(-5.835961096319,-0.903322626864));
#2151 = CARTESIAN_POINT('',(-5.693241951099,-0.921486393655));
#2152 = CARTESIAN_POINT('',(-5.614391750147,-0.931522991122));
#2153 = CARTESIAN_POINT('',(-5.535550981905,-0.941561311267));
#2154 = CARTESIAN_POINT('',(-5.456721643508,-0.951601695006));
#2155 = CARTESIAN_POINT('',(-5.377892037641,-0.961644772435));
#2156 = CARTESIAN_POINT('',(-5.299050592891,-0.97168988083));
#2157 = CARTESIAN_POINT('',(-5.220199770277,-0.981734161194));
#2158 = CARTESIAN_POINT('',(-5.068542030022,-1.001046250762));
#2159 = CARTESIAN_POINT('',(-4.99569990187,-1.010319024326));
#2160 = CARTESIAN_POINT('',(-4.922863825763,-1.01958690794));
#2161 = CARTESIAN_POINT('',(-4.850035301409,-1.028849093672));
#2162 = CARTESIAN_POINT('',(-4.77720654206,-1.038107253983));
#2163 = CARTESIAN_POINT('',(-4.704369847421,-1.047364431794));
#2164 = CARTESIAN_POINT('',(-4.631526981298,-1.056623278416));
#2165 = CARTESIAN_POINT('',(-4.489478009458,-1.074685246728));
#2166 = CARTESIAN_POINT('',(-4.420248265821,-1.083491071302));
#2167 = CARTESIAN_POINT('',(-4.351024149135,-1.092301286312));
#2168 = CARTESIAN_POINT('',(-4.28180629202,-1.101117835943));
#2169 = CARTESIAN_POINT('',(-4.212588247565,-1.109942302033));
#2170 = CARTESIAN_POINT('',(-4.143363664058,-1.118774448118));
#2171 = CARTESIAN_POINT('',(-4.074133520563,-1.127611440769));
#2172 = CARTESIAN_POINT('',(-3.883200823244,-1.151984998208));
#2173 = CARTESIAN_POINT('',(-3.761306965419,-1.16754746392));
#2174 = CARTESIAN_POINT('',(-3.639524519023,-1.183077449879));
#2175 = CARTESIAN_POINT('',(-3.517800844842,-1.198561317464));
#2176 = CARTESIAN_POINT('',(-3.396076133229,-1.213979361194));
#2177 = CARTESIAN_POINT('',(-3.274290478876,-1.229402007198));
#2178 = CARTESIAN_POINT('',(-3.152392422178,-1.244900141768));
#2179 = CARTESIAN_POINT('',(-2.994244098923,-1.265059185811));
#2180 = CARTESIAN_POINT('',(-2.957802459489,-1.269708148962));
#2181 = CARTESIAN_POINT('',(-2.921359810343,-1.274360277454));
#2182 = CARTESIAN_POINT('',(-2.884916950834,-1.279014216601));
#2183 = CARTESIAN_POINT('',(-2.848474350099,-1.283668140032));
#2184 = CARTESIAN_POINT('',(-2.812032147063,-1.288319749692));
#2185 = CARTESIAN_POINT('',(-2.775590150437,-1.292966275842));
#2186 = CARTESIAN_POINT('',(-2.627334298983,-1.31183556372));
#2187 = CARTESIAN_POINT('',(-2.515404271149,-1.326013233558));
#2188 = CARTESIAN_POINT('',(-2.403543856541,-1.340199431822));
#2189 = CARTESIAN_POINT('',(-2.291726230716,-1.354484359536));
#2190 = CARTESIAN_POINT('',(-2.179907922042,-1.36879150453));
#2191 = CARTESIAN_POINT('',(-2.068046153076,-1.383094954577));
#2192 = CARTESIAN_POINT('',(-1.95611330759,-1.397377751147));
#2193 = CARTESIAN_POINT('',(-1.729505707303,-1.426239320781));
#2194 = CARTESIAN_POINT('',(-1.614581299701,-1.44084830667));
#2195 = CARTESIAN_POINT('',(-1.499736929022,-1.455420617155));
#2196 = CARTESIAN_POINT('',(-1.384939773891,-1.469982550184));
#2197 = CARTESIAN_POINT('',(-1.270141345524,-1.484569462943));
#2198 = CARTESIAN_POINT('',(-1.155292974984,-1.499188008351));
#2199 = CARTESIAN_POINT('',(-1.040359630145,-1.513834791756));
#2200 = CARTESIAN_POINT('',(-0.809928931857,-1.543214918181));
#2201 = CARTESIAN_POINT('',(-0.694141950363,-1.557985310723));
#2202 = CARTESIAN_POINT('',(-0.578439260676,-1.572742438364));
#2203 = CARTESIAN_POINT('',(-0.46278540944,-1.587478864103));
#2204 = CARTESIAN_POINT('',(-0.347131747984,-1.602198807042));
#2205 = CARTESIAN_POINT('',(-0.231428816183,-1.616919634957));
#2206 = CARTESIAN_POINT('',(-0.115642366552,-1.631653151868));
#2207 = CARTESIAN_POINT('',(0.,-1.646373262577));
#2208 = ( GEOMETRIC_REPRESENTATION_CONTEXT(2) 
PARAMETRIC_REPRESENTATION_CONTEXT() REPRESENTATION_CONTEXT('2D SPACE',''
  ) );
#2209 = ORIENTED_EDGE('',*,*,#2210,.F.);
#2210 = EDGE_CURVE('',#119,#1997,#2211,.T.);
#2211 = SURFACE_CURVE('',#2212,(#2278,#2347),.PCURVE_S1.);
#2212 = B_SPLINE_CURVE_WITH_KNOTS('',8,(#2213,#2214,#2215,#2216,#2217,
    #2218,#2219,#2220,#2221,#2222,#2223,#2224,#2225,#2226,#2227,#2228,
    #2229,#2230,#2231,#2232,#2233,#2234,#2235,#2236,#2237,#2238,#2239,
    #2240,#2241,#2242,#2243,#2244,#2245,#2246,#2247,#2248,#2249,#2250,
    #2251,#2252,#2253,#2254,#2255,#2256,#2257,#2258,#2259,#2260,#2261,
    #2262,#2263,#2264,#2265,#2266,#2267,#2268,#2269,#2270,#2271,#2272,
    #2273,#2274,#2275,#2276,#2277),.UNSPECIFIED.,.F.,.F.,(9,7,7,7,7,7,7,
    7,7,9),(0.,0.124641400542,0.252242089134,0.38431832488,
    0.501605218646,0.564261477304,0.606354315289,0.783396705626,
    0.892781144225,1.),.UNSPECIFIED.);
#2213 = CARTESIAN_POINT('',(-5.999999999895E-07,3.522467849586,
    -11.99342404189));
#2214 = CARTESIAN_POINT('',(9.913709748982E-03,2.588613019711,
    -12.26769714665));
#2215 = CARTESIAN_POINT('',(1.98332885685E-02,1.63009514066,
    -12.45894328109));
#2216 = CARTESIAN_POINT('',(2.975447610418E-02,0.655892600947,
    -12.56444495053));
#2217 = CARTESIAN_POINT('',(3.967544846406E-02,-0.325014402814,
    -12.58283078147));
#2218 = CARTESIAN_POINT('',(4.959524415975E-02,-1.303656520845,
    -12.51382747601));
#2219 = CARTESIAN_POINT('',(5.951288396379E-02,-2.271092199896,
    -12.35817608406));
#2220 = CARTESIAN_POINT('',(6.942658468295E-02,-3.218428927722,
    -12.11771259357));
#2221 = CARTESIAN_POINT('',(8.947475283847E-02,-5.077074123457,
    -11.46586565679));
#2222 = CARTESIAN_POINT('',(9.961449907444E-02,-5.987525483234,
    -11.05037278672));
#2223 = CARTESIAN_POINT('',(0.109748339605,-6.858669441874,
    -10.55239006296));
#2224 = CARTESIAN_POINT('',(0.119877984539,-7.681845591474,
    -9.976374259539));
#2225 = CARTESIAN_POINT('',(0.130008579849,-8.44910933446,
    -9.327745363685));
#2226 = CARTESIAN_POINT('',(0.140145891251,-9.153190313235,
    -8.61279899623));
#2227 = CARTESIAN_POINT('',(0.150292912177,-9.787566461031,
    -7.838768978372));
#2228 = CARTESIAN_POINT('',(0.170954991633,-10.92535066494,
    -6.160384047821));
#2229 = CARTESIAN_POINT('',(0.181477231836,-11.4237591678,
    -5.251859894946));
#2230 = CARTESIAN_POINT('',(0.192007835356,-11.83548063544,
    -4.297692455053));
#2231 = CARTESIAN_POINT('',(0.202544747051,-12.15580605473,
    -3.30762504579));
#2232 = CARTESIAN_POINT('',(0.213083555296,-12.38129844466,
    -2.291758648622));
#2233 = CARTESIAN_POINT('',(0.223616772428,-12.50980940714,
    -1.260539294512));
#2234 = CARTESIAN_POINT('',(0.234138489737,-12.54046225434,
    -0.224734129703));
#2235 = CARTESIAN_POINT('',(0.25397023719,-12.41514088132,1.718457467275
    ));
#2236 = CARTESIAN_POINT('',(0.26328854994,-12.27965065476,2.627683069738
    ));
#2237 = CARTESIAN_POINT('',(0.272593870695,-12.06806294429,
    3.524401506446));
#2238 = CARTESIAN_POINT('',(0.281888211639,-11.78180302041,
    4.401191844349));
#2239 = CARTESIAN_POINT('',(0.291179620835,-11.42310628212,
    5.250923302162));
#2240 = CARTESIAN_POINT('',(0.300479438832,-10.99495975042,
    6.066746064059));
#2241 = CARTESIAN_POINT('',(0.309796314373,-10.50115183271,
    6.842122637782));
#2242 = CARTESIAN_POINT('',(0.324111547618,-9.650090578808,7.96022243621
    ));
#2243 = CARTESIAN_POINT('',(0.329100631214,-9.336332330594,
    8.336292231201));
#2244 = CARTESIAN_POINT('',(0.334094206746,-9.005852347029,
    8.698193937376));
#2245 = CARTESIAN_POINT('',(0.339091430922,-8.659398244674,
    9.045062930959));
#2246 = CARTESIAN_POINT('',(0.344090640382,-8.297768522995,
    9.376085169172));
#2247 = CARTESIAN_POINT('',(0.349089351702,-7.921812564361,
    9.690497190234));
#2248 = CARTESIAN_POINT('',(0.354084261392,-7.532430634046,
    9.987586113359));
#2249 = CARTESIAN_POINT('',(0.36242153101,-6.860604182165,
    10.454193005979));
#2250 = CARTESIAN_POINT('',(0.365767067221,-6.585039709306,
    10.633558411428));
#2251 = CARTESIAN_POINT('',(0.369109139773,-6.304139033382,
    10.804605869148));
#2252 = CARTESIAN_POINT('',(0.372448902166,-6.018176795886,
    10.967162026106));
#2253 = CARTESIAN_POINT('',(0.375787376149,-5.727443708081,
    11.12106016219));
#2254 = CARTESIAN_POINT('',(0.379125451723,-5.432246550993,
    11.266140190218));
#2255 = CARTESIAN_POINT('',(0.382463887141,-5.132908175417,
    11.402248655928));
#2256 = CARTESIAN_POINT('',(0.399848910015,-3.554758450143,
    12.063358762978));
#2257 = CARTESIAN_POINT('',(0.41392558559,-2.210940772426,
    12.436878437034));
#2258 = CARTESIAN_POINT('',(0.42805414476,-0.823914411526,
    12.638402327457));
#2259 = CARTESIAN_POINT('',(0.442218102916,0.580605257177,
    12.663119620846));
#2260 = CARTESIAN_POINT('',(0.45635461788,1.976986754819,12.509986400585
    ));
#2261 = CARTESIAN_POINT('',(0.470462012545,3.339780729411,
    12.182372046364));
#2262 = CARTESIAN_POINT('',(0.484547133295,4.643793438579,
    11.687431862404));
#2263 = CARTESIAN_POINT('',(0.507284717195,6.618799386129,
    10.638182915638));
#2264 = CARTESIAN_POINT('',(0.515963138198,7.341865278857,
    10.178524749339));
#2265 = CARTESIAN_POINT('',(0.524637909494,8.028201368063,9.662822581993
    ));
#2266 = CARTESIAN_POINT('',(0.533313112594,8.672771430858,9.094554849549
    ));
#2267 = CARTESIAN_POINT('',(0.541993055652,9.270983885902,8.477676833524
    ));
#2268 = CARTESIAN_POINT('',(0.550680462453,9.818670845088,7.816587553403
    ));
#2269 = CARTESIAN_POINT('',(0.559375448862,10.312119843036,
    7.116151942399));
#2270 = CARTESIAN_POINT('',(0.576602886015,11.175563998448,
    5.661943730873));
#2271 = CARTESIAN_POINT('',(0.585137585905,11.547934944906,
    4.909291041996));
#2272 = CARTESIAN_POINT('',(0.593676933542,11.862233033918,
    4.128876826877));
#2273 = CARTESIAN_POINT('',(0.602218828442,12.116095274523,
    3.325957354638));
#2274 = CARTESIAN_POINT('',(0.610761573067,12.307737358799,
    2.505955774439));
#2275 = CARTESIAN_POINT('',(0.619303718167,12.43592314505,1.674447019291
    ));
#2276 = CARTESIAN_POINT('',(0.627843702876,12.5,0.837160415822));
#2277 = CARTESIAN_POINT('',(0.636379289588,12.5,0.));
#2278 = PCURVE('',#212,#2279);
#2279 = DEFINITIONAL_REPRESENTATION('',(#2280),#2346);
#2280 = B_SPLINE_CURVE_WITH_KNOTS('',8,(#2281,#2282,#2283,#2284,#2285,
    #2286,#2287,#2288,#2289,#2290,#2291,#2292,#2293,#2294,#2295,#2296,
    #2297,#2298,#2299,#2300,#2301,#2302,#2303,#2304,#2305,#2306,#2307,
    #2308,#2309,#2310,#2311,#2312,#2313,#2314,#2315,#2316,#2317,#2318,
    #2319,#2320,#2321,#2322,#2323,#2324,#2325,#2326,#2327,#2328,#2329,
    #2330,#2331,#2332,#2333,#2334,#2335,#2336,#2337,#2338,#2339,#2340,
    #2341,#2342,#2343,#2344,#2345),.UNSPECIFIED.,.F.,.F.,(9,7,7,7,7,7,7,
    7,7,9),(0.,0.124641400542,0.252242089134,0.38431832488,
    0.501605218646,0.564261477304,0.606354315289,0.783396705626,
    0.892781144225,1.),.UNSPECIFIED.);
#2281 = CARTESIAN_POINT('',(4.150989893901E-02,2.878981998965));
#2282 = CARTESIAN_POINT('',(4.151019427812E-02,2.95747538285));
#2283 = CARTESIAN_POINT('',(4.151347148277E-02,3.035989797801));
#2284 = CARTESIAN_POINT('',(4.151977439459E-02,3.114495959339));
#2285 = CARTESIAN_POINT('',(4.152745818547E-02,3.192990837851));
#2286 = CARTESIAN_POINT('',(4.153394156651E-02,3.271484728228));
#2287 = CARTESIAN_POINT('',(4.153658586281E-02,3.349988182974));
#2288 = CARTESIAN_POINT('',(4.153370095381E-02,3.428498808787));
#2289 = CARTESIAN_POINT('',(4.151746472246E-02,3.587340565752));
#2290 = CARTESIAN_POINT('',(4.150386647418E-02,3.667715204232));
#2291 = CARTESIAN_POINT('',(4.148494987914E-02,3.748079980363));
#2292 = CARTESIAN_POINT('',(4.146299832432E-02,3.828432592989));
#2293 = CARTESIAN_POINT('',(4.144209563398E-02,3.908785453711));
#2294 = CARTESIAN_POINT('',(4.142704581852E-02,3.989150884709));
#2295 = CARTESIAN_POINT('',(4.142162897719E-02,4.069526362151));
#2296 = CARTESIAN_POINT('',(4.143091782601E-02,4.233051615635));
#2297 = CARTESIAN_POINT('',(4.144639258451E-02,4.316252916441));
#2298 = CARTESIAN_POINT('',(4.147330042721E-02,4.39944111707));
#2299 = CARTESIAN_POINT('',(4.150913865125E-02,4.48261730827));
#2300 = CARTESIAN_POINT('',(4.15472343717E-02,4.565792853693));
#2301 = CARTESIAN_POINT('',(4.157733453874E-02,4.648979599818));
#2302 = CARTESIAN_POINT('',(4.15922917027E-02,4.732180349871));
#2303 = CARTESIAN_POINT('',(4.158941468786E-02,4.88921593932));
#2304 = CARTESIAN_POINT('',(4.157507214186E-02,4.963092132514));
#2305 = CARTESIAN_POINT('',(4.154677428599E-02,5.036962276724));
#2306 = CARTESIAN_POINT('',(4.150703614408E-02,5.110824855916));
#2307 = CARTESIAN_POINT('',(4.1463879172E-02,5.184687942359));
#2308 = CARTESIAN_POINT('',(4.142912482107E-02,5.25855931411));
#2309 = CARTESIAN_POINT('',(4.14129562125E-02,5.332436802215));
#2310 = CARTESIAN_POINT('',(4.141570507885E-02,5.445756990578));
#2311 = CARTESIAN_POINT('',(4.142185122695E-02,5.485214863761));
#2312 = CARTESIAN_POINT('',(4.14331430735E-02,5.524672603414));
#2313 = CARTESIAN_POINT('',(4.144860673121E-02,5.564130288704));
#2314 = CARTESIAN_POINT('',(4.146633771912E-02,5.603587961727));
#2315 = CARTESIAN_POINT('',(4.148350096257E-02,5.643045627502));
#2316 = CARTESIAN_POINT('',(4.14963307932E-02,5.682503253979));
#2317 = CARTESIAN_POINT('',(4.150268391565E-02,5.748468561523));
#2318 = CARTESIAN_POINT('',(4.150036861631E-02,5.774972524519));
#2319 = CARTESIAN_POINT('',(4.149428971114E-02,5.80147517458));
#2320 = CARTESIAN_POINT('',(4.148551956584E-02,5.827978205749));
#2321 = CARTESIAN_POINT('',(4.147509825168E-02,5.854482492556));
#2322 = CARTESIAN_POINT('',(4.146403354546E-02,5.880988090015));
#2323 = CARTESIAN_POINT('',(4.145330092953E-02,5.90749423363));
#2324 = CARTESIAN_POINT('',(4.140406604851E-02,6.045479759912));
#2325 = CARTESIAN_POINT('',(4.138312052329E-02,6.157075574675));
#2326 = CARTESIAN_POINT('',(4.143048094857E-02,6.268608308713));
#2327 = CARTESIAN_POINT('',(4.152428447695E-02,6.38009911446));
#2328 = CARTESIAN_POINT('',(4.158682689983E-02,6.491589506978));
#2329 = CARTESIAN_POINT('',(4.161023406955E-02,6.603120834889));
#2330 = CARTESIAN_POINT('',(4.159879244286E-02,6.714717568408));
#2331 = CARTESIAN_POINT('',(4.155047726211E-02,6.895075009631));
#2332 = CARTESIAN_POINT('',(4.152494151552E-02,6.963962581617));
#2333 = CARTESIAN_POINT('',(4.149590252645E-02,7.032845560785));
#2334 = CARTESIAN_POINT('',(4.146818097904E-02,7.101722819477));
#2335 = CARTESIAN_POINT('',(4.144586688921E-02,7.170600093272));
#2336 = CARTESIAN_POINT('',(4.143124493517E-02,7.239483097866));
#2337 = CARTESIAN_POINT('',(4.142461520235E-02,7.30837066877));
#2338 = CARTESIAN_POINT('',(4.142539567983E-02,7.444761553452));
#2339 = CARTESIAN_POINT('',(4.143251589524E-02,7.512284686378));
#2340 = CARTESIAN_POINT('',(4.144553097822E-02,7.579803722853));
#2341 = CARTESIAN_POINT('',(4.14621982894E-02,7.647317590398));
#2342 = CARTESIAN_POINT('',(4.147983515971E-02,7.714831459437));
#2343 = CARTESIAN_POINT('',(4.14960490853E-02,7.782350453199));
#2344 = CARTESIAN_POINT('',(4.150923451802E-02,7.849873351878));
#2345 = CARTESIAN_POINT('',(4.151883625178E-02,7.917386291068));
#2346 = ( GEOMETRIC_REPRESENTATION_CONTEXT(2) 
PARAMETRIC_REPRESENTATION_CONTEXT() REPRESENTATION_CONTEXT('2D SPACE',''
  ) );
#2347 = PCURVE('',#428,#2348);
#2348 = DEFINITIONAL_REPRESENTATION('',(#2349),#2415);
#2349 = B_SPLINE_CURVE_WITH_KNOTS('',8,(#2350,#2351,#2352,#2353,#2354,
    #2355,#2356,#2357,#2358,#2359,#2360,#2361,#2362,#2363,#2364,#2365,
    #2366,#2367,#2368,#2369,#2370,#2371,#2372,#2373,#2374,#2375,#2376,
    #2377,#2378,#2379,#2380,#2381,#2382,#2383,#2384,#2385,#2386,#2387,
    #2388,#2389,#2390,#2391,#2392,#2393,#2394,#2395,#2396,#2397,#2398,
    #2399,#2400,#2401,#2402,#2403,#2404,#2405,#2406,#2407,#2408,#2409,
    #2410,#2411,#2412,#2413,#2414),.UNSPECIFIED.,.F.,.F.,(9,7,7,7,7,7,7,
    7,7,9),(0.,0.124641400542,0.252242089134,0.38431832488,
    0.501605218646,0.564261477304,0.606354315289,0.783396705626,
    0.892781144225,1.),.UNSPECIFIED.);
#2350 = CARTESIAN_POINT('',(-4.998055922998,-0.2099994));
#2351 = CARTESIAN_POINT('',(-4.920192017962,-0.219913709749));
#2352 = CARTESIAN_POINT('',(-4.842307253716,-0.229833288568));
#2353 = CARTESIAN_POINT('',(-4.764430518509,-0.239754476104));
#2354 = CARTESIAN_POINT('',(-4.686564702907,-0.249675448464));
#2355 = CARTESIAN_POINT('',(-4.608699537363,-0.25959524416));
#2356 = CARTESIAN_POINT('',(-4.530824559869,-0.269512883964));
#2357 = CARTESIAN_POINT('',(-4.452942213697,-0.279426584683));
#2358 = CARTESIAN_POINT('',(-4.295371325165,-0.299474752838));
#2359 = CARTESIAN_POINT('',(-4.21563961444,-0.309614499074));
#2360 = CARTESIAN_POINT('',(-4.135917661592,-0.319748339605));
#2361 = CARTESIAN_POINT('',(-4.056207908269,-0.329877984539));
#2362 = CARTESIAN_POINT('',(-3.976498158124,-0.340008579849));
#2363 = CARTESIAN_POINT('',(-3.896776215179,-0.350145891251));
#2364 = CARTESIAN_POINT('',(-3.817044521652,-0.360292912177));
#2365 = CARTESIAN_POINT('',(-3.654829279562,-0.380954991633));
#2366 = CARTESIAN_POINT('',(-3.572294628002,-0.391477231836));
#2367 = CARTESIAN_POINT('',(-3.489772976584,-0.402007835357));
#2368 = CARTESIAN_POINT('',(-3.407263093102,-0.412544747051));
#2369 = CARTESIAN_POINT('',(-3.324753573672,-0.423083555296));
#2370 = CARTESIAN_POINT('',(-3.242232706807,-0.433616772428));
#2371 = CARTESIAN_POINT('',(-3.159697926419,-0.444138489737));
#2372 = CARTESIAN_POINT('',(-3.003919642354,-0.46397023719));
#2373 = CARTESIAN_POINT('',(-2.930635088593,-0.47328854994));
#2374 = CARTESIAN_POINT('',(-2.857356780595,-0.482593870695));
#2375 = CARTESIAN_POINT('',(-2.784086426295,-0.491888211639));
#2376 = CARTESIAN_POINT('',(-2.710816029583,-0.501179620835));
#2377 = CARTESIAN_POINT('',(-2.637537590512,-0.510479438832));
#2378 = CARTESIAN_POINT('',(-2.564252775517,-0.519796314373));
#2379 = CARTESIAN_POINT('',(-2.451840607716,-0.534111547618));
#2380 = CARTESIAN_POINT('',(-2.4126987595,-0.539100631214));
#2381 = CARTESIAN_POINT('',(-2.373556749777,-0.544094206746));
#2382 = CARTESIAN_POINT('',(-2.334414457083,-0.549091430922));
#2383 = CARTESIAN_POINT('',(-2.295271901715,-0.554090640382));
#2384 = CARTESIAN_POINT('',(-2.256129245729,-0.559089351702));
#2385 = CARTESIAN_POINT('',(-2.216986792937,-0.564084261392));
#2386 = CARTESIAN_POINT('',(-2.151549297939,-0.57242153101));
#2387 = CARTESIAN_POINT('',(-2.125257431,-0.575767067221));
#2388 = CARTESIAN_POINT('',(-2.098966776024,-0.579109139773));
#2389 = CARTESIAN_POINT('',(-2.072675594314,-0.582448902166));
#2390 = CARTESIAN_POINT('',(-2.046383020548,-0.585787376149));
#2391 = CARTESIAN_POINT('',(-2.020089062781,-0.589125451723));
#2392 = CARTESIAN_POINT('',(-1.993794602439,-0.592463887141));
#2393 = CARTESIAN_POINT('',(-1.856912214873,-0.609848910015));
#2394 = CARTESIAN_POINT('',(-1.746210312538,-0.62392558559));
#2395 = CARTESIAN_POINT('',(-1.635574110207,-0.63805414476));
#2396 = CARTESIAN_POINT('',(-1.524978262527,-0.652218102916));
#2397 = CARTESIAN_POINT('',(-1.414381280452,-0.66635461788));
#2398 = CARTESIAN_POINT('',(-1.303742866922,-0.680462012545));
#2399 = CARTESIAN_POINT('',(-1.193039395968,-0.694547133295));
#2400 = CARTESIAN_POINT('',(-1.014125841957,-0.717284717195));
#2401 = CARTESIAN_POINT('',(-0.945789817834,-0.725963138198));
#2402 = CARTESIAN_POINT('',(-0.877458485423,-0.734637909494));
#2403 = CARTESIAN_POINT('',(-0.809132980951,-0.743313112594));
#2404 = CARTESIAN_POINT('',(-0.740807572865,-0.751993055652));
#2405 = CARTESIAN_POINT('',(-0.672476508506,-0.760680462453));
#2406 = CARTESIAN_POINT('',(-0.604140853017,-0.769375448862));
#2407 = CARTESIAN_POINT('',(-0.468842490408,-0.786602886015));
#2408 = CARTESIAN_POINT('',(-0.401860126407,-0.795137585905));
#2409 = CARTESIAN_POINT('',(-0.334881666802,-0.803676933542));
#2410 = CARTESIAN_POINT('',(-0.267908151157,-0.812218828442));
#2411 = CARTESIAN_POINT('',(-0.200934469097,-0.820761573067));
#2412 = CARTESIAN_POINT('',(-0.133955598532,-0.829303718167));
#2413 = CARTESIAN_POINT('',(-6.697283326577E-02,-0.837843702876));
#2414 = CARTESIAN_POINT('',(0.,-0.846379289588));
#2415 = ( GEOMETRIC_REPRESENTATION_CONTEXT(2) 
PARAMETRIC_REPRESENTATION_CONTEXT() REPRESENTATION_CONTEXT('2D SPACE',''
  ) );
#2416 = ORIENTED_EDGE('',*,*,#116,.F.);
#2417 = ORIENTED_EDGE('',*,*,#2418,.T.);
#2418 = EDGE_CURVE('',#117,#2419,#2421,.T.);
#2419 = VERTEX_POINT('',#2420);
#2420 = CARTESIAN_POINT('',(5.6,1.518977007819E-05,12.700036337741));
#2421 = SURFACE_CURVE('',#2422,(#2497,#2504),.PCURVE_S1.);
#2422 = B_SPLINE_CURVE_WITH_KNOTS('',10,(#2423,#2424,#2425,#2426,#2427,
    #2428,#2429,#2430,#2431,#2432,#2433,#2434,#2435,#2436,#2437,#2438,
    #2439,#2440,#2441,#2442,#2443,#2444,#2445,#2446,#2447,#2448,#2449,
    #2450,#2451,#2452,#2453,#2454,#2455,#2456,#2457,#2458,#2459,#2460,
    #2461,#2462,#2463,#2464,#2465,#2466,#2467,#2468,#2469,#2470,#2471,
    #2472,#2473,#2474,#2475,#2476,#2477,#2478,#2479,#2480,#2481,#2482,
    #2483,#2484,#2485,#2486,#2487,#2488,#2489,#2490,#2491,#2492,#2493,
    #2494,#2495,#2496),.UNSPECIFIED.,.F.,.F.,(11,9,9,9,9,9,9,9,11),(0.,
    5.74010606028,11.480212120561,17.220318180841,22.960424241121,
    28.700530301401,34.440636361682,40.180742421962,45.920848482242),
  .UNSPECIFIED.);
#2423 = CARTESIAN_POINT('',(-2.701850981834E-08,3.682950566741E-08,
    12.699999903209));
#2424 = CARTESIAN_POINT('',(7.250025491004E-02,7.231554225765,
    12.699999626304));
#2425 = CARTESIAN_POINT('',(0.144999189842,14.465168726381,
    8.125754816893));
#2426 = CARTESIAN_POINT('',(0.217501354638,18.425835949905,
    -1.032702167677));
#2427 = CARTESIAN_POINT('',(0.289998831773,15.93786849113,
    -12.07743902006));
#2428 = CARTESIAN_POINT('',(0.362500078873,6.029144622898,
    -19.87543032178));
#2429 = CARTESIAN_POINT('',(0.43500101684,-6.54198543951,-18.8966299804)
  );
#2430 = CARTESIAN_POINT('',(0.50749876592,-14.74678594173,
    -11.09550463288));
#2431 = CARTESIAN_POINT('',(0.580000721612,-16.54177487383,
    -1.280099960151));
#2432 = CARTESIAN_POINT('',(0.652499795232,-13.06855953418,
    6.542027921798));
#2433 = CARTESIAN_POINT('',(0.797500203785,-1.04292418902,14.57730007051
    ));
#2434 = CARTESIAN_POINT('',(0.86999926796,7.512920775043,14.79273530815)
  );
#2435 = CARTESIAN_POINT('',(0.942501257823,15.894261208843,
    9.378185574527));
#2436 = CARTESIAN_POINT('',(1.014998929921,19.961718995279,
    -1.187418302411));
#2437 = CARTESIAN_POINT('',(1.087499997702,16.055247956536,
    -13.17620299955));
#2438 = CARTESIAN_POINT('',(1.160001070756,5.058943051526,
    -19.34650601945));
#2439 = CARTESIAN_POINT('',(1.232498738215,-6.097172309242,
    -17.41845021638));
#2440 = CARTESIAN_POINT('',(1.305000731646,-13.04279770295,
    -10.25448194637));
#2441 = CARTESIAN_POINT('',(1.377499793453,-14.50066610707,
    -1.821005244483));
#2442 = CARTESIAN_POINT('',(1.522500204658,-8.965873767638,
    11.541164402668));
#2443 = CARTESIAN_POINT('',(1.594999266627,-1.971638078722,
    16.473665038224));
#2444 = CARTESIAN_POINT('',(1.667501259474,8.005354461016,
    16.628054725962));
#2445 = CARTESIAN_POINT('',(1.739998928248,17.25725701606,
    10.102834639421));
#2446 = CARTESIAN_POINT('',(1.812499999085,20.669756965265,
    -2.03579455233));
#2447 = CARTESIAN_POINT('',(1.885001069838,14.954700274632,
    -13.27543368871));
#2448 = CARTESIAN_POINT('',(1.957498738686,4.607558949667,-17.8703194893
    ));
#2449 = CARTESIAN_POINT('',(2.030000731475,-5.147605025049,
    -15.77248028724));
#2450 = CARTESIAN_POINT('',(2.102499793484,-11.04516691815,
    -9.570248972699));
#2451 = CARTESIAN_POINT('',(2.247500204643,-13.86677898204,
    4.614954913107));
#2452 = CARTESIAN_POINT('',(2.319999266649,-10.79163507287,
    12.601968455688));
#2453 = CARTESIAN_POINT('',(2.392501259446,-2.58184326873,
    18.273258859679));
#2454 = CARTESIAN_POINT('',(2.464998928276,8.736050605776,17.98781830246
    ));
#2455 = CARTESIAN_POINT('',(2.537499999061,18.317301664109,
    9.790800386518));
#2456 = CARTESIAN_POINT('',(2.610001069854,19.809814627328,
    -2.729733386002));
#2457 = CARTESIAN_POINT('',(2.682498738678,13.759262816349,
    -12.29880501817));
#2458 = CARTESIAN_POINT('',(2.755000731479,4.482643394016,
    -15.97419419274));
#2459 = CARTESIAN_POINT('',(2.827499793483,-3.866775203435,
    -14.09373716142));
#2460 = CARTESIAN_POINT('',(2.972500204644,-14.09373692053,
    -3.866774857889));
#2461 = CARTESIAN_POINT('',(3.044999266646,-15.97419518158,
    4.482642613981));
#2462 = CARTESIAN_POINT('',(3.117501259455,-12.29880290438,
    13.759264193175));
#2463 = CARTESIAN_POINT('',(3.189998928262,-2.729735795557,
    19.809813980768));
#2464 = CARTESIAN_POINT('',(3.262499999077,9.790802460882,
    18.317300555408));
#2465 = CARTESIAN_POINT('',(3.335001069841,17.987817501328,
    8.736052968368));
#2466 = CARTESIAN_POINT('',(3.407498738685,18.273258889279,
    -2.581845791152));
#2467 = CARTESIAN_POINT('',(3.480000731476,12.601968554879,
    -10.79163381734));
#2468 = CARTESIAN_POINT('',(3.552499793484,4.614954759629,
    -13.86677937431));
#2469 = CARTESIAN_POINT('',(3.697500204643,-9.570248964379,
    -11.04516649701));
#2470 = CARTESIAN_POINT('',(3.769999266651,-15.77248067608,
    -5.147606222987));
#2471 = CARTESIAN_POINT('',(3.842501259441,-17.87031849664,
    4.607561268793));
#2472 = CARTESIAN_POINT('',(3.914998928288,-13.27543533303,
    14.95469839839));
#2473 = CARTESIAN_POINT('',(3.987499999042,-2.03579221152,
    20.669757195835));
#2474 = CARTESIAN_POINT('',(4.060001069879,10.102832660635,
    17.257258535424));
#2475 = CARTESIAN_POINT('',(4.132498738652,16.628056152026,
    8.005352380129));
#2476 = CARTESIAN_POINT('',(4.2050007315,16.47366442311,-1.971636979668)
  );
#2477 = CARTESIAN_POINT('',(4.277499793468,11.541164493015,
    -8.965874179063));
#2478 = CARTESIAN_POINT('',(4.422500204674,-1.821005471594,
    -14.50066575228));
#2479 = CARTESIAN_POINT('',(4.494999266479,-10.25448160383,
    -13.04279891502));
#2480 = CARTESIAN_POINT('',(4.567501259915,-17.41845068031,
    -6.097169829482));
#2481 = CARTESIAN_POINT('',(4.639998927365,-19.3465063426,5.058940577978
    ));
#2482 = CARTESIAN_POINT('',(4.712500000431,-13.17620118384,
    16.055249448705));
#2483 = CARTESIAN_POINT('',(4.785001068201,-1.187420788786,
    19.961719159246));
#2484 = CARTESIAN_POINT('',(4.857498740306,9.378187913336,
    15.894260270928));
#2485 = CARTESIAN_POINT('',(4.930000730166,14.792734188519,
    7.512921347124));
#2486 = CARTESIAN_POINT('',(5.002499794342,14.577300372623,
    -1.042924480902));
#2487 = CARTESIAN_POINT('',(5.147500202894,6.542027539078,
    -13.06855936539));
#2488 = CARTESIAN_POINT('',(5.219999276515,-1.280099020139,
    -16.54177569117));
#2489 = CARTESIAN_POINT('',(5.292501232206,-11.09550634607,
    -14.74678413806));
#2490 = CARTESIAN_POINT('',(5.364998981287,-18.89662897262,
    -6.541987674866));
#2491 = CARTESIAN_POINT('',(5.437499919254,-19.8754294939,6.029146871033
    ));
#2492 = CARTESIAN_POINT('',(5.510001166352,-12.07744135647,
    15.937867247707));
#2493 = CARTESIAN_POINT('',(5.58249864349,-1.032699526399,
    18.425836467843));
#2494 = CARTESIAN_POINT('',(5.655000808284,8.12575342647,14.465168581301
    ));
#2495 = CARTESIAN_POINT('',(5.727499743216,12.700000132369,
    7.231554150078));
#2496 = CARTESIAN_POINT('',(5.800000025145,12.699999855788,
    -3.62971372958E-08));
#2497 = PCURVE('',#212,#2498);
#2498 = DEFINITIONAL_REPRESENTATION('',(#2499),#2503);
#2499 = LINE('',#2500,#2501);
#2500 = CARTESIAN_POINT('',(0.456508488421,0.));
#2501 = VECTOR('',#2502,1.);
#2502 = DIRECTION('',(0.,1.));
#2503 = ( GEOMETRIC_REPRESENTATION_CONTEXT(2) 
PARAMETRIC_REPRESENTATION_CONTEXT() REPRESENTATION_CONTEXT('2D SPACE',''
  ) );
#2504 = PCURVE('',#2505,#2654);
#2505 = B_SPLINE_SURFACE_WITH_KNOTS('',1,10,(
    (#2506,#2507,#2508,#2509,#2510,#2511,#2512,#2513,#2514,#2515,#2516
      ,#2517,#2518,#2519,#2520,#2521,#2522,#2523,#2524,#2525,#2526,#2527
      ,#2528,#2529,#2530,#2531,#2532,#2533,#2534,#2535,#2536,#2537,#2538
      ,#2539,#2540,#2541,#2542,#2543,#2544,#2545,#2546,#2547,#2548,#2549
      ,#2550,#2551,#2552,#2553,#2554,#2555,#2556,#2557,#2558,#2559,#2560
      ,#2561,#2562,#2563,#2564,#2565,#2566,#2567,#2568,#2569,#2570,#2571
      ,#2572,#2573,#2574,#2575,#2576,#2577,#2578,#2579)
    ,(#2580,#2581,#2582,#2583,#2584,#2585,#2586,#2587,#2588,#2589,#2590
      ,#2591,#2592,#2593,#2594,#2595,#2596,#2597,#2598,#2599,#2600,#2601
      ,#2602,#2603,#2604,#2605,#2606,#2607,#2608,#2609,#2610,#2611,#2612
      ,#2613,#2614,#2615,#2616,#2617,#2618,#2619,#2620,#2621,#2622,#2623
      ,#2624,#2625,#2626,#2627,#2628,#2629,#2630,#2631,#2632,#2633,#2634
      ,#2635,#2636,#2637,#2638,#2639,#2640,#2641,#2642,#2643,#2644,#2645
      ,#2646,#2647,#2648,#2649,#2650,#2651,#2652,#2653
  )),.UNSPECIFIED.,.F.,.F.,.F.,(2,2),(11,9,9,9,9,9,9,9,11),(0.,
    0.456508488421),(0.,5.74010606028,11.480212120561,17.220318180841,
    22.960424241121,28.700530301401,34.440636361682,40.180742421962,
    45.920848482242),.UNSPECIFIED.);
#2506 = CARTESIAN_POINT('',(-2.701851004039E-08,3.68295061115E-08,
    12.699999903209));
#2507 = CARTESIAN_POINT('',(7.250025491003E-02,7.231554225765,
    12.699999626304));
#2508 = CARTESIAN_POINT('',(0.144999189842,14.465168726381,
    8.125754816893));
#2509 = CARTESIAN_POINT('',(0.217501354638,18.425835949905,
    -1.032702167677));
#2510 = CARTESIAN_POINT('',(0.289998831773,15.937868491129,
    -12.07743902006));
#2511 = CARTESIAN_POINT('',(0.362500078873,6.029144622898,
    -19.87543032178));
#2512 = CARTESIAN_POINT('',(0.43500101684,-6.541985439511,-18.8966299804
    ));
#2513 = CARTESIAN_POINT('',(0.50749876592,-14.74678594173,
    -11.09550463288));
#2514 = CARTESIAN_POINT('',(0.580000721612,-16.54177487383,
    -1.280099960151));
#2515 = CARTESIAN_POINT('',(0.652499795232,-13.06855953418,
    6.542027921798));
#2516 = CARTESIAN_POINT('',(0.797500203785,-1.04292418902,14.57730007051
    ));
#2517 = CARTESIAN_POINT('',(0.86999926796,7.512920775043,14.79273530815)
  );
#2518 = CARTESIAN_POINT('',(0.942501257823,15.894261208844,
    9.378185574526));
#2519 = CARTESIAN_POINT('',(1.01499892992,19.961718995277,-1.18741830241
    ));
#2520 = CARTESIAN_POINT('',(1.087499997703,16.055247956538,
    -13.17620299955));
#2521 = CARTESIAN_POINT('',(1.160001070756,5.058943051524,
    -19.34650601945));
#2522 = CARTESIAN_POINT('',(1.232498738215,-6.097172309241,
    -17.41845021638));
#2523 = CARTESIAN_POINT('',(1.305000731646,-13.04279770295,
    -10.25448194637));
#2524 = CARTESIAN_POINT('',(1.377499793453,-14.50066610707,
    -1.821005244483));
#2525 = CARTESIAN_POINT('',(1.522500204658,-8.965873767638,
    11.541164402668));
#2526 = CARTESIAN_POINT('',(1.594999266627,-1.971638078721,
    16.473665038224));
#2527 = CARTESIAN_POINT('',(1.667501259474,8.005354461014,
    16.628054725961));
#2528 = CARTESIAN_POINT('',(1.739998928248,17.257257016063,
    10.102834639422));
#2529 = CARTESIAN_POINT('',(1.812499999085,20.669756965261,
    -2.035794552331));
#2530 = CARTESIAN_POINT('',(1.885001069838,14.954700274635,
    -13.27543368871));
#2531 = CARTESIAN_POINT('',(1.957498738686,4.607558949665,-17.8703194893
    ));
#2532 = CARTESIAN_POINT('',(2.030000731475,-5.147605025048,
    -15.77248028724));
#2533 = CARTESIAN_POINT('',(2.102499793484,-11.04516691815,
    -9.570248972699));
#2534 = CARTESIAN_POINT('',(2.247500204643,-13.86677898204,
    4.614954913107));
#2535 = CARTESIAN_POINT('',(2.319999266649,-10.79163507287,
    12.601968455688));
#2536 = CARTESIAN_POINT('',(2.392501259446,-2.58184326873,
    18.273258859679));
#2537 = CARTESIAN_POINT('',(2.464998928276,8.736050605776,
    17.987818302459));
#2538 = CARTESIAN_POINT('',(2.537499999061,18.31730166411,9.790800386519
    ));
#2539 = CARTESIAN_POINT('',(2.610001069854,19.809814627328,
    -2.729733386002));
#2540 = CARTESIAN_POINT('',(2.682498738678,13.759262816349,
    -12.29880501817));
#2541 = CARTESIAN_POINT('',(2.755000731478,4.482643394016,
    -15.97419419274));
#2542 = CARTESIAN_POINT('',(2.827499793483,-3.866775203435,
    -14.09373716142));
#2543 = CARTESIAN_POINT('',(2.972500204644,-14.09373692053,
    -3.866774857889));
#2544 = CARTESIAN_POINT('',(3.044999266646,-15.97419518158,4.48264261398
    ));
#2545 = CARTESIAN_POINT('',(3.117501259454,-12.29880290438,
    13.759264193176));
#2546 = CARTESIAN_POINT('',(3.189998928263,-2.729735795558,
    19.809813980766));
#2547 = CARTESIAN_POINT('',(3.262499999076,9.790802460883,18.31730055541
    ));
#2548 = CARTESIAN_POINT('',(3.335001069842,17.987817501327,
    8.736052968366));
#2549 = CARTESIAN_POINT('',(3.407498738685,18.273258889279,
    -2.581845791151));
#2550 = CARTESIAN_POINT('',(3.480000731476,12.601968554879,
    -10.79163381734));
#2551 = CARTESIAN_POINT('',(3.552499793483,4.614954759629,
    -13.86677937431));
#2552 = CARTESIAN_POINT('',(3.697500204643,-9.570248964379,
    -11.04516649701));
#2553 = CARTESIAN_POINT('',(3.769999266651,-15.77248067608,
    -5.147606222987));
#2554 = CARTESIAN_POINT('',(3.842501259441,-17.87031849664,
    4.607561268794));
#2555 = CARTESIAN_POINT('',(3.914998928288,-13.27543533303,
    14.954698398389));
#2556 = CARTESIAN_POINT('',(3.987499999043,-2.035792211521,
    20.669757195836));
#2557 = CARTESIAN_POINT('',(4.060001069878,10.102832660636,
    17.257258535423));
#2558 = CARTESIAN_POINT('',(4.132498738652,16.628056152026,8.00535238013
    ));
#2559 = CARTESIAN_POINT('',(4.2050007315,16.47366442311,-1.971636979668)
  );
#2560 = CARTESIAN_POINT('',(4.277499793468,11.541164493015,
    -8.965874179063));
#2561 = CARTESIAN_POINT('',(4.422500204673,-1.821005471594,
    -14.50066575228));
#2562 = CARTESIAN_POINT('',(4.49499926648,-10.25448160383,
    -13.04279891502));
#2563 = CARTESIAN_POINT('',(4.567501259915,-17.41845068031,
    -6.097169829482));
#2564 = CARTESIAN_POINT('',(4.639998927366,-19.3465063426,5.058940577979
    ));
#2565 = CARTESIAN_POINT('',(4.71250000043,-13.17620118384,
    16.055249448705));
#2566 = CARTESIAN_POINT('',(4.785001068201,-1.187420788787,
    19.961719159246));
#2567 = CARTESIAN_POINT('',(4.857498740306,9.378187913337,
    15.894260270927));
#2568 = CARTESIAN_POINT('',(4.930000730166,14.792734188519,
    7.512921347124));
#2569 = CARTESIAN_POINT('',(5.002499794342,14.577300372623,
    -1.042924480902));
#2570 = CARTESIAN_POINT('',(5.147500202894,6.542027539078,
    -13.06855936539));
#2571 = CARTESIAN_POINT('',(5.219999276515,-1.280099020139,
    -16.54177569117));
#2572 = CARTESIAN_POINT('',(5.292501232206,-11.09550634607,
    -14.74678413806));
#2573 = CARTESIAN_POINT('',(5.364998981288,-18.89662897262,
    -6.541987674866));
#2574 = CARTESIAN_POINT('',(5.437499919254,-19.8754294939,6.029146871033
    ));
#2575 = CARTESIAN_POINT('',(5.510001166353,-12.07744135647,
    15.937867247707));
#2576 = CARTESIAN_POINT('',(5.58249864349,-1.032699526399,
    18.425836467842));
#2577 = CARTESIAN_POINT('',(5.655000808285,8.12575342647,14.465168581301
    ));
#2578 = CARTESIAN_POINT('',(5.727499743216,12.700000132369,
    7.231554150078));
#2579 = CARTESIAN_POINT('',(5.800000025145,12.699999855788,
    -3.62971372958E-08));
#2580 = CARTESIAN_POINT('',(0.399999999139,3.41761285938E-10,
    12.479999950767));
#2581 = CARTESIAN_POINT('',(0.472499999138,7.106282518066,
    12.479999182803));
#2582 = CARTESIAN_POINT('',(0.544999999138,14.214593916541,
    7.984994754676));
#2583 = CARTESIAN_POINT('',(0.617499999139,18.106641811292,
    -1.014812716249));
#2584 = CARTESIAN_POINT('',(0.689999999137,15.661787410231,
    -11.86822770458));
#2585 = CARTESIAN_POINT('',(0.762499999141,5.92469765398,-19.53112242907
    ));
#2586 = CARTESIAN_POINT('',(0.834999999136,-6.428659098314,
    -18.56929707134));
#2587 = CARTESIAN_POINT('',(0.90749999914,-14.49132807121,-10.9032919676
    ));
#2588 = CARTESIAN_POINT('',(0.979999999138,-16.25522570163,
    -1.257928069692));
#2589 = CARTESIAN_POINT('',(1.052499999139,-12.84217471745,
    6.428702090873));
#2590 = CARTESIAN_POINT('',(1.197499999138,-1.024858162174,
    14.324779231447));
#2591 = CARTESIAN_POINT('',(1.269999999138,7.382777615963,
    14.536485571805));
#2592 = CARTESIAN_POINT('',(1.34249999914,15.618922035889,9.215725492179
    ));
#2593 = CARTESIAN_POINT('',(1.414999999136,19.615934487631,
    -1.166848027849));
#2594 = CARTESIAN_POINT('',(1.487499999142,15.777116176117,
    -12.9479489553));
#2595 = CARTESIAN_POINT('',(1.559999999135,4.971314095396,
    -19.01137799108));
#2596 = CARTESIAN_POINT('',(1.632499999141,-5.991554516414,
    -17.11670639614));
#2597 = CARTESIAN_POINT('',(1.704999999137,-12.81685880586,
    -10.0768485178));
#2598 = CARTESIAN_POINT('',(1.777499999139,-14.2494735548,-1.78945956115
    ));
#2599 = CARTESIAN_POINT('',(1.922499999138,-8.810559353003,
    11.341237943957));
#2600 = CARTESIAN_POINT('',(1.994999999139,-1.937483436386,
    16.188297506066));
#2601 = CARTESIAN_POINT('',(2.067499999137,7.866676293134,
    16.340003853333));
#2602 = CARTESIAN_POINT('',(2.13999999914,16.958319471591,9.927830620649
    ));
#2603 = CARTESIAN_POINT('',(2.212499999137,20.311687690505,
    -2.000529990778));
#2604 = CARTESIAN_POINT('',(2.284999999138,14.695652302691,
    -13.04546895509));
#2605 = CARTESIAN_POINT('',(2.357499999139,4.527737050883,-17.560750571)
  );
#2606 = CARTESIAN_POINT('',(2.429999999138,-5.058431543362,
    -15.49925856329));
#2607 = CARTESIAN_POINT('',(2.502499999139,-10.85383378671,
    -9.404464590862));
#2608 = CARTESIAN_POINT('',(2.647499999138,-13.62656657668,
    4.535010203546));
#2609 = CARTESIAN_POINT('',(2.719999999139,-10.60469481929,
    12.383669326929));
#2610 = CARTESIAN_POINT('',(2.792499999137,-2.537117460814,
    17.956707850287));
#2611 = CARTESIAN_POINT('',(2.86499999914,8.584720145089,17.676226977539
    ));
#2612 = CARTESIAN_POINT('',(2.937499999137,17.999986002347,
    9.621189167461));
#2613 = CARTESIAN_POINT('',(3.009999999139,19.466662549902,
    -2.682444040255));
#2614 = CARTESIAN_POINT('',(3.082499999138,13.520906057033,
    -12.08575454059));
#2615 = CARTESIAN_POINT('',(3.154999999139,4.404994577423,
    -15.69747649986));
#2616 = CARTESIAN_POINT('',(3.227499999138,-3.79979238647,
    -13.84959349332));
#2617 = CARTESIAN_POINT('',(3.372499999139,-13.84959270406,
    -3.799791592534));
#2618 = CARTESIAN_POINT('',(3.444999999135,-15.69747954358,
    4.404991962271));
#2619 = CARTESIAN_POINT('',(3.517499999147,-12.08574843617,
    13.520909975644));
#2620 = CARTESIAN_POINT('',(3.589999999124,-2.682451610032,
    19.46666056334));
#2621 = CARTESIAN_POINT('',(3.662499999156,9.621195075105,17.9999828447)
  );
#2622 = CARTESIAN_POINT('',(3.734999999124,17.676224423718,
    8.584727542734));
#2623 = CARTESIAN_POINT('',(3.807499999147,17.956707983542,
    -2.537124713476));
#2624 = CARTESIAN_POINT('',(3.879999999135,12.383669810338,
    -10.60469083565));
#2625 = CARTESIAN_POINT('',(3.952499999139,4.535009981901,
    -13.62656767401));
#2626 = CARTESIAN_POINT('',(4.097499999138,-9.404464375703,
    -10.8538326881));
#2627 = CARTESIAN_POINT('',(4.169999999138,-15.49925964117,
    -5.058435408774));
#2628 = CARTESIAN_POINT('',(4.242499999141,-17.56074767237,
    4.527743700507));
#2629 = CARTESIAN_POINT('',(4.314999999134,-13.04547414557,
    14.695646445405));
#2630 = CARTESIAN_POINT('',(4.387499999145,-2.000523324295,
    20.311688347105));
#2631 = CARTESIAN_POINT('',(4.459999999133,9.92782438713,16.9583242037)
  );
#2632 = CARTESIAN_POINT('',(4.532499999142,16.340007993663,
    7.866670336787));
#2633 = CARTESIAN_POINT('',(4.604999999137,16.188295694681,
    -1.937479855532));
#2634 = CARTESIAN_POINT('',(4.677499999139,11.34123836939,
    -8.810560388538));
#2635 = CARTESIAN_POINT('',(4.822499999139,-1.789459992778,
    -14.2494725218));
#2636 = CARTESIAN_POINT('',(4.894999999138,-10.07684726558,
    -12.81686261867));
#2637 = CARTESIAN_POINT('',(4.967499999141,-17.11670768292,
    -5.991547377058));
#2638 = CARTESIAN_POINT('',(5.039999999133,-19.01137904766,
    4.971306341559));
#2639 = CARTESIAN_POINT('',(5.112499999145,-12.94794378464,
    15.777120425779));
#2640 = CARTESIAN_POINT('',(5.184999999132,-1.166855830732,
    19.61593495904));
#2641 = CARTESIAN_POINT('',(5.257499999142,9.215732234912,
    15.618919383665));
#2642 = CARTESIAN_POINT('',(5.329999999137,14.536482083535,
    7.382779586928));
#2643 = CARTESIAN_POINT('',(5.402499999139,14.324780155745,
    -1.024858786792));
#2644 = CARTESIAN_POINT('',(5.547499999138,6.428701167759,
    -12.84217409843));
#2645 = CARTESIAN_POINT('',(5.619999999139,-1.257924964811,
    -16.25522817568));
#2646 = CARTESIAN_POINT('',(5.692499999137,-10.90329685322,
    -14.49132285129));
#2647 = CARTESIAN_POINT('',(5.764999999138,-18.56929393537,
    -6.428666129766));
#2648 = CARTESIAN_POINT('',(5.837499999141,-19.53112004924,
    5.924704056119));
#2649 = CARTESIAN_POINT('',(5.909999999135,-11.86823498827,
    15.661783471979));
#2650 = CARTESIAN_POINT('',(5.982499999142,-1.014805109699,
    18.106643347332));
#2651 = CARTESIAN_POINT('',(6.054999999137,7.984990334309,14.21459362122
    ));
#2652 = CARTESIAN_POINT('',(6.127499999139,12.480000576469,
    7.106282509701));
#2653 = CARTESIAN_POINT('',(6.199999999138,12.479999808502,
    -3.416036342685E-10));
#2654 = DEFINITIONAL_REPRESENTATION('',(#2655),#2658);
#2655 = B_SPLINE_CURVE_WITH_KNOTS('',1,(#2656,#2657),.UNSPECIFIED.,.F.,
  .F.,(2,2),(0.,45.920848482242),.PIECEWISE_BEZIER_KNOTS.);
#2656 = CARTESIAN_POINT('',(0.,0.));
#2657 = CARTESIAN_POINT('',(0.,45.920848482242));
#2658 = ( GEOMETRIC_REPRESENTATION_CONTEXT(2) 
PARAMETRIC_REPRESENTATION_CONTEXT() REPRESENTATION_CONTEXT('2D SPACE',''
  ) );
#2659 = ORIENTED_EDGE('',*,*,#2660,.T.);
#2660 = EDGE_CURVE('',#2419,#712,#2661,.T.);
#2661 = SURFACE_CURVE('',#2662,(#2685,#2711),.PCURVE_S1.);
#2662 = B_SPLINE_CURVE_WITH_KNOTS('',6,(#2663,#2664,#2665,#2666,#2667,
    #2668,#2669,#2670,#2671,#2672,#2673,#2674,#2675,#2676,#2677,#2678,
    #2679,#2680,#2681,#2682,#2683,#2684),.UNSPECIFIED.,.F.,.F.,(7,5,5,5,
    7),(0.,0.252814804442,0.501080890455,0.722867333164,1.),
  .UNSPECIFIED.);
#2663 = CARTESIAN_POINT('',(5.6,1.518977007997E-05,12.700036337741));
#2664 = CARTESIAN_POINT('',(5.6,0.836954478676,12.695418274272));
#2665 = CARTESIAN_POINT('',(5.6,1.673577081504,12.624608638448));
#2666 = CARTESIAN_POINT('',(5.6,2.503227190022,12.487593926014));
#2667 = CARTESIAN_POINT('',(5.6,3.319416978497,12.285279424309));
#2668 = CARTESIAN_POINT('',(5.6,4.115802481033,12.019333546511));
#2669 = CARTESIAN_POINT('',(5.6,5.642786167955,11.371248057944));
#2670 = CARTESIAN_POINT('',(5.6,6.374397206477,10.991248229872));
#2671 = CARTESIAN_POINT('',(5.6,7.075218458672,10.554779392793));
#2672 = CARTESIAN_POINT('',(5.6,7.739882602685,10.065002593803));
#2673 = CARTESIAN_POINT('',(5.6,8.363419994906,9.525687534733));
#2674 = CARTESIAN_POINT('',(5.6,9.457637945056,8.419305291181));
#2675 = CARTESIAN_POINT('',(5.6,9.937573068764,7.86128842384));
#2676 = CARTESIAN_POINT('',(5.6,10.377958066121,7.270469409954));
#2677 = CARTESIAN_POINT('',(5.6,10.77604027998,6.650357425829));
#2678 = CARTESIAN_POINT('',(5.6,11.129453183073,6.004739832696));
#2679 = CARTESIAN_POINT('',(5.6,11.819686479543,4.504259461226));
#2680 = CARTESIAN_POINT('',(5.6,12.130409944385,3.63727169257));
#2681 = CARTESIAN_POINT('',(5.6,12.364660771545,2.744827353974));
#2682 = CARTESIAN_POINT('',(5.6,12.520004025835,1.835319044036));
#2683 = CARTESIAN_POINT('',(5.6,12.59510261491,0.917393624759));
#2684 = CARTESIAN_POINT('',(5.6,12.589999872752,-1.80914820902E-08));
#2685 = PCURVE('',#212,#2686);
#2686 = DEFINITIONAL_REPRESENTATION('',(#2687),#2710);
#2687 = B_SPLINE_CURVE_WITH_KNOTS('',6,(#2688,#2689,#2690,#2691,#2692,
    #2693,#2694,#2695,#2696,#2697,#2698,#2699,#2700,#2701,#2702,#2703,
    #2704,#2705,#2706,#2707,#2708,#2709),.UNSPECIFIED.,.F.,.F.,(7,5,5,5,
    7),(0.,0.252814804442,0.501080890455,0.722867333164,1.),
  .UNSPECIFIED.);
#2688 = CARTESIAN_POINT('',(0.456508488421,44.337371003117));
#2689 = CARTESIAN_POINT('',(0.446932377476,44.403803750383));
#2690 = CARTESIAN_POINT('',(0.437351527806,44.470269367992));
#2691 = CARTESIAN_POINT('',(0.427767181014,44.536759242332));
#2692 = CARTESIAN_POINT('',(0.418178681765,44.603277920153));
#2693 = CARTESIAN_POINT('',(0.40858535234,44.669830104421));
#2694 = CARTESIAN_POINT('',(0.389564156181,44.80178660156));
#2695 = CARTESIAN_POINT('',(0.380135344401,44.867197470533));
#2696 = CARTESIAN_POINT('',(0.370703111188,44.932632076658));
#2697 = CARTESIAN_POINT('',(0.361266836739,44.998094721876));
#2698 = CARTESIAN_POINT('',(0.351825882264,45.063589839825));
#2699 = CARTESIAN_POINT('',(0.333944186582,45.187641267796));
#2700 = CARTESIAN_POINT('',(0.32550344422,45.246197584522));
#2701 = CARTESIAN_POINT('',(0.317059789544,45.304774110662));
#2702 = CARTESIAN_POINT('',(0.308612876478,45.363373246714));
#2703 = CARTESIAN_POINT('',(0.300162361633,45.421997372864));
#2704 = CARTESIAN_POINT('',(0.281145953626,45.553920728978));
#2705 = CARTESIAN_POINT('',(0.270576994551,45.62724122758));
#2706 = CARTESIAN_POINT('',(0.260004159502,45.700588604438));
#2707 = CARTESIAN_POINT('',(0.249426403042,45.773970097542));
#2708 = CARTESIAN_POINT('',(0.238842616755,45.847393372851));
#2709 = CARTESIAN_POINT('',(0.228254230353,45.920848482242));
#2710 = ( GEOMETRIC_REPRESENTATION_CONTEXT(2) 
PARAMETRIC_REPRESENTATION_CONTEXT() REPRESENTATION_CONTEXT('2D SPACE',''
  ) );
#2711 = PCURVE('',#2712,#2717);
#2712 = PLANE('',#2713);
#2713 = AXIS2_PLACEMENT_3D('',#2714,#2715,#2716);
#2714 = CARTESIAN_POINT('',(5.6,-14.7,-14.7));
#2715 = DIRECTION('',(1.,0.,0.));
#2716 = DIRECTION('',(0.,0.,1.));
#2717 = DEFINITIONAL_REPRESENTATION('',(#2718),#2741);
#2718 = B_SPLINE_CURVE_WITH_KNOTS('',6,(#2719,#2720,#2721,#2722,#2723,
    #2724,#2725,#2726,#2727,#2728,#2729,#2730,#2731,#2732,#2733,#2734,
    #2735,#2736,#2737,#2738,#2739,#2740),.UNSPECIFIED.,.F.,.F.,(7,5,5,5,
    7),(0.,0.252814804442,0.501080890455,0.722867333164,1.),
  .UNSPECIFIED.);
#2719 = CARTESIAN_POINT('',(27.400036337741,-14.70001518977));
#2720 = CARTESIAN_POINT('',(27.395418274272,-15.53695447867));
#2721 = CARTESIAN_POINT('',(27.324608638448,-16.3735770815));
#2722 = CARTESIAN_POINT('',(27.187593926014,-17.20322719002));
#2723 = CARTESIAN_POINT('',(26.985279424309,-18.01941697849));
#2724 = CARTESIAN_POINT('',(26.719333546511,-18.81580248103));
#2725 = CARTESIAN_POINT('',(26.071248057944,-20.34278616795));
#2726 = CARTESIAN_POINT('',(25.691248229872,-21.07439720647));
#2727 = CARTESIAN_POINT('',(25.254779392793,-21.77521845867));
#2728 = CARTESIAN_POINT('',(24.765002593803,-22.43988260268));
#2729 = CARTESIAN_POINT('',(24.225687534733,-23.0634199949));
#2730 = CARTESIAN_POINT('',(23.119305291181,-24.15763794505));
#2731 = CARTESIAN_POINT('',(22.56128842384,-24.63757306876));
#2732 = CARTESIAN_POINT('',(21.970469409954,-25.07795806612));
#2733 = CARTESIAN_POINT('',(21.350357425829,-25.47604027998));
#2734 = CARTESIAN_POINT('',(20.704739832696,-25.82945318307));
#2735 = CARTESIAN_POINT('',(19.204259461226,-26.51968647954));
#2736 = CARTESIAN_POINT('',(18.33727169257,-26.83040994438));
#2737 = CARTESIAN_POINT('',(17.444827353974,-27.06466077154));
#2738 = CARTESIAN_POINT('',(16.535319044036,-27.22000402583));
#2739 = CARTESIAN_POINT('',(15.617393624759,-27.29510261491));
#2740 = CARTESIAN_POINT('',(14.699999981909,-27.28999987275));
#2741 = ( GEOMETRIC_REPRESENTATION_CONTEXT(2) 
PARAMETRIC_REPRESENTATION_CONTEXT() REPRESENTATION_CONTEXT('2D SPACE',''
  ) );
#2742 = ADVANCED_FACE('',(#2743),#453,.T.);
#2743 = FACE_BOUND('',#2744,.T.);
#2744 = EDGE_LOOP('',(#2745,#2746,#2767));
#2745 = ORIENTED_EDGE('',*,*,#440,.T.);
#2746 = ORIENTED_EDGE('',*,*,#2747,.T.);
#2747 = EDGE_CURVE('',#117,#2748,#2750,.T.);
#2748 = VERTEX_POINT('',#2749);
#2749 = CARTESIAN_POINT('',(0.363636263022,3.658837879798E-09,12.5));
#2750 = SURFACE_CURVE('',#2751,(#2754,#2760),.PCURVE_S1.);
#2751 = B_SPLINE_CURVE_WITH_KNOTS('',1,(#2752,#2753),.UNSPECIFIED.,.F.,
  .F.,(2,2),(0.,0.456508488421),.PIECEWISE_BEZIER_KNOTS.);
#2752 = CARTESIAN_POINT('',(-2.701851004039E-08,3.68295061115E-08,
    12.699999903209));
#2753 = CARTESIAN_POINT('',(0.399999999139,3.41761285938E-10,
    12.479999950767));
#2754 = PCURVE('',#453,#2755);
#2755 = DEFINITIONAL_REPRESENTATION('',(#2756),#2759);
#2756 = B_SPLINE_CURVE_WITH_KNOTS('',1,(#2757,#2758),.UNSPECIFIED.,.F.,
  .F.,(2,2),(0.,0.456508488421),.PIECEWISE_BEZIER_KNOTS.);
#2757 = CARTESIAN_POINT('',(0.16137135311,-1.918633797551E-08));
#2758 = CARTESIAN_POINT('',(-5.86285993322E-02,0.400000006971));
#2759 = ( GEOMETRIC_REPRESENTATION_CONTEXT(2) 
PARAMETRIC_REPRESENTATION_CONTEXT() REPRESENTATION_CONTEXT('2D SPACE',''
  ) );
#2760 = PCURVE('',#2505,#2761);
#2761 = DEFINITIONAL_REPRESENTATION('',(#2762),#2766);
#2762 = LINE('',#2763,#2764);
#2763 = CARTESIAN_POINT('',(0.,0.));
#2764 = VECTOR('',#2765,1.);
#2765 = DIRECTION('',(1.,0.));
#2766 = ( GEOMETRIC_REPRESENTATION_CONTEXT(2) 
PARAMETRIC_REPRESENTATION_CONTEXT() REPRESENTATION_CONTEXT('2D SPACE',''
  ) );
#2767 = ORIENTED_EDGE('',*,*,#2768,.T.);
#2768 = EDGE_CURVE('',#2748,#408,#2769,.T.);
#2769 = SURFACE_CURVE('',#2770,(#2774,#2780),.PCURVE_S1.);
#2770 = LINE('',#2771,#2772);
#2771 = CARTESIAN_POINT('',(-0.21,3.332096042004E-09,12.5));
#2772 = VECTOR('',#2773,1.);
#2773 = DIRECTION('',(-1.,-0.,-0.));
#2774 = PCURVE('',#453,#2775);
#2775 = DEFINITIONAL_REPRESENTATION('',(#2776),#2779);
#2776 = B_SPLINE_CURVE_WITH_KNOTS('',1,(#2777,#2778),.UNSPECIFIED.,.F.,
  .F.,(2,2),(-0.669999999052,-0.2099994),.PIECEWISE_BEZIER_KNOTS.);
#2777 = CARTESIAN_POINT('',(-3.862855009968E-02,0.460000006885));
#2778 = CARTESIAN_POINT('',(-3.862855009968E-02,-5.921678279119E-07));
#2779 = ( GEOMETRIC_REPRESENTATION_CONTEXT(2) 
PARAMETRIC_REPRESENTATION_CONTEXT() REPRESENTATION_CONTEXT('2D SPACE',''
  ) );
#2780 = PCURVE('',#428,#2781);
#2781 = DEFINITIONAL_REPRESENTATION('',(#2782),#2785);
#2782 = B_SPLINE_CURVE_WITH_KNOTS('',1,(#2783,#2784),.UNSPECIFIED.,.F.,
  .F.,(2,2),(-0.669999999052,-0.2099994),.PIECEWISE_BEZIER_KNOTS.);
#2783 = CARTESIAN_POINT('',(-1.570796326528,-0.669999999052));
#2784 = CARTESIAN_POINT('',(-1.570796326528,-0.2099994));
#2785 = ( GEOMETRIC_REPRESENTATION_CONTEXT(2) 
PARAMETRIC_REPRESENTATION_CONTEXT() REPRESENTATION_CONTEXT('2D SPACE',''
  ) );
#2786 = ADVANCED_FACE('',(#2787),#428,.F.);
#2787 = FACE_BOUND('',#2788,.T.);
#2788 = EDGE_LOOP('',(#2789,#2790,#2791,#2792,#2854));
#2789 = ORIENTED_EDGE('',*,*,#2210,.F.);
#2790 = ORIENTED_EDGE('',*,*,#407,.T.);
#2791 = ORIENTED_EDGE('',*,*,#2768,.F.);
#2792 = ORIENTED_EDGE('',*,*,#2793,.T.);
#2793 = EDGE_CURVE('',#2748,#2794,#2796,.T.);
#2794 = VERTEX_POINT('',#2795);
#2795 = CARTESIAN_POINT('',(0.563701493971,12.5,0.));
#2796 = SURFACE_CURVE('',#2797,(#2814,#2834),.PCURVE_S1.);
#2797 = B_SPLINE_CURVE_WITH_KNOTS('',8,(#2798,#2799,#2800,#2801,#2802,
    #2803,#2804,#2805,#2806,#2807,#2808,#2809,#2810,#2811,#2812,#2813),
  .UNSPECIFIED.,.F.,.F.,(9,7,9),(0.,0.604684676518,1.),.UNSPECIFIED.);
#2798 = CARTESIAN_POINT('',(0.363636263022,3.658832761416E-09,12.5));
#2799 = CARTESIAN_POINT('',(0.37874758854,1.483577232371,12.499999999566
    ));
#2800 = CARTESIAN_POINT('',(0.393961179976,2.969180554203,
    12.298764494439));
#2801 = CARTESIAN_POINT('',(0.409145809534,4.421696868334,
    11.895342537427));
#2802 = CARTESIAN_POINT('',(0.424192459612,5.809609423183,
    11.297242530243));
#2803 = CARTESIAN_POINT('',(0.439227068854,7.103467765693,
    10.516242027103));
#2804 = CARTESIAN_POINT('',(0.45428607177,8.276566448405,9.569443320057)
  );
#2805 = CARTESIAN_POINT('',(0.46939512184,9.304453833469,8.478096706677)
  );
#2806 = CARTESIAN_POINT('',(0.494394331649,10.731655847107,
    6.482457295046));
#2807 = CARTESIAN_POINT('',(0.504292126696,11.226061329648,
    5.643284542693));
#2808 = CARTESIAN_POINT('',(0.514199292869,11.645205474454,
    4.761350370525));
#2809 = CARTESIAN_POINT('',(0.52411010235,11.984870688009,3.844608419669
    ));
#2810 = CARTESIAN_POINT('',(0.534018850801,12.241873161718,
    2.901348394223));
#2811 = CARTESIAN_POINT('',(0.543921702599,12.413982999652,
    1.940159434113));
#2812 = CARTESIAN_POINT('',(0.553817117626,12.5,0.969949459469));
#2813 = CARTESIAN_POINT('',(0.563701493971,12.5,3.31866536797E-16));
#2814 = PCURVE('',#428,#2815);
#2815 = DEFINITIONAL_REPRESENTATION('',(#2816),#2833);
#2816 = B_SPLINE_CURVE_WITH_KNOTS('',8,(#2817,#2818,#2819,#2820,#2821,
    #2822,#2823,#2824,#2825,#2826,#2827,#2828,#2829,#2830,#2831,#2832),
  .UNSPECIFIED.,.F.,.F.,(9,7,9),(0.,0.604684676518,1.),.UNSPECIFIED.);
#2817 = CARTESIAN_POINT('',(-1.570796326502,-0.573636263022));
#2818 = CARTESIAN_POINT('',(-1.452110148205,-0.58874758854));
#2819 = CARTESIAN_POINT('',(-1.333262291388,-0.603961179976));
#2820 = CARTESIAN_POINT('',(-1.214510922617,-0.619145809534));
#2821 = CARTESIAN_POINT('',(-1.09581365439,-0.634192459612));
#2822 = CARTESIAN_POINT('',(-0.977116120682,-0.649227068854));
#2823 = CARTESIAN_POINT('',(-0.858364007093,-0.66428607177));
#2824 = CARTESIAN_POINT('',(-0.739514075711,-0.67939512184));
#2825 = CARTESIAN_POINT('',(-0.543237010333,-0.704394331649));
#2826 = CARTESIAN_POINT('',(-0.465622545818,-0.714292126696));
#2827 = CARTESIAN_POINT('',(-0.388016156218,-0.724199292869));
#2828 = CARTESIAN_POINT('',(-0.310418013587,-0.73411010235));
#2829 = CARTESIAN_POINT('',(-0.232819811678,-0.744018850801));
#2830 = CARTESIAN_POINT('',(-0.155212762963,-0.753921702599));
#2831 = CARTESIAN_POINT('',(-7.759595675748E-02,-0.763817117626));
#2832 = CARTESIAN_POINT('',(0.,-0.773701493971));
#2833 = ( GEOMETRIC_REPRESENTATION_CONTEXT(2) 
PARAMETRIC_REPRESENTATION_CONTEXT() REPRESENTATION_CONTEXT('2D SPACE',''
  ) );
#2834 = PCURVE('',#2505,#2835);
#2835 = DEFINITIONAL_REPRESENTATION('',(#2836),#2853);
#2836 = B_SPLINE_CURVE_WITH_KNOTS('',8,(#2837,#2838,#2839,#2840,#2841,
    #2842,#2843,#2844,#2845,#2846,#2847,#2848,#2849,#2850,#2851,#2852),
  .UNSPECIFIED.,.F.,.F.,(9,7,9),(0.,0.604684676518,1.),.UNSPECIFIED.);
#2837 = CARTESIAN_POINT('',(0.415007605615,0.));
#2838 = CARTESIAN_POINT('',(0.41500729367,0.119644344093));
#2839 = CARTESIAN_POINT('',(0.415101265243,0.239444333442));
#2840 = CARTESIAN_POINT('',(0.415174899451,0.359156118667));
#2841 = CARTESIAN_POINT('',(0.415098612884,0.478815516184));
#2842 = CARTESIAN_POINT('',(0.415008786142,0.598473511107));
#2843 = CARTESIAN_POINT('',(0.414939066545,0.718185145668));
#2844 = CARTESIAN_POINT('',(0.414912378858,0.837994493405));
#2845 = CARTESIAN_POINT('',(0.414922081965,1.035855611983));
#2846 = CARTESIAN_POINT('',(0.414939946455,1.114096358582));
#2847 = CARTESIAN_POINT('',(0.414969670644,1.192329025056));
#2848 = CARTESIAN_POINT('',(0.415004720313,1.270553592525));
#2849 = CARTESIAN_POINT('',(0.415037376641,1.348778445849));
#2850 = CARTESIAN_POINT('',(0.415062000068,1.427012340586));
#2851 = CARTESIAN_POINT('',(0.415076718808,1.505256068226));
#2852 = CARTESIAN_POINT('',(0.415081883419,1.583478679056));
#2853 = ( GEOMETRIC_REPRESENTATION_CONTEXT(2) 
PARAMETRIC_REPRESENTATION_CONTEXT() REPRESENTATION_CONTEXT('2D SPACE',''
  ) );
#2854 = ORIENTED_EDGE('',*,*,#2855,.T.);
#2855 = EDGE_CURVE('',#2794,#1997,#2856,.T.);
#2856 = SURFACE_CURVE('',#2857,(#2861,#2868),.PCURVE_S1.);
#2857 = LINE('',#2858,#2859);
#2858 = CARTESIAN_POINT('',(-0.21,12.5,0.));
#2859 = VECTOR('',#2860,1.);
#2860 = DIRECTION('',(1.,0.,0.));
#2861 = PCURVE('',#428,#2862);
#2862 = DEFINITIONAL_REPRESENTATION('',(#2863),#2867);
#2863 = LINE('',#2864,#2865);
#2864 = CARTESIAN_POINT('',(-0.,0.));
#2865 = VECTOR('',#2866,1.);
#2866 = DIRECTION('',(-0.,-1.));
#2867 = ( GEOMETRIC_REPRESENTATION_CONTEXT(2) 
PARAMETRIC_REPRESENTATION_CONTEXT() REPRESENTATION_CONTEXT('2D SPACE',''
  ) );
#2868 = PCURVE('',#2136,#2869);
#2869 = DEFINITIONAL_REPRESENTATION('',(#2870),#2874);
#2870 = LINE('',#2871,#2872);
#2871 = CARTESIAN_POINT('',(-6.28318530718,0.));
#2872 = VECTOR('',#2873,1.);
#2873 = DIRECTION('',(-0.,-1.));
#2874 = ( GEOMETRIC_REPRESENTATION_CONTEXT(2) 
PARAMETRIC_REPRESENTATION_CONTEXT() REPRESENTATION_CONTEXT('2D SPACE',''
  ) );
#2875 = ADVANCED_FACE('',(#2876),#485,.F.);
#2876 = FACE_BOUND('',#2877,.F.);
#2877 = EDGE_LOOP('',(#2878,#2901,#2902,#2925));
#2878 = ORIENTED_EDGE('',*,*,#2879,.F.);
#2879 = EDGE_CURVE('',#468,#2880,#2882,.T.);
#2880 = VERTEX_POINT('',#2881);
#2881 = CARTESIAN_POINT('',(23.,-17.4,-19.5));
#2882 = SURFACE_CURVE('',#2883,(#2887,#2894),.PCURVE_S1.);
#2883 = LINE('',#2884,#2885);
#2884 = CARTESIAN_POINT('',(15.98,-17.4,-19.5));
#2885 = VECTOR('',#2886,1.);
#2886 = DIRECTION('',(1.,0.,0.));
#2887 = PCURVE('',#485,#2888);
#2888 = DEFINITIONAL_REPRESENTATION('',(#2889),#2893);
#2889 = LINE('',#2890,#2891);
#2890 = CARTESIAN_POINT('',(1.5,0.));
#2891 = VECTOR('',#2892,1.);
#2892 = DIRECTION('',(0.,1.));
#2893 = ( GEOMETRIC_REPRESENTATION_CONTEXT(2) 
PARAMETRIC_REPRESENTATION_CONTEXT() REPRESENTATION_CONTEXT('2D SPACE',''
  ) );
#2894 = PCURVE('',#514,#2895);
#2895 = DEFINITIONAL_REPRESENTATION('',(#2896),#2900);
#2896 = LINE('',#2897,#2898);
#2897 = CARTESIAN_POINT('',(0.,0.));
#2898 = VECTOR('',#2899,1.);
#2899 = DIRECTION('',(0.,1.));
#2900 = ( GEOMETRIC_REPRESENTATION_CONTEXT(2) 
PARAMETRIC_REPRESENTATION_CONTEXT() REPRESENTATION_CONTEXT('2D SPACE',''
  ) );
#2901 = ORIENTED_EDGE('',*,*,#467,.T.);
#2902 = ORIENTED_EDGE('',*,*,#2903,.F.);
#2903 = EDGE_CURVE('',#2904,#470,#2906,.T.);
#2904 = VERTEX_POINT('',#2905);
#2905 = CARTESIAN_POINT('',(23.,-17.4,19.5));
#2906 = SURFACE_CURVE('',#2907,(#2911,#2918),.PCURVE_S1.);
#2907 = LINE('',#2908,#2909);
#2908 = CARTESIAN_POINT('',(23.,-17.4,19.5));
#2909 = VECTOR('',#2910,1.);
#2910 = DIRECTION('',(-1.,0.,0.));
#2911 = PCURVE('',#485,#2912);
#2912 = DEFINITIONAL_REPRESENTATION('',(#2913),#2917);
#2913 = LINE('',#2914,#2915);
#2914 = CARTESIAN_POINT('',(40.5,7.02));
#2915 = VECTOR('',#2916,1.);
#2916 = DIRECTION('',(0.,-1.));
#2917 = ( GEOMETRIC_REPRESENTATION_CONTEXT(2) 
PARAMETRIC_REPRESENTATION_CONTEXT() REPRESENTATION_CONTEXT('2D SPACE',''
  ) );
#2918 = PCURVE('',#691,#2919);
#2919 = DEFINITIONAL_REPRESENTATION('',(#2920),#2924);
#2920 = LINE('',#2921,#2922);
#2921 = CARTESIAN_POINT('',(-0.,7.02));
#2922 = VECTOR('',#2923,1.);
#2923 = DIRECTION('',(-0.,-1.));
#2924 = ( GEOMETRIC_REPRESENTATION_CONTEXT(2) 
PARAMETRIC_REPRESENTATION_CONTEXT() REPRESENTATION_CONTEXT('2D SPACE',''
  ) );
#2925 = ORIENTED_EDGE('',*,*,#2926,.F.);
#2926 = EDGE_CURVE('',#2880,#2904,#2927,.T.);
#2927 = SURFACE_CURVE('',#2928,(#2932,#2939),.PCURVE_S1.);
#2928 = LINE('',#2929,#2930);
#2929 = CARTESIAN_POINT('',(23.,-17.4,-21.));
#2930 = VECTOR('',#2931,1.);
#2931 = DIRECTION('',(0.,0.,1.));
#2932 = PCURVE('',#485,#2933);
#2933 = DEFINITIONAL_REPRESENTATION('',(#2934),#2938);
#2934 = LINE('',#2935,#2936);
#2935 = CARTESIAN_POINT('',(0.,7.02));
#2936 = VECTOR('',#2937,1.);
#2937 = DIRECTION('',(1.,0.));
#2938 = ( GEOMETRIC_REPRESENTATION_CONTEXT(2) 
PARAMETRIC_REPRESENTATION_CONTEXT() REPRESENTATION_CONTEXT('2D SPACE',''
  ) );
#2939 = PCURVE('',#2940,#2945);
#2940 = PLANE('',#2941);
#2941 = AXIS2_PLACEMENT_3D('',#2942,#2943,#2944);
#2942 = CARTESIAN_POINT('',(23.,-17.4,-21.));
#2943 = DIRECTION('',(1.,0.,0.));
#2944 = DIRECTION('',(0.,0.,1.));
#2945 = DEFINITIONAL_REPRESENTATION('',(#2946),#2950);
#2946 = LINE('',#2947,#2948);
#2947 = CARTESIAN_POINT('',(0.,0.));
#2948 = VECTOR('',#2949,1.);
#2949 = DIRECTION('',(1.,0.));
#2950 = ( GEOMETRIC_REPRESENTATION_CONTEXT(2) 
PARAMETRIC_REPRESENTATION_CONTEXT() REPRESENTATION_CONTEXT('2D SPACE',''
  ) );
#2951 = ADVANCED_FACE('',(#2952),#514,.T.);
#2952 = FACE_BOUND('',#2953,.T.);
#2953 = EDGE_LOOP('',(#2954,#2955,#2978,#3000));
#2954 = ORIENTED_EDGE('',*,*,#497,.T.);
#2955 = ORIENTED_EDGE('',*,*,#2956,.T.);
#2956 = EDGE_CURVE('',#498,#2957,#2959,.T.);
#2957 = VERTEX_POINT('',#2958);
#2958 = CARTESIAN_POINT('',(23.,-15.9,-21.));
#2959 = SURFACE_CURVE('',#2960,(#2964,#2971),.PCURVE_S1.);
#2960 = LINE('',#2961,#2962);
#2961 = CARTESIAN_POINT('',(15.98,-15.9,-21.));
#2962 = VECTOR('',#2963,1.);
#2963 = DIRECTION('',(1.,0.,0.));
#2964 = PCURVE('',#514,#2965);
#2965 = DEFINITIONAL_REPRESENTATION('',(#2966),#2970);
#2966 = LINE('',#2967,#2968);
#2967 = CARTESIAN_POINT('',(1.570796326795,0.));
#2968 = VECTOR('',#2969,1.);
#2969 = DIRECTION('',(0.,1.));
#2970 = ( GEOMETRIC_REPRESENTATION_CONTEXT(2) 
PARAMETRIC_REPRESENTATION_CONTEXT() REPRESENTATION_CONTEXT('2D SPACE',''
  ) );
#2971 = PCURVE('',#542,#2972);
#2972 = DEFINITIONAL_REPRESENTATION('',(#2973),#2977);
#2973 = LINE('',#2974,#2975);
#2974 = CARTESIAN_POINT('',(0.,1.5));
#2975 = VECTOR('',#2976,1.);
#2976 = DIRECTION('',(1.,0.));
#2977 = ( GEOMETRIC_REPRESENTATION_CONTEXT(2) 
PARAMETRIC_REPRESENTATION_CONTEXT() REPRESENTATION_CONTEXT('2D SPACE',''
  ) );
#2978 = ORIENTED_EDGE('',*,*,#2979,.F.);
#2979 = EDGE_CURVE('',#2880,#2957,#2980,.T.);
#2980 = SURFACE_CURVE('',#2981,(#2986,#2993),.PCURVE_S1.);
#2981 = CIRCLE('',#2982,1.5);
#2982 = AXIS2_PLACEMENT_3D('',#2983,#2984,#2985);
#2983 = CARTESIAN_POINT('',(23.,-15.9,-19.5));
#2984 = DIRECTION('',(1.,0.,0.));
#2985 = DIRECTION('',(-0.,0.,1.));
#2986 = PCURVE('',#514,#2987);
#2987 = DEFINITIONAL_REPRESENTATION('',(#2988),#2992);
#2988 = LINE('',#2989,#2990);
#2989 = CARTESIAN_POINT('',(-1.570796326795,7.02));
#2990 = VECTOR('',#2991,1.);
#2991 = DIRECTION('',(1.,0.));
#2992 = ( GEOMETRIC_REPRESENTATION_CONTEXT(2) 
PARAMETRIC_REPRESENTATION_CONTEXT() REPRESENTATION_CONTEXT('2D SPACE',''
  ) );
#2993 = PCURVE('',#2940,#2994);
#2994 = DEFINITIONAL_REPRESENTATION('',(#2995),#2999);
#2995 = CIRCLE('',#2996,1.5);
#2996 = AXIS2_PLACEMENT_2D('',#2997,#2998);
#2997 = CARTESIAN_POINT('',(1.5,-1.5));
#2998 = DIRECTION('',(1.,0.));
#2999 = ( GEOMETRIC_REPRESENTATION_CONTEXT(2) 
PARAMETRIC_REPRESENTATION_CONTEXT() REPRESENTATION_CONTEXT('2D SPACE',''
  ) );
#3000 = ORIENTED_EDGE('',*,*,#2879,.F.);
#3001 = ADVANCED_FACE('',(#3002),#691,.T.);
#3002 = FACE_BOUND('',#3003,.F.);
#3003 = EDGE_LOOP('',(#3004,#3005,#3028,#3054));
#3004 = ORIENTED_EDGE('',*,*,#672,.T.);
#3005 = ORIENTED_EDGE('',*,*,#3006,.F.);
#3006 = EDGE_CURVE('',#3007,#645,#3009,.T.);
#3007 = VERTEX_POINT('',#3008);
#3008 = CARTESIAN_POINT('',(23.,-15.9,21.));
#3009 = SURFACE_CURVE('',#3010,(#3014,#3021),.PCURVE_S1.);
#3010 = LINE('',#3011,#3012);
#3011 = CARTESIAN_POINT('',(23.,-15.9,21.));
#3012 = VECTOR('',#3013,1.);
#3013 = DIRECTION('',(-1.,0.,0.));
#3014 = PCURVE('',#691,#3015);
#3015 = DEFINITIONAL_REPRESENTATION('',(#3016),#3020);
#3016 = LINE('',#3017,#3018);
#3017 = CARTESIAN_POINT('',(-1.570796326795,7.02));
#3018 = VECTOR('',#3019,1.);
#3019 = DIRECTION('',(-0.,-1.));
#3020 = ( GEOMETRIC_REPRESENTATION_CONTEXT(2) 
PARAMETRIC_REPRESENTATION_CONTEXT() REPRESENTATION_CONTEXT('2D SPACE',''
  ) );
#3021 = PCURVE('',#660,#3022);
#3022 = DEFINITIONAL_REPRESENTATION('',(#3023),#3027);
#3023 = LINE('',#3024,#3025);
#3024 = CARTESIAN_POINT('',(7.02,1.5));
#3025 = VECTOR('',#3026,1.);
#3026 = DIRECTION('',(-1.,0.));
#3027 = ( GEOMETRIC_REPRESENTATION_CONTEXT(2) 
PARAMETRIC_REPRESENTATION_CONTEXT() REPRESENTATION_CONTEXT('2D SPACE',''
  ) );
#3028 = ORIENTED_EDGE('',*,*,#3029,.F.);
#3029 = EDGE_CURVE('',#2904,#3007,#3030,.T.);
#3030 = SURFACE_CURVE('',#3031,(#3036,#3043),.PCURVE_S1.);
#3031 = CIRCLE('',#3032,1.5);
#3032 = AXIS2_PLACEMENT_3D('',#3033,#3034,#3035);
#3033 = CARTESIAN_POINT('',(23.,-15.9,19.5));
#3034 = DIRECTION('',(-1.,0.,-0.));
#3035 = DIRECTION('',(-0.,0.,1.));
#3036 = PCURVE('',#691,#3037);
#3037 = DEFINITIONAL_REPRESENTATION('',(#3038),#3042);
#3038 = LINE('',#3039,#3040);
#3039 = CARTESIAN_POINT('',(4.712388980385,7.02));
#3040 = VECTOR('',#3041,1.);
#3041 = DIRECTION('',(-1.,0.));
#3042 = ( GEOMETRIC_REPRESENTATION_CONTEXT(2) 
PARAMETRIC_REPRESENTATION_CONTEXT() REPRESENTATION_CONTEXT('2D SPACE',''
  ) );
#3043 = PCURVE('',#2940,#3044);
#3044 = DEFINITIONAL_REPRESENTATION('',(#3045),#3053);
#3045 = ( BOUNDED_CURVE() B_SPLINE_CURVE(2,(#3046,#3047,#3048,#3049,
#3050,#3051,#3052),.UNSPECIFIED.,.T.,.F.) B_SPLINE_CURVE_WITH_KNOTS((1,2
    ,2,2,2,1),(-2.094395102393,0.,2.094395102393,4.188790204786,
6.28318530718,8.377580409573),.UNSPECIFIED.) CURVE() 
GEOMETRIC_REPRESENTATION_ITEM() RATIONAL_B_SPLINE_CURVE((1.,0.5,1.,0.5,
1.,0.5,1.)) REPRESENTATION_ITEM('') );
#3046 = CARTESIAN_POINT('',(42.,-1.5));
#3047 = CARTESIAN_POINT('',(42.,-4.098076211353));
#3048 = CARTESIAN_POINT('',(39.75,-2.799038105677));
#3049 = CARTESIAN_POINT('',(37.5,-1.5));
#3050 = CARTESIAN_POINT('',(39.75,-0.200961894323));
#3051 = CARTESIAN_POINT('',(42.,1.098076211353));
#3052 = CARTESIAN_POINT('',(42.,-1.5));
#3053 = ( GEOMETRIC_REPRESENTATION_CONTEXT(2) 
PARAMETRIC_REPRESENTATION_CONTEXT() REPRESENTATION_CONTEXT('2D SPACE',''
  ) );
#3054 = ORIENTED_EDGE('',*,*,#2903,.T.);
#3055 = ADVANCED_FACE('',(#3056),#542,.F.);
#3056 = FACE_BOUND('',#3057,.F.);
#3057 = EDGE_LOOP('',(#3058,#3059,#3060,#3083));
#3058 = ORIENTED_EDGE('',*,*,#526,.F.);
#3059 = ORIENTED_EDGE('',*,*,#2956,.T.);
#3060 = ORIENTED_EDGE('',*,*,#3061,.T.);
#3061 = EDGE_CURVE('',#2957,#3062,#3064,.T.);
#3062 = VERTEX_POINT('',#3063);
#3063 = CARTESIAN_POINT('',(23.,23.1,-21.));
#3064 = SURFACE_CURVE('',#3065,(#3069,#3076),.PCURVE_S1.);
#3065 = LINE('',#3066,#3067);
#3066 = CARTESIAN_POINT('',(23.,-17.4,-21.));
#3067 = VECTOR('',#3068,1.);
#3068 = DIRECTION('',(0.,1.,0.));
#3069 = PCURVE('',#542,#3070);
#3070 = DEFINITIONAL_REPRESENTATION('',(#3071),#3075);
#3071 = LINE('',#3072,#3073);
#3072 = CARTESIAN_POINT('',(7.02,0.));
#3073 = VECTOR('',#3074,1.);
#3074 = DIRECTION('',(0.,1.));
#3075 = ( GEOMETRIC_REPRESENTATION_CONTEXT(2) 
PARAMETRIC_REPRESENTATION_CONTEXT() REPRESENTATION_CONTEXT('2D SPACE',''
  ) );
#3076 = PCURVE('',#2940,#3077);
#3077 = DEFINITIONAL_REPRESENTATION('',(#3078),#3082);
#3078 = LINE('',#3079,#3080);
#3079 = CARTESIAN_POINT('',(0.,0.));
#3080 = VECTOR('',#3081,1.);
#3081 = DIRECTION('',(0.,-1.));
#3082 = ( GEOMETRIC_REPRESENTATION_CONTEXT(2) 
PARAMETRIC_REPRESENTATION_CONTEXT() REPRESENTATION_CONTEXT('2D SPACE',''
  ) );
#3083 = ORIENTED_EDGE('',*,*,#3084,.F.);
#3084 = EDGE_CURVE('',#527,#3062,#3085,.T.);
#3085 = SURFACE_CURVE('',#3086,(#3090,#3097),.PCURVE_S1.);
#3086 = LINE('',#3087,#3088);
#3087 = CARTESIAN_POINT('',(15.98,23.1,-21.));
#3088 = VECTOR('',#3089,1.);
#3089 = DIRECTION('',(1.,0.,0.));
#3090 = PCURVE('',#542,#3091);
#3091 = DEFINITIONAL_REPRESENTATION('',(#3092),#3096);
#3092 = LINE('',#3093,#3094);
#3093 = CARTESIAN_POINT('',(0.,40.5));
#3094 = VECTOR('',#3095,1.);
#3095 = DIRECTION('',(1.,0.));
#3096 = ( GEOMETRIC_REPRESENTATION_CONTEXT(2) 
PARAMETRIC_REPRESENTATION_CONTEXT() REPRESENTATION_CONTEXT('2D SPACE',''
  ) );
#3097 = PCURVE('',#575,#3098);
#3098 = DEFINITIONAL_REPRESENTATION('',(#3099),#3103);
#3099 = LINE('',#3100,#3101);
#3100 = CARTESIAN_POINT('',(-1.570796326795,0.));
#3101 = VECTOR('',#3102,1.);
#3102 = DIRECTION('',(-0.,1.));
#3103 = ( GEOMETRIC_REPRESENTATION_CONTEXT(2) 
PARAMETRIC_REPRESENTATION_CONTEXT() REPRESENTATION_CONTEXT('2D SPACE',''
  ) );
#3104 = ADVANCED_FACE('',(#3105),#660,.T.);
#3105 = FACE_BOUND('',#3106,.T.);
#3106 = EDGE_LOOP('',(#3107,#3108,#3109,#3132));
#3107 = ORIENTED_EDGE('',*,*,#644,.F.);
#3108 = ORIENTED_EDGE('',*,*,#3006,.F.);
#3109 = ORIENTED_EDGE('',*,*,#3110,.T.);
#3110 = EDGE_CURVE('',#3007,#3111,#3113,.T.);
#3111 = VERTEX_POINT('',#3112);
#3112 = CARTESIAN_POINT('',(23.,23.1,21.));
#3113 = SURFACE_CURVE('',#3114,(#3118,#3125),.PCURVE_S1.);
#3114 = LINE('',#3115,#3116);
#3115 = CARTESIAN_POINT('',(23.,-17.4,21.));
#3116 = VECTOR('',#3117,1.);
#3117 = DIRECTION('',(0.,1.,0.));
#3118 = PCURVE('',#660,#3119);
#3119 = DEFINITIONAL_REPRESENTATION('',(#3120),#3124);
#3120 = LINE('',#3121,#3122);
#3121 = CARTESIAN_POINT('',(7.02,0.));
#3122 = VECTOR('',#3123,1.);
#3123 = DIRECTION('',(0.,1.));
#3124 = ( GEOMETRIC_REPRESENTATION_CONTEXT(2) 
PARAMETRIC_REPRESENTATION_CONTEXT() REPRESENTATION_CONTEXT('2D SPACE',''
  ) );
#3125 = PCURVE('',#2940,#3126);
#3126 = DEFINITIONAL_REPRESENTATION('',(#3127),#3131);
#3127 = LINE('',#3128,#3129);
#3128 = CARTESIAN_POINT('',(42.,0.));
#3129 = VECTOR('',#3130,1.);
#3130 = DIRECTION('',(0.,-1.));
#3131 = ( GEOMETRIC_REPRESENTATION_CONTEXT(2) 
PARAMETRIC_REPRESENTATION_CONTEXT() REPRESENTATION_CONTEXT('2D SPACE',''
  ) );
#3132 = ORIENTED_EDGE('',*,*,#3133,.T.);
#3133 = EDGE_CURVE('',#3111,#616,#3134,.T.);
#3134 = SURFACE_CURVE('',#3135,(#3139,#3146),.PCURVE_S1.);
#3135 = LINE('',#3136,#3137);
#3136 = CARTESIAN_POINT('',(23.,23.1,21.));
#3137 = VECTOR('',#3138,1.);
#3138 = DIRECTION('',(-1.,0.,0.));
#3139 = PCURVE('',#660,#3140);
#3140 = DEFINITIONAL_REPRESENTATION('',(#3141),#3145);
#3141 = LINE('',#3142,#3143);
#3142 = CARTESIAN_POINT('',(7.02,40.5));
#3143 = VECTOR('',#3144,1.);
#3144 = DIRECTION('',(-1.,0.));
#3145 = ( GEOMETRIC_REPRESENTATION_CONTEXT(2) 
PARAMETRIC_REPRESENTATION_CONTEXT() REPRESENTATION_CONTEXT('2D SPACE',''
  ) );
#3146 = PCURVE('',#632,#3147);
#3147 = DEFINITIONAL_REPRESENTATION('',(#3148),#3152);
#3148 = LINE('',#3149,#3150);
#3149 = CARTESIAN_POINT('',(1.570796326795,7.02));
#3150 = VECTOR('',#3151,1.);
#3151 = DIRECTION('',(-0.,-1.));
#3152 = ( GEOMETRIC_REPRESENTATION_CONTEXT(2) 
PARAMETRIC_REPRESENTATION_CONTEXT() REPRESENTATION_CONTEXT('2D SPACE',''
  ) );
#3153 = ADVANCED_FACE('',(#3154),#575,.T.);
#3154 = FACE_BOUND('',#3155,.F.);
#3155 = EDGE_LOOP('',(#3156,#3157,#3158,#3186));
#3156 = ORIENTED_EDGE('',*,*,#554,.T.);
#3157 = ORIENTED_EDGE('',*,*,#3084,.T.);
#3158 = ORIENTED_EDGE('',*,*,#3159,.F.);
#3159 = EDGE_CURVE('',#3160,#3062,#3162,.T.);
#3160 = VERTEX_POINT('',#3161);
#3161 = CARTESIAN_POINT('',(23.,24.6,-19.5));
#3162 = SURFACE_CURVE('',#3163,(#3168,#3175),.PCURVE_S1.);
#3163 = CIRCLE('',#3164,1.5);
#3164 = AXIS2_PLACEMENT_3D('',#3165,#3166,#3167);
#3165 = CARTESIAN_POINT('',(23.,23.1,-19.5));
#3166 = DIRECTION('',(-1.,0.,-0.));
#3167 = DIRECTION('',(-0.,0.,1.));
#3168 = PCURVE('',#575,#3169);
#3169 = DEFINITIONAL_REPRESENTATION('',(#3170),#3174);
#3170 = LINE('',#3171,#3172);
#3171 = CARTESIAN_POINT('',(1.570796326795,7.02));
#3172 = VECTOR('',#3173,1.);
#3173 = DIRECTION('',(-1.,0.));
#3174 = ( GEOMETRIC_REPRESENTATION_CONTEXT(2) 
PARAMETRIC_REPRESENTATION_CONTEXT() REPRESENTATION_CONTEXT('2D SPACE',''
  ) );
#3175 = PCURVE('',#2940,#3176);
#3176 = DEFINITIONAL_REPRESENTATION('',(#3177),#3185);
#3177 = ( BOUNDED_CURVE() B_SPLINE_CURVE(2,(#3178,#3179,#3180,#3181,
#3182,#3183,#3184),.UNSPECIFIED.,.T.,.F.) B_SPLINE_CURVE_WITH_KNOTS((1,2
    ,2,2,2,1),(-2.094395102393,0.,2.094395102393,4.188790204786,
6.28318530718,8.377580409573),.UNSPECIFIED.) CURVE() 
GEOMETRIC_REPRESENTATION_ITEM() RATIONAL_B_SPLINE_CURVE((1.,0.5,1.,0.5,
1.,0.5,1.)) REPRESENTATION_ITEM('') );
#3178 = CARTESIAN_POINT('',(3.,-40.5));
#3179 = CARTESIAN_POINT('',(3.,-43.09807621135));
#3180 = CARTESIAN_POINT('',(0.75,-41.79903810567));
#3181 = CARTESIAN_POINT('',(-1.5,-40.5));
#3182 = CARTESIAN_POINT('',(0.75,-39.20096189432));
#3183 = CARTESIAN_POINT('',(3.,-37.90192378864));
#3184 = CARTESIAN_POINT('',(3.,-40.5));
#3185 = ( GEOMETRIC_REPRESENTATION_CONTEXT(2) 
PARAMETRIC_REPRESENTATION_CONTEXT() REPRESENTATION_CONTEXT('2D SPACE',''
  ) );
#3186 = ORIENTED_EDGE('',*,*,#3187,.F.);
#3187 = EDGE_CURVE('',#555,#3160,#3188,.T.);
#3188 = SURFACE_CURVE('',#3189,(#3193,#3200),.PCURVE_S1.);
#3189 = LINE('',#3190,#3191);
#3190 = CARTESIAN_POINT('',(15.98,24.6,-19.5));
#3191 = VECTOR('',#3192,1.);
#3192 = DIRECTION('',(1.,0.,0.));
#3193 = PCURVE('',#575,#3194);
#3194 = DEFINITIONAL_REPRESENTATION('',(#3195),#3199);
#3195 = LINE('',#3196,#3197);
#3196 = CARTESIAN_POINT('',(-0.,0.));
#3197 = VECTOR('',#3198,1.);
#3198 = DIRECTION('',(-0.,1.));
#3199 = ( GEOMETRIC_REPRESENTATION_CONTEXT(2) 
PARAMETRIC_REPRESENTATION_CONTEXT() REPRESENTATION_CONTEXT('2D SPACE',''
  ) );
#3200 = PCURVE('',#603,#3201);
#3201 = DEFINITIONAL_REPRESENTATION('',(#3202),#3206);
#3202 = LINE('',#3203,#3204);
#3203 = CARTESIAN_POINT('',(1.5,0.));
#3204 = VECTOR('',#3205,1.);
#3205 = DIRECTION('',(0.,1.));
#3206 = ( GEOMETRIC_REPRESENTATION_CONTEXT(2) 
PARAMETRIC_REPRESENTATION_CONTEXT() REPRESENTATION_CONTEXT('2D SPACE',''
  ) );
#3207 = ADVANCED_FACE('',(#3208),#632,.T.);
#3208 = FACE_BOUND('',#3209,.T.);
#3209 = EDGE_LOOP('',(#3210,#3211,#3212,#3236));
#3210 = ORIENTED_EDGE('',*,*,#615,.T.);
#3211 = ORIENTED_EDGE('',*,*,#3133,.F.);
#3212 = ORIENTED_EDGE('',*,*,#3213,.F.);
#3213 = EDGE_CURVE('',#3214,#3111,#3216,.T.);
#3214 = VERTEX_POINT('',#3215);
#3215 = CARTESIAN_POINT('',(23.,24.6,19.5));
#3216 = SURFACE_CURVE('',#3217,(#3222,#3229),.PCURVE_S1.);
#3217 = CIRCLE('',#3218,1.5);
#3218 = AXIS2_PLACEMENT_3D('',#3219,#3220,#3221);
#3219 = CARTESIAN_POINT('',(23.,23.1,19.5));
#3220 = DIRECTION('',(1.,0.,0.));
#3221 = DIRECTION('',(-0.,0.,1.));
#3222 = PCURVE('',#632,#3223);
#3223 = DEFINITIONAL_REPRESENTATION('',(#3224),#3228);
#3224 = LINE('',#3225,#3226);
#3225 = CARTESIAN_POINT('',(-4.712388980385,7.02));
#3226 = VECTOR('',#3227,1.);
#3227 = DIRECTION('',(1.,0.));
#3228 = ( GEOMETRIC_REPRESENTATION_CONTEXT(2) 
PARAMETRIC_REPRESENTATION_CONTEXT() REPRESENTATION_CONTEXT('2D SPACE',''
  ) );
#3229 = PCURVE('',#2940,#3230);
#3230 = DEFINITIONAL_REPRESENTATION('',(#3231),#3235);
#3231 = CIRCLE('',#3232,1.5);
#3232 = AXIS2_PLACEMENT_2D('',#3233,#3234);
#3233 = CARTESIAN_POINT('',(40.5,-40.5));
#3234 = DIRECTION('',(1.,0.));
#3235 = ( GEOMETRIC_REPRESENTATION_CONTEXT(2) 
PARAMETRIC_REPRESENTATION_CONTEXT() REPRESENTATION_CONTEXT('2D SPACE',''
  ) );
#3236 = ORIENTED_EDGE('',*,*,#3237,.T.);
#3237 = EDGE_CURVE('',#3214,#588,#3238,.T.);
#3238 = SURFACE_CURVE('',#3239,(#3243,#3250),.PCURVE_S1.);
#3239 = LINE('',#3240,#3241);
#3240 = CARTESIAN_POINT('',(23.,24.6,19.5));
#3241 = VECTOR('',#3242,1.);
#3242 = DIRECTION('',(-1.,0.,0.));
#3243 = PCURVE('',#632,#3244);
#3244 = DEFINITIONAL_REPRESENTATION('',(#3245),#3249);
#3245 = LINE('',#3246,#3247);
#3246 = CARTESIAN_POINT('',(0.,7.02));
#3247 = VECTOR('',#3248,1.);
#3248 = DIRECTION('',(-0.,-1.));
#3249 = ( GEOMETRIC_REPRESENTATION_CONTEXT(2) 
PARAMETRIC_REPRESENTATION_CONTEXT() REPRESENTATION_CONTEXT('2D SPACE',''
  ) );
#3250 = PCURVE('',#603,#3251);
#3251 = DEFINITIONAL_REPRESENTATION('',(#3252),#3256);
#3252 = LINE('',#3253,#3254);
#3253 = CARTESIAN_POINT('',(40.5,7.02));
#3254 = VECTOR('',#3255,1.);
#3255 = DIRECTION('',(0.,-1.));
#3256 = ( GEOMETRIC_REPRESENTATION_CONTEXT(2) 
PARAMETRIC_REPRESENTATION_CONTEXT() REPRESENTATION_CONTEXT('2D SPACE',''
  ) );
#3257 = ADVANCED_FACE('',(#3258),#603,.T.);
#3258 = FACE_BOUND('',#3259,.T.);
#3259 = EDGE_LOOP('',(#3260,#3261,#3262,#3263));
#3260 = ORIENTED_EDGE('',*,*,#3187,.F.);
#3261 = ORIENTED_EDGE('',*,*,#587,.T.);
#3262 = ORIENTED_EDGE('',*,*,#3237,.F.);
#3263 = ORIENTED_EDGE('',*,*,#3264,.F.);
#3264 = EDGE_CURVE('',#3160,#3214,#3265,.T.);
#3265 = SURFACE_CURVE('',#3266,(#3270,#3277),.PCURVE_S1.);
#3266 = LINE('',#3267,#3268);
#3267 = CARTESIAN_POINT('',(23.,24.6,-21.));
#3268 = VECTOR('',#3269,1.);
#3269 = DIRECTION('',(0.,0.,1.));
#3270 = PCURVE('',#603,#3271);
#3271 = DEFINITIONAL_REPRESENTATION('',(#3272),#3276);
#3272 = LINE('',#3273,#3274);
#3273 = CARTESIAN_POINT('',(0.,7.02));
#3274 = VECTOR('',#3275,1.);
#3275 = DIRECTION('',(1.,0.));
#3276 = ( GEOMETRIC_REPRESENTATION_CONTEXT(2) 
PARAMETRIC_REPRESENTATION_CONTEXT() REPRESENTATION_CONTEXT('2D SPACE',''
  ) );
#3277 = PCURVE('',#2940,#3278);
#3278 = DEFINITIONAL_REPRESENTATION('',(#3279),#3283);
#3279 = LINE('',#3280,#3281);
#3280 = CARTESIAN_POINT('',(0.,-42.));
#3281 = VECTOR('',#3282,1.);
#3282 = DIRECTION('',(1.,0.));
#3283 = ( GEOMETRIC_REPRESENTATION_CONTEXT(2) 
PARAMETRIC_REPRESENTATION_CONTEXT() REPRESENTATION_CONTEXT('2D SPACE',''
  ) );
#3284 = ADVANCED_FACE('',(#3285),#726,.F.);
#3285 = FACE_BOUND('',#3286,.F.);
#3286 = EDGE_LOOP('',(#3287,#3308,#3334));
#3287 = ORIENTED_EDGE('',*,*,#3288,.T.);
#3288 = EDGE_CURVE('',#712,#3289,#3291,.T.);
#3289 = VERTEX_POINT('',#3290);
#3290 = CARTESIAN_POINT('',(5.6,12.5,-1.644607975723E-09));
#3291 = SURFACE_CURVE('',#3292,(#3296,#3302),.PCURVE_S1.);
#3292 = LINE('',#3293,#3294);
#3293 = CARTESIAN_POINT('',(5.6,-1.080684539806,2.230326421307E-06));
#3294 = VECTOR('',#3295,1.);
#3295 = DIRECTION('',(0.,-1.,1.644700332087E-07));
#3296 = PCURVE('',#726,#3297);
#3297 = DEFINITIONAL_REPRESENTATION('',(#3298),#3301);
#3298 = B_SPLINE_CURVE_WITH_KNOTS('',1,(#3299,#3300),.UNSPECIFIED.,.F.,
  .F.,(2,2),(-13.78068439559,-13.5606843483),.PIECEWISE_BEZIER_KNOTS.);
#3299 = CARTESIAN_POINT('',(-0.16137135311,0.200000006069));
#3300 = CARTESIAN_POINT('',(5.862869417546E-02,0.200000006069));
#3301 = ( GEOMETRIC_REPRESENTATION_CONTEXT(2) 
PARAMETRIC_REPRESENTATION_CONTEXT() REPRESENTATION_CONTEXT('2D SPACE',''
  ) );
#3302 = PCURVE('',#2712,#3303);
#3303 = DEFINITIONAL_REPRESENTATION('',(#3304),#3307);
#3304 = B_SPLINE_CURVE_WITH_KNOTS('',1,(#3305,#3306),.UNSPECIFIED.,.F.,
  .F.,(2,2),(-13.78068439559,-13.5606843483),.PIECEWISE_BEZIER_KNOTS.);
#3305 = CARTESIAN_POINT('',(14.699999963817,-27.39999985578));
#3306 = CARTESIAN_POINT('',(14.7,-27.1799998085));
#3307 = ( GEOMETRIC_REPRESENTATION_CONTEXT(2) 
PARAMETRIC_REPRESENTATION_CONTEXT() REPRESENTATION_CONTEXT('2D SPACE',''
  ) );
#3308 = ORIENTED_EDGE('',*,*,#3309,.F.);
#3309 = EDGE_CURVE('',#710,#3289,#3310,.T.);
#3310 = SURFACE_CURVE('',#3311,(#3315,#3322),.PCURVE_S1.);
#3311 = LINE('',#3312,#3313);
#3312 = CARTESIAN_POINT('',(-0.21,12.5,0.));
#3313 = VECTOR('',#3314,1.);
#3314 = DIRECTION('',(1.,0.,0.));
#3315 = PCURVE('',#726,#3316);
#3316 = DEFINITIONAL_REPRESENTATION('',(#3317),#3321);
#3317 = LINE('',#3318,#3319);
#3318 = CARTESIAN_POINT('',(3.862850267794E-02,6.010000006069));
#3319 = VECTOR('',#3320,1.);
#3320 = DIRECTION('',(0.,-1.));
#3321 = ( GEOMETRIC_REPRESENTATION_CONTEXT(2) 
PARAMETRIC_REPRESENTATION_CONTEXT() REPRESENTATION_CONTEXT('2D SPACE',''
  ) );
#3322 = PCURVE('',#3323,#3328);
#3323 = CYLINDRICAL_SURFACE('',#3324,12.5);
#3324 = AXIS2_PLACEMENT_3D('',#3325,#3326,#3327);
#3325 = CARTESIAN_POINT('',(-0.21,0.,0.));
#3326 = DIRECTION('',(-1.,-0.,-0.));
#3327 = DIRECTION('',(0.,1.,0.));
#3328 = DEFINITIONAL_REPRESENTATION('',(#3329),#3333);
#3329 = LINE('',#3330,#3331);
#3330 = CARTESIAN_POINT('',(-6.28318530718,0.));
#3331 = VECTOR('',#3332,1.);
#3332 = DIRECTION('',(-0.,-1.));
#3333 = ( GEOMETRIC_REPRESENTATION_CONTEXT(2) 
PARAMETRIC_REPRESENTATION_CONTEXT() REPRESENTATION_CONTEXT('2D SPACE',''
  ) );
#3334 = ORIENTED_EDGE('',*,*,#709,.T.);
#3335 = ADVANCED_FACE('',(#3336),#2712,.F.);
#3336 = FACE_BOUND('',#3337,.F.);
#3337 = EDGE_LOOP('',(#3338,#3339,#3479,#3505));
#3338 = ORIENTED_EDGE('',*,*,#2660,.F.);
#3339 = ORIENTED_EDGE('',*,*,#3340,.F.);
#3340 = EDGE_CURVE('',#3341,#2419,#3343,.T.);
#3341 = VERTEX_POINT('',#3342);
#3342 = CARTESIAN_POINT('',(5.6,-3.521824701017,-11.99361291585));
#3343 = SURFACE_CURVE('',#3344,(#3387,#3433),.PCURVE_S1.);
#3344 = B_SPLINE_CURVE_WITH_KNOTS('',6,(#3345,#3346,#3347,#3348,#3349,
    #3350,#3351,#3352,#3353,#3354,#3355,#3356,#3357,#3358,#3359,#3360,
    #3361,#3362,#3363,#3364,#3365,#3366,#3367,#3368,#3369,#3370,#3371,
    #3372,#3373,#3374,#3375,#3376,#3377,#3378,#3379,#3380,#3381,#3382,
    #3383,#3384,#3385,#3386),.UNSPECIFIED.,.F.,.F.,(7,5,5,5,5,5,5,5,7),(
    0.,0.128024063752,0.249367507344,0.368974768049,0.493830630024,
    0.618956299949,0.742345444101,0.869017848706,1.),.UNSPECIFIED.);
#3345 = CARTESIAN_POINT('',(5.6,9.975755869363E-06,-12.47995819617));
#3346 = CARTESIAN_POINT('',(5.6,-0.843878802265,-12.48469776892));
#3347 = CARTESIAN_POINT('',(5.6,-1.68820974485,-12.42096447625));
#3348 = CARTESIAN_POINT('',(5.6,-2.525915468118,-12.28873950649));
#3349 = CARTESIAN_POINT('',(5.6,-3.350133618691,-12.0890054884));
#3350 = CARTESIAN_POINT('',(5.6,-4.154179369067,-11.82356083493));
#3351 = CARTESIAN_POINT('',(5.6,-5.668431949704,-11.18396105709));
#3352 = CARTESIAN_POINT('',(5.6,-6.381431096828,-10.81616563146));
#3353 = CARTESIAN_POINT('',(5.6,-7.065084324137,-10.39415254594));
#3354 = CARTESIAN_POINT('',(5.6,-7.714348271701,-9.920940807358));
#3355 = CARTESIAN_POINT('',(5.6,-8.324567718877,-9.400105768978));
#3356 = CARTESIAN_POINT('',(5.6,-9.450423561841,-8.279730066951));
#3357 = CARTESIAN_POINT('',(5.6,-9.967345072064,-7.681365669724));
#3358 = CARTESIAN_POINT('',(5.6,-10.4382905707,-7.044824325999));
#3359 = CARTESIAN_POINT('',(5.6,-10.85986671242,-6.374567238703));
#3360 = CARTESIAN_POINT('',(5.6,-11.22921286627,-5.675405488455));
#3361 = CARTESIAN_POINT('',(5.6,-11.87280476482,-4.197996045703));
#3362 = CARTESIAN_POINT('',(5.6,-12.14220204766,-3.417541635826));
#3363 = CARTESIAN_POINT('',(5.6,-12.34972966783,-2.617133126177));
#3364 = CARTESIAN_POINT('',(5.6,-12.49370939132,-1.802893071851));
#3365 = CARTESIAN_POINT('',(5.6,-12.57319403705,-0.981089770447));
#3366 = CARTESIAN_POINT('',(5.6,-12.60306724273,0.666544573921));
#3367 = CARTESIAN_POINT('',(5.6,-12.55317818369,1.49247638872));
#3368 = CARTESIAN_POINT('',(5.6,-12.43835039991,2.313154886592));
#3369 = CARTESIAN_POINT('',(5.6,-12.25937778706,3.122267331884));
#3370 = CARTESIAN_POINT('',(5.6,-12.01778790396,3.913646556196));
#3371 = CARTESIAN_POINT('',(5.6,-11.41837501734,5.438308927072));
#3372 = CARTESIAN_POINT('',(5.6,-11.06217835171,6.172330610774));
#3373 = CARTESIAN_POINT('',(5.6,-10.64967932813,6.877622606116));
#3374 = CARTESIAN_POINT('',(5.6,-10.1838733691,7.548899671429));
#3375 = CARTESIAN_POINT('',(5.6,-9.668343280934,8.18126627214));
#3376 = CARTESIAN_POINT('',(5.6,-8.531468669577,9.37499668416));
#3377 = CARTESIAN_POINT('',(5.6,-7.90760687178,9.934093420403));
#3378 = CARTESIAN_POINT('',(5.6,-7.240397512457,10.442772647818));
#3379 = CARTESIAN_POINT('',(5.6,-6.534989518656,10.896994746731));
#3380 = CARTESIAN_POINT('',(5.6,-5.796964594483,11.293360603414));
#3381 = CARTESIAN_POINT('',(5.6,-4.241865457229,11.976556247208));
#3382 = CARTESIAN_POINT('',(5.6,-3.422853435235,12.259245557719));
#3383 = CARTESIAN_POINT('',(5.6,-2.582119736158,12.474376488807));
#3384 = CARTESIAN_POINT('',(5.6,-1.726617556602,12.620063678215));
#3385 = CARTESIAN_POINT('',(5.6,-0.863466895781,12.695278300499));
#3386 = CARTESIAN_POINT('',(5.6,1.518977023096E-05,12.700036337741));
#3387 = PCURVE('',#2712,#3388);
#3388 = DEFINITIONAL_REPRESENTATION('',(#3389),#3432);
#3389 = B_SPLINE_CURVE_WITH_KNOTS('',6,(#3390,#3391,#3392,#3393,#3394,
    #3395,#3396,#3397,#3398,#3399,#3400,#3401,#3402,#3403,#3404,#3405,
    #3406,#3407,#3408,#3409,#3410,#3411,#3412,#3413,#3414,#3415,#3416,
    #3417,#3418,#3419,#3420,#3421,#3422,#3423,#3424,#3425,#3426,#3427,
    #3428,#3429,#3430,#3431),.UNSPECIFIED.,.F.,.F.,(7,5,5,5,5,5,5,5,7),(
    0.,0.128024063752,0.249367507344,0.368974768049,0.493830630024,
    0.618956299949,0.742345444101,0.869017848706,1.),.UNSPECIFIED.);
#3390 = CARTESIAN_POINT('',(2.220041803829,-14.70000997575));
#3391 = CARTESIAN_POINT('',(2.215302231078,-13.85612119773));
#3392 = CARTESIAN_POINT('',(2.27903552375,-13.01179025515));
#3393 = CARTESIAN_POINT('',(2.411260493508,-12.17408453188));
#3394 = CARTESIAN_POINT('',(2.610994511598,-11.3498663813));
#3395 = CARTESIAN_POINT('',(2.876439165069,-10.54582063093));
#3396 = CARTESIAN_POINT('',(3.516038942903,-9.031568050296));
#3397 = CARTESIAN_POINT('',(3.883834368534,-8.318568903172));
#3398 = CARTESIAN_POINT('',(4.305847454051,-7.634915675863));
#3399 = CARTESIAN_POINT('',(4.779059192642,-6.985651728299));
#3400 = CARTESIAN_POINT('',(5.299894231022,-6.375432281123));
#3401 = CARTESIAN_POINT('',(6.420269933049,-5.249576438159));
#3402 = CARTESIAN_POINT('',(7.018634330276,-4.732654927936));
#3403 = CARTESIAN_POINT('',(7.655175674001,-4.261709429294));
#3404 = CARTESIAN_POINT('',(8.325432761297,-3.840133287575));
#3405 = CARTESIAN_POINT('',(9.024594511545,-3.470787133724));
#3406 = CARTESIAN_POINT('',(10.502003954297,-2.827195235173));
#3407 = CARTESIAN_POINT('',(11.282458364174,-2.557797952333));
#3408 = CARTESIAN_POINT('',(12.082866873823,-2.350270332163));
#3409 = CARTESIAN_POINT('',(12.897106928149,-2.206290608677));
#3410 = CARTESIAN_POINT('',(13.718910229553,-2.126805962941));
#3411 = CARTESIAN_POINT('',(15.366544573921,-2.096932757269));
#3412 = CARTESIAN_POINT('',(16.19247638872,-2.14682181631));
#3413 = CARTESIAN_POINT('',(17.013154886592,-2.261649600081));
#3414 = CARTESIAN_POINT('',(17.822267331884,-2.440622212935));
#3415 = CARTESIAN_POINT('',(18.613646556196,-2.682212096038));
#3416 = CARTESIAN_POINT('',(20.138308927072,-3.281624982651));
#3417 = CARTESIAN_POINT('',(20.872330610774,-3.637821648289));
#3418 = CARTESIAN_POINT('',(21.577622606116,-4.050320671864));
#3419 = CARTESIAN_POINT('',(22.248899671429,-4.516126630895));
#3420 = CARTESIAN_POINT('',(22.88126627214,-5.031656719066));
#3421 = CARTESIAN_POINT('',(24.07499668416,-6.168531330423));
#3422 = CARTESIAN_POINT('',(24.634093420403,-6.79239312822));
#3423 = CARTESIAN_POINT('',(25.142772647818,-7.459602487543));
#3424 = CARTESIAN_POINT('',(25.596994746731,-8.165010481344));
#3425 = CARTESIAN_POINT('',(25.993360603414,-8.903035405517));
#3426 = CARTESIAN_POINT('',(26.676556247208,-10.45813454277));
#3427 = CARTESIAN_POINT('',(26.959245557719,-11.27714656476));
#3428 = CARTESIAN_POINT('',(27.174376488807,-12.11788026384));
#3429 = CARTESIAN_POINT('',(27.320063678215,-12.97338244339));
#3430 = CARTESIAN_POINT('',(27.395278300499,-13.83653310421));
#3431 = CARTESIAN_POINT('',(27.400036337741,-14.70001518977));
#3432 = ( GEOMETRIC_REPRESENTATION_CONTEXT(2) 
PARAMETRIC_REPRESENTATION_CONTEXT() REPRESENTATION_CONTEXT('2D SPACE',''
  ) );
#3433 = PCURVE('',#2505,#3434);
#3434 = DEFINITIONAL_REPRESENTATION('',(#3435),#3478);
#3435 = B_SPLINE_CURVE_WITH_KNOTS('',6,(#3436,#3437,#3438,#3439,#3440,
    #3441,#3442,#3443,#3444,#3445,#3446,#3447,#3448,#3449,#3450,#3451,
    #3452,#3453,#3454,#3455,#3456,#3457,#3458,#3459,#3460,#3461,#3462,
    #3463,#3464,#3465,#3466,#3467,#3468,#3469,#3470,#3471,#3472,#3473,
    #3474,#3475,#3476,#3477),.UNSPECIFIED.,.F.,.F.,(7,5,5,5,5,5,5,5,7),(
    0.,0.128024063752,0.249367507344,0.368974768049,0.493830630024,
    0.618956299949,0.742345444101,0.869017848706,1.),.UNSPECIFIED.);
#3436 = CARTESIAN_POINT('',(0.456508488421,41.170415887452));
#3437 = CARTESIAN_POINT('',(0.446682646431,41.238581105346));
#3438 = CARTESIAN_POINT('',(0.43686062389,41.3067198257));
#3439 = CARTESIAN_POINT('',(0.427043783289,41.374822596068));
#3440 = CARTESIAN_POINT('',(0.417231354211,41.442894761315));
#3441 = CARTESIAN_POINT('',(0.407422594297,41.510941471958));
#3442 = CARTESIAN_POINT('',(0.388326774475,41.64341568266));
#3443 = CARTESIAN_POINT('',(0.379038138546,41.707854116106));
#3444 = CARTESIAN_POINT('',(0.369754037938,41.772261086952));
#3445 = CARTESIAN_POINT('',(0.360473896017,41.836640595875));
#3446 = CARTESIAN_POINT('',(0.351197152194,41.900996531977));
#3447 = CARTESIAN_POINT('',(0.332785231519,42.028726307549));
#3448 = CARTESIAN_POINT('',(0.323649008233,42.092107406454));
#3449 = CARTESIAN_POINT('',(0.314517145659,42.155458254381));
#3450 = CARTESIAN_POINT('',(0.30538910112,42.2187826158));
#3451 = CARTESIAN_POINT('',(0.296264347189,42.282084149244));
#3452 = CARTESIAN_POINT('',(0.277623105476,42.411404807039));
#3453 = CARTESIAN_POINT('',(0.268105965785,42.47742845388));
#3454 = CARTESIAN_POINT('',(0.258593583475,42.543419096416));
#3455 = CARTESIAN_POINT('',(0.249085296018,42.609381330407));
#3456 = CARTESIAN_POINT('',(0.239580466113,42.675319576812));
#3457 = CARTESIAN_POINT('',(0.220559560716,42.807274081401));
#3458 = CARTESIAN_POINT('',(0.211042408377,42.873297810029));
#3459 = CARTESIAN_POINT('',(0.201530002987,42.939288606123));
#3460 = CARTESIAN_POINT('',(0.192021698333,43.005250952942));
#3461 = CARTESIAN_POINT('',(0.182516870965,43.071189176073));
#3462 = CARTESIAN_POINT('',(0.163648408756,43.202086121744));
#3463 = CARTESIAN_POINT('',(0.15428360651,43.267052942972));
#3464 = CARTESIAN_POINT('',(0.144923407074,43.331987833515));
#3465 = CARTESIAN_POINT('',(0.135567212063,43.39689494521));
#3466 = CARTESIAN_POINT('',(0.126214437818,43.461778327632));
#3467 = CARTESIAN_POINT('',(0.107269160365,43.593208177992));
#3468 = CARTESIAN_POINT('',(9.76757997221E-02,43.659760594362));
#3469 = CARTESIAN_POINT('',(8.808730747556E-02,43.726279239351));
#3470 = CARTESIAN_POINT('',(7.850299329014E-02,43.792768902004));
#3471 = CARTESIAN_POINT('',(6.892218588873E-02,43.859234238653));
#3472 = CARTESIAN_POINT('',(4.944421626213E-02,43.994359575279));
#3473 = CARTESIAN_POINT('',(3.954610814579E-02,44.063026137285));
#3474 = CARTESIAN_POINT('',(2.965319979964E-02,44.131656626641));
#3475 = CARTESIAN_POINT('',(1.976469042042E-02,44.200256597411));
#3476 = CARTESIAN_POINT('',(9.879808463117E-03,44.268831400525));
#3477 = CARTESIAN_POINT('',(0.,44.337371003117));
#3478 = ( GEOMETRIC_REPRESENTATION_CONTEXT(2) 
PARAMETRIC_REPRESENTATION_CONTEXT() REPRESENTATION_CONTEXT('2D SPACE',''
  ) );
#3479 = ORIENTED_EDGE('',*,*,#3480,.T.);
#3480 = EDGE_CURVE('',#3341,#3289,#3481,.T.);
#3481 = SURFACE_CURVE('',#3482,(#3487,#3498),.PCURVE_S1.);
#3482 = CIRCLE('',#3483,12.5);
#3483 = AXIS2_PLACEMENT_3D('',#3484,#3485,#3486);
#3484 = CARTESIAN_POINT('',(5.6,0.,0.));
#3485 = DIRECTION('',(-1.,0.,0.));
#3486 = DIRECTION('',(0.,1.,0.));
#3487 = PCURVE('',#2712,#3488);
#3488 = DEFINITIONAL_REPRESENTATION('',(#3489),#3497);
#3489 = ( BOUNDED_CURVE() B_SPLINE_CURVE(2,(#3490,#3491,#3492,#3493,
#3494,#3495,#3496),.UNSPECIFIED.,.T.,.F.) B_SPLINE_CURVE_WITH_KNOTS((1,2
    ,2,2,2,1),(-2.094395102393,0.,2.094395102393,4.188790204786,
6.28318530718,8.377580409573),.UNSPECIFIED.) CURVE() 
GEOMETRIC_REPRESENTATION_ITEM() RATIONAL_B_SPLINE_CURVE((1.,0.5,1.,0.5,
1.,0.5,1.)) REPRESENTATION_ITEM('') );
#3490 = CARTESIAN_POINT('',(14.7,-27.2));
#3491 = CARTESIAN_POINT('',(-6.950635094611,-27.2));
#3492 = CARTESIAN_POINT('',(3.874682452695,-8.45));
#3493 = CARTESIAN_POINT('',(14.7,10.3));
#3494 = CARTESIAN_POINT('',(25.525317547305,-8.45));
#3495 = CARTESIAN_POINT('',(36.350635094611,-27.2));
#3496 = CARTESIAN_POINT('',(14.7,-27.2));
#3497 = ( GEOMETRIC_REPRESENTATION_CONTEXT(2) 
PARAMETRIC_REPRESENTATION_CONTEXT() REPRESENTATION_CONTEXT('2D SPACE',''
  ) );
#3498 = PCURVE('',#3323,#3499);
#3499 = DEFINITIONAL_REPRESENTATION('',(#3500),#3504);
#3500 = LINE('',#3501,#3502);
#3501 = CARTESIAN_POINT('',(-6.28318530718,-5.81));
#3502 = VECTOR('',#3503,1.);
#3503 = DIRECTION('',(1.,-0.));
#3504 = ( GEOMETRIC_REPRESENTATION_CONTEXT(2) 
PARAMETRIC_REPRESENTATION_CONTEXT() REPRESENTATION_CONTEXT('2D SPACE',''
  ) );
#3505 = ORIENTED_EDGE('',*,*,#3288,.F.);
#3506 = ADVANCED_FACE('',(#3507),#2505,.F.);
#3507 = FACE_BOUND('',#3508,.F.);
#3508 = EDGE_LOOP('',(#3509,#3510,#3511,#3512,#3721,#3972,#4181,#4390,
    #4641,#4871,#5078));
#3509 = ORIENTED_EDGE('',*,*,#2418,.F.);
#3510 = ORIENTED_EDGE('',*,*,#2747,.T.);
#3511 = ORIENTED_EDGE('',*,*,#2793,.T.);
#3512 = ORIENTED_EDGE('',*,*,#3513,.T.);
#3513 = EDGE_CURVE('',#2794,#3514,#3516,.T.);
#3514 = VERTEX_POINT('',#3515);
#3515 = CARTESIAN_POINT('',(1.363620351149,12.5,0.));
#3516 = SURFACE_CURVE('',#3517,(#3583,#3652),.PCURVE_S1.);
#3517 = B_SPLINE_CURVE_WITH_KNOTS('',8,(#3518,#3519,#3520,#3521,#3522,
    #3523,#3524,#3525,#3526,#3527,#3528,#3529,#3530,#3531,#3532,#3533,
    #3534,#3535,#3536,#3537,#3538,#3539,#3540,#3541,#3542,#3543,#3544,
    #3545,#3546,#3547,#3548,#3549,#3550,#3551,#3552,#3553,#3554,#3555,
    #3556,#3557,#3558,#3559,#3560,#3561,#3562,#3563,#3564,#3565,#3566,
    #3567,#3568,#3569,#3570,#3571,#3572,#3573,#3574,#3575,#3576,#3577,
    #3578,#3579,#3580,#3581,#3582),.UNSPECIFIED.,.F.,.F.,(9,7,7,7,7,7,7,
    7,7,9),(0.,0.152977531161,0.305992303047,0.460213319627,
    0.556312521878,0.635867694432,0.683960766083,0.831349014436,
    0.915368891403,1.),.UNSPECIFIED.);
#3518 = CARTESIAN_POINT('',(0.563701493971,12.5,0.));
#3519 = CARTESIAN_POINT('',(0.579000728845,12.5,-1.501307121199));
#3520 = CARTESIAN_POINT('',(0.594301986932,12.29392582448,
    -3.004786278307));
#3521 = CARTESIAN_POINT('',(0.6095711934,11.880746134709,-4.47392917154)
  );
#3522 = CARTESIAN_POINT('',(0.624828209538,11.268389229693,
    -5.876092190294));
#3523 = CARTESIAN_POINT('',(0.64010120891,10.469189410472,
    -7.180828902864));
#3524 = CARTESIAN_POINT('',(0.655397899354,9.501050216548,
    -8.360590441878));
#3525 = CARTESIAN_POINT('',(0.670717228777,8.386200439357,
    -9.390184084487));
#3526 = CARTESIAN_POINT('',(0.701319926469,5.923868918392,
    -11.10913090675));
#3527 = CARTESIAN_POINT('',(0.716647533104,4.572760623699,
    -11.80089339445));
#3528 = CARTESIAN_POINT('',(0.731957350638,3.131230087707,
    -12.30308310491));
#3529 = CARTESIAN_POINT('',(0.747248190612,1.630592478756,
    -12.60352202959));
#3530 = CARTESIAN_POINT('',(0.762529485671,0.102899022645,
    -12.69487816864));
#3531 = CARTESIAN_POINT('',(0.777823468708,-1.418986293355,
    -12.57608127051));
#3532 = CARTESIAN_POINT('',(0.793142760441,-2.90167199091,
    -12.25092913267));
#3533 = CARTESIAN_POINT('',(0.823878631767,-5.731812531204,
    -11.21102059748));
#3534 = CARTESIAN_POINT('',(0.839341265737,-7.082376551122,
    -10.49164503702));
#3535 = CARTESIAN_POINT('',(0.854799390141,-8.32727123859,
    -9.586794617339));
#3536 = CARTESIAN_POINT('',(0.870250147212,-9.437949154729,
    -8.51573509911));
#3537 = CARTESIAN_POINT('',(0.885679323218,-10.38954885292,
    -7.301168265198));
#3538 = CARTESIAN_POINT('',(0.901081778316,-11.16206058543,
    -5.970158951593));
#3539 = CARTESIAN_POINT('',(0.916479974032,-11.7392726984,
    -4.553041758769));
#3540 = CARTESIAN_POINT('',(0.941437652507,-12.34583984416,
    -2.172485140318));
#3541 = CARTESIAN_POINT('',(0.951021704082,-12.49995449834,
    -1.238283013941));
#3542 = CARTESIAN_POINT('',(0.960609473465,-12.57315705999,
    -0.292021919228));
#3543 = CARTESIAN_POINT('',(0.970206820241,-12.56446161916,
    0.658099824862));
#3544 = CARTESIAN_POINT('',(0.979818958896,-12.47384936552,
    1.603924373441));
#3545 = CARTESIAN_POINT('',(0.989446828569,-12.30219626052,
    2.537344761569));
#3546 = CARTESIAN_POINT('',(0.999085291596,-12.05133791382,
    3.450322315127));
#3547 = CARTESIAN_POINT('',(1.016701815521,-11.45351174729,
    5.067212783283));
#3548 = CARTESIAN_POINT('',(1.024682731354,-11.13043139779,5.78031130362
    ));
#3549 = CARTESIAN_POINT('',(1.032660242002,-10.75667111237,
    6.469678928241));
#3550 = CARTESIAN_POINT('',(1.040627970964,-10.33431638318,
    7.131106416009));
#3551 = CARTESIAN_POINT('',(1.048581542674,-9.865829359879,
    7.760662232821));
#3552 = CARTESIAN_POINT('',(1.056520627029,-9.354018105423,
    8.354676742167));
#3553 = CARTESIAN_POINT('',(1.064450317349,-8.802043445283,
    8.909751337546));
#3554 = CARTESIAN_POINT('',(1.077176644661,-7.857652204917,
    9.732938612829));
#3555 = CARTESIAN_POINT('',(1.08197185714,-7.48844645934,10.02773649552)
  );
#3556 = CARTESIAN_POINT('',(1.086771955701,-7.106632315502,
    10.306503315803));
#3557 = CARTESIAN_POINT('',(1.091579380799,-6.713026946013,
    10.568609849376));
#3558 = CARTESIAN_POINT('',(1.096394536841,-6.308478553799,
    10.813480496647));
#3559 = CARTESIAN_POINT('',(1.101215792187,-5.893866372103,
    11.040593282733));
#3560 = CARTESIAN_POINT('',(1.106039479149,-5.470100664484,
    11.249479857465));
#3561 = CARTESIAN_POINT('',(1.125632759929,-3.714263181858,
    12.022761063022));
#3562 = CARTESIAN_POINT('',(1.140412522334,-2.311626305128,
    12.43144024899));
#3563 = CARTESIAN_POINT('',(1.155113352987,-0.859550106963,
    12.651930858664));
#3564 = CARTESIAN_POINT('',(1.169757447419,0.612464283143,
    12.678591067977));
#3565 = CARTESIAN_POINT('',(1.184436885635,2.075043221307,
    12.510164505431));
#3566 = CARTESIAN_POINT('',(1.199160961826,3.499076039404,
    12.150745215017));
#3567 = CARTESIAN_POINT('',(1.213928640857,4.855767333301,
    11.608793426718));
#3568 = CARTESIAN_POINT('',(1.237110335776,6.836409063104,
    10.497310277614));
#3569 = CARTESIAN_POINT('',(1.245533283294,7.52521062959,10.03947989269)
  );
#3570 = CARTESIAN_POINT('',(1.253957769434,8.178754765645,9.530110648695
    ));
#3571 = CARTESIAN_POINT('',(1.262379968645,8.792569534394,8.972415874933
    ));
#3572 = CARTESIAN_POINT('',(1.270797451603,9.362575859822,8.370018099768
    ));
#3573 = CARTESIAN_POINT('',(1.279209188522,9.88507002866,7.726922466791)
  );
#3574 = CARTESIAN_POINT('',(1.287614911591,10.356749655383,
    7.047534505158));
#3575 = CARTESIAN_POINT('',(1.304473862337,11.195857694062,
    5.620738953717));
#3576 = CARTESIAN_POINT('',(1.312929235025,11.562615643025,
    4.872680481497));
#3577 = CARTESIAN_POINT('',(1.321379091881,11.872114420906,4.09749414446
    ));
#3578 = CARTESIAN_POINT('',(1.329825247358,12.122063182308,
    3.300319597002));
#3579 = CARTESIAN_POINT('',(1.338270622994,12.310731530878,
    2.486457893889));
#3580 = CARTESIAN_POINT('',(1.346717871273,12.436921106278,
    1.661357274792));
#3581 = CARTESIAN_POINT('',(1.355168193421,12.5,0.830615680386));
#3582 = CARTESIAN_POINT('',(1.363620351149,12.5,1.7763568394E-15));
#3583 = PCURVE('',#2505,#3584);
#3584 = DEFINITIONAL_REPRESENTATION('',(#3585),#3651);
#3585 = B_SPLINE_CURVE_WITH_KNOTS('',8,(#3586,#3587,#3588,#3589,#3590,
    #3591,#3592,#3593,#3594,#3595,#3596,#3597,#3598,#3599,#3600,#3601,
    #3602,#3603,#3604,#3605,#3606,#3607,#3608,#3609,#3610,#3611,#3612,
    #3613,#3614,#3615,#3616,#3617,#3618,#3619,#3620,#3621,#3622,#3623,
    #3624,#3625,#3626,#3627,#3628,#3629,#3630,#3631,#3632,#3633,#3634,
    #3635,#3636,#3637,#3638,#3639,#3640,#3641,#3642,#3643,#3644,#3645,
    #3646,#3647,#3648,#3649,#3650),.UNSPECIFIED.,.F.,.F.,(9,7,7,7,7,7,7,
    7,7,9),(0.,0.152977531161,0.305992303047,0.460213319627,
    0.556312521878,0.635867694432,0.683960766083,0.831349014436,
    0.915368891403,1.),.UNSPECIFIED.);
#3586 = CARTESIAN_POINT('',(0.415081883419,1.583478679056));
#3587 = CARTESIAN_POINT('',(0.415089877306,1.704553196424));
#3588 = CARTESIAN_POINT('',(0.415075027606,1.825802207185));
#3589 = CARTESIAN_POINT('',(0.415038762222,1.946946021598));
#3590 = CARTESIAN_POINT('',(0.414997045875,2.068031135825));
#3591 = CARTESIAN_POINT('',(0.414973556071,2.189116351256));
#3592 = CARTESIAN_POINT('',(0.414968624076,2.310260395355));
#3593 = CARTESIAN_POINT('',(0.414974305203,2.431510053294));
#3594 = CARTESIAN_POINT('',(0.414990904339,2.673688319381));
#3595 = CARTESIAN_POINT('',(0.415001842997,2.794967036577));
#3596 = CARTESIAN_POINT('',(0.415007570687,2.916141060358));
#3597 = CARTESIAN_POINT('',(0.414999960385,3.037257361635));
#3598 = CARTESIAN_POINT('',(0.414981464919,3.158373606719));
#3599 = CARTESIAN_POINT('',(0.414969244589,3.279546775571));
#3600 = CARTESIAN_POINT('',(0.414970740445,3.400825170227));
#3601 = CARTESIAN_POINT('',(0.414998234434,3.643982245896));
#3602 = CARTESIAN_POINT('',(0.415024485639,3.766223801625));
#3603 = CARTESIAN_POINT('',(0.415061406593,3.888355634082));
#3604 = CARTESIAN_POINT('',(0.415098605243,4.010427209875));
#3605 = CARTESIAN_POINT('',(0.415111223793,4.132498439695));
#3606 = CARTESIAN_POINT('',(0.415084876265,4.254628429207));
#3607 = CARTESIAN_POINT('',(0.415037853466,4.376868125511));
#3608 = CARTESIAN_POINT('',(0.414963405637,4.574984207309));
#3609 = CARTESIAN_POINT('',(0.4149353696,4.651059352825));
#3610 = CARTESIAN_POINT('',(0.414912706277,4.727126661236));
#3611 = CARTESIAN_POINT('',(0.4149024052,4.803184036653));
#3612 = CARTESIAN_POINT('',(0.41490903928,4.879241040718));
#3613 = CARTESIAN_POINT('',(0.414932264187,4.955307498148));
#3614 = CARTESIAN_POINT('',(0.414966395393,5.031382167875));
#3615 = CARTESIAN_POINT('',(0.415031590047,5.170406744253));
#3616 = CARTESIAN_POINT('',(0.415062137821,5.23338283153));
#3617 = CARTESIAN_POINT('',(0.415089211235,5.296356062337));
#3618 = CARTESIAN_POINT('',(0.415105938535,5.359323622958));
#3619 = CARTESIAN_POINT('',(0.415106910202,5.422288397545));
#3620 = CARTESIAN_POINT('',(0.415091166077,5.485254432615));
#3621 = CARTESIAN_POINT('',(0.415064330588,5.548223033771));
#3622 = CARTESIAN_POINT('',(0.415025124861,5.649254279309));
#3623 = CARTESIAN_POINT('',(0.415010690998,5.687319961925));
#3624 = CARTESIAN_POINT('',(0.415001810389,5.725385802891));
#3625 = CARTESIAN_POINT('',(0.415001334311,5.763451345852));
#3626 = CARTESIAN_POINT('',(0.41500974945,5.801516417679));
#3627 = CARTESIAN_POINT('',(0.415025177901,5.839581128473));
#3628 = CARTESIAN_POINT('',(0.415043377166,5.877645871564));
#3629 = CARTESIAN_POINT('',(0.415101757638,6.032368465433));
#3630 = CARTESIAN_POINT('',(0.41513228251,6.149173824496));
#3631 = CARTESIAN_POINT('',(0.415084397318,6.265898205857));
#3632 = CARTESIAN_POINT('',(0.414979286064,6.382570376527));
#3633 = CARTESIAN_POINT('',(0.414914861333,6.499240117167));
#3634 = CARTESIAN_POINT('',(0.41489444914,6.615957941304));
#3635 = CARTESIAN_POINT('',(0.414911573183,6.732760583267));
#3636 = CARTESIAN_POINT('',(0.414965815774,6.915922745251));
#3637 = CARTESIAN_POINT('',(0.414991240964,6.982434101314));
#3638 = CARTESIAN_POINT('',(0.41501897888,7.048941595242));
#3639 = CARTESIAN_POINT('',(0.415044800467,7.115444277192));
#3640 = CARTESIAN_POINT('',(0.4150652379,7.181946970824));
#3641 = CARTESIAN_POINT('',(0.415078422837,7.248454484262));
#3642 = CARTESIAN_POINT('',(0.415084190666,7.314965839076));
#3643 = CARTESIAN_POINT('',(0.415082705417,7.448454992167));
#3644 = CARTESIAN_POINT('',(0.415075372501,7.515450327197));
#3645 = CARTESIAN_POINT('',(0.415062318598,7.582441679906));
#3646 = CARTESIAN_POINT('',(0.415045749123,7.649428116234));
#3647 = CARTESIAN_POINT('',(0.415028279831,7.716414620652));
#3648 = CARTESIAN_POINT('',(0.415012235285,7.783406067502));
#3649 = CARTESIAN_POINT('',(0.414999174264,7.850401153524));
#3650 = CARTESIAN_POINT('',(0.414989642085,7.917386291573));
#3651 = ( GEOMETRIC_REPRESENTATION_CONTEXT(2) 
PARAMETRIC_REPRESENTATION_CONTEXT() REPRESENTATION_CONTEXT('2D SPACE',''
  ) );
#3652 = PCURVE('',#2136,#3653);
#3653 = DEFINITIONAL_REPRESENTATION('',(#3654),#3720);
#3654 = B_SPLINE_CURVE_WITH_KNOTS('',8,(#3655,#3656,#3657,#3658,#3659,
    #3660,#3661,#3662,#3663,#3664,#3665,#3666,#3667,#3668,#3669,#3670,
    #3671,#3672,#3673,#3674,#3675,#3676,#3677,#3678,#3679,#3680,#3681,
    #3682,#3683,#3684,#3685,#3686,#3687,#3688,#3689,#3690,#3691,#3692,
    #3693,#3694,#3695,#3696,#3697,#3698,#3699,#3700,#3701,#3702,#3703,
    #3704,#3705,#3706,#3707,#3708,#3709,#3710,#3711,#3712,#3713,#3714,
    #3715,#3716,#3717,#3718,#3719),.UNSPECIFIED.,.F.,.F.,(9,7,7,7,7,7,7,
    7,7,9),(0.,0.152977531161,0.305992303047,0.460213319627,
    0.556312521878,0.635867694432,0.683960766083,0.831349014436,
    0.915368891403,1.),.UNSPECIFIED.);
#3655 = CARTESIAN_POINT('',(-6.28318530718,-0.773701493971));
#3656 = CARTESIAN_POINT('',(-6.163080737484,-0.789000728845));
#3657 = CARTESIAN_POINT('',(-6.042802835837,-0.804301986932));
#3658 = CARTESIAN_POINT('',(-5.922628704399,-0.8195711934));
#3659 = CARTESIAN_POINT('',(-5.802511996251,-0.834828209538));
#3660 = CARTESIAN_POINT('',(-5.682394917608,-0.85010120891));
#3661 = CARTESIAN_POINT('',(-5.562220018506,-0.865397899354));
#3662 = CARTESIAN_POINT('',(-5.44194113155,-0.880717228777));
#3663 = CARTESIAN_POINT('',(-5.201703186878,-0.911319926469));
#3664 = CARTESIAN_POINT('',(-5.081396825258,-0.926647533104));
#3665 = CARTESIAN_POINT('',(-4.961194884497,-0.941957350638));
#3666 = CARTESIAN_POINT('',(-4.841050301437,-0.957248190612));
#3667 = CARTESIAN_POINT('',(-4.720905033462,-0.972529485671));
#3668 = CARTESIAN_POINT('',(-4.600702289565,-0.987823468708));
#3669 = CARTESIAN_POINT('',(-4.480394470405,-1.003142760441));
#3670 = CARTESIAN_POINT('',(-4.239182792554,-1.033878631767));
#3671 = CARTESIAN_POINT('',(-4.117918957865,-1.049341265737));
#3672 = CARTESIAN_POINT('',(-3.996764115998,-1.064799390141));
#3673 = CARTESIAN_POINT('',(-3.875669730769,-1.080250147211));
#3674 = CARTESIAN_POINT('',(-3.754576687819,-1.095679323218));
#3675 = CARTESIAN_POINT('',(-3.63342552541,-1.111081778316));
#3676 = CARTESIAN_POINT('',(-3.512165162992,-1.126479974032));
#3677 = CARTESIAN_POINT('',(-3.315635698275,-1.151437652507));
#3678 = CARTESIAN_POINT('',(-3.24016965897,-1.161021704082));
#3679 = CARTESIAN_POINT('',(-3.164711239629,-1.170609473465));
#3680 = CARTESIAN_POINT('',(-3.089262608033,-1.180206820241));
#3681 = CARTESIAN_POINT('',(-3.013814462969,-1.189818958896));
#3682 = CARTESIAN_POINT('',(-2.93835727273,-1.199446828569));
#3683 = CARTESIAN_POINT('',(-2.86289238841,-1.209085291596));
#3684 = CARTESIAN_POINT('',(-2.724982715679,-1.226701815521));
#3685 = CARTESIAN_POINT('',(-2.662511872257,-1.234682731354));
#3686 = CARTESIAN_POINT('',(-2.60004396895,-1.242660242002));
#3687 = CARTESIAN_POINT('',(-2.537581653127,-1.250627970964));
#3688 = CARTESIAN_POINT('',(-2.475121743455,-1.258581542674));
#3689 = CARTESIAN_POINT('',(-2.412659828626,-1.266520627029));
#3690 = CARTESIAN_POINT('',(-2.350194473629,-1.274450317349));
#3691 = CARTESIAN_POINT('',(-2.249970337452,-1.287176644661));
#3692 = CARTESIAN_POINT('',(-2.212209037682,-1.29197185714));
#3693 = CARTESIAN_POINT('',(-2.17444765201,-1.296771955701));
#3694 = CARTESIAN_POINT('',(-2.136686493412,-1.301579380799));
#3695 = CARTESIAN_POINT('',(-2.098925670119,-1.306394536841));
#3696 = CARTESIAN_POINT('',(-2.061165085609,-1.311215792187));
#3697 = CARTESIAN_POINT('',(-2.023404438614,-1.316039479149));
#3698 = CARTESIAN_POINT('',(-1.869918458261,-1.335632759929));
#3699 = CARTESIAN_POINT('',(-1.754048353477,-1.350412522334));
#3700 = CARTESIAN_POINT('',(-1.63826256339,-1.365113352987));
#3701 = CARTESIAN_POINT('',(-1.522526972646,-1.379757447419));
#3702 = CARTESIAN_POINT('',(-1.406792025581,-1.394436885635));
#3703 = CARTESIAN_POINT('',(-1.291008535821,-1.409160961826));
#3704 = CARTESIAN_POINT('',(-1.175140800246,-1.423928640857));
#3705 = CARTESIAN_POINT('',(-0.993445028978,-1.447110335776));
#3706 = CARTESIAN_POINT('',(-0.92746622851,-1.455533283294));
#3707 = CARTESIAN_POINT('',(-0.861491389662,-1.463957769434));
#3708 = CARTESIAN_POINT('',(-0.795521460432,-1.472379968645));
#3709 = CARTESIAN_POINT('',(-0.729551612137,-1.480797451603));
#3710 = CARTESIAN_POINT('',(-0.66357699992,-1.489209188522));
#3711 = CARTESIAN_POINT('',(-0.597598515675,-1.497614911591));
#3712 = CARTESIAN_POINT('',(-0.465178629647,-1.514473862337));
#3713 = CARTESIAN_POINT('',(-0.39871982943,-1.522929235025));
#3714 = CARTESIAN_POINT('',(-0.332264821985,-1.531379091881));
#3715 = CARTESIAN_POINT('',(-0.265814511442,-1.539825247358));
#3716 = CARTESIAN_POINT('',(-0.199363972399,-1.548270622994));
#3717 = CARTESIAN_POINT('',(-0.132908428564,-1.556717871273));
#3718 = CARTESIAN_POINT('',(-6.644925443085E-02,-1.565168193421));
#3719 = CARTESIAN_POINT('',(0.,-1.573620351149));
#3720 = ( GEOMETRIC_REPRESENTATION_CONTEXT(2) 
PARAMETRIC_REPRESENTATION_CONTEXT() REPRESENTATION_CONTEXT('2D SPACE',''
  ) );
#3721 = ORIENTED_EDGE('',*,*,#3722,.T.);
#3722 = EDGE_CURVE('',#3514,#3723,#3725,.T.);
#3723 = VERTEX_POINT('',#3724);
#3724 = CARTESIAN_POINT('',(2.163626455174,12.5,0.));
#3725 = SURFACE_CURVE('',#3726,(#3806,#3889),.PCURVE_S1.);
#3726 = B_SPLINE_CURVE_WITH_KNOTS('',8,(#3727,#3728,#3729,#3730,#3731,
    #3732,#3733,#3734,#3735,#3736,#3737,#3738,#3739,#3740,#3741,#3742,
    #3743,#3744,#3745,#3746,#3747,#3748,#3749,#3750,#3751,#3752,#3753,
    #3754,#3755,#3756,#3757,#3758,#3759,#3760,#3761,#3762,#3763,#3764,
    #3765,#3766,#3767,#3768,#3769,#3770,#3771,#3772,#3773,#3774,#3775,
    #3776,#3777,#3778,#3779,#3780,#3781,#3782,#3783,#3784,#3785,#3786,
    #3787,#3788,#3789,#3790,#3791,#3792,#3793,#3794,#3795,#3796,#3797,
    #3798,#3799,#3800,#3801,#3802,#3803,#3804,#3805),.UNSPECIFIED.,.F.,
  .F.,(9,7,7,7,7,7,7,7,7,7,7,9),(0.,9.606060305075E-02,0.196777796043,
    0.277634194234,0.36727278174,0.457242786042,0.543071841174,
    0.612745318507,0.661963310653,0.751964818975,0.842318237231,1.),
  .UNSPECIFIED.);
#3727 = CARTESIAN_POINT('',(1.363620351149,12.5,1.7763568394E-15));
#3728 = CARTESIAN_POINT('',(1.373215306918,12.5,-0.942921437552));
#3729 = CARTESIAN_POINT('',(1.382816484608,12.418710071066,
    -1.88606780151));
#3730 = CARTESIAN_POINT('',(1.39242163237,12.256066748049,-2.82093278178
    ));
#3731 = CARTESIAN_POINT('',(1.402029769016,12.013136272311,
    -3.739332477698));
#3732 = CARTESIAN_POINT('',(1.41164029914,11.691911668428,
    -4.633358945807));
#3733 = CARTESIAN_POINT('',(1.42125224156,11.295241188743,-5.49537349262
    ));
#3734 = CARTESIAN_POINT('',(1.4308635711,10.826888125748,-6.318039712377
    ));
#3735 = CARTESIAN_POINT('',(1.450543485818,9.7306133897,-7.908387133288)
  );
#3736 = CARTESIAN_POINT('',(1.460616503934,9.095782304124,
    -8.671868361726));
#3737 = CARTESIAN_POINT('',(1.470684951037,8.392737292875,
    -9.376716006122));
#3738 = CARTESIAN_POINT('',(1.480749312387,7.627893122904,
    -10.01590689915));
#3739 = CARTESIAN_POINT('',(1.49081275391,6.808380830114,-10.58333023687
    ));
#3740 = CARTESIAN_POINT('',(1.500879133768,5.941988423403,
    -11.07372547915));
#3741 = CARTESIAN_POINT('',(1.51095055177,5.037209365758,-11.48276486401
    ));
#3742 = CARTESIAN_POINT('',(1.529109912338,3.353688616668,-12.0678367485
    ));
#3743 = CARTESIAN_POINT('',(1.537200481179,2.584984673909,-12.2740126388
    ));
#3744 = CARTESIAN_POINT('',(1.545293988907,1.802004111243,
    -12.42414896456));
#3745 = CARTESIAN_POINT('',(1.553390076711,1.00953833194,-12.51713546255
    ));
#3746 = CARTESIAN_POINT('',(1.561488297689,0.212418144158,
    -12.55235183171));
#3747 = CARTESIAN_POINT('',(1.569587574945,-0.584493488223,
    -12.52964020048));
#3748 = CARTESIAN_POINT('',(1.577685945929,-1.376303920356,
    -12.44932737347));
#3749 = CARTESIAN_POINT('',(1.594754437385,-3.024786393835,
    -12.16038282042));
#3750 = CARTESIAN_POINT('',(1.603726125891,-3.879402681426,
    -11.9387189211));
#3751 = CARTESIAN_POINT('',(1.612691431053,-4.715169111158,
    -11.64845342142));
#3752 = CARTESIAN_POINT('',(1.621648259029,-5.525680143623,
    -11.29152225529));
#3753 = CARTESIAN_POINT('',(1.63059698572,-6.304841986181,
    -10.87052351628));
#3754 = CARTESIAN_POINT('',(1.639539978388,-7.046861520759,
    -10.38867367466));
#3755 = CARTESIAN_POINT('',(1.648480302822,-7.746275151673,
    -9.849845523964));
#3756 = CARTESIAN_POINT('',(1.666391980151,-9.05216965373,
    -8.665344529163));
#3757 = CARTESIAN_POINT('',(1.675366502896,-9.658529716645,
    -8.019073263138));
#3758 = CARTESIAN_POINT('',(1.684344470767,-10.21191671439,
    -7.324516262063));
#3759 = CARTESIAN_POINT('',(1.693330521323,-10.70789697654,
    -6.586794774922));
#3760 = CARTESIAN_POINT('',(1.702328905306,-11.14266859502,
    -5.811426696278));
#3761 = CARTESIAN_POINT('',(1.711340855238,-11.51302514501,
    -5.004293204339));
#3762 = CARTESIAN_POINT('',(1.720363060515,-11.81639874175,
    -4.171654437517));
#3763 = CARTESIAN_POINT('',(1.737996091145,-12.27476920221,
    -2.507962272375));
#3764 = CARTESIAN_POINT('',(1.746609549051,-12.43602944748,
    -1.678320605697));
#3765 = CARTESIAN_POINT('',(1.755221142421,-12.53311764396,
    -0.837111321505));
#3766 = CARTESIAN_POINT('',(1.763822729354,-12.56512902473,
    9.841767186182E-03));
#3767 = CARTESIAN_POINT('',(1.772408168465,-12.53178487466,
    0.856721449144));
#3768 = CARTESIAN_POINT('',(1.780976213865,-12.43338849291,
    1.697724419757));
#3769 = CARTESIAN_POINT('',(1.789532642957,-12.27085182411,
    2.527067587956));
#3770 = CARTESIAN_POINT('',(1.805039537982,-11.86309649405,
    3.998090628514));
#3771 = CARTESIAN_POINT('',(1.811984948475,-11.63917422113,
    4.645802759518));
#3772 = CARTESIAN_POINT('',(1.818955023331,-11.37486807552,
    5.279059828151));
#3773 = CARTESIAN_POINT('',(1.8259442768,-11.07128670647,5.894930061851)
  );
#3774 = CARTESIAN_POINT('',(1.832937836628,-10.72977764978,
    6.490606392961));
#3775 = CARTESIAN_POINT('',(1.839925077874,-10.35191769761,
    7.063403052513));
#3776 = CARTESIAN_POINT('',(1.846903616503,-9.939521264508,
    7.610762230399));
#3777 = CARTESIAN_POINT('',(1.85879736825,-9.180417384534,8.497256486779
    ));
#3778 = CARTESIAN_POINT('',(1.863716260774,-8.849987810591,
    8.850324741601));
#3779 = CARTESIAN_POINT('',(1.868630474329,-8.504076467539,
    9.188670999316));
#3780 = CARTESIAN_POINT('',(1.873540768865,-8.143432155876,
    9.511523800254));
#3781 = CARTESIAN_POINT('',(1.878448244518,-7.768855757872,
    9.818146842362));
#3782 = CARTESIAN_POINT('',(1.883354068054,-7.381203383822,
    10.107843023752));
#3783 = CARTESIAN_POINT('',(1.888259211533,-6.981390943573,
    10.379960477589));
#3784 = CARTESIAN_POINT('',(1.902133619207,-5.818849941575,
    11.098263182679));
#3785 = CARTESIAN_POINT('',(1.911105593589,-5.029656199982,
    11.502005745196));
#3786 = CARTESIAN_POINT('',(1.920084513227,-4.208720123274,
    11.841432215629));
#3787 = CARTESIAN_POINT('',(1.929074639154,-3.362196483297,
    12.113698467626));
#3788 = CARTESIAN_POINT('',(1.938077722116,-2.496446404,12.316678139871)
  );
#3789 = CARTESIAN_POINT('',(1.947092042592,-1.618015344817,
    12.448918466897));
#3790 = CARTESIAN_POINT('',(1.95611287525,-0.733636282456,
    12.509686120569));
#3791 = CARTESIAN_POINT('',(1.974191154916,1.036574148623,
    12.488478623695));
#3792 = CARTESIAN_POINT('',(1.98325161068,1.922703082525,12.40594072701)
  );
#3793 = CARTESIAN_POINT('',(1.992309411565,2.801087926424,
    12.251531563949));
#3794 = CARTESIAN_POINT('',(2.001360541431,3.664931622019,
    12.026160269968));
#3795 = CARTESIAN_POINT('',(2.010403664408,4.507648341024,
    11.731463034091));
#3796 = CARTESIAN_POINT('',(2.019439573068,5.322858853635,
    11.369754703601));
#3797 = CARTESIAN_POINT('',(2.028469721916,6.104413761354,
    10.944071883582));
#3798 = CARTESIAN_POINT('',(2.053242446014,8.141411978976,9.610567834896
    ));
#3799 = CARTESIAN_POINT('',(2.06900327252,9.318526764701,8.57819175457)
  );
#3800 = CARTESIAN_POINT('',(2.084746058944,10.34342217891,7.382204006999
    ));
#3801 = CARTESIAN_POINT('',(2.100495923413,11.191217171075,
    6.049737764224));
#3802 = CARTESIAN_POINT('',(2.116267809224,11.841691882866,
    4.610606023336));
#3803 = CARTESIAN_POINT('',(2.132055424244,12.280977601779,
    3.098044473067));
#3804 = CARTESIAN_POINT('',(2.147856624773,12.5,1.547753115512));
#3805 = CARTESIAN_POINT('',(2.163626455174,12.5,-1.7763568394E-15));
#3806 = PCURVE('',#2505,#3807);
#3807 = DEFINITIONAL_REPRESENTATION('',(#3808),#3888);
#3808 = B_SPLINE_CURVE_WITH_KNOTS('',8,(#3809,#3810,#3811,#3812,#3813,
    #3814,#3815,#3816,#3817,#3818,#3819,#3820,#3821,#3822,#3823,#3824,
    #3825,#3826,#3827,#3828,#3829,#3830,#3831,#3832,#3833,#3834,#3835,
    #3836,#3837,#3838,#3839,#3840,#3841,#3842,#3843,#3844,#3845,#3846,
    #3847,#3848,#3849,#3850,#3851,#3852,#3853,#3854,#3855,#3856,#3857,
    #3858,#3859,#3860,#3861,#3862,#3863,#3864,#3865,#3866,#3867,#3868,
    #3869,#3870,#3871,#3872,#3873,#3874,#3875,#3876,#3877,#3878,#3879,
    #3880,#3881,#3882,#3883,#3884,#3885,#3886,#3887),.UNSPECIFIED.,.F.,
  .F.,(9,7,7,7,7,7,7,7,7,7,7,9),(0.,9.606060305075E-02,0.196777796043,
    0.277634194234,0.36727278174,0.457242786042,0.543071841174,
    0.612745318507,0.661963310653,0.751964818975,0.842318237231,1.),
  .UNSPECIFIED.);
#3809 = CARTESIAN_POINT('',(0.414989642085,7.917386291573));
#3810 = CARTESIAN_POINT('',(0.414978821081,7.993428345865));
#3811 = CARTESIAN_POINT('',(0.414972529506,8.069488239094));
#3812 = CARTESIAN_POINT('',(0.414971778605,8.145541127065));
#3813 = CARTESIAN_POINT('',(0.414975754945,8.221584884377));
#3814 = CARTESIAN_POINT('',(0.414982442023,8.297628786142));
#3815 = CARTESIAN_POINT('',(0.414989366896,8.373682219665));
#3816 = CARTESIAN_POINT('',(0.414994471838,8.449743426084));
#3817 = CARTESIAN_POINT('',(0.414999878121,8.605519433069));
#3818 = CARTESIAN_POINT('',(0.414999901044,8.685271262406));
#3819 = CARTESIAN_POINT('',(0.414996300494,8.765012038541));
#3820 = CARTESIAN_POINT('',(0.414989400934,8.844743352697));
#3821 = CARTESIAN_POINT('',(0.414981398387,8.924475036279));
#3822 = CARTESIAN_POINT('',(0.414975332125,9.004216551468));
#3823 = CARTESIAN_POINT('',(0.414973549957,9.083968235732));
#3824 = CARTESIAN_POINT('',(0.414979511624,9.227701575764));
#3825 = CARTESIAN_POINT('',(0.414985447073,9.291716570033));
#3826 = CARTESIAN_POINT('',(0.414995099389,9.355729047624));
#3827 = CARTESIAN_POINT('',(0.415008277681,9.419737491946));
#3828 = CARTESIAN_POINT('',(0.415023936156,9.483745619655));
#3829 = CARTESIAN_POINT('',(0.4150402626,9.547757476405));
#3830 = CARTESIAN_POINT('',(0.415055083133,9.611772604806));
#3831 = CARTESIAN_POINT('',(0.41507933242,9.746742244668));
#3832 = CARTESIAN_POINT('',(0.41508797862,9.817714599675));
#3833 = CARTESIAN_POINT('',(0.415090114251,9.888681581031));
#3834 = CARTESIAN_POINT('',(0.415083506366,9.959642101598));
#3835 = CARTESIAN_POINT('',(0.415067615315,10.030602881195));
#3836 = CARTESIAN_POINT('',(0.415044190864,10.101570523637));
#3837 = CARTESIAN_POINT('',(0.41501694578,10.172543545287));
#3838 = CARTESIAN_POINT('',(0.41496356948,10.314727525207));
#3839 = CARTESIAN_POINT('',(0.41493748927,10.385963226558));
#3840 = CARTESIAN_POINT('',(0.414916153279,10.457193291958));
#3841 = CARTESIAN_POINT('',(0.414905071464,10.528416214549));
#3842 = CARTESIAN_POINT('',(0.414908099589,10.599638900649));
#3843 = CARTESIAN_POINT('',(0.414925622112,10.670868441863));
#3844 = CARTESIAN_POINT('',(0.41495399508,10.742103906465));
#3845 = CARTESIAN_POINT('',(0.415017018469,10.881274234728));
#3846 = CARTESIAN_POINT('',(0.41505121587,10.949233083976));
#3847 = CARTESIAN_POINT('',(0.415083877208,11.017187828271));
#3848 = CARTESIAN_POINT('',(0.41510607757,11.085135920024));
#3849 = CARTESIAN_POINT('',(0.415110140447,11.153081989608));
#3850 = CARTESIAN_POINT('',(0.415093877748,11.221031351326));
#3851 = CARTESIAN_POINT('',(0.415063860551,11.288984159339));
#3852 = CARTESIAN_POINT('',(0.41501650093,11.412086801966));
#3853 = CARTESIAN_POINT('',(0.414991948768,11.467246628681));
#3854 = CARTESIAN_POINT('',(0.414995573559,11.522406247364));
#3855 = CARTESIAN_POINT('',(0.415021463908,11.577563252524));
#3856 = CARTESIAN_POINT('',(0.415052495073,11.632718704703));
#3857 = CARTESIAN_POINT('',(0.415076021602,11.687876198844));
#3858 = CARTESIAN_POINT('',(0.415089055061,11.743037575864));
#3859 = CARTESIAN_POINT('',(0.415095661974,11.837159190573));
#3860 = CARTESIAN_POINT('',(0.41509342507,11.876119490417));
#3861 = CARTESIAN_POINT('',(0.415085972699,11.915078926573));
#3862 = CARTESIAN_POINT('',(0.415073883577,11.954039500929));
#3863 = CARTESIAN_POINT('',(0.415058255128,11.993002310361));
#3864 = CARTESIAN_POINT('',(0.415040435364,12.031967240936));
#3865 = CARTESIAN_POINT('',(0.415021790115,12.070932513566));
#3866 = CARTESIAN_POINT('',(0.414970070036,12.181140381403));
#3867 = CARTESIAN_POINT('',(0.414937765002,12.252399093046));
#3868 = CARTESIAN_POINT('',(0.414914237616,12.323651898263));
#3869 = CARTESIAN_POINT('',(0.414904566127,12.394897303998));
#3870 = CARTESIAN_POINT('',(0.414909747862,12.466142253135));
#3871 = CARTESIAN_POINT('',(0.414926798618,12.537393834319));
#3872 = CARTESIAN_POINT('',(0.41495046351,12.608651090429));
#3873 = CARTESIAN_POINT('',(0.415002717029,12.751421335365));
#3874 = CARTESIAN_POINT('',(0.41503127093,12.822958386575));
#3875 = CARTESIAN_POINT('',(0.415057567127,12.894490080902));
#3876 = CARTESIAN_POINT('',(0.415077233134,12.966014954499));
#3877 = CARTESIAN_POINT('',(0.415087763009,13.037539815382));
#3878 = CARTESIAN_POINT('',(0.415089081672,13.109071459438));
#3879 = CARTESIAN_POINT('',(0.415083068414,13.180608365178));
#3880 = CARTESIAN_POINT('',(0.415052792398,13.376953662726));
#3881 = CARTESIAN_POINT('',(0.41501830878,13.501977462813));
#3882 = CARTESIAN_POINT('',(0.414981126575,13.626877153705));
#3883 = CARTESIAN_POINT('',(0.414961253814,13.751712802115));
#3884 = CARTESIAN_POINT('',(0.414966445261,13.876548921991));
#3885 = CARTESIAN_POINT('',(0.414980132452,14.00145063722));
#3886 = CARTESIAN_POINT('',(0.414991561526,14.126475578815));
#3887 = CARTESIAN_POINT('',(0.414996564815,14.251296728561));
#3888 = ( GEOMETRIC_REPRESENTATION_CONTEXT(2) 
PARAMETRIC_REPRESENTATION_CONTEXT() REPRESENTATION_CONTEXT('2D SPACE',''
  ) );
#3889 = PCURVE('',#1915,#3890);
#3890 = DEFINITIONAL_REPRESENTATION('',(#3891),#3971);
#3891 = B_SPLINE_CURVE_WITH_KNOTS('',8,(#3892,#3893,#3894,#3895,#3896,
    #3897,#3898,#3899,#3900,#3901,#3902,#3903,#3904,#3905,#3906,#3907,
    #3908,#3909,#3910,#3911,#3912,#3913,#3914,#3915,#3916,#3917,#3918,
    #3919,#3920,#3921,#3922,#3923,#3924,#3925,#3926,#3927,#3928,#3929,
    #3930,#3931,#3932,#3933,#3934,#3935,#3936,#3937,#3938,#3939,#3940,
    #3941,#3942,#3943,#3944,#3945,#3946,#3947,#3948,#3949,#3950,#3951,
    #3952,#3953,#3954,#3955,#3956,#3957,#3958,#3959,#3960,#3961,#3962,
    #3963,#3964,#3965,#3966,#3967,#3968,#3969,#3970),.UNSPECIFIED.,.F.,
  .F.,(9,7,7,7,7,7,7,7,7,7,7,9),(0.,9.606060305075E-02,0.196777796043,
    0.277634194234,0.36727278174,0.457242786042,0.543071841174,
    0.612745318507,0.661963310653,0.751964818975,0.842318237231,1.),
  .UNSPECIFIED.);
#3892 = CARTESIAN_POINT('',(-6.28318530718,-1.573620351149));
#3893 = CARTESIAN_POINT('',(-6.207751592175,-1.583215306918));
#3894 = CARTESIAN_POINT('',(-6.132300247779,-1.592816484608));
#3895 = CARTESIAN_POINT('',(-6.056856025841,-1.60242163237));
#3896 = CARTESIAN_POINT('',(-5.98142113731,-1.612029769016));
#3897 = CARTESIAN_POINT('',(-5.905986428602,-1.62164029914));
#3898 = CARTESIAN_POINT('',(-5.830542559933,-1.63125224156));
#3899 = CARTESIAN_POINT('',(-5.755091185583,-1.6408635711));
#3900 = CARTESIAN_POINT('',(-5.600564331661,-1.660543485818));
#3901 = CARTESIAN_POINT('',(-5.521452129525,-1.670616503934));
#3902 = CARTESIAN_POINT('',(-5.4423508712,-1.680684951037));
#3903 = CARTESIAN_POINT('',(-5.363258823624,-1.690749312387));
#3904 = CARTESIAN_POINT('',(-5.284166106181,-1.70081275391));
#3905 = CARTESIAN_POINT('',(-5.205063282454,-1.710879133768));
#3906 = CARTESIAN_POINT('',(-5.12595006217,-1.72095055177));
#3907 = CARTESIAN_POINT('',(-4.983367006287,-1.739109912338));
#3908 = CARTESIAN_POINT('',(-4.919864177291,-1.747200481179));
#3909 = CARTESIAN_POINT('',(-4.856363749383,-1.755293988907));
#3910 = CARTESIAN_POINT('',(-4.792867297468,-1.763390076711));
#3911 = CARTESIAN_POINT('',(-4.729371208559,-1.771488297689));
#3912 = CARTESIAN_POINT('',(-4.665871529471,-1.779587574945));
#3913 = CARTESIAN_POINT('',(-4.602368747387,-1.787685945929));
#3914 = CARTESIAN_POINT('',(-4.468479636968,-1.804754437385));
#3915 = CARTESIAN_POINT('',(-4.398075639724,-1.813726125891));
#3916 = CARTESIAN_POINT('',(-4.327677150697,-1.822691431053));
#3917 = CARTESIAN_POINT('',(-4.257285196349,-1.831648259029));
#3918 = CARTESIAN_POINT('',(-4.186893021084,-1.84059698572));
#3919 = CARTESIAN_POINT('',(-4.116493975356,-1.849539978388));
#3920 = CARTESIAN_POINT('',(-4.04608946127,-1.858480302822));
#3921 = CARTESIAN_POINT('',(-3.90504415094,-1.876391980151));
#3922 = CARTESIAN_POINT('',(-3.834378808825,-1.885366502896));
#3923 = CARTESIAN_POINT('',(-3.763718927141,-1.894344470767));
#3924 = CARTESIAN_POINT('',(-3.693066068698,-1.903330521323));
#3925 = CARTESIAN_POINT('',(-3.622413524379,-1.912328905306));
#3926 = CARTESIAN_POINT('',(-3.55175443192,-1.921340855238));
#3927 = CARTESIAN_POINT('',(-3.481089830437,-1.930363060515));
#3928 = CARTESIAN_POINT('',(-3.343035346134,-1.947996091145));
#3929 = CARTESIAN_POINT('',(-3.275621654334,-1.956609549051));
#3930 = CARTESIAN_POINT('',(-3.208212214676,-1.965221142421));
#3931 = CARTESIAN_POINT('',(-3.140809430229,-1.973822729354));
#3932 = CARTESIAN_POINT('',(-3.073408316375,-1.982408168465));
#3933 = CARTESIAN_POINT('',(-3.006003058452,-1.990976213865));
#3934 = CARTESIAN_POINT('',(-2.938593278404,-1.999532642957));
#3935 = CARTESIAN_POINT('',(-2.816474039755,-2.015039537982));
#3936 = CARTESIAN_POINT('',(-2.761754840273,-2.021984948475));
#3937 = CARTESIAN_POINT('',(-2.70703728171,-2.028955023331));
#3938 = CARTESIAN_POINT('',(-2.652321644812,-2.0359442768));
#3939 = CARTESIAN_POINT('',(-2.597605954716,-2.042937836628));
#3940 = CARTESIAN_POINT('',(-2.542888286908,-2.049925077874));
#3941 = CARTESIAN_POINT('',(-2.488169045786,-2.056903616503));
#3942 = CARTESIAN_POINT('',(-2.394801444821,-2.06879736825));
#3943 = CARTESIAN_POINT('',(-2.356153464807,-2.073716260774));
#3944 = CARTESIAN_POINT('',(-2.317506503184,-2.078630474329));
#3945 = CARTESIAN_POINT('',(-2.278858507039,-2.083540768865));
#3946 = CARTESIAN_POINT('',(-2.240208322075,-2.088448244518));
#3947 = CARTESIAN_POINT('',(-2.201556009471,-2.093354068054));
#3948 = CARTESIAN_POINT('',(-2.162903300669,-2.098259211533));
#3949 = CARTESIAN_POINT('',(-2.053579258081,-2.112133619207));
#3950 = CARTESIAN_POINT('',(-1.982891759788,-2.121105593589));
#3951 = CARTESIAN_POINT('',(-1.912209732719,-2.130084513227));
#3952 = CARTESIAN_POINT('',(-1.841534736522,-2.139074639154));
#3953 = CARTESIAN_POINT('',(-1.770860047644,-2.148077722116));
#3954 = CARTESIAN_POINT('',(-1.700178791788,-2.157092042592));
#3955 = CARTESIAN_POINT('',(-1.629492014166,-2.16611287525));
#3956 = CARTESIAN_POINT('',(-1.487865017232,-2.184191154916));
#3957 = CARTESIAN_POINT('',(-1.416900929617,-2.19325161068));
#3958 = CARTESIAN_POINT('',(-1.345942307366,-2.202309411565));
#3959 = CARTESIAN_POINT('',(-1.274990547774,-2.211360541431));
#3960 = CARTESIAN_POINT('',(-1.204038801661,-2.220403664408));
#3961 = CARTESIAN_POINT('',(-1.133080229019,-2.229439573068));
#3962 = CARTESIAN_POINT('',(-1.062116271397,-2.238469721916));
#3963 = CARTESIAN_POINT('',(-0.867343052927,-2.263242446014));
#3964 = CARTESIAN_POINT('',(-0.743319749918,-2.27900327252));
#3965 = CARTESIAN_POINT('',(-0.619418965632,-2.294746058944));
#3966 = CARTESIAN_POINT('',(-0.495581451078,-2.310495923414));
#3967 = CARTESIAN_POINT('',(-0.371744195041,-2.326267809224));
#3968 = CARTESIAN_POINT('',(-0.247842956127,-2.342055424244));
#3969 = CARTESIAN_POINT('',(-0.123820249241,-2.357856624773));
#3970 = CARTESIAN_POINT('',(0.,-2.373626455174));
#3971 = ( GEOMETRIC_REPRESENTATION_CONTEXT(2) 
PARAMETRIC_REPRESENTATION_CONTEXT() REPRESENTATION_CONTEXT('2D SPACE',''
  ) );
#3972 = ORIENTED_EDGE('',*,*,#3973,.T.);
#3973 = EDGE_CURVE('',#3723,#3974,#3976,.T.);
#3974 = VERTEX_POINT('',#3975);
#3975 = CARTESIAN_POINT('',(2.963608546748,12.5,0.));
#3976 = SURFACE_CURVE('',#3977,(#4043,#4112),.PCURVE_S1.);
#3977 = B_SPLINE_CURVE_WITH_KNOTS('',8,(#3978,#3979,#3980,#3981,#3982,
    #3983,#3984,#3985,#3986,#3987,#3988,#3989,#3990,#3991,#3992,#3993,
    #3994,#3995,#3996,#3997,#3998,#3999,#4000,#4001,#4002,#4003,#4004,
    #4005,#4006,#4007,#4008,#4009,#4010,#4011,#4012,#4013,#4014,#4015,
    #4016,#4017,#4018,#4019,#4020,#4021,#4022,#4023,#4024,#4025,#4026,
    #4027,#4028,#4029,#4030,#4031,#4032,#4033,#4034,#4035,#4036,#4037,
    #4038,#4039,#4040,#4041,#4042),.UNSPECIFIED.,.F.,.F.,(9,7,7,7,7,7,7,
    7,7,9),(0.,0.118110734457,0.219450156875,0.373645490758,
    0.449559950504,0.526659222593,0.64418309325,0.741544000797,
    0.846556596479,1.),.UNSPECIFIED.);
#3978 = CARTESIAN_POINT('',(2.163626455174,12.5,-1.7763568394E-15));
#3979 = CARTESIAN_POINT('',(2.175437564965,12.5,-1.159218679697));
#3980 = CARTESIAN_POINT('',(2.187251819996,12.3771393091,-2.319053123035
    ));
#3981 = CARTESIAN_POINT('',(2.199058277445,12.131190336887,
    -3.463378942284));
#3982 = CARTESIAN_POINT('',(2.210858113879,11.764727614739,
    -4.577021701771));
#3983 = CARTESIAN_POINT('',(2.222657503886,11.282235081721,
    -5.645519591099));
#3984 = CARTESIAN_POINT('',(2.234463914212,10.690185512166,
    -6.655184593326));
#3985 = CARTESIAN_POINT('',(2.246280462723,9.996928996445,
    -7.593103712765));
#3986 = CARTESIAN_POINT('',(2.268236152192,8.541346671889,-9.18066839029
    ));
#3987 = CARTESIAN_POINT('',(2.278382471832,7.802325446792,-9.85286011826
    ));
#3988 = CARTESIAN_POINT('',(2.288531670555,7.003156989911,
    -10.45669464931));
#3989 = CARTESIAN_POINT('',(2.29868211946,6.151308572001,-10.98599576067
    ));
#3990 = CARTESIAN_POINT('',(2.308831288169,5.254840971327,
    -11.43561803589));
#3991 = CARTESIAN_POINT('',(2.318976096476,4.322355926842,
    -11.80137261915));
#3992 = CARTESIAN_POINT('',(2.329113790355,3.363033758564,-12.0801171479
    ));
#3993 = CARTESIAN_POINT('',(2.354646943537,0.901222160016,
    -12.55898245138));
#3994 = CARTESIAN_POINT('',(2.370057559586,-0.626564543763,
    -12.64284424315));
#3995 = CARTESIAN_POINT('',(2.385433344658,-2.160034966777,
    -12.51335199846));
#3996 = CARTESIAN_POINT('',(2.400791212129,-3.6647467693,-12.17217002369
    ));
#3997 = CARTESIAN_POINT('',(2.416171142884,-5.107655909289,
    -11.62587236595));
#3998 = CARTESIAN_POINT('',(2.431617193206,-6.457641713369,
    -10.88726915959));
#3999 = CARTESIAN_POINT('',(2.447108191163,-7.68515683053,
    -9.973903639845));
#4000 = CARTESIAN_POINT('',(2.470188351571,-9.295515033439,
    -8.390384813158));
#4001 = CARTESIAN_POINT('',(2.477802713176,-9.791244770643,
    -7.831731202558));
#4002 = CARTESIAN_POINT('',(2.485412454618,-10.24847532446,
    -7.239725813313));
#4003 = CARTESIAN_POINT('',(2.493012409312,-10.66460994261,
    -6.617490845341));
#4004 = CARTESIAN_POINT('',(2.500599382898,-11.03737504617,
    -5.968349591597));
#4005 = CARTESIAN_POINT('',(2.508173825479,-11.36480604317,
    -5.295813903029));
#4006 = CARTESIAN_POINT('',(2.515740749847,-11.6452621099,
    -4.603589779456));
#4007 = CARTESIAN_POINT('',(2.53099717478,-12.11330188475,
    -3.176562670352));
#4008 = CARTESIAN_POINT('',(2.53868807589,-12.2994077363,-2.441142298088
    ));
#4009 = CARTESIAN_POINT('',(2.546382990288,-12.43442183199,
    -1.693450286071));
#4010 = CARTESIAN_POINT('',(2.554162221655,-12.51743840867,
    -0.937638449183));
#4011 = CARTESIAN_POINT('',(2.561866532855,-12.54794737292,
    -0.177892045948));
#4012 = CARTESIAN_POINT('',(2.569606584798,-12.52582867681,
    0.581572483671));
#4013 = CARTESIAN_POINT('',(2.577319520132,-12.45135982534,
    1.336512310429));
#4014 = CARTESIAN_POINT('',(2.596767425558,-12.13309579834,
    3.220017356283));
#4015 = CARTESIAN_POINT('',(2.608493143211,-11.82085704991,
    4.337738690341));
#4016 = CARTESIAN_POINT('',(2.620195074744,-11.39098102409,
    5.420109845162));
#4017 = CARTESIAN_POINT('',(2.631896210696,-10.84844595802,
    6.452783338939));
#4018 = CARTESIAN_POINT('',(2.643619431777,-10.19997230855,
    7.422427937657));
#4019 = CARTESIAN_POINT('',(2.655368463228,-9.454074892127,
    8.316795811097));
#4020 = CARTESIAN_POINT('',(2.667138844042,-8.620942237799,
    9.124690714578));
#4021 = CARTESIAN_POINT('',(2.688666847722,-6.961212636144,
    10.426156217856));
#4022 = CARTESIAN_POINT('',(2.698429779471,-6.157516529884,
    10.950265559153));
#4023 = CARTESIAN_POINT('',(2.708193699207,-5.309049473236,
    11.403296931557));
#4024 = CARTESIAN_POINT('',(2.71795245492,-4.423204238633,
    11.780884361514));
#4025 = CARTESIAN_POINT('',(2.727702994384,-3.507746912947,
    12.079607408617));
#4026 = CARTESIAN_POINT('',(2.737445149833,-2.570776907795,
    12.296928109009));
#4027 = CARTESIAN_POINT('',(2.747179899977,-1.620738616138,
    12.431267150417));
#4028 = CARTESIAN_POINT('',(2.767396710956,0.362764925188,
    12.537175784393));
#4029 = CARTESIAN_POINT('',(2.777883506378,1.397523564853,12.49515550761
    ));
#4030 = CARTESIAN_POINT('',(2.788364190274,2.426633457697,
    12.355460576394));
#4031 = CARTESIAN_POINT('',(2.798843554909,3.439340999567,
    12.119063446385));
#4032 = CARTESIAN_POINT('',(2.809327171405,4.425256205587,
    11.788259532336));
#4033 = CARTESIAN_POINT('',(2.819818469455,5.374332267904,
    11.366553355238));
#4034 = CARTESIAN_POINT('',(2.830317092823,6.276907929695,
    10.858766114255));
#4035 = CARTESIAN_POINT('',(2.856157907028,8.361406995629,9.413029555534
    ));
#4036 = CARTESIAN_POINT('',(2.871530386704,9.482574398912,8.383044517651
    ));
#4037 = CARTESIAN_POINT('',(2.886893251727,10.456465861755,
    7.201549863547));
#4038 = CARTESIAN_POINT('',(2.902242506295,11.26059109614,5.893919998624
    ));
#4039 = CARTESIAN_POINT('',(2.917577011589,11.876802262914,
    4.487934676372));
#4040 = CARTESIAN_POINT('',(2.93291335861,12.29261627106,3.014337485547)
  );
#4041 = CARTESIAN_POINT('',(2.948267623002,12.5,1.506069395928));
#4042 = CARTESIAN_POINT('',(2.963608546748,12.5,7.105427357601E-15));
#4043 = PCURVE('',#2505,#4044);
#4044 = DEFINITIONAL_REPRESENTATION('',(#4045),#4111);
#4045 = B_SPLINE_CURVE_WITH_KNOTS('',8,(#4046,#4047,#4048,#4049,#4050,
    #4051,#4052,#4053,#4054,#4055,#4056,#4057,#4058,#4059,#4060,#4061,
    #4062,#4063,#4064,#4065,#4066,#4067,#4068,#4069,#4070,#4071,#4072,
    #4073,#4074,#4075,#4076,#4077,#4078,#4079,#4080,#4081,#4082,#4083,
    #4084,#4085,#4086,#4087,#4088,#4089,#4090,#4091,#4092,#4093,#4094,
    #4095,#4096,#4097,#4098,#4099,#4100,#4101,#4102,#4103,#4104,#4105,
    #4106,#4107,#4108,#4109,#4110),.UNSPECIFIED.,.F.,.F.,(9,7,7,7,7,7,7,
    7,7,9),(0.,0.118110734457,0.219450156875,0.373645490758,
    0.449559950504,0.526659222593,0.64418309325,0.741544000797,
    0.846556596479,1.),.UNSPECIFIED.);
#4046 = CARTESIAN_POINT('',(0.414996564815,14.251296728561));
#4047 = CARTESIAN_POINT('',(0.415000312121,14.344783866114));
#4048 = CARTESIAN_POINT('',(0.415000473528,14.438320782213));
#4049 = CARTESIAN_POINT('',(0.414995374306,14.531832456642));
#4050 = CARTESIAN_POINT('',(0.414985630938,14.625323928183));
#4051 = CARTESIAN_POINT('',(0.414975482944,14.718814672643));
#4052 = CARTESIAN_POINT('',(0.414970644462,14.812324166325));
#4053 = CARTESIAN_POINT('',(0.414973740234,14.905858885822));
#4054 = CARTESIAN_POINT('',(0.414993026774,15.079556795137));
#4055 = CARTESIAN_POINT('',(0.41500730651,15.159790078749));
#4056 = CARTESIAN_POINT('',(0.415026519338,15.240011934846));
#4057 = CARTESIAN_POINT('',(0.415048559774,15.320224073124));
#4058 = CARTESIAN_POINT('',(0.415069054217,15.4004368006));
#4059 = CARTESIAN_POINT('',(0.415083056481,15.480660043285));
#4060 = CARTESIAN_POINT('',(0.415087339871,15.560894381027));
#4061 = CARTESIAN_POINT('',(0.415072825537,15.763150944289));
#4062 = CARTESIAN_POINT('',(0.41504076276,15.885385195221));
#4063 = CARTESIAN_POINT('',(0.414984241192,16.007513353412));
#4064 = CARTESIAN_POINT('',(0.414916217528,16.129579443761));
#4065 = CARTESIAN_POINT('',(0.414873870897,16.251642086938));
#4066 = CARTESIAN_POINT('',(0.414898788878,16.373761588376));
#4067 = CARTESIAN_POINT('',(0.41495895868,16.495992407647));
#4068 = CARTESIAN_POINT('',(0.415044631192,16.678132652853));
#4069 = CARTESIAN_POINT('',(0.415072141918,16.73822765744));
#4070 = CARTESIAN_POINT('',(0.415094714573,16.798320340244));
#4071 = CARTESIAN_POINT('',(0.415106596231,16.858409705177));
#4072 = CARTESIAN_POINT('',(0.415103766808,16.918498349485));
#4073 = CARTESIAN_POINT('',(0.41508634466,16.978589014837));
#4074 = CARTESIAN_POINT('',(0.41506009698,17.038681378974));
#4075 = CARTESIAN_POINT('',(0.415013653377,17.159794597923));
#4076 = CARTESIAN_POINT('',(0.414993849992,17.220823827414));
#4077 = CARTESIAN_POINT('',(0.414977520211,17.281860672353));
#4078 = CARTESIAN_POINT('',(0.41506041449,17.342876835698));
#4079 = CARTESIAN_POINT('',(0.415055838875,17.403906576716));
#4080 = CARTESIAN_POINT('',(0.415092339528,17.464934359448));
#4081 = CARTESIAN_POINT('',(0.415097193354,17.52596698905));
#4082 = CARTESIAN_POINT('',(0.41508642672,17.68001829764));
#4083 = CARTESIAN_POINT('',(0.415051886322,17.7730949752));
#4084 = CARTESIAN_POINT('',(0.414993494119,17.866148794684));
#4085 = CARTESIAN_POINT('',(0.414937152864,17.959182084525));
#4086 = CARTESIAN_POINT('',(0.414906248773,18.052213762534));
#4087 = CARTESIAN_POINT('',(0.414902224029,18.145263318786));
#4088 = CARTESIAN_POINT('',(0.414918904987,18.238338263142));
#4089 = CARTESIAN_POINT('',(0.414969609814,18.408432053472));
#4090 = CARTESIAN_POINT('',(0.4150001964,18.485516777552));
#4091 = CARTESIAN_POINT('',(0.415033036451,18.562593691118));
#4092 = CARTESIAN_POINT('',(0.415061382536,18.639660895755));
#4093 = CARTESIAN_POINT('',(0.415080319542,18.716728323685));
#4094 = CARTESIAN_POINT('',(0.415088246842,18.79380575073));
#4095 = CARTESIAN_POINT('',(0.415086622408,18.870890811154));
#4096 = CARTESIAN_POINT('',(0.415068635305,19.03107992527));
#4097 = CARTESIAN_POINT('',(0.415051146181,19.11422927918));
#4098 = CARTESIAN_POINT('',(0.415028700987,19.197364627917));
#4099 = CARTESIAN_POINT('',(0.415006513487,19.28048774385));
#4100 = CARTESIAN_POINT('',(0.414989193176,19.363610757884));
#4101 = CARTESIAN_POINT('',(0.414978898932,19.446745847235));
#4102 = CARTESIAN_POINT('',(0.414974951931,19.529894900608));
#4103 = CARTESIAN_POINT('',(0.414976534294,19.73447566724));
#4104 = CARTESIAN_POINT('',(0.414987258468,19.856111150394));
#4105 = CARTESIAN_POINT('',(0.415002169519,19.977641464034));
#4106 = CARTESIAN_POINT('',(0.415009804662,20.099114493382));
#4107 = CARTESIAN_POINT('',(0.415000620386,20.220587429079));
#4108 = CARTESIAN_POINT('',(0.414985295938,20.342117543463));
#4109 = CARTESIAN_POINT('',(0.41497526422,20.463752799951));
#4110 = CARTESIAN_POINT('',(0.414975586657,20.585210603865));
#4111 = ( GEOMETRIC_REPRESENTATION_CONTEXT(2) 
PARAMETRIC_REPRESENTATION_CONTEXT() REPRESENTATION_CONTEXT('2D SPACE',''
  ) );
#4112 = PCURVE('',#1680,#4113);
#4113 = DEFINITIONAL_REPRESENTATION('',(#4114),#4180);
#4114 = B_SPLINE_CURVE_WITH_KNOTS('',8,(#4115,#4116,#4117,#4118,#4119,
    #4120,#4121,#4122,#4123,#4124,#4125,#4126,#4127,#4128,#4129,#4130,
    #4131,#4132,#4133,#4134,#4135,#4136,#4137,#4138,#4139,#4140,#4141,
    #4142,#4143,#4144,#4145,#4146,#4147,#4148,#4149,#4150,#4151,#4152,
    #4153,#4154,#4155,#4156,#4157,#4158,#4159,#4160,#4161,#4162,#4163,
    #4164,#4165,#4166,#4167,#4168,#4169,#4170,#4171,#4172,#4173,#4174,
    #4175,#4176,#4177,#4178,#4179),.UNSPECIFIED.,.F.,.F.,(9,7,7,7,7,7,7,
    7,7,9),(0.,0.118110734457,0.219450156875,0.373645490758,
    0.449559950504,0.526659222593,0.64418309325,0.741544000797,
    0.846556596479,1.),.UNSPECIFIED.);
#4115 = CARTESIAN_POINT('',(-6.28318530718,-2.373626455174));
#4116 = CARTESIAN_POINT('',(-6.190447812804,-2.385437564965));
#4117 = CARTESIAN_POINT('',(-6.097661106988,-2.397251819996));
#4118 = CARTESIAN_POINT('',(-6.004899409469,-2.409058277446));
#4119 = CARTESIAN_POINT('',(-5.912157467126,-2.420858113878));
#4120 = CARTESIAN_POINT('',(-5.819415745731,-2.432657503886));
#4121 = CARTESIAN_POINT('',(-5.72665491663,-2.444463914212));
#4122 = CARTESIAN_POINT('',(-5.633868703199,-2.456280462723));
#4123 = CARTESIAN_POINT('',(-5.461560486167,-2.478236152192));
#4124 = CARTESIAN_POINT('',(-5.38196899451,-2.488382471832));
#4125 = CARTESIAN_POINT('',(-5.302388833547,-2.498531670555));
#4126 = CARTESIAN_POINT('',(-5.222818454453,-2.50868211946));
#4127 = CARTESIAN_POINT('',(-5.143247746922,-2.518831288169));
#4128 = CARTESIAN_POINT('',(-5.063666888384,-2.528976096476));
#4129 = CARTESIAN_POINT('',(-4.984075225938,-2.539113790355));
#4130 = CARTESIAN_POINT('',(-4.783438984735,-2.564646943537));
#4131 = CARTESIAN_POINT('',(-4.66218421388,-2.580057559586));
#4132 = CARTESIAN_POINT('',(-4.541034523425,-2.595433344659));
#4133 = CARTESIAN_POINT('',(-4.419945828792,-2.610791212129));
#4134 = CARTESIAN_POINT('',(-4.29885945436,-2.626171142884));
#4135 = CARTESIAN_POINT('',(-4.177717332766,-2.641617193205));
#4136 = CARTESIAN_POINT('',(-4.056466261672,-2.657108191163));
#4137 = CARTESIAN_POINT('',(-3.875786914032,-2.680188351571));
#4138 = CARTESIAN_POINT('',(-3.816174073085,-2.687802713176));
#4139 = CARTESIAN_POINT('',(-3.756563580683,-2.695412454618));
#4140 = CARTESIAN_POINT('',(-3.696956268953,-2.703012409312));
#4141 = CARTESIAN_POINT('',(-3.637349273773,-2.710599382898));
#4142 = CARTESIAN_POINT('',(-3.577739554784,-2.718173825479));
#4143 = CARTESIAN_POINT('',(-3.518127363767,-2.725740749847));
#4144 = CARTESIAN_POINT('',(-3.397981649544,-2.74099717478));
#4145 = CARTESIAN_POINT('',(-3.33743811453,-2.74868807589));
#4146 = CARTESIAN_POINT('',(-3.276897468049,-2.756382990288));
#4147 = CARTESIAN_POINT('',(-3.216359597281,-2.764162221655));
#4148 = CARTESIAN_POINT('',(-3.155821620302,-2.771866532855));
#4149 = CARTESIAN_POINT('',(-3.095280796488,-2.779606584798));
#4150 = CARTESIAN_POINT('',(-3.034737192672,-2.787319520132));
#4151 = CARTESIAN_POINT('',(-2.881920790439,-2.806767425558));
#4152 = CARTESIAN_POINT('',(-2.789591135418,-2.818493143211));
#4153 = CARTESIAN_POINT('',(-2.697284281776,-2.830195074745));
#4154 = CARTESIAN_POINT('',(-2.60499682725,-2.841896210695));
#4155 = CARTESIAN_POINT('',(-2.512710201865,-2.853619431777));
#4156 = CARTESIAN_POINT('',(-2.420405483082,-2.865368463228));
#4157 = CARTESIAN_POINT('',(-2.328075559739,-2.877138844042));
#4158 = CARTESIAN_POINT('',(-2.159343539175,-2.898666847722));
#4159 = CARTESIAN_POINT('',(-2.08287604603,-2.908429779471));
#4160 = CARTESIAN_POINT('',(-2.006416493567,-2.918193699207));
#4161 = CARTESIAN_POINT('',(-1.92996675245,-2.92795245492));
#4162 = CARTESIAN_POINT('',(-1.853516875483,-2.937702994384));
#4163 = CARTESIAN_POINT('',(-1.777057032822,-2.947445149833));
#4164 = CARTESIAN_POINT('',(-1.700589457265,-2.957179899977));
#4165 = CARTESIAN_POINT('',(-1.54168313644,-2.977396710956));
#4166 = CARTESIAN_POINT('',(-1.459199420177,-2.987883506378));
#4167 = CARTESIAN_POINT('',(-1.376729327515,-2.998364190274));
#4168 = CARTESIAN_POINT('',(-1.294271130384,-3.008843554909));
#4169 = CARTESIAN_POINT('',(-1.211812938581,-3.019327171405));
#4170 = CARTESIAN_POINT('',(-1.129342859736,-3.029818469455));
#4171 = CARTESIAN_POINT('',(-1.046859160262,-3.040317092823));
#4172 = CARTESIAN_POINT('',(-0.843916164473,-3.066157907028));
#4173 = CARTESIAN_POINT('',(-0.723255065906,-3.081530386704));
#4174 = CARTESIAN_POINT('',(-0.602699125079,-3.096893251727));
#4175 = CARTESIAN_POINT('',(-0.482200719125,-3.112242506295));
#4176 = CARTESIAN_POINT('',(-0.361702363825,-3.127577011588));
#4177 = CARTESIAN_POINT('',(-0.241146526488,-3.14291335861));
#4178 = CARTESIAN_POINT('',(-0.120485551674,-3.158267623002));
#4179 = CARTESIAN_POINT('',(0.,-3.173608546748));
#4180 = ( GEOMETRIC_REPRESENTATION_CONTEXT(2) 
PARAMETRIC_REPRESENTATION_CONTEXT() REPRESENTATION_CONTEXT('2D SPACE',''
  ) );
#4181 = ORIENTED_EDGE('',*,*,#4182,.T.);
#4182 = EDGE_CURVE('',#3974,#4183,#4185,.T.);
#4183 = VERTEX_POINT('',#4184);
#4184 = CARTESIAN_POINT('',(3.763691232649,12.5,0.));
#4185 = SURFACE_CURVE('',#4186,(#4252,#4321),.PCURVE_S1.);
#4186 = B_SPLINE_CURVE_WITH_KNOTS('',8,(#4187,#4188,#4189,#4190,#4191,
    #4192,#4193,#4194,#4195,#4196,#4197,#4198,#4199,#4200,#4201,#4202,
    #4203,#4204,#4205,#4206,#4207,#4208,#4209,#4210,#4211,#4212,#4213,
    #4214,#4215,#4216,#4217,#4218,#4219,#4220,#4221,#4222,#4223,#4224,
    #4225,#4226,#4227,#4228,#4229,#4230,#4231,#4232,#4233,#4234,#4235,
    #4236,#4237,#4238,#4239,#4240,#4241,#4242,#4243,#4244,#4245,#4246,
    #4247,#4248,#4249,#4250,#4251),.UNSPECIFIED.,.F.,.F.,(9,7,7,7,7,7,7,
    7,7,9),(0.,0.125802929887,0.277692554758,0.355923330342,
    0.433622848504,0.574886453915,0.664301732836,0.757838738705,
    0.875137860467,1.),.UNSPECIFIED.);
#4187 = CARTESIAN_POINT('',(2.963608546748,12.5,7.105427357601E-15));
#4188 = CARTESIAN_POINT('',(2.976185153497,12.5,-1.234687222386));
#4189 = CARTESIAN_POINT('',(2.98877622474,12.360621273764,
    -2.470202057993));
#4190 = CARTESIAN_POINT('',(3.001371308717,12.081538882571,
    -3.686910293733));
#4191 = CARTESIAN_POINT('',(3.013971695111,11.666123891038,
    -4.866512740191));
#4192 = CARTESIAN_POINT('',(3.026575619184,11.120122900461,
    -5.991644581937));
#4193 = CARTESIAN_POINT('',(3.039176256017,10.451828408659,
    -7.046006397314));
#4194 = CARTESIAN_POINT('',(3.05176845684,9.671874430172,-8.014318085204
    ));
#4195 = CARTESIAN_POINT('',(3.079515187296,7.735099644349,
    -9.931790214467));
#4196 = CARTESIAN_POINT('',(3.094693871497,6.531268721889,
    -10.83771762833));
#4197 = CARTESIAN_POINT('',(3.109839468499,5.207623072394,
    -11.57493293571));
#4198 = CARTESIAN_POINT('',(3.124967837945,3.79231975487,-12.12635528137
    ));
#4199 = CARTESIAN_POINT('',(3.140116291489,2.315052063917,-12.4795200161
    ));
#4200 = CARTESIAN_POINT('',(3.155326797571,0.807306509414,
    -12.62781016499));
#4201 = CARTESIAN_POINT('',(3.170581854394,-0.698141649481,
    -12.56920678274));
#4202 = CARTESIAN_POINT('',(3.193662985311,-2.922538345704,
    -12.17777935888));
#4203 = CARTESIAN_POINT('',(3.201510605507,-3.669492358296,
    -11.99160851574));
#4204 = CARTESIAN_POINT('',(3.209354011617,-4.402715151878,
    -11.75310092047));
#4205 = CARTESIAN_POINT('',(3.21718732234,-5.11792309926,-11.46347829401
    ));
#4206 = CARTESIAN_POINT('',(3.225006757657,-5.811014146879,
    -11.12435501955));
#4207 = CARTESIAN_POINT('',(3.232812559659,-6.478060687013,
    -10.73771260666));
#4208 = CARTESIAN_POINT('',(3.240610120506,-7.115318670663,
    -10.30591162879));
#4209 = CARTESIAN_POINT('',(3.256157544137,-8.319085993843,
    -9.360790683527));
#4210 = CARTESIAN_POINT('',(3.263908283328,-8.88613740839,
    -8.847972841799));
#4211 = CARTESIAN_POINT('',(3.271664901927,-9.41690928543,
    -8.296012067767));
#4212 = CARTESIAN_POINT('',(3.279504612038,-9.908275005221,
    -7.707931507614));
#4213 = CARTESIAN_POINT('',(3.287268880914,-10.35742761424,
    -7.087009560285));
#4214 = CARTESIAN_POINT('',(3.295068898254,-10.76187742496,
    -6.436774267483));
#4215 = CARTESIAN_POINT('',(3.302841243062,-11.11946086274,
    -5.761004262578));
#4216 = CARTESIAN_POINT('',(3.324719422212,-11.99006587064,
    -3.796139417026));
#4217 = CARTESIAN_POINT('',(3.338815222804,-12.39168934956,
    -2.455854314719));
#4218 = CARTESIAN_POINT('',(3.352874286132,-12.62110919668,
    -1.068616682982));
#4219 = CARTESIAN_POINT('',(3.366946736693,-12.6729619388,0.33962317869)
  );
#4220 = CARTESIAN_POINT('',(3.381066223418,-12.54573805617,
    1.743018512636));
#4221 = CARTESIAN_POINT('',(3.395220895531,-12.24239487662,
    3.115879501754));
#4222 = CARTESIAN_POINT('',(3.409397829691,-11.76960426108,
    4.432709332003));
#4223 = CARTESIAN_POINT('',(3.432520547572,-10.74284760451,
    6.450695278396));
#4224 = CARTESIAN_POINT('',(3.441484459363,-10.28201403928,
    7.201122313879));
#4225 = CARTESIAN_POINT('',(3.45044341191,-9.761396893751,7.91365220524)
  );
#4226 = CARTESIAN_POINT('',(3.459394307605,-9.184702386093,
    8.582754461716));
#4227 = CARTESIAN_POINT('',(3.46833689164,-8.556172887458,9.203397695273
    ));
#4228 = CARTESIAN_POINT('',(3.477272888514,-7.880543112859,
    9.771022746627));
#4229 = CARTESIAN_POINT('',(3.486204424891,-7.163061905588,10.2815759244
    ));
#4230 = CARTESIAN_POINT('',(3.504470570204,-5.621364465781,
    11.202373411461));
#4231 = CARTESIAN_POINT('',(3.513808003333,-4.793476855886,
    11.607073472736));
#4232 = CARTESIAN_POINT('',(3.523143965421,-3.932607547805,
    11.941648734005));
#4233 = CARTESIAN_POINT('',(3.532481193056,-3.045724595056,
    12.203047912382));
#4234 = CARTESIAN_POINT('',(3.541822745041,-2.140021015544,
    12.389056521013));
#4235 = CARTESIAN_POINT('',(3.551170196137,-1.222889905789,
    12.49824521895));
#4236 = CARTESIAN_POINT('',(3.560522511688,-0.301926996158,
    12.530032239185));
#4237 = CARTESIAN_POINT('',(3.581604751426,1.764951587478,12.4282119803)
  );
#4238 = CARTESIAN_POINT('',(3.59334491135,2.909545631632,12.250489797308
    ));
#4239 = CARTESIAN_POINT('',(3.605083954775,4.032999583888,
    11.952235436873));
#4240 = CARTESIAN_POINT('',(3.616818372932,5.120563663711,11.53668755946
    ));
#4241 = CARTESIAN_POINT('',(3.628547096542,6.158291161337,
    11.008914726625));
#4242 = CARTESIAN_POINT('',(3.640272990487,7.133093139798,
    10.375873787714));
#4243 = CARTESIAN_POINT('',(3.651999829397,8.032721891771,9.646296772341
    ));
#4244 = CARTESIAN_POINT('',(3.67619977277,9.712104338486,7.964116428355)
  );
#4245 = CARTESIAN_POINT('',(3.688686106477,10.481352310079,
    6.999201185813));
#4246 = CARTESIAN_POINT('',(3.701172604288,11.140200537284,
    5.950074245118));
#4247 = CARTESIAN_POINT('',(3.713664790584,11.678332015729,
    4.831688661777));
#4248 = CARTESIAN_POINT('',(3.726167764215,12.087688452857,
    3.659994833088));
#4249 = CARTESIAN_POINT('',(3.738679622342,12.362672020098,2.45198062347
    ));
#4250 = CARTESIAN_POINT('',(3.751193659903,12.5,1.225570427353));
#4251 = CARTESIAN_POINT('',(3.763691232649,12.5,5.329070518201E-15));
#4252 = PCURVE('',#2505,#4253);
#4253 = DEFINITIONAL_REPRESENTATION('',(#4254),#4320);
#4254 = B_SPLINE_CURVE_WITH_KNOTS('',8,(#4255,#4256,#4257,#4258,#4259,
    #4260,#4261,#4262,#4263,#4264,#4265,#4266,#4267,#4268,#4269,#4270,
    #4271,#4272,#4273,#4274,#4275,#4276,#4277,#4278,#4279,#4280,#4281,
    #4282,#4283,#4284,#4285,#4286,#4287,#4288,#4289,#4290,#4291,#4292,
    #4293,#4294,#4295,#4296,#4297,#4298,#4299,#4300,#4301,#4302,#4303,
    #4304,#4305,#4306,#4307,#4308,#4309,#4310,#4311,#4312,#4313,#4314,
    #4315,#4316,#4317,#4318,#4319),.UNSPECIFIED.,.F.,.F.,(9,7,7,7,7,7,7,
    7,7,9),(0.,0.125802929887,0.277692554758,0.355923330342,
    0.433622848504,0.574886453915,0.664301732836,0.757838738705,
    0.875137860467,1.),.UNSPECIFIED.);
#4255 = CARTESIAN_POINT('',(0.414975586657,20.585210603865));
#4256 = CARTESIAN_POINT('',(0.414975850992,20.684782641487));
#4257 = CARTESIAN_POINT('',(0.414983073372,20.784420930323));
#4258 = CARTESIAN_POINT('',(0.415000070562,20.884023178854));
#4259 = CARTESIAN_POINT('',(0.415026789058,20.983599969033));
#4260 = CARTESIAN_POINT('',(0.415057468963,21.083177286824));
#4261 = CARTESIAN_POINT('',(0.415080549052,21.182781300499));
#4262 = CARTESIAN_POINT('',(0.415088779277,21.282421540989));
#4263 = CARTESIAN_POINT('',(0.415072771286,21.50221421568));
#4264 = CARTESIAN_POINT('',(0.415041403015,21.622607354258));
#4265 = CARTESIAN_POINT('',(0.414986345203,21.742902869749));
#4266 = CARTESIAN_POINT('',(0.414919967972,21.8631405135));
#4267 = CARTESIAN_POINT('',(0.414876933916,21.983375230867));
#4268 = CARTESIAN_POINT('',(0.41489698028,22.103663633245));
#4269 = CARTESIAN_POINT('',(0.414953175161,22.224053990128));
#4270 = CARTESIAN_POINT('',(0.415039015689,22.406200753148));
#4271 = CARTESIAN_POINT('',(0.415068221397,22.468130797726));
#4272 = CARTESIAN_POINT('',(0.415093009683,22.530058123737));
#4273 = CARTESIAN_POINT('',(0.415106922397,22.591980968819));
#4274 = CARTESIAN_POINT('',(0.415105229256,22.653902220198));
#4275 = CARTESIAN_POINT('',(0.415087707622,22.715825338196));
#4276 = CARTESIAN_POINT('',(0.415060457181,22.777750697398));
#4277 = CARTESIAN_POINT('',(0.415013202866,22.901173489793));
#4278 = CARTESIAN_POINT('',(0.41499311204,22.962678474593));
#4279 = CARTESIAN_POINT('',(0.414978592078,23.024191298398));
#4280 = CARTESIAN_POINT('',(0.415062044827,23.085682425116));
#4281 = CARTESIAN_POINT('',(0.415057233874,23.147188503808));
#4282 = CARTESIAN_POINT('',(0.415093618971,23.208691859128));
#4283 = CARTESIAN_POINT('',(0.415097675479,23.270200387618));
#4284 = CARTESIAN_POINT('',(0.415083306247,23.443518109184));
#4285 = CARTESIAN_POINT('',(0.415033838407,23.555463210291));
#4286 = CARTESIAN_POINT('',(0.414951980179,23.667342147337));
#4287 = CARTESIAN_POINT('',(0.414892276959,23.779173375666));
#4288 = CARTESIAN_POINT('',(0.414886735347,23.891001267634));
#4289 = CARTESIAN_POINT('',(0.414915560758,24.002869319407));
#4290 = CARTESIAN_POINT('',(0.414959453732,24.114809099774));
#4291 = CARTESIAN_POINT('',(0.415027916331,24.297405669323));
#4292 = CARTESIAN_POINT('',(0.415053741184,24.368197277103));
#4293 = CARTESIAN_POINT('',(0.415074625638,24.438983894265));
#4294 = CARTESIAN_POINT('',(0.41508737446,24.509763162297));
#4295 = CARTESIAN_POINT('',(0.415090816561,24.580541188023));
#4296 = CARTESIAN_POINT('',(0.415085958088,24.651324644904));
#4297 = CARTESIAN_POINT('',(0.415075297169,24.722113040081));
#4298 = CARTESIAN_POINT('',(0.415046658218,24.866931873805));
#4299 = CARTESIAN_POINT('',(0.415028388056,24.940986699183));
#4300 = CARTESIAN_POINT('',(0.415009408137,25.015034801625));
#4301 = CARTESIAN_POINT('',(0.414993030694,25.089074869532));
#4302 = CARTESIAN_POINT('',(0.4149815445,25.163115242533));
#4303 = CARTESIAN_POINT('',(0.414975580592,25.237164010826));
#4304 = CARTESIAN_POINT('',(0.414974261089,25.311219072773));
#4305 = CARTESIAN_POINT('',(0.414978476176,25.478106096193));
#4306 = CARTESIAN_POINT('',(0.414985834699,25.571006444553));
#4307 = CARTESIAN_POINT('',(0.414995308142,25.663883280807));
#4308 = CARTESIAN_POINT('',(0.415002394263,25.756740058356));
#4309 = CARTESIAN_POINT('',(0.415003196617,25.849595342489));
#4310 = CARTESIAN_POINT('',(0.414998187739,25.942468537646));
#4311 = CARTESIAN_POINT('',(0.414990614004,26.035367008037));
#4312 = CARTESIAN_POINT('',(0.414977000339,26.227061782672));
#4313 = CARTESIAN_POINT('',(0.414971081071,26.32596199096));
#4314 = CARTESIAN_POINT('',(0.414970563786,26.424826023692));
#4315 = CARTESIAN_POINT('',(0.414980075461,26.523665520633));
#4316 = CARTESIAN_POINT('',(0.41500163172,26.622506868182));
#4317 = CARTESIAN_POINT('',(0.415029383925,26.721375574565));
#4318 = CARTESIAN_POINT('',(0.415054497171,26.820279843614));
#4319 = CARTESIAN_POINT('',(0.415070521387,26.919116807647));
#4320 = ( GEOMETRIC_REPRESENTATION_CONTEXT(2) 
PARAMETRIC_REPRESENTATION_CONTEXT() REPRESENTATION_CONTEXT('2D SPACE',''
  ) );
#4321 = PCURVE('',#1438,#4322);
#4322 = DEFINITIONAL_REPRESENTATION('',(#4323),#4389);
#4323 = B_SPLINE_CURVE_WITH_KNOTS('',8,(#4324,#4325,#4326,#4327,#4328,
    #4329,#4330,#4331,#4332,#4333,#4334,#4335,#4336,#4337,#4338,#4339,
    #4340,#4341,#4342,#4343,#4344,#4345,#4346,#4347,#4348,#4349,#4350,
    #4351,#4352,#4353,#4354,#4355,#4356,#4357,#4358,#4359,#4360,#4361,
    #4362,#4363,#4364,#4365,#4366,#4367,#4368,#4369,#4370,#4371,#4372,
    #4373,#4374,#4375,#4376,#4377,#4378,#4379,#4380,#4381,#4382,#4383,
    #4384,#4385,#4386,#4387,#4388),.UNSPECIFIED.,.F.,.F.,(9,7,7,7,7,7,7,
    7,7,9),(0.,0.125802929887,0.277692554758,0.355923330342,
    0.433622848504,0.574886453915,0.664301732836,0.757838738705,
    0.875137860467,1.),.UNSPECIFIED.);
#4324 = CARTESIAN_POINT('',(-6.28318530718,-3.173608546748));
#4325 = CARTESIAN_POINT('',(-6.184410329389,-3.186185153497));
#4326 = CARTESIAN_POINT('',(-6.08556922178,-3.19877622474));
#4327 = CARTESIAN_POINT('',(-5.986763584682,-3.211371308717));
#4328 = CARTESIAN_POINT('',(-5.887983192936,-3.223971695111));
#4329 = CARTESIAN_POINT('',(-5.789202625342,-3.236575619184));
#4330 = CARTESIAN_POINT('',(-5.690396059868,-3.249176256017));
#4331 = CARTESIAN_POINT('',(-5.591553908078,-3.26176845684));
#4332 = CARTESIAN_POINT('',(-5.373522043434,-3.289515187296));
#4333 = CARTESIAN_POINT('',(-5.254093627558,-3.304693871497));
#4334 = CARTESIAN_POINT('',(-5.134761900848,-3.319839468499));
#4335 = CARTESIAN_POINT('',(-5.015487029046,-3.334967837944));
#4336 = CARTESIAN_POINT('',(-4.896214027599,-3.35011629149));
#4337 = CARTESIAN_POINT('',(-4.776888305849,-3.365326797571));
#4338 = CARTESIAN_POINT('',(-4.657462825809,-3.380581854394));
#4339 = CARTESIAN_POINT('',(-4.476776913303,-3.403662985311));
#4340 = CARTESIAN_POINT('',(-4.415343743873,-3.411510605507));
#4341 = CARTESIAN_POINT('',(-4.353913344366,-3.419354011617));
#4342 = CARTESIAN_POINT('',(-4.292487307563,-3.42718732234));
#4343 = CARTESIAN_POINT('',(-4.231062455938,-3.435006757657));
#4344 = CARTESIAN_POINT('',(-4.169634990941,-3.442812559659));
#4345 = CARTESIAN_POINT('',(-4.108204447684,-3.450610120506));
#4346 = CARTESIAN_POINT('',(-3.985767606966,-3.466157544137));
#4347 = CARTESIAN_POINT('',(-3.924752098653,-3.473908283328));
#4348 = CARTESIAN_POINT('',(-3.863739574103,-3.481664901928));
#4349 = CARTESIAN_POINT('',(-3.802729849556,-3.489504612038));
#4350 = CARTESIAN_POINT('',(-3.741719970285,-3.497268880914));
#4351 = CARTESIAN_POINT('',(-3.680707135869,-3.505068898254));
#4352 = CARTESIAN_POINT('',(-3.619691538084,-3.512841243062));
#4353 = CARTESIAN_POINT('',(-3.447763237846,-3.534719422212));
#4354 = CARTESIAN_POINT('',(-3.33671681826,-3.548815222804));
#4355 = CARTESIAN_POINT('',(-3.225735928957,-3.562874286132));
#4356 = CARTESIAN_POINT('',(-3.114800328926,-3.576946736693));
#4357 = CARTESIAN_POINT('',(-3.003867355911,-3.591066223418));
#4358 = CARTESIAN_POINT('',(-2.892894576929,-3.605220895531));
#4359 = CARTESIAN_POINT('',(-2.781851020701,-3.619397829691));
#4360 = CARTESIAN_POINT('',(-2.600716877937,-3.642520547572));
#4361 = CARTESIAN_POINT('',(-2.530492367359,-3.651484459363));
#4362 = CARTESIAN_POINT('',(-2.460272921607,-3.66044341191));
#4363 = CARTESIAN_POINT('',(-2.39006080066,-3.669394307605));
#4364 = CARTESIAN_POINT('',(-2.319849847091,-3.67833689164));
#4365 = CARTESIAN_POINT('',(-2.249633359335,-3.687272888514));
#4366 = CARTESIAN_POINT('',(-2.179411787381,-3.696204424891));
#4367 = CARTESIAN_POINT('',(-2.035752211816,-3.714470570204));
#4368 = CARTESIAN_POINT('',(-1.962290000693,-3.723808003333));
#4369 = CARTESIAN_POINT('',(-1.888834280802,-3.733143965421));
#4370 = CARTESIAN_POINT('',(-1.815386428604,-3.742481193056));
#4371 = CARTESIAN_POINT('',(-1.741938283866,-3.751822745041));
#4372 = CARTESIAN_POINT('',(-1.668481939413,-3.761170196137));
#4373 = CARTESIAN_POINT('',(-1.595019570505,-3.770522511688));
#4374 = CARTESIAN_POINT('',(-1.429468767289,-3.791604751426));
#4375 = CARTESIAN_POINT('',(-1.337312636307,-3.80334491135));
#4376 = CARTESIAN_POINT('',(-1.245180281907,-3.815083954775));
#4377 = CARTESIAN_POINT('',(-1.153068218591,-3.826818372932));
#4378 = CARTESIAN_POINT('',(-1.06095780095,-3.838547096542));
#4379 = CARTESIAN_POINT('',(-0.96882948518,-3.850272990487));
#4380 = CARTESIAN_POINT('',(-0.876675774406,-3.861999829397));
#4381 = CARTESIAN_POINT('',(-0.686517000964,-3.88619977277));
#4382 = CARTESIAN_POINT('',(-0.588408815131,-3.898686106477));
#4383 = CARTESIAN_POINT('',(-0.490335996064,-3.911172604288));
#4384 = CARTESIAN_POINT('',(-0.392287078349,-3.923664790584));
#4385 = CARTESIAN_POINT('',(-0.294236186271,-3.936167764214));
#4386 = CARTESIAN_POINT('',(-0.19615836979,-3.948679622342));
#4387 = CARTESIAN_POINT('',(-9.804563418827E-02,-3.961193659903));
#4388 = CARTESIAN_POINT('',(0.,-3.973691232649));
#4389 = ( GEOMETRIC_REPRESENTATION_CONTEXT(2) 
PARAMETRIC_REPRESENTATION_CONTEXT() REPRESENTATION_CONTEXT('2D SPACE',''
  ) );
#4390 = ORIENTED_EDGE('',*,*,#4391,.T.);
#4391 = EDGE_CURVE('',#4183,#4392,#4394,.T.);
#4392 = VERTEX_POINT('',#4393);
#4393 = CARTESIAN_POINT('',(4.563605165243,12.5,0.));
#4394 = SURFACE_CURVE('',#4395,(#4475,#4558),.PCURVE_S1.);
#4395 = B_SPLINE_CURVE_WITH_KNOTS('',8,(#4396,#4397,#4398,#4399,#4400,
    #4401,#4402,#4403,#4404,#4405,#4406,#4407,#4408,#4409,#4410,#4411,
    #4412,#4413,#4414,#4415,#4416,#4417,#4418,#4419,#4420,#4421,#4422,
    #4423,#4424,#4425,#4426,#4427,#4428,#4429,#4430,#4431,#4432,#4433,
    #4434,#4435,#4436,#4437,#4438,#4439,#4440,#4441,#4442,#4443,#4444,
    #4445,#4446,#4447,#4448,#4449,#4450,#4451,#4452,#4453,#4454,#4455,
    #4456,#4457,#4458,#4459,#4460,#4461,#4462,#4463,#4464,#4465,#4466,
    #4467,#4468,#4469,#4470,#4471,#4472,#4473,#4474),.UNSPECIFIED.,.F.,
  .F.,(9,7,7,7,7,7,7,7,7,7,7,9),(0.,0.162537951589,0.253195570297,
    0.300775467616,0.348464891491,0.481231689923,0.571536237711,
    0.671533728204,0.765657687022,0.84417284206,0.928183485557,1.),
  .UNSPECIFIED.);
#4396 = CARTESIAN_POINT('',(3.763691232649,12.5,5.329070518201E-15));
#4397 = CARTESIAN_POINT('',(3.779960094478,12.5,-1.59540067099));
#4398 = CARTESIAN_POINT('',(3.796245181738,12.267284236269,
    -3.193714525369));
#4399 = CARTESIAN_POINT('',(3.812485841529,11.800388075464,
    -4.750573100575));
#4400 = CARTESIAN_POINT('',(3.828685381285,11.109683735951,
    -6.226977751476));
#4401 = CARTESIAN_POINT('',(3.844864853108,10.210753023256,
    -7.586674752423));
#4402 = CARTESIAN_POINT('',(3.861092872109,9.126394578946,
    -8.797433988768));
#4403 = CARTESIAN_POINT('',(3.87738756897,7.884479509109,-9.830074752802
    ));
#4404 = CARTESIAN_POINT('',(3.902765326683,5.76448119799,-11.1271121407)
  );
#4405 = CARTESIAN_POINT('',(3.911861488727,4.967475819799,
    -11.52985335774));
#4406 = CARTESIAN_POINT('',(3.920961496303,4.138590498417,
    -11.86716954935));
#4407 = CARTESIAN_POINT('',(3.930057165991,3.284135429719,
    -12.13618484222));
#4408 = CARTESIAN_POINT('',(3.939140063614,2.41062904262,-12.33476539981
    ));
#4409 = CARTESIAN_POINT('',(3.948204461297,1.524773975561,
    -12.46147328878));
#4410 = CARTESIAN_POINT('',(3.957251034618,0.633458863113,
    -12.51561346773));
#4411 = CARTESIAN_POINT('',(3.971035908129,-0.723141693281,-12.487801213
    ));
#4412 = CARTESIAN_POINT('',(3.975777163734,-1.189674002974,
    -12.45828931052));
#4413 = CARTESIAN_POINT('',(3.980520642129,-1.654802270416,
    -12.40886016396));
#4414 = CARTESIAN_POINT('',(3.985269960771,-2.117530054736,
    -12.33959407671));
#4415 = CARTESIAN_POINT('',(3.990026779083,-2.576873200181,
    -12.25062968238));
#4416 = CARTESIAN_POINT('',(3.994790798456,-3.031859836114,
    -12.14216394479));
#4417 = CARTESIAN_POINT('',(3.999559762249,-3.481530377015,
    -12.01445215794));
#4418 = CARTESIAN_POINT('',(4.009110128923,-4.369365369127,
    -11.7208261665));
#4419 = CARTESIAN_POINT('',(4.013891672631,-4.807504018239,
    -11.55482397977));
#4420 = CARTESIAN_POINT('',(4.018671777853,-5.238399746614,
    -11.37011604255));
#4421 = CARTESIAN_POINT('',(4.023448766756,-5.661123539143,
    -11.16707219272));
#4422 = CARTESIAN_POINT('',(4.028221592726,-6.07477108881,
    -10.94611744936));
#4423 = CARTESIAN_POINT('',(4.032989840375,-6.478462796693,
    -10.70773201274));
#4424 = CARTESIAN_POINT('',(4.037753725535,-6.871343771964,
    -10.45245126433));
#4425 = CARTESIAN_POINT('',(4.055766908918,-8.313951700843,
    -9.424774917311));
#4426 = CARTESIAN_POINT('',(4.069004856381,-9.286201690786,
    -8.541539604177));
#4427 = CARTESIAN_POINT('',(4.082223350509,-10.14999617764,
    -7.544332021611));
#4428 = CARTESIAN_POINT('',(4.095460102576,-10.89029757132,
    -6.449138942287));
#4429 = CARTESIAN_POINT('',(4.10873495454,-11.49472311944,
    -5.273533267657));
#4430 = CARTESIAN_POINT('',(4.122038790267,-11.95386608511,
    -4.036822824217));
#4431 = CARTESIAN_POINT('',(4.13535949455,-12.26098529052,
    -2.759804539195));
#4432 = CARTESIAN_POINT('',(4.157720294731,-12.51771025442,
    -0.585335494382));
#4433 = CARTESIAN_POINT('',(4.166773632923,-12.55032044217,
    0.303543111931));
#4434 = CARTESIAN_POINT('',(4.175821818082,-12.51073796213,
    1.194027737655));
#4435 = CARTESIAN_POINT('',(4.184861688348,-12.39898730476,
    2.079259370008));
#4436 = CARTESIAN_POINT('',(4.193893056633,-12.21584437776,
    2.952503226621));
#4437 = CARTESIAN_POINT('',(4.202917788066,-11.96278219722,
    3.807150572628));
#4438 = CARTESIAN_POINT('',(4.211938129635,-11.64200987145,4.6367352888)
  );
#4439 = CARTESIAN_POINT('',(4.230938214554,-10.82983199507,
    6.318874019058));
#4440 = CARTESIAN_POINT('',(4.240921213862,-10.32362376712,
    7.164713818616));
#4441 = CARTESIAN_POINT('',(4.250902746488,-9.742093510893,
    7.963795317653));
#4442 = CARTESIAN_POINT('',(4.260886095264,-9.090381815402,
    8.708363172451));
#4443 = CARTESIAN_POINT('',(4.270874928656,-8.374459832376,
    9.391426249557));
#4444 = CARTESIAN_POINT('',(4.280870870665,-7.601057473769,
    10.006711271797));
#4445 = CARTESIAN_POINT('',(4.290872081267,-6.777716516348,
    10.548739828053));
#4446 = CARTESIAN_POINT('',(4.310286200603,-5.099013226863,
    11.450046824516));
#4447 = CARTESIAN_POINT('',(4.319703851664,-4.24795685447,
    11.818412651056));
#4448 = CARTESIAN_POINT('',(4.329121416961,-3.366817088485,
    12.11429169367));
#4449 = CARTESIAN_POINT('',(4.338536613067,-2.462844917255,
    12.334904159503));
#4450 = CARTESIAN_POINT('',(4.34794902883,-1.543474081625,
    12.478346121014));
#4451 = CARTESIAN_POINT('',(4.357359384085,-0.616294957408,
    12.543528962629));
#4452 = CARTESIAN_POINT('',(4.366768274977,0.310947036178,
    12.530237148648));
#4453 = CARTESIAN_POINT('',(4.384020695367,1.997246715586,
    12.363451088381));
#4454 = CARTESIAN_POINT('',(4.391867563495,2.75894319092,12.233548090993
    ));
#4455 = CARTESIAN_POINT('',(4.399714150748,3.51081201327,12.050021764007
    ));
#4456 = CARTESIAN_POINT('',(4.407561220223,4.248429725121,
    11.813782123005));
#4457 = CARTESIAN_POINT('',(4.415410190636,4.967535387249,
    11.526152320308));
#4458 = CARTESIAN_POINT('',(4.423262299403,5.664023972368,
    11.188837729985));
#4459 = CARTESIAN_POINT('',(4.431117895789,6.333953091484,
    10.803934552967));
#4460 = CARTESIAN_POINT('',(4.447383832985,7.657941048833,9.913927503277
    ));
#4461 = CARTESIAN_POINT('',(4.455795935494,8.30772523296,9.402216420326)
  );
#4462 = CARTESIAN_POINT('',(4.46421008951,8.918223993162,8.841965181837)
  );
#4463 = CARTESIAN_POINT('',(4.47262482725,9.48523711586,8.236736729342)
  );
#4464 = CARTESIAN_POINT('',(4.481038768667,10.00498922402,7.5904705189)
  );
#4465 = CARTESIAN_POINT('',(4.489450287771,10.474110152808,
    6.907457365804));
#4466 = CARTESIAN_POINT('',(4.497857371902,10.889662262937,6.19235507259
    ));
#4467 = CARTESIAN_POINT('',(4.513438673752,11.5565781533,4.815851768281)
  );
#4468 = CARTESIAN_POINT('',(4.520615914444,11.823071081486,4.16161462975
    ));
#4469 = CARTESIAN_POINT('',(4.527788291894,12.047171292322,
    3.490655509751));
#4470 = CARTESIAN_POINT('',(4.534955915732,12.227679945547,
    2.806183281117));
#4471 = CARTESIAN_POINT('',(4.542119702214,12.363686584658,
    2.111483656023));
#4472 = CARTESIAN_POINT('',(4.549281439096,12.454568410042,
    1.409916707925));
#4473 = CARTESIAN_POINT('',(4.556442907336,12.499999998577,
    0.704917057374));
#4474 = CARTESIAN_POINT('',(4.563605165243,12.5,1.7763568394E-15));
#4475 = PCURVE('',#2505,#4476);
#4476 = DEFINITIONAL_REPRESENTATION('',(#4477),#4557);
#4477 = B_SPLINE_CURVE_WITH_KNOTS('',8,(#4478,#4479,#4480,#4481,#4482,
    #4483,#4484,#4485,#4486,#4487,#4488,#4489,#4490,#4491,#4492,#4493,
    #4494,#4495,#4496,#4497,#4498,#4499,#4500,#4501,#4502,#4503,#4504,
    #4505,#4506,#4507,#4508,#4509,#4510,#4511,#4512,#4513,#4514,#4515,
    #4516,#4517,#4518,#4519,#4520,#4521,#4522,#4523,#4524,#4525,#4526,
    #4527,#4528,#4529,#4530,#4531,#4532,#4533,#4534,#4535,#4536,#4537,
    #4538,#4539,#4540,#4541,#4542,#4543,#4544,#4545,#4546,#4547,#4548,
    #4549,#4550,#4551,#4552,#4553,#4554,#4555,#4556),.UNSPECIFIED.,.F.,
  .F.,(9,7,7,7,7,7,7,7,7,7,7,9),(0.,0.162537951589,0.253195570297,
    0.300775467616,0.348464891491,0.481231689923,0.571536237711,
    0.671533728204,0.765657687022,0.84417284206,0.928183485557,1.),
  .UNSPECIFIED.);
#4478 = CARTESIAN_POINT('',(0.415070521387,26.919116807647));
#4479 = CARTESIAN_POINT('',(0.415091381099,27.047778984229));
#4480 = CARTESIAN_POINT('',(0.415096927495,27.17667585687));
#4481 = CARTESIAN_POINT('',(0.415072433827,27.305429376917));
#4482 = CARTESIAN_POINT('',(0.415011285325,27.434111619063));
#4483 = CARTESIAN_POINT('',(0.414927340458,27.562793120122));
#4484 = CARTESIAN_POINT('',(0.414888817652,27.69154387922));
#4485 = CARTESIAN_POINT('',(0.414905655166,27.820438501638));
#4486 = CARTESIAN_POINT('',(0.414977110031,28.020868342995));
#4487 = CARTESIAN_POINT('',(0.415011583865,28.092647029268));
#4488 = CARTESIAN_POINT('',(0.415051179297,28.164420633096));
#4489 = CARTESIAN_POINT('',(0.415086842296,28.236187174116));
#4490 = CARTESIAN_POINT('',(0.415108027558,28.307953031803));
#4491 = CARTESIAN_POINT('',(0.415107281217,28.379724565636));
#4492 = CARTESIAN_POINT('',(0.415085611062,28.451500131357));
#4493 = CARTESIAN_POINT('',(0.415044491256,28.560925580726));
#4494 = CARTESIAN_POINT('',(0.415026427934,28.598589248892));
#4495 = CARTESIAN_POINT('',(0.415010869147,28.636253138626));
#4496 = CARTESIAN_POINT('',(0.415001981023,28.673916988972));
#4497 = CARTESIAN_POINT('',(0.415001680969,28.71158063724));
#4498 = CARTESIAN_POINT('',(0.415009637672,28.749244019002));
#4499 = CARTESIAN_POINT('',(0.415023271092,28.786907168096));
#4500 = CARTESIAN_POINT('',(0.415052267187,28.862319963613));
#4501 = CARTESIAN_POINT('',(0.415067802656,28.900069523761));
#4502 = CARTESIAN_POINT('',(0.415081649445,28.937819411079));
#4503 = CARTESIAN_POINT('',(0.415091858655,28.975569861231));
#4504 = CARTESIAN_POINT('',(0.415097241918,29.013320831536));
#4505 = CARTESIAN_POINT('',(0.415097371399,29.051072000963));
#4506 = CARTESIAN_POINT('',(0.415092579794,29.088822770138));
#4507 = CARTESIAN_POINT('',(0.415059963851,29.231666403435));
#4508 = CARTESIAN_POINT('',(0.415005135191,29.336856736721));
#4509 = CARTESIAN_POINT('',(0.414935297407,29.441997170352));
#4510 = CARTESIAN_POINT('',(0.414891681213,29.547100248002));
#4511 = CARTESIAN_POINT('',(0.41489208613,29.652199586026));
#4512 = CARTESIAN_POINT('',(0.414921138908,29.757329659164));
#4513 = CARTESIAN_POINT('',(0.414962313067,29.862509197217));
#4514 = CARTESIAN_POINT('',(0.415028499502,30.039089159612));
#4515 = CARTESIAN_POINT('',(0.415054528909,30.110587371819));
#4516 = CARTESIAN_POINT('',(0.415075440157,30.182080292282));
#4517 = CARTESIAN_POINT('',(0.415087971881,30.253565512597));
#4518 = CARTESIAN_POINT('',(0.415090978468,30.325049498967));
#4519 = CARTESIAN_POINT('',(0.415085574159,30.396539288427));
#4520 = CARTESIAN_POINT('',(0.415074397836,30.468034364306));
#4521 = CARTESIAN_POINT('',(0.415044053651,30.618675912294));
#4522 = CARTESIAN_POINT('',(0.415024180296,30.697853057371));
#4523 = CARTESIAN_POINT('',(0.41500397736,30.777020876596));
#4524 = CARTESIAN_POINT('',(0.414987461327,30.856177497542));
#4525 = CARTESIAN_POINT('',(0.41497714438,30.93533453688));
#4526 = CARTESIAN_POINT('',(0.414973265132,31.014503197042));
#4527 = CARTESIAN_POINT('',(0.414974171978,31.093680367578));
#4528 = CARTESIAN_POINT('',(0.41498132958,31.247339821539));
#4529 = CARTESIAN_POINT('',(0.414987243801,31.321861986494));
#4530 = CARTESIAN_POINT('',(0.414993949986,31.39637797804));
#4531 = CARTESIAN_POINT('',(0.414999196821,31.470885335593));
#4532 = CARTESIAN_POINT('',(0.415001354578,31.545392109976));
#4533 = CARTESIAN_POINT('',(0.415000034177,31.619906699697));
#4534 = CARTESIAN_POINT('',(0.414996104132,31.694427799574));
#4535 = CARTESIAN_POINT('',(0.414986935618,31.831085503794));
#4536 = CARTESIAN_POINT('',(0.414982023418,31.893246277867));
#4537 = CARTESIAN_POINT('',(0.414977213028,31.95540412203));
#4538 = CARTESIAN_POINT('',(0.414973736981,32.017556527529));
#4539 = CARTESIAN_POINT('',(0.414972784451,32.079706477223));
#4540 = CARTESIAN_POINT('',(0.414975170165,32.141858116154));
#4541 = CARTESIAN_POINT('',(0.414981103911,32.204012754213));
#4542 = CARTESIAN_POINT('',(0.414999644219,32.332667865721));
#4543 = CARTESIAN_POINT('',(0.415012687054,32.399179260682));
#4544 = CARTESIAN_POINT('',(0.415028632389,32.465686762711));
#4545 = CARTESIAN_POINT('',(0.41504594249,32.532189418501));
#4546 = CARTESIAN_POINT('',(0.415062341694,32.598692088647));
#4547 = CARTESIAN_POINT('',(0.415075276437,32.665199614414));
#4548 = CARTESIAN_POINT('',(0.415082592229,32.731711007126));
#4549 = CARTESIAN_POINT('',(0.415084141698,32.855063465681));
#4550 = CARTESIAN_POINT('',(0.415079930474,32.91191642551));
#4551 = CARTESIAN_POINT('',(0.415071485721,32.968767858418));
#4552 = CARTESIAN_POINT('',(0.415054720757,33.025618446513));
#4553 = CARTESIAN_POINT('',(0.415038312223,33.082469900203));
#4554 = CARTESIAN_POINT('',(0.415014265553,33.139324044468));
#4555 = CARTESIAN_POINT('',(0.41499276542,33.196179320545));
#4556 = CARTESIAN_POINT('',(0.414972267525,33.253027892618));
#4557 = ( GEOMETRIC_REPRESENTATION_CONTEXT(2) 
PARAMETRIC_REPRESENTATION_CONTEXT() REPRESENTATION_CONTEXT('2D SPACE',''
  ) );
#4558 = PCURVE('',#1175,#4559);
#4559 = DEFINITIONAL_REPRESENTATION('',(#4560),#4640);
#4560 = B_SPLINE_CURVE_WITH_KNOTS('',8,(#4561,#4562,#4563,#4564,#4565,
    #4566,#4567,#4568,#4569,#4570,#4571,#4572,#4573,#4574,#4575,#4576,
    #4577,#4578,#4579,#4580,#4581,#4582,#4583,#4584,#4585,#4586,#4587,
    #4588,#4589,#4590,#4591,#4592,#4593,#4594,#4595,#4596,#4597,#4598,
    #4599,#4600,#4601,#4602,#4603,#4604,#4605,#4606,#4607,#4608,#4609,
    #4610,#4611,#4612,#4613,#4614,#4615,#4616,#4617,#4618,#4619,#4620,
    #4621,#4622,#4623,#4624,#4625,#4626,#4627,#4628,#4629,#4630,#4631,
    #4632,#4633,#4634,#4635,#4636,#4637,#4638,#4639),.UNSPECIFIED.,.F.,
  .F.,(9,7,7,7,7,7,7,7,7,7,7,9),(0.,0.162537951589,0.253195570297,
    0.300775467616,0.348464891491,0.481231689923,0.571536237711,
    0.671533728204,0.765657687022,0.84417284206,0.928183485557,1.),
  .UNSPECIFIED.);
#4561 = CARTESIAN_POINT('',(-6.28318530718,-3.973691232649));
#4562 = CARTESIAN_POINT('',(-6.1555532535,-3.989960094478));
#4563 = CARTESIAN_POINT('',(-6.027688955609,-4.006245181738));
#4564 = CARTESIAN_POINT('',(-5.899967349137,-4.022485841529));
#4565 = CARTESIAN_POINT('',(-5.772316523315,-4.038685381285));
#4566 = CARTESIAN_POINT('',(-5.644665203553,-4.054864853108));
#4567 = CARTESIAN_POINT('',(-5.516944369658,-4.071092872109));
#4568 = CARTESIAN_POINT('',(-5.38908164421,-4.08738756897));
#4569 = CARTESIAN_POINT('',(-5.190257922088,-4.112765326683));
#4570 = CARTESIAN_POINT('',(-5.119054744985,-4.121861488727));
#4571 = CARTESIAN_POINT('',(-5.047856913127,-4.130961496303));
#4572 = CARTESIAN_POINT('',(-4.976666397789,-4.140057165991));
#4573 = CARTESIAN_POINT('',(-4.905476547603,-4.149140063614));
#4574 = CARTESIAN_POINT('',(-4.834280436938,-4.158204461297));
#4575 = CARTESIAN_POINT('',(-4.763079209833,-4.167251034618));
#4576 = CARTESIAN_POINT('',(-4.654528360075,-4.181035908129));
#4577 = CARTESIAN_POINT('',(-4.617165576837,-4.185777163734));
#4578 = CARTESIAN_POINT('',(-4.579802603421,-4.190520642129));
#4579 = CARTESIAN_POINT('',(-4.542439794686,-4.195269960771));
#4580 = CARTESIAN_POINT('',(-4.505077326693,-4.200026779083));
#4581 = CARTESIAN_POINT('',(-4.467715196707,-4.204790798456));
#4582 = CARTESIAN_POINT('',(-4.430353223194,-4.209559762249));
#4583 = CARTESIAN_POINT('',(-4.355542862583,-4.219110128923));
#4584 = CARTESIAN_POINT('',(-4.318094955266,-4.223891672631));
#4585 = CARTESIAN_POINT('',(-4.280646906467,-4.228671777853));
#4586 = CARTESIAN_POINT('',(-4.243198535763,-4.233448766756));
#4587 = CARTESIAN_POINT('',(-4.205749899707,-4.238221592726));
#4588 = CARTESIAN_POINT('',(-4.168301291838,-4.242989840375));
#4589 = CARTESIAN_POINT('',(-4.130853242671,-4.247753725535));
#4590 = CARTESIAN_POINT('',(-3.989155280835,-4.265766908918));
#4591 = CARTESIAN_POINT('',(-3.884809279669,-4.279004856381));
#4592 = CARTESIAN_POINT('',(-3.780512261839,-4.29222335051));
#4593 = CARTESIAN_POINT('',(-3.676250784476,-4.305460102575));
#4594 = CARTESIAN_POINT('',(-3.571992523147,-4.31873495454));
#4595 = CARTESIAN_POINT('',(-3.467703844432,-4.332038790266));
#4596 = CARTESIAN_POINT('',(-3.363366425206,-4.34535949455));
#4597 = CARTESIAN_POINT('',(-3.188200705566,-4.367720294731));
#4598 = CARTESIAN_POINT('',(-3.117275253441,-4.376773632923));
#4599 = CARTESIAN_POINT('',(-3.046355166577,-4.385821818082));
#4600 = CARTESIAN_POINT('',(-2.975442750861,-4.394861688348));
#4601 = CARTESIAN_POINT('',(-2.90453148889,-4.403893056633));
#4602 = CARTESIAN_POINT('',(-2.833614316939,-4.412917788066));
#4603 = CARTESIAN_POINT('',(-2.762691709765,-4.421938129635));
#4604 = CARTESIAN_POINT('',(-2.613256000818,-4.440938214554));
#4605 = CARTESIAN_POINT('',(-2.534712433148,-4.450921213862));
#4606 = CARTESIAN_POINT('',(-2.456177917392,-4.460902746488));
#4607 = CARTESIAN_POINT('',(-2.377654414073,-4.470886095264));
#4608 = CARTESIAN_POINT('',(-2.299130545157,-4.480874928656));
#4609 = CARTESIAN_POINT('',(-2.220595339972,-4.490870870665));
#4610 = CARTESIAN_POINT('',(-2.14205197897,-4.500872081267));
#4611 = CARTESIAN_POINT('',(-1.98962313055,-4.520286200603));
#4612 = CARTESIAN_POINT('',(-1.915698048132,-4.529703851664));
#4613 = CARTESIAN_POINT('',(-1.841779365437,-4.539121416961));
#4614 = CARTESIAN_POINT('',(-1.767869474652,-4.548536613067));
#4615 = CARTESIAN_POINT('',(-1.693960288861,-4.55794902883));
#4616 = CARTESIAN_POINT('',(-1.620043347952,-4.567359384085));
#4617 = CARTESIAN_POINT('',(-1.546119824345,-4.576768274977));
#4618 = CARTESIAN_POINT('',(-1.410557606631,-4.594020695367));
#4619 = CARTESIAN_POINT('',(-1.348894995082,-4.601867563495));
#4620 = CARTESIAN_POINT('',(-1.287235111179,-4.609714150748));
#4621 = CARTESIAN_POINT('',(-1.225580421025,-4.617561220223));
#4622 = CARTESIAN_POINT('',(-1.163927972746,-4.625410190636));
#4623 = CARTESIAN_POINT('',(-1.102273691067,-4.633262299403));
#4624 = CARTESIAN_POINT('',(-1.040616333285,-4.641117895789));
#4625 = CARTESIAN_POINT('',(-0.912990463564,-4.657383832985));
#4626 = CARTESIAN_POINT('',(-0.847011111795,-4.665795935494));
#4627 = CARTESIAN_POINT('',(-0.781035643594,-4.67421008951));
#4628 = CARTESIAN_POINT('',(-0.715065084101,-4.68262482725));
#4629 = CARTESIAN_POINT('',(-0.649094668945,-4.691038768667));
#4630 = CARTESIAN_POINT('',(-0.583119614251,-4.699450287771));
#4631 = CARTESIAN_POINT('',(-0.517140879041,-4.707857371902));
#4632 = CARTESIAN_POINT('',(-0.3947764881,-4.723438673752));
#4633 = CARTESIAN_POINT('',(-0.33837901195,-4.730615914444));
#4634 = CARTESIAN_POINT('',(-0.281983057694,-4.737788291894));
#4635 = CARTESIAN_POINT('',(-0.22558806032,-4.744955915732));
#4636 = CARTESIAN_POINT('',(-0.169191979932,-4.752119702214));
#4637 = CARTESIAN_POINT('',(-0.112793335993,-4.759281439096));
#4638 = CARTESIAN_POINT('',(-5.639336458994E-02,-4.766442907336));
#4639 = CARTESIAN_POINT('',(0.,-4.773605165243));
#4640 = ( GEOMETRIC_REPRESENTATION_CONTEXT(2) 
PARAMETRIC_REPRESENTATION_CONTEXT() REPRESENTATION_CONTEXT('2D SPACE',''
  ) );
#4641 = ORIENTED_EDGE('',*,*,#4642,.T.);
#4642 = EDGE_CURVE('',#4392,#4643,#4645,.T.);
#4643 = VERTEX_POINT('',#4644);
#4644 = CARTESIAN_POINT('',(5.363647507711,12.5,0.));
#4645 = SURFACE_CURVE('',#4646,(#4719,#4795),.PCURVE_S1.);
#4646 = B_SPLINE_CURVE_WITH_KNOTS('',8,(#4647,#4648,#4649,#4650,#4651,
    #4652,#4653,#4654,#4655,#4656,#4657,#4658,#4659,#4660,#4661,#4662,
    #4663,#4664,#4665,#4666,#4667,#4668,#4669,#4670,#4671,#4672,#4673,
    #4674,#4675,#4676,#4677,#4678,#4679,#4680,#4681,#4682,#4683,#4684,
    #4685,#4686,#4687,#4688,#4689,#4690,#4691,#4692,#4693,#4694,#4695,
    #4696,#4697,#4698,#4699,#4700,#4701,#4702,#4703,#4704,#4705,#4706,
    #4707,#4708,#4709,#4710,#4711,#4712,#4713,#4714,#4715,#4716,#4717,
    #4718),.UNSPECIFIED.,.F.,.F.,(9,7,7,7,7,7,7,7,7,7,9),(0.,
    9.332223303936E-02,0.142333384723,0.1919287594,0.353154535588,
    0.464348920903,0.555365631981,0.64967011883,0.745792227533,
    0.849548455201,1.),.UNSPECIFIED.);
#4647 = CARTESIAN_POINT('',(4.563605165243,12.5,3.552713678801E-15));
#4648 = CARTESIAN_POINT('',(4.572911461872,12.5,-0.915935968488));
#4649 = CARTESIAN_POINT('',(4.582222596265,12.423296404574,
    -1.832075219012));
#4650 = CARTESIAN_POINT('',(4.591539807775,12.269833421427,
    -2.740628900217));
#4651 = CARTESIAN_POINT('',(4.60086792407,12.040558236638,
    -3.634090580091));
#4652 = CARTESIAN_POINT('',(4.610210413848,11.737247265085,
    -4.505197957049));
#4653 = CARTESIAN_POINT('',(4.61956643036,11.362443010852,
    -5.346926927336));
#4654 = CARTESIAN_POINT('',(4.628929845726,10.919501537597,
    -6.152518008764));
#4655 = CARTESIAN_POINT('',(4.643206205031,10.146614079972,
    -7.316257930271));
#4656 = CARTESIAN_POINT('',(4.648122025566,9.862848416584,
    -7.705281754368));
#4657 = CARTESIAN_POINT('',(4.653036210723,9.562060933173,
    -8.081693389389));
#4658 = CARTESIAN_POINT('',(4.6579475602,9.244908457004,-8.444624793844)
  );
#4659 = CARTESIAN_POINT('',(4.662855200318,8.91209726816,-8.793253088411
    ));
#4660 = CARTESIAN_POINT('',(4.667758584022,8.564383099543,
    -9.126800555941));
#4661 = CARTESIAN_POINT('',(4.672657490883,8.202571136874,
    -9.444534641456));
#4662 = CARTESIAN_POINT('',(4.682504907184,7.447990166481,
    -10.05059202576));
#4663 = CARTESIAN_POINT('',(4.687453075914,7.054888807757,
    -10.33853178263));
#4664 = CARTESIAN_POINT('',(4.69239790103,6.649098152723,-10.60887511648
    ));
#4665 = CARTESIAN_POINT('',(4.697341163723,6.23154022467,-10.86097086311
    ));
#4666 = CARTESIAN_POINT('',(4.702285058627,5.803172859981,
    -11.09422880032));
#4667 = CARTESIAN_POINT('',(4.707232193824,5.36498970813,-11.30811964796
    ));
#4668 = CARTESIAN_POINT('',(4.712185590839,4.918020231685,
    -11.50217506792));
#4669 = CARTESIAN_POINT('',(4.73328282328,2.985211366508,-12.24102161973
    ));
#4670 = CARTESIAN_POINT('',(4.749520630651,1.422586249351,
    -12.59325406979));
#4671 = CARTESIAN_POINT('',(4.765692059243,-0.184500398268,
    -12.71579810261));
#4672 = CARTESIAN_POINT('',(4.78170580683,-1.796880096889,-12.604497389)
  );
#4673 = CARTESIAN_POINT('',(4.797744027955,-3.376126310085,
    -12.26079864094));
#4674 = CARTESIAN_POINT('',(4.813827125212,-4.884924728409,
    -11.69406709905));
#4675 = CARTESIAN_POINT('',(4.82997452426,-6.286872771484,
    -10.91922464883));
#4676 = CARTESIAN_POINT('',(4.857251036803,-8.418199191848,
    -9.304573483464));
#4677 = CARTESIAN_POINT('',(4.868401282684,-9.222745074875,
    -8.558435089996));
#4678 = CARTESIAN_POINT('',(4.879555484324,-9.951138337445,
    -7.733160167445));
#4679 = CARTESIAN_POINT('',(4.890704649268,-10.59448574699,-6.8379879706
    ));
#4680 = CARTESIAN_POINT('',(4.901842570681,-11.14524700234,
    -5.883058843268));
#4681 = CARTESIAN_POINT('',(4.91296934828,-11.59728559708,
    -4.879422236741));
#4682 = CARTESIAN_POINT('',(4.9240873969,-11.9458459632,-3.838993609057)
  );
#4683 = CARTESIAN_POINT('',(4.944284148896,-12.38642760815,
    -1.903800540955));
#4684 = CARTESIAN_POINT('',(4.953371634895,-12.51362885712,
    -1.016399085282));
#4685 = CARTESIAN_POINT('',(4.962455526281,-12.56808153077,
    -0.119650297824));
#4686 = CARTESIAN_POINT('',(4.971538521484,-12.54907286199,
    0.779473613631));
#4687 = CARTESIAN_POINT('',(4.980624054809,-12.45666825867,
    1.674038565877));
#4688 = CARTESIAN_POINT('',(4.98971449737,-12.29166093599,2.557155700248
    ));
#4689 = CARTESIAN_POINT('',(4.998809894567,-12.05562100385,
    3.421994651466));
#4690 = CARTESIAN_POINT('',(5.017333206971,-11.4354648503,5.131947523076
    ));
#4691 = CARTESIAN_POINT('',(5.026764858064,-11.04618445065,
    5.975560042833));
#4692 = CARTESIAN_POINT('',(5.036198897949,-10.58588760443,
    6.785087264747));
#4693 = CARTESIAN_POINT('',(5.045633341388,-10.05813625879,
    7.553596333319));
#4694 = CARTESIAN_POINT('',(5.055067235531,-9.467217948607,
    8.274677154273));
#4695 = CARTESIAN_POINT('',(5.064500094644,-8.818091344837,
    8.942418307452));
#4696 = CARTESIAN_POINT('',(5.073931047342,-8.116428916704,
    9.551456535804));
#4697 = CARTESIAN_POINT('',(5.09296603431,-6.606673886979,
    10.653259797249));
#4698 = CARTESIAN_POINT('',(5.102574289435,-5.79643593603,
    11.143816315163));
#4699 = CARTESIAN_POINT('',(5.112179641807,-4.944888388247,
    11.563695110549));
#4700 = CARTESIAN_POINT('',(5.121783424106,-4.059283032585,
    11.90892699496));
#4701 = CARTESIAN_POINT('',(5.131388939137,-3.147196083484,
    12.176456247886));
#4702 = CARTESIAN_POINT('',(5.140999302328,-2.216491268507,
    12.364078844468));
#4703 = CARTESIAN_POINT('',(5.150615309191,-1.275327833702,
    12.470510508209));
#4704 = CARTESIAN_POINT('',(5.170615219452,0.685804035207,
    12.522650078967));
#4705 = CARTESIAN_POINT('',(5.18100509073,1.706648909655,12.454936323719
    ));
#4706 = CARTESIAN_POINT('',(5.191397553963,2.719560406272,
    12.292063536841));
#4707 = CARTESIAN_POINT('',(5.201790598742,3.714198726053,
    12.035225353376));
#4708 = CARTESIAN_POINT('',(5.212181301222,4.68059629069,11.686867901695
    ));
#4709 = CARTESIAN_POINT('',(5.222566444099,5.609136742354,
    11.250586081839));
#4710 = CARTESIAN_POINT('',(5.232943599858,6.490598478587,
    10.731224993224));
#4711 = CARTESIAN_POINT('',(5.25833744441,8.513605954304,9.270872366501)
  );
#4712 = CARTESIAN_POINT('',(5.273367559117,9.595845442068,8.243749207995
    ));
#4713 = CARTESIAN_POINT('',(5.288367348929,10.534400926034,
    7.073310228523));
#4714 = CARTESIAN_POINT('',(5.303354735294,11.308375232581,5.7837195776)
  );
#4715 = CARTESIAN_POINT('',(5.318367848302,11.90097592848,4.401370210574
    ));
#4716 = CARTESIAN_POINT('',(5.333442839764,12.300637063359,
    2.955318441046));
#4717 = CARTESIAN_POINT('',(5.348557319625,12.500000005461,
    1.476658608931));
#4718 = CARTESIAN_POINT('',(5.363647507711,12.5,-1.24344978758E-14));
#4719 = PCURVE('',#2505,#4720);
#4720 = DEFINITIONAL_REPRESENTATION('',(#4721),#4794);
#4721 = B_SPLINE_CURVE_WITH_KNOTS('',8,(#4722,#4723,#4724,#4725,#4726,
    #4727,#4728,#4729,#4730,#4731,#4732,#4733,#4734,#4735,#4736,#4737,
    #4738,#4739,#4740,#4741,#4742,#4743,#4744,#4745,#4746,#4747,#4748,
    #4749,#4750,#4751,#4752,#4753,#4754,#4755,#4756,#4757,#4758,#4759,
    #4760,#4761,#4762,#4763,#4764,#4765,#4766,#4767,#4768,#4769,#4770,
    #4771,#4772,#4773,#4774,#4775,#4776,#4777,#4778,#4779,#4780,#4781,
    #4782,#4783,#4784,#4785,#4786,#4787,#4788,#4789,#4790,#4791,#4792,
    #4793),.UNSPECIFIED.,.F.,.F.,(9,7,7,7,7,7,7,7,7,7,9),(0.,
    9.332223303936E-02,0.142333384723,0.1919287594,0.353154535588,
    0.464348920903,0.555365631981,0.64967011883,0.745792227533,
    0.849548455201,1.),.UNSPECIFIED.);
#4722 = CARTESIAN_POINT('',(0.414972157217,33.253027896687));
#4723 = CARTESIAN_POINT('',(0.414945519383,33.32689424898));
#4724 = CARTESIAN_POINT('',(0.414922101603,33.400776564955));
#4725 = CARTESIAN_POINT('',(0.414906544298,33.474652465092));
#4726 = CARTESIAN_POINT('',(0.414904666224,33.548519805482));
#4727 = CARTESIAN_POINT('',(0.414919253868,33.622386718731));
#4728 = CARTESIAN_POINT('',(0.414948109898,33.696261744823));
#4729 = CARTESIAN_POINT('',(0.414984360682,33.770144051919));
#4730 = CARTESIAN_POINT('',(0.415037226825,33.882808777166));
#4731 = CARTESIAN_POINT('',(0.415055266629,33.92160408768));
#4732 = CARTESIAN_POINT('',(0.415071415669,33.960399567488));
#4733 = CARTESIAN_POINT('',(0.415084320637,33.999195101631));
#4734 = CARTESIAN_POINT('',(0.415093001532,34.037990571359));
#4735 = CARTESIAN_POINT('',(0.415096851658,34.076785854126));
#4736 = CARTESIAN_POINT('',(0.415095637624,34.115580823593));
#4737 = CARTESIAN_POINT('',(0.4150832879,34.193632314379));
#4738 = CARTESIAN_POINT('',(0.41507169555,34.232889307396));
#4739 = CARTESIAN_POINT('',(0.415056258987,34.272146494977));
#4740 = CARTESIAN_POINT('',(0.415039004617,34.311403920322));
#4741 = CARTESIAN_POINT('',(0.415022448569,34.350661503533));
#4742 = CARTESIAN_POINT('',(0.415009596687,34.389919041616));
#4743 = CARTESIAN_POINT('',(0.415003944538,34.429176208479));
#4744 = CARTESIAN_POINT('',(0.415027463785,34.596047982149));
#4745 = CARTESIAN_POINT('',(0.415130350776,34.723895246775));
#4746 = CARTESIAN_POINT('',(0.415176532601,34.851610352306));
#4747 = CARTESIAN_POINT('',(0.415053177227,34.979253167864));
#4748 = CARTESIAN_POINT('',(0.414958072275,35.106893761995));
#4749 = CARTESIAN_POINT('',(0.414904326933,35.23460272752));
#4750 = CARTESIAN_POINT('',(0.414903234314,35.362455523359));
#4751 = CARTESIAN_POINT('',(0.414949622244,35.578092433866));
#4752 = CARTESIAN_POINT('',(0.414982370899,35.666146062327));
#4753 = CARTESIAN_POINT('',(0.415022298556,35.754181207105));
#4754 = CARTESIAN_POINT('',(0.415058628151,35.842201435985));
#4755 = CARTESIAN_POINT('',(0.415082110417,35.930221772489));
#4756 = CARTESIAN_POINT('',(0.415090738663,36.018256927183));
#4757 = CARTESIAN_POINT('',(0.415086842048,36.106309860948));
#4758 = CARTESIAN_POINT('',(0.41506476936,36.266368503597));
#4759 = CARTESIAN_POINT('',(0.415049317728,36.33842484742));
#4760 = CARTESIAN_POINT('',(0.41503062003,36.410475250496));
#4761 = CARTESIAN_POINT('',(0.415011958904,36.482518304445));
#4762 = CARTESIAN_POINT('',(0.414996207253,36.554561269565));
#4763 = CARTESIAN_POINT('',(0.414985020385,36.626611435354));
#4764 = CARTESIAN_POINT('',(0.414978642165,36.69866746943));
#4765 = CARTESIAN_POINT('',(0.414973924507,36.845356443279));
#4766 = CARTESIAN_POINT('',(0.41497586749,36.920017002236));
#4767 = CARTESIAN_POINT('',(0.414981458076,36.994671169209));
#4768 = CARTESIAN_POINT('',(0.414988616141,37.069317656836));
#4769 = CARTESIAN_POINT('',(0.414995022094,37.143965012912));
#4770 = CARTESIAN_POINT('',(0.414998938023,37.218621448258));
#4771 = CARTESIAN_POINT('',(0.414999705385,37.29328463241));
#4772 = CARTESIAN_POINT('',(0.414996098685,37.444017022539));
#4773 = CARTESIAN_POINT('',(0.414991632475,37.520120285915));
#4774 = CARTESIAN_POINT('',(0.414984924469,37.596216119329));
#4775 = CARTESIAN_POINT('',(0.414977836062,37.672302161093));
#4776 = CARTESIAN_POINT('',(0.414972816252,37.74838757132));
#4777 = CARTESIAN_POINT('',(0.414972063732,37.824481763004));
#4778 = CARTESIAN_POINT('',(0.414976720997,37.900583108614));
#4779 = CARTESIAN_POINT('',(0.414996224882,38.058794847914));
#4780 = CARTESIAN_POINT('',(0.415011896604,38.140946767649));
#4781 = CARTESIAN_POINT('',(0.415032385815,38.223085788526));
#4782 = CARTESIAN_POINT('',(0.415055119189,38.305213845271));
#4783 = CARTESIAN_POINT('',(0.415075106955,38.387342404223));
#4784 = CARTESIAN_POINT('',(0.415087067946,38.46948262981));
#4785 = CARTESIAN_POINT('',(0.415088077062,38.551635594713));
#4786 = CARTESIAN_POINT('',(0.415064758713,38.752850273565));
#4787 = CARTESIAN_POINT('',(0.415028826355,38.872099318477));
#4788 = CARTESIAN_POINT('',(0.414971583841,38.991253004911));
#4789 = CARTESIAN_POINT('',(0.414909231986,39.110352209475));
#4790 = CARTESIAN_POINT('',(0.414874507014,39.229450453));
#4791 = CARTESIAN_POINT('',(0.414904466503,39.348602704308));
#4792 = CARTESIAN_POINT('',(0.414964523996,39.467851089734));
#4793 = CARTESIAN_POINT('',(0.41502030578,39.586938986474));
#4794 = ( GEOMETRIC_REPRESENTATION_CONTEXT(2) 
PARAMETRIC_REPRESENTATION_CONTEXT() REPRESENTATION_CONTEXT('2D SPACE',''
  ) );
#4795 = PCURVE('',#905,#4796);
#4796 = DEFINITIONAL_REPRESENTATION('',(#4797),#4870);
#4797 = B_SPLINE_CURVE_WITH_KNOTS('',8,(#4798,#4799,#4800,#4801,#4802,
    #4803,#4804,#4805,#4806,#4807,#4808,#4809,#4810,#4811,#4812,#4813,
    #4814,#4815,#4816,#4817,#4818,#4819,#4820,#4821,#4822,#4823,#4824,
    #4825,#4826,#4827,#4828,#4829,#4830,#4831,#4832,#4833,#4834,#4835,
    #4836,#4837,#4838,#4839,#4840,#4841,#4842,#4843,#4844,#4845,#4846,
    #4847,#4848,#4849,#4850,#4851,#4852,#4853,#4854,#4855,#4856,#4857,
    #4858,#4859,#4860,#4861,#4862,#4863,#4864,#4865,#4866,#4867,#4868,
    #4869),.UNSPECIFIED.,.F.,.F.,(9,7,7,7,7,7,7,7,7,7,9),(0.,
    9.332223303936E-02,0.142333384723,0.1919287594,0.353154535588,
    0.464348920903,0.555365631981,0.64967011883,0.745792227533,
    0.849548455201,1.),.UNSPECIFIED.);
#4798 = CARTESIAN_POINT('',(-6.28318530718,-4.773605165243));
#4799 = CARTESIAN_POINT('',(-6.209910429701,-4.782911461872));
#4800 = CARTESIAN_POINT('',(-6.136619589975,-4.792222596265));
#4801 = CARTESIAN_POINT('',(-6.063335007608,-4.801539807775));
#4802 = CARTESIAN_POINT('',(-5.990058931774,-4.81086792407));
#4803 = CARTESIAN_POINT('',(-5.916783480243,-4.820210413848));
#4804 = CARTESIAN_POINT('',(-5.843500355058,-4.82956643036));
#4805 = CARTESIAN_POINT('',(-5.770210434839,-4.838929845726));
#4806 = CARTESIAN_POINT('',(-5.658449386109,-4.853206205031));
#4807 = CARTESIAN_POINT('',(-5.61996532118,-4.858122025566));
#4808 = CARTESIAN_POINT('',(-5.581481115432,-4.863036210723));
#4809 = CARTESIAN_POINT('',(-5.542996835837,-4.8679475602));
#4810 = CARTESIAN_POINT('',(-5.50451254984,-4.872855200318));
#4811 = CARTESIAN_POINT('',(-5.466028325361,-4.877758584022));
#4812 = CARTESIAN_POINT('',(-5.427544230796,-4.882657490883));
#4813 = CARTESIAN_POINT('',(-5.350117703292,-4.892504907184));
#4814 = CARTESIAN_POINT('',(-5.311174611992,-4.897453075914));
#4815 = CARTESIAN_POINT('',(-5.272231127789,-4.90239790103));
#4816 = CARTESIAN_POINT('',(-5.233287377009,-4.907341163723));
#4817 = CARTESIAN_POINT('',(-5.194343545622,-4.912285058627));
#4818 = CARTESIAN_POINT('',(-5.15539987925,-4.917232193824));
#4819 = CARTESIAN_POINT('',(-5.11645668316,-4.922185590839));
#4820 = CARTESIAN_POINT('',(-4.950919606488,-4.94328282328));
#4821 = CARTESIAN_POINT('',(-4.824089518445,-4.959520630651));
#4822 = CARTESIAN_POINT('',(-4.697401149864,-4.975692059243));
#4823 = CARTESIAN_POINT('',(-4.570784671072,-4.99170580683));
#4824 = CARTESIAN_POINT('',(-4.444167760891,-5.007744027955));
#4825 = CARTESIAN_POINT('',(-4.317481623964,-5.023827125212));
#4826 = CARTESIAN_POINT('',(-4.190652257582,-5.03997452426));
#4827 = CARTESIAN_POINT('',(-3.976741611624,-5.067251036803));
#4828 = CARTESIAN_POINT('',(-3.889392926841,-5.078401282684));
#4829 = CARTESIAN_POINT('',(-3.802062802696,-5.089555484324));
#4830 = CARTESIAN_POINT('',(-3.714747784109,-5.100704649268));
#4831 = CARTESIAN_POINT('',(-3.627432808354,-5.111842570681));
#4832 = CARTESIAN_POINT('',(-3.540103052918,-5.12296934828));
#4833 = CARTESIAN_POINT('',(-3.452755439763,-5.1340873969));
#4834 = CARTESIAN_POINT('',(-3.293978425876,-5.154284148896));
#4835 = CARTESIAN_POINT('',(-3.222498882055,-5.163371634895));
#4836 = CARTESIAN_POINT('',(-3.151025034017,-5.172455526281));
#4837 = CARTESIAN_POINT('',(-3.079558311091,-5.181538521484));
#4838 = CARTESIAN_POINT('',(-3.008091591293,-5.190624054809));
#4839 = CARTESIAN_POINT('',(-2.936617751565,-5.19971449737));
#4840 = CARTESIAN_POINT('',(-2.865138218366,-5.208809894567));
#4841 = CARTESIAN_POINT('',(-2.719623243678,-5.227333206971));
#4842 = CARTESIAN_POINT('',(-2.645560418318,-5.236764858064));
#4843 = CARTESIAN_POINT('',(-2.571504206783,-5.246198897949));
#4844 = CARTESIAN_POINT('',(-2.497455913895,-5.255633341388));
#4845 = CARTESIAN_POINT('',(-2.423407024125,-5.265067235531));
#4846 = CARTESIAN_POINT('',(-2.349349296711,-5.274500094644));
#4847 = CARTESIAN_POINT('',(-2.275284916803,-5.283931047342));
#4848 = CARTESIAN_POINT('',(-2.125761285457,-5.30296603431));
#4849 = CARTESIAN_POINT('',(-2.050268246487,-5.312574289435));
#4850 = CARTESIAN_POINT('',(-1.974782399262,-5.322179641807));
#4851 = CARTESIAN_POINT('',(-1.899305984308,-5.331783424106));
#4852 = CARTESIAN_POINT('',(-1.823829871673,-5.341388939137));
#4853 = CARTESIAN_POINT('',(-1.748344755946,-5.350999302328));
#4854 = CARTESIAN_POINT('',(-1.672852343772,-5.360615309191));
#4855 = CARTESIAN_POINT('',(-1.515906355772,-5.380615219452));
#4856 = CARTESIAN_POINT('',(-1.434411570743,-5.39100509073));
#4857 = CARTESIAN_POINT('',(-1.352929601624,-5.401397553963));
#4858 = CARTESIAN_POINT('',(-1.271458685743,-5.411790598742));
#4859 = CARTESIAN_POINT('',(-1.189987558317,-5.422181301222));
#4860 = CARTESIAN_POINT('',(-1.108505148579,-5.432566444099));
#4861 = CARTESIAN_POINT('',(-1.027010288574,-5.442943599858));
#4862 = CARTESIAN_POINT('',(-0.827407658673,-5.46833744441));
#4863 = CARTESIAN_POINT('',(-0.70911412441,-5.483367559117));
#4864 = CARTESIAN_POINT('',(-0.590915038513,-5.498367348929));
#4865 = CARTESIAN_POINT('',(-0.472769176925,-5.513354735294));
#4866 = CARTESIAN_POINT('',(-0.354623722951,-5.528367848302));
#4867 = CARTESIAN_POINT('',(-0.236425077605,-5.543442839764));
#4868 = CARTESIAN_POINT('',(-0.118132688714,-5.558557319625));
#4869 = CARTESIAN_POINT('',(0.,-5.573647507711));
#4870 = ( GEOMETRIC_REPRESENTATION_CONTEXT(2) 
PARAMETRIC_REPRESENTATION_CONTEXT() REPRESENTATION_CONTEXT('2D SPACE',''
  ) );
#4871 = ORIENTED_EDGE('',*,*,#4872,.T.);
#4872 = EDGE_CURVE('',#4643,#3341,#4873,.T.);
#4873 = SURFACE_CURVE('',#4874,(#4940,#5009),.PCURVE_S1.);
#4874 = B_SPLINE_CURVE_WITH_KNOTS('',8,(#4875,#4876,#4877,#4878,#4879,
    #4880,#4881,#4882,#4883,#4884,#4885,#4886,#4887,#4888,#4889,#4890,
    #4891,#4892,#4893,#4894,#4895,#4896,#4897,#4898,#4899,#4900,#4901,
    #4902,#4903,#4904,#4905,#4906,#4907,#4908,#4909,#4910,#4911,#4912,
    #4913,#4914,#4915,#4916,#4917,#4918,#4919,#4920,#4921,#4922,#4923,
    #4924,#4925,#4926,#4927,#4928,#4929,#4930,#4931,#4932,#4933,#4934,
    #4935,#4936,#4937,#4938,#4939),.UNSPECIFIED.,.F.,.F.,(9,7,7,7,7,7,7,
    7,7,9),(0.,9.063707621468E-02,0.144522443434,0.205437972697,
    0.359744889437,0.496111057089,0.617448680907,0.743202332318,
    0.869483801394,1.),.UNSPECIFIED.);
#4875 = CARTESIAN_POINT('',(5.363647507711,12.5,-1.06581410364E-14));
#4876 = CARTESIAN_POINT('',(5.370466834753,12.5,-0.667308537591));
#4877 = CARTESIAN_POINT('',(5.37728627755,12.459286670271,
    -1.334710051493));
#4878 = CARTESIAN_POINT('',(5.384102025293,12.377840798475,
    -1.999202682985));
#4879 = CARTESIAN_POINT('',(5.390910357892,12.255924174467,
    -2.657858502868));
#4880 = CARTESIAN_POINT('',(5.397708816249,12.094043940583,
    -3.307818686205));
#4881 = CARTESIAN_POINT('',(5.404497134035,11.89293449543,-3.94629167239
    ));
#4882 = CARTESIAN_POINT('',(5.411277930959,11.653556951185,
    -4.570554310549));
#4883 = CARTESIAN_POINT('',(5.422087545236,11.212767127287,
    -5.539067181492));
#4884 = CARTESIAN_POINT('',(5.426116057551,11.0353162018,-5.894222003332
    ));
#4885 = CARTESIAN_POINT('',(5.430146156232,10.845018507038,
    -6.242860271632));
#4886 = CARTESIAN_POINT('',(5.434180178866,10.64215541998,
    -6.584438623466));
#4887 = CARTESIAN_POINT('',(5.438219348863,10.427034555466,
    -6.918430517131));
#4888 = CARTESIAN_POINT('',(5.442263775457,10.199989766204,
    -7.24432623215));
#4889 = CARTESIAN_POINT('',(5.446312453705,9.961381142763,
    -7.561632869274));
#4890 = CARTESIAN_POINT('',(5.454942564873,9.429220501772,
    -8.218330600052));
#4891 = CARTESIAN_POINT('',(5.459524158124,9.132561351016,-8.55520480124
    ));
#4892 = CARTESIAN_POINT('',(5.464105682201,8.822168653182,
    -8.879814270078));
#4893 = CARTESIAN_POINT('',(5.468685313614,8.498631892755,
    -9.191510405513));
#4894 = CARTESIAN_POINT('',(5.473261767421,8.162578946828,
    -9.489678689399));
#4895 = CARTESIAN_POINT('',(5.477834297233,7.814676085102,
    -9.773738686498));
#4896 = CARTESIAN_POINT('',(5.482402695209,7.455627969887,
    -10.04314404448));
#4897 = CARTESIAN_POINT('',(5.498530006439,6.150312212621,
    -10.94140137917));
#4898 = CARTESIAN_POINT('',(5.510075569468,5.14706805729,-11.48854906991
    ));
#4899 = CARTESIAN_POINT('',(5.521600374797,4.088813336873,
    -11.93005470438));
#4900 = CARTESIAN_POINT('',(5.533126387852,2.988673221148,
    -12.25975375766));
#4901 = CARTESIAN_POINT('',(5.544674049434,1.860243250672,
    -12.47332691791));
#4902 = CARTESIAN_POINT('',(5.556246463365,0.71757292649,-12.56837312031
    ));
#4903 = CARTESIAN_POINT('',(5.567838982721,-0.424891987469,
    -12.54432738387));
#4904 = CARTESIAN_POINT('',(5.589683333829,-2.548404526545,
    -12.27858451632));
#4905 = CARTESIAN_POINT('',(5.59994152924,-3.533475184777,
    -12.06242964596));
#4906 = CARTESIAN_POINT('',(5.610199958133,-4.497151656431,
    -11.75598274811));
#4907 = CARTESIAN_POINT('',(5.620451777852,-5.429802931461,
    -11.36184442087));
#4908 = CARTESIAN_POINT('',(5.630693681857,-6.322323067694,
    -10.88373621096));
#4909 = CARTESIAN_POINT('',(5.64092603959,-7.166097112581,-10.326406894)
  );
#4910 = CARTESIAN_POINT('',(5.651151030059,-7.953052330679,
    -9.695717306426));
#4911 = CARTESIAN_POINT('',(5.670457253434,-9.318949556798,
    -8.378855809133));
#4912 = CARTESIAN_POINT('',(5.679544401034,-9.91154602999,
    -7.706181269798));
#4913 = CARTESIAN_POINT('',(5.688628214028,-10.44840508728,
    -6.985830008431));
#4914 = CARTESIAN_POINT('',(5.697711384714,-10.92511055946,
    -6.22324419251));
#4915 = CARTESIAN_POINT('',(5.706797286227,-11.33791815591,
    -5.424260437454));
#4916 = CARTESIAN_POINT('',(5.715888194662,-11.68371721811,-4.5950762718
    ));
#4917 = CARTESIAN_POINT('',(5.724984056975,-11.96007905341,
    -3.742265931149));
#4918 = CARTESIAN_POINT('',(5.743510660768,-12.3781769106,
    -1.971782869028));
#4919 = CARTESIAN_POINT('',(5.752945142476,-12.51473036911,
    -1.052526516981));
#4920 = CARTESIAN_POINT('',(5.762381863733,-12.57315804312,
    -0.122873994044));
#4921 = CARTESIAN_POINT('',(5.771818795419,-12.55264129741,0.80941758652
    ));
#4922 = CARTESIAN_POINT('',(5.781254993618,-12.45325568995,
    1.736630593612));
#4923 = CARTESIAN_POINT('',(5.790690019645,-12.27591243328,
    2.651095349087));
#4924 = CARTESIAN_POINT('',(5.800123051839,-12.02242267061,
    3.545208043194));
#4925 = CARTESIAN_POINT('',(5.81901990063,-11.36757506566,5.281344001477
    ));
#4926 = CARTESIAN_POINT('',(5.82848811763,-10.96544454623,6.123547761514
    ));
#4927 = CARTESIAN_POINT('',(5.837953716129,-10.4921123432,6.930418735073
    ));
#4928 = CARTESIAN_POINT('',(5.847417966948,-9.951290416739,
    7.694966297455));
#4929 = CARTESIAN_POINT('',(5.856883975115,-9.347421448209,
    8.410753912162));
#4930 = CARTESIAN_POINT('',(5.866354659667,-8.685617711453,
    9.071869458696));
#4931 = CARTESIAN_POINT('',(5.875830773873,-7.971700719363,
    9.672971814995));
#4932 = CARTESIAN_POINT('',(5.895105000093,-6.427518184358,
    10.76384464463));
#4933 = CARTESIAN_POINT('',(5.904907644749,-5.593793779331,
    11.249459911944));
#4934 = CARTESIAN_POINT('',(5.91471315415,-4.718487041173,
    11.661007551936));
#4935 = CARTESIAN_POINT('',(5.924519195166,-3.809331727385,
    11.994435325321));
#4936 = CARTESIAN_POINT('',(5.934323750322,-2.874391953074,
    12.246676733677));
#4937 = CARTESIAN_POINT('',(5.944124428029,-1.922023681621,
    12.415583103456));
#4938 = CARTESIAN_POINT('',(5.95391817997,-0.960882495398,
    12.500001718345));
#4939 = CARTESIAN_POINT('',(5.963701425632,2.23534730317E-05,
    12.49999999998));
#4940 = PCURVE('',#2505,#4941);
#4941 = DEFINITIONAL_REPRESENTATION('',(#4942),#5008);
#4942 = B_SPLINE_CURVE_WITH_KNOTS('',8,(#4943,#4944,#4945,#4946,#4947,
    #4948,#4949,#4950,#4951,#4952,#4953,#4954,#4955,#4956,#4957,#4958,
    #4959,#4960,#4961,#4962,#4963,#4964,#4965,#4966,#4967,#4968,#4969,
    #4970,#4971,#4972,#4973,#4974,#4975,#4976,#4977,#4978,#4979,#4980,
    #4981,#4982,#4983,#4984,#4985,#4986,#4987,#4988,#4989,#4990,#4991,
    #4992,#4993,#4994,#4995,#4996,#4997,#4998,#4999,#5000,#5001,#5002,
    #5003,#5004,#5005,#5006,#5007),.UNSPECIFIED.,.F.,.F.,(9,7,7,7,7,7,7,
    7,7,9),(0.,9.063707621468E-02,0.144522443434,0.205437972697,
    0.359744889437,0.496111057089,0.617448680907,0.743202332318,
    0.869483801394,1.),.UNSPECIFIED.);
#4943 = CARTESIAN_POINT('',(0.41502034471,39.586938979018));
#4944 = CARTESIAN_POINT('',(0.415045557865,39.640755324825));
#4945 = CARTESIAN_POINT('',(0.415069810348,39.69457925226));
#4946 = CARTESIAN_POINT('',(0.41508995011,39.748402456472));
#4947 = CARTESIAN_POINT('',(0.415102096679,39.802222404043));
#4948 = CARTESIAN_POINT('',(0.415103331305,39.856039873382));
#4949 = CARTESIAN_POINT('',(0.415093065757,39.909856836057));
#4950 = CARTESIAN_POINT('',(0.415074089764,39.963674679066));
#4951 = CARTESIAN_POINT('',(0.415040935505,40.049488587086));
#4952 = CARTESIAN_POINT('',(0.415026420861,40.081484572465));
#4953 = CARTESIAN_POINT('',(0.415013690757,40.113480735905));
#4954 = CARTESIAN_POINT('',(0.415005419958,40.145477028981));
#4955 = CARTESIAN_POINT('',(0.415003020415,40.177473343131));
#4956 = CARTESIAN_POINT('',(0.415006641268,40.209469509652));
#4957 = CARTESIAN_POINT('',(0.415015168842,40.241465299703));
#4958 = CARTESIAN_POINT('',(0.415038727117,40.309629797357));
#4959 = CARTESIAN_POINT('',(0.41505395096,40.345798432942));
#4960 = CARTESIAN_POINT('',(0.415069065461,40.381967280858));
#4961 = CARTESIAN_POINT('',(0.415081918846,40.418136830959));
#4962 = CARTESIAN_POINT('',(0.415091040286,40.454307113157));
#4963 = CARTESIAN_POINT('',(0.415095639893,40.49047769742));
#4964 = CARTESIAN_POINT('',(0.415095608724,40.526647693773));
#4965 = CARTESIAN_POINT('',(0.415081158425,40.654434123885));
#4966 = CARTESIAN_POINT('',(0.415044254954,40.746100840441));
#4967 = CARTESIAN_POINT('',(0.414986778272,40.837745931432));
#4968 = CARTESIAN_POINT('',(0.414933490435,40.929371522577));
#4969 = CARTESIAN_POINT('',(0.414905203377,41.020995072618));
#4970 = CARTESIAN_POINT('',(0.414902833383,41.11263479991));
#4971 = CARTESIAN_POINT('',(0.414920146481,41.204297160794));
#4972 = CARTESIAN_POINT('',(0.41497238188,41.376884978209));
#4973 = CARTESIAN_POINT('',(0.415005040508,41.45787652217));
#4974 = CARTESIAN_POINT('',(0.415039649518,41.538856384546));
#4975 = CARTESIAN_POINT('',(0.415068226311,41.619825767608));
#4976 = CARTESIAN_POINT('',(0.415085497405,41.700795076216));
#4977 = CARTESIAN_POINT('',(0.415090390241,41.781774676033));
#4978 = CARTESIAN_POINT('',(0.415085234781,41.86276565526));
#4979 = CARTESIAN_POINT('',(0.415062835496,42.015775903273));
#4980 = CARTESIAN_POINT('',(0.415047000056,42.08783223048));
#4981 = CARTESIAN_POINT('',(0.415028215071,42.15988261845));
#4982 = CARTESIAN_POINT('',(0.415009755525,42.231925663324));
#4983 = CARTESIAN_POINT('',(0.414994424043,42.303968628656));
#4984 = CARTESIAN_POINT('',(0.414983767356,42.376018804889));
#4985 = CARTESIAN_POINT('',(0.414977917178,42.448074858234));
#4986 = CARTESIAN_POINT('',(0.414974126105,42.594783463188));
#4987 = CARTESIAN_POINT('',(0.414976463638,42.669463696062));
#4988 = CARTESIAN_POINT('',(0.414982287536,42.744137473898));
#4989 = CARTESIAN_POINT('',(0.414989468623,42.818803502202));
#4990 = CARTESIAN_POINT('',(0.41499569858,42.8934703213));
#4991 = CARTESIAN_POINT('',(0.414999309581,42.968146028319));
#4992 = CARTESIAN_POINT('',(0.414999744127,43.042827985512));
#4993 = CARTESIAN_POINT('',(0.414995597339,43.192470428931));
#4994 = CARTESIAN_POINT('',(0.414991000818,43.267465860228));
#4995 = CARTESIAN_POINT('',(0.414984360436,43.342454738951));
#4996 = CARTESIAN_POINT('',(0.414977500221,43.417434472872));
#4997 = CARTESIAN_POINT('',(0.414972760177,43.492413412358));
#4998 = CARTESIAN_POINT('',(0.414972208487,43.567400320887));
#4999 = CARTESIAN_POINT('',(0.41497689905,43.642393851111));
#5000 = CARTESIAN_POINT('',(0.414995760686,43.794864523988));
#5001 = CARTESIAN_POINT('',(0.415010242962,43.872375394423));
#5002 = CARTESIAN_POINT('',(0.415029180881,43.94987803603));
#5003 = CARTESIAN_POINT('',(0.415050184915,44.027370553356));
#5004 = CARTESIAN_POINT('',(0.415069454907,44.10486333611));
#5005 = CARTESIAN_POINT('',(0.415082778206,44.182366673584));
#5006 = CARTESIAN_POINT('',(0.415086987362,44.259878404617));
#5007 = CARTESIAN_POINT('',(0.415081877359,44.337371603117));
#5008 = ( GEOMETRIC_REPRESENTATION_CONTEXT(2) 
PARAMETRIC_REPRESENTATION_CONTEXT() REPRESENTATION_CONTEXT('2D SPACE',''
  ) );
#5009 = PCURVE('',#3323,#5010);
#5010 = DEFINITIONAL_REPRESENTATION('',(#5011),#5077);
#5011 = B_SPLINE_CURVE_WITH_KNOTS('',8,(#5012,#5013,#5014,#5015,#5016,
    #5017,#5018,#5019,#5020,#5021,#5022,#5023,#5024,#5025,#5026,#5027,
    #5028,#5029,#5030,#5031,#5032,#5033,#5034,#5035,#5036,#5037,#5038,
    #5039,#5040,#5041,#5042,#5043,#5044,#5045,#5046,#5047,#5048,#5049,
    #5050,#5051,#5052,#5053,#5054,#5055,#5056,#5057,#5058,#5059,#5060,
    #5061,#5062,#5063,#5064,#5065,#5066,#5067,#5068,#5069,#5070,#5071,
    #5072,#5073,#5074,#5075,#5076),.UNSPECIFIED.,.F.,.F.,(9,7,7,7,7,7,7,
    7,7,9),(0.,9.063707621468E-02,0.144522443434,0.205437972697,
    0.359744889437,0.496111057089,0.617448680907,0.743202332318,
    0.869483801394,1.),.UNSPECIFIED.);
#5012 = CARTESIAN_POINT('',(-6.28318530718,-5.573647507711));
#5013 = CARTESIAN_POINT('',(-6.229800624172,-5.580466834753));
#5014 = CARTESIAN_POINT('',(-6.176408537377,-5.58728627755));
#5015 = CARTESIAN_POINT('',(-6.123017202674,-5.594102025293));
#5016 = CARTESIAN_POINT('',(-6.0696290151,-5.600910357892));
#5017 = CARTESIAN_POINT('',(-6.016243009347,-5.607708816249));
#5018 = CARTESIAN_POINT('',(-5.962857014087,-5.614497134035));
#5019 = CARTESIAN_POINT('',(-5.909469560109,-5.621277930959));
#5020 = CARTESIAN_POINT('',(-5.824341408242,-5.632087545236));
#5021 = CARTESIAN_POINT('',(-5.792600955199,-5.636116057551));
#5022 = CARTESIAN_POINT('',(-5.760860382235,-5.640146156232));
#5023 = CARTESIAN_POINT('',(-5.729119849994,-5.644180178866));
#5024 = CARTESIAN_POINT('',(-5.697379480662,-5.648219348863));
#5025 = CARTESIAN_POINT('',(-5.665639357968,-5.652263775457));
#5026 = CARTESIAN_POINT('',(-5.633899527187,-5.656312453705));
#5027 = CARTESIAN_POINT('',(-5.566279560554,-5.664942564873));
#5028 = CARTESIAN_POINT('',(-5.530399830313,-5.669524158124));
#5029 = CARTESIAN_POINT('',(-5.494519998508,-5.674105682201));
#5030 = CARTESIAN_POINT('',(-5.458639669178,-5.678685313614));
#5031 = CARTESIAN_POINT('',(-5.422758856311,-5.683261767421));
#5032 = CARTESIAN_POINT('',(-5.38687798384,-5.687834297233));
#5033 = CARTESIAN_POINT('',(-5.350997885648,-5.692402695209));
#5034 = CARTESIAN_POINT('',(-5.22423598688,-5.708530006439));
#5035 = CARTESIAN_POINT('',(-5.133304989788,-5.720075569468));
#5036 = CARTESIAN_POINT('',(-5.042395459136,-5.731600374797));
#5037 = CARTESIAN_POINT('',(-4.951504340625,-5.743126387852));
#5038 = CARTESIAN_POINT('',(-4.860614528238,-5.754674049434));
#5039 = CARTESIAN_POINT('',(-4.769708343212,-5.766246463365));
#5040 = CARTESIAN_POINT('',(-4.678779698619,-5.777838982721));
#5041 = CARTESIAN_POINT('',(-4.507573628161,-5.799683333829));
#5042 = CARTESIAN_POINT('',(-4.427230613845,-5.80994152924));
#5043 = CARTESIAN_POINT('',(-4.346899396555,-5.820199958133));
#5044 = CARTESIAN_POINT('',(-4.266578781571,-5.830451777852));
#5045 = CARTESIAN_POINT('',(-4.186258310699,-5.840693681857));
#5046 = CARTESIAN_POINT('',(-4.105927530458,-5.85092603959));
#5047 = CARTESIAN_POINT('',(-4.025585265496,-5.861151030059));
#5048 = CARTESIAN_POINT('',(-3.873800166141,-5.880457253434));
#5049 = CARTESIAN_POINT('',(-3.802320617261,-5.889544401034));
#5050 = CARTESIAN_POINT('',(-3.7308467646,-5.898628214028));
#5051 = CARTESIAN_POINT('',(-3.659380037482,-5.907711384714));
#5052 = CARTESIAN_POINT('',(-3.587913313842,-5.916797286227));
#5053 = CARTESIAN_POINT('',(-3.516439470498,-5.925888194662));
#5054 = CARTESIAN_POINT('',(-3.444959933766,-5.934984056975));
#5055 = CARTESIAN_POINT('',(-3.299425528949,-5.953510660768));
#5056 = CARTESIAN_POINT('',(-3.225343215927,-5.962945142476));
#5057 = CARTESIAN_POINT('',(-3.151267582811,-5.972381863733));
#5058 = CARTESIAN_POINT('',(-3.077199936493,-5.981818795419));
#5059 = CARTESIAN_POINT('',(-3.00313176384,-5.991254993618));
#5060 = CARTESIAN_POINT('',(-2.929054933289,-6.000690019645));
#5061 = CARTESIAN_POINT('',(-2.854971933509,-6.010123051839));
#5062 = CARTESIAN_POINT('',(-2.706529493187,-6.02901990063));
#5063 = CARTESIAN_POINT('',(-2.632135386416,-6.03848811763));
#5064 = CARTESIAN_POINT('',(-2.557747598564,-6.047953716129));
#5065 = CARTESIAN_POINT('',(-2.483368606743,-6.057417966948));
#5066 = CARTESIAN_POINT('',(-2.408990089549,-6.066883975115));
#5067 = CARTESIAN_POINT('',(-2.334603386507,-6.076354659667));
#5068 = CARTESIAN_POINT('',(-2.260209922819,-6.085830773873));
#5069 = CARTESIAN_POINT('',(-2.108959069322,-6.105105000093));
#5070 = CARTESIAN_POINT('',(-2.032068216412,-6.114907644749));
#5071 = CARTESIAN_POINT('',(-1.955185535827,-6.12471315415));
#5072 = CARTESIAN_POINT('',(-1.878313044165,-6.134519195166));
#5073 = CARTESIAN_POINT('',(-1.801440527864,-6.144323750322));
#5074 = CARTESIAN_POINT('',(-1.724557794415,-6.154124428029));
#5075 = CARTESIAN_POINT('',(-1.647666926427,-6.16391817997));
#5076 = CARTESIAN_POINT('',(-1.570794538517,-6.173701425632));
#5077 = ( GEOMETRIC_REPRESENTATION_CONTEXT(2) 
PARAMETRIC_REPRESENTATION_CONTEXT() REPRESENTATION_CONTEXT('2D SPACE',''
  ) );
#5078 = ORIENTED_EDGE('',*,*,#3340,.T.);
#5079 = ADVANCED_FACE('',(#5080),#2136,.F.);
#5080 = FACE_BOUND('',#5081,.T.);
#5081 = EDGE_LOOP('',(#5082,#5083,#5104,#5105));
#5082 = ORIENTED_EDGE('',*,*,#3513,.T.);
#5083 = ORIENTED_EDGE('',*,*,#5084,.T.);
#5084 = EDGE_CURVE('',#3514,#1762,#5085,.T.);
#5085 = SURFACE_CURVE('',#5086,(#5090,#5097),.PCURVE_S1.);
#5086 = LINE('',#5087,#5088);
#5087 = CARTESIAN_POINT('',(-0.21,12.5,0.));
#5088 = VECTOR('',#5089,1.);
#5089 = DIRECTION('',(1.,0.,0.));
#5090 = PCURVE('',#2136,#5091);
#5091 = DEFINITIONAL_REPRESENTATION('',(#5092),#5096);
#5092 = LINE('',#5093,#5094);
#5093 = CARTESIAN_POINT('',(-0.,0.));
#5094 = VECTOR('',#5095,1.);
#5095 = DIRECTION('',(-0.,-1.));
#5096 = ( GEOMETRIC_REPRESENTATION_CONTEXT(2) 
PARAMETRIC_REPRESENTATION_CONTEXT() REPRESENTATION_CONTEXT('2D SPACE',''
  ) );
#5097 = PCURVE('',#1915,#5098);
#5098 = DEFINITIONAL_REPRESENTATION('',(#5099),#5103);
#5099 = LINE('',#5100,#5101);
#5100 = CARTESIAN_POINT('',(-6.28318530718,0.));
#5101 = VECTOR('',#5102,1.);
#5102 = DIRECTION('',(-0.,-1.));
#5103 = ( GEOMETRIC_REPRESENTATION_CONTEXT(2) 
PARAMETRIC_REPRESENTATION_CONTEXT() REPRESENTATION_CONTEXT('2D SPACE',''
  ) );
#5104 = ORIENTED_EDGE('',*,*,#1996,.F.);
#5105 = ORIENTED_EDGE('',*,*,#2855,.F.);
#5106 = ADVANCED_FACE('',(#5107),#1915,.F.);
#5107 = FACE_BOUND('',#5108,.T.);
#5108 = EDGE_LOOP('',(#5109,#5110,#5131,#5132));
#5109 = ORIENTED_EDGE('',*,*,#3722,.T.);
#5110 = ORIENTED_EDGE('',*,*,#5111,.T.);
#5111 = EDGE_CURVE('',#3723,#1527,#5112,.T.);
#5112 = SURFACE_CURVE('',#5113,(#5117,#5124),.PCURVE_S1.);
#5113 = LINE('',#5114,#5115);
#5114 = CARTESIAN_POINT('',(-0.21,12.5,0.));
#5115 = VECTOR('',#5116,1.);
#5116 = DIRECTION('',(1.,0.,0.));
#5117 = PCURVE('',#1915,#5118);
#5118 = DEFINITIONAL_REPRESENTATION('',(#5119),#5123);
#5119 = LINE('',#5120,#5121);
#5120 = CARTESIAN_POINT('',(-0.,0.));
#5121 = VECTOR('',#5122,1.);
#5122 = DIRECTION('',(-0.,-1.));
#5123 = ( GEOMETRIC_REPRESENTATION_CONTEXT(2) 
PARAMETRIC_REPRESENTATION_CONTEXT() REPRESENTATION_CONTEXT('2D SPACE',''
  ) );
#5124 = PCURVE('',#1680,#5125);
#5125 = DEFINITIONAL_REPRESENTATION('',(#5126),#5130);
#5126 = LINE('',#5127,#5128);
#5127 = CARTESIAN_POINT('',(-6.28318530718,0.));
#5128 = VECTOR('',#5129,1.);
#5129 = DIRECTION('',(-0.,-1.));
#5130 = ( GEOMETRIC_REPRESENTATION_CONTEXT(2) 
PARAMETRIC_REPRESENTATION_CONTEXT() REPRESENTATION_CONTEXT('2D SPACE',''
  ) );
#5131 = ORIENTED_EDGE('',*,*,#1761,.F.);
#5132 = ORIENTED_EDGE('',*,*,#5084,.F.);
#5133 = ADVANCED_FACE('',(#5134),#1680,.F.);
#5134 = FACE_BOUND('',#5135,.T.);
#5135 = EDGE_LOOP('',(#5136,#5137,#5158,#5159));
#5136 = ORIENTED_EDGE('',*,*,#3973,.T.);
#5137 = ORIENTED_EDGE('',*,*,#5138,.T.);
#5138 = EDGE_CURVE('',#3974,#1271,#5139,.T.);
#5139 = SURFACE_CURVE('',#5140,(#5144,#5151),.PCURVE_S1.);
#5140 = LINE('',#5141,#5142);
#5141 = CARTESIAN_POINT('',(-0.21,12.5,0.));
#5142 = VECTOR('',#5143,1.);
#5143 = DIRECTION('',(1.,0.,0.));
#5144 = PCURVE('',#1680,#5145);
#5145 = DEFINITIONAL_REPRESENTATION('',(#5146),#5150);
#5146 = LINE('',#5147,#5148);
#5147 = CARTESIAN_POINT('',(-0.,0.));
#5148 = VECTOR('',#5149,1.);
#5149 = DIRECTION('',(-0.,-1.));
#5150 = ( GEOMETRIC_REPRESENTATION_CONTEXT(2) 
PARAMETRIC_REPRESENTATION_CONTEXT() REPRESENTATION_CONTEXT('2D SPACE',''
  ) );
#5151 = PCURVE('',#1438,#5152);
#5152 = DEFINITIONAL_REPRESENTATION('',(#5153),#5157);
#5153 = LINE('',#5154,#5155);
#5154 = CARTESIAN_POINT('',(-6.28318530718,0.));
#5155 = VECTOR('',#5156,1.);
#5156 = DIRECTION('',(-0.,-1.));
#5157 = ( GEOMETRIC_REPRESENTATION_CONTEXT(2) 
PARAMETRIC_REPRESENTATION_CONTEXT() REPRESENTATION_CONTEXT('2D SPACE',''
  ) );
#5158 = ORIENTED_EDGE('',*,*,#1526,.F.);
#5159 = ORIENTED_EDGE('',*,*,#5111,.F.);
#5160 = ADVANCED_FACE('',(#5161),#1438,.F.);
#5161 = FACE_BOUND('',#5162,.T.);
#5162 = EDGE_LOOP('',(#5163,#5164,#5185,#5186));
#5163 = ORIENTED_EDGE('',*,*,#4182,.T.);
#5164 = ORIENTED_EDGE('',*,*,#5165,.T.);
#5165 = EDGE_CURVE('',#4183,#994,#5166,.T.);
#5166 = SURFACE_CURVE('',#5167,(#5171,#5178),.PCURVE_S1.);
#5167 = LINE('',#5168,#5169);
#5168 = CARTESIAN_POINT('',(-0.21,12.5,0.));
#5169 = VECTOR('',#5170,1.);
#5170 = DIRECTION('',(1.,0.,0.));
#5171 = PCURVE('',#1438,#5172);
#5172 = DEFINITIONAL_REPRESENTATION('',(#5173),#5177);
#5173 = LINE('',#5174,#5175);
#5174 = CARTESIAN_POINT('',(-0.,0.));
#5175 = VECTOR('',#5176,1.);
#5176 = DIRECTION('',(-0.,-1.));
#5177 = ( GEOMETRIC_REPRESENTATION_CONTEXT(2) 
PARAMETRIC_REPRESENTATION_CONTEXT() REPRESENTATION_CONTEXT('2D SPACE',''
  ) );
#5178 = PCURVE('',#1175,#5179);
#5179 = DEFINITIONAL_REPRESENTATION('',(#5180),#5184);
#5180 = LINE('',#5181,#5182);
#5181 = CARTESIAN_POINT('',(-6.28318530718,0.));
#5182 = VECTOR('',#5183,1.);
#5183 = DIRECTION('',(-0.,-1.));
#5184 = ( GEOMETRIC_REPRESENTATION_CONTEXT(2) 
PARAMETRIC_REPRESENTATION_CONTEXT() REPRESENTATION_CONTEXT('2D SPACE',''
  ) );
#5185 = ORIENTED_EDGE('',*,*,#1270,.F.);
#5186 = ORIENTED_EDGE('',*,*,#5138,.F.);
#5187 = ADVANCED_FACE('',(#5188),#1175,.F.);
#5188 = FACE_BOUND('',#5189,.T.);
#5189 = EDGE_LOOP('',(#5190,#5191,#5212,#5213));
#5190 = ORIENTED_EDGE('',*,*,#4391,.T.);
#5191 = ORIENTED_EDGE('',*,*,#5192,.T.);
#5192 = EDGE_CURVE('',#4392,#738,#5193,.T.);
#5193 = SURFACE_CURVE('',#5194,(#5198,#5205),.PCURVE_S1.);
#5194 = LINE('',#5195,#5196);
#5195 = CARTESIAN_POINT('',(-0.21,12.5,0.));
#5196 = VECTOR('',#5197,1.);
#5197 = DIRECTION('',(1.,0.,0.));
#5198 = PCURVE('',#1175,#5199);
#5199 = DEFINITIONAL_REPRESENTATION('',(#5200),#5204);
#5200 = LINE('',#5201,#5202);
#5201 = CARTESIAN_POINT('',(-0.,0.));
#5202 = VECTOR('',#5203,1.);
#5203 = DIRECTION('',(-0.,-1.));
#5204 = ( GEOMETRIC_REPRESENTATION_CONTEXT(2) 
PARAMETRIC_REPRESENTATION_CONTEXT() REPRESENTATION_CONTEXT('2D SPACE',''
  ) );
#5205 = PCURVE('',#905,#5206);
#5206 = DEFINITIONAL_REPRESENTATION('',(#5207),#5211);
#5207 = LINE('',#5208,#5209);
#5208 = CARTESIAN_POINT('',(-6.28318530718,0.));
#5209 = VECTOR('',#5210,1.);
#5210 = DIRECTION('',(-0.,-1.));
#5211 = ( GEOMETRIC_REPRESENTATION_CONTEXT(2) 
PARAMETRIC_REPRESENTATION_CONTEXT() REPRESENTATION_CONTEXT('2D SPACE',''
  ) );
#5212 = ORIENTED_EDGE('',*,*,#993,.F.);
#5213 = ORIENTED_EDGE('',*,*,#5165,.F.);
#5214 = ADVANCED_FACE('',(#5215),#905,.F.);
#5215 = FACE_BOUND('',#5216,.T.);
#5216 = EDGE_LOOP('',(#5217,#5218,#5239,#5240));
#5217 = ORIENTED_EDGE('',*,*,#4642,.T.);
#5218 = ORIENTED_EDGE('',*,*,#5219,.T.);
#5219 = EDGE_CURVE('',#4643,#710,#5220,.T.);
#5220 = SURFACE_CURVE('',#5221,(#5225,#5232),.PCURVE_S1.);
#5221 = LINE('',#5222,#5223);
#5222 = CARTESIAN_POINT('',(-0.21,12.5,0.));
#5223 = VECTOR('',#5224,1.);
#5224 = DIRECTION('',(1.,0.,0.));
#5225 = PCURVE('',#905,#5226);
#5226 = DEFINITIONAL_REPRESENTATION('',(#5227),#5231);
#5227 = LINE('',#5228,#5229);
#5228 = CARTESIAN_POINT('',(-0.,0.));
#5229 = VECTOR('',#5230,1.);
#5230 = DIRECTION('',(-0.,-1.));
#5231 = ( GEOMETRIC_REPRESENTATION_CONTEXT(2) 
PARAMETRIC_REPRESENTATION_CONTEXT() REPRESENTATION_CONTEXT('2D SPACE',''
  ) );
#5232 = PCURVE('',#3323,#5233);
#5233 = DEFINITIONAL_REPRESENTATION('',(#5234),#5238);
#5234 = LINE('',#5235,#5236);
#5235 = CARTESIAN_POINT('',(-6.28318530718,0.));
#5236 = VECTOR('',#5237,1.);
#5237 = DIRECTION('',(-0.,-1.));
#5238 = ( GEOMETRIC_REPRESENTATION_CONTEXT(2) 
PARAMETRIC_REPRESENTATION_CONTEXT() REPRESENTATION_CONTEXT('2D SPACE',''
  ) );
#5239 = ORIENTED_EDGE('',*,*,#737,.F.);
#5240 = ORIENTED_EDGE('',*,*,#5192,.F.);
#5241 = ADVANCED_FACE('',(#5242,#5252),#2940,.T.);
#5242 = FACE_BOUND('',#5243,.T.);
#5243 = EDGE_LOOP('',(#5244,#5245,#5246,#5247,#5248,#5249,#5250,#5251));
#5244 = ORIENTED_EDGE('',*,*,#2926,.F.);
#5245 = ORIENTED_EDGE('',*,*,#2979,.T.);
#5246 = ORIENTED_EDGE('',*,*,#3061,.T.);
#5247 = ORIENTED_EDGE('',*,*,#3159,.F.);
#5248 = ORIENTED_EDGE('',*,*,#3264,.T.);
#5249 = ORIENTED_EDGE('',*,*,#3213,.T.);
#5250 = ORIENTED_EDGE('',*,*,#3110,.F.);
#5251 = ORIENTED_EDGE('',*,*,#3029,.F.);
#5252 = FACE_BOUND('',#5253,.T.);
#5253 = EDGE_LOOP('',(#5254,#5285,#5311,#5340,#5366,#5395,#5421,#5450));
#5254 = ORIENTED_EDGE('',*,*,#5255,.F.);
#5255 = EDGE_CURVE('',#5256,#5258,#5260,.T.);
#5256 = VERTEX_POINT('',#5257);
#5257 = CARTESIAN_POINT('',(23.,-15.75,-11.7));
#5258 = VERTEX_POINT('',#5259);
#5259 = CARTESIAN_POINT('',(23.,-14.75,-12.7));
#5260 = SURFACE_CURVE('',#5261,(#5266,#5273),.PCURVE_S1.);
#5261 = CIRCLE('',#5262,1.);
#5262 = AXIS2_PLACEMENT_3D('',#5263,#5264,#5265);
#5263 = CARTESIAN_POINT('',(23.,-14.75,-11.7));
#5264 = DIRECTION('',(1.,0.,0.));
#5265 = DIRECTION('',(0.,-1.,0.));
#5266 = PCURVE('',#2940,#5267);
#5267 = DEFINITIONAL_REPRESENTATION('',(#5268),#5272);
#5268 = CIRCLE('',#5269,1.);
#5269 = AXIS2_PLACEMENT_2D('',#5270,#5271);
#5270 = CARTESIAN_POINT('',(9.3,-2.65));
#5271 = DIRECTION('',(0.,1.));
#5272 = ( GEOMETRIC_REPRESENTATION_CONTEXT(2) 
PARAMETRIC_REPRESENTATION_CONTEXT() REPRESENTATION_CONTEXT('2D SPACE',''
  ) );
#5273 = PCURVE('',#5274,#5279);
#5274 = CYLINDRICAL_SURFACE('',#5275,1.);
#5275 = AXIS2_PLACEMENT_3D('',#5276,#5277,#5278);
#5276 = CARTESIAN_POINT('',(20.8,-14.75,-11.7));
#5277 = DIRECTION('',(1.,0.,0.));
#5278 = DIRECTION('',(0.,-1.,0.));
#5279 = DEFINITIONAL_REPRESENTATION('',(#5280),#5284);
#5280 = LINE('',#5281,#5282);
#5281 = CARTESIAN_POINT('',(0.,2.2));
#5282 = VECTOR('',#5283,1.);
#5283 = DIRECTION('',(1.,0.));
#5284 = ( GEOMETRIC_REPRESENTATION_CONTEXT(2) 
PARAMETRIC_REPRESENTATION_CONTEXT() REPRESENTATION_CONTEXT('2D SPACE',''
  ) );
#5285 = ORIENTED_EDGE('',*,*,#5286,.T.);
#5286 = EDGE_CURVE('',#5256,#5287,#5289,.T.);
#5287 = VERTEX_POINT('',#5288);
#5288 = CARTESIAN_POINT('',(23.,-15.75,9.5));
#5289 = SURFACE_CURVE('',#5290,(#5294,#5300),.PCURVE_S1.);
#5290 = LINE('',#5291,#5292);
#5291 = CARTESIAN_POINT('',(23.,-15.75,-16.85));
#5292 = VECTOR('',#5293,1.);
#5293 = DIRECTION('',(0.,0.,1.));
#5294 = PCURVE('',#2940,#5295);
#5295 = DEFINITIONAL_REPRESENTATION('',(#5296),#5299);
#5296 = B_SPLINE_CURVE_WITH_KNOTS('',1,(#5297,#5298),.UNSPECIFIED.,.F.,
  .F.,(2,2),(5.15,26.35),.PIECEWISE_BEZIER_KNOTS.);
#5297 = CARTESIAN_POINT('',(9.3,-1.65));
#5298 = CARTESIAN_POINT('',(30.5,-1.65));
#5299 = ( GEOMETRIC_REPRESENTATION_CONTEXT(2) 
PARAMETRIC_REPRESENTATION_CONTEXT() REPRESENTATION_CONTEXT('2D SPACE',''
  ) );
#5300 = PCURVE('',#5301,#5306);
#5301 = PLANE('',#5302);
#5302 = AXIS2_PLACEMENT_3D('',#5303,#5304,#5305);
#5303 = CARTESIAN_POINT('',(20.8,-15.75,-12.7));
#5304 = DIRECTION('',(0.,1.,0.));
#5305 = DIRECTION('',(0.,0.,1.));
#5306 = DEFINITIONAL_REPRESENTATION('',(#5307),#5310);
#5307 = B_SPLINE_CURVE_WITH_KNOTS('',1,(#5308,#5309),.UNSPECIFIED.,.F.,
  .F.,(2,2),(5.15,26.35),.PIECEWISE_BEZIER_KNOTS.);
#5308 = CARTESIAN_POINT('',(1.,2.2));
#5309 = CARTESIAN_POINT('',(22.2,2.2));
#5310 = ( GEOMETRIC_REPRESENTATION_CONTEXT(2) 
PARAMETRIC_REPRESENTATION_CONTEXT() REPRESENTATION_CONTEXT('2D SPACE',''
  ) );
#5311 = ORIENTED_EDGE('',*,*,#5312,.F.);
#5312 = EDGE_CURVE('',#5313,#5287,#5315,.T.);
#5313 = VERTEX_POINT('',#5314);
#5314 = CARTESIAN_POINT('',(23.,-14.75,10.5));
#5315 = SURFACE_CURVE('',#5316,(#5321,#5328),.PCURVE_S1.);
#5316 = CIRCLE('',#5317,1.);
#5317 = AXIS2_PLACEMENT_3D('',#5318,#5319,#5320);
#5318 = CARTESIAN_POINT('',(23.,-14.75,9.5));
#5319 = DIRECTION('',(1.,0.,0.));
#5320 = DIRECTION('',(0.,-1.,0.));
#5321 = PCURVE('',#2940,#5322);
#5322 = DEFINITIONAL_REPRESENTATION('',(#5323),#5327);
#5323 = CIRCLE('',#5324,1.);
#5324 = AXIS2_PLACEMENT_2D('',#5325,#5326);
#5325 = CARTESIAN_POINT('',(30.5,-2.65));
#5326 = DIRECTION('',(0.,1.));
#5327 = ( GEOMETRIC_REPRESENTATION_CONTEXT(2) 
PARAMETRIC_REPRESENTATION_CONTEXT() REPRESENTATION_CONTEXT('2D SPACE',''
  ) );
#5328 = PCURVE('',#5329,#5334);
#5329 = CYLINDRICAL_SURFACE('',#5330,1.);
#5330 = AXIS2_PLACEMENT_3D('',#5331,#5332,#5333);
#5331 = CARTESIAN_POINT('',(20.8,-14.75,9.5));
#5332 = DIRECTION('',(1.,0.,0.));
#5333 = DIRECTION('',(0.,-1.,0.));
#5334 = DEFINITIONAL_REPRESENTATION('',(#5335),#5339);
#5335 = LINE('',#5336,#5337);
#5336 = CARTESIAN_POINT('',(-6.28318530718,2.2));
#5337 = VECTOR('',#5338,1.);
#5338 = DIRECTION('',(1.,-0.));
#5339 = ( GEOMETRIC_REPRESENTATION_CONTEXT(2) 
PARAMETRIC_REPRESENTATION_CONTEXT() REPRESENTATION_CONTEXT('2D SPACE',''
  ) );
#5340 = ORIENTED_EDGE('',*,*,#5341,.F.);
#5341 = EDGE_CURVE('',#5342,#5313,#5344,.T.);
#5342 = VERTEX_POINT('',#5343);
#5343 = CARTESIAN_POINT('',(23.,21.95,10.5));
#5344 = SURFACE_CURVE('',#5345,(#5349,#5355),.PCURVE_S1.);
#5345 = LINE('',#5346,#5347);
#5346 = CARTESIAN_POINT('',(23.,-16.575,10.5));
#5347 = VECTOR('',#5348,1.);
#5348 = DIRECTION('',(0.,-1.,0.));
#5349 = PCURVE('',#2940,#5350);
#5350 = DEFINITIONAL_REPRESENTATION('',(#5351),#5354);
#5351 = B_SPLINE_CURVE_WITH_KNOTS('',1,(#5352,#5353),.UNSPECIFIED.,.F.,
  .F.,(2,2),(-38.525,-1.825),.PIECEWISE_BEZIER_KNOTS.);
#5352 = CARTESIAN_POINT('',(31.5,-39.35));
#5353 = CARTESIAN_POINT('',(31.5,-2.65));
#5354 = ( GEOMETRIC_REPRESENTATION_CONTEXT(2) 
PARAMETRIC_REPRESENTATION_CONTEXT() REPRESENTATION_CONTEXT('2D SPACE',''
  ) );
#5355 = PCURVE('',#5356,#5361);
#5356 = PLANE('',#5357);
#5357 = AXIS2_PLACEMENT_3D('',#5358,#5359,#5360);
#5358 = CARTESIAN_POINT('',(20.8,-15.75,10.5));
#5359 = DIRECTION('',(0.,0.,1.));
#5360 = DIRECTION('',(1.,0.,0.));
#5361 = DEFINITIONAL_REPRESENTATION('',(#5362),#5365);
#5362 = B_SPLINE_CURVE_WITH_KNOTS('',1,(#5363,#5364),.UNSPECIFIED.,.F.,
  .F.,(2,2),(-38.525,-1.825),.PIECEWISE_BEZIER_KNOTS.);
#5363 = CARTESIAN_POINT('',(2.2,37.7));
#5364 = CARTESIAN_POINT('',(2.2,1.));
#5365 = ( GEOMETRIC_REPRESENTATION_CONTEXT(2) 
PARAMETRIC_REPRESENTATION_CONTEXT() REPRESENTATION_CONTEXT('2D SPACE',''
  ) );
#5366 = ORIENTED_EDGE('',*,*,#5367,.F.);
#5367 = EDGE_CURVE('',#5368,#5342,#5370,.T.);
#5368 = VERTEX_POINT('',#5369);
#5369 = CARTESIAN_POINT('',(23.,22.95,9.5));
#5370 = SURFACE_CURVE('',#5371,(#5376,#5383),.PCURVE_S1.);
#5371 = CIRCLE('',#5372,1.);
#5372 = AXIS2_PLACEMENT_3D('',#5373,#5374,#5375);
#5373 = CARTESIAN_POINT('',(23.,21.95,9.5));
#5374 = DIRECTION('',(1.,0.,0.));
#5375 = DIRECTION('',(-0.,1.,0.));
#5376 = PCURVE('',#2940,#5377);
#5377 = DEFINITIONAL_REPRESENTATION('',(#5378),#5382);
#5378 = CIRCLE('',#5379,1.);
#5379 = AXIS2_PLACEMENT_2D('',#5380,#5381);
#5380 = CARTESIAN_POINT('',(30.5,-39.35));
#5381 = DIRECTION('',(0.,-1.));
#5382 = ( GEOMETRIC_REPRESENTATION_CONTEXT(2) 
PARAMETRIC_REPRESENTATION_CONTEXT() REPRESENTATION_CONTEXT('2D SPACE',''
  ) );
#5383 = PCURVE('',#5384,#5389);
#5384 = CYLINDRICAL_SURFACE('',#5385,1.);
#5385 = AXIS2_PLACEMENT_3D('',#5386,#5387,#5388);
#5386 = CARTESIAN_POINT('',(20.8,21.95,9.5));
#5387 = DIRECTION('',(1.,0.,0.));
#5388 = DIRECTION('',(-0.,1.,0.));
#5389 = DEFINITIONAL_REPRESENTATION('',(#5390),#5394);
#5390 = LINE('',#5391,#5392);
#5391 = CARTESIAN_POINT('',(0.,2.2));
#5392 = VECTOR('',#5393,1.);
#5393 = DIRECTION('',(1.,0.));
#5394 = ( GEOMETRIC_REPRESENTATION_CONTEXT(2) 
PARAMETRIC_REPRESENTATION_CONTEXT() REPRESENTATION_CONTEXT('2D SPACE',''
  ) );
#5395 = ORIENTED_EDGE('',*,*,#5396,.F.);
#5396 = EDGE_CURVE('',#5397,#5368,#5399,.T.);
#5397 = VERTEX_POINT('',#5398);
#5398 = CARTESIAN_POINT('',(23.,22.95,-11.7));
#5399 = SURFACE_CURVE('',#5400,(#5404,#5410),.PCURVE_S1.);
#5400 = LINE('',#5401,#5402);
#5401 = CARTESIAN_POINT('',(23.,22.95,-16.85));
#5402 = VECTOR('',#5403,1.);
#5403 = DIRECTION('',(0.,0.,1.));
#5404 = PCURVE('',#2940,#5405);
#5405 = DEFINITIONAL_REPRESENTATION('',(#5406),#5409);
#5406 = B_SPLINE_CURVE_WITH_KNOTS('',1,(#5407,#5408),.UNSPECIFIED.,.F.,
  .F.,(2,2),(5.15,26.35),.PIECEWISE_BEZIER_KNOTS.);
#5407 = CARTESIAN_POINT('',(9.3,-40.35));
#5408 = CARTESIAN_POINT('',(30.5,-40.35));
#5409 = ( GEOMETRIC_REPRESENTATION_CONTEXT(2) 
PARAMETRIC_REPRESENTATION_CONTEXT() REPRESENTATION_CONTEXT('2D SPACE',''
  ) );
#5410 = PCURVE('',#5411,#5416);
#5411 = PLANE('',#5412);
#5412 = AXIS2_PLACEMENT_3D('',#5413,#5414,#5415);
#5413 = CARTESIAN_POINT('',(20.8,22.95,-12.7));
#5414 = DIRECTION('',(0.,1.,0.));
#5415 = DIRECTION('',(0.,0.,1.));
#5416 = DEFINITIONAL_REPRESENTATION('',(#5417),#5420);
#5417 = B_SPLINE_CURVE_WITH_KNOTS('',1,(#5418,#5419),.UNSPECIFIED.,.F.,
  .F.,(2,2),(5.15,26.35),.PIECEWISE_BEZIER_KNOTS.);
#5418 = CARTESIAN_POINT('',(1.,2.2));
#5419 = CARTESIAN_POINT('',(22.2,2.2));
#5420 = ( GEOMETRIC_REPRESENTATION_CONTEXT(2) 
PARAMETRIC_REPRESENTATION_CONTEXT() REPRESENTATION_CONTEXT('2D SPACE',''
  ) );
#5421 = ORIENTED_EDGE('',*,*,#5422,.F.);
#5422 = EDGE_CURVE('',#5423,#5397,#5425,.T.);
#5423 = VERTEX_POINT('',#5424);
#5424 = CARTESIAN_POINT('',(23.,21.95,-12.7));
#5425 = SURFACE_CURVE('',#5426,(#5431,#5438),.PCURVE_S1.);
#5426 = CIRCLE('',#5427,1.);
#5427 = AXIS2_PLACEMENT_3D('',#5428,#5429,#5430);
#5428 = CARTESIAN_POINT('',(23.,21.95,-11.7));
#5429 = DIRECTION('',(1.,0.,0.));
#5430 = DIRECTION('',(-0.,1.,0.));
#5431 = PCURVE('',#2940,#5432);
#5432 = DEFINITIONAL_REPRESENTATION('',(#5433),#5437);
#5433 = CIRCLE('',#5434,1.);
#5434 = AXIS2_PLACEMENT_2D('',#5435,#5436);
#5435 = CARTESIAN_POINT('',(9.3,-39.35));
#5436 = DIRECTION('',(0.,-1.));
#5437 = ( GEOMETRIC_REPRESENTATION_CONTEXT(2) 
PARAMETRIC_REPRESENTATION_CONTEXT() REPRESENTATION_CONTEXT('2D SPACE',''
  ) );
#5438 = PCURVE('',#5439,#5444);
#5439 = CYLINDRICAL_SURFACE('',#5440,1.);
#5440 = AXIS2_PLACEMENT_3D('',#5441,#5442,#5443);
#5441 = CARTESIAN_POINT('',(20.8,21.95,-11.7));
#5442 = DIRECTION('',(1.,0.,0.));
#5443 = DIRECTION('',(-0.,1.,0.));
#5444 = DEFINITIONAL_REPRESENTATION('',(#5445),#5449);
#5445 = LINE('',#5446,#5447);
#5446 = CARTESIAN_POINT('',(-6.28318530718,2.2));
#5447 = VECTOR('',#5448,1.);
#5448 = DIRECTION('',(1.,-0.));
#5449 = ( GEOMETRIC_REPRESENTATION_CONTEXT(2) 
PARAMETRIC_REPRESENTATION_CONTEXT() REPRESENTATION_CONTEXT('2D SPACE',''
  ) );
#5450 = ORIENTED_EDGE('',*,*,#5451,.T.);
#5451 = EDGE_CURVE('',#5423,#5258,#5452,.T.);
#5452 = SURFACE_CURVE('',#5453,(#5457,#5463),.PCURVE_S1.);
#5453 = LINE('',#5454,#5455);
#5454 = CARTESIAN_POINT('',(23.,-16.575,-12.7));
#5455 = VECTOR('',#5456,1.);
#5456 = DIRECTION('',(0.,-1.,0.));
#5457 = PCURVE('',#2940,#5458);
#5458 = DEFINITIONAL_REPRESENTATION('',(#5459),#5462);
#5459 = B_SPLINE_CURVE_WITH_KNOTS('',1,(#5460,#5461),.UNSPECIFIED.,.F.,
  .F.,(2,2),(-38.525,-1.825),.PIECEWISE_BEZIER_KNOTS.);
#5460 = CARTESIAN_POINT('',(8.3,-39.35));
#5461 = CARTESIAN_POINT('',(8.3,-2.65));
#5462 = ( GEOMETRIC_REPRESENTATION_CONTEXT(2) 
PARAMETRIC_REPRESENTATION_CONTEXT() REPRESENTATION_CONTEXT('2D SPACE',''
  ) );
#5463 = PCURVE('',#5464,#5469);
#5464 = PLANE('',#5465);
#5465 = AXIS2_PLACEMENT_3D('',#5466,#5467,#5468);
#5466 = CARTESIAN_POINT('',(20.8,-15.75,-12.7));
#5467 = DIRECTION('',(0.,0.,1.));
#5468 = DIRECTION('',(1.,0.,0.));
#5469 = DEFINITIONAL_REPRESENTATION('',(#5470),#5473);
#5470 = B_SPLINE_CURVE_WITH_KNOTS('',1,(#5471,#5472),.UNSPECIFIED.,.F.,
  .F.,(2,2),(-38.525,-1.825),.PIECEWISE_BEZIER_KNOTS.);
#5471 = CARTESIAN_POINT('',(2.2,37.7));
#5472 = CARTESIAN_POINT('',(2.2,1.));
#5473 = ( GEOMETRIC_REPRESENTATION_CONTEXT(2) 
PARAMETRIC_REPRESENTATION_CONTEXT() REPRESENTATION_CONTEXT('2D SPACE',''
  ) );
#5474 = ADVANCED_FACE('',(#5475),#3323,.F.);
#5475 = FACE_BOUND('',#5476,.T.);
#5476 = EDGE_LOOP('',(#5477,#5478,#5479,#5502,#5535,#5561,#5594,#5620,
    #5653,#5674,#5707,#5733,#5759,#5760,#5761));
#5477 = ORIENTED_EDGE('',*,*,#4872,.T.);
#5478 = ORIENTED_EDGE('',*,*,#3480,.T.);
#5479 = ORIENTED_EDGE('',*,*,#5480,.T.);
#5480 = EDGE_CURVE('',#3289,#5481,#5483,.T.);
#5481 = VERTEX_POINT('',#5482);
#5482 = CARTESIAN_POINT('',(15.98,12.5,0.));
#5483 = SEAM_CURVE('',#5484,(#5488,#5495),.PCURVE_S1.);
#5484 = LINE('',#5485,#5486);
#5485 = CARTESIAN_POINT('',(-0.21,12.5,0.));
#5486 = VECTOR('',#5487,1.);
#5487 = DIRECTION('',(1.,0.,0.));
#5488 = PCURVE('',#3323,#5489);
#5489 = DEFINITIONAL_REPRESENTATION('',(#5490),#5494);
#5490 = LINE('',#5491,#5492);
#5491 = CARTESIAN_POINT('',(-0.,0.));
#5492 = VECTOR('',#5493,1.);
#5493 = DIRECTION('',(-0.,-1.));
#5494 = ( GEOMETRIC_REPRESENTATION_CONTEXT(2) 
PARAMETRIC_REPRESENTATION_CONTEXT() REPRESENTATION_CONTEXT('2D SPACE',''
  ) );
#5495 = PCURVE('',#3323,#5496);
#5496 = DEFINITIONAL_REPRESENTATION('',(#5497),#5501);
#5497 = LINE('',#5498,#5499);
#5498 = CARTESIAN_POINT('',(-6.28318530718,0.));
#5499 = VECTOR('',#5500,1.);
#5500 = DIRECTION('',(-0.,-1.));
#5501 = ( GEOMETRIC_REPRESENTATION_CONTEXT(2) 
PARAMETRIC_REPRESENTATION_CONTEXT() REPRESENTATION_CONTEXT('2D SPACE',''
  ) );
#5502 = ORIENTED_EDGE('',*,*,#5503,.F.);
#5503 = EDGE_CURVE('',#5504,#5481,#5506,.T.);
#5504 = VERTEX_POINT('',#5505);
#5505 = CARTESIAN_POINT('',(15.98,-7.766029072665,-9.794834988019));
#5506 = SURFACE_CURVE('',#5507,(#5512,#5519),.PCURVE_S1.);
#5507 = CIRCLE('',#5508,12.5);
#5508 = AXIS2_PLACEMENT_3D('',#5509,#5510,#5511);
#5509 = CARTESIAN_POINT('',(15.98,0.,0.));
#5510 = DIRECTION('',(-1.,0.,0.));
#5511 = DIRECTION('',(0.,1.,0.));
#5512 = PCURVE('',#3323,#5513);
#5513 = DEFINITIONAL_REPRESENTATION('',(#5514),#5518);
#5514 = LINE('',#5515,#5516);
#5515 = CARTESIAN_POINT('',(-6.28318530718,-16.19));
#5516 = VECTOR('',#5517,1.);
#5517 = DIRECTION('',(1.,-0.));
#5518 = ( GEOMETRIC_REPRESENTATION_CONTEXT(2) 
PARAMETRIC_REPRESENTATION_CONTEXT() REPRESENTATION_CONTEXT('2D SPACE',''
  ) );
#5519 = PCURVE('',#5520,#5525);
#5520 = PLANE('',#5521);
#5521 = AXIS2_PLACEMENT_3D('',#5522,#5523,#5524);
#5522 = CARTESIAN_POINT('',(15.98,-17.4,-21.));
#5523 = DIRECTION('',(1.,0.,0.));
#5524 = DIRECTION('',(0.,0.,1.));
#5525 = DEFINITIONAL_REPRESENTATION('',(#5526),#5534);
#5526 = ( BOUNDED_CURVE() B_SPLINE_CURVE(2,(#5527,#5528,#5529,#5530,
#5531,#5532,#5533),.UNSPECIFIED.,.T.,.F.) B_SPLINE_CURVE_WITH_KNOTS((1,2
    ,2,2,2,1),(-2.094395102393,0.,2.094395102393,4.188790204786,
6.28318530718,8.377580409573),.UNSPECIFIED.) CURVE() 
GEOMETRIC_REPRESENTATION_ITEM() RATIONAL_B_SPLINE_CURVE((1.,0.5,1.,0.5,
1.,0.5,1.)) REPRESENTATION_ITEM('') );
#5527 = CARTESIAN_POINT('',(21.,-29.9));
#5528 = CARTESIAN_POINT('',(-0.650635094611,-29.9));
#5529 = CARTESIAN_POINT('',(10.174682452695,-11.15));
#5530 = CARTESIAN_POINT('',(21.,7.6));
#5531 = CARTESIAN_POINT('',(31.825317547305,-11.15));
#5532 = CARTESIAN_POINT('',(42.650635094611,-29.9));
#5533 = CARTESIAN_POINT('',(21.,-29.9));
#5534 = ( GEOMETRIC_REPRESENTATION_CONTEXT(2) 
PARAMETRIC_REPRESENTATION_CONTEXT() REPRESENTATION_CONTEXT('2D SPACE',''
  ) );
#5535 = ORIENTED_EDGE('',*,*,#5536,.F.);
#5536 = EDGE_CURVE('',#5537,#5504,#5539,.T.);
#5537 = VERTEX_POINT('',#5538);
#5538 = CARTESIAN_POINT('',(16.02,-7.766029072665,-9.794834988019));
#5539 = SURFACE_CURVE('',#5540,(#5544,#5550),.PCURVE_S1.);
#5540 = LINE('',#5541,#5542);
#5541 = CARTESIAN_POINT('',(-0.21,-7.766029072665,-9.794834988019));
#5542 = VECTOR('',#5543,1.);
#5543 = DIRECTION('',(-1.,-0.,-0.));
#5544 = PCURVE('',#3323,#5545);
#5545 = DEFINITIONAL_REPRESENTATION('',(#5546),#5549);
#5546 = B_SPLINE_CURVE_WITH_KNOTS('',1,(#5547,#5548),.UNSPECIFIED.,.F.,
  .F.,(2,2),(-16.2300006,-16.1899994),.PIECEWISE_BEZIER_KNOTS.);
#5547 = CARTESIAN_POINT('',(-4.042010854606,-16.2300006));
#5548 = CARTESIAN_POINT('',(-4.042010854606,-16.1899994));
#5549 = ( GEOMETRIC_REPRESENTATION_CONTEXT(2) 
PARAMETRIC_REPRESENTATION_CONTEXT() REPRESENTATION_CONTEXT('2D SPACE',''
  ) );
#5550 = PCURVE('',#5551,#5556);
#5551 = CYLINDRICAL_SURFACE('',#5552,1.5);
#5552 = AXIS2_PLACEMENT_3D('',#5553,#5554,#5555);
#5553 = CARTESIAN_POINT('',(15.78,-6.35,-9.3));
#5554 = DIRECTION('',(-1.,-0.,-0.));
#5555 = DIRECTION('',(0.,1.,0.));
#5556 = DEFINITIONAL_REPRESENTATION('',(#5557),#5560);
#5557 = B_SPLINE_CURVE_WITH_KNOTS('',1,(#5558,#5559),.UNSPECIFIED.,.F.,
  .F.,(2,2),(-16.2300006,-16.1899994),.PIECEWISE_BEZIER_KNOTS.);
#5558 = CARTESIAN_POINT('',(-3.477779694878,-0.2400006));
#5559 = CARTESIAN_POINT('',(-3.477779694878,-0.1999994));
#5560 = ( GEOMETRIC_REPRESENTATION_CONTEXT(2) 
PARAMETRIC_REPRESENTATION_CONTEXT() REPRESENTATION_CONTEXT('2D SPACE',''
  ) );
#5561 = ORIENTED_EDGE('',*,*,#5562,.F.);
#5562 = EDGE_CURVE('',#5563,#5537,#5565,.T.);
#5563 = VERTEX_POINT('',#5564);
#5564 = CARTESIAN_POINT('',(16.02,-6.293647591024,-10.8));
#5565 = SURFACE_CURVE('',#5566,(#5571,#5578),.PCURVE_S1.);
#5566 = CIRCLE('',#5567,12.5);
#5567 = AXIS2_PLACEMENT_3D('',#5568,#5569,#5570);
#5568 = CARTESIAN_POINT('',(16.02,0.,0.));
#5569 = DIRECTION('',(-1.,0.,0.));
#5570 = DIRECTION('',(0.,1.,0.));
#5571 = PCURVE('',#3323,#5572);
#5572 = DEFINITIONAL_REPRESENTATION('',(#5573),#5577);
#5573 = LINE('',#5574,#5575);
#5574 = CARTESIAN_POINT('',(-6.28318530718,-16.23));
#5575 = VECTOR('',#5576,1.);
#5576 = DIRECTION('',(1.,-0.));
#5577 = ( GEOMETRIC_REPRESENTATION_CONTEXT(2) 
PARAMETRIC_REPRESENTATION_CONTEXT() REPRESENTATION_CONTEXT('2D SPACE',''
  ) );
#5578 = PCURVE('',#5579,#5584);
#5579 = PLANE('',#5580);
#5580 = AXIS2_PLACEMENT_3D('',#5581,#5582,#5583);
#5581 = CARTESIAN_POINT('',(16.02,-1.287002477684E-15,1.236537197009E-15
    ));
#5582 = DIRECTION('',(1.,0.,0.));
#5583 = DIRECTION('',(-0.,0.,1.));
#5584 = DEFINITIONAL_REPRESENTATION('',(#5585),#5593);
#5585 = ( BOUNDED_CURVE() B_SPLINE_CURVE(2,(#5586,#5587,#5588,#5589,
#5590,#5591,#5592),.UNSPECIFIED.,.T.,.F.) B_SPLINE_CURVE_WITH_KNOTS((1,2
    ,2,2,2,1),(-2.094395102393,0.,2.094395102393,4.188790204786,
6.28318530718,8.377580409573),.UNSPECIFIED.) CURVE() 
GEOMETRIC_REPRESENTATION_ITEM() RATIONAL_B_SPLINE_CURVE((1.,0.5,1.,0.5,
1.,0.5,1.)) REPRESENTATION_ITEM('') );
#5586 = CARTESIAN_POINT('',(-1.236537197009E-15,-12.5));
#5587 = CARTESIAN_POINT('',(-21.65063509461,-12.5));
#5588 = CARTESIAN_POINT('',(-10.8253175473,6.25));
#5589 = CARTESIAN_POINT('',(-4.298154194878E-15,25.));
#5590 = CARTESIAN_POINT('',(10.825317547305,6.25));
#5591 = CARTESIAN_POINT('',(21.650635094611,-12.5));
#5592 = CARTESIAN_POINT('',(-1.236537197009E-15,-12.5));
#5593 = ( GEOMETRIC_REPRESENTATION_CONTEXT(2) 
PARAMETRIC_REPRESENTATION_CONTEXT() REPRESENTATION_CONTEXT('2D SPACE',''
  ) );
#5594 = ORIENTED_EDGE('',*,*,#5595,.T.);
#5595 = EDGE_CURVE('',#5563,#5596,#5598,.T.);
#5596 = VERTEX_POINT('',#5597);
#5597 = CARTESIAN_POINT('',(15.98,-6.293647591024,-10.8));
#5598 = SURFACE_CURVE('',#5599,(#5603,#5609),.PCURVE_S1.);
#5599 = LINE('',#5600,#5601);
#5600 = CARTESIAN_POINT('',(-0.21,-6.293647591024,-10.8));
#5601 = VECTOR('',#5602,1.);
#5602 = DIRECTION('',(-1.,-0.,-0.));
#5603 = PCURVE('',#3323,#5604);
#5604 = DEFINITIONAL_REPRESENTATION('',(#5605),#5608);
#5605 = B_SPLINE_CURVE_WITH_KNOTS('',1,(#5606,#5607),.UNSPECIFIED.,.F.,
  .F.,(2,2),(-16.2300006,-15.688),.PIECEWISE_BEZIER_KNOTS.);
#5606 = CARTESIAN_POINT('',(-4.18475349812,-16.2300006));
#5607 = CARTESIAN_POINT('',(-4.18475349812,-15.688));
#5608 = ( GEOMETRIC_REPRESENTATION_CONTEXT(2) 
PARAMETRIC_REPRESENTATION_CONTEXT() REPRESENTATION_CONTEXT('2D SPACE',''
  ) );
#5609 = PCURVE('',#5610,#5615);
#5610 = PLANE('',#5611);
#5611 = AXIS2_PLACEMENT_3D('',#5612,#5613,#5614);
#5612 = CARTESIAN_POINT('',(15.78,-6.39,-10.8));
#5613 = DIRECTION('',(0.,0.,1.));
#5614 = DIRECTION('',(1.,0.,0.));
#5615 = DEFINITIONAL_REPRESENTATION('',(#5616),#5619);
#5616 = B_SPLINE_CURVE_WITH_KNOTS('',1,(#5617,#5618),.UNSPECIFIED.,.F.,
  .F.,(2,2),(-16.2300006,-15.688),.PIECEWISE_BEZIER_KNOTS.);
#5617 = CARTESIAN_POINT('',(0.2400006,9.635240897618E-02));
#5618 = CARTESIAN_POINT('',(-0.302,9.635240897618E-02));
#5619 = ( GEOMETRIC_REPRESENTATION_CONTEXT(2) 
PARAMETRIC_REPRESENTATION_CONTEXT() REPRESENTATION_CONTEXT('2D SPACE',''
  ) );
#5620 = ORIENTED_EDGE('',*,*,#5621,.F.);
#5621 = EDGE_CURVE('',#5622,#5596,#5624,.T.);
#5622 = VERTEX_POINT('',#5623);
#5623 = CARTESIAN_POINT('',(15.98,6.293647591024,-10.8));
#5624 = SURFACE_CURVE('',#5625,(#5630,#5637),.PCURVE_S1.);
#5625 = CIRCLE('',#5626,12.5);
#5626 = AXIS2_PLACEMENT_3D('',#5627,#5628,#5629);
#5627 = CARTESIAN_POINT('',(15.98,0.,0.));
#5628 = DIRECTION('',(-1.,0.,0.));
#5629 = DIRECTION('',(0.,1.,0.));
#5630 = PCURVE('',#3323,#5631);
#5631 = DEFINITIONAL_REPRESENTATION('',(#5632),#5636);
#5632 = LINE('',#5633,#5634);
#5633 = CARTESIAN_POINT('',(-6.28318530718,-16.19));
#5634 = VECTOR('',#5635,1.);
#5635 = DIRECTION('',(1.,-0.));
#5636 = ( GEOMETRIC_REPRESENTATION_CONTEXT(2) 
PARAMETRIC_REPRESENTATION_CONTEXT() REPRESENTATION_CONTEXT('2D SPACE',''
  ) );
#5637 = PCURVE('',#5638,#5643);
#5638 = PLANE('',#5639);
#5639 = AXIS2_PLACEMENT_3D('',#5640,#5641,#5642);
#5640 = CARTESIAN_POINT('',(15.98,-17.4,-21.));
#5641 = DIRECTION('',(1.,0.,0.));
#5642 = DIRECTION('',(0.,0.,1.));
#5643 = DEFINITIONAL_REPRESENTATION('',(#5644),#5652);
#5644 = ( BOUNDED_CURVE() B_SPLINE_CURVE(2,(#5645,#5646,#5647,#5648,
#5649,#5650,#5651),.UNSPECIFIED.,.T.,.F.) B_SPLINE_CURVE_WITH_KNOTS((1,2
    ,2,2,2,1),(-2.094395102393,0.,2.094395102393,4.188790204786,
6.28318530718,8.377580409573),.UNSPECIFIED.) CURVE() 
GEOMETRIC_REPRESENTATION_ITEM() RATIONAL_B_SPLINE_CURVE((1.,0.5,1.,0.5,
1.,0.5,1.)) REPRESENTATION_ITEM('') );
#5645 = CARTESIAN_POINT('',(21.,-29.9));
#5646 = CARTESIAN_POINT('',(-0.650635094611,-29.9));
#5647 = CARTESIAN_POINT('',(10.174682452695,-11.15));
#5648 = CARTESIAN_POINT('',(21.,7.6));
#5649 = CARTESIAN_POINT('',(31.825317547305,-11.15));
#5650 = CARTESIAN_POINT('',(42.650635094611,-29.9));
#5651 = CARTESIAN_POINT('',(21.,-29.9));
#5652 = ( GEOMETRIC_REPRESENTATION_CONTEXT(2) 
PARAMETRIC_REPRESENTATION_CONTEXT() REPRESENTATION_CONTEXT('2D SPACE',''
  ) );
#5653 = ORIENTED_EDGE('',*,*,#5654,.F.);
#5654 = EDGE_CURVE('',#5655,#5622,#5657,.T.);
#5655 = VERTEX_POINT('',#5656);
#5656 = CARTESIAN_POINT('',(16.02,6.293647591024,-10.8));
#5657 = SURFACE_CURVE('',#5658,(#5662,#5668),.PCURVE_S1.);
#5658 = LINE('',#5659,#5660);
#5659 = CARTESIAN_POINT('',(-0.21,6.293647591024,-10.8));
#5660 = VECTOR('',#5661,1.);
#5661 = DIRECTION('',(-1.,-0.,-0.));
#5662 = PCURVE('',#3323,#5663);
#5663 = DEFINITIONAL_REPRESENTATION('',(#5664),#5667);
#5664 = B_SPLINE_CURVE_WITH_KNOTS('',1,(#5665,#5666),.UNSPECIFIED.,.F.,
  .F.,(2,2),(-16.2300006,-15.688),.PIECEWISE_BEZIER_KNOTS.);
#5665 = CARTESIAN_POINT('',(-5.240024462649,-16.2300006));
#5666 = CARTESIAN_POINT('',(-5.240024462649,-15.688));
#5667 = ( GEOMETRIC_REPRESENTATION_CONTEXT(2) 
PARAMETRIC_REPRESENTATION_CONTEXT() REPRESENTATION_CONTEXT('2D SPACE',''
  ) );
#5668 = PCURVE('',#5610,#5669);
#5669 = DEFINITIONAL_REPRESENTATION('',(#5670),#5673);
#5670 = B_SPLINE_CURVE_WITH_KNOTS('',1,(#5671,#5672),.UNSPECIFIED.,.F.,
  .F.,(2,2),(-16.2300006,-15.688),.PIECEWISE_BEZIER_KNOTS.);
#5671 = CARTESIAN_POINT('',(0.2400006,12.683647591024));
#5672 = CARTESIAN_POINT('',(-0.302,12.683647591024));
#5673 = ( GEOMETRIC_REPRESENTATION_CONTEXT(2) 
PARAMETRIC_REPRESENTATION_CONTEXT() REPRESENTATION_CONTEXT('2D SPACE',''
  ) );
#5674 = ORIENTED_EDGE('',*,*,#5675,.F.);
#5675 = EDGE_CURVE('',#5676,#5655,#5678,.T.);
#5676 = VERTEX_POINT('',#5677);
#5677 = CARTESIAN_POINT('',(16.02,7.766029072665,-9.794834988019));
#5678 = SURFACE_CURVE('',#5679,(#5684,#5691),.PCURVE_S1.);
#5679 = CIRCLE('',#5680,12.5);
#5680 = AXIS2_PLACEMENT_3D('',#5681,#5682,#5683);
#5681 = CARTESIAN_POINT('',(16.02,0.,0.));
#5682 = DIRECTION('',(-1.,0.,0.));
#5683 = DIRECTION('',(0.,1.,0.));
#5684 = PCURVE('',#3323,#5685);
#5685 = DEFINITIONAL_REPRESENTATION('',(#5686),#5690);
#5686 = LINE('',#5687,#5688);
#5687 = CARTESIAN_POINT('',(-6.28318530718,-16.23));
#5688 = VECTOR('',#5689,1.);
#5689 = DIRECTION('',(1.,-0.));
#5690 = ( GEOMETRIC_REPRESENTATION_CONTEXT(2) 
PARAMETRIC_REPRESENTATION_CONTEXT() REPRESENTATION_CONTEXT('2D SPACE',''
  ) );
#5691 = PCURVE('',#5692,#5697);
#5692 = PLANE('',#5693);
#5693 = AXIS2_PLACEMENT_3D('',#5694,#5695,#5696);
#5694 = CARTESIAN_POINT('',(16.02,-1.287002477684E-15,1.236537197009E-15
    ));
#5695 = DIRECTION('',(1.,0.,0.));
#5696 = DIRECTION('',(-0.,0.,1.));
#5697 = DEFINITIONAL_REPRESENTATION('',(#5698),#5706);
#5698 = ( BOUNDED_CURVE() B_SPLINE_CURVE(2,(#5699,#5700,#5701,#5702,
#5703,#5704,#5705),.UNSPECIFIED.,.T.,.F.) B_SPLINE_CURVE_WITH_KNOTS((1,2
    ,2,2,2,1),(-2.094395102393,0.,2.094395102393,4.188790204786,
6.28318530718,8.377580409573),.UNSPECIFIED.) CURVE() 
GEOMETRIC_REPRESENTATION_ITEM() RATIONAL_B_SPLINE_CURVE((1.,0.5,1.,0.5,
1.,0.5,1.)) REPRESENTATION_ITEM('') );
#5699 = CARTESIAN_POINT('',(-1.236537197009E-15,-12.5));
#5700 = CARTESIAN_POINT('',(-21.65063509461,-12.5));
#5701 = CARTESIAN_POINT('',(-10.8253175473,6.25));
#5702 = CARTESIAN_POINT('',(-4.298154194878E-15,25.));
#5703 = CARTESIAN_POINT('',(10.825317547305,6.25));
#5704 = CARTESIAN_POINT('',(21.650635094611,-12.5));
#5705 = CARTESIAN_POINT('',(-1.236537197009E-15,-12.5));
#5706 = ( GEOMETRIC_REPRESENTATION_CONTEXT(2) 
PARAMETRIC_REPRESENTATION_CONTEXT() REPRESENTATION_CONTEXT('2D SPACE',''
  ) );
#5707 = ORIENTED_EDGE('',*,*,#5708,.T.);
#5708 = EDGE_CURVE('',#5676,#5709,#5711,.T.);
#5709 = VERTEX_POINT('',#5710);
#5710 = CARTESIAN_POINT('',(15.98,7.766029072665,-9.794834988019));
#5711 = SURFACE_CURVE('',#5712,(#5716,#5722),.PCURVE_S1.);
#5712 = LINE('',#5713,#5714);
#5713 = CARTESIAN_POINT('',(-0.21,7.766029072665,-9.794834988019));
#5714 = VECTOR('',#5715,1.);
#5715 = DIRECTION('',(-1.,-0.,-0.));
#5716 = PCURVE('',#3323,#5717);
#5717 = DEFINITIONAL_REPRESENTATION('',(#5718),#5721);
#5718 = B_SPLINE_CURVE_WITH_KNOTS('',1,(#5719,#5720),.UNSPECIFIED.,.F.,
  .F.,(2,2),(-16.2300006,-16.1899994),.PIECEWISE_BEZIER_KNOTS.);
#5719 = CARTESIAN_POINT('',(-5.382767106163,-16.2300006));
#5720 = CARTESIAN_POINT('',(-5.382767106163,-16.1899994));
#5721 = ( GEOMETRIC_REPRESENTATION_CONTEXT(2) 
PARAMETRIC_REPRESENTATION_CONTEXT() REPRESENTATION_CONTEXT('2D SPACE',''
  ) );
#5722 = PCURVE('',#5723,#5728);
#5723 = CYLINDRICAL_SURFACE('',#5724,1.5);
#5724 = AXIS2_PLACEMENT_3D('',#5725,#5726,#5727);
#5725 = CARTESIAN_POINT('',(15.78,6.35,-9.3));
#5726 = DIRECTION('',(-1.,-0.,-0.));
#5727 = DIRECTION('',(0.,1.,0.));
#5728 = DEFINITIONAL_REPRESENTATION('',(#5729),#5732);
#5729 = B_SPLINE_CURVE_WITH_KNOTS('',1,(#5730,#5731),.UNSPECIFIED.,.F.,
  .F.,(2,2),(-16.2300006,-16.1899994),.PIECEWISE_BEZIER_KNOTS.);
#5730 = CARTESIAN_POINT('',(-5.946998265891,-0.2400006));
#5731 = CARTESIAN_POINT('',(-5.946998265891,-0.1999994));
#5732 = ( GEOMETRIC_REPRESENTATION_CONTEXT(2) 
PARAMETRIC_REPRESENTATION_CONTEXT() REPRESENTATION_CONTEXT('2D SPACE',''
  ) );
#5733 = ORIENTED_EDGE('',*,*,#5734,.F.);
#5734 = EDGE_CURVE('',#5481,#5709,#5735,.T.);
#5735 = SURFACE_CURVE('',#5736,(#5741,#5748),.PCURVE_S1.);
#5736 = CIRCLE('',#5737,12.5);
#5737 = AXIS2_PLACEMENT_3D('',#5738,#5739,#5740);
#5738 = CARTESIAN_POINT('',(15.98,0.,0.));
#5739 = DIRECTION('',(-1.,0.,0.));
#5740 = DIRECTION('',(0.,1.,0.));
#5741 = PCURVE('',#3323,#5742);
#5742 = DEFINITIONAL_REPRESENTATION('',(#5743),#5747);
#5743 = LINE('',#5744,#5745);
#5744 = CARTESIAN_POINT('',(-6.28318530718,-16.19));
#5745 = VECTOR('',#5746,1.);
#5746 = DIRECTION('',(1.,-0.));
#5747 = ( GEOMETRIC_REPRESENTATION_CONTEXT(2) 
PARAMETRIC_REPRESENTATION_CONTEXT() REPRESENTATION_CONTEXT('2D SPACE',''
  ) );
#5748 = PCURVE('',#5520,#5749);
#5749 = DEFINITIONAL_REPRESENTATION('',(#5750),#5758);
#5750 = ( BOUNDED_CURVE() B_SPLINE_CURVE(2,(#5751,#5752,#5753,#5754,
#5755,#5756,#5757),.UNSPECIFIED.,.T.,.F.) B_SPLINE_CURVE_WITH_KNOTS((1,2
    ,2,2,2,1),(-2.094395102393,0.,2.094395102393,4.188790204786,
6.28318530718,8.377580409573),.UNSPECIFIED.) CURVE() 
GEOMETRIC_REPRESENTATION_ITEM() RATIONAL_B_SPLINE_CURVE((1.,0.5,1.,0.5,
1.,0.5,1.)) REPRESENTATION_ITEM('') );
#5751 = CARTESIAN_POINT('',(21.,-29.9));
#5752 = CARTESIAN_POINT('',(-0.650635094611,-29.9));
#5753 = CARTESIAN_POINT('',(10.174682452695,-11.15));
#5754 = CARTESIAN_POINT('',(21.,7.6));
#5755 = CARTESIAN_POINT('',(31.825317547305,-11.15));
#5756 = CARTESIAN_POINT('',(42.650635094611,-29.9));
#5757 = CARTESIAN_POINT('',(21.,-29.9));
#5758 = ( GEOMETRIC_REPRESENTATION_CONTEXT(2) 
PARAMETRIC_REPRESENTATION_CONTEXT() REPRESENTATION_CONTEXT('2D SPACE',''
  ) );
#5759 = ORIENTED_EDGE('',*,*,#5480,.F.);
#5760 = ORIENTED_EDGE('',*,*,#3309,.F.);
#5761 = ORIENTED_EDGE('',*,*,#5219,.F.);
#5762 = ADVANCED_FACE('',(#5763),#5274,.F.);
#5763 = FACE_BOUND('',#5764,.F.);
#5764 = EDGE_LOOP('',(#5765,#5788,#5817,#5838));
#5765 = ORIENTED_EDGE('',*,*,#5766,.F.);
#5766 = EDGE_CURVE('',#5767,#5256,#5769,.T.);
#5767 = VERTEX_POINT('',#5768);
#5768 = CARTESIAN_POINT('',(21.,-15.75,-11.7));
#5769 = SURFACE_CURVE('',#5770,(#5774,#5781),.PCURVE_S1.);
#5770 = LINE('',#5771,#5772);
#5771 = CARTESIAN_POINT('',(20.8,-15.75,-11.7));
#5772 = VECTOR('',#5773,1.);
#5773 = DIRECTION('',(1.,0.,0.));
#5774 = PCURVE('',#5274,#5775);
#5775 = DEFINITIONAL_REPRESENTATION('',(#5776),#5780);
#5776 = LINE('',#5777,#5778);
#5777 = CARTESIAN_POINT('',(0.,0.));
#5778 = VECTOR('',#5779,1.);
#5779 = DIRECTION('',(0.,1.));
#5780 = ( GEOMETRIC_REPRESENTATION_CONTEXT(2) 
PARAMETRIC_REPRESENTATION_CONTEXT() REPRESENTATION_CONTEXT('2D SPACE',''
  ) );
#5781 = PCURVE('',#5301,#5782);
#5782 = DEFINITIONAL_REPRESENTATION('',(#5783),#5787);
#5783 = LINE('',#5784,#5785);
#5784 = CARTESIAN_POINT('',(1.,0.));
#5785 = VECTOR('',#5786,1.);
#5786 = DIRECTION('',(0.,1.));
#5787 = ( GEOMETRIC_REPRESENTATION_CONTEXT(2) 
PARAMETRIC_REPRESENTATION_CONTEXT() REPRESENTATION_CONTEXT('2D SPACE',''
  ) );
#5788 = ORIENTED_EDGE('',*,*,#5789,.T.);
#5789 = EDGE_CURVE('',#5767,#5790,#5792,.T.);
#5790 = VERTEX_POINT('',#5791);
#5791 = CARTESIAN_POINT('',(21.,-14.75,-12.7));
#5792 = SURFACE_CURVE('',#5793,(#5798,#5805),.PCURVE_S1.);
#5793 = CIRCLE('',#5794,1.);
#5794 = AXIS2_PLACEMENT_3D('',#5795,#5796,#5797);
#5795 = CARTESIAN_POINT('',(21.,-14.75,-11.7));
#5796 = DIRECTION('',(1.,0.,0.));
#5797 = DIRECTION('',(0.,-1.,0.));
#5798 = PCURVE('',#5274,#5799);
#5799 = DEFINITIONAL_REPRESENTATION('',(#5800),#5804);
#5800 = LINE('',#5801,#5802);
#5801 = CARTESIAN_POINT('',(0.,0.2));
#5802 = VECTOR('',#5803,1.);
#5803 = DIRECTION('',(1.,0.));
#5804 = ( GEOMETRIC_REPRESENTATION_CONTEXT(2) 
PARAMETRIC_REPRESENTATION_CONTEXT() REPRESENTATION_CONTEXT('2D SPACE',''
  ) );
#5805 = PCURVE('',#5806,#5811);
#5806 = PLANE('',#5807);
#5807 = AXIS2_PLACEMENT_3D('',#5808,#5809,#5810);
#5808 = CARTESIAN_POINT('',(21.,-17.4,-21.));
#5809 = DIRECTION('',(1.,0.,0.));
#5810 = DIRECTION('',(0.,0.,1.));
#5811 = DEFINITIONAL_REPRESENTATION('',(#5812),#5816);
#5812 = CIRCLE('',#5813,1.);
#5813 = AXIS2_PLACEMENT_2D('',#5814,#5815);
#5814 = CARTESIAN_POINT('',(9.3,-2.65));
#5815 = DIRECTION('',(0.,1.));
#5816 = ( GEOMETRIC_REPRESENTATION_CONTEXT(2) 
PARAMETRIC_REPRESENTATION_CONTEXT() REPRESENTATION_CONTEXT('2D SPACE',''
  ) );
#5817 = ORIENTED_EDGE('',*,*,#5818,.T.);
#5818 = EDGE_CURVE('',#5790,#5258,#5819,.T.);
#5819 = SURFACE_CURVE('',#5820,(#5824,#5831),.PCURVE_S1.);
#5820 = LINE('',#5821,#5822);
#5821 = CARTESIAN_POINT('',(20.8,-14.75,-12.7));
#5822 = VECTOR('',#5823,1.);
#5823 = DIRECTION('',(1.,0.,0.));
#5824 = PCURVE('',#5274,#5825);
#5825 = DEFINITIONAL_REPRESENTATION('',(#5826),#5830);
#5826 = LINE('',#5827,#5828);
#5827 = CARTESIAN_POINT('',(1.570796326795,0.));
#5828 = VECTOR('',#5829,1.);
#5829 = DIRECTION('',(0.,1.));
#5830 = ( GEOMETRIC_REPRESENTATION_CONTEXT(2) 
PARAMETRIC_REPRESENTATION_CONTEXT() REPRESENTATION_CONTEXT('2D SPACE',''
  ) );
#5831 = PCURVE('',#5464,#5832);
#5832 = DEFINITIONAL_REPRESENTATION('',(#5833),#5837);
#5833 = LINE('',#5834,#5835);
#5834 = CARTESIAN_POINT('',(0.,1.));
#5835 = VECTOR('',#5836,1.);
#5836 = DIRECTION('',(1.,0.));
#5837 = ( GEOMETRIC_REPRESENTATION_CONTEXT(2) 
PARAMETRIC_REPRESENTATION_CONTEXT() REPRESENTATION_CONTEXT('2D SPACE',''
  ) );
#5838 = ORIENTED_EDGE('',*,*,#5255,.F.);
#5839 = ADVANCED_FACE('',(#5840),#5464,.T.);
#5840 = FACE_BOUND('',#5841,.T.);
#5841 = EDGE_LOOP('',(#5842,#5864,#5865,#5866));
#5842 = ORIENTED_EDGE('',*,*,#5843,.T.);
#5843 = EDGE_CURVE('',#5844,#5790,#5846,.T.);
#5844 = VERTEX_POINT('',#5845);
#5845 = CARTESIAN_POINT('',(21.,21.95,-12.7));
#5846 = SURFACE_CURVE('',#5847,(#5851,#5857),.PCURVE_S1.);
#5847 = LINE('',#5848,#5849);
#5848 = CARTESIAN_POINT('',(21.,-16.575,-12.7));
#5849 = VECTOR('',#5850,1.);
#5850 = DIRECTION('',(0.,-1.,0.));
#5851 = PCURVE('',#5464,#5852);
#5852 = DEFINITIONAL_REPRESENTATION('',(#5853),#5856);
#5853 = B_SPLINE_CURVE_WITH_KNOTS('',1,(#5854,#5855),.UNSPECIFIED.,.F.,
  .F.,(2,2),(-38.525,-1.825),.PIECEWISE_BEZIER_KNOTS.);
#5854 = CARTESIAN_POINT('',(0.2,37.7));
#5855 = CARTESIAN_POINT('',(0.2,1.));
#5856 = ( GEOMETRIC_REPRESENTATION_CONTEXT(2) 
PARAMETRIC_REPRESENTATION_CONTEXT() REPRESENTATION_CONTEXT('2D SPACE',''
  ) );
#5857 = PCURVE('',#5806,#5858);
#5858 = DEFINITIONAL_REPRESENTATION('',(#5859),#5863);
#5859 = LINE('',#5860,#5861);
#5860 = CARTESIAN_POINT('',(8.3,-0.825));
#5861 = VECTOR('',#5862,1.);
#5862 = DIRECTION('',(0.,1.));
#5863 = ( GEOMETRIC_REPRESENTATION_CONTEXT(2) 
PARAMETRIC_REPRESENTATION_CONTEXT() REPRESENTATION_CONTEXT('2D SPACE',''
  ) );
#5864 = ORIENTED_EDGE('',*,*,#5818,.T.);
#5865 = ORIENTED_EDGE('',*,*,#5451,.F.);
#5866 = ORIENTED_EDGE('',*,*,#5867,.F.);
#5867 = EDGE_CURVE('',#5844,#5423,#5868,.T.);
#5868 = SURFACE_CURVE('',#5869,(#5873,#5880),.PCURVE_S1.);
#5869 = LINE('',#5870,#5871);
#5870 = CARTESIAN_POINT('',(20.8,21.95,-12.7));
#5871 = VECTOR('',#5872,1.);
#5872 = DIRECTION('',(1.,0.,0.));
#5873 = PCURVE('',#5464,#5874);
#5874 = DEFINITIONAL_REPRESENTATION('',(#5875),#5879);
#5875 = LINE('',#5876,#5877);
#5876 = CARTESIAN_POINT('',(0.,37.7));
#5877 = VECTOR('',#5878,1.);
#5878 = DIRECTION('',(1.,0.));
#5879 = ( GEOMETRIC_REPRESENTATION_CONTEXT(2) 
PARAMETRIC_REPRESENTATION_CONTEXT() REPRESENTATION_CONTEXT('2D SPACE',''
  ) );
#5880 = PCURVE('',#5439,#5881);
#5881 = DEFINITIONAL_REPRESENTATION('',(#5882),#5886);
#5882 = LINE('',#5883,#5884);
#5883 = CARTESIAN_POINT('',(-1.570796326795,0.));
#5884 = VECTOR('',#5885,1.);
#5885 = DIRECTION('',(-0.,1.));
#5886 = ( GEOMETRIC_REPRESENTATION_CONTEXT(2) 
PARAMETRIC_REPRESENTATION_CONTEXT() REPRESENTATION_CONTEXT('2D SPACE',''
  ) );
#5887 = ADVANCED_FACE('',(#5888),#5439,.F.);
#5888 = FACE_BOUND('',#5889,.T.);
#5889 = EDGE_LOOP('',(#5890,#5913,#5935,#5936));
#5890 = ORIENTED_EDGE('',*,*,#5891,.F.);
#5891 = EDGE_CURVE('',#5892,#5397,#5894,.T.);
#5892 = VERTEX_POINT('',#5893);
#5893 = CARTESIAN_POINT('',(21.,22.95,-11.7));
#5894 = SURFACE_CURVE('',#5895,(#5899,#5906),.PCURVE_S1.);
#5895 = LINE('',#5896,#5897);
#5896 = CARTESIAN_POINT('',(20.8,22.95,-11.7));
#5897 = VECTOR('',#5898,1.);
#5898 = DIRECTION('',(1.,0.,0.));
#5899 = PCURVE('',#5439,#5900);
#5900 = DEFINITIONAL_REPRESENTATION('',(#5901),#5905);
#5901 = LINE('',#5902,#5903);
#5902 = CARTESIAN_POINT('',(-0.,0.));
#5903 = VECTOR('',#5904,1.);
#5904 = DIRECTION('',(-0.,1.));
#5905 = ( GEOMETRIC_REPRESENTATION_CONTEXT(2) 
PARAMETRIC_REPRESENTATION_CONTEXT() REPRESENTATION_CONTEXT('2D SPACE',''
  ) );
#5906 = PCURVE('',#5411,#5907);
#5907 = DEFINITIONAL_REPRESENTATION('',(#5908),#5912);
#5908 = LINE('',#5909,#5910);
#5909 = CARTESIAN_POINT('',(1.,0.));
#5910 = VECTOR('',#5911,1.);
#5911 = DIRECTION('',(0.,1.));
#5912 = ( GEOMETRIC_REPRESENTATION_CONTEXT(2) 
PARAMETRIC_REPRESENTATION_CONTEXT() REPRESENTATION_CONTEXT('2D SPACE',''
  ) );
#5913 = ORIENTED_EDGE('',*,*,#5914,.F.);
#5914 = EDGE_CURVE('',#5844,#5892,#5915,.T.);
#5915 = SURFACE_CURVE('',#5916,(#5921,#5928),.PCURVE_S1.);
#5916 = CIRCLE('',#5917,1.);
#5917 = AXIS2_PLACEMENT_3D('',#5918,#5919,#5920);
#5918 = CARTESIAN_POINT('',(21.,21.95,-11.7));
#5919 = DIRECTION('',(1.,0.,0.));
#5920 = DIRECTION('',(-0.,1.,0.));
#5921 = PCURVE('',#5439,#5922);
#5922 = DEFINITIONAL_REPRESENTATION('',(#5923),#5927);
#5923 = LINE('',#5924,#5925);
#5924 = CARTESIAN_POINT('',(-6.28318530718,0.2));
#5925 = VECTOR('',#5926,1.);
#5926 = DIRECTION('',(1.,-0.));
#5927 = ( GEOMETRIC_REPRESENTATION_CONTEXT(2) 
PARAMETRIC_REPRESENTATION_CONTEXT() REPRESENTATION_CONTEXT('2D SPACE',''
  ) );
#5928 = PCURVE('',#5806,#5929);
#5929 = DEFINITIONAL_REPRESENTATION('',(#5930),#5934);
#5930 = CIRCLE('',#5931,1.);
#5931 = AXIS2_PLACEMENT_2D('',#5932,#5933);
#5932 = CARTESIAN_POINT('',(9.3,-39.35));
#5933 = DIRECTION('',(0.,-1.));
#5934 = ( GEOMETRIC_REPRESENTATION_CONTEXT(2) 
PARAMETRIC_REPRESENTATION_CONTEXT() REPRESENTATION_CONTEXT('2D SPACE',''
  ) );
#5935 = ORIENTED_EDGE('',*,*,#5867,.T.);
#5936 = ORIENTED_EDGE('',*,*,#5422,.T.);
#5937 = ADVANCED_FACE('',(#5938),#5411,.F.);
#5938 = FACE_BOUND('',#5939,.F.);
#5939 = EDGE_LOOP('',(#5940,#5941,#5942,#5964));
#5940 = ORIENTED_EDGE('',*,*,#5396,.F.);
#5941 = ORIENTED_EDGE('',*,*,#5891,.F.);
#5942 = ORIENTED_EDGE('',*,*,#5943,.T.);
#5943 = EDGE_CURVE('',#5892,#5944,#5946,.T.);
#5944 = VERTEX_POINT('',#5945);
#5945 = CARTESIAN_POINT('',(21.,22.95,9.5));
#5946 = SURFACE_CURVE('',#5947,(#5951,#5957),.PCURVE_S1.);
#5947 = LINE('',#5948,#5949);
#5948 = CARTESIAN_POINT('',(21.,22.95,-16.85));
#5949 = VECTOR('',#5950,1.);
#5950 = DIRECTION('',(0.,0.,1.));
#5951 = PCURVE('',#5411,#5952);
#5952 = DEFINITIONAL_REPRESENTATION('',(#5953),#5956);
#5953 = B_SPLINE_CURVE_WITH_KNOTS('',1,(#5954,#5955),.UNSPECIFIED.,.F.,
  .F.,(2,2),(5.15,26.35),.PIECEWISE_BEZIER_KNOTS.);
#5954 = CARTESIAN_POINT('',(1.,0.2));
#5955 = CARTESIAN_POINT('',(22.2,0.2));
#5956 = ( GEOMETRIC_REPRESENTATION_CONTEXT(2) 
PARAMETRIC_REPRESENTATION_CONTEXT() REPRESENTATION_CONTEXT('2D SPACE',''
  ) );
#5957 = PCURVE('',#5806,#5958);
#5958 = DEFINITIONAL_REPRESENTATION('',(#5959),#5963);
#5959 = LINE('',#5960,#5961);
#5960 = CARTESIAN_POINT('',(4.15,-40.35));
#5961 = VECTOR('',#5962,1.);
#5962 = DIRECTION('',(1.,0.));
#5963 = ( GEOMETRIC_REPRESENTATION_CONTEXT(2) 
PARAMETRIC_REPRESENTATION_CONTEXT() REPRESENTATION_CONTEXT('2D SPACE',''
  ) );
#5964 = ORIENTED_EDGE('',*,*,#5965,.T.);
#5965 = EDGE_CURVE('',#5944,#5368,#5966,.T.);
#5966 = SURFACE_CURVE('',#5967,(#5971,#5978),.PCURVE_S1.);
#5967 = LINE('',#5968,#5969);
#5968 = CARTESIAN_POINT('',(20.8,22.95,9.5));
#5969 = VECTOR('',#5970,1.);
#5970 = DIRECTION('',(1.,0.,0.));
#5971 = PCURVE('',#5411,#5972);
#5972 = DEFINITIONAL_REPRESENTATION('',(#5973),#5977);
#5973 = LINE('',#5974,#5975);
#5974 = CARTESIAN_POINT('',(22.2,0.));
#5975 = VECTOR('',#5976,1.);
#5976 = DIRECTION('',(0.,1.));
#5977 = ( GEOMETRIC_REPRESENTATION_CONTEXT(2) 
PARAMETRIC_REPRESENTATION_CONTEXT() REPRESENTATION_CONTEXT('2D SPACE',''
  ) );
#5978 = PCURVE('',#5384,#5979);
#5979 = DEFINITIONAL_REPRESENTATION('',(#5980),#5984);
#5980 = LINE('',#5981,#5982);
#5981 = CARTESIAN_POINT('',(0.,0.));
#5982 = VECTOR('',#5983,1.);
#5983 = DIRECTION('',(0.,1.));
#5984 = ( GEOMETRIC_REPRESENTATION_CONTEXT(2) 
PARAMETRIC_REPRESENTATION_CONTEXT() REPRESENTATION_CONTEXT('2D SPACE',''
  ) );
#5985 = ADVANCED_FACE('',(#5986),#5384,.F.);
#5986 = FACE_BOUND('',#5987,.F.);
#5987 = EDGE_LOOP('',(#5988,#5989,#6013,#6034));
#5988 = ORIENTED_EDGE('',*,*,#5965,.F.);
#5989 = ORIENTED_EDGE('',*,*,#5990,.T.);
#5990 = EDGE_CURVE('',#5944,#5991,#5993,.T.);
#5991 = VERTEX_POINT('',#5992);
#5992 = CARTESIAN_POINT('',(21.,21.95,10.5));
#5993 = SURFACE_CURVE('',#5994,(#5999,#6006),.PCURVE_S1.);
#5994 = CIRCLE('',#5995,1.);
#5995 = AXIS2_PLACEMENT_3D('',#5996,#5997,#5998);
#5996 = CARTESIAN_POINT('',(21.,21.95,9.5));
#5997 = DIRECTION('',(1.,0.,0.));
#5998 = DIRECTION('',(-0.,1.,0.));
#5999 = PCURVE('',#5384,#6000);
#6000 = DEFINITIONAL_REPRESENTATION('',(#6001),#6005);
#6001 = LINE('',#6002,#6003);
#6002 = CARTESIAN_POINT('',(0.,0.2));
#6003 = VECTOR('',#6004,1.);
#6004 = DIRECTION('',(1.,0.));
#6005 = ( GEOMETRIC_REPRESENTATION_CONTEXT(2) 
PARAMETRIC_REPRESENTATION_CONTEXT() REPRESENTATION_CONTEXT('2D SPACE',''
  ) );
#6006 = PCURVE('',#5806,#6007);
#6007 = DEFINITIONAL_REPRESENTATION('',(#6008),#6012);
#6008 = CIRCLE('',#6009,1.);
#6009 = AXIS2_PLACEMENT_2D('',#6010,#6011);
#6010 = CARTESIAN_POINT('',(30.5,-39.35));
#6011 = DIRECTION('',(0.,-1.));
#6012 = ( GEOMETRIC_REPRESENTATION_CONTEXT(2) 
PARAMETRIC_REPRESENTATION_CONTEXT() REPRESENTATION_CONTEXT('2D SPACE',''
  ) );
#6013 = ORIENTED_EDGE('',*,*,#6014,.T.);
#6014 = EDGE_CURVE('',#5991,#5342,#6015,.T.);
#6015 = SURFACE_CURVE('',#6016,(#6020,#6027),.PCURVE_S1.);
#6016 = LINE('',#6017,#6018);
#6017 = CARTESIAN_POINT('',(20.8,21.95,10.5));
#6018 = VECTOR('',#6019,1.);
#6019 = DIRECTION('',(1.,0.,0.));
#6020 = PCURVE('',#5384,#6021);
#6021 = DEFINITIONAL_REPRESENTATION('',(#6022),#6026);
#6022 = LINE('',#6023,#6024);
#6023 = CARTESIAN_POINT('',(1.570796326795,0.));
#6024 = VECTOR('',#6025,1.);
#6025 = DIRECTION('',(0.,1.));
#6026 = ( GEOMETRIC_REPRESENTATION_CONTEXT(2) 
PARAMETRIC_REPRESENTATION_CONTEXT() REPRESENTATION_CONTEXT('2D SPACE',''
  ) );
#6027 = PCURVE('',#5356,#6028);
#6028 = DEFINITIONAL_REPRESENTATION('',(#6029),#6033);
#6029 = LINE('',#6030,#6031);
#6030 = CARTESIAN_POINT('',(0.,37.7));
#6031 = VECTOR('',#6032,1.);
#6032 = DIRECTION('',(1.,0.));
#6033 = ( GEOMETRIC_REPRESENTATION_CONTEXT(2) 
PARAMETRIC_REPRESENTATION_CONTEXT() REPRESENTATION_CONTEXT('2D SPACE',''
  ) );
#6034 = ORIENTED_EDGE('',*,*,#5367,.F.);
#6035 = ADVANCED_FACE('',(#6036),#5356,.F.);
#6036 = FACE_BOUND('',#6037,.F.);
#6037 = EDGE_LOOP('',(#6038,#6060,#6081,#6082));
#6038 = ORIENTED_EDGE('',*,*,#6039,.T.);
#6039 = EDGE_CURVE('',#5991,#6040,#6042,.T.);
#6040 = VERTEX_POINT('',#6041);
#6041 = CARTESIAN_POINT('',(21.,-14.75,10.5));
#6042 = SURFACE_CURVE('',#6043,(#6047,#6053),.PCURVE_S1.);
#6043 = LINE('',#6044,#6045);
#6044 = CARTESIAN_POINT('',(21.,-16.575,10.5));
#6045 = VECTOR('',#6046,1.);
#6046 = DIRECTION('',(0.,-1.,0.));
#6047 = PCURVE('',#5356,#6048);
#6048 = DEFINITIONAL_REPRESENTATION('',(#6049),#6052);
#6049 = B_SPLINE_CURVE_WITH_KNOTS('',1,(#6050,#6051),.UNSPECIFIED.,.F.,
  .F.,(2,2),(-38.525,-1.825),.PIECEWISE_BEZIER_KNOTS.);
#6050 = CARTESIAN_POINT('',(0.2,37.7));
#6051 = CARTESIAN_POINT('',(0.2,1.));
#6052 = ( GEOMETRIC_REPRESENTATION_CONTEXT(2) 
PARAMETRIC_REPRESENTATION_CONTEXT() REPRESENTATION_CONTEXT('2D SPACE',''
  ) );
#6053 = PCURVE('',#5806,#6054);
#6054 = DEFINITIONAL_REPRESENTATION('',(#6055),#6059);
#6055 = LINE('',#6056,#6057);
#6056 = CARTESIAN_POINT('',(31.5,-0.825));
#6057 = VECTOR('',#6058,1.);
#6058 = DIRECTION('',(0.,1.));
#6059 = ( GEOMETRIC_REPRESENTATION_CONTEXT(2) 
PARAMETRIC_REPRESENTATION_CONTEXT() REPRESENTATION_CONTEXT('2D SPACE',''
  ) );
#6060 = ORIENTED_EDGE('',*,*,#6061,.T.);
#6061 = EDGE_CURVE('',#6040,#5313,#6062,.T.);
#6062 = SURFACE_CURVE('',#6063,(#6067,#6074),.PCURVE_S1.);
#6063 = LINE('',#6064,#6065);
#6064 = CARTESIAN_POINT('',(20.8,-14.75,10.5));
#6065 = VECTOR('',#6066,1.);
#6066 = DIRECTION('',(1.,0.,0.));
#6067 = PCURVE('',#5356,#6068);
#6068 = DEFINITIONAL_REPRESENTATION('',(#6069),#6073);
#6069 = LINE('',#6070,#6071);
#6070 = CARTESIAN_POINT('',(0.,1.));
#6071 = VECTOR('',#6072,1.);
#6072 = DIRECTION('',(1.,0.));
#6073 = ( GEOMETRIC_REPRESENTATION_CONTEXT(2) 
PARAMETRIC_REPRESENTATION_CONTEXT() REPRESENTATION_CONTEXT('2D SPACE',''
  ) );
#6074 = PCURVE('',#5329,#6075);
#6075 = DEFINITIONAL_REPRESENTATION('',(#6076),#6080);
#6076 = LINE('',#6077,#6078);
#6077 = CARTESIAN_POINT('',(-1.570796326795,0.));
#6078 = VECTOR('',#6079,1.);
#6079 = DIRECTION('',(-0.,1.));
#6080 = ( GEOMETRIC_REPRESENTATION_CONTEXT(2) 
PARAMETRIC_REPRESENTATION_CONTEXT() REPRESENTATION_CONTEXT('2D SPACE',''
  ) );
#6081 = ORIENTED_EDGE('',*,*,#5341,.F.);
#6082 = ORIENTED_EDGE('',*,*,#6014,.F.);
#6083 = ADVANCED_FACE('',(#6084),#5329,.F.);
#6084 = FACE_BOUND('',#6085,.T.);
#6085 = EDGE_LOOP('',(#6086,#6109,#6131,#6132));
#6086 = ORIENTED_EDGE('',*,*,#6087,.F.);
#6087 = EDGE_CURVE('',#6088,#5287,#6090,.T.);
#6088 = VERTEX_POINT('',#6089);
#6089 = CARTESIAN_POINT('',(21.,-15.75,9.5));
#6090 = SURFACE_CURVE('',#6091,(#6095,#6102),.PCURVE_S1.);
#6091 = LINE('',#6092,#6093);
#6092 = CARTESIAN_POINT('',(20.8,-15.75,9.5));
#6093 = VECTOR('',#6094,1.);
#6094 = DIRECTION('',(1.,0.,0.));
#6095 = PCURVE('',#5329,#6096);
#6096 = DEFINITIONAL_REPRESENTATION('',(#6097),#6101);
#6097 = LINE('',#6098,#6099);
#6098 = CARTESIAN_POINT('',(-0.,0.));
#6099 = VECTOR('',#6100,1.);
#6100 = DIRECTION('',(-0.,1.));
#6101 = ( GEOMETRIC_REPRESENTATION_CONTEXT(2) 
PARAMETRIC_REPRESENTATION_CONTEXT() REPRESENTATION_CONTEXT('2D SPACE',''
  ) );
#6102 = PCURVE('',#5301,#6103);
#6103 = DEFINITIONAL_REPRESENTATION('',(#6104),#6108);
#6104 = LINE('',#6105,#6106);
#6105 = CARTESIAN_POINT('',(22.2,0.));
#6106 = VECTOR('',#6107,1.);
#6107 = DIRECTION('',(0.,1.));
#6108 = ( GEOMETRIC_REPRESENTATION_CONTEXT(2) 
PARAMETRIC_REPRESENTATION_CONTEXT() REPRESENTATION_CONTEXT('2D SPACE',''
  ) );
#6109 = ORIENTED_EDGE('',*,*,#6110,.F.);
#6110 = EDGE_CURVE('',#6040,#6088,#6111,.T.);
#6111 = SURFACE_CURVE('',#6112,(#6117,#6124),.PCURVE_S1.);
#6112 = CIRCLE('',#6113,1.);
#6113 = AXIS2_PLACEMENT_3D('',#6114,#6115,#6116);
#6114 = CARTESIAN_POINT('',(21.,-14.75,9.5));
#6115 = DIRECTION('',(1.,0.,0.));
#6116 = DIRECTION('',(0.,-1.,0.));
#6117 = PCURVE('',#5329,#6118);
#6118 = DEFINITIONAL_REPRESENTATION('',(#6119),#6123);
#6119 = LINE('',#6120,#6121);
#6120 = CARTESIAN_POINT('',(-6.28318530718,0.2));
#6121 = VECTOR('',#6122,1.);
#6122 = DIRECTION('',(1.,-0.));
#6123 = ( GEOMETRIC_REPRESENTATION_CONTEXT(2) 
PARAMETRIC_REPRESENTATION_CONTEXT() REPRESENTATION_CONTEXT('2D SPACE',''
  ) );
#6124 = PCURVE('',#5806,#6125);
#6125 = DEFINITIONAL_REPRESENTATION('',(#6126),#6130);
#6126 = CIRCLE('',#6127,1.);
#6127 = AXIS2_PLACEMENT_2D('',#6128,#6129);
#6128 = CARTESIAN_POINT('',(30.5,-2.65));
#6129 = DIRECTION('',(0.,1.));
#6130 = ( GEOMETRIC_REPRESENTATION_CONTEXT(2) 
PARAMETRIC_REPRESENTATION_CONTEXT() REPRESENTATION_CONTEXT('2D SPACE',''
  ) );
#6131 = ORIENTED_EDGE('',*,*,#6061,.T.);
#6132 = ORIENTED_EDGE('',*,*,#5312,.T.);
#6133 = ADVANCED_FACE('',(#6134),#5301,.T.);
#6134 = FACE_BOUND('',#6135,.T.);
#6135 = EDGE_LOOP('',(#6136,#6137,#6138,#6158));
#6136 = ORIENTED_EDGE('',*,*,#5286,.F.);
#6137 = ORIENTED_EDGE('',*,*,#5766,.F.);
#6138 = ORIENTED_EDGE('',*,*,#6139,.T.);
#6139 = EDGE_CURVE('',#5767,#6088,#6140,.T.);
#6140 = SURFACE_CURVE('',#6141,(#6145,#6151),.PCURVE_S1.);
#6141 = LINE('',#6142,#6143);
#6142 = CARTESIAN_POINT('',(21.,-15.75,-16.85));
#6143 = VECTOR('',#6144,1.);
#6144 = DIRECTION('',(0.,0.,1.));
#6145 = PCURVE('',#5301,#6146);
#6146 = DEFINITIONAL_REPRESENTATION('',(#6147),#6150);
#6147 = B_SPLINE_CURVE_WITH_KNOTS('',1,(#6148,#6149),.UNSPECIFIED.,.F.,
  .F.,(2,2),(5.15,26.35),.PIECEWISE_BEZIER_KNOTS.);
#6148 = CARTESIAN_POINT('',(1.,0.2));
#6149 = CARTESIAN_POINT('',(22.2,0.2));
#6150 = ( GEOMETRIC_REPRESENTATION_CONTEXT(2) 
PARAMETRIC_REPRESENTATION_CONTEXT() REPRESENTATION_CONTEXT('2D SPACE',''
  ) );
#6151 = PCURVE('',#5806,#6152);
#6152 = DEFINITIONAL_REPRESENTATION('',(#6153),#6157);
#6153 = LINE('',#6154,#6155);
#6154 = CARTESIAN_POINT('',(4.15,-1.65));
#6155 = VECTOR('',#6156,1.);
#6156 = DIRECTION('',(1.,0.));
#6157 = ( GEOMETRIC_REPRESENTATION_CONTEXT(2) 
PARAMETRIC_REPRESENTATION_CONTEXT() REPRESENTATION_CONTEXT('2D SPACE',''
  ) );
#6158 = ORIENTED_EDGE('',*,*,#6087,.T.);
#6159 = ADVANCED_FACE('',(#6160,#6296),#5520,.F.);
#6160 = FACE_BOUND('',#6161,.F.);
#6161 = EDGE_LOOP('',(#6162,#6190,#6216,#6242,#6243,#6244,#6272));
#6162 = ORIENTED_EDGE('',*,*,#6163,.F.);
#6163 = EDGE_CURVE('',#6164,#6166,#6168,.T.);
#6164 = VERTEX_POINT('',#6165);
#6165 = CARTESIAN_POINT('',(15.98,6.39,-7.8));
#6166 = VERTEX_POINT('',#6167);
#6167 = CARTESIAN_POINT('',(15.98,-6.39,-7.8));
#6168 = SURFACE_CURVE('',#6169,(#6173,#6179),.PCURVE_S1.);
#6169 = LINE('',#6170,#6171);
#6170 = CARTESIAN_POINT('',(15.98,-11.895,-7.8));
#6171 = VECTOR('',#6172,1.);
#6172 = DIRECTION('',(0.,-1.,0.));
#6173 = PCURVE('',#5520,#6174);
#6174 = DEFINITIONAL_REPRESENTATION('',(#6175),#6178);
#6175 = B_SPLINE_CURVE_WITH_KNOTS('',1,(#6176,#6177),.UNSPECIFIED.,.F.,
  .F.,(2,2),(-18.285,-5.505),.PIECEWISE_BEZIER_KNOTS.);
#6176 = CARTESIAN_POINT('',(13.2,-23.79));
#6177 = CARTESIAN_POINT('',(13.2,-11.01));
#6178 = ( GEOMETRIC_REPRESENTATION_CONTEXT(2) 
PARAMETRIC_REPRESENTATION_CONTEXT() REPRESENTATION_CONTEXT('2D SPACE',''
  ) );
#6179 = PCURVE('',#6180,#6185);
#6180 = PLANE('',#6181);
#6181 = AXIS2_PLACEMENT_3D('',#6182,#6183,#6184);
#6182 = CARTESIAN_POINT('',(15.78,-6.39,-7.8));
#6183 = DIRECTION('',(0.,0.,1.));
#6184 = DIRECTION('',(1.,0.,0.));
#6185 = DEFINITIONAL_REPRESENTATION('',(#6186),#6189);
#6186 = B_SPLINE_CURVE_WITH_KNOTS('',1,(#6187,#6188),.UNSPECIFIED.,.F.,
  .F.,(2,2),(-18.285,-5.505),.PIECEWISE_BEZIER_KNOTS.);
#6187 = CARTESIAN_POINT('',(0.2,12.78));
#6188 = CARTESIAN_POINT('',(0.2,0.));
#6189 = ( GEOMETRIC_REPRESENTATION_CONTEXT(2) 
PARAMETRIC_REPRESENTATION_CONTEXT() REPRESENTATION_CONTEXT('2D SPACE',''
  ) );
#6190 = ORIENTED_EDGE('',*,*,#6191,.F.);
#6191 = EDGE_CURVE('',#6192,#6164,#6194,.T.);
#6192 = VERTEX_POINT('',#6193);
#6193 = CARTESIAN_POINT('',(15.98,6.39,-7.800533428182));
#6194 = SURFACE_CURVE('',#6195,(#6199,#6205),.PCURVE_S1.);
#6195 = LINE('',#6196,#6197);
#6196 = CARTESIAN_POINT('',(15.98,6.39,-15.9));
#6197 = VECTOR('',#6198,1.);
#6198 = DIRECTION('',(0.,0.,1.));
#6199 = PCURVE('',#5520,#6200);
#6200 = DEFINITIONAL_REPRESENTATION('',(#6201),#6204);
#6201 = B_SPLINE_CURVE_WITH_KNOTS('',1,(#6202,#6203),.UNSPECIFIED.,.F.,
  .F.,(2,2),(8.099466571818,8.1),.PIECEWISE_BEZIER_KNOTS.);
#6202 = CARTESIAN_POINT('',(13.199466571818,-23.79));
#6203 = CARTESIAN_POINT('',(13.2,-23.79));
#6204 = ( GEOMETRIC_REPRESENTATION_CONTEXT(2) 
PARAMETRIC_REPRESENTATION_CONTEXT() REPRESENTATION_CONTEXT('2D SPACE',''
  ) );
#6205 = PCURVE('',#6206,#6211);
#6206 = PLANE('',#6207);
#6207 = AXIS2_PLACEMENT_3D('',#6208,#6209,#6210);
#6208 = CARTESIAN_POINT('',(15.78,6.39,-10.8));
#6209 = DIRECTION('',(0.,1.,0.));
#6210 = DIRECTION('',(0.,0.,1.));
#6211 = DEFINITIONAL_REPRESENTATION('',(#6212),#6215);
#6212 = B_SPLINE_CURVE_WITH_KNOTS('',1,(#6213,#6214),.UNSPECIFIED.,.F.,
  .F.,(2,2),(8.099466571818,8.1),.PIECEWISE_BEZIER_KNOTS.);
#6213 = CARTESIAN_POINT('',(2.999466571818,0.2));
#6214 = CARTESIAN_POINT('',(3.,0.2));
#6215 = ( GEOMETRIC_REPRESENTATION_CONTEXT(2) 
PARAMETRIC_REPRESENTATION_CONTEXT() REPRESENTATION_CONTEXT('2D SPACE',''
  ) );
#6216 = ORIENTED_EDGE('',*,*,#6217,.T.);
#6217 = EDGE_CURVE('',#6192,#5709,#6218,.T.);
#6218 = SURFACE_CURVE('',#6219,(#6224,#6235),.PCURVE_S1.);
#6219 = CIRCLE('',#6220,1.5);
#6220 = AXIS2_PLACEMENT_3D('',#6221,#6222,#6223);
#6221 = CARTESIAN_POINT('',(15.98,6.35,-9.3));
#6222 = DIRECTION('',(-1.,0.,0.));
#6223 = DIRECTION('',(0.,1.,0.));
#6224 = PCURVE('',#5520,#6225);
#6225 = DEFINITIONAL_REPRESENTATION('',(#6226),#6234);
#6226 = ( BOUNDED_CURVE() B_SPLINE_CURVE(2,(#6227,#6228,#6229,#6230,
#6231,#6232,#6233),.UNSPECIFIED.,.T.,.F.) B_SPLINE_CURVE_WITH_KNOTS((1,2
    ,2,2,2,1),(-2.094395102393,0.,2.094395102393,4.188790204786,
6.28318530718,8.377580409573),.UNSPECIFIED.) CURVE() 
GEOMETRIC_REPRESENTATION_ITEM() RATIONAL_B_SPLINE_CURVE((1.,0.5,1.,0.5,
1.,0.5,1.)) REPRESENTATION_ITEM('') );
#6227 = CARTESIAN_POINT('',(11.7,-25.25));
#6228 = CARTESIAN_POINT('',(9.101923788647,-25.25));
#6229 = CARTESIAN_POINT('',(10.400961894323,-23.));
#6230 = CARTESIAN_POINT('',(11.7,-20.75));
#6231 = CARTESIAN_POINT('',(12.999038105677,-23.));
#6232 = CARTESIAN_POINT('',(14.298076211353,-25.25));
#6233 = CARTESIAN_POINT('',(11.7,-25.25));
#6234 = ( GEOMETRIC_REPRESENTATION_CONTEXT(2) 
PARAMETRIC_REPRESENTATION_CONTEXT() REPRESENTATION_CONTEXT('2D SPACE',''
  ) );
#6235 = PCURVE('',#5723,#6236);
#6236 = DEFINITIONAL_REPRESENTATION('',(#6237),#6241);
#6237 = LINE('',#6238,#6239);
#6238 = CARTESIAN_POINT('',(-12.56637061435,-0.2));
#6239 = VECTOR('',#6240,1.);
#6240 = DIRECTION('',(1.,-0.));
#6241 = ( GEOMETRIC_REPRESENTATION_CONTEXT(2) 
PARAMETRIC_REPRESENTATION_CONTEXT() REPRESENTATION_CONTEXT('2D SPACE',''
  ) );
#6242 = ORIENTED_EDGE('',*,*,#5734,.F.);
#6243 = ORIENTED_EDGE('',*,*,#5503,.F.);
#6244 = ORIENTED_EDGE('',*,*,#6245,.T.);
#6245 = EDGE_CURVE('',#5504,#6246,#6248,.T.);
#6246 = VERTEX_POINT('',#6247);
#6247 = CARTESIAN_POINT('',(15.98,-6.39,-7.800533428182));
#6248 = SURFACE_CURVE('',#6249,(#6254,#6265),.PCURVE_S1.);
#6249 = CIRCLE('',#6250,1.5);
#6250 = AXIS2_PLACEMENT_3D('',#6251,#6252,#6253);
#6251 = CARTESIAN_POINT('',(15.98,-6.35,-9.3));
#6252 = DIRECTION('',(-1.,0.,0.));
#6253 = DIRECTION('',(0.,1.,0.));
#6254 = PCURVE('',#5520,#6255);
#6255 = DEFINITIONAL_REPRESENTATION('',(#6256),#6264);
#6256 = ( BOUNDED_CURVE() B_SPLINE_CURVE(2,(#6257,#6258,#6259,#6260,
#6261,#6262,#6263),.UNSPECIFIED.,.T.,.F.) B_SPLINE_CURVE_WITH_KNOTS((1,2
    ,2,2,2,1),(-2.094395102393,0.,2.094395102393,4.188790204786,
6.28318530718,8.377580409573),.UNSPECIFIED.) CURVE() 
GEOMETRIC_REPRESENTATION_ITEM() RATIONAL_B_SPLINE_CURVE((1.,0.5,1.,0.5,
1.,0.5,1.)) REPRESENTATION_ITEM('') );
#6257 = CARTESIAN_POINT('',(11.7,-12.55));
#6258 = CARTESIAN_POINT('',(9.101923788647,-12.55));
#6259 = CARTESIAN_POINT('',(10.400961894323,-10.3));
#6260 = CARTESIAN_POINT('',(11.7,-8.05));
#6261 = CARTESIAN_POINT('',(12.999038105677,-10.3));
#6262 = CARTESIAN_POINT('',(14.298076211353,-12.55));
#6263 = CARTESIAN_POINT('',(11.7,-12.55));
#6264 = ( GEOMETRIC_REPRESENTATION_CONTEXT(2) 
PARAMETRIC_REPRESENTATION_CONTEXT() REPRESENTATION_CONTEXT('2D SPACE',''
  ) );
#6265 = PCURVE('',#5551,#6266);
#6266 = DEFINITIONAL_REPRESENTATION('',(#6267),#6271);
#6267 = LINE('',#6268,#6269);
#6268 = CARTESIAN_POINT('',(-6.28318530718,-0.2));
#6269 = VECTOR('',#6270,1.);
#6270 = DIRECTION('',(1.,-0.));
#6271 = ( GEOMETRIC_REPRESENTATION_CONTEXT(2) 
PARAMETRIC_REPRESENTATION_CONTEXT() REPRESENTATION_CONTEXT('2D SPACE',''
  ) );
#6272 = ORIENTED_EDGE('',*,*,#6273,.T.);
#6273 = EDGE_CURVE('',#6246,#6166,#6274,.T.);
#6274 = SURFACE_CURVE('',#6275,(#6279,#6285),.PCURVE_S1.);
#6275 = LINE('',#6276,#6277);
#6276 = CARTESIAN_POINT('',(15.98,-6.39,-15.9));
#6277 = VECTOR('',#6278,1.);
#6278 = DIRECTION('',(0.,0.,1.));
#6279 = PCURVE('',#5520,#6280);
#6280 = DEFINITIONAL_REPRESENTATION('',(#6281),#6284);
#6281 = B_SPLINE_CURVE_WITH_KNOTS('',1,(#6282,#6283),.UNSPECIFIED.,.F.,
  .F.,(2,2),(8.099466571818,8.1),.PIECEWISE_BEZIER_KNOTS.);
#6282 = CARTESIAN_POINT('',(13.199466571818,-11.01));
#6283 = CARTESIAN_POINT('',(13.2,-11.01));
#6284 = ( GEOMETRIC_REPRESENTATION_CONTEXT(2) 
PARAMETRIC_REPRESENTATION_CONTEXT() REPRESENTATION_CONTEXT('2D SPACE',''
  ) );
#6285 = PCURVE('',#6286,#6291);
#6286 = PLANE('',#6287);
#6287 = AXIS2_PLACEMENT_3D('',#6288,#6289,#6290);
#6288 = CARTESIAN_POINT('',(15.78,-6.39,-10.8));
#6289 = DIRECTION('',(0.,1.,0.));
#6290 = DIRECTION('',(0.,0.,1.));
#6291 = DEFINITIONAL_REPRESENTATION('',(#6292),#6295);
#6292 = B_SPLINE_CURVE_WITH_KNOTS('',1,(#6293,#6294),.UNSPECIFIED.,.F.,
  .F.,(2,2),(8.099466571818,8.1),.PIECEWISE_BEZIER_KNOTS.);
#6293 = CARTESIAN_POINT('',(2.999466571818,0.2));
#6294 = CARTESIAN_POINT('',(3.,0.2));
#6295 = ( GEOMETRIC_REPRESENTATION_CONTEXT(2) 
PARAMETRIC_REPRESENTATION_CONTEXT() REPRESENTATION_CONTEXT('2D SPACE',''
  ) );
#6296 = FACE_BOUND('',#6297,.F.);
#6297 = EDGE_LOOP('',(#6298,#6329,#6355,#6384,#6410,#6439,#6465,#6494));
#6298 = ORIENTED_EDGE('',*,*,#6299,.F.);
#6299 = EDGE_CURVE('',#6300,#6302,#6304,.T.);
#6300 = VERTEX_POINT('',#6301);
#6301 = CARTESIAN_POINT('',(15.98,-10.45,-5.2));
#6302 = VERTEX_POINT('',#6303);
#6303 = CARTESIAN_POINT('',(15.98,-8.95,-6.7));
#6304 = SURFACE_CURVE('',#6305,(#6310,#6317),.PCURVE_S1.);
#6305 = CIRCLE('',#6306,1.5);
#6306 = AXIS2_PLACEMENT_3D('',#6307,#6308,#6309);
#6307 = CARTESIAN_POINT('',(15.98,-8.95,-5.2));
#6308 = DIRECTION('',(1.,0.,0.));
#6309 = DIRECTION('',(0.,-1.,0.));
#6310 = PCURVE('',#5520,#6311);
#6311 = DEFINITIONAL_REPRESENTATION('',(#6312),#6316);
#6312 = CIRCLE('',#6313,1.5);
#6313 = AXIS2_PLACEMENT_2D('',#6314,#6315);
#6314 = CARTESIAN_POINT('',(15.8,-8.45));
#6315 = DIRECTION('',(0.,1.));
#6316 = ( GEOMETRIC_REPRESENTATION_CONTEXT(2) 
PARAMETRIC_REPRESENTATION_CONTEXT() REPRESENTATION_CONTEXT('2D SPACE',''
  ) );
#6317 = PCURVE('',#6318,#6323);
#6318 = CYLINDRICAL_SURFACE('',#6319,1.5);
#6319 = AXIS2_PLACEMENT_3D('',#6320,#6321,#6322);
#6320 = CARTESIAN_POINT('',(15.78,-8.95,-5.2));
#6321 = DIRECTION('',(1.,0.,0.));
#6322 = DIRECTION('',(0.,-1.,0.));
#6323 = DEFINITIONAL_REPRESENTATION('',(#6324),#6328);
#6324 = LINE('',#6325,#6326);
#6325 = CARTESIAN_POINT('',(0.,0.2));
#6326 = VECTOR('',#6327,1.);
#6327 = DIRECTION('',(1.,0.));
#6328 = ( GEOMETRIC_REPRESENTATION_CONTEXT(2) 
PARAMETRIC_REPRESENTATION_CONTEXT() REPRESENTATION_CONTEXT('2D SPACE',''
  ) );
#6329 = ORIENTED_EDGE('',*,*,#6330,.T.);
#6330 = EDGE_CURVE('',#6300,#6331,#6333,.T.);
#6331 = VERTEX_POINT('',#6332);
#6332 = CARTESIAN_POINT('',(15.98,-10.45,5.2));
#6333 = SURFACE_CURVE('',#6334,(#6338,#6344),.PCURVE_S1.);
#6334 = LINE('',#6335,#6336);
#6335 = CARTESIAN_POINT('',(15.98,-10.45,-13.85));
#6336 = VECTOR('',#6337,1.);
#6337 = DIRECTION('',(0.,0.,1.));
#6338 = PCURVE('',#5520,#6339);
#6339 = DEFINITIONAL_REPRESENTATION('',(#6340),#6343);
#6340 = B_SPLINE_CURVE_WITH_KNOTS('',1,(#6341,#6342),.UNSPECIFIED.,.F.,
  .F.,(2,2),(8.65,19.05),.PIECEWISE_BEZIER_KNOTS.);
#6341 = CARTESIAN_POINT('',(15.8,-6.95));
#6342 = CARTESIAN_POINT('',(26.2,-6.95));
#6343 = ( GEOMETRIC_REPRESENTATION_CONTEXT(2) 
PARAMETRIC_REPRESENTATION_CONTEXT() REPRESENTATION_CONTEXT('2D SPACE',''
  ) );
#6344 = PCURVE('',#6345,#6350);
#6345 = PLANE('',#6346);
#6346 = AXIS2_PLACEMENT_3D('',#6347,#6348,#6349);
#6347 = CARTESIAN_POINT('',(15.78,-10.45,-6.7));
#6348 = DIRECTION('',(0.,1.,0.));
#6349 = DIRECTION('',(0.,0.,1.));
#6350 = DEFINITIONAL_REPRESENTATION('',(#6351),#6354);
#6351 = B_SPLINE_CURVE_WITH_KNOTS('',1,(#6352,#6353),.UNSPECIFIED.,.F.,
  .F.,(2,2),(8.65,19.05),.PIECEWISE_BEZIER_KNOTS.);
#6352 = CARTESIAN_POINT('',(1.5,0.2));
#6353 = CARTESIAN_POINT('',(11.9,0.2));
#6354 = ( GEOMETRIC_REPRESENTATION_CONTEXT(2) 
PARAMETRIC_REPRESENTATION_CONTEXT() REPRESENTATION_CONTEXT('2D SPACE',''
  ) );
#6355 = ORIENTED_EDGE('',*,*,#6356,.F.);
#6356 = EDGE_CURVE('',#6357,#6331,#6359,.T.);
#6357 = VERTEX_POINT('',#6358);
#6358 = CARTESIAN_POINT('',(15.98,-8.95,6.7));
#6359 = SURFACE_CURVE('',#6360,(#6365,#6372),.PCURVE_S1.);
#6360 = CIRCLE('',#6361,1.5);
#6361 = AXIS2_PLACEMENT_3D('',#6362,#6363,#6364);
#6362 = CARTESIAN_POINT('',(15.98,-8.95,5.2));
#6363 = DIRECTION('',(1.,0.,0.));
#6364 = DIRECTION('',(0.,-1.,0.));
#6365 = PCURVE('',#5520,#6366);
#6366 = DEFINITIONAL_REPRESENTATION('',(#6367),#6371);
#6367 = CIRCLE('',#6368,1.5);
#6368 = AXIS2_PLACEMENT_2D('',#6369,#6370);
#6369 = CARTESIAN_POINT('',(26.2,-8.45));
#6370 = DIRECTION('',(0.,1.));
#6371 = ( GEOMETRIC_REPRESENTATION_CONTEXT(2) 
PARAMETRIC_REPRESENTATION_CONTEXT() REPRESENTATION_CONTEXT('2D SPACE',''
  ) );
#6372 = PCURVE('',#6373,#6378);
#6373 = CYLINDRICAL_SURFACE('',#6374,1.5);
#6374 = AXIS2_PLACEMENT_3D('',#6375,#6376,#6377);
#6375 = CARTESIAN_POINT('',(15.78,-8.95,5.2));
#6376 = DIRECTION('',(1.,0.,0.));
#6377 = DIRECTION('',(0.,-1.,0.));
#6378 = DEFINITIONAL_REPRESENTATION('',(#6379),#6383);
#6379 = LINE('',#6380,#6381);
#6380 = CARTESIAN_POINT('',(-6.28318530718,0.2));
#6381 = VECTOR('',#6382,1.);
#6382 = DIRECTION('',(1.,-0.));
#6383 = ( GEOMETRIC_REPRESENTATION_CONTEXT(2) 
PARAMETRIC_REPRESENTATION_CONTEXT() REPRESENTATION_CONTEXT('2D SPACE',''
  ) );
#6384 = ORIENTED_EDGE('',*,*,#6385,.F.);
#6385 = EDGE_CURVE('',#6386,#6357,#6388,.T.);
#6386 = VERTEX_POINT('',#6387);
#6387 = CARTESIAN_POINT('',(15.98,8.95,6.7));
#6388 = SURFACE_CURVE('',#6389,(#6393,#6399),.PCURVE_S1.);
#6389 = LINE('',#6390,#6391);
#6390 = CARTESIAN_POINT('',(15.98,-13.925,6.7));
#6391 = VECTOR('',#6392,1.);
#6392 = DIRECTION('',(0.,-1.,0.));
#6393 = PCURVE('',#5520,#6394);
#6394 = DEFINITIONAL_REPRESENTATION('',(#6395),#6398);
#6395 = B_SPLINE_CURVE_WITH_KNOTS('',1,(#6396,#6397),.UNSPECIFIED.,.F.,
  .F.,(2,2),(-22.875,-4.975),.PIECEWISE_BEZIER_KNOTS.);
#6396 = CARTESIAN_POINT('',(27.7,-26.35));
#6397 = CARTESIAN_POINT('',(27.7,-8.45));
#6398 = ( GEOMETRIC_REPRESENTATION_CONTEXT(2) 
PARAMETRIC_REPRESENTATION_CONTEXT() REPRESENTATION_CONTEXT('2D SPACE',''
  ) );
#6399 = PCURVE('',#6400,#6405);
#6400 = PLANE('',#6401);
#6401 = AXIS2_PLACEMENT_3D('',#6402,#6403,#6404);
#6402 = CARTESIAN_POINT('',(15.78,-10.45,6.7));
#6403 = DIRECTION('',(0.,0.,1.));
#6404 = DIRECTION('',(1.,0.,0.));
#6405 = DEFINITIONAL_REPRESENTATION('',(#6406),#6409);
#6406 = B_SPLINE_CURVE_WITH_KNOTS('',1,(#6407,#6408),.UNSPECIFIED.,.F.,
  .F.,(2,2),(-22.875,-4.975),.PIECEWISE_BEZIER_KNOTS.);
#6407 = CARTESIAN_POINT('',(0.2,19.4));
#6408 = CARTESIAN_POINT('',(0.2,1.5));
#6409 = ( GEOMETRIC_REPRESENTATION_CONTEXT(2) 
PARAMETRIC_REPRESENTATION_CONTEXT() REPRESENTATION_CONTEXT('2D SPACE',''
  ) );
#6410 = ORIENTED_EDGE('',*,*,#6411,.F.);
#6411 = EDGE_CURVE('',#6412,#6386,#6414,.T.);
#6412 = VERTEX_POINT('',#6413);
#6413 = CARTESIAN_POINT('',(15.98,10.45,5.2));
#6414 = SURFACE_CURVE('',#6415,(#6420,#6427),.PCURVE_S1.);
#6415 = CIRCLE('',#6416,1.5);
#6416 = AXIS2_PLACEMENT_3D('',#6417,#6418,#6419);
#6417 = CARTESIAN_POINT('',(15.98,8.95,5.2));
#6418 = DIRECTION('',(1.,0.,0.));
#6419 = DIRECTION('',(-0.,1.,0.));
#6420 = PCURVE('',#5520,#6421);
#6421 = DEFINITIONAL_REPRESENTATION('',(#6422),#6426);
#6422 = CIRCLE('',#6423,1.5);
#6423 = AXIS2_PLACEMENT_2D('',#6424,#6425);
#6424 = CARTESIAN_POINT('',(26.2,-26.35));
#6425 = DIRECTION('',(0.,-1.));
#6426 = ( GEOMETRIC_REPRESENTATION_CONTEXT(2) 
PARAMETRIC_REPRESENTATION_CONTEXT() REPRESENTATION_CONTEXT('2D SPACE',''
  ) );
#6427 = PCURVE('',#6428,#6433);
#6428 = CYLINDRICAL_SURFACE('',#6429,1.5);
#6429 = AXIS2_PLACEMENT_3D('',#6430,#6431,#6432);
#6430 = CARTESIAN_POINT('',(15.78,8.95,5.2));
#6431 = DIRECTION('',(1.,0.,0.));
#6432 = DIRECTION('',(-0.,1.,0.));
#6433 = DEFINITIONAL_REPRESENTATION('',(#6434),#6438);
#6434 = LINE('',#6435,#6436);
#6435 = CARTESIAN_POINT('',(0.,0.2));
#6436 = VECTOR('',#6437,1.);
#6437 = DIRECTION('',(1.,0.));
#6438 = ( GEOMETRIC_REPRESENTATION_CONTEXT(2) 
PARAMETRIC_REPRESENTATION_CONTEXT() REPRESENTATION_CONTEXT('2D SPACE',''
  ) );
#6439 = ORIENTED_EDGE('',*,*,#6440,.F.);
#6440 = EDGE_CURVE('',#6441,#6412,#6443,.T.);
#6441 = VERTEX_POINT('',#6442);
#6442 = CARTESIAN_POINT('',(15.98,10.45,-5.2));
#6443 = SURFACE_CURVE('',#6444,(#6448,#6454),.PCURVE_S1.);
#6444 = LINE('',#6445,#6446);
#6445 = CARTESIAN_POINT('',(15.98,10.45,-13.85));
#6446 = VECTOR('',#6447,1.);
#6447 = DIRECTION('',(0.,0.,1.));
#6448 = PCURVE('',#5520,#6449);
#6449 = DEFINITIONAL_REPRESENTATION('',(#6450),#6453);
#6450 = B_SPLINE_CURVE_WITH_KNOTS('',1,(#6451,#6452),.UNSPECIFIED.,.F.,
  .F.,(2,2),(8.65,19.05),.PIECEWISE_BEZIER_KNOTS.);
#6451 = CARTESIAN_POINT('',(15.8,-27.85));
#6452 = CARTESIAN_POINT('',(26.2,-27.85));
#6453 = ( GEOMETRIC_REPRESENTATION_CONTEXT(2) 
PARAMETRIC_REPRESENTATION_CONTEXT() REPRESENTATION_CONTEXT('2D SPACE',''
  ) );
#6454 = PCURVE('',#6455,#6460);
#6455 = PLANE('',#6456);
#6456 = AXIS2_PLACEMENT_3D('',#6457,#6458,#6459);
#6457 = CARTESIAN_POINT('',(15.78,10.45,-6.7));
#6458 = DIRECTION('',(0.,1.,0.));
#6459 = DIRECTION('',(0.,0.,1.));
#6460 = DEFINITIONAL_REPRESENTATION('',(#6461),#6464);
#6461 = B_SPLINE_CURVE_WITH_KNOTS('',1,(#6462,#6463),.UNSPECIFIED.,.F.,
  .F.,(2,2),(8.65,19.05),.PIECEWISE_BEZIER_KNOTS.);
#6462 = CARTESIAN_POINT('',(1.5,0.2));
#6463 = CARTESIAN_POINT('',(11.9,0.2));
#6464 = ( GEOMETRIC_REPRESENTATION_CONTEXT(2) 
PARAMETRIC_REPRESENTATION_CONTEXT() REPRESENTATION_CONTEXT('2D SPACE',''
  ) );
#6465 = ORIENTED_EDGE('',*,*,#6466,.F.);
#6466 = EDGE_CURVE('',#6467,#6441,#6469,.T.);
#6467 = VERTEX_POINT('',#6468);
#6468 = CARTESIAN_POINT('',(15.98,8.95,-6.7));
#6469 = SURFACE_CURVE('',#6470,(#6475,#6482),.PCURVE_S1.);
#6470 = CIRCLE('',#6471,1.5);
#6471 = AXIS2_PLACEMENT_3D('',#6472,#6473,#6474);
#6472 = CARTESIAN_POINT('',(15.98,8.95,-5.2));
#6473 = DIRECTION('',(1.,0.,0.));
#6474 = DIRECTION('',(-0.,1.,0.));
#6475 = PCURVE('',#5520,#6476);
#6476 = DEFINITIONAL_REPRESENTATION('',(#6477),#6481);
#6477 = CIRCLE('',#6478,1.5);
#6478 = AXIS2_PLACEMENT_2D('',#6479,#6480);
#6479 = CARTESIAN_POINT('',(15.8,-26.35));
#6480 = DIRECTION('',(0.,-1.));
#6481 = ( GEOMETRIC_REPRESENTATION_CONTEXT(2) 
PARAMETRIC_REPRESENTATION_CONTEXT() REPRESENTATION_CONTEXT('2D SPACE',''
  ) );
#6482 = PCURVE('',#6483,#6488);
#6483 = CYLINDRICAL_SURFACE('',#6484,1.5);
#6484 = AXIS2_PLACEMENT_3D('',#6485,#6486,#6487);
#6485 = CARTESIAN_POINT('',(15.78,8.95,-5.2));
#6486 = DIRECTION('',(1.,0.,0.));
#6487 = DIRECTION('',(-0.,1.,0.));
#6488 = DEFINITIONAL_REPRESENTATION('',(#6489),#6493);
#6489 = LINE('',#6490,#6491);
#6490 = CARTESIAN_POINT('',(-6.28318530718,0.2));
#6491 = VECTOR('',#6492,1.);
#6492 = DIRECTION('',(1.,-0.));
#6493 = ( GEOMETRIC_REPRESENTATION_CONTEXT(2) 
PARAMETRIC_REPRESENTATION_CONTEXT() REPRESENTATION_CONTEXT('2D SPACE',''
  ) );
#6494 = ORIENTED_EDGE('',*,*,#6495,.T.);
#6495 = EDGE_CURVE('',#6467,#6302,#6496,.T.);
#6496 = SURFACE_CURVE('',#6497,(#6501,#6507),.PCURVE_S1.);
#6497 = LINE('',#6498,#6499);
#6498 = CARTESIAN_POINT('',(15.98,-13.925,-6.7));
#6499 = VECTOR('',#6500,1.);
#6500 = DIRECTION('',(0.,-1.,0.));
#6501 = PCURVE('',#5520,#6502);
#6502 = DEFINITIONAL_REPRESENTATION('',(#6503),#6506);
#6503 = B_SPLINE_CURVE_WITH_KNOTS('',1,(#6504,#6505),.UNSPECIFIED.,.F.,
  .F.,(2,2),(-22.875,-4.975),.PIECEWISE_BEZIER_KNOTS.);
#6504 = CARTESIAN_POINT('',(14.3,-26.35));
#6505 = CARTESIAN_POINT('',(14.3,-8.45));
#6506 = ( GEOMETRIC_REPRESENTATION_CONTEXT(2) 
PARAMETRIC_REPRESENTATION_CONTEXT() REPRESENTATION_CONTEXT('2D SPACE',''
  ) );
#6507 = PCURVE('',#6508,#6513);
#6508 = PLANE('',#6509);
#6509 = AXIS2_PLACEMENT_3D('',#6510,#6511,#6512);
#6510 = CARTESIAN_POINT('',(15.78,-10.45,-6.7));
#6511 = DIRECTION('',(0.,0.,1.));
#6512 = DIRECTION('',(1.,0.,0.));
#6513 = DEFINITIONAL_REPRESENTATION('',(#6514),#6517);
#6514 = B_SPLINE_CURVE_WITH_KNOTS('',1,(#6515,#6516),.UNSPECIFIED.,.F.,
  .F.,(2,2),(-22.875,-4.975),.PIECEWISE_BEZIER_KNOTS.);
#6515 = CARTESIAN_POINT('',(0.2,19.4));
#6516 = CARTESIAN_POINT('',(0.2,1.5));
#6517 = ( GEOMETRIC_REPRESENTATION_CONTEXT(2) 
PARAMETRIC_REPRESENTATION_CONTEXT() REPRESENTATION_CONTEXT('2D SPACE',''
  ) );
#6518 = ADVANCED_FACE('',(#6519),#5723,.F.);
#6519 = FACE_BOUND('',#6520,.T.);
#6520 = EDGE_LOOP('',(#6521,#6551,#6570,#6571,#6572,#6600));
#6521 = ORIENTED_EDGE('',*,*,#6522,.F.);
#6522 = EDGE_CURVE('',#6523,#6525,#6527,.T.);
#6523 = VERTEX_POINT('',#6524);
#6524 = CARTESIAN_POINT('',(21.,6.39,-7.800533428182));
#6525 = VERTEX_POINT('',#6526);
#6526 = CARTESIAN_POINT('',(21.,6.39,-10.79946657181));
#6527 = SURFACE_CURVE('',#6528,(#6533,#6540),.PCURVE_S1.);
#6528 = CIRCLE('',#6529,1.5);
#6529 = AXIS2_PLACEMENT_3D('',#6530,#6531,#6532);
#6530 = CARTESIAN_POINT('',(21.,6.35,-9.3));
#6531 = DIRECTION('',(-1.,0.,0.));
#6532 = DIRECTION('',(0.,1.,0.));
#6533 = PCURVE('',#5723,#6534);
#6534 = DEFINITIONAL_REPRESENTATION('',(#6535),#6539);
#6535 = LINE('',#6536,#6537);
#6536 = CARTESIAN_POINT('',(-12.56637061435,-5.22));
#6537 = VECTOR('',#6538,1.);
#6538 = DIRECTION('',(1.,-0.));
#6539 = ( GEOMETRIC_REPRESENTATION_CONTEXT(2) 
PARAMETRIC_REPRESENTATION_CONTEXT() REPRESENTATION_CONTEXT('2D SPACE',''
  ) );
#6540 = PCURVE('',#5806,#6541);
#6541 = DEFINITIONAL_REPRESENTATION('',(#6542),#6550);
#6542 = ( BOUNDED_CURVE() B_SPLINE_CURVE(2,(#6543,#6544,#6545,#6546,
#6547,#6548,#6549),.UNSPECIFIED.,.T.,.F.) B_SPLINE_CURVE_WITH_KNOTS((1,2
    ,2,2,2,1),(-2.094395102393,0.,2.094395102393,4.188790204786,
6.28318530718,8.377580409573),.UNSPECIFIED.) CURVE() 
GEOMETRIC_REPRESENTATION_ITEM() RATIONAL_B_SPLINE_CURVE((1.,0.5,1.,0.5,
1.,0.5,1.)) REPRESENTATION_ITEM('') );
#6543 = CARTESIAN_POINT('',(11.7,-25.25));
#6544 = CARTESIAN_POINT('',(9.101923788647,-25.25));
#6545 = CARTESIAN_POINT('',(10.400961894323,-23.));
#6546 = CARTESIAN_POINT('',(11.7,-20.75));
#6547 = CARTESIAN_POINT('',(12.999038105677,-23.));
#6548 = CARTESIAN_POINT('',(14.298076211353,-25.25));
#6549 = CARTESIAN_POINT('',(11.7,-25.25));
#6550 = ( GEOMETRIC_REPRESENTATION_CONTEXT(2) 
PARAMETRIC_REPRESENTATION_CONTEXT() REPRESENTATION_CONTEXT('2D SPACE',''
  ) );
#6551 = ORIENTED_EDGE('',*,*,#6552,.T.);
#6552 = EDGE_CURVE('',#6523,#6192,#6553,.T.);
#6553 = SURFACE_CURVE('',#6554,(#6558,#6564),.PCURVE_S1.);
#6554 = LINE('',#6555,#6556);
#6555 = CARTESIAN_POINT('',(15.78,6.39,-7.800533428182));
#6556 = VECTOR('',#6557,1.);
#6557 = DIRECTION('',(-1.,-0.,-0.));
#6558 = PCURVE('',#5723,#6559);
#6559 = DEFINITIONAL_REPRESENTATION('',(#6560),#6563);
#6560 = B_SPLINE_CURVE_WITH_KNOTS('',1,(#6561,#6562),.UNSPECIFIED.,.F.,
  .F.,(2,2),(-5.4200006,5.999999999062E-07),.PIECEWISE_BEZIER_KNOTS.);
#6561 = CARTESIAN_POINT('',(-7.827311805802,-5.4200006));
#6562 = CARTESIAN_POINT('',(-7.827311805802,5.999999999062E-07));
#6563 = ( GEOMETRIC_REPRESENTATION_CONTEXT(2) 
PARAMETRIC_REPRESENTATION_CONTEXT() REPRESENTATION_CONTEXT('2D SPACE',''
  ) );
#6564 = PCURVE('',#6206,#6565);
#6565 = DEFINITIONAL_REPRESENTATION('',(#6566),#6569);
#6566 = B_SPLINE_CURVE_WITH_KNOTS('',1,(#6567,#6568),.UNSPECIFIED.,.F.,
  .F.,(2,2),(-5.4200006,5.999999999062E-07),.PIECEWISE_BEZIER_KNOTS.);
#6567 = CARTESIAN_POINT('',(2.999466571818,5.4200006));
#6568 = CARTESIAN_POINT('',(2.999466571818,-5.999999999062E-07));
#6569 = ( GEOMETRIC_REPRESENTATION_CONTEXT(2) 
PARAMETRIC_REPRESENTATION_CONTEXT() REPRESENTATION_CONTEXT('2D SPACE',''
  ) );
#6570 = ORIENTED_EDGE('',*,*,#6217,.T.);
#6571 = ORIENTED_EDGE('',*,*,#5708,.F.);
#6572 = ORIENTED_EDGE('',*,*,#6573,.T.);
#6573 = EDGE_CURVE('',#5676,#6574,#6576,.T.);
#6574 = VERTEX_POINT('',#6575);
#6575 = CARTESIAN_POINT('',(16.02,6.39,-10.79946657181));
#6576 = SURFACE_CURVE('',#6577,(#6582,#6589),.PCURVE_S1.);
#6577 = CIRCLE('',#6578,1.5);
#6578 = AXIS2_PLACEMENT_3D('',#6579,#6580,#6581);
#6579 = CARTESIAN_POINT('',(16.02,6.35,-9.3));
#6580 = DIRECTION('',(-1.,0.,0.));
#6581 = DIRECTION('',(0.,1.,0.));
#6582 = PCURVE('',#5723,#6583);
#6583 = DEFINITIONAL_REPRESENTATION('',(#6584),#6588);
#6584 = LINE('',#6585,#6586);
#6585 = CARTESIAN_POINT('',(-12.56637061435,-0.24));
#6586 = VECTOR('',#6587,1.);
#6587 = DIRECTION('',(1.,-0.));
#6588 = ( GEOMETRIC_REPRESENTATION_CONTEXT(2) 
PARAMETRIC_REPRESENTATION_CONTEXT() REPRESENTATION_CONTEXT('2D SPACE',''
  ) );
#6589 = PCURVE('',#5692,#6590);
#6590 = DEFINITIONAL_REPRESENTATION('',(#6591),#6599);
#6591 = ( BOUNDED_CURVE() B_SPLINE_CURVE(2,(#6592,#6593,#6594,#6595,
#6596,#6597,#6598),.UNSPECIFIED.,.T.,.F.) B_SPLINE_CURVE_WITH_KNOTS((1,2
    ,2,2,2,1),(-2.094395102393,0.,2.094395102393,4.188790204786,
6.28318530718,8.377580409573),.UNSPECIFIED.) CURVE() 
GEOMETRIC_REPRESENTATION_ITEM() RATIONAL_B_SPLINE_CURVE((1.,0.5,1.,0.5,
1.,0.5,1.)) REPRESENTATION_ITEM('') );
#6592 = CARTESIAN_POINT('',(-9.3,-7.85));
#6593 = CARTESIAN_POINT('',(-11.89807621135,-7.85));
#6594 = CARTESIAN_POINT('',(-10.59903810567,-5.6));
#6595 = CARTESIAN_POINT('',(-9.3,-3.35));
#6596 = CARTESIAN_POINT('',(-8.000961894323,-5.6));
#6597 = CARTESIAN_POINT('',(-6.701923788647,-7.85));
#6598 = CARTESIAN_POINT('',(-9.3,-7.85));
#6599 = ( GEOMETRIC_REPRESENTATION_CONTEXT(2) 
PARAMETRIC_REPRESENTATION_CONTEXT() REPRESENTATION_CONTEXT('2D SPACE',''
  ) );
#6600 = ORIENTED_EDGE('',*,*,#6601,.F.);
#6601 = EDGE_CURVE('',#6525,#6574,#6602,.T.);
#6602 = SURFACE_CURVE('',#6603,(#6607,#6613),.PCURVE_S1.);
#6603 = LINE('',#6604,#6605);
#6604 = CARTESIAN_POINT('',(15.78,6.39,-10.79946657181));
#6605 = VECTOR('',#6606,1.);
#6606 = DIRECTION('',(-1.,-0.,-0.));
#6607 = PCURVE('',#5723,#6608);
#6608 = DEFINITIONAL_REPRESENTATION('',(#6609),#6612);
#6609 = B_SPLINE_CURVE_WITH_KNOTS('',1,(#6610,#6611),.UNSPECIFIED.,.F.,
  .F.,(2,2),(-5.4200006,5.999999999062E-07),.PIECEWISE_BEZIER_KNOTS.);
#6610 = CARTESIAN_POINT('',(-4.739058808557,-5.4200006));
#6611 = CARTESIAN_POINT('',(-4.739058808557,5.999999999062E-07));
#6612 = ( GEOMETRIC_REPRESENTATION_CONTEXT(2) 
PARAMETRIC_REPRESENTATION_CONTEXT() REPRESENTATION_CONTEXT('2D SPACE',''
  ) );
#6613 = PCURVE('',#6614,#6619);
#6614 = PLANE('',#6615);
#6615 = AXIS2_PLACEMENT_3D('',#6616,#6617,#6618);
#6616 = CARTESIAN_POINT('',(15.78,6.39,-10.8));
#6617 = DIRECTION('',(0.,1.,0.));
#6618 = DIRECTION('',(0.,0.,1.));
#6619 = DEFINITIONAL_REPRESENTATION('',(#6620),#6623);
#6620 = B_SPLINE_CURVE_WITH_KNOTS('',1,(#6621,#6622),.UNSPECIFIED.,.F.,
  .F.,(2,2),(-5.4200006,5.999999999062E-07),.PIECEWISE_BEZIER_KNOTS.);
#6621 = CARTESIAN_POINT('',(5.334281818747E-04,5.4200006));
#6622 = CARTESIAN_POINT('',(5.334281818747E-04,-5.999999999062E-07));
#6623 = ( GEOMETRIC_REPRESENTATION_CONTEXT(2) 
PARAMETRIC_REPRESENTATION_CONTEXT() REPRESENTATION_CONTEXT('2D SPACE',''
  ) );
#6624 = ADVANCED_FACE('',(#6625),#5692,.T.);
#6625 = FACE_BOUND('',#6626,.T.);
#6626 = EDGE_LOOP('',(#6627,#6628,#6629,#6650));
#6627 = ORIENTED_EDGE('',*,*,#6573,.F.);
#6628 = ORIENTED_EDGE('',*,*,#5675,.T.);
#6629 = ORIENTED_EDGE('',*,*,#6630,.F.);
#6630 = EDGE_CURVE('',#6631,#5655,#6633,.T.);
#6631 = VERTEX_POINT('',#6632);
#6632 = CARTESIAN_POINT('',(16.02,6.39,-10.8));
#6633 = SURFACE_CURVE('',#6634,(#6638,#6644),.PCURVE_S1.);
#6634 = LINE('',#6635,#6636);
#6635 = CARTESIAN_POINT('',(16.02,-3.195,-10.8));
#6636 = VECTOR('',#6637,1.);
#6637 = DIRECTION('',(0.,-1.,0.));
#6638 = PCURVE('',#5692,#6639);
#6639 = DEFINITIONAL_REPRESENTATION('',(#6640),#6643);
#6640 = B_SPLINE_CURVE_WITH_KNOTS('',1,(#6641,#6642),.UNSPECIFIED.,.F.,
  .F.,(2,2),(-9.585,3.195),.PIECEWISE_BEZIER_KNOTS.);
#6641 = CARTESIAN_POINT('',(-10.8,-6.39));
#6642 = CARTESIAN_POINT('',(-10.8,6.39));
#6643 = ( GEOMETRIC_REPRESENTATION_CONTEXT(2) 
PARAMETRIC_REPRESENTATION_CONTEXT() REPRESENTATION_CONTEXT('2D SPACE',''
  ) );
#6644 = PCURVE('',#5610,#6645);
#6645 = DEFINITIONAL_REPRESENTATION('',(#6646),#6649);
#6646 = B_SPLINE_CURVE_WITH_KNOTS('',1,(#6647,#6648),.UNSPECIFIED.,.F.,
  .F.,(2,2),(-9.585,3.195),.PIECEWISE_BEZIER_KNOTS.);
#6647 = CARTESIAN_POINT('',(0.24,12.78));
#6648 = CARTESIAN_POINT('',(0.24,0.));
#6649 = ( GEOMETRIC_REPRESENTATION_CONTEXT(2) 
PARAMETRIC_REPRESENTATION_CONTEXT() REPRESENTATION_CONTEXT('2D SPACE',''
  ) );
#6650 = ORIENTED_EDGE('',*,*,#6651,.T.);
#6651 = EDGE_CURVE('',#6631,#6574,#6652,.T.);
#6652 = SURFACE_CURVE('',#6653,(#6657,#6663),.PCURVE_S1.);
#6653 = LINE('',#6654,#6655);
#6654 = CARTESIAN_POINT('',(16.02,6.39,-5.4));
#6655 = VECTOR('',#6656,1.);
#6656 = DIRECTION('',(0.,0.,1.));
#6657 = PCURVE('',#5692,#6658);
#6658 = DEFINITIONAL_REPRESENTATION('',(#6659),#6662);
#6659 = B_SPLINE_CURVE_WITH_KNOTS('',1,(#6660,#6661),.UNSPECIFIED.,.F.,
  .F.,(2,2),(-5.4,-5.399466571818),.PIECEWISE_BEZIER_KNOTS.);
#6660 = CARTESIAN_POINT('',(-10.8,-6.39));
#6661 = CARTESIAN_POINT('',(-10.79946657181,-6.39));
#6662 = ( GEOMETRIC_REPRESENTATION_CONTEXT(2) 
PARAMETRIC_REPRESENTATION_CONTEXT() REPRESENTATION_CONTEXT('2D SPACE',''
  ) );
#6663 = PCURVE('',#6614,#6664);
#6664 = DEFINITIONAL_REPRESENTATION('',(#6665),#6668);
#6665 = B_SPLINE_CURVE_WITH_KNOTS('',1,(#6666,#6667),.UNSPECIFIED.,.F.,
  .F.,(2,2),(-5.4,-5.399466571818),.PIECEWISE_BEZIER_KNOTS.);
#6666 = CARTESIAN_POINT('',(0.,0.24));
#6667 = CARTESIAN_POINT('',(5.334281818747E-04,0.24));
#6668 = ( GEOMETRIC_REPRESENTATION_CONTEXT(2) 
PARAMETRIC_REPRESENTATION_CONTEXT() REPRESENTATION_CONTEXT('2D SPACE',''
  ) );
#6669 = ADVANCED_FACE('',(#6670),#5610,.T.);
#6670 = FACE_BOUND('',#6671,.T.);
#6671 = EDGE_LOOP('',(#6672,#6695,#6696,#6697,#6716,#6717,#6738,#6766));
#6672 = ORIENTED_EDGE('',*,*,#6673,.F.);
#6673 = EDGE_CURVE('',#6631,#6674,#6676,.T.);
#6674 = VERTEX_POINT('',#6675);
#6675 = CARTESIAN_POINT('',(21.,6.39,-10.8));
#6676 = SURFACE_CURVE('',#6677,(#6681,#6688),.PCURVE_S1.);
#6677 = LINE('',#6678,#6679);
#6678 = CARTESIAN_POINT('',(15.78,6.39,-10.8));
#6679 = VECTOR('',#6680,1.);
#6680 = DIRECTION('',(1.,0.,0.));
#6681 = PCURVE('',#5610,#6682);
#6682 = DEFINITIONAL_REPRESENTATION('',(#6683),#6687);
#6683 = LINE('',#6684,#6685);
#6684 = CARTESIAN_POINT('',(0.,12.78));
#6685 = VECTOR('',#6686,1.);
#6686 = DIRECTION('',(1.,0.));
#6687 = ( GEOMETRIC_REPRESENTATION_CONTEXT(2) 
PARAMETRIC_REPRESENTATION_CONTEXT() REPRESENTATION_CONTEXT('2D SPACE',''
  ) );
#6688 = PCURVE('',#6614,#6689);
#6689 = DEFINITIONAL_REPRESENTATION('',(#6690),#6694);
#6690 = LINE('',#6691,#6692);
#6691 = CARTESIAN_POINT('',(0.,0.));
#6692 = VECTOR('',#6693,1.);
#6693 = DIRECTION('',(0.,1.));
#6694 = ( GEOMETRIC_REPRESENTATION_CONTEXT(2) 
PARAMETRIC_REPRESENTATION_CONTEXT() REPRESENTATION_CONTEXT('2D SPACE',''
  ) );
#6695 = ORIENTED_EDGE('',*,*,#6630,.T.);
#6696 = ORIENTED_EDGE('',*,*,#5654,.T.);
#6697 = ORIENTED_EDGE('',*,*,#6698,.T.);
#6698 = EDGE_CURVE('',#5622,#5596,#6699,.T.);
#6699 = SURFACE_CURVE('',#6700,(#6704,#6710),.PCURVE_S1.);
#6700 = LINE('',#6701,#6702);
#6701 = CARTESIAN_POINT('',(15.98,-11.895,-10.8));
#6702 = VECTOR('',#6703,1.);
#6703 = DIRECTION('',(0.,-1.,0.));
#6704 = PCURVE('',#5610,#6705);
#6705 = DEFINITIONAL_REPRESENTATION('',(#6706),#6709);
#6706 = B_SPLINE_CURVE_WITH_KNOTS('',1,(#6707,#6708),.UNSPECIFIED.,.F.,
  .F.,(2,2),(-18.285,-5.505),.PIECEWISE_BEZIER_KNOTS.);
#6707 = CARTESIAN_POINT('',(0.2,12.78));
#6708 = CARTESIAN_POINT('',(0.2,0.));
#6709 = ( GEOMETRIC_REPRESENTATION_CONTEXT(2) 
PARAMETRIC_REPRESENTATION_CONTEXT() REPRESENTATION_CONTEXT('2D SPACE',''
  ) );
#6710 = PCURVE('',#5638,#6711);
#6711 = DEFINITIONAL_REPRESENTATION('',(#6712),#6715);
#6712 = B_SPLINE_CURVE_WITH_KNOTS('',1,(#6713,#6714),.UNSPECIFIED.,.F.,
  .F.,(2,2),(-18.285,-5.505),.PIECEWISE_BEZIER_KNOTS.);
#6713 = CARTESIAN_POINT('',(10.2,-23.79));
#6714 = CARTESIAN_POINT('',(10.2,-11.01));
#6715 = ( GEOMETRIC_REPRESENTATION_CONTEXT(2) 
PARAMETRIC_REPRESENTATION_CONTEXT() REPRESENTATION_CONTEXT('2D SPACE',''
  ) );
#6716 = ORIENTED_EDGE('',*,*,#5595,.F.);
#6717 = ORIENTED_EDGE('',*,*,#6718,.T.);
#6718 = EDGE_CURVE('',#5563,#6719,#6721,.T.);
#6719 = VERTEX_POINT('',#6720);
#6720 = CARTESIAN_POINT('',(16.02,-6.39,-10.8));
#6721 = SURFACE_CURVE('',#6722,(#6726,#6732),.PCURVE_S1.);
#6722 = LINE('',#6723,#6724);
#6723 = CARTESIAN_POINT('',(16.02,-3.195,-10.8));
#6724 = VECTOR('',#6725,1.);
#6725 = DIRECTION('',(0.,-1.,0.));
#6726 = PCURVE('',#5610,#6727);
#6727 = DEFINITIONAL_REPRESENTATION('',(#6728),#6731);
#6728 = B_SPLINE_CURVE_WITH_KNOTS('',1,(#6729,#6730),.UNSPECIFIED.,.F.,
  .F.,(2,2),(-9.585,3.195),.PIECEWISE_BEZIER_KNOTS.);
#6729 = CARTESIAN_POINT('',(0.24,12.78));
#6730 = CARTESIAN_POINT('',(0.24,0.));
#6731 = ( GEOMETRIC_REPRESENTATION_CONTEXT(2) 
PARAMETRIC_REPRESENTATION_CONTEXT() REPRESENTATION_CONTEXT('2D SPACE',''
  ) );
#6732 = PCURVE('',#5579,#6733);
#6733 = DEFINITIONAL_REPRESENTATION('',(#6734),#6737);
#6734 = B_SPLINE_CURVE_WITH_KNOTS('',1,(#6735,#6736),.UNSPECIFIED.,.F.,
  .F.,(2,2),(-9.585,3.195),.PIECEWISE_BEZIER_KNOTS.);
#6735 = CARTESIAN_POINT('',(-10.8,-6.39));
#6736 = CARTESIAN_POINT('',(-10.8,6.39));
#6737 = ( GEOMETRIC_REPRESENTATION_CONTEXT(2) 
PARAMETRIC_REPRESENTATION_CONTEXT() REPRESENTATION_CONTEXT('2D SPACE',''
  ) );
#6738 = ORIENTED_EDGE('',*,*,#6739,.T.);
#6739 = EDGE_CURVE('',#6719,#6740,#6742,.T.);
#6740 = VERTEX_POINT('',#6741);
#6741 = CARTESIAN_POINT('',(21.,-6.39,-10.8));
#6742 = SURFACE_CURVE('',#6743,(#6747,#6754),.PCURVE_S1.);
#6743 = LINE('',#6744,#6745);
#6744 = CARTESIAN_POINT('',(15.78,-6.39,-10.8));
#6745 = VECTOR('',#6746,1.);
#6746 = DIRECTION('',(1.,0.,0.));
#6747 = PCURVE('',#5610,#6748);
#6748 = DEFINITIONAL_REPRESENTATION('',(#6749),#6753);
#6749 = LINE('',#6750,#6751);
#6750 = CARTESIAN_POINT('',(0.,0.));
#6751 = VECTOR('',#6752,1.);
#6752 = DIRECTION('',(1.,0.));
#6753 = ( GEOMETRIC_REPRESENTATION_CONTEXT(2) 
PARAMETRIC_REPRESENTATION_CONTEXT() REPRESENTATION_CONTEXT('2D SPACE',''
  ) );
#6754 = PCURVE('',#6755,#6760);
#6755 = PLANE('',#6756);
#6756 = AXIS2_PLACEMENT_3D('',#6757,#6758,#6759);
#6757 = CARTESIAN_POINT('',(15.78,-6.39,-10.8));
#6758 = DIRECTION('',(0.,1.,0.));
#6759 = DIRECTION('',(0.,0.,1.));
#6760 = DEFINITIONAL_REPRESENTATION('',(#6761),#6765);
#6761 = LINE('',#6762,#6763);
#6762 = CARTESIAN_POINT('',(0.,0.));
#6763 = VECTOR('',#6764,1.);
#6764 = DIRECTION('',(0.,1.));
#6765 = ( GEOMETRIC_REPRESENTATION_CONTEXT(2) 
PARAMETRIC_REPRESENTATION_CONTEXT() REPRESENTATION_CONTEXT('2D SPACE',''
  ) );
#6766 = ORIENTED_EDGE('',*,*,#6767,.F.);
#6767 = EDGE_CURVE('',#6674,#6740,#6768,.T.);
#6768 = SURFACE_CURVE('',#6769,(#6773,#6779),.PCURVE_S1.);
#6769 = LINE('',#6770,#6771);
#6770 = CARTESIAN_POINT('',(21.,-11.895,-10.8));
#6771 = VECTOR('',#6772,1.);
#6772 = DIRECTION('',(0.,-1.,0.));
#6773 = PCURVE('',#5610,#6774);
#6774 = DEFINITIONAL_REPRESENTATION('',(#6775),#6778);
#6775 = B_SPLINE_CURVE_WITH_KNOTS('',1,(#6776,#6777),.UNSPECIFIED.,.F.,
  .F.,(2,2),(-18.285,-5.505),.PIECEWISE_BEZIER_KNOTS.);
#6776 = CARTESIAN_POINT('',(5.22,12.78));
#6777 = CARTESIAN_POINT('',(5.22,0.));
#6778 = ( GEOMETRIC_REPRESENTATION_CONTEXT(2) 
PARAMETRIC_REPRESENTATION_CONTEXT() REPRESENTATION_CONTEXT('2D SPACE',''
  ) );
#6779 = PCURVE('',#5806,#6780);
#6780 = DEFINITIONAL_REPRESENTATION('',(#6781),#6784);
#6781 = B_SPLINE_CURVE_WITH_KNOTS('',1,(#6782,#6783),.UNSPECIFIED.,.F.,
  .F.,(2,2),(-18.285,-5.505),.PIECEWISE_BEZIER_KNOTS.);
#6782 = CARTESIAN_POINT('',(10.2,-23.79));
#6783 = CARTESIAN_POINT('',(10.2,-11.01));
#6784 = ( GEOMETRIC_REPRESENTATION_CONTEXT(2) 
PARAMETRIC_REPRESENTATION_CONTEXT() REPRESENTATION_CONTEXT('2D SPACE',''
  ) );
#6785 = ADVANCED_FACE('',(#6786),#5638,.F.);
#6786 = FACE_BOUND('',#6787,.F.);
#6787 = EDGE_LOOP('',(#6788,#6789));
#6788 = ORIENTED_EDGE('',*,*,#5621,.F.);
#6789 = ORIENTED_EDGE('',*,*,#6698,.T.);
#6790 = ADVANCED_FACE('',(#6791),#5579,.T.);
#6791 = FACE_BOUND('',#6792,.T.);
#6792 = EDGE_LOOP('',(#6793,#6794,#6822,#6841));
#6793 = ORIENTED_EDGE('',*,*,#5562,.T.);
#6794 = ORIENTED_EDGE('',*,*,#6795,.F.);
#6795 = EDGE_CURVE('',#6796,#5537,#6798,.T.);
#6796 = VERTEX_POINT('',#6797);
#6797 = CARTESIAN_POINT('',(16.02,-6.39,-10.79946657181));
#6798 = SURFACE_CURVE('',#6799,(#6804,#6815),.PCURVE_S1.);
#6799 = CIRCLE('',#6800,1.5);
#6800 = AXIS2_PLACEMENT_3D('',#6801,#6802,#6803);
#6801 = CARTESIAN_POINT('',(16.02,-6.35,-9.3));
#6802 = DIRECTION('',(-1.,0.,0.));
#6803 = DIRECTION('',(0.,1.,0.));
#6804 = PCURVE('',#5579,#6805);
#6805 = DEFINITIONAL_REPRESENTATION('',(#6806),#6814);
#6806 = ( BOUNDED_CURVE() B_SPLINE_CURVE(2,(#6807,#6808,#6809,#6810,
#6811,#6812,#6813),.UNSPECIFIED.,.T.,.F.) B_SPLINE_CURVE_WITH_KNOTS((1,2
    ,2,2,2,1),(-2.094395102393,0.,2.094395102393,4.188790204786,
6.28318530718,8.377580409573),.UNSPECIFIED.) CURVE() 
GEOMETRIC_REPRESENTATION_ITEM() RATIONAL_B_SPLINE_CURVE((1.,0.5,1.,0.5,
1.,0.5,1.)) REPRESENTATION_ITEM('') );
#6807 = CARTESIAN_POINT('',(-9.3,4.85));
#6808 = CARTESIAN_POINT('',(-11.89807621135,4.85));
#6809 = CARTESIAN_POINT('',(-10.59903810567,7.1));
#6810 = CARTESIAN_POINT('',(-9.3,9.35));
#6811 = CARTESIAN_POINT('',(-8.000961894323,7.1));
#6812 = CARTESIAN_POINT('',(-6.701923788647,4.85));
#6813 = CARTESIAN_POINT('',(-9.3,4.85));
#6814 = ( GEOMETRIC_REPRESENTATION_CONTEXT(2) 
PARAMETRIC_REPRESENTATION_CONTEXT() REPRESENTATION_CONTEXT('2D SPACE',''
  ) );
#6815 = PCURVE('',#5551,#6816);
#6816 = DEFINITIONAL_REPRESENTATION('',(#6817),#6821);
#6817 = LINE('',#6818,#6819);
#6818 = CARTESIAN_POINT('',(-6.28318530718,-0.24));
#6819 = VECTOR('',#6820,1.);
#6820 = DIRECTION('',(1.,-0.));
#6821 = ( GEOMETRIC_REPRESENTATION_CONTEXT(2) 
PARAMETRIC_REPRESENTATION_CONTEXT() REPRESENTATION_CONTEXT('2D SPACE',''
  ) );
#6822 = ORIENTED_EDGE('',*,*,#6823,.F.);
#6823 = EDGE_CURVE('',#6719,#6796,#6824,.T.);
#6824 = SURFACE_CURVE('',#6825,(#6829,#6835),.PCURVE_S1.);
#6825 = LINE('',#6826,#6827);
#6826 = CARTESIAN_POINT('',(16.02,-6.39,-5.4));
#6827 = VECTOR('',#6828,1.);
#6828 = DIRECTION('',(0.,0.,1.));
#6829 = PCURVE('',#5579,#6830);
#6830 = DEFINITIONAL_REPRESENTATION('',(#6831),#6834);
#6831 = B_SPLINE_CURVE_WITH_KNOTS('',1,(#6832,#6833),.UNSPECIFIED.,.F.,
  .F.,(2,2),(-5.4,-5.399466571818),.PIECEWISE_BEZIER_KNOTS.);
#6832 = CARTESIAN_POINT('',(-10.8,6.39));
#6833 = CARTESIAN_POINT('',(-10.79946657181,6.39));
#6834 = ( GEOMETRIC_REPRESENTATION_CONTEXT(2) 
PARAMETRIC_REPRESENTATION_CONTEXT() REPRESENTATION_CONTEXT('2D SPACE',''
  ) );
#6835 = PCURVE('',#6755,#6836);
#6836 = DEFINITIONAL_REPRESENTATION('',(#6837),#6840);
#6837 = B_SPLINE_CURVE_WITH_KNOTS('',1,(#6838,#6839),.UNSPECIFIED.,.F.,
  .F.,(2,2),(-5.4,-5.399466571818),.PIECEWISE_BEZIER_KNOTS.);
#6838 = CARTESIAN_POINT('',(0.,0.24));
#6839 = CARTESIAN_POINT('',(5.334281818747E-04,0.24));
#6840 = ( GEOMETRIC_REPRESENTATION_CONTEXT(2) 
PARAMETRIC_REPRESENTATION_CONTEXT() REPRESENTATION_CONTEXT('2D SPACE',''
  ) );
#6841 = ORIENTED_EDGE('',*,*,#6718,.F.);
#6842 = ADVANCED_FACE('',(#6843),#5551,.F.);
#6843 = FACE_BOUND('',#6844,.T.);
#6844 = EDGE_LOOP('',(#6845,#6846,#6847,#6868,#6896,#6915));
#6845 = ORIENTED_EDGE('',*,*,#5536,.T.);
#6846 = ORIENTED_EDGE('',*,*,#6245,.T.);
#6847 = ORIENTED_EDGE('',*,*,#6848,.F.);
#6848 = EDGE_CURVE('',#6849,#6246,#6851,.T.);
#6849 = VERTEX_POINT('',#6850);
#6850 = CARTESIAN_POINT('',(21.,-6.39,-7.800533428182));
#6851 = SURFACE_CURVE('',#6852,(#6856,#6862),.PCURVE_S1.);
#6852 = LINE('',#6853,#6854);
#6853 = CARTESIAN_POINT('',(15.78,-6.39,-7.800533428182));
#6854 = VECTOR('',#6855,1.);
#6855 = DIRECTION('',(-1.,-0.,-0.));
#6856 = PCURVE('',#5551,#6857);
#6857 = DEFINITIONAL_REPRESENTATION('',(#6858),#6861);
#6858 = B_SPLINE_CURVE_WITH_KNOTS('',1,(#6859,#6860),.UNSPECIFIED.,.F.,
  .F.,(2,2),(-5.4200006,5.999999999062E-07),.PIECEWISE_BEZIER_KNOTS.);
#6859 = CARTESIAN_POINT('',(-1.597466154967,-5.4200006));
#6860 = CARTESIAN_POINT('',(-1.597466154967,5.999999999062E-07));
#6861 = ( GEOMETRIC_REPRESENTATION_CONTEXT(2) 
PARAMETRIC_REPRESENTATION_CONTEXT() REPRESENTATION_CONTEXT('2D SPACE',''
  ) );
#6862 = PCURVE('',#6286,#6863);
#6863 = DEFINITIONAL_REPRESENTATION('',(#6864),#6867);
#6864 = B_SPLINE_CURVE_WITH_KNOTS('',1,(#6865,#6866),.UNSPECIFIED.,.F.,
  .F.,(2,2),(-5.4200006,5.999999999062E-07),.PIECEWISE_BEZIER_KNOTS.);
#6865 = CARTESIAN_POINT('',(2.999466571818,5.4200006));
#6866 = CARTESIAN_POINT('',(2.999466571818,-5.999999999062E-07));
#6867 = ( GEOMETRIC_REPRESENTATION_CONTEXT(2) 
PARAMETRIC_REPRESENTATION_CONTEXT() REPRESENTATION_CONTEXT('2D SPACE',''
  ) );
#6868 = ORIENTED_EDGE('',*,*,#6869,.F.);
#6869 = EDGE_CURVE('',#6870,#6849,#6872,.T.);
#6870 = VERTEX_POINT('',#6871);
#6871 = CARTESIAN_POINT('',(21.,-6.39,-10.79946657181));
#6872 = SURFACE_CURVE('',#6873,(#6878,#6885),.PCURVE_S1.);
#6873 = CIRCLE('',#6874,1.5);
#6874 = AXIS2_PLACEMENT_3D('',#6875,#6876,#6877);
#6875 = CARTESIAN_POINT('',(21.,-6.35,-9.3));
#6876 = DIRECTION('',(-1.,0.,0.));
#6877 = DIRECTION('',(0.,1.,0.));
#6878 = PCURVE('',#5551,#6879);
#6879 = DEFINITIONAL_REPRESENTATION('',(#6880),#6884);
#6880 = LINE('',#6881,#6882);
#6881 = CARTESIAN_POINT('',(-6.28318530718,-5.22));
#6882 = VECTOR('',#6883,1.);
#6883 = DIRECTION('',(1.,-0.));
#6884 = ( GEOMETRIC_REPRESENTATION_CONTEXT(2) 
PARAMETRIC_REPRESENTATION_CONTEXT() REPRESENTATION_CONTEXT('2D SPACE',''
  ) );
#6885 = PCURVE('',#5806,#6886);
#6886 = DEFINITIONAL_REPRESENTATION('',(#6887),#6895);
#6887 = ( BOUNDED_CURVE() B_SPLINE_CURVE(2,(#6888,#6889,#6890,#6891,
#6892,#6893,#6894),.UNSPECIFIED.,.T.,.F.) B_SPLINE_CURVE_WITH_KNOTS((1,2
    ,2,2,2,1),(-2.094395102393,0.,2.094395102393,4.188790204786,
6.28318530718,8.377580409573),.UNSPECIFIED.) CURVE() 
GEOMETRIC_REPRESENTATION_ITEM() RATIONAL_B_SPLINE_CURVE((1.,0.5,1.,0.5,
1.,0.5,1.)) REPRESENTATION_ITEM('') );
#6888 = CARTESIAN_POINT('',(11.7,-12.55));
#6889 = CARTESIAN_POINT('',(9.101923788647,-12.55));
#6890 = CARTESIAN_POINT('',(10.400961894323,-10.3));
#6891 = CARTESIAN_POINT('',(11.7,-8.05));
#6892 = CARTESIAN_POINT('',(12.999038105677,-10.3));
#6893 = CARTESIAN_POINT('',(14.298076211353,-12.55));
#6894 = CARTESIAN_POINT('',(11.7,-12.55));
#6895 = ( GEOMETRIC_REPRESENTATION_CONTEXT(2) 
PARAMETRIC_REPRESENTATION_CONTEXT() REPRESENTATION_CONTEXT('2D SPACE',''
  ) );
#6896 = ORIENTED_EDGE('',*,*,#6897,.T.);
#6897 = EDGE_CURVE('',#6870,#6796,#6898,.T.);
#6898 = SURFACE_CURVE('',#6899,(#6903,#6909),.PCURVE_S1.);
#6899 = LINE('',#6900,#6901);
#6900 = CARTESIAN_POINT('',(15.78,-6.39,-10.79946657181));
#6901 = VECTOR('',#6902,1.);
#6902 = DIRECTION('',(-1.,-0.,-0.));
#6903 = PCURVE('',#5551,#6904);
#6904 = DEFINITIONAL_REPRESENTATION('',(#6905),#6908);
#6905 = B_SPLINE_CURVE_WITH_KNOTS('',1,(#6906,#6907),.UNSPECIFIED.,.F.,
  .F.,(2,2),(-5.4200006,5.999999999062E-07),.PIECEWISE_BEZIER_KNOTS.);
#6906 = CARTESIAN_POINT('',(-4.685719152212,-5.4200006));
#6907 = CARTESIAN_POINT('',(-4.685719152212,5.999999999062E-07));
#6908 = ( GEOMETRIC_REPRESENTATION_CONTEXT(2) 
PARAMETRIC_REPRESENTATION_CONTEXT() REPRESENTATION_CONTEXT('2D SPACE',''
  ) );
#6909 = PCURVE('',#6755,#6910);
#6910 = DEFINITIONAL_REPRESENTATION('',(#6911),#6914);
#6911 = B_SPLINE_CURVE_WITH_KNOTS('',1,(#6912,#6913),.UNSPECIFIED.,.F.,
  .F.,(2,2),(-5.4200006,5.999999999062E-07),.PIECEWISE_BEZIER_KNOTS.);
#6912 = CARTESIAN_POINT('',(5.334281818747E-04,5.4200006));
#6913 = CARTESIAN_POINT('',(5.334281818747E-04,-5.999999999062E-07));
#6914 = ( GEOMETRIC_REPRESENTATION_CONTEXT(2) 
PARAMETRIC_REPRESENTATION_CONTEXT() REPRESENTATION_CONTEXT('2D SPACE',''
  ) );
#6915 = ORIENTED_EDGE('',*,*,#6795,.T.);
#6916 = ADVANCED_FACE('',(#6917,#6927,#6962,#7066,#7248),#5806,.T.);
#6917 = FACE_BOUND('',#6918,.T.);
#6918 = EDGE_LOOP('',(#6919,#6920,#6921,#6922,#6923,#6924,#6925,#6926));
#6919 = ORIENTED_EDGE('',*,*,#6139,.F.);
#6920 = ORIENTED_EDGE('',*,*,#5789,.T.);
#6921 = ORIENTED_EDGE('',*,*,#5843,.F.);
#6922 = ORIENTED_EDGE('',*,*,#5914,.T.);
#6923 = ORIENTED_EDGE('',*,*,#5943,.T.);
#6924 = ORIENTED_EDGE('',*,*,#5990,.T.);
#6925 = ORIENTED_EDGE('',*,*,#6039,.T.);
#6926 = ORIENTED_EDGE('',*,*,#6110,.T.);
#6927 = FACE_BOUND('',#6928,.T.);
#6928 = EDGE_LOOP('',(#6929));
#6929 = ORIENTED_EDGE('',*,*,#6930,.T.);
#6930 = EDGE_CURVE('',#6931,#6931,#6933,.T.);
#6931 = VERTEX_POINT('',#6932);
#6932 = CARTESIAN_POINT('',(21.,21.2,0.));
#6933 = SURFACE_CURVE('',#6934,(#6939,#6950),.PCURVE_S1.);
#6934 = CIRCLE('',#6935,0.8);
#6935 = AXIS2_PLACEMENT_3D('',#6936,#6937,#6938);
#6936 = CARTESIAN_POINT('',(21.,20.4,0.));
#6937 = DIRECTION('',(-1.,0.,0.));
#6938 = DIRECTION('',(0.,1.,0.));
#6939 = PCURVE('',#5806,#6940);
#6940 = DEFINITIONAL_REPRESENTATION('',(#6941),#6949);
#6941 = ( BOUNDED_CURVE() B_SPLINE_CURVE(2,(#6942,#6943,#6944,#6945,
#6946,#6947,#6948),.UNSPECIFIED.,.T.,.F.) B_SPLINE_CURVE_WITH_KNOTS((1,2
    ,2,2,2,1),(-2.094395102393,0.,2.094395102393,4.188790204786,
6.28318530718,8.377580409573),.UNSPECIFIED.) CURVE() 
GEOMETRIC_REPRESENTATION_ITEM() RATIONAL_B_SPLINE_CURVE((1.,0.5,1.,0.5,
1.,0.5,1.)) REPRESENTATION_ITEM('') );
#6942 = CARTESIAN_POINT('',(21.,-38.6));
#6943 = CARTESIAN_POINT('',(19.614359353945,-38.6));
#6944 = CARTESIAN_POINT('',(20.307179676972,-37.4));
#6945 = CARTESIAN_POINT('',(21.,-36.2));
#6946 = CARTESIAN_POINT('',(21.692820323028,-37.4));
#6947 = CARTESIAN_POINT('',(22.385640646055,-38.6));
#6948 = CARTESIAN_POINT('',(21.,-38.6));
#6949 = ( GEOMETRIC_REPRESENTATION_CONTEXT(2) 
PARAMETRIC_REPRESENTATION_CONTEXT() REPRESENTATION_CONTEXT('2D SPACE',''
  ) );
#6950 = PCURVE('',#6951,#6956);
#6951 = CYLINDRICAL_SURFACE('',#6952,0.8);
#6952 = AXIS2_PLACEMENT_3D('',#6953,#6954,#6955);
#6953 = CARTESIAN_POINT('',(16.5,20.4,0.));
#6954 = DIRECTION('',(-1.,-0.,-0.));
#6955 = DIRECTION('',(0.,1.,0.));
#6956 = DEFINITIONAL_REPRESENTATION('',(#6957),#6961);
#6957 = LINE('',#6958,#6959);
#6958 = CARTESIAN_POINT('',(-6.28318530718,-4.5));
#6959 = VECTOR('',#6960,1.);
#6960 = DIRECTION('',(1.,-0.));
#6961 = ( GEOMETRIC_REPRESENTATION_CONTEXT(2) 
PARAMETRIC_REPRESENTATION_CONTEXT() REPRESENTATION_CONTEXT('2D SPACE',''
  ) );
#6962 = FACE_BOUND('',#6963,.T.);
#6963 = EDGE_LOOP('',(#6964,#6987,#7006,#7007,#7026,#7027,#7046,#7047));
#6964 = ORIENTED_EDGE('',*,*,#6965,.F.);
#6965 = EDGE_CURVE('',#6966,#6968,#6970,.T.);
#6966 = VERTEX_POINT('',#6967);
#6967 = CARTESIAN_POINT('',(21.,6.39,-7.8));
#6968 = VERTEX_POINT('',#6969);
#6969 = CARTESIAN_POINT('',(21.,-6.39,-7.8));
#6970 = SURFACE_CURVE('',#6971,(#6975,#6981),.PCURVE_S1.);
#6971 = LINE('',#6972,#6973);
#6972 = CARTESIAN_POINT('',(21.,-11.895,-7.8));
#6973 = VECTOR('',#6974,1.);
#6974 = DIRECTION('',(0.,-1.,0.));
#6975 = PCURVE('',#5806,#6976);
#6976 = DEFINITIONAL_REPRESENTATION('',(#6977),#6980);
#6977 = B_SPLINE_CURVE_WITH_KNOTS('',1,(#6978,#6979),.UNSPECIFIED.,.F.,
  .F.,(2,2),(-18.285,-5.505),.PIECEWISE_BEZIER_KNOTS.);
#6978 = CARTESIAN_POINT('',(13.2,-23.79));
#6979 = CARTESIAN_POINT('',(13.2,-11.01));
#6980 = ( GEOMETRIC_REPRESENTATION_CONTEXT(2) 
PARAMETRIC_REPRESENTATION_CONTEXT() REPRESENTATION_CONTEXT('2D SPACE',''
  ) );
#6981 = PCURVE('',#6180,#6982);
#6982 = DEFINITIONAL_REPRESENTATION('',(#6983),#6986);
#6983 = B_SPLINE_CURVE_WITH_KNOTS('',1,(#6984,#6985),.UNSPECIFIED.,.F.,
  .F.,(2,2),(-18.285,-5.505),.PIECEWISE_BEZIER_KNOTS.);
#6984 = CARTESIAN_POINT('',(5.22,12.78));
#6985 = CARTESIAN_POINT('',(5.22,0.));
#6986 = ( GEOMETRIC_REPRESENTATION_CONTEXT(2) 
PARAMETRIC_REPRESENTATION_CONTEXT() REPRESENTATION_CONTEXT('2D SPACE',''
  ) );
#6987 = ORIENTED_EDGE('',*,*,#6988,.F.);
#6988 = EDGE_CURVE('',#6523,#6966,#6989,.T.);
#6989 = SURFACE_CURVE('',#6990,(#6994,#7000),.PCURVE_S1.);
#6990 = LINE('',#6991,#6992);
#6991 = CARTESIAN_POINT('',(21.,6.39,-15.9));
#6992 = VECTOR('',#6993,1.);
#6993 = DIRECTION('',(0.,0.,1.));
#6994 = PCURVE('',#5806,#6995);
#6995 = DEFINITIONAL_REPRESENTATION('',(#6996),#6999);
#6996 = B_SPLINE_CURVE_WITH_KNOTS('',1,(#6997,#6998),.UNSPECIFIED.,.F.,
  .F.,(2,2),(8.099466571818,8.1),.PIECEWISE_BEZIER_KNOTS.);
#6997 = CARTESIAN_POINT('',(13.199466571818,-23.79));
#6998 = CARTESIAN_POINT('',(13.2,-23.79));
#6999 = ( GEOMETRIC_REPRESENTATION_CONTEXT(2) 
PARAMETRIC_REPRESENTATION_CONTEXT() REPRESENTATION_CONTEXT('2D SPACE',''
  ) );
#7000 = PCURVE('',#6206,#7001);
#7001 = DEFINITIONAL_REPRESENTATION('',(#7002),#7005);
#7002 = B_SPLINE_CURVE_WITH_KNOTS('',1,(#7003,#7004),.UNSPECIFIED.,.F.,
  .F.,(2,2),(8.099466571818,8.1),.PIECEWISE_BEZIER_KNOTS.);
#7003 = CARTESIAN_POINT('',(2.999466571818,5.22));
#7004 = CARTESIAN_POINT('',(3.,5.22));
#7005 = ( GEOMETRIC_REPRESENTATION_CONTEXT(2) 
PARAMETRIC_REPRESENTATION_CONTEXT() REPRESENTATION_CONTEXT('2D SPACE',''
  ) );
#7006 = ORIENTED_EDGE('',*,*,#6522,.T.);
#7007 = ORIENTED_EDGE('',*,*,#7008,.F.);
#7008 = EDGE_CURVE('',#6674,#6525,#7009,.T.);
#7009 = SURFACE_CURVE('',#7010,(#7014,#7020),.PCURVE_S1.);
#7010 = LINE('',#7011,#7012);
#7011 = CARTESIAN_POINT('',(21.,6.39,-15.9));
#7012 = VECTOR('',#7013,1.);
#7013 = DIRECTION('',(0.,0.,1.));
#7014 = PCURVE('',#5806,#7015);
#7015 = DEFINITIONAL_REPRESENTATION('',(#7016),#7019);
#7016 = B_SPLINE_CURVE_WITH_KNOTS('',1,(#7017,#7018),.UNSPECIFIED.,.F.,
  .F.,(2,2),(5.1,5.100533428182),.PIECEWISE_BEZIER_KNOTS.);
#7017 = CARTESIAN_POINT('',(10.2,-23.79));
#7018 = CARTESIAN_POINT('',(10.200533428182,-23.79));
#7019 = ( GEOMETRIC_REPRESENTATION_CONTEXT(2) 
PARAMETRIC_REPRESENTATION_CONTEXT() REPRESENTATION_CONTEXT('2D SPACE',''
  ) );
#7020 = PCURVE('',#6614,#7021);
#7021 = DEFINITIONAL_REPRESENTATION('',(#7022),#7025);
#7022 = B_SPLINE_CURVE_WITH_KNOTS('',1,(#7023,#7024),.UNSPECIFIED.,.F.,
  .F.,(2,2),(5.1,5.100533428182),.PIECEWISE_BEZIER_KNOTS.);
#7023 = CARTESIAN_POINT('',(0.,5.22));
#7024 = CARTESIAN_POINT('',(5.334281818747E-04,5.22));
#7025 = ( GEOMETRIC_REPRESENTATION_CONTEXT(2) 
PARAMETRIC_REPRESENTATION_CONTEXT() REPRESENTATION_CONTEXT('2D SPACE',''
  ) );
#7026 = ORIENTED_EDGE('',*,*,#6767,.T.);
#7027 = ORIENTED_EDGE('',*,*,#7028,.T.);
#7028 = EDGE_CURVE('',#6740,#6870,#7029,.T.);
#7029 = SURFACE_CURVE('',#7030,(#7034,#7040),.PCURVE_S1.);
#7030 = LINE('',#7031,#7032);
#7031 = CARTESIAN_POINT('',(21.,-6.39,-15.9));
#7032 = VECTOR('',#7033,1.);
#7033 = DIRECTION('',(0.,0.,1.));
#7034 = PCURVE('',#5806,#7035);
#7035 = DEFINITIONAL_REPRESENTATION('',(#7036),#7039);
#7036 = B_SPLINE_CURVE_WITH_KNOTS('',1,(#7037,#7038),.UNSPECIFIED.,.F.,
  .F.,(2,2),(5.1,5.100533428182),.PIECEWISE_BEZIER_KNOTS.);
#7037 = CARTESIAN_POINT('',(10.2,-11.01));
#7038 = CARTESIAN_POINT('',(10.200533428182,-11.01));
#7039 = ( GEOMETRIC_REPRESENTATION_CONTEXT(2) 
PARAMETRIC_REPRESENTATION_CONTEXT() REPRESENTATION_CONTEXT('2D SPACE',''
  ) );
#7040 = PCURVE('',#6755,#7041);
#7041 = DEFINITIONAL_REPRESENTATION('',(#7042),#7045);
#7042 = B_SPLINE_CURVE_WITH_KNOTS('',1,(#7043,#7044),.UNSPECIFIED.,.F.,
  .F.,(2,2),(5.1,5.100533428182),.PIECEWISE_BEZIER_KNOTS.);
#7043 = CARTESIAN_POINT('',(0.,5.22));
#7044 = CARTESIAN_POINT('',(5.334281818747E-04,5.22));
#7045 = ( GEOMETRIC_REPRESENTATION_CONTEXT(2) 
PARAMETRIC_REPRESENTATION_CONTEXT() REPRESENTATION_CONTEXT('2D SPACE',''
  ) );
#7046 = ORIENTED_EDGE('',*,*,#6869,.T.);
#7047 = ORIENTED_EDGE('',*,*,#7048,.T.);
#7048 = EDGE_CURVE('',#6849,#6968,#7049,.T.);
#7049 = SURFACE_CURVE('',#7050,(#7054,#7060),.PCURVE_S1.);
#7050 = LINE('',#7051,#7052);
#7051 = CARTESIAN_POINT('',(21.,-6.39,-15.9));
#7052 = VECTOR('',#7053,1.);
#7053 = DIRECTION('',(0.,0.,1.));
#7054 = PCURVE('',#5806,#7055);
#7055 = DEFINITIONAL_REPRESENTATION('',(#7056),#7059);
#7056 = B_SPLINE_CURVE_WITH_KNOTS('',1,(#7057,#7058),.UNSPECIFIED.,.F.,
  .F.,(2,2),(8.099466571818,8.1),.PIECEWISE_BEZIER_KNOTS.);
#7057 = CARTESIAN_POINT('',(13.199466571818,-11.01));
#7058 = CARTESIAN_POINT('',(13.2,-11.01));
#7059 = ( GEOMETRIC_REPRESENTATION_CONTEXT(2) 
PARAMETRIC_REPRESENTATION_CONTEXT() REPRESENTATION_CONTEXT('2D SPACE',''
  ) );
#7060 = PCURVE('',#6286,#7061);
#7061 = DEFINITIONAL_REPRESENTATION('',(#7062),#7065);
#7062 = B_SPLINE_CURVE_WITH_KNOTS('',1,(#7063,#7064),.UNSPECIFIED.,.F.,
  .F.,(2,2),(8.099466571818,8.1),.PIECEWISE_BEZIER_KNOTS.);
#7063 = CARTESIAN_POINT('',(2.999466571818,5.22));
#7064 = CARTESIAN_POINT('',(3.,5.22));
#7065 = ( GEOMETRIC_REPRESENTATION_CONTEXT(2) 
PARAMETRIC_REPRESENTATION_CONTEXT() REPRESENTATION_CONTEXT('2D SPACE',''
  ) );
#7066 = FACE_BOUND('',#7067,.T.);
#7067 = EDGE_LOOP('',(#7068,#7094,#7115,#7139,#7160,#7184,#7205,#7229));
#7068 = ORIENTED_EDGE('',*,*,#7069,.F.);
#7069 = EDGE_CURVE('',#7070,#7072,#7074,.T.);
#7070 = VERTEX_POINT('',#7071);
#7071 = CARTESIAN_POINT('',(21.,-10.45,-5.2));
#7072 = VERTEX_POINT('',#7073);
#7073 = CARTESIAN_POINT('',(21.,-8.95,-6.7));
#7074 = SURFACE_CURVE('',#7075,(#7080,#7087),.PCURVE_S1.);
#7075 = CIRCLE('',#7076,1.5);
#7076 = AXIS2_PLACEMENT_3D('',#7077,#7078,#7079);
#7077 = CARTESIAN_POINT('',(21.,-8.95,-5.2));
#7078 = DIRECTION('',(1.,0.,0.));
#7079 = DIRECTION('',(0.,-1.,0.));
#7080 = PCURVE('',#5806,#7081);
#7081 = DEFINITIONAL_REPRESENTATION('',(#7082),#7086);
#7082 = CIRCLE('',#7083,1.5);
#7083 = AXIS2_PLACEMENT_2D('',#7084,#7085);
#7084 = CARTESIAN_POINT('',(15.8,-8.45));
#7085 = DIRECTION('',(0.,1.));
#7086 = ( GEOMETRIC_REPRESENTATION_CONTEXT(2) 
PARAMETRIC_REPRESENTATION_CONTEXT() REPRESENTATION_CONTEXT('2D SPACE',''
  ) );
#7087 = PCURVE('',#6318,#7088);
#7088 = DEFINITIONAL_REPRESENTATION('',(#7089),#7093);
#7089 = LINE('',#7090,#7091);
#7090 = CARTESIAN_POINT('',(0.,5.22));
#7091 = VECTOR('',#7092,1.);
#7092 = DIRECTION('',(1.,0.));
#7093 = ( GEOMETRIC_REPRESENTATION_CONTEXT(2) 
PARAMETRIC_REPRESENTATION_CONTEXT() REPRESENTATION_CONTEXT('2D SPACE',''
  ) );
#7094 = ORIENTED_EDGE('',*,*,#7095,.T.);
#7095 = EDGE_CURVE('',#7070,#7096,#7098,.T.);
#7096 = VERTEX_POINT('',#7097);
#7097 = CARTESIAN_POINT('',(21.,-10.45,5.2));
#7098 = SURFACE_CURVE('',#7099,(#7103,#7109),.PCURVE_S1.);
#7099 = LINE('',#7100,#7101);
#7100 = CARTESIAN_POINT('',(21.,-10.45,-13.85));
#7101 = VECTOR('',#7102,1.);
#7102 = DIRECTION('',(0.,0.,1.));
#7103 = PCURVE('',#5806,#7104);
#7104 = DEFINITIONAL_REPRESENTATION('',(#7105),#7108);
#7105 = B_SPLINE_CURVE_WITH_KNOTS('',1,(#7106,#7107),.UNSPECIFIED.,.F.,
  .F.,(2,2),(8.65,19.05),.PIECEWISE_BEZIER_KNOTS.);
#7106 = CARTESIAN_POINT('',(15.8,-6.95));
#7107 = CARTESIAN_POINT('',(26.2,-6.95));
#7108 = ( GEOMETRIC_REPRESENTATION_CONTEXT(2) 
PARAMETRIC_REPRESENTATION_CONTEXT() REPRESENTATION_CONTEXT('2D SPACE',''
  ) );
#7109 = PCURVE('',#6345,#7110);
#7110 = DEFINITIONAL_REPRESENTATION('',(#7111),#7114);
#7111 = B_SPLINE_CURVE_WITH_KNOTS('',1,(#7112,#7113),.UNSPECIFIED.,.F.,
  .F.,(2,2),(8.65,19.05),.PIECEWISE_BEZIER_KNOTS.);
#7112 = CARTESIAN_POINT('',(1.5,5.22));
#7113 = CARTESIAN_POINT('',(11.9,5.22));
#7114 = ( GEOMETRIC_REPRESENTATION_CONTEXT(2) 
PARAMETRIC_REPRESENTATION_CONTEXT() REPRESENTATION_CONTEXT('2D SPACE',''
  ) );
#7115 = ORIENTED_EDGE('',*,*,#7116,.F.);
#7116 = EDGE_CURVE('',#7117,#7096,#7119,.T.);
#7117 = VERTEX_POINT('',#7118);
#7118 = CARTESIAN_POINT('',(21.,-8.95,6.7));
#7119 = SURFACE_CURVE('',#7120,(#7125,#7132),.PCURVE_S1.);
#7120 = CIRCLE('',#7121,1.5);
#7121 = AXIS2_PLACEMENT_3D('',#7122,#7123,#7124);
#7122 = CARTESIAN_POINT('',(21.,-8.95,5.2));
#7123 = DIRECTION('',(1.,0.,0.));
#7124 = DIRECTION('',(0.,-1.,0.));
#7125 = PCURVE('',#5806,#7126);
#7126 = DEFINITIONAL_REPRESENTATION('',(#7127),#7131);
#7127 = CIRCLE('',#7128,1.5);
#7128 = AXIS2_PLACEMENT_2D('',#7129,#7130);
#7129 = CARTESIAN_POINT('',(26.2,-8.45));
#7130 = DIRECTION('',(0.,1.));
#7131 = ( GEOMETRIC_REPRESENTATION_CONTEXT(2) 
PARAMETRIC_REPRESENTATION_CONTEXT() REPRESENTATION_CONTEXT('2D SPACE',''
  ) );
#7132 = PCURVE('',#6373,#7133);
#7133 = DEFINITIONAL_REPRESENTATION('',(#7134),#7138);
#7134 = LINE('',#7135,#7136);
#7135 = CARTESIAN_POINT('',(-6.28318530718,5.22));
#7136 = VECTOR('',#7137,1.);
#7137 = DIRECTION('',(1.,-0.));
#7138 = ( GEOMETRIC_REPRESENTATION_CONTEXT(2) 
PARAMETRIC_REPRESENTATION_CONTEXT() REPRESENTATION_CONTEXT('2D SPACE',''
  ) );
#7139 = ORIENTED_EDGE('',*,*,#7140,.F.);
#7140 = EDGE_CURVE('',#7141,#7117,#7143,.T.);
#7141 = VERTEX_POINT('',#7142);
#7142 = CARTESIAN_POINT('',(21.,8.95,6.7));
#7143 = SURFACE_CURVE('',#7144,(#7148,#7154),.PCURVE_S1.);
#7144 = LINE('',#7145,#7146);
#7145 = CARTESIAN_POINT('',(21.,-13.925,6.7));
#7146 = VECTOR('',#7147,1.);
#7147 = DIRECTION('',(0.,-1.,0.));
#7148 = PCURVE('',#5806,#7149);
#7149 = DEFINITIONAL_REPRESENTATION('',(#7150),#7153);
#7150 = B_SPLINE_CURVE_WITH_KNOTS('',1,(#7151,#7152),.UNSPECIFIED.,.F.,
  .F.,(2,2),(-22.875,-4.975),.PIECEWISE_BEZIER_KNOTS.);
#7151 = CARTESIAN_POINT('',(27.7,-26.35));
#7152 = CARTESIAN_POINT('',(27.7,-8.45));
#7153 = ( GEOMETRIC_REPRESENTATION_CONTEXT(2) 
PARAMETRIC_REPRESENTATION_CONTEXT() REPRESENTATION_CONTEXT('2D SPACE',''
  ) );
#7154 = PCURVE('',#6400,#7155);
#7155 = DEFINITIONAL_REPRESENTATION('',(#7156),#7159);
#7156 = B_SPLINE_CURVE_WITH_KNOTS('',1,(#7157,#7158),.UNSPECIFIED.,.F.,
  .F.,(2,2),(-22.875,-4.975),.PIECEWISE_BEZIER_KNOTS.);
#7157 = CARTESIAN_POINT('',(5.22,19.4));
#7158 = CARTESIAN_POINT('',(5.22,1.5));
#7159 = ( GEOMETRIC_REPRESENTATION_CONTEXT(2) 
PARAMETRIC_REPRESENTATION_CONTEXT() REPRESENTATION_CONTEXT('2D SPACE',''
  ) );
#7160 = ORIENTED_EDGE('',*,*,#7161,.F.);
#7161 = EDGE_CURVE('',#7162,#7141,#7164,.T.);
#7162 = VERTEX_POINT('',#7163);
#7163 = CARTESIAN_POINT('',(21.,10.45,5.2));
#7164 = SURFACE_CURVE('',#7165,(#7170,#7177),.PCURVE_S1.);
#7165 = CIRCLE('',#7166,1.5);
#7166 = AXIS2_PLACEMENT_3D('',#7167,#7168,#7169);
#7167 = CARTESIAN_POINT('',(21.,8.95,5.2));
#7168 = DIRECTION('',(1.,0.,0.));
#7169 = DIRECTION('',(-0.,1.,0.));
#7170 = PCURVE('',#5806,#7171);
#7171 = DEFINITIONAL_REPRESENTATION('',(#7172),#7176);
#7172 = CIRCLE('',#7173,1.5);
#7173 = AXIS2_PLACEMENT_2D('',#7174,#7175);
#7174 = CARTESIAN_POINT('',(26.2,-26.35));
#7175 = DIRECTION('',(0.,-1.));
#7176 = ( GEOMETRIC_REPRESENTATION_CONTEXT(2) 
PARAMETRIC_REPRESENTATION_CONTEXT() REPRESENTATION_CONTEXT('2D SPACE',''
  ) );
#7177 = PCURVE('',#6428,#7178);
#7178 = DEFINITIONAL_REPRESENTATION('',(#7179),#7183);
#7179 = LINE('',#7180,#7181);
#7180 = CARTESIAN_POINT('',(0.,5.22));
#7181 = VECTOR('',#7182,1.);
#7182 = DIRECTION('',(1.,0.));
#7183 = ( GEOMETRIC_REPRESENTATION_CONTEXT(2) 
PARAMETRIC_REPRESENTATION_CONTEXT() REPRESENTATION_CONTEXT('2D SPACE',''
  ) );
#7184 = ORIENTED_EDGE('',*,*,#7185,.F.);
#7185 = EDGE_CURVE('',#7186,#7162,#7188,.T.);
#7186 = VERTEX_POINT('',#7187);
#7187 = CARTESIAN_POINT('',(21.,10.45,-5.2));
#7188 = SURFACE_CURVE('',#7189,(#7193,#7199),.PCURVE_S1.);
#7189 = LINE('',#7190,#7191);
#7190 = CARTESIAN_POINT('',(21.,10.45,-13.85));
#7191 = VECTOR('',#7192,1.);
#7192 = DIRECTION('',(0.,0.,1.));
#7193 = PCURVE('',#5806,#7194);
#7194 = DEFINITIONAL_REPRESENTATION('',(#7195),#7198);
#7195 = B_SPLINE_CURVE_WITH_KNOTS('',1,(#7196,#7197),.UNSPECIFIED.,.F.,
  .F.,(2,2),(8.65,19.05),.PIECEWISE_BEZIER_KNOTS.);
#7196 = CARTESIAN_POINT('',(15.8,-27.85));
#7197 = CARTESIAN_POINT('',(26.2,-27.85));
#7198 = ( GEOMETRIC_REPRESENTATION_CONTEXT(2) 
PARAMETRIC_REPRESENTATION_CONTEXT() REPRESENTATION_CONTEXT('2D SPACE',''
  ) );
#7199 = PCURVE('',#6455,#7200);
#7200 = DEFINITIONAL_REPRESENTATION('',(#7201),#7204);
#7201 = B_SPLINE_CURVE_WITH_KNOTS('',1,(#7202,#7203),.UNSPECIFIED.,.F.,
  .F.,(2,2),(8.65,19.05),.PIECEWISE_BEZIER_KNOTS.);
#7202 = CARTESIAN_POINT('',(1.5,5.22));
#7203 = CARTESIAN_POINT('',(11.9,5.22));
#7204 = ( GEOMETRIC_REPRESENTATION_CONTEXT(2) 
PARAMETRIC_REPRESENTATION_CONTEXT() REPRESENTATION_CONTEXT('2D SPACE',''
  ) );
#7205 = ORIENTED_EDGE('',*,*,#7206,.F.);
#7206 = EDGE_CURVE('',#7207,#7186,#7209,.T.);
#7207 = VERTEX_POINT('',#7208);
#7208 = CARTESIAN_POINT('',(21.,8.95,-6.7));
#7209 = SURFACE_CURVE('',#7210,(#7215,#7222),.PCURVE_S1.);
#7210 = CIRCLE('',#7211,1.5);
#7211 = AXIS2_PLACEMENT_3D('',#7212,#7213,#7214);
#7212 = CARTESIAN_POINT('',(21.,8.95,-5.2));
#7213 = DIRECTION('',(1.,0.,0.));
#7214 = DIRECTION('',(-0.,1.,0.));
#7215 = PCURVE('',#5806,#7216);
#7216 = DEFINITIONAL_REPRESENTATION('',(#7217),#7221);
#7217 = CIRCLE('',#7218,1.5);
#7218 = AXIS2_PLACEMENT_2D('',#7219,#7220);
#7219 = CARTESIAN_POINT('',(15.8,-26.35));
#7220 = DIRECTION('',(0.,-1.));
#7221 = ( GEOMETRIC_REPRESENTATION_CONTEXT(2) 
PARAMETRIC_REPRESENTATION_CONTEXT() REPRESENTATION_CONTEXT('2D SPACE',''
  ) );
#7222 = PCURVE('',#6483,#7223);
#7223 = DEFINITIONAL_REPRESENTATION('',(#7224),#7228);
#7224 = LINE('',#7225,#7226);
#7225 = CARTESIAN_POINT('',(-6.28318530718,5.22));
#7226 = VECTOR('',#7227,1.);
#7227 = DIRECTION('',(1.,-0.));
#7228 = ( GEOMETRIC_REPRESENTATION_CONTEXT(2) 
PARAMETRIC_REPRESENTATION_CONTEXT() REPRESENTATION_CONTEXT('2D SPACE',''
  ) );
#7229 = ORIENTED_EDGE('',*,*,#7230,.T.);
#7230 = EDGE_CURVE('',#7207,#7072,#7231,.T.);
#7231 = SURFACE_CURVE('',#7232,(#7236,#7242),.PCURVE_S1.);
#7232 = LINE('',#7233,#7234);
#7233 = CARTESIAN_POINT('',(21.,-13.925,-6.7));
#7234 = VECTOR('',#7235,1.);
#7235 = DIRECTION('',(0.,-1.,0.));
#7236 = PCURVE('',#5806,#7237);
#7237 = DEFINITIONAL_REPRESENTATION('',(#7238),#7241);
#7238 = B_SPLINE_CURVE_WITH_KNOTS('',1,(#7239,#7240),.UNSPECIFIED.,.F.,
  .F.,(2,2),(-22.875,-4.975),.PIECEWISE_BEZIER_KNOTS.);
#7239 = CARTESIAN_POINT('',(14.3,-26.35));
#7240 = CARTESIAN_POINT('',(14.3,-8.45));
#7241 = ( GEOMETRIC_REPRESENTATION_CONTEXT(2) 
PARAMETRIC_REPRESENTATION_CONTEXT() REPRESENTATION_CONTEXT('2D SPACE',''
  ) );
#7242 = PCURVE('',#6508,#7243);
#7243 = DEFINITIONAL_REPRESENTATION('',(#7244),#7247);
#7244 = B_SPLINE_CURVE_WITH_KNOTS('',1,(#7245,#7246),.UNSPECIFIED.,.F.,
  .F.,(2,2),(-22.875,-4.975),.PIECEWISE_BEZIER_KNOTS.);
#7245 = CARTESIAN_POINT('',(5.22,19.4));
#7246 = CARTESIAN_POINT('',(5.22,1.5));
#7247 = ( GEOMETRIC_REPRESENTATION_CONTEXT(2) 
PARAMETRIC_REPRESENTATION_CONTEXT() REPRESENTATION_CONTEXT('2D SPACE',''
  ) );
#7248 = FACE_BOUND('',#7249,.T.);
#7249 = EDGE_LOOP('',(#7250));
#7250 = ORIENTED_EDGE('',*,*,#7251,.T.);
#7251 = EDGE_CURVE('',#7252,#7252,#7254,.T.);
#7252 = VERTEX_POINT('',#7253);
#7253 = CARTESIAN_POINT('',(21.,-12.4,0.));
#7254 = SURFACE_CURVE('',#7255,(#7260,#7271),.PCURVE_S1.);
#7255 = CIRCLE('',#7256,0.8);
#7256 = AXIS2_PLACEMENT_3D('',#7257,#7258,#7259);
#7257 = CARTESIAN_POINT('',(21.,-13.2,0.));
#7258 = DIRECTION('',(-1.,0.,0.));
#7259 = DIRECTION('',(0.,1.,0.));
#7260 = PCURVE('',#5806,#7261);
#7261 = DEFINITIONAL_REPRESENTATION('',(#7262),#7270);
#7262 = ( BOUNDED_CURVE() B_SPLINE_CURVE(2,(#7263,#7264,#7265,#7266,
#7267,#7268,#7269),.UNSPECIFIED.,.T.,.F.) B_SPLINE_CURVE_WITH_KNOTS((1,2
    ,2,2,2,1),(-2.094395102393,0.,2.094395102393,4.188790204786,
6.28318530718,8.377580409573),.UNSPECIFIED.) CURVE() 
GEOMETRIC_REPRESENTATION_ITEM() RATIONAL_B_SPLINE_CURVE((1.,0.5,1.,0.5,
1.,0.5,1.)) REPRESENTATION_ITEM('') );
#7263 = CARTESIAN_POINT('',(21.,-5.));
#7264 = CARTESIAN_POINT('',(19.614359353945,-5.));
#7265 = CARTESIAN_POINT('',(20.307179676972,-3.8));
#7266 = CARTESIAN_POINT('',(21.,-2.6));
#7267 = CARTESIAN_POINT('',(21.692820323028,-3.8));
#7268 = CARTESIAN_POINT('',(22.385640646055,-5.));
#7269 = CARTESIAN_POINT('',(21.,-5.));
#7270 = ( GEOMETRIC_REPRESENTATION_CONTEXT(2) 
PARAMETRIC_REPRESENTATION_CONTEXT() REPRESENTATION_CONTEXT('2D SPACE',''
  ) );
#7271 = PCURVE('',#7272,#7277);
#7272 = CYLINDRICAL_SURFACE('',#7273,0.8);
#7273 = AXIS2_PLACEMENT_3D('',#7274,#7275,#7276);
#7274 = CARTESIAN_POINT('',(16.5,-13.2,0.));
#7275 = DIRECTION('',(-1.,-0.,-0.));
#7276 = DIRECTION('',(0.,1.,0.));
#7277 = DEFINITIONAL_REPRESENTATION('',(#7278),#7282);
#7278 = LINE('',#7279,#7280);
#7279 = CARTESIAN_POINT('',(-6.28318530718,-4.5));
#7280 = VECTOR('',#7281,1.);
#7281 = DIRECTION('',(1.,-0.));
#7282 = ( GEOMETRIC_REPRESENTATION_CONTEXT(2) 
PARAMETRIC_REPRESENTATION_CONTEXT() REPRESENTATION_CONTEXT('2D SPACE',''
  ) );
#7283 = ADVANCED_FACE('',(#7284),#6180,.F.);
#7284 = FACE_BOUND('',#7285,.F.);
#7285 = EDGE_LOOP('',(#7286,#7287,#7308,#7309));
#7286 = ORIENTED_EDGE('',*,*,#6163,.T.);
#7287 = ORIENTED_EDGE('',*,*,#7288,.T.);
#7288 = EDGE_CURVE('',#6166,#6968,#7289,.T.);
#7289 = SURFACE_CURVE('',#7290,(#7294,#7301),.PCURVE_S1.);
#7290 = LINE('',#7291,#7292);
#7291 = CARTESIAN_POINT('',(15.78,-6.39,-7.8));
#7292 = VECTOR('',#7293,1.);
#7293 = DIRECTION('',(1.,0.,0.));
#7294 = PCURVE('',#6180,#7295);
#7295 = DEFINITIONAL_REPRESENTATION('',(#7296),#7300);
#7296 = LINE('',#7297,#7298);
#7297 = CARTESIAN_POINT('',(0.,0.));
#7298 = VECTOR('',#7299,1.);
#7299 = DIRECTION('',(1.,0.));
#7300 = ( GEOMETRIC_REPRESENTATION_CONTEXT(2) 
PARAMETRIC_REPRESENTATION_CONTEXT() REPRESENTATION_CONTEXT('2D SPACE',''
  ) );
#7301 = PCURVE('',#6286,#7302);
#7302 = DEFINITIONAL_REPRESENTATION('',(#7303),#7307);
#7303 = LINE('',#7304,#7305);
#7304 = CARTESIAN_POINT('',(3.,0.));
#7305 = VECTOR('',#7306,1.);
#7306 = DIRECTION('',(0.,1.));
#7307 = ( GEOMETRIC_REPRESENTATION_CONTEXT(2) 
PARAMETRIC_REPRESENTATION_CONTEXT() REPRESENTATION_CONTEXT('2D SPACE',''
  ) );
#7308 = ORIENTED_EDGE('',*,*,#6965,.F.);
#7309 = ORIENTED_EDGE('',*,*,#7310,.F.);
#7310 = EDGE_CURVE('',#6164,#6966,#7311,.T.);
#7311 = SURFACE_CURVE('',#7312,(#7316,#7323),.PCURVE_S1.);
#7312 = LINE('',#7313,#7314);
#7313 = CARTESIAN_POINT('',(15.78,6.39,-7.8));
#7314 = VECTOR('',#7315,1.);
#7315 = DIRECTION('',(1.,0.,0.));
#7316 = PCURVE('',#6180,#7317);
#7317 = DEFINITIONAL_REPRESENTATION('',(#7318),#7322);
#7318 = LINE('',#7319,#7320);
#7319 = CARTESIAN_POINT('',(0.,12.78));
#7320 = VECTOR('',#7321,1.);
#7321 = DIRECTION('',(1.,0.));
#7322 = ( GEOMETRIC_REPRESENTATION_CONTEXT(2) 
PARAMETRIC_REPRESENTATION_CONTEXT() REPRESENTATION_CONTEXT('2D SPACE',''
  ) );
#7323 = PCURVE('',#6206,#7324);
#7324 = DEFINITIONAL_REPRESENTATION('',(#7325),#7329);
#7325 = LINE('',#7326,#7327);
#7326 = CARTESIAN_POINT('',(3.,0.));
#7327 = VECTOR('',#7328,1.);
#7328 = DIRECTION('',(0.,1.));
#7329 = ( GEOMETRIC_REPRESENTATION_CONTEXT(2) 
PARAMETRIC_REPRESENTATION_CONTEXT() REPRESENTATION_CONTEXT('2D SPACE',''
  ) );
#7330 = ADVANCED_FACE('',(#7331),#6286,.T.);
#7331 = FACE_BOUND('',#7332,.T.);
#7332 = EDGE_LOOP('',(#7333,#7334,#7335,#7336));
#7333 = ORIENTED_EDGE('',*,*,#7048,.F.);
#7334 = ORIENTED_EDGE('',*,*,#6848,.T.);
#7335 = ORIENTED_EDGE('',*,*,#6273,.T.);
#7336 = ORIENTED_EDGE('',*,*,#7288,.T.);
#7337 = ADVANCED_FACE('',(#7338),#6206,.F.);
#7338 = FACE_BOUND('',#7339,.F.);
#7339 = EDGE_LOOP('',(#7340,#7341,#7342,#7343));
#7340 = ORIENTED_EDGE('',*,*,#6988,.F.);
#7341 = ORIENTED_EDGE('',*,*,#6552,.T.);
#7342 = ORIENTED_EDGE('',*,*,#6191,.T.);
#7343 = ORIENTED_EDGE('',*,*,#7310,.T.);
#7344 = ADVANCED_FACE('',(#7345),#6318,.F.);
#7345 = FACE_BOUND('',#7346,.F.);
#7346 = EDGE_LOOP('',(#7347,#7368,#7369,#7390));
#7347 = ORIENTED_EDGE('',*,*,#7348,.F.);
#7348 = EDGE_CURVE('',#6300,#7070,#7349,.T.);
#7349 = SURFACE_CURVE('',#7350,(#7354,#7361),.PCURVE_S1.);
#7350 = LINE('',#7351,#7352);
#7351 = CARTESIAN_POINT('',(15.78,-10.45,-5.2));
#7352 = VECTOR('',#7353,1.);
#7353 = DIRECTION('',(1.,0.,0.));
#7354 = PCURVE('',#6318,#7355);
#7355 = DEFINITIONAL_REPRESENTATION('',(#7356),#7360);
#7356 = LINE('',#7357,#7358);
#7357 = CARTESIAN_POINT('',(0.,0.));
#7358 = VECTOR('',#7359,1.);
#7359 = DIRECTION('',(0.,1.));
#7360 = ( GEOMETRIC_REPRESENTATION_CONTEXT(2) 
PARAMETRIC_REPRESENTATION_CONTEXT() REPRESENTATION_CONTEXT('2D SPACE',''
  ) );
#7361 = PCURVE('',#6345,#7362);
#7362 = DEFINITIONAL_REPRESENTATION('',(#7363),#7367);
#7363 = LINE('',#7364,#7365);
#7364 = CARTESIAN_POINT('',(1.5,0.));
#7365 = VECTOR('',#7366,1.);
#7366 = DIRECTION('',(0.,1.));
#7367 = ( GEOMETRIC_REPRESENTATION_CONTEXT(2) 
PARAMETRIC_REPRESENTATION_CONTEXT() REPRESENTATION_CONTEXT('2D SPACE',''
  ) );
#7368 = ORIENTED_EDGE('',*,*,#6299,.T.);
#7369 = ORIENTED_EDGE('',*,*,#7370,.T.);
#7370 = EDGE_CURVE('',#6302,#7072,#7371,.T.);
#7371 = SURFACE_CURVE('',#7372,(#7376,#7383),.PCURVE_S1.);
#7372 = LINE('',#7373,#7374);
#7373 = CARTESIAN_POINT('',(15.78,-8.95,-6.7));
#7374 = VECTOR('',#7375,1.);
#7375 = DIRECTION('',(1.,0.,0.));
#7376 = PCURVE('',#6318,#7377);
#7377 = DEFINITIONAL_REPRESENTATION('',(#7378),#7382);
#7378 = LINE('',#7379,#7380);
#7379 = CARTESIAN_POINT('',(1.570796326795,0.));
#7380 = VECTOR('',#7381,1.);
#7381 = DIRECTION('',(0.,1.));
#7382 = ( GEOMETRIC_REPRESENTATION_CONTEXT(2) 
PARAMETRIC_REPRESENTATION_CONTEXT() REPRESENTATION_CONTEXT('2D SPACE',''
  ) );
#7383 = PCURVE('',#6508,#7384);
#7384 = DEFINITIONAL_REPRESENTATION('',(#7385),#7389);
#7385 = LINE('',#7386,#7387);
#7386 = CARTESIAN_POINT('',(0.,1.5));
#7387 = VECTOR('',#7388,1.);
#7388 = DIRECTION('',(1.,0.));
#7389 = ( GEOMETRIC_REPRESENTATION_CONTEXT(2) 
PARAMETRIC_REPRESENTATION_CONTEXT() REPRESENTATION_CONTEXT('2D SPACE',''
  ) );
#7390 = ORIENTED_EDGE('',*,*,#7069,.F.);
#7391 = ADVANCED_FACE('',(#7392),#6345,.T.);
#7392 = FACE_BOUND('',#7393,.T.);
#7393 = EDGE_LOOP('',(#7394,#7395,#7396,#7397));
#7394 = ORIENTED_EDGE('',*,*,#7095,.F.);
#7395 = ORIENTED_EDGE('',*,*,#7348,.F.);
#7396 = ORIENTED_EDGE('',*,*,#6330,.T.);
#7397 = ORIENTED_EDGE('',*,*,#7398,.T.);
#7398 = EDGE_CURVE('',#6331,#7096,#7399,.T.);
#7399 = SURFACE_CURVE('',#7400,(#7404,#7411),.PCURVE_S1.);
#7400 = LINE('',#7401,#7402);
#7401 = CARTESIAN_POINT('',(15.78,-10.45,5.2));
#7402 = VECTOR('',#7403,1.);
#7403 = DIRECTION('',(1.,0.,0.));
#7404 = PCURVE('',#6345,#7405);
#7405 = DEFINITIONAL_REPRESENTATION('',(#7406),#7410);
#7406 = LINE('',#7407,#7408);
#7407 = CARTESIAN_POINT('',(11.9,0.));
#7408 = VECTOR('',#7409,1.);
#7409 = DIRECTION('',(0.,1.));
#7410 = ( GEOMETRIC_REPRESENTATION_CONTEXT(2) 
PARAMETRIC_REPRESENTATION_CONTEXT() REPRESENTATION_CONTEXT('2D SPACE',''
  ) );
#7411 = PCURVE('',#6373,#7412);
#7412 = DEFINITIONAL_REPRESENTATION('',(#7413),#7417);
#7413 = LINE('',#7414,#7415);
#7414 = CARTESIAN_POINT('',(-0.,0.));
#7415 = VECTOR('',#7416,1.);
#7416 = DIRECTION('',(-0.,1.));
#7417 = ( GEOMETRIC_REPRESENTATION_CONTEXT(2) 
PARAMETRIC_REPRESENTATION_CONTEXT() REPRESENTATION_CONTEXT('2D SPACE',''
  ) );
#7418 = ADVANCED_FACE('',(#7419),#6508,.T.);
#7419 = FACE_BOUND('',#7420,.T.);
#7420 = EDGE_LOOP('',(#7421,#7422,#7423,#7424));
#7421 = ORIENTED_EDGE('',*,*,#6495,.T.);
#7422 = ORIENTED_EDGE('',*,*,#7370,.T.);
#7423 = ORIENTED_EDGE('',*,*,#7230,.F.);
#7424 = ORIENTED_EDGE('',*,*,#7425,.F.);
#7425 = EDGE_CURVE('',#6467,#7207,#7426,.T.);
#7426 = SURFACE_CURVE('',#7427,(#7431,#7438),.PCURVE_S1.);
#7427 = LINE('',#7428,#7429);
#7428 = CARTESIAN_POINT('',(15.78,8.95,-6.7));
#7429 = VECTOR('',#7430,1.);
#7430 = DIRECTION('',(1.,0.,0.));
#7431 = PCURVE('',#6508,#7432);
#7432 = DEFINITIONAL_REPRESENTATION('',(#7433),#7437);
#7433 = LINE('',#7434,#7435);
#7434 = CARTESIAN_POINT('',(0.,19.4));
#7435 = VECTOR('',#7436,1.);
#7436 = DIRECTION('',(1.,0.));
#7437 = ( GEOMETRIC_REPRESENTATION_CONTEXT(2) 
PARAMETRIC_REPRESENTATION_CONTEXT() REPRESENTATION_CONTEXT('2D SPACE',''
  ) );
#7438 = PCURVE('',#6483,#7439);
#7439 = DEFINITIONAL_REPRESENTATION('',(#7440),#7444);
#7440 = LINE('',#7441,#7442);
#7441 = CARTESIAN_POINT('',(-1.570796326795,0.));
#7442 = VECTOR('',#7443,1.);
#7443 = DIRECTION('',(-0.,1.));
#7444 = ( GEOMETRIC_REPRESENTATION_CONTEXT(2) 
PARAMETRIC_REPRESENTATION_CONTEXT() REPRESENTATION_CONTEXT('2D SPACE',''
  ) );
#7445 = ADVANCED_FACE('',(#7446),#6373,.F.);
#7446 = FACE_BOUND('',#7447,.T.);
#7447 = EDGE_LOOP('',(#7448,#7449,#7450,#7471));
#7448 = ORIENTED_EDGE('',*,*,#7398,.F.);
#7449 = ORIENTED_EDGE('',*,*,#6356,.F.);
#7450 = ORIENTED_EDGE('',*,*,#7451,.T.);
#7451 = EDGE_CURVE('',#6357,#7117,#7452,.T.);
#7452 = SURFACE_CURVE('',#7453,(#7457,#7464),.PCURVE_S1.);
#7453 = LINE('',#7454,#7455);
#7454 = CARTESIAN_POINT('',(15.78,-8.95,6.7));
#7455 = VECTOR('',#7456,1.);
#7456 = DIRECTION('',(1.,0.,0.));
#7457 = PCURVE('',#6373,#7458);
#7458 = DEFINITIONAL_REPRESENTATION('',(#7459),#7463);
#7459 = LINE('',#7460,#7461);
#7460 = CARTESIAN_POINT('',(-1.570796326795,0.));
#7461 = VECTOR('',#7462,1.);
#7462 = DIRECTION('',(-0.,1.));
#7463 = ( GEOMETRIC_REPRESENTATION_CONTEXT(2) 
PARAMETRIC_REPRESENTATION_CONTEXT() REPRESENTATION_CONTEXT('2D SPACE',''
  ) );
#7464 = PCURVE('',#6400,#7465);
#7465 = DEFINITIONAL_REPRESENTATION('',(#7466),#7470);
#7466 = LINE('',#7467,#7468);
#7467 = CARTESIAN_POINT('',(0.,1.5));
#7468 = VECTOR('',#7469,1.);
#7469 = DIRECTION('',(1.,0.));
#7470 = ( GEOMETRIC_REPRESENTATION_CONTEXT(2) 
PARAMETRIC_REPRESENTATION_CONTEXT() REPRESENTATION_CONTEXT('2D SPACE',''
  ) );
#7471 = ORIENTED_EDGE('',*,*,#7116,.T.);
#7472 = ADVANCED_FACE('',(#7473),#6483,.F.);
#7473 = FACE_BOUND('',#7474,.T.);
#7474 = EDGE_LOOP('',(#7475,#7496,#7497,#7498));
#7475 = ORIENTED_EDGE('',*,*,#7476,.F.);
#7476 = EDGE_CURVE('',#6441,#7186,#7477,.T.);
#7477 = SURFACE_CURVE('',#7478,(#7482,#7489),.PCURVE_S1.);
#7478 = LINE('',#7479,#7480);
#7479 = CARTESIAN_POINT('',(15.78,10.45,-5.2));
#7480 = VECTOR('',#7481,1.);
#7481 = DIRECTION('',(1.,0.,0.));
#7482 = PCURVE('',#6483,#7483);
#7483 = DEFINITIONAL_REPRESENTATION('',(#7484),#7488);
#7484 = LINE('',#7485,#7486);
#7485 = CARTESIAN_POINT('',(-0.,0.));
#7486 = VECTOR('',#7487,1.);
#7487 = DIRECTION('',(-0.,1.));
#7488 = ( GEOMETRIC_REPRESENTATION_CONTEXT(2) 
PARAMETRIC_REPRESENTATION_CONTEXT() REPRESENTATION_CONTEXT('2D SPACE',''
  ) );
#7489 = PCURVE('',#6455,#7490);
#7490 = DEFINITIONAL_REPRESENTATION('',(#7491),#7495);
#7491 = LINE('',#7492,#7493);
#7492 = CARTESIAN_POINT('',(1.5,0.));
#7493 = VECTOR('',#7494,1.);
#7494 = DIRECTION('',(0.,1.));
#7495 = ( GEOMETRIC_REPRESENTATION_CONTEXT(2) 
PARAMETRIC_REPRESENTATION_CONTEXT() REPRESENTATION_CONTEXT('2D SPACE',''
  ) );
#7496 = ORIENTED_EDGE('',*,*,#6466,.F.);
#7497 = ORIENTED_EDGE('',*,*,#7425,.T.);
#7498 = ORIENTED_EDGE('',*,*,#7206,.T.);
#7499 = ADVANCED_FACE('',(#7500),#6400,.F.);
#7500 = FACE_BOUND('',#7501,.F.);
#7501 = EDGE_LOOP('',(#7502,#7503,#7504,#7505));
#7502 = ORIENTED_EDGE('',*,*,#6385,.T.);
#7503 = ORIENTED_EDGE('',*,*,#7451,.T.);
#7504 = ORIENTED_EDGE('',*,*,#7140,.F.);
#7505 = ORIENTED_EDGE('',*,*,#7506,.F.);
#7506 = EDGE_CURVE('',#6386,#7141,#7507,.T.);
#7507 = SURFACE_CURVE('',#7508,(#7512,#7519),.PCURVE_S1.);
#7508 = LINE('',#7509,#7510);
#7509 = CARTESIAN_POINT('',(15.78,8.95,6.7));
#7510 = VECTOR('',#7511,1.);
#7511 = DIRECTION('',(1.,0.,0.));
#7512 = PCURVE('',#6400,#7513);
#7513 = DEFINITIONAL_REPRESENTATION('',(#7514),#7518);
#7514 = LINE('',#7515,#7516);
#7515 = CARTESIAN_POINT('',(0.,19.4));
#7516 = VECTOR('',#7517,1.);
#7517 = DIRECTION('',(1.,0.));
#7518 = ( GEOMETRIC_REPRESENTATION_CONTEXT(2) 
PARAMETRIC_REPRESENTATION_CONTEXT() REPRESENTATION_CONTEXT('2D SPACE',''
  ) );
#7519 = PCURVE('',#6428,#7520);
#7520 = DEFINITIONAL_REPRESENTATION('',(#7521),#7525);
#7521 = LINE('',#7522,#7523);
#7522 = CARTESIAN_POINT('',(1.570796326795,0.));
#7523 = VECTOR('',#7524,1.);
#7524 = DIRECTION('',(0.,1.));
#7525 = ( GEOMETRIC_REPRESENTATION_CONTEXT(2) 
PARAMETRIC_REPRESENTATION_CONTEXT() REPRESENTATION_CONTEXT('2D SPACE',''
  ) );
#7526 = ADVANCED_FACE('',(#7527),#6455,.F.);
#7527 = FACE_BOUND('',#7528,.F.);
#7528 = EDGE_LOOP('',(#7529,#7530,#7531,#7532));
#7529 = ORIENTED_EDGE('',*,*,#7185,.F.);
#7530 = ORIENTED_EDGE('',*,*,#7476,.F.);
#7531 = ORIENTED_EDGE('',*,*,#6440,.T.);
#7532 = ORIENTED_EDGE('',*,*,#7533,.T.);
#7533 = EDGE_CURVE('',#6412,#7162,#7534,.T.);
#7534 = SURFACE_CURVE('',#7535,(#7539,#7546),.PCURVE_S1.);
#7535 = LINE('',#7536,#7537);
#7536 = CARTESIAN_POINT('',(15.78,10.45,5.2));
#7537 = VECTOR('',#7538,1.);
#7538 = DIRECTION('',(1.,0.,0.));
#7539 = PCURVE('',#6455,#7540);
#7540 = DEFINITIONAL_REPRESENTATION('',(#7541),#7545);
#7541 = LINE('',#7542,#7543);
#7542 = CARTESIAN_POINT('',(11.9,0.));
#7543 = VECTOR('',#7544,1.);
#7544 = DIRECTION('',(0.,1.));
#7545 = ( GEOMETRIC_REPRESENTATION_CONTEXT(2) 
PARAMETRIC_REPRESENTATION_CONTEXT() REPRESENTATION_CONTEXT('2D SPACE',''
  ) );
#7546 = PCURVE('',#6428,#7547);
#7547 = DEFINITIONAL_REPRESENTATION('',(#7548),#7552);
#7548 = LINE('',#7549,#7550);
#7549 = CARTESIAN_POINT('',(0.,0.));
#7550 = VECTOR('',#7551,1.);
#7551 = DIRECTION('',(0.,1.));
#7552 = ( GEOMETRIC_REPRESENTATION_CONTEXT(2) 
PARAMETRIC_REPRESENTATION_CONTEXT() REPRESENTATION_CONTEXT('2D SPACE',''
  ) );
#7553 = ADVANCED_FACE('',(#7554),#6428,.F.);
#7554 = FACE_BOUND('',#7555,.F.);
#7555 = EDGE_LOOP('',(#7556,#7557,#7558,#7559));
#7556 = ORIENTED_EDGE('',*,*,#7533,.F.);
#7557 = ORIENTED_EDGE('',*,*,#6411,.T.);
#7558 = ORIENTED_EDGE('',*,*,#7506,.T.);
#7559 = ORIENTED_EDGE('',*,*,#7161,.F.);
#7560 = ADVANCED_FACE('',(#7561),#6614,.F.);
#7561 = FACE_BOUND('',#7562,.F.);
#7562 = EDGE_LOOP('',(#7563,#7564,#7565,#7566));
#7563 = ORIENTED_EDGE('',*,*,#7008,.F.);
#7564 = ORIENTED_EDGE('',*,*,#6673,.F.);
#7565 = ORIENTED_EDGE('',*,*,#6651,.T.);
#7566 = ORIENTED_EDGE('',*,*,#6601,.F.);
#7567 = ADVANCED_FACE('',(#7568),#6755,.T.);
#7568 = FACE_BOUND('',#7569,.T.);
#7569 = EDGE_LOOP('',(#7570,#7571,#7572,#7573));
#7570 = ORIENTED_EDGE('',*,*,#7028,.F.);
#7571 = ORIENTED_EDGE('',*,*,#6739,.F.);
#7572 = ORIENTED_EDGE('',*,*,#6823,.T.);
#7573 = ORIENTED_EDGE('',*,*,#6897,.F.);
#7574 = ADVANCED_FACE('',(#7575),#6951,.F.);
#7575 = FACE_BOUND('',#7576,.T.);
#7576 = EDGE_LOOP('',(#7577,#7606,#7627,#7628));
#7577 = ORIENTED_EDGE('',*,*,#7578,.F.);
#7578 = EDGE_CURVE('',#7579,#7579,#7581,.T.);
#7579 = VERTEX_POINT('',#7580);
#7580 = CARTESIAN_POINT('',(16.5,21.2,0.));
#7581 = SURFACE_CURVE('',#7582,(#7587,#7594),.PCURVE_S1.);
#7582 = CIRCLE('',#7583,0.8);
#7583 = AXIS2_PLACEMENT_3D('',#7584,#7585,#7586);
#7584 = CARTESIAN_POINT('',(16.5,20.4,0.));
#7585 = DIRECTION('',(1.,0.,0.));
#7586 = DIRECTION('',(0.,1.,0.));
#7587 = PCURVE('',#6951,#7588);
#7588 = DEFINITIONAL_REPRESENTATION('',(#7589),#7593);
#7589 = LINE('',#7590,#7591);
#7590 = CARTESIAN_POINT('',(-0.,0.));
#7591 = VECTOR('',#7592,1.);
#7592 = DIRECTION('',(-1.,0.));
#7593 = ( GEOMETRIC_REPRESENTATION_CONTEXT(2) 
PARAMETRIC_REPRESENTATION_CONTEXT() REPRESENTATION_CONTEXT('2D SPACE',''
  ) );
#7594 = PCURVE('',#7595,#7600);
#7595 = PLANE('',#7596);
#7596 = AXIS2_PLACEMENT_3D('',#7597,#7598,#7599);
#7597 = CARTESIAN_POINT('',(16.5,20.4,7.417401237738E-17));
#7598 = DIRECTION('',(1.,0.,0.));
#7599 = DIRECTION('',(-0.,0.,1.));
#7600 = DEFINITIONAL_REPRESENTATION('',(#7601),#7605);
#7601 = CIRCLE('',#7602,0.8);
#7602 = AXIS2_PLACEMENT_2D('',#7603,#7604);
#7603 = CARTESIAN_POINT('',(-7.417401237738E-17,0.));
#7604 = DIRECTION('',(0.,-1.));
#7605 = ( GEOMETRIC_REPRESENTATION_CONTEXT(2) 
PARAMETRIC_REPRESENTATION_CONTEXT() REPRESENTATION_CONTEXT('2D SPACE',''
  ) );
#7606 = ORIENTED_EDGE('',*,*,#7607,.T.);
#7607 = EDGE_CURVE('',#7579,#6931,#7608,.T.);
#7608 = SEAM_CURVE('',#7609,(#7613,#7620),.PCURVE_S1.);
#7609 = LINE('',#7610,#7611);
#7610 = CARTESIAN_POINT('',(16.5,21.2,0.));
#7611 = VECTOR('',#7612,1.);
#7612 = DIRECTION('',(1.,0.,0.));
#7613 = PCURVE('',#6951,#7614);
#7614 = DEFINITIONAL_REPRESENTATION('',(#7615),#7619);
#7615 = LINE('',#7616,#7617);
#7616 = CARTESIAN_POINT('',(-6.28318530718,0.));
#7617 = VECTOR('',#7618,1.);
#7618 = DIRECTION('',(-0.,-1.));
#7619 = ( GEOMETRIC_REPRESENTATION_CONTEXT(2) 
PARAMETRIC_REPRESENTATION_CONTEXT() REPRESENTATION_CONTEXT('2D SPACE',''
  ) );
#7620 = PCURVE('',#6951,#7621);
#7621 = DEFINITIONAL_REPRESENTATION('',(#7622),#7626);
#7622 = LINE('',#7623,#7624);
#7623 = CARTESIAN_POINT('',(-0.,0.));
#7624 = VECTOR('',#7625,1.);
#7625 = DIRECTION('',(-0.,-1.));
#7626 = ( GEOMETRIC_REPRESENTATION_CONTEXT(2) 
PARAMETRIC_REPRESENTATION_CONTEXT() REPRESENTATION_CONTEXT('2D SPACE',''
  ) );
#7627 = ORIENTED_EDGE('',*,*,#6930,.F.);
#7628 = ORIENTED_EDGE('',*,*,#7607,.F.);
#7629 = ADVANCED_FACE('',(#7630),#7272,.F.);
#7630 = FACE_BOUND('',#7631,.T.);
#7631 = EDGE_LOOP('',(#7632,#7661,#7682,#7683));
#7632 = ORIENTED_EDGE('',*,*,#7633,.F.);
#7633 = EDGE_CURVE('',#7634,#7634,#7636,.T.);
#7634 = VERTEX_POINT('',#7635);
#7635 = CARTESIAN_POINT('',(16.5,-12.4,0.));
#7636 = SURFACE_CURVE('',#7637,(#7642,#7649),.PCURVE_S1.);
#7637 = CIRCLE('',#7638,0.8);
#7638 = AXIS2_PLACEMENT_3D('',#7639,#7640,#7641);
#7639 = CARTESIAN_POINT('',(16.5,-13.2,0.));
#7640 = DIRECTION('',(1.,0.,0.));
#7641 = DIRECTION('',(0.,1.,0.));
#7642 = PCURVE('',#7272,#7643);
#7643 = DEFINITIONAL_REPRESENTATION('',(#7644),#7648);
#7644 = LINE('',#7645,#7646);
#7645 = CARTESIAN_POINT('',(-0.,0.));
#7646 = VECTOR('',#7647,1.);
#7647 = DIRECTION('',(-1.,0.));
#7648 = ( GEOMETRIC_REPRESENTATION_CONTEXT(2) 
PARAMETRIC_REPRESENTATION_CONTEXT() REPRESENTATION_CONTEXT('2D SPACE',''
  ) );
#7649 = PCURVE('',#7650,#7655);
#7650 = PLANE('',#7651);
#7651 = AXIS2_PLACEMENT_3D('',#7652,#7653,#7654);
#7652 = CARTESIAN_POINT('',(16.5,-13.2,7.417401237738E-17));
#7653 = DIRECTION('',(1.,0.,0.));
#7654 = DIRECTION('',(-0.,0.,1.));
#7655 = DEFINITIONAL_REPRESENTATION('',(#7656),#7660);
#7656 = CIRCLE('',#7657,0.8);
#7657 = AXIS2_PLACEMENT_2D('',#7658,#7659);
#7658 = CARTESIAN_POINT('',(-7.417401237738E-17,0.));
#7659 = DIRECTION('',(0.,-1.));
#7660 = ( GEOMETRIC_REPRESENTATION_CONTEXT(2) 
PARAMETRIC_REPRESENTATION_CONTEXT() REPRESENTATION_CONTEXT('2D SPACE',''
  ) );
#7661 = ORIENTED_EDGE('',*,*,#7662,.T.);
#7662 = EDGE_CURVE('',#7634,#7252,#7663,.T.);
#7663 = SEAM_CURVE('',#7664,(#7668,#7675),.PCURVE_S1.);
#7664 = LINE('',#7665,#7666);
#7665 = CARTESIAN_POINT('',(16.5,-12.4,0.));
#7666 = VECTOR('',#7667,1.);
#7667 = DIRECTION('',(1.,0.,0.));
#7668 = PCURVE('',#7272,#7669);
#7669 = DEFINITIONAL_REPRESENTATION('',(#7670),#7674);
#7670 = LINE('',#7671,#7672);
#7671 = CARTESIAN_POINT('',(-6.28318530718,0.));
#7672 = VECTOR('',#7673,1.);
#7673 = DIRECTION('',(-0.,-1.));
#7674 = ( GEOMETRIC_REPRESENTATION_CONTEXT(2) 
PARAMETRIC_REPRESENTATION_CONTEXT() REPRESENTATION_CONTEXT('2D SPACE',''
  ) );
#7675 = PCURVE('',#7272,#7676);
#7676 = DEFINITIONAL_REPRESENTATION('',(#7677),#7681);
#7677 = LINE('',#7678,#7679);
#7678 = CARTESIAN_POINT('',(-0.,0.));
#7679 = VECTOR('',#7680,1.);
#7680 = DIRECTION('',(-0.,-1.));
#7681 = ( GEOMETRIC_REPRESENTATION_CONTEXT(2) 
PARAMETRIC_REPRESENTATION_CONTEXT() REPRESENTATION_CONTEXT('2D SPACE',''
  ) );
#7682 = ORIENTED_EDGE('',*,*,#7251,.F.);
#7683 = ORIENTED_EDGE('',*,*,#7662,.F.);
#7684 = ADVANCED_FACE('',(#7685),#7595,.T.);
#7685 = FACE_BOUND('',#7686,.T.);
#7686 = EDGE_LOOP('',(#7687));
#7687 = ORIENTED_EDGE('',*,*,#7578,.T.);
#7688 = ADVANCED_FACE('',(#7689),#7650,.T.);
#7689 = FACE_BOUND('',#7690,.T.);
#7690 = EDGE_LOOP('',(#7691));
#7691 = ORIENTED_EDGE('',*,*,#7633,.T.);
#7692 = ( GEOMETRIC_REPRESENTATION_CONTEXT(3) 
GLOBAL_UNCERTAINTY_ASSIGNED_CONTEXT((#7696)) 
GLOBAL_UNIT_ASSIGNED_CONTEXT((#7693,#7694,#7695)) REPRESENTATION_CONTEXT
('Context #1','3D Context with UNIT and UNCERTAINTY') );
#7693 = ( LENGTH_UNIT() NAMED_UNIT(*) SI_UNIT(.MILLI.,.METRE.) );
#7694 = ( NAMED_UNIT(*) PLANE_ANGLE_UNIT() SI_UNIT($,.RADIAN.) );
#7695 = ( NAMED_UNIT(*) SI_UNIT($,.STERADIAN.) SOLID_ANGLE_UNIT() );
#7696 = UNCERTAINTY_MEASURE_WITH_UNIT(LENGTH_MEASURE(1.E-06),#7693,
  'distance_accuracy_value','confusion accuracy');
#7697 = PRODUCT_RELATED_PRODUCT_CATEGORY('part',$,(#7));
ENDSEC;
END-ISO-10303-21;
